key,variant,variant_name,tier,capital_usd,n_markets,case,scenario,horizon_years,cash_model,central_retenu,A_sharpe_2010,h_tier,sharpe_forward,vol,margin_share_nav,cash_at_ibkr_share_nav,n_seeds,n_paths_total,metric,value,seed_sd
v1_100k,v1,1. Montant fixe,100k,100000,13,commune,pess,5,expo_brute,False,0.066005,0.4987282429804,-0.1670814423220787,0.38963,0.1017170440702665,0.5185111466701455,4,40000,cagr_med,-0.12888554733730984,0.0012145315262950193
v1_100k,v1,1. Montant fixe,100k,100000,13,commune,central,5,expo_brute,False,0.066005,0.4987282429804,0.0329185576779213,0.38963,0.1017170440702665,0.5185111466701455,4,40000,cagr_med,-0.0562453580206086,0.0013592618743369185
v1_100k,v1,1. Montant fixe,100k,100000,13,commune,opt,5,expo_brute,False,0.066005,0.4987282429804,0.2329185576779213,0.38963,0.1017170440702665,0.5185111466701455,4,40000,cagr_med,0.021982770067064124,0.0014294123691431255
v1_250k,v1,1. Montant fixe,250k,250000,21,commune,pess,5,expo_brute,False,-0.01434,0.5766596986953074,-0.2082693000792907,0.37385,0.1017170440702665,0.5010366929812404,4,40000,cagr_med,-0.13062001041923907,0.0012286718540377194
v1_250k,v1,1. Montant fixe,250k,250000,21,commune,central,5,expo_brute,False,-0.01434,0.5766596986953074,-0.0082693000792907,0.37385,0.1017170440702665,0.5010366929812404,4,40000,cagr_med,-0.062440255629599276,0.0012916218160226442
v1_250k,v1,1. Montant fixe,250k,250000,21,commune,opt,5,expo_brute,False,-0.01434,0.5766596986953074,0.1917306999207093,0.37385,0.1017170440702665,0.5010366929812404,4,40000,cagr_med,0.010871633099141876,0.0013777671438866001
v1_1M,v1,1. Montant fixe,1M,1000000,36,commune,pess,5,expo_brute,False,0.014638,0.7169600892217001,-0.1895051382139728,0.34739,0.1017170440702665,0.472670663086934,4,40000,cagr_med,-0.10700779998050157,0.000705703752892363
v1_1M,v1,1. Montant fixe,1M,1000000,36,commune,central,5,expo_brute,False,0.014638,0.7169600892217001,0.0104948617860272,0.34739,0.1017170440702665,0.472670663086934,4,40000,cagr_med,-0.04259972970618552,0.0007584539402648673
v1_1M,v1,1. Montant fixe,1M,1000000,36,commune,opt,5,expo_brute,False,0.014638,0.7169600892217001,0.2104948617860272,0.34739,0.1017170440702665,0.472670663086934,4,40000,cagr_med,0.0264068926992705,0.0008214188636663351
v2_100k,v2,2. Système actuel,100k,100000,13,commune,pess,5,expo_brute,False,0.25477,0.4987282429804,-0.0729390055358835,0.20601,0.1082974145291847,0.32866995534124,4,40000,cagr_med,-0.02530971730554545,0.0009108290534754222
v2_100k,v2,2. Système actuel,100k,100000,13,commune,central,5,expo_brute,False,0.25477,0.4987282429804,0.1270609944641165,0.20601,0.1082974145291847,0.32866995534124,4,40000,cagr_med,0.0163862883351042,0.0009291333068907045
v2_100k,v2,2. Système actuel,100k,100000,13,commune,opt,5,expo_brute,False,0.25477,0.4987282429804,0.3270609944641165,0.20601,0.1082974145291847,0.32866995534124,4,40000,cagr_med,0.05975142379729645,0.0009712181538312068
v2_250k,v2,2. Système actuel,250k,250000,21,commune,pess,5,expo_brute,False,0.29366,0.5766596986953074,-0.0306581128811361,0.19482,0.1082974145291847,0.3163901094625428,4,40000,cagr_med,-0.0116258163094295,0.0012574109729308952
v2_250k,v2,2. Système actuel,250k,250000,21,commune,central,5,expo_brute,False,0.29366,0.5766596986953074,0.1693418871188639,0.19482,0.1082974145291847,0.3163901094625428,4,40000,cagr_med,0.027883454522972025,0.0013081300197463428
v2_250k,v2,2. Système actuel,250k,250000,21,commune,opt,5,expo_brute,False,0.29366,0.5766596986953074,0.3693418871188639,0.19482,0.1082974145291847,0.3163901094625428,4,40000,cagr_med,0.06893550161277312,0.0013591372274934636
v2_1M,v2,2. Système actuel,1M,1000000,36,commune,pess,5,expo_brute,False,0.26414,0.7169600892217001,-0.0106221620329802,0.20608,0.1082974145291847,0.3283559130667213,4,40000,cagr_med,-0.008088246090012276,0.0007678438989357364
v2_1M,v2,2. Système actuel,1M,1000000,36,commune,central,5,expo_brute,False,0.26414,0.7169600892217001,0.1893778379670198,0.20608,0.1082974145291847,0.3283559130667213,4,40000,cagr_med,0.03371132570827335,0.0007971086576464732
v2_1M,v2,2. Système actuel,1M,1000000,36,commune,opt,5,expo_brute,False,0.26414,0.7169600892217001,0.3893778379670198,0.20608,0.1082974145291847,0.3283559130667213,4,40000,cagr_med,0.07725854554737467,0.0008286982121529486
v3_100k,v3,3. + stratégie 13,100k,100000,14,commune,pess,5,expo_brute,True,0.284,0.4987282429804,-0.0583611789935664,0.22245,0.1310906565570317,0.3690493561523995,4,40000,cagr_med,-0.027119979379288152,0.000929144275649305
v3_100k,v3,3. + stratégie 13,100k,100000,14,commune,central,5,expo_brute,True,0.284,0.4987282429804,0.1416388210064336,0.22245,0.1310906565570317,0.3690493561523995,4,40000,cagr_med,0.017947462099848276,0.0010049194031180992
v3_100k,v3,3. + stratégie 13,100k,100000,14,commune,opt,5,expo_brute,True,0.284,0.4987282429804,0.3416388210064336,0.22245,0.1310906565570317,0.3690493561523995,4,40000,cagr_med,0.06496001011885924,0.0010441235861196334
v3_250k,v3,3. + stratégie 13,250k,250000,22,commune,pess,5,expo_brute,True,0.36765,0.5766596986953074,0.0120089382253296,0.20811,0.1310906565570317,0.3533787724721388,4,40000,cagr_med,-0.004987095408220875,0.0006611265583001285
v3_250k,v3,3. + stratégie 13,250k,250000,22,commune,central,5,expo_brute,True,0.36765,0.5766596986953074,0.2120089382253297,0.20811,0.1310906565570317,0.3533787724721388,4,40000,cagr_med,0.037546706662076275,0.0006873915395328477
v3_250k,v3,3. + stratégie 13,250k,250000,22,commune,opt,5,expo_brute,True,0.36765,0.5766596986953074,0.4120089382253297,0.20811,0.1310906565570317,0.3533787724721388,4,40000,cagr_med,0.08185572999559818,0.00071530637020634
v3_1M,v3,3. + stratégie 13,1M,1000000,37,commune,pess,5,expo_brute,True,0.32045,0.7169600892217001,0.0297498605910936,0.2125,0.1310906565570317,0.3580046265649245,4,40000,cagr_med,-0.0007817156566039,0.0003569761053194498
v3_1M,v3,3. + stratégie 13,1M,1000000,37,commune,central,5,expo_brute,True,0.32045,0.7169600892217001,0.2297498605910937,0.2125,0.1310906565570317,0.3580046265649245,4,40000,cagr_med,0.042657352008955596,0.00037044469540532473
v3_1M,v3,3. + stratégie 13,1M,1000000,37,commune,opt,5,expo_brute,True,0.32045,0.7169600892217001,0.4297498605910937,0.2125,0.1310906565570317,0.3580046265649245,4,40000,cagr_med,0.08797086128594662,0.00038365238605930665
v4_100k,v4,4. + pilotage du risque,100k,100000,13,commune,pess,5,expo_brute,True,0.39254,0.4987282429804,-0.0042292155004738,0.21286,0.1505511344877443,0.3782512414595131,4,40000,cagr_med,-0.010683154085475051,0.0007266403041568428
v4_100k,v4,4. + pilotage du risque,100k,100000,13,commune,central,5,expo_brute,True,0.39254,0.4987282429804,0.1957707844995262,0.21286,0.1505511344877443,0.3782512414595131,4,40000,cagr_med,0.03307914369123688,0.0007272186103823535
v4_100k,v4,4. + pilotage du risque,100k,100000,13,commune,opt,5,expo_brute,True,0.39254,0.4987282429804,0.3957707844995262,0.21286,0.1505511344877443,0.3782512414595131,4,40000,cagr_med,0.0786403680740412,0.0007329500439259367
v4_250k,v4,4. + pilotage du risque,250k,250000,23,commune,pess,5,expo_brute,True,0.39268,0.5766596986953074,0.0264427304836732,0.21289,0.1505511344877443,0.3779449021931268,4,40000,cagr_med,-0.0011501260306606,0.0007893650078761772
v4_250k,v4,4. + pilotage du risque,250k,250000,23,commune,central,5,expo_brute,True,0.39268,0.5766596986953074,0.2264427304836733,0.21289,0.1505511344877443,0.3779449021931268,4,40000,cagr_med,0.04255626367201407,0.0008378269109186402
v4_250k,v4,4. + pilotage du risque,250k,250000,23,commune,opt,5,expo_brute,True,0.39268,0.5766596986953074,0.4264427304836733,0.21289,0.1505511344877443,0.3779449021931268,4,40000,cagr_med,0.08812415856573043,0.0008762996013648339
v4_1M,v4,4. + pilotage du risque,1M,1000000,38,commune,pess,5,expo_brute,True,0.37235,0.7169600892217001,0.0669600892216999,0.21464,0.1505511344877443,0.3797502616524224,4,40000,cagr_med,0.008906692298215125,0.0007382664339550878
v4_1M,v4,4. + pilotage du risque,1M,1000000,38,commune,central,5,expo_brute,True,0.37235,0.7169600892217001,0.2669600892217,0.21464,0.1505511344877443,0.3797502616524224,4,40000,cagr_med,0.05322504041116693,0.0007689033160780304
v4_1M,v4,4. + pilotage du risque,1M,1000000,38,commune,opt,5,expo_brute,True,0.37235,0.7169600892217001,0.4669600892217,0.21464,0.1505511344877443,0.3797502616524224,4,40000,cagr_med,0.0994731195279244,0.0008016815747759581
v5_100k,v5,5. Les deux,100k,100000,14,commune,pess,5,expo_brute,True,0.40102,0.4987282429804,0.0,0.21501,0.17,0.4,4,40000,cagr_med,-0.011489434212170324,0.0006065104137142385
v5_100k,v5,5. Les deux,100k,100000,14,commune,central,5,expo_brute,True,0.40102,0.4987282429804,0.2,0.21501,0.17,0.4,4,40000,cagr_med,0.03270174138649903,0.0006342779765061462
v5_100k,v5,5. Les deux,100k,100000,14,commune,opt,5,expo_brute,True,0.40102,0.4987282429804,0.4,0.21501,0.17,0.4,4,40000,cagr_med,0.07871296190260679,0.0006745305697748631
v5_250k,v5,5. Les deux,250k,250000,24,commune,pess,5,expo_brute,True,0.41619,0.5766596986953074,0.0399999999999999,0.21533,0.17,0.4,4,40000,cagr_med,0.00132569761067375,0.001121123997185057
v5_250k,v5,5. Les deux,250k,250000,24,commune,central,5,expo_brute,True,0.41619,0.5766596986953074,0.24,0.21533,0.17,0.4,4,40000,cagr_med,0.04564629567751102,0.0011715030898702882
v5_250k,v5,5. Les deux,250k,250000,24,commune,opt,5,expo_brute,True,0.41619,0.5766596986953074,0.44,0.21533,0.17,0.4,4,40000,cagr_med,0.09188388112822772,0.0012217020151400824
v5_1M,v5,5. Les deux,1M,1000000,40,commune,pess,5,expo_brute,True,0.37659,0.7169600892217001,0.07,0.21539,0.17,0.4,4,40000,cagr_med,0.0088158838856467,0.0009318896044102912
v5_1M,v5,5. Les deux,1M,1000000,40,commune,central,5,expo_brute,True,0.37659,0.7169600892217001,0.27,0.21539,0.17,0.4,4,40000,cagr_med,0.05328799482612093,0.0009648636976819153
v5_1M,v5,5. Les deux,1M,1000000,40,commune,opt,5,expo_brute,True,0.37659,0.7169600892217001,0.47,0.21539,0.17,0.4,4,40000,cagr_med,0.09970372728228698,0.0010000725805117835
v1_100k,v1,1. Montant fixe,100k,100000,13,commune,pess,10,expo_brute,False,0.066005,0.4987282429804,-0.1670814423220787,0.38963,0.1017170440702665,0.5185111466701455,4,40000,cagr_med,-0.13070829505436343,0.00048816246980705116
v1_100k,v1,1. Montant fixe,100k,100000,13,commune,central,10,expo_brute,False,0.066005,0.4987282429804,0.0329185576779213,0.38963,0.1017170440702665,0.5185111466701455,4,40000,cagr_med,-0.05546984983929635,0.0005533093361844261
v1_100k,v1,1. Montant fixe,100k,100000,13,commune,opt,10,expo_brute,False,0.066005,0.4987282429804,0.2329185576779213,0.38963,0.1017170440702665,0.5185111466701455,4,40000,cagr_med,0.0246586499383935,0.000575014409990478
v1_250k,v1,1. Montant fixe,250k,250000,21,commune,pess,10,expo_brute,False,-0.01434,0.5766596986953074,-0.2082693000792907,0.37385,0.1017170440702665,0.5010366929812404,4,40000,cagr_med,-0.12990239313841506,0.0007801187334945777
v1_250k,v1,1. Montant fixe,250k,250000,21,commune,central,10,expo_brute,False,-0.01434,0.5766596986953074,-0.0082693000792907,0.37385,0.1017170440702665,0.5010366929812404,4,40000,cagr_med,-0.0601388772900098,0.0006845264754301082
v1_250k,v1,1. Montant fixe,250k,250000,21,commune,opt,10,expo_brute,False,-0.01434,0.5766596986953074,0.1917306999207093,0.37385,0.1017170440702665,0.5010366929812404,4,40000,cagr_med,0.0140894547519951,0.0007289011717976015
v1_1M,v1,1. Montant fixe,1M,1000000,36,commune,pess,10,expo_brute,False,0.014638,0.7169600892217001,-0.1895051382139728,0.34739,0.1017170440702665,0.472670663086934,4,40000,cagr_med,-0.10534835782467278,0.0009079513077943201
v1_1M,v1,1. Montant fixe,1M,1000000,36,commune,central,10,expo_brute,False,0.014638,0.7169600892217001,0.0104948617860272,0.34739,0.1017170440702665,0.472670663086934,4,40000,cagr_med,-0.0406012491973507,0.0009783592560297862
v1_1M,v1,1. Montant fixe,1M,1000000,36,commune,opt,10,expo_brute,False,0.014638,0.7169600892217001,0.2104948617860272,0.34739,0.1017170440702665,0.472670663086934,4,40000,cagr_med,0.028678175403447727,0.0010415257395667522
v2_100k,v2,2. Système actuel,100k,100000,13,commune,pess,10,expo_brute,False,0.25477,0.4987282429804,-0.0729390055358835,0.20601,0.1082974145291847,0.32866995534124,4,40000,cagr_med,-0.02421105231229065,0.0005030225034810577
v2_100k,v2,2. Système actuel,100k,100000,13,commune,central,10,expo_brute,False,0.25477,0.4987282429804,0.1270609944641165,0.20601,0.1082974145291847,0.32866995534124,4,40000,cagr_med,0.018301673828536924,0.0005052487974654985
v2_100k,v2,2. Système actuel,100k,100000,13,commune,opt,10,expo_brute,False,0.25477,0.4987282429804,0.3270609944641165,0.20601,0.1082974145291847,0.32866995534124,4,40000,cagr_med,0.06220346060088435,0.0005114510911267088
v2_250k,v2,2. Système actuel,250k,250000,21,commune,pess,10,expo_brute,False,0.29366,0.5766596986953074,-0.0306581128811361,0.19482,0.1082974145291847,0.3163901094625428,4,40000,cagr_med,-0.010148632782289176,0.0008923411774490145
v2_250k,v2,2. Système actuel,250k,250000,21,commune,central,10,expo_brute,False,0.29366,0.5766596986953074,0.1693418871188639,0.19482,0.1082974145291847,0.3163901094625428,4,40000,cagr_med,0.029636271570985924,0.0009097426963398283
v2_250k,v2,2. Système actuel,250k,250000,21,commune,opt,10,expo_brute,False,0.29366,0.5766596986953074,0.3693418871188639,0.19482,0.1082974145291847,0.3163901094625428,4,40000,cagr_med,0.07092259230008037,0.0009293371370709246
v2_1M,v2,2. Système actuel,1M,1000000,36,commune,pess,10,expo_brute,False,0.26414,0.7169600892217001,-0.0106221620329802,0.20608,0.1082974145291847,0.3283559130667213,4,40000,cagr_med,-0.006872561734111575,0.0009542944823113028
v2_1M,v2,2. Système actuel,1M,1000000,36,commune,central,10,expo_brute,False,0.26414,0.7169600892217001,0.1893778379670198,0.20608,0.1082974145291847,0.3283559130667213,4,40000,cagr_med,0.0350351220148008,0.0009918319867404238
v2_1M,v2,2. Système actuel,1M,1000000,36,commune,opt,10,expo_brute,False,0.26414,0.7169600892217001,0.3893778379670198,0.20608,0.1082974145291847,0.3283559130667213,4,40000,cagr_med,0.07867844552435993,0.001032493664392175
v3_100k,v3,3. + stratégie 13,100k,100000,14,commune,pess,10,expo_brute,True,0.284,0.4987282429804,-0.0583611789935664,0.22245,0.1310906565570317,0.3690493561523995,4,40000,cagr_med,-0.0264987366202793,0.00031763336739294175
v3_100k,v3,3. + stratégie 13,100k,100000,14,commune,central,10,expo_brute,True,0.284,0.4987282429804,0.1416388210064336,0.22245,0.1310906565570317,0.3690493561523995,4,40000,cagr_med,0.019401205723490397,0.0002736990128234675
v3_100k,v3,3. + stratégie 13,100k,100000,14,commune,opt,10,expo_brute,True,0.284,0.4987282429804,0.3416388210064336,0.22245,0.1310906565570317,0.3690493561523995,4,40000,cagr_med,0.0669206668539911,0.0003314187352269811
v3_250k,v3,3. + stratégie 13,250k,250000,22,commune,pess,10,expo_brute,True,0.36765,0.5766596986953074,0.0120089382253296,0.20811,0.1310906565570317,0.3533787724721388,4,40000,cagr_med,-0.0041593733191605,0.0005552463197761204
v3_250k,v3,3. + stratégie 13,250k,250000,22,commune,central,10,expo_brute,True,0.36765,0.5766596986953074,0.2120089382253297,0.20811,0.1310906565570317,0.3533787724721388,4,40000,cagr_med,0.03864134010255803,0.0005743459022028293
v3_250k,v3,3. + stratégie 13,250k,250000,22,commune,opt,10,expo_brute,True,0.36765,0.5766596986953074,0.4120089382253297,0.20811,0.1310906565570317,0.3533787724721388,4,40000,cagr_med,0.08315520077205285,0.0005837791051380779
v3_1M,v3,3. + stratégie 13,1M,1000000,37,commune,pess,10,expo_brute,True,0.32045,0.7169600892217001,0.0297498605910936,0.2125,0.1310906565570317,0.3580046265649245,4,40000,cagr_med,0.0002656736482272,0.000946217067323072
v3_1M,v3,3. + stratégie 13,1M,1000000,37,commune,central,10,expo_brute,True,0.32045,0.7169600892217001,0.2297498605910937,0.2125,0.1310906565570317,0.3580046265649245,4,40000,cagr_med,0.043808229650796,0.0009897189912952287
v3_1M,v3,3. + stratégie 13,1M,1000000,37,commune,opt,10,expo_brute,True,0.32045,0.7169600892217001,0.4297498605910937,0.2125,0.1310906565570317,0.3580046265649245,4,40000,cagr_med,0.08921603841877453,0.0010331071602070069
v4_100k,v4,4. + pilotage du risque,100k,100000,13,commune,pess,10,expo_brute,True,0.39254,0.4987282429804,-0.0042292155004738,0.21286,0.1505511344877443,0.3782512414595131,4,40000,cagr_med,-0.011018876461389075,0.00042657074457363997
v4_100k,v4,4. + pilotage du risque,100k,100000,13,commune,central,10,expo_brute,True,0.39254,0.4987282429804,0.1957707844995262,0.21286,0.1505511344877443,0.3782512414595131,4,40000,cagr_med,0.033391020830413246,0.00041420315297548154
v4_100k,v4,4. + pilotage du risque,100k,100000,13,commune,opt,10,expo_brute,True,0.39254,0.4987282429804,0.3957707844995262,0.21286,0.1505511344877443,0.3782512414595131,4,40000,cagr_med,0.07933463117681949,0.0004204531711232561
v4_250k,v4,4. + pilotage du risque,250k,250000,23,commune,pess,10,expo_brute,True,0.39268,0.5766596986953074,0.0264427304836732,0.21289,0.1505511344877443,0.3779449021931268,4,40000,cagr_med,-0.00188125590702685,0.0004630836242190195
v4_250k,v4,4. + pilotage du risque,250k,250000,23,commune,central,10,expo_brute,True,0.39268,0.5766596986953074,0.2264427304836733,0.21289,0.1505511344877443,0.3779449021931268,4,40000,cagr_med,0.042024284915037374,0.0004597182909208703
v4_250k,v4,4. + pilotage du risque,250k,250000,23,commune,opt,10,expo_brute,True,0.39268,0.5766596986953074,0.4264427304836733,0.21289,0.1505511344877443,0.3779449021931268,4,40000,cagr_med,0.0877323107358615,0.0004753268237665982
v4_1M,v4,4. + pilotage du risque,1M,1000000,38,commune,pess,10,expo_brute,True,0.37235,0.7169600892217001,0.0669600892216999,0.21464,0.1505511344877443,0.3797502616524224,4,40000,cagr_med,0.008939565941091125,0.0008425770105602974
v4_1M,v4,4. + pilotage du risque,1M,1000000,38,commune,central,10,expo_brute,True,0.37235,0.7169600892217001,0.2669600892217,0.21464,0.1505511344877443,0.3797502616524224,4,40000,cagr_med,0.05330064445511357,0.0008769538844983386
v4_1M,v4,4. + pilotage du risque,1M,1000000,38,commune,opt,10,expo_brute,True,0.37235,0.7169600892217001,0.4669600892217,0.21464,0.1505511344877443,0.3797502616524224,4,40000,cagr_med,0.09958004231215134,0.0009195159192955569
v5_100k,v5,5. Les deux,100k,100000,14,commune,pess,10,expo_brute,True,0.40102,0.4987282429804,0.0,0.21501,0.17,0.4,4,40000,cagr_med,-0.011509123480963826,0.0005977553439072477
v5_100k,v5,5. Les deux,100k,100000,14,commune,central,10,expo_brute,True,0.40102,0.4987282429804,0.2,0.21501,0.17,0.4,4,40000,cagr_med,0.0333834069438528,0.0006428968733679626
v5_100k,v5,5. Les deux,100k,100000,14,commune,opt,10,expo_brute,True,0.40102,0.4987282429804,0.4,0.21501,0.17,0.4,4,40000,cagr_med,0.07990010456331455,0.0006955047276179137
v5_250k,v5,5. Les deux,250k,250000,24,commune,pess,10,expo_brute,True,0.41619,0.5766596986953074,0.0399999999999999,0.21533,0.17,0.4,4,40000,cagr_med,0.001216966581405275,0.0006603448686065488
v5_250k,v5,5. Les deux,250k,250000,24,commune,central,10,expo_brute,True,0.41619,0.5766596986953074,0.24,0.21533,0.17,0.4,4,40000,cagr_med,0.04575954318874342,0.0006301450665239872
v5_250k,v5,5. Les deux,250k,250000,24,commune,opt,10,expo_brute,True,0.41619,0.5766596986953074,0.44,0.21533,0.17,0.4,4,40000,cagr_med,0.09214083854366076,0.0006422395093545368
v5_1M,v5,5. Les deux,1M,1000000,40,commune,pess,10,expo_brute,True,0.37659,0.7169600892217001,0.07,0.21539,0.17,0.4,4,40000,cagr_med,0.00910046016517125,0.0011847791813655324
v5_1M,v5,5. Les deux,1M,1000000,40,commune,central,10,expo_brute,True,0.37659,0.7169600892217001,0.27,0.21539,0.17,0.4,4,40000,cagr_med,0.0536411151715158,0.0012245281295427731
v5_1M,v5,5. Les deux,1M,1000000,40,commune,opt,10,expo_brute,True,0.37659,0.7169600892217001,0.47,0.21539,0.17,0.4,4,40000,cagr_med,0.10010122786071203,0.0012648803766790709
v1_100k,v1,1. Montant fixe,100k,100000,13,v1v2_sans_selection,pess,5,expo_brute,True,0.066005,0.4987282429804,-0.1588098317415591,0.38963,0.1017170440702665,0.5185111466701455,4,40000,cagr_med,-0.12599227140651426,0.0012181713183311233
v1_100k,v1,1. Montant fixe,100k,100000,13,v1v2_sans_selection,central,5,expo_brute,True,0.066005,0.4987282429804,0.0411901682584409,0.38963,0.1017170440702665,0.5185111466701455,4,40000,cagr_med,-0.05311835642389333,0.0013729041831311427
v1_100k,v1,1. Montant fixe,100k,100000,13,v1v2_sans_selection,opt,5,expo_brute,True,0.066005,0.4987282429804,0.2411901682584409,0.38963,0.1017170440702665,0.5185111466701455,4,40000,cagr_med,0.025353666072703798,0.0014354420541168925
v1_250k,v1,1. Montant fixe,250k,250000,21,v1v2_sans_selection,pess,5,expo_brute,True,-0.01434,0.5766596986953074,-0.209786975059468,0.37385,0.1017170440702665,0.5010366929812404,4,40000,cagr_med,-0.1311182636906568,0.0012281613107284635
v1_250k,v1,1. Montant fixe,250k,250000,21,v1v2_sans_selection,central,5,expo_brute,True,-0.01434,0.5766596986953074,-0.009786975059468,0.37385,0.1017170440702665,0.5010366929812404,4,40000,cagr_med,-0.06297636767529097,0.0012913644056672979
v1_250k,v1,1. Montant fixe,250k,250000,21,v1v2_sans_selection,opt,5,expo_brute,True,-0.01434,0.5766596986953074,0.190213024940532,0.37385,0.1017170440702665,0.5010366929812404,4,40000,cagr_med,0.01029467653414085,0.001376879576231347
v1_1M,v1,1. Montant fixe,1M,1000000,36,v1v2_sans_selection,pess,5,expo_brute,True,0.014638,0.7169600892217001,-0.1884693536604796,0.34739,0.1017170440702665,0.472670663086934,4,40000,cagr_med,-0.10668546238152327,0.0007059876502921308
v1_1M,v1,1. Montant fixe,1M,1000000,36,v1v2_sans_selection,central,5,expo_brute,True,0.014638,0.7169600892217001,0.0115306463395204,0.34739,0.1017170440702665,0.472670663086934,4,40000,cagr_med,-0.04225449275002505,0.0007587428404483485
v1_1M,v1,1. Montant fixe,1M,1000000,36,v1v2_sans_selection,opt,5,expo_brute,True,0.014638,0.7169600892217001,0.2115306463395204,0.34739,0.1017170440702665,0.472670663086934,4,40000,cagr_med,0.026776817738870598,0.0008217476561235126
v2_100k,v2,2. Système actuel,100k,100000,13,v1v2_sans_selection,pess,5,expo_brute,True,0.25477,0.4987282429804,-0.0410117541519126,0.20601,0.1082974145291847,0.32866995534124,4,40000,cagr_med,-0.018755730326177424,0.0009107058804447577
v2_100k,v2,2. Système actuel,100k,100000,13,v1v2_sans_selection,central,5,expo_brute,True,0.25477,0.4987282429804,0.1589882458480874,0.20601,0.1082974145291847,0.32866995534124,4,40000,cagr_med,0.0232003309801216,0.0009352206162817168
v2_100k,v2,2. Système actuel,100k,100000,13,v1v2_sans_selection,opt,5,expo_brute,True,0.25477,0.4987282429804,0.3589882458480874,0.20601,0.1082974145291847,0.32866995534124,4,40000,cagr_med,0.06682946222242965,0.0009703847971802161
v2_250k,v2,2. Système actuel,250k,250000,21,v1v2_sans_selection,pess,5,expo_brute,True,0.29366,0.5766596986953074,0.0004214153391478,0.19482,0.1082974145291847,0.3163901094625428,4,40000,cagr_med,-0.005585864600675726,0.001266632245110586
v2_250k,v2,2. Système actuel,250k,250000,21,v1v2_sans_selection,central,5,expo_brute,True,0.29366,0.5766596986953074,0.2004214153391479,0.19482,0.1082974145291847,0.3163901094625428,4,40000,cagr_med,0.03416030763159378,0.0013154553983522436
v2_250k,v2,2. Système actuel,250k,250000,21,v1v2_sans_selection,opt,5,expo_brute,True,0.29366,0.5766596986953074,0.4004214153391479,0.19482,0.1082974145291847,0.3163901094625428,4,40000,cagr_med,0.07545762527002,0.0013679251868061989
v2_1M,v2,2. Système actuel,1M,1000000,36,v1v2_sans_selection,pess,5,expo_brute,True,0.26414,0.7169600892217001,0.0080683784752647,0.20608,0.1082974145291847,0.3283559130667213,4,40000,cagr_med,-0.004254303431645375,0.0007707505310384649
v2_1M,v2,2. Système actuel,1M,1000000,36,v1v2_sans_selection,central,5,expo_brute,True,0.26414,0.7169600892217001,0.2080683784752648,0.20608,0.1082974145291847,0.3283559130667213,4,40000,cagr_med,0.03770582176075815,0.0008000222558001457
v2_1M,v2,2. Système actuel,1M,1000000,36,v1v2_sans_selection,opt,5,expo_brute,True,0.26414,0.7169600892217001,0.4080683784752648,0.20608,0.1082974145291847,0.3283559130667213,4,40000,cagr_med,0.08141996805285526,0.0008317205731900864
v3_100k,v3,3. + stratégie 13,100k,100000,14,v1v2_sans_selection,pess,5,expo_brute,False,0.284,0.4987282429804,-0.0583611789935664,0.22245,0.1310906565570317,0.3690493561523995,4,40000,cagr_med,-0.027119979379288152,0.000929144275649305
v3_100k,v3,3. + stratégie 13,100k,100000,14,v1v2_sans_selection,central,5,expo_brute,False,0.284,0.4987282429804,0.1416388210064336,0.22245,0.1310906565570317,0.3690493561523995,4,40000,cagr_med,0.017947462099848276,0.0010049194031180992
v3_100k,v3,3. + stratégie 13,100k,100000,14,v1v2_sans_selection,opt,5,expo_brute,False,0.284,0.4987282429804,0.3416388210064336,0.22245,0.1310906565570317,0.3690493561523995,4,40000,cagr_med,0.06496001011885924,0.0010441235861196334
v3_250k,v3,3. + stratégie 13,250k,250000,22,v1v2_sans_selection,pess,5,expo_brute,False,0.36765,0.5766596986953074,0.0120089382253296,0.20811,0.1310906565570317,0.3533787724721388,4,40000,cagr_med,-0.004987095408220875,0.0006611265583001285
v3_250k,v3,3. + stratégie 13,250k,250000,22,v1v2_sans_selection,central,5,expo_brute,False,0.36765,0.5766596986953074,0.2120089382253297,0.20811,0.1310906565570317,0.3533787724721388,4,40000,cagr_med,0.037546706662076275,0.0006873915395328477
v3_250k,v3,3. + stratégie 13,250k,250000,22,v1v2_sans_selection,opt,5,expo_brute,False,0.36765,0.5766596986953074,0.4120089382253297,0.20811,0.1310906565570317,0.3533787724721388,4,40000,cagr_med,0.08185572999559818,0.00071530637020634
v3_1M,v3,3. + stratégie 13,1M,1000000,37,v1v2_sans_selection,pess,5,expo_brute,False,0.32045,0.7169600892217001,0.0297498605910936,0.2125,0.1310906565570317,0.3580046265649245,4,40000,cagr_med,-0.0007817156566039,0.0003569761053194498
v3_1M,v3,3. + stratégie 13,1M,1000000,37,v1v2_sans_selection,central,5,expo_brute,False,0.32045,0.7169600892217001,0.2297498605910937,0.2125,0.1310906565570317,0.3580046265649245,4,40000,cagr_med,0.042657352008955596,0.00037044469540532473
v3_1M,v3,3. + stratégie 13,1M,1000000,37,v1v2_sans_selection,opt,5,expo_brute,False,0.32045,0.7169600892217001,0.4297498605910937,0.2125,0.1310906565570317,0.3580046265649245,4,40000,cagr_med,0.08797086128594662,0.00038365238605930665
v4_100k,v4,4. + pilotage du risque,100k,100000,13,v1v2_sans_selection,pess,5,expo_brute,False,0.39254,0.4987282429804,-0.0042292155004738,0.21286,0.1505511344877443,0.3782512414595131,4,40000,cagr_med,-0.010683154085475051,0.0007266403041568428
v4_100k,v4,4. + pilotage du risque,100k,100000,13,v1v2_sans_selection,central,5,expo_brute,False,0.39254,0.4987282429804,0.1957707844995262,0.21286,0.1505511344877443,0.3782512414595131,4,40000,cagr_med,0.03307914369123688,0.0007272186103823535
v4_100k,v4,4. + pilotage du risque,100k,100000,13,v1v2_sans_selection,opt,5,expo_brute,False,0.39254,0.4987282429804,0.3957707844995262,0.21286,0.1505511344877443,0.3782512414595131,4,40000,cagr_med,0.0786403680740412,0.0007329500439259367
v4_250k,v4,4. + pilotage du risque,250k,250000,23,v1v2_sans_selection,pess,5,expo_brute,False,0.39268,0.5766596986953074,0.0264427304836732,0.21289,0.1505511344877443,0.3779449021931268,4,40000,cagr_med,-0.0011501260306606,0.0007893650078761772
v4_250k,v4,4. + pilotage du risque,250k,250000,23,v1v2_sans_selection,central,5,expo_brute,False,0.39268,0.5766596986953074,0.2264427304836733,0.21289,0.1505511344877443,0.3779449021931268,4,40000,cagr_med,0.04255626367201407,0.0008378269109186402
v4_250k,v4,4. + pilotage du risque,250k,250000,23,v1v2_sans_selection,opt,5,expo_brute,False,0.39268,0.5766596986953074,0.4264427304836733,0.21289,0.1505511344877443,0.3779449021931268,4,40000,cagr_med,0.08812415856573043,0.0008762996013648339
v4_1M,v4,4. + pilotage du risque,1M,1000000,38,v1v2_sans_selection,pess,5,expo_brute,False,0.37235,0.7169600892217001,0.0669600892216999,0.21464,0.1505511344877443,0.3797502616524224,4,40000,cagr_med,0.008906692298215125,0.0007382664339550878
v4_1M,v4,4. + pilotage du risque,1M,1000000,38,v1v2_sans_selection,central,5,expo_brute,False,0.37235,0.7169600892217001,0.2669600892217,0.21464,0.1505511344877443,0.3797502616524224,4,40000,cagr_med,0.05322504041116693,0.0007689033160780304
v4_1M,v4,4. + pilotage du risque,1M,1000000,38,v1v2_sans_selection,opt,5,expo_brute,False,0.37235,0.7169600892217001,0.4669600892217,0.21464,0.1505511344877443,0.3797502616524224,4,40000,cagr_med,0.0994731195279244,0.0008016815747759581
v5_100k,v5,5. Les deux,100k,100000,14,v1v2_sans_selection,pess,5,expo_brute,False,0.40102,0.4987282429804,0.0,0.21501,0.17,0.4,4,40000,cagr_med,-0.011489434212170324,0.0006065104137142385
v5_100k,v5,5. Les deux,100k,100000,14,v1v2_sans_selection,central,5,expo_brute,False,0.40102,0.4987282429804,0.2,0.21501,0.17,0.4,4,40000,cagr_med,0.03270174138649903,0.0006342779765061462
v5_100k,v5,5. Les deux,100k,100000,14,v1v2_sans_selection,opt,5,expo_brute,False,0.40102,0.4987282429804,0.4,0.21501,0.17,0.4,4,40000,cagr_med,0.07871296190260679,0.0006745305697748631
v5_250k,v5,5. Les deux,250k,250000,24,v1v2_sans_selection,pess,5,expo_brute,False,0.41619,0.5766596986953074,0.0399999999999999,0.21533,0.17,0.4,4,40000,cagr_med,0.00132569761067375,0.001121123997185057
v5_250k,v5,5. Les deux,250k,250000,24,v1v2_sans_selection,central,5,expo_brute,False,0.41619,0.5766596986953074,0.24,0.21533,0.17,0.4,4,40000,cagr_med,0.04564629567751102,0.0011715030898702882
v5_250k,v5,5. Les deux,250k,250000,24,v1v2_sans_selection,opt,5,expo_brute,False,0.41619,0.5766596986953074,0.44,0.21533,0.17,0.4,4,40000,cagr_med,0.09188388112822772,0.0012217020151400824
v5_1M,v5,5. Les deux,1M,1000000,40,v1v2_sans_selection,pess,5,expo_brute,False,0.37659,0.7169600892217001,0.07,0.21539,0.17,0.4,4,40000,cagr_med,0.0088158838856467,0.0009318896044102912
v5_1M,v5,5. Les deux,1M,1000000,40,v1v2_sans_selection,central,5,expo_brute,False,0.37659,0.7169600892217001,0.27,0.21539,0.17,0.4,4,40000,cagr_med,0.05328799482612093,0.0009648636976819153
v5_1M,v5,5. Les deux,1M,1000000,40,v1v2_sans_selection,opt,5,expo_brute,False,0.37659,0.7169600892217001,0.47,0.21539,0.17,0.4,4,40000,cagr_med,0.09970372728228698,0.0010000725805117835
v1_100k,v1,1. Montant fixe,100k,100000,13,v1v2_sans_selection,pess,10,expo_brute,True,0.066005,0.4987282429804,-0.1588098317415591,0.38963,0.1017170440702665,0.5185111466701455,4,40000,cagr_med,-0.12768999286700242,0.00048530502955877633
v1_100k,v1,1. Montant fixe,100k,100000,13,v1v2_sans_selection,central,10,expo_brute,True,0.066005,0.4987282429804,0.0411901682584409,0.38963,0.1017170440702665,0.5185111466701455,4,40000,cagr_med,-0.052250744863454324,0.0005683995656679225
v1_100k,v1,1. Montant fixe,100k,100000,13,v1v2_sans_selection,opt,10,expo_brute,True,0.066005,0.4987282429804,0.2411901682584409,0.38963,0.1017170440702665,0.5185111466701455,4,40000,cagr_med,0.028072486201589326,0.0005668511311597853
v1_250k,v1,1. Montant fixe,250k,250000,21,v1v2_sans_selection,pess,10,expo_brute,True,-0.01434,0.5766596986953074,-0.209786975059468,0.37385,0.1017170440702665,0.5010366929812404,4,40000,cagr_med,-0.13041446656491648,0.0007765176890194488
v1_250k,v1,1. Montant fixe,250k,250000,21,v1v2_sans_selection,central,10,expo_brute,True,-0.01434,0.5766596986953074,-0.009786975059468,0.37385,0.1017170440702665,0.5010366929812404,4,40000,cagr_med,-0.060682988129241104,0.0006854655338246244
v1_250k,v1,1. Montant fixe,250k,250000,21,v1v2_sans_selection,opt,10,expo_brute,True,-0.01434,0.5766596986953074,0.190213024940532,0.37385,0.1017170440702665,0.5010366929812404,4,40000,cagr_med,0.0135075265711117,0.0007282714501968601
v1_1M,v1,1. Montant fixe,1M,1000000,36,v1v2_sans_selection,pess,10,expo_brute,True,0.014638,0.7169600892217001,-0.1884693536604796,0.34739,0.1017170440702665,0.472670663086934,4,40000,cagr_med,-0.10502402058475005,0.0009082557190361534
v1_1M,v1,1. Montant fixe,1M,1000000,36,v1v2_sans_selection,central,10,expo_brute,True,0.014638,0.7169600892217001,0.0115306463395204,0.34739,0.1017170440702665,0.472670663086934,4,40000,cagr_med,-0.04025438164623822,0.0009786726167548016
v1_1M,v1,1. Montant fixe,1M,1000000,36,v1v2_sans_selection,opt,10,expo_brute,True,0.014638,0.7169600892217001,0.2115306463395204,0.34739,0.1017170440702665,0.472670663086934,4,40000,cagr_med,0.0290493650729754,0.0010418025514100098
v2_100k,v2,2. Système actuel,100k,100000,13,v1v2_sans_selection,pess,10,expo_brute,True,0.25477,0.4987282429804,-0.0410117541519126,0.20601,0.1082974145291847,0.32866995534124,4,40000,cagr_med,-0.017527826299662274,0.0005163021910590534
v2_100k,v2,2. Système actuel,100k,100000,13,v1v2_sans_selection,central,10,expo_brute,True,0.25477,0.4987282429804,0.1589882458480874,0.20601,0.1082974145291847,0.32866995534124,4,40000,cagr_med,0.02521403835594925,0.0005066519085386781
v2_100k,v2,2. Système actuel,100k,100000,13,v1v2_sans_selection,opt,10,expo_brute,True,0.25477,0.4987282429804,0.3589882458480874,0.20601,0.1082974145291847,0.32866995534124,4,40000,cagr_med,0.06936480944581377,0.0005105621116452408
v2_250k,v2,2. Système actuel,250k,250000,21,v1v2_sans_selection,pess,10,expo_brute,True,0.29366,0.5766596986953074,0.0004214153391478,0.19482,0.1082974145291847,0.3163901094625428,4,40000,cagr_med,-0.0040574130697748,0.0008868458132774884
v2_250k,v2,2. Système actuel,250k,250000,21,v1v2_sans_selection,central,10,expo_brute,True,0.29366,0.5766596986953074,0.2004214153391479,0.19482,0.1082974145291847,0.3163901094625428,4,40000,cagr_med,0.035947836473979325,0.0009166332183705506
v2_250k,v2,2. Système actuel,250k,250000,21,v1v2_sans_selection,opt,10,expo_brute,True,0.29366,0.5766596986953074,0.4004214153391479,0.19482,0.1082974145291847,0.3163901094625428,4,40000,cagr_med,0.07747992402332671,0.000938971606203108
v2_1M,v2,2. Système actuel,1M,1000000,36,v1v2_sans_selection,pess,10,expo_brute,True,0.26414,0.7169600892217001,0.0080683784752647,0.20608,0.1082974145291847,0.3283559130667213,4,40000,cagr_med,-0.003027461965704375,0.0009575424139476738
v2_1M,v2,2. Système actuel,1M,1000000,36,v1v2_sans_selection,central,10,expo_brute,True,0.26414,0.7169600892217001,0.2080683784752648,0.20608,0.1082974145291847,0.3283559130667213,4,40000,cagr_med,0.039038792063971525,0.0009960996034471877
v2_1M,v2,2. Système actuel,1M,1000000,36,v1v2_sans_selection,opt,10,expo_brute,True,0.26414,0.7169600892217001,0.4080683784752648,0.20608,0.1082974145291847,0.3283559130667213,4,40000,cagr_med,0.08284843790011742,0.0010365046960150817
v3_100k,v3,3. + stratégie 13,100k,100000,14,v1v2_sans_selection,pess,10,expo_brute,False,0.284,0.4987282429804,-0.0583611789935664,0.22245,0.1310906565570317,0.3690493561523995,4,40000,cagr_med,-0.0264987366202793,0.00031763336739294175
v3_100k,v3,3. + stratégie 13,100k,100000,14,v1v2_sans_selection,central,10,expo_brute,False,0.284,0.4987282429804,0.1416388210064336,0.22245,0.1310906565570317,0.3690493561523995,4,40000,cagr_med,0.019401205723490397,0.0002736990128234675
v3_100k,v3,3. + stratégie 13,100k,100000,14,v1v2_sans_selection,opt,10,expo_brute,False,0.284,0.4987282429804,0.3416388210064336,0.22245,0.1310906565570317,0.3690493561523995,4,40000,cagr_med,0.0669206668539911,0.0003314187352269811
v3_250k,v3,3. + stratégie 13,250k,250000,22,v1v2_sans_selection,pess,10,expo_brute,False,0.36765,0.5766596986953074,0.0120089382253296,0.20811,0.1310906565570317,0.3533787724721388,4,40000,cagr_med,-0.0041593733191605,0.0005552463197761204
v3_250k,v3,3. + stratégie 13,250k,250000,22,v1v2_sans_selection,central,10,expo_brute,False,0.36765,0.5766596986953074,0.2120089382253297,0.20811,0.1310906565570317,0.3533787724721388,4,40000,cagr_med,0.03864134010255803,0.0005743459022028293
v3_250k,v3,3. + stratégie 13,250k,250000,22,v1v2_sans_selection,opt,10,expo_brute,False,0.36765,0.5766596986953074,0.4120089382253297,0.20811,0.1310906565570317,0.3533787724721388,4,40000,cagr_med,0.08315520077205285,0.0005837791051380779
v3_1M,v3,3. + stratégie 13,1M,1000000,37,v1v2_sans_selection,pess,10,expo_brute,False,0.32045,0.7169600892217001,0.0297498605910936,0.2125,0.1310906565570317,0.3580046265649245,4,40000,cagr_med,0.0002656736482272,0.000946217067323072
v3_1M,v3,3. + stratégie 13,1M,1000000,37,v1v2_sans_selection,central,10,expo_brute,False,0.32045,0.7169600892217001,0.2297498605910937,0.2125,0.1310906565570317,0.3580046265649245,4,40000,cagr_med,0.043808229650796,0.0009897189912952287
v3_1M,v3,3. + stratégie 13,1M,1000000,37,v1v2_sans_selection,opt,10,expo_brute,False,0.32045,0.7169600892217001,0.4297498605910937,0.2125,0.1310906565570317,0.3580046265649245,4,40000,cagr_med,0.08921603841877453,0.0010331071602070069
v4_100k,v4,4. + pilotage du risque,100k,100000,13,v1v2_sans_selection,pess,10,expo_brute,False,0.39254,0.4987282429804,-0.0042292155004738,0.21286,0.1505511344877443,0.3782512414595131,4,40000,cagr_med,-0.011018876461389075,0.00042657074457363997
v4_100k,v4,4. + pilotage du risque,100k,100000,13,v1v2_sans_selection,central,10,expo_brute,False,0.39254,0.4987282429804,0.1957707844995262,0.21286,0.1505511344877443,0.3782512414595131,4,40000,cagr_med,0.033391020830413246,0.00041420315297548154
v4_100k,v4,4. + pilotage du risque,100k,100000,13,v1v2_sans_selection,opt,10,expo_brute,False,0.39254,0.4987282429804,0.3957707844995262,0.21286,0.1505511344877443,0.3782512414595131,4,40000,cagr_med,0.07933463117681949,0.0004204531711232561
v4_250k,v4,4. + pilotage du risque,250k,250000,23,v1v2_sans_selection,pess,10,expo_brute,False,0.39268,0.5766596986953074,0.0264427304836732,0.21289,0.1505511344877443,0.3779449021931268,4,40000,cagr_med,-0.00188125590702685,0.0004630836242190195
v4_250k,v4,4. + pilotage du risque,250k,250000,23,v1v2_sans_selection,central,10,expo_brute,False,0.39268,0.5766596986953074,0.2264427304836733,0.21289,0.1505511344877443,0.3779449021931268,4,40000,cagr_med,0.042024284915037374,0.0004597182909208703
v4_250k,v4,4. + pilotage du risque,250k,250000,23,v1v2_sans_selection,opt,10,expo_brute,False,0.39268,0.5766596986953074,0.4264427304836733,0.21289,0.1505511344877443,0.3779449021931268,4,40000,cagr_med,0.0877323107358615,0.0004753268237665982
v4_1M,v4,4. + pilotage du risque,1M,1000000,38,v1v2_sans_selection,pess,10,expo_brute,False,0.37235,0.7169600892217001,0.0669600892216999,0.21464,0.1505511344877443,0.3797502616524224,4,40000,cagr_med,0.008939565941091125,0.0008425770105602974
v4_1M,v4,4. + pilotage du risque,1M,1000000,38,v1v2_sans_selection,central,10,expo_brute,False,0.37235,0.7169600892217001,0.2669600892217,0.21464,0.1505511344877443,0.3797502616524224,4,40000,cagr_med,0.05330064445511357,0.0008769538844983386
v4_1M,v4,4. + pilotage du risque,1M,1000000,38,v1v2_sans_selection,opt,10,expo_brute,False,0.37235,0.7169600892217001,0.4669600892217,0.21464,0.1505511344877443,0.3797502616524224,4,40000,cagr_med,0.09958004231215134,0.0009195159192955569
v5_100k,v5,5. Les deux,100k,100000,14,v1v2_sans_selection,pess,10,expo_brute,False,0.40102,0.4987282429804,0.0,0.21501,0.17,0.4,4,40000,cagr_med,-0.011509123480963826,0.0005977553439072477
v5_100k,v5,5. Les deux,100k,100000,14,v1v2_sans_selection,central,10,expo_brute,False,0.40102,0.4987282429804,0.2,0.21501,0.17,0.4,4,40000,cagr_med,0.0333834069438528,0.0006428968733679626
v5_100k,v5,5. Les deux,100k,100000,14,v1v2_sans_selection,opt,10,expo_brute,False,0.40102,0.4987282429804,0.4,0.21501,0.17,0.4,4,40000,cagr_med,0.07990010456331455,0.0006955047276179137
v5_250k,v5,5. Les deux,250k,250000,24,v1v2_sans_selection,pess,10,expo_brute,False,0.41619,0.5766596986953074,0.0399999999999999,0.21533,0.17,0.4,4,40000,cagr_med,0.001216966581405275,0.0006603448686065488
v5_250k,v5,5. Les deux,250k,250000,24,v1v2_sans_selection,central,10,expo_brute,False,0.41619,0.5766596986953074,0.24,0.21533,0.17,0.4,4,40000,cagr_med,0.04575954318874342,0.0006301450665239872
v5_250k,v5,5. Les deux,250k,250000,24,v1v2_sans_selection,opt,10,expo_brute,False,0.41619,0.5766596986953074,0.44,0.21533,0.17,0.4,4,40000,cagr_med,0.09214083854366076,0.0006422395093545368
v5_1M,v5,5. Les deux,1M,1000000,40,v1v2_sans_selection,pess,10,expo_brute,False,0.37659,0.7169600892217001,0.07,0.21539,0.17,0.4,4,40000,cagr_med,0.00910046016517125,0.0011847791813655324
v5_1M,v5,5. Les deux,1M,1000000,40,v1v2_sans_selection,central,10,expo_brute,False,0.37659,0.7169600892217001,0.27,0.21539,0.17,0.4,4,40000,cagr_med,0.0536411151715158,0.0012245281295427731
v5_1M,v5,5. Les deux,1M,1000000,40,v1v2_sans_selection,opt,10,expo_brute,False,0.37659,0.7169600892217001,0.47,0.21539,0.17,0.4,4,40000,cagr_med,0.10010122786071203,0.0012648803766790709
v1_100k,v1,1. Montant fixe,100k,100000,13,commune,central,5,marge_contrats,False,0.066005,0.4987282429804,0.0329185576779213,0.38963,0.18356,0.6003541025998791,4,40000,cagr_med,-0.05805297715488595,0.0013540335465588938
v1_250k,v1,1. Montant fixe,250k,250000,21,commune,central,5,marge_contrats,False,-0.01434,0.5766596986953074,-0.0082693000792907,0.37385,0.17136,0.5706796489109739,4,40000,cagr_med,-0.06393985301403025,0.0012909039881692345
v1_1M,v1,1. Montant fixe,1M,1000000,36,commune,central,5,marge_contrats,False,0.014638,0.7169600892217001,0.0104948617860272,0.34739,0.16591,0.5368636190166675,4,40000,cagr_med,-0.044002736590098596,0.0007572795952577331
v2_100k,v2,2. Système actuel,100k,100000,13,commune,central,5,marge_contrats,False,0.25477,0.4987282429804,0.1270609944641165,0.20601,0.10646,0.3268325408120552,4,40000,cagr_med,0.016429544844743123,0.0009291422343936205
v2_250k,v2,2. Système actuel,250k,250000,21,commune,central,5,marge_contrats,False,0.29366,0.5766596986953074,0.1693418871188639,0.19482,0.11062,0.3187126949333581,4,40000,cagr_med,0.027828723259510375,0.001308066214735573
v2_1M,v2,2. Système actuel,1M,1000000,36,commune,central,5,marge_contrats,False,0.26414,0.7169600892217001,0.1893778379670198,0.20608,0.11957,0.3396284985375365,4,40000,cagr_med,0.03344532885316985,0.0007969146721611824
v3_100k,v3,3. + stratégie 13,100k,100000,14,commune,central,5,marge_contrats,False,0.284,0.4987282429804,0.1416388210064336,0.22245,0.12293,0.3608886995953677,4,40000,cagr_med,0.0181403749826032,0.0010051161910619422
v3_250k,v3,3. + stratégie 13,250k,250000,22,commune,central,5,marge_contrats,False,0.36765,0.5766596986953074,0.2120089382253297,0.20811,0.12633,0.348618115915107,4,40000,cagr_med,0.0376599284950073,0.0006874451367224227
v3_1M,v3,3. + stratégie 13,1M,1000000,37,commune,central,5,marge_contrats,False,0.32045,0.7169600892217001,0.2297498605910937,0.2125,0.13419,0.3611039700078927,4,40000,cagr_med,0.0425835931458219,0.0003704216597164106
v4_100k,v4,4. + pilotage du risque,100k,100000,13,commune,central,5,marge_contrats,False,0.39254,0.4987282429804,0.1957707844995262,0.21286,0.1175,0.3452001069717687,4,40000,cagr_med,0.033870084013176927,0.0007273381281685812
v4_250k,v4,4. + pilotage du risque,250k,250000,23,commune,central,5,marge_contrats,False,0.39268,0.5766596986953074,0.2264427304836733,0.21289,0.13386,0.3612537677053824,4,40000,cagr_med,0.04295533732320665,0.0008381424314352518
v4_1M,v4,4. + pilotage du risque,1M,1000000,38,commune,central,5,marge_contrats,False,0.37235,0.7169600892217001,0.2669600892217,0.21464,0.1405,0.369699127164678,4,40000,cagr_med,0.05346673875117055,0.0007690710060648923
v5_100k,v5,5. Les deux,100k,100000,14,commune,central,5,marge_contrats,False,0.40102,0.4987282429804,0.2,0.21501,0.12384,0.35384,4,40000,cagr_med,0.0338063302349005,0.000634678056100994
v5_250k,v5,5. Les deux,250k,250000,24,commune,central,5,marge_contrats,False,0.41619,0.5766596986953074,0.24,0.21533,0.14192,0.37192,4,40000,cagr_med,0.0463194222959282,0.001172261311914648
v5_1M,v5,5. Les deux,1M,1000000,40,commune,central,5,marge_contrats,False,0.37659,0.7169600892217001,0.27,0.21539,0.14745,0.37745,4,40000,cagr_med,0.0538303440324337,0.0009652707570206939
v1_100k,v1,1. Montant fixe,100k,100000,13,commune,central,10,marge_contrats,False,0.066005,0.4987282429804,0.0329185576779213,0.38963,0.18356,0.6003541025998791,4,40000,cagr_med,-0.05732159903286485,0.000551750956356733
v1_250k,v1,1. Montant fixe,250k,250000,21,commune,central,10,marge_contrats,False,-0.01434,0.5766596986953074,-0.0082693000792907,0.37385,0.17136,0.5706796489109739,4,40000,cagr_med,-0.06166216027315235,0.0006856058229595275
v1_1M,v1,1. Montant fixe,1M,1000000,36,commune,central,10,marge_contrats,False,0.014638,0.7169600892217001,0.0104948617860272,0.34739,0.16591,0.5368636190166675,4,40000,cagr_med,-0.042010909328913174,0.0009770878182453232
v2_100k,v2,2. Système actuel,100k,100000,13,commune,central,10,marge_contrats,False,0.25477,0.4987282429804,0.1270609944641165,0.20601,0.10646,0.3268325408120552,4,40000,cagr_med,0.01834556690698345,0.0005051522142942747
v2_250k,v2,2. Système actuel,250k,250000,21,commune,central,10,marge_contrats,False,0.29366,0.5766596986953074,0.1693418871188639,0.19482,0.11062,0.3187126949333581,4,40000,cagr_med,0.029581211303477024,0.0009096795759280681
v2_1M,v2,2. Système actuel,1M,1000000,36,commune,central,10,marge_contrats,False,0.26414,0.7169600892217001,0.1893778379670198,0.20608,0.11957,0.3396284985375365,4,40000,cagr_med,0.03476851439531657,0.0009915459507211211
v3_100k,v3,3. + stratégie 13,100k,100000,14,commune,central,10,marge_contrats,False,0.284,0.4987282429804,0.1416388210064336,0.22245,0.12293,0.3608886995953677,4,40000,cagr_med,0.0195959603069027,0.0002733809092430327
v3_250k,v3,3. + stratégie 13,250k,250000,22,commune,central,10,marge_contrats,False,0.36765,0.5766596986953074,0.2120089382253297,0.20811,0.12633,0.348618115915107,4,40000,cagr_med,0.038755224975455825,0.0005744781972801502
v3_1M,v3,3. + stratégie 13,1M,1000000,37,commune,central,10,marge_contrats,False,0.32045,0.7169600892217001,0.2297498605910937,0.2125,0.13419,0.3611039700078927,4,40000,cagr_med,0.0437343083681674,0.000989651586311978
v4_100k,v4,4. + pilotage du risque,100k,100000,13,commune,central,10,marge_contrats,False,0.39254,0.4987282429804,0.1957707844995262,0.21286,0.1175,0.3452001069717687,4,40000,cagr_med,0.034188912010758826,0.00041740858384187917
v4_250k,v4,4. + pilotage du risque,250k,250000,23,commune,central,10,marge_contrats,False,0.39268,0.5766596986953074,0.2264427304836733,0.21289,0.13386,0.3612537677053824,4,40000,cagr_med,0.04242488609969057,0.00045981624508283097
v4_1M,v4,4. + pilotage du risque,1M,1000000,38,commune,central,10,marge_contrats,False,0.37235,0.7169600892217001,0.2669600892217,0.21464,0.1405,0.369699127164678,4,40000,cagr_med,0.05354256253661765,0.000877185175486406
v5_100k,v5,5. Les deux,100k,100000,14,commune,central,10,marge_contrats,False,0.40102,0.4987282429804,0.2,0.21501,0.12384,0.35384,4,40000,cagr_med,0.034499677029954524,0.0006443212726283162
v5_250k,v5,5. Les deux,250k,250000,24,commune,central,10,marge_contrats,False,0.41619,0.5766596986953074,0.24,0.21533,0.14192,0.37192,4,40000,cagr_med,0.046436027769125476,0.0006297258764515047
v5_1M,v5,5. Les deux,1M,1000000,40,commune,central,10,marge_contrats,False,0.37659,0.7169600892217001,0.27,0.21539,0.14745,0.37745,4,40000,cagr_med,0.05418422205541563,0.0012249002826361054
v1_100k,v1,1. Montant fixe,100k,100000,13,commune,pess,5,expo_brute,False,0.066005,0.4987282429804,-0.1670814423220787,0.38963,0.1017170440702665,0.5185111466701455,4,40000,cagr_p10,-0.2500276943906831,0.0004027907278128462
v1_100k,v1,1. Montant fixe,100k,100000,13,commune,central,5,expo_brute,False,0.066005,0.4987282429804,0.0329185576779213,0.38963,0.1017170440702665,0.5185111466701455,4,40000,cagr_p10,-0.18708713723626927,0.0004979359707743517
v1_100k,v1,1. Montant fixe,100k,100000,13,commune,opt,5,expo_brute,False,0.066005,0.4987282429804,0.2329185576779213,0.38963,0.1017170440702665,0.5185111466701455,4,40000,cagr_p10,-0.1190020485366228,0.0004972634554147702
v1_250k,v1,1. Montant fixe,250k,250000,21,commune,pess,5,expo_brute,False,-0.01434,0.5766596986953074,-0.2082693000792907,0.37385,0.1017170440702665,0.5010366929812404,4,40000,cagr_p10,-0.25178952004756777,0.0011873606376217717
v1_250k,v1,1. Montant fixe,250k,250000,21,commune,central,5,expo_brute,False,-0.01434,0.5766596986953074,-0.0082693000792907,0.37385,0.1017170440702665,0.5010366929812404,4,40000,cagr_p10,-0.19249403847742458,0.0012014442565306247
v1_250k,v1,1. Montant fixe,250k,250000,21,commune,opt,5,expo_brute,False,-0.01434,0.5766596986953074,0.1917306999207093,0.37385,0.1017170440702665,0.5010366929812404,4,40000,cagr_p10,-0.12889094310335691,0.0013599284058363448
v1_1M,v1,1. Montant fixe,1M,1000000,36,commune,pess,5,expo_brute,False,0.014638,0.7169600892217001,-0.1895051382139728,0.34739,0.1017170440702665,0.472670663086934,4,40000,cagr_p10,-0.22288433473499614,0.0004680534646709321
v1_1M,v1,1. Montant fixe,1M,1000000,36,commune,central,5,expo_brute,False,0.014638,0.7169600892217001,0.0104948617860272,0.34739,0.1017170440702665,0.472670663086934,4,40000,cagr_p10,-0.16671762257301623,0.0004783297772083469
v1_1M,v1,1. Montant fixe,1M,1000000,36,commune,opt,5,expo_brute,False,0.014638,0.7169600892217001,0.2104948617860272,0.34739,0.1017170440702665,0.472670663086934,4,40000,cagr_p10,-0.10656731651032697,0.0005025898896230162
v2_100k,v2,2. Système actuel,100k,100000,13,commune,pess,5,expo_brute,False,0.25477,0.4987282429804,-0.0729390055358835,0.20601,0.1082974145291847,0.32866995534124,4,40000,cagr_p10,-0.11309040006928323,0.0008554664033546909
v2_100k,v2,2. Système actuel,100k,100000,13,commune,central,5,expo_brute,False,0.25477,0.4987282429804,0.1270609944641165,0.20601,0.1082974145291847,0.32866995534124,4,40000,cagr_p10,-0.07493539464823415,0.0009157587607892139
v2_100k,v2,2. Système actuel,100k,100000,13,commune,opt,5,expo_brute,False,0.25477,0.4987282429804,0.3270609944641165,0.20601,0.1082974145291847,0.32866995534124,4,40000,cagr_p10,-0.035206400051655,0.0009586442117319898
v2_250k,v2,2. Système actuel,250k,250000,21,commune,pess,5,expo_brute,False,0.29366,0.5766596986953074,-0.0306581128811361,0.19482,0.1082974145291847,0.3163901094625428,4,40000,cagr_p10,-0.10534564796531858,0.0005157803072208835
v2_250k,v2,2. Système actuel,250k,250000,21,commune,central,5,expo_brute,False,0.29366,0.5766596986953074,0.1693418871188639,0.19482,0.1082974145291847,0.3163901094625428,4,40000,cagr_p10,-0.0694907882180012,0.0005387607768172805
v2_250k,v2,2. Système actuel,250k,250000,21,commune,opt,5,expo_brute,False,0.29366,0.5766596986953074,0.3693418871188639,0.19482,0.1082974145291847,0.3163901094625428,4,40000,cagr_p10,-0.03223278129806405,0.0005607940321823551
v2_1M,v2,2. Système actuel,1M,1000000,36,commune,pess,5,expo_brute,False,0.26414,0.7169600892217001,-0.0106221620329802,0.20608,0.1082974145291847,0.3283559130667213,4,40000,cagr_p10,-0.10652443063278155,0.0003762471598872166
v2_1M,v2,2. Système actuel,1M,1000000,36,commune,central,5,expo_brute,False,0.26414,0.7169600892217001,0.1893778379670198,0.20608,0.1082974145291847,0.3283559130667213,4,40000,cagr_p10,-0.06884102388537225,0.00038989605628222875
v2_1M,v2,2. Système actuel,1M,1000000,36,commune,opt,5,expo_brute,False,0.26414,0.7169600892217001,0.3893778379670198,0.20608,0.1082974145291847,0.3283559130667213,4,40000,cagr_p10,-0.0295833015520334,0.00040215747841312595
v3_100k,v3,3. + stratégie 13,100k,100000,14,commune,pess,5,expo_brute,True,0.284,0.4987282429804,-0.0583611789935664,0.22245,0.1310906565570317,0.3690493561523995,4,40000,cagr_p10,-0.12561676689020404,0.0009495145075942895
v3_100k,v3,3. + stratégie 13,100k,100000,14,commune,central,5,expo_brute,True,0.284,0.4987282429804,0.1416388210064336,0.22245,0.1310906565570317,0.3690493561523995,4,40000,cagr_p10,-0.0849219062049678,0.0009923190917266176
v3_100k,v3,3. + stratégie 13,100k,100000,14,commune,opt,5,expo_brute,True,0.284,0.4987282429804,0.3416388210064336,0.22245,0.1310906565570317,0.3690493561523995,4,40000,cagr_p10,-0.0423852631170432,0.0010425465961628351
v3_250k,v3,3. + stratégie 13,250k,250000,22,commune,pess,5,expo_brute,True,0.36765,0.5766596986953074,0.0120089382253296,0.20811,0.1310906565570317,0.3533787724721388,4,40000,cagr_p10,-0.11213196636664763,0.0008766279494651638
v3_250k,v3,3. + stratégie 13,250k,250000,22,commune,central,5,expo_brute,True,0.36765,0.5766596986953074,0.2120089382253297,0.20811,0.1310906565570317,0.3533787724721388,4,40000,cagr_p10,-0.07405072804517743,0.0009432698777423408
v3_250k,v3,3. + stratégie 13,250k,250000,22,commune,opt,5,expo_brute,True,0.36765,0.5766596986953074,0.4120089382253297,0.20811,0.1310906565570317,0.3533787724721388,4,40000,cagr_p10,-0.0344003677676238,0.0009877243281129504
v3_1M,v3,3. + stratégie 13,1M,1000000,37,commune,pess,5,expo_brute,True,0.32045,0.7169600892217001,0.0297498605910936,0.2125,0.1310906565570317,0.3580046265649245,4,40000,cagr_p10,-0.10703046850183333,0.0001614184685583364
v3_1M,v3,3. + stratégie 13,1M,1000000,37,commune,central,5,expo_brute,True,0.32045,0.7169600892217001,0.2297498605910937,0.2125,0.1310906565570317,0.3580046265649245,4,40000,cagr_p10,-0.06816604213773693,0.0001675004366950809
v3_1M,v3,3. + stratégie 13,1M,1000000,37,commune,opt,5,expo_brute,True,0.32045,0.7169600892217001,0.4297498605910937,0.2125,0.1310906565570317,0.3580046265649245,4,40000,cagr_p10,-0.027630613571682325,0.0001776338546251464
v4_100k,v4,4. + pilotage du risque,100k,100000,13,commune,pess,5,expo_brute,True,0.39254,0.4987282429804,-0.0042292155004738,0.21286,0.1505511344877443,0.3782512414595131,4,40000,cagr_p10,-0.11571274024480613,0.0012113351895002475
v4_100k,v4,4. + pilotage du risque,100k,100000,13,commune,central,5,expo_brute,True,0.39254,0.4987282429804,0.1957707844995262,0.21286,0.1505511344877443,0.3782512414595131,4,40000,cagr_p10,-0.07637041993955053,0.0012615152010215106
v4_100k,v4,4. + pilotage du risque,100k,100000,13,commune,opt,5,expo_brute,True,0.39254,0.4987282429804,0.3957707844995262,0.21286,0.1505511344877443,0.3782512414595131,4,40000,cagr_p10,-0.035309320967923,0.0013051176299647316
v4_250k,v4,4. + pilotage du risque,250k,250000,23,commune,pess,5,expo_brute,True,0.39268,0.5766596986953074,0.0264427304836732,0.21289,0.1505511344877443,0.3779449021931268,4,40000,cagr_p10,-0.11894015891516718,0.0008439368047749901
v4_250k,v4,4. + pilotage du risque,250k,250000,23,commune,central,5,expo_brute,True,0.39268,0.5766596986953074,0.2264427304836733,0.21289,0.1505511344877443,0.3779449021931268,4,40000,cagr_p10,-0.0802602569985439,0.0008763177504236789
v4_250k,v4,4. + pilotage du risque,250k,250000,23,commune,opt,5,expo_brute,True,0.39268,0.5766596986953074,0.4264427304836733,0.21289,0.1505511344877443,0.3779449021931268,4,40000,cagr_p10,-0.039929546170834246,0.0009270637064214884
v4_1M,v4,4. + pilotage du risque,1M,1000000,38,commune,pess,5,expo_brute,True,0.37235,0.7169600892217001,0.0669600892216999,0.21464,0.1505511344877443,0.3797502616524224,4,40000,cagr_p10,-0.10478758331269752,0.00044393792575488376
v4_1M,v4,4. + pilotage du risque,1M,1000000,38,commune,central,5,expo_brute,True,0.37235,0.7169600892217001,0.2669600892217,0.21464,0.1505511344877443,0.3797502616524224,4,40000,cagr_p10,-0.06542362399404117,0.0004581136936583428
v4_1M,v4,4. + pilotage du risque,1M,1000000,38,commune,opt,5,expo_brute,True,0.37235,0.7169600892217001,0.4669600892217,0.21464,0.1505511344877443,0.3797502616524224,4,40000,cagr_p10,-0.02434855268097125,0.00047389439745084875
v5_100k,v5,5. Les deux,100k,100000,14,commune,pess,5,expo_brute,True,0.40102,0.4987282429804,0.0,0.21501,0.17,0.4,4,40000,cagr_p10,-0.11609831556396233,0.0010016026729536536
v5_100k,v5,5. Les deux,100k,100000,14,commune,central,5,expo_brute,True,0.40102,0.4987282429804,0.2,0.21501,0.17,0.4,4,40000,cagr_p10,-0.07636605873214947,0.0010488385086290602
v5_100k,v5,5. Les deux,100k,100000,14,commune,opt,5,expo_brute,True,0.40102,0.4987282429804,0.4,0.21501,0.17,0.4,4,40000,cagr_p10,-0.03490665088661547,0.0010915294618965461
v5_250k,v5,5. Les deux,250k,250000,24,commune,pess,5,expo_brute,True,0.41619,0.5766596986953074,0.0399999999999999,0.21533,0.17,0.4,4,40000,cagr_p10,-0.11877091415463185,0.0007590775887551843
v5_250k,v5,5. Les deux,250k,250000,24,commune,central,5,expo_brute,True,0.41619,0.5766596986953074,0.24,0.21533,0.17,0.4,4,40000,cagr_p10,-0.07961219255023787,0.0007710584586179873
v5_250k,v5,5. Les deux,250k,250000,24,commune,opt,5,expo_brute,True,0.41619,0.5766596986953074,0.44,0.21533,0.17,0.4,4,40000,cagr_p10,-0.0387610226432845,0.0008036733536546821
v5_1M,v5,5. Les deux,1M,1000000,40,commune,pess,5,expo_brute,True,0.37659,0.7169600892217001,0.07,0.21539,0.17,0.4,4,40000,cagr_p10,-0.10747434614166987,0.0006358485048575084
v5_1M,v5,5. Les deux,1M,1000000,40,commune,central,5,expo_brute,True,0.37659,0.7169600892217001,0.27,0.21539,0.17,0.4,4,40000,cagr_p10,-0.06808376820159365,0.0006619947302239903
v5_1M,v5,5. Les deux,1M,1000000,40,commune,opt,5,expo_brute,True,0.37659,0.7169600892217001,0.47,0.21539,0.17,0.4,4,40000,cagr_p10,-0.026980190545378,0.0006915324242166021
v1_100k,v1,1. Montant fixe,100k,100000,13,commune,pess,10,expo_brute,False,0.066005,0.4987282429804,-0.1670814423220787,0.38963,0.1017170440702665,0.5185111466701455,4,40000,cagr_p10,-0.22420677726150207,0.0009837927259219324
v1_100k,v1,1. Montant fixe,100k,100000,13,commune,central,10,expo_brute,False,0.066005,0.4987282429804,0.0329185576779213,0.38963,0.1017170440702665,0.5185111466701455,4,40000,cagr_p10,-0.15409795094666992,0.0011380405597782243
v1_100k,v1,1. Montant fixe,100k,100000,13,commune,opt,10,expo_brute,False,0.066005,0.4987282429804,0.2329185576779213,0.38963,0.1017170440702665,0.5185111466701455,4,40000,cagr_p10,-0.08032447837664256,0.001150692727518247
v1_250k,v1,1. Montant fixe,250k,250000,21,commune,pess,10,expo_brute,False,-0.01434,0.5766596986953074,-0.2082693000792907,0.37385,0.1017170440702665,0.5010366929812404,4,40000,cagr_p10,-0.2228757984737207,0.0010574665977327244
v1_250k,v1,1. Montant fixe,250k,250000,21,commune,central,10,expo_brute,False,-0.01434,0.5766596986953074,-0.0082693000792907,0.37385,0.1017170440702665,0.5010366929812404,4,40000,cagr_p10,-0.15896121779020034,0.0011300848033719833
v1_250k,v1,1. Montant fixe,250k,250000,21,commune,opt,10,expo_brute,False,-0.01434,0.5766596986953074,0.1917306999207093,0.37385,0.1017170440702665,0.5010366929812404,4,40000,cagr_p10,-0.09093570962653555,0.0010887821907915737
v1_1M,v1,1. Montant fixe,1M,1000000,36,commune,pess,10,expo_brute,False,0.014638,0.7169600892217001,-0.1895051382139728,0.34739,0.1017170440702665,0.472670663086934,4,40000,cagr_p10,-0.19080939098496796,0.000256724762706764
v1_1M,v1,1. Montant fixe,1M,1000000,36,commune,central,10,expo_brute,False,0.014638,0.7169600892217001,0.0104948617860272,0.34739,0.1017170440702665,0.472670663086934,4,40000,cagr_p10,-0.13191848994364802,0.0003149700177401648
v1_1M,v1,1. Montant fixe,1M,1000000,36,commune,opt,10,expo_brute,False,0.014638,0.7169600892217001,0.2104948617860272,0.34739,0.1017170440702665,0.472670663086934,4,40000,cagr_p10,-0.06901130796994062,0.00035271455948858
v2_100k,v2,2. Système actuel,100k,100000,13,commune,pess,10,expo_brute,False,0.25477,0.4987282429804,-0.0729390055358835,0.20601,0.1082974145291847,0.32866995534124,4,40000,cagr_p10,-0.089080460951591,0.001295559094696454
v2_100k,v2,2. Système actuel,100k,100000,13,commune,central,10,expo_brute,False,0.25477,0.4987282429804,0.1270609944641165,0.20601,0.1082974145291847,0.32866995534124,4,40000,cagr_p10,-0.04890612265530005,0.0013618810768498237
v2_100k,v2,2. Système actuel,100k,100000,13,commune,opt,10,expo_brute,False,0.25477,0.4987282429804,0.3270609944641165,0.20601,0.1082974145291847,0.32866995534124,4,40000,cagr_p10,-0.007191424398465375,0.0013748406536827009
v2_250k,v2,2. Système actuel,250k,250000,21,commune,pess,10,expo_brute,False,0.29366,0.5766596986953074,-0.0306581128811361,0.19482,0.1082974145291847,0.3163901094625428,4,40000,cagr_p10,-0.07791482397067567,0.0007941059345211974
v2_250k,v2,2. Système actuel,250k,250000,21,commune,central,10,expo_brute,False,0.29366,0.5766596986953074,0.1693418871188639,0.19482,0.1082974145291847,0.3163901094625428,4,40000,cagr_p10,-0.0405965200592761,0.0008297538684352259
v2_250k,v2,2. Système actuel,250k,250000,21,commune,opt,10,expo_brute,False,0.29366,0.5766596986953074,0.3693418871188639,0.19482,0.1082974145291847,0.3163901094625428,4,40000,cagr_p10,-0.00191589027660465,0.0008757015523655252
v2_1M,v2,2. Système actuel,1M,1000000,36,commune,pess,10,expo_brute,False,0.26414,0.7169600892217001,-0.0106221620329802,0.20608,0.1082974145291847,0.3283559130667213,4,40000,cagr_p10,-0.07786149348431448,0.0008310251395106402
v2_1M,v2,2. Système actuel,1M,1000000,36,commune,central,10,expo_brute,False,0.26414,0.7169600892217001,0.1893778379670198,0.20608,0.1082974145291847,0.3283559130667213,4,40000,cagr_p10,-0.03887194007770165,0.0008604963400001749
v2_1M,v2,2. Système actuel,1M,1000000,36,commune,opt,10,expo_brute,False,0.26414,0.7169600892217001,0.3893778379670198,0.20608,0.1082974145291847,0.3283559130667213,4,40000,cagr_p10,0.0017140504652152998,0.0008945456601996586
v3_100k,v3,3. + stratégie 13,100k,100000,14,commune,pess,10,expo_brute,True,0.284,0.4987282429804,-0.0583611789935664,0.22245,0.1310906565570317,0.3690493561523995,4,40000,cagr_p10,-0.09852445689236622,0.0008189366925514778
v3_100k,v3,3. + stratégie 13,100k,100000,14,commune,central,10,expo_brute,True,0.284,0.4987282429804,0.1416388210064336,0.22245,0.1310906565570317,0.3690493561523995,4,40000,cagr_p10,-0.05543160695789062,0.0008669283501061157
v3_100k,v3,3. + stratégie 13,100k,100000,14,commune,opt,10,expo_brute,True,0.284,0.4987282429804,0.3416388210064336,0.22245,0.1310906565570317,0.3690493561523995,4,40000,cagr_p10,-0.0106037881707575,0.0009237438048505411
v3_250k,v3,3. + stratégie 13,250k,250000,22,commune,pess,10,expo_brute,True,0.36765,0.5766596986953074,0.0120089382253296,0.20811,0.1310906565570317,0.3533787724721388,4,40000,cagr_p10,-0.08160921876512142,0.0005227634482589086
v3_250k,v3,3. + stratégie 13,250k,250000,22,commune,central,10,expo_brute,True,0.36765,0.5766596986953074,0.2120089382253297,0.20811,0.1310906565570317,0.3533787724721388,4,40000,cagr_p10,-0.04174353414468672,0.0005210880758900486
v3_250k,v3,3. + stratégie 13,250k,250000,22,commune,opt,10,expo_brute,True,0.36765,0.5766596986953074,0.4120089382253297,0.20811,0.1310906565570317,0.3533787724721388,4,40000,cagr_p10,-0.000427077107143775,0.000498070532030639
v3_1M,v3,3. + stratégie 13,1M,1000000,37,commune,pess,10,expo_brute,True,0.32045,0.7169600892217001,0.0297498605910936,0.2125,0.1310906565570317,0.3580046265649245,4,40000,cagr_p10,-0.07552809284697726,0.0011163562398073675
v3_1M,v3,3. + stratégie 13,1M,1000000,37,commune,central,10,expo_brute,True,0.32045,0.7169600892217001,0.2297498605910937,0.2125,0.1310906565570317,0.3580046265649245,4,40000,cagr_p10,-0.03520276885816748,0.0011775638913870904
v3_1M,v3,3. + stratégie 13,1M,1000000,37,commune,opt,10,expo_brute,True,0.32045,0.7169600892217001,0.4297498605910937,0.2125,0.1310906565570317,0.3580046265649245,4,40000,cagr_p10,0.00684293269770655,0.001219135350758645
v4_100k,v4,4. + pilotage du risque,100k,100000,13,commune,pess,10,expo_brute,True,0.39254,0.4987282429804,-0.0042292155004738,0.21286,0.1505511344877443,0.3782512414595131,4,40000,cagr_p10,-0.08761131849503978,0.0013273335742338104
v4_100k,v4,4. + pilotage du risque,100k,100000,13,commune,central,10,expo_brute,True,0.39254,0.4987282429804,0.1957707844995262,0.21286,0.1505511344877443,0.3782512414595131,4,40000,cagr_p10,-0.04602889322699477,0.0013816762754653353
v4_100k,v4,4. + pilotage du risque,100k,100000,13,commune,opt,10,expo_brute,True,0.39254,0.4987282429804,0.3957707844995262,0.21286,0.1505511344877443,0.3782512414595131,4,40000,cagr_p10,-0.002857784930609775,0.0014586559419500996
v4_250k,v4,4. + pilotage du risque,250k,250000,23,commune,pess,10,expo_brute,True,0.39268,0.5766596986953074,0.0264427304836732,0.21289,0.1505511344877443,0.3779449021931268,4,40000,cagr_p10,-0.08600484120922063,0.0007728930341861875
v4_250k,v4,4. + pilotage du risque,250k,250000,23,commune,central,10,expo_brute,True,0.39268,0.5766596986953074,0.2264427304836733,0.21289,0.1505511344877443,0.3779449021931268,4,40000,cagr_p10,-0.045412994951067674,0.0007772199246115579
v4_250k,v4,4. + pilotage du risque,250k,250000,23,commune,opt,10,expo_brute,True,0.39268,0.5766596986953074,0.4264427304836733,0.21289,0.1505511344877443,0.3779449021931268,4,40000,cagr_p10,-0.00330557508444225,0.0007951579949832748
v4_1M,v4,4. + pilotage du risque,1M,1000000,38,commune,pess,10,expo_brute,True,0.37235,0.7169600892217001,0.0669600892216999,0.21464,0.1505511344877443,0.3797502616524224,4,40000,cagr_p10,-0.0721587780162145,0.0011598889001315405
v4_1M,v4,4. + pilotage du risque,1M,1000000,38,commune,central,10,expo_brute,True,0.37235,0.7169600892217001,0.2669600892217,0.21464,0.1505511344877443,0.3797502616524224,4,40000,cagr_p10,-0.03127671000032515,0.0012185899766487902
v4_1M,v4,4. + pilotage du risque,1M,1000000,38,commune,opt,10,expo_brute,True,0.37235,0.7169600892217001,0.4669600892217,0.21464,0.1505511344877443,0.3797502616524224,4,40000,cagr_p10,0.0113581294903101,0.001257619347498553
v5_100k,v5,5. Les deux,100k,100000,14,commune,pess,10,expo_brute,True,0.40102,0.4987282429804,0.0,0.21501,0.17,0.4,4,40000,cagr_p10,-0.0875026702596043,0.0005055043700476813
v5_100k,v5,5. Les deux,100k,100000,14,commune,central,10,expo_brute,True,0.40102,0.4987282429804,0.2,0.21501,0.17,0.4,4,40000,cagr_p10,-0.045467945171770226,0.0005564180198417692
v5_100k,v5,5. Les deux,100k,100000,14,commune,opt,10,expo_brute,True,0.40102,0.4987282429804,0.4,0.21501,0.17,0.4,4,40000,cagr_p10,-0.0017774531144142,0.0005634847829897913
v5_250k,v5,5. Les deux,250k,250000,24,commune,pess,10,expo_brute,True,0.41619,0.5766596986953074,0.0399999999999999,0.21533,0.17,0.4,4,40000,cagr_p10,-0.08523222531115335,0.0013089464411987135
v5_250k,v5,5. Les deux,250k,250000,24,commune,central,10,expo_brute,True,0.41619,0.5766596986953074,0.24,0.21533,0.17,0.4,4,40000,cagr_p10,-0.04414935175179245,0.00132855245072999
v5_250k,v5,5. Les deux,250k,250000,24,commune,opt,10,expo_brute,True,0.41619,0.5766596986953074,0.44,0.21533,0.17,0.4,4,40000,cagr_p10,-0.0014743419879381158,0.0013694131903561626
v5_1M,v5,5. Les deux,1M,1000000,40,commune,pess,10,expo_brute,True,0.37659,0.7169600892217001,0.07,0.21539,0.17,0.4,4,40000,cagr_p10,-0.07409415347550215,0.0013303107910175324
v5_1M,v5,5. Les deux,1M,1000000,40,commune,central,10,expo_brute,True,0.37659,0.7169600892217001,0.27,0.21539,0.17,0.4,4,40000,cagr_p10,-0.03314564666166165,0.0013870838422631886
v5_1M,v5,5. Les deux,1M,1000000,40,commune,opt,10,expo_brute,True,0.37659,0.7169600892217001,0.47,0.21539,0.17,0.4,4,40000,cagr_p10,0.00955997771524765,0.0014221611317847302
v1_100k,v1,1. Montant fixe,100k,100000,13,v1v2_sans_selection,pess,5,expo_brute,True,0.066005,0.4987282429804,-0.1588098317415591,0.38963,0.1017170440702665,0.5185111466701455,4,40000,cagr_p10,-0.2475184663363014,0.00040663037909640135
v1_100k,v1,1. Montant fixe,100k,100000,13,v1v2_sans_selection,central,5,expo_brute,True,0.066005,0.4987282429804,0.0411901682584409,0.38963,0.1017170440702665,0.5185111466701455,4,40000,cagr_p10,-0.18437795595253811,0.0005007832409499043
v1_100k,v1,1. Montant fixe,100k,100000,13,v1v2_sans_selection,opt,5,expo_brute,True,0.066005,0.4987282429804,0.2411901682584409,0.38963,0.1017170440702665,0.5185111466701455,4,40000,cagr_p10,-0.11607347188123625,0.0005002555983149088
v1_250k,v1,1. Montant fixe,250k,250000,21,v1v2_sans_selection,pess,5,expo_brute,True,-0.01434,0.5766596986953074,-0.209786975059468,0.37385,0.1017170440702665,0.5010366929812404,4,40000,cagr_p10,-0.25222266382633385,0.0011863482879366576
v1_250k,v1,1. Montant fixe,250k,250000,21,v1v2_sans_selection,central,5,expo_brute,True,-0.01434,0.5766596986953074,-0.009786975059468,0.37385,0.1017170440702665,0.5010366929812404,4,40000,cagr_p10,-0.19296081409192817,0.0012007912970891212
v1_250k,v1,1. Montant fixe,250k,250000,21,v1v2_sans_selection,opt,5,expo_brute,True,-0.01434,0.5766596986953074,0.190213024940532,0.37385,0.1017170440702665,0.5010366929812404,4,40000,cagr_p10,-0.12939015863183728,0.001359309720307651
v1_1M,v1,1. Montant fixe,1M,1000000,36,v1v2_sans_selection,pess,5,expo_brute,True,0.014638,0.7169600892217001,-0.1884693536604796,0.34739,0.1017170440702665,0.472670663086934,4,40000,cagr_p10,-0.22260330288558167,0.0004681207773974156
v1_1M,v1,1. Montant fixe,1M,1000000,36,v1v2_sans_selection,central,5,expo_brute,True,0.014638,0.7169600892217001,0.0115306463395204,0.34739,0.1017170440702665,0.472670663086934,4,40000,cagr_p10,-0.1664165707364322,0.0004784052172584018
v1_1M,v1,1. Montant fixe,1M,1000000,36,v1v2_sans_selection,opt,5,expo_brute,True,0.014638,0.7169600892217001,0.2115306463395204,0.34739,0.1017170440702665,0.472670663086934,4,40000,cagr_p10,-0.10624493259971682,0.0005027428726664557
v2_100k,v2,2. Système actuel,100k,100000,13,v1v2_sans_selection,pess,5,expo_brute,True,0.25477,0.4987282429804,-0.0410117541519126,0.20601,0.1082974145291847,0.32866995534124,4,40000,cagr_p10,-0.10710048988439645,0.0008636996625620017
v2_100k,v2,2. Système actuel,100k,100000,13,v1v2_sans_selection,central,5,expo_brute,True,0.25477,0.4987282429804,0.1589882458480874,0.20601,0.1082974145291847,0.32866995534124,4,40000,cagr_p10,-0.06870490091765663,0.0009314764690932419
v2_100k,v2,2. Système actuel,100k,100000,13,v1v2_sans_selection,opt,5,expo_brute,True,0.25477,0.4987282429804,0.3589882458480874,0.20601,0.1082974145291847,0.32866995534124,4,40000,cagr_p10,-0.028712234552425123,0.0009657877692206356
v2_250k,v2,2. Système actuel,250k,250000,21,v1v2_sans_selection,pess,5,expo_brute,True,0.29366,0.5766596986953074,0.0004214153391478,0.19482,0.1082974145291847,0.3163901094625428,4,40000,cagr_p10,-0.09986370615574595,0.0005191722635452091
v2_250k,v2,2. Système actuel,250k,250000,21,v1v2_sans_selection,central,5,expo_brute,True,0.29366,0.5766596986953074,0.2004214153391479,0.19482,0.1082974145291847,0.3163901094625428,4,40000,cagr_p10,-0.06379476012117935,0.000542582141700953
v2_250k,v2,2. Système actuel,250k,250000,21,v1v2_sans_selection,opt,5,expo_brute,True,0.29366,0.5766596986953074,0.4004214153391479,0.19482,0.1082974145291847,0.3163901094625428,4,40000,cagr_p10,-0.026311812189955274,0.000563258033579148
v2_1M,v2,2. Système actuel,1M,1000000,36,v1v2_sans_selection,pess,5,expo_brute,True,0.26414,0.7169600892217001,0.0080683784752647,0.20608,0.1082974145291847,0.3283559130667213,4,40000,cagr_p10,-0.10306760966801182,0.0003775941515493118
v2_1M,v2,2. Système actuel,1M,1000000,36,v1v2_sans_selection,central,5,expo_brute,True,0.26414,0.7169600892217001,0.2080683784752648,0.20608,0.1082974145291847,0.3283559130667213,4,40000,cagr_p10,-0.06524013853798541,0.00039108511858402194
v2_1M,v2,2. Système actuel,1M,1000000,36,v1v2_sans_selection,opt,5,expo_brute,True,0.26414,0.7169600892217001,0.4080683784752648,0.20608,0.1082974145291847,0.3283559130667213,4,40000,cagr_p10,-0.02583170896152405,0.00040330128932458947
v3_100k,v3,3. + stratégie 13,100k,100000,14,v1v2_sans_selection,pess,5,expo_brute,False,0.284,0.4987282429804,-0.0583611789935664,0.22245,0.1310906565570317,0.3690493561523995,4,40000,cagr_p10,-0.12561676689020404,0.0009495145075942895
v3_100k,v3,3. + stratégie 13,100k,100000,14,v1v2_sans_selection,central,5,expo_brute,False,0.284,0.4987282429804,0.1416388210064336,0.22245,0.1310906565570317,0.3690493561523995,4,40000,cagr_p10,-0.0849219062049678,0.0009923190917266176
v3_100k,v3,3. + stratégie 13,100k,100000,14,v1v2_sans_selection,opt,5,expo_brute,False,0.284,0.4987282429804,0.3416388210064336,0.22245,0.1310906565570317,0.3690493561523995,4,40000,cagr_p10,-0.0423852631170432,0.0010425465961628351
v3_250k,v3,3. + stratégie 13,250k,250000,22,v1v2_sans_selection,pess,5,expo_brute,False,0.36765,0.5766596986953074,0.0120089382253296,0.20811,0.1310906565570317,0.3533787724721388,4,40000,cagr_p10,-0.11213196636664763,0.0008766279494651638
v3_250k,v3,3. + stratégie 13,250k,250000,22,v1v2_sans_selection,central,5,expo_brute,False,0.36765,0.5766596986953074,0.2120089382253297,0.20811,0.1310906565570317,0.3533787724721388,4,40000,cagr_p10,-0.07405072804517743,0.0009432698777423408
v3_250k,v3,3. + stratégie 13,250k,250000,22,v1v2_sans_selection,opt,5,expo_brute,False,0.36765,0.5766596986953074,0.4120089382253297,0.20811,0.1310906565570317,0.3533787724721388,4,40000,cagr_p10,-0.0344003677676238,0.0009877243281129504
v3_1M,v3,3. + stratégie 13,1M,1000000,37,v1v2_sans_selection,pess,5,expo_brute,False,0.32045,0.7169600892217001,0.0297498605910936,0.2125,0.1310906565570317,0.3580046265649245,4,40000,cagr_p10,-0.10703046850183333,0.0001614184685583364
v3_1M,v3,3. + stratégie 13,1M,1000000,37,v1v2_sans_selection,central,5,expo_brute,False,0.32045,0.7169600892217001,0.2297498605910937,0.2125,0.1310906565570317,0.3580046265649245,4,40000,cagr_p10,-0.06816604213773693,0.0001675004366950809
v3_1M,v3,3. + stratégie 13,1M,1000000,37,v1v2_sans_selection,opt,5,expo_brute,False,0.32045,0.7169600892217001,0.4297498605910937,0.2125,0.1310906565570317,0.3580046265649245,4,40000,cagr_p10,-0.027630613571682325,0.0001776338546251464
v4_100k,v4,4. + pilotage du risque,100k,100000,13,v1v2_sans_selection,pess,5,expo_brute,False,0.39254,0.4987282429804,-0.0042292155004738,0.21286,0.1505511344877443,0.3782512414595131,4,40000,cagr_p10,-0.11571274024480613,0.0012113351895002475
v4_100k,v4,4. + pilotage du risque,100k,100000,13,v1v2_sans_selection,central,5,expo_brute,False,0.39254,0.4987282429804,0.1957707844995262,0.21286,0.1505511344877443,0.3782512414595131,4,40000,cagr_p10,-0.07637041993955053,0.0012615152010215106
v4_100k,v4,4. + pilotage du risque,100k,100000,13,v1v2_sans_selection,opt,5,expo_brute,False,0.39254,0.4987282429804,0.3957707844995262,0.21286,0.1505511344877443,0.3782512414595131,4,40000,cagr_p10,-0.035309320967923,0.0013051176299647316
v4_250k,v4,4. + pilotage du risque,250k,250000,23,v1v2_sans_selection,pess,5,expo_brute,False,0.39268,0.5766596986953074,0.0264427304836732,0.21289,0.1505511344877443,0.3779449021931268,4,40000,cagr_p10,-0.11894015891516718,0.0008439368047749901
v4_250k,v4,4. + pilotage du risque,250k,250000,23,v1v2_sans_selection,central,5,expo_brute,False,0.39268,0.5766596986953074,0.2264427304836733,0.21289,0.1505511344877443,0.3779449021931268,4,40000,cagr_p10,-0.0802602569985439,0.0008763177504236789
v4_250k,v4,4. + pilotage du risque,250k,250000,23,v1v2_sans_selection,opt,5,expo_brute,False,0.39268,0.5766596986953074,0.4264427304836733,0.21289,0.1505511344877443,0.3779449021931268,4,40000,cagr_p10,-0.039929546170834246,0.0009270637064214884
v4_1M,v4,4. + pilotage du risque,1M,1000000,38,v1v2_sans_selection,pess,5,expo_brute,False,0.37235,0.7169600892217001,0.0669600892216999,0.21464,0.1505511344877443,0.3797502616524224,4,40000,cagr_p10,-0.10478758331269752,0.00044393792575488376
v4_1M,v4,4. + pilotage du risque,1M,1000000,38,v1v2_sans_selection,central,5,expo_brute,False,0.37235,0.7169600892217001,0.2669600892217,0.21464,0.1505511344877443,0.3797502616524224,4,40000,cagr_p10,-0.06542362399404117,0.0004581136936583428
v4_1M,v4,4. + pilotage du risque,1M,1000000,38,v1v2_sans_selection,opt,5,expo_brute,False,0.37235,0.7169600892217001,0.4669600892217,0.21464,0.1505511344877443,0.3797502616524224,4,40000,cagr_p10,-0.02434855268097125,0.00047389439745084875
v5_100k,v5,5. Les deux,100k,100000,14,v1v2_sans_selection,pess,5,expo_brute,False,0.40102,0.4987282429804,0.0,0.21501,0.17,0.4,4,40000,cagr_p10,-0.11609831556396233,0.0010016026729536536
v5_100k,v5,5. Les deux,100k,100000,14,v1v2_sans_selection,central,5,expo_brute,False,0.40102,0.4987282429804,0.2,0.21501,0.17,0.4,4,40000,cagr_p10,-0.07636605873214947,0.0010488385086290602
v5_100k,v5,5. Les deux,100k,100000,14,v1v2_sans_selection,opt,5,expo_brute,False,0.40102,0.4987282429804,0.4,0.21501,0.17,0.4,4,40000,cagr_p10,-0.03490665088661547,0.0010915294618965461
v5_250k,v5,5. Les deux,250k,250000,24,v1v2_sans_selection,pess,5,expo_brute,False,0.41619,0.5766596986953074,0.0399999999999999,0.21533,0.17,0.4,4,40000,cagr_p10,-0.11877091415463185,0.0007590775887551843
v5_250k,v5,5. Les deux,250k,250000,24,v1v2_sans_selection,central,5,expo_brute,False,0.41619,0.5766596986953074,0.24,0.21533,0.17,0.4,4,40000,cagr_p10,-0.07961219255023787,0.0007710584586179873
v5_250k,v5,5. Les deux,250k,250000,24,v1v2_sans_selection,opt,5,expo_brute,False,0.41619,0.5766596986953074,0.44,0.21533,0.17,0.4,4,40000,cagr_p10,-0.0387610226432845,0.0008036733536546821
v5_1M,v5,5. Les deux,1M,1000000,40,v1v2_sans_selection,pess,5,expo_brute,False,0.37659,0.7169600892217001,0.07,0.21539,0.17,0.4,4,40000,cagr_p10,-0.10747434614166987,0.0006358485048575084
v5_1M,v5,5. Les deux,1M,1000000,40,v1v2_sans_selection,central,5,expo_brute,False,0.37659,0.7169600892217001,0.27,0.21539,0.17,0.4,4,40000,cagr_p10,-0.06808376820159365,0.0006619947302239903
v5_1M,v5,5. Les deux,1M,1000000,40,v1v2_sans_selection,opt,5,expo_brute,False,0.37659,0.7169600892217001,0.47,0.21539,0.17,0.4,4,40000,cagr_p10,-0.026980190545378,0.0006915324242166021
v1_100k,v1,1. Montant fixe,100k,100000,13,v1v2_sans_selection,pess,10,expo_brute,True,0.066005,0.4987282429804,-0.1588098317415591,0.38963,0.1017170440702665,0.5185111466701455,4,40000,cagr_p10,-0.22134901473318846,0.0010262168284467324
v1_100k,v1,1. Montant fixe,100k,100000,13,v1v2_sans_selection,central,10,expo_brute,True,0.066005,0.4987282429804,0.0411901682584409,0.38963,0.1017170440702665,0.5185111466701455,4,40000,cagr_p10,-0.15113240271370473,0.0011380861341377037
v1_100k,v1,1. Montant fixe,100k,100000,13,v1v2_sans_selection,opt,10,expo_brute,True,0.066005,0.4987282429804,0.2411901682584409,0.38963,0.1017170440702665,0.5185111466701455,4,40000,cagr_p10,-0.07717836951022486,0.0011587046787166647
v1_250k,v1,1. Montant fixe,250k,250000,21,v1v2_sans_selection,pess,10,expo_brute,True,-0.01434,0.5766596986953074,-0.209786975059468,0.37385,0.1017170440702665,0.5010366929812404,4,40000,cagr_p10,-0.22334767202248174,0.0010613519556537888
v1_250k,v1,1. Montant fixe,250k,250000,21,v1v2_sans_selection,central,10,expo_brute,True,-0.01434,0.5766596986953074,-0.009786975059468,0.37385,0.1017170440702665,0.5010366929812404,4,40000,cagr_p10,-0.15946028322624575,0.0011285634567734224
v1_250k,v1,1. Montant fixe,250k,250000,21,v1v2_sans_selection,opt,10,expo_brute,True,-0.01434,0.5766596986953074,0.190213024940532,0.37385,0.1017170440702665,0.5010366929812404,4,40000,cagr_p10,-0.09146542582185552,0.0010881088096148421
v1_1M,v1,1. Montant fixe,1M,1000000,36,v1v2_sans_selection,pess,10,expo_brute,True,0.014638,0.7169600892217001,-0.1884693536604796,0.34739,0.1017170440702665,0.472670663086934,4,40000,cagr_p10,-0.1905138437640699,0.00025731030132266974
v1_1M,v1,1. Montant fixe,1M,1000000,36,v1v2_sans_selection,central,10,expo_brute,True,0.014638,0.7169600892217001,0.0115306463395204,0.34739,0.1017170440702665,0.472670663086934,4,40000,cagr_p10,-0.13160320499437594,0.0003149581587119663
v1_1M,v1,1. Montant fixe,1M,1000000,36,v1v2_sans_selection,opt,10,expo_brute,True,0.014638,0.7169600892217001,0.2115306463395204,0.34739,0.1017170440702665,0.472670663086934,4,40000,cagr_p10,-0.06867432077304375,0.0003529542143094411
v2_100k,v2,2. Système actuel,100k,100000,13,v1v2_sans_selection,pess,10,expo_brute,True,0.25477,0.4987282429804,-0.0410117541519126,0.20601,0.1082974145291847,0.32866995534124,4,40000,cagr_p10,-0.08277293177137827,0.001307447995132506
v2_100k,v2,2. Système actuel,100k,100000,13,v1v2_sans_selection,central,10,expo_brute,True,0.25477,0.4987282429804,0.1589882458480874,0.20601,0.1082974145291847,0.32866995534124,4,40000,cagr_p10,-0.0423408536796791,0.0013723117004390928
v2_100k,v2,2. Système actuel,100k,100000,13,v1v2_sans_selection,opt,10,expo_brute,True,0.25477,0.4987282429804,0.3589882458480874,0.20601,0.1082974145291847,0.32866995534124,4,40000,cagr_p10,-0.00040848902787175005,0.0013776345370425298
v2_250k,v2,2. Système actuel,250k,250000,21,v1v2_sans_selection,pess,10,expo_brute,True,0.29366,0.5766596986953074,0.0004214153391478,0.19482,0.1082974145291847,0.3163901094625428,4,40000,cagr_p10,-0.0721893484700839,0.0007927404416786392
v2_250k,v2,2. Système actuel,250k,250000,21,v1v2_sans_selection,central,10,expo_brute,True,0.29366,0.5766596986953074,0.2004214153391479,0.19482,0.1082974145291847,0.3163901094625428,4,40000,cagr_p10,-0.034675536272364374,0.0008387557609944699
v2_250k,v2,2. Système actuel,250k,250000,21,v1v2_sans_selection,opt,10,expo_brute,True,0.29366,0.5766596986953074,0.4004214153391479,0.19482,0.1082974145291847,0.3163901094625428,4,40000,cagr_p10,0.0042159132565682995,0.0008836112463779877
v2_1M,v2,2. Système actuel,1M,1000000,36,v1v2_sans_selection,pess,10,expo_brute,True,0.26414,0.7169600892217001,0.0080683784752647,0.20608,0.1082974145291847,0.3283559130667213,4,40000,cagr_p10,-0.07428271643918945,0.0008327214204537989
v2_1M,v2,2. Système actuel,1M,1000000,36,v1v2_sans_selection,central,10,expo_brute,True,0.26414,0.7169600892217001,0.2080683784752648,0.20608,0.1082974145291847,0.3283559130667213,4,40000,cagr_p10,-0.035147904114974426,0.0008635099042875406
v2_1M,v2,2. Système actuel,1M,1000000,36,v1v2_sans_selection,opt,10,expo_brute,True,0.26414,0.7169600892217001,0.4080683784752648,0.20608,0.1082974145291847,0.3283559130667213,4,40000,cagr_p10,0.0055908954599972,0.0008980574503019346
v3_100k,v3,3. + stratégie 13,100k,100000,14,v1v2_sans_selection,pess,10,expo_brute,False,0.284,0.4987282429804,-0.0583611789935664,0.22245,0.1310906565570317,0.3690493561523995,4,40000,cagr_p10,-0.09852445689236622,0.0008189366925514778
v3_100k,v3,3. + stratégie 13,100k,100000,14,v1v2_sans_selection,central,10,expo_brute,False,0.284,0.4987282429804,0.1416388210064336,0.22245,0.1310906565570317,0.3690493561523995,4,40000,cagr_p10,-0.05543160695789062,0.0008669283501061157
v3_100k,v3,3. + stratégie 13,100k,100000,14,v1v2_sans_selection,opt,10,expo_brute,False,0.284,0.4987282429804,0.3416388210064336,0.22245,0.1310906565570317,0.3690493561523995,4,40000,cagr_p10,-0.0106037881707575,0.0009237438048505411
v3_250k,v3,3. + stratégie 13,250k,250000,22,v1v2_sans_selection,pess,10,expo_brute,False,0.36765,0.5766596986953074,0.0120089382253296,0.20811,0.1310906565570317,0.3533787724721388,4,40000,cagr_p10,-0.08160921876512142,0.0005227634482589086
v3_250k,v3,3. + stratégie 13,250k,250000,22,v1v2_sans_selection,central,10,expo_brute,False,0.36765,0.5766596986953074,0.2120089382253297,0.20811,0.1310906565570317,0.3533787724721388,4,40000,cagr_p10,-0.04174353414468672,0.0005210880758900486
v3_250k,v3,3. + stratégie 13,250k,250000,22,v1v2_sans_selection,opt,10,expo_brute,False,0.36765,0.5766596986953074,0.4120089382253297,0.20811,0.1310906565570317,0.3533787724721388,4,40000,cagr_p10,-0.000427077107143775,0.000498070532030639
v3_1M,v3,3. + stratégie 13,1M,1000000,37,v1v2_sans_selection,pess,10,expo_brute,False,0.32045,0.7169600892217001,0.0297498605910936,0.2125,0.1310906565570317,0.3580046265649245,4,40000,cagr_p10,-0.07552809284697726,0.0011163562398073675
v3_1M,v3,3. + stratégie 13,1M,1000000,37,v1v2_sans_selection,central,10,expo_brute,False,0.32045,0.7169600892217001,0.2297498605910937,0.2125,0.1310906565570317,0.3580046265649245,4,40000,cagr_p10,-0.03520276885816748,0.0011775638913870904
v3_1M,v3,3. + stratégie 13,1M,1000000,37,v1v2_sans_selection,opt,10,expo_brute,False,0.32045,0.7169600892217001,0.4297498605910937,0.2125,0.1310906565570317,0.3580046265649245,4,40000,cagr_p10,0.00684293269770655,0.001219135350758645
v4_100k,v4,4. + pilotage du risque,100k,100000,13,v1v2_sans_selection,pess,10,expo_brute,False,0.39254,0.4987282429804,-0.0042292155004738,0.21286,0.1505511344877443,0.3782512414595131,4,40000,cagr_p10,-0.08761131849503978,0.0013273335742338104
v4_100k,v4,4. + pilotage du risque,100k,100000,13,v1v2_sans_selection,central,10,expo_brute,False,0.39254,0.4987282429804,0.1957707844995262,0.21286,0.1505511344877443,0.3782512414595131,4,40000,cagr_p10,-0.04602889322699477,0.0013816762754653353
v4_100k,v4,4. + pilotage du risque,100k,100000,13,v1v2_sans_selection,opt,10,expo_brute,False,0.39254,0.4987282429804,0.3957707844995262,0.21286,0.1505511344877443,0.3782512414595131,4,40000,cagr_p10,-0.002857784930609775,0.0014586559419500996
v4_250k,v4,4. + pilotage du risque,250k,250000,23,v1v2_sans_selection,pess,10,expo_brute,False,0.39268,0.5766596986953074,0.0264427304836732,0.21289,0.1505511344877443,0.3779449021931268,4,40000,cagr_p10,-0.08600484120922063,0.0007728930341861875
v4_250k,v4,4. + pilotage du risque,250k,250000,23,v1v2_sans_selection,central,10,expo_brute,False,0.39268,0.5766596986953074,0.2264427304836733,0.21289,0.1505511344877443,0.3779449021931268,4,40000,cagr_p10,-0.045412994951067674,0.0007772199246115579
v4_250k,v4,4. + pilotage du risque,250k,250000,23,v1v2_sans_selection,opt,10,expo_brute,False,0.39268,0.5766596986953074,0.4264427304836733,0.21289,0.1505511344877443,0.3779449021931268,4,40000,cagr_p10,-0.00330557508444225,0.0007951579949832748
v4_1M,v4,4. + pilotage du risque,1M,1000000,38,v1v2_sans_selection,pess,10,expo_brute,False,0.37235,0.7169600892217001,0.0669600892216999,0.21464,0.1505511344877443,0.3797502616524224,4,40000,cagr_p10,-0.0721587780162145,0.0011598889001315405
v4_1M,v4,4. + pilotage du risque,1M,1000000,38,v1v2_sans_selection,central,10,expo_brute,False,0.37235,0.7169600892217001,0.2669600892217,0.21464,0.1505511344877443,0.3797502616524224,4,40000,cagr_p10,-0.03127671000032515,0.0012185899766487902
v4_1M,v4,4. + pilotage du risque,1M,1000000,38,v1v2_sans_selection,opt,10,expo_brute,False,0.37235,0.7169600892217001,0.4669600892217,0.21464,0.1505511344877443,0.3797502616524224,4,40000,cagr_p10,0.0113581294903101,0.001257619347498553
v5_100k,v5,5. Les deux,100k,100000,14,v1v2_sans_selection,pess,10,expo_brute,False,0.40102,0.4987282429804,0.0,0.21501,0.17,0.4,4,40000,cagr_p10,-0.0875026702596043,0.0005055043700476813
v5_100k,v5,5. Les deux,100k,100000,14,v1v2_sans_selection,central,10,expo_brute,False,0.40102,0.4987282429804,0.2,0.21501,0.17,0.4,4,40000,cagr_p10,-0.045467945171770226,0.0005564180198417692
v5_100k,v5,5. Les deux,100k,100000,14,v1v2_sans_selection,opt,10,expo_brute,False,0.40102,0.4987282429804,0.4,0.21501,0.17,0.4,4,40000,cagr_p10,-0.0017774531144142,0.0005634847829897913
v5_250k,v5,5. Les deux,250k,250000,24,v1v2_sans_selection,pess,10,expo_brute,False,0.41619,0.5766596986953074,0.0399999999999999,0.21533,0.17,0.4,4,40000,cagr_p10,-0.08523222531115335,0.0013089464411987135
v5_250k,v5,5. Les deux,250k,250000,24,v1v2_sans_selection,central,10,expo_brute,False,0.41619,0.5766596986953074,0.24,0.21533,0.17,0.4,4,40000,cagr_p10,-0.04414935175179245,0.00132855245072999
v5_250k,v5,5. Les deux,250k,250000,24,v1v2_sans_selection,opt,10,expo_brute,False,0.41619,0.5766596986953074,0.44,0.21533,0.17,0.4,4,40000,cagr_p10,-0.0014743419879381158,0.0013694131903561626
v5_1M,v5,5. Les deux,1M,1000000,40,v1v2_sans_selection,pess,10,expo_brute,False,0.37659,0.7169600892217001,0.07,0.21539,0.17,0.4,4,40000,cagr_p10,-0.07409415347550215,0.0013303107910175324
v5_1M,v5,5. Les deux,1M,1000000,40,v1v2_sans_selection,central,10,expo_brute,False,0.37659,0.7169600892217001,0.27,0.21539,0.17,0.4,4,40000,cagr_p10,-0.03314564666166165,0.0013870838422631886
v5_1M,v5,5. Les deux,1M,1000000,40,v1v2_sans_selection,opt,10,expo_brute,False,0.37659,0.7169600892217001,0.47,0.21539,0.17,0.4,4,40000,cagr_p10,0.00955997771524765,0.0014221611317847302
v1_100k,v1,1. Montant fixe,100k,100000,13,commune,central,5,marge_contrats,False,0.066005,0.4987282429804,0.0329185576779213,0.38963,0.18356,0.6003541025998791,4,40000,cagr_p10,-0.18865181631247796,0.0004962935792045255
v1_250k,v1,1. Montant fixe,250k,250000,21,commune,central,5,marge_contrats,False,-0.01434,0.5766596986953074,-0.0082693000792907,0.37385,0.17136,0.5706796489109739,4,40000,cagr_p10,-0.19379974246845455,0.0011995995289680742
v1_1M,v1,1. Montant fixe,1M,1000000,36,commune,central,5,marge_contrats,False,0.014638,0.7169600892217001,0.0104948617860272,0.34739,0.16591,0.5368636190166675,4,40000,cagr_p10,-0.16794106900318767,0.00047802422304122586
v2_100k,v2,2. Système actuel,100k,100000,13,commune,central,5,marge_contrats,False,0.25477,0.4987282429804,0.1270609944641165,0.20601,0.10646,0.3268325408120552,4,40000,cagr_p10,-0.07489582981003012,0.0009158540698214917
v2_250k,v2,2. Système actuel,250k,250000,21,commune,central,5,marge_contrats,False,0.29366,0.5766596986953074,0.1693418871188639,0.19482,0.11062,0.3187126949333581,4,40000,cagr_p10,-0.06954045579153408,0.0005387275777040499
v2_1M,v2,2. Système actuel,1M,1000000,36,commune,central,5,marge_contrats,False,0.26414,0.7169600892217001,0.1893778379670198,0.20608,0.11957,0.3396284985375365,4,40000,cagr_p10,-0.06908081021374937,0.0003898169861454697
v3_100k,v3,3. + stratégie 13,100k,100000,14,commune,central,5,marge_contrats,False,0.284,0.4987282429804,0.1416388210064336,0.22245,0.12293,0.3608886995953677,4,40000,cagr_p10,-0.0847479740601523,0.0009926698795234999
v3_250k,v3,3. + stratégie 13,250k,250000,22,commune,central,5,marge_contrats,False,0.36765,0.5766596986953074,0.2120089382253297,0.20811,0.12633,0.348618115915107,4,40000,cagr_p10,-0.0739494339655881,0.0009433548300141973
v3_1M,v3,3. + stratégie 13,1M,1000000,37,commune,central,5,marge_contrats,False,0.32045,0.7169600892217001,0.2297498605910937,0.2125,0.13419,0.3611039700078927,4,40000,cagr_p10,-0.06823202879099052,0.00016748253725131464
v4_100k,v4,4. + pilotage du risque,100k,100000,13,commune,central,5,marge_contrats,False,0.39254,0.4987282429804,0.1957707844995262,0.21286,0.1175,0.3452001069717687,4,40000,cagr_p10,-0.07565847612270313,0.0012629793520237927
v4_250k,v4,4. + pilotage du risque,250k,250000,23,commune,central,5,marge_contrats,False,0.39268,0.5766596986953074,0.2264427304836733,0.21289,0.13386,0.3612537677053824,4,40000,cagr_p10,-0.0799072377392042,0.0008766024357773955
v4_1M,v4,4. + pilotage du risque,1M,1000000,38,commune,central,5,marge_contrats,False,0.37235,0.7169600892217001,0.2669600892217,0.21464,0.1405,0.369699127164678,4,40000,cagr_p10,-0.06520898392899299,0.0004582206078734827
v5_100k,v5,5. Les deux,100k,100000,14,commune,central,5,marge_contrats,False,0.40102,0.4987282429804,0.2,0.21501,0.12384,0.35384,4,40000,cagr_p10,-0.0753722823181013,0.0010504312758452328
v5_250k,v5,5. Les deux,250k,250000,24,commune,central,5,marge_contrats,False,0.41619,0.5766596986953074,0.24,0.21533,0.14192,0.37192,4,40000,cagr_p10,-0.07901700876489262,0.000770927337126388
v5_1M,v5,5. Les deux,1M,1000000,40,commune,central,5,marge_contrats,False,0.37659,0.7169600892217001,0.27,0.21539,0.14745,0.37745,4,40000,cagr_p10,-0.06760341916929317,0.0006623206637517613
v1_100k,v1,1. Montant fixe,100k,100000,13,commune,central,10,marge_contrats,False,0.066005,0.4987282429804,0.0329185576779213,0.38963,0.18356,0.6003541025998791,4,40000,cagr_p10,-0.15581777098165644,0.0011363186890029522
v1_250k,v1,1. Montant fixe,250k,250000,21,commune,central,10,marge_contrats,False,-0.01434,0.5766596986953074,-0.0082693000792907,0.37385,0.17136,0.5706796489109739,4,40000,cagr_p10,-0.16035714231718565,0.0011258593265272363
v1_1M,v1,1. Montant fixe,1M,1000000,36,commune,central,10,marge_contrats,False,0.014638,0.7169600892217001,0.0104948617860272,0.34739,0.16591,0.5368636190166675,4,40000,cagr_p10,-0.13319983192794402,0.00031502815720204
v2_100k,v2,2. Système actuel,100k,100000,13,commune,central,10,marge_contrats,False,0.25477,0.4987282429804,0.1270609944641165,0.20601,0.10646,0.3268325408120552,4,40000,cagr_p10,-0.048864472826333875,0.0013618963223111342
v2_250k,v2,2. Système actuel,250k,250000,21,commune,central,10,marge_contrats,False,0.29366,0.5766596986953074,0.1693418871188639,0.19482,0.11062,0.3187126949333581,4,40000,cagr_p10,-0.04064814512700697,0.0008296856853461527
v2_1M,v2,2. Système actuel,1M,1000000,36,commune,central,10,marge_contrats,False,0.26414,0.7169600892217001,0.1893778379670198,0.20608,0.11957,0.3396284985375365,4,40000,cagr_p10,-0.03911993631883755,0.0008602963168668955
v3_100k,v3,3. + stratégie 13,100k,100000,14,commune,central,10,marge_contrats,False,0.284,0.4987282429804,0.1416388210064336,0.22245,0.12293,0.3608886995953677,4,40000,cagr_p10,-0.05524752330170767,0.0008671483410983948
v3_250k,v3,3. + stratégie 13,250k,250000,22,commune,central,10,marge_contrats,False,0.36765,0.5766596986953074,0.2120089382253297,0.20811,0.12633,0.348618115915107,4,40000,cagr_p10,-0.0416375929163065,0.0005210105521608063
v3_1M,v3,3. + stratégie 13,1M,1000000,37,commune,central,10,marge_contrats,False,0.32045,0.7169600892217001,0.2297498605910937,0.2125,0.13419,0.3611039700078927,4,40000,cagr_p10,-0.035271239089473924,0.001177517712034776
v4_100k,v4,4. + pilotage du risque,100k,100000,13,commune,central,10,marge_contrats,False,0.39254,0.4987282429804,0.1957707844995262,0.21286,0.1175,0.3452001069717687,4,40000,cagr_p10,-0.04527550408830362,0.0013814754698185242
v4_250k,v4,4. + pilotage du risque,250k,250000,23,commune,central,10,marge_contrats,False,0.39268,0.5766596986953074,0.2264427304836733,0.21289,0.13386,0.3612537677053824,4,40000,cagr_p10,-0.045043645956164675,0.0007769460933309763
v4_1M,v4,4. + pilotage du risque,1M,1000000,38,commune,central,10,marge_contrats,False,0.37235,0.7169600892217001,0.2669600892217,0.21464,0.1405,0.369699127164678,4,40000,cagr_p10,-0.031053963906175527,0.0012189156000716281
v5_100k,v5,5. Les deux,100k,100000,14,commune,central,10,marge_contrats,False,0.40102,0.4987282429804,0.2,0.21501,0.12384,0.35384,4,40000,cagr_p10,-0.04441731119849335,0.0005540129514013006
v5_250k,v5,5. Les deux,250k,250000,24,commune,central,10,marge_contrats,False,0.41619,0.5766596986953074,0.24,0.21533,0.14192,0.37192,4,40000,cagr_p10,-0.04352675677204995,0.0013282366976533713
v5_1M,v5,5. Les deux,1M,1000000,40,commune,central,10,marge_contrats,False,0.37659,0.7169600892217001,0.27,0.21539,0.14745,0.37745,4,40000,cagr_p10,-0.03264636272381015,0.0013875689306821742
v1_100k,v1,1. Montant fixe,100k,100000,13,commune,pess,5,expo_brute,False,0.066005,0.4987282429804,-0.1670814423220787,0.38963,0.1017170440702665,0.5185111466701455,4,40000,cagr_p90,0.02518992176585685,0.002827164132175874
v1_100k,v1,1. Montant fixe,100k,100000,13,commune,central,5,expo_brute,False,0.066005,0.4987282429804,0.0329185576779213,0.38963,0.1017170440702665,0.5185111466701455,4,40000,cagr_p90,0.10960303228938834,0.0029033589005379857
v1_100k,v1,1. Montant fixe,100k,100000,13,commune,opt,5,expo_brute,False,0.066005,0.4987282429804,0.2329185576779213,0.38963,0.1017170440702665,0.5185111466701455,4,40000,cagr_p90,0.20039578947427084,0.0031187586376675088
v1_250k,v1,1. Montant fixe,250k,250000,21,commune,pess,5,expo_brute,False,-0.01434,0.5766596986953074,-0.2082693000792907,0.37385,0.1017170440702665,0.5010366929812404,4,40000,cagr_p90,0.027872713522794277,0.0035712941107270994
v1_250k,v1,1. Montant fixe,250k,250000,21,commune,central,5,expo_brute,False,-0.01434,0.5766596986953074,-0.0082693000792907,0.37385,0.1017170440702665,0.5010366929812404,4,40000,cagr_p90,0.10805604472920186,0.0038430089577160785
v1_250k,v1,1. Montant fixe,250k,250000,21,commune,opt,5,expo_brute,False,-0.01434,0.5766596986953074,0.1917306999207093,0.37385,0.1017170440702665,0.5010366929812404,4,40000,cagr_p90,0.19438138126802748,0.004131228367300609
v1_1M,v1,1. Montant fixe,1M,1000000,36,commune,pess,5,expo_brute,False,0.014638,0.7169600892217001,-0.1895051382139728,0.34739,0.1017170440702665,0.472670663086934,4,40000,cagr_p90,0.03794348437036392,0.0032433164169387105
v1_1M,v1,1. Montant fixe,1M,1000000,36,commune,central,5,expo_brute,False,0.014638,0.7169600892217001,0.0104948617860272,0.34739,0.1017170440702665,0.472670663086934,4,40000,cagr_p90,0.11273230879936,0.003470363987095739
v1_1M,v1,1. Montant fixe,1M,1000000,36,commune,opt,5,expo_brute,False,0.014638,0.7169600892217001,0.2104948617860272,0.34739,0.1017170440702665,0.472670663086934,4,40000,cagr_p90,0.19286151457521433,0.0036987401485975182
v2_100k,v2,2. Système actuel,100k,100000,13,commune,pess,5,expo_brute,False,0.25477,0.4987282429804,-0.0729390055358835,0.20601,0.1082974145291847,0.32866995534124,4,40000,cagr_p90,0.07616499847927077,0.0012460073587944155
v2_100k,v2,2. Système actuel,100k,100000,13,commune,central,5,expo_brute,False,0.25477,0.4987282429804,0.1270609944641165,0.20601,0.1082974145291847,0.32866995534124,4,40000,cagr_p90,0.12193766896837147,0.0012745515927226848
v2_100k,v2,2. Système actuel,100k,100000,13,commune,opt,5,expo_brute,False,0.25477,0.4987282429804,0.3270609944641165,0.20601,0.1082974145291847,0.32866995534124,4,40000,cagr_p90,0.1695750582925856,0.001348422132719638
v2_250k,v2,2. Système actuel,250k,250000,21,commune,pess,5,expo_brute,False,0.29366,0.5766596986953074,-0.0306581128811361,0.19482,0.1082974145291847,0.3163901094625428,4,40000,cagr_p90,0.10200240889493878,0.002497044948257848
v2_250k,v2,2. Système actuel,250k,250000,21,commune,central,5,expo_brute,False,0.29366,0.5766596986953074,0.1693418871188639,0.19482,0.1082974145291847,0.3163901094625428,4,40000,cagr_p90,0.14594863217810536,0.0026032698578742513
v2_250k,v2,2. Système actuel,250k,250000,21,commune,opt,5,expo_brute,False,0.29366,0.5766596986953074,0.3693418871188639,0.19482,0.1082974145291847,0.3163901094625428,4,40000,cagr_p90,0.19164142655186797,0.002693169969105445
v2_1M,v2,2. Système actuel,1M,1000000,36,commune,pess,5,expo_brute,False,0.26414,0.7169600892217001,-0.0106221620329802,0.20608,0.1082974145291847,0.3283559130667213,4,40000,cagr_p90,0.11141367334515233,0.0024809190854550643
v2_1M,v2,2. Système actuel,1M,1000000,36,commune,central,5,expo_brute,False,0.26414,0.7169600892217001,0.1893778379670198,0.20608,0.1082974145291847,0.3283559130667213,4,40000,cagr_p90,0.15821136940938954,0.002586139827706029
v2_1M,v2,2. Système actuel,1M,1000000,36,commune,opt,5,expo_brute,False,0.26414,0.7169600892217001,0.3893778379670198,0.20608,0.1082974145291847,0.3283559130667213,4,40000,cagr_p90,0.2069681755578912,0.002695600337098082
v3_100k,v3,3. + stratégie 13,100k,100000,14,commune,pess,5,expo_brute,True,0.284,0.4987282429804,-0.0583611789935664,0.22245,0.1310906565570317,0.3690493561523995,4,40000,cagr_p90,0.08567680880615608,0.0016371220324485698
v3_100k,v3,3. + stratégie 13,100k,100000,14,commune,central,5,expo_brute,True,0.284,0.4987282429804,0.1416388210064336,0.22245,0.1310906565570317,0.3690493561523995,4,40000,cagr_p90,0.13562313559305192,0.0017498498374010248
v3_100k,v3,3. + stratégie 13,100k,100000,14,commune,opt,5,expo_brute,True,0.284,0.4987282429804,0.3416388210064336,0.22245,0.1310906565570317,0.3690493561523995,4,40000,cagr_p90,0.18776824817737237,0.0017873960300185902
v3_250k,v3,3. + stratégie 13,250k,250000,22,commune,pess,5,expo_brute,True,0.36765,0.5766596986953074,0.0120089382253296,0.20811,0.1310906565570317,0.3533787724721388,4,40000,cagr_p90,0.12027454655069107,0.0015066131633603701
v3_250k,v3,3. + stratégie 13,250k,250000,22,commune,central,5,expo_brute,True,0.36765,0.5766596986953074,0.2120089382253297,0.20811,0.1310906565570317,0.3533787724721388,4,40000,cagr_p90,0.16806161650776014,0.0015791240743054645
v3_250k,v3,3. + stratégie 13,250k,250000,22,commune,opt,5,expo_brute,True,0.36765,0.5766596986953074,0.4120089382253297,0.20811,0.1310906565570317,0.3533787724721388,4,40000,cagr_p90,0.21785637940088037,0.0016537785442747113
v3_1M,v3,3. + stratégie 13,1M,1000000,37,commune,pess,5,expo_brute,True,0.32045,0.7169600892217001,0.0297498605910936,0.2125,0.1310906565570317,0.3580046265649245,4,40000,cagr_p90,0.12514444829342897,0.0022818010812121533
v3_1M,v3,3. + stratégie 13,1M,1000000,37,commune,central,5,expo_brute,True,0.32045,0.7169600892217001,0.2297498605910937,0.2125,0.1310906565570317,0.3580046265649245,4,40000,cagr_p90,0.17402320755680484,0.002380817520796496
v3_1M,v3,3. + stratégie 13,1M,1000000,37,commune,opt,5,expo_brute,True,0.32045,0.7169600892217001,0.4297498605910937,0.2125,0.1310906565570317,0.3580046265649245,4,40000,cagr_p90,0.22501024440150122,0.002483954894616519
v4_100k,v4,4. + pilotage du risque,100k,100000,13,commune,pess,5,expo_brute,True,0.39254,0.4987282429804,-0.0042292155004738,0.21286,0.1505511344877443,0.3782512414595131,4,40000,cagr_p90,0.1015535413458172,0.0015274621364269592
v4_100k,v4,4. + pilotage du risque,100k,100000,13,commune,central,5,expo_brute,True,0.39254,0.4987282429804,0.1957707844995262,0.21286,0.1505511344877443,0.3782512414595131,4,40000,cagr_p90,0.1499778457084294,0.001617515967956514
v4_100k,v4,4. + pilotage du risque,100k,100000,13,commune,opt,5,expo_brute,True,0.39254,0.4987282429804,0.3957707844995262,0.21286,0.1505511344877443,0.3782512414595131,4,40000,cagr_p90,0.20042805695693877,0.001654501290007465
v4_250k,v4,4. + pilotage du risque,250k,250000,23,commune,pess,5,expo_brute,True,0.39268,0.5766596986953074,0.0264427304836732,0.21289,0.1505511344877443,0.3779449021931268,4,40000,cagr_p90,0.13059374673589702,0.0030403106412957995
v4_250k,v4,4. + pilotage du risque,250k,250000,23,commune,central,5,expo_brute,True,0.39268,0.5766596986953074,0.2264427304836733,0.21289,0.1505511344877443,0.3779449021931268,4,40000,cagr_p90,0.1799355705157321,0.0031800989810702417
v4_250k,v4,4. + pilotage du risque,250k,250000,23,commune,opt,5,expo_brute,True,0.39268,0.5766596986953074,0.4264427304836733,0.21289,0.1505511344877443,0.3779449021931268,4,40000,cagr_p90,0.2314003347006541,0.0033279468443913264
v4_1M,v4,4. + pilotage du risque,1M,1000000,38,commune,pess,5,expo_brute,True,0.37235,0.7169600892217001,0.0669600892216999,0.21464,0.1505511344877443,0.3797502616524224,4,40000,cagr_p90,0.13520524662801067,0.0024803365796140574
v4_1M,v4,4. + pilotage du risque,1M,1000000,38,commune,central,5,expo_brute,True,0.37235,0.7169600892217001,0.2669600892217,0.21464,0.1505511344877443,0.3797502616524224,4,40000,cagr_p90,0.1850215986089796,0.0025924443386298635
v4_1M,v4,4. + pilotage du risque,1M,1000000,38,commune,opt,5,expo_brute,True,0.37235,0.7169600892217001,0.4669600892217,0.21464,0.1505511344877443,0.3797502616524224,4,40000,cagr_p90,0.2370085111736377,0.0027096509621892914
v5_100k,v5,5. Les deux,100k,100000,14,commune,pess,5,expo_brute,True,0.40102,0.4987282429804,0.0,0.21501,0.17,0.4,4,40000,cagr_p90,0.10189097691914788,0.0015842681926825164
v5_100k,v5,5. Les deux,100k,100000,14,commune,central,5,expo_brute,True,0.40102,0.4987282429804,0.2,0.21501,0.17,0.4,4,40000,cagr_p90,0.15082795241424266,0.0016862471728637679
v5_100k,v5,5. Les deux,100k,100000,14,commune,opt,5,expo_brute,True,0.40102,0.4987282429804,0.4,0.21501,0.17,0.4,4,40000,cagr_p90,0.20183556659033525,0.0018267230839080306
v5_250k,v5,5. Les deux,250k,250000,24,commune,pess,5,expo_brute,True,0.41619,0.5766596986953074,0.0399999999999999,0.21533,0.17,0.4,4,40000,cagr_p90,0.13294157398254128,0.0014284843789428502
v5_250k,v5,5. Les deux,250k,250000,24,commune,central,5,expo_brute,True,0.41619,0.5766596986953074,0.24,0.21533,0.17,0.4,4,40000,cagr_p90,0.18298401481876225,0.0014969619697311404
v5_250k,v5,5. Les deux,250k,250000,24,commune,opt,5,expo_brute,True,0.41619,0.5766596986953074,0.44,0.21533,0.17,0.4,4,40000,cagr_p90,0.23518756292423817,0.001569168390872299
v5_1M,v5,5. Les deux,1M,1000000,40,commune,pess,5,expo_brute,True,0.37659,0.7169600892217001,0.07,0.21539,0.17,0.4,4,40000,cagr_p90,0.13911620277821968,0.0018241824257517053
v5_1M,v5,5. Les deux,1M,1000000,40,commune,central,5,expo_brute,True,0.37659,0.7169600892217001,0.27,0.21539,0.17,0.4,4,40000,cagr_p90,0.18927996856917406,0.0019011302393434995
v5_1M,v5,5. Les deux,1M,1000000,40,commune,opt,5,expo_brute,True,0.37659,0.7169600892217001,0.47,0.21539,0.17,0.4,4,40000,cagr_p90,0.24163918258691888,0.0019813874152068986
v1_100k,v1,1. Montant fixe,100k,100000,13,commune,pess,10,expo_brute,False,0.066005,0.4987282429804,-0.1670814423220787,0.38963,0.1017170440702665,0.5185111466701455,4,40000,cagr_p90,-0.02364241728893755,0.000728445006486485
v1_100k,v1,1. Montant fixe,100k,100000,13,commune,central,10,expo_brute,False,0.066005,0.4987282429804,0.0329185576779213,0.38963,0.1017170440702665,0.5185111466701455,4,40000,cagr_p90,0.0582578483129158,0.0006590383340508727
v1_100k,v1,1. Montant fixe,100k,100000,13,commune,opt,10,expo_brute,False,0.066005,0.4987282429804,0.2329185576779213,0.38963,0.1017170440702665,0.5185111466701455,4,40000,cagr_p90,0.14565236159544084,0.0007483222690439676
v1_250k,v1,1. Montant fixe,250k,250000,21,commune,pess,10,expo_brute,False,-0.01434,0.5766596986953074,-0.2082693000792907,0.37385,0.1017170440702665,0.5010366929812404,4,40000,cagr_p90,-0.02162697814573795,0.0014902844839005838
v1_250k,v1,1. Montant fixe,250k,250000,21,commune,central,10,expo_brute,False,-0.01434,0.5766596986953074,-0.0082693000792907,0.37385,0.1017170440702665,0.5010366929812404,4,40000,cagr_p90,0.0551865824547521,0.0017032851310888745
v1_250k,v1,1. Montant fixe,250k,250000,21,commune,opt,10,expo_brute,False,-0.01434,0.5766596986953074,0.1917306999207093,0.37385,0.1017170440702665,0.5010366929812404,4,40000,cagr_p90,0.13767706954141198,0.0017566549508466144
v1_1M,v1,1. Montant fixe,1M,1000000,36,commune,pess,10,expo_brute,False,0.014638,0.7169600892217001,-0.1895051382139728,0.34739,0.1017170440702665,0.472670663086934,4,40000,cagr_p90,-0.00687649858175895,0.001684746682794908
v1_1M,v1,1. Montant fixe,1M,1000000,36,commune,central,10,expo_brute,False,0.014638,0.7169600892217001,0.0104948617860272,0.34739,0.1017170440702665,0.472670663086934,4,40000,cagr_p90,0.0647886711141039,0.0018451959418700071
v1_1M,v1,1. Montant fixe,1M,1000000,36,commune,opt,10,expo_brute,False,0.014638,0.7169600892217001,0.2104948617860272,0.34739,0.1017170440702665,0.472670663086934,4,40000,cagr_p90,0.1415211816613811,0.001988536883958803
v2_100k,v2,2. Système actuel,100k,100000,13,commune,pess,10,expo_brute,False,0.25477,0.4987282429804,-0.0729390055358835,0.20601,0.1082974145291847,0.32866995534124,4,40000,cagr_p90,0.045217297409353825,0.0006500682172073049
v2_100k,v2,2. Système actuel,100k,100000,13,commune,central,10,expo_brute,False,0.25477,0.4987282429804,0.1270609944641165,0.20601,0.1082974145291847,0.32866995534124,4,40000,cagr_p90,0.0901346588345355,0.000702197415466244
v2_100k,v2,2. Système actuel,100k,100000,13,commune,opt,10,expo_brute,False,0.25477,0.4987282429804,0.3270609944641165,0.20601,0.1082974145291847,0.32866995534124,4,40000,cagr_p90,0.13669128271176337,0.0007664252637551717
v2_250k,v2,2. Système actuel,250k,250000,21,commune,pess,10,expo_brute,False,0.29366,0.5766596986953074,-0.0306581128811361,0.19482,0.1082974145291847,0.3163901094625428,4,40000,cagr_p90,0.06781394922435925,0.0009258241894115198
v2_250k,v2,2. Système actuel,250k,250000,21,commune,central,10,expo_brute,False,0.29366,0.5766596986953074,0.1693418871188639,0.19482,0.1082974145291847,0.3163901094625428,4,40000,cagr_p90,0.11054550638332505,0.0009518845958182779
v2_250k,v2,2. Système actuel,250k,250000,21,commune,opt,10,expo_brute,False,0.29366,0.5766596986953074,0.3693418871188639,0.19482,0.1082974145291847,0.3163901094625428,4,40000,cagr_p90,0.15489672421331763,0.000976753882643876
v2_1M,v2,2. Système actuel,1M,1000000,36,commune,pess,10,expo_brute,False,0.26414,0.7169600892217001,-0.0106221620329802,0.20608,0.1082974145291847,0.3283559130667213,4,40000,cagr_p90,0.07478544966261286,0.00058694044057877
v2_1M,v2,2. Système actuel,1M,1000000,36,commune,central,10,expo_brute,False,0.26414,0.7169600892217001,0.1893778379670198,0.20608,0.1082974145291847,0.3283559130667213,4,40000,cagr_p90,0.12006689118756175,0.0005985673552566386
v2_1M,v2,2. Système actuel,1M,1000000,36,commune,opt,10,expo_brute,False,0.26414,0.7169600892217001,0.3893778379670198,0.20608,0.1082974145291847,0.3283559130667213,4,40000,cagr_p90,0.16723196711522315,0.0006130332567793731
v3_100k,v3,3. + stratégie 13,100k,100000,14,commune,pess,10,expo_brute,True,0.284,0.4987282429804,-0.0583611789935664,0.22245,0.1310906565570317,0.3690493561523995,4,40000,cagr_p90,0.05171157388573785,9.648376813402518e-05
v3_100k,v3,3. + stratégie 13,100k,100000,14,commune,central,10,expo_brute,True,0.284,0.4987282429804,0.1416388210064336,0.22245,0.1310906565570317,0.3690493561523995,4,40000,cagr_p90,0.10049212543012548,9.16034505905608e-05
v3_100k,v3,3. + stratégie 13,100k,100000,14,commune,opt,10,expo_brute,True,0.284,0.4987282429804,0.3416388210064336,0.22245,0.1310906565570317,0.3690493561523995,4,40000,cagr_p90,0.1512798364603924,0.00011692570807065943
v3_250k,v3,3. + stratégie 13,250k,250000,22,commune,pess,10,expo_brute,True,0.36765,0.5766596986953074,0.0120089382253296,0.20811,0.1310906565570317,0.3533787724721388,4,40000,cagr_p90,0.08154873798031588,0.0002832955233098263
v3_250k,v3,3. + stratégie 13,250k,250000,22,commune,central,10,expo_brute,True,0.36765,0.5766596986953074,0.2120089382253297,0.20811,0.1310906565570317,0.3533787724721388,4,40000,cagr_p90,0.12781624254955518,0.00028063611580641227
v3_250k,v3,3. + stratégie 13,250k,250000,22,commune,opt,10,expo_brute,True,0.36765,0.5766596986953074,0.4120089382253297,0.20811,0.1310906565570317,0.3533787724721388,4,40000,cagr_p90,0.17597641223898008,0.0002778939726200746
v3_1M,v3,3. + stratégie 13,1M,1000000,37,commune,pess,10,expo_brute,True,0.32045,0.7169600892217001,0.0297498605910936,0.2125,0.1310906565570317,0.3580046265649245,4,40000,cagr_p90,0.0860833620866811,0.00036180205242657875
v3_1M,v3,3. + stratégie 13,1M,1000000,37,commune,central,10,expo_brute,True,0.32045,0.7169600892217001,0.2297498605910937,0.2125,0.1310906565570317,0.3580046265649245,4,40000,cagr_p90,0.13328783620563248,0.00037119823900212136
v3_1M,v3,3. + stratégie 13,1M,1000000,37,commune,opt,10,expo_brute,True,0.32045,0.7169600892217001,0.4297498605910937,0.2125,0.1310906565570317,0.3580046265649245,4,40000,cagr_p90,0.18252473928353471,0.0003843642755397261
v4_100k,v4,4. + pilotage du risque,100k,100000,13,commune,pess,10,expo_brute,True,0.39254,0.4987282429804,-0.0042292155004738,0.21286,0.1505511344877443,0.3782512414595131,4,40000,cagr_p90,0.0662853206202572,0.0008762600557574949
v4_100k,v4,4. + pilotage du risque,100k,100000,13,commune,central,10,expo_brute,True,0.39254,0.4987282429804,0.1957707844995262,0.21286,0.1505511344877443,0.3782512414595131,4,40000,cagr_p90,0.1134721974655721,0.0009369311275707207
v4_100k,v4,4. + pilotage du risque,100k,100000,13,commune,opt,10,expo_brute,True,0.39254,0.4987282429804,0.3957707844995262,0.21286,0.1505511344877443,0.3782512414595131,4,40000,cagr_p90,0.1625410662011215,0.000991341683152933
v4_250k,v4,4. + pilotage du risque,250k,250000,23,commune,pess,10,expo_brute,True,0.39268,0.5766596986953074,0.0264427304836732,0.21289,0.1505511344877443,0.3779449021931268,4,40000,cagr_p90,0.08944097602977083,0.00023672003519946845
v4_250k,v4,4. + pilotage du risque,250k,250000,23,commune,central,10,expo_brute,True,0.39268,0.5766596986953074,0.2264427304836733,0.21289,0.1505511344877443,0.3779449021931268,4,40000,cagr_p90,0.1371349910017907,0.00024930244005982844
v4_250k,v4,4. + pilotage du risque,250k,250000,23,commune,opt,10,expo_brute,True,0.39268,0.5766596986953074,0.4264427304836733,0.21289,0.1505511344877443,0.3779449021931268,4,40000,cagr_p90,0.1868315943641576,0.00026182880591711654
v4_1M,v4,4. + pilotage du risque,1M,1000000,38,commune,pess,10,expo_brute,True,0.37235,0.7169600892217001,0.0669600892216999,0.21464,0.1505511344877443,0.3797502616524224,4,40000,cagr_p90,0.09628468988814867,0.0006485476427479654
v4_1M,v4,4. + pilotage du risque,1M,1000000,38,commune,central,10,expo_brute,True,0.37235,0.7169600892217001,0.2669600892217,0.21464,0.1505511344877443,0.3797502616524224,4,40000,cagr_p90,0.14442939241947353,0.0006858062065538314
v4_1M,v4,4. + pilotage du risque,1M,1000000,38,commune,opt,10,expo_brute,True,0.37235,0.7169600892217001,0.4669600892217,0.21464,0.1505511344877443,0.3797502616524224,4,40000,cagr_p90,0.19466039224271425,0.0007268432231359444
v5_100k,v5,5. Les deux,100k,100000,14,commune,pess,10,expo_brute,True,0.40102,0.4987282429804,0.0,0.21501,0.17,0.4,4,40000,cagr_p90,0.06744919802813923,0.000465212227184736
v5_100k,v5,5. Les deux,100k,100000,14,commune,central,10,expo_brute,True,0.40102,0.4987282429804,0.2,0.21501,0.17,0.4,4,40000,cagr_p90,0.11521438011222572,0.00044911203668957623
v5_100k,v5,5. Les deux,100k,100000,14,commune,opt,10,expo_brute,True,0.40102,0.4987282429804,0.4,0.21501,0.17,0.4,4,40000,cagr_p90,0.16488934711845757,0.00040232702759319873
v5_250k,v5,5. Les deux,250k,250000,24,commune,pess,10,expo_brute,True,0.41619,0.5766596986953074,0.0399999999999999,0.21533,0.17,0.4,4,40000,cagr_p90,0.09217064633011832,0.00075367098247032
v5_250k,v5,5. Les deux,250k,250000,24,commune,central,10,expo_brute,True,0.41619,0.5766596986953074,0.24,0.21533,0.17,0.4,4,40000,cagr_p90,0.14051316084836313,0.0008115386090631917
v5_250k,v5,5. Les deux,250k,250000,24,commune,opt,10,expo_brute,True,0.41619,0.5766596986953074,0.44,0.21533,0.17,0.4,4,40000,cagr_p90,0.19092530259690071,0.0008679201992246217
v5_1M,v5,5. Les deux,1M,1000000,40,commune,pess,10,expo_brute,True,0.37659,0.7169600892217001,0.07,0.21539,0.17,0.4,4,40000,cagr_p90,0.09906816272007987,0.0001858014303676745
v5_1M,v5,5. Les deux,1M,1000000,40,commune,central,10,expo_brute,True,0.37659,0.7169600892217001,0.27,0.21539,0.17,0.4,4,40000,cagr_p90,0.14749924085785832,0.0001975718679834012
v5_1M,v5,5. Les deux,1M,1000000,40,commune,opt,10,expo_brute,True,0.37659,0.7169600892217001,0.47,0.21539,0.17,0.4,4,40000,cagr_p90,0.19804667124004308,0.00020308068302446816
v1_100k,v1,1. Montant fixe,100k,100000,13,v1v2_sans_selection,pess,5,expo_brute,True,0.066005,0.4987282429804,-0.1588098317415591,0.38963,0.1017170440702665,0.5185111466701455,4,40000,cagr_p90,0.028570546489050476,0.002836214160877532
v1_100k,v1,1. Montant fixe,100k,100000,13,v1v2_sans_selection,central,5,expo_brute,True,0.066005,0.4987282429804,0.0411901682584409,0.38963,0.1017170440702665,0.5185111466701455,4,40000,cagr_p90,0.11322579643390572,0.0029168970140954396
v1_100k,v1,1. Montant fixe,100k,100000,13,v1v2_sans_selection,opt,5,expo_brute,True,0.066005,0.4987282429804,0.2411901682584409,0.38963,0.1017170440702665,0.5185111466701455,4,40000,cagr_p90,0.20430531648519623,0.003136628884891683
v1_250k,v1,1. Montant fixe,250k,250000,21,v1v2_sans_selection,pess,5,expo_brute,True,-0.01434,0.5766596986953074,-0.209786975059468,0.37385,0.1017170440702665,0.5010366929812404,4,40000,cagr_p90,0.027286675454204976,0.003569333011353721
v1_250k,v1,1. Montant fixe,250k,250000,21,v1v2_sans_selection,central,5,expo_brute,True,-0.01434,0.5766596986953074,-0.009786975059468,0.37385,0.1017170440702665,0.5010366929812404,4,40000,cagr_p90,0.10742502121180131,0.0038408305266311206
v1_250k,v1,1. Montant fixe,250k,250000,21,v1v2_sans_selection,opt,5,expo_brute,True,-0.01434,0.5766596986953074,0.190213024940532,0.37385,0.1017170440702665,0.5010366929812404,4,40000,cagr_p90,0.1937020377481008,0.004128904723657992
v1_1M,v1,1. Montant fixe,1M,1000000,36,v1v2_sans_selection,pess,5,expo_brute,True,0.014638,0.7169600892217001,-0.1884693536604796,0.34739,0.1017170440702665,0.472670663086934,4,40000,cagr_p90,0.0383176948414029,0.0032444333525448576
v1_1M,v1,1. Montant fixe,1M,1000000,36,v1v2_sans_selection,central,5,expo_brute,True,0.014638,0.7169600892217001,0.0115306463395204,0.34739,0.1017170440702665,0.472670663086934,4,40000,cagr_p90,0.11313321498993155,0.0034715854700939955
v1_1M,v1,1. Montant fixe,1M,1000000,36,v1v2_sans_selection,opt,5,expo_brute,True,0.014638,0.7169600892217001,0.2115306463395204,0.34739,0.1017170440702665,0.472670663086934,4,40000,cagr_p90,0.19329111526836087,0.003700119548036137
v2_100k,v2,2. Système actuel,100k,100000,13,v1v2_sans_selection,pess,5,expo_brute,True,0.25477,0.4987282429804,-0.0410117541519126,0.20601,0.1082974145291847,0.32866995534124,4,40000,cagr_p90,0.08335419434582507,0.0012401782893737485
v2_100k,v2,2. Système actuel,100k,100000,13,v1v2_sans_selection,central,5,expo_brute,True,0.25477,0.4987282429804,0.1589882458480874,0.20601,0.1082974145291847,0.32866995534124,4,40000,cagr_p90,0.12941358876497316,0.0012857604142100464
v2_100k,v2,2. Système actuel,100k,100000,13,v1v2_sans_selection,opt,5,expo_brute,True,0.25477,0.4987282429804,0.3589882458480874,0.20601,0.1082974145291847,0.32866995534124,4,40000,cagr_p90,0.17735677046134685,0.0013559505830233337
v2_250k,v2,2. Système actuel,250k,250000,21,v1v2_sans_selection,pess,5,expo_brute,True,0.29366,0.5766596986953074,0.0004214153391478,0.19482,0.1082974145291847,0.3163901094625428,4,40000,cagr_p90,0.108720957426844,0.00251356599930954
v2_250k,v2,2. Système actuel,250k,250000,21,v1v2_sans_selection,central,5,expo_brute,True,0.29366,0.5766596986953074,0.2004214153391479,0.19482,0.1082974145291847,0.3163901094625428,4,40000,cagr_p90,0.15293233692577063,0.0026187446714246265
v2_250k,v2,2. Système actuel,250k,250000,21,v1v2_sans_selection,opt,5,expo_brute,True,0.29366,0.5766596986953074,0.4004214153391479,0.19482,0.1082974145291847,0.3163901094625428,4,40000,cagr_p90,0.19890147003209935,0.002707238372820622
v2_1M,v2,2. Système actuel,1M,1000000,36,v1v2_sans_selection,pess,5,expo_brute,True,0.26414,0.7169600892217001,0.0080683784752647,0.20608,0.1082974145291847,0.3283559130667213,4,40000,cagr_p90,0.11570587043457255,0.0024898333467763462
v2_1M,v2,2. Système actuel,1M,1000000,36,v1v2_sans_selection,central,5,expo_brute,True,0.26414,0.7169600892217001,0.2080683784752648,0.20608,0.1082974145291847,0.3283559130667213,4,40000,cagr_p90,0.1626837321894993,0.002596200009650999
v2_1M,v2,2. Système actuel,1M,1000000,36,v1v2_sans_selection,opt,5,expo_brute,True,0.26414,0.7169600892217001,0.4080683784752648,0.20608,0.1082974145291847,0.3283559130667213,4,40000,cagr_p90,0.2116274449676407,0.0027060238204516885
v3_100k,v3,3. + stratégie 13,100k,100000,14,v1v2_sans_selection,pess,5,expo_brute,False,0.284,0.4987282429804,-0.0583611789935664,0.22245,0.1310906565570317,0.3690493561523995,4,40000,cagr_p90,0.08567680880615608,0.0016371220324485698
v3_100k,v3,3. + stratégie 13,100k,100000,14,v1v2_sans_selection,central,5,expo_brute,False,0.284,0.4987282429804,0.1416388210064336,0.22245,0.1310906565570317,0.3690493561523995,4,40000,cagr_p90,0.13562313559305192,0.0017498498374010248
v3_100k,v3,3. + stratégie 13,100k,100000,14,v1v2_sans_selection,opt,5,expo_brute,False,0.284,0.4987282429804,0.3416388210064336,0.22245,0.1310906565570317,0.3690493561523995,4,40000,cagr_p90,0.18776824817737237,0.0017873960300185902
v3_250k,v3,3. + stratégie 13,250k,250000,22,v1v2_sans_selection,pess,5,expo_brute,False,0.36765,0.5766596986953074,0.0120089382253296,0.20811,0.1310906565570317,0.3533787724721388,4,40000,cagr_p90,0.12027454655069107,0.0015066131633603701
v3_250k,v3,3. + stratégie 13,250k,250000,22,v1v2_sans_selection,central,5,expo_brute,False,0.36765,0.5766596986953074,0.2120089382253297,0.20811,0.1310906565570317,0.3533787724721388,4,40000,cagr_p90,0.16806161650776014,0.0015791240743054645
v3_250k,v3,3. + stratégie 13,250k,250000,22,v1v2_sans_selection,opt,5,expo_brute,False,0.36765,0.5766596986953074,0.4120089382253297,0.20811,0.1310906565570317,0.3533787724721388,4,40000,cagr_p90,0.21785637940088037,0.0016537785442747113
v3_1M,v3,3. + stratégie 13,1M,1000000,37,v1v2_sans_selection,pess,5,expo_brute,False,0.32045,0.7169600892217001,0.0297498605910936,0.2125,0.1310906565570317,0.3580046265649245,4,40000,cagr_p90,0.12514444829342897,0.0022818010812121533
v3_1M,v3,3. + stratégie 13,1M,1000000,37,v1v2_sans_selection,central,5,expo_brute,False,0.32045,0.7169600892217001,0.2297498605910937,0.2125,0.1310906565570317,0.3580046265649245,4,40000,cagr_p90,0.17402320755680484,0.002380817520796496
v3_1M,v3,3. + stratégie 13,1M,1000000,37,v1v2_sans_selection,opt,5,expo_brute,False,0.32045,0.7169600892217001,0.4297498605910937,0.2125,0.1310906565570317,0.3580046265649245,4,40000,cagr_p90,0.22501024440150122,0.002483954894616519
v4_100k,v4,4. + pilotage du risque,100k,100000,13,v1v2_sans_selection,pess,5,expo_brute,False,0.39254,0.4987282429804,-0.0042292155004738,0.21286,0.1505511344877443,0.3782512414595131,4,40000,cagr_p90,0.1015535413458172,0.0015274621364269592
v4_100k,v4,4. + pilotage du risque,100k,100000,13,v1v2_sans_selection,central,5,expo_brute,False,0.39254,0.4987282429804,0.1957707844995262,0.21286,0.1505511344877443,0.3782512414595131,4,40000,cagr_p90,0.1499778457084294,0.001617515967956514
v4_100k,v4,4. + pilotage du risque,100k,100000,13,v1v2_sans_selection,opt,5,expo_brute,False,0.39254,0.4987282429804,0.3957707844995262,0.21286,0.1505511344877443,0.3782512414595131,4,40000,cagr_p90,0.20042805695693877,0.001654501290007465
v4_250k,v4,4. + pilotage du risque,250k,250000,23,v1v2_sans_selection,pess,5,expo_brute,False,0.39268,0.5766596986953074,0.0264427304836732,0.21289,0.1505511344877443,0.3779449021931268,4,40000,cagr_p90,0.13059374673589702,0.0030403106412957995
v4_250k,v4,4. + pilotage du risque,250k,250000,23,v1v2_sans_selection,central,5,expo_brute,False,0.39268,0.5766596986953074,0.2264427304836733,0.21289,0.1505511344877443,0.3779449021931268,4,40000,cagr_p90,0.1799355705157321,0.0031800989810702417
v4_250k,v4,4. + pilotage du risque,250k,250000,23,v1v2_sans_selection,opt,5,expo_brute,False,0.39268,0.5766596986953074,0.4264427304836733,0.21289,0.1505511344877443,0.3779449021931268,4,40000,cagr_p90,0.2314003347006541,0.0033279468443913264
v4_1M,v4,4. + pilotage du risque,1M,1000000,38,v1v2_sans_selection,pess,5,expo_brute,False,0.37235,0.7169600892217001,0.0669600892216999,0.21464,0.1505511344877443,0.3797502616524224,4,40000,cagr_p90,0.13520524662801067,0.0024803365796140574
v4_1M,v4,4. + pilotage du risque,1M,1000000,38,v1v2_sans_selection,central,5,expo_brute,False,0.37235,0.7169600892217001,0.2669600892217,0.21464,0.1505511344877443,0.3797502616524224,4,40000,cagr_p90,0.1850215986089796,0.0025924443386298635
v4_1M,v4,4. + pilotage du risque,1M,1000000,38,v1v2_sans_selection,opt,5,expo_brute,False,0.37235,0.7169600892217001,0.4669600892217,0.21464,0.1505511344877443,0.3797502616524224,4,40000,cagr_p90,0.2370085111736377,0.0027096509621892914
v5_100k,v5,5. Les deux,100k,100000,14,v1v2_sans_selection,pess,5,expo_brute,False,0.40102,0.4987282429804,0.0,0.21501,0.17,0.4,4,40000,cagr_p90,0.10189097691914788,0.0015842681926825164
v5_100k,v5,5. Les deux,100k,100000,14,v1v2_sans_selection,central,5,expo_brute,False,0.40102,0.4987282429804,0.2,0.21501,0.17,0.4,4,40000,cagr_p90,0.15082795241424266,0.0016862471728637679
v5_100k,v5,5. Les deux,100k,100000,14,v1v2_sans_selection,opt,5,expo_brute,False,0.40102,0.4987282429804,0.4,0.21501,0.17,0.4,4,40000,cagr_p90,0.20183556659033525,0.0018267230839080306
v5_250k,v5,5. Les deux,250k,250000,24,v1v2_sans_selection,pess,5,expo_brute,False,0.41619,0.5766596986953074,0.0399999999999999,0.21533,0.17,0.4,4,40000,cagr_p90,0.13294157398254128,0.0014284843789428502
v5_250k,v5,5. Les deux,250k,250000,24,v1v2_sans_selection,central,5,expo_brute,False,0.41619,0.5766596986953074,0.24,0.21533,0.17,0.4,4,40000,cagr_p90,0.18298401481876225,0.0014969619697311404
v5_250k,v5,5. Les deux,250k,250000,24,v1v2_sans_selection,opt,5,expo_brute,False,0.41619,0.5766596986953074,0.44,0.21533,0.17,0.4,4,40000,cagr_p90,0.23518756292423817,0.001569168390872299
v5_1M,v5,5. Les deux,1M,1000000,40,v1v2_sans_selection,pess,5,expo_brute,False,0.37659,0.7169600892217001,0.07,0.21539,0.17,0.4,4,40000,cagr_p90,0.13911620277821968,0.0018241824257517053
v5_1M,v5,5. Les deux,1M,1000000,40,v1v2_sans_selection,central,5,expo_brute,False,0.37659,0.7169600892217001,0.27,0.21539,0.17,0.4,4,40000,cagr_p90,0.18927996856917406,0.0019011302393434995
v5_1M,v5,5. Les deux,1M,1000000,40,v1v2_sans_selection,opt,5,expo_brute,False,0.37659,0.7169600892217001,0.47,0.21539,0.17,0.4,4,40000,cagr_p90,0.24163918258691888,0.0019813874152068986
v1_100k,v1,1. Montant fixe,100k,100000,13,v1v2_sans_selection,pess,10,expo_brute,True,0.066005,0.4987282429804,-0.1588098317415591,0.38963,0.1017170440702665,0.5185111466701455,4,40000,cagr_p90,-0.020332639117828226,0.0007500344606295403
v1_100k,v1,1. Montant fixe,100k,100000,13,v1v2_sans_selection,central,10,expo_brute,True,0.066005,0.4987282429804,0.0411901682584409,0.38963,0.1017170440702665,0.5185111466701455,4,40000,cagr_p90,0.06176593943890087,0.000690882369844973
v1_100k,v1,1. Montant fixe,100k,100000,13,v1v2_sans_selection,opt,10,expo_brute,True,0.066005,0.4987282429804,0.2411901682584409,0.38963,0.1017170440702665,0.5185111466701455,4,40000,cagr_p90,0.1494021724731204,0.0007420398980578008
v1_250k,v1,1. Montant fixe,250k,250000,21,v1v2_sans_selection,pess,10,expo_brute,True,-0.01434,0.5766596986953074,-0.209786975059468,0.37385,0.1017170440702665,0.5010366929812404,4,40000,cagr_p90,-0.022189699521314277,0.0014886573079671856
v1_250k,v1,1. Montant fixe,250k,250000,21,v1v2_sans_selection,central,10,expo_brute,True,-0.01434,0.5766596986953074,-0.009786975059468,0.37385,0.1017170440702665,0.5010366929812404,4,40000,cagr_p90,0.05458380584959465,0.0017030226030919264
v1_250k,v1,1. Montant fixe,250k,250000,21,v1v2_sans_selection,opt,10,expo_brute,True,-0.01434,0.5766596986953074,0.190213024940532,0.37385,0.1017170440702665,0.5010366929812404,4,40000,cagr_p90,0.1370285162321589,0.001756497214172911
v1_1M,v1,1. Montant fixe,1M,1000000,36,v1v2_sans_selection,pess,10,expo_brute,True,0.014638,0.7169600892217001,-0.1884693536604796,0.34739,0.1017170440702665,0.472670663086934,4,40000,cagr_p90,-0.006517781646971275,0.0016855775159038092
v1_1M,v1,1. Montant fixe,1M,1000000,36,v1v2_sans_selection,central,10,expo_brute,True,0.014638,0.7169600892217001,0.0115306463395204,0.34739,0.1017170440702665,0.472670663086934,4,40000,cagr_p90,0.06517270112382212,0.0018460209962703614
v1_1M,v1,1. Montant fixe,1M,1000000,36,v1v2_sans_selection,opt,10,expo_brute,True,0.014638,0.7169600892217001,0.2115306463395204,0.34739,0.1017170440702665,0.472670663086934,4,40000,cagr_p90,0.1419323850496732,0.001989322397517655
v2_100k,v2,2. Système actuel,100k,100000,13,v1v2_sans_selection,pess,10,expo_brute,True,0.25477,0.4987282429804,-0.0410117541519126,0.20601,0.1082974145291847,0.32866995534124,4,40000,cagr_p90,0.05225219265997502,0.0006601185799531538
v2_100k,v2,2. Système actuel,100k,100000,13,v1v2_sans_selection,central,10,expo_brute,True,0.25477,0.4987282429804,0.1589882458480874,0.20601,0.1082974145291847,0.32866995534124,4,40000,cagr_p90,0.09745469110455054,0.0007114028296917427
v2_100k,v2,2. Système actuel,100k,100000,13,v1v2_sans_selection,opt,10,expo_brute,True,0.25477,0.4987282429804,0.3589882458480874,0.20601,0.1082974145291847,0.32866995534124,4,40000,cagr_p90,0.14428540548353733,0.0007745859309641568
v2_250k,v2,2. Système actuel,250k,250000,21,v1v2_sans_selection,pess,10,expo_brute,True,0.29366,0.5766596986953074,0.0004214153391478,0.19482,0.1082974145291847,0.3163901094625428,4,40000,cagr_p90,0.07434983294388858,0.0009370893985159549
v2_250k,v2,2. Système actuel,250k,250000,21,v1v2_sans_selection,central,10,expo_brute,True,0.29366,0.5766596986953074,0.2004214153391479,0.19482,0.1082974145291847,0.3163901094625428,4,40000,cagr_p90,0.11732689973257479,0.0009530613012027125
v2_250k,v2,2. Système actuel,250k,250000,21,v1v2_sans_selection,opt,10,expo_brute,True,0.29366,0.5766596986953074,0.4004214153391479,0.19482,0.1082974145291847,0.3163901094625428,4,40000,cagr_p90,0.16193937913412254,0.0009792564572759827
v2_1M,v2,2. Système actuel,1M,1000000,36,v1v2_sans_selection,pess,10,expo_brute,True,0.26414,0.7169600892217001,0.0080683784752647,0.20608,0.1082974145291847,0.3283559130667213,4,40000,cagr_p90,0.07893950649253882,0.0005878784655862061
v2_1M,v2,2. Système actuel,1M,1000000,36,v1v2_sans_selection,central,10,expo_brute,True,0.26414,0.7169600892217001,0.2080683784752648,0.20608,0.1082974145291847,0.3283559130667213,4,40000,cagr_p90,0.12439354051415415,0.0005998235306464803
v2_1M,v2,2. Système actuel,1M,1000000,36,v1v2_sans_selection,opt,10,expo_brute,True,0.26414,0.7169600892217001,0.4080683784752648,0.20608,0.1082974145291847,0.3283559130667213,4,40000,cagr_p90,0.17173882323385506,0.0006144928228286874
v3_100k,v3,3. + stratégie 13,100k,100000,14,v1v2_sans_selection,pess,10,expo_brute,False,0.284,0.4987282429804,-0.0583611789935664,0.22245,0.1310906565570317,0.3690493561523995,4,40000,cagr_p90,0.05171157388573785,9.648376813402518e-05
v3_100k,v3,3. + stratégie 13,100k,100000,14,v1v2_sans_selection,central,10,expo_brute,False,0.284,0.4987282429804,0.1416388210064336,0.22245,0.1310906565570317,0.3690493561523995,4,40000,cagr_p90,0.10049212543012548,9.16034505905608e-05
v3_100k,v3,3. + stratégie 13,100k,100000,14,v1v2_sans_selection,opt,10,expo_brute,False,0.284,0.4987282429804,0.3416388210064336,0.22245,0.1310906565570317,0.3690493561523995,4,40000,cagr_p90,0.1512798364603924,0.00011692570807065943
v3_250k,v3,3. + stratégie 13,250k,250000,22,v1v2_sans_selection,pess,10,expo_brute,False,0.36765,0.5766596986953074,0.0120089382253296,0.20811,0.1310906565570317,0.3533787724721388,4,40000,cagr_p90,0.08154873798031588,0.0002832955233098263
v3_250k,v3,3. + stratégie 13,250k,250000,22,v1v2_sans_selection,central,10,expo_brute,False,0.36765,0.5766596986953074,0.2120089382253297,0.20811,0.1310906565570317,0.3533787724721388,4,40000,cagr_p90,0.12781624254955518,0.00028063611580641227
v3_250k,v3,3. + stratégie 13,250k,250000,22,v1v2_sans_selection,opt,10,expo_brute,False,0.36765,0.5766596986953074,0.4120089382253297,0.20811,0.1310906565570317,0.3533787724721388,4,40000,cagr_p90,0.17597641223898008,0.0002778939726200746
v3_1M,v3,3. + stratégie 13,1M,1000000,37,v1v2_sans_selection,pess,10,expo_brute,False,0.32045,0.7169600892217001,0.0297498605910936,0.2125,0.1310906565570317,0.3580046265649245,4,40000,cagr_p90,0.0860833620866811,0.00036180205242657875
v3_1M,v3,3. + stratégie 13,1M,1000000,37,v1v2_sans_selection,central,10,expo_brute,False,0.32045,0.7169600892217001,0.2297498605910937,0.2125,0.1310906565570317,0.3580046265649245,4,40000,cagr_p90,0.13328783620563248,0.00037119823900212136
v3_1M,v3,3. + stratégie 13,1M,1000000,37,v1v2_sans_selection,opt,10,expo_brute,False,0.32045,0.7169600892217001,0.4297498605910937,0.2125,0.1310906565570317,0.3580046265649245,4,40000,cagr_p90,0.18252473928353471,0.0003843642755397261
v4_100k,v4,4. + pilotage du risque,100k,100000,13,v1v2_sans_selection,pess,10,expo_brute,False,0.39254,0.4987282429804,-0.0042292155004738,0.21286,0.1505511344877443,0.3782512414595131,4,40000,cagr_p90,0.0662853206202572,0.0008762600557574949
v4_100k,v4,4. + pilotage du risque,100k,100000,13,v1v2_sans_selection,central,10,expo_brute,False,0.39254,0.4987282429804,0.1957707844995262,0.21286,0.1505511344877443,0.3782512414595131,4,40000,cagr_p90,0.1134721974655721,0.0009369311275707207
v4_100k,v4,4. + pilotage du risque,100k,100000,13,v1v2_sans_selection,opt,10,expo_brute,False,0.39254,0.4987282429804,0.3957707844995262,0.21286,0.1505511344877443,0.3782512414595131,4,40000,cagr_p90,0.1625410662011215,0.000991341683152933
v4_250k,v4,4. + pilotage du risque,250k,250000,23,v1v2_sans_selection,pess,10,expo_brute,False,0.39268,0.5766596986953074,0.0264427304836732,0.21289,0.1505511344877443,0.3779449021931268,4,40000,cagr_p90,0.08944097602977083,0.00023672003519946845
v4_250k,v4,4. + pilotage du risque,250k,250000,23,v1v2_sans_selection,central,10,expo_brute,False,0.39268,0.5766596986953074,0.2264427304836733,0.21289,0.1505511344877443,0.3779449021931268,4,40000,cagr_p90,0.1371349910017907,0.00024930244005982844
v4_250k,v4,4. + pilotage du risque,250k,250000,23,v1v2_sans_selection,opt,10,expo_brute,False,0.39268,0.5766596986953074,0.4264427304836733,0.21289,0.1505511344877443,0.3779449021931268,4,40000,cagr_p90,0.1868315943641576,0.00026182880591711654
v4_1M,v4,4. + pilotage du risque,1M,1000000,38,v1v2_sans_selection,pess,10,expo_brute,False,0.37235,0.7169600892217001,0.0669600892216999,0.21464,0.1505511344877443,0.3797502616524224,4,40000,cagr_p90,0.09628468988814867,0.0006485476427479654
v4_1M,v4,4. + pilotage du risque,1M,1000000,38,v1v2_sans_selection,central,10,expo_brute,False,0.37235,0.7169600892217001,0.2669600892217,0.21464,0.1505511344877443,0.3797502616524224,4,40000,cagr_p90,0.14442939241947353,0.0006858062065538314
v4_1M,v4,4. + pilotage du risque,1M,1000000,38,v1v2_sans_selection,opt,10,expo_brute,False,0.37235,0.7169600892217001,0.4669600892217,0.21464,0.1505511344877443,0.3797502616524224,4,40000,cagr_p90,0.19466039224271425,0.0007268432231359444
v5_100k,v5,5. Les deux,100k,100000,14,v1v2_sans_selection,pess,10,expo_brute,False,0.40102,0.4987282429804,0.0,0.21501,0.17,0.4,4,40000,cagr_p90,0.06744919802813923,0.000465212227184736
v5_100k,v5,5. Les deux,100k,100000,14,v1v2_sans_selection,central,10,expo_brute,False,0.40102,0.4987282429804,0.2,0.21501,0.17,0.4,4,40000,cagr_p90,0.11521438011222572,0.00044911203668957623
v5_100k,v5,5. Les deux,100k,100000,14,v1v2_sans_selection,opt,10,expo_brute,False,0.40102,0.4987282429804,0.4,0.21501,0.17,0.4,4,40000,cagr_p90,0.16488934711845757,0.00040232702759319873
v5_250k,v5,5. Les deux,250k,250000,24,v1v2_sans_selection,pess,10,expo_brute,False,0.41619,0.5766596986953074,0.0399999999999999,0.21533,0.17,0.4,4,40000,cagr_p90,0.09217064633011832,0.00075367098247032
v5_250k,v5,5. Les deux,250k,250000,24,v1v2_sans_selection,central,10,expo_brute,False,0.41619,0.5766596986953074,0.24,0.21533,0.17,0.4,4,40000,cagr_p90,0.14051316084836313,0.0008115386090631917
v5_250k,v5,5. Les deux,250k,250000,24,v1v2_sans_selection,opt,10,expo_brute,False,0.41619,0.5766596986953074,0.44,0.21533,0.17,0.4,4,40000,cagr_p90,0.19092530259690071,0.0008679201992246217
v5_1M,v5,5. Les deux,1M,1000000,40,v1v2_sans_selection,pess,10,expo_brute,False,0.37659,0.7169600892217001,0.07,0.21539,0.17,0.4,4,40000,cagr_p90,0.09906816272007987,0.0001858014303676745
v5_1M,v5,5. Les deux,1M,1000000,40,v1v2_sans_selection,central,10,expo_brute,False,0.37659,0.7169600892217001,0.27,0.21539,0.17,0.4,4,40000,cagr_p90,0.14749924085785832,0.0001975718679834012
v5_1M,v5,5. Les deux,1M,1000000,40,v1v2_sans_selection,opt,10,expo_brute,False,0.37659,0.7169600892217001,0.47,0.21539,0.17,0.4,4,40000,cagr_p90,0.19804667124004308,0.00020308068302446816
v1_100k,v1,1. Montant fixe,100k,100000,13,commune,central,5,marge_contrats,False,0.066005,0.4987282429804,0.0329185576779213,0.38963,0.18356,0.6003541025998791,4,40000,cagr_p90,0.10750873798938734,0.002897969104550668
v1_250k,v1,1. Montant fixe,250k,250000,21,commune,central,5,marge_contrats,False,-0.01434,0.5766596986953074,-0.0082693000792907,0.37385,0.17136,0.5706796489109739,4,40000,cagr_p90,0.10629097179440997,0.00383691634681904
v1_1M,v1,1. Montant fixe,1M,1000000,36,commune,central,5,marge_contrats,False,0.014638,0.7169600892217001,0.0104948617860272,0.34739,0.16591,0.5368636190166675,4,40000,cagr_p90,0.11110306907003814,0.003465399749885685
v2_100k,v2,2. Système actuel,100k,100000,13,commune,central,5,marge_contrats,False,0.25477,0.4987282429804,0.1270609944641165,0.20601,0.10646,0.3268325408120552,4,40000,cagr_p90,0.12198512983345802,0.0012746189720963656
v2_250k,v2,2. Système actuel,250k,250000,21,commune,central,5,marge_contrats,False,0.29366,0.5766596986953074,0.1693418871188639,0.19482,0.11062,0.3187126949333581,4,40000,cagr_p90,0.1458877394002669,0.002603133891853239
v2_1M,v2,2. Système actuel,1M,1000000,36,commune,central,5,marge_contrats,False,0.26414,0.7169600892217001,0.1893778379670198,0.20608,0.11957,0.3396284985375365,4,40000,cagr_p90,0.15791355133848856,0.002585469866016746
v3_100k,v3,3. + stratégie 13,100k,100000,14,commune,central,5,marge_contrats,False,0.284,0.4987282429804,0.1416388210064336,0.22245,0.12293,0.3608886995953677,4,40000,cagr_p90,0.13583682363896457,0.0017506094104841109
v3_250k,v3,3. + stratégie 13,250k,250000,22,commune,central,5,marge_contrats,False,0.36765,0.5766596986953074,0.2120089382253297,0.20811,0.12633,0.348618115915107,4,40000,cagr_p90,0.16818882938087257,0.001579327725929844
v3_1M,v3,3. + stratégie 13,1M,1000000,37,commune,central,5,marge_contrats,False,0.32045,0.7169600892217001,0.2297498605910937,0.2125,0.13419,0.3611039700078927,4,40000,cagr_p90,0.17394021153868908,0.002380649622232408
v4_100k,v4,4. + pilotage du risque,100k,100000,13,commune,central,5,marge_contrats,False,0.39254,0.4987282429804,0.1957707844995262,0.21286,0.1175,0.3452001069717687,4,40000,cagr_p90,0.15085272897636146,0.0016182378313103628
v4_250k,v4,4. + pilotage du risque,250k,250000,23,commune,central,5,marge_contrats,False,0.39268,0.5766596986953074,0.2264427304836733,0.21289,0.13386,0.3612537677053824,4,40000,cagr_p90,0.1803860181894196,0.0031813875110056934
v4_1M,v4,4. + pilotage du risque,1M,1000000,38,commune,central,5,marge_contrats,False,0.37235,0.7169600892217001,0.2669600892217,0.21464,0.1405,0.369699127164678,4,40000,cagr_p90,0.18529328700555592,0.002593049087816902
v5_100k,v5,5. Les deux,100k,100000,14,commune,central,5,marge_contrats,False,0.40102,0.4987282429804,0.2,0.21501,0.12384,0.35384,4,40000,cagr_p90,0.15205155844287357,0.0016903354179096332
v5_250k,v5,5. Les deux,250k,250000,24,commune,central,5,marge_contrats,False,0.41619,0.5766596986953074,0.24,0.21533,0.14192,0.37192,4,40000,cagr_p90,0.18374409672380576,0.0014978197606872502
v5_1M,v5,5. Les deux,1M,1000000,40,commune,central,5,marge_contrats,False,0.37659,0.7169600892217001,0.27,0.21539,0.14745,0.37745,4,40000,cagr_p90,0.18989174218406474,0.0019020699536788693
v1_100k,v1,1. Montant fixe,100k,100000,13,commune,central,10,marge_contrats,False,0.066005,0.4987282429804,0.0329185576779213,0.38963,0.18356,0.6003541025998791,4,40000,cagr_p90,0.056227600453898824,0.0006336626938596647
v1_250k,v1,1. Montant fixe,250k,250000,21,commune,central,10,marge_contrats,False,-0.01434,0.5766596986953074,-0.0082693000792907,0.37385,0.17136,0.5706796489109739,4,40000,cagr_p90,0.053500059603052576,0.0017016322002532608
v1_1M,v1,1. Montant fixe,1M,1000000,36,commune,central,10,marge_contrats,False,0.014638,0.7169600892217001,0.0104948617860272,0.34739,0.16591,0.5368636190166675,4,40000,cagr_p90,0.06322800205237677,0.0018418391219364593
v2_100k,v2,2. Système actuel,100k,100000,13,commune,central,10,marge_contrats,False,0.25477,0.4987282429804,0.1270609944641165,0.20601,0.10646,0.3268325408120552,4,40000,cagr_p90,0.09018124822205062,0.0007022074853805852
v2_250k,v2,2. Système actuel,250k,250000,21,commune,central,10,marge_contrats,False,0.29366,0.5766596986953074,0.1693418871188639,0.19482,0.11062,0.3187126949333581,4,40000,cagr_p90,0.11048634682348328,0.0009518648365510804
v2_1M,v2,2. Système actuel,1M,1000000,36,commune,central,10,marge_contrats,False,0.26414,0.7169600892217001,0.1893778379670198,0.20608,0.11957,0.3396284985375365,4,40000,cagr_p90,0.1197787738506717,0.0005984843174785113
v3_100k,v3,3. + stratégie 13,100k,100000,14,commune,central,10,marge_contrats,False,0.284,0.4987282429804,0.1416388210064336,0.22245,0.12293,0.3608886995953677,4,40000,cagr_p90,0.10070058539757404,9.172028118157792e-05
v3_250k,v3,3. + stratégie 13,250k,250000,22,commune,central,10,marge_contrats,False,0.36765,0.5766596986953074,0.2120089382253297,0.20811,0.12633,0.348618115915107,4,40000,cagr_p90,0.12793941422878927,0.0002805342022306007
v3_1M,v3,3. + stratégie 13,1M,1000000,37,commune,central,10,marge_contrats,False,0.32045,0.7169600892217001,0.2297498605910937,0.2125,0.13419,0.3611039700078927,4,40000,cagr_p90,0.13320769171230523,0.0003711795010646529
v4_100k,v4,4. + pilotage du risque,100k,100000,13,commune,central,10,marge_contrats,False,0.39254,0.4987282429804,0.1957707844995262,0.21286,0.1175,0.3452001069717687,4,40000,cagr_p90,0.11432270402459788,0.0009383236920842412
v4_250k,v4,4. + pilotage du risque,250k,250000,23,commune,central,10,marge_contrats,False,0.39268,0.5766596986953074,0.2264427304836733,0.21289,0.13386,0.3612537677053824,4,40000,cagr_p90,0.13756998991578726,0.00024942712603108724
v4_1M,v4,4. + pilotage du risque,1M,1000000,38,commune,central,10,marge_contrats,False,0.37235,0.7169600892217001,0.2669600892217,0.21464,0.1405,0.369699127164678,4,40000,cagr_p90,0.14469191679729165,0.0006860271584840766
v5_100k,v5,5. Les deux,100k,100000,14,commune,central,10,marge_contrats,False,0.40102,0.4987282429804,0.2,0.21501,0.12384,0.35384,4,40000,cagr_p90,0.11640636847952104,0.00045126604337474127
v5_250k,v5,5. Les deux,250k,250000,24,commune,central,10,marge_contrats,False,0.41619,0.5766596986953074,0.24,0.21533,0.14192,0.37192,4,40000,cagr_p90,0.14124707680317597,0.0008125216234335253
v5_1M,v5,5. Les deux,1M,1000000,40,commune,central,10,marge_contrats,False,0.37659,0.7169600892217001,0.27,0.21539,0.14745,0.37745,4,40000,cagr_p90,0.1480898204948928,0.00019772547231289362
v1_100k,v1,1. Montant fixe,100k,100000,13,commune,pess,5,expo_brute,False,0.066005,0.4987282429804,-0.1670814423220787,0.38963,0.1017170440702665,0.5185111466701455,4,40000,cagr_mean_wealth,-0.09109056387741853,0.0017857652588143481
v1_100k,v1,1. Montant fixe,100k,100000,13,commune,central,5,expo_brute,False,0.066005,0.4987282429804,0.0329185576779213,0.38963,0.1017170440702665,0.5185111466701455,4,40000,cagr_mean_wealth,-0.01576107301221675,0.0019182477664425295
v1_100k,v1,1. Montant fixe,100k,100000,13,commune,opt,5,expo_brute,False,0.066005,0.4987282429804,0.2329185576779213,0.38963,0.1017170440702665,0.5185111466701455,4,40000,cagr_mean_wealth,0.06540327412807952,0.0020625429926830626
v1_250k,v1,1. Montant fixe,250k,250000,21,commune,pess,5,expo_brute,False,-0.01434,0.5766596986953074,-0.2082693000792907,0.37385,0.1017170440702665,0.5010366929812404,4,40000,cagr_mean_wealth,-0.09005978640413828,0.002032896260877234
v1_250k,v1,1. Montant fixe,250k,250000,21,commune,central,5,expo_brute,False,-0.01434,0.5766596986953074,-0.0082693000792907,0.37385,0.1017170440702665,0.5010366929812404,4,40000,cagr_mean_wealth,-0.0188269087073698,0.002185994262693572
v1_250k,v1,1. Montant fixe,250k,250000,21,commune,opt,5,expo_brute,False,-0.01434,0.5766596986953074,0.1917306999207093,0.37385,0.1017170440702665,0.5010366929812404,4,40000,cagr_mean_wealth,0.05780561454878385,0.002352082300449121
v1_1M,v1,1. Montant fixe,1M,1000000,36,commune,pess,5,expo_brute,False,0.014638,0.7169600892217001,-0.1895051382139728,0.34739,0.1017170440702665,0.472670663086934,4,40000,cagr_mean_wealth,-0.07366204125744692,0.0019717842631837615
v1_1M,v1,1. Montant fixe,1M,1000000,36,commune,central,5,expo_brute,False,0.014638,0.7169600892217001,0.0104948617860272,0.34739,0.1017170440702665,0.472670663086934,4,40000,cagr_mean_wealth,-0.0068758806056697245,0.002112401904603848
v1_1M,v1,1. Montant fixe,1M,1000000,36,commune,opt,5,expo_brute,False,0.014638,0.7169600892217001,0.2104948617860272,0.34739,0.1017170440702665,0.472670663086934,4,40000,cagr_mean_wealth,0.06467942278681632,0.0022631773023235966
v2_100k,v2,2. Système actuel,100k,100000,13,commune,pess,5,expo_brute,False,0.25477,0.4987282429804,-0.0729390055358835,0.20601,0.1082974145291847,0.32866995534124,4,40000,cagr_mean_wealth,-0.0097757367613052,0.0009846429903528227
v2_100k,v2,2. Système actuel,100k,100000,13,commune,central,5,expo_brute,False,0.25477,0.4987282429804,0.1270609944641165,0.20601,0.1082974145291847,0.32866995534124,4,40000,cagr_mean_wealth,0.032531793306463774,0.0010237937564184791
v2_100k,v2,2. Système actuel,100k,100000,13,commune,opt,5,expo_brute,False,0.25477,0.4987282429804,0.3270609944641165,0.20601,0.1082974145291847,0.32866995534124,4,40000,cagr_mean_wealth,0.07654665787099198,0.0010646617202101905
v2_250k,v2,2. Système actuel,250k,250000,21,commune,pess,5,expo_brute,False,0.29366,0.5766596986953074,-0.0306581128811361,0.19482,0.1082974145291847,0.3163901094625428,4,40000,cagr_mean_wealth,0.008187988131962325,0.001434255230321361
v2_250k,v2,2. Système actuel,250k,250000,21,commune,central,5,expo_brute,False,0.29366,0.5766596986953074,0.1693418871188639,0.19482,0.1082974145291847,0.3163901094625428,4,40000,cagr_mean_wealth,0.04846299563572223,0.001490284233780738
v2_250k,v2,2. Système actuel,250k,250000,21,commune,opt,5,expo_brute,False,0.29366,0.5766596986953074,0.3693418871188639,0.19482,0.1082974145291847,0.3163901094625428,4,40000,cagr_mean_wealth,0.09031285567329245,0.0015485919858972724
v2_1M,v2,2. Système actuel,1M,1000000,36,commune,pess,5,expo_brute,False,0.26414,0.7169600892217001,-0.0106221620329802,0.20608,0.1082974145291847,0.3283559130667213,4,40000,cagr_mean_wealth,0.013091220283749126,0.0013123356736623917
v2_1M,v2,2. Système actuel,1M,1000000,36,commune,central,5,expo_brute,False,0.26414,0.7169600892217001,0.1893778379670198,0.20608,0.1082974145291847,0.3283559130667213,4,40000,cagr_mean_wealth,0.05577167560073235,0.001367141148886673
v2_1M,v2,2. Système actuel,1M,1000000,36,commune,opt,5,expo_brute,False,0.26414,0.7169600892217001,0.3893778379670198,0.20608,0.1082974145291847,0.3283559130667213,4,40000,cagr_mean_wealth,0.10023550653222033,0.001424251652548407
v3_100k,v3,3. + stratégie 13,100k,100000,14,commune,pess,5,expo_brute,True,0.284,0.4987282429804,-0.0583611789935664,0.22245,0.1310906565570317,0.3690493561523995,4,40000,cagr_mean_wealth,-0.008740374776381449,0.001029784098262173
v3_100k,v3,3. + stratégie 13,100k,100000,14,commune,central,5,expo_brute,True,0.284,0.4987282429804,0.1416388210064336,0.22245,0.1310906565570317,0.3690493561523995,4,40000,cagr_mean_wealth,0.03706627092436697,0.0010741917058174017
v3_100k,v3,3. + stratégie 13,100k,100000,14,commune,opt,5,expo_brute,True,0.284,0.4987282429804,0.3416388210064336,0.22245,0.1310906565570317,0.3690493561523995,4,40000,cagr_mean_wealth,0.08487319506187038,0.0011207445187059568
v3_250k,v3,3. + stratégie 13,250k,250000,22,commune,pess,5,expo_brute,True,0.36765,0.5766596986953074,0.0120089382253296,0.20811,0.1310906565570317,0.3533787724721388,4,40000,cagr_mean_wealth,0.0172130055379984,0.0012150534983818729
v3_250k,v3,3. + stratégie 13,250k,250000,22,commune,central,5,expo_brute,True,0.36765,0.5766596986953074,0.2120089382253297,0.20811,0.1310906565570317,0.3533787724721388,4,40000,cagr_mean_wealth,0.06066920977766215,0.0012658436455974802
v3_250k,v3,3. + stratégie 13,250k,250000,22,commune,opt,5,expo_brute,True,0.36765,0.5766596986953074,0.4120089382253297,0.20811,0.1310906565570317,0.3533787724721388,4,40000,cagr_mean_wealth,0.1059437425096458,0.0013188464686490883
v3_1M,v3,3. + stratégie 13,1M,1000000,37,commune,pess,5,expo_brute,True,0.32045,0.7169600892217001,0.0297498605910936,0.2125,0.1310906565570317,0.3580046265649245,4,40000,cagr_mean_wealth,0.021684867583590298,0.001207068261993388
v3_1M,v3,3. + stratégie 13,1M,1000000,37,commune,central,5,expo_brute,True,0.32045,0.7169600892217001,0.2297498605910937,0.2125,0.1310906565570317,0.3580046265649245,4,40000,cagr_mean_wealth,0.06609352091830102,0.0012591076371174775
v3_1M,v3,3. + stratégie 13,1M,1000000,37,commune,opt,5,expo_brute,True,0.32045,0.7169600892217001,0.4297498605910937,0.2125,0.1310906565570317,0.3580046265649245,4,40000,cagr_mean_wealth,0.11241692333169742,0.0013134030475533973
v4_100k,v4,4. + pilotage du risque,100k,100000,13,commune,pess,5,expo_brute,True,0.39254,0.4987282429804,-0.0042292155004738,0.21286,0.1505511344877443,0.3782512414595131,4,40000,cagr_mean_wealth,0.00560898981548225,0.0008503954793660526
v4_100k,v4,4. + pilotage du risque,100k,100000,13,commune,central,5,expo_brute,True,0.39254,0.4987282429804,0.1957707844995262,0.21286,0.1505511344877443,0.3782512414595131,4,40000,cagr_mean_wealth,0.0499897386496763,0.0008857097032596883
v4_100k,v4,4. + pilotage du risque,100k,100000,13,commune,opt,5,expo_brute,True,0.39254,0.4987282429804,0.3957707844995262,0.21286,0.1505511344877443,0.3782512414595131,4,40000,cagr_mean_wealth,0.09622643840516512,0.0009227030934155877
v4_250k,v4,4. + pilotage du risque,250k,250000,23,commune,pess,5,expo_brute,True,0.39268,0.5766596986953074,0.0264427304836732,0.21289,0.1505511344877443,0.3779449021931268,4,40000,cagr_mean_wealth,0.021574731823370275,0.0013205548324738818
v4_250k,v4,4. + pilotage du risque,250k,250000,23,commune,central,5,expo_brute,True,0.39268,0.5766596986953074,0.2264427304836733,0.21289,0.1505511344877443,0.3779449021931268,4,40000,cagr_mean_wealth,0.06623673511782768,0.0013769897212777236
v4_250k,v4,4. + pilotage du risque,250k,250000,23,commune,opt,5,expo_brute,True,0.39268,0.5766596986953074,0.4264427304836733,0.21289,0.1505511344877443,0.3779449021931268,4,40000,cagr_mean_wealth,0.11281161116866434,0.0014359356375240597
v4_1M,v4,4. + pilotage du risque,1M,1000000,38,commune,pess,5,expo_brute,True,0.37235,0.7169600892217001,0.0669600892216999,0.21464,0.1505511344877443,0.3797502616524224,4,40000,cagr_mean_wealth,0.030176996772796175,0.0010582171396843522
v4_1M,v4,4. + pilotage du risque,1M,1000000,38,commune,central,5,expo_brute,True,0.37235,0.7169600892217001,0.2669600892217,0.21464,0.1505511344877443,0.3797502616524224,4,40000,cagr_mean_wealth,0.07541227877476653,0.0011042491004707518
v4_1M,v4,4. + pilotage du risque,1M,1000000,38,commune,opt,5,expo_brute,True,0.37235,0.7169600892217001,0.4669600892217,0.21464,0.1505511344877443,0.3797502616524224,4,40000,cagr_mean_wealth,0.1226181213991297,0.0011522967961408474
v5_100k,v5,5. Les deux,100k,100000,14,commune,pess,5,expo_brute,True,0.40102,0.4987282429804,0.0,0.21501,0.17,0.4,4,40000,cagr_mean_wealth,0.00564348840574365,0.0009220397072915898
v5_100k,v5,5. Les deux,100k,100000,14,commune,central,5,expo_brute,True,0.40102,0.4987282429804,0.2,0.21501,0.17,0.4,4,40000,cagr_mean_wealth,0.05048495944718057,0.0009610089889332881
v5_100k,v5,5. Les deux,100k,100000,14,commune,opt,5,expo_brute,True,0.40102,0.4987282429804,0.4,0.21501,0.17,0.4,4,40000,cagr_mean_wealth,0.09722111632901043,0.0010016918299351736
v5_250k,v5,5. Les deux,250k,250000,24,commune,pess,5,expo_brute,True,0.41619,0.5766596986953074,0.0399999999999999,0.21533,0.17,0.4,4,40000,cagr_mean_wealth,0.023977419883157675,0.0012452956446870047
v5_250k,v5,5. Les deux,250k,250000,24,commune,central,5,expo_brute,True,0.41619,0.5766596986953074,0.24,0.21533,0.17,0.4,4,40000,cagr_mean_wealth,0.06926640655379218,0.0012992027786573636
v5_250k,v5,5. Les deux,250k,250000,24,commune,opt,5,expo_brute,True,0.41619,0.5766596986953074,0.44,0.21533,0.17,0.4,4,40000,cagr_mean_wealth,0.1165180186432477,0.0013555388152077068
v5_1M,v5,5. Les deux,1M,1000000,40,commune,pess,5,expo_brute,True,0.37659,0.7169600892217001,0.07,0.21539,0.17,0.4,4,40000,cagr_mean_wealth,0.0311433020373363,0.0010659827062781482
v5_1M,v5,5. Les deux,1M,1000000,40,commune,central,5,expo_brute,True,0.37659,0.7169600892217001,0.27,0.21539,0.17,0.4,4,40000,cagr_mean_wealth,0.07658207555963355,0.0011125743983934203
v5_1M,v5,5. Les deux,1M,1000000,40,commune,opt,5,expo_brute,True,0.37659,0.7169600892217001,0.47,0.21539,0.17,0.4,4,40000,cagr_mean_wealth,0.12400734845677497,0.001161212046708915
v1_100k,v1,1. Montant fixe,100k,100000,13,commune,pess,10,expo_brute,False,0.066005,0.4987282429804,-0.1670814423220787,0.38963,0.1017170440702665,0.5185111466701455,4,40000,cagr_mean_wealth,-0.0935152361081181,0.0003690463855325657
v1_100k,v1,1. Montant fixe,100k,100000,13,commune,central,10,expo_brute,False,0.066005,0.4987282429804,0.0329185576779213,0.38963,0.1017170440702665,0.5185111466701455,4,40000,cagr_mean_wealth,-0.016443003935863076,0.00037893546952359156
v1_100k,v1,1. Montant fixe,100k,100000,13,commune,opt,10,expo_brute,False,0.066005,0.4987282429804,0.2329185576779213,0.38963,0.1017170440702665,0.5185111466701455,4,40000,cagr_mean_wealth,0.06573200283953201,0.0003948301290147251
v1_250k,v1,1. Montant fixe,250k,250000,21,commune,pess,10,expo_brute,False,-0.01434,0.5766596986953074,-0.2082693000792907,0.37385,0.1017170440702665,0.5010366929812404,4,40000,cagr_mean_wealth,-0.09164626543945428,0.0007170513660167895
v1_250k,v1,1. Montant fixe,250k,250000,21,commune,central,10,expo_brute,False,-0.01434,0.5766596986953074,-0.0082693000792907,0.37385,0.1017170440702665,0.5010366929812404,4,40000,cagr_mean_wealth,-0.019670145324261326,0.0007613684679610136
v1_250k,v1,1. Montant fixe,250k,250000,21,commune,opt,10,expo_brute,False,-0.01434,0.5766596986953074,0.1917306999207093,0.37385,0.1017170440702665,0.5010366929812404,4,40000,cagr_mean_wealth,0.05733621533597112,0.0008136867247603366
v1_1M,v1,1. Montant fixe,1M,1000000,36,commune,pess,10,expo_brute,False,0.014638,0.7169600892217001,-0.1895051382139728,0.34739,0.1017170440702665,0.472670663086934,4,40000,cagr_mean_wealth,-0.07444493394887627,0.0007455653737660059
v1_1M,v1,1. Montant fixe,1M,1000000,36,commune,central,10,expo_brute,False,0.014638,0.7169600892217001,0.0104948617860272,0.34739,0.1017170440702665,0.472670663086934,4,40000,cagr_mean_wealth,-0.007555641294945575,0.0007967199728563354
v1_1M,v1,1. Montant fixe,1M,1000000,36,commune,opt,10,expo_brute,False,0.014638,0.7169600892217001,0.2104948617860272,0.34739,0.1017170440702665,0.472670663086934,4,40000,cagr_mean_wealth,0.06403616342487058,0.0008523037791297456
v2_100k,v2,2. Système actuel,100k,100000,13,commune,pess,10,expo_brute,False,0.25477,0.4987282429804,-0.0729390055358835,0.20601,0.1082974145291847,0.32866995534124,4,40000,cagr_mean_wealth,-0.00981396664157445,0.0002723475957026045
v2_100k,v2,2. Système actuel,100k,100000,13,commune,central,10,expo_brute,False,0.25477,0.4987282429804,0.1270609944641165,0.20601,0.1082974145291847,0.32866995534124,4,40000,cagr_mean_wealth,0.03306960836818758,0.0002827332332045328
v2_100k,v2,2. Système actuel,100k,100000,13,commune,opt,10,expo_brute,False,0.25477,0.4987282429804,0.3270609944641165,0.20601,0.1082974145291847,0.32866995534124,4,40000,cagr_mean_wealth,0.07749870170841458,0.00029475457588576864
v2_250k,v2,2. Système actuel,250k,250000,21,commune,pess,10,expo_brute,False,0.29366,0.5766596986953074,-0.0306581128811361,0.19482,0.1082974145291847,0.3163901094625428,4,40000,cagr_mean_wealth,0.008228841679521426,0.000284623775598245
v2_250k,v2,2. Système actuel,250k,250000,21,commune,central,10,expo_brute,False,0.29366,0.5766596986953074,0.1693418871188639,0.19482,0.1082974145291847,0.3163901094625428,4,40000,cagr_mean_wealth,0.048691461367289024,0.0002947762992221146
v2_250k,v2,2. Système actuel,250k,250000,21,commune,opt,10,expo_brute,False,0.29366,0.5766596986953074,0.3693418871188639,0.19482,0.1082974145291847,0.3163901094625428,4,40000,cagr_mean_wealth,0.09067641297877016,0.00030556526867867305
v2_1M,v2,2. Système actuel,1M,1000000,36,commune,pess,10,expo_brute,False,0.26414,0.7169600892217001,-0.0106221620329802,0.20608,0.1082974145291847,0.3283559130667213,4,40000,cagr_mean_wealth,0.013251713804607275,0.0003502227097487601
v2_1M,v2,2. Système actuel,1M,1000000,36,commune,central,10,expo_brute,False,0.26414,0.7169600892217001,0.1893778379670198,0.20608,0.1082974145291847,0.3283559130667213,4,40000,cagr_mean_wealth,0.055984862007967075,0.0003645472160894879
v2_1M,v2,2. Système actuel,1M,1000000,36,commune,opt,10,expo_brute,False,0.26414,0.7169600892217001,0.3893778379670198,0.20608,0.1082974145291847,0.3283559130667213,4,40000,cagr_mean_wealth,0.10048816652421255,0.0003795517350272749
v3_100k,v3,3. + stratégie 13,100k,100000,14,commune,pess,10,expo_brute,True,0.284,0.4987282429804,-0.0583611789935664,0.22245,0.1310906565570317,0.3690493561523995,4,40000,cagr_mean_wealth,-0.008637303776056374,0.00027331195830867296
v3_100k,v3,3. + stratégie 13,100k,100000,14,commune,central,10,expo_brute,True,0.284,0.4987282429804,0.1416388210064336,0.22245,0.1310906565570317,0.3690493561523995,4,40000,cagr_mean_wealth,0.03778294099604845,0.00028666582873723543
v3_100k,v3,3. + stratégie 13,100k,100000,14,commune,opt,10,expo_brute,True,0.284,0.4987282429804,0.3416388210064336,0.22245,0.1310906565570317,0.3690493561523995,4,40000,cagr_mean_wealth,0.08602039554010245,0.0003005210006747644
v3_250k,v3,3. + stratégie 13,250k,250000,22,commune,pess,10,expo_brute,True,0.36765,0.5766596986953074,0.0120089382253296,0.20811,0.1310906565570317,0.3533787724721388,4,40000,cagr_mean_wealth,0.017497314331255374,0.0001730719095428693
v3_250k,v3,3. + stratégie 13,250k,250000,22,commune,central,10,expo_brute,True,0.36765,0.5766596986953074,0.2120089382253297,0.20811,0.1310906565570317,0.3533787724721388,4,40000,cagr_mean_wealth,0.061146077388113076,0.00018092578295001514
v3_250k,v3,3. + stratégie 13,250k,250000,22,commune,opt,10,expo_brute,True,0.36765,0.5766596986953074,0.4120089382253297,0.20811,0.1310906565570317,0.3533787724721388,4,40000,cagr_mean_wealth,0.10655854013233823,0.00018905979150594867
v3_1M,v3,3. + stratégie 13,1M,1000000,37,commune,pess,10,expo_brute,True,0.32045,0.7169600892217001,0.0297498605910936,0.2125,0.1310906565570317,0.3580046265649245,4,40000,cagr_mean_wealth,0.021884785552627625,0.0003461004775592866
v3_1M,v3,3. + stratégie 13,1M,1000000,37,commune,central,10,expo_brute,True,0.32045,0.7169600892217001,0.2297498605910937,0.2125,0.1310906565570317,0.3580046265649245,4,40000,cagr_mean_wealth,0.06634555931721825,0.00036085283358427956
v3_1M,v3,3. + stratégie 13,1M,1000000,37,commune,opt,10,expo_brute,True,0.32045,0.7169600892217001,0.4297498605910937,0.2125,0.1310906565570317,0.3580046265649245,4,40000,cagr_mean_wealth,0.112708105342301,0.0003763077740399642
v4_100k,v4,4. + pilotage du risque,100k,100000,13,commune,pess,10,expo_brute,True,0.39254,0.4987282429804,-0.0042292155004738,0.21286,0.1505511344877443,0.3782512414595131,4,40000,cagr_mean_wealth,0.00575268399393755,0.0005318968387377324
v4_100k,v4,4. + pilotage du risque,100k,100000,13,commune,central,10,expo_brute,True,0.39254,0.4987282429804,0.1957707844995262,0.21286,0.1505511344877443,0.3782512414595131,4,40000,cagr_mean_wealth,0.05065278894860325,0.0005538152435520279
v4_100k,v4,4. + pilotage du risque,100k,100000,13,commune,opt,10,expo_brute,True,0.39254,0.4987282429804,0.3957707844995262,0.21286,0.1505511344877443,0.3782512414595131,4,40000,cagr_mean_wealth,0.09725421966865244,0.0005773124938893174
v4_250k,v4,4. + pilotage du risque,250k,250000,23,commune,pess,10,expo_brute,True,0.39268,0.5766596986953074,0.0264427304836732,0.21289,0.1505511344877443,0.3779449021931268,4,40000,cagr_mean_wealth,0.0216090774635509,0.00018756595181397364
v4_250k,v4,4. + pilotage du risque,250k,250000,23,commune,central,10,expo_brute,True,0.39268,0.5766596986953074,0.2264427304836733,0.21289,0.1505511344877443,0.3779449021931268,4,40000,cagr_mean_wealth,0.0664499052836772,0.00019611045687915174
v4_250k,v4,4. + pilotage du risque,250k,250000,23,commune,opt,10,expo_brute,True,0.39268,0.5766596986953074,0.4264427304836733,0.21289,0.1505511344877443,0.3779449021931268,4,40000,cagr_mean_wealth,0.11314803084358863,0.00020500555335658063
v4_1M,v4,4. + pilotage du risque,1M,1000000,38,commune,pess,10,expo_brute,True,0.37235,0.7169600892217001,0.0669600892216999,0.21464,0.1505511344877443,0.3797502616524224,4,40000,cagr_mean_wealth,0.03005959949764915,0.00011879256875189317
v4_1M,v4,4. + pilotage du risque,1M,1000000,38,commune,central,10,expo_brute,True,0.37235,0.7169600892217001,0.2669600892217,0.21464,0.1505511344877443,0.3797502616524224,4,40000,cagr_mean_wealth,0.07533035356316883,0.00012395798929726575
v4_1M,v4,4. + pilotage du risque,1M,1000000,38,commune,opt,10,expo_brute,True,0.37235,0.7169600892217001,0.4669600892217,0.21464,0.1505511344877443,0.3797502616524224,4,40000,cagr_mean_wealth,0.12255864454344237,0.00012937499376294094
v5_100k,v5,5. Les deux,100k,100000,14,commune,pess,10,expo_brute,True,0.40102,0.4987282429804,0.0,0.21501,0.17,0.4,4,40000,cagr_mean_wealth,0.0059636032322849,0.0005349081746900559
v5_100k,v5,5. Les deux,100k,100000,14,commune,central,10,expo_brute,True,0.40102,0.4987282429804,0.2,0.21501,0.17,0.4,4,40000,cagr_mean_wealth,0.0513360969870173,0.0005565503697068601
v5_100k,v5,5. Les deux,100k,100000,14,commune,opt,10,expo_brute,True,0.40102,0.4987282429804,0.4,0.21501,0.17,0.4,4,40000,cagr_mean_wealth,0.09844593486427593,0.0005799176084747025
v5_250k,v5,5. Les deux,250k,250000,24,commune,pess,10,expo_brute,True,0.41619,0.5766596986953074,0.0399999999999999,0.21533,0.17,0.4,4,40000,cagr_mean_wealth,0.0240774793164243,0.0002767474700611629
v5_250k,v5,5. Les deux,250k,250000,24,commune,central,10,expo_brute,True,0.41619,0.5766596986953074,0.24,0.21533,0.17,0.4,4,40000,cagr_mean_wealth,0.06954565518217028,0.0002891835495241265
v5_250k,v5,5. Les deux,250k,250000,24,commune,opt,10,expo_brute,True,0.41619,0.5766596986953074,0.44,0.21533,0.17,0.4,4,40000,cagr_mean_wealth,0.11692097629749185,0.000302164789945368
v5_1M,v5,5. Les deux,1M,1000000,40,commune,pess,10,expo_brute,True,0.37659,0.7169600892217001,0.07,0.21539,0.17,0.4,4,40000,cagr_mean_wealth,0.03130788300337345,0.00039224543992435193
v5_1M,v5,5. Les deux,1M,1000000,40,commune,central,10,expo_brute,True,0.37659,0.7169600892217001,0.27,0.21539,0.17,0.4,4,40000,cagr_mean_wealth,0.07679409110419586,0.000409332247539589
v5_1M,v5,5. Les deux,1M,1000000,40,commune,opt,10,expo_brute,True,0.37659,0.7169600892217001,0.47,0.21539,0.17,0.4,4,40000,cagr_mean_wealth,0.12425435551627995,0.0004272176026656586
v1_100k,v1,1. Montant fixe,100k,100000,13,v1v2_sans_selection,pess,5,expo_brute,True,0.066005,0.4987282429804,-0.1588098317415591,0.38963,0.1017170440702665,0.5185111466701455,4,40000,cagr_mean_wealth,-0.0880855122921882,0.00179107625065235
v1_100k,v1,1. Montant fixe,100k,100000,13,v1v2_sans_selection,central,5,expo_brute,True,0.066005,0.4987282429804,0.0411901682584409,0.38963,0.1017170440702665,0.5185111466701455,4,40000,cagr_mean_wealth,-0.01252281096359145,0.0019239506668139743
v1_100k,v1,1. Montant fixe,100k,100000,13,v1v2_sans_selection,opt,5,expo_brute,True,0.066005,0.4987282429804,0.2411901682584409,0.38963,0.1017170440702665,0.5185111466701455,4,40000,cagr_mean_wealth,0.06889211068468773,0.002068807760272561
v1_250k,v1,1. Montant fixe,250k,250000,21,v1v2_sans_selection,pess,5,expo_brute,True,-0.01434,0.5766596986953074,-0.209786975059468,0.37385,0.1017170440702665,0.5010366929812404,4,40000,cagr_mean_wealth,-0.0905807808095062,0.002031780505993684
v1_250k,v1,1. Montant fixe,250k,250000,21,v1v2_sans_selection,central,5,expo_brute,True,-0.01434,0.5766596986953074,-0.009786975059468,0.37385,0.1017170440702665,0.5010366929812404,4,40000,cagr_mean_wealth,-0.019387231586237275,0.002184785581935857
v1_250k,v1,1. Montant fixe,250k,250000,21,v1v2_sans_selection,opt,5,expo_brute,True,-0.01434,0.5766596986953074,0.190213024940532,0.37385,0.1017170440702665,0.5010366929812404,4,40000,cagr_mean_wealth,0.05720266069581755,0.0023507711736150865
v1_1M,v1,1. Montant fixe,1M,1000000,36,v1v2_sans_selection,pess,5,expo_brute,True,0.014638,0.7169600892217001,-0.1884693536604796,0.34739,0.1017170440702665,0.472670663086934,4,40000,cagr_mean_wealth,-0.07332788645101515,0.0019724874773307476
v1_1M,v1,1. Montant fixe,1M,1000000,36,v1v2_sans_selection,central,5,expo_brute,True,0.014638,0.7169600892217001,0.0115306463395204,0.34739,0.1017170440702665,0.472670663086934,4,40000,cagr_mean_wealth,-0.0065178736265635254,0.002113156009823743
v1_1M,v1,1. Montant fixe,1M,1000000,36,v1v2_sans_selection,opt,5,expo_brute,True,0.014638,0.7169600892217001,0.2115306463395204,0.34739,0.1017170440702665,0.472670663086934,4,40000,cagr_mean_wealth,0.0650630035756774,0.0022639857917014588
v2_100k,v2,2. Système actuel,100k,100000,13,v1v2_sans_selection,pess,5,expo_brute,True,0.25477,0.4987282429804,-0.0410117541519126,0.20601,0.1082974145291847,0.32866995534124,4,40000,cagr_mean_wealth,-0.00313372986976325,0.0009907780967087537
v2_100k,v2,2. Système actuel,100k,100000,13,v1v2_sans_selection,central,5,expo_brute,True,0.25477,0.4987282429804,0.1589882458480874,0.20601,0.1082974145291847,0.32866995534124,4,40000,cagr_mean_wealth,0.039441854996588574,0.0010301962896425156
v2_100k,v2,2. Système actuel,100k,100000,13,v1v2_sans_selection,opt,5,expo_brute,True,0.25477,0.4987282429804,0.3589882458480874,0.20601,0.1082974145291847,0.32866995534124,4,40000,cagr_mean_wealth,0.08373584624296067,0.0010713717527077327
v2_250k,v2,2. Système actuel,250k,250000,21,v1v2_sans_selection,pess,5,expo_brute,True,0.29366,0.5766596986953074,0.0004214153391478,0.19482,0.1082974145291847,0.3163901094625428,4,40000,cagr_mean_wealth,0.014345808691820124,0.0014428153757228932
v2_250k,v2,2. Système actuel,250k,250000,21,v1v2_sans_selection,central,5,expo_brute,True,0.29366,0.5766596986953074,0.2004214153391479,0.19482,0.1082974145291847,0.3163901094625428,4,40000,cagr_mean_wealth,0.05486141984514813,0.0014991933359210935
v2_250k,v2,2. Système actuel,250k,250000,21,v1v2_sans_selection,opt,5,expo_brute,True,0.29366,0.5766596986953074,0.4004214153391479,0.19482,0.1082974145291847,0.3163901094625428,4,40000,cagr_mean_wealth,0.09696171197555334,0.0015578629769560264
v2_1M,v2,2. Système actuel,1M,1000000,36,v1v2_sans_selection,pess,5,expo_brute,True,0.26414,0.7169600892217001,0.0080683784752647,0.20608,0.1082974145291847,0.3283559130667213,4,40000,cagr_mean_wealth,0.017006242606901575,0.0013173621902730533
v2_1M,v2,2. Système actuel,1M,1000000,36,v1v2_sans_selection,central,5,expo_brute,True,0.26414,0.7169600892217001,0.2080683784752648,0.20608,0.1082974145291847,0.3283559130667213,4,40000,cagr_mean_wealth,0.05985026140495797,0.0013723792263732654
v2_1M,v2,2. Système actuel,1M,1000000,36,v1v2_sans_selection,opt,5,expo_brute,True,0.26414,0.7169600892217001,0.4080683784752648,0.20608,0.1082974145291847,0.3283559130667213,4,40000,cagr_mean_wealth,0.104484539859193,0.0014297098542082538
v3_100k,v3,3. + stratégie 13,100k,100000,14,v1v2_sans_selection,pess,5,expo_brute,False,0.284,0.4987282429804,-0.0583611789935664,0.22245,0.1310906565570317,0.3690493561523995,4,40000,cagr_mean_wealth,-0.008740374776381449,0.001029784098262173
v3_100k,v3,3. + stratégie 13,100k,100000,14,v1v2_sans_selection,central,5,expo_brute,False,0.284,0.4987282429804,0.1416388210064336,0.22245,0.1310906565570317,0.3690493561523995,4,40000,cagr_mean_wealth,0.03706627092436697,0.0010741917058174017
v3_100k,v3,3. + stratégie 13,100k,100000,14,v1v2_sans_selection,opt,5,expo_brute,False,0.284,0.4987282429804,0.3416388210064336,0.22245,0.1310906565570317,0.3690493561523995,4,40000,cagr_mean_wealth,0.08487319506187038,0.0011207445187059568
v3_250k,v3,3. + stratégie 13,250k,250000,22,v1v2_sans_selection,pess,5,expo_brute,False,0.36765,0.5766596986953074,0.0120089382253296,0.20811,0.1310906565570317,0.3533787724721388,4,40000,cagr_mean_wealth,0.0172130055379984,0.0012150534983818729
v3_250k,v3,3. + stratégie 13,250k,250000,22,v1v2_sans_selection,central,5,expo_brute,False,0.36765,0.5766596986953074,0.2120089382253297,0.20811,0.1310906565570317,0.3533787724721388,4,40000,cagr_mean_wealth,0.06066920977766215,0.0012658436455974802
v3_250k,v3,3. + stratégie 13,250k,250000,22,v1v2_sans_selection,opt,5,expo_brute,False,0.36765,0.5766596986953074,0.4120089382253297,0.20811,0.1310906565570317,0.3533787724721388,4,40000,cagr_mean_wealth,0.1059437425096458,0.0013188464686490883
v3_1M,v3,3. + stratégie 13,1M,1000000,37,v1v2_sans_selection,pess,5,expo_brute,False,0.32045,0.7169600892217001,0.0297498605910936,0.2125,0.1310906565570317,0.3580046265649245,4,40000,cagr_mean_wealth,0.021684867583590298,0.001207068261993388
v3_1M,v3,3. + stratégie 13,1M,1000000,37,v1v2_sans_selection,central,5,expo_brute,False,0.32045,0.7169600892217001,0.2297498605910937,0.2125,0.1310906565570317,0.3580046265649245,4,40000,cagr_mean_wealth,0.06609352091830102,0.0012591076371174775
v3_1M,v3,3. + stratégie 13,1M,1000000,37,v1v2_sans_selection,opt,5,expo_brute,False,0.32045,0.7169600892217001,0.4297498605910937,0.2125,0.1310906565570317,0.3580046265649245,4,40000,cagr_mean_wealth,0.11241692333169742,0.0013134030475533973
v4_100k,v4,4. + pilotage du risque,100k,100000,13,v1v2_sans_selection,pess,5,expo_brute,False,0.39254,0.4987282429804,-0.0042292155004738,0.21286,0.1505511344877443,0.3782512414595131,4,40000,cagr_mean_wealth,0.00560898981548225,0.0008503954793660526
v4_100k,v4,4. + pilotage du risque,100k,100000,13,v1v2_sans_selection,central,5,expo_brute,False,0.39254,0.4987282429804,0.1957707844995262,0.21286,0.1505511344877443,0.3782512414595131,4,40000,cagr_mean_wealth,0.0499897386496763,0.0008857097032596883
v4_100k,v4,4. + pilotage du risque,100k,100000,13,v1v2_sans_selection,opt,5,expo_brute,False,0.39254,0.4987282429804,0.3957707844995262,0.21286,0.1505511344877443,0.3782512414595131,4,40000,cagr_mean_wealth,0.09622643840516512,0.0009227030934155877
v4_250k,v4,4. + pilotage du risque,250k,250000,23,v1v2_sans_selection,pess,5,expo_brute,False,0.39268,0.5766596986953074,0.0264427304836732,0.21289,0.1505511344877443,0.3779449021931268,4,40000,cagr_mean_wealth,0.021574731823370275,0.0013205548324738818
v4_250k,v4,4. + pilotage du risque,250k,250000,23,v1v2_sans_selection,central,5,expo_brute,False,0.39268,0.5766596986953074,0.2264427304836733,0.21289,0.1505511344877443,0.3779449021931268,4,40000,cagr_mean_wealth,0.06623673511782768,0.0013769897212777236
v4_250k,v4,4. + pilotage du risque,250k,250000,23,v1v2_sans_selection,opt,5,expo_brute,False,0.39268,0.5766596986953074,0.4264427304836733,0.21289,0.1505511344877443,0.3779449021931268,4,40000,cagr_mean_wealth,0.11281161116866434,0.0014359356375240597
v4_1M,v4,4. + pilotage du risque,1M,1000000,38,v1v2_sans_selection,pess,5,expo_brute,False,0.37235,0.7169600892217001,0.0669600892216999,0.21464,0.1505511344877443,0.3797502616524224,4,40000,cagr_mean_wealth,0.030176996772796175,0.0010582171396843522
v4_1M,v4,4. + pilotage du risque,1M,1000000,38,v1v2_sans_selection,central,5,expo_brute,False,0.37235,0.7169600892217001,0.2669600892217,0.21464,0.1505511344877443,0.3797502616524224,4,40000,cagr_mean_wealth,0.07541227877476653,0.0011042491004707518
v4_1M,v4,4. + pilotage du risque,1M,1000000,38,v1v2_sans_selection,opt,5,expo_brute,False,0.37235,0.7169600892217001,0.4669600892217,0.21464,0.1505511344877443,0.3797502616524224,4,40000,cagr_mean_wealth,0.1226181213991297,0.0011522967961408474
v5_100k,v5,5. Les deux,100k,100000,14,v1v2_sans_selection,pess,5,expo_brute,False,0.40102,0.4987282429804,0.0,0.21501,0.17,0.4,4,40000,cagr_mean_wealth,0.00564348840574365,0.0009220397072915898
v5_100k,v5,5. Les deux,100k,100000,14,v1v2_sans_selection,central,5,expo_brute,False,0.40102,0.4987282429804,0.2,0.21501,0.17,0.4,4,40000,cagr_mean_wealth,0.05048495944718057,0.0009610089889332881
v5_100k,v5,5. Les deux,100k,100000,14,v1v2_sans_selection,opt,5,expo_brute,False,0.40102,0.4987282429804,0.4,0.21501,0.17,0.4,4,40000,cagr_mean_wealth,0.09722111632901043,0.0010016918299351736
v5_250k,v5,5. Les deux,250k,250000,24,v1v2_sans_selection,pess,5,expo_brute,False,0.41619,0.5766596986953074,0.0399999999999999,0.21533,0.17,0.4,4,40000,cagr_mean_wealth,0.023977419883157675,0.0012452956446870047
v5_250k,v5,5. Les deux,250k,250000,24,v1v2_sans_selection,central,5,expo_brute,False,0.41619,0.5766596986953074,0.24,0.21533,0.17,0.4,4,40000,cagr_mean_wealth,0.06926640655379218,0.0012992027786573636
v5_250k,v5,5. Les deux,250k,250000,24,v1v2_sans_selection,opt,5,expo_brute,False,0.41619,0.5766596986953074,0.44,0.21533,0.17,0.4,4,40000,cagr_mean_wealth,0.1165180186432477,0.0013555388152077068
v5_1M,v5,5. Les deux,1M,1000000,40,v1v2_sans_selection,pess,5,expo_brute,False,0.37659,0.7169600892217001,0.07,0.21539,0.17,0.4,4,40000,cagr_mean_wealth,0.0311433020373363,0.0010659827062781482
v5_1M,v5,5. Les deux,1M,1000000,40,v1v2_sans_selection,central,5,expo_brute,False,0.37659,0.7169600892217001,0.27,0.21539,0.17,0.4,4,40000,cagr_mean_wealth,0.07658207555963355,0.0011125743983934203
v5_1M,v5,5. Les deux,1M,1000000,40,v1v2_sans_selection,opt,5,expo_brute,False,0.37659,0.7169600892217001,0.47,0.21539,0.17,0.4,4,40000,cagr_mean_wealth,0.12400734845677497,0.001161212046708915
v1_100k,v1,1. Montant fixe,100k,100000,13,v1v2_sans_selection,pess,10,expo_brute,True,0.066005,0.4987282429804,-0.1588098317415591,0.38963,0.1017170440702665,0.5185111466701455,4,40000,cagr_mean_wealth,-0.0904207438988746,0.0003693423255348447
v1_100k,v1,1. Montant fixe,100k,100000,13,v1v2_sans_selection,central,10,expo_brute,True,0.066005,0.4987282429804,0.0411901682584409,0.38963,0.1017170440702665,0.5185111466701455,4,40000,cagr_mean_wealth,-0.013149787028810225,0.000379454142724025
v1_100k,v1,1. Montant fixe,100k,100000,13,v1v2_sans_selection,opt,10,expo_brute,True,0.066005,0.4987282429804,0.2411901682584409,0.38963,0.1017170440702665,0.5185111466701455,4,40000,cagr_mean_wealth,0.06924981052904136,0.0003956506975289627
v1_250k,v1,1. Montant fixe,250k,250000,21,v1v2_sans_selection,pess,10,expo_brute,True,-0.01434,0.5766596986953074,-0.209786975059468,0.37385,0.1017170440702665,0.5010366929812404,4,40000,cagr_mean_wealth,-0.09217472939324135,0.0007167388542281627
v1_250k,v1,1. Montant fixe,250k,250000,21,v1v2_sans_selection,central,10,expo_brute,True,-0.01434,0.5766596986953074,-0.009786975059468,0.37385,0.1017170440702665,0.5010366929812404,4,40000,cagr_mean_wealth,-0.0202345016774453,0.0007609987749506583
v1_250k,v1,1. Montant fixe,250k,250000,21,v1v2_sans_selection,opt,10,expo_brute,True,-0.01434,0.5766596986953074,0.190213024940532,0.37385,0.1017170440702665,0.5010366929812404,4,40000,cagr_mean_wealth,0.05673139553864715,0.0008132661278889723
v1_1M,v1,1. Montant fixe,1M,1000000,36,v1v2_sans_selection,pess,10,expo_brute,True,0.014638,0.7169600892217001,-0.1884693536604796,0.34739,0.1017170440702665,0.472670663086934,4,40000,cagr_mean_wealth,-0.07411000232797303,0.0007458183358366969
v1_1M,v1,1. Montant fixe,1M,1000000,36,v1v2_sans_selection,central,10,expo_brute,True,0.014638,0.7169600892217001,0.0115306463395204,0.34739,0.1017170440702665,0.472670663086934,4,40000,cagr_mean_wealth,-0.0071973037086932,0.0007969965590762503
v1_1M,v1,1. Montant fixe,1M,1000000,36,v1v2_sans_selection,opt,10,expo_brute,True,0.014638,0.7169600892217001,0.2115306463395204,0.34739,0.1017170440702665,0.472670663086934,4,40000,cagr_mean_wealth,0.06441981206428132,0.0008526031270022215
v2_100k,v2,2. Système actuel,100k,100000,13,v1v2_sans_selection,pess,10,expo_brute,True,0.25477,0.4987282429804,-0.0410117541519126,0.20601,0.1082974145291847,0.32866995534124,4,40000,cagr_mean_wealth,-0.003068370018646775,0.0002739204428063824
v2_100k,v2,2. Système actuel,100k,100000,13,v1v2_sans_selection,central,10,expo_brute,True,0.25477,0.4987282429804,0.1589882458480874,0.20601,0.1082974145291847,0.32866995534124,4,40000,cagr_mean_wealth,0.040055983855984474,0.00028458229648825
v2_100k,v2,2. Système actuel,100k,100000,13,v1v2_sans_selection,opt,10,expo_brute,True,0.25477,0.4987282429804,0.3589882458480874,0.20601,0.1082974145291847,0.32866995534124,4,40000,cagr_mean_wealth,0.08474114429224958,0.0002967541292886393
v2_250k,v2,2. Système actuel,250k,250000,21,v1v2_sans_selection,pess,10,expo_brute,True,0.29366,0.5766596986953074,0.0004214153391478,0.19482,0.1082974145291847,0.3163901094625428,4,40000,cagr_mean_wealth,0.01442001166598385,0.00028615650753603694
v2_250k,v2,2. Système actuel,250k,250000,21,v1v2_sans_selection,central,10,expo_brute,True,0.29366,0.5766596986953074,0.2004214153391479,0.19482,0.1082974145291847,0.3163901094625428,4,40000,cagr_mean_wealth,0.05511390033770802,0.00029641177009806914
v2_250k,v2,2. Système actuel,250k,250000,21,v1v2_sans_selection,opt,10,expo_brute,True,0.29366,0.5766596986953074,0.4004214153391479,0.19482,0.1082974145291847,0.3163901094625428,4,40000,cagr_mean_wealth,0.0973425343768741,0.000307298215597534
v2_1M,v2,2. Système actuel,1M,1000000,36,v1v2_sans_selection,pess,10,expo_brute,True,0.26414,0.7169600892217001,0.0080683784752647,0.20608,0.1082974145291847,0.3283559130667213,4,40000,cagr_mean_wealth,0.01717234297354835,0.0003515326655866343
v2_1M,v2,2. Système actuel,1M,1000000,36,v1v2_sans_selection,central,10,expo_brute,True,0.26414,0.7169600892217001,0.2080683784752648,0.20608,0.1082974145291847,0.3283559130667213,4,40000,cagr_mean_wealth,0.06006763175066025,0.00036592054013076444
v2_1M,v2,2. Système actuel,1M,1000000,36,v1v2_sans_selection,opt,10,expo_brute,True,0.26414,0.7169600892217001,0.4080683784752648,0.20608,0.1082974145291847,0.3283559130667213,4,40000,cagr_mean_wealth,0.104740352400114,0.00038098894328325415
v3_100k,v3,3. + stratégie 13,100k,100000,14,v1v2_sans_selection,pess,10,expo_brute,False,0.284,0.4987282429804,-0.0583611789935664,0.22245,0.1310906565570317,0.3690493561523995,4,40000,cagr_mean_wealth,-0.008637303776056374,0.00027331195830867296
v3_100k,v3,3. + stratégie 13,100k,100000,14,v1v2_sans_selection,central,10,expo_brute,False,0.284,0.4987282429804,0.1416388210064336,0.22245,0.1310906565570317,0.3690493561523995,4,40000,cagr_mean_wealth,0.03778294099604845,0.00028666582873723543
v3_100k,v3,3. + stratégie 13,100k,100000,14,v1v2_sans_selection,opt,10,expo_brute,False,0.284,0.4987282429804,0.3416388210064336,0.22245,0.1310906565570317,0.3690493561523995,4,40000,cagr_mean_wealth,0.08602039554010245,0.0003005210006747644
v3_250k,v3,3. + stratégie 13,250k,250000,22,v1v2_sans_selection,pess,10,expo_brute,False,0.36765,0.5766596986953074,0.0120089382253296,0.20811,0.1310906565570317,0.3533787724721388,4,40000,cagr_mean_wealth,0.017497314331255374,0.0001730719095428693
v3_250k,v3,3. + stratégie 13,250k,250000,22,v1v2_sans_selection,central,10,expo_brute,False,0.36765,0.5766596986953074,0.2120089382253297,0.20811,0.1310906565570317,0.3533787724721388,4,40000,cagr_mean_wealth,0.061146077388113076,0.00018092578295001514
v3_250k,v3,3. + stratégie 13,250k,250000,22,v1v2_sans_selection,opt,10,expo_brute,False,0.36765,0.5766596986953074,0.4120089382253297,0.20811,0.1310906565570317,0.3533787724721388,4,40000,cagr_mean_wealth,0.10655854013233823,0.00018905979150594867
v3_1M,v3,3. + stratégie 13,1M,1000000,37,v1v2_sans_selection,pess,10,expo_brute,False,0.32045,0.7169600892217001,0.0297498605910936,0.2125,0.1310906565570317,0.3580046265649245,4,40000,cagr_mean_wealth,0.021884785552627625,0.0003461004775592866
v3_1M,v3,3. + stratégie 13,1M,1000000,37,v1v2_sans_selection,central,10,expo_brute,False,0.32045,0.7169600892217001,0.2297498605910937,0.2125,0.1310906565570317,0.3580046265649245,4,40000,cagr_mean_wealth,0.06634555931721825,0.00036085283358427956
v3_1M,v3,3. + stratégie 13,1M,1000000,37,v1v2_sans_selection,opt,10,expo_brute,False,0.32045,0.7169600892217001,0.4297498605910937,0.2125,0.1310906565570317,0.3580046265649245,4,40000,cagr_mean_wealth,0.112708105342301,0.0003763077740399642
v4_100k,v4,4. + pilotage du risque,100k,100000,13,v1v2_sans_selection,pess,10,expo_brute,False,0.39254,0.4987282429804,-0.0042292155004738,0.21286,0.1505511344877443,0.3782512414595131,4,40000,cagr_mean_wealth,0.00575268399393755,0.0005318968387377324
v4_100k,v4,4. + pilotage du risque,100k,100000,13,v1v2_sans_selection,central,10,expo_brute,False,0.39254,0.4987282429804,0.1957707844995262,0.21286,0.1505511344877443,0.3782512414595131,4,40000,cagr_mean_wealth,0.05065278894860325,0.0005538152435520279
v4_100k,v4,4. + pilotage du risque,100k,100000,13,v1v2_sans_selection,opt,10,expo_brute,False,0.39254,0.4987282429804,0.3957707844995262,0.21286,0.1505511344877443,0.3782512414595131,4,40000,cagr_mean_wealth,0.09725421966865244,0.0005773124938893174
v4_250k,v4,4. + pilotage du risque,250k,250000,23,v1v2_sans_selection,pess,10,expo_brute,False,0.39268,0.5766596986953074,0.0264427304836732,0.21289,0.1505511344877443,0.3779449021931268,4,40000,cagr_mean_wealth,0.0216090774635509,0.00018756595181397364
v4_250k,v4,4. + pilotage du risque,250k,250000,23,v1v2_sans_selection,central,10,expo_brute,False,0.39268,0.5766596986953074,0.2264427304836733,0.21289,0.1505511344877443,0.3779449021931268,4,40000,cagr_mean_wealth,0.0664499052836772,0.00019611045687915174
v4_250k,v4,4. + pilotage du risque,250k,250000,23,v1v2_sans_selection,opt,10,expo_brute,False,0.39268,0.5766596986953074,0.4264427304836733,0.21289,0.1505511344877443,0.3779449021931268,4,40000,cagr_mean_wealth,0.11314803084358863,0.00020500555335658063
v4_1M,v4,4. + pilotage du risque,1M,1000000,38,v1v2_sans_selection,pess,10,expo_brute,False,0.37235,0.7169600892217001,0.0669600892216999,0.21464,0.1505511344877443,0.3797502616524224,4,40000,cagr_mean_wealth,0.03005959949764915,0.00011879256875189317
v4_1M,v4,4. + pilotage du risque,1M,1000000,38,v1v2_sans_selection,central,10,expo_brute,False,0.37235,0.7169600892217001,0.2669600892217,0.21464,0.1505511344877443,0.3797502616524224,4,40000,cagr_mean_wealth,0.07533035356316883,0.00012395798929726575
v4_1M,v4,4. + pilotage du risque,1M,1000000,38,v1v2_sans_selection,opt,10,expo_brute,False,0.37235,0.7169600892217001,0.4669600892217,0.21464,0.1505511344877443,0.3797502616524224,4,40000,cagr_mean_wealth,0.12255864454344237,0.00012937499376294094
v5_100k,v5,5. Les deux,100k,100000,14,v1v2_sans_selection,pess,10,expo_brute,False,0.40102,0.4987282429804,0.0,0.21501,0.17,0.4,4,40000,cagr_mean_wealth,0.0059636032322849,0.0005349081746900559
v5_100k,v5,5. Les deux,100k,100000,14,v1v2_sans_selection,central,10,expo_brute,False,0.40102,0.4987282429804,0.2,0.21501,0.17,0.4,4,40000,cagr_mean_wealth,0.0513360969870173,0.0005565503697068601
v5_100k,v5,5. Les deux,100k,100000,14,v1v2_sans_selection,opt,10,expo_brute,False,0.40102,0.4987282429804,0.4,0.21501,0.17,0.4,4,40000,cagr_mean_wealth,0.09844593486427593,0.0005799176084747025
v5_250k,v5,5. Les deux,250k,250000,24,v1v2_sans_selection,pess,10,expo_brute,False,0.41619,0.5766596986953074,0.0399999999999999,0.21533,0.17,0.4,4,40000,cagr_mean_wealth,0.0240774793164243,0.0002767474700611629
v5_250k,v5,5. Les deux,250k,250000,24,v1v2_sans_selection,central,10,expo_brute,False,0.41619,0.5766596986953074,0.24,0.21533,0.17,0.4,4,40000,cagr_mean_wealth,0.06954565518217028,0.0002891835495241265
v5_250k,v5,5. Les deux,250k,250000,24,v1v2_sans_selection,opt,10,expo_brute,False,0.41619,0.5766596986953074,0.44,0.21533,0.17,0.4,4,40000,cagr_mean_wealth,0.11692097629749185,0.000302164789945368
v5_1M,v5,5. Les deux,1M,1000000,40,v1v2_sans_selection,pess,10,expo_brute,False,0.37659,0.7169600892217001,0.07,0.21539,0.17,0.4,4,40000,cagr_mean_wealth,0.03130788300337345,0.00039224543992435193
v5_1M,v5,5. Les deux,1M,1000000,40,v1v2_sans_selection,central,10,expo_brute,False,0.37659,0.7169600892217001,0.27,0.21539,0.17,0.4,4,40000,cagr_mean_wealth,0.07679409110419586,0.000409332247539589
v5_1M,v5,5. Les deux,1M,1000000,40,v1v2_sans_selection,opt,10,expo_brute,False,0.37659,0.7169600892217001,0.47,0.21539,0.17,0.4,4,40000,cagr_mean_wealth,0.12425435551627995,0.0004272176026656586
v1_100k,v1,1. Montant fixe,100k,100000,13,commune,central,5,marge_contrats,False,0.066005,0.4987282429804,0.0329185576779213,0.38963,0.18356,0.6003541025998791,4,40000,cagr_mean_wealth,-0.0176314462006401,0.001914954868318341
v1_250k,v1,1. Montant fixe,250k,250000,21,commune,central,5,marge_contrats,False,-0.01434,0.5766596986953074,-0.0082693000792907,0.37385,0.17136,0.5706796489109739,4,40000,cagr_mean_wealth,-0.020394228920858074,0.0021826136676830884
v1_1M,v1,1. Montant fixe,1M,1000000,36,commune,central,5,marge_contrats,False,0.014638,0.7169600892217001,0.0104948617860272,0.34739,0.16591,0.5368636190166675,4,40000,cagr_mean_wealth,-0.00833078320111935,0.0021093373303541193
v2_100k,v2,2. Système actuel,100k,100000,13,commune,central,5,marge_contrats,False,0.25477,0.4987282429804,0.1270609944641165,0.20601,0.10646,0.3268325408120552,4,40000,cagr_mean_wealth,0.03257566770572413,0.0010238344180537164
v2_250k,v2,2. Système actuel,250k,250000,21,commune,central,5,marge_contrats,False,0.29366,0.5766596986953074,0.1693418871188639,0.19482,0.11062,0.3187126949333581,4,40000,cagr_mean_wealth,0.048407204503199575,0.0014902065596199365
v2_1M,v2,2. Système actuel,1M,1000000,36,commune,central,5,marge_contrats,False,0.26414,0.7169600892217001,0.1893778379670198,0.20608,0.11957,0.3396284985375365,4,40000,cagr_mean_wealth,0.055500079280265624,0.0013667923456016891
v3_100k,v3,3. + stratégie 13,100k,100000,14,commune,central,5,marge_contrats,False,0.284,0.4987282429804,0.1416388210064336,0.22245,0.12293,0.3608886995953677,4,40000,cagr_mean_wealth,0.03726197905339185,0.0010743818219657868
v3_250k,v3,3. + stratégie 13,250k,250000,22,commune,central,5,marge_contrats,False,0.36765,0.5766596986953074,0.2120089382253297,0.20811,0.12633,0.348618115915107,4,40000,cagr_mean_wealth,0.0607848793527085,0.0012659789515983226
v3_1M,v3,3. + stratégie 13,1M,1000000,37,commune,central,5,marge_contrats,False,0.32045,0.7169600892217001,0.2297498605910937,0.2125,0.13419,0.3611039700078927,4,40000,cagr_mean_wealth,0.06601811571914618,0.001259019264121362
v4_100k,v4,4. + pilotage du risque,100k,100000,13,commune,central,5,marge_contrats,False,0.39254,0.4987282429804,0.1957707844995262,0.21286,0.1175,0.3452001069717687,4,40000,cagr_mean_wealth,0.0507917977530295,0.0008863487623318626
v4_250k,v4,4. + pilotage du risque,250k,250000,23,commune,central,5,marge_contrats,False,0.39268,0.5766596986953074,0.2264427304836733,0.21289,0.13386,0.3612537677053824,4,40000,cagr_mean_wealth,0.06664441981258105,0.0013775052886432174
v4_1M,v4,4. + pilotage du risque,1M,1000000,38,commune,central,5,marge_contrats,False,0.37235,0.7169600892217001,0.2669600892217,0.21464,0.1405,0.369699127164678,4,40000,cagr_mean_wealth,0.07565897442561698,0.0011045001714109286
v5_100k,v5,5. Les deux,100k,100000,14,commune,central,5,marge_contrats,False,0.40102,0.4987282429804,0.2,0.21501,0.12384,0.35384,4,40000,cagr_mean_wealth,0.051605839784991676,0.0009619831732069019
v5_250k,v5,5. Les deux,250k,250000,24,commune,central,5,marge_contrats,False,0.41619,0.5766596986953074,0.24,0.21533,0.14192,0.37192,4,40000,cagr_mean_wealth,0.06995426772915656,0.0013000222208394351
v5_1M,v5,5. Les deux,1M,1000000,40,commune,central,5,marge_contrats,False,0.37659,0.7169600892217001,0.27,0.21539,0.14745,0.37745,4,40000,cagr_mean_wealth,0.07713621748783445,0.0011131426601659667
v1_100k,v1,1. Montant fixe,100k,100000,13,commune,central,10,marge_contrats,False,0.066005,0.4987282429804,0.0329185576779213,0.38963,0.18356,0.6003541025998791,4,40000,cagr_mean_wealth,-0.01834576720754725,0.000378639837243856
v1_250k,v1,1. Montant fixe,250k,250000,21,commune,central,10,marge_contrats,False,-0.01434,0.5766596986953074,-0.0082693000792907,0.37385,0.17136,0.5706796489109739,4,40000,cagr_mean_wealth,-0.021248807562389352,0.0007603352929190001
v1_1M,v1,1. Montant fixe,1M,1000000,36,commune,central,10,marge_contrats,False,0.014638,0.7169600892217001,0.0104948617860272,0.34739,0.16591,0.5368636190166675,4,40000,cagr_mean_wealth,-0.00901190660507455,0.0007955961661526361
v2_100k,v2,2. Système actuel,100k,100000,13,commune,central,10,marge_contrats,False,0.25477,0.4987282429804,0.1270609944641165,0.20601,0.10646,0.3268325408120552,4,40000,cagr_mean_wealth,0.033113981963023974,0.0002827448911290919
v2_250k,v2,2. Système actuel,250k,250000,21,commune,central,10,marge_contrats,False,0.29366,0.5766596986953074,0.1693418871188639,0.19482,0.11062,0.3187126949333581,4,40000,cagr_mean_wealth,0.048635454764304475,0.0002947620628499806
v2_1M,v2,2. Système actuel,1M,1000000,36,commune,central,10,marge_contrats,False,0.26414,0.7169600892217001,0.1893778379670198,0.20608,0.11957,0.3396284985375365,4,40000,cagr_mean_wealth,0.05571298246958855,0.000364455789721675
v3_100k,v3,3. + stratégie 13,100k,100000,14,commune,central,10,marge_contrats,False,0.284,0.4987282429804,0.1416388210064336,0.22245,0.12293,0.3608886995953677,4,40000,cagr_mean_wealth,0.03798080618155475,0.0002867218994779838
v3_250k,v3,3. + stratégie 13,250k,250000,22,commune,central,10,marge_contrats,False,0.36765,0.5766596986953074,0.2120089382253297,0.20811,0.12633,0.348618115915107,4,40000,cagr_mean_wealth,0.061262169472178225,0.00018094662533278376
v3_1M,v3,3. + stratégie 13,1M,1000000,37,commune,central,10,marge_contrats,False,0.32045,0.7169600892217001,0.2297498605910937,0.2125,0.13419,0.3611039700078927,4,40000,cagr_mean_wealth,0.06627007942397477,0.0003608277242860103
v4_100k,v4,4. + pilotage du risque,100k,100000,13,commune,central,10,marge_contrats,False,0.39254,0.4987282429804,0.1957707844995262,0.21286,0.1175,0.3452001069717687,4,40000,cagr_mean_wealth,0.051462543308759226,0.000554219020803947
v4_250k,v4,4. + pilotage du risque,250k,250000,23,commune,central,10,marge_contrats,False,0.39268,0.5766596986953074,0.2264427304836733,0.21289,0.13386,0.3612537677053824,4,40000,cagr_mean_wealth,0.06685890885953702,0.0001961882694050097
v4_1M,v4,4. + pilotage du risque,1M,1000000,38,commune,central,10,marge_contrats,False,0.37235,0.7169600892217001,0.2669600892217,0.21464,0.1405,0.369699127164678,4,40000,cagr_mean_wealth,0.07557719993647422,0.0001239862373518313
v5_100k,v5,5. Les deux,100k,100000,14,commune,central,10,marge_contrats,False,0.40102,0.4987282429804,0.2,0.21501,0.12384,0.35384,4,40000,cagr_mean_wealth,0.05246784759843527,0.0005570980339058871
v5_250k,v5,5. Les deux,250k,250000,24,commune,central,10,marge_contrats,False,0.41619,0.5766596986953074,0.24,0.21533,0.14192,0.37192,4,40000,cagr_mean_wealth,0.0702357132651192,0.0002893724537951962
v5_1M,v5,5. Les deux,1M,1000000,40,commune,central,10,marge_contrats,False,0.37659,0.7169600892217001,0.27,0.21539,0.14745,0.37745,4,40000,cagr_mean_wealth,0.07734871573382321,0.00040954096767851155
v1_100k,v1,1. Montant fixe,100k,100000,13,commune,pess,5,expo_brute,False,0.066005,0.4987282429804,-0.1670814423220787,0.38963,0.1017170440702665,0.5185111466701455,4,40000,real_med,-0.14596622287971547,0.0011907171826421902
v1_100k,v1,1. Montant fixe,100k,100000,13,commune,central,5,expo_brute,False,0.066005,0.4987282429804,0.0329185576779213,0.38963,0.1017170440702665,0.5185111466701455,4,40000,real_med,-0.07475035100059668,0.0013326096807224584
v1_100k,v1,1. Montant fixe,100k,100000,13,commune,opt,5,expo_brute,False,0.066005,0.4987282429804,0.2329185576779213,0.38963,0.1017170440702665,0.5185111466701455,4,40000,real_med,0.0019438922226118998,0.001401384675630546
v1_250k,v1,1. Montant fixe,250k,250000,21,commune,pess,5,expo_brute,False,-0.01434,0.5766596986953074,-0.2082693000792907,0.37385,0.1017170440702665,0.5010366929812404,4,40000,real_med,-0.14766667688160695,0.0012045802490565439
v1_250k,v1,1. Montant fixe,250k,250000,21,commune,central,5,expo_brute,False,-0.01434,0.5766596986953074,-0.0082693000792907,0.37385,0.1017170440702665,0.5010366929812404,4,40000,real_med,-0.08082378002901892,0.001266295898061408
v1_250k,v1,1. Montant fixe,250k,250000,21,commune,opt,5,expo_brute,False,-0.01434,0.5766596986953074,0.1917306999207093,0.37385,0.1017170440702665,0.5010366929812404,4,40000,real_med,-0.0089493793145667,0.001350752101849624
v1_1M,v1,1. Montant fixe,1M,1000000,36,commune,pess,5,expo_brute,False,0.014638,0.7169600892217001,-0.1895051382139728,0.34739,0.1017170440702665,0.472670663086934,4,40000,real_med,-0.12451745096127607,0.000691866424404289
v1_1M,v1,1. Montant fixe,1M,1000000,36,commune,central,5,expo_brute,False,0.014638,0.7169600892217001,0.0104948617860272,0.34739,0.1017170440702665,0.472670663086934,4,40000,real_med,-0.0613722840256721,0.000743582294377328
v1_1M,v1,1. Montant fixe,1M,1000000,36,commune,opt,5,expo_brute,False,0.014638,0.7169600892217001,0.2104948617860272,0.34739,0.1017170440702665,0.472670663086934,4,40000,real_med,0.006281267352226,0.0008053126114376149
v2_100k,v2,2. Système actuel,100k,100000,13,commune,pess,5,expo_brute,False,0.25477,0.4987282429804,-0.0729390055358835,0.20601,0.1082974145291847,0.32866995534124,4,40000,real_med,-0.04442129147602497,0.0008929696602700362
v2_100k,v2,2. Système actuel,100k,100000,13,commune,central,5,expo_brute,False,0.25477,0.4987282429804,0.1270609944641165,0.20601,0.1082974145291847,0.32866995534124,4,40000,real_med,-0.00354285457342715,0.0009109150067555599
v2_100k,v2,2. Système actuel,100k,100000,13,commune,opt,5,expo_brute,False,0.25477,0.4987282429804,0.3270609944641165,0.20601,0.1082974145291847,0.32866995534124,4,40000,real_med,0.03897198411499647,0.0009521746606188286
v2_250k,v2,2. Système actuel,250k,250000,21,commune,pess,5,expo_brute,False,0.29366,0.5766596986953074,-0.0306581128811361,0.19482,0.1082974145291847,0.3163901094625428,4,40000,real_med,-0.031005702264146624,0.0012327558558146408
v2_250k,v2,2. Système actuel,250k,250000,21,commune,central,5,expo_brute,False,0.29366,0.5766596986953074,0.1693418871188639,0.19482,0.1082974145291847,0.3163901094625428,4,40000,real_med,0.007728876983305925,0.0012824804115160783
v2_250k,v2,2. Système actuel,250k,250000,21,commune,opt,5,expo_brute,False,0.29366,0.5766596986953074,0.3693418871188639,0.19482,0.1082974145291847,0.3163901094625428,4,40000,real_med,0.04797598197330695,0.0013324874779347593
v2_1M,v2,2. Système actuel,1M,1000000,36,commune,pess,5,expo_brute,False,0.26414,0.7169600892217001,-0.0106221620329802,0.20608,0.1082974145291847,0.3283559130667213,4,40000,real_med,-0.02753749616667875,0.0007527881362115153
v2_1M,v2,2. Système actuel,1M,1000000,36,commune,central,5,expo_brute,False,0.26414,0.7169600892217001,0.1893778379670198,0.20608,0.1082974145291847,0.3283559130667213,4,40000,real_med,0.013442476184581725,0.000781479076123997
v2_1M,v2,2. Système actuel,1M,1000000,36,commune,opt,5,expo_brute,False,0.26414,0.7169600892217001,0.3893778379670198,0.20608,0.1082974145291847,0.3283559130667213,4,40000,real_med,0.05613582896801435,0.0008124492276009139
v3_100k,v3,3. + stratégie 13,100k,100000,14,commune,pess,5,expo_brute,True,0.284,0.4987282429804,-0.0583611789935664,0.22245,0.1310906565570317,0.3690493561523995,4,40000,real_med,-0.04619605821498837,0.0009109257604405013
v3_100k,v3,3. + stratégie 13,100k,100000,14,commune,central,5,expo_brute,True,0.284,0.4987282429804,0.1416388210064336,0.22245,0.1310906565570317,0.3690493561523995,4,40000,real_med,-0.0020122920589722,0.0009852151010961774
v3_100k,v3,3. + stratégie 13,100k,100000,14,commune,opt,5,expo_brute,True,0.284,0.4987282429804,0.3416388210064336,0.22245,0.1310906565570317,0.3690493561523995,4,40000,real_med,0.044078441292999204,0.0010236505746270786
v3_250k,v3,3. + stratégie 13,250k,250000,22,commune,pess,5,expo_brute,True,0.36765,0.5766596986953074,0.0120089382253296,0.20811,0.1310906565570317,0.3533787724721388,4,40000,real_med,-0.024497152361000876,0.000648163292451085
v3_250k,v3,3. + stratégie 13,250k,250000,22,commune,central,5,expo_brute,True,0.36765,0.5766596986953074,0.2120089382253297,0.20811,0.1310906565570317,0.3533787724721388,4,40000,real_med,0.017202653590270824,0.0006739132740518405
v3_250k,v3,3. + stratégie 13,250k,250000,22,commune,opt,5,expo_brute,True,0.36765,0.5766596986953074,0.4120089382253297,0.20811,0.1310906565570317,0.3533787724721388,4,40000,real_med,0.060642872544704074,0.0007012807551042276
v3_1M,v3,3. + stratégie 13,1M,1000000,37,commune,pess,5,expo_brute,True,0.32045,0.7169600892217001,0.0297498605910936,0.2125,0.1310906565570317,0.3580046265649245,4,40000,real_med,-0.0203742310358862,0.00034997657384258884
v3_1M,v3,3. + stratégie 13,1M,1000000,37,commune,central,5,expo_brute,True,0.32045,0.7169600892217001,0.2297498605910937,0.2125,0.1310906565570317,0.3580046265649245,4,40000,real_med,0.02221309020485835,0.000363181073926793
v3_1M,v3,3. + stratégie 13,1M,1000000,37,commune,opt,5,expo_brute,True,0.32045,0.7169600892217001,0.4297498605910937,0.2125,0.1310906565570317,0.3580046265649245,4,40000,real_med,0.06663809929994766,0.0003761297902542727
v4_100k,v4,4. + pilotage du risque,100k,100000,13,commune,pess,5,expo_brute,True,0.39254,0.4987282429804,-0.0042292155004738,0.21286,0.1505511344877443,0.3782512414595131,4,40000,real_med,-0.030081523613210825,0.0007123924550557076
v4_100k,v4,4. + pilotage du risque,100k,100000,13,commune,central,5,expo_brute,True,0.39254,0.4987282429804,0.1957707844995262,0.21286,0.1505511344877443,0.3782512414595131,4,40000,real_med,0.01282268989336945,0.000712959421943539
v4_100k,v4,4. + pilotage du risque,100k,100000,13,commune,opt,5,expo_brute,True,0.39254,0.4987282429804,0.3957707844995262,0.21286,0.1505511344877443,0.3782512414595131,4,40000,real_med,0.057490556935334475,0.0007185784744371937
v4_250k,v4,4. + pilotage du risque,250k,250000,23,commune,pess,5,expo_brute,True,0.39268,0.5766596986953074,0.0264427304836732,0.21289,0.1505511344877443,0.3779449021931268,4,40000,real_med,-0.020735417677118274,0.000773887262623712
v4_250k,v4,4. + pilotage du risque,250k,250000,23,commune,central,5,expo_brute,True,0.39268,0.5766596986953074,0.2264427304836733,0.21289,0.1505511344877443,0.3779449021931268,4,40000,real_med,0.022113983992170676,0.0008213989322731702
v4_250k,v4,4. + pilotage du risque,250k,250000,23,commune,opt,5,expo_brute,True,0.39268,0.5766596986953074,0.4264427304836733,0.21289,0.1505511344877443,0.3779449021931268,4,40000,real_med,0.0667883907507161,0.0008591172562401204
v4_1M,v4,4. + pilotage du risque,1M,1000000,38,commune,pess,5,expo_brute,True,0.37235,0.7169600892217001,0.0669600892216999,0.21464,0.1505511344877443,0.3797502616524224,4,40000,real_med,-0.0108757918644949,0.0007237906215245676
v4_1M,v4,4. + pilotage du risque,1M,1000000,38,commune,central,5,expo_brute,True,0.37235,0.7169600892217001,0.2669600892217,0.21464,0.1505511344877443,0.3797502616524224,4,40000,real_med,0.03257356903055578,0.0007538267804686488
v4_1M,v4,4. + pilotage du risque,1M,1000000,38,commune,opt,5,expo_brute,True,0.37235,0.7169600892217001,0.4669600892217,0.21464,0.1505511344877443,0.3797502616524224,4,40000,real_med,0.0779148230665925,0.0007859623282117405
v5_100k,v5,5. Les deux,100k,100000,14,commune,pess,5,expo_brute,True,0.40102,0.4987282429804,0.0,0.21501,0.17,0.4,4,40000,real_med,-0.0308719943256572,0.00059461805266098
v5_100k,v5,5. Les deux,100k,100000,14,commune,central,5,expo_brute,True,0.40102,0.4987282429804,0.2,0.21501,0.17,0.4,4,40000,real_med,0.01245268763382255,0.0006218411534374422
v5_100k,v5,5. Les deux,100k,100000,14,commune,opt,5,expo_brute,True,0.40102,0.4987282429804,0.4,0.21501,0.17,0.4,4,40000,real_med,0.057561727355496826,0.0006613044801714547
v5_250k,v5,5. Les deux,250k,250000,24,commune,pess,5,expo_brute,True,0.41619,0.5766596986953074,0.0399999999999999,0.21533,0.17,0.4,4,40000,real_med,-0.018308139597378575,0.0010991411737108108
v5_250k,v5,5. Les deux,250k,250000,24,commune,central,5,expo_brute,True,0.41619,0.5766596986953074,0.24,0.21533,0.17,0.4,4,40000,real_med,0.02514342713481475,0.0011485324410493711
v5_250k,v5,5. Les deux,250k,250000,24,commune,opt,5,expo_brute,True,0.41619,0.5766596986953074,0.44,0.21533,0.17,0.4,4,40000,real_med,0.07047439326296838,0.0011977470736666666
v5_1M,v5,5. Les deux,1M,1000000,40,commune,pess,5,expo_brute,True,0.37659,0.7169600892217001,0.07,0.21539,0.17,0.4,4,40000,real_med,-0.010964819719954149,0.0009136172592257544
v5_1M,v5,5. Les deux,1M,1000000,40,commune,central,5,expo_brute,True,0.37659,0.7169600892217001,0.27,0.21539,0.17,0.4,4,40000,real_med,0.0326352890452166,0.0009459448016488914
v5_1M,v5,5. Les deux,1M,1000000,40,commune,opt,5,expo_brute,True,0.37659,0.7169600892217001,0.47,0.21539,0.17,0.4,4,40000,real_med,0.07814090910028129,0.0009804633142272174
v1_100k,v1,1. Montant fixe,100k,100000,13,commune,pess,10,expo_brute,False,0.066005,0.4987282429804,-0.1670814423220787,0.38963,0.1017170440702665,0.5185111466701455,4,40000,real_med,-0.14775323044545438,0.0004785906566735497
v1_100k,v1,1. Montant fixe,100k,100000,13,commune,central,10,expo_brute,False,0.066005,0.4987282429804,0.0329185576779213,0.38963,0.1017170440702665,0.5185111466701455,4,40000,real_med,-0.07399004886205529,0.0005424601335141144
v1_100k,v1,1. Montant fixe,100k,100000,13,commune,opt,10,expo_brute,False,0.066005,0.4987282429804,0.2329185576779213,0.38963,0.1017170440702665,0.5185111466701455,4,40000,real_med,0.004567303861170125,0.0005637396176377294
v1_250k,v1,1. Montant fixe,250k,250000,21,commune,pess,10,expo_brute,False,-0.01434,0.5766596986953074,-0.2082693000792907,0.37385,0.1017170440702665,0.5010366929812404,4,40000,real_med,-0.1469631305278579,0.0007648222877397758
v1_250k,v1,1. Montant fixe,250k,250000,21,commune,central,10,expo_brute,False,-0.01434,0.5766596986953074,-0.0082693000792907,0.37385,0.1017170440702665,0.5010366929812404,4,40000,real_med,-0.0785675267549116,0.0006711043876766208
v1_250k,v1,1. Montant fixe,250k,250000,21,commune,opt,10,expo_brute,False,-0.01434,0.5766596986953074,0.1917306999207093,0.37385,0.1017170440702665,0.5010366929812404,4,40000,real_med,-0.00579465220392625,0.000714608991958429
v1_1M,v1,1. Montant fixe,1M,1000000,36,commune,pess,10,expo_brute,False,0.014638,0.7169600892217001,-0.1895051382139728,0.34739,0.1017170440702665,0.472670663086934,4,40000,real_med,-0.1228905468869341,0.0008901483409748095
v1_1M,v1,1. Montant fixe,1M,1000000,36,commune,central,10,expo_brute,False,0.014638,0.7169600892217001,0.0104948617860272,0.34739,0.1017170440702665,0.472670663086934,4,40000,real_med,-0.0594129894091674,0.0009591757412056772
v1_1M,v1,1. Montant fixe,1M,1000000,36,commune,opt,10,expo_brute,False,0.014638,0.7169600892217001,0.2104948617860272,0.34739,0.1017170440702665,0.472670663086934,4,40000,real_med,0.00850801510141935,0.0010211036662419307
v2_100k,v2,2. Système actuel,100k,100000,13,commune,pess,10,expo_brute,False,0.25477,0.4987282429804,-0.0729390055358835,0.20601,0.1082974145291847,0.32866995534124,4,40000,real_med,-0.043344168933618296,0.0004931593171383361
v2_100k,v2,2. Système actuel,100k,100000,13,commune,central,10,expo_brute,False,0.25477,0.4987282429804,0.1270609944641165,0.20601,0.1082974145291847,0.32866995534124,4,40000,real_med,-0.001665025658297025,0.0004953419582994947
v2_100k,v2,2. Système actuel,100k,100000,13,commune,opt,10,expo_brute,False,0.25477,0.4987282429804,0.3270609944641165,0.20601,0.1082974145291847,0.32866995534124,4,40000,real_med,0.041375941765572875,0.0005014226383595207
v2_250k,v2,2. Système actuel,250k,250000,21,commune,pess,10,expo_brute,False,0.29366,0.5766596986953074,-0.0306581128811361,0.19482,0.1082974145291847,0.3163901094625428,4,40000,real_med,-0.02955748311989135,0.0008748442916167229
v2_250k,v2,2. Système actuel,250k,250000,21,commune,central,10,expo_brute,False,0.29366,0.5766596986953074,0.1693418871188639,0.19482,0.1082974145291847,0.3163901094625428,4,40000,real_med,0.009447325069594,0.000891904604254754
v2_250k,v2,2. Système actuel,250k,250000,21,commune,opt,10,expo_brute,False,0.29366,0.5766596986953074,0.3693418871188639,0.19482,0.1082974145291847,0.3163901094625428,4,40000,real_med,0.04992411009811805,0.0009111148402656054
v2_1M,v2,2. Système actuel,1M,1000000,36,commune,pess,10,expo_brute,False,0.26414,0.7169600892217001,-0.0106221620329802,0.20608,0.1082974145291847,0.3283559130667213,4,40000,real_med,-0.026345648758932923,0.000935582825795398
v2_1M,v2,2. Système actuel,1M,1000000,36,commune,central,10,expo_brute,False,0.26414,0.7169600892217001,0.1893778379670198,0.20608,0.1082974145291847,0.3283559130667213,4,40000,real_med,0.0147403157007851,0.0009723843007259357
v2_1M,v2,2. Système actuel,1M,1000000,36,commune,opt,10,expo_brute,False,0.26414,0.7169600892217001,0.3893778379670198,0.20608,0.1082974145291847,0.3283559130667213,4,40000,real_med,0.0575278877689803,0.0010122486905805638
v3_100k,v3,3. + stratégie 13,100k,100000,14,commune,pess,10,expo_brute,True,0.284,0.4987282429804,-0.0583611789935664,0.22245,0.1310906565570317,0.3690493561523995,4,40000,real_med,-0.04558699668654832,0.00031140526214990097
v3_100k,v3,3. + stratégie 13,100k,100000,14,commune,central,10,expo_brute,True,0.284,0.4987282429804,0.1416388210064336,0.22245,0.1310906565570317,0.3690493561523995,4,40000,real_med,-0.0005870532122642499,0.0002683323655132134
v3_100k,v3,3. + stratégie 13,100k,100000,14,commune,opt,10,expo_brute,True,0.284,0.4987282429804,0.3416388210064336,0.22245,0.1310906565570317,0.3690493561523995,4,40000,real_med,0.0460006537784226,0.0003249203286538593
v3_250k,v3,3. + stratégie 13,250k,250000,22,commune,pess,10,expo_brute,True,0.36765,0.5766596986953074,0.0120089382253296,0.20811,0.1310906565570317,0.3533787724721388,4,40000,real_med,-0.023685660116824027,0.0005443591370353961
v3_250k,v3,3. + stratégie 13,250k,250000,22,commune,central,10,expo_brute,True,0.36765,0.5766596986953074,0.2120089382253297,0.20811,0.1310906565570317,0.3533787724721388,4,40000,real_med,0.01827582362995885,0.000563084217845868
v3_250k,v3,3. + stratégie 13,250k,250000,22,commune,opt,10,expo_brute,True,0.36765,0.5766596986953074,0.4120089382253297,0.20811,0.1310906565570317,0.3533787724721388,4,40000,real_med,0.06191686350201257,0.000572332456017782
v3_1M,v3,3. + stratégie 13,1M,1000000,37,commune,pess,10,expo_brute,True,0.32045,0.7169600892217001,0.0297498605910936,0.2125,0.1310906565570317,0.3580046265649245,4,40000,real_med,-0.019347378776247776,0.0009276637914932288
v3_1M,v3,3. + stratégie 13,1M,1000000,37,commune,central,10,expo_brute,True,0.32045,0.7169600892217001,0.2297498605910937,0.2125,0.1310906565570317,0.3580046265649245,4,40000,real_med,0.023341401618427474,0.0009703127365639327
v3_1M,v3,3. + stratégie 13,1M,1000000,37,commune,opt,10,expo_brute,True,0.32045,0.7169600892217001,0.4297498605910937,0.2125,0.1310906565570317,0.3580046265649245,4,40000,real_med,0.06785886119487697,0.0010128501570656348
v4_100k,v4,4. + pilotage du risque,100k,100000,13,commune,pess,10,expo_brute,True,0.39254,0.4987282429804,-0.0042292155004738,0.21286,0.1505511344877443,0.3782512414595131,4,40000,real_med,-0.030410663197440273,0.00041820661232714473
v4_100k,v4,4. + pilotage du risque,100k,100000,13,commune,central,10,expo_brute,True,0.39254,0.4987282429804,0.1957707844995262,0.21286,0.1505511344877443,0.3782512414595131,4,40000,real_med,0.013128451794522749,0.00040608152252491226
v4_100k,v4,4. + pilotage du risque,100k,100000,13,commune,opt,10,expo_brute,True,0.39254,0.4987282429804,0.3957707844995262,0.21286,0.1505511344877443,0.3782512414595131,4,40000,real_med,0.05817120703609752,0.00041220899129730407
v4_250k,v4,4. + pilotage du risque,250k,250000,23,commune,pess,10,expo_brute,True,0.39268,0.5766596986953074,0.0264427304836732,0.21289,0.1505511344877443,0.3779449021931268,4,40000,real_med,-0.02145221167355575,0.00045400355315590603
v4_250k,v4,4. + pilotage du risque,250k,250000,23,commune,central,10,expo_brute,True,0.39268,0.5766596986953074,0.2264427304836733,0.21289,0.1505511344877443,0.3779449021931268,4,40000,real_med,0.021592436191213073,0.00045070420678507893
v4_250k,v4,4. + pilotage du risque,250k,250000,23,commune,opt,10,expo_brute,True,0.39268,0.5766596986953074,0.4264427304836733,0.21289,0.1505511344877443,0.3779449021931268,4,40000,real_med,0.06640422621162892,0.0004660066899672117
v4_1M,v4,4. + pilotage du risque,1M,1000000,38,commune,pess,10,expo_brute,True,0.37235,0.7169600892217001,0.0669600892216999,0.21464,0.1505511344877443,0.3797502616524224,4,40000,real_med,-0.010843562802851725,0.0008260558927062006
v4_1M,v4,4. + pilotage du risque,1M,1000000,38,commune,central,10,expo_brute,True,0.37235,0.7169600892217001,0.2669600892217,0.21464,0.1505511344877443,0.3797502616524224,4,40000,real_med,0.032647690642268176,0.0008597587102925091
v4_1M,v4,4. + pilotage du risque,1M,1000000,38,commune,opt,10,expo_brute,True,0.37235,0.7169600892217001,0.4669600892217,0.21464,0.1505511344877443,0.3797502616524224,4,40000,real_med,0.0780196493256386,0.0009014861953877951
v5_100k,v5,5. Les deux,100k,100000,14,commune,pess,10,expo_brute,True,0.40102,0.4987282429804,0.0,0.21501,0.17,0.4,4,40000,real_med,-0.030891297530356725,0.0005860346508894874
v5_100k,v5,5. Les deux,100k,100000,14,commune,central,10,expo_brute,True,0.40102,0.4987282429804,0.2,0.21501,0.17,0.4,4,40000,real_med,0.013120987199855674,0.0006302910523215408
v5_100k,v5,5. Les deux,100k,100000,14,commune,opt,10,expo_brute,True,0.40102,0.4987282429804,0.4,0.21501,0.17,0.4,4,40000,real_med,0.05872559270913193,0.0006818673800175532
v5_250k,v5,5. Les deux,250k,250000,24,commune,pess,10,expo_brute,True,0.41619,0.5766596986953074,0.0399999999999999,0.21533,0.17,0.4,4,40000,real_med,-0.01841473864568105,0.0006473969300063682
v5_250k,v5,5. Les deux,250k,250000,24,commune,central,10,expo_brute,True,0.41619,0.5766596986953074,0.24,0.21533,0.17,0.4,4,40000,real_med,0.0252544541066112,0.0006177892809058421
v5_250k,v5,5. Les deux,250k,250000,24,commune,opt,10,expo_brute,True,0.41619,0.5766596986953074,0.44,0.21533,0.17,0.4,4,40000,real_med,0.07072631229770662,0.0006296465777985318
v5_1M,v5,5. Les deux,1M,1000000,40,commune,pess,10,expo_brute,True,0.37659,0.7169600892217001,0.07,0.21539,0.17,0.4,4,40000,real_med,-0.010685823367479075,0.0011615482170250892
v5_1M,v5,5. Les deux,1M,1000000,40,commune,central,10,expo_brute,True,0.37659,0.7169600892217001,0.27,0.21539,0.17,0.4,4,40000,real_med,0.032981485462270324,0.0012005177740615019
v5_1M,v5,5. Les deux,1M,1000000,40,commune,opt,10,expo_brute,True,0.37659,0.7169600892217001,0.47,0.21539,0.17,0.4,4,40000,real_med,0.07853061554971763,0.0012400788006657732
v1_100k,v1,1. Montant fixe,100k,100000,13,v1v2_sans_selection,pess,5,expo_brute,True,0.066005,0.4987282429804,-0.1588098317415591,0.38963,0.1017170440702665,0.5185111466701455,4,40000,real_med,-0.1431296778495238,0.001194285606206949
v1_100k,v1,1. Montant fixe,100k,100000,13,v1v2_sans_selection,central,5,expo_brute,True,0.066005,0.4987282429804,0.0411901682584409,0.38963,0.1017170440702665,0.5185111466701455,4,40000,real_med,-0.07168466316067976,0.0013459844932658034
v1_100k,v1,1. Montant fixe,100k,100000,13,v1v2_sans_selection,opt,5,expo_brute,True,0.066005,0.4987282429804,0.2411901682584409,0.38963,0.1017170440702665,0.5185111466701455,4,40000,real_med,0.005248692228140975,0.0014072961314871807
v1_250k,v1,1. Montant fixe,250k,250000,21,v1v2_sans_selection,pess,5,expo_brute,True,-0.01434,0.5766596986953074,-0.209786975059468,0.37385,0.1017170440702665,0.5010366929812404,4,40000,real_med,-0.1481551604810361,0.001204079716400427
v1_250k,v1,1. Montant fixe,250k,250000,21,v1v2_sans_selection,central,5,expo_brute,True,-0.01434,0.5766596986953074,-0.009786975059468,0.37385,0.1017170440702665,0.5010366929812404,4,40000,real_med,-0.0813493800738147,0.0012660435349679468
v1_250k,v1,1. Montant fixe,250k,250000,21,v1v2_sans_selection,opt,5,expo_brute,True,-0.01434,0.5766596986953074,0.190213024940532,0.37385,0.1017170440702665,0.5010366929812404,4,40000,real_med,-0.009515023005744225,0.0013498819374817294
v1_1M,v1,1. Montant fixe,1M,1000000,36,v1v2_sans_selection,pess,5,expo_brute,True,0.014638,0.7169600892217001,-0.1884693536604796,0.34739,0.1017170440702665,0.472670663086934,4,40000,real_med,-0.12420143370737573,0.0006921447551883697
v1_1M,v1,1. Montant fixe,1M,1000000,36,v1v2_sans_selection,central,5,expo_brute,True,0.014638,0.7169600892217001,0.0115306463395204,0.34739,0.1017170440702665,0.472670663086934,4,40000,real_med,-0.061033816421593196,0.0007438655298512973
v1_1M,v1,1. Montant fixe,1M,1000000,36,v1v2_sans_selection,opt,5,expo_brute,True,0.014638,0.7169600892217001,0.2115306463395204,0.34739,0.1017170440702665,0.472670663086934,4,40000,real_med,0.00664393895967705,0.0008056349569838348
v2_100k,v2,2. Système actuel,100k,100000,13,v1v2_sans_selection,pess,5,expo_brute,True,0.25477,0.4987282429804,-0.0410117541519126,0.20601,0.1082974145291847,0.32866995534124,4,40000,real_med,-0.037995814045272,0.0008928489023968167
v2_100k,v2,2. Système actuel,100k,100000,13,v1v2_sans_selection,central,5,expo_brute,True,0.25477,0.4987282429804,0.1589882458480874,0.20601,0.1082974145291847,0.32866995534124,4,40000,real_med,0.003137579392276075,0.0009168829571388965
v2_100k,v2,2. Système actuel,100k,100000,13,v1v2_sans_selection,opt,5,expo_brute,True,0.25477,0.4987282429804,0.3589882458480874,0.20601,0.1082974145291847,0.32866995534124,4,40000,real_med,0.0459112374729702,0.0009513576442943312
v2_250k,v2,2. Système actuel,250k,250000,21,v1v2_sans_selection,pess,5,expo_brute,True,0.29366,0.5766596986953074,0.0004214153391478,0.19482,0.1082974145291847,0.3163901094625428,4,40000,real_med,-0.025084180981054624,0.0012417963187358616
v2_250k,v2,2. Système actuel,250k,250000,21,v1v2_sans_selection,central,5,expo_brute,True,0.29366,0.5766596986953074,0.2004214153391479,0.19482,0.1082974145291847,0.3163901094625428,4,40000,real_med,0.013882654540778175,0.0012896621552472552
v2_250k,v2,2. Système actuel,250k,250000,21,v1v2_sans_selection,opt,5,expo_brute,True,0.29366,0.5766596986953074,0.4004214153391479,0.19482,0.1082974145291847,0.3163901094625428,4,40000,real_med,0.05437022085296073,0.0013411031243197803
v2_1M,v2,2. Système actuel,1M,1000000,36,v1v2_sans_selection,pess,5,expo_brute,True,0.26414,0.7169600892217001,0.0080683784752647,0.20608,0.1082974145291847,0.3283559130667213,4,40000,real_med,-0.0237787288545543,0.0007556377755279027
v2_1M,v2,2. Système actuel,1M,1000000,36,v1v2_sans_selection,central,5,expo_brute,True,0.26414,0.7169600892217001,0.2080683784752648,0.20608,0.1082974145291847,0.3283559130667213,4,40000,real_med,0.017358648785057024,0.0007843355449020757
v2_1M,v2,2. Système actuel,1M,1000000,36,v1v2_sans_selection,opt,5,expo_brute,True,0.26414,0.7169600892217001,0.4080683784752648,0.20608,0.1082974145291847,0.3283559130667213,4,40000,real_med,0.060215654953779625,0.0008154123266569392
v3_100k,v3,3. + stratégie 13,100k,100000,14,v1v2_sans_selection,pess,5,expo_brute,False,0.284,0.4987282429804,-0.0583611789935664,0.22245,0.1310906565570317,0.3690493561523995,4,40000,real_med,-0.04619605821498837,0.0009109257604405013
v3_100k,v3,3. + stratégie 13,100k,100000,14,v1v2_sans_selection,central,5,expo_brute,False,0.284,0.4987282429804,0.1416388210064336,0.22245,0.1310906565570317,0.3690493561523995,4,40000,real_med,-0.0020122920589722,0.0009852151010961774
v3_100k,v3,3. + stratégie 13,100k,100000,14,v1v2_sans_selection,opt,5,expo_brute,False,0.284,0.4987282429804,0.3416388210064336,0.22245,0.1310906565570317,0.3690493561523995,4,40000,real_med,0.044078441292999204,0.0010236505746270786
v3_250k,v3,3. + stratégie 13,250k,250000,22,v1v2_sans_selection,pess,5,expo_brute,False,0.36765,0.5766596986953074,0.0120089382253296,0.20811,0.1310906565570317,0.3533787724721388,4,40000,real_med,-0.024497152361000876,0.000648163292451085
v3_250k,v3,3. + stratégie 13,250k,250000,22,v1v2_sans_selection,central,5,expo_brute,False,0.36765,0.5766596986953074,0.2120089382253297,0.20811,0.1310906565570317,0.3533787724721388,4,40000,real_med,0.017202653590270824,0.0006739132740518405
v3_250k,v3,3. + stratégie 13,250k,250000,22,v1v2_sans_selection,opt,5,expo_brute,False,0.36765,0.5766596986953074,0.4120089382253297,0.20811,0.1310906565570317,0.3533787724721388,4,40000,real_med,0.060642872544704074,0.0007012807551042276
v3_1M,v3,3. + stratégie 13,1M,1000000,37,v1v2_sans_selection,pess,5,expo_brute,False,0.32045,0.7169600892217001,0.0297498605910936,0.2125,0.1310906565570317,0.3580046265649245,4,40000,real_med,-0.0203742310358862,0.00034997657384258884
v3_1M,v3,3. + stratégie 13,1M,1000000,37,v1v2_sans_selection,central,5,expo_brute,False,0.32045,0.7169600892217001,0.2297498605910937,0.2125,0.1310906565570317,0.3580046265649245,4,40000,real_med,0.02221309020485835,0.000363181073926793
v3_1M,v3,3. + stratégie 13,1M,1000000,37,v1v2_sans_selection,opt,5,expo_brute,False,0.32045,0.7169600892217001,0.4297498605910937,0.2125,0.1310906565570317,0.3580046265649245,4,40000,real_med,0.06663809929994766,0.0003761297902542727
v4_100k,v4,4. + pilotage du risque,100k,100000,13,v1v2_sans_selection,pess,5,expo_brute,False,0.39254,0.4987282429804,-0.0042292155004738,0.21286,0.1505511344877443,0.3782512414595131,4,40000,real_med,-0.030081523613210825,0.0007123924550557076
v4_100k,v4,4. + pilotage du risque,100k,100000,13,v1v2_sans_selection,central,5,expo_brute,False,0.39254,0.4987282429804,0.1957707844995262,0.21286,0.1505511344877443,0.3782512414595131,4,40000,real_med,0.01282268989336945,0.000712959421943539
v4_100k,v4,4. + pilotage du risque,100k,100000,13,v1v2_sans_selection,opt,5,expo_brute,False,0.39254,0.4987282429804,0.3957707844995262,0.21286,0.1505511344877443,0.3782512414595131,4,40000,real_med,0.057490556935334475,0.0007185784744371937
v4_250k,v4,4. + pilotage du risque,250k,250000,23,v1v2_sans_selection,pess,5,expo_brute,False,0.39268,0.5766596986953074,0.0264427304836732,0.21289,0.1505511344877443,0.3779449021931268,4,40000,real_med,-0.020735417677118274,0.000773887262623712
v4_250k,v4,4. + pilotage du risque,250k,250000,23,v1v2_sans_selection,central,5,expo_brute,False,0.39268,0.5766596986953074,0.2264427304836733,0.21289,0.1505511344877443,0.3779449021931268,4,40000,real_med,0.022113983992170676,0.0008213989322731702
v4_250k,v4,4. + pilotage du risque,250k,250000,23,v1v2_sans_selection,opt,5,expo_brute,False,0.39268,0.5766596986953074,0.4264427304836733,0.21289,0.1505511344877443,0.3779449021931268,4,40000,real_med,0.0667883907507161,0.0008591172562401204
v4_1M,v4,4. + pilotage du risque,1M,1000000,38,v1v2_sans_selection,pess,5,expo_brute,False,0.37235,0.7169600892217001,0.0669600892216999,0.21464,0.1505511344877443,0.3797502616524224,4,40000,real_med,-0.0108757918644949,0.0007237906215245676
v4_1M,v4,4. + pilotage du risque,1M,1000000,38,v1v2_sans_selection,central,5,expo_brute,False,0.37235,0.7169600892217001,0.2669600892217,0.21464,0.1505511344877443,0.3797502616524224,4,40000,real_med,0.03257356903055578,0.0007538267804686488
v4_1M,v4,4. + pilotage du risque,1M,1000000,38,v1v2_sans_selection,opt,5,expo_brute,False,0.37235,0.7169600892217001,0.4669600892217,0.21464,0.1505511344877443,0.3797502616524224,4,40000,real_med,0.0779148230665925,0.0007859623282117405
v5_100k,v5,5. Les deux,100k,100000,14,v1v2_sans_selection,pess,5,expo_brute,False,0.40102,0.4987282429804,0.0,0.21501,0.17,0.4,4,40000,real_med,-0.0308719943256572,0.00059461805266098
v5_100k,v5,5. Les deux,100k,100000,14,v1v2_sans_selection,central,5,expo_brute,False,0.40102,0.4987282429804,0.2,0.21501,0.17,0.4,4,40000,real_med,0.01245268763382255,0.0006218411534374422
v5_100k,v5,5. Les deux,100k,100000,14,v1v2_sans_selection,opt,5,expo_brute,False,0.40102,0.4987282429804,0.4,0.21501,0.17,0.4,4,40000,real_med,0.057561727355496826,0.0006613044801714547
v5_250k,v5,5. Les deux,250k,250000,24,v1v2_sans_selection,pess,5,expo_brute,False,0.41619,0.5766596986953074,0.0399999999999999,0.21533,0.17,0.4,4,40000,real_med,-0.018308139597378575,0.0010991411737108108
v5_250k,v5,5. Les deux,250k,250000,24,v1v2_sans_selection,central,5,expo_brute,False,0.41619,0.5766596986953074,0.24,0.21533,0.17,0.4,4,40000,real_med,0.02514342713481475,0.0011485324410493711
v5_250k,v5,5. Les deux,250k,250000,24,v1v2_sans_selection,opt,5,expo_brute,False,0.41619,0.5766596986953074,0.44,0.21533,0.17,0.4,4,40000,real_med,0.07047439326296838,0.0011977470736666666
v5_1M,v5,5. Les deux,1M,1000000,40,v1v2_sans_selection,pess,5,expo_brute,False,0.37659,0.7169600892217001,0.07,0.21539,0.17,0.4,4,40000,real_med,-0.010964819719954149,0.0009136172592257544
v5_1M,v5,5. Les deux,1M,1000000,40,v1v2_sans_selection,central,5,expo_brute,False,0.37659,0.7169600892217001,0.27,0.21539,0.17,0.4,4,40000,real_med,0.0326352890452166,0.0009459448016488914
v5_1M,v5,5. Les deux,1M,1000000,40,v1v2_sans_selection,opt,5,expo_brute,False,0.37659,0.7169600892217001,0.47,0.21539,0.17,0.4,4,40000,real_med,0.07814090910028129,0.0009804633142272174
v1_100k,v1,1. Montant fixe,100k,100000,13,v1v2_sans_selection,pess,10,expo_brute,True,0.066005,0.4987282429804,-0.1588098317415591,0.38963,0.1017170440702665,0.5185111466701455,4,40000,real_med,-0.14479411065392395,0.0004757892446654537
v1_100k,v1,1. Montant fixe,100k,100000,13,v1v2_sans_selection,central,10,expo_brute,True,0.066005,0.4987282429804,0.0411901682584409,0.38963,0.1017170440702665,0.5185111466701455,4,40000,real_med,-0.07083406359162192,0.0005572544761450238
v1_100k,v1,1. Montant fixe,100k,100000,13,v1v2_sans_selection,opt,10,expo_brute,True,0.066005,0.4987282429804,0.2411901682584409,0.38963,0.1017170440702665,0.5185111466701455,4,40000,real_med,0.007914202158420924,0.000555736403097838
v1_250k,v1,1. Montant fixe,250k,250000,21,v1v2_sans_selection,pess,10,expo_brute,True,-0.01434,0.5766596986953074,-0.209786975059468,0.37385,0.1017170440702665,0.5010366929812404,4,40000,real_med,-0.14746516329893775,0.0007612918519798906
v1_250k,v1,1. Montant fixe,250k,250000,21,v1v2_sans_selection,central,10,expo_brute,True,-0.01434,0.5766596986953074,-0.009786975059468,0.37385,0.1017170440702665,0.5010366929812404,4,40000,real_med,-0.07910096875415798,0.0006720250331614296
v1_250k,v1,1. Montant fixe,250k,250000,21,v1v2_sans_selection,opt,10,expo_brute,True,-0.01434,0.5766596986953074,0.190213024940532,0.37385,0.1017170440702665,0.5010366929812404,4,40000,real_med,-0.00636517002832175,0.0007139916178400567
v1_1M,v1,1. Montant fixe,1M,1000000,36,v1v2_sans_selection,pess,10,expo_brute,True,0.014638,0.7169600892217001,-0.1884693536604796,0.34739,0.1017170440702665,0.472670663086934,4,40000,real_med,-0.12257256920073535,0.000890446783368772
v1_1M,v1,1. Montant fixe,1M,1000000,36,v1v2_sans_selection,central,10,expo_brute,True,0.014638,0.7169600892217001,0.0115306463395204,0.34739,0.1017170440702665,0.472670663086934,4,40000,real_med,-0.05907292318258647,0.0009594829576027992
v1_1M,v1,1. Montant fixe,1M,1000000,36,v1v2_sans_selection,opt,10,expo_brute,True,0.014638,0.7169600892217001,0.2115306463395204,0.34739,0.1017170440702665,0.472670663086934,4,40000,real_med,0.008871926542132775,0.0010213750504020009
v2_100k,v2,2. Système actuel,100k,100000,13,v1v2_sans_selection,pess,10,expo_brute,True,0.25477,0.4987282429804,-0.0410117541519126,0.20601,0.1082974145291847,0.32866995534124,4,40000,real_med,-0.03679198656829635,0.0005061786186853717
v2_100k,v2,2. Système actuel,100k,100000,13,v1v2_sans_selection,central,10,expo_brute,True,0.25477,0.4987282429804,0.1589882458480874,0.20601,0.1082974145291847,0.32866995534124,4,40000,real_med,0.00511180230975415,0.0004967175573909339
v2_100k,v2,2. Système actuel,100k,100000,13,v1v2_sans_selection,opt,10,expo_brute,True,0.25477,0.4987282429804,0.3589882458480874,0.20601,0.1082974145291847,0.32866995534124,4,40000,real_med,0.048396872005699754,0.000500551089848244
v2_250k,v2,2. Système actuel,250k,250000,21,v1v2_sans_selection,pess,10,expo_brute,True,0.29366,0.5766596986953074,0.0004214153391478,0.19482,0.1082974145291847,0.3163901094625428,4,40000,real_med,-0.023585699088014524,0.0008694566796838153
v2_250k,v2,2. Système actuel,250k,250000,21,v1v2_sans_selection,central,10,expo_brute,True,0.29366,0.5766596986953074,0.2004214153391479,0.19482,0.1082974145291847,0.3163901094625428,4,40000,real_med,0.0156351337980189,0.0008986600180103984
v2_250k,v2,2. Système actuel,250k,250000,21,v1v2_sans_selection,opt,10,expo_brute,True,0.29366,0.5766596986953074,0.4004214153391479,0.19482,0.1082974145291847,0.3163901094625428,4,40000,real_med,0.05635286668953595,0.0009205603982383603
v2_1M,v2,2. Système actuel,1M,1000000,36,v1v2_sans_selection,pess,10,expo_brute,True,0.26414,0.7169600892217001,0.0080683784752647,0.20608,0.1082974145291847,0.3283559130667213,4,40000,real_med,-0.02257594310363175,0.000938767072497708
v2_1M,v2,2. Système actuel,1M,1000000,36,v1v2_sans_selection,central,10,expo_brute,True,0.26414,0.7169600892217001,0.2080683784752648,0.20608,0.1082974145291847,0.3283559130667213,4,40000,real_med,0.018665482415658324,0.0009765682386737374
v2_1M,v2,2. Système actuel,1M,1000000,36,v1v2_sans_selection,opt,10,expo_brute,True,0.26414,0.7169600892217001,0.4080683784752648,0.20608,0.1082974145291847,0.3283559130667213,4,40000,real_med,0.061616115588350374,0.0010161810745245392
v3_100k,v3,3. + stratégie 13,100k,100000,14,v1v2_sans_selection,pess,10,expo_brute,False,0.284,0.4987282429804,-0.0583611789935664,0.22245,0.1310906565570317,0.3690493561523995,4,40000,real_med,-0.04558699668654832,0.00031140526214990097
v3_100k,v3,3. + stratégie 13,100k,100000,14,v1v2_sans_selection,central,10,expo_brute,False,0.284,0.4987282429804,0.1416388210064336,0.22245,0.1310906565570317,0.3690493561523995,4,40000,real_med,-0.0005870532122642499,0.0002683323655132134
v3_100k,v3,3. + stratégie 13,100k,100000,14,v1v2_sans_selection,opt,10,expo_brute,False,0.284,0.4987282429804,0.3416388210064336,0.22245,0.1310906565570317,0.3690493561523995,4,40000,real_med,0.0460006537784226,0.0003249203286538593
v3_250k,v3,3. + stratégie 13,250k,250000,22,v1v2_sans_selection,pess,10,expo_brute,False,0.36765,0.5766596986953074,0.0120089382253296,0.20811,0.1310906565570317,0.3533787724721388,4,40000,real_med,-0.023685660116824027,0.0005443591370353961
v3_250k,v3,3. + stratégie 13,250k,250000,22,v1v2_sans_selection,central,10,expo_brute,False,0.36765,0.5766596986953074,0.2120089382253297,0.20811,0.1310906565570317,0.3533787724721388,4,40000,real_med,0.01827582362995885,0.000563084217845868
v3_250k,v3,3. + stratégie 13,250k,250000,22,v1v2_sans_selection,opt,10,expo_brute,False,0.36765,0.5766596986953074,0.4120089382253297,0.20811,0.1310906565570317,0.3533787724721388,4,40000,real_med,0.06191686350201257,0.000572332456017782
v3_1M,v3,3. + stratégie 13,1M,1000000,37,v1v2_sans_selection,pess,10,expo_brute,False,0.32045,0.7169600892217001,0.0297498605910936,0.2125,0.1310906565570317,0.3580046265649245,4,40000,real_med,-0.019347378776247776,0.0009276637914932288
v3_1M,v3,3. + stratégie 13,1M,1000000,37,v1v2_sans_selection,central,10,expo_brute,False,0.32045,0.7169600892217001,0.2297498605910937,0.2125,0.1310906565570317,0.3580046265649245,4,40000,real_med,0.023341401618427474,0.0009703127365639327
v3_1M,v3,3. + stratégie 13,1M,1000000,37,v1v2_sans_selection,opt,10,expo_brute,False,0.32045,0.7169600892217001,0.4297498605910937,0.2125,0.1310906565570317,0.3580046265649245,4,40000,real_med,0.06785886119487697,0.0010128501570656348
v4_100k,v4,4. + pilotage du risque,100k,100000,13,v1v2_sans_selection,pess,10,expo_brute,False,0.39254,0.4987282429804,-0.0042292155004738,0.21286,0.1505511344877443,0.3782512414595131,4,40000,real_med,-0.030410663197440273,0.00041820661232714473
v4_100k,v4,4. + pilotage du risque,100k,100000,13,v1v2_sans_selection,central,10,expo_brute,False,0.39254,0.4987282429804,0.1957707844995262,0.21286,0.1505511344877443,0.3782512414595131,4,40000,real_med,0.013128451794522749,0.00040608152252491226
v4_100k,v4,4. + pilotage du risque,100k,100000,13,v1v2_sans_selection,opt,10,expo_brute,False,0.39254,0.4987282429804,0.3957707844995262,0.21286,0.1505511344877443,0.3782512414595131,4,40000,real_med,0.05817120703609752,0.00041220899129730407
v4_250k,v4,4. + pilotage du risque,250k,250000,23,v1v2_sans_selection,pess,10,expo_brute,False,0.39268,0.5766596986953074,0.0264427304836732,0.21289,0.1505511344877443,0.3779449021931268,4,40000,real_med,-0.02145221167355575,0.00045400355315590603
v4_250k,v4,4. + pilotage du risque,250k,250000,23,v1v2_sans_selection,central,10,expo_brute,False,0.39268,0.5766596986953074,0.2264427304836733,0.21289,0.1505511344877443,0.3779449021931268,4,40000,real_med,0.021592436191213073,0.00045070420678507893
v4_250k,v4,4. + pilotage du risque,250k,250000,23,v1v2_sans_selection,opt,10,expo_brute,False,0.39268,0.5766596986953074,0.4264427304836733,0.21289,0.1505511344877443,0.3779449021931268,4,40000,real_med,0.06640422621162892,0.0004660066899672117
v4_1M,v4,4. + pilotage du risque,1M,1000000,38,v1v2_sans_selection,pess,10,expo_brute,False,0.37235,0.7169600892217001,0.0669600892216999,0.21464,0.1505511344877443,0.3797502616524224,4,40000,real_med,-0.010843562802851725,0.0008260558927062006
v4_1M,v4,4. + pilotage du risque,1M,1000000,38,v1v2_sans_selection,central,10,expo_brute,False,0.37235,0.7169600892217001,0.2669600892217,0.21464,0.1505511344877443,0.3797502616524224,4,40000,real_med,0.032647690642268176,0.0008597587102925091
v4_1M,v4,4. + pilotage du risque,1M,1000000,38,v1v2_sans_selection,opt,10,expo_brute,False,0.37235,0.7169600892217001,0.4669600892217,0.21464,0.1505511344877443,0.3797502616524224,4,40000,real_med,0.0780196493256386,0.0009014861953877951
v5_100k,v5,5. Les deux,100k,100000,14,v1v2_sans_selection,pess,10,expo_brute,False,0.40102,0.4987282429804,0.0,0.21501,0.17,0.4,4,40000,real_med,-0.030891297530356725,0.0005860346508894874
v5_100k,v5,5. Les deux,100k,100000,14,v1v2_sans_selection,central,10,expo_brute,False,0.40102,0.4987282429804,0.2,0.21501,0.17,0.4,4,40000,real_med,0.013120987199855674,0.0006302910523215408
v5_100k,v5,5. Les deux,100k,100000,14,v1v2_sans_selection,opt,10,expo_brute,False,0.40102,0.4987282429804,0.4,0.21501,0.17,0.4,4,40000,real_med,0.05872559270913193,0.0006818673800175532
v5_250k,v5,5. Les deux,250k,250000,24,v1v2_sans_selection,pess,10,expo_brute,False,0.41619,0.5766596986953074,0.0399999999999999,0.21533,0.17,0.4,4,40000,real_med,-0.01841473864568105,0.0006473969300063682
v5_250k,v5,5. Les deux,250k,250000,24,v1v2_sans_selection,central,10,expo_brute,False,0.41619,0.5766596986953074,0.24,0.21533,0.17,0.4,4,40000,real_med,0.0252544541066112,0.0006177892809058421
v5_250k,v5,5. Les deux,250k,250000,24,v1v2_sans_selection,opt,10,expo_brute,False,0.41619,0.5766596986953074,0.44,0.21533,0.17,0.4,4,40000,real_med,0.07072631229770662,0.0006296465777985318
v5_1M,v5,5. Les deux,1M,1000000,40,v1v2_sans_selection,pess,10,expo_brute,False,0.37659,0.7169600892217001,0.07,0.21539,0.17,0.4,4,40000,real_med,-0.010685823367479075,0.0011615482170250892
v5_1M,v5,5. Les deux,1M,1000000,40,v1v2_sans_selection,central,10,expo_brute,False,0.37659,0.7169600892217001,0.27,0.21539,0.17,0.4,4,40000,real_med,0.032981485462270324,0.0012005177740615019
v5_1M,v5,5. Les deux,1M,1000000,40,v1v2_sans_selection,opt,10,expo_brute,False,0.37659,0.7169600892217001,0.47,0.21539,0.17,0.4,4,40000,real_med,0.07853061554971763,0.0012400788006657732
v1_100k,v1,1. Montant fixe,100k,100000,13,commune,central,5,marge_contrats,False,0.066005,0.4987282429804,0.0329185576779213,0.38963,0.18356,0.6003541025998791,4,40000,real_med,-0.07652252662243722,0.0013274838691753929
v1_250k,v1,1. Montant fixe,250k,250000,21,commune,central,5,marge_contrats,False,-0.01434,0.5766596986953074,-0.0082693000792907,0.37385,0.17136,0.5706796489109739,4,40000,real_med,-0.08229397354316695,0.0012655921452639466
v1_1M,v1,1. Montant fixe,1M,1000000,36,commune,central,5,marge_contrats,False,0.014638,0.7169600892217001,0.0104948617860272,0.34739,0.16591,0.5368636190166675,4,40000,real_med,-0.06274778097068495,0.0007424309757428691
v2_100k,v2,2. Système actuel,100k,100000,13,commune,central,5,marge_contrats,False,0.25477,0.4987282429804,0.1270609944641165,0.20601,0.10646,0.3268325408120552,4,40000,real_med,-0.0035004462306439,0.0009109237592094082
v2_250k,v2,2. Système actuel,250k,250000,21,commune,central,5,marge_contrats,False,0.29366,0.5766596986953074,0.1693418871188639,0.19482,0.11062,0.3187126949333581,4,40000,real_med,0.0076752188818729,0.0012824178575838558
v2_1M,v2,2. Système actuel,1M,1000000,36,commune,central,5,marge_contrats,False,0.26414,0.7169600892217001,0.1893778379670198,0.20608,0.11957,0.3396284985375365,4,40000,real_med,0.013181694954088075,0.0007812888942756781
v3_100k,v3,3. + stratégie 13,100k,100000,14,commune,central,5,marge_contrats,False,0.284,0.4987282429804,0.1416388210064336,0.22245,0.12293,0.3608886995953677,4,40000,real_med,-0.0018231617817615,0.0009854080304528745
v3_250k,v3,3. + stratégie 13,250k,250000,22,commune,central,5,marge_contrats,False,0.36765,0.5766596986953074,0.2120089382253297,0.20811,0.12633,0.348618115915107,4,40000,real_med,0.01731365538726205,0.00067396582031611
v3_1M,v3,3. + stratégie 13,1M,1000000,37,commune,central,5,marge_contrats,False,0.32045,0.7169600892217001,0.2297498605910937,0.2125,0.13419,0.3611039700078927,4,40000,real_med,0.022140777593943027,0.0003631584899180933
v4_100k,v4,4. + pilotage du risque,100k,100000,13,commune,central,5,marge_contrats,False,0.39254,0.4987282429804,0.1957707844995262,0.21286,0.1175,0.3452001069717687,4,40000,real_med,0.013598121581546,0.0007130765962437305
v4_250k,v4,4. + pilotage du risque,250k,250000,23,commune,central,5,marge_contrats,False,0.39268,0.5766596986953074,0.2264427304836733,0.21289,0.13386,0.3612537677053824,4,40000,real_med,0.0225052326698104,0.000821708266113026
v4_1M,v4,4. + pilotage du risque,1M,1000000,38,commune,central,5,marge_contrats,False,0.37235,0.7169600892217001,0.2669600892217,0.21464,0.1405,0.369699127164678,4,40000,real_med,0.0328105281874221,0.000753991182416526
v5_100k,v5,5. Les deux,100k,100000,14,commune,central,5,marge_contrats,False,0.40102,0.4987282429804,0.2,0.21501,0.12384,0.35384,4,40000,real_med,0.01353561787735345,0.0006222333883343208
v5_250k,v5,5. Les deux,250k,250000,24,commune,central,5,marge_contrats,False,0.41619,0.5766596986953074,0.24,0.21533,0.14192,0.37192,4,40000,real_med,0.02580335519208645,0.0011492757959947562
v5_1M,v5,5. Les deux,1M,1000000,40,commune,central,5,marge_contrats,False,0.37659,0.7169600892217001,0.27,0.21539,0.14745,0.37745,4,40000,real_med,0.03316700395336635,0.0009463438794320625
v1_100k,v1,1. Montant fixe,100k,100000,13,commune,central,10,marge_contrats,False,0.066005,0.4987282429804,0.0329185576779213,0.38963,0.18356,0.6003541025998791,4,40000,real_med,-0.07580548924790667,0.0005409323101536227
v1_250k,v1,1. Montant fixe,250k,250000,21,commune,central,10,marge_contrats,False,-0.01434,0.5766596986953074,-0.0082693000792907,0.37385,0.17136,0.5706796489109739,4,40000,real_med,-0.08006094144426702,0.0006721625715288931
v1_1M,v1,1. Montant fixe,1M,1000000,36,commune,central,10,marge_contrats,False,0.014638,0.7169600892217001,0.0104948617860272,0.34739,0.16591,0.5368636190166675,4,40000,real_med,-0.06079500914599335,0.0009579292335738243
v2_100k,v2,2. Système actuel,100k,100000,13,commune,central,10,marge_contrats,False,0.25477,0.4987282429804,0.1270609944641165,0.20601,0.10646,0.3268325408120552,4,40000,real_med,-0.001621993228447525,0.0004952472689159272
v2_250k,v2,2. Système actuel,250k,250000,21,commune,central,10,marge_contrats,False,0.29366,0.5766596986953074,0.1693418871188639,0.19482,0.11062,0.3187126949333581,4,40000,real_med,0.0093933444151736,0.0008918427214980765
v2_1M,v2,2. Système actuel,1M,1000000,36,commune,central,10,marge_contrats,False,0.26414,0.7169600892217001,0.1893778379670198,0.20608,0.11957,0.3396284985375365,4,40000,real_med,0.014478935681682925,0.0009721038732559822
v3_100k,v3,3. + stratégie 13,100k,100000,14,commune,central,10,marge_contrats,False,0.284,0.4987282429804,0.1416388210064336,0.22245,0.12293,0.3608886995953677,4,40000,real_med,-0.00039611734617377425,0.00026802049925785473
v3_250k,v3,3. + stratégie 13,250k,250000,22,commune,central,10,marge_contrats,False,0.36765,0.5766596986953074,0.2120089382253297,0.20811,0.12633,0.348618115915107,4,40000,real_med,0.01838747546613315,0.0005632139189021109
v3_1M,v3,3. + stratégie 13,1M,1000000,37,commune,central,10,marge_contrats,False,0.32045,0.7169600892217001,0.2297498605910937,0.2125,0.13419,0.3611039700078927,4,40000,real_med,0.023268929772713075,0.0009702466532470254
v4_100k,v4,4. + pilotage du risque,100k,100000,13,commune,central,10,marge_contrats,False,0.39254,0.4987282429804,0.1957707844995262,0.21286,0.1175,0.3452001069717687,4,40000,real_med,0.01391069804976355,0.00040922410180574246
v4_250k,v4,4. + pilotage du risque,250k,250000,23,commune,central,10,marge_contrats,False,0.39268,0.5766596986953074,0.2264427304836733,0.21289,0.13386,0.3612537677053824,4,40000,real_med,0.021985182450677,0.00045080024027731097
v4_1M,v4,4. + pilotage du risque,1M,1000000,38,commune,central,10,marge_contrats,False,0.37235,0.7169600892217001,0.2669600892217,0.21464,0.1405,0.369699127164678,4,40000,real_med,0.032884865231978075,0.0008599854661631642
v5_100k,v5,5. Les deux,100k,100000,14,commune,central,10,marge_contrats,False,0.40102,0.4987282429804,0.2,0.21501,0.12384,0.35384,4,40000,real_med,0.01421536963721035,0.0006316875221846346
v5_250k,v5,5. Les deux,250k,250000,24,commune,central,10,marge_contrats,False,0.41619,0.5766596986953074,0.24,0.21533,0.14192,0.37192,4,40000,real_med,0.025917674283456326,0.000617378310246523
v5_1M,v5,5. Les deux,1M,1000000,40,commune,central,10,marge_contrats,False,0.37659,0.7169600892217001,0.27,0.21539,0.14745,0.37745,4,40000,real_med,0.03351394319158395,0.0012008826300354462
v1_100k,v1,1. Montant fixe,100k,100000,13,commune,pess,5,expo_brute,False,0.066005,0.4987282429804,-0.1670814423220787,0.38963,0.1017170440702665,0.5185111466701455,4,40000,real_p10,-0.26473303371635604,0.00039489287040468673
v1_100k,v1,1. Montant fixe,100k,100000,13,commune,central,5,expo_brute,False,0.066005,0.4987282429804,0.0329185576779213,0.38963,0.1017170440702665,0.5185111466701455,4,40000,real_p10,-0.20302660513359738,0.00048817252036702897
v1_100k,v1,1. Montant fixe,100k,100000,13,commune,opt,5,expo_brute,False,0.066005,0.4987282429804,0.2329185576779213,0.38963,0.1017170440702665,0.5185111466701455,4,40000,real_p10,-0.1362765181731596,0.0004875131915830655
v1_250k,v1,1. Montant fixe,250k,250000,21,commune,pess,5,expo_brute,False,-0.01434,0.5766596986953074,-0.2082693000792907,0.37385,0.1017170440702665,0.5010366929812404,4,40000,real_p10,-0.26646031377212526,0.0011640790564919617
v1_250k,v1,1. Montant fixe,250k,250000,21,commune,central,5,expo_brute,False,-0.01434,0.5766596986953074,-0.0082693000792907,0.37385,0.1017170440702665,0.5010366929812404,4,40000,real_p10,-0.20832748870335746,0.001177886526010391
v1_250k,v1,1. Montant fixe,250k,250000,21,commune,opt,5,expo_brute,False,-0.01434,0.5766596986953074,0.1917306999207093,0.37385,0.1017170440702665,0.5010366929812404,4,40000,real_p10,-0.14597151284642837,0.0013332631429767937
v1_1M,v1,1. Montant fixe,1M,1000000,36,commune,pess,5,expo_brute,False,0.014638,0.7169600892217001,-0.1895051382139728,0.34739,0.1017170440702665,0.472670663086934,4,40000,real_p10,-0.23812189679901583,0.00045887594575577776
v1_1M,v1,1. Montant fixe,1M,1000000,36,commune,central,5,expo_brute,False,0.014638,0.7169600892217001,0.0104948617860272,0.34739,0.1017170440702665,0.472670663086934,4,40000,real_p10,-0.18305649271864335,0.00046895076196898394
v1_1M,v1,1. Montant fixe,1M,1000000,36,commune,opt,5,expo_brute,False,0.014638,0.7169600892217001,0.2104948617860272,0.34739,0.1017170440702665,0.472670663086934,4,40000,real_p10,-0.1240856044218892,0.0004927351859048839
v2_100k,v2,2. Système actuel,100k,100000,13,commune,pess,5,expo_brute,False,0.25477,0.4987282429804,-0.0729390055358835,0.20601,0.1082974145291847,0.32866995534124,4,40000,real_p10,-0.13048078438165028,0.0008386925523085339
v2_100k,v2,2. Système actuel,100k,100000,13,commune,central,5,expo_brute,False,0.25477,0.4987282429804,0.1270609944641165,0.20601,0.1082974145291847,0.32866995534124,4,40000,real_p10,-0.09307391632179818,0.0008978027066560758
v2_100k,v2,2. Système actuel,100k,100000,13,commune,opt,5,expo_brute,False,0.25477,0.4987282429804,0.3270609944641165,0.20601,0.1082974145291847,0.32866995534124,4,40000,real_p10,-0.05412392161926965,0.000939847266403893
v2_250k,v2,2. Système actuel,250k,250000,21,commune,pess,5,expo_brute,False,0.29366,0.5766596986953074,-0.0306581128811361,0.19482,0.1082974145291847,0.3163901094625428,4,40000,real_p10,-0.12288789016207702,0.0005056669678636035
v2_250k,v2,2. Système actuel,250k,250000,21,commune,central,5,expo_brute,False,0.29366,0.5766596986953074,0.1693418871188639,0.19482,0.1082974145291847,0.3163901094625428,4,40000,real_p10,-0.08773606688039333,0.000528196840016943
v2_250k,v2,2. Système actuel,250k,250000,21,commune,opt,5,expo_brute,False,0.29366,0.5766596986953074,0.3693418871188639,0.19482,0.1082974145291847,0.3163901094625428,4,40000,real_p10,-0.05120860911574912,0.0005497980707669963
v2_1M,v2,2. Système actuel,1M,1000000,36,commune,pess,5,expo_brute,False,0.26414,0.7169600892217001,-0.0106221620329802,0.20608,0.1082974145291847,0.3283559130667213,4,40000,real_p10,-0.12404355944390347,0.0003688697645952676
v2_1M,v2,2. Système actuel,1M,1000000,36,commune,central,5,expo_brute,False,0.26414,0.7169600892217001,0.1893778379670198,0.20608,0.1082974145291847,0.3283559130667213,4,40000,real_p10,-0.08709904302487477,0.0003822510355708158
v2_1M,v2,2. Système actuel,1M,1000000,36,commune,opt,5,expo_brute,False,0.26414,0.7169600892217001,0.3893778379670198,0.20608,0.1082974145291847,0.3283559130667213,4,40000,real_p10,-0.04861107995297395,0.00039427203765999343
v3_100k,v3,3. + stratégie 13,100k,100000,14,commune,pess,5,expo_brute,True,0.284,0.4987282429804,-0.0583611789935664,0.22245,0.1310906565570317,0.3690493561523995,4,40000,real_p10,-0.14276153616686676,0.0009308965760728026
v3_100k,v3,3. + stratégie 13,100k,100000,14,commune,central,5,expo_brute,True,0.284,0.4987282429804,0.1416388210064336,0.22245,0.1310906565570317,0.3690493561523995,4,40000,real_p10,-0.10286461392643907,0.0009728618546339623
v3_100k,v3,3. + stratégie 13,100k,100000,14,commune,opt,5,expo_brute,True,0.284,0.4987282429804,0.3416388210064336,0.22245,0.1310906565570317,0.3690493561523995,4,40000,real_p10,-0.0611620226637679,0.0010221045060419998
v3_250k,v3,3. + stratégie 13,250k,250000,22,commune,pess,5,expo_brute,True,0.36765,0.5766596986953074,0.0120089382253296,0.20811,0.1310906565570317,0.3533787724721388,4,40000,real_p10,-0.12954114349671336,0.0008594391661423238
v3_250k,v3,3. + stratégie 13,250k,250000,22,commune,central,5,expo_brute,True,0.36765,0.5766596986953074,0.2120089382253297,0.20811,0.1310906565570317,0.3533787724721388,4,40000,real_p10,-0.09220659612272297,0.00092477438994348
v3_250k,v3,3. + stratégie 13,250k,250000,22,commune,opt,5,expo_brute,True,0.36765,0.5766596986953074,0.4120089382253297,0.20811,0.1310906565570317,0.3533787724721388,4,40000,real_p10,-0.053333693889827276,0.0009683571844244593
v3_1M,v3,3. + stratégie 13,1M,1000000,37,commune,pess,5,expo_brute,True,0.32045,0.7169600892217001,0.0297498605910936,0.2125,0.1310906565570317,0.3580046265649245,4,40000,real_p10,-0.12453967500179736,0.000158253400547401
v3_1M,v3,3. + stratégie 13,1M,1000000,37,commune,central,5,expo_brute,True,0.32045,0.7169600892217001,0.2297498605910937,0.2125,0.1310906565570317,0.3580046265649245,4,40000,real_p10,-0.0864372962134676,0.00016421611440692652
v3_1M,v3,3. + stratégie 13,1M,1000000,37,commune,opt,5,expo_brute,True,0.32045,0.7169600892217001,0.4297498605910937,0.2125,0.1310906565570317,0.3580046265649245,4,40000,real_p10,-0.04669667997223762,0.00017415083786782325
v4_100k,v4,4. + pilotage du risque,100k,100000,13,commune,pess,5,expo_brute,True,0.39254,0.4987282429804,-0.0042292155004738,0.21286,0.1505511344877443,0.3782512414595131,4,40000,real_p10,-0.13305170612235895,0.0011875835191179106
v4_100k,v4,4. + pilotage du risque,100k,100000,13,commune,central,5,expo_brute,True,0.39254,0.4987282429804,0.1957707844995262,0.21286,0.1505511344877443,0.3782512414595131,4,40000,real_p10,-0.09448080386230445,0.0012367796088446148
v4_100k,v4,4. + pilotage du risque,100k,100000,13,commune,opt,5,expo_brute,True,0.39254,0.4987282429804,0.3957707844995262,0.21286,0.1505511344877443,0.3782512414595131,4,40000,real_p10,-0.05422482447835593,0.0012795270882007483
v4_250k,v4,4. + pilotage du risque,250k,250000,23,commune,pess,5,expo_brute,True,0.39268,0.5766596986953074,0.0264427304836732,0.21289,0.1505511344877443,0.3779449021931268,4,40000,real_p10,-0.1362158420736933,0.0008273890242892529
v4_250k,v4,4. + pilotage du risque,250k,250000,23,commune,central,5,expo_brute,True,0.39268,0.5766596986953074,0.2264427304836733,0.21289,0.1505511344877443,0.3779449021931268,4,40000,real_p10,-0.09829436960641563,0.0008591350494350522
v4_250k,v4,4. + pilotage du risque,250k,250000,23,commune,opt,5,expo_brute,True,0.39268,0.5766596986953074,0.4264427304836733,0.21289,0.1505511344877443,0.3779449021931268,4,40000,real_p10,-0.058754457030229676,0.000908885986687736
v4_1M,v4,4. + pilotage du risque,1M,1000000,38,commune,pess,5,expo_brute,True,0.37235,0.7169600892217001,0.0669600892216999,0.21464,0.1505511344877443,0.3797502616524224,4,40000,real_p10,-0.12234076795362506,0.00043523326054402086
v4_1M,v4,4. + pilotage du risque,1M,1000000,38,commune,central,5,expo_brute,True,0.37235,0.7169600892217001,0.2669600892217,0.21464,0.1505511344877443,0.3797502616524224,4,40000,real_p10,-0.0837486509745502,0.000449131072214028
v4_1M,v4,4. + pilotage du risque,1M,1000000,38,commune,opt,5,expo_brute,True,0.37235,0.7169600892217001,0.4669600892217,0.21464,0.1505511344877443,0.3797502616524224,4,40000,real_p10,-0.043478973216638475,0.00046460235044198163
v5_100k,v5,5. Les deux,100k,100000,14,commune,pess,5,expo_brute,True,0.40102,0.4987282429804,0.0,0.21501,0.17,0.4,4,40000,real_p10,-0.13342972114113957,0.0009819634048565255
v5_100k,v5,5. Les deux,100k,100000,14,commune,central,5,expo_brute,True,0.40102,0.4987282429804,0.2,0.21501,0.17,0.4,4,40000,real_p10,-0.09447652816877403,0.001028273047675587
v5_100k,v5,5. Les deux,100k,100000,14,commune,opt,5,expo_brute,True,0.40102,0.4987282429804,0.4,0.21501,0.17,0.4,4,40000,real_p10,-0.05383004988883872,0.0010701269234279773
v5_250k,v5,5. Les deux,250k,250000,24,commune,pess,5,expo_brute,True,0.41619,0.5766596986953074,0.0399999999999999,0.21533,0.17,0.4,4,40000,real_p10,-0.1360499158378744,0.0007441937144658865
v5_250k,v5,5. Les deux,250k,250000,24,commune,central,5,expo_brute,True,0.41619,0.5766596986953074,0.24,0.21533,0.17,0.4,4,40000,real_p10,-0.0976590123041548,0.0007559396653117374
v5_250k,v5,5. Les deux,250k,250000,24,commune,opt,5,expo_brute,True,0.41619,0.5766596986953074,0.44,0.21533,0.17,0.4,4,40000,real_p10,-0.05760884572871027,0.0007879150526026548
v5_1M,v5,5. Les deux,1M,1000000,40,commune,pess,5,expo_brute,True,0.37659,0.7169600892217001,0.07,0.21539,0.17,0.4,4,40000,real_p10,-0.1249748491584999,0.0006233808871151689
v5_1M,v5,5. Les deux,1M,1000000,40,commune,central,5,expo_brute,True,0.37659,0.7169600892217001,0.27,0.21539,0.17,0.4,4,40000,real_p10,-0.08635663549175848,0.0006490144413960437
v5_1M,v5,5. Les deux,1M,1000000,40,commune,opt,5,expo_brute,True,0.37659,0.7169600892217001,0.47,0.21539,0.17,0.4,4,40000,real_p10,-0.04605901033860588,0.0006779729649182382
v1_100k,v1,1. Montant fixe,100k,100000,13,commune,pess,10,expo_brute,False,0.066005,0.4987282429804,-0.1670814423220787,0.38963,0.1017170440702665,0.5185111466701455,4,40000,real_p10,-0.23941840907990403,0.0009645026724725438
v1_100k,v1,1. Montant fixe,100k,100000,13,commune,central,10,expo_brute,False,0.066005,0.4987282429804,0.0329185576779213,0.38963,0.1017170440702665,0.5185111466701455,4,40000,real_p10,-0.17068426563399014,0.0011157260389982773
v1_100k,v1,1. Montant fixe,100k,100000,13,commune,opt,10,expo_brute,False,0.066005,0.4987282429804,0.2329185576779213,0.38963,0.1017170440702665,0.5185111466701455,4,40000,real_p10,-0.09835733174180643,0.0011281301250178977
v1_250k,v1,1. Montant fixe,250k,250000,21,commune,pess,10,expo_brute,False,-0.01434,0.5766596986953074,-0.2082693000792907,0.37385,0.1017170440702665,0.5010366929812404,4,40000,real_p10,-0.23811352791541246,0.0010367319585614977
v1_250k,v1,1. Montant fixe,250k,250000,21,commune,central,10,expo_brute,False,-0.01434,0.5766596986953074,-0.0082693000792907,0.37385,0.1017170440702665,0.5010366929812404,4,40000,real_p10,-0.17545217430411802,0.0011079262778156747
v1_250k,v1,1. Montant fixe,250k,250000,21,commune,opt,10,expo_brute,False,-0.01434,0.5766596986953074,0.1917306999207093,0.37385,0.1017170440702665,0.5010366929812404,4,40000,real_p10,-0.10876049963385838,0.0010674335203838818
v1_1M,v1,1. Montant fixe,1M,1000000,36,commune,pess,10,expo_brute,False,0.014638,0.7169600892217001,-0.1895051382139728,0.34739,0.1017170440702665,0.472670663086934,4,40000,real_p10,-0.20667587351467445,0.00025169094383017455
v1_1M,v1,1. Montant fixe,1M,1000000,36,commune,central,10,expo_brute,False,0.014638,0.7169600892217001,0.0104948617860272,0.34739,0.1017170440702665,0.472670663086934,4,40000,real_p10,-0.1489396960231844,0.0003087941350393809
v1_1M,v1,1. Montant fixe,1M,1000000,36,commune,opt,10,expo_brute,False,0.014638,0.7169600892217001,0.2104948617860272,0.34739,0.1017170440702665,0.472670663086934,4,40000,real_p10,-0.08726598820582418,0.00034579858773384453
v2_100k,v2,2. Système actuel,100k,100000,13,commune,pess,10,expo_brute,False,0.25477,0.4987282429804,-0.0729390055358835,0.20601,0.1082974145291847,0.32866995534124,4,40000,real_p10,-0.10694162838391275,0.001270155975192661
v2_100k,v2,2. Système actuel,100k,100000,13,commune,central,10,expo_brute,False,0.25477,0.4987282429804,0.1270609944641165,0.20601,0.1082974145291847,0.32866995534124,4,40000,real_p10,-0.06755502221107851,0.0013351775263233273
v2_100k,v2,2. Système actuel,100k,100000,13,commune,opt,10,expo_brute,False,0.25477,0.4987282429804,0.3270609944641165,0.20601,0.1082974145291847,0.32866995534124,4,40000,real_p10,-0.026658259214181752,0.001347882993806536
v2_250k,v2,2. Système actuel,250k,250000,21,commune,pess,10,expo_brute,False,0.29366,0.5766596986953074,-0.0306581128811361,0.19482,0.1082974145291847,0.3163901094625428,4,40000,real_p10,-0.09599492546144675,0.0007785352299227197
v2_250k,v2,2. Système actuel,250k,250000,21,commune,central,10,expo_brute,False,0.29366,0.5766596986953074,0.1693418871188639,0.19482,0.1082974145291847,0.3163901094625428,4,40000,real_p10,-0.05940835299929032,0.0008134841847403969
v2_250k,v2,2. Système actuel,250k,250000,21,commune,opt,10,expo_brute,False,0.29366,0.5766596986953074,0.3693418871188639,0.19482,0.1082974145291847,0.3163901094625428,4,40000,real_p10,-0.021486166937847724,0.0008585309336916543
v2_1M,v2,2. Système actuel,1M,1000000,36,commune,pess,10,expo_brute,False,0.26414,0.7169600892217001,-0.0106221620329802,0.20608,0.1082974145291847,0.3283559130667213,4,40000,real_p10,-0.09594264067089656,0.0008147305289320435
v2_1M,v2,2. Système actuel,1M,1000000,36,commune,central,10,expo_brute,False,0.26414,0.7169600892217001,0.1893778379670198,0.20608,0.1082974145291847,0.3283559130667213,4,40000,real_p10,-0.05771758831147222,0.0008436238627452924
v2_1M,v2,2. Système actuel,1M,1000000,36,commune,opt,10,expo_brute,False,0.26414,0.7169600892217001,0.3893778379670198,0.20608,0.1082974145291847,0.3283559130667213,4,40000,real_p10,-0.017927401504690774,0.0008770055492153757
v3_100k,v3,3. + stratégie 13,100k,100000,14,commune,pess,10,expo_brute,True,0.284,0.4987282429804,-0.0583611789935664,0.22245,0.1310906565570317,0.3690493561523995,4,40000,real_p10,-0.1162004479336924,0.0008028791103445586
v3_100k,v3,3. + stratégie 13,100k,100000,14,commune,central,10,expo_brute,True,0.284,0.4987282429804,0.1416388210064336,0.22245,0.1310906565570317,0.3690493561523995,4,40000,real_p10,-0.07395255584106925,0.0008499297550059599
v3_100k,v3,3. + stratégie 13,100k,100000,14,commune,opt,10,expo_brute,True,0.284,0.4987282429804,0.3416388210064336,0.22245,0.1310906565570317,0.3690493561523995,4,40000,real_p10,-0.030003713892899526,0.0009056311812260033
v3_250k,v3,3. + stratégie 13,250k,250000,22,commune,pess,10,expo_brute,True,0.36765,0.5766596986953074,0.0120089382253296,0.20811,0.1310906565570317,0.3533787724721388,4,40000,real_p10,-0.09961688114227595,0.0005125131845676132
v3_250k,v3,3. + stratégie 13,250k,250000,22,commune,central,10,expo_brute,True,0.36765,0.5766596986953074,0.2120089382253297,0.20811,0.1310906565570317,0.3533787724721388,4,40000,real_p10,-0.060532876612438,0.0005108706626373225
v3_250k,v3,3. + stratégie 13,250k,250000,22,commune,opt,10,expo_brute,True,0.36765,0.5766596986953074,0.4120089382253297,0.20811,0.1310906565570317,0.3533787724721388,4,40000,real_p10,-0.020026546183474325,0.0004883044431673607
v3_1M,v3,3. + stratégie 13,1M,1000000,37,commune,pess,10,expo_brute,True,0.32045,0.7169600892217001,0.0297498605910936,0.2125,0.1310906565570317,0.3580046265649245,4,40000,real_p10,-0.09365499298723262,0.0010944669017719244
v3_1M,v3,3. + stratégie 13,1M,1000000,37,commune,central,10,expo_brute,True,0.32045,0.7169600892217001,0.2297498605910937,0.2125,0.1310906565570317,0.3580046265649245,4,40000,real_p10,-0.05412036162565442,0.0011544744033206498
v3_1M,v3,3. + stratégie 13,1M,1000000,37,commune,opt,10,expo_brute,True,0.32045,0.7169600892217001,0.4297498605910937,0.2125,0.1310906565570317,0.3580046265649245,4,40000,real_p10,-0.01289908559048365,0.0011952307360378878
v4_100k,v4,4. + pilotage du risque,100k,100000,13,commune,pess,10,expo_brute,True,0.39254,0.4987282429804,-0.0042292155004738,0.21286,0.1505511344877443,0.3782512414595131,4,40000,real_p10,-0.10550129264219588,0.001301307425719455
v4_100k,v4,4. + pilotage du risque,100k,100000,13,commune,central,10,expo_brute,True,0.39254,0.4987282429804,0.1957707844995262,0.21286,0.1505511344877443,0.3782512414595131,4,40000,real_p10,-0.0647342090460733,0.001354584583789539
v4_100k,v4,4. + pilotage du risque,100k,100000,13,commune,opt,10,expo_brute,True,0.39254,0.4987282429804,0.3957707844995262,0.21286,0.1505511344877443,0.3782512414595131,4,40000,real_p10,-0.022409593069225325,0.0014300548450490774
v4_250k,v4,4. + pilotage du risque,250k,250000,23,commune,pess,10,expo_brute,True,0.39268,0.5766596986953074,0.0264427304836732,0.21289,0.1505511344877443,0.3779449021931268,4,40000,real_p10,-0.1039263149110006,0.0007577382688100091
v4_250k,v4,4. + pilotage du risque,250k,250000,23,commune,central,10,expo_brute,True,0.39268,0.5766596986953074,0.2264427304836733,0.21289,0.1505511344877443,0.3779449021931268,4,40000,real_p10,-0.06413038720692912,0.0007619803182466354
v4_250k,v4,4. + pilotage du risque,250k,250000,23,commune,opt,10,expo_brute,True,0.39268,0.5766596986953074,0.4264427304836733,0.21289,0.1505511344877443,0.3779449021931268,4,40000,real_p10,-0.022848603023962976,0.0007795666617482794
v4_1M,v4,4. + pilotage du risque,1M,1000000,38,commune,pess,10,expo_brute,True,0.37235,0.7169600892217001,0.0669600892216999,0.21464,0.1505511344877443,0.3797502616524224,4,40000,real_p10,-0.09035174315315148,0.001137145980521127
v4_1M,v4,4. + pilotage du risque,1M,1000000,38,commune,central,10,expo_brute,True,0.37235,0.7169600892217001,0.2669600892217,0.21464,0.1505511344877443,0.3797502616524224,4,40000,real_p10,-0.050271284314044276,0.001194696055538009
v4_1M,v4,4. + pilotage du risque,1M,1000000,38,commune,opt,10,expo_brute,True,0.37235,0.7169600892217001,0.4669600892217,0.21464,0.1505511344877443,0.3797502616524224,4,40000,real_p10,-0.008472422068323375,0.0012329601446064505
v5_100k,v5,5. Les deux,100k,100000,14,commune,pess,10,expo_brute,True,0.40102,0.4987282429804,0.0,0.21501,0.17,0.4,4,40000,real_p10,-0.105394774764318,0.0004955925196545963
v5_100k,v5,5. Les deux,100k,100000,14,commune,central,10,expo_brute,True,0.40102,0.4987282429804,0.2,0.21501,0.17,0.4,4,40000,real_p10,-0.06418425997232374,0.0005455078625899532
v5_100k,v5,5. Les deux,100k,100000,14,commune,opt,10,expo_brute,True,0.40102,0.4987282429804,0.4,0.21501,0.17,0.4,4,40000,real_p10,-0.021350444229817876,0.0005524360617546719
v5_250k,v5,5. Les deux,250k,250000,24,commune,pess,10,expo_brute,True,0.41619,0.5766596986953074,0.0399999999999999,0.21533,0.17,0.4,4,40000,real_p10,-0.10316884834426802,0.001283280824704591
v5_250k,v5,5. Les deux,250k,250000,24,commune,central,10,expo_brute,True,0.41619,0.5766596986953074,0.24,0.21533,0.17,0.4,4,40000,real_p10,-0.06289152132528678,0.0013025024026764385
v5_250k,v5,5. Les deux,250k,250000,24,commune,opt,10,expo_brute,True,0.41619,0.5766596986953074,0.44,0.21533,0.17,0.4,4,40000,real_p10,-0.021053276458762826,0.001342561951329595
v5_1M,v5,5. Les deux,1M,1000000,40,commune,pess,10,expo_brute,True,0.37659,0.7169600892217001,0.07,0.21539,0.17,0.4,4,40000,real_p10,-0.09224917007402178,0.0013042262657034928
v5_1M,v5,5. Les deux,1M,1000000,40,commune,central,10,expo_brute,True,0.37659,0.7169600892217001,0.27,0.21539,0.17,0.4,4,40000,real_p10,-0.05210357515849182,0.0013598861198658497
v5_1M,v5,5. Les deux,1M,1000000,40,commune,opt,10,expo_brute,True,0.37659,0.7169600892217001,0.47,0.21539,0.17,0.4,4,40000,real_p10,-0.010235315965443425,0.0013942756193968113
v1_100k,v1,1. Montant fixe,100k,100000,13,v1v2_sans_selection,pess,5,expo_brute,True,0.066005,0.4987282429804,-0.1588098317415591,0.38963,0.1017170440702665,0.5185111466701455,4,40000,real_p10,-0.26227300621206023,0.00039865723440820494
v1_100k,v1,1. Montant fixe,100k,100000,13,v1v2_sans_selection,central,5,expo_brute,True,0.066005,0.4987282429804,0.0411901682584409,0.38963,0.1017170440702665,0.5185111466701455,4,40000,real_p10,-0.20037054505150795,0.0004909639617156128
v1_100k,v1,1. Montant fixe,100k,100000,13,v1v2_sans_selection,opt,5,expo_brute,True,0.066005,0.4987282429804,0.2411901682584409,0.38963,0.1017170440702665,0.5185111466701455,4,40000,real_p10,-0.13340536458944738,0.0004904466650145792
v1_250k,v1,1. Montant fixe,250k,250000,21,v1v2_sans_selection,pess,5,expo_brute,True,-0.01434,0.5766596986953074,-0.209786975059468,0.37385,0.1017170440702665,0.5010366929812404,4,40000,real_p10,-0.2668849645356214,0.0011630865568006891
v1_250k,v1,1. Montant fixe,250k,250000,21,v1v2_sans_selection,central,5,expo_brute,True,-0.01434,0.5766596986953074,-0.009786975059468,0.37385,0.1017170440702665,0.5010366929812404,4,40000,real_p10,-0.20878511185483156,0.0011772463696951725
v1_250k,v1,1. Montant fixe,250k,250000,21,v1v2_sans_selection,opt,5,expo_brute,True,-0.01434,0.5766596986953074,0.190213024940532,0.37385,0.1017170440702665,0.5010366929812404,4,40000,real_p10,-0.14646093983513464,0.0013326565885369214
v1_1M,v1,1. Montant fixe,1M,1000000,36,v1v2_sans_selection,pess,5,expo_brute,True,0.014638,0.7169600892217001,-0.1884693536604796,0.34739,0.1017170440702665,0.472670663086934,4,40000,real_p10,-0.23784637537802128,0.00045894193862491313
v1_1M,v1,1. Montant fixe,1M,1000000,36,v1v2_sans_selection,central,5,expo_brute,True,0.014638,0.7169600892217001,0.0115306463395204,0.34739,0.1017170440702665,0.472670663086934,4,40000,real_p10,-0.18276134385924728,0.0004690247228023161
v1_1M,v1,1. Montant fixe,1M,1000000,36,v1v2_sans_selection,opt,5,expo_brute,True,0.014638,0.7169600892217001,0.2115306463395204,0.34739,0.1017170440702665,0.472670663086934,4,40000,real_p10,-0.1237695417644283,0.0004928851692808384
v2_100k,v2,2. Système actuel,100k,100000,13,v1v2_sans_selection,pess,5,expo_brute,True,0.25477,0.4987282429804,-0.0410117541519126,0.20601,0.1082974145291847,0.32866995534124,4,40000,real_p10,-0.12460832341607492,0.0008467643750607937
v2_100k,v2,2. Système actuel,100k,100000,13,v1v2_sans_selection,central,5,expo_brute,True,0.25477,0.4987282429804,0.1589882458480874,0.20601,0.1082974145291847,0.32866995534124,4,40000,real_p10,-0.08696558913495747,0.0009132122246011807
v2_100k,v2,2. Système actuel,100k,100000,13,v1v2_sans_selection,opt,5,expo_brute,True,0.25477,0.4987282429804,0.3589882458480874,0.20601,0.1082974145291847,0.32866995534124,4,40000,real_p10,-0.04775709269845607,0.0009468507541378875
v2_250k,v2,2. Système actuel,250k,250000,21,v1v2_sans_selection,pess,5,expo_brute,True,0.29366,0.5766596986953074,0.0004214153391478,0.19482,0.1082974145291847,0.3163901094625428,4,40000,real_p10,-0.11751343740759404,0.0005089924152404293
v2_250k,v2,2. Système actuel,250k,250000,21,v1v2_sans_selection,central,5,expo_brute,True,0.29366,0.5766596986953074,0.2004214153391479,0.19482,0.1082974145291847,0.3163901094625428,4,40000,real_p10,-0.0821517256089994,0.0005319432761773901
v2_250k,v2,2. Système actuel,250k,250000,21,v1v2_sans_selection,opt,5,expo_brute,True,0.29366,0.5766596986953074,0.4004214153391479,0.19482,0.1082974145291847,0.3163901094625428,4,40000,real_p10,-0.04540373744113262,0.0005522137584109827
v2_1M,v2,2. Système actuel,1M,1000000,36,v1v2_sans_selection,pess,5,expo_brute,True,0.26414,0.7169600892217001,0.0080683784752647,0.20608,0.1082974145291847,0.3283559130667213,4,40000,real_p10,-0.12065451928236452,0.0003701903446562022
v2_1M,v2,2. Système actuel,1M,1000000,36,v1v2_sans_selection,central,5,expo_brute,True,0.26414,0.7169600892217001,0.2080683784752648,0.20608,0.1082974145291847,0.3283559130667213,4,40000,real_p10,-0.08356876327253475,0.00038341678292552024
v2_1M,v2,2. Système actuel,1M,1000000,36,v1v2_sans_selection,opt,5,expo_brute,True,0.26414,0.7169600892217001,0.4080683784752648,0.20608,0.1082974145291847,0.3283559130667213,4,40000,real_p10,-0.044933048001494176,0.0003953934209065121
v3_100k,v3,3. + stratégie 13,100k,100000,14,v1v2_sans_selection,pess,5,expo_brute,False,0.284,0.4987282429804,-0.0583611789935664,0.22245,0.1310906565570317,0.3690493561523995,4,40000,real_p10,-0.14276153616686676,0.0009308965760728026
v3_100k,v3,3. + stratégie 13,100k,100000,14,v1v2_sans_selection,central,5,expo_brute,False,0.284,0.4987282429804,0.1416388210064336,0.22245,0.1310906565570317,0.3690493561523995,4,40000,real_p10,-0.10286461392643907,0.0009728618546339623
v3_100k,v3,3. + stratégie 13,100k,100000,14,v1v2_sans_selection,opt,5,expo_brute,False,0.284,0.4987282429804,0.3416388210064336,0.22245,0.1310906565570317,0.3690493561523995,4,40000,real_p10,-0.0611620226637679,0.0010221045060419998
v3_250k,v3,3. + stratégie 13,250k,250000,22,v1v2_sans_selection,pess,5,expo_brute,False,0.36765,0.5766596986953074,0.0120089382253296,0.20811,0.1310906565570317,0.3533787724721388,4,40000,real_p10,-0.12954114349671336,0.0008594391661423238
v3_250k,v3,3. + stratégie 13,250k,250000,22,v1v2_sans_selection,central,5,expo_brute,False,0.36765,0.5766596986953074,0.2120089382253297,0.20811,0.1310906565570317,0.3533787724721388,4,40000,real_p10,-0.09220659612272297,0.00092477438994348
v3_250k,v3,3. + stratégie 13,250k,250000,22,v1v2_sans_selection,opt,5,expo_brute,False,0.36765,0.5766596986953074,0.4120089382253297,0.20811,0.1310906565570317,0.3533787724721388,4,40000,real_p10,-0.053333693889827276,0.0009683571844244593
v3_1M,v3,3. + stratégie 13,1M,1000000,37,v1v2_sans_selection,pess,5,expo_brute,False,0.32045,0.7169600892217001,0.0297498605910936,0.2125,0.1310906565570317,0.3580046265649245,4,40000,real_p10,-0.12453967500179736,0.000158253400547401
v3_1M,v3,3. + stratégie 13,1M,1000000,37,v1v2_sans_selection,central,5,expo_brute,False,0.32045,0.7169600892217001,0.2297498605910937,0.2125,0.1310906565570317,0.3580046265649245,4,40000,real_p10,-0.0864372962134676,0.00016421611440692652
v3_1M,v3,3. + stratégie 13,1M,1000000,37,v1v2_sans_selection,opt,5,expo_brute,False,0.32045,0.7169600892217001,0.4297498605910937,0.2125,0.1310906565570317,0.3580046265649245,4,40000,real_p10,-0.04669667997223762,0.00017415083786782325
v4_100k,v4,4. + pilotage du risque,100k,100000,13,v1v2_sans_selection,pess,5,expo_brute,False,0.39254,0.4987282429804,-0.0042292155004738,0.21286,0.1505511344877443,0.3782512414595131,4,40000,real_p10,-0.13305170612235895,0.0011875835191179106
v4_100k,v4,4. + pilotage du risque,100k,100000,13,v1v2_sans_selection,central,5,expo_brute,False,0.39254,0.4987282429804,0.1957707844995262,0.21286,0.1505511344877443,0.3782512414595131,4,40000,real_p10,-0.09448080386230445,0.0012367796088446148
v4_100k,v4,4. + pilotage du risque,100k,100000,13,v1v2_sans_selection,opt,5,expo_brute,False,0.39254,0.4987282429804,0.3957707844995262,0.21286,0.1505511344877443,0.3782512414595131,4,40000,real_p10,-0.05422482447835593,0.0012795270882007483
v4_250k,v4,4. + pilotage du risque,250k,250000,23,v1v2_sans_selection,pess,5,expo_brute,False,0.39268,0.5766596986953074,0.0264427304836732,0.21289,0.1505511344877443,0.3779449021931268,4,40000,real_p10,-0.1362158420736933,0.0008273890242892529
v4_250k,v4,4. + pilotage du risque,250k,250000,23,v1v2_sans_selection,central,5,expo_brute,False,0.39268,0.5766596986953074,0.2264427304836733,0.21289,0.1505511344877443,0.3779449021931268,4,40000,real_p10,-0.09829436960641563,0.0008591350494350522
v4_250k,v4,4. + pilotage du risque,250k,250000,23,v1v2_sans_selection,opt,5,expo_brute,False,0.39268,0.5766596986953074,0.4264427304836733,0.21289,0.1505511344877443,0.3779449021931268,4,40000,real_p10,-0.058754457030229676,0.000908885986687736
v4_1M,v4,4. + pilotage du risque,1M,1000000,38,v1v2_sans_selection,pess,5,expo_brute,False,0.37235,0.7169600892217001,0.0669600892216999,0.21464,0.1505511344877443,0.3797502616524224,4,40000,real_p10,-0.12234076795362506,0.00043523326054402086
v4_1M,v4,4. + pilotage du risque,1M,1000000,38,v1v2_sans_selection,central,5,expo_brute,False,0.37235,0.7169600892217001,0.2669600892217,0.21464,0.1505511344877443,0.3797502616524224,4,40000,real_p10,-0.0837486509745502,0.000449131072214028
v4_1M,v4,4. + pilotage du risque,1M,1000000,38,v1v2_sans_selection,opt,5,expo_brute,False,0.37235,0.7169600892217001,0.4669600892217,0.21464,0.1505511344877443,0.3797502616524224,4,40000,real_p10,-0.043478973216638475,0.00046460235044198163
v5_100k,v5,5. Les deux,100k,100000,14,v1v2_sans_selection,pess,5,expo_brute,False,0.40102,0.4987282429804,0.0,0.21501,0.17,0.4,4,40000,real_p10,-0.13342972114113957,0.0009819634048565255
v5_100k,v5,5. Les deux,100k,100000,14,v1v2_sans_selection,central,5,expo_brute,False,0.40102,0.4987282429804,0.2,0.21501,0.17,0.4,4,40000,real_p10,-0.09447652816877403,0.001028273047675587
v5_100k,v5,5. Les deux,100k,100000,14,v1v2_sans_selection,opt,5,expo_brute,False,0.40102,0.4987282429804,0.4,0.21501,0.17,0.4,4,40000,real_p10,-0.05383004988883872,0.0010701269234279773
v5_250k,v5,5. Les deux,250k,250000,24,v1v2_sans_selection,pess,5,expo_brute,False,0.41619,0.5766596986953074,0.0399999999999999,0.21533,0.17,0.4,4,40000,real_p10,-0.1360499158378744,0.0007441937144658865
v5_250k,v5,5. Les deux,250k,250000,24,v1v2_sans_selection,central,5,expo_brute,False,0.41619,0.5766596986953074,0.24,0.21533,0.17,0.4,4,40000,real_p10,-0.0976590123041548,0.0007559396653117374
v5_250k,v5,5. Les deux,250k,250000,24,v1v2_sans_selection,opt,5,expo_brute,False,0.41619,0.5766596986953074,0.44,0.21533,0.17,0.4,4,40000,real_p10,-0.05760884572871027,0.0007879150526026548
v5_1M,v5,5. Les deux,1M,1000000,40,v1v2_sans_selection,pess,5,expo_brute,False,0.37659,0.7169600892217001,0.07,0.21539,0.17,0.4,4,40000,real_p10,-0.1249748491584999,0.0006233808871151689
v5_1M,v5,5. Les deux,1M,1000000,40,v1v2_sans_selection,central,5,expo_brute,False,0.37659,0.7169600892217001,0.27,0.21539,0.17,0.4,4,40000,real_p10,-0.08635663549175848,0.0006490144413960437
v5_1M,v5,5. Les deux,1M,1000000,40,v1v2_sans_selection,opt,5,expo_brute,False,0.37659,0.7169600892217001,0.47,0.21539,0.17,0.4,4,40000,real_p10,-0.04605901033860588,0.0006779729649182382
v1_100k,v1,1. Montant fixe,100k,100000,13,v1v2_sans_selection,pess,10,expo_brute,True,0.066005,0.4987282429804,-0.1588098317415591,0.38963,0.1017170440702665,0.5185111466701455,4,40000,real_p10,-0.2366166811109691,0.001006094929849724
v1_100k,v1,1. Montant fixe,100k,100000,13,v1v2_sans_selection,central,10,expo_brute,True,0.066005,0.4987282429804,0.0411901682584409,0.38963,0.1017170440702665,0.5185111466701455,4,40000,real_p10,-0.1677768654055929,0.0011157707197428088
v1_100k,v1,1. Montant fixe,100k,100000,13,v1v2_sans_selection,opt,10,expo_brute,True,0.066005,0.4987282429804,0.2411901682584409,0.38963,0.1017170440702665,0.5185111466701455,4,40000,real_p10,-0.0952729112845342,0.0011359849791339966
v1_250k,v1,1. Montant fixe,250k,250000,21,v1v2_sans_selection,pess,10,expo_brute,True,-0.01434,0.5766596986953074,-0.209786975059468,0.37385,0.1017170440702665,0.5010366929812404,4,40000,real_p10,-0.23857614904164878,0.0010405411329938732
v1_250k,v1,1. Montant fixe,250k,250000,21,v1v2_sans_selection,central,10,expo_brute,True,-0.01434,0.5766596986953074,-0.009786975059468,0.37385,0.1017170440702665,0.5010366929812404,4,40000,real_p10,-0.17594145414337822,0.0011064347615425444
v1_250k,v1,1. Montant fixe,250k,250000,21,v1v2_sans_selection,opt,10,expo_brute,True,-0.01434,0.5766596986953074,0.190213024940532,0.37385,0.1017170440702665,0.5010366929812404,4,40000,real_p10,-0.10927982923711327,0.0010667733427596239
v1_1M,v1,1. Montant fixe,1M,1000000,36,v1v2_sans_selection,pess,10,expo_brute,True,0.014638,0.7169600892217001,-0.1884693536604796,0.34739,0.1017170440702665,0.472670663086934,4,40000,real_p10,-0.20638612133732348,0.0002522650012967185
v1_1M,v1,1. Montant fixe,1M,1000000,36,v1v2_sans_selection,central,10,expo_brute,True,0.014638,0.7169600892217001,0.0115306463395204,0.34739,0.1017170440702665,0.472670663086934,4,40000,real_p10,-0.14863059313174118,0.0003087825085411386
v1_1M,v1,1. Montant fixe,1M,1000000,36,v1v2_sans_selection,opt,10,expo_brute,True,0.014638,0.7169600892217001,0.2115306463395204,0.34739,0.1017170440702665,0.472670663086934,4,40000,real_p10,-0.08693560860102328,0.00034603354344059633
v2_100k,v2,2. Système actuel,100k,100000,13,v1v2_sans_selection,pess,10,expo_brute,True,0.25477,0.4987282429804,-0.0410117541519126,0.20601,0.1082974145291847,0.32866995534124,4,40000,real_p10,-0.10075777624644924,0.0012818117599338195
v2_100k,v2,2. Système actuel,100k,100000,13,v1v2_sans_selection,central,10,expo_brute,True,0.25477,0.4987282429804,0.1589882458480874,0.20601,0.1082974145291847,0.32866995534124,4,40000,real_p10,-0.0611184839996854,0.001345403627881462
v2_100k,v2,2. Système actuel,100k,100000,13,v1v2_sans_selection,opt,10,expo_brute,True,0.25477,0.4987282429804,0.3589882458480874,0.20601,0.1082974145291847,0.32866995534124,4,40000,real_p10,-0.020008322576344825,0.0013506220951398182
v2_250k,v2,2. Système actuel,250k,250000,21,v1v2_sans_selection,pess,10,expo_brute,True,0.29366,0.5766596986953074,0.0004214153391478,0.19482,0.1082974145291847,0.3163901094625428,4,40000,real_p10,-0.09038171418635675,0.0007771965114496562
v2_250k,v2,2. Système actuel,250k,250000,21,v1v2_sans_selection,central,10,expo_brute,True,0.29366,0.5766596986953074,0.2004214153391479,0.19482,0.1082974145291847,0.3163901094625428,4,40000,real_p10,-0.0536034669336906,0.0008223095696023679
v2_250k,v2,2. Système actuel,250k,250000,21,v1v2_sans_selection,opt,10,expo_brute,True,0.29366,0.5766596986953074,0.4004214153391479,0.19482,0.1082974145291847,0.3163901094625428,4,40000,real_p10,-0.01547459484650155,0.0008662855356646948
v2_1M,v2,2. Système actuel,1M,1000000,36,v1v2_sans_selection,pess,10,expo_brute,True,0.26414,0.7169600892217001,0.0080683784752647,0.20608,0.1082974145291847,0.3283559130667213,4,40000,real_p10,-0.09243403572469552,0.0008163935494645532
v2_1M,v2,2. Système actuel,1M,1000000,36,v1v2_sans_selection,central,10,expo_brute,True,0.26414,0.7169600892217001,0.2080683784752648,0.20608,0.1082974145291847,0.3283559130667213,4,40000,real_p10,-0.05406657266173965,0.0008465783375368111
v2_1M,v2,2. Système actuel,1M,1000000,36,v1v2_sans_selection,opt,10,expo_brute,True,0.26414,0.7169600892217001,0.4080683784752648,0.20608,0.1082974145291847,0.3283559130667213,4,40000,real_p10,-0.014126573078434075,0.0008804484806881127
v3_100k,v3,3. + stratégie 13,100k,100000,14,v1v2_sans_selection,pess,10,expo_brute,False,0.284,0.4987282429804,-0.0583611789935664,0.22245,0.1310906565570317,0.3690493561523995,4,40000,real_p10,-0.1162004479336924,0.0008028791103445586
v3_100k,v3,3. + stratégie 13,100k,100000,14,v1v2_sans_selection,central,10,expo_brute,False,0.284,0.4987282429804,0.1416388210064336,0.22245,0.1310906565570317,0.3690493561523995,4,40000,real_p10,-0.07395255584106925,0.0008499297550059599
v3_100k,v3,3. + stratégie 13,100k,100000,14,v1v2_sans_selection,opt,10,expo_brute,False,0.284,0.4987282429804,0.3416388210064336,0.22245,0.1310906565570317,0.3690493561523995,4,40000,real_p10,-0.030003713892899526,0.0009056311812260033
v3_250k,v3,3. + stratégie 13,250k,250000,22,v1v2_sans_selection,pess,10,expo_brute,False,0.36765,0.5766596986953074,0.0120089382253296,0.20811,0.1310906565570317,0.3533787724721388,4,40000,real_p10,-0.09961688114227595,0.0005125131845676132
v3_250k,v3,3. + stratégie 13,250k,250000,22,v1v2_sans_selection,central,10,expo_brute,False,0.36765,0.5766596986953074,0.2120089382253297,0.20811,0.1310906565570317,0.3533787724721388,4,40000,real_p10,-0.060532876612438,0.0005108706626373225
v3_250k,v3,3. + stratégie 13,250k,250000,22,v1v2_sans_selection,opt,10,expo_brute,False,0.36765,0.5766596986953074,0.4120089382253297,0.20811,0.1310906565570317,0.3533787724721388,4,40000,real_p10,-0.020026546183474325,0.0004883044431673607
v3_1M,v3,3. + stratégie 13,1M,1000000,37,v1v2_sans_selection,pess,10,expo_brute,False,0.32045,0.7169600892217001,0.0297498605910936,0.2125,0.1310906565570317,0.3580046265649245,4,40000,real_p10,-0.09365499298723262,0.0010944669017719244
v3_1M,v3,3. + stratégie 13,1M,1000000,37,v1v2_sans_selection,central,10,expo_brute,False,0.32045,0.7169600892217001,0.2297498605910937,0.2125,0.1310906565570317,0.3580046265649245,4,40000,real_p10,-0.05412036162565442,0.0011544744033206498
v3_1M,v3,3. + stratégie 13,1M,1000000,37,v1v2_sans_selection,opt,10,expo_brute,False,0.32045,0.7169600892217001,0.4297498605910937,0.2125,0.1310906565570317,0.3580046265649245,4,40000,real_p10,-0.01289908559048365,0.0011952307360378878
v4_100k,v4,4. + pilotage du risque,100k,100000,13,v1v2_sans_selection,pess,10,expo_brute,False,0.39254,0.4987282429804,-0.0042292155004738,0.21286,0.1505511344877443,0.3782512414595131,4,40000,real_p10,-0.10550129264219588,0.001301307425719455
v4_100k,v4,4. + pilotage du risque,100k,100000,13,v1v2_sans_selection,central,10,expo_brute,False,0.39254,0.4987282429804,0.1957707844995262,0.21286,0.1505511344877443,0.3782512414595131,4,40000,real_p10,-0.0647342090460733,0.001354584583789539
v4_100k,v4,4. + pilotage du risque,100k,100000,13,v1v2_sans_selection,opt,10,expo_brute,False,0.39254,0.4987282429804,0.3957707844995262,0.21286,0.1505511344877443,0.3782512414595131,4,40000,real_p10,-0.022409593069225325,0.0014300548450490774
v4_250k,v4,4. + pilotage du risque,250k,250000,23,v1v2_sans_selection,pess,10,expo_brute,False,0.39268,0.5766596986953074,0.0264427304836732,0.21289,0.1505511344877443,0.3779449021931268,4,40000,real_p10,-0.1039263149110006,0.0007577382688100091
v4_250k,v4,4. + pilotage du risque,250k,250000,23,v1v2_sans_selection,central,10,expo_brute,False,0.39268,0.5766596986953074,0.2264427304836733,0.21289,0.1505511344877443,0.3779449021931268,4,40000,real_p10,-0.06413038720692912,0.0007619803182466354
v4_250k,v4,4. + pilotage du risque,250k,250000,23,v1v2_sans_selection,opt,10,expo_brute,False,0.39268,0.5766596986953074,0.4264427304836733,0.21289,0.1505511344877443,0.3779449021931268,4,40000,real_p10,-0.022848603023962976,0.0007795666617482794
v4_1M,v4,4. + pilotage du risque,1M,1000000,38,v1v2_sans_selection,pess,10,expo_brute,False,0.37235,0.7169600892217001,0.0669600892216999,0.21464,0.1505511344877443,0.3797502616524224,4,40000,real_p10,-0.09035174315315148,0.001137145980521127
v4_1M,v4,4. + pilotage du risque,1M,1000000,38,v1v2_sans_selection,central,10,expo_brute,False,0.37235,0.7169600892217001,0.2669600892217,0.21464,0.1505511344877443,0.3797502616524224,4,40000,real_p10,-0.050271284314044276,0.001194696055538009
v4_1M,v4,4. + pilotage du risque,1M,1000000,38,v1v2_sans_selection,opt,10,expo_brute,False,0.37235,0.7169600892217001,0.4669600892217,0.21464,0.1505511344877443,0.3797502616524224,4,40000,real_p10,-0.008472422068323375,0.0012329601446064505
v5_100k,v5,5. Les deux,100k,100000,14,v1v2_sans_selection,pess,10,expo_brute,False,0.40102,0.4987282429804,0.0,0.21501,0.17,0.4,4,40000,real_p10,-0.105394774764318,0.0004955925196545963
v5_100k,v5,5. Les deux,100k,100000,14,v1v2_sans_selection,central,10,expo_brute,False,0.40102,0.4987282429804,0.2,0.21501,0.17,0.4,4,40000,real_p10,-0.06418425997232374,0.0005455078625899532
v5_100k,v5,5. Les deux,100k,100000,14,v1v2_sans_selection,opt,10,expo_brute,False,0.40102,0.4987282429804,0.4,0.21501,0.17,0.4,4,40000,real_p10,-0.021350444229817876,0.0005524360617546719
v5_250k,v5,5. Les deux,250k,250000,24,v1v2_sans_selection,pess,10,expo_brute,False,0.41619,0.5766596986953074,0.0399999999999999,0.21533,0.17,0.4,4,40000,real_p10,-0.10316884834426802,0.001283280824704591
v5_250k,v5,5. Les deux,250k,250000,24,v1v2_sans_selection,central,10,expo_brute,False,0.41619,0.5766596986953074,0.24,0.21533,0.17,0.4,4,40000,real_p10,-0.06289152132528678,0.0013025024026764385
v5_250k,v5,5. Les deux,250k,250000,24,v1v2_sans_selection,opt,10,expo_brute,False,0.41619,0.5766596986953074,0.44,0.21533,0.17,0.4,4,40000,real_p10,-0.021053276458762826,0.001342561951329595
v5_1M,v5,5. Les deux,1M,1000000,40,v1v2_sans_selection,pess,10,expo_brute,False,0.37659,0.7169600892217001,0.07,0.21539,0.17,0.4,4,40000,real_p10,-0.09224917007402178,0.0013042262657034928
v5_1M,v5,5. Les deux,1M,1000000,40,v1v2_sans_selection,central,10,expo_brute,False,0.37659,0.7169600892217001,0.27,0.21539,0.17,0.4,4,40000,real_p10,-0.05210357515849182,0.0013598861198658497
v5_1M,v5,5. Les deux,1M,1000000,40,v1v2_sans_selection,opt,10,expo_brute,False,0.37659,0.7169600892217001,0.47,0.21539,0.17,0.4,4,40000,real_p10,-0.010235315965443425,0.0013942756193968113
v1_100k,v1,1. Montant fixe,100k,100000,13,commune,central,5,marge_contrats,False,0.066005,0.4987282429804,0.0329185576779213,0.38963,0.18356,0.6003541025998791,4,40000,real_p10,-0.20456060422791958,0.00048656233255346334
v1_250k,v1,1. Montant fixe,250k,250000,21,commune,central,5,marge_contrats,False,-0.01434,0.5766596986953074,-0.0082693000792907,0.37385,0.17136,0.5706796489109739,4,40000,real_p10,-0.2096075906553476,0.0011760779695765197
v1_1M,v1,1. Montant fixe,1M,1000000,36,commune,central,5,marge_contrats,False,0.014638,0.7169600892217001,0.0104948617860272,0.34739,0.16591,0.5368636190166675,4,40000,real_p10,-0.18425595000312525,0.00046865119906005294
v2_100k,v2,2. Système actuel,100k,100000,13,commune,central,5,marge_contrats,False,0.25477,0.4987282429804,0.1270609944641165,0.20601,0.10646,0.3268325408120552,4,40000,real_p10,-0.0930351272647354,0.0008978961468838277
v2_250k,v2,2. Système actuel,250k,250000,21,commune,central,5,marge_contrats,False,0.29366,0.5766596986953074,0.1693418871188639,0.19482,0.11062,0.3187126949333581,4,40000,real_p10,-0.08778476057993535,0.0005281642918666832
v2_1M,v2,2. Système actuel,1M,1000000,36,commune,central,5,marge_contrats,False,0.26414,0.7169600892217001,0.1893778379670198,0.20608,0.11957,0.3396284985375365,4,40000,real_p10,-0.08733412766053858,0.00038217351582887926
v3_100k,v3,3. + stratégie 13,100k,100000,14,commune,central,5,marge_contrats,False,0.284,0.4987282429804,0.1416388210064336,0.22245,0.12293,0.3608886995953677,4,40000,real_p10,-0.1026940922158356,0.0009732057642387384
v3_250k,v3,3. + stratégie 13,250k,250000,22,commune,central,5,marge_contrats,False,0.36765,0.5766596986953074,0.2120089382253297,0.20811,0.12633,0.348618115915107,4,40000,real_p10,-0.09210728820155697,0.0009248576764845341
v3_1M,v3,3. + stratégie 13,1M,1000000,37,commune,central,5,marge_contrats,False,0.32045,0.7169600892217001,0.2297498605910937,0.2125,0.13419,0.3611039700078927,4,40000,real_p10,-0.08650198901077505,0.0001641985659326824
v4_100k,v4,4. + pilotage du risque,100k,100000,13,commune,central,5,marge_contrats,False,0.39254,0.4987282429804,0.1957707844995262,0.21286,0.1175,0.3452001069717687,4,40000,real_p10,-0.0937828197281403,0.0012382150510036694
v4_250k,v4,4. + pilotage du risque,250k,250000,23,commune,central,5,marge_contrats,False,0.39268,0.5766596986953074,0.2264427304836733,0.21289,0.13386,0.3612537677053824,4,40000,real_p10,-0.09794827229333747,0.000859414152722875
v4_1M,v4,4. + pilotage du risque,1M,1000000,38,commune,central,5,marge_contrats,False,0.37235,0.7169600892217001,0.2669600892217,0.21464,0.1405,0.369699127164678,4,40000,real_p10,-0.08353821953822843,0.00044923589007205515
v5_100k,v5,5. Les deux,100k,100000,14,commune,central,5,marge_contrats,False,0.40102,0.4987282429804,0.2,0.21501,0.12384,0.35384,4,40000,real_p10,-0.09350223756676598,0.0010298345841620452
v5_250k,v5,5. Les deux,250k,250000,24,commune,central,5,marge_contrats,False,0.41619,0.5766596986953074,0.24,0.21533,0.14192,0.37192,4,40000,real_p10,-0.09707549878911043,0.0007558111148297886
v5_1M,v5,5. Les deux,1M,1000000,40,commune,central,5,marge_contrats,False,0.37659,0.7169600892217001,0.27,0.21539,0.14745,0.37745,4,40000,real_p10,-0.0858857050679345,0.0006493339840703567
v1_100k,v1,1. Montant fixe,100k,100000,13,commune,central,10,marge_contrats,False,0.066005,0.4987282429804,0.0329185576779213,0.38963,0.18356,0.6003541025998791,4,40000,real_p10,-0.1723703637075063,0.001114037930395041
v1_250k,v1,1. Montant fixe,250k,250000,21,commune,central,10,marge_contrats,False,-0.01434,0.5766596986953074,-0.0082693000792907,0.37385,0.17136,0.5706796489109739,4,40000,real_p10,-0.17682072776194668,0.001103783653458125
v1_1M,v1,1. Montant fixe,1M,1000000,36,commune,central,10,marge_contrats,False,0.014638,0.7169600892217001,0.0104948617860272,0.34739,0.16591,0.5368636190166675,4,40000,real_p10,-0.15019591365484708,0.00030885113451181994
v2_100k,v2,2. Système actuel,100k,100000,13,commune,central,10,marge_contrats,False,0.25477,0.4987282429804,0.1270609944641165,0.20601,0.10646,0.3268325408120552,4,40000,real_p10,-0.06751418904542537,0.001335192472854001
v2_250k,v2,2. Système actuel,250k,250000,21,commune,central,10,marge_contrats,False,0.29366,0.5766596986953074,0.1693418871188639,0.19482,0.11062,0.3187126949333581,4,40000,real_p10,-0.05945896581079117,0.0008134173385747096
v2_1M,v2,2. Système actuel,1M,1000000,36,commune,central,10,marge_contrats,False,0.26414,0.7169600892217001,0.1893778379670198,0.20608,0.11957,0.3396284985375365,4,40000,real_p10,-0.057960721881213303,0.0008434277616342329
v3_100k,v3,3. + stratégie 13,100k,100000,14,commune,central,10,marge_contrats,False,0.284,0.4987282429804,0.1416388210064336,0.22245,0.12293,0.3608886995953677,4,40000,real_p10,-0.07377208166834086,0.0008501454324494114
v3_250k,v3,3. + stratégie 13,250k,250000,22,commune,central,10,marge_contrats,False,0.36765,0.5766596986953074,0.2120089382253297,0.20811,0.12633,0.348618115915107,4,40000,real_p10,-0.0604290126630456,0.0005107946589811899
v3_1M,v3,3. + stratégie 13,1M,1000000,37,commune,central,10,marge_contrats,False,0.32045,0.7169600892217001,0.2297498605910937,0.2125,0.13419,0.3611039700078927,4,40000,real_p10,-0.05418748930340585,0.0011544291294458995
v4_100k,v4,4. + pilotage du risque,100k,100000,13,commune,central,10,marge_contrats,False,0.39254,0.4987282429804,0.1957707844995262,0.21286,0.1175,0.3452001069717687,4,40000,real_p10,-0.06399559224343498,0.0013543877155083755
v4_250k,v4,4. + pilotage du risque,250k,250000,23,commune,central,10,marge_contrats,False,0.39268,0.5766596986953074,0.2264427304836733,0.21289,0.13386,0.3612537677053824,4,40000,real_p10,-0.0637682803491811,0.0007617118562068319
v4_1M,v4,4. + pilotage du risque,1M,1000000,38,commune,central,10,marge_contrats,False,0.37235,0.7169600892217001,0.2669600892217,0.21464,0.1405,0.369699127164678,4,40000,real_p10,-0.050052905790368224,0.0011950152941878484
v5_100k,v5,5. Les deux,100k,100000,14,commune,central,10,marge_contrats,False,0.40102,0.4987282429804,0.2,0.21501,0.12384,0.35384,4,40000,real_p10,-0.0631542266651896,0.0005431499523541987
v5_250k,v5,5. Les deux,250k,250000,24,commune,central,10,marge_contrats,False,0.41619,0.5766596986953074,0.24,0.21533,0.14192,0.37192,4,40000,real_p10,-0.06228113409024508,0.001302192840836636
v5_1M,v5,5. Les deux,1M,1000000,40,commune,central,10,marge_contrats,False,0.37659,0.7169600892217001,0.27,0.21539,0.14745,0.37745,4,40000,real_p10,-0.05161408110177465,0.0013603616967472212
v1_100k,v1,1. Montant fixe,100k,100000,13,commune,pess,5,expo_brute,False,0.066005,0.4987282429804,-0.1670814423220787,0.38963,0.1017170440702665,0.5185111466701455,4,40000,real_p90,0.005088158593977225,0.002771729541348849
v1_100k,v1,1. Montant fixe,100k,100000,13,commune,central,5,expo_brute,False,0.066005,0.4987282429804,0.0329185576779213,0.38963,0.1017170440702665,0.5185111466701455,4,40000,real_p90,0.08784611008763557,0.0028464302946450623
v1_100k,v1,1. Montant fixe,100k,100000,13,commune,opt,5,expo_brute,False,0.066005,0.4987282429804,0.2329185576779213,0.38963,0.1017170440702665,0.5185111466701455,4,40000,real_p90,0.17685861713163806,0.0030576065075171603
v1_250k,v1,1. Montant fixe,250k,250000,21,commune,pess,5,expo_brute,False,-0.01434,0.5766596986953074,-0.2082693000792907,0.37385,0.1017170440702665,0.5010366929812404,4,40000,real_p90,0.00771834659097475,0.0035012687360069543
v1_250k,v1,1. Montant fixe,250k,250000,21,commune,central,5,expo_brute,False,-0.01434,0.5766596986953074,-0.0082693000792907,0.37385,0.1017170440702665,0.5010366929812404,4,40000,real_p90,0.08632945561686453,0.0037676558408980786
v1_250k,v1,1. Montant fixe,250k,250000,21,commune,opt,5,expo_brute,False,-0.01434,0.5766596986953074,0.1917306999207093,0.37385,0.1017170440702665,0.5010366929812404,4,40000,real_p90,0.1709621384980661,0.004050223889510346
v1_1M,v1,1. Montant fixe,1M,1000000,36,commune,pess,5,expo_brute,False,0.014638,0.7169600892217001,-0.1895051382139728,0.34739,0.1017170440702665,0.472670663086934,4,40000,real_p90,0.017591651343494025,0.0031797219773908986
v1_1M,v1,1. Montant fixe,1M,1000000,36,commune,central,5,expo_brute,False,0.014638,0.7169600892217001,0.0104948617860272,0.34739,0.1017170440702665,0.472670663086934,4,40000,real_p90,0.0909140282346666,0.003402317634407515
v1_1M,v1,1. Montant fixe,1M,1000000,36,commune,opt,5,expo_brute,False,0.014638,0.7169600892217001,0.2104948617860272,0.34739,0.1017170440702665,0.472670663086934,4,40000,real_p90,0.16947207311295517,0.0036262158319583476
v2_100k,v2,2. Système actuel,100k,100000,13,commune,pess,5,expo_brute,False,0.25477,0.4987282429804,-0.0729390055358835,0.20601,0.1082974145291847,0.32866995534124,4,40000,real_p90,0.05506372399928505,0.0012215758419553014
v2_100k,v2,2. Système actuel,100k,100000,13,commune,central,5,expo_brute,False,0.25477,0.4987282429804,0.1270609944641165,0.20601,0.1082974145291847,0.32866995534124,4,40000,real_p90,0.0999388911454623,0.001249560385022238
v2_100k,v2,2. Système actuel,100k,100000,13,commune,opt,5,expo_brute,False,0.25477,0.4987282429804,0.3270609944641165,0.20601,0.1082974145291847,0.32866995534124,4,40000,real_p90,0.1466422140123388,0.0013219824830584229
v2_250k,v2,2. Système actuel,250k,250000,21,commune,pess,5,expo_brute,False,0.29366,0.5766596986953074,-0.0306581128811361,0.19482,0.1082974145291847,0.3163901094625428,4,40000,real_p90,0.08039451852444977,0.00244808328260576
v2_250k,v2,2. Système actuel,250k,250000,21,commune,central,5,expo_brute,False,0.29366,0.5766596986953074,0.1693418871188639,0.19482,0.1082974145291847,0.3163901094625428,4,40000,real_p90,0.12347905115500525,0.002552225350857114
v2_250k,v2,2. Système actuel,250k,250000,21,commune,opt,5,expo_brute,False,0.29366,0.5766596986953074,0.3693418871188639,0.19482,0.1082974145291847,0.3163901094625428,4,40000,real_p90,0.16827590838418427,0.0026403627148092025
v2_1M,v2,2. Système actuel,1M,1000000,36,commune,pess,5,expo_brute,False,0.26414,0.7169600892217001,-0.0106221620329802,0.20608,0.1082974145291847,0.3283559130667213,4,40000,real_p90,0.0896212483776003,0.0024322736131911944
v2_1M,v2,2. Système actuel,1M,1000000,36,commune,central,5,expo_brute,False,0.26414,0.7169600892217001,0.1893778379670198,0.20608,0.1082974145291847,0.3283559130667213,4,40000,real_p90,0.13550134255822507,0.00253543120363338
v2_1M,v2,2. Système actuel,1M,1000000,36,commune,opt,5,expo_brute,False,0.26414,0.7169600892217001,0.3893778379670198,0.20608,0.1082974145291847,0.3283559130667213,4,40000,real_p90,0.18330213289989328,0.0026427454285275352
v3_100k,v3,3. + stratégie 13,100k,100000,14,commune,pess,5,expo_brute,True,0.284,0.4987282429804,-0.0583611789935664,0.22245,0.1310906565570317,0.3690493561523995,4,40000,real_p90,0.0643890282413294,0.0016050216004397217
v3_100k,v3,3. + stratégie 13,100k,100000,14,commune,central,5,expo_brute,True,0.284,0.4987282429804,0.1416388210064336,0.22245,0.1310906565570317,0.3690493561523995,4,40000,real_p90,0.11335601528730578,0.0017155390562754943
v3_100k,v3,3. + stratégie 13,100k,100000,14,commune,opt,5,expo_brute,True,0.284,0.4987282429804,0.3416388210064336,0.22245,0.1310906565570317,0.3690493561523995,4,40000,real_p90,0.16447867468369842,0.0017523490490378483
v3_250k,v3,3. + stratégie 13,250k,250000,22,commune,pess,5,expo_brute,True,0.36765,0.5766596986953074,0.0120089382253296,0.20811,0.1310906565570317,0.3533787724721388,4,40000,real_p90,0.09830837897126575,0.0014770717287846341
v3_250k,v3,3. + stratégie 13,250k,250000,22,commune,central,5,expo_brute,True,0.36765,0.5766596986953074,0.2120089382253297,0.20811,0.1310906565570317,0.3533787724721388,4,40000,real_p90,0.14515844755662763,0.0015481608571621627
v3_250k,v3,3. + stratégie 13,250k,250000,22,commune,opt,5,expo_brute,True,0.36765,0.5766596986953074,0.4120089382253297,0.20811,0.1310906565570317,0.3533787724721388,4,40000,real_p90,0.19397684254988273,0.0016213515139948543
v3_1M,v3,3. + stratégie 13,1M,1000000,37,commune,pess,5,expo_brute,True,0.32045,0.7169600892217001,0.0297498605910936,0.2125,0.1310906565570317,0.3580046265649245,4,40000,real_p90,0.10308279244453822,0.0022370598835413143
v3_1M,v3,3. + stratégie 13,1M,1000000,37,commune,central,5,expo_brute,True,0.32045,0.7169600892217001,0.2297498605910937,0.2125,0.1310906565570317,0.3580046265649245,4,40000,real_p90,0.15100314466353412,0.002334134824310368
v3_1M,v3,3. + stratégie 13,1M,1000000,37,commune,opt,5,expo_brute,True,0.32045,0.7169600892217001,0.4297498605910937,0.2125,0.1310906565570317,0.3580046265649245,4,40000,real_p90,0.20099043568774627,0.002435249896682853
v4_100k,v4,4. + pilotage du risque,100k,100000,13,commune,pess,5,expo_brute,True,0.39254,0.4987282429804,-0.0042292155004738,0.21286,0.1505511344877443,0.3782512414595131,4,40000,real_p90,0.07995445229982073,0.0014975118984578157
v4_100k,v4,4. + pilotage du risque,100k,100000,13,commune,central,5,expo_brute,True,0.39254,0.4987282429804,0.1957707844995262,0.21286,0.1505511344877443,0.3782512414595131,4,40000,real_p90,0.1274292604984602,0.0015857999685848212
v4_100k,v4,4. + pilotage du risque,100k,100000,13,commune,opt,5,expo_brute,True,0.39254,0.4987282429804,0.3957707844995262,0.21286,0.1505511344877443,0.3782512414595131,4,40000,real_p90,0.1768902519185674,0.001622060088242551
v4_250k,v4,4. + pilotage du risque,250k,250000,23,commune,pess,5,expo_brute,True,0.39268,0.5766596986953074,0.0264427304836732,0.21289,0.1505511344877443,0.3779449021931268,4,40000,real_p90,0.10842524189793817,0.0029806967071527592
v4_250k,v4,4. + pilotage du risque,250k,250000,23,commune,central,5,expo_brute,True,0.39268,0.5766596986953074,0.2264427304836733,0.21289,0.1505511344877443,0.3779449021931268,4,40000,real_p90,0.15679957893699228,0.0031177440990884033
v4_250k,v4,4. + pilotage du risque,250k,250000,23,commune,opt,5,expo_brute,True,0.39268,0.5766596986953074,0.4264427304836733,0.21289,0.1505511344877443,0.3779449021931268,4,40000,real_p90,0.2072552300986805,0.0032626929846974293
v4_1M,v4,4. + pilotage du risque,1M,1000000,38,commune,pess,5,expo_brute,True,0.37235,0.7169600892217001,0.0669600892216999,0.21464,0.1505511344877443,0.3797502616524224,4,40000,real_p90,0.11294632022353986,0.0024317025290333696
v4_1M,v4,4. + pilotage du risque,1M,1000000,38,commune,central,5,expo_brute,True,0.37235,0.7169600892217001,0.2669600892217,0.21464,0.1505511344877443,0.3797502616524224,4,40000,real_p90,0.16178588098919566,0.002541612096695961
v4_1M,v4,4. + pilotage du risque,1M,1000000,38,commune,opt,5,expo_brute,True,0.37235,0.7169600892217001,0.4669600892217,0.21464,0.1505511344877443,0.3797502616524224,4,40000,real_p90,0.2127534423270958,0.0026565205511660133
v5_100k,v5,5. Les deux,100k,100000,14,commune,pess,5,expo_brute,True,0.40102,0.4987282429804,0.0,0.21501,0.17,0.4,4,40000,real_p90,0.08028527148936063,0.0015532041104730852
v5_100k,v5,5. Les deux,100k,100000,14,commune,central,5,expo_brute,True,0.40102,0.4987282429804,0.2,0.21501,0.17,0.4,4,40000,real_p90,0.1282626984453359,0.001653183502807653
v5_100k,v5,5. Les deux,100k,100000,14,commune,opt,5,expo_brute,True,0.40102,0.4987282429804,0.4,0.21501,0.17,0.4,4,40000,real_p90,0.1782701633238581,0.00179090498422353
v5_250k,v5,5. Les deux,250k,250000,24,commune,pess,5,expo_brute,True,0.41619,0.5766596986953074,0.0399999999999999,0.21533,0.17,0.4,4,40000,real_p90,0.11072703331621692,0.0014004748813165498
v5_250k,v5,5. Les deux,250k,250000,24,commune,central,5,expo_brute,True,0.41619,0.5766596986953074,0.24,0.21533,0.17,0.4,4,40000,real_p90,0.15978824982231593,0.0014676097742462248
v5_250k,v5,5. Les deux,250k,250000,24,commune,opt,5,expo_brute,True,0.41619,0.5766596986953074,0.44,0.21533,0.17,0.4,4,40000,real_p90,0.21096819894533153,0.0015384003832080997
v5_1M,v5,5. Les deux,1M,1000000,40,commune,pess,5,expo_brute,True,0.37659,0.7169600892217001,0.07,0.21539,0.17,0.4,4,40000,real_p90,0.11678059095903888,0.0017884141428938089
v5_1M,v5,5. Les deux,1M,1000000,40,commune,central,5,expo_brute,True,0.37659,0.7169600892217001,0.27,0.21539,0.17,0.4,4,40000,real_p90,0.1659607534991902,0.0018638531758269734
v5_1M,v5,5. Les deux,1M,1000000,40,commune,opt,5,expo_brute,True,0.37659,0.7169600892217001,0.47,0.21539,0.17,0.4,4,40000,real_p90,0.21729331626168516,0.0019425366815753902
v1_100k,v1,1. Montant fixe,100k,100000,13,commune,pess,10,expo_brute,False,0.066005,0.4987282429804,-0.1670814423220787,0.38963,0.1017170440702665,0.5185111466701455,4,40000,real_p90,-0.042786683616605474,0.0007141617710651838
v1_100k,v1,1. Montant fixe,100k,100000,13,commune,central,10,expo_brute,False,0.066005,0.4987282429804,0.0329185576779213,0.38963,0.1017170440702665,0.5185111466701455,4,40000,real_p90,0.037507694424427224,0.0006461160137752997
v1_100k,v1,1. Montant fixe,100k,100000,13,commune,opt,10,expo_brute,False,0.066005,0.4987282429804,0.2329185576779213,0.38963,0.1017170440702665,0.5185111466701455,4,40000,real_p90,0.12318858979945174,0.0007336492833763758
v1_250k,v1,1. Montant fixe,250k,250000,21,commune,pess,10,expo_brute,False,-0.01434,0.5766596986953074,-0.2082693000792907,0.37385,0.1017170440702665,0.5010366929812404,4,40000,real_p90,-0.0408107628879784,0.001461063219510373
v1_250k,v1,1. Montant fixe,250k,250000,21,commune,central,10,expo_brute,False,-0.01434,0.5766596986953074,-0.0082693000792907,0.37385,0.1017170440702665,0.5010366929812404,4,40000,real_p90,0.0344966494654433,0.001669887383420432
v1_250k,v1,1. Montant fixe,250k,250000,21,commune,opt,10,expo_brute,False,-0.01434,0.5766596986953074,0.1917306999207093,0.37385,0.1017170440702665,0.5010366929812404,4,40000,real_p90,0.11536967602099216,0.0017222107361241107
v1_1M,v1,1. Montant fixe,1M,1000000,36,commune,pess,10,expo_brute,False,0.014638,0.7169600892217001,-0.1895051382139728,0.34739,0.1017170440702665,0.472670663086934,4,40000,real_p90,-0.026349508413489174,0.0016517124341126426
v1_1M,v1,1. Montant fixe,1M,1000000,36,commune,central,10,expo_brute,False,0.014638,0.7169600892217001,0.0104948617860272,0.34739,0.1017170440702665,0.472670663086934,4,40000,real_p90,0.04391046187657245,0.0018090156292842846
v1_1M,v1,1. Montant fixe,1M,1000000,36,commune,opt,10,expo_brute,False,0.014638,0.7169600892217001,0.2104948617860272,0.34739,0.1017170440702665,0.472670663086934,4,40000,real_p90,0.11913841339351088,0.0019495459646655235
v2_100k,v2,2. Système actuel,100k,100000,13,commune,pess,10,expo_brute,False,0.25477,0.4987282429804,-0.0729390055358835,0.20601,0.1082974145291847,0.32866995534124,4,40000,real_p90,0.0247228405974057,0.0006373217815758376
v2_100k,v2,2. Système actuel,100k,100000,13,commune,central,10,expo_brute,False,0.25477,0.4987282429804,0.1270609944641165,0.20601,0.1082974145291847,0.32866995534124,4,40000,real_p90,0.06875946944562306,0.000688428838692386
v2_100k,v2,2. Système actuel,100k,100000,13,commune,opt,10,expo_brute,False,0.25477,0.4987282429804,0.3270609944641165,0.20601,0.1082974145291847,0.32866995534124,4,40000,real_p90,0.11440321834486597,0.0007513973174070017
v2_250k,v2,2. Système actuel,250k,250000,21,commune,pess,10,expo_brute,False,0.29366,0.5766596986953074,-0.0306581128811361,0.19482,0.1082974145291847,0.3163901094625428,4,40000,real_p90,0.046876420808195304,0.0009076707739329007
v2_250k,v2,2. Système actuel,250k,250000,21,commune,central,10,expo_brute,False,0.29366,0.5766596986953074,0.1693418871188639,0.19482,0.1082974145291847,0.3163901094625428,4,40000,real_p90,0.0887701042973775,0.0009332201919787226
v2_250k,v2,2. Système actuel,250k,250000,21,commune,opt,10,expo_brute,False,0.29366,0.5766596986953074,0.3693418871188639,0.19482,0.1082974145291847,0.3163901094625428,4,40000,real_p90,0.13225169040521334,0.0009576018457293167
v2_1M,v2,2. Système actuel,1M,1000000,36,commune,pess,10,expo_brute,False,0.26414,0.7169600892217001,-0.0106221620329802,0.20608,0.1082974145291847,0.3283559130667213,4,40000,real_p90,0.05371122515942432,0.0005754318044889968
v2_1M,v2,2. Système actuel,1M,1000000,36,commune,central,10,expo_brute,False,0.26414,0.7169600892217001,0.1893778379670198,0.20608,0.1082974145291847,0.3283559130667213,4,40000,real_p90,0.09810479528192326,0.000586830740447672
v2_1M,v2,2. Système actuel,1M,1000000,36,commune,opt,10,expo_brute,False,0.26414,0.7169600892217001,0.3893778379670198,0.20608,0.1082974145291847,0.3283559130667213,4,40000,real_p90,0.14434506579923828,0.0006010129968424268
v3_100k,v3,3. + stratégie 13,100k,100000,14,commune,pess,10,expo_brute,True,0.284,0.4987282429804,-0.0583611789935664,0.22245,0.1310906565570317,0.3690493561523995,4,40000,real_p90,0.03108977831935075,9.459192954314072e-05
v3_100k,v3,3. + stratégie 13,100k,100000,14,commune,central,10,expo_brute,True,0.284,0.4987282429804,0.1416388210064336,0.22245,0.1310906565570317,0.3690493561523995,4,40000,real_p90,0.07891384846090728,8.980730450064563e-05
v3_100k,v3,3. + stratégie 13,100k,100000,14,commune,opt,10,expo_brute,True,0.284,0.4987282429804,0.3416388210064336,0.22245,0.1310906565570317,0.3690493561523995,4,40000,real_p90,0.1287057220199925,0.00011463304712813704
v3_250k,v3,3. + stratégie 13,250k,250000,22,commune,pess,10,expo_brute,True,0.36765,0.5766596986953074,0.0120089382253296,0.20811,0.1310906565570317,0.3533787724721388,4,40000,real_p90,0.0603418999807018,0.00027774070912724657
v3_250k,v3,3. + stratégie 13,250k,250000,22,commune,central,10,expo_brute,True,0.36765,0.5766596986953074,0.2120089382253297,0.20811,0.1310906565570317,0.3533787724721388,4,40000,real_p90,0.10570219857799526,0.0002751334468690304
v3_250k,v3,3. + stratégie 13,250k,250000,22,commune,opt,10,expo_brute,True,0.36765,0.5766596986953074,0.4120089382253297,0.20811,0.1310906565570317,0.3533787724721388,4,40000,real_p90,0.15291805121468635,0.00027244507119611217
v3_1M,v3,3. + stratégie 13,1M,1000000,37,commune,pess,10,expo_brute,True,0.32045,0.7169600892217001,0.0297498605910936,0.2125,0.1310906565570317,0.3580046265649245,4,40000,real_p90,0.06478760988890295,0.00035470789453588217
v3_1M,v3,3. + stratégie 13,1M,1000000,37,commune,central,10,expo_brute,True,0.32045,0.7169600892217001,0.2297498605910937,0.2125,0.1310906565570317,0.3580046265649245,4,40000,real_p90,0.11106650608395335,0.000363919842158935
v3_1M,v3,3. + stratégie 13,1M,1000000,37,commune,opt,10,expo_brute,True,0.32045,0.7169600892217001,0.4297498605910937,0.2125,0.1310906565570317,0.3580046265649245,4,40000,real_p90,0.15933797968973992,0.0003768277211173261
v4_100k,v4,4. + pilotage du risque,100k,100000,13,commune,pess,10,expo_brute,True,0.39254,0.4987282429804,-0.0042292155004738,0.21286,0.1505511344877443,0.3782512414595131,4,40000,real_p90,0.04537776531397768,0.0008590784860366869
v4_100k,v4,4. + pilotage du risque,100k,100000,13,commune,central,10,expo_brute,True,0.39254,0.4987282429804,0.1957707844995262,0.21286,0.1505511344877443,0.3782512414595131,4,40000,real_p90,0.09163940927997268,0.0009185599289909625
v4_100k,v4,4. + pilotage du risque,100k,100000,13,commune,opt,10,expo_brute,True,0.39254,0.4987282429804,0.3957707844995262,0.21286,0.1505511344877443,0.3782512414595131,4,40000,real_p90,0.13974614333443278,0.0009719036109342178
v4_250k,v4,4. + pilotage du risque,250k,250000,23,commune,pess,10,expo_brute,True,0.39268,0.5766596986953074,0.0264427304836732,0.21289,0.1505511344877443,0.3779449021931268,4,40000,real_p90,0.06807938826448112,0.00023207846588186752
v4_250k,v4,4. + pilotage du risque,250k,250000,23,commune,central,10,expo_brute,True,0.39268,0.5766596986953074,0.2264427304836733,0.21289,0.1505511344877443,0.3779449021931268,4,40000,real_p90,0.11483822647234382,0.0002444141569214201
v4_250k,v4,4. + pilotage du risque,250k,250000,23,commune,opt,10,expo_brute,True,0.39268,0.5766596986953074,0.4264427304836733,0.21289,0.1505511344877443,0.3779449021931268,4,40000,real_p90,0.163560386631527,0.00025669490776185393
v4_1M,v4,4. + pilotage du risque,1M,1000000,38,commune,pess,10,expo_brute,True,0.37235,0.7169600892217001,0.0669600892216999,0.21464,0.1505511344877443,0.3797502616524224,4,40000,real_p90,0.07478891165504775,0.0006358310223019123
v4_1M,v4,4. + pilotage du risque,1M,1000000,38,commune,central,10,expo_brute,True,0.37235,0.7169600892217001,0.2669600892217,0.21464,0.1505511344877443,0.3797502616524224,4,40000,real_p90,0.1219896004112485,0.0006723590260331632
v4_1M,v4,4. + pilotage du risque,1M,1000000,38,commune,opt,10,expo_brute,True,0.37235,0.7169600892217001,0.4669600892217,0.21464,0.1505511344877443,0.3797502616524224,4,40000,real_p90,0.1712356786693277,0.0007125913952313197
v5_100k,v5,5. Les deux,100k,100000,14,commune,pess,10,expo_brute,True,0.40102,0.4987282429804,0.0,0.21501,0.17,0.4,4,40000,real_p90,0.046518821596214954,0.0004560904188084938
v5_100k,v5,5. Les deux,100k,100000,14,commune,central,10,expo_brute,True,0.40102,0.4987282429804,0.2,0.21501,0.17,0.4,4,40000,real_p90,0.09334743148257418,0.00044030591832308125
v5_100k,v5,5. Les deux,100k,100000,14,commune,opt,10,expo_brute,True,0.40102,0.4987282429804,0.4,0.21501,0.17,0.4,4,40000,real_p90,0.14204837952789956,0.0003944382623462576
v5_250k,v5,5. Les deux,250k,250000,24,commune,pess,10,expo_brute,True,0.41619,0.5766596986953074,0.0399999999999999,0.21533,0.17,0.4,4,40000,real_p90,0.070755535617763,0.0007388931200689389
v5_250k,v5,5. Les deux,250k,250000,24,commune,central,10,expo_brute,True,0.41619,0.5766596986953074,0.24,0.21533,0.17,0.4,4,40000,real_p90,0.11815015769447362,0.00079562608731685
v5_250k,v5,5. Les deux,250k,250000,24,commune,opt,10,expo_brute,True,0.41619,0.5766596986953074,0.44,0.21533,0.17,0.4,4,40000,real_p90,0.16757382607539278,0.0008509021561025866
v5_1M,v5,5. Les deux,1M,1000000,40,commune,pess,10,expo_brute,True,0.37659,0.7169600892217001,0.07,0.21539,0.17,0.4,4,40000,real_p90,0.0775178065883136,0.0001821582650663077
v5_1M,v5,5. Les deux,1M,1000000,40,commune,central,10,expo_brute,True,0.37659,0.7169600892217001,0.27,0.21539,0.17,0.4,4,40000,real_p90,0.12499925574299828,0.00019369790978762628
v5_1M,v5,5. Les deux,1M,1000000,40,commune,opt,10,expo_brute,True,0.37659,0.7169600892217001,0.47,0.21539,0.17,0.4,4,40000,real_p90,0.17455556003925796,0.00019909870884746086
v1_100k,v1,1. Montant fixe,100k,100000,13,v1v2_sans_selection,pess,5,expo_brute,True,0.066005,0.4987282429804,-0.1588098317415591,0.38963,0.1017170440702665,0.5185111466701455,4,40000,real_p90,0.008402496557892599,0.0027806021185073637
v1_100k,v1,1. Montant fixe,100k,100000,13,v1v2_sans_selection,central,5,expo_brute,True,0.066005,0.4987282429804,0.0411901682584409,0.38963,0.1017170440702665,0.5185111466701455,4,40000,real_p90,0.091397839641084,0.0028597029549955696
v1_100k,v1,1. Montant fixe,100k,100000,13,v1v2_sans_selection,opt,5,expo_brute,True,0.066005,0.4987282429804,0.2411901682584409,0.38963,0.1017170440702665,0.5185111466701455,4,40000,real_p90,0.1806914867501924,0.0030751263577369703
v1_250k,v1,1. Montant fixe,250k,250000,21,v1v2_sans_selection,pess,5,expo_brute,True,-0.01434,0.5766596986953074,-0.209786975059468,0.37385,0.1017170440702665,0.5010366929812404,4,40000,real_p90,0.00714379946490685,0.0034993460895624572
v1_250k,v1,1. Montant fixe,250k,250000,21,v1v2_sans_selection,central,5,expo_brute,True,-0.01434,0.5766596986953074,-0.009786975059468,0.37385,0.1017170440702665,0.5010366929812404,4,40000,real_p90,0.08571080510960913,0.0037655201241481684
v1_250k,v1,1. Montant fixe,250k,250000,21,v1v2_sans_selection,opt,5,expo_brute,True,-0.01434,0.5766596986953074,0.190213024940532,0.37385,0.1017170440702665,0.5010366929812404,4,40000,real_p90,0.1702961154393145,0.004047945807507876
v1_1M,v1,1. Montant fixe,1M,1000000,36,v1v2_sans_selection,pess,5,expo_brute,True,0.014638,0.7169600892217001,-0.1884693536604796,0.34739,0.1017170440702665,0.472670663086934,4,40000,real_p90,0.0179585243543165,0.003180817012298875
v1_1M,v1,1. Montant fixe,1M,1000000,36,v1v2_sans_selection,central,5,expo_brute,True,0.014638,0.7169600892217001,0.0115306463395204,0.34739,0.1017170440702665,0.472670663086934,4,40000,real_p90,0.09130707351954077,0.0034035151667588257
v1_1M,v1,1. Montant fixe,1M,1000000,36,v1v2_sans_selection,opt,5,expo_brute,True,0.014638,0.7169600892217001,0.2115306463395204,0.34739,0.1017170440702665,0.472670663086934,4,40000,real_p90,0.1698932502630989,0.0036275681843490953
v2_100k,v2,2. Système actuel,100k,100000,13,v1v2_sans_selection,pess,5,expo_brute,True,0.25477,0.4987282429804,-0.0410117541519126,0.20601,0.1082974145291847,0.32866995534124,4,40000,real_p90,0.06211195524100493,0.0012158610680134275
v2_100k,v2,2. Système actuel,100k,100000,13,v1v2_sans_selection,central,5,expo_brute,True,0.25477,0.4987282429804,0.1589882458480874,0.20601,0.1082974145291847,0.32866995534124,4,40000,real_p90,0.10726822427938543,0.0012605494256961506
v2_100k,v2,2. Système actuel,100k,100000,13,v1v2_sans_selection,opt,5,expo_brute,True,0.25477,0.4987282429804,0.3589882458480874,0.20601,0.1082974145291847,0.32866995534124,4,40000,real_p90,0.1542713435895557,0.0013293633166895664
v2_250k,v2,2. Système actuel,250k,250000,21,v1v2_sans_selection,pess,5,expo_brute,True,0.29366,0.5766596986953074,0.0004214153391478,0.19482,0.1082974145291847,0.3163901094625428,4,40000,real_p90,0.08698133081063132,0.0024642803914799085
v2_250k,v2,2. Système actuel,250k,250000,21,v1v2_sans_selection,central,5,expo_brute,True,0.29366,0.5766596986953074,0.2004214153391479,0.19482,0.1082974145291847,0.3163901094625428,4,40000,real_p90,0.13032582051546143,0.002567396736690787
v2_250k,v2,2. Système actuel,250k,250000,21,v1v2_sans_selection,opt,5,expo_brute,True,0.29366,0.5766596986953074,0.4004214153391479,0.19482,0.1082974145291847,0.3163901094625428,4,40000,real_p90,0.17539359807068566,0.002654155267471171
v2_1M,v2,2. Système actuel,1M,1000000,36,v1v2_sans_selection,pess,5,expo_brute,True,0.26414,0.7169600892217001,0.0080683784752647,0.20608,0.1082974145291847,0.3283559130667213,4,40000,real_p90,0.09382928473977707,0.0024410130850749034
v2_1M,v2,2. Système actuel,1M,1000000,36,v1v2_sans_selection,central,5,expo_brute,True,0.26414,0.7169600892217001,0.2080683784752648,0.20608,0.1082974145291847,0.3283559130667213,4,40000,real_p90,0.1398860119504895,0.002545294127108851
v2_1M,v2,2. Système actuel,1M,1000000,36,v1v2_sans_selection,opt,5,expo_brute,True,0.26414,0.7169600892217001,0.4080683784752648,0.20608,0.1082974145291847,0.3283559130667213,4,40000,real_p90,0.18787004408592223,0.002652964529854536
v3_100k,v3,3. + stratégie 13,100k,100000,14,v1v2_sans_selection,pess,5,expo_brute,False,0.284,0.4987282429804,-0.0583611789935664,0.22245,0.1310906565570317,0.3690493561523995,4,40000,real_p90,0.0643890282413294,0.0016050216004397217
v3_100k,v3,3. + stratégie 13,100k,100000,14,v1v2_sans_selection,central,5,expo_brute,False,0.284,0.4987282429804,0.1416388210064336,0.22245,0.1310906565570317,0.3690493561523995,4,40000,real_p90,0.11335601528730578,0.0017155390562754943
v3_100k,v3,3. + stratégie 13,100k,100000,14,v1v2_sans_selection,opt,5,expo_brute,False,0.284,0.4987282429804,0.3416388210064336,0.22245,0.1310906565570317,0.3690493561523995,4,40000,real_p90,0.16447867468369842,0.0017523490490378483
v3_250k,v3,3. + stratégie 13,250k,250000,22,v1v2_sans_selection,pess,5,expo_brute,False,0.36765,0.5766596986953074,0.0120089382253296,0.20811,0.1310906565570317,0.3533787724721388,4,40000,real_p90,0.09830837897126575,0.0014770717287846341
v3_250k,v3,3. + stratégie 13,250k,250000,22,v1v2_sans_selection,central,5,expo_brute,False,0.36765,0.5766596986953074,0.2120089382253297,0.20811,0.1310906565570317,0.3533787724721388,4,40000,real_p90,0.14515844755662763,0.0015481608571621627
v3_250k,v3,3. + stratégie 13,250k,250000,22,v1v2_sans_selection,opt,5,expo_brute,False,0.36765,0.5766596986953074,0.4120089382253297,0.20811,0.1310906565570317,0.3533787724721388,4,40000,real_p90,0.19397684254988273,0.0016213515139948543
v3_1M,v3,3. + stratégie 13,1M,1000000,37,v1v2_sans_selection,pess,5,expo_brute,False,0.32045,0.7169600892217001,0.0297498605910936,0.2125,0.1310906565570317,0.3580046265649245,4,40000,real_p90,0.10308279244453822,0.0022370598835413143
v3_1M,v3,3. + stratégie 13,1M,1000000,37,v1v2_sans_selection,central,5,expo_brute,False,0.32045,0.7169600892217001,0.2297498605910937,0.2125,0.1310906565570317,0.3580046265649245,4,40000,real_p90,0.15100314466353412,0.002334134824310368
v3_1M,v3,3. + stratégie 13,1M,1000000,37,v1v2_sans_selection,opt,5,expo_brute,False,0.32045,0.7169600892217001,0.4297498605910937,0.2125,0.1310906565570317,0.3580046265649245,4,40000,real_p90,0.20099043568774627,0.002435249896682853
v4_100k,v4,4. + pilotage du risque,100k,100000,13,v1v2_sans_selection,pess,5,expo_brute,False,0.39254,0.4987282429804,-0.0042292155004738,0.21286,0.1505511344877443,0.3782512414595131,4,40000,real_p90,0.07995445229982073,0.0014975118984578157
v4_100k,v4,4. + pilotage du risque,100k,100000,13,v1v2_sans_selection,central,5,expo_brute,False,0.39254,0.4987282429804,0.1957707844995262,0.21286,0.1505511344877443,0.3782512414595131,4,40000,real_p90,0.1274292604984602,0.0015857999685848212
v4_100k,v4,4. + pilotage du risque,100k,100000,13,v1v2_sans_selection,opt,5,expo_brute,False,0.39254,0.4987282429804,0.3957707844995262,0.21286,0.1505511344877443,0.3782512414595131,4,40000,real_p90,0.1768902519185674,0.001622060088242551
v4_250k,v4,4. + pilotage du risque,250k,250000,23,v1v2_sans_selection,pess,5,expo_brute,False,0.39268,0.5766596986953074,0.0264427304836732,0.21289,0.1505511344877443,0.3779449021931268,4,40000,real_p90,0.10842524189793817,0.0029806967071527592
v4_250k,v4,4. + pilotage du risque,250k,250000,23,v1v2_sans_selection,central,5,expo_brute,False,0.39268,0.5766596986953074,0.2264427304836733,0.21289,0.1505511344877443,0.3779449021931268,4,40000,real_p90,0.15679957893699228,0.0031177440990884033
v4_250k,v4,4. + pilotage du risque,250k,250000,23,v1v2_sans_selection,opt,5,expo_brute,False,0.39268,0.5766596986953074,0.4264427304836733,0.21289,0.1505511344877443,0.3779449021931268,4,40000,real_p90,0.2072552300986805,0.0032626929846974293
v4_1M,v4,4. + pilotage du risque,1M,1000000,38,v1v2_sans_selection,pess,5,expo_brute,False,0.37235,0.7169600892217001,0.0669600892216999,0.21464,0.1505511344877443,0.3797502616524224,4,40000,real_p90,0.11294632022353986,0.0024317025290333696
v4_1M,v4,4. + pilotage du risque,1M,1000000,38,v1v2_sans_selection,central,5,expo_brute,False,0.37235,0.7169600892217001,0.2669600892217,0.21464,0.1505511344877443,0.3797502616524224,4,40000,real_p90,0.16178588098919566,0.002541612096695961
v4_1M,v4,4. + pilotage du risque,1M,1000000,38,v1v2_sans_selection,opt,5,expo_brute,False,0.37235,0.7169600892217001,0.4669600892217,0.21464,0.1505511344877443,0.3797502616524224,4,40000,real_p90,0.2127534423270958,0.0026565205511660133
v5_100k,v5,5. Les deux,100k,100000,14,v1v2_sans_selection,pess,5,expo_brute,False,0.40102,0.4987282429804,0.0,0.21501,0.17,0.4,4,40000,real_p90,0.08028527148936063,0.0015532041104730852
v5_100k,v5,5. Les deux,100k,100000,14,v1v2_sans_selection,central,5,expo_brute,False,0.40102,0.4987282429804,0.2,0.21501,0.17,0.4,4,40000,real_p90,0.1282626984453359,0.001653183502807653
v5_100k,v5,5. Les deux,100k,100000,14,v1v2_sans_selection,opt,5,expo_brute,False,0.40102,0.4987282429804,0.4,0.21501,0.17,0.4,4,40000,real_p90,0.1782701633238581,0.00179090498422353
v5_250k,v5,5. Les deux,250k,250000,24,v1v2_sans_selection,pess,5,expo_brute,False,0.41619,0.5766596986953074,0.0399999999999999,0.21533,0.17,0.4,4,40000,real_p90,0.11072703331621692,0.0014004748813165498
v5_250k,v5,5. Les deux,250k,250000,24,v1v2_sans_selection,central,5,expo_brute,False,0.41619,0.5766596986953074,0.24,0.21533,0.17,0.4,4,40000,real_p90,0.15978824982231593,0.0014676097742462248
v5_250k,v5,5. Les deux,250k,250000,24,v1v2_sans_selection,opt,5,expo_brute,False,0.41619,0.5766596986953074,0.44,0.21533,0.17,0.4,4,40000,real_p90,0.21096819894533153,0.0015384003832080997
v5_1M,v5,5. Les deux,1M,1000000,40,v1v2_sans_selection,pess,5,expo_brute,False,0.37659,0.7169600892217001,0.07,0.21539,0.17,0.4,4,40000,real_p90,0.11678059095903888,0.0017884141428938089
v5_1M,v5,5. Les deux,1M,1000000,40,v1v2_sans_selection,central,5,expo_brute,False,0.37659,0.7169600892217001,0.27,0.21539,0.17,0.4,4,40000,real_p90,0.1659607534991902,0.0018638531758269734
v5_1M,v5,5. Les deux,1M,1000000,40,v1v2_sans_selection,opt,5,expo_brute,False,0.37659,0.7169600892217001,0.47,0.21539,0.17,0.4,4,40000,real_p90,0.21729331626168516,0.0019425366815753902
v1_100k,v1,1. Montant fixe,100k,100000,13,v1v2_sans_selection,pess,10,expo_brute,True,0.066005,0.4987282429804,-0.1588098317415591,0.38963,0.1017170440702665,0.5185111466701455,4,40000,real_p90,-0.03954180305669437,0.0007353279025779615
v1_100k,v1,1. Montant fixe,100k,100000,13,v1v2_sans_selection,central,10,expo_brute,True,0.066005,0.4987282429804,0.0411901682584409,0.38963,0.1017170440702665,0.5185111466701455,4,40000,real_p90,0.04094699944990278,0.0006773356567107057
v1_100k,v1,1. Montant fixe,100k,100000,13,v1v2_sans_selection,opt,10,expo_brute,True,0.066005,0.4987282429804,0.2411901682584409,0.38963,0.1017170440702665,0.5185111466701455,4,40000,real_p90,0.1268648749736474,0.000727490096135121
v1_250k,v1,1. Montant fixe,250k,250000,21,v1v2_sans_selection,pess,10,expo_brute,True,-0.01434,0.5766596986953074,-0.209786975059468,0.37385,0.1017170440702665,0.5010366929812404,4,40000,real_p90,-0.0413624505110924,0.00145946794898746
v1_250k,v1,1. Montant fixe,250k,250000,21,v1v2_sans_selection,central,10,expo_brute,True,-0.01434,0.5766596986953074,-0.009786975059468,0.37385,0.1017170440702665,0.5010366929812404,4,40000,real_p90,0.0339056920094065,0.0016696300030311902
v1_250k,v1,1. Montant fixe,250k,250000,21,v1v2_sans_selection,opt,10,expo_brute,True,-0.01434,0.5766596986953074,0.190213024940532,0.37385,0.1017170440702665,0.5010366929812404,4,40000,real_p90,0.11473383944329307,0.001722056092326375
v1_1M,v1,1. Montant fixe,1M,1000000,36,v1v2_sans_selection,pess,10,expo_brute,True,0.014638,0.7169600892217001,-0.1884693536604796,0.34739,0.1017170440702665,0.472670663086934,4,40000,real_p90,-0.025997825144089524,0.0016525269763762605
v1_1M,v1,1. Montant fixe,1M,1000000,36,v1v2_sans_selection,central,10,expo_brute,True,0.014638,0.7169600892217001,0.0115306463395204,0.34739,0.1017170440702665,0.472670663086934,4,40000,real_p90,0.04428696188610015,0.0018098245061474317
v1_1M,v1,1. Montant fixe,1M,1000000,36,v1v2_sans_selection,opt,10,expo_brute,True,0.014638,0.7169600892217001,0.2115306463395204,0.34739,0.1017170440702665,0.472670663086934,4,40000,real_p90,0.1195415539702678,0.001950316075997734
v2_100k,v2,2. Système actuel,100k,100000,13,v1v2_sans_selection,pess,10,expo_brute,True,0.25477,0.4987282429804,-0.0410117541519126,0.20601,0.1082974145291847,0.32866995534124,4,40000,real_p90,0.03161979672546568,0.000647175078385433
v2_100k,v2,2. Système actuel,100k,100000,13,v1v2_sans_selection,central,10,expo_brute,True,0.25477,0.4987282429804,0.1589882458480874,0.20601,0.1082974145291847,0.32866995534124,4,40000,real_p90,0.07593597167112802,0.0006974537545996978
v2_100k,v2,2. Système actuel,100k,100000,13,v1v2_sans_selection,opt,10,expo_brute,True,0.25477,0.4987282429804,0.3589882458480874,0.20601,0.1082974145291847,0.32866995534124,4,40000,real_p90,0.121848436748566,0.0007593979715335
v2_250k,v2,2. Système actuel,250k,250000,21,v1v2_sans_selection,pess,10,expo_brute,True,0.29366,0.5766596986953074,0.0004214153391478,0.19482,0.1082974145291847,0.3163901094625428,4,40000,real_p90,0.0532841499449888,0.0009187150965842156
v2_250k,v2,2. Système actuel,250k,250000,21,v1v2_sans_selection,central,10,expo_brute,True,0.29366,0.5766596986953074,0.2004214153391479,0.19482,0.1082974145291847,0.3163901094625428,4,40000,real_p90,0.09541852914958318,0.0009343738247085279
v2_250k,v2,2. Système actuel,250k,250000,21,v1v2_sans_selection,opt,10,expo_brute,True,0.29366,0.5766596986953074,0.4004214153391479,0.19482,0.1082974145291847,0.3163901094625428,4,40000,real_p90,0.1391562540530613,0.0009600553502706131
v2_1M,v2,2. Système actuel,1M,1000000,36,v1v2_sans_selection,pess,10,expo_brute,True,0.26414,0.7169600892217001,0.0080683784752647,0.20608,0.1082974145291847,0.3283559130667213,4,40000,real_p90,0.05778382989464587,0.0005763514368492767
v2_1M,v2,2. Système actuel,1M,1000000,36,v1v2_sans_selection,central,10,expo_brute,True,0.26414,0.7169600892217001,0.2080683784752648,0.20608,0.1082974145291847,0.3283559130667213,4,40000,real_p90,0.10234660834720992,0.0005880622849475445
v2_1M,v2,2. Système actuel,1M,1000000,36,v1v2_sans_selection,opt,10,expo_brute,True,0.26414,0.7169600892217001,0.4080683784752648,0.20608,0.1082974145291847,0.3283559130667213,4,40000,real_p90,0.14876355219005388,0.0006024439439496738
v3_100k,v3,3. + stratégie 13,100k,100000,14,v1v2_sans_selection,pess,10,expo_brute,False,0.284,0.4987282429804,-0.0583611789935664,0.22245,0.1310906565570317,0.3690493561523995,4,40000,real_p90,0.03108977831935075,9.459192954314072e-05
v3_100k,v3,3. + stratégie 13,100k,100000,14,v1v2_sans_selection,central,10,expo_brute,False,0.284,0.4987282429804,0.1416388210064336,0.22245,0.1310906565570317,0.3690493561523995,4,40000,real_p90,0.07891384846090728,8.980730450064563e-05
v3_100k,v3,3. + stratégie 13,100k,100000,14,v1v2_sans_selection,opt,10,expo_brute,False,0.284,0.4987282429804,0.3416388210064336,0.22245,0.1310906565570317,0.3690493561523995,4,40000,real_p90,0.1287057220199925,0.00011463304712813704
v3_250k,v3,3. + stratégie 13,250k,250000,22,v1v2_sans_selection,pess,10,expo_brute,False,0.36765,0.5766596986953074,0.0120089382253296,0.20811,0.1310906565570317,0.3533787724721388,4,40000,real_p90,0.0603418999807018,0.00027774070912724657
v3_250k,v3,3. + stratégie 13,250k,250000,22,v1v2_sans_selection,central,10,expo_brute,False,0.36765,0.5766596986953074,0.2120089382253297,0.20811,0.1310906565570317,0.3533787724721388,4,40000,real_p90,0.10570219857799526,0.0002751334468690304
v3_250k,v3,3. + stratégie 13,250k,250000,22,v1v2_sans_selection,opt,10,expo_brute,False,0.36765,0.5766596986953074,0.4120089382253297,0.20811,0.1310906565570317,0.3533787724721388,4,40000,real_p90,0.15291805121468635,0.00027244507119611217
v3_1M,v3,3. + stratégie 13,1M,1000000,37,v1v2_sans_selection,pess,10,expo_brute,False,0.32045,0.7169600892217001,0.0297498605910936,0.2125,0.1310906565570317,0.3580046265649245,4,40000,real_p90,0.06478760988890295,0.00035470789453588217
v3_1M,v3,3. + stratégie 13,1M,1000000,37,v1v2_sans_selection,central,10,expo_brute,False,0.32045,0.7169600892217001,0.2297498605910937,0.2125,0.1310906565570317,0.3580046265649245,4,40000,real_p90,0.11106650608395335,0.000363919842158935
v3_1M,v3,3. + stratégie 13,1M,1000000,37,v1v2_sans_selection,opt,10,expo_brute,False,0.32045,0.7169600892217001,0.4297498605910937,0.2125,0.1310906565570317,0.3580046265649245,4,40000,real_p90,0.15933797968973992,0.0003768277211173261
v4_100k,v4,4. + pilotage du risque,100k,100000,13,v1v2_sans_selection,pess,10,expo_brute,False,0.39254,0.4987282429804,-0.0042292155004738,0.21286,0.1505511344877443,0.3782512414595131,4,40000,real_p90,0.04537776531397768,0.0008590784860366869
v4_100k,v4,4. + pilotage du risque,100k,100000,13,v1v2_sans_selection,central,10,expo_brute,False,0.39254,0.4987282429804,0.1957707844995262,0.21286,0.1505511344877443,0.3782512414595131,4,40000,real_p90,0.09163940927997268,0.0009185599289909625
v4_100k,v4,4. + pilotage du risque,100k,100000,13,v1v2_sans_selection,opt,10,expo_brute,False,0.39254,0.4987282429804,0.3957707844995262,0.21286,0.1505511344877443,0.3782512414595131,4,40000,real_p90,0.13974614333443278,0.0009719036109342178
v4_250k,v4,4. + pilotage du risque,250k,250000,23,v1v2_sans_selection,pess,10,expo_brute,False,0.39268,0.5766596986953074,0.0264427304836732,0.21289,0.1505511344877443,0.3779449021931268,4,40000,real_p90,0.06807938826448112,0.00023207846588186752
v4_250k,v4,4. + pilotage du risque,250k,250000,23,v1v2_sans_selection,central,10,expo_brute,False,0.39268,0.5766596986953074,0.2264427304836733,0.21289,0.1505511344877443,0.3779449021931268,4,40000,real_p90,0.11483822647234382,0.0002444141569214201
v4_250k,v4,4. + pilotage du risque,250k,250000,23,v1v2_sans_selection,opt,10,expo_brute,False,0.39268,0.5766596986953074,0.4264427304836733,0.21289,0.1505511344877443,0.3779449021931268,4,40000,real_p90,0.163560386631527,0.00025669490776185393
v4_1M,v4,4. + pilotage du risque,1M,1000000,38,v1v2_sans_selection,pess,10,expo_brute,False,0.37235,0.7169600892217001,0.0669600892216999,0.21464,0.1505511344877443,0.3797502616524224,4,40000,real_p90,0.07478891165504775,0.0006358310223019123
v4_1M,v4,4. + pilotage du risque,1M,1000000,38,v1v2_sans_selection,central,10,expo_brute,False,0.37235,0.7169600892217001,0.2669600892217,0.21464,0.1505511344877443,0.3797502616524224,4,40000,real_p90,0.1219896004112485,0.0006723590260331632
v4_1M,v4,4. + pilotage du risque,1M,1000000,38,v1v2_sans_selection,opt,10,expo_brute,False,0.37235,0.7169600892217001,0.4669600892217,0.21464,0.1505511344877443,0.3797502616524224,4,40000,real_p90,0.1712356786693277,0.0007125913952313197
v5_100k,v5,5. Les deux,100k,100000,14,v1v2_sans_selection,pess,10,expo_brute,False,0.40102,0.4987282429804,0.0,0.21501,0.17,0.4,4,40000,real_p90,0.046518821596214954,0.0004560904188084938
v5_100k,v5,5. Les deux,100k,100000,14,v1v2_sans_selection,central,10,expo_brute,False,0.40102,0.4987282429804,0.2,0.21501,0.17,0.4,4,40000,real_p90,0.09334743148257418,0.00044030591832308125
v5_100k,v5,5. Les deux,100k,100000,14,v1v2_sans_selection,opt,10,expo_brute,False,0.40102,0.4987282429804,0.4,0.21501,0.17,0.4,4,40000,real_p90,0.14204837952789956,0.0003944382623462576
v5_250k,v5,5. Les deux,250k,250000,24,v1v2_sans_selection,pess,10,expo_brute,False,0.41619,0.5766596986953074,0.0399999999999999,0.21533,0.17,0.4,4,40000,real_p90,0.070755535617763,0.0007388931200689389
v5_250k,v5,5. Les deux,250k,250000,24,v1v2_sans_selection,central,10,expo_brute,False,0.41619,0.5766596986953074,0.24,0.21533,0.17,0.4,4,40000,real_p90,0.11815015769447362,0.00079562608731685
v5_250k,v5,5. Les deux,250k,250000,24,v1v2_sans_selection,opt,10,expo_brute,False,0.41619,0.5766596986953074,0.44,0.21533,0.17,0.4,4,40000,real_p90,0.16757382607539278,0.0008509021561025866
v5_1M,v5,5. Les deux,1M,1000000,40,v1v2_sans_selection,pess,10,expo_brute,False,0.37659,0.7169600892217001,0.07,0.21539,0.17,0.4,4,40000,real_p90,0.0775178065883136,0.0001821582650663077
v5_1M,v5,5. Les deux,1M,1000000,40,v1v2_sans_selection,central,10,expo_brute,False,0.37659,0.7169600892217001,0.27,0.21539,0.17,0.4,4,40000,real_p90,0.12499925574299828,0.00019369790978762628
v5_1M,v5,5. Les deux,1M,1000000,40,v1v2_sans_selection,opt,10,expo_brute,False,0.37659,0.7169600892217001,0.47,0.21539,0.17,0.4,4,40000,real_p90,0.17455556003925796,0.00019909870884746086
v1_100k,v1,1. Montant fixe,100k,100000,13,commune,central,5,marge_contrats,False,0.066005,0.4987282429804,0.0329185576779213,0.38963,0.18356,0.6003541025998791,4,40000,real_p90,0.08579288038175233,0.0028411461809320386
v1_250k,v1,1. Montant fixe,250k,250000,21,commune,central,5,marge_contrats,False,-0.01434,0.5766596986953074,-0.0082693000792907,0.37385,0.17136,0.5706796489109739,4,40000,real_p90,0.0845989919553039,0.0037616826929598593
v1_1M,v1,1. Montant fixe,1M,1000000,36,commune,central,5,marge_contrats,False,0.014638,0.7169600892217001,0.0104948617860272,0.34739,0.16591,0.5368636190166675,4,40000,real_p90,0.08931673438239038,0.00339745073518214
v2_100k,v2,2. Système actuel,100k,100000,13,commune,central,5,marge_contrats,False,0.25477,0.4987282429804,0.1270609944641165,0.20601,0.10646,0.3268325408120552,4,40000,real_p90,0.09998542140535097,0.0012496264432317846
v2_250k,v2,2. Système actuel,250k,250000,21,commune,central,5,marge_contrats,False,0.29366,0.5766596986953074,0.1693418871188639,0.19482,0.11062,0.3187126949333581,4,40000,real_p90,0.1234193523532028,0.0025520920508365613
v2_1M,v2,2. Système actuel,1M,1000000,36,commune,central,5,marge_contrats,False,0.26414,0.7169600892217001,0.1893778379670198,0.20608,0.11957,0.3396284985375365,4,40000,real_p90,0.13520936405734174,0.002534774378447785
v3_100k,v3,3. + stratégie 13,100k,100000,14,commune,central,5,marge_contrats,False,0.284,0.4987282429804,0.1416388210064336,0.22245,0.12293,0.3608886995953677,4,40000,real_p90,0.11356551337153387,0.0017162837357686989
v3_250k,v3,3. + stratégie 13,250k,250000,22,commune,central,5,marge_contrats,False,0.36765,0.5766596986953074,0.2120089382253297,0.20811,0.12633,0.348618115915107,4,40000,real_p90,0.14528316605967898,0.0015483605156175367
v3_1M,v3,3. + stratégie 13,1M,1000000,37,commune,central,5,marge_contrats,False,0.32045,0.7169600892217001,0.2297498605910937,0.2125,0.13419,0.3611039700078927,4,40000,real_p90,0.15092177601832263,0.0023339702178749107
v4_100k,v4,4. + pilotage du risque,100k,100000,13,commune,central,5,marge_contrats,False,0.39254,0.4987282429804,0.1957707844995262,0.21286,0.1175,0.3452001069717687,4,40000,real_p90,0.12828698919251125,0.0015865076777552473
v4_250k,v4,4. + pilotage du risque,250k,250000,23,commune,central,5,marge_contrats,False,0.39268,0.5766596986953074,0.2264427304836733,0.21289,0.13386,0.3612537677053824,4,40000,real_p90,0.1572411943033525,0.0031190073637310566
v4_1M,v4,4. + pilotage du risque,1M,1000000,38,commune,central,5,marge_contrats,False,0.37235,0.7169600892217001,0.2669600892217,0.21464,0.1405,0.369699127164678,4,40000,real_p90,0.16205224216230968,0.00254220498805581
v5_100k,v5,5. Les deux,100k,100000,14,commune,central,5,marge_contrats,False,0.40102,0.4987282429804,0.2,0.21501,0.12384,0.35384,4,40000,real_p90,0.12946231219889553,0.0016571915861859172
v5_250k,v5,5. Les deux,250k,250000,24,commune,central,5,marge_contrats,False,0.41619,0.5766596986953074,0.24,0.21533,0.14192,0.37192,4,40000,real_p90,0.16053342816059388,0.0014684507457718003
v5_1M,v5,5. Les deux,1M,1000000,40,commune,central,5,marge_contrats,False,0.37659,0.7169600892217001,0.27,0.21539,0.14745,0.37745,4,40000,real_p90,0.1665605315530047,0.0018647744643910953
v1_100k,v1,1. Montant fixe,100k,100000,13,commune,central,10,marge_contrats,False,0.066005,0.4987282429804,0.0329185576779213,0.38963,0.18356,0.6003541025998791,4,40000,real_p90,0.03551725534695965,0.0006212379351565339
v1_250k,v1,1. Montant fixe,250k,250000,21,commune,central,10,marge_contrats,False,-0.01434,0.5766596986953074,-0.0082693000792907,0.37385,0.17136,0.5706796489109739,4,40000,real_p90,0.032843195689267246,0.0016682668629934075
v1_1M,v1,1. Montant fixe,1M,1000000,36,commune,central,10,marge_contrats,False,0.014638,0.7169600892217001,0.0104948617860272,0.34739,0.16591,0.5368636190166675,4,40000,real_p90,0.04238039416899675,0.0018057246293494476
v2_100k,v2,2. Système actuel,100k,100000,13,commune,central,10,marge_contrats,False,0.25477,0.4987282429804,0.1270609944641165,0.20601,0.10646,0.3268325408120552,4,40000,real_p90,0.06880514531573588,0.0006884387111574666
v2_250k,v2,2. Système actuel,250k,250000,21,commune,central,10,marge_contrats,False,0.29366,0.5766596986953074,0.1693418871188639,0.19482,0.11062,0.3187126949333581,4,40000,real_p90,0.08871210472890517,0.0009332008201480721
v2_1M,v2,2. Système actuel,1M,1000000,36,commune,central,10,marge_contrats,False,0.26414,0.7169600892217001,0.1893778379670198,0.20608,0.11957,0.3396284985375365,4,40000,real_p90,0.0978223273045801,0.0005867493308612082
v3_100k,v3,3. + stratégie 13,100k,100000,14,commune,central,10,marge_contrats,False,0.284,0.4987282429804,0.1416388210064336,0.22245,0.12293,0.3608886995953677,4,40000,real_p90,0.07911822097801373,8.992184429571389e-05
v3_250k,v3,3. + stratégie 13,250k,250000,22,commune,central,10,marge_contrats,False,0.36765,0.5766596986953074,0.2120089382253297,0.20811,0.12633,0.348618115915107,4,40000,real_p90,0.10582295512626397,0.00027503353159861587
v3_1M,v3,3. + stratégie 13,1M,1000000,37,commune,central,10,marge_contrats,False,0.32045,0.7169600892217001,0.2297498605910937,0.2125,0.13419,0.3611039700078927,4,40000,real_p90,0.1109879330512796,0.0003639014716320678
v4_100k,v4,4. + pilotage du risque,100k,100000,13,commune,central,10,marge_contrats,False,0.39254,0.4987282429804,0.1957707844995262,0.21286,0.1175,0.3452001069717687,4,40000,real_p90,0.09247323923980183,0.0009199251883179081
v4_250k,v4,4. + pilotage du risque,250k,250000,23,commune,central,10,marge_contrats,False,0.39268,0.5766596986953074,0.2264427304836733,0.21289,0.13386,0.3612537677053824,4,40000,real_p90,0.11526469599586975,0.00024453639806966307
v4_1M,v4,4. + pilotage du risque,1M,1000000,38,commune,central,10,marge_contrats,False,0.37235,0.7169600892217001,0.2669600892217,0.21464,0.1405,0.369699127164678,4,40000,real_p90,0.12224697725224665,0.0006725756455726747
v5_100k,v5,5. Les deux,100k,100000,14,commune,central,10,marge_contrats,False,0.40102,0.4987282429804,0.2,0.21501,0.12384,0.35384,4,40000,real_p90,0.09451604752894215,0.00044241768958312104
v5_250k,v5,5. Les deux,250k,250000,24,commune,central,10,marge_contrats,False,0.41619,0.5766596986953074,0.24,0.21533,0.14192,0.37192,4,40000,real_p90,0.11886968314036853,0.0007965898268955817
v5_1M,v5,5. Les deux,1M,1000000,40,commune,central,10,marge_contrats,False,0.37659,0.7169600892217001,0.27,0.21539,0.14745,0.37745,4,40000,real_p90,0.12557825538714978,0.00019384850226750774
v1_100k,v1,1. Montant fixe,100k,100000,13,commune,pess,5,expo_brute,False,0.066005,0.4987282429804,-0.1670814423220787,0.38963,0.1017170440702665,0.5185111466701455,4,40000,P_nom_loss,0.862825,0.004355360681581603
v1_100k,v1,1. Montant fixe,100k,100000,13,commune,central,5,expo_brute,False,0.066005,0.4987282429804,0.0329185576779213,0.38963,0.1017170440702665,0.5185111466701455,4,40000,P_nom_loss,0.67985,0.003512359131220314
v1_100k,v1,1. Montant fixe,100k,100000,13,commune,opt,5,expo_brute,False,0.066005,0.4987282429804,0.2329185576779213,0.38963,0.1017170440702665,0.5185111466701455,4,40000,P_nom_loss,0.42862500000000003,0.005325019561779401
v1_250k,v1,1. Montant fixe,250k,250000,21,commune,pess,5,expo_brute,False,-0.01434,0.5766596986953074,-0.2082693000792907,0.37385,0.1017170440702665,0.5010366929812404,4,40000,P_nom_loss,0.8594999999999999,0.005523887519974749
v1_250k,v1,1. Montant fixe,250k,250000,21,commune,central,5,expo_brute,False,-0.01434,0.5766596986953074,-0.0082693000792907,0.37385,0.1017170440702665,0.5010366929812404,4,40000,P_nom_loss,0.6923250000000001,0.005057255513945632
v1_250k,v1,1. Montant fixe,250k,250000,21,commune,opt,5,expo_brute,False,-0.01434,0.5766596986953074,0.1917306999207093,0.37385,0.1017170440702665,0.5010366929812404,4,40000,P_nom_loss,0.46405,0.005619311938900224
v1_1M,v1,1. Montant fixe,1M,1000000,36,commune,pess,5,expo_brute,False,0.014638,0.7169600892217001,-0.1895051382139728,0.34739,0.1017170440702665,0.472670663086934,4,40000,P_nom_loss,0.833775,0.005572177910536188
v1_1M,v1,1. Montant fixe,1M,1000000,36,commune,central,5,expo_brute,False,0.014638,0.7169600892217001,0.0104948617860272,0.34739,0.1017170440702665,0.472670663086934,4,40000,P_nom_loss,0.645525,0.004450749000636459
v1_1M,v1,1. Montant fixe,1M,1000000,36,commune,opt,5,expo_brute,False,0.014638,0.7169600892217001,0.2104948617860272,0.34739,0.1017170440702665,0.472670663086934,4,40000,P_nom_loss,0.40745,0.005211205874523374
v2_100k,v2,2. Système actuel,100k,100000,13,commune,pess,5,expo_brute,False,0.25477,0.4987282429804,-0.0729390055358835,0.20601,0.1082974145291847,0.32866995534124,4,40000,P_nom_loss,0.631625,0.004552929459882618
v2_100k,v2,2. Système actuel,100k,100000,13,commune,central,5,expo_brute,False,0.25477,0.4987282429804,0.1270609944641165,0.20601,0.1082974145291847,0.32866995534124,4,40000,P_nom_loss,0.41500000000000004,0.005305971478752358
v2_100k,v2,2. Système actuel,100k,100000,13,commune,opt,5,expo_brute,False,0.25477,0.4987282429804,0.3270609944641165,0.20601,0.1082974145291847,0.32866995534124,4,40000,P_nom_loss,0.21589999999999998,0.004047221268969602
v2_250k,v2,2. Système actuel,250k,250000,21,commune,pess,5,expo_brute,False,0.29366,0.5766596986953074,-0.0306581128811361,0.19482,0.1082974145291847,0.3163901094625428,4,40000,P_nom_loss,0.558,0.005112729212465708
v2_250k,v2,2. Système actuel,250k,250000,21,commune,central,5,expo_brute,False,0.29366,0.5766596986953074,0.1693418871188639,0.19482,0.1082974145291847,0.3163901094625428,4,40000,P_nom_loss,0.36729999999999996,0.004868949236402705
v2_250k,v2,2. Système actuel,250k,250000,21,commune,opt,5,expo_brute,False,0.29366,0.5766596986953074,0.3693418871188639,0.19482,0.1082974145291847,0.3163901094625428,4,40000,P_nom_loss,0.19835,0.00357258076652345
v2_1M,v2,2. Système actuel,1M,1000000,36,commune,pess,5,expo_brute,False,0.26414,0.7169600892217001,-0.0106221620329802,0.20608,0.1082974145291847,0.3283559130667213,4,40000,P_nom_loss,0.538025,0.0025250412537883983
v2_1M,v2,2. Système actuel,1M,1000000,36,commune,central,5,expo_brute,False,0.26414,0.7169600892217001,0.1893778379670198,0.20608,0.1082974145291847,0.3283559130667213,4,40000,P_nom_loss,0.348425,0.004758413601191048
v2_1M,v2,2. Système actuel,1M,1000000,36,commune,opt,5,expo_brute,False,0.26414,0.7169600892217001,0.3893778379670198,0.20608,0.1082974145291847,0.3283559130667213,4,40000,P_nom_loss,0.187325,0.003730393187498258
v3_100k,v3,3. + stratégie 13,100k,100000,14,commune,pess,5,expo_brute,True,0.284,0.4987282429804,-0.0583611789935664,0.22245,0.1310906565570317,0.3690493561523995,4,40000,P_nom_loss,0.627675,0.007201099453092841
v3_100k,v3,3. + stratégie 13,100k,100000,14,commune,central,5,expo_brute,True,0.284,0.4987282429804,0.1416388210064336,0.22245,0.1310906565570317,0.3690493561523995,4,40000,P_nom_loss,0.41595,0.00459673797382449
v3_100k,v3,3. + stratégie 13,100k,100000,14,commune,opt,5,expo_brute,True,0.284,0.4987282429804,0.3416388210064336,0.22245,0.1310906565570317,0.3690493561523995,4,40000,P_nom_loss,0.2261,0.003067028964106247
v3_250k,v3,3. + stratégie 13,250k,250000,22,commune,pess,5,expo_brute,True,0.36765,0.5766596986953074,0.0120089382253296,0.20811,0.1310906565570317,0.3533787724721388,4,40000,P_nom_loss,0.52155,0.002777888886666749
v3_250k,v3,3. + stratégie 13,250k,250000,22,commune,central,5,expo_brute,True,0.36765,0.5766596986953074,0.2120089382253297,0.20811,0.1310906565570317,0.3533787724721388,4,40000,P_nom_loss,0.34292500000000004,0.0033200150602067913
v3_250k,v3,3. + stratégie 13,250k,250000,22,commune,opt,5,expo_brute,True,0.36765,0.5766596986953074,0.4120089382253297,0.20811,0.1310906565570317,0.3533787724721388,4,40000,P_nom_loss,0.191525,0.001276388133236386
v3_1M,v3,3. + stratégie 13,1M,1000000,37,commune,pess,5,expo_brute,True,0.32045,0.7169600892217001,0.0297498605910936,0.2125,0.1310906565570317,0.3580046265649245,4,40000,P_nom_loss,0.503925,0.0018282505298782667
v3_1M,v3,3. + stratégie 13,1M,1000000,37,commune,central,5,expo_brute,True,0.32045,0.7169600892217001,0.2297498605910937,0.2125,0.1310906565570317,0.3580046265649245,4,40000,P_nom_loss,0.3206,0.006301851579760768
v3_1M,v3,3. + stratégie 13,1M,1000000,37,commune,opt,5,expo_brute,True,0.32045,0.7169600892217001,0.4297498605910937,0.2125,0.1310906565570317,0.3580046265649245,4,40000,P_nom_loss,0.171325,0.0024129857024027296
v4_100k,v4,4. + pilotage du risque,100k,100000,13,commune,pess,5,expo_brute,True,0.39254,0.4987282429804,-0.0042292155004738,0.21286,0.1505511344877443,0.3782512414595131,4,40000,P_nom_loss,0.552675,0.0038187039686259903
v4_100k,v4,4. + pilotage du risque,100k,100000,13,commune,central,5,expo_brute,True,0.39254,0.4987282429804,0.1957707844995262,0.21286,0.1505511344877443,0.3782512414595131,4,40000,P_nom_loss,0.353675,0.00418678476478867
v4_100k,v4,4. + pilotage du risque,100k,100000,13,commune,opt,5,expo_brute,True,0.39254,0.4987282429804,0.3957707844995262,0.21286,0.1505511344877443,0.3782512414595131,4,40000,P_nom_loss,0.18964999999999999,0.002355843797877939
v4_250k,v4,4. + pilotage du risque,250k,250000,23,commune,pess,5,expo_brute,True,0.39268,0.5766596986953074,0.0264427304836732,0.21289,0.1505511344877443,0.3779449021931268,4,40000,P_nom_loss,0.5043249999999999,0.0035705975223576806
v4_250k,v4,4. + pilotage du risque,250k,250000,23,commune,central,5,expo_brute,True,0.39268,0.5766596986953074,0.2264427304836733,0.21289,0.1505511344877443,0.3779449021931268,4,40000,P_nom_loss,0.338075,0.0012789970028633175
v4_250k,v4,4. + pilotage du risque,250k,250000,23,commune,opt,5,expo_brute,True,0.39268,0.5766596986953074,0.4264427304836733,0.21289,0.1505511344877443,0.3779449021931268,4,40000,P_nom_loss,0.193475,0.0015564382416273393
v4_1M,v4,4. + pilotage du risque,1M,1000000,38,commune,pess,5,expo_brute,True,0.37235,0.7169600892217001,0.0669600892216999,0.21464,0.1505511344877443,0.3797502616524224,4,40000,P_nom_loss,0.4633,0.002070426687102631
v4_1M,v4,4. + pilotage du risque,1M,1000000,38,commune,central,5,expo_brute,True,0.37235,0.7169600892217001,0.2669600892217,0.21464,0.1505511344877443,0.3797502616524224,4,40000,P_nom_loss,0.2905,0.0010583005244258544
v4_1M,v4,4. + pilotage du risque,1M,1000000,38,commune,opt,5,expo_brute,True,0.37235,0.7169600892217001,0.4669600892217,0.21464,0.1505511344877443,0.3797502616524224,4,40000,P_nom_loss,0.155125,0.0012816005617976175
v5_100k,v5,5. Les deux,100k,100000,14,commune,pess,5,expo_brute,True,0.40102,0.4987282429804,0.0,0.21501,0.17,0.4,4,40000,P_nom_loss,0.555725,0.0027789386463180654
v5_100k,v5,5. Les deux,100k,100000,14,commune,central,5,expo_brute,True,0.40102,0.4987282429804,0.2,0.21501,0.17,0.4,4,40000,P_nom_loss,0.35585,0.001386842937514324
v5_100k,v5,5. Les deux,100k,100000,14,commune,opt,5,expo_brute,True,0.40102,0.4987282429804,0.4,0.21501,0.17,0.4,4,40000,P_nom_loss,0.1901,0.004074309757492681
v5_250k,v5,5. Les deux,250k,250000,24,commune,pess,5,expo_brute,True,0.41619,0.5766596986953074,0.0399999999999999,0.21533,0.17,0.4,4,40000,P_nom_loss,0.4945,0.004565815005742873
v5_250k,v5,5. Les deux,250k,250000,24,commune,central,5,expo_brute,True,0.41619,0.5766596986953074,0.24,0.21533,0.17,0.4,4,40000,P_nom_loss,0.325475,0.001181453906563154
v5_250k,v5,5. Les deux,250k,250000,24,commune,opt,5,expo_brute,True,0.41619,0.5766596986953074,0.44,0.21533,0.17,0.4,4,40000,P_nom_loss,0.186975,0.001687947471536568
v5_1M,v5,5. Les deux,1M,1000000,40,commune,pess,5,expo_brute,True,0.37659,0.7169600892217001,0.07,0.21539,0.17,0.4,4,40000,P_nom_loss,0.465175,0.00371696560830648
v5_1M,v5,5. Les deux,1M,1000000,40,commune,central,5,expo_brute,True,0.37659,0.7169600892217001,0.27,0.21539,0.17,0.4,4,40000,P_nom_loss,0.2939,0.003529872518944567
v5_1M,v5,5. Les deux,1M,1000000,40,commune,opt,5,expo_brute,True,0.37659,0.7169600892217001,0.47,0.21539,0.17,0.4,4,40000,P_nom_loss,0.161825,0.0018839232114570648
v1_100k,v1,1. Montant fixe,100k,100000,13,commune,pess,10,expo_brute,False,0.066005,0.4987282429804,-0.1670814423220787,0.38963,0.1017170440702665,0.5185111466701455,4,40000,P_nom_loss,0.938925,0.0012284814474246934
v1_100k,v1,1. Montant fixe,100k,100000,13,commune,central,10,expo_brute,False,0.066005,0.4987282429804,0.0329185576779213,0.38963,0.1017170440702665,0.5185111466701455,4,40000,P_nom_loss,0.7387,0.003709447398198268
v1_100k,v1,1. Montant fixe,100k,100000,13,commune,opt,10,expo_brute,False,0.066005,0.4987282429804,0.2329185576779213,0.38963,0.1017170440702665,0.5185111466701455,4,40000,P_nom_loss,0.387525,0.0044440034503436775
v1_250k,v1,1. Montant fixe,250k,250000,21,commune,pess,10,expo_brute,False,-0.01434,0.5766596986953074,-0.2082693000792907,0.37385,0.1017170440702665,0.5010366929812404,4,40000,P_nom_loss,0.935175,0.0016007810593581932
v1_250k,v1,1. Montant fixe,250k,250000,21,commune,central,10,expo_brute,False,-0.01434,0.5766596986953074,-0.0082693000792907,0.37385,0.1017170440702665,0.5010366929812404,4,40000,P_nom_loss,0.75275,0.004850773134253978
v1_250k,v1,1. Montant fixe,250k,250000,21,commune,opt,10,expo_brute,False,-0.01434,0.5766596986953074,0.1917306999207093,0.37385,0.1017170440702665,0.5010366929812404,4,40000,P_nom_loss,0.434975,0.006238789946776505
v1_1M,v1,1. Montant fixe,1M,1000000,36,commune,pess,10,expo_brute,False,0.014638,0.7169600892217001,-0.1895051382139728,0.34739,0.1017170440702665,0.472670663086934,4,40000,P_nom_loss,0.9126,0.002616613587572046
v1_1M,v1,1. Montant fixe,1M,1000000,36,commune,central,10,expo_brute,False,0.014638,0.7169600892217001,0.0104948617860272,0.34739,0.1017170440702665,0.472670663086934,4,40000,P_nom_loss,0.69645,0.004465049458479324
v1_1M,v1,1. Montant fixe,1M,1000000,36,commune,opt,10,expo_brute,False,0.014638,0.7169600892217001,0.2104948617860272,0.34739,0.1017170440702665,0.472670663086934,4,40000,P_nom_loss,0.359575,0.0062824490978174215
v2_100k,v2,2. Système actuel,100k,100000,13,commune,pess,10,expo_brute,False,0.25477,0.4987282429804,-0.0729390055358835,0.20601,0.1082974145291847,0.32866995534124,4,40000,P_nom_loss,0.67675,0.003819685850956803
v2_100k,v2,2. Système actuel,100k,100000,13,commune,central,10,expo_brute,False,0.25477,0.4987282429804,0.1270609944641165,0.20601,0.1082974145291847,0.32866995534124,4,40000,P_nom_loss,0.371125,0.002955644317798289
v2_100k,v2,2. Système actuel,100k,100000,13,commune,opt,10,expo_brute,False,0.25477,0.4987282429804,0.3270609944641165,0.20601,0.1082974145291847,0.32866995534124,4,40000,P_nom_loss,0.1267,0.004944357052910592
v2_250k,v2,2. Système actuel,250k,250000,21,commune,pess,10,expo_brute,False,0.29366,0.5766596986953074,-0.0306581128811361,0.19482,0.1082974145291847,0.3163901094625428,4,40000,P_nom_loss,0.56985,0.0042051555658897365
v2_250k,v2,2. Système actuel,250k,250000,21,commune,central,10,expo_brute,False,0.29366,0.5766596986953074,0.1693418871188639,0.19482,0.1082974145291847,0.3163901094625428,4,40000,P_nom_loss,0.3009,0.0036523964735499202
v2_250k,v2,2. Système actuel,250k,250000,21,commune,opt,10,expo_brute,False,0.29366,0.5766596986953074,0.3693418871188639,0.19482,0.1082974145291847,0.3163901094625428,4,40000,P_nom_loss,0.10645,0.0023230726778701197
v2_1M,v2,2. Système actuel,1M,1000000,36,commune,pess,10,expo_brute,False,0.26414,0.7169600892217001,-0.0106221620329802,0.20608,0.1082974145291847,0.3283559130667213,4,40000,P_nom_loss,0.5439,0.005368426212587848
v2_1M,v2,2. Système actuel,1M,1000000,36,commune,central,10,expo_brute,False,0.26414,0.7169600892217001,0.1893778379670198,0.20608,0.1082974145291847,0.3283559130667213,4,40000,P_nom_loss,0.27859999999999996,0.00592114853723499
v2_1M,v2,2. Système actuel,1M,1000000,36,commune,opt,10,expo_brute,False,0.26414,0.7169600892217001,0.3893778379670198,0.20608,0.1082974145291847,0.3283559130667213,4,40000,P_nom_loss,0.09475,0.003313105290609805
v3_100k,v3,3. + stratégie 13,100k,100000,14,commune,pess,10,expo_brute,True,0.284,0.4987282429804,-0.0583611789935664,0.22245,0.1310906565570317,0.3690493561523995,4,40000,P_nom_loss,0.6716,0.0030713731999438276
v3_100k,v3,3. + stratégie 13,100k,100000,14,commune,central,10,expo_brute,True,0.284,0.4987282429804,0.1416388210064336,0.22245,0.1310906565570317,0.3690493561523995,4,40000,P_nom_loss,0.375725,0.006405921739557346
v3_100k,v3,3. + stratégie 13,100k,100000,14,commune,opt,10,expo_brute,True,0.284,0.4987282429804,0.3416388210064336,0.22245,0.1310906565570317,0.3690493561523995,4,40000,P_nom_loss,0.137475,0.002301267766543757
v3_250k,v3,3. + stratégie 13,250k,250000,22,commune,pess,10,expo_brute,True,0.36765,0.5766596986953074,0.0120089382253296,0.20811,0.1310906565570317,0.3533787724721388,4,40000,P_nom_loss,0.527175,0.0033984064893221003
v3_250k,v3,3. + stratégie 13,250k,250000,22,commune,central,10,expo_brute,True,0.36765,0.5766596986953074,0.2120089382253297,0.20811,0.1310906565570317,0.3533787724721388,4,40000,P_nom_loss,0.273725,0.005834595101633016
v3_250k,v3,3. + stratégie 13,250k,250000,22,commune,opt,10,expo_brute,True,0.36765,0.5766596986953074,0.4120089382253297,0.20811,0.1310906565570317,0.3533787724721388,4,40000,P_nom_loss,0.10105,0.001391641716343206
v3_1M,v3,3. + stratégie 13,1M,1000000,37,commune,pess,10,expo_brute,True,0.32045,0.7169600892217001,0.0297498605910936,0.2125,0.1310906565570317,0.3580046265649245,4,40000,P_nom_loss,0.49785,0.00562227711874825
v3_1M,v3,3. + stratégie 13,1M,1000000,37,commune,central,10,expo_brute,True,0.32045,0.7169600892217001,0.2297498605910937,0.2125,0.1310906565570317,0.3580046265649245,4,40000,P_nom_loss,0.2447,0.006506919393998974
v3_1M,v3,3. + stratégie 13,1M,1000000,37,commune,opt,10,expo_brute,True,0.32045,0.7169600892217001,0.4297498605910937,0.2125,0.1310906565570317,0.3580046265649245,4,40000,P_nom_loss,0.082025,0.001903286631067426
v4_100k,v4,4. + pilotage du risque,100k,100000,13,commune,pess,10,expo_brute,True,0.39254,0.4987282429804,-0.0042292155004738,0.21286,0.1505511344877443,0.3782512414595131,4,40000,P_nom_loss,0.57295,0.0031848600178553442
v4_100k,v4,4. + pilotage du risque,100k,100000,13,commune,central,10,expo_brute,True,0.39254,0.4987282429804,0.1957707844995262,0.21286,0.1505511344877443,0.3782512414595131,4,40000,P_nom_loss,0.297875,0.002515783509498923
v4_100k,v4,4. + pilotage du risque,100k,100000,13,commune,opt,10,expo_brute,True,0.39254,0.4987282429804,0.3957707844995262,0.21286,0.1505511344877443,0.3782512414595131,4,40000,P_nom_loss,0.1084,0.004202380277890141
v4_250k,v4,4. + pilotage du risque,250k,250000,23,commune,pess,10,expo_brute,True,0.39268,0.5766596986953074,0.0264427304836732,0.21289,0.1505511344877443,0.3779449021931268,4,40000,P_nom_loss,0.51015,0.0036409705665751873
v4_250k,v4,4. + pilotage du risque,250k,250000,23,commune,central,10,expo_brute,True,0.39268,0.5766596986953074,0.2264427304836733,0.21289,0.1505511344877443,0.3779449021931268,4,40000,P_nom_loss,0.272325,0.003170042060709398
v4_250k,v4,4. + pilotage du risque,250k,250000,23,commune,opt,10,expo_brute,True,0.39268,0.5766596986953074,0.4264427304836733,0.21289,0.1505511344877443,0.3779449021931268,4,40000,P_nom_loss,0.10885,0.0025317977802344314
v4_1M,v4,4. + pilotage du risque,1M,1000000,38,commune,pess,10,expo_brute,True,0.37235,0.7169600892217001,0.0669600892216999,0.21464,0.1505511344877443,0.3797502616524224,4,40000,P_nom_loss,0.44675,0.006227091348829447
v4_1M,v4,4. + pilotage du risque,1M,1000000,38,commune,central,10,expo_brute,True,0.37235,0.7169600892217001,0.2669600892217,0.21464,0.1505511344877443,0.3797502616524224,4,40000,P_nom_loss,0.213875,0.002140677462860762
v4_1M,v4,4. + pilotage du risque,1M,1000000,38,commune,opt,10,expo_brute,True,0.37235,0.7169600892217001,0.4669600892217,0.21464,0.1505511344877443,0.3797502616524224,4,40000,P_nom_loss,0.073525,0.0029398129192178203
v5_100k,v5,5. Les deux,100k,100000,14,commune,pess,10,expo_brute,True,0.40102,0.4987282429804,0.0,0.21501,0.17,0.4,4,40000,P_nom_loss,0.5744750000000001,0.004601720692668516
v5_100k,v5,5. Les deux,100k,100000,14,commune,central,10,expo_brute,True,0.40102,0.4987282429804,0.2,0.21501,0.17,0.4,4,40000,P_nom_loss,0.299825,0.004172429348313341
v5_100k,v5,5. Les deux,100k,100000,14,commune,opt,10,expo_brute,True,0.40102,0.4987282429804,0.4,0.21501,0.17,0.4,4,40000,P_nom_loss,0.1051,0.0015297058540778385
v5_250k,v5,5. Les deux,250k,250000,24,commune,pess,10,expo_brute,True,0.41619,0.5766596986953074,0.0399999999999999,0.21533,0.17,0.4,4,40000,P_nom_loss,0.493025,0.003929694644625731
v5_250k,v5,5. Les deux,250k,250000,24,commune,central,10,expo_brute,True,0.41619,0.5766596986953074,0.24,0.21533,0.17,0.4,4,40000,P_nom_loss,0.260675,0.002981470554385324
v5_250k,v5,5. Les deux,250k,250000,24,commune,opt,10,expo_brute,True,0.41619,0.5766596986953074,0.44,0.21533,0.17,0.4,4,40000,P_nom_loss,0.10339999999999999,0.003241398874971531
v5_1M,v5,5. Les deux,1M,1000000,40,commune,pess,10,expo_brute,True,0.37659,0.7169600892217001,0.07,0.21539,0.17,0.4,4,40000,P_nom_loss,0.44675,0.007010706098532438
v5_1M,v5,5. Les deux,1M,1000000,40,commune,central,10,expo_brute,True,0.37659,0.7169600892217001,0.27,0.21539,0.17,0.4,4,40000,P_nom_loss,0.218625,0.0031041638702448307
v5_1M,v5,5. Les deux,1M,1000000,40,commune,opt,10,expo_brute,True,0.37659,0.7169600892217001,0.47,0.21539,0.17,0.4,4,40000,P_nom_loss,0.07735,0.00308706980808662
v1_100k,v1,1. Montant fixe,100k,100000,13,v1v2_sans_selection,pess,5,expo_brute,True,0.066005,0.4987282429804,-0.1588098317415591,0.38963,0.1017170440702665,0.5185111466701455,4,40000,P_nom_loss,0.857275,0.004366825696849702
v1_100k,v1,1. Montant fixe,100k,100000,13,v1v2_sans_selection,central,5,expo_brute,True,0.066005,0.4987282429804,0.0411901682584409,0.38963,0.1017170440702665,0.5185111466701455,4,40000,P_nom_loss,0.670125,0.0030269621735330363
v1_100k,v1,1. Montant fixe,100k,100000,13,v1v2_sans_selection,opt,5,expo_brute,True,0.066005,0.4987282429804,0.2411901682584409,0.38963,0.1017170440702665,0.5185111466701455,4,40000,P_nom_loss,0.41745,0.005567465012612711
v1_250k,v1,1. Montant fixe,250k,250000,21,v1v2_sans_selection,pess,5,expo_brute,True,-0.01434,0.5766596986953074,-0.209786975059468,0.37385,0.1017170440702665,0.5010366929812404,4,40000,P_nom_loss,0.860775,0.005803662636645898
v1_250k,v1,1. Montant fixe,250k,250000,21,v1v2_sans_selection,central,5,expo_brute,True,-0.01434,0.5766596986953074,-0.009786975059468,0.37385,0.1017170440702665,0.5010366929812404,4,40000,P_nom_loss,0.69385,0.0050888767588404766
v1_250k,v1,1. Montant fixe,250k,250000,21,v1v2_sans_selection,opt,5,expo_brute,True,-0.01434,0.5766596986953074,0.190213024940532,0.37385,0.1017170440702665,0.5010366929812404,4,40000,P_nom_loss,0.466175,0.005117535214013343
v1_1M,v1,1. Montant fixe,1M,1000000,36,v1v2_sans_selection,pess,5,expo_brute,True,0.014638,0.7169600892217001,-0.1884693536604796,0.34739,0.1017170440702665,0.472670663086934,4,40000,P_nom_loss,0.833125,0.005699342067291613
v1_1M,v1,1. Montant fixe,1M,1000000,36,v1v2_sans_selection,central,5,expo_brute,True,0.014638,0.7169600892217001,0.0115306463395204,0.34739,0.1017170440702665,0.472670663086934,4,40000,P_nom_loss,0.644625,0.004277362894744059
v1_1M,v1,1. Montant fixe,1M,1000000,36,v1v2_sans_selection,opt,5,expo_brute,True,0.014638,0.7169600892217001,0.2115306463395204,0.34739,0.1017170440702665,0.472670663086934,4,40000,P_nom_loss,0.40625,0.0051630094583165875
v2_100k,v2,2. Système actuel,100k,100000,13,v1v2_sans_selection,pess,5,expo_brute,True,0.25477,0.4987282429804,-0.0410117541519126,0.20601,0.1082974145291847,0.32866995534124,4,40000,P_nom_loss,0.59785,0.004333205126308528
v2_100k,v2,2. Système actuel,100k,100000,13,v1v2_sans_selection,central,5,expo_brute,True,0.25477,0.4987282429804,0.1589882458480874,0.20601,0.1082974145291847,0.32866995534124,4,40000,P_nom_loss,0.380375,0.005232829062753722
v2_100k,v2,2. Système actuel,100k,100000,13,v1v2_sans_selection,opt,5,expo_brute,True,0.25477,0.4987282429804,0.3589882458480874,0.20601,0.1082974145291847,0.32866995534124,4,40000,P_nom_loss,0.190425,0.0036899638661284104
v2_250k,v2,2. Système actuel,250k,250000,21,v1v2_sans_selection,pess,5,expo_brute,True,0.29366,0.5766596986953074,0.0004214153391478,0.19482,0.1082974145291847,0.3163901094625428,4,40000,P_nom_loss,0.528375,0.004843122271152474
v2_250k,v2,2. Système actuel,250k,250000,21,v1v2_sans_selection,central,5,expo_brute,True,0.29366,0.5766596986953074,0.2004214153391479,0.19482,0.1082974145291847,0.3163901094625428,4,40000,P_nom_loss,0.338125,0.0033129795250398456
v2_250k,v2,2. Système actuel,250k,250000,21,v1v2_sans_selection,opt,5,expo_brute,True,0.29366,0.5766596986953074,0.4004214153391479,0.19482,0.1082974145291847,0.3163901094625428,4,40000,P_nom_loss,0.177225,0.0017423642940939071
v2_1M,v2,2. Système actuel,1M,1000000,36,v1v2_sans_selection,pess,5,expo_brute,True,0.26414,0.7169600892217001,0.0080683784752647,0.20608,0.1082974145291847,0.3283559130667213,4,40000,P_nom_loss,0.5205500000000001,0.004356221604402866
v2_1M,v2,2. Système actuel,1M,1000000,36,v1v2_sans_selection,central,5,expo_brute,True,0.26414,0.7169600892217001,0.2080683784752648,0.20608,0.1082974145291847,0.3283559130667213,4,40000,P_nom_loss,0.33205,0.005541660400998956
v2_1M,v2,2. Système actuel,1M,1000000,36,v1v2_sans_selection,opt,5,expo_brute,True,0.26414,0.7169600892217001,0.4080683784752648,0.20608,0.1082974145291847,0.3283559130667213,4,40000,P_nom_loss,0.17452499999999999,0.0037950625818291756
v3_100k,v3,3. + stratégie 13,100k,100000,14,v1v2_sans_selection,pess,5,expo_brute,False,0.284,0.4987282429804,-0.0583611789935664,0.22245,0.1310906565570317,0.3690493561523995,4,40000,P_nom_loss,0.627675,0.007201099453092841
v3_100k,v3,3. + stratégie 13,100k,100000,14,v1v2_sans_selection,central,5,expo_brute,False,0.284,0.4987282429804,0.1416388210064336,0.22245,0.1310906565570317,0.3690493561523995,4,40000,P_nom_loss,0.41595,0.00459673797382449
v3_100k,v3,3. + stratégie 13,100k,100000,14,v1v2_sans_selection,opt,5,expo_brute,False,0.284,0.4987282429804,0.3416388210064336,0.22245,0.1310906565570317,0.3690493561523995,4,40000,P_nom_loss,0.2261,0.003067028964106247
v3_250k,v3,3. + stratégie 13,250k,250000,22,v1v2_sans_selection,pess,5,expo_brute,False,0.36765,0.5766596986953074,0.0120089382253296,0.20811,0.1310906565570317,0.3533787724721388,4,40000,P_nom_loss,0.52155,0.002777888886666749
v3_250k,v3,3. + stratégie 13,250k,250000,22,v1v2_sans_selection,central,5,expo_brute,False,0.36765,0.5766596986953074,0.2120089382253297,0.20811,0.1310906565570317,0.3533787724721388,4,40000,P_nom_loss,0.34292500000000004,0.0033200150602067913
v3_250k,v3,3. + stratégie 13,250k,250000,22,v1v2_sans_selection,opt,5,expo_brute,False,0.36765,0.5766596986953074,0.4120089382253297,0.20811,0.1310906565570317,0.3533787724721388,4,40000,P_nom_loss,0.191525,0.001276388133236386
v3_1M,v3,3. + stratégie 13,1M,1000000,37,v1v2_sans_selection,pess,5,expo_brute,False,0.32045,0.7169600892217001,0.0297498605910936,0.2125,0.1310906565570317,0.3580046265649245,4,40000,P_nom_loss,0.503925,0.0018282505298782667
v3_1M,v3,3. + stratégie 13,1M,1000000,37,v1v2_sans_selection,central,5,expo_brute,False,0.32045,0.7169600892217001,0.2297498605910937,0.2125,0.1310906565570317,0.3580046265649245,4,40000,P_nom_loss,0.3206,0.006301851579760768
v3_1M,v3,3. + stratégie 13,1M,1000000,37,v1v2_sans_selection,opt,5,expo_brute,False,0.32045,0.7169600892217001,0.4297498605910937,0.2125,0.1310906565570317,0.3580046265649245,4,40000,P_nom_loss,0.171325,0.0024129857024027296
v4_100k,v4,4. + pilotage du risque,100k,100000,13,v1v2_sans_selection,pess,5,expo_brute,False,0.39254,0.4987282429804,-0.0042292155004738,0.21286,0.1505511344877443,0.3782512414595131,4,40000,P_nom_loss,0.552675,0.0038187039686259903
v4_100k,v4,4. + pilotage du risque,100k,100000,13,v1v2_sans_selection,central,5,expo_brute,False,0.39254,0.4987282429804,0.1957707844995262,0.21286,0.1505511344877443,0.3782512414595131,4,40000,P_nom_loss,0.353675,0.00418678476478867
v4_100k,v4,4. + pilotage du risque,100k,100000,13,v1v2_sans_selection,opt,5,expo_brute,False,0.39254,0.4987282429804,0.3957707844995262,0.21286,0.1505511344877443,0.3782512414595131,4,40000,P_nom_loss,0.18964999999999999,0.002355843797877939
v4_250k,v4,4. + pilotage du risque,250k,250000,23,v1v2_sans_selection,pess,5,expo_brute,False,0.39268,0.5766596986953074,0.0264427304836732,0.21289,0.1505511344877443,0.3779449021931268,4,40000,P_nom_loss,0.5043249999999999,0.0035705975223576806
v4_250k,v4,4. + pilotage du risque,250k,250000,23,v1v2_sans_selection,central,5,expo_brute,False,0.39268,0.5766596986953074,0.2264427304836733,0.21289,0.1505511344877443,0.3779449021931268,4,40000,P_nom_loss,0.338075,0.0012789970028633175
v4_250k,v4,4. + pilotage du risque,250k,250000,23,v1v2_sans_selection,opt,5,expo_brute,False,0.39268,0.5766596986953074,0.4264427304836733,0.21289,0.1505511344877443,0.3779449021931268,4,40000,P_nom_loss,0.193475,0.0015564382416273393
v4_1M,v4,4. + pilotage du risque,1M,1000000,38,v1v2_sans_selection,pess,5,expo_brute,False,0.37235,0.7169600892217001,0.0669600892216999,0.21464,0.1505511344877443,0.3797502616524224,4,40000,P_nom_loss,0.4633,0.002070426687102631
v4_1M,v4,4. + pilotage du risque,1M,1000000,38,v1v2_sans_selection,central,5,expo_brute,False,0.37235,0.7169600892217001,0.2669600892217,0.21464,0.1505511344877443,0.3797502616524224,4,40000,P_nom_loss,0.2905,0.0010583005244258544
v4_1M,v4,4. + pilotage du risque,1M,1000000,38,v1v2_sans_selection,opt,5,expo_brute,False,0.37235,0.7169600892217001,0.4669600892217,0.21464,0.1505511344877443,0.3797502616524224,4,40000,P_nom_loss,0.155125,0.0012816005617976175
v5_100k,v5,5. Les deux,100k,100000,14,v1v2_sans_selection,pess,5,expo_brute,False,0.40102,0.4987282429804,0.0,0.21501,0.17,0.4,4,40000,P_nom_loss,0.555725,0.0027789386463180654
v5_100k,v5,5. Les deux,100k,100000,14,v1v2_sans_selection,central,5,expo_brute,False,0.40102,0.4987282429804,0.2,0.21501,0.17,0.4,4,40000,P_nom_loss,0.35585,0.001386842937514324
v5_100k,v5,5. Les deux,100k,100000,14,v1v2_sans_selection,opt,5,expo_brute,False,0.40102,0.4987282429804,0.4,0.21501,0.17,0.4,4,40000,P_nom_loss,0.1901,0.004074309757492681
v5_250k,v5,5. Les deux,250k,250000,24,v1v2_sans_selection,pess,5,expo_brute,False,0.41619,0.5766596986953074,0.0399999999999999,0.21533,0.17,0.4,4,40000,P_nom_loss,0.4945,0.004565815005742873
v5_250k,v5,5. Les deux,250k,250000,24,v1v2_sans_selection,central,5,expo_brute,False,0.41619,0.5766596986953074,0.24,0.21533,0.17,0.4,4,40000,P_nom_loss,0.325475,0.001181453906563154
v5_250k,v5,5. Les deux,250k,250000,24,v1v2_sans_selection,opt,5,expo_brute,False,0.41619,0.5766596986953074,0.44,0.21533,0.17,0.4,4,40000,P_nom_loss,0.186975,0.001687947471536568
v5_1M,v5,5. Les deux,1M,1000000,40,v1v2_sans_selection,pess,5,expo_brute,False,0.37659,0.7169600892217001,0.07,0.21539,0.17,0.4,4,40000,P_nom_loss,0.465175,0.00371696560830648
v5_1M,v5,5. Les deux,1M,1000000,40,v1v2_sans_selection,central,5,expo_brute,False,0.37659,0.7169600892217001,0.27,0.21539,0.17,0.4,4,40000,P_nom_loss,0.2939,0.003529872518944567
v5_1M,v5,5. Les deux,1M,1000000,40,v1v2_sans_selection,opt,5,expo_brute,False,0.37659,0.7169600892217001,0.47,0.21539,0.17,0.4,4,40000,P_nom_loss,0.161825,0.0018839232114570648
v1_100k,v1,1. Montant fixe,100k,100000,13,v1v2_sans_selection,pess,10,expo_brute,True,0.066005,0.4987282429804,-0.1588098317415591,0.38963,0.1017170440702665,0.5185111466701455,4,40000,P_nom_loss,0.9344,0.001538397434561923
v1_100k,v1,1. Montant fixe,100k,100000,13,v1v2_sans_selection,central,10,expo_brute,True,0.066005,0.4987282429804,0.0411901682584409,0.38963,0.1017170440702665,0.5185111466701455,4,40000,P_nom_loss,0.725275,0.0028860295678781347
v1_100k,v1,1. Montant fixe,100k,100000,13,v1v2_sans_selection,opt,10,expo_brute,True,0.066005,0.4987282429804,0.2411901682584409,0.38963,0.1017170440702665,0.5185111466701455,4,40000,P_nom_loss,0.372825,0.00508289615606431
v1_250k,v1,1. Montant fixe,250k,250000,21,v1v2_sans_selection,pess,10,expo_brute,True,-0.01434,0.5766596986953074,-0.209786975059468,0.37385,0.1017170440702665,0.5010366929812404,4,40000,P_nom_loss,0.936025,0.0014568802284333415
v1_250k,v1,1. Montant fixe,250k,250000,21,v1v2_sans_selection,central,10,expo_brute,True,-0.01434,0.5766596986953074,-0.009786975059468,0.37385,0.1017170440702665,0.5010366929812404,4,40000,P_nom_loss,0.7548,0.004913247398615316
v1_250k,v1,1. Montant fixe,250k,250000,21,v1v2_sans_selection,opt,10,expo_brute,True,-0.01434,0.5766596986953074,0.190213024940532,0.37385,0.1017170440702665,0.5010366929812404,4,40000,P_nom_loss,0.43784999999999996,0.005811196090307053
v1_1M,v1,1. Montant fixe,1M,1000000,36,v1v2_sans_selection,pess,10,expo_brute,True,0.014638,0.7169600892217001,-0.1884693536604796,0.34739,0.1017170440702665,0.472670663086934,4,40000,P_nom_loss,0.911925,0.0027244265451650497
v1_1M,v1,1. Montant fixe,1M,1000000,36,v1v2_sans_selection,central,10,expo_brute,True,0.014638,0.7169600892217001,0.0115306463395204,0.34739,0.1017170440702665,0.472670663086934,4,40000,P_nom_loss,0.694975,0.0043261799931733425
v1_1M,v1,1. Montant fixe,1M,1000000,36,v1v2_sans_selection,opt,10,expo_brute,True,0.014638,0.7169600892217001,0.2115306463395204,0.34739,0.1017170440702665,0.472670663086934,4,40000,P_nom_loss,0.358,0.006161709719442047
v2_100k,v2,2. Système actuel,100k,100000,13,v1v2_sans_selection,pess,10,expo_brute,True,0.25477,0.4987282429804,-0.0410117541519126,0.20601,0.1082974145291847,0.32866995534124,4,40000,P_nom_loss,0.630125,0.004189172551550784
v2_100k,v2,2. Système actuel,100k,100000,13,v1v2_sans_selection,central,10,expo_brute,True,0.25477,0.4987282429804,0.1589882458480874,0.20601,0.1082974145291847,0.32866995534124,4,40000,P_nom_loss,0.323175,0.002746361228971899
v2_100k,v2,2. Système actuel,100k,100000,13,v1v2_sans_selection,opt,10,expo_brute,True,0.25477,0.4987282429804,0.3589882458480874,0.20601,0.1082974145291847,0.32866995534124,4,40000,P_nom_loss,0.101825,0.005132494520211395
v2_250k,v2,2. Système actuel,250k,250000,21,v1v2_sans_selection,pess,10,expo_brute,True,0.29366,0.5766596986953074,0.0004214153391478,0.19482,0.1082974145291847,0.3163901094625428,4,40000,P_nom_loss,0.528,0.004467661580737719
v2_250k,v2,2. Système actuel,250k,250000,21,v1v2_sans_selection,central,10,expo_brute,True,0.29366,0.5766596986953074,0.2004214153391479,0.19482,0.1082974145291847,0.3163901094625428,4,40000,P_nom_loss,0.2639,0.005013980454688654
v2_250k,v2,2. Système actuel,250k,250000,21,v1v2_sans_selection,opt,10,expo_brute,True,0.29366,0.5766596986953074,0.4004214153391479,0.19482,0.1082974145291847,0.3163901094625428,4,40000,P_nom_loss,0.086875,0.0016500000000000002
v2_1M,v2,2. Système actuel,1M,1000000,36,v1v2_sans_selection,pess,10,expo_brute,True,0.26414,0.7169600892217001,0.0080683784752647,0.20608,0.1082974145291847,0.3283559130667213,4,40000,P_nom_loss,0.52,0.006406246951218759
v2_1M,v2,2. Système actuel,1M,1000000,36,v1v2_sans_selection,central,10,expo_brute,True,0.26414,0.7169600892217001,0.2080683784752648,0.20608,0.1082974145291847,0.3283559130667213,4,40000,P_nom_loss,0.25634999999999997,0.006107099693526113
v2_1M,v2,2. Système actuel,1M,1000000,36,v1v2_sans_selection,opt,10,expo_brute,True,0.26414,0.7169600892217001,0.4080683784752648,0.20608,0.1082974145291847,0.3283559130667213,4,40000,P_nom_loss,0.08345,0.0034385074281340867
v3_100k,v3,3. + stratégie 13,100k,100000,14,v1v2_sans_selection,pess,10,expo_brute,False,0.284,0.4987282429804,-0.0583611789935664,0.22245,0.1310906565570317,0.3690493561523995,4,40000,P_nom_loss,0.6716,0.0030713731999438276
v3_100k,v3,3. + stratégie 13,100k,100000,14,v1v2_sans_selection,central,10,expo_brute,False,0.284,0.4987282429804,0.1416388210064336,0.22245,0.1310906565570317,0.3690493561523995,4,40000,P_nom_loss,0.375725,0.006405921739557346
v3_100k,v3,3. + stratégie 13,100k,100000,14,v1v2_sans_selection,opt,10,expo_brute,False,0.284,0.4987282429804,0.3416388210064336,0.22245,0.1310906565570317,0.3690493561523995,4,40000,P_nom_loss,0.137475,0.002301267766543757
v3_250k,v3,3. + stratégie 13,250k,250000,22,v1v2_sans_selection,pess,10,expo_brute,False,0.36765,0.5766596986953074,0.0120089382253296,0.20811,0.1310906565570317,0.3533787724721388,4,40000,P_nom_loss,0.527175,0.0033984064893221003
v3_250k,v3,3. + stratégie 13,250k,250000,22,v1v2_sans_selection,central,10,expo_brute,False,0.36765,0.5766596986953074,0.2120089382253297,0.20811,0.1310906565570317,0.3533787724721388,4,40000,P_nom_loss,0.273725,0.005834595101633016
v3_250k,v3,3. + stratégie 13,250k,250000,22,v1v2_sans_selection,opt,10,expo_brute,False,0.36765,0.5766596986953074,0.4120089382253297,0.20811,0.1310906565570317,0.3533787724721388,4,40000,P_nom_loss,0.10105,0.001391641716343206
v3_1M,v3,3. + stratégie 13,1M,1000000,37,v1v2_sans_selection,pess,10,expo_brute,False,0.32045,0.7169600892217001,0.0297498605910936,0.2125,0.1310906565570317,0.3580046265649245,4,40000,P_nom_loss,0.49785,0.00562227711874825
v3_1M,v3,3. + stratégie 13,1M,1000000,37,v1v2_sans_selection,central,10,expo_brute,False,0.32045,0.7169600892217001,0.2297498605910937,0.2125,0.1310906565570317,0.3580046265649245,4,40000,P_nom_loss,0.2447,0.006506919393998974
v3_1M,v3,3. + stratégie 13,1M,1000000,37,v1v2_sans_selection,opt,10,expo_brute,False,0.32045,0.7169600892217001,0.4297498605910937,0.2125,0.1310906565570317,0.3580046265649245,4,40000,P_nom_loss,0.082025,0.001903286631067426
v4_100k,v4,4. + pilotage du risque,100k,100000,13,v1v2_sans_selection,pess,10,expo_brute,False,0.39254,0.4987282429804,-0.0042292155004738,0.21286,0.1505511344877443,0.3782512414595131,4,40000,P_nom_loss,0.57295,0.0031848600178553442
v4_100k,v4,4. + pilotage du risque,100k,100000,13,v1v2_sans_selection,central,10,expo_brute,False,0.39254,0.4987282429804,0.1957707844995262,0.21286,0.1505511344877443,0.3782512414595131,4,40000,P_nom_loss,0.297875,0.002515783509498923
v4_100k,v4,4. + pilotage du risque,100k,100000,13,v1v2_sans_selection,opt,10,expo_brute,False,0.39254,0.4987282429804,0.3957707844995262,0.21286,0.1505511344877443,0.3782512414595131,4,40000,P_nom_loss,0.1084,0.004202380277890141
v4_250k,v4,4. + pilotage du risque,250k,250000,23,v1v2_sans_selection,pess,10,expo_brute,False,0.39268,0.5766596986953074,0.0264427304836732,0.21289,0.1505511344877443,0.3779449021931268,4,40000,P_nom_loss,0.51015,0.0036409705665751873
v4_250k,v4,4. + pilotage du risque,250k,250000,23,v1v2_sans_selection,central,10,expo_brute,False,0.39268,0.5766596986953074,0.2264427304836733,0.21289,0.1505511344877443,0.3779449021931268,4,40000,P_nom_loss,0.272325,0.003170042060709398
v4_250k,v4,4. + pilotage du risque,250k,250000,23,v1v2_sans_selection,opt,10,expo_brute,False,0.39268,0.5766596986953074,0.4264427304836733,0.21289,0.1505511344877443,0.3779449021931268,4,40000,P_nom_loss,0.10885,0.0025317977802344314
v4_1M,v4,4. + pilotage du risque,1M,1000000,38,v1v2_sans_selection,pess,10,expo_brute,False,0.37235,0.7169600892217001,0.0669600892216999,0.21464,0.1505511344877443,0.3797502616524224,4,40000,P_nom_loss,0.44675,0.006227091348829447
v4_1M,v4,4. + pilotage du risque,1M,1000000,38,v1v2_sans_selection,central,10,expo_brute,False,0.37235,0.7169600892217001,0.2669600892217,0.21464,0.1505511344877443,0.3797502616524224,4,40000,P_nom_loss,0.213875,0.002140677462860762
v4_1M,v4,4. + pilotage du risque,1M,1000000,38,v1v2_sans_selection,opt,10,expo_brute,False,0.37235,0.7169600892217001,0.4669600892217,0.21464,0.1505511344877443,0.3797502616524224,4,40000,P_nom_loss,0.073525,0.0029398129192178203
v5_100k,v5,5. Les deux,100k,100000,14,v1v2_sans_selection,pess,10,expo_brute,False,0.40102,0.4987282429804,0.0,0.21501,0.17,0.4,4,40000,P_nom_loss,0.5744750000000001,0.004601720692668516
v5_100k,v5,5. Les deux,100k,100000,14,v1v2_sans_selection,central,10,expo_brute,False,0.40102,0.4987282429804,0.2,0.21501,0.17,0.4,4,40000,P_nom_loss,0.299825,0.004172429348313341
v5_100k,v5,5. Les deux,100k,100000,14,v1v2_sans_selection,opt,10,expo_brute,False,0.40102,0.4987282429804,0.4,0.21501,0.17,0.4,4,40000,P_nom_loss,0.1051,0.0015297058540778385
v5_250k,v5,5. Les deux,250k,250000,24,v1v2_sans_selection,pess,10,expo_brute,False,0.41619,0.5766596986953074,0.0399999999999999,0.21533,0.17,0.4,4,40000,P_nom_loss,0.493025,0.003929694644625731
v5_250k,v5,5. Les deux,250k,250000,24,v1v2_sans_selection,central,10,expo_brute,False,0.41619,0.5766596986953074,0.24,0.21533,0.17,0.4,4,40000,P_nom_loss,0.260675,0.002981470554385324
v5_250k,v5,5. Les deux,250k,250000,24,v1v2_sans_selection,opt,10,expo_brute,False,0.41619,0.5766596986953074,0.44,0.21533,0.17,0.4,4,40000,P_nom_loss,0.10339999999999999,0.003241398874971531
v5_1M,v5,5. Les deux,1M,1000000,40,v1v2_sans_selection,pess,10,expo_brute,False,0.37659,0.7169600892217001,0.07,0.21539,0.17,0.4,4,40000,P_nom_loss,0.44675,0.007010706098532438
v5_1M,v5,5. Les deux,1M,1000000,40,v1v2_sans_selection,central,10,expo_brute,False,0.37659,0.7169600892217001,0.27,0.21539,0.17,0.4,4,40000,P_nom_loss,0.218625,0.0031041638702448307
v5_1M,v5,5. Les deux,1M,1000000,40,v1v2_sans_selection,opt,10,expo_brute,False,0.37659,0.7169600892217001,0.47,0.21539,0.17,0.4,4,40000,P_nom_loss,0.07735,0.00308706980808662
v1_100k,v1,1. Montant fixe,100k,100000,13,commune,central,5,marge_contrats,False,0.066005,0.4987282429804,0.0329185576779213,0.38963,0.18356,0.6003541025998791,4,40000,P_nom_loss,0.6849000000000001,0.0039606396789744385
v1_250k,v1,1. Montant fixe,250k,250000,21,commune,central,5,marge_contrats,False,-0.01434,0.5766596986953074,-0.0082693000792907,0.37385,0.17136,0.5706796489109739,4,40000,P_nom_loss,0.6968,0.004760252094164813
v1_1M,v1,1. Montant fixe,1M,1000000,36,commune,central,5,marge_contrats,False,0.014638,0.7169600892217001,0.0104948617860272,0.34739,0.16591,0.5368636190166675,4,40000,P_nom_loss,0.6497999999999999,0.004266145801540305
v2_100k,v2,2. Système actuel,100k,100000,13,commune,central,5,marge_contrats,False,0.25477,0.4987282429804,0.1270609944641165,0.20601,0.10646,0.3268325408120552,4,40000,P_nom_loss,0.41485,0.005266561180378231
v2_250k,v2,2. Système actuel,250k,250000,21,commune,central,5,marge_contrats,False,0.29366,0.5766596986953074,0.1693418871188639,0.19482,0.11062,0.3187126949333581,4,40000,P_nom_loss,0.36755,0.004954795656734978
v2_1M,v2,2. Système actuel,1M,1000000,36,commune,central,5,marge_contrats,False,0.26414,0.7169600892217001,0.1893778379670198,0.20608,0.11957,0.3396284985375365,4,40000,P_nom_loss,0.34945,0.004347029637196725
v3_100k,v3,3. + stratégie 13,100k,100000,14,commune,central,5,marge_contrats,False,0.284,0.4987282429804,0.1416388210064336,0.22245,0.12293,0.3608886995953677,4,40000,P_nom_loss,0.414975,0.0046270040703101515
v3_250k,v3,3. + stratégie 13,250k,250000,22,commune,central,5,marge_contrats,False,0.36765,0.5766596986953074,0.2120089382253297,0.20811,0.12633,0.348618115915107,4,40000,P_nom_loss,0.34252499999999997,0.0031170231525180104
v3_1M,v3,3. + stratégie 13,1M,1000000,37,commune,central,5,marge_contrats,False,0.32045,0.7169600892217001,0.2297498605910937,0.2125,0.13419,0.3611039700078927,4,40000,P_nom_loss,0.321025,0.006234514148405383
v4_100k,v4,4. + pilotage du risque,100k,100000,13,commune,central,5,marge_contrats,False,0.39254,0.4987282429804,0.1957707844995262,0.21286,0.1175,0.3452001069717687,4,40000,P_nom_loss,0.350575,0.0038482680086847597
v4_250k,v4,4. + pilotage du risque,250k,250000,23,commune,central,5,marge_contrats,False,0.39268,0.5766596986953074,0.2264427304836733,0.21289,0.13386,0.3612537677053824,4,40000,P_nom_loss,0.336675,0.001228481447424698
v4_1M,v4,4. + pilotage du risque,1M,1000000,38,commune,central,5,marge_contrats,False,0.37235,0.7169600892217001,0.2669600892217,0.21464,0.1405,0.369699127164678,4,40000,P_nom_loss,0.28959999999999997,0.0010456258094238505
v5_100k,v5,5. Les deux,100k,100000,14,commune,central,5,marge_contrats,False,0.40102,0.4987282429804,0.2,0.21501,0.12384,0.35384,4,40000,P_nom_loss,0.3513,0.001409491634124411
v5_250k,v5,5. Les deux,250k,250000,24,commune,central,5,marge_contrats,False,0.41619,0.5766596986953074,0.24,0.21533,0.14192,0.37192,4,40000,P_nom_loss,0.32305,0.001372345923349266
v5_1M,v5,5. Les deux,1M,1000000,40,commune,central,5,marge_contrats,False,0.37659,0.7169600892217001,0.27,0.21539,0.14745,0.37745,4,40000,P_nom_loss,0.2921,0.003774475681027314
v1_100k,v1,1. Montant fixe,100k,100000,13,commune,central,10,marge_contrats,False,0.066005,0.4987282429804,0.0329185576779213,0.38963,0.18356,0.6003541025998791,4,40000,P_nom_loss,0.745925,0.004209809971958389
v1_250k,v1,1. Montant fixe,250k,250000,21,commune,central,10,marge_contrats,False,-0.01434,0.5766596986953074,-0.0082693000792907,0.37385,0.17136,0.5706796489109739,4,40000,P_nom_loss,0.758125,0.004346933785248327
v1_1M,v1,1. Montant fixe,1M,1000000,36,commune,central,10,marge_contrats,False,0.014638,0.7169600892217001,0.0104948617860272,0.34739,0.16591,0.5368636190166675,4,40000,P_nom_loss,0.70245,0.00455009157417003
v2_100k,v2,2. Système actuel,100k,100000,13,commune,central,10,marge_contrats,False,0.25477,0.4987282429804,0.1270609944641165,0.20601,0.10646,0.3268325408120552,4,40000,P_nom_loss,0.3708,0.0028994252303976807
v2_250k,v2,2. Système actuel,250k,250000,21,commune,central,10,marge_contrats,False,0.29366,0.5766596986953074,0.1693418871188639,0.19482,0.11062,0.3187126949333581,4,40000,P_nom_loss,0.3013,0.003558089374931429
v2_1M,v2,2. Système actuel,1M,1000000,36,commune,central,10,marge_contrats,False,0.26414,0.7169600892217001,0.1893778379670198,0.20608,0.11957,0.3396284985375365,4,40000,P_nom_loss,0.2802,0.005987208587202113
v3_100k,v3,3. + stratégie 13,100k,100000,14,commune,central,10,marge_contrats,False,0.284,0.4987282429804,0.1416388210064336,0.22245,0.12293,0.3608886995953677,4,40000,P_nom_loss,0.37445,0.006281454184077664
v3_250k,v3,3. + stratégie 13,250k,250000,22,commune,central,10,marge_contrats,False,0.36765,0.5766596986953074,0.2120089382253297,0.20811,0.12633,0.348618115915107,4,40000,P_nom_loss,0.273225,0.005797341344673988
v3_1M,v3,3. + stratégie 13,1M,1000000,37,commune,central,10,marge_contrats,False,0.32045,0.7169600892217001,0.2297498605910937,0.2125,0.13419,0.3611039700078927,4,40000,P_nom_loss,0.24505,0.006575966342168527
v4_100k,v4,4. + pilotage du risque,100k,100000,13,commune,central,10,marge_contrats,False,0.39254,0.4987282429804,0.1957707844995262,0.21286,0.1175,0.3452001069717687,4,40000,P_nom_loss,0.294175,0.002917047594172354
v4_250k,v4,4. + pilotage du risque,250k,250000,23,commune,central,10,marge_contrats,False,0.39268,0.5766596986953074,0.2264427304836733,0.21289,0.13386,0.3612537677053824,4,40000,P_nom_loss,0.27035,0.003301009946465889
v4_1M,v4,4. + pilotage du risque,1M,1000000,38,commune,central,10,marge_contrats,False,0.37235,0.7169600892217001,0.2669600892217,0.21464,0.1405,0.369699127164678,4,40000,P_nom_loss,0.213,0.002084866102814914
v5_100k,v5,5. Les deux,100k,100000,14,commune,central,10,marge_contrats,False,0.40102,0.4987282429804,0.2,0.21501,0.12384,0.35384,4,40000,P_nom_loss,0.293525,0.004371403283462488
v5_250k,v5,5. Les deux,250k,250000,24,commune,central,10,marge_contrats,False,0.41619,0.5766596986953074,0.24,0.21533,0.14192,0.37192,4,40000,P_nom_loss,0.257475,0.0034013477720848547
v5_1M,v5,5. Les deux,1M,1000000,40,commune,central,10,marge_contrats,False,0.37659,0.7169600892217001,0.27,0.21539,0.14745,0.37745,4,40000,P_nom_loss,0.216275,0.0028500000000000023
v1_100k,v1,1. Montant fixe,100k,100000,13,commune,pess,5,expo_brute,False,0.066005,0.4987282429804,-0.1670814423220787,0.38963,0.1017170440702665,0.5185111466701455,4,40000,P_real_loss,0.8932249999999999,0.004044234579414682
v1_100k,v1,1. Montant fixe,100k,100000,13,commune,central,5,expo_brute,False,0.066005,0.4987282429804,0.0329185576779213,0.38963,0.1017170440702665,0.5185111466701455,4,40000,P_real_loss,0.734675,0.00495605690039976
v1_100k,v1,1. Montant fixe,100k,100000,13,commune,opt,5,expo_brute,False,0.066005,0.4987282429804,0.2329185576779213,0.38963,0.1017170440702665,0.5185111466701455,4,40000,P_real_loss,0.493875,0.004124217097421837
v1_250k,v1,1. Montant fixe,250k,250000,21,commune,pess,5,expo_brute,False,-0.01434,0.5766596986953074,-0.2082693000792907,0.37385,0.1017170440702665,0.5010366929812404,4,40000,P_real_loss,0.8898,0.005089204259999823
v1_250k,v1,1. Montant fixe,250k,250000,21,commune,central,5,expo_brute,False,-0.01434,0.5766596986953074,-0.0082693000792907,0.37385,0.1017170440702665,0.5010366929812404,4,40000,P_real_loss,0.74405,0.005223983154643626
v1_250k,v1,1. Montant fixe,250k,250000,21,commune,opt,5,expo_brute,False,-0.01434,0.5766596986953074,0.1917306999207093,0.37385,0.1017170440702665,0.5010366929812404,4,40000,P_real_loss,0.528575,0.005244918175402398
v1_1M,v1,1. Montant fixe,1M,1000000,36,commune,pess,5,expo_brute,False,0.014638,0.7169600892217001,-0.1895051382139728,0.34739,0.1017170440702665,0.472670663086934,4,40000,P_real_loss,0.87115,0.0075914425506618845
v1_1M,v1,1. Montant fixe,1M,1000000,36,commune,central,5,expo_brute,False,0.014638,0.7169600892217001,0.0104948617860272,0.34739,0.1017170440702665,0.472670663086934,4,40000,P_real_loss,0.7059,0.00744087808438403
v1_1M,v1,1. Montant fixe,1M,1000000,36,commune,opt,5,expo_brute,False,0.014638,0.7169600892217001,0.2104948617860272,0.34739,0.1017170440702665,0.472670663086934,4,40000,P_real_loss,0.476875,0.0039024564913226964
v2_100k,v2,2. Système actuel,100k,100000,13,commune,pess,5,expo_brute,False,0.25477,0.4987282429804,-0.0729390055358835,0.20601,0.1082974145291847,0.32866995534124,4,40000,P_real_loss,0.7233,0.005321027469702922
v2_100k,v2,2. Système actuel,100k,100000,13,commune,central,5,expo_brute,False,0.25477,0.4987282429804,0.1270609944641165,0.20601,0.1082974145291847,0.32866995534124,4,40000,P_real_loss,0.518475,0.005916854457113752
v2_100k,v2,2. Système actuel,100k,100000,13,commune,opt,5,expo_brute,False,0.25477,0.4987282429804,0.3270609944641165,0.20601,0.1082974145291847,0.32866995534124,4,40000,P_real_loss,0.304175,0.0034683089058886486
v2_250k,v2,2. Système actuel,250k,250000,21,commune,pess,5,expo_brute,False,0.29366,0.5766596986953074,-0.0306581128811361,0.19482,0.1082974145291847,0.3163901094625428,4,40000,P_real_loss,0.648725,0.005625759208024016
v2_250k,v2,2. Système actuel,250k,250000,21,commune,central,5,expo_brute,False,0.29366,0.5766596986953074,0.1693418871188639,0.19482,0.1082974145291847,0.3163901094625428,4,40000,P_real_loss,0.46187500000000004,0.004610404899066156
v2_250k,v2,2. Système actuel,250k,250000,21,commune,opt,5,expo_brute,False,0.29366,0.5766596986953074,0.3693418871188639,0.19482,0.1082974145291847,0.3163901094625428,4,40000,P_real_loss,0.278475,0.002903302717021885
v2_1M,v2,2. Système actuel,1M,1000000,36,commune,pess,5,expo_brute,False,0.26414,0.7169600892217001,-0.0106221620329802,0.20608,0.1082974145291847,0.3283559130667213,4,40000,P_real_loss,0.629175,0.004923667332385529
v2_1M,v2,2. Système actuel,1M,1000000,36,commune,central,5,expo_brute,False,0.26414,0.7169600892217001,0.1893778379670198,0.20608,0.1082974145291847,0.3283559130667213,4,40000,P_real_loss,0.437175,0.0047696086492149984
v2_1M,v2,2. Système actuel,1M,1000000,36,commune,opt,5,expo_brute,False,0.26414,0.7169600892217001,0.3893778379670198,0.20608,0.1082974145291847,0.3283559130667213,4,40000,P_real_loss,0.25865,0.004002082791080998
v3_100k,v3,3. + stratégie 13,100k,100000,14,commune,pess,5,expo_brute,True,0.284,0.4987282429804,-0.0583611789935664,0.22245,0.1310906565570317,0.3690493561523995,4,40000,P_real_loss,0.709975,0.004657162941820561
v3_100k,v3,3. + stratégie 13,100k,100000,14,commune,central,5,expo_brute,True,0.284,0.4987282429804,0.1416388210064336,0.22245,0.1310906565570317,0.3690493561523995,4,40000,P_real_loss,0.50905,0.00440189353195493
v3_100k,v3,3. + stratégie 13,100k,100000,14,commune,opt,5,expo_brute,True,0.284,0.4987282429804,0.3416388210064336,0.22245,0.1310906565570317,0.3690493561523995,4,40000,P_real_loss,0.304325,0.004630604712129953
v3_250k,v3,3. + stratégie 13,250k,250000,22,commune,pess,5,expo_brute,True,0.36765,0.5766596986953074,0.0120089382253296,0.20811,0.1310906565570317,0.3533787724721388,4,40000,P_real_loss,0.607975,0.005356849198300558
v3_250k,v3,3. + stratégie 13,250k,250000,22,commune,central,5,expo_brute,True,0.36765,0.5766596986953074,0.2120089382253297,0.20811,0.1310906565570317,0.3533787724721388,4,40000,P_real_loss,0.4253,0.005757314188635757
v3_250k,v3,3. + stratégie 13,250k,250000,22,commune,opt,5,expo_brute,True,0.36765,0.5766596986953074,0.4120089382253297,0.20811,0.1310906565570317,0.3533787724721388,4,40000,P_real_loss,0.256225,0.0008883505314157283
v3_1M,v3,3. + stratégie 13,1M,1000000,37,commune,pess,5,expo_brute,True,0.32045,0.7169600892217001,0.0297498605910936,0.2125,0.1310906565570317,0.3580046265649245,4,40000,P_real_loss,0.590625,0.004621958459354594
v3_1M,v3,3. + stratégie 13,1M,1000000,37,commune,central,5,expo_brute,True,0.32045,0.7169600892217001,0.2297498605910937,0.2125,0.1310906565570317,0.3580046265649245,4,40000,P_real_loss,0.40249999999999997,0.004688283267892411
v3_1M,v3,3. + stratégie 13,1M,1000000,37,commune,opt,5,expo_brute,True,0.32045,0.7169600892217001,0.4297498605910937,0.2125,0.1310906565570317,0.3580046265649245,4,40000,P_real_loss,0.235125,0.0014952703211571204
v4_100k,v4,4. + pilotage du risque,100k,100000,13,commune,pess,5,expo_brute,True,0.39254,0.4987282429804,-0.0042292155004738,0.21286,0.1505511344877443,0.3782512414595131,4,40000,P_real_loss,0.64315,0.0035123591312203137
v4_100k,v4,4. + pilotage du risque,100k,100000,13,commune,central,5,expo_brute,True,0.39254,0.4987282429804,0.1957707844995262,0.21286,0.1505511344877443,0.3782512414595131,4,40000,P_real_loss,0.44215,0.005360659163448719
v4_100k,v4,4. + pilotage du risque,100k,100000,13,commune,opt,5,expo_brute,True,0.39254,0.4987282429804,0.3957707844995262,0.21286,0.1505511344877443,0.3782512414595131,4,40000,P_real_loss,0.256925,0.004059864529759574
v4_250k,v4,4. + pilotage du risque,250k,250000,23,commune,pess,5,expo_brute,True,0.39268,0.5766596986953074,0.0264427304836732,0.21289,0.1505511344877443,0.3779449021931268,4,40000,P_real_loss,0.587325,0.00379769667035166
v4_250k,v4,4. + pilotage du risque,250k,250000,23,commune,central,5,expo_brute,True,0.39268,0.5766596986953074,0.2264427304836733,0.21289,0.1505511344877443,0.3779449021931268,4,40000,P_real_loss,0.41307499999999997,0.0018732769861039195
v4_250k,v4,4. + pilotage du risque,250k,250000,23,commune,opt,5,expo_brute,True,0.39268,0.5766596986953074,0.4264427304836733,0.21289,0.1505511344877443,0.3779449021931268,4,40000,P_real_loss,0.254725,0.0022823598898216325
v4_1M,v4,4. + pilotage du risque,1M,1000000,38,commune,pess,5,expo_brute,True,0.37235,0.7169600892217001,0.0669600892216999,0.21464,0.1505511344877443,0.3797502616524224,4,40000,P_real_loss,0.54535,0.0051234753829798125
v4_1M,v4,4. + pilotage du risque,1M,1000000,38,commune,central,5,expo_brute,True,0.37235,0.7169600892217001,0.2669600892217,0.21464,0.1505511344877443,0.3797502616524224,4,40000,P_real_loss,0.36607500000000004,0.0030379543555930245
v4_1M,v4,4. + pilotage du risque,1M,1000000,38,commune,opt,5,expo_brute,True,0.37235,0.7169600892217001,0.4669600892217,0.21464,0.1505511344877443,0.3797502616524224,4,40000,P_real_loss,0.2117,0.004002499219237904
v5_100k,v5,5. Les deux,100k,100000,14,commune,pess,5,expo_brute,True,0.40102,0.4987282429804,0.0,0.21501,0.17,0.4,4,40000,P_real_loss,0.643025,0.003844801685392878
v5_100k,v5,5. Les deux,100k,100000,14,commune,central,5,expo_brute,True,0.40102,0.4987282429804,0.2,0.21501,0.17,0.4,4,40000,P_real_loss,0.44365,0.001967231557290585
v5_100k,v5,5. Les deux,100k,100000,14,commune,opt,5,expo_brute,True,0.40102,0.4987282429804,0.4,0.21501,0.17,0.4,4,40000,P_real_loss,0.259425,0.002439091360869153
v5_250k,v5,5. Les deux,250k,250000,24,commune,pess,5,expo_brute,True,0.41619,0.5766596986953074,0.0399999999999999,0.21533,0.17,0.4,4,40000,P_real_loss,0.575,0.004543860326491822
v5_250k,v5,5. Les deux,250k,250000,24,commune,central,5,expo_brute,True,0.41619,0.5766596986953074,0.24,0.21533,0.17,0.4,4,40000,P_real_loss,0.40085,0.0035725807665234694
v5_250k,v5,5. Les deux,250k,250000,24,commune,opt,5,expo_brute,True,0.41619,0.5766596986953074,0.44,0.21533,0.17,0.4,4,40000,P_real_loss,0.24577500000000002,0.0020950338103874915
v5_1M,v5,5. Les deux,1M,1000000,40,commune,pess,5,expo_brute,True,0.37659,0.7169600892217001,0.07,0.21539,0.17,0.4,4,40000,P_real_loss,0.544175,0.005638779418751336
v5_1M,v5,5. Les deux,1M,1000000,40,commune,central,5,expo_brute,True,0.37659,0.7169600892217001,0.27,0.21539,0.17,0.4,4,40000,P_real_loss,0.37185,0.001511070260885755
v5_1M,v5,5. Les deux,1M,1000000,40,commune,opt,5,expo_brute,True,0.37659,0.7169600892217001,0.47,0.21539,0.17,0.4,4,40000,P_real_loss,0.217725,0.00207585323822921
v1_100k,v1,1. Montant fixe,100k,100000,13,commune,pess,10,expo_brute,False,0.066005,0.4987282429804,-0.1670814423220787,0.38963,0.1017170440702665,0.5185111466701455,4,40000,P_real_loss,0.959925,0.001408012784032853
v1_100k,v1,1. Montant fixe,100k,100000,13,commune,central,10,expo_brute,False,0.066005,0.4987282429804,0.0329185576779213,0.38963,0.1017170440702665,0.5185111466701455,4,40000,P_real_loss,0.80545,0.0018411952639521849
v1_100k,v1,1. Montant fixe,100k,100000,13,commune,opt,10,expo_brute,False,0.066005,0.4987282429804,0.2329185576779213,0.38963,0.1017170440702665,0.5185111466701455,4,40000,P_real_loss,0.47762499999999997,0.0022216735433752046
v1_250k,v1,1. Montant fixe,250k,250000,21,commune,pess,10,expo_brute,False,-0.01434,0.5766596986953074,-0.2082693000792907,0.37385,0.1017170440702665,0.5010366929812404,4,40000,P_real_loss,0.957925,0.0014314910641239223
v1_250k,v1,1. Montant fixe,250k,250000,21,commune,central,10,expo_brute,False,-0.01434,0.5766596986953074,-0.0082693000792907,0.37385,0.1017170440702665,0.5010366929812404,4,40000,P_real_loss,0.8172,0.002158703314492323
v1_250k,v1,1. Montant fixe,250k,250000,21,commune,opt,10,expo_brute,False,-0.01434,0.5766596986953074,0.1917306999207093,0.37385,0.1017170440702665,0.5010366929812404,4,40000,P_real_loss,0.5261,0.004062839729384654
v1_1M,v1,1. Montant fixe,1M,1000000,36,commune,pess,10,expo_brute,False,0.014638,0.7169600892217001,-0.1895051382139728,0.34739,0.1017170440702665,0.472670663086934,4,40000,P_real_loss,0.94595,0.0017019596548292688
v1_1M,v1,1. Montant fixe,1M,1000000,36,commune,central,10,expo_brute,False,0.014638,0.7169600892217001,0.0104948617860272,0.34739,0.1017170440702665,0.472670663086934,4,40000,P_real_loss,0.775875,0.003960955271985099
v1_1M,v1,1. Montant fixe,1M,1000000,36,commune,opt,10,expo_brute,False,0.014638,0.7169600892217001,0.2104948617860272,0.34739,0.1017170440702665,0.472670663086934,4,40000,P_real_loss,0.45785,0.0052411830725514474
v2_100k,v2,2. Système actuel,100k,100000,13,commune,pess,10,expo_brute,False,0.25477,0.4987282429804,-0.0729390055358835,0.20601,0.1082974145291847,0.32866995534124,4,40000,P_real_loss,0.797975,0.0040285439884239155
v2_100k,v2,2. Système actuel,100k,100000,13,commune,central,10,expo_brute,False,0.25477,0.4987282429804,0.1270609944641165,0.20601,0.1082974145291847,0.32866995534124,4,40000,P_real_loss,0.512375,0.004924344287990689
v2_100k,v2,2. Système actuel,100k,100000,13,commune,opt,10,expo_brute,False,0.25477,0.4987282429804,0.3270609944641165,0.20601,0.1082974145291847,0.32866995534124,4,40000,P_real_loss,0.22462500000000002,0.004205849101747084
v2_250k,v2,2. Système actuel,250k,250000,21,commune,pess,10,expo_brute,False,0.29366,0.5766596986953074,-0.0306581128811361,0.19482,0.1082974145291847,0.3163901094625428,4,40000,P_real_loss,0.69435,0.004787831798772081
v2_250k,v2,2. Système actuel,250k,250000,21,commune,central,10,expo_brute,False,0.29366,0.5766596986953074,0.1693418871188639,0.19482,0.1082974145291847,0.3163901094625428,4,40000,P_real_loss,0.433175,0.006839773388059006
v2_250k,v2,2. Système actuel,250k,250000,21,commune,opt,10,expo_brute,False,0.29366,0.5766596986953074,0.3693418871188639,0.19482,0.1082974145291847,0.3163901094625428,4,40000,P_real_loss,0.19105,0.005299999999999997
v2_1M,v2,2. Système actuel,1M,1000000,36,commune,pess,10,expo_brute,False,0.26414,0.7169600892217001,-0.0106221620329802,0.20608,0.1082974145291847,0.3283559130667213,4,40000,P_real_loss,0.665025,0.004929080373998082
v2_1M,v2,2. Système actuel,1M,1000000,36,commune,central,10,expo_brute,False,0.26414,0.7169600892217001,0.1893778379670198,0.20608,0.1082974145291847,0.3283559130667213,4,40000,P_real_loss,0.4017,0.006409888194552752
v2_1M,v2,2. Système actuel,1M,1000000,36,commune,opt,10,expo_brute,False,0.26414,0.7169600892217001,0.3893778379670198,0.20608,0.1082974145291847,0.3283559130667213,4,40000,P_real_loss,0.1678,0.003758545818087976
v3_100k,v3,3. + stratégie 13,100k,100000,14,commune,pess,10,expo_brute,True,0.284,0.4987282429804,-0.0583611789935664,0.22245,0.1310906565570317,0.3690493561523995,4,40000,P_real_loss,0.7819,0.001485485330343793
v3_100k,v3,3. + stratégie 13,100k,100000,14,commune,central,10,expo_brute,True,0.284,0.4987282429804,0.1416388210064336,0.22245,0.1310906565570317,0.3690493561523995,4,40000,P_real_loss,0.503425,0.0014840822079655496
v3_100k,v3,3. + stratégie 13,100k,100000,14,commune,opt,10,expo_brute,True,0.284,0.4987282429804,0.3416388210064336,0.22245,0.1310906565570317,0.3690493561523995,4,40000,P_real_loss,0.225475,0.0027645071893558264
v3_250k,v3,3. + stratégie 13,250k,250000,22,commune,pess,10,expo_brute,True,0.36765,0.5766596986953074,0.0120089382253296,0.20811,0.1310906565570317,0.3533787724721388,4,40000,P_real_loss,0.644575,0.003365882747016991
v3_250k,v3,3. + stratégie 13,250k,250000,22,commune,central,10,expo_brute,True,0.36765,0.5766596986953074,0.2120089382253297,0.20811,0.1310906565570317,0.3533787724721388,4,40000,P_real_loss,0.386475,0.004590116193155313
v3_250k,v3,3. + stratégie 13,250k,250000,22,commune,opt,10,expo_brute,True,0.36765,0.5766596986953074,0.4120089382253297,0.20811,0.1310906565570317,0.3533787724721388,4,40000,P_real_loss,0.16870000000000002,0.0035562152165844285
v3_1M,v3,3. + stratégie 13,1M,1000000,37,commune,pess,10,expo_brute,True,0.32045,0.7169600892217001,0.0297498605910936,0.2125,0.1310906565570317,0.3580046265649245,4,40000,P_real_loss,0.620125,0.0060511018280419845
v3_1M,v3,3. + stratégie 13,1M,1000000,37,commune,central,10,expo_brute,True,0.32045,0.7169600892217001,0.2297498605910937,0.2125,0.1310906565570317,0.3580046265649245,4,40000,P_real_loss,0.354625,0.006790863960744103
v3_1M,v3,3. + stratégie 13,1M,1000000,37,commune,opt,10,expo_brute,True,0.32045,0.7169600892217001,0.4297498605910937,0.2125,0.1310906565570317,0.3580046265649245,4,40000,P_real_loss,0.1442,0.002591010099041176
v4_100k,v4,4. + pilotage du risque,100k,100000,13,commune,pess,10,expo_brute,True,0.39254,0.4987282429804,-0.0042292155004738,0.21286,0.1505511344877443,0.3782512414595131,4,40000,P_real_loss,0.699675,0.0038534616472292523
v4_100k,v4,4. + pilotage du risque,100k,100000,13,commune,central,10,expo_brute,True,0.39254,0.4987282429804,0.1957707844995262,0.21286,0.1505511344877443,0.3782512414595131,4,40000,P_real_loss,0.416675,0.0018553975315279585
v4_100k,v4,4. + pilotage du risque,100k,100000,13,commune,opt,10,expo_brute,True,0.39254,0.4987282429804,0.3957707844995262,0.21286,0.1505511344877443,0.3782512414595131,4,40000,P_real_loss,0.17827500000000002,0.004698492666093387
v4_250k,v4,4. + pilotage du risque,250k,250000,23,commune,pess,10,expo_brute,True,0.39268,0.5766596986953074,0.0264427304836732,0.21289,0.1505511344877443,0.3779449021931268,4,40000,P_real_loss,0.623,0.005410483650592923
v4_250k,v4,4. + pilotage du risque,250k,250000,23,commune,central,10,expo_brute,True,0.39268,0.5766596986953074,0.2264427304836733,0.21289,0.1505511344877443,0.3779449021931268,4,40000,P_real_loss,0.37529999999999997,0.0039555867664186955
v4_250k,v4,4. + pilotage du risque,250k,250000,23,commune,opt,10,expo_brute,True,0.39268,0.5766596986953074,0.4264427304836733,0.21289,0.1505511344877443,0.3779449021931268,4,40000,P_real_loss,0.172725,0.003292795165205388
v4_1M,v4,4. + pilotage du risque,1M,1000000,38,commune,pess,10,expo_brute,True,0.37235,0.7169600892217001,0.0669600892216999,0.21464,0.1505511344877443,0.3797502616524224,4,40000,P_real_loss,0.5677,0.006984745282876581
v4_1M,v4,4. + pilotage du risque,1M,1000000,38,commune,central,10,expo_brute,True,0.37235,0.7169600892217001,0.2669600892217,0.21464,0.1505511344877443,0.3797502616524224,4,40000,P_real_loss,0.311525,0.005244282601080904
v4_1M,v4,4. + pilotage du risque,1M,1000000,38,commune,opt,10,expo_brute,True,0.37235,0.7169600892217001,0.4669600892217,0.21464,0.1505511344877443,0.3797502616524224,4,40000,P_real_loss,0.125525,0.0031340867888429744
v5_100k,v5,5. Les deux,100k,100000,14,commune,pess,10,expo_brute,True,0.40102,0.4987282429804,0.0,0.21501,0.17,0.4,4,40000,P_real_loss,0.6973,0.003304542328371671
v5_100k,v5,5. Les deux,100k,100000,14,commune,central,10,expo_brute,True,0.40102,0.4987282429804,0.2,0.21501,0.17,0.4,4,40000,P_real_loss,0.417325,0.002973634140239859
v5_100k,v5,5. Les deux,100k,100000,14,commune,opt,10,expo_brute,True,0.40102,0.4987282429804,0.4,0.21501,0.17,0.4,4,40000,P_real_loss,0.177175,0.003532114569678249
v5_250k,v5,5. Les deux,250k,250000,24,commune,pess,10,expo_brute,True,0.41619,0.5766596986953074,0.0399999999999999,0.21533,0.17,0.4,4,40000,P_real_loss,0.60705,0.0029938826518975652
v5_250k,v5,5. Les deux,250k,250000,24,commune,central,10,expo_brute,True,0.41619,0.5766596986953074,0.24,0.21533,0.17,0.4,4,40000,P_real_loss,0.358925,0.004124217097421843
v5_250k,v5,5. Les deux,250k,250000,24,commune,opt,10,expo_brute,True,0.41619,0.5766596986953074,0.44,0.21533,0.17,0.4,4,40000,P_real_loss,0.16455,0.002834901526802409
v5_1M,v5,5. Les deux,1M,1000000,40,commune,pess,10,expo_brute,True,0.37659,0.7169600892217001,0.07,0.21539,0.17,0.4,4,40000,P_real_loss,0.564125,0.00686069724347799
v5_1M,v5,5. Les deux,1M,1000000,40,commune,central,10,expo_brute,True,0.37659,0.7169600892217001,0.27,0.21539,0.17,0.4,4,40000,P_real_loss,0.31475000000000003,0.005718099917513386
v5_1M,v5,5. Les deux,1M,1000000,40,commune,opt,10,expo_brute,True,0.37659,0.7169600892217001,0.47,0.21539,0.17,0.4,4,40000,P_real_loss,0.132775,0.0032724863126782655
v1_100k,v1,1. Montant fixe,100k,100000,13,v1v2_sans_selection,pess,5,expo_brute,True,0.066005,0.4987282429804,-0.1588098317415591,0.38963,0.1017170440702665,0.5185111466701455,4,40000,P_real_loss,0.8882,0.0045129443456203375
v1_100k,v1,1. Montant fixe,100k,100000,13,v1v2_sans_selection,central,5,expo_brute,True,0.066005,0.4987282429804,0.0411901682584409,0.38963,0.1017170440702665,0.5185111466701455,4,40000,P_real_loss,0.7249749999999999,0.0044425030482075625
v1_100k,v1,1. Montant fixe,100k,100000,13,v1v2_sans_selection,opt,5,expo_brute,True,0.066005,0.4987282429804,0.2411901682584409,0.38963,0.1017170440702665,0.5185111466701455,4,40000,P_real_loss,0.482175,0.004803037233529076
v1_250k,v1,1. Montant fixe,250k,250000,21,v1v2_sans_selection,pess,5,expo_brute,True,-0.01434,0.5766596986953074,-0.209786975059468,0.37385,0.1017170440702665,0.5010366929812404,4,40000,P_real_loss,0.8905,0.004956477243634449
v1_250k,v1,1. Montant fixe,250k,250000,21,v1v2_sans_selection,central,5,expo_brute,True,-0.01434,0.5766596986953074,-0.009786975059468,0.37385,0.1017170440702665,0.5010366929812404,4,40000,P_real_loss,0.7454000000000001,0.005221749387577547
v1_250k,v1,1. Montant fixe,250k,250000,21,v1v2_sans_selection,opt,5,expo_brute,True,-0.01434,0.5766596986953074,0.190213024940532,0.37385,0.1017170440702665,0.5010366929812404,4,40000,P_real_loss,0.53055,0.005379281240711086
v1_1M,v1,1. Montant fixe,1M,1000000,36,v1v2_sans_selection,pess,5,expo_brute,True,0.014638,0.7169600892217001,-0.1884693536604796,0.34739,0.1017170440702665,0.472670663086934,4,40000,P_real_loss,0.870625,0.007598848596991536
v1_1M,v1,1. Montant fixe,1M,1000000,36,v1v2_sans_selection,central,5,expo_brute,True,0.014638,0.7169600892217001,0.0115306463395204,0.34739,0.1017170440702665,0.472670663086934,4,40000,P_real_loss,0.70485,0.007424508962438759
v1_1M,v1,1. Montant fixe,1M,1000000,36,v1v2_sans_selection,opt,5,expo_brute,True,0.014638,0.7169600892217001,0.2115306463395204,0.34739,0.1017170440702665,0.472670663086934,4,40000,P_real_loss,0.47550000000000003,0.004070217029430606
v2_100k,v2,2. Système actuel,100k,100000,13,v1v2_sans_selection,pess,5,expo_brute,True,0.25477,0.4987282429804,-0.0410117541519126,0.20601,0.1082974145291847,0.32866995534124,4,40000,P_real_loss,0.6925,0.005292762353755675
v2_100k,v2,2. Système actuel,100k,100000,13,v1v2_sans_selection,central,5,expo_brute,True,0.25477,0.4987282429804,0.1589882458480874,0.20601,0.1082974145291847,0.32866995534124,4,40000,P_real_loss,0.4827,0.005364699432400624
v2_100k,v2,2. Système actuel,100k,100000,13,v1v2_sans_selection,opt,5,expo_brute,True,0.25477,0.4987282429804,0.3589882458480874,0.20601,0.1082974145291847,0.32866995534124,4,40000,P_real_loss,0.27237500000000003,0.0034989284073842107
v2_250k,v2,2. Système actuel,250k,250000,21,v1v2_sans_selection,pess,5,expo_brute,True,0.29366,0.5766596986953074,0.0004214153391478,0.19482,0.1082974145291847,0.3163901094625428,4,40000,P_real_loss,0.622725,0.0054174871173512645
v2_250k,v2,2. Système actuel,250k,250000,21,v1v2_sans_selection,central,5,expo_brute,True,0.29366,0.5766596986953074,0.2004214153391479,0.19482,0.1082974145291847,0.3163901094625428,4,40000,P_real_loss,0.43274999999999997,0.00478504615094428
v2_250k,v2,2. Système actuel,250k,250000,21,v1v2_sans_selection,opt,5,expo_brute,True,0.29366,0.5766596986953074,0.4004214153391479,0.19482,0.1082974145291847,0.3163901094625428,4,40000,P_real_loss,0.252675,0.0021045585443666415
v2_1M,v2,2. Système actuel,1M,1000000,36,v1v2_sans_selection,pess,5,expo_brute,True,0.26414,0.7169600892217001,0.0080683784752647,0.20608,0.1082974145291847,0.3283559130667213,4,40000,P_real_loss,0.61175,0.004539089482851554
v2_1M,v2,2. Système actuel,1M,1000000,36,v1v2_sans_selection,central,5,expo_brute,True,0.26414,0.7169600892217001,0.2080683784752648,0.20608,0.1082974145291847,0.3283559130667213,4,40000,P_real_loss,0.41945,0.004929164905606888
v2_1M,v2,2. Système actuel,1M,1000000,36,v1v2_sans_selection,opt,5,expo_brute,True,0.26414,0.7169600892217001,0.4080683784752648,0.20608,0.1082974145291847,0.3283559130667213,4,40000,P_real_loss,0.2434,0.0038061353978368407
v3_100k,v3,3. + stratégie 13,100k,100000,14,v1v2_sans_selection,pess,5,expo_brute,False,0.284,0.4987282429804,-0.0583611789935664,0.22245,0.1310906565570317,0.3690493561523995,4,40000,P_real_loss,0.709975,0.004657162941820561
v3_100k,v3,3. + stratégie 13,100k,100000,14,v1v2_sans_selection,central,5,expo_brute,False,0.284,0.4987282429804,0.1416388210064336,0.22245,0.1310906565570317,0.3690493561523995,4,40000,P_real_loss,0.50905,0.00440189353195493
v3_100k,v3,3. + stratégie 13,100k,100000,14,v1v2_sans_selection,opt,5,expo_brute,False,0.284,0.4987282429804,0.3416388210064336,0.22245,0.1310906565570317,0.3690493561523995,4,40000,P_real_loss,0.304325,0.004630604712129953
v3_250k,v3,3. + stratégie 13,250k,250000,22,v1v2_sans_selection,pess,5,expo_brute,False,0.36765,0.5766596986953074,0.0120089382253296,0.20811,0.1310906565570317,0.3533787724721388,4,40000,P_real_loss,0.607975,0.005356849198300558
v3_250k,v3,3. + stratégie 13,250k,250000,22,v1v2_sans_selection,central,5,expo_brute,False,0.36765,0.5766596986953074,0.2120089382253297,0.20811,0.1310906565570317,0.3533787724721388,4,40000,P_real_loss,0.4253,0.005757314188635757
v3_250k,v3,3. + stratégie 13,250k,250000,22,v1v2_sans_selection,opt,5,expo_brute,False,0.36765,0.5766596986953074,0.4120089382253297,0.20811,0.1310906565570317,0.3533787724721388,4,40000,P_real_loss,0.256225,0.0008883505314157283
v3_1M,v3,3. + stratégie 13,1M,1000000,37,v1v2_sans_selection,pess,5,expo_brute,False,0.32045,0.7169600892217001,0.0297498605910936,0.2125,0.1310906565570317,0.3580046265649245,4,40000,P_real_loss,0.590625,0.004621958459354594
v3_1M,v3,3. + stratégie 13,1M,1000000,37,v1v2_sans_selection,central,5,expo_brute,False,0.32045,0.7169600892217001,0.2297498605910937,0.2125,0.1310906565570317,0.3580046265649245,4,40000,P_real_loss,0.40249999999999997,0.004688283267892411
v3_1M,v3,3. + stratégie 13,1M,1000000,37,v1v2_sans_selection,opt,5,expo_brute,False,0.32045,0.7169600892217001,0.4297498605910937,0.2125,0.1310906565570317,0.3580046265649245,4,40000,P_real_loss,0.235125,0.0014952703211571204
v4_100k,v4,4. + pilotage du risque,100k,100000,13,v1v2_sans_selection,pess,5,expo_brute,False,0.39254,0.4987282429804,-0.0042292155004738,0.21286,0.1505511344877443,0.3782512414595131,4,40000,P_real_loss,0.64315,0.0035123591312203137
v4_100k,v4,4. + pilotage du risque,100k,100000,13,v1v2_sans_selection,central,5,expo_brute,False,0.39254,0.4987282429804,0.1957707844995262,0.21286,0.1505511344877443,0.3782512414595131,4,40000,P_real_loss,0.44215,0.005360659163448719
v4_100k,v4,4. + pilotage du risque,100k,100000,13,v1v2_sans_selection,opt,5,expo_brute,False,0.39254,0.4987282429804,0.3957707844995262,0.21286,0.1505511344877443,0.3782512414595131,4,40000,P_real_loss,0.256925,0.004059864529759574
v4_250k,v4,4. + pilotage du risque,250k,250000,23,v1v2_sans_selection,pess,5,expo_brute,False,0.39268,0.5766596986953074,0.0264427304836732,0.21289,0.1505511344877443,0.3779449021931268,4,40000,P_real_loss,0.587325,0.00379769667035166
v4_250k,v4,4. + pilotage du risque,250k,250000,23,v1v2_sans_selection,central,5,expo_brute,False,0.39268,0.5766596986953074,0.2264427304836733,0.21289,0.1505511344877443,0.3779449021931268,4,40000,P_real_loss,0.41307499999999997,0.0018732769861039195
v4_250k,v4,4. + pilotage du risque,250k,250000,23,v1v2_sans_selection,opt,5,expo_brute,False,0.39268,0.5766596986953074,0.4264427304836733,0.21289,0.1505511344877443,0.3779449021931268,4,40000,P_real_loss,0.254725,0.0022823598898216325
v4_1M,v4,4. + pilotage du risque,1M,1000000,38,v1v2_sans_selection,pess,5,expo_brute,False,0.37235,0.7169600892217001,0.0669600892216999,0.21464,0.1505511344877443,0.3797502616524224,4,40000,P_real_loss,0.54535,0.0051234753829798125
v4_1M,v4,4. + pilotage du risque,1M,1000000,38,v1v2_sans_selection,central,5,expo_brute,False,0.37235,0.7169600892217001,0.2669600892217,0.21464,0.1505511344877443,0.3797502616524224,4,40000,P_real_loss,0.36607500000000004,0.0030379543555930245
v4_1M,v4,4. + pilotage du risque,1M,1000000,38,v1v2_sans_selection,opt,5,expo_brute,False,0.37235,0.7169600892217001,0.4669600892217,0.21464,0.1505511344877443,0.3797502616524224,4,40000,P_real_loss,0.2117,0.004002499219237904
v5_100k,v5,5. Les deux,100k,100000,14,v1v2_sans_selection,pess,5,expo_brute,False,0.40102,0.4987282429804,0.0,0.21501,0.17,0.4,4,40000,P_real_loss,0.643025,0.003844801685392878
v5_100k,v5,5. Les deux,100k,100000,14,v1v2_sans_selection,central,5,expo_brute,False,0.40102,0.4987282429804,0.2,0.21501,0.17,0.4,4,40000,P_real_loss,0.44365,0.001967231557290585
v5_100k,v5,5. Les deux,100k,100000,14,v1v2_sans_selection,opt,5,expo_brute,False,0.40102,0.4987282429804,0.4,0.21501,0.17,0.4,4,40000,P_real_loss,0.259425,0.002439091360869153
v5_250k,v5,5. Les deux,250k,250000,24,v1v2_sans_selection,pess,5,expo_brute,False,0.41619,0.5766596986953074,0.0399999999999999,0.21533,0.17,0.4,4,40000,P_real_loss,0.575,0.004543860326491822
v5_250k,v5,5. Les deux,250k,250000,24,v1v2_sans_selection,central,5,expo_brute,False,0.41619,0.5766596986953074,0.24,0.21533,0.17,0.4,4,40000,P_real_loss,0.40085,0.0035725807665234694
v5_250k,v5,5. Les deux,250k,250000,24,v1v2_sans_selection,opt,5,expo_brute,False,0.41619,0.5766596986953074,0.44,0.21533,0.17,0.4,4,40000,P_real_loss,0.24577500000000002,0.0020950338103874915
v5_1M,v5,5. Les deux,1M,1000000,40,v1v2_sans_selection,pess,5,expo_brute,False,0.37659,0.7169600892217001,0.07,0.21539,0.17,0.4,4,40000,P_real_loss,0.544175,0.005638779418751336
v5_1M,v5,5. Les deux,1M,1000000,40,v1v2_sans_selection,central,5,expo_brute,False,0.37659,0.7169600892217001,0.27,0.21539,0.17,0.4,4,40000,P_real_loss,0.37185,0.001511070260885755
v5_1M,v5,5. Les deux,1M,1000000,40,v1v2_sans_selection,opt,5,expo_brute,False,0.37659,0.7169600892217001,0.47,0.21539,0.17,0.4,4,40000,P_real_loss,0.217725,0.00207585323822921
v1_100k,v1,1. Montant fixe,100k,100000,13,v1v2_sans_selection,pess,10,expo_brute,True,0.066005,0.4987282429804,-0.1588098317415591,0.38963,0.1017170440702665,0.5185111466701455,4,40000,P_real_loss,0.95715,0.0011239810200058408
v1_100k,v1,1. Montant fixe,100k,100000,13,v1v2_sans_selection,central,10,expo_brute,True,0.066005,0.4987282429804,0.0411901682584409,0.38963,0.1017170440702665,0.5185111466701455,4,40000,P_real_loss,0.7944,0.0021710212650578355
v1_100k,v1,1. Montant fixe,100k,100000,13,v1v2_sans_selection,opt,10,expo_brute,True,0.066005,0.4987282429804,0.2411901682584409,0.38963,0.1017170440702665,0.5185111466701455,4,40000,P_real_loss,0.463225,0.0034277057438856684
v1_250k,v1,1. Montant fixe,250k,250000,21,v1v2_sans_selection,pess,10,expo_brute,True,-0.01434,0.5766596986953074,-0.209786975059468,0.37385,0.1017170440702665,0.5010366929812404,4,40000,P_real_loss,0.9584,0.0015383974345619283
v1_250k,v1,1. Montant fixe,250k,250000,21,v1v2_sans_selection,central,10,expo_brute,True,-0.01434,0.5766596986953074,-0.009786975059468,0.37385,0.1017170440702665,0.5010366929812404,4,40000,P_real_loss,0.818975,0.0022081289213570256
v1_250k,v1,1. Montant fixe,250k,250000,21,v1v2_sans_selection,opt,10,expo_brute,True,-0.01434,0.5766596986953074,0.190213024940532,0.37385,0.1017170440702665,0.5010366929812404,4,40000,P_real_loss,0.528725,0.004306874349997571
v1_1M,v1,1. Montant fixe,1M,1000000,36,v1v2_sans_selection,pess,10,expo_brute,True,0.014638,0.7169600892217001,-0.1884693536604796,0.34739,0.1017170440702665,0.472670663086934,4,40000,P_real_loss,0.945425,0.0015649813630413231
v1_1M,v1,1. Montant fixe,1M,1000000,36,v1v2_sans_selection,central,10,expo_brute,True,0.014638,0.7169600892217001,0.0115306463395204,0.34739,0.1017170440702665,0.472670663086934,4,40000,P_real_loss,0.7743,0.003789459064299304
v1_1M,v1,1. Montant fixe,1M,1000000,36,v1v2_sans_selection,opt,10,expo_brute,True,0.014638,0.7169600892217001,0.2115306463395204,0.34739,0.1017170440702665,0.472670663086934,4,40000,P_real_loss,0.4558,0.005754418592119738
v2_100k,v2,2. Système actuel,100k,100000,13,v1v2_sans_selection,pess,10,expo_brute,True,0.25477,0.4987282429804,-0.0410117541519126,0.20601,0.1082974145291847,0.32866995534124,4,40000,P_real_loss,0.75875,0.003021588985947642
v2_100k,v2,2. Système actuel,100k,100000,13,v1v2_sans_selection,central,10,expo_brute,True,0.25477,0.4987282429804,0.1589882458480874,0.20601,0.1082974145291847,0.32866995534124,4,40000,P_real_loss,0.46335,0.003837968212479118
v2_100k,v2,2. Système actuel,100k,100000,13,v1v2_sans_selection,opt,10,expo_brute,True,0.25477,0.4987282429804,0.3589882458480874,0.20601,0.1082974145291847,0.32866995534124,4,40000,P_real_loss,0.187025,0.00595559960597308
v2_250k,v2,2. Système actuel,250k,250000,21,v1v2_sans_selection,pess,10,expo_brute,True,0.29366,0.5766596986953074,0.0004214153391478,0.19482,0.1082974145291847,0.3163901094625428,4,40000,P_real_loss,0.6577500000000001,0.005408943211632655
v2_250k,v2,2. Système actuel,250k,250000,21,v1v2_sans_selection,central,10,expo_brute,True,0.29366,0.5766596986953074,0.2004214153391479,0.19482,0.1082974145291847,0.3163901094625428,4,40000,P_real_loss,0.39027500000000004,0.006459295627233659
v2_250k,v2,2. Système actuel,250k,250000,21,v1v2_sans_selection,opt,10,expo_brute,True,0.29366,0.5766596986953074,0.4004214153391479,0.19482,0.1082974145291847,0.3163901094625428,4,40000,P_real_loss,0.1629,0.004498147766951789
v2_1M,v2,2. Système actuel,1M,1000000,36,v1v2_sans_selection,pess,10,expo_brute,True,0.26414,0.7169600892217001,0.0080683784752647,0.20608,0.1082974145291847,0.3283559130667213,4,40000,P_real_loss,0.643,0.004809019304043907
v2_1M,v2,2. Système actuel,1M,1000000,36,v1v2_sans_selection,central,10,expo_brute,True,0.26414,0.7169600892217001,0.2080683784752648,0.20608,0.1082974145291847,0.3283559130667213,4,40000,P_real_loss,0.3762,0.005997221578920237
v2_1M,v2,2. Système actuel,1M,1000000,36,v1v2_sans_selection,opt,10,expo_brute,True,0.26414,0.7169600892217001,0.4080683784752648,0.20608,0.1082974145291847,0.3283559130667213,4,40000,P_real_loss,0.1515,0.0036869137952131857
v3_100k,v3,3. + stratégie 13,100k,100000,14,v1v2_sans_selection,pess,10,expo_brute,False,0.284,0.4987282429804,-0.0583611789935664,0.22245,0.1310906565570317,0.3690493561523995,4,40000,P_real_loss,0.7819,0.001485485330343793
v3_100k,v3,3. + stratégie 13,100k,100000,14,v1v2_sans_selection,central,10,expo_brute,False,0.284,0.4987282429804,0.1416388210064336,0.22245,0.1310906565570317,0.3690493561523995,4,40000,P_real_loss,0.503425,0.0014840822079655496
v3_100k,v3,3. + stratégie 13,100k,100000,14,v1v2_sans_selection,opt,10,expo_brute,False,0.284,0.4987282429804,0.3416388210064336,0.22245,0.1310906565570317,0.3690493561523995,4,40000,P_real_loss,0.225475,0.0027645071893558264
v3_250k,v3,3. + stratégie 13,250k,250000,22,v1v2_sans_selection,pess,10,expo_brute,False,0.36765,0.5766596986953074,0.0120089382253296,0.20811,0.1310906565570317,0.3533787724721388,4,40000,P_real_loss,0.644575,0.003365882747016991
v3_250k,v3,3. + stratégie 13,250k,250000,22,v1v2_sans_selection,central,10,expo_brute,False,0.36765,0.5766596986953074,0.2120089382253297,0.20811,0.1310906565570317,0.3533787724721388,4,40000,P_real_loss,0.386475,0.004590116193155313
v3_250k,v3,3. + stratégie 13,250k,250000,22,v1v2_sans_selection,opt,10,expo_brute,False,0.36765,0.5766596986953074,0.4120089382253297,0.20811,0.1310906565570317,0.3533787724721388,4,40000,P_real_loss,0.16870000000000002,0.0035562152165844285
v3_1M,v3,3. + stratégie 13,1M,1000000,37,v1v2_sans_selection,pess,10,expo_brute,False,0.32045,0.7169600892217001,0.0297498605910936,0.2125,0.1310906565570317,0.3580046265649245,4,40000,P_real_loss,0.620125,0.0060511018280419845
v3_1M,v3,3. + stratégie 13,1M,1000000,37,v1v2_sans_selection,central,10,expo_brute,False,0.32045,0.7169600892217001,0.2297498605910937,0.2125,0.1310906565570317,0.3580046265649245,4,40000,P_real_loss,0.354625,0.006790863960744103
v3_1M,v3,3. + stratégie 13,1M,1000000,37,v1v2_sans_selection,opt,10,expo_brute,False,0.32045,0.7169600892217001,0.4297498605910937,0.2125,0.1310906565570317,0.3580046265649245,4,40000,P_real_loss,0.1442,0.002591010099041176
v4_100k,v4,4. + pilotage du risque,100k,100000,13,v1v2_sans_selection,pess,10,expo_brute,False,0.39254,0.4987282429804,-0.0042292155004738,0.21286,0.1505511344877443,0.3782512414595131,4,40000,P_real_loss,0.699675,0.0038534616472292523
v4_100k,v4,4. + pilotage du risque,100k,100000,13,v1v2_sans_selection,central,10,expo_brute,False,0.39254,0.4987282429804,0.1957707844995262,0.21286,0.1505511344877443,0.3782512414595131,4,40000,P_real_loss,0.416675,0.0018553975315279585
v4_100k,v4,4. + pilotage du risque,100k,100000,13,v1v2_sans_selection,opt,10,expo_brute,False,0.39254,0.4987282429804,0.3957707844995262,0.21286,0.1505511344877443,0.3782512414595131,4,40000,P_real_loss,0.17827500000000002,0.004698492666093387
v4_250k,v4,4. + pilotage du risque,250k,250000,23,v1v2_sans_selection,pess,10,expo_brute,False,0.39268,0.5766596986953074,0.0264427304836732,0.21289,0.1505511344877443,0.3779449021931268,4,40000,P_real_loss,0.623,0.005410483650592923
v4_250k,v4,4. + pilotage du risque,250k,250000,23,v1v2_sans_selection,central,10,expo_brute,False,0.39268,0.5766596986953074,0.2264427304836733,0.21289,0.1505511344877443,0.3779449021931268,4,40000,P_real_loss,0.37529999999999997,0.0039555867664186955
v4_250k,v4,4. + pilotage du risque,250k,250000,23,v1v2_sans_selection,opt,10,expo_brute,False,0.39268,0.5766596986953074,0.4264427304836733,0.21289,0.1505511344877443,0.3779449021931268,4,40000,P_real_loss,0.172725,0.003292795165205388
v4_1M,v4,4. + pilotage du risque,1M,1000000,38,v1v2_sans_selection,pess,10,expo_brute,False,0.37235,0.7169600892217001,0.0669600892216999,0.21464,0.1505511344877443,0.3797502616524224,4,40000,P_real_loss,0.5677,0.006984745282876581
v4_1M,v4,4. + pilotage du risque,1M,1000000,38,v1v2_sans_selection,central,10,expo_brute,False,0.37235,0.7169600892217001,0.2669600892217,0.21464,0.1505511344877443,0.3797502616524224,4,40000,P_real_loss,0.311525,0.005244282601080904
v4_1M,v4,4. + pilotage du risque,1M,1000000,38,v1v2_sans_selection,opt,10,expo_brute,False,0.37235,0.7169600892217001,0.4669600892217,0.21464,0.1505511344877443,0.3797502616524224,4,40000,P_real_loss,0.125525,0.0031340867888429744
v5_100k,v5,5. Les deux,100k,100000,14,v1v2_sans_selection,pess,10,expo_brute,False,0.40102,0.4987282429804,0.0,0.21501,0.17,0.4,4,40000,P_real_loss,0.6973,0.003304542328371671
v5_100k,v5,5. Les deux,100k,100000,14,v1v2_sans_selection,central,10,expo_brute,False,0.40102,0.4987282429804,0.2,0.21501,0.17,0.4,4,40000,P_real_loss,0.417325,0.002973634140239859
v5_100k,v5,5. Les deux,100k,100000,14,v1v2_sans_selection,opt,10,expo_brute,False,0.40102,0.4987282429804,0.4,0.21501,0.17,0.4,4,40000,P_real_loss,0.177175,0.003532114569678249
v5_250k,v5,5. Les deux,250k,250000,24,v1v2_sans_selection,pess,10,expo_brute,False,0.41619,0.5766596986953074,0.0399999999999999,0.21533,0.17,0.4,4,40000,P_real_loss,0.60705,0.0029938826518975652
v5_250k,v5,5. Les deux,250k,250000,24,v1v2_sans_selection,central,10,expo_brute,False,0.41619,0.5766596986953074,0.24,0.21533,0.17,0.4,4,40000,P_real_loss,0.358925,0.004124217097421843
v5_250k,v5,5. Les deux,250k,250000,24,v1v2_sans_selection,opt,10,expo_brute,False,0.41619,0.5766596986953074,0.44,0.21533,0.17,0.4,4,40000,P_real_loss,0.16455,0.002834901526802409
v5_1M,v5,5. Les deux,1M,1000000,40,v1v2_sans_selection,pess,10,expo_brute,False,0.37659,0.7169600892217001,0.07,0.21539,0.17,0.4,4,40000,P_real_loss,0.564125,0.00686069724347799
v5_1M,v5,5. Les deux,1M,1000000,40,v1v2_sans_selection,central,10,expo_brute,False,0.37659,0.7169600892217001,0.27,0.21539,0.17,0.4,4,40000,P_real_loss,0.31475000000000003,0.005718099917513386
v5_1M,v5,5. Les deux,1M,1000000,40,v1v2_sans_selection,opt,10,expo_brute,False,0.37659,0.7169600892217001,0.47,0.21539,0.17,0.4,4,40000,P_real_loss,0.132775,0.0032724863126782655
v1_100k,v1,1. Montant fixe,100k,100000,13,commune,central,5,marge_contrats,False,0.066005,0.4987282429804,0.0329185576779213,0.38963,0.18356,0.6003541025998791,4,40000,P_real_loss,0.74015,0.004764801499887844
v1_250k,v1,1. Montant fixe,250k,250000,21,commune,central,5,marge_contrats,False,-0.01434,0.5766596986953074,-0.0082693000792907,0.37385,0.17136,0.5706796489109739,4,40000,P_real_loss,0.74825,0.004933220719435406
v1_1M,v1,1. Montant fixe,1M,1000000,36,commune,central,5,marge_contrats,False,0.014638,0.7169600892217001,0.0104948617860272,0.34739,0.16591,0.5368636190166675,4,40000,P_real_loss,0.710375,0.007390703620089244
v2_100k,v2,2. Système actuel,100k,100000,13,commune,central,5,marge_contrats,False,0.25477,0.4987282429804,0.1270609944641165,0.20601,0.10646,0.3268325408120552,4,40000,P_real_loss,0.51835,0.005886991308526518
v2_250k,v2,2. Système actuel,250k,250000,21,commune,central,5,marge_contrats,False,0.29366,0.5766596986953074,0.1693418871188639,0.19482,0.11062,0.3187126949333581,4,40000,P_real_loss,0.461975,0.004587210481327393
v2_1M,v2,2. Système actuel,1M,1000000,36,commune,central,5,marge_contrats,False,0.26414,0.7169600892217001,0.1893778379670198,0.20608,0.11957,0.3396284985375365,4,40000,P_real_loss,0.43845,0.004949410739337229
v3_100k,v3,3. + stratégie 13,100k,100000,14,commune,central,5,marge_contrats,False,0.284,0.4987282429804,0.1416388210064336,0.22245,0.12293,0.3608886995953677,4,40000,P_real_loss,0.50805,0.004460567975792613
v3_250k,v3,3. + stratégie 13,250k,250000,22,commune,central,5,marge_contrats,False,0.36765,0.5766596986953074,0.2120089382253297,0.20811,0.12633,0.348618115915107,4,40000,P_real_loss,0.4249,0.0057049685947134525
v3_1M,v3,3. + stratégie 13,1M,1000000,37,commune,central,5,marge_contrats,False,0.32045,0.7169600892217001,0.2297498605910937,0.2125,0.13419,0.3611039700078927,4,40000,P_real_loss,0.4028,0.0046854384355504465
v4_100k,v4,4. + pilotage du risque,100k,100000,13,commune,central,5,marge_contrats,False,0.39254,0.4987282429804,0.1957707844995262,0.21286,0.1175,0.3452001069717687,4,40000,P_real_loss,0.439075,0.0054020829316107615
v4_250k,v4,4. + pilotage du risque,250k,250000,23,commune,central,5,marge_contrats,False,0.39268,0.5766596986953074,0.2264427304836733,0.21289,0.13386,0.3612537677053824,4,40000,P_real_loss,0.411475,0.0015305227865014112
v4_1M,v4,4. + pilotage du risque,1M,1000000,38,commune,central,5,marge_contrats,False,0.37235,0.7169600892217001,0.2669600892217,0.21464,0.1405,0.369699127164678,4,40000,P_real_loss,0.365375,0.002824151790066081
v5_100k,v5,5. Les deux,100k,100000,14,commune,central,5,marge_contrats,False,0.40102,0.4987282429804,0.2,0.21501,0.12384,0.35384,4,40000,P_real_loss,0.438925,0.002146896985573976
v5_250k,v5,5. Les deux,250k,250000,24,commune,central,5,marge_contrats,False,0.41619,0.5766596986953074,0.24,0.21533,0.14192,0.37192,4,40000,P_real_loss,0.39825,0.0032305830227169112
v5_1M,v5,5. Les deux,1M,1000000,40,commune,central,5,marge_contrats,False,0.37659,0.7169600892217001,0.27,0.21539,0.14745,0.37745,4,40000,P_real_loss,0.369675,0.001541373846065036
v1_100k,v1,1. Montant fixe,100k,100000,13,commune,central,10,marge_contrats,False,0.066005,0.4987282429804,0.0329185576779213,0.38963,0.18356,0.6003541025998791,4,40000,P_real_loss,0.811575,0.0019259196937220844
v1_250k,v1,1. Montant fixe,250k,250000,21,commune,central,10,marge_contrats,False,-0.01434,0.5766596986953074,-0.0082693000792907,0.37385,0.17136,0.5706796489109739,4,40000,P_real_loss,0.82225,0.0018734993995195694
v1_1M,v1,1. Montant fixe,1M,1000000,36,commune,central,10,marge_contrats,False,0.014638,0.7169600892217001,0.0104948617860272,0.34739,0.16591,0.5368636190166675,4,40000,P_real_loss,0.7812,0.004038976768110144
v2_100k,v2,2. Système actuel,100k,100000,13,commune,central,10,marge_contrats,False,0.25477,0.4987282429804,0.1270609944641165,0.20601,0.10646,0.3268325408120552,4,40000,P_real_loss,0.51215,0.004965547972446433
v2_250k,v2,2. Système actuel,250k,250000,21,commune,central,10,marge_contrats,False,0.29366,0.5766596986953074,0.1693418871188639,0.19482,0.11062,0.3187126949333581,4,40000,P_real_loss,0.433525,0.006972505527666027
v2_1M,v2,2. Système actuel,1M,1000000,36,commune,central,10,marge_contrats,False,0.26414,0.7169600892217001,0.1893778379670198,0.20608,0.11957,0.3396284985375365,4,40000,P_real_loss,0.403225,0.006224882863690415
v3_100k,v3,3. + stratégie 13,100k,100000,14,commune,central,10,marge_contrats,False,0.284,0.4987282429804,0.1416388210064336,0.22245,0.12293,0.3608886995953677,4,40000,P_real_loss,0.50235,0.0017019596548292933
v3_250k,v3,3. + stratégie 13,250k,250000,22,commune,central,10,marge_contrats,False,0.36765,0.5766596986953074,0.2120089382253297,0.20811,0.12633,0.348618115915107,4,40000,P_real_loss,0.386025,0.004419181673869804
v3_1M,v3,3. + stratégie 13,1M,1000000,37,commune,central,10,marge_contrats,False,0.32045,0.7169600892217001,0.2297498605910937,0.2125,0.13419,0.3611039700078927,4,40000,P_real_loss,0.355025,0.006747036386444055
v4_100k,v4,4. + pilotage du risque,100k,100000,13,commune,central,10,marge_contrats,False,0.39254,0.4987282429804,0.1957707844995262,0.21286,0.1175,0.3452001069717687,4,40000,P_real_loss,0.41175,0.00204857674170793
v4_250k,v4,4. + pilotage du risque,250k,250000,23,commune,central,10,marge_contrats,False,0.39268,0.5766596986953074,0.2264427304836733,0.21289,0.13386,0.3612537677053824,4,40000,P_real_loss,0.373575,0.003574329774004267
v4_1M,v4,4. + pilotage du risque,1M,1000000,38,commune,central,10,marge_contrats,False,0.37235,0.7169600892217001,0.2669600892217,0.21464,0.1405,0.369699127164678,4,40000,P_real_loss,0.31025,0.0048774993593028795
v5_100k,v5,5. Les deux,100k,100000,14,commune,central,10,marge_contrats,False,0.40102,0.4987282429804,0.2,0.21501,0.12384,0.35384,4,40000,P_real_loss,0.410625,0.00339251627360381
v5_250k,v5,5. Les deux,250k,250000,24,commune,central,10,marge_contrats,False,0.41619,0.5766596986953074,0.24,0.21533,0.14192,0.37192,4,40000,P_real_loss,0.355225,0.00414517792139255
v5_1M,v5,5. Les deux,1M,1000000,40,commune,central,10,marge_contrats,False,0.37659,0.7169600892217001,0.27,0.21539,0.14745,0.37745,4,40000,P_real_loss,0.311975,0.005536168952142522
v1_100k,v1,1. Montant fixe,100k,100000,13,commune,pess,5,expo_brute,False,0.066005,0.4987282429804,-0.1670814423220787,0.38963,0.1017170440702665,0.5185111466701455,4,40000,P_below_cash,0.897,0.0037309516212355675
v1_100k,v1,1. Montant fixe,100k,100000,13,commune,central,5,expo_brute,False,0.066005,0.4987282429804,0.0329185576779213,0.38963,0.1017170440702665,0.5185111466701455,4,40000,P_below_cash,0.742525,0.004366062299143259
v1_100k,v1,1. Montant fixe,100k,100000,13,commune,opt,5,expo_brute,False,0.066005,0.4987282429804,0.2329185576779213,0.38963,0.1017170440702665,0.5185111466701455,4,40000,P_below_cash,0.503175,0.00454560227032683
v1_250k,v1,1. Montant fixe,250k,250000,21,commune,pess,5,expo_brute,False,-0.01434,0.5766596986953074,-0.2082693000792907,0.37385,0.1017170440702665,0.5010366929812404,4,40000,P_below_cash,0.8936,0.004688283267892405
v1_250k,v1,1. Montant fixe,250k,250000,21,commune,central,5,expo_brute,False,-0.01434,0.5766596986953074,-0.0082693000792907,0.37385,0.1017170440702665,0.5010366929812404,4,40000,P_below_cash,0.751525,0.005148705338885361
v1_250k,v1,1. Montant fixe,250k,250000,21,commune,opt,5,expo_brute,False,-0.01434,0.5766596986953074,0.1917306999207093,0.37385,0.1017170440702665,0.5010366929812404,4,40000,P_below_cash,0.5378499999999999,0.005348208422764859
v1_1M,v1,1. Montant fixe,1M,1000000,36,commune,pess,5,expo_brute,False,0.014638,0.7169600892217001,-0.1895051382139728,0.34739,0.1017170440702665,0.472670663086934,4,40000,P_below_cash,0.875825,0.007527449767351451
v1_1M,v1,1. Montant fixe,1M,1000000,36,commune,central,5,expo_brute,False,0.014638,0.7169600892217001,0.0104948617860272,0.34739,0.1017170440702665,0.472670663086934,4,40000,P_below_cash,0.714425,0.007361781940083029
v1_1M,v1,1. Montant fixe,1M,1000000,36,commune,opt,5,expo_brute,False,0.014638,0.7169600892217001,0.2104948617860272,0.34739,0.1017170440702665,0.472670663086934,4,40000,P_below_cash,0.487475,0.0031489416211376736
v2_100k,v2,2. Système actuel,100k,100000,13,commune,pess,5,expo_brute,False,0.25477,0.4987282429804,-0.0729390055358835,0.20601,0.1082974145291847,0.32866995534124,4,40000,P_below_cash,0.7363,0.0048600411520891154
v2_100k,v2,2. Système actuel,100k,100000,13,commune,central,5,expo_brute,False,0.25477,0.4987282429804,0.1270609944641165,0.20601,0.1082974145291847,0.32866995534124,4,40000,P_below_cash,0.534,0.006017197575837674
v2_100k,v2,2. Système actuel,100k,100000,13,commune,opt,5,expo_brute,False,0.25477,0.4987282429804,0.3270609944641165,0.20601,0.1082974145291847,0.32866995534124,4,40000,P_below_cash,0.31932499999999997,0.0029375443259067125
v2_250k,v2,2. Système actuel,250k,250000,21,commune,pess,5,expo_brute,False,0.29366,0.5766596986953074,-0.0306581128811361,0.19482,0.1082974145291847,0.3163901094625428,4,40000,P_below_cash,0.661925,0.006814384295982519
v2_250k,v2,2. Système actuel,250k,250000,21,commune,central,5,expo_brute,False,0.29366,0.5766596986953074,0.1693418871188639,0.19482,0.1082974145291847,0.3163901094625428,4,40000,P_below_cash,0.476075,0.005622795864455077
v2_250k,v2,2. Système actuel,250k,250000,21,commune,opt,5,expo_brute,False,0.29366,0.5766596986953074,0.3693418871188639,0.19482,0.1082974145291847,0.3163901094625428,4,40000,P_below_cash,0.290675,0.0025940637360455706
v2_1M,v2,2. Système actuel,1M,1000000,36,commune,pess,5,expo_brute,False,0.26414,0.7169600892217001,-0.0106221620329802,0.20608,0.1082974145291847,0.3283559130667213,4,40000,P_below_cash,0.6409750000000001,0.006191593763590568
v2_1M,v2,2. Système actuel,1M,1000000,36,commune,central,5,expo_brute,False,0.26414,0.7169600892217001,0.1893778379670198,0.20608,0.1082974145291847,0.3283559130667213,4,40000,P_below_cash,0.450325,0.005514450713050835
v2_1M,v2,2. Système actuel,1M,1000000,36,commune,opt,5,expo_brute,False,0.26414,0.7169600892217001,0.3893778379670198,0.20608,0.1082974145291847,0.3283559130667213,4,40000,P_below_cash,0.270775,0.004743680006071229
v3_100k,v3,3. + stratégie 13,100k,100000,14,commune,pess,5,expo_brute,True,0.284,0.4987282429804,-0.0583611789935664,0.22245,0.1310906565570317,0.3690493561523995,4,40000,P_below_cash,0.72125,0.004457577817604527
v3_100k,v3,3. + stratégie 13,100k,100000,14,commune,central,5,expo_brute,True,0.284,0.4987282429804,0.1416388210064336,0.22245,0.1310906565570317,0.3690493561523995,4,40000,P_below_cash,0.523425,0.0036536511418944003
v3_100k,v3,3. + stratégie 13,100k,100000,14,commune,opt,5,expo_brute,True,0.284,0.4987282429804,0.3416388210064336,0.22245,0.1310906565570317,0.3690493561523995,4,40000,P_below_cash,0.316325,0.004679298380455496
v3_250k,v3,3. + stratégie 13,250k,250000,22,commune,pess,5,expo_brute,True,0.36765,0.5766596986953074,0.0120089382253296,0.20811,0.1310906565570317,0.3533787724721388,4,40000,P_below_cash,0.620525,0.005420562701417602
v3_250k,v3,3. + stratégie 13,250k,250000,22,commune,central,5,expo_brute,True,0.36765,0.5766596986953074,0.2120089382253297,0.20811,0.1310906565570317,0.3533787724721388,4,40000,P_below_cash,0.437925,0.005291108894488288
v3_250k,v3,3. + stratégie 13,250k,250000,22,commune,opt,5,expo_brute,True,0.36765,0.5766596986953074,0.4120089382253297,0.20811,0.1310906565570317,0.3533787724721388,4,40000,P_below_cash,0.26744999999999997,0.0018375708603116843
v3_1M,v3,3. + stratégie 13,1M,1000000,37,commune,pess,5,expo_brute,True,0.32045,0.7169600892217001,0.0297498605910936,0.2125,0.1310906565570317,0.3580046265649245,4,40000,P_below_cash,0.603075,0.004630604712129946
v3_1M,v3,3. + stratégie 13,1M,1000000,37,commune,central,5,expo_brute,True,0.32045,0.7169600892217001,0.2297498605910937,0.2125,0.1310906565570317,0.3580046265649245,4,40000,P_below_cash,0.4158,0.0037549966711037273
v3_1M,v3,3. + stratégie 13,1M,1000000,37,commune,opt,5,expo_brute,True,0.32045,0.7169600892217001,0.4297498605910937,0.2125,0.1310906565570317,0.3580046265649245,4,40000,P_below_cash,0.245225,0.0017708284313657505
v4_100k,v4,4. + pilotage du risque,100k,100000,13,commune,pess,5,expo_brute,True,0.39254,0.4987282429804,-0.0042292155004738,0.21286,0.1505511344877443,0.3782512414595131,4,40000,P_below_cash,0.65565,0.0039610604640677016
v4_100k,v4,4. + pilotage du risque,100k,100000,13,commune,central,5,expo_brute,True,0.39254,0.4987282429804,0.1957707844995262,0.21286,0.1505511344877443,0.3782512414595131,4,40000,P_below_cash,0.455575,0.004942587041890781
v4_100k,v4,4. + pilotage du risque,100k,100000,13,commune,opt,5,expo_brute,True,0.39254,0.4987282429804,0.3957707844995262,0.21286,0.1505511344877443,0.3782512414595131,4,40000,P_below_cash,0.26832500000000004,0.003616052175139832
v4_250k,v4,4. + pilotage du risque,250k,250000,23,commune,pess,5,expo_brute,True,0.39268,0.5766596986953074,0.0264427304836732,0.21289,0.1505511344877443,0.3779449021931268,4,40000,P_below_cash,0.59935,0.004597463068548389
v4_250k,v4,4. + pilotage du risque,250k,250000,23,commune,central,5,expo_brute,True,0.39268,0.5766596986953074,0.2264427304836733,0.21289,0.1505511344877443,0.3779449021931268,4,40000,P_below_cash,0.424325,0.0026512575632455285
v4_250k,v4,4. + pilotage du risque,250k,250000,23,commune,opt,5,expo_brute,True,0.39268,0.5766596986953074,0.4264427304836733,0.21289,0.1505511344877443,0.3779449021931268,4,40000,P_below_cash,0.26475,0.0022037846234754313
v4_1M,v4,4. + pilotage du risque,1M,1000000,38,commune,pess,5,expo_brute,True,0.37235,0.7169600892217001,0.0669600892216999,0.21464,0.1505511344877443,0.3797502616524224,4,40000,P_below_cash,0.55705,0.00486175551284381
v4_1M,v4,4. + pilotage du risque,1M,1000000,38,commune,central,5,expo_brute,True,0.37235,0.7169600892217001,0.2669600892217,0.21464,0.1505511344877443,0.3797502616524224,4,40000,P_below_cash,0.3791,0.0025910100990411676
v4_1M,v4,4. + pilotage du risque,1M,1000000,38,commune,opt,5,expo_brute,True,0.37235,0.7169600892217001,0.4669600892217,0.21464,0.1505511344877443,0.3797502616524224,4,40000,P_below_cash,0.22060000000000002,0.004262237284181466
v5_100k,v5,5. Les deux,100k,100000,14,commune,pess,5,expo_brute,True,0.40102,0.4987282429804,0.0,0.21501,0.17,0.4,4,40000,P_below_cash,0.656425,0.005208566661440266
v5_100k,v5,5. Les deux,100k,100000,14,commune,central,5,expo_brute,True,0.40102,0.4987282429804,0.2,0.21501,0.17,0.4,4,40000,P_below_cash,0.455925,0.0023991317874042144
v5_100k,v5,5. Les deux,100k,100000,14,commune,opt,5,expo_brute,True,0.40102,0.4987282429804,0.4,0.21501,0.17,0.4,4,40000,P_below_cash,0.27005,0.002527844931952912
v5_250k,v5,5. Les deux,250k,250000,24,commune,pess,5,expo_brute,True,0.41619,0.5766596986953074,0.0399999999999999,0.21533,0.17,0.4,4,40000,P_below_cash,0.5871999999999999,0.004110960958218884
v5_250k,v5,5. Les deux,250k,250000,24,commune,central,5,expo_brute,True,0.41619,0.5766596986953074,0.24,0.21533,0.17,0.4,4,40000,P_below_cash,0.411875,0.003570597522357649
v5_250k,v5,5. Les deux,250k,250000,24,commune,opt,5,expo_brute,True,0.41619,0.5766596986953074,0.44,0.21533,0.17,0.4,4,40000,P_below_cash,0.255375,0.001931105037709423
v5_1M,v5,5. Les deux,1M,1000000,40,commune,pess,5,expo_brute,True,0.37659,0.7169600892217001,0.07,0.21539,0.17,0.4,4,40000,P_below_cash,0.5567,0.006839590631024692
v5_1M,v5,5. Les deux,1M,1000000,40,commune,central,5,expo_brute,True,0.37659,0.7169600892217001,0.27,0.21539,0.17,0.4,4,40000,P_below_cash,0.383275,0.0023542514733987385
v5_1M,v5,5. Les deux,1M,1000000,40,commune,opt,5,expo_brute,True,0.37659,0.7169600892217001,0.47,0.21539,0.17,0.4,4,40000,P_below_cash,0.2263,0.0021338541031038914
v1_100k,v1,1. Montant fixe,100k,100000,13,commune,pess,10,expo_brute,False,0.066005,0.4987282429804,-0.1670814423220787,0.38963,0.1017170440702665,0.5185111466701455,4,40000,P_below_cash,0.96265,0.0013329166015421273
v1_100k,v1,1. Montant fixe,100k,100000,13,commune,central,10,expo_brute,False,0.066005,0.4987282429804,0.0329185576779213,0.38963,0.1017170440702665,0.5185111466701455,4,40000,P_below_cash,0.814625,0.0017538053863907835
v1_100k,v1,1. Montant fixe,100k,100000,13,commune,opt,10,expo_brute,False,0.066005,0.4987282429804,0.2329185576779213,0.38963,0.1017170440702665,0.5185111466701455,4,40000,P_below_cash,0.492425,0.002754844218221163
v1_250k,v1,1. Montant fixe,250k,250000,21,commune,pess,10,expo_brute,False,-0.01434,0.5766596986953074,-0.2082693000792907,0.37385,0.1017170440702665,0.5010366929812404,4,40000,P_below_cash,0.96055,0.0011561430130682913
v1_250k,v1,1. Montant fixe,250k,250000,21,commune,central,10,expo_brute,False,-0.01434,0.5766596986953074,-0.0082693000792907,0.37385,0.1017170440702665,0.5010366929812404,4,40000,P_below_cash,0.826775,0.0019956202043475823
v1_250k,v1,1. Montant fixe,250k,250000,21,commune,opt,10,expo_brute,False,-0.01434,0.5766596986953074,0.1917306999207093,0.37385,0.1017170440702665,0.5010366929812404,4,40000,P_below_cash,0.538875,0.0037695048304342274
v1_1M,v1,1. Montant fixe,1M,1000000,36,commune,pess,10,expo_brute,False,0.014638,0.7169600892217001,-0.1895051382139728,0.34739,0.1017170440702665,0.472670663086934,4,40000,P_below_cash,0.94965,0.0017691806012953325
v1_1M,v1,1. Montant fixe,1M,1000000,36,commune,central,10,expo_brute,False,0.014638,0.7169600892217001,0.0104948617860272,0.34739,0.1017170440702665,0.472670663086934,4,40000,P_below_cash,0.787025,0.0031009407174812757
v1_1M,v1,1. Montant fixe,1M,1000000,36,commune,opt,10,expo_brute,False,0.014638,0.7169600892217001,0.2104948617860272,0.34739,0.1017170440702665,0.472670663086934,4,40000,P_below_cash,0.4726,0.004224531532213549
v2_100k,v2,2. Système actuel,100k,100000,13,commune,pess,10,expo_brute,False,0.25477,0.4987282429804,-0.0729390055358835,0.20601,0.1082974145291847,0.32866995534124,4,40000,P_below_cash,0.8136,0.0034535006394478397
v2_100k,v2,2. Système actuel,100k,100000,13,commune,central,10,expo_brute,False,0.25477,0.4987282429804,0.1270609944641165,0.20601,0.1082974145291847,0.32866995534124,4,40000,P_below_cash,0.533975,0.0030510927004381017
v2_100k,v2,2. Système actuel,100k,100000,13,commune,opt,10,expo_brute,False,0.25477,0.4987282429804,0.3270609944641165,0.20601,0.1082974145291847,0.32866995534124,4,40000,P_below_cash,0.241375,0.00401860257635246
v2_250k,v2,2. Système actuel,250k,250000,21,commune,pess,10,expo_brute,False,0.29366,0.5766596986953074,-0.0306581128811361,0.19482,0.1082974145291847,0.3163901094625428,4,40000,P_below_cash,0.7135,0.00398162445910372
v2_250k,v2,2. Système actuel,250k,250000,21,commune,central,10,expo_brute,False,0.29366,0.5766596986953074,0.1693418871188639,0.19482,0.1082974145291847,0.3163901094625428,4,40000,P_below_cash,0.4537,0.00644411876571706
v2_250k,v2,2. Système actuel,250k,250000,21,commune,opt,10,expo_brute,False,0.29366,0.5766596986953074,0.3693418871188639,0.19482,0.1082974145291847,0.3163901094625428,4,40000,P_below_cash,0.2061,0.005447935388750496
v2_1M,v2,2. Système actuel,1M,1000000,36,commune,pess,10,expo_brute,False,0.26414,0.7169600892217001,-0.0106221620329802,0.20608,0.1082974145291847,0.3283559130667213,4,40000,P_below_cash,0.682275,0.00474789427009487
v2_1M,v2,2. Système actuel,1M,1000000,36,commune,central,10,expo_brute,False,0.26414,0.7169600892217001,0.1893778379670198,0.20608,0.1082974145291847,0.3283559130667213,4,40000,P_below_cash,0.42112499999999997,0.008492496688253678
v2_1M,v2,2. Système actuel,1M,1000000,36,commune,opt,10,expo_brute,False,0.26414,0.7169600892217001,0.3893778379670198,0.20608,0.1082974145291847,0.3283559130667213,4,40000,P_below_cash,0.181425,0.004231922337031558
v3_100k,v3,3. + stratégie 13,100k,100000,14,commune,pess,10,expo_brute,True,0.284,0.4987282429804,-0.0583611789935664,0.22245,0.1310906565570317,0.3690493561523995,4,40000,P_below_cash,0.795475,0.0019737865470545284
v3_100k,v3,3. + stratégie 13,100k,100000,14,commune,central,10,expo_brute,True,0.284,0.4987282429804,0.1416388210064336,0.22245,0.1310906565570317,0.3690493561523995,4,40000,P_below_cash,0.522,0.0015895492023421762
v3_100k,v3,3. + stratégie 13,100k,100000,14,commune,opt,10,expo_brute,True,0.284,0.4987282429804,0.3416388210064336,0.22245,0.1310906565570317,0.3690493561523995,4,40000,P_below_cash,0.23972500000000002,0.0030346608816582345
v3_250k,v3,3. + stratégie 13,250k,250000,22,commune,pess,10,expo_brute,True,0.36765,0.5766596986953074,0.0120089382253296,0.20811,0.1310906565570317,0.3533787724721388,4,40000,P_below_cash,0.6613,0.002814249455894061
v3_250k,v3,3. + stratégie 13,250k,250000,22,commune,central,10,expo_brute,True,0.36765,0.5766596986953074,0.2120089382253297,0.20811,0.1310906565570317,0.3533787724721388,4,40000,P_below_cash,0.403825,0.005200240379059377
v3_250k,v3,3. + stratégie 13,250k,250000,22,commune,opt,10,expo_brute,True,0.36765,0.5766596986953074,0.4120089382253297,0.20811,0.1310906565570317,0.3533787724721388,4,40000,P_below_cash,0.18055,0.004801735797257774
v3_1M,v3,3. + stratégie 13,1M,1000000,37,commune,pess,10,expo_brute,True,0.32045,0.7169600892217001,0.0297498605910936,0.2125,0.1310906565570317,0.3580046265649245,4,40000,P_below_cash,0.637275,0.004954038756408703
v3_1M,v3,3. + stratégie 13,1M,1000000,37,commune,central,10,expo_brute,True,0.32045,0.7169600892217001,0.2297498605910937,0.2125,0.1310906565570317,0.3580046265649245,4,40000,P_below_cash,0.372425,0.006527569736637569
v3_1M,v3,3. + stratégie 13,1M,1000000,37,commune,opt,10,expo_brute,True,0.32045,0.7169600892217001,0.4297498605910937,0.2125,0.1310906565570317,0.3580046265649245,4,40000,P_below_cash,0.155125,0.00262472220752342
v4_100k,v4,4. + pilotage du risque,100k,100000,13,commune,pess,10,expo_brute,True,0.39254,0.4987282429804,-0.0042292155004738,0.21286,0.1505511344877443,0.3782512414595131,4,40000,P_below_cash,0.716025,0.0031794915736115094
v4_100k,v4,4. + pilotage du risque,100k,100000,13,commune,central,10,expo_brute,True,0.39254,0.4987282429804,0.1957707844995262,0.21286,0.1505511344877443,0.3782512414595131,4,40000,P_below_cash,0.43527499999999997,0.0007632168761237023
v4_100k,v4,4. + pilotage du risque,100k,100000,13,commune,opt,10,expo_brute,True,0.39254,0.4987282429804,0.3957707844995262,0.21286,0.1505511344877443,0.3782512414595131,4,40000,P_below_cash,0.191125,0.005373623854842589
v4_250k,v4,4. + pilotage du risque,250k,250000,23,commune,pess,10,expo_brute,True,0.39268,0.5766596986953074,0.0264427304836732,0.21289,0.1505511344877443,0.3779449021931268,4,40000,P_below_cash,0.6394500000000001,0.005300628893505631
v4_250k,v4,4. + pilotage du risque,250k,250000,23,commune,central,10,expo_brute,True,0.39268,0.5766596986953074,0.2264427304836733,0.21289,0.1505511344877443,0.3779449021931268,4,40000,P_below_cash,0.391775,0.003508442199419396
v4_250k,v4,4. + pilotage du risque,250k,250000,23,commune,opt,10,expo_brute,True,0.39268,0.5766596986953074,0.4264427304836733,0.21289,0.1505511344877443,0.3779449021931268,4,40000,P_below_cash,0.18365,0.003009429624807106
v4_1M,v4,4. + pilotage du risque,1M,1000000,38,commune,pess,10,expo_brute,True,0.37235,0.7169600892217001,0.0669600892216999,0.21464,0.1505511344877443,0.3797502616524224,4,40000,P_below_cash,0.584775,0.006689481793582079
v4_1M,v4,4. + pilotage du risque,1M,1000000,38,commune,central,10,expo_brute,True,0.37235,0.7169600892217001,0.2669600892217,0.21464,0.1505511344877443,0.3797502616524224,4,40000,P_below_cash,0.327275,0.0044724154547626915
v4_1M,v4,4. + pilotage du risque,1M,1000000,38,commune,opt,10,expo_brute,True,0.37235,0.7169600892217001,0.4669600892217,0.21464,0.1505511344877443,0.3797502616524224,4,40000,P_below_cash,0.135625,0.0023991317874042075
v5_100k,v5,5. Les deux,100k,100000,14,commune,pess,10,expo_brute,True,0.40102,0.4987282429804,0.0,0.21501,0.17,0.4,4,40000,P_below_cash,0.7136,0.0029799328851502532
v5_100k,v5,5. Les deux,100k,100000,14,commune,central,10,expo_brute,True,0.40102,0.4987282429804,0.2,0.21501,0.17,0.4,4,40000,P_below_cash,0.434775,0.002866327499315688
v5_100k,v5,5. Les deux,100k,100000,14,commune,opt,10,expo_brute,True,0.40102,0.4987282429804,0.4,0.21501,0.17,0.4,4,40000,P_below_cash,0.18985000000000002,0.003990405159045043
v5_250k,v5,5. Les deux,250k,250000,24,commune,pess,10,expo_brute,True,0.41619,0.5766596986953074,0.0399999999999999,0.21533,0.17,0.4,4,40000,P_below_cash,0.62205,0.0036097091295560213
v5_250k,v5,5. Les deux,250k,250000,24,commune,central,10,expo_brute,True,0.41619,0.5766596986953074,0.24,0.21533,0.17,0.4,4,40000,P_below_cash,0.37424999999999997,0.004620606020859192
v5_250k,v5,5. Les deux,250k,250000,24,commune,opt,10,expo_brute,True,0.41619,0.5766596986953074,0.44,0.21533,0.17,0.4,4,40000,P_below_cash,0.174475,0.0030576407026769318
v5_1M,v5,5. Les deux,1M,1000000,40,commune,pess,10,expo_brute,True,0.37659,0.7169600892217001,0.07,0.21539,0.17,0.4,4,40000,P_below_cash,0.5818749999999999,0.006542871438952998
v5_1M,v5,5. Les deux,1M,1000000,40,commune,central,10,expo_brute,True,0.37659,0.7169600892217001,0.27,0.21539,0.17,0.4,4,40000,P_below_cash,0.33142499999999997,0.005895407817389186
v5_1M,v5,5. Les deux,1M,1000000,40,commune,opt,10,expo_brute,True,0.37659,0.7169600892217001,0.47,0.21539,0.17,0.4,4,40000,P_below_cash,0.14192500000000002,0.0030858548248418947
v1_100k,v1,1. Montant fixe,100k,100000,13,v1v2_sans_selection,pess,5,expo_brute,True,0.066005,0.4987282429804,-0.1588098317415591,0.38963,0.1017170440702665,0.5185111466701455,4,40000,P_below_cash,0.8927,0.004208721104246916
v1_100k,v1,1. Montant fixe,100k,100000,13,v1v2_sans_selection,central,5,expo_brute,True,0.066005,0.4987282429804,0.0411901682584409,0.38963,0.1017170440702665,0.5185111466701455,4,40000,P_below_cash,0.733825,0.004810665234663522
v1_100k,v1,1. Montant fixe,100k,100000,13,v1v2_sans_selection,opt,5,expo_brute,True,0.066005,0.4987282429804,0.2411901682584409,0.38963,0.1017170440702665,0.5185111466701455,4,40000,P_below_cash,0.49265000000000003,0.003478026260203684
v1_250k,v1,1. Montant fixe,250k,250000,21,v1v2_sans_selection,pess,5,expo_brute,True,-0.01434,0.5766596986953074,-0.209786975059468,0.37385,0.1017170440702665,0.5010366929812404,4,40000,P_below_cash,0.894325,0.004773101716913169
v1_250k,v1,1. Montant fixe,250k,250000,21,v1v2_sans_selection,central,5,expo_brute,True,-0.01434,0.5766596986953074,-0.009786975059468,0.37385,0.1017170440702665,0.5010366929812404,4,40000,P_below_cash,0.75295,0.005077072647369374
v1_250k,v1,1. Montant fixe,250k,250000,21,v1v2_sans_selection,opt,5,expo_brute,True,-0.01434,0.5766596986953074,0.190213024940532,0.37385,0.1017170440702665,0.5010366929812404,4,40000,P_below_cash,0.539625,0.005232829062753739
v1_1M,v1,1. Montant fixe,1M,1000000,36,v1v2_sans_selection,pess,5,expo_brute,True,0.014638,0.7169600892217001,-0.1884693536604796,0.34739,0.1017170440702665,0.472670663086934,4,40000,P_below_cash,0.875475,0.007585237856081551
v1_1M,v1,1. Montant fixe,1M,1000000,36,v1v2_sans_selection,central,5,expo_brute,True,0.014638,0.7169600892217001,0.0115306463395204,0.34739,0.1017170440702665,0.472670663086934,4,40000,P_below_cash,0.713575,0.007247700784846611
v1_1M,v1,1. Montant fixe,1M,1000000,36,v1v2_sans_selection,opt,5,expo_brute,True,0.014638,0.7169600892217001,0.2115306463395204,0.34739,0.1017170440702665,0.472670663086934,4,40000,P_below_cash,0.4863,0.0034861631248885973
v2_100k,v2,2. Système actuel,100k,100000,13,v1v2_sans_selection,pess,5,expo_brute,True,0.25477,0.4987282429804,-0.0410117541519126,0.20601,0.1082974145291847,0.32866995534124,4,40000,P_below_cash,0.70655,0.005763390206004326
v2_100k,v2,2. Système actuel,100k,100000,13,v1v2_sans_selection,central,5,expo_brute,True,0.25477,0.4987282429804,0.1589882458480874,0.20601,0.1082974145291847,0.32866995534124,4,40000,P_below_cash,0.4986,0.005479051012721074
v2_100k,v2,2. Système actuel,100k,100000,13,v1v2_sans_selection,opt,5,expo_brute,True,0.25477,0.4987282429804,0.3589882458480874,0.20601,0.1082974145291847,0.32866995534124,4,40000,P_below_cash,0.285975,0.004063147384315113
v2_250k,v2,2. Système actuel,250k,250000,21,v1v2_sans_selection,pess,5,expo_brute,True,0.29366,0.5766596986953074,0.0004214153391478,0.19482,0.1082974145291847,0.3163901094625428,4,40000,P_below_cash,0.63495,0.005608624311421325
v2_250k,v2,2. Système actuel,250k,250000,21,v1v2_sans_selection,central,5,expo_brute,True,0.29366,0.5766596986953074,0.2004214153391479,0.19482,0.1082974145291847,0.3163901094625428,4,40000,P_below_cash,0.44615,0.005640626442751432
v2_250k,v2,2. Système actuel,250k,250000,21,v1v2_sans_selection,opt,5,expo_brute,True,0.29366,0.5766596986953074,0.4004214153391479,0.19482,0.1082974145291847,0.3163901094625428,4,40000,P_below_cash,0.26505,0.003055595959328813
v2_1M,v2,2. Système actuel,1M,1000000,36,v1v2_sans_selection,pess,5,expo_brute,True,0.26414,0.7169600892217001,0.0080683784752647,0.20608,0.1082974145291847,0.3283559130667213,4,40000,P_below_cash,0.625375,0.005055277770146078
v2_1M,v2,2. Système actuel,1M,1000000,36,v1v2_sans_selection,central,5,expo_brute,True,0.26414,0.7169600892217001,0.2080683784752648,0.20608,0.1082974145291847,0.3283559130667213,4,40000,P_below_cash,0.43279999999999996,0.004345879274285763
v2_1M,v2,2. Système actuel,1M,1000000,36,v1v2_sans_selection,opt,5,expo_brute,True,0.26414,0.7169600892217001,0.4080683784752648,0.20608,0.1082974145291847,0.3283559130667213,4,40000,P_below_cash,0.2552,0.0038952963087977603
v3_100k,v3,3. + stratégie 13,100k,100000,14,v1v2_sans_selection,pess,5,expo_brute,False,0.284,0.4987282429804,-0.0583611789935664,0.22245,0.1310906565570317,0.3690493561523995,4,40000,P_below_cash,0.72125,0.004457577817604527
v3_100k,v3,3. + stratégie 13,100k,100000,14,v1v2_sans_selection,central,5,expo_brute,False,0.284,0.4987282429804,0.1416388210064336,0.22245,0.1310906565570317,0.3690493561523995,4,40000,P_below_cash,0.523425,0.0036536511418944003
v3_100k,v3,3. + stratégie 13,100k,100000,14,v1v2_sans_selection,opt,5,expo_brute,False,0.284,0.4987282429804,0.3416388210064336,0.22245,0.1310906565570317,0.3690493561523995,4,40000,P_below_cash,0.316325,0.004679298380455496
v3_250k,v3,3. + stratégie 13,250k,250000,22,v1v2_sans_selection,pess,5,expo_brute,False,0.36765,0.5766596986953074,0.0120089382253296,0.20811,0.1310906565570317,0.3533787724721388,4,40000,P_below_cash,0.620525,0.005420562701417602
v3_250k,v3,3. + stratégie 13,250k,250000,22,v1v2_sans_selection,central,5,expo_brute,False,0.36765,0.5766596986953074,0.2120089382253297,0.20811,0.1310906565570317,0.3533787724721388,4,40000,P_below_cash,0.437925,0.005291108894488288
v3_250k,v3,3. + stratégie 13,250k,250000,22,v1v2_sans_selection,opt,5,expo_brute,False,0.36765,0.5766596986953074,0.4120089382253297,0.20811,0.1310906565570317,0.3533787724721388,4,40000,P_below_cash,0.26744999999999997,0.0018375708603116843
v3_1M,v3,3. + stratégie 13,1M,1000000,37,v1v2_sans_selection,pess,5,expo_brute,False,0.32045,0.7169600892217001,0.0297498605910936,0.2125,0.1310906565570317,0.3580046265649245,4,40000,P_below_cash,0.603075,0.004630604712129946
v3_1M,v3,3. + stratégie 13,1M,1000000,37,v1v2_sans_selection,central,5,expo_brute,False,0.32045,0.7169600892217001,0.2297498605910937,0.2125,0.1310906565570317,0.3580046265649245,4,40000,P_below_cash,0.4158,0.0037549966711037273
v3_1M,v3,3. + stratégie 13,1M,1000000,37,v1v2_sans_selection,opt,5,expo_brute,False,0.32045,0.7169600892217001,0.4297498605910937,0.2125,0.1310906565570317,0.3580046265649245,4,40000,P_below_cash,0.245225,0.0017708284313657505
v4_100k,v4,4. + pilotage du risque,100k,100000,13,v1v2_sans_selection,pess,5,expo_brute,False,0.39254,0.4987282429804,-0.0042292155004738,0.21286,0.1505511344877443,0.3782512414595131,4,40000,P_below_cash,0.65565,0.0039610604640677016
v4_100k,v4,4. + pilotage du risque,100k,100000,13,v1v2_sans_selection,central,5,expo_brute,False,0.39254,0.4987282429804,0.1957707844995262,0.21286,0.1505511344877443,0.3782512414595131,4,40000,P_below_cash,0.455575,0.004942587041890781
v4_100k,v4,4. + pilotage du risque,100k,100000,13,v1v2_sans_selection,opt,5,expo_brute,False,0.39254,0.4987282429804,0.3957707844995262,0.21286,0.1505511344877443,0.3782512414595131,4,40000,P_below_cash,0.26832500000000004,0.003616052175139832
v4_250k,v4,4. + pilotage du risque,250k,250000,23,v1v2_sans_selection,pess,5,expo_brute,False,0.39268,0.5766596986953074,0.0264427304836732,0.21289,0.1505511344877443,0.3779449021931268,4,40000,P_below_cash,0.59935,0.004597463068548389
v4_250k,v4,4. + pilotage du risque,250k,250000,23,v1v2_sans_selection,central,5,expo_brute,False,0.39268,0.5766596986953074,0.2264427304836733,0.21289,0.1505511344877443,0.3779449021931268,4,40000,P_below_cash,0.424325,0.0026512575632455285
v4_250k,v4,4. + pilotage du risque,250k,250000,23,v1v2_sans_selection,opt,5,expo_brute,False,0.39268,0.5766596986953074,0.4264427304836733,0.21289,0.1505511344877443,0.3779449021931268,4,40000,P_below_cash,0.26475,0.0022037846234754313
v4_1M,v4,4. + pilotage du risque,1M,1000000,38,v1v2_sans_selection,pess,5,expo_brute,False,0.37235,0.7169600892217001,0.0669600892216999,0.21464,0.1505511344877443,0.3797502616524224,4,40000,P_below_cash,0.55705,0.00486175551284381
v4_1M,v4,4. + pilotage du risque,1M,1000000,38,v1v2_sans_selection,central,5,expo_brute,False,0.37235,0.7169600892217001,0.2669600892217,0.21464,0.1505511344877443,0.3797502616524224,4,40000,P_below_cash,0.3791,0.0025910100990411676
v4_1M,v4,4. + pilotage du risque,1M,1000000,38,v1v2_sans_selection,opt,5,expo_brute,False,0.37235,0.7169600892217001,0.4669600892217,0.21464,0.1505511344877443,0.3797502616524224,4,40000,P_below_cash,0.22060000000000002,0.004262237284181466
v5_100k,v5,5. Les deux,100k,100000,14,v1v2_sans_selection,pess,5,expo_brute,False,0.40102,0.4987282429804,0.0,0.21501,0.17,0.4,4,40000,P_below_cash,0.656425,0.005208566661440266
v5_100k,v5,5. Les deux,100k,100000,14,v1v2_sans_selection,central,5,expo_brute,False,0.40102,0.4987282429804,0.2,0.21501,0.17,0.4,4,40000,P_below_cash,0.455925,0.0023991317874042144
v5_100k,v5,5. Les deux,100k,100000,14,v1v2_sans_selection,opt,5,expo_brute,False,0.40102,0.4987282429804,0.4,0.21501,0.17,0.4,4,40000,P_below_cash,0.27005,0.002527844931952912
v5_250k,v5,5. Les deux,250k,250000,24,v1v2_sans_selection,pess,5,expo_brute,False,0.41619,0.5766596986953074,0.0399999999999999,0.21533,0.17,0.4,4,40000,P_below_cash,0.5871999999999999,0.004110960958218884
v5_250k,v5,5. Les deux,250k,250000,24,v1v2_sans_selection,central,5,expo_brute,False,0.41619,0.5766596986953074,0.24,0.21533,0.17,0.4,4,40000,P_below_cash,0.411875,0.003570597522357649
v5_250k,v5,5. Les deux,250k,250000,24,v1v2_sans_selection,opt,5,expo_brute,False,0.41619,0.5766596986953074,0.44,0.21533,0.17,0.4,4,40000,P_below_cash,0.255375,0.001931105037709423
v5_1M,v5,5. Les deux,1M,1000000,40,v1v2_sans_selection,pess,5,expo_brute,False,0.37659,0.7169600892217001,0.07,0.21539,0.17,0.4,4,40000,P_below_cash,0.5567,0.006839590631024692
v5_1M,v5,5. Les deux,1M,1000000,40,v1v2_sans_selection,central,5,expo_brute,False,0.37659,0.7169600892217001,0.27,0.21539,0.17,0.4,4,40000,P_below_cash,0.383275,0.0023542514733987385
v5_1M,v5,5. Les deux,1M,1000000,40,v1v2_sans_selection,opt,5,expo_brute,False,0.37659,0.7169600892217001,0.47,0.21539,0.17,0.4,4,40000,P_below_cash,0.2263,0.0021338541031038914
v1_100k,v1,1. Montant fixe,100k,100000,13,v1v2_sans_selection,pess,10,expo_brute,True,0.066005,0.4987282429804,-0.1588098317415591,0.38963,0.1017170440702665,0.5185111466701455,4,40000,P_below_cash,0.9596,0.0014468356276140764
v1_100k,v1,1. Montant fixe,100k,100000,13,v1v2_sans_selection,central,10,expo_brute,True,0.066005,0.4987282429804,0.0411901682584409,0.38963,0.1017170440702665,0.5185111466701455,4,40000,P_below_cash,0.804025,0.002012254125767073
v1_100k,v1,1. Montant fixe,100k,100000,13,v1v2_sans_selection,opt,10,expo_brute,True,0.066005,0.4987282429804,0.2411901682584409,0.38963,0.1017170440702665,0.5185111466701455,4,40000,P_below_cash,0.47605,0.0022956480566497977
v1_250k,v1,1. Montant fixe,250k,250000,21,v1v2_sans_selection,pess,10,expo_brute,True,-0.01434,0.5766596986953074,-0.209786975059468,0.37385,0.1017170440702665,0.5010366929812404,4,40000,P_below_cash,0.96115,0.0011357816691600563
v1_250k,v1,1. Montant fixe,250k,250000,21,v1v2_sans_selection,central,10,expo_brute,True,-0.01434,0.5766596986953074,-0.009786975059468,0.37385,0.1017170440702665,0.5010366929812404,4,40000,P_below_cash,0.828425,0.002059732992404617
v1_250k,v1,1. Montant fixe,250k,250000,21,v1v2_sans_selection,opt,10,expo_brute,True,-0.01434,0.5766596986953074,0.190213024940532,0.37385,0.1017170440702665,0.5010366929812404,4,40000,P_below_cash,0.54125,0.0037063009411900986
v1_1M,v1,1. Montant fixe,1M,1000000,36,v1v2_sans_selection,pess,10,expo_brute,True,0.014638,0.7169600892217001,-0.1884693536604796,0.34739,0.1017170440702665,0.472670663086934,4,40000,P_below_cash,0.9492,0.001612451549659697
v1_1M,v1,1. Montant fixe,1M,1000000,36,v1v2_sans_selection,central,10,expo_brute,True,0.014638,0.7169600892217001,0.0115306463395204,0.34739,0.1017170440702665,0.472670663086934,4,40000,P_below_cash,0.78535,0.0032827833718761914
v1_1M,v1,1. Montant fixe,1M,1000000,36,v1v2_sans_selection,opt,10,expo_brute,True,0.014638,0.7169600892217001,0.2115306463395204,0.34739,0.1017170440702665,0.472670663086934,4,40000,P_below_cash,0.47050000000000003,0.0049859803449271885
v2_100k,v2,2. Système actuel,100k,100000,13,v1v2_sans_selection,pess,10,expo_brute,True,0.25477,0.4987282429804,-0.0410117541519126,0.20601,0.1082974145291847,0.32866995534124,4,40000,P_below_cash,0.775775,0.0030302640149003066
v2_100k,v2,2. Système actuel,100k,100000,13,v1v2_sans_selection,central,10,expo_brute,True,0.25477,0.4987282429804,0.1589882458480874,0.20601,0.1082974145291847,0.32866995534124,4,40000,P_below_cash,0.484925,0.0024595053703268606
v2_100k,v2,2. Système actuel,100k,100000,13,v1v2_sans_selection,opt,10,expo_brute,True,0.25477,0.4987282429804,0.3589882458480874,0.20601,0.1082974145291847,0.32866995534124,4,40000,P_below_cash,0.203625,0.005822585336429172
v2_250k,v2,2. Système actuel,250k,250000,21,v1v2_sans_selection,pess,10,expo_brute,True,0.29366,0.5766596986953074,0.0004214153391478,0.19482,0.1082974145291847,0.3163901094625428,4,40000,P_below_cash,0.675875,0.0042890364108193095
v2_250k,v2,2. Système actuel,250k,250000,21,v1v2_sans_selection,central,10,expo_brute,True,0.29366,0.5766596986953074,0.2004214153391479,0.19482,0.1082974145291847,0.3163901094625428,4,40000,P_below_cash,0.41107499999999997,0.007121036909514442
v2_250k,v2,2. Système actuel,250k,250000,21,v1v2_sans_selection,opt,10,expo_brute,True,0.29366,0.5766596986953074,0.4004214153391479,0.19482,0.1082974145291847,0.3163901094625428,4,40000,P_below_cash,0.1766,0.005040502620440411
v2_1M,v2,2. Système actuel,1M,1000000,36,v1v2_sans_selection,pess,10,expo_brute,True,0.26414,0.7169600892217001,0.0080683784752647,0.20608,0.1082974145291847,0.3283559130667213,4,40000,P_below_cash,0.659425,0.004421443957200647
v2_1M,v2,2. Système actuel,1M,1000000,36,v1v2_sans_selection,central,10,expo_brute,True,0.26414,0.7169600892217001,0.2080683784752648,0.20608,0.1082974145291847,0.3283559130667213,4,40000,P_below_cash,0.39492499999999997,0.006565249424050865
v2_1M,v2,2. Système actuel,1M,1000000,36,v1v2_sans_selection,opt,10,expo_brute,True,0.26414,0.7169600892217001,0.4080683784752648,0.20608,0.1082974145291847,0.3283559130667213,4,40000,P_below_cash,0.163625,0.0036197375595476465
v3_100k,v3,3. + stratégie 13,100k,100000,14,v1v2_sans_selection,pess,10,expo_brute,False,0.284,0.4987282429804,-0.0583611789935664,0.22245,0.1310906565570317,0.3690493561523995,4,40000,P_below_cash,0.795475,0.0019737865470545284
v3_100k,v3,3. + stratégie 13,100k,100000,14,v1v2_sans_selection,central,10,expo_brute,False,0.284,0.4987282429804,0.1416388210064336,0.22245,0.1310906565570317,0.3690493561523995,4,40000,P_below_cash,0.522,0.0015895492023421762
v3_100k,v3,3. + stratégie 13,100k,100000,14,v1v2_sans_selection,opt,10,expo_brute,False,0.284,0.4987282429804,0.3416388210064336,0.22245,0.1310906565570317,0.3690493561523995,4,40000,P_below_cash,0.23972500000000002,0.0030346608816582345
v3_250k,v3,3. + stratégie 13,250k,250000,22,v1v2_sans_selection,pess,10,expo_brute,False,0.36765,0.5766596986953074,0.0120089382253296,0.20811,0.1310906565570317,0.3533787724721388,4,40000,P_below_cash,0.6613,0.002814249455894061
v3_250k,v3,3. + stratégie 13,250k,250000,22,v1v2_sans_selection,central,10,expo_brute,False,0.36765,0.5766596986953074,0.2120089382253297,0.20811,0.1310906565570317,0.3533787724721388,4,40000,P_below_cash,0.403825,0.005200240379059377
v3_250k,v3,3. + stratégie 13,250k,250000,22,v1v2_sans_selection,opt,10,expo_brute,False,0.36765,0.5766596986953074,0.4120089382253297,0.20811,0.1310906565570317,0.3533787724721388,4,40000,P_below_cash,0.18055,0.004801735797257774
v3_1M,v3,3. + stratégie 13,1M,1000000,37,v1v2_sans_selection,pess,10,expo_brute,False,0.32045,0.7169600892217001,0.0297498605910936,0.2125,0.1310906565570317,0.3580046265649245,4,40000,P_below_cash,0.637275,0.004954038756408703
v3_1M,v3,3. + stratégie 13,1M,1000000,37,v1v2_sans_selection,central,10,expo_brute,False,0.32045,0.7169600892217001,0.2297498605910937,0.2125,0.1310906565570317,0.3580046265649245,4,40000,P_below_cash,0.372425,0.006527569736637569
v3_1M,v3,3. + stratégie 13,1M,1000000,37,v1v2_sans_selection,opt,10,expo_brute,False,0.32045,0.7169600892217001,0.4297498605910937,0.2125,0.1310906565570317,0.3580046265649245,4,40000,P_below_cash,0.155125,0.00262472220752342
v4_100k,v4,4. + pilotage du risque,100k,100000,13,v1v2_sans_selection,pess,10,expo_brute,False,0.39254,0.4987282429804,-0.0042292155004738,0.21286,0.1505511344877443,0.3782512414595131,4,40000,P_below_cash,0.716025,0.0031794915736115094
v4_100k,v4,4. + pilotage du risque,100k,100000,13,v1v2_sans_selection,central,10,expo_brute,False,0.39254,0.4987282429804,0.1957707844995262,0.21286,0.1505511344877443,0.3782512414595131,4,40000,P_below_cash,0.43527499999999997,0.0007632168761237023
v4_100k,v4,4. + pilotage du risque,100k,100000,13,v1v2_sans_selection,opt,10,expo_brute,False,0.39254,0.4987282429804,0.3957707844995262,0.21286,0.1505511344877443,0.3782512414595131,4,40000,P_below_cash,0.191125,0.005373623854842589
v4_250k,v4,4. + pilotage du risque,250k,250000,23,v1v2_sans_selection,pess,10,expo_brute,False,0.39268,0.5766596986953074,0.0264427304836732,0.21289,0.1505511344877443,0.3779449021931268,4,40000,P_below_cash,0.6394500000000001,0.005300628893505631
v4_250k,v4,4. + pilotage du risque,250k,250000,23,v1v2_sans_selection,central,10,expo_brute,False,0.39268,0.5766596986953074,0.2264427304836733,0.21289,0.1505511344877443,0.3779449021931268,4,40000,P_below_cash,0.391775,0.003508442199419396
v4_250k,v4,4. + pilotage du risque,250k,250000,23,v1v2_sans_selection,opt,10,expo_brute,False,0.39268,0.5766596986953074,0.4264427304836733,0.21289,0.1505511344877443,0.3779449021931268,4,40000,P_below_cash,0.18365,0.003009429624807106
v4_1M,v4,4. + pilotage du risque,1M,1000000,38,v1v2_sans_selection,pess,10,expo_brute,False,0.37235,0.7169600892217001,0.0669600892216999,0.21464,0.1505511344877443,0.3797502616524224,4,40000,P_below_cash,0.584775,0.006689481793582079
v4_1M,v4,4. + pilotage du risque,1M,1000000,38,v1v2_sans_selection,central,10,expo_brute,False,0.37235,0.7169600892217001,0.2669600892217,0.21464,0.1505511344877443,0.3797502616524224,4,40000,P_below_cash,0.327275,0.0044724154547626915
v4_1M,v4,4. + pilotage du risque,1M,1000000,38,v1v2_sans_selection,opt,10,expo_brute,False,0.37235,0.7169600892217001,0.4669600892217,0.21464,0.1505511344877443,0.3797502616524224,4,40000,P_below_cash,0.135625,0.0023991317874042075
v5_100k,v5,5. Les deux,100k,100000,14,v1v2_sans_selection,pess,10,expo_brute,False,0.40102,0.4987282429804,0.0,0.21501,0.17,0.4,4,40000,P_below_cash,0.7136,0.0029799328851502532
v5_100k,v5,5. Les deux,100k,100000,14,v1v2_sans_selection,central,10,expo_brute,False,0.40102,0.4987282429804,0.2,0.21501,0.17,0.4,4,40000,P_below_cash,0.434775,0.002866327499315688
v5_100k,v5,5. Les deux,100k,100000,14,v1v2_sans_selection,opt,10,expo_brute,False,0.40102,0.4987282429804,0.4,0.21501,0.17,0.4,4,40000,P_below_cash,0.18985000000000002,0.003990405159045043
v5_250k,v5,5. Les deux,250k,250000,24,v1v2_sans_selection,pess,10,expo_brute,False,0.41619,0.5766596986953074,0.0399999999999999,0.21533,0.17,0.4,4,40000,P_below_cash,0.62205,0.0036097091295560213
v5_250k,v5,5. Les deux,250k,250000,24,v1v2_sans_selection,central,10,expo_brute,False,0.41619,0.5766596986953074,0.24,0.21533,0.17,0.4,4,40000,P_below_cash,0.37424999999999997,0.004620606020859192
v5_250k,v5,5. Les deux,250k,250000,24,v1v2_sans_selection,opt,10,expo_brute,False,0.41619,0.5766596986953074,0.44,0.21533,0.17,0.4,4,40000,P_below_cash,0.174475,0.0030576407026769318
v5_1M,v5,5. Les deux,1M,1000000,40,v1v2_sans_selection,pess,10,expo_brute,False,0.37659,0.7169600892217001,0.07,0.21539,0.17,0.4,4,40000,P_below_cash,0.5818749999999999,0.006542871438952998
v5_1M,v5,5. Les deux,1M,1000000,40,v1v2_sans_selection,central,10,expo_brute,False,0.37659,0.7169600892217001,0.27,0.21539,0.17,0.4,4,40000,P_below_cash,0.33142499999999997,0.005895407817389186
v5_1M,v5,5. Les deux,1M,1000000,40,v1v2_sans_selection,opt,10,expo_brute,False,0.37659,0.7169600892217001,0.47,0.21539,0.17,0.4,4,40000,P_below_cash,0.14192500000000002,0.0030858548248418947
v1_100k,v1,1. Montant fixe,100k,100000,13,commune,central,5,marge_contrats,False,0.066005,0.4987282429804,0.0329185576779213,0.38963,0.18356,0.6003541025998791,4,40000,P_below_cash,0.74745,0.004906118628814447
v1_250k,v1,1. Montant fixe,250k,250000,21,commune,central,5,marge_contrats,False,-0.01434,0.5766596986953074,-0.0082693000792907,0.37385,0.17136,0.5706796489109739,4,40000,P_below_cash,0.7554000000000001,0.004695387807909677
v1_1M,v1,1. Montant fixe,1M,1000000,36,commune,central,5,marge_contrats,False,0.014638,0.7169600892217001,0.0104948617860272,0.34739,0.16591,0.5368636190166675,4,40000,P_below_cash,0.718925,0.007086783473480802
v2_100k,v2,2. Système actuel,100k,100000,13,commune,central,5,marge_contrats,False,0.25477,0.4987282429804,0.1270609944641165,0.20601,0.10646,0.3268325408120552,4,40000,P_below_cash,0.533825,0.006007425960148541
v2_250k,v2,2. Système actuel,250k,250000,21,commune,central,5,marge_contrats,False,0.29366,0.5766596986953074,0.1693418871188639,0.19482,0.11062,0.3187126949333581,4,40000,P_below_cash,0.4764,0.005632642955723962
v2_1M,v2,2. Système actuel,1M,1000000,36,commune,central,5,marge_contrats,False,0.26414,0.7169600892217001,0.1893778379670198,0.20608,0.11957,0.3396284985375365,4,40000,P_below_cash,0.4516,0.005513014904145797
v3_100k,v3,3. + stratégie 13,100k,100000,14,commune,central,5,marge_contrats,False,0.284,0.4987282429804,0.1416388210064336,0.22245,0.12293,0.3608886995953677,4,40000,P_below_cash,0.52235,0.003718870796357425
v3_250k,v3,3. + stratégie 13,250k,250000,22,commune,central,5,marge_contrats,False,0.36765,0.5766596986953074,0.2120089382253297,0.20811,0.12633,0.348618115915107,4,40000,P_below_cash,0.43755,0.005255156198122632
v3_1M,v3,3. + stratégie 13,1M,1000000,37,commune,central,5,marge_contrats,False,0.32045,0.7169600892217001,0.2297498605910937,0.2125,0.13419,0.3611039700078927,4,40000,P_below_cash,0.416075,0.003707087805812006
v4_100k,v4,4. + pilotage du risque,100k,100000,13,commune,central,5,marge_contrats,False,0.39254,0.4987282429804,0.1957707844995262,0.21286,0.1175,0.3452001069717687,4,40000,P_below_cash,0.45245,0.005028253507266017
v4_250k,v4,4. + pilotage du risque,250k,250000,23,commune,central,5,marge_contrats,False,0.39268,0.5766596986953074,0.2264427304836733,0.21289,0.13386,0.3612537677053824,4,40000,P_below_cash,0.42315,0.00264007575648881
v4_1M,v4,4. + pilotage du risque,1M,1000000,38,commune,central,5,marge_contrats,False,0.37235,0.7169600892217001,0.2669600892217,0.21464,0.1405,0.369699127164678,4,40000,P_below_cash,0.37827500000000003,0.0025940637360455697
v5_100k,v5,5. Les deux,100k,100000,14,commune,central,5,marge_contrats,False,0.40102,0.4987282429804,0.2,0.21501,0.12384,0.35384,4,40000,P_below_cash,0.4511,0.0027940412786261353
v5_250k,v5,5. Les deux,250k,250000,24,commune,central,5,marge_contrats,False,0.41619,0.5766596986953074,0.24,0.21533,0.14192,0.37192,4,40000,P_below_cash,0.41,0.003569313659514942
v5_1M,v5,5. Les deux,1M,1000000,40,commune,central,5,marge_contrats,False,0.37659,0.7169600892217001,0.27,0.21539,0.14745,0.37745,4,40000,P_below_cash,0.381325,0.001990602923739406
v1_100k,v1,1. Montant fixe,100k,100000,13,commune,central,10,marge_contrats,False,0.066005,0.4987282429804,0.0329185576779213,0.38963,0.18356,0.6003541025998791,4,40000,P_below_cash,0.820225,0.002188416474683574
v1_250k,v1,1. Montant fixe,250k,250000,21,commune,central,10,marge_contrats,False,-0.01434,0.5766596986953074,-0.0082693000792907,0.37385,0.17136,0.5706796489109739,4,40000,P_below_cash,0.83125,0.0024283053075481674
v1_1M,v1,1. Montant fixe,1M,1000000,36,commune,central,10,marge_contrats,False,0.014638,0.7169600892217001,0.0104948617860272,0.34739,0.16591,0.5368636190166675,4,40000,P_below_cash,0.7918000000000001,0.0036696957185394104
v2_100k,v2,2. Système actuel,100k,100000,13,commune,central,10,marge_contrats,False,0.25477,0.4987282429804,0.1270609944641165,0.20601,0.10646,0.3268325408120552,4,40000,P_below_cash,0.533725,0.0030598202561588654
v2_250k,v2,2. Système actuel,250k,250000,21,commune,central,10,marge_contrats,False,0.29366,0.5766596986953074,0.1693418871188639,0.19482,0.11062,0.3187126949333581,4,40000,P_below_cash,0.45415,0.006478940242560224
v2_1M,v2,2. Système actuel,1M,1000000,36,commune,central,10,marge_contrats,False,0.26414,0.7169600892217001,0.1893778379670198,0.20608,0.11957,0.3396284985375365,4,40000,P_below_cash,0.422725,0.00806737255864633
v3_100k,v3,3. + stratégie 13,100k,100000,14,commune,central,10,marge_contrats,False,0.284,0.4987282429804,0.1416388210064336,0.22245,0.12293,0.3608886995953677,4,40000,P_below_cash,0.520925,0.0013744695946679337
v3_250k,v3,3. + stratégie 13,250k,250000,22,commune,central,10,marge_contrats,False,0.36765,0.5766596986953074,0.2120089382253297,0.20811,0.12633,0.348618115915107,4,40000,P_below_cash,0.4032,0.005425863986500216
v3_1M,v3,3. + stratégie 13,1M,1000000,37,commune,central,10,marge_contrats,False,0.32045,0.7169600892217001,0.2297498605910937,0.2125,0.13419,0.3611039700078927,4,40000,P_below_cash,0.373,0.006270034555991947
v4_100k,v4,4. + pilotage du risque,100k,100000,13,commune,central,10,marge_contrats,False,0.39254,0.4987282429804,0.1957707844995262,0.21286,0.1175,0.3452001069717687,4,40000,P_below_cash,0.430675,0.0011295279249904744
v4_250k,v4,4. + pilotage du risque,250k,250000,23,commune,central,10,marge_contrats,False,0.39268,0.5766596986953074,0.2264427304836733,0.21289,0.13386,0.3612537677053824,4,40000,P_below_cash,0.38955,0.0033985290935932837
v4_1M,v4,4. + pilotage du risque,1M,1000000,38,commune,central,10,marge_contrats,False,0.37235,0.7169600892217001,0.2669600892217,0.21464,0.1405,0.369699127164678,4,40000,P_below_cash,0.3262,0.004162531281163728
v5_100k,v5,5. Les deux,100k,100000,14,commune,central,10,marge_contrats,False,0.40102,0.4987282429804,0.2,0.21501,0.12384,0.35384,4,40000,P_below_cash,0.4284,0.0025858589804292494
v5_250k,v5,5. Les deux,250k,250000,24,commune,central,10,marge_contrats,False,0.41619,0.5766596986953074,0.24,0.21533,0.14192,0.37192,4,40000,P_below_cash,0.37060000000000004,0.004578937285731993
v5_1M,v5,5. Les deux,1M,1000000,40,commune,central,10,marge_contrats,False,0.37659,0.7169600892217001,0.27,0.21539,0.14745,0.37745,4,40000,P_below_cash,0.32815,0.006027437266367844
v1_100k,v1,1. Montant fixe,100k,100000,13,commune,pess,5,expo_brute,False,0.066005,0.4987282429804,-0.1670814423220787,0.38963,0.1017170440702665,0.5185111466701455,4,40000,cash_cagr,0.0230000000000001,0.0
v1_100k,v1,1. Montant fixe,100k,100000,13,commune,central,5,expo_brute,False,0.066005,0.4987282429804,0.0329185576779213,0.38963,0.1017170440702665,0.5185111466701455,4,40000,cash_cagr,0.0230000000000001,0.0
v1_100k,v1,1. Montant fixe,100k,100000,13,commune,opt,5,expo_brute,False,0.066005,0.4987282429804,0.2329185576779213,0.38963,0.1017170440702665,0.5185111466701455,4,40000,cash_cagr,0.0230000000000001,0.0
v1_250k,v1,1. Montant fixe,250k,250000,21,commune,pess,5,expo_brute,False,-0.01434,0.5766596986953074,-0.2082693000792907,0.37385,0.1017170440702665,0.5010366929812404,4,40000,cash_cagr,0.0230000000000001,0.0
v1_250k,v1,1. Montant fixe,250k,250000,21,commune,central,5,expo_brute,False,-0.01434,0.5766596986953074,-0.0082693000792907,0.37385,0.1017170440702665,0.5010366929812404,4,40000,cash_cagr,0.0230000000000001,0.0
v1_250k,v1,1. Montant fixe,250k,250000,21,commune,opt,5,expo_brute,False,-0.01434,0.5766596986953074,0.1917306999207093,0.37385,0.1017170440702665,0.5010366929812404,4,40000,cash_cagr,0.0230000000000001,0.0
v1_1M,v1,1. Montant fixe,1M,1000000,36,commune,pess,5,expo_brute,False,0.014638,0.7169600892217001,-0.1895051382139728,0.34739,0.1017170440702665,0.472670663086934,4,40000,cash_cagr,0.0230000000000001,0.0
v1_1M,v1,1. Montant fixe,1M,1000000,36,commune,central,5,expo_brute,False,0.014638,0.7169600892217001,0.0104948617860272,0.34739,0.1017170440702665,0.472670663086934,4,40000,cash_cagr,0.0230000000000001,0.0
v1_1M,v1,1. Montant fixe,1M,1000000,36,commune,opt,5,expo_brute,False,0.014638,0.7169600892217001,0.2104948617860272,0.34739,0.1017170440702665,0.472670663086934,4,40000,cash_cagr,0.0230000000000001,0.0
v2_100k,v2,2. Système actuel,100k,100000,13,commune,pess,5,expo_brute,False,0.25477,0.4987282429804,-0.0729390055358835,0.20601,0.1082974145291847,0.32866995534124,4,40000,cash_cagr,0.0230000000000001,0.0
v2_100k,v2,2. Système actuel,100k,100000,13,commune,central,5,expo_brute,False,0.25477,0.4987282429804,0.1270609944641165,0.20601,0.1082974145291847,0.32866995534124,4,40000,cash_cagr,0.0230000000000001,0.0
v2_100k,v2,2. Système actuel,100k,100000,13,commune,opt,5,expo_brute,False,0.25477,0.4987282429804,0.3270609944641165,0.20601,0.1082974145291847,0.32866995534124,4,40000,cash_cagr,0.0230000000000001,0.0
v2_250k,v2,2. Système actuel,250k,250000,21,commune,pess,5,expo_brute,False,0.29366,0.5766596986953074,-0.0306581128811361,0.19482,0.1082974145291847,0.3163901094625428,4,40000,cash_cagr,0.0230000000000001,0.0
v2_250k,v2,2. Système actuel,250k,250000,21,commune,central,5,expo_brute,False,0.29366,0.5766596986953074,0.1693418871188639,0.19482,0.1082974145291847,0.3163901094625428,4,40000,cash_cagr,0.0230000000000001,0.0
v2_250k,v2,2. Système actuel,250k,250000,21,commune,opt,5,expo_brute,False,0.29366,0.5766596986953074,0.3693418871188639,0.19482,0.1082974145291847,0.3163901094625428,4,40000,cash_cagr,0.0230000000000001,0.0
v2_1M,v2,2. Système actuel,1M,1000000,36,commune,pess,5,expo_brute,False,0.26414,0.7169600892217001,-0.0106221620329802,0.20608,0.1082974145291847,0.3283559130667213,4,40000,cash_cagr,0.0230000000000001,0.0
v2_1M,v2,2. Système actuel,1M,1000000,36,commune,central,5,expo_brute,False,0.26414,0.7169600892217001,0.1893778379670198,0.20608,0.1082974145291847,0.3283559130667213,4,40000,cash_cagr,0.0230000000000001,0.0
v2_1M,v2,2. Système actuel,1M,1000000,36,commune,opt,5,expo_brute,False,0.26414,0.7169600892217001,0.3893778379670198,0.20608,0.1082974145291847,0.3283559130667213,4,40000,cash_cagr,0.0230000000000001,0.0
v3_100k,v3,3. + stratégie 13,100k,100000,14,commune,pess,5,expo_brute,True,0.284,0.4987282429804,-0.0583611789935664,0.22245,0.1310906565570317,0.3690493561523995,4,40000,cash_cagr,0.0230000000000001,0.0
v3_100k,v3,3. + stratégie 13,100k,100000,14,commune,central,5,expo_brute,True,0.284,0.4987282429804,0.1416388210064336,0.22245,0.1310906565570317,0.3690493561523995,4,40000,cash_cagr,0.0230000000000001,0.0
v3_100k,v3,3. + stratégie 13,100k,100000,14,commune,opt,5,expo_brute,True,0.284,0.4987282429804,0.3416388210064336,0.22245,0.1310906565570317,0.3690493561523995,4,40000,cash_cagr,0.0230000000000001,0.0
v3_250k,v3,3. + stratégie 13,250k,250000,22,commune,pess,5,expo_brute,True,0.36765,0.5766596986953074,0.0120089382253296,0.20811,0.1310906565570317,0.3533787724721388,4,40000,cash_cagr,0.0230000000000001,0.0
v3_250k,v3,3. + stratégie 13,250k,250000,22,commune,central,5,expo_brute,True,0.36765,0.5766596986953074,0.2120089382253297,0.20811,0.1310906565570317,0.3533787724721388,4,40000,cash_cagr,0.0230000000000001,0.0
v3_250k,v3,3. + stratégie 13,250k,250000,22,commune,opt,5,expo_brute,True,0.36765,0.5766596986953074,0.4120089382253297,0.20811,0.1310906565570317,0.3533787724721388,4,40000,cash_cagr,0.0230000000000001,0.0
v3_1M,v3,3. + stratégie 13,1M,1000000,37,commune,pess,5,expo_brute,True,0.32045,0.7169600892217001,0.0297498605910936,0.2125,0.1310906565570317,0.3580046265649245,4,40000,cash_cagr,0.0230000000000001,0.0
v3_1M,v3,3. + stratégie 13,1M,1000000,37,commune,central,5,expo_brute,True,0.32045,0.7169600892217001,0.2297498605910937,0.2125,0.1310906565570317,0.3580046265649245,4,40000,cash_cagr,0.0230000000000001,0.0
v3_1M,v3,3. + stratégie 13,1M,1000000,37,commune,opt,5,expo_brute,True,0.32045,0.7169600892217001,0.4297498605910937,0.2125,0.1310906565570317,0.3580046265649245,4,40000,cash_cagr,0.0230000000000001,0.0
v4_100k,v4,4. + pilotage du risque,100k,100000,13,commune,pess,5,expo_brute,True,0.39254,0.4987282429804,-0.0042292155004738,0.21286,0.1505511344877443,0.3782512414595131,4,40000,cash_cagr,0.0230000000000001,0.0
v4_100k,v4,4. + pilotage du risque,100k,100000,13,commune,central,5,expo_brute,True,0.39254,0.4987282429804,0.1957707844995262,0.21286,0.1505511344877443,0.3782512414595131,4,40000,cash_cagr,0.0230000000000001,0.0
v4_100k,v4,4. + pilotage du risque,100k,100000,13,commune,opt,5,expo_brute,True,0.39254,0.4987282429804,0.3957707844995262,0.21286,0.1505511344877443,0.3782512414595131,4,40000,cash_cagr,0.0230000000000001,0.0
v4_250k,v4,4. + pilotage du risque,250k,250000,23,commune,pess,5,expo_brute,True,0.39268,0.5766596986953074,0.0264427304836732,0.21289,0.1505511344877443,0.3779449021931268,4,40000,cash_cagr,0.0230000000000001,0.0
v4_250k,v4,4. + pilotage du risque,250k,250000,23,commune,central,5,expo_brute,True,0.39268,0.5766596986953074,0.2264427304836733,0.21289,0.1505511344877443,0.3779449021931268,4,40000,cash_cagr,0.0230000000000001,0.0
v4_250k,v4,4. + pilotage du risque,250k,250000,23,commune,opt,5,expo_brute,True,0.39268,0.5766596986953074,0.4264427304836733,0.21289,0.1505511344877443,0.3779449021931268,4,40000,cash_cagr,0.0230000000000001,0.0
v4_1M,v4,4. + pilotage du risque,1M,1000000,38,commune,pess,5,expo_brute,True,0.37235,0.7169600892217001,0.0669600892216999,0.21464,0.1505511344877443,0.3797502616524224,4,40000,cash_cagr,0.0230000000000001,0.0
v4_1M,v4,4. + pilotage du risque,1M,1000000,38,commune,central,5,expo_brute,True,0.37235,0.7169600892217001,0.2669600892217,0.21464,0.1505511344877443,0.3797502616524224,4,40000,cash_cagr,0.0230000000000001,0.0
v4_1M,v4,4. + pilotage du risque,1M,1000000,38,commune,opt,5,expo_brute,True,0.37235,0.7169600892217001,0.4669600892217,0.21464,0.1505511344877443,0.3797502616524224,4,40000,cash_cagr,0.0230000000000001,0.0
v5_100k,v5,5. Les deux,100k,100000,14,commune,pess,5,expo_brute,True,0.40102,0.4987282429804,0.0,0.21501,0.17,0.4,4,40000,cash_cagr,0.0230000000000001,0.0
v5_100k,v5,5. Les deux,100k,100000,14,commune,central,5,expo_brute,True,0.40102,0.4987282429804,0.2,0.21501,0.17,0.4,4,40000,cash_cagr,0.0230000000000001,0.0
v5_100k,v5,5. Les deux,100k,100000,14,commune,opt,5,expo_brute,True,0.40102,0.4987282429804,0.4,0.21501,0.17,0.4,4,40000,cash_cagr,0.0230000000000001,0.0
v5_250k,v5,5. Les deux,250k,250000,24,commune,pess,5,expo_brute,True,0.41619,0.5766596986953074,0.0399999999999999,0.21533,0.17,0.4,4,40000,cash_cagr,0.0230000000000001,0.0
v5_250k,v5,5. Les deux,250k,250000,24,commune,central,5,expo_brute,True,0.41619,0.5766596986953074,0.24,0.21533,0.17,0.4,4,40000,cash_cagr,0.0230000000000001,0.0
v5_250k,v5,5. Les deux,250k,250000,24,commune,opt,5,expo_brute,True,0.41619,0.5766596986953074,0.44,0.21533,0.17,0.4,4,40000,cash_cagr,0.0230000000000001,0.0
v5_1M,v5,5. Les deux,1M,1000000,40,commune,pess,5,expo_brute,True,0.37659,0.7169600892217001,0.07,0.21539,0.17,0.4,4,40000,cash_cagr,0.0230000000000001,0.0
v5_1M,v5,5. Les deux,1M,1000000,40,commune,central,5,expo_brute,True,0.37659,0.7169600892217001,0.27,0.21539,0.17,0.4,4,40000,cash_cagr,0.0230000000000001,0.0
v5_1M,v5,5. Les deux,1M,1000000,40,commune,opt,5,expo_brute,True,0.37659,0.7169600892217001,0.47,0.21539,0.17,0.4,4,40000,cash_cagr,0.0230000000000001,0.0
v1_100k,v1,1. Montant fixe,100k,100000,13,commune,pess,10,expo_brute,False,0.066005,0.4987282429804,-0.1670814423220787,0.38963,0.1017170440702665,0.5185111466701455,4,40000,cash_cagr,0.0230000000000001,0.0
v1_100k,v1,1. Montant fixe,100k,100000,13,commune,central,10,expo_brute,False,0.066005,0.4987282429804,0.0329185576779213,0.38963,0.1017170440702665,0.5185111466701455,4,40000,cash_cagr,0.0230000000000001,0.0
v1_100k,v1,1. Montant fixe,100k,100000,13,commune,opt,10,expo_brute,False,0.066005,0.4987282429804,0.2329185576779213,0.38963,0.1017170440702665,0.5185111466701455,4,40000,cash_cagr,0.0230000000000001,0.0
v1_250k,v1,1. Montant fixe,250k,250000,21,commune,pess,10,expo_brute,False,-0.01434,0.5766596986953074,-0.2082693000792907,0.37385,0.1017170440702665,0.5010366929812404,4,40000,cash_cagr,0.0230000000000001,0.0
v1_250k,v1,1. Montant fixe,250k,250000,21,commune,central,10,expo_brute,False,-0.01434,0.5766596986953074,-0.0082693000792907,0.37385,0.1017170440702665,0.5010366929812404,4,40000,cash_cagr,0.0230000000000001,0.0
v1_250k,v1,1. Montant fixe,250k,250000,21,commune,opt,10,expo_brute,False,-0.01434,0.5766596986953074,0.1917306999207093,0.37385,0.1017170440702665,0.5010366929812404,4,40000,cash_cagr,0.0230000000000001,0.0
v1_1M,v1,1. Montant fixe,1M,1000000,36,commune,pess,10,expo_brute,False,0.014638,0.7169600892217001,-0.1895051382139728,0.34739,0.1017170440702665,0.472670663086934,4,40000,cash_cagr,0.0230000000000001,0.0
v1_1M,v1,1. Montant fixe,1M,1000000,36,commune,central,10,expo_brute,False,0.014638,0.7169600892217001,0.0104948617860272,0.34739,0.1017170440702665,0.472670663086934,4,40000,cash_cagr,0.0230000000000001,0.0
v1_1M,v1,1. Montant fixe,1M,1000000,36,commune,opt,10,expo_brute,False,0.014638,0.7169600892217001,0.2104948617860272,0.34739,0.1017170440702665,0.472670663086934,4,40000,cash_cagr,0.0230000000000001,0.0
v2_100k,v2,2. Système actuel,100k,100000,13,commune,pess,10,expo_brute,False,0.25477,0.4987282429804,-0.0729390055358835,0.20601,0.1082974145291847,0.32866995534124,4,40000,cash_cagr,0.0230000000000001,0.0
v2_100k,v2,2. Système actuel,100k,100000,13,commune,central,10,expo_brute,False,0.25477,0.4987282429804,0.1270609944641165,0.20601,0.1082974145291847,0.32866995534124,4,40000,cash_cagr,0.0230000000000001,0.0
v2_100k,v2,2. Système actuel,100k,100000,13,commune,opt,10,expo_brute,False,0.25477,0.4987282429804,0.3270609944641165,0.20601,0.1082974145291847,0.32866995534124,4,40000,cash_cagr,0.0230000000000001,0.0
v2_250k,v2,2. Système actuel,250k,250000,21,commune,pess,10,expo_brute,False,0.29366,0.5766596986953074,-0.0306581128811361,0.19482,0.1082974145291847,0.3163901094625428,4,40000,cash_cagr,0.0230000000000001,0.0
v2_250k,v2,2. Système actuel,250k,250000,21,commune,central,10,expo_brute,False,0.29366,0.5766596986953074,0.1693418871188639,0.19482,0.1082974145291847,0.3163901094625428,4,40000,cash_cagr,0.0230000000000001,0.0
v2_250k,v2,2. Système actuel,250k,250000,21,commune,opt,10,expo_brute,False,0.29366,0.5766596986953074,0.3693418871188639,0.19482,0.1082974145291847,0.3163901094625428,4,40000,cash_cagr,0.0230000000000001,0.0
v2_1M,v2,2. Système actuel,1M,1000000,36,commune,pess,10,expo_brute,False,0.26414,0.7169600892217001,-0.0106221620329802,0.20608,0.1082974145291847,0.3283559130667213,4,40000,cash_cagr,0.0230000000000001,0.0
v2_1M,v2,2. Système actuel,1M,1000000,36,commune,central,10,expo_brute,False,0.26414,0.7169600892217001,0.1893778379670198,0.20608,0.1082974145291847,0.3283559130667213,4,40000,cash_cagr,0.0230000000000001,0.0
v2_1M,v2,2. Système actuel,1M,1000000,36,commune,opt,10,expo_brute,False,0.26414,0.7169600892217001,0.3893778379670198,0.20608,0.1082974145291847,0.3283559130667213,4,40000,cash_cagr,0.0230000000000001,0.0
v3_100k,v3,3. + stratégie 13,100k,100000,14,commune,pess,10,expo_brute,True,0.284,0.4987282429804,-0.0583611789935664,0.22245,0.1310906565570317,0.3690493561523995,4,40000,cash_cagr,0.0230000000000001,0.0
v3_100k,v3,3. + stratégie 13,100k,100000,14,commune,central,10,expo_brute,True,0.284,0.4987282429804,0.1416388210064336,0.22245,0.1310906565570317,0.3690493561523995,4,40000,cash_cagr,0.0230000000000001,0.0
v3_100k,v3,3. + stratégie 13,100k,100000,14,commune,opt,10,expo_brute,True,0.284,0.4987282429804,0.3416388210064336,0.22245,0.1310906565570317,0.3690493561523995,4,40000,cash_cagr,0.0230000000000001,0.0
v3_250k,v3,3. + stratégie 13,250k,250000,22,commune,pess,10,expo_brute,True,0.36765,0.5766596986953074,0.0120089382253296,0.20811,0.1310906565570317,0.3533787724721388,4,40000,cash_cagr,0.0230000000000001,0.0
v3_250k,v3,3. + stratégie 13,250k,250000,22,commune,central,10,expo_brute,True,0.36765,0.5766596986953074,0.2120089382253297,0.20811,0.1310906565570317,0.3533787724721388,4,40000,cash_cagr,0.0230000000000001,0.0
v3_250k,v3,3. + stratégie 13,250k,250000,22,commune,opt,10,expo_brute,True,0.36765,0.5766596986953074,0.4120089382253297,0.20811,0.1310906565570317,0.3533787724721388,4,40000,cash_cagr,0.0230000000000001,0.0
v3_1M,v3,3. + stratégie 13,1M,1000000,37,commune,pess,10,expo_brute,True,0.32045,0.7169600892217001,0.0297498605910936,0.2125,0.1310906565570317,0.3580046265649245,4,40000,cash_cagr,0.0230000000000001,0.0
v3_1M,v3,3. + stratégie 13,1M,1000000,37,commune,central,10,expo_brute,True,0.32045,0.7169600892217001,0.2297498605910937,0.2125,0.1310906565570317,0.3580046265649245,4,40000,cash_cagr,0.0230000000000001,0.0
v3_1M,v3,3. + stratégie 13,1M,1000000,37,commune,opt,10,expo_brute,True,0.32045,0.7169600892217001,0.4297498605910937,0.2125,0.1310906565570317,0.3580046265649245,4,40000,cash_cagr,0.0230000000000001,0.0
v4_100k,v4,4. + pilotage du risque,100k,100000,13,commune,pess,10,expo_brute,True,0.39254,0.4987282429804,-0.0042292155004738,0.21286,0.1505511344877443,0.3782512414595131,4,40000,cash_cagr,0.0230000000000001,0.0
v4_100k,v4,4. + pilotage du risque,100k,100000,13,commune,central,10,expo_brute,True,0.39254,0.4987282429804,0.1957707844995262,0.21286,0.1505511344877443,0.3782512414595131,4,40000,cash_cagr,0.0230000000000001,0.0
v4_100k,v4,4. + pilotage du risque,100k,100000,13,commune,opt,10,expo_brute,True,0.39254,0.4987282429804,0.3957707844995262,0.21286,0.1505511344877443,0.3782512414595131,4,40000,cash_cagr,0.0230000000000001,0.0
v4_250k,v4,4. + pilotage du risque,250k,250000,23,commune,pess,10,expo_brute,True,0.39268,0.5766596986953074,0.0264427304836732,0.21289,0.1505511344877443,0.3779449021931268,4,40000,cash_cagr,0.0230000000000001,0.0
v4_250k,v4,4. + pilotage du risque,250k,250000,23,commune,central,10,expo_brute,True,0.39268,0.5766596986953074,0.2264427304836733,0.21289,0.1505511344877443,0.3779449021931268,4,40000,cash_cagr,0.0230000000000001,0.0
v4_250k,v4,4. + pilotage du risque,250k,250000,23,commune,opt,10,expo_brute,True,0.39268,0.5766596986953074,0.4264427304836733,0.21289,0.1505511344877443,0.3779449021931268,4,40000,cash_cagr,0.0230000000000001,0.0
v4_1M,v4,4. + pilotage du risque,1M,1000000,38,commune,pess,10,expo_brute,True,0.37235,0.7169600892217001,0.0669600892216999,0.21464,0.1505511344877443,0.3797502616524224,4,40000,cash_cagr,0.0230000000000001,0.0
v4_1M,v4,4. + pilotage du risque,1M,1000000,38,commune,central,10,expo_brute,True,0.37235,0.7169600892217001,0.2669600892217,0.21464,0.1505511344877443,0.3797502616524224,4,40000,cash_cagr,0.0230000000000001,0.0
v4_1M,v4,4. + pilotage du risque,1M,1000000,38,commune,opt,10,expo_brute,True,0.37235,0.7169600892217001,0.4669600892217,0.21464,0.1505511344877443,0.3797502616524224,4,40000,cash_cagr,0.0230000000000001,0.0
v5_100k,v5,5. Les deux,100k,100000,14,commune,pess,10,expo_brute,True,0.40102,0.4987282429804,0.0,0.21501,0.17,0.4,4,40000,cash_cagr,0.0230000000000001,0.0
v5_100k,v5,5. Les deux,100k,100000,14,commune,central,10,expo_brute,True,0.40102,0.4987282429804,0.2,0.21501,0.17,0.4,4,40000,cash_cagr,0.0230000000000001,0.0
v5_100k,v5,5. Les deux,100k,100000,14,commune,opt,10,expo_brute,True,0.40102,0.4987282429804,0.4,0.21501,0.17,0.4,4,40000,cash_cagr,0.0230000000000001,0.0
v5_250k,v5,5. Les deux,250k,250000,24,commune,pess,10,expo_brute,True,0.41619,0.5766596986953074,0.0399999999999999,0.21533,0.17,0.4,4,40000,cash_cagr,0.0230000000000001,0.0
v5_250k,v5,5. Les deux,250k,250000,24,commune,central,10,expo_brute,True,0.41619,0.5766596986953074,0.24,0.21533,0.17,0.4,4,40000,cash_cagr,0.0230000000000001,0.0
v5_250k,v5,5. Les deux,250k,250000,24,commune,opt,10,expo_brute,True,0.41619,0.5766596986953074,0.44,0.21533,0.17,0.4,4,40000,cash_cagr,0.0230000000000001,0.0
v5_1M,v5,5. Les deux,1M,1000000,40,commune,pess,10,expo_brute,True,0.37659,0.7169600892217001,0.07,0.21539,0.17,0.4,4,40000,cash_cagr,0.0230000000000001,0.0
v5_1M,v5,5. Les deux,1M,1000000,40,commune,central,10,expo_brute,True,0.37659,0.7169600892217001,0.27,0.21539,0.17,0.4,4,40000,cash_cagr,0.0230000000000001,0.0
v5_1M,v5,5. Les deux,1M,1000000,40,commune,opt,10,expo_brute,True,0.37659,0.7169600892217001,0.47,0.21539,0.17,0.4,4,40000,cash_cagr,0.0230000000000001,0.0
v1_100k,v1,1. Montant fixe,100k,100000,13,v1v2_sans_selection,pess,5,expo_brute,True,0.066005,0.4987282429804,-0.1588098317415591,0.38963,0.1017170440702665,0.5185111466701455,4,40000,cash_cagr,0.0230000000000001,0.0
v1_100k,v1,1. Montant fixe,100k,100000,13,v1v2_sans_selection,central,5,expo_brute,True,0.066005,0.4987282429804,0.0411901682584409,0.38963,0.1017170440702665,0.5185111466701455,4,40000,cash_cagr,0.0230000000000001,0.0
v1_100k,v1,1. Montant fixe,100k,100000,13,v1v2_sans_selection,opt,5,expo_brute,True,0.066005,0.4987282429804,0.2411901682584409,0.38963,0.1017170440702665,0.5185111466701455,4,40000,cash_cagr,0.0230000000000001,0.0
v1_250k,v1,1. Montant fixe,250k,250000,21,v1v2_sans_selection,pess,5,expo_brute,True,-0.01434,0.5766596986953074,-0.209786975059468,0.37385,0.1017170440702665,0.5010366929812404,4,40000,cash_cagr,0.0230000000000001,0.0
v1_250k,v1,1. Montant fixe,250k,250000,21,v1v2_sans_selection,central,5,expo_brute,True,-0.01434,0.5766596986953074,-0.009786975059468,0.37385,0.1017170440702665,0.5010366929812404,4,40000,cash_cagr,0.0230000000000001,0.0
v1_250k,v1,1. Montant fixe,250k,250000,21,v1v2_sans_selection,opt,5,expo_brute,True,-0.01434,0.5766596986953074,0.190213024940532,0.37385,0.1017170440702665,0.5010366929812404,4,40000,cash_cagr,0.0230000000000001,0.0
v1_1M,v1,1. Montant fixe,1M,1000000,36,v1v2_sans_selection,pess,5,expo_brute,True,0.014638,0.7169600892217001,-0.1884693536604796,0.34739,0.1017170440702665,0.472670663086934,4,40000,cash_cagr,0.0230000000000001,0.0
v1_1M,v1,1. Montant fixe,1M,1000000,36,v1v2_sans_selection,central,5,expo_brute,True,0.014638,0.7169600892217001,0.0115306463395204,0.34739,0.1017170440702665,0.472670663086934,4,40000,cash_cagr,0.0230000000000001,0.0
v1_1M,v1,1. Montant fixe,1M,1000000,36,v1v2_sans_selection,opt,5,expo_brute,True,0.014638,0.7169600892217001,0.2115306463395204,0.34739,0.1017170440702665,0.472670663086934,4,40000,cash_cagr,0.0230000000000001,0.0
v2_100k,v2,2. Système actuel,100k,100000,13,v1v2_sans_selection,pess,5,expo_brute,True,0.25477,0.4987282429804,-0.0410117541519126,0.20601,0.1082974145291847,0.32866995534124,4,40000,cash_cagr,0.0230000000000001,0.0
v2_100k,v2,2. Système actuel,100k,100000,13,v1v2_sans_selection,central,5,expo_brute,True,0.25477,0.4987282429804,0.1589882458480874,0.20601,0.1082974145291847,0.32866995534124,4,40000,cash_cagr,0.0230000000000001,0.0
v2_100k,v2,2. Système actuel,100k,100000,13,v1v2_sans_selection,opt,5,expo_brute,True,0.25477,0.4987282429804,0.3589882458480874,0.20601,0.1082974145291847,0.32866995534124,4,40000,cash_cagr,0.0230000000000001,0.0
v2_250k,v2,2. Système actuel,250k,250000,21,v1v2_sans_selection,pess,5,expo_brute,True,0.29366,0.5766596986953074,0.0004214153391478,0.19482,0.1082974145291847,0.3163901094625428,4,40000,cash_cagr,0.0230000000000001,0.0
v2_250k,v2,2. Système actuel,250k,250000,21,v1v2_sans_selection,central,5,expo_brute,True,0.29366,0.5766596986953074,0.2004214153391479,0.19482,0.1082974145291847,0.3163901094625428,4,40000,cash_cagr,0.0230000000000001,0.0
v2_250k,v2,2. Système actuel,250k,250000,21,v1v2_sans_selection,opt,5,expo_brute,True,0.29366,0.5766596986953074,0.4004214153391479,0.19482,0.1082974145291847,0.3163901094625428,4,40000,cash_cagr,0.0230000000000001,0.0
v2_1M,v2,2. Système actuel,1M,1000000,36,v1v2_sans_selection,pess,5,expo_brute,True,0.26414,0.7169600892217001,0.0080683784752647,0.20608,0.1082974145291847,0.3283559130667213,4,40000,cash_cagr,0.0230000000000001,0.0
v2_1M,v2,2. Système actuel,1M,1000000,36,v1v2_sans_selection,central,5,expo_brute,True,0.26414,0.7169600892217001,0.2080683784752648,0.20608,0.1082974145291847,0.3283559130667213,4,40000,cash_cagr,0.0230000000000001,0.0
v2_1M,v2,2. Système actuel,1M,1000000,36,v1v2_sans_selection,opt,5,expo_brute,True,0.26414,0.7169600892217001,0.4080683784752648,0.20608,0.1082974145291847,0.3283559130667213,4,40000,cash_cagr,0.0230000000000001,0.0
v3_100k,v3,3. + stratégie 13,100k,100000,14,v1v2_sans_selection,pess,5,expo_brute,False,0.284,0.4987282429804,-0.0583611789935664,0.22245,0.1310906565570317,0.3690493561523995,4,40000,cash_cagr,0.0230000000000001,0.0
v3_100k,v3,3. + stratégie 13,100k,100000,14,v1v2_sans_selection,central,5,expo_brute,False,0.284,0.4987282429804,0.1416388210064336,0.22245,0.1310906565570317,0.3690493561523995,4,40000,cash_cagr,0.0230000000000001,0.0
v3_100k,v3,3. + stratégie 13,100k,100000,14,v1v2_sans_selection,opt,5,expo_brute,False,0.284,0.4987282429804,0.3416388210064336,0.22245,0.1310906565570317,0.3690493561523995,4,40000,cash_cagr,0.0230000000000001,0.0
v3_250k,v3,3. + stratégie 13,250k,250000,22,v1v2_sans_selection,pess,5,expo_brute,False,0.36765,0.5766596986953074,0.0120089382253296,0.20811,0.1310906565570317,0.3533787724721388,4,40000,cash_cagr,0.0230000000000001,0.0
v3_250k,v3,3. + stratégie 13,250k,250000,22,v1v2_sans_selection,central,5,expo_brute,False,0.36765,0.5766596986953074,0.2120089382253297,0.20811,0.1310906565570317,0.3533787724721388,4,40000,cash_cagr,0.0230000000000001,0.0
v3_250k,v3,3. + stratégie 13,250k,250000,22,v1v2_sans_selection,opt,5,expo_brute,False,0.36765,0.5766596986953074,0.4120089382253297,0.20811,0.1310906565570317,0.3533787724721388,4,40000,cash_cagr,0.0230000000000001,0.0
v3_1M,v3,3. + stratégie 13,1M,1000000,37,v1v2_sans_selection,pess,5,expo_brute,False,0.32045,0.7169600892217001,0.0297498605910936,0.2125,0.1310906565570317,0.3580046265649245,4,40000,cash_cagr,0.0230000000000001,0.0
v3_1M,v3,3. + stratégie 13,1M,1000000,37,v1v2_sans_selection,central,5,expo_brute,False,0.32045,0.7169600892217001,0.2297498605910937,0.2125,0.1310906565570317,0.3580046265649245,4,40000,cash_cagr,0.0230000000000001,0.0
v3_1M,v3,3. + stratégie 13,1M,1000000,37,v1v2_sans_selection,opt,5,expo_brute,False,0.32045,0.7169600892217001,0.4297498605910937,0.2125,0.1310906565570317,0.3580046265649245,4,40000,cash_cagr,0.0230000000000001,0.0
v4_100k,v4,4. + pilotage du risque,100k,100000,13,v1v2_sans_selection,pess,5,expo_brute,False,0.39254,0.4987282429804,-0.0042292155004738,0.21286,0.1505511344877443,0.3782512414595131,4,40000,cash_cagr,0.0230000000000001,0.0
v4_100k,v4,4. + pilotage du risque,100k,100000,13,v1v2_sans_selection,central,5,expo_brute,False,0.39254,0.4987282429804,0.1957707844995262,0.21286,0.1505511344877443,0.3782512414595131,4,40000,cash_cagr,0.0230000000000001,0.0
v4_100k,v4,4. + pilotage du risque,100k,100000,13,v1v2_sans_selection,opt,5,expo_brute,False,0.39254,0.4987282429804,0.3957707844995262,0.21286,0.1505511344877443,0.3782512414595131,4,40000,cash_cagr,0.0230000000000001,0.0
v4_250k,v4,4. + pilotage du risque,250k,250000,23,v1v2_sans_selection,pess,5,expo_brute,False,0.39268,0.5766596986953074,0.0264427304836732,0.21289,0.1505511344877443,0.3779449021931268,4,40000,cash_cagr,0.0230000000000001,0.0
v4_250k,v4,4. + pilotage du risque,250k,250000,23,v1v2_sans_selection,central,5,expo_brute,False,0.39268,0.5766596986953074,0.2264427304836733,0.21289,0.1505511344877443,0.3779449021931268,4,40000,cash_cagr,0.0230000000000001,0.0
v4_250k,v4,4. + pilotage du risque,250k,250000,23,v1v2_sans_selection,opt,5,expo_brute,False,0.39268,0.5766596986953074,0.4264427304836733,0.21289,0.1505511344877443,0.3779449021931268,4,40000,cash_cagr,0.0230000000000001,0.0
v4_1M,v4,4. + pilotage du risque,1M,1000000,38,v1v2_sans_selection,pess,5,expo_brute,False,0.37235,0.7169600892217001,0.0669600892216999,0.21464,0.1505511344877443,0.3797502616524224,4,40000,cash_cagr,0.0230000000000001,0.0
v4_1M,v4,4. + pilotage du risque,1M,1000000,38,v1v2_sans_selection,central,5,expo_brute,False,0.37235,0.7169600892217001,0.2669600892217,0.21464,0.1505511344877443,0.3797502616524224,4,40000,cash_cagr,0.0230000000000001,0.0
v4_1M,v4,4. + pilotage du risque,1M,1000000,38,v1v2_sans_selection,opt,5,expo_brute,False,0.37235,0.7169600892217001,0.4669600892217,0.21464,0.1505511344877443,0.3797502616524224,4,40000,cash_cagr,0.0230000000000001,0.0
v5_100k,v5,5. Les deux,100k,100000,14,v1v2_sans_selection,pess,5,expo_brute,False,0.40102,0.4987282429804,0.0,0.21501,0.17,0.4,4,40000,cash_cagr,0.0230000000000001,0.0
v5_100k,v5,5. Les deux,100k,100000,14,v1v2_sans_selection,central,5,expo_brute,False,0.40102,0.4987282429804,0.2,0.21501,0.17,0.4,4,40000,cash_cagr,0.0230000000000001,0.0
v5_100k,v5,5. Les deux,100k,100000,14,v1v2_sans_selection,opt,5,expo_brute,False,0.40102,0.4987282429804,0.4,0.21501,0.17,0.4,4,40000,cash_cagr,0.0230000000000001,0.0
v5_250k,v5,5. Les deux,250k,250000,24,v1v2_sans_selection,pess,5,expo_brute,False,0.41619,0.5766596986953074,0.0399999999999999,0.21533,0.17,0.4,4,40000,cash_cagr,0.0230000000000001,0.0
v5_250k,v5,5. Les deux,250k,250000,24,v1v2_sans_selection,central,5,expo_brute,False,0.41619,0.5766596986953074,0.24,0.21533,0.17,0.4,4,40000,cash_cagr,0.0230000000000001,0.0
v5_250k,v5,5. Les deux,250k,250000,24,v1v2_sans_selection,opt,5,expo_brute,False,0.41619,0.5766596986953074,0.44,0.21533,0.17,0.4,4,40000,cash_cagr,0.0230000000000001,0.0
v5_1M,v5,5. Les deux,1M,1000000,40,v1v2_sans_selection,pess,5,expo_brute,False,0.37659,0.7169600892217001,0.07,0.21539,0.17,0.4,4,40000,cash_cagr,0.0230000000000001,0.0
v5_1M,v5,5. Les deux,1M,1000000,40,v1v2_sans_selection,central,5,expo_brute,False,0.37659,0.7169600892217001,0.27,0.21539,0.17,0.4,4,40000,cash_cagr,0.0230000000000001,0.0
v5_1M,v5,5. Les deux,1M,1000000,40,v1v2_sans_selection,opt,5,expo_brute,False,0.37659,0.7169600892217001,0.47,0.21539,0.17,0.4,4,40000,cash_cagr,0.0230000000000001,0.0
v1_100k,v1,1. Montant fixe,100k,100000,13,v1v2_sans_selection,pess,10,expo_brute,True,0.066005,0.4987282429804,-0.1588098317415591,0.38963,0.1017170440702665,0.5185111466701455,4,40000,cash_cagr,0.0230000000000001,0.0
v1_100k,v1,1. Montant fixe,100k,100000,13,v1v2_sans_selection,central,10,expo_brute,True,0.066005,0.4987282429804,0.0411901682584409,0.38963,0.1017170440702665,0.5185111466701455,4,40000,cash_cagr,0.0230000000000001,0.0
v1_100k,v1,1. Montant fixe,100k,100000,13,v1v2_sans_selection,opt,10,expo_brute,True,0.066005,0.4987282429804,0.2411901682584409,0.38963,0.1017170440702665,0.5185111466701455,4,40000,cash_cagr,0.0230000000000001,0.0
v1_250k,v1,1. Montant fixe,250k,250000,21,v1v2_sans_selection,pess,10,expo_brute,True,-0.01434,0.5766596986953074,-0.209786975059468,0.37385,0.1017170440702665,0.5010366929812404,4,40000,cash_cagr,0.0230000000000001,0.0
v1_250k,v1,1. Montant fixe,250k,250000,21,v1v2_sans_selection,central,10,expo_brute,True,-0.01434,0.5766596986953074,-0.009786975059468,0.37385,0.1017170440702665,0.5010366929812404,4,40000,cash_cagr,0.0230000000000001,0.0
v1_250k,v1,1. Montant fixe,250k,250000,21,v1v2_sans_selection,opt,10,expo_brute,True,-0.01434,0.5766596986953074,0.190213024940532,0.37385,0.1017170440702665,0.5010366929812404,4,40000,cash_cagr,0.0230000000000001,0.0
v1_1M,v1,1. Montant fixe,1M,1000000,36,v1v2_sans_selection,pess,10,expo_brute,True,0.014638,0.7169600892217001,-0.1884693536604796,0.34739,0.1017170440702665,0.472670663086934,4,40000,cash_cagr,0.0230000000000001,0.0
v1_1M,v1,1. Montant fixe,1M,1000000,36,v1v2_sans_selection,central,10,expo_brute,True,0.014638,0.7169600892217001,0.0115306463395204,0.34739,0.1017170440702665,0.472670663086934,4,40000,cash_cagr,0.0230000000000001,0.0
v1_1M,v1,1. Montant fixe,1M,1000000,36,v1v2_sans_selection,opt,10,expo_brute,True,0.014638,0.7169600892217001,0.2115306463395204,0.34739,0.1017170440702665,0.472670663086934,4,40000,cash_cagr,0.0230000000000001,0.0
v2_100k,v2,2. Système actuel,100k,100000,13,v1v2_sans_selection,pess,10,expo_brute,True,0.25477,0.4987282429804,-0.0410117541519126,0.20601,0.1082974145291847,0.32866995534124,4,40000,cash_cagr,0.0230000000000001,0.0
v2_100k,v2,2. Système actuel,100k,100000,13,v1v2_sans_selection,central,10,expo_brute,True,0.25477,0.4987282429804,0.1589882458480874,0.20601,0.1082974145291847,0.32866995534124,4,40000,cash_cagr,0.0230000000000001,0.0
v2_100k,v2,2. Système actuel,100k,100000,13,v1v2_sans_selection,opt,10,expo_brute,True,0.25477,0.4987282429804,0.3589882458480874,0.20601,0.1082974145291847,0.32866995534124,4,40000,cash_cagr,0.0230000000000001,0.0
v2_250k,v2,2. Système actuel,250k,250000,21,v1v2_sans_selection,pess,10,expo_brute,True,0.29366,0.5766596986953074,0.0004214153391478,0.19482,0.1082974145291847,0.3163901094625428,4,40000,cash_cagr,0.0230000000000001,0.0
v2_250k,v2,2. Système actuel,250k,250000,21,v1v2_sans_selection,central,10,expo_brute,True,0.29366,0.5766596986953074,0.2004214153391479,0.19482,0.1082974145291847,0.3163901094625428,4,40000,cash_cagr,0.0230000000000001,0.0
v2_250k,v2,2. Système actuel,250k,250000,21,v1v2_sans_selection,opt,10,expo_brute,True,0.29366,0.5766596986953074,0.4004214153391479,0.19482,0.1082974145291847,0.3163901094625428,4,40000,cash_cagr,0.0230000000000001,0.0
v2_1M,v2,2. Système actuel,1M,1000000,36,v1v2_sans_selection,pess,10,expo_brute,True,0.26414,0.7169600892217001,0.0080683784752647,0.20608,0.1082974145291847,0.3283559130667213,4,40000,cash_cagr,0.0230000000000001,0.0
v2_1M,v2,2. Système actuel,1M,1000000,36,v1v2_sans_selection,central,10,expo_brute,True,0.26414,0.7169600892217001,0.2080683784752648,0.20608,0.1082974145291847,0.3283559130667213,4,40000,cash_cagr,0.0230000000000001,0.0
v2_1M,v2,2. Système actuel,1M,1000000,36,v1v2_sans_selection,opt,10,expo_brute,True,0.26414,0.7169600892217001,0.4080683784752648,0.20608,0.1082974145291847,0.3283559130667213,4,40000,cash_cagr,0.0230000000000001,0.0
v3_100k,v3,3. + stratégie 13,100k,100000,14,v1v2_sans_selection,pess,10,expo_brute,False,0.284,0.4987282429804,-0.0583611789935664,0.22245,0.1310906565570317,0.3690493561523995,4,40000,cash_cagr,0.0230000000000001,0.0
v3_100k,v3,3. + stratégie 13,100k,100000,14,v1v2_sans_selection,central,10,expo_brute,False,0.284,0.4987282429804,0.1416388210064336,0.22245,0.1310906565570317,0.3690493561523995,4,40000,cash_cagr,0.0230000000000001,0.0
v3_100k,v3,3. + stratégie 13,100k,100000,14,v1v2_sans_selection,opt,10,expo_brute,False,0.284,0.4987282429804,0.3416388210064336,0.22245,0.1310906565570317,0.3690493561523995,4,40000,cash_cagr,0.0230000000000001,0.0
v3_250k,v3,3. + stratégie 13,250k,250000,22,v1v2_sans_selection,pess,10,expo_brute,False,0.36765,0.5766596986953074,0.0120089382253296,0.20811,0.1310906565570317,0.3533787724721388,4,40000,cash_cagr,0.0230000000000001,0.0
v3_250k,v3,3. + stratégie 13,250k,250000,22,v1v2_sans_selection,central,10,expo_brute,False,0.36765,0.5766596986953074,0.2120089382253297,0.20811,0.1310906565570317,0.3533787724721388,4,40000,cash_cagr,0.0230000000000001,0.0
v3_250k,v3,3. + stratégie 13,250k,250000,22,v1v2_sans_selection,opt,10,expo_brute,False,0.36765,0.5766596986953074,0.4120089382253297,0.20811,0.1310906565570317,0.3533787724721388,4,40000,cash_cagr,0.0230000000000001,0.0
v3_1M,v3,3. + stratégie 13,1M,1000000,37,v1v2_sans_selection,pess,10,expo_brute,False,0.32045,0.7169600892217001,0.0297498605910936,0.2125,0.1310906565570317,0.3580046265649245,4,40000,cash_cagr,0.0230000000000001,0.0
v3_1M,v3,3. + stratégie 13,1M,1000000,37,v1v2_sans_selection,central,10,expo_brute,False,0.32045,0.7169600892217001,0.2297498605910937,0.2125,0.1310906565570317,0.3580046265649245,4,40000,cash_cagr,0.0230000000000001,0.0
v3_1M,v3,3. + stratégie 13,1M,1000000,37,v1v2_sans_selection,opt,10,expo_brute,False,0.32045,0.7169600892217001,0.4297498605910937,0.2125,0.1310906565570317,0.3580046265649245,4,40000,cash_cagr,0.0230000000000001,0.0
v4_100k,v4,4. + pilotage du risque,100k,100000,13,v1v2_sans_selection,pess,10,expo_brute,False,0.39254,0.4987282429804,-0.0042292155004738,0.21286,0.1505511344877443,0.3782512414595131,4,40000,cash_cagr,0.0230000000000001,0.0
v4_100k,v4,4. + pilotage du risque,100k,100000,13,v1v2_sans_selection,central,10,expo_brute,False,0.39254,0.4987282429804,0.1957707844995262,0.21286,0.1505511344877443,0.3782512414595131,4,40000,cash_cagr,0.0230000000000001,0.0
v4_100k,v4,4. + pilotage du risque,100k,100000,13,v1v2_sans_selection,opt,10,expo_brute,False,0.39254,0.4987282429804,0.3957707844995262,0.21286,0.1505511344877443,0.3782512414595131,4,40000,cash_cagr,0.0230000000000001,0.0
v4_250k,v4,4. + pilotage du risque,250k,250000,23,v1v2_sans_selection,pess,10,expo_brute,False,0.39268,0.5766596986953074,0.0264427304836732,0.21289,0.1505511344877443,0.3779449021931268,4,40000,cash_cagr,0.0230000000000001,0.0
v4_250k,v4,4. + pilotage du risque,250k,250000,23,v1v2_sans_selection,central,10,expo_brute,False,0.39268,0.5766596986953074,0.2264427304836733,0.21289,0.1505511344877443,0.3779449021931268,4,40000,cash_cagr,0.0230000000000001,0.0
v4_250k,v4,4. + pilotage du risque,250k,250000,23,v1v2_sans_selection,opt,10,expo_brute,False,0.39268,0.5766596986953074,0.4264427304836733,0.21289,0.1505511344877443,0.3779449021931268,4,40000,cash_cagr,0.0230000000000001,0.0
v4_1M,v4,4. + pilotage du risque,1M,1000000,38,v1v2_sans_selection,pess,10,expo_brute,False,0.37235,0.7169600892217001,0.0669600892216999,0.21464,0.1505511344877443,0.3797502616524224,4,40000,cash_cagr,0.0230000000000001,0.0
v4_1M,v4,4. + pilotage du risque,1M,1000000,38,v1v2_sans_selection,central,10,expo_brute,False,0.37235,0.7169600892217001,0.2669600892217,0.21464,0.1505511344877443,0.3797502616524224,4,40000,cash_cagr,0.0230000000000001,0.0
v4_1M,v4,4. + pilotage du risque,1M,1000000,38,v1v2_sans_selection,opt,10,expo_brute,False,0.37235,0.7169600892217001,0.4669600892217,0.21464,0.1505511344877443,0.3797502616524224,4,40000,cash_cagr,0.0230000000000001,0.0
v5_100k,v5,5. Les deux,100k,100000,14,v1v2_sans_selection,pess,10,expo_brute,False,0.40102,0.4987282429804,0.0,0.21501,0.17,0.4,4,40000,cash_cagr,0.0230000000000001,0.0
v5_100k,v5,5. Les deux,100k,100000,14,v1v2_sans_selection,central,10,expo_brute,False,0.40102,0.4987282429804,0.2,0.21501,0.17,0.4,4,40000,cash_cagr,0.0230000000000001,0.0
v5_100k,v5,5. Les deux,100k,100000,14,v1v2_sans_selection,opt,10,expo_brute,False,0.40102,0.4987282429804,0.4,0.21501,0.17,0.4,4,40000,cash_cagr,0.0230000000000001,0.0
v5_250k,v5,5. Les deux,250k,250000,24,v1v2_sans_selection,pess,10,expo_brute,False,0.41619,0.5766596986953074,0.0399999999999999,0.21533,0.17,0.4,4,40000,cash_cagr,0.0230000000000001,0.0
v5_250k,v5,5. Les deux,250k,250000,24,v1v2_sans_selection,central,10,expo_brute,False,0.41619,0.5766596986953074,0.24,0.21533,0.17,0.4,4,40000,cash_cagr,0.0230000000000001,0.0
v5_250k,v5,5. Les deux,250k,250000,24,v1v2_sans_selection,opt,10,expo_brute,False,0.41619,0.5766596986953074,0.44,0.21533,0.17,0.4,4,40000,cash_cagr,0.0230000000000001,0.0
v5_1M,v5,5. Les deux,1M,1000000,40,v1v2_sans_selection,pess,10,expo_brute,False,0.37659,0.7169600892217001,0.07,0.21539,0.17,0.4,4,40000,cash_cagr,0.0230000000000001,0.0
v5_1M,v5,5. Les deux,1M,1000000,40,v1v2_sans_selection,central,10,expo_brute,False,0.37659,0.7169600892217001,0.27,0.21539,0.17,0.4,4,40000,cash_cagr,0.0230000000000001,0.0
v5_1M,v5,5. Les deux,1M,1000000,40,v1v2_sans_selection,opt,10,expo_brute,False,0.37659,0.7169600892217001,0.47,0.21539,0.17,0.4,4,40000,cash_cagr,0.0230000000000001,0.0
v1_100k,v1,1. Montant fixe,100k,100000,13,commune,central,5,marge_contrats,False,0.066005,0.4987282429804,0.0329185576779213,0.38963,0.18356,0.6003541025998791,4,40000,cash_cagr,0.0230000000000001,0.0
v1_250k,v1,1. Montant fixe,250k,250000,21,commune,central,5,marge_contrats,False,-0.01434,0.5766596986953074,-0.0082693000792907,0.37385,0.17136,0.5706796489109739,4,40000,cash_cagr,0.0230000000000001,0.0
v1_1M,v1,1. Montant fixe,1M,1000000,36,commune,central,5,marge_contrats,False,0.014638,0.7169600892217001,0.0104948617860272,0.34739,0.16591,0.5368636190166675,4,40000,cash_cagr,0.0230000000000001,0.0
v2_100k,v2,2. Système actuel,100k,100000,13,commune,central,5,marge_contrats,False,0.25477,0.4987282429804,0.1270609944641165,0.20601,0.10646,0.3268325408120552,4,40000,cash_cagr,0.0230000000000001,0.0
v2_250k,v2,2. Système actuel,250k,250000,21,commune,central,5,marge_contrats,False,0.29366,0.5766596986953074,0.1693418871188639,0.19482,0.11062,0.3187126949333581,4,40000,cash_cagr,0.0230000000000001,0.0
v2_1M,v2,2. Système actuel,1M,1000000,36,commune,central,5,marge_contrats,False,0.26414,0.7169600892217001,0.1893778379670198,0.20608,0.11957,0.3396284985375365,4,40000,cash_cagr,0.0230000000000001,0.0
v3_100k,v3,3. + stratégie 13,100k,100000,14,commune,central,5,marge_contrats,False,0.284,0.4987282429804,0.1416388210064336,0.22245,0.12293,0.3608886995953677,4,40000,cash_cagr,0.0230000000000001,0.0
v3_250k,v3,3. + stratégie 13,250k,250000,22,commune,central,5,marge_contrats,False,0.36765,0.5766596986953074,0.2120089382253297,0.20811,0.12633,0.348618115915107,4,40000,cash_cagr,0.0230000000000001,0.0
v3_1M,v3,3. + stratégie 13,1M,1000000,37,commune,central,5,marge_contrats,False,0.32045,0.7169600892217001,0.2297498605910937,0.2125,0.13419,0.3611039700078927,4,40000,cash_cagr,0.0230000000000001,0.0
v4_100k,v4,4. + pilotage du risque,100k,100000,13,commune,central,5,marge_contrats,False,0.39254,0.4987282429804,0.1957707844995262,0.21286,0.1175,0.3452001069717687,4,40000,cash_cagr,0.0230000000000001,0.0
v4_250k,v4,4. + pilotage du risque,250k,250000,23,commune,central,5,marge_contrats,False,0.39268,0.5766596986953074,0.2264427304836733,0.21289,0.13386,0.3612537677053824,4,40000,cash_cagr,0.0230000000000001,0.0
v4_1M,v4,4. + pilotage du risque,1M,1000000,38,commune,central,5,marge_contrats,False,0.37235,0.7169600892217001,0.2669600892217,0.21464,0.1405,0.369699127164678,4,40000,cash_cagr,0.0230000000000001,0.0
v5_100k,v5,5. Les deux,100k,100000,14,commune,central,5,marge_contrats,False,0.40102,0.4987282429804,0.2,0.21501,0.12384,0.35384,4,40000,cash_cagr,0.0230000000000001,0.0
v5_250k,v5,5. Les deux,250k,250000,24,commune,central,5,marge_contrats,False,0.41619,0.5766596986953074,0.24,0.21533,0.14192,0.37192,4,40000,cash_cagr,0.0230000000000001,0.0
v5_1M,v5,5. Les deux,1M,1000000,40,commune,central,5,marge_contrats,False,0.37659,0.7169600892217001,0.27,0.21539,0.14745,0.37745,4,40000,cash_cagr,0.0230000000000001,0.0
v1_100k,v1,1. Montant fixe,100k,100000,13,commune,central,10,marge_contrats,False,0.066005,0.4987282429804,0.0329185576779213,0.38963,0.18356,0.6003541025998791,4,40000,cash_cagr,0.0230000000000001,0.0
v1_250k,v1,1. Montant fixe,250k,250000,21,commune,central,10,marge_contrats,False,-0.01434,0.5766596986953074,-0.0082693000792907,0.37385,0.17136,0.5706796489109739,4,40000,cash_cagr,0.0230000000000001,0.0
v1_1M,v1,1. Montant fixe,1M,1000000,36,commune,central,10,marge_contrats,False,0.014638,0.7169600892217001,0.0104948617860272,0.34739,0.16591,0.5368636190166675,4,40000,cash_cagr,0.0230000000000001,0.0
v2_100k,v2,2. Système actuel,100k,100000,13,commune,central,10,marge_contrats,False,0.25477,0.4987282429804,0.1270609944641165,0.20601,0.10646,0.3268325408120552,4,40000,cash_cagr,0.0230000000000001,0.0
v2_250k,v2,2. Système actuel,250k,250000,21,commune,central,10,marge_contrats,False,0.29366,0.5766596986953074,0.1693418871188639,0.19482,0.11062,0.3187126949333581,4,40000,cash_cagr,0.0230000000000001,0.0
v2_1M,v2,2. Système actuel,1M,1000000,36,commune,central,10,marge_contrats,False,0.26414,0.7169600892217001,0.1893778379670198,0.20608,0.11957,0.3396284985375365,4,40000,cash_cagr,0.0230000000000001,0.0
v3_100k,v3,3. + stratégie 13,100k,100000,14,commune,central,10,marge_contrats,False,0.284,0.4987282429804,0.1416388210064336,0.22245,0.12293,0.3608886995953677,4,40000,cash_cagr,0.0230000000000001,0.0
v3_250k,v3,3. + stratégie 13,250k,250000,22,commune,central,10,marge_contrats,False,0.36765,0.5766596986953074,0.2120089382253297,0.20811,0.12633,0.348618115915107,4,40000,cash_cagr,0.0230000000000001,0.0
v3_1M,v3,3. + stratégie 13,1M,1000000,37,commune,central,10,marge_contrats,False,0.32045,0.7169600892217001,0.2297498605910937,0.2125,0.13419,0.3611039700078927,4,40000,cash_cagr,0.0230000000000001,0.0
v4_100k,v4,4. + pilotage du risque,100k,100000,13,commune,central,10,marge_contrats,False,0.39254,0.4987282429804,0.1957707844995262,0.21286,0.1175,0.3452001069717687,4,40000,cash_cagr,0.0230000000000001,0.0
v4_250k,v4,4. + pilotage du risque,250k,250000,23,commune,central,10,marge_contrats,False,0.39268,0.5766596986953074,0.2264427304836733,0.21289,0.13386,0.3612537677053824,4,40000,cash_cagr,0.0230000000000001,0.0
v4_1M,v4,4. + pilotage du risque,1M,1000000,38,commune,central,10,marge_contrats,False,0.37235,0.7169600892217001,0.2669600892217,0.21464,0.1405,0.369699127164678,4,40000,cash_cagr,0.0230000000000001,0.0
v5_100k,v5,5. Les deux,100k,100000,14,commune,central,10,marge_contrats,False,0.40102,0.4987282429804,0.2,0.21501,0.12384,0.35384,4,40000,cash_cagr,0.0230000000000001,0.0
v5_250k,v5,5. Les deux,250k,250000,24,commune,central,10,marge_contrats,False,0.41619,0.5766596986953074,0.24,0.21533,0.14192,0.37192,4,40000,cash_cagr,0.0230000000000001,0.0
v5_1M,v5,5. Les deux,1M,1000000,40,commune,central,10,marge_contrats,False,0.37659,0.7169600892217001,0.27,0.21539,0.14745,0.37745,4,40000,cash_cagr,0.0230000000000001,0.0
v1_100k,v1,1. Montant fixe,100k,100000,13,commune,pess,5,expo_brute,False,0.066005,0.4987282429804,-0.1670814423220787,0.38963,0.1017170440702665,0.5185111466701455,4,40000,dd_med,-0.6860141417599114,0.001212222139625921
v1_100k,v1,1. Montant fixe,100k,100000,13,commune,central,5,expo_brute,False,0.066005,0.4987282429804,0.0329185576779213,0.38963,0.1017170440702665,0.5185111466701455,4,40000,dd_med,-0.607270656360126,0.0010276132836068601
v1_100k,v1,1. Montant fixe,100k,100000,13,commune,opt,5,expo_brute,False,0.066005,0.4987282429804,0.2329185576779213,0.38963,0.1017170440702665,0.5185111466701455,4,40000,dd_med,-0.5186781784329789,0.0017003762978352092
v1_250k,v1,1. Montant fixe,250k,250000,21,commune,pess,5,expo_brute,False,-0.01434,0.5766596986953074,-0.2082693000792907,0.37385,0.1017170440702665,0.5010366929812404,4,40000,dd_med,-0.6880060024247971,0.0017692673372902924
v1_250k,v1,1. Montant fixe,250k,250000,21,commune,central,5,expo_brute,False,-0.01434,0.5766596986953074,-0.0082693000792907,0.37385,0.1017170440702665,0.5010366929812404,4,40000,dd_med,-0.6085967089277723,0.0025621973977540753
v1_250k,v1,1. Montant fixe,250k,250000,21,commune,opt,5,expo_brute,False,-0.01434,0.5766596986953074,0.1917306999207093,0.37385,0.1017170440702665,0.5010366929812404,4,40000,dd_med,-0.5411699936666907,0.001383097685365614
v1_1M,v1,1. Montant fixe,1M,1000000,36,commune,pess,5,expo_brute,False,0.014638,0.7169600892217001,-0.1895051382139728,0.34739,0.1017170440702665,0.472670663086934,4,40000,dd_med,-0.6443545253267147,0.0017703076510797902
v1_1M,v1,1. Montant fixe,1M,1000000,36,commune,central,5,expo_brute,False,0.014638,0.7169600892217001,0.0104948617860272,0.34739,0.1017170440702665,0.472670663086934,4,40000,dd_med,-0.5633378004483555,0.0011936481221280955
v1_1M,v1,1. Montant fixe,1M,1000000,36,commune,opt,5,expo_brute,False,0.014638,0.7169600892217001,0.2104948617860272,0.34739,0.1017170440702665,0.472670663086934,4,40000,dd_med,-0.5016832107796872,0.00034249573646932797
v2_100k,v2,2. Système actuel,100k,100000,13,commune,pess,5,expo_brute,False,0.25477,0.4987282429804,-0.0729390055358835,0.20601,0.1082974145291847,0.32866995534124,4,40000,dd_med,-0.4006216282696733,0.0017754926947342923
v2_100k,v2,2. Système actuel,100k,100000,13,commune,central,5,expo_brute,False,0.25477,0.4987282429804,0.1270609944641165,0.20601,0.1082974145291847,0.32866995534124,4,40000,dd_med,-0.34102504655799926,0.002192430160460813
v2_100k,v2,2. Système actuel,100k,100000,13,commune,opt,5,expo_brute,False,0.25477,0.4987282429804,0.3270609944641165,0.20601,0.1082974145291847,0.32866995534124,4,40000,dd_med,-0.296494970086451,0.0013984127058525996
v2_250k,v2,2. Système actuel,250k,250000,21,commune,pess,5,expo_brute,False,0.29366,0.5766596986953074,-0.0306581128811361,0.19482,0.1082974145291847,0.3163901094625428,4,40000,dd_med,-0.38656534649162877,0.0008763959100289519
v2_250k,v2,2. Système actuel,250k,250000,21,commune,central,5,expo_brute,False,0.29366,0.5766596986953074,0.1693418871188639,0.19482,0.1082974145291847,0.3163901094625428,4,40000,dd_med,-0.33100621431217137,0.0013683279097388324
v2_250k,v2,2. Système actuel,250k,250000,21,commune,opt,5,expo_brute,False,0.29366,0.5766596986953074,0.3693418871188639,0.19482,0.1082974145291847,0.3163901094625428,4,40000,dd_med,-0.2854986210595092,0.001399960711715158
v2_1M,v2,2. Système actuel,1M,1000000,36,commune,pess,5,expo_brute,False,0.26414,0.7169600892217001,-0.0106221620329802,0.20608,0.1082974145291847,0.3283559130667213,4,40000,dd_med,-0.3976066239142384,0.0009548360271169256
v2_1M,v2,2. Système actuel,1M,1000000,36,commune,central,5,expo_brute,False,0.26414,0.7169600892217001,0.1893778379670198,0.20608,0.1082974145291847,0.3283559130667213,4,40000,dd_med,-0.3429616002899887,0.0007012311619961656
v2_1M,v2,2. Système actuel,1M,1000000,36,commune,opt,5,expo_brute,False,0.26414,0.7169600892217001,0.3893778379670198,0.20608,0.1082974145291847,0.3283559130667213,4,40000,dd_med,-0.296730388172595,0.0009104015778881869
v3_100k,v3,3. + stratégie 13,100k,100000,14,commune,pess,5,expo_brute,True,0.284,0.4987282429804,-0.0583611789935664,0.22245,0.1310906565570317,0.3690493561523995,4,40000,dd_med,-0.4265284720703963,0.0013806036863023986
v3_100k,v3,3. + stratégie 13,100k,100000,14,commune,central,5,expo_brute,True,0.284,0.4987282429804,0.1416388210064336,0.22245,0.1310906565570317,0.3690493561523995,4,40000,dd_med,-0.36659286077533176,0.0016940117843264478
v3_100k,v3,3. + stratégie 13,100k,100000,14,commune,opt,5,expo_brute,True,0.284,0.4987282429804,0.3416388210064336,0.22245,0.1310906565570317,0.3690493561523995,4,40000,dd_med,-0.3198750099971924,0.0018676637865040265
v3_250k,v3,3. + stratégie 13,250k,250000,22,commune,pess,5,expo_brute,True,0.36765,0.5766596986953074,0.0120089382253296,0.20811,0.1310906565570317,0.3533787724721388,4,40000,dd_med,-0.4026184618045009,0.0014080033876065305
v3_250k,v3,3. + stratégie 13,250k,250000,22,commune,central,5,expo_brute,True,0.36765,0.5766596986953074,0.2120089382253297,0.20811,0.1310906565570317,0.3533787724721388,4,40000,dd_med,-0.34940425155676974,0.001239987999054341
v3_250k,v3,3. + stratégie 13,250k,250000,22,commune,opt,5,expo_brute,True,0.36765,0.5766596986953074,0.4120089382253297,0.20811,0.1310906565570317,0.3533787724721388,4,40000,dd_med,-0.30531966372922614,0.0013440024136543724
v3_1M,v3,3. + stratégie 13,1M,1000000,37,commune,pess,5,expo_brute,True,0.32045,0.7169600892217001,0.0297498605910936,0.2125,0.1310906565570317,0.3580046265649245,4,40000,dd_med,-0.40100477886514896,0.0012999753968598341
v3_1M,v3,3. + stratégie 13,1M,1000000,37,commune,central,5,expo_brute,True,0.32045,0.7169600892217001,0.2297498605910937,0.2125,0.1310906565570317,0.3580046265649245,4,40000,dd_med,-0.34871912958108053,0.0015243705043465256
v3_1M,v3,3. + stratégie 13,1M,1000000,37,commune,opt,5,expo_brute,True,0.32045,0.7169600892217001,0.4297498605910937,0.2125,0.1310906565570317,0.3580046265649245,4,40000,dd_med,-0.3049062935733575,0.001103129279553481
v4_100k,v4,4. + pilotage du risque,100k,100000,13,commune,pess,5,expo_brute,True,0.39254,0.4987282429804,-0.0042292155004738,0.21286,0.1505511344877443,0.3782512414595131,4,40000,dd_med,-0.4053574946458635,0.0017474581197240505
v4_100k,v4,4. + pilotage du risque,100k,100000,13,commune,central,5,expo_brute,True,0.39254,0.4987282429804,0.1957707844995262,0.21286,0.1505511344877443,0.3782512414595131,4,40000,dd_med,-0.35331061024378085,0.0007378899931291454
v4_100k,v4,4. + pilotage du risque,100k,100000,13,commune,opt,5,expo_brute,True,0.39254,0.4987282429804,0.3957707844995262,0.21286,0.1505511344877443,0.3782512414595131,4,40000,dd_med,-0.3124432319531689,0.001051658685208844
v4_250k,v4,4. + pilotage du risque,250k,250000,23,commune,pess,5,expo_brute,True,0.39268,0.5766596986953074,0.0264427304836732,0.21289,0.1505511344877443,0.3779449021931268,4,40000,dd_med,-0.41318633734266935,0.0012710479736936227
v4_250k,v4,4. + pilotage du risque,250k,250000,23,commune,central,5,expo_brute,True,0.39268,0.5766596986953074,0.2264427304836733,0.21289,0.1505511344877443,0.3779449021931268,4,40000,dd_med,-0.36293265227832733,0.0014190498692493356
v4_250k,v4,4. + pilotage du risque,250k,250000,23,commune,opt,5,expo_brute,True,0.39268,0.5766596986953074,0.4264427304836733,0.21289,0.1505511344877443,0.3779449021931268,4,40000,dd_med,-0.32190951231494647,0.0013189651629238281
v4_1M,v4,4. + pilotage du risque,1M,1000000,38,commune,pess,5,expo_brute,True,0.37235,0.7169600892217001,0.0669600892216999,0.21464,0.1505511344877443,0.3797502616524224,4,40000,dd_med,-0.39672228137100596,0.0015636491940509778
v4_1M,v4,4. + pilotage du risque,1M,1000000,38,commune,central,5,expo_brute,True,0.37235,0.7169600892217001,0.2669600892217,0.21464,0.1505511344877443,0.3797502616524224,4,40000,dd_med,-0.35002103949753505,0.0014642263601587957
v4_1M,v4,4. + pilotage du risque,1M,1000000,38,commune,opt,5,expo_brute,True,0.37235,0.7169600892217001,0.4669600892217,0.21464,0.1505511344877443,0.3797502616524224,4,40000,dd_med,-0.3117617749251198,0.00139622483432759
v5_100k,v5,5. Les deux,100k,100000,14,commune,pess,5,expo_brute,True,0.40102,0.4987282429804,0.0,0.21501,0.17,0.4,4,40000,dd_med,-0.40793525536333364,0.0007737404140365043
v5_100k,v5,5. Les deux,100k,100000,14,commune,central,5,expo_brute,True,0.40102,0.4987282429804,0.2,0.21501,0.17,0.4,4,40000,dd_med,-0.3554357002971207,0.0010838435024935033
v5_100k,v5,5. Les deux,100k,100000,14,commune,opt,5,expo_brute,True,0.40102,0.4987282429804,0.4,0.21501,0.17,0.4,4,40000,dd_med,-0.31509417646511984,0.0009400491527155056
v5_250k,v5,5. Les deux,250k,250000,24,commune,pess,5,expo_brute,True,0.41619,0.5766596986953074,0.0399999999999999,0.21533,0.17,0.4,4,40000,dd_med,-0.4162364617696479,0.0013783255670599323
v5_250k,v5,5. Les deux,250k,250000,24,commune,central,5,expo_brute,True,0.41619,0.5766596986953074,0.24,0.21533,0.17,0.4,4,40000,dd_med,-0.3680546180410897,0.0014904371189365141
v5_250k,v5,5. Les deux,250k,250000,24,commune,opt,5,expo_brute,True,0.41619,0.5766596986953074,0.44,0.21533,0.17,0.4,4,40000,dd_med,-0.330605634029943,0.0008986579254115021
v5_1M,v5,5. Les deux,1M,1000000,40,commune,pess,5,expo_brute,True,0.37659,0.7169600892217001,0.07,0.21539,0.17,0.4,4,40000,dd_med,-0.4019106617834926,0.0012347093774920357
v5_1M,v5,5. Les deux,1M,1000000,40,commune,central,5,expo_brute,True,0.37659,0.7169600892217001,0.27,0.21539,0.17,0.4,4,40000,dd_med,-0.35447342557725564,0.0013626486353137581
v5_1M,v5,5. Les deux,1M,1000000,40,commune,opt,5,expo_brute,True,0.37659,0.7169600892217001,0.47,0.21539,0.17,0.4,4,40000,dd_med,-0.3144194846486793,0.0017039808017143426
v1_100k,v1,1. Montant fixe,100k,100000,13,commune,pess,10,expo_brute,False,0.066005,0.4987282429804,-0.1670814423220787,0.38963,0.1017170440702665,0.5185111466701455,4,40000,dd_med,-0.8557171736589974,0.0017767784387873464
v1_100k,v1,1. Montant fixe,100k,100000,13,commune,central,10,expo_brute,False,0.066005,0.4987282429804,0.0329185576779213,0.38963,0.1017170440702665,0.5185111466701455,4,40000,dd_med,-0.7446611891911693,0.0022798946717716047
v1_100k,v1,1. Montant fixe,100k,100000,13,commune,opt,10,expo_brute,False,0.066005,0.4987282429804,0.2329185576779213,0.38963,0.1017170440702665,0.5185111466701455,4,40000,dd_med,-0.6276672106680705,0.00016674070208942853
v1_250k,v1,1. Montant fixe,250k,250000,21,commune,pess,10,expo_brute,False,-0.01434,0.5766596986953074,-0.2082693000792907,0.37385,0.1017170440702665,0.5010366929812404,4,40000,dd_med,-0.8551840356735707,0.002041747239680377
v1_250k,v1,1. Montant fixe,250k,250000,21,commune,central,10,expo_brute,False,-0.01434,0.5766596986953074,-0.0082693000792907,0.37385,0.1017170440702665,0.5010366929812404,4,40000,dd_med,-0.7543900615790257,0.0020335251074539477
v1_250k,v1,1. Montant fixe,250k,250000,21,commune,opt,10,expo_brute,False,-0.01434,0.5766596986953074,0.1917306999207093,0.37385,0.1017170440702665,0.5010366929812404,4,40000,dd_med,-0.6432179201490873,0.0019052328596267393
v1_1M,v1,1. Montant fixe,1M,1000000,36,commune,pess,10,expo_brute,False,0.014638,0.7169600892217001,-0.1895051382139728,0.34739,0.1017170440702665,0.472670663086934,4,40000,dd_med,-0.8100048440957894,0.0019622134789005273
v1_1M,v1,1. Montant fixe,1M,1000000,36,commune,central,10,expo_brute,False,0.014638,0.7169600892217001,0.0104948617860272,0.34739,0.1017170440702665,0.472670663086934,4,40000,dd_med,-0.7036616546494597,0.002164720124571077
v1_1M,v1,1. Montant fixe,1M,1000000,36,commune,opt,10,expo_brute,False,0.014638,0.7169600892217001,0.2104948617860272,0.34739,0.1017170440702665,0.472670663086934,4,40000,dd_med,-0.6052924094406904,0.0017120951806773787
v2_100k,v2,2. Système actuel,100k,100000,13,commune,pess,10,expo_brute,False,0.25477,0.4987282429804,-0.0729390055358835,0.20601,0.1082974145291847,0.32866995534124,4,40000,dd_med,-0.5267567962562355,0.0012194800070324014
v2_100k,v2,2. Système actuel,100k,100000,13,commune,central,10,expo_brute,False,0.25477,0.4987282429804,0.1270609944641165,0.20601,0.1082974145291847,0.32866995534124,4,40000,dd_med,-0.4282339961780825,0.001169938857665802
v2_100k,v2,2. Système actuel,100k,100000,13,commune,opt,10,expo_brute,False,0.25477,0.4987282429804,0.3270609944641165,0.20601,0.1082974145291847,0.32866995534124,4,40000,dd_med,-0.3542968561284608,0.00024459467246001334
v2_250k,v2,2. Système actuel,250k,250000,21,commune,pess,10,expo_brute,False,0.29366,0.5766596986953074,-0.0306581128811361,0.19482,0.1082974145291847,0.3163901094625428,4,40000,dd_med,-0.5051947179894127,0.002122075386941841
v2_250k,v2,2. Système actuel,250k,250000,21,commune,central,10,expo_brute,False,0.29366,0.5766596986953074,0.1693418871188639,0.19482,0.1082974145291847,0.3163901094625428,4,40000,dd_med,-0.4179240525664799,0.002088217690265125
v2_250k,v2,2. Système actuel,250k,250000,21,commune,opt,10,expo_brute,False,0.29366,0.5766596986953074,0.3693418871188639,0.19482,0.1082974145291847,0.3163901094625428,4,40000,dd_med,-0.34771715744754855,0.001083385375559103
v2_1M,v2,2. Système actuel,1M,1000000,36,commune,pess,10,expo_brute,False,0.26414,0.7169600892217001,-0.0106221620329802,0.20608,0.1082974145291847,0.3283559130667213,4,40000,dd_med,-0.5157765917432076,0.0009866388636307261
v2_1M,v2,2. Système actuel,1M,1000000,36,commune,central,10,expo_brute,False,0.26414,0.7169600892217001,0.1893778379670198,0.20608,0.1082974145291847,0.3283559130667213,4,40000,dd_med,-0.42964780831851834,0.001504796685520959
v2_1M,v2,2. Système actuel,1M,1000000,36,commune,opt,10,expo_brute,False,0.26414,0.7169600892217001,0.3893778379670198,0.20608,0.1082974145291847,0.3283559130667213,4,40000,dd_med,-0.35993652507471,0.0011959585656068274
v3_100k,v3,3. + stratégie 13,100k,100000,14,commune,pess,10,expo_brute,True,0.284,0.4987282429804,-0.0583611789935664,0.22245,0.1310906565570317,0.3690493561523995,4,40000,dd_med,-0.559652925191241,0.002197838702569322
v3_100k,v3,3. + stratégie 13,100k,100000,14,commune,central,10,expo_brute,True,0.284,0.4987282429804,0.1416388210064336,0.22245,0.1310906565570317,0.3690493561523995,4,40000,dd_med,-0.46034998346027217,0.0017143395005267395
v3_100k,v3,3. + stratégie 13,100k,100000,14,commune,opt,10,expo_brute,True,0.284,0.4987282429804,0.3416388210064336,0.22245,0.1310906565570317,0.3690493561523995,4,40000,dd_med,-0.3855889863393025,0.0016619865631225226
v3_250k,v3,3. + stratégie 13,250k,250000,22,commune,pess,10,expo_brute,True,0.36765,0.5766596986953074,0.0120089382253296,0.20811,0.1310906565570317,0.3533787724721388,4,40000,dd_med,-0.5215881053664546,0.002974422338231603
v3_250k,v3,3. + stratégie 13,250k,250000,22,commune,central,10,expo_brute,True,0.36765,0.5766596986953074,0.2120089382253297,0.20811,0.1310906565570317,0.3533787724721388,4,40000,dd_med,-0.4392623446852637,0.0014896227399034982
v3_250k,v3,3. + stratégie 13,250k,250000,22,commune,opt,10,expo_brute,True,0.36765,0.5766596986953074,0.4120089382253297,0.20811,0.1310906565570317,0.3533787724721388,4,40000,dd_med,-0.37310485903193535,0.0009846822802736218
v3_1M,v3,3. + stratégie 13,1M,1000000,37,commune,pess,10,expo_brute,True,0.32045,0.7169600892217001,0.0297498605910936,0.2125,0.1310906565570317,0.3580046265649245,4,40000,dd_med,-0.5154402762556085,0.0014706922489799762
v3_1M,v3,3. + stratégie 13,1M,1000000,37,commune,central,10,expo_brute,True,0.32045,0.7169600892217001,0.2297498605910937,0.2125,0.1310906565570317,0.3580046265649245,4,40000,dd_med,-0.4345697535966014,0.0013988060475410497
v3_1M,v3,3. + stratégie 13,1M,1000000,37,commune,opt,10,expo_brute,True,0.32045,0.7169600892217001,0.4297498605910937,0.2125,0.1310906565570317,0.3580046265649245,4,40000,dd_med,-0.36951465792357596,0.0010593903786876532
v4_100k,v4,4. + pilotage du risque,100k,100000,13,commune,pess,10,expo_brute,True,0.39254,0.4987282429804,-0.0042292155004738,0.21286,0.1505511344877443,0.3782512414595131,4,40000,dd_med,-0.5262353881598433,0.0012689096646795312
v4_100k,v4,4. + pilotage du risque,100k,100000,13,commune,central,10,expo_brute,True,0.39254,0.4987282429804,0.1957707844995262,0.21286,0.1505511344877443,0.3782512414595131,4,40000,dd_med,-0.44204627321894596,0.0016145497550865543
v4_100k,v4,4. + pilotage du risque,100k,100000,13,commune,opt,10,expo_brute,True,0.39254,0.4987282429804,0.3957707844995262,0.21286,0.1505511344877443,0.3782512414595131,4,40000,dd_med,-0.37757809078362325,0.0016935928667657458
v4_250k,v4,4. + pilotage du risque,250k,250000,23,commune,pess,10,expo_brute,True,0.39268,0.5766596986953074,0.0264427304836732,0.21289,0.1505511344877443,0.3779449021931268,4,40000,dd_med,-0.5369605719405607,0.002177382028369483
v4_250k,v4,4. + pilotage du risque,250k,250000,23,commune,central,10,expo_brute,True,0.39268,0.5766596986953074,0.2264427304836733,0.21289,0.1505511344877443,0.3779449021931268,4,40000,dd_med,-0.46113962703102057,0.0009873110242500929
v4_250k,v4,4. + pilotage du risque,250k,250000,23,commune,opt,10,expo_brute,True,0.39268,0.5766596986953074,0.4264427304836733,0.21289,0.1505511344877443,0.3779449021931268,4,40000,dd_med,-0.40086870890541726,0.0019707658960695985
v4_1M,v4,4. + pilotage du risque,1M,1000000,38,commune,pess,10,expo_brute,True,0.37235,0.7169600892217001,0.0669600892216999,0.21464,0.1505511344877443,0.3797502616524224,4,40000,dd_med,-0.5103168730564345,0.0015633340597376805
v4_1M,v4,4. + pilotage du risque,1M,1000000,38,commune,central,10,expo_brute,True,0.37235,0.7169600892217001,0.2669600892217,0.21464,0.1505511344877443,0.3797502616524224,4,40000,dd_med,-0.4394566003341719,0.0013762992845498456
v4_1M,v4,4. + pilotage du risque,1M,1000000,38,commune,opt,10,expo_brute,True,0.37235,0.7169600892217001,0.4669600892217,0.21464,0.1505511344877443,0.3797502616524224,4,40000,dd_med,-0.3844262445124301,0.0011019496587436179
v5_100k,v5,5. Les deux,100k,100000,14,commune,pess,10,expo_brute,True,0.40102,0.4987282429804,0.0,0.21501,0.17,0.4,4,40000,dd_med,-0.5297613276364952,0.0026880093265244857
v5_100k,v5,5. Les deux,100k,100000,14,commune,central,10,expo_brute,True,0.40102,0.4987282429804,0.2,0.21501,0.17,0.4,4,40000,dd_med,-0.44501378117652185,0.002240617748575385
v5_100k,v5,5. Les deux,100k,100000,14,commune,opt,10,expo_brute,True,0.40102,0.4987282429804,0.4,0.21501,0.17,0.4,4,40000,dd_med,-0.3798596542056946,0.00142620150609773
v5_250k,v5,5. Les deux,250k,250000,24,commune,pess,10,expo_brute,True,0.41619,0.5766596986953074,0.0399999999999999,0.21533,0.17,0.4,4,40000,dd_med,-0.5379018816732856,0.0021103095304954326
v5_250k,v5,5. Les deux,250k,250000,24,commune,central,10,expo_brute,True,0.41619,0.5766596986953074,0.24,0.21533,0.17,0.4,4,40000,dd_med,-0.46461958346989773,0.0014747753655035515
v5_250k,v5,5. Les deux,250k,250000,24,commune,opt,10,expo_brute,True,0.41619,0.5766596986953074,0.44,0.21533,0.17,0.4,4,40000,dd_med,-0.406966151791475,0.0015127376201827262
v5_1M,v5,5. Les deux,1M,1000000,40,commune,pess,10,expo_brute,True,0.37659,0.7169600892217001,0.07,0.21539,0.17,0.4,4,40000,dd_med,-0.5161968880708988,0.0018926001163366872
v5_1M,v5,5. Les deux,1M,1000000,40,commune,central,10,expo_brute,True,0.37659,0.7169600892217001,0.27,0.21539,0.17,0.4,4,40000,dd_med,-0.44388326361447245,0.00101308469622431
v5_1M,v5,5. Les deux,1M,1000000,40,commune,opt,10,expo_brute,True,0.37659,0.7169600892217001,0.47,0.21539,0.17,0.4,4,40000,dd_med,-0.38740310648167897,0.001835570948976529
v1_100k,v1,1. Montant fixe,100k,100000,13,v1v2_sans_selection,pess,5,expo_brute,True,0.066005,0.4987282429804,-0.1588098317415591,0.38963,0.1017170440702665,0.5185111466701455,4,40000,dd_med,-0.6824748906492354,0.001170070370668634
v1_100k,v1,1. Montant fixe,100k,100000,13,v1v2_sans_selection,central,5,expo_brute,True,0.066005,0.4987282429804,0.0411901682584409,0.38963,0.1017170440702665,0.5185111466701455,4,40000,dd_med,-0.6035309844567422,0.0010455966802599824
v1_100k,v1,1. Montant fixe,100k,100000,13,v1v2_sans_selection,opt,5,expo_brute,True,0.066005,0.4987282429804,0.2411901682584409,0.38963,0.1017170440702665,0.5185111466701455,4,40000,dd_med,-0.5153025684531289,0.0018878026325338723
v1_250k,v1,1. Montant fixe,250k,250000,21,v1v2_sans_selection,pess,5,expo_brute,True,-0.01434,0.5766596986953074,-0.209786975059468,0.37385,0.1017170440702665,0.5010366929812404,4,40000,dd_med,-0.6886470838528309,0.0017014372502954969
v1_250k,v1,1. Montant fixe,250k,250000,21,v1v2_sans_selection,central,5,expo_brute,True,-0.01434,0.5766596986953074,-0.009786975059468,0.37385,0.1017170440702665,0.5010366929812404,4,40000,dd_med,-0.6092935834155362,0.002628947884310217
v1_250k,v1,1. Montant fixe,250k,250000,21,v1v2_sans_selection,opt,5,expo_brute,True,-0.01434,0.5766596986953074,0.190213024940532,0.37385,0.1017170440702665,0.5010366929812404,4,40000,dd_med,-0.5417781616658518,0.0013872999682943315
v1_1M,v1,1. Montant fixe,1M,1000000,36,v1v2_sans_selection,pess,5,expo_brute,True,0.014638,0.7169600892217001,-0.1884693536604796,0.34739,0.1017170440702665,0.472670663086934,4,40000,dd_med,-0.6438932597336693,0.0017353257088646998
v1_1M,v1,1. Montant fixe,1M,1000000,36,v1v2_sans_selection,central,5,expo_brute,True,0.014638,0.7169600892217001,0.0115306463395204,0.34739,0.1017170440702665,0.472670663086934,4,40000,dd_med,-0.5629426356284791,0.0012001484332704855
v1_1M,v1,1. Montant fixe,1M,1000000,36,v1v2_sans_selection,opt,5,expo_brute,True,0.014638,0.7169600892217001,0.2115306463395204,0.34739,0.1017170440702665,0.472670663086934,4,40000,dd_med,-0.5015108947663507,0.00048090039152619366
v2_100k,v2,2. Système actuel,100k,100000,13,v1v2_sans_selection,pess,5,expo_brute,True,0.25477,0.4987282429804,-0.0410117541519126,0.20601,0.1082974145291847,0.32866995534124,4,40000,dd_med,-0.3900766673450419,0.0015027386516063964
v2_100k,v2,2. Système actuel,100k,100000,13,v1v2_sans_selection,central,5,expo_brute,True,0.25477,0.4987282429804,0.1589882458480874,0.20601,0.1082974145291847,0.32866995534124,4,40000,dd_med,-0.33272538948602126,0.00206572112143461
v2_100k,v2,2. Système actuel,100k,100000,13,v1v2_sans_selection,opt,5,expo_brute,True,0.25477,0.4987282429804,0.3589882458480874,0.20601,0.1082974145291847,0.32866995534124,4,40000,dd_med,-0.29044744489798185,0.0017156311955728108
v2_250k,v2,2. Système actuel,250k,250000,21,v1v2_sans_selection,pess,5,expo_brute,True,0.29366,0.5766596986953074,0.0004214153391478,0.19482,0.1082974145291847,0.3163901094625428,4,40000,dd_med,-0.3774147049494799,0.001031765413013188
v2_250k,v2,2. Système actuel,250k,250000,21,v1v2_sans_selection,central,5,expo_brute,True,0.29366,0.5766596986953074,0.2004214153391479,0.19482,0.1082974145291847,0.3163901094625428,4,40000,dd_med,-0.32342250361775016,0.0012784947951470075
v2_250k,v2,2. Système actuel,250k,250000,21,v1v2_sans_selection,opt,5,expo_brute,True,0.29366,0.5766596986953074,0.4004214153391479,0.19482,0.1082974145291847,0.3163901094625428,4,40000,dd_med,-0.27946943122865586,0.000991355634198458
v2_1M,v2,2. Système actuel,1M,1000000,36,v1v2_sans_selection,pess,5,expo_brute,True,0.26414,0.7169600892217001,0.0080683784752647,0.20608,0.1082974145291847,0.3283559130667213,4,40000,dd_med,-0.3921088453651096,0.0007798203385973884
v2_1M,v2,2. Système actuel,1M,1000000,36,v1v2_sans_selection,central,5,expo_brute,True,0.26414,0.7169600892217001,0.2080683784752648,0.20608,0.1082974145291847,0.3283559130667213,4,40000,dd_med,-0.3382436984645063,0.000798206601318156
v2_1M,v2,2. Système actuel,1M,1000000,36,v1v2_sans_selection,opt,5,expo_brute,True,0.26414,0.7169600892217001,0.4080683784752648,0.20608,0.1082974145291847,0.3283559130667213,4,40000,dd_med,-0.29283381976141576,0.0006192838021267883
v3_100k,v3,3. + stratégie 13,100k,100000,14,v1v2_sans_selection,pess,5,expo_brute,False,0.284,0.4987282429804,-0.0583611789935664,0.22245,0.1310906565570317,0.3690493561523995,4,40000,dd_med,-0.4265284720703963,0.0013806036863023986
v3_100k,v3,3. + stratégie 13,100k,100000,14,v1v2_sans_selection,central,5,expo_brute,False,0.284,0.4987282429804,0.1416388210064336,0.22245,0.1310906565570317,0.3690493561523995,4,40000,dd_med,-0.36659286077533176,0.0016940117843264478
v3_100k,v3,3. + stratégie 13,100k,100000,14,v1v2_sans_selection,opt,5,expo_brute,False,0.284,0.4987282429804,0.3416388210064336,0.22245,0.1310906565570317,0.3690493561523995,4,40000,dd_med,-0.3198750099971924,0.0018676637865040265
v3_250k,v3,3. + stratégie 13,250k,250000,22,v1v2_sans_selection,pess,5,expo_brute,False,0.36765,0.5766596986953074,0.0120089382253296,0.20811,0.1310906565570317,0.3533787724721388,4,40000,dd_med,-0.4026184618045009,0.0014080033876065305
v3_250k,v3,3. + stratégie 13,250k,250000,22,v1v2_sans_selection,central,5,expo_brute,False,0.36765,0.5766596986953074,0.2120089382253297,0.20811,0.1310906565570317,0.3533787724721388,4,40000,dd_med,-0.34940425155676974,0.001239987999054341
v3_250k,v3,3. + stratégie 13,250k,250000,22,v1v2_sans_selection,opt,5,expo_brute,False,0.36765,0.5766596986953074,0.4120089382253297,0.20811,0.1310906565570317,0.3533787724721388,4,40000,dd_med,-0.30531966372922614,0.0013440024136543724
v3_1M,v3,3. + stratégie 13,1M,1000000,37,v1v2_sans_selection,pess,5,expo_brute,False,0.32045,0.7169600892217001,0.0297498605910936,0.2125,0.1310906565570317,0.3580046265649245,4,40000,dd_med,-0.40100477886514896,0.0012999753968598341
v3_1M,v3,3. + stratégie 13,1M,1000000,37,v1v2_sans_selection,central,5,expo_brute,False,0.32045,0.7169600892217001,0.2297498605910937,0.2125,0.1310906565570317,0.3580046265649245,4,40000,dd_med,-0.34871912958108053,0.0015243705043465256
v3_1M,v3,3. + stratégie 13,1M,1000000,37,v1v2_sans_selection,opt,5,expo_brute,False,0.32045,0.7169600892217001,0.4297498605910937,0.2125,0.1310906565570317,0.3580046265649245,4,40000,dd_med,-0.3049062935733575,0.001103129279553481
v4_100k,v4,4. + pilotage du risque,100k,100000,13,v1v2_sans_selection,pess,5,expo_brute,False,0.39254,0.4987282429804,-0.0042292155004738,0.21286,0.1505511344877443,0.3782512414595131,4,40000,dd_med,-0.4053574946458635,0.0017474581197240505
v4_100k,v4,4. + pilotage du risque,100k,100000,13,v1v2_sans_selection,central,5,expo_brute,False,0.39254,0.4987282429804,0.1957707844995262,0.21286,0.1505511344877443,0.3782512414595131,4,40000,dd_med,-0.35331061024378085,0.0007378899931291454
v4_100k,v4,4. + pilotage du risque,100k,100000,13,v1v2_sans_selection,opt,5,expo_brute,False,0.39254,0.4987282429804,0.3957707844995262,0.21286,0.1505511344877443,0.3782512414595131,4,40000,dd_med,-0.3124432319531689,0.001051658685208844
v4_250k,v4,4. + pilotage du risque,250k,250000,23,v1v2_sans_selection,pess,5,expo_brute,False,0.39268,0.5766596986953074,0.0264427304836732,0.21289,0.1505511344877443,0.3779449021931268,4,40000,dd_med,-0.41318633734266935,0.0012710479736936227
v4_250k,v4,4. + pilotage du risque,250k,250000,23,v1v2_sans_selection,central,5,expo_brute,False,0.39268,0.5766596986953074,0.2264427304836733,0.21289,0.1505511344877443,0.3779449021931268,4,40000,dd_med,-0.36293265227832733,0.0014190498692493356
v4_250k,v4,4. + pilotage du risque,250k,250000,23,v1v2_sans_selection,opt,5,expo_brute,False,0.39268,0.5766596986953074,0.4264427304836733,0.21289,0.1505511344877443,0.3779449021931268,4,40000,dd_med,-0.32190951231494647,0.0013189651629238281
v4_1M,v4,4. + pilotage du risque,1M,1000000,38,v1v2_sans_selection,pess,5,expo_brute,False,0.37235,0.7169600892217001,0.0669600892216999,0.21464,0.1505511344877443,0.3797502616524224,4,40000,dd_med,-0.39672228137100596,0.0015636491940509778
v4_1M,v4,4. + pilotage du risque,1M,1000000,38,v1v2_sans_selection,central,5,expo_brute,False,0.37235,0.7169600892217001,0.2669600892217,0.21464,0.1505511344877443,0.3797502616524224,4,40000,dd_med,-0.35002103949753505,0.0014642263601587957
v4_1M,v4,4. + pilotage du risque,1M,1000000,38,v1v2_sans_selection,opt,5,expo_brute,False,0.37235,0.7169600892217001,0.4669600892217,0.21464,0.1505511344877443,0.3797502616524224,4,40000,dd_med,-0.3117617749251198,0.00139622483432759
v5_100k,v5,5. Les deux,100k,100000,14,v1v2_sans_selection,pess,5,expo_brute,False,0.40102,0.4987282429804,0.0,0.21501,0.17,0.4,4,40000,dd_med,-0.40793525536333364,0.0007737404140365043
v5_100k,v5,5. Les deux,100k,100000,14,v1v2_sans_selection,central,5,expo_brute,False,0.40102,0.4987282429804,0.2,0.21501,0.17,0.4,4,40000,dd_med,-0.3554357002971207,0.0010838435024935033
v5_100k,v5,5. Les deux,100k,100000,14,v1v2_sans_selection,opt,5,expo_brute,False,0.40102,0.4987282429804,0.4,0.21501,0.17,0.4,4,40000,dd_med,-0.31509417646511984,0.0009400491527155056
v5_250k,v5,5. Les deux,250k,250000,24,v1v2_sans_selection,pess,5,expo_brute,False,0.41619,0.5766596986953074,0.0399999999999999,0.21533,0.17,0.4,4,40000,dd_med,-0.4162364617696479,0.0013783255670599323
v5_250k,v5,5. Les deux,250k,250000,24,v1v2_sans_selection,central,5,expo_brute,False,0.41619,0.5766596986953074,0.24,0.21533,0.17,0.4,4,40000,dd_med,-0.3680546180410897,0.0014904371189365141
v5_250k,v5,5. Les deux,250k,250000,24,v1v2_sans_selection,opt,5,expo_brute,False,0.41619,0.5766596986953074,0.44,0.21533,0.17,0.4,4,40000,dd_med,-0.330605634029943,0.0008986579254115021
v5_1M,v5,5. Les deux,1M,1000000,40,v1v2_sans_selection,pess,5,expo_brute,False,0.37659,0.7169600892217001,0.07,0.21539,0.17,0.4,4,40000,dd_med,-0.4019106617834926,0.0012347093774920357
v5_1M,v5,5. Les deux,1M,1000000,40,v1v2_sans_selection,central,5,expo_brute,False,0.37659,0.7169600892217001,0.27,0.21539,0.17,0.4,4,40000,dd_med,-0.35447342557725564,0.0013626486353137581
v5_1M,v5,5. Les deux,1M,1000000,40,v1v2_sans_selection,opt,5,expo_brute,False,0.37659,0.7169600892217001,0.47,0.21539,0.17,0.4,4,40000,dd_med,-0.3144194846486793,0.0017039808017143426
v1_100k,v1,1. Montant fixe,100k,100000,13,v1v2_sans_selection,pess,10,expo_brute,True,0.066005,0.4987282429804,-0.1588098317415591,0.38963,0.1017170440702665,0.5185111466701455,4,40000,dd_med,-0.8517958736052246,0.001784670287595925
v1_100k,v1,1. Montant fixe,100k,100000,13,v1v2_sans_selection,central,10,expo_brute,True,0.066005,0.4987282429804,0.0411901682584409,0.38963,0.1017170440702665,0.5185111466701455,4,40000,dd_med,-0.7395162692724763,0.0021793145650050028
v1_100k,v1,1. Montant fixe,100k,100000,13,v1v2_sans_selection,opt,10,expo_brute,True,0.066005,0.4987282429804,0.2411901682584409,0.38963,0.1017170440702665,0.5185111466701455,4,40000,dd_med,-0.6265117721582242,8.535171949931201e-05
v1_250k,v1,1. Montant fixe,250k,250000,21,v1v2_sans_selection,pess,10,expo_brute,True,-0.01434,0.5766596986953074,-0.209786975059468,0.37385,0.1017170440702665,0.5010366929812404,4,40000,dd_med,-0.8558334375164226,0.002060273294757038
v1_250k,v1,1. Montant fixe,250k,250000,21,v1v2_sans_selection,central,10,expo_brute,True,-0.01434,0.5766596986953074,-0.009786975059468,0.37385,0.1017170440702665,0.5010366929812404,4,40000,dd_med,-0.7551159093311107,0.0020647480921925404
v1_250k,v1,1. Montant fixe,250k,250000,21,v1v2_sans_selection,opt,10,expo_brute,True,-0.01434,0.5766596986953074,0.190213024940532,0.37385,0.1017170440702665,0.5010366929812404,4,40000,dd_med,-0.6439593310206465,0.0019892629126915745
v1_1M,v1,1. Montant fixe,1M,1000000,36,v1v2_sans_selection,pess,10,expo_brute,True,0.014638,0.7169600892217001,-0.1884693536604796,0.34739,0.1017170440702665,0.472670663086934,4,40000,dd_med,-0.809517966943393,0.001938425681704666
v1_1M,v1,1. Montant fixe,1M,1000000,36,v1v2_sans_selection,central,10,expo_brute,True,0.014638,0.7169600892217001,0.0115306463395204,0.34739,0.1017170440702665,0.472670663086934,4,40000,dd_med,-0.7031063419283371,0.0021229961349318012
v1_1M,v1,1. Montant fixe,1M,1000000,36,v1v2_sans_selection,opt,10,expo_brute,True,0.014638,0.7169600892217001,0.2115306463395204,0.34739,0.1017170440702665,0.472670663086934,4,40000,dd_med,-0.6047430079822977,0.0016471942125199813
v2_100k,v2,2. Système actuel,100k,100000,13,v1v2_sans_selection,pess,10,expo_brute,True,0.25477,0.4987282429804,-0.0410117541519126,0.20601,0.1082974145291847,0.32866995534124,4,40000,dd_med,-0.5092885431066877,0.0010025435621980204
v2_100k,v2,2. Système actuel,100k,100000,13,v1v2_sans_selection,central,10,expo_brute,True,0.25477,0.4987282429804,0.1589882458480874,0.20601,0.1082974145291847,0.32866995534124,4,40000,dd_med,-0.4145419133660961,0.0010018535779802704
v2_100k,v2,2. Système actuel,100k,100000,13,v1v2_sans_selection,opt,10,expo_brute,True,0.25477,0.4987282429804,0.3589882458480874,0.20601,0.1082974145291847,0.32866995534124,4,40000,dd_med,-0.34460115673593544,0.00045769514032279395
v2_250k,v2,2. Système actuel,250k,250000,21,v1v2_sans_selection,pess,10,expo_brute,True,0.29366,0.5766596986953074,0.0004214153391478,0.19482,0.1082974145291847,0.3163901094625428,4,40000,dd_med,-0.49057412751227575,0.0021312306157704923
v2_250k,v2,2. Système actuel,250k,250000,21,v1v2_sans_selection,central,10,expo_brute,True,0.29366,0.5766596986953074,0.2004214153391479,0.19482,0.1082974145291847,0.3163901094625428,4,40000,dd_med,-0.4056385379477266,0.0018743173220962968
v2_250k,v2,2. Système actuel,250k,250000,21,v1v2_sans_selection,opt,10,expo_brute,True,0.29366,0.5766596986953074,0.4004214153391479,0.19482,0.1082974145291847,0.3163901094625428,4,40000,dd_med,-0.33875432357989,0.0009268186081013482
v2_1M,v2,2. Système actuel,1M,1000000,36,v1v2_sans_selection,pess,10,expo_brute,True,0.26414,0.7169600892217001,0.0080683784752647,0.20608,0.1082974145291847,0.3283559130667213,4,40000,dd_med,-0.5069143742747708,0.001115772866449052
v2_1M,v2,2. Système actuel,1M,1000000,36,v1v2_sans_selection,central,10,expo_brute,True,0.26414,0.7169600892217001,0.2080683784752648,0.20608,0.1082974145291847,0.3283559130667213,4,40000,dd_med,-0.4223991447329974,0.0012506613988011502
v2_1M,v2,2. Système actuel,1M,1000000,36,v1v2_sans_selection,opt,10,expo_brute,True,0.26414,0.7169600892217001,0.4080683784752648,0.20608,0.1082974145291847,0.3283559130667213,4,40000,dd_med,-0.35420759964577503,0.0011004240746206272
v3_100k,v3,3. + stratégie 13,100k,100000,14,v1v2_sans_selection,pess,10,expo_brute,False,0.284,0.4987282429804,-0.0583611789935664,0.22245,0.1310906565570317,0.3690493561523995,4,40000,dd_med,-0.559652925191241,0.002197838702569322
v3_100k,v3,3. + stratégie 13,100k,100000,14,v1v2_sans_selection,central,10,expo_brute,False,0.284,0.4987282429804,0.1416388210064336,0.22245,0.1310906565570317,0.3690493561523995,4,40000,dd_med,-0.46034998346027217,0.0017143395005267395
v3_100k,v3,3. + stratégie 13,100k,100000,14,v1v2_sans_selection,opt,10,expo_brute,False,0.284,0.4987282429804,0.3416388210064336,0.22245,0.1310906565570317,0.3690493561523995,4,40000,dd_med,-0.3855889863393025,0.0016619865631225226
v3_250k,v3,3. + stratégie 13,250k,250000,22,v1v2_sans_selection,pess,10,expo_brute,False,0.36765,0.5766596986953074,0.0120089382253296,0.20811,0.1310906565570317,0.3533787724721388,4,40000,dd_med,-0.5215881053664546,0.002974422338231603
v3_250k,v3,3. + stratégie 13,250k,250000,22,v1v2_sans_selection,central,10,expo_brute,False,0.36765,0.5766596986953074,0.2120089382253297,0.20811,0.1310906565570317,0.3533787724721388,4,40000,dd_med,-0.4392623446852637,0.0014896227399034982
v3_250k,v3,3. + stratégie 13,250k,250000,22,v1v2_sans_selection,opt,10,expo_brute,False,0.36765,0.5766596986953074,0.4120089382253297,0.20811,0.1310906565570317,0.3533787724721388,4,40000,dd_med,-0.37310485903193535,0.0009846822802736218
v3_1M,v3,3. + stratégie 13,1M,1000000,37,v1v2_sans_selection,pess,10,expo_brute,False,0.32045,0.7169600892217001,0.0297498605910936,0.2125,0.1310906565570317,0.3580046265649245,4,40000,dd_med,-0.5154402762556085,0.0014706922489799762
v3_1M,v3,3. + stratégie 13,1M,1000000,37,v1v2_sans_selection,central,10,expo_brute,False,0.32045,0.7169600892217001,0.2297498605910937,0.2125,0.1310906565570317,0.3580046265649245,4,40000,dd_med,-0.4345697535966014,0.0013988060475410497
v3_1M,v3,3. + stratégie 13,1M,1000000,37,v1v2_sans_selection,opt,10,expo_brute,False,0.32045,0.7169600892217001,0.4297498605910937,0.2125,0.1310906565570317,0.3580046265649245,4,40000,dd_med,-0.36951465792357596,0.0010593903786876532
v4_100k,v4,4. + pilotage du risque,100k,100000,13,v1v2_sans_selection,pess,10,expo_brute,False,0.39254,0.4987282429804,-0.0042292155004738,0.21286,0.1505511344877443,0.3782512414595131,4,40000,dd_med,-0.5262353881598433,0.0012689096646795312
v4_100k,v4,4. + pilotage du risque,100k,100000,13,v1v2_sans_selection,central,10,expo_brute,False,0.39254,0.4987282429804,0.1957707844995262,0.21286,0.1505511344877443,0.3782512414595131,4,40000,dd_med,-0.44204627321894596,0.0016145497550865543
v4_100k,v4,4. + pilotage du risque,100k,100000,13,v1v2_sans_selection,opt,10,expo_brute,False,0.39254,0.4987282429804,0.3957707844995262,0.21286,0.1505511344877443,0.3782512414595131,4,40000,dd_med,-0.37757809078362325,0.0016935928667657458
v4_250k,v4,4. + pilotage du risque,250k,250000,23,v1v2_sans_selection,pess,10,expo_brute,False,0.39268,0.5766596986953074,0.0264427304836732,0.21289,0.1505511344877443,0.3779449021931268,4,40000,dd_med,-0.5369605719405607,0.002177382028369483
v4_250k,v4,4. + pilotage du risque,250k,250000,23,v1v2_sans_selection,central,10,expo_brute,False,0.39268,0.5766596986953074,0.2264427304836733,0.21289,0.1505511344877443,0.3779449021931268,4,40000,dd_med,-0.46113962703102057,0.0009873110242500929
v4_250k,v4,4. + pilotage du risque,250k,250000,23,v1v2_sans_selection,opt,10,expo_brute,False,0.39268,0.5766596986953074,0.4264427304836733,0.21289,0.1505511344877443,0.3779449021931268,4,40000,dd_med,-0.40086870890541726,0.0019707658960695985
v4_1M,v4,4. + pilotage du risque,1M,1000000,38,v1v2_sans_selection,pess,10,expo_brute,False,0.37235,0.7169600892217001,0.0669600892216999,0.21464,0.1505511344877443,0.3797502616524224,4,40000,dd_med,-0.5103168730564345,0.0015633340597376805
v4_1M,v4,4. + pilotage du risque,1M,1000000,38,v1v2_sans_selection,central,10,expo_brute,False,0.37235,0.7169600892217001,0.2669600892217,0.21464,0.1505511344877443,0.3797502616524224,4,40000,dd_med,-0.4394566003341719,0.0013762992845498456
v4_1M,v4,4. + pilotage du risque,1M,1000000,38,v1v2_sans_selection,opt,10,expo_brute,False,0.37235,0.7169600892217001,0.4669600892217,0.21464,0.1505511344877443,0.3797502616524224,4,40000,dd_med,-0.3844262445124301,0.0011019496587436179
v5_100k,v5,5. Les deux,100k,100000,14,v1v2_sans_selection,pess,10,expo_brute,False,0.40102,0.4987282429804,0.0,0.21501,0.17,0.4,4,40000,dd_med,-0.5297613276364952,0.0026880093265244857
v5_100k,v5,5. Les deux,100k,100000,14,v1v2_sans_selection,central,10,expo_brute,False,0.40102,0.4987282429804,0.2,0.21501,0.17,0.4,4,40000,dd_med,-0.44501378117652185,0.002240617748575385
v5_100k,v5,5. Les deux,100k,100000,14,v1v2_sans_selection,opt,10,expo_brute,False,0.40102,0.4987282429804,0.4,0.21501,0.17,0.4,4,40000,dd_med,-0.3798596542056946,0.00142620150609773
v5_250k,v5,5. Les deux,250k,250000,24,v1v2_sans_selection,pess,10,expo_brute,False,0.41619,0.5766596986953074,0.0399999999999999,0.21533,0.17,0.4,4,40000,dd_med,-0.5379018816732856,0.0021103095304954326
v5_250k,v5,5. Les deux,250k,250000,24,v1v2_sans_selection,central,10,expo_brute,False,0.41619,0.5766596986953074,0.24,0.21533,0.17,0.4,4,40000,dd_med,-0.46461958346989773,0.0014747753655035515
v5_250k,v5,5. Les deux,250k,250000,24,v1v2_sans_selection,opt,10,expo_brute,False,0.41619,0.5766596986953074,0.44,0.21533,0.17,0.4,4,40000,dd_med,-0.406966151791475,0.0015127376201827262
v5_1M,v5,5. Les deux,1M,1000000,40,v1v2_sans_selection,pess,10,expo_brute,False,0.37659,0.7169600892217001,0.07,0.21539,0.17,0.4,4,40000,dd_med,-0.5161968880708988,0.0018926001163366872
v5_1M,v5,5. Les deux,1M,1000000,40,v1v2_sans_selection,central,10,expo_brute,False,0.37659,0.7169600892217001,0.27,0.21539,0.17,0.4,4,40000,dd_med,-0.44388326361447245,0.00101308469622431
v5_1M,v5,5. Les deux,1M,1000000,40,v1v2_sans_selection,opt,10,expo_brute,False,0.37659,0.7169600892217001,0.47,0.21539,0.17,0.4,4,40000,dd_med,-0.38740310648167897,0.001835570948976529
v1_100k,v1,1. Montant fixe,100k,100000,13,commune,central,5,marge_contrats,False,0.066005,0.4987282429804,0.0329185576779213,0.38963,0.18356,0.6003541025998791,4,40000,dd_med,-0.6093972842111773,0.0009955762632323215
v1_250k,v1,1. Montant fixe,250k,250000,21,commune,central,5,marge_contrats,False,-0.01434,0.5766596986953074,-0.0082693000792907,0.37385,0.17136,0.5706796489109739,4,40000,dd_med,-0.6104064372806289,0.0025697779694497584
v1_1M,v1,1. Montant fixe,1M,1000000,36,commune,central,5,marge_contrats,False,0.014638,0.7169600892217001,0.0104948617860272,0.34739,0.16591,0.5368636190166675,4,40000,dd_med,-0.565016428145959,0.001285574717683238
v2_100k,v2,2. Système actuel,100k,100000,13,commune,central,5,marge_contrats,False,0.25477,0.4987282429804,0.1270609944641165,0.20601,0.10646,0.3268325408120552,4,40000,dd_med,-0.34097372025243106,0.0021973981707809013
v2_250k,v2,2. Système actuel,250k,250000,21,commune,central,5,marge_contrats,False,0.29366,0.5766596986953074,0.1693418871188639,0.19482,0.11062,0.3187126949333581,4,40000,dd_med,-0.33105926238682315,0.0013760650599398201
v2_1M,v2,2. Système actuel,1M,1000000,36,commune,central,5,marge_contrats,False,0.26414,0.7169600892217001,0.1893778379670198,0.20608,0.11957,0.3396284985375365,4,40000,dd_med,-0.34332437455783416,0.0007663476387454088
v3_100k,v3,3. + stratégie 13,100k,100000,14,commune,central,5,marge_contrats,False,0.284,0.4987282429804,0.1416388210064336,0.22245,0.12293,0.3608886995953677,4,40000,dd_med,-0.366373217027841,0.001692258175539601
v3_250k,v3,3. + stratégie 13,250k,250000,22,commune,central,5,marge_contrats,False,0.36765,0.5766596986953074,0.2120089382253297,0.20811,0.12633,0.348618115915107,4,40000,dd_med,-0.34929703712071314,0.0012434795943604459
v3_1M,v3,3. + stratégie 13,1M,1000000,37,commune,central,5,marge_contrats,False,0.32045,0.7169600892217001,0.2297498605910937,0.2125,0.13419,0.3611039700078927,4,40000,dd_med,-0.34879813148053357,0.0015185165483972876
v4_100k,v4,4. + pilotage du risque,100k,100000,13,commune,central,5,marge_contrats,False,0.39254,0.4987282429804,0.1957707844995262,0.21286,0.1175,0.3452001069717687,4,40000,dd_med,-0.35250529469270203,0.0007801264241223622
v4_250k,v4,4. + pilotage du risque,250k,250000,23,commune,central,5,marge_contrats,False,0.39268,0.5766596986953074,0.2264427304836733,0.21289,0.13386,0.3612537677053824,4,40000,dd_med,-0.3625282596117475,0.0014306622053808107
v4_1M,v4,4. + pilotage du risque,1M,1000000,38,commune,central,5,marge_contrats,False,0.37235,0.7169600892217001,0.2669600892217,0.21464,0.1405,0.369699127164678,4,40000,dd_med,-0.3498102324244152,0.0014930971594355762
v5_100k,v5,5. Les deux,100k,100000,14,commune,central,5,marge_contrats,False,0.40102,0.4987282429804,0.2,0.21501,0.12384,0.35384,4,40000,dd_med,-0.3541958652059035,0.0011000105817232059
v5_250k,v5,5. Les deux,250k,250000,24,commune,central,5,marge_contrats,False,0.41619,0.5766596986953074,0.24,0.21533,0.14192,0.37192,4,40000,dd_med,-0.36736530005095613,0.0014824063287802395
v5_1M,v5,5. Les deux,1M,1000000,40,commune,central,5,marge_contrats,False,0.37659,0.7169600892217001,0.27,0.21539,0.14745,0.37745,4,40000,dd_med,-0.3539840357323146,0.0013177198146116689
v1_100k,v1,1. Montant fixe,100k,100000,13,commune,central,10,marge_contrats,False,0.066005,0.4987282429804,0.0329185576779213,0.38963,0.18356,0.6003541025998791,4,40000,dd_med,-0.7476798600806338,0.0023578939970125066
v1_250k,v1,1. Montant fixe,250k,250000,21,commune,central,10,marge_contrats,False,-0.01434,0.5766596986953074,-0.0082693000792907,0.37385,0.17136,0.5706796489109739,4,40000,dd_med,-0.756670872207343,0.002082186457234129
v1_1M,v1,1. Montant fixe,1M,1000000,36,commune,central,10,marge_contrats,False,0.014638,0.7169600892217001,0.0104948617860272,0.34739,0.16591,0.5368636190166675,4,40000,dd_med,-0.7060164964355725,0.001998256363276041
v2_100k,v2,2. Système actuel,100k,100000,13,commune,central,10,marge_contrats,False,0.25477,0.4987282429804,0.1270609944641165,0.20601,0.10646,0.3268325408120552,4,40000,dd_med,-0.4281646420478302,0.0011880251588229427
v2_250k,v2,2. Système actuel,250k,250000,21,commune,central,10,marge_contrats,False,0.29366,0.5766596986953074,0.1693418871188639,0.19482,0.11062,0.3187126949333581,4,40000,dd_med,-0.4180211353395295,0.0020738104306672433
v2_1M,v2,2. Système actuel,1M,1000000,36,commune,central,10,marge_contrats,False,0.26414,0.7169600892217001,0.1893778379670198,0.20608,0.11957,0.3396284985375365,4,40000,dd_med,-0.43014721651215154,0.0015563676543776546
v3_100k,v3,3. + stratégie 13,100k,100000,14,commune,central,10,marge_contrats,False,0.284,0.4987282429804,0.1416388210064336,0.22245,0.12293,0.3608886995953677,4,40000,dd_med,-0.45997048037644706,0.001680056333746564
v3_250k,v3,3. + stratégie 13,250k,250000,22,commune,central,10,marge_contrats,False,0.36765,0.5766596986953074,0.2120089382253297,0.20811,0.12633,0.348618115915107,4,40000,dd_med,-0.4390271881950978,0.0014882629293298734
v3_1M,v3,3. + stratégie 13,1M,1000000,37,commune,central,10,marge_contrats,False,0.32045,0.7169600892217001,0.2297498605910937,0.2125,0.13419,0.3611039700078927,4,40000,dd_med,-0.43470091705037966,0.0013670883843582033
v4_100k,v4,4. + pilotage du risque,100k,100000,13,commune,central,10,marge_contrats,False,0.39254,0.4987282429804,0.1957707844995262,0.21286,0.1175,0.3452001069717687,4,40000,dd_med,-0.4407228341578071,0.0016280743492405874
v4_250k,v4,4. + pilotage du risque,250k,250000,23,commune,central,10,marge_contrats,False,0.39268,0.5766596986953074,0.2264427304836733,0.21289,0.13386,0.3612537677053824,4,40000,dd_med,-0.4605163405977152,0.0009149815037923504
v4_1M,v4,4. + pilotage du risque,1M,1000000,38,commune,central,10,marge_contrats,False,0.37235,0.7169600892217001,0.2669600892217,0.21464,0.1405,0.369699127164678,4,40000,dd_med,-0.4391184669194135,0.0013497650029633721
v5_100k,v5,5. Les deux,100k,100000,14,commune,central,10,marge_contrats,False,0.40102,0.4987282429804,0.2,0.21501,0.12384,0.35384,4,40000,dd_med,-0.4432513288647606,0.0022713407606636403
v5_250k,v5,5. Les deux,250k,250000,24,commune,central,10,marge_contrats,False,0.41619,0.5766596986953074,0.24,0.21533,0.14192,0.37192,4,40000,dd_med,-0.46367320117266897,0.0013370992325637387
v5_1M,v5,5. Les deux,1M,1000000,40,commune,central,10,marge_contrats,False,0.37659,0.7169600892217001,0.27,0.21539,0.14745,0.37745,4,40000,dd_med,-0.4431638374547663,0.0009630680779167965
v1_100k,v1,1. Montant fixe,100k,100000,13,commune,pess,5,expo_brute,False,0.066005,0.4987282429804,-0.1670814423220787,0.38963,0.1017170440702665,0.5185111466701455,4,40000,dd_p10,-0.8255984268090524,0.0003918537486194161
v1_100k,v1,1. Montant fixe,100k,100000,13,commune,central,5,expo_brute,False,0.066005,0.4987282429804,0.0329185576779213,0.38963,0.1017170440702665,0.5185111466701455,4,40000,dd_p10,-0.7594762556812003,0.0009501397052356559
v1_100k,v1,1. Montant fixe,100k,100000,13,commune,opt,5,expo_brute,False,0.066005,0.4987282429804,0.2329185576779213,0.38963,0.1017170440702665,0.5185111466701455,4,40000,dd_p10,-0.6833258091361953,0.0013725425204348222
v1_250k,v1,1. Montant fixe,250k,250000,21,commune,pess,5,expo_brute,False,-0.01434,0.5766596986953074,-0.2082693000792907,0.37385,0.1017170440702665,0.5010366929812404,4,40000,dd_p10,-0.8263747678512245,0.0005740992018481651
v1_250k,v1,1. Montant fixe,250k,250000,21,commune,central,5,expo_brute,False,-0.01434,0.5766596986953074,-0.0082693000792907,0.37385,0.1017170440702665,0.5010366929812404,4,40000,dd_p10,-0.763644627488586,0.0009713508618992669
v1_250k,v1,1. Montant fixe,250k,250000,21,commune,opt,5,expo_brute,False,-0.01434,0.5766596986953074,0.1917306999207093,0.37385,0.1017170440702665,0.5010366929812404,4,40000,dd_p10,-0.6915486336201243,0.0022913605497238997
v1_1M,v1,1. Montant fixe,1M,1000000,36,commune,pess,5,expo_brute,False,0.014638,0.7169600892217001,-0.1895051382139728,0.34739,0.1017170440702665,0.472670663086934,4,40000,dd_p10,-0.7927249419564714,0.0008027961189261044
v1_1M,v1,1. Montant fixe,1M,1000000,36,commune,central,5,expo_brute,False,0.014638,0.7169600892217001,0.0104948617860272,0.34739,0.1017170440702665,0.472670663086934,4,40000,dd_p10,-0.729010034361754,0.0007098587185411315
v1_1M,v1,1. Montant fixe,1M,1000000,36,commune,opt,5,expo_brute,False,0.014638,0.7169600892217001,0.2104948617860272,0.34739,0.1017170440702665,0.472670663086934,4,40000,dd_p10,-0.659136461331131,0.0006426165420313843
v2_100k,v2,2. Système actuel,100k,100000,13,commune,pess,5,expo_brute,False,0.25477,0.4987282429804,-0.0729390055358835,0.20601,0.1082974145291847,0.32866995534124,4,40000,dd_p10,-0.5585050122756164,0.00036748406212770045
v2_100k,v2,2. Système actuel,100k,100000,13,commune,central,5,expo_brute,False,0.25477,0.4987282429804,0.1270609944641165,0.20601,0.1082974145291847,0.32866995534124,4,40000,dd_p10,-0.4865688118791301,0.000619964220056924
v2_100k,v2,2. Système actuel,100k,100000,13,commune,opt,5,expo_brute,False,0.25477,0.4987282429804,0.3270609944641165,0.20601,0.1082974145291847,0.32866995534124,4,40000,dd_p10,-0.4182186345857227,0.001423627643501004
v2_250k,v2,2. Système actuel,250k,250000,21,commune,pess,5,expo_brute,False,0.29366,0.5766596986953074,-0.0306581128811361,0.19482,0.1082974145291847,0.3163901094625428,4,40000,dd_p10,-0.5413744788798099,0.002224971810488839
v2_250k,v2,2. Système actuel,250k,250000,21,commune,central,5,expo_brute,False,0.29366,0.5766596986953074,0.1693418871188639,0.19482,0.1082974145291847,0.3163901094625428,4,40000,dd_p10,-0.47286294626547454,0.0024058013746228856
v2_250k,v2,2. Système actuel,250k,250000,21,commune,opt,5,expo_brute,False,0.29366,0.5766596986953074,0.3693418871188639,0.19482,0.1082974145291847,0.3163901094625428,4,40000,dd_p10,-0.4064412199811678,0.001923312409897362
v2_1M,v2,2. Système actuel,1M,1000000,36,commune,pess,5,expo_brute,False,0.26414,0.7169600892217001,-0.0106221620329802,0.20608,0.1082974145291847,0.3283559130667213,4,40000,dd_p10,-0.5547969099982333,0.0030226208060222175
v2_1M,v2,2. Système actuel,1M,1000000,36,commune,central,5,expo_brute,False,0.26414,0.7169600892217001,0.1893778379670198,0.20608,0.1082974145291847,0.3283559130667213,4,40000,dd_p10,-0.4843541340051222,0.002969227097811807
v2_1M,v2,2. Système actuel,1M,1000000,36,commune,opt,5,expo_brute,False,0.26414,0.7169600892217001,0.3893778379670198,0.20608,0.1082974145291847,0.3283559130667213,4,40000,dd_p10,-0.4179399702216675,0.001908325377861522
v3_100k,v3,3. + stratégie 13,100k,100000,14,commune,pess,5,expo_brute,True,0.284,0.4987282429804,-0.0583611789935664,0.22245,0.1310906565570317,0.3690493561523995,4,40000,dd_p10,-0.5990060629465728,0.0018418871992712522
v3_100k,v3,3. + stratégie 13,100k,100000,14,commune,central,5,expo_brute,True,0.284,0.4987282429804,0.1416388210064336,0.22245,0.1310906565570317,0.3690493561523995,4,40000,dd_p10,-0.5276764894774962,0.002288134697763165
v3_100k,v3,3. + stratégie 13,100k,100000,14,commune,opt,5,expo_brute,True,0.284,0.4987282429804,0.3416388210064336,0.22245,0.1310906565570317,0.3690493561523995,4,40000,dd_p10,-0.4582067025635778,0.0024553882592184655
v3_250k,v3,3. + stratégie 13,250k,250000,22,commune,pess,5,expo_brute,True,0.36765,0.5766596986953074,0.0120089382253296,0.20811,0.1310906565570317,0.3533787724721388,4,40000,dd_p10,-0.5734285938136702,0.001958228199588136
v3_250k,v3,3. + stratégie 13,250k,250000,22,commune,central,5,expo_brute,True,0.36765,0.5766596986953074,0.2120089382253297,0.20811,0.1310906565570317,0.3533787724721388,4,40000,dd_p10,-0.5069541079342876,0.0019177470692202546
v3_250k,v3,3. + stratégie 13,250k,250000,22,commune,opt,5,expo_brute,True,0.36765,0.5766596986953074,0.4120089382253297,0.20811,0.1310906565570317,0.3533787724721388,4,40000,dd_p10,-0.4425282883037368,0.0015334586632695065
v3_1M,v3,3. + stratégie 13,1M,1000000,37,commune,pess,5,expo_brute,True,0.32045,0.7169600892217001,0.0297498605910936,0.2125,0.1310906565570317,0.3580046265649245,4,40000,dd_p10,-0.5661365105579175,0.0014567269263920874
v3_1M,v3,3. + stratégie 13,1M,1000000,37,commune,central,5,expo_brute,True,0.32045,0.7169600892217001,0.2297498605910937,0.2125,0.1310906565570317,0.3580046265649245,4,40000,dd_p10,-0.49903935217945183,0.0023517708153588937
v3_1M,v3,3. + stratégie 13,1M,1000000,37,commune,opt,5,expo_brute,True,0.32045,0.7169600892217001,0.4297498605910937,0.2125,0.1310906565570317,0.3580046265649245,4,40000,dd_p10,-0.4345953793435094,0.001344107470211472
v4_100k,v4,4. + pilotage du risque,100k,100000,13,commune,pess,5,expo_brute,True,0.39254,0.4987282429804,-0.0042292155004738,0.21286,0.1505511344877443,0.3782512414595131,4,40000,dd_p10,-0.5887469622825159,0.0014774539014140865
v4_100k,v4,4. + pilotage du risque,100k,100000,13,commune,central,5,expo_brute,True,0.39254,0.4987282429804,0.1957707844995262,0.21286,0.1505511344877443,0.3782512414595131,4,40000,dd_p10,-0.5247265938847281,0.002114759426114144
v4_100k,v4,4. + pilotage du risque,100k,100000,13,commune,opt,5,expo_brute,True,0.39254,0.4987282429804,0.3957707844995262,0.21286,0.1505511344877443,0.3782512414595131,4,40000,dd_p10,-0.46129578605601373,0.0019317122092261227
v4_250k,v4,4. + pilotage du risque,250k,250000,23,commune,pess,5,expo_brute,True,0.39268,0.5766596986953074,0.0264427304836732,0.21289,0.1505511344877443,0.3779449021931268,4,40000,dd_p10,-0.601572588625263,0.0026753491750266065
v4_250k,v4,4. + pilotage du risque,250k,250000,23,commune,central,5,expo_brute,True,0.39268,0.5766596986953074,0.2264427304836733,0.21289,0.1505511344877443,0.3779449021931268,4,40000,dd_p10,-0.5412133448937084,0.0014676054814411648
v4_250k,v4,4. + pilotage du risque,250k,250000,23,commune,opt,5,expo_brute,True,0.39268,0.5766596986953074,0.4264427304836733,0.21289,0.1505511344877443,0.3779449021931268,4,40000,dd_p10,-0.4833410684258356,0.0020709429083181764
v4_1M,v4,4. + pilotage du risque,1M,1000000,38,commune,pess,5,expo_brute,True,0.37235,0.7169600892217001,0.0669600892216999,0.21464,0.1505511344877443,0.3797502616524224,4,40000,dd_p10,-0.5779340870959848,0.003813589610152855
v4_1M,v4,4. + pilotage du risque,1M,1000000,38,commune,central,5,expo_brute,True,0.37235,0.7169600892217001,0.2669600892217,0.21464,0.1505511344877443,0.3797502616524224,4,40000,dd_p10,-0.5170295419438027,0.002304618945354195
v4_1M,v4,4. + pilotage du risque,1M,1000000,38,commune,opt,5,expo_brute,True,0.37235,0.7169600892217001,0.4669600892217,0.21464,0.1505511344877443,0.3797502616524224,4,40000,dd_p10,-0.45968132829896147,0.0013650558413244136
v5_100k,v5,5. Les deux,100k,100000,14,commune,pess,5,expo_brute,True,0.40102,0.4987282429804,0.0,0.21501,0.17,0.4,4,40000,dd_p10,-0.5886425345259265,0.002294944897682991
v5_100k,v5,5. Les deux,100k,100000,14,commune,central,5,expo_brute,True,0.40102,0.4987282429804,0.2,0.21501,0.17,0.4,4,40000,dd_p10,-0.5230543814969769,0.002279009472729018
v5_100k,v5,5. Les deux,100k,100000,14,commune,opt,5,expo_brute,True,0.40102,0.4987282429804,0.4,0.21501,0.17,0.4,4,40000,dd_p10,-0.4605358936764384,0.0024451900025723398
v5_250k,v5,5. Les deux,250k,250000,24,commune,pess,5,expo_brute,True,0.41619,0.5766596986953074,0.0399999999999999,0.21533,0.17,0.4,4,40000,dd_p10,-0.6059003249365249,0.0020122092526237223
v5_250k,v5,5. Les deux,250k,250000,24,commune,central,5,expo_brute,True,0.41619,0.5766596986953074,0.24,0.21533,0.17,0.4,4,40000,dd_p10,-0.5470242024544426,0.0014408951986896994
v5_250k,v5,5. Les deux,250k,250000,24,commune,opt,5,expo_brute,True,0.41619,0.5766596986953074,0.44,0.21533,0.17,0.4,4,40000,dd_p10,-0.4897131208299626,0.001147082208498325
v5_1M,v5,5. Les deux,1M,1000000,40,commune,pess,5,expo_brute,True,0.37659,0.7169600892217001,0.07,0.21539,0.17,0.4,4,40000,dd_p10,-0.5832945790288635,0.0036863000354057382
v5_1M,v5,5. Les deux,1M,1000000,40,commune,central,5,expo_brute,True,0.37659,0.7169600892217001,0.27,0.21539,0.17,0.4,4,40000,dd_p10,-0.5226656687005782,0.003899264970564464
v5_1M,v5,5. Les deux,1M,1000000,40,commune,opt,5,expo_brute,True,0.37659,0.7169600892217001,0.47,0.21539,0.17,0.4,4,40000,dd_p10,-0.4649058620085222,0.002479159571295964
v1_100k,v1,1. Montant fixe,100k,100000,13,commune,pess,10,expo_brute,False,0.066005,0.4987282429804,-0.1670814423220787,0.38963,0.1017170440702665,0.5185111466701455,4,40000,dd_p10,-0.9443091255729468,0.0004869790044920702
v1_100k,v1,1. Montant fixe,100k,100000,13,commune,central,10,expo_brute,False,0.066005,0.4987282429804,0.0329185576779213,0.38963,0.1017170440702665,0.5185111466701455,4,40000,dd_p10,-0.8843127042898287,0.0010366405321225703
v1_100k,v1,1. Montant fixe,100k,100000,13,commune,opt,10,expo_brute,False,0.066005,0.4987282429804,0.2329185576779213,0.38963,0.1017170440702665,0.5185111466701455,4,40000,dd_p10,-0.7889216069146201,0.0010925414444225823
v1_250k,v1,1. Montant fixe,250k,250000,21,commune,pess,10,expo_brute,False,-0.01434,0.5766596986953074,-0.2082693000792907,0.37385,0.1017170440702665,0.5010366929812404,4,40000,dd_p10,-0.9434261381818558,0.00032567282572469955
v1_250k,v1,1. Montant fixe,250k,250000,21,commune,central,10,expo_brute,False,-0.01434,0.5766596986953074,-0.0082693000792907,0.37385,0.1017170440702665,0.5010366929812404,4,40000,dd_p10,-0.8893775187767347,0.000722701289406075
v1_250k,v1,1. Montant fixe,250k,250000,21,commune,opt,10,expo_brute,False,-0.01434,0.5766596986953074,0.1917306999207093,0.37385,0.1017170440702665,0.5010366929812404,4,40000,dd_p10,-0.8046977677861609,0.0021304357395510523
v1_1M,v1,1. Montant fixe,1M,1000000,36,commune,pess,10,expo_brute,False,0.014638,0.7169600892217001,-0.1895051382139728,0.34739,0.1017170440702665,0.472670663086934,4,40000,dd_p10,-0.9169642185682095,0.0006788182344208163
v1_1M,v1,1. Montant fixe,1M,1000000,36,commune,central,10,expo_brute,False,0.014638,0.7169600892217001,0.0104948617860272,0.34739,0.1017170440702665,0.472670663086934,4,40000,dd_p10,-0.8527612916247155,0.0008725708055066078
v1_1M,v1,1. Montant fixe,1M,1000000,36,commune,opt,10,expo_brute,False,0.014638,0.7169600892217001,0.2104948617860272,0.34739,0.1017170440702665,0.472670663086934,4,40000,dd_p10,-0.7641288990282552,0.001133674299063553
v2_100k,v2,2. Système actuel,100k,100000,13,commune,pess,10,expo_brute,False,0.25477,0.4987282429804,-0.0729390055358835,0.20601,0.1082974145291847,0.32866995534124,4,40000,dd_p10,-0.7067903808774998,0.0019848067272174932
v2_100k,v2,2. Système actuel,100k,100000,13,commune,central,10,expo_brute,False,0.25477,0.4987282429804,0.1270609944641165,0.20601,0.1082974145291847,0.32866995534124,4,40000,dd_p10,-0.599464532876455,0.002628591031098182
v2_100k,v2,2. Système actuel,100k,100000,13,commune,opt,10,expo_brute,False,0.25477,0.4987282429804,0.3270609944641165,0.20601,0.1082974145291847,0.32866995534124,4,40000,dd_p10,-0.49534248054123237,0.002425479229968706
v2_250k,v2,2. Système actuel,250k,250000,21,commune,pess,10,expo_brute,False,0.29366,0.5766596986953074,-0.0306581128811361,0.19482,0.1082974145291847,0.3163901094625428,4,40000,dd_p10,-0.6832542707461051,0.0019533173087940337
v2_250k,v2,2. Système actuel,250k,250000,21,commune,central,10,expo_brute,False,0.29366,0.5766596986953074,0.1693418871188639,0.19482,0.1082974145291847,0.3163901094625428,4,40000,dd_p10,-0.5826566604536934,0.0024144908603457365
v2_250k,v2,2. Système actuel,250k,250000,21,commune,opt,10,expo_brute,False,0.29366,0.5766596986953074,0.3693418871188639,0.19482,0.1082974145291847,0.3163901094625428,4,40000,dd_p10,-0.48464679547075123,0.0018494044206821825
v2_1M,v2,2. Système actuel,1M,1000000,36,commune,pess,10,expo_brute,False,0.26414,0.7169600892217001,-0.0106221620329802,0.20608,0.1082974145291847,0.3283559130667213,4,40000,dd_p10,-0.692129957581308,0.0025583346792773026
v2_1M,v2,2. Système actuel,1M,1000000,36,commune,central,10,expo_brute,False,0.26414,0.7169600892217001,0.1893778379670198,0.20608,0.1082974145291847,0.3283559130667213,4,40000,dd_p10,-0.5933976874503815,0.002434262463089368
v2_1M,v2,2. Système actuel,1M,1000000,36,commune,opt,10,expo_brute,False,0.26414,0.7169600892217001,0.3893778379670198,0.20608,0.1082974145291847,0.3283559130667213,4,40000,dd_p10,-0.49515335421162876,0.002453330524320869
v3_100k,v3,3. + stratégie 13,100k,100000,14,commune,pess,10,expo_brute,True,0.284,0.4987282429804,-0.0583611789935664,0.22245,0.1310906565570317,0.3690493561523995,4,40000,dd_p10,-0.7437313251539392,0.001042847408535117
v3_100k,v3,3. + stratégie 13,100k,100000,14,commune,central,10,expo_brute,True,0.284,0.4987282429804,0.1416388210064336,0.22245,0.1310906565570317,0.3690493561523995,4,40000,dd_p10,-0.6432881666874117,0.0014580657869699234
v3_100k,v3,3. + stratégie 13,100k,100000,14,commune,opt,10,expo_brute,True,0.284,0.4987282429804,0.3416388210064336,0.22245,0.1310906565570317,0.3690493561523995,4,40000,dd_p10,-0.5384911796054872,0.0009568390895810823
v3_250k,v3,3. + stratégie 13,250k,250000,22,commune,pess,10,expo_brute,True,0.36765,0.5766596986953074,0.0120089382253296,0.20811,0.1310906565570317,0.3533787724721388,4,40000,dd_p10,-0.709211895132435,0.001425535741503788
v3_250k,v3,3. + stratégie 13,250k,250000,22,commune,central,10,expo_brute,True,0.36765,0.5766596986953074,0.2120089382253297,0.20811,0.1310906565570317,0.3533787724721388,4,40000,dd_p10,-0.616439597593683,0.0019484330535273085
v3_250k,v3,3. + stratégie 13,250k,250000,22,commune,opt,10,expo_brute,True,0.36765,0.5766596986953074,0.4120089382253297,0.20811,0.1310906565570317,0.3533787724721388,4,40000,dd_p10,-0.5239757797060839,0.0015338455469625964
v3_1M,v3,3. + stratégie 13,1M,1000000,37,commune,pess,10,expo_brute,True,0.32045,0.7169600892217001,0.0297498605910936,0.2125,0.1310906565570317,0.3580046265649245,4,40000,dd_p10,-0.6968616827657126,0.001607624732992643
v3_1M,v3,3. + stratégie 13,1M,1000000,37,commune,central,10,expo_brute,True,0.32045,0.7169600892217001,0.2297498605910937,0.2125,0.1310906565570317,0.3580046265649245,4,40000,dd_p10,-0.6020054054391615,0.002588099836057662
v3_1M,v3,3. + stratégie 13,1M,1000000,37,commune,opt,10,expo_brute,True,0.32045,0.7169600892217001,0.4297498605910937,0.2125,0.1310906565570317,0.3580046265649245,4,40000,dd_p10,-0.510253338281398,0.0018592853701699039
v4_100k,v4,4. + pilotage du risque,100k,100000,13,commune,pess,10,expo_brute,True,0.39254,0.4987282429804,-0.0042292155004738,0.21286,0.1505511344877443,0.3782512414595131,4,40000,dd_p10,-0.7246390822082812,0.00304899199307582
v4_100k,v4,4. + pilotage du risque,100k,100000,13,commune,central,10,expo_brute,True,0.39254,0.4987282429804,0.1957707844995262,0.21286,0.1505511344877443,0.3782512414595131,4,40000,dd_p10,-0.6322516861906874,0.0020656320794112714
v4_100k,v4,4. + pilotage du risque,100k,100000,13,commune,opt,10,expo_brute,True,0.39254,0.4987282429804,0.3957707844995262,0.21286,0.1505511344877443,0.3782512414595131,4,40000,dd_p10,-0.542900513182099,0.00110777148096687
v4_250k,v4,4. + pilotage du risque,250k,250000,23,commune,pess,10,expo_brute,True,0.39268,0.5766596986953074,0.0264427304836732,0.21289,0.1505511344877443,0.3779449021931268,4,40000,dd_p10,-0.7349263061780467,0.001713491514659901
v4_250k,v4,4. + pilotage du risque,250k,250000,23,commune,central,10,expo_brute,True,0.39268,0.5766596986953074,0.2264427304836733,0.21289,0.1505511344877443,0.3779449021931268,4,40000,dd_p10,-0.6505704149027717,0.0017972111071965719
v4_250k,v4,4. + pilotage du risque,250k,250000,23,commune,opt,10,expo_brute,True,0.39268,0.5766596986953074,0.4264427304836733,0.21289,0.1505511344877443,0.3779449021931268,4,40000,dd_p10,-0.5696864316545234,0.002177154693495141
v4_1M,v4,4. + pilotage du risque,1M,1000000,38,commune,pess,10,expo_brute,True,0.37235,0.7169600892217001,0.0669600892216999,0.21464,0.1505511344877443,0.3797502616524224,4,40000,dd_p10,-0.702146431227988,0.002624222510409309
v4_1M,v4,4. + pilotage du risque,1M,1000000,38,commune,central,10,expo_brute,True,0.37235,0.7169600892217001,0.2669600892217,0.21464,0.1505511344877443,0.3797502616524224,4,40000,dd_p10,-0.6170254222338326,0.0023196820807740294
v4_1M,v4,4. + pilotage du risque,1M,1000000,38,commune,opt,10,expo_brute,True,0.37235,0.7169600892217001,0.4669600892217,0.21464,0.1505511344877443,0.3797502616524224,4,40000,dd_p10,-0.5372839100161445,0.0023935703807879526
v5_100k,v5,5. Les deux,100k,100000,14,commune,pess,10,expo_brute,True,0.40102,0.4987282429804,0.0,0.21501,0.17,0.4,4,40000,dd_p10,-0.7245859066609315,0.0025408641703288364
v5_100k,v5,5. Les deux,100k,100000,14,commune,central,10,expo_brute,True,0.40102,0.4987282429804,0.2,0.21501,0.17,0.4,4,40000,dd_p10,-0.6282458456445721,0.0023895314372079338
v5_100k,v5,5. Les deux,100k,100000,14,commune,opt,10,expo_brute,True,0.40102,0.4987282429804,0.4,0.21501,0.17,0.4,4,40000,dd_p10,-0.5376651273303829,0.0021299383700452124
v5_250k,v5,5. Les deux,250k,250000,24,commune,pess,10,expo_brute,True,0.41619,0.5766596986953074,0.0399999999999999,0.21533,0.17,0.4,4,40000,dd_p10,-0.7375210259525502,0.0019570678580790478
v5_250k,v5,5. Les deux,250k,250000,24,commune,central,10,expo_brute,True,0.41619,0.5766596986953074,0.24,0.21533,0.17,0.4,4,40000,dd_p10,-0.6550688546749917,0.0019237336665585726
v5_250k,v5,5. Les deux,250k,250000,24,commune,opt,10,expo_brute,True,0.41619,0.5766596986953074,0.44,0.21533,0.17,0.4,4,40000,dd_p10,-0.5749444232852396,0.00157852070565015
v5_1M,v5,5. Les deux,1M,1000000,40,commune,pess,10,expo_brute,True,0.37659,0.7169600892217001,0.07,0.21539,0.17,0.4,4,40000,dd_p10,-0.7096066361866273,0.0032775733478141557
v5_1M,v5,5. Les deux,1M,1000000,40,commune,central,10,expo_brute,True,0.37659,0.7169600892217001,0.27,0.21539,0.17,0.4,4,40000,dd_p10,-0.6247879561999058,0.0034972731750339925
v5_1M,v5,5. Les deux,1M,1000000,40,commune,opt,10,expo_brute,True,0.37659,0.7169600892217001,0.47,0.21539,0.17,0.4,4,40000,dd_p10,-0.544571182859805,0.002577167542049553
v1_100k,v1,1. Montant fixe,100k,100000,13,v1v2_sans_selection,pess,5,expo_brute,True,0.066005,0.4987282429804,-0.1588098317415591,0.38963,0.1017170440702665,0.5185111466701455,4,40000,dd_p10,-0.8231135809003935,0.0004098885234528549
v1_100k,v1,1. Montant fixe,100k,100000,13,v1v2_sans_selection,central,5,expo_brute,True,0.066005,0.4987282429804,0.0411901682584409,0.38963,0.1017170440702665,0.5185111466701455,4,40000,dd_p10,-0.7562957878262575,0.0007849479361781655
v1_100k,v1,1. Montant fixe,100k,100000,13,v1v2_sans_selection,opt,5,expo_brute,True,0.066005,0.4987282429804,0.2411901682584409,0.38963,0.1017170440702665,0.5185111466701455,4,40000,dd_p10,-0.6802406752729164,0.0011028442233783496
v1_250k,v1,1. Montant fixe,250k,250000,21,v1v2_sans_selection,pess,5,expo_brute,True,-0.01434,0.5766596986953074,-0.209786975059468,0.37385,0.1017170440702665,0.5010366929812404,4,40000,dd_p10,-0.8268018227892797,0.0006121852932912106
v1_250k,v1,1. Montant fixe,250k,250000,21,v1v2_sans_selection,central,5,expo_brute,True,-0.01434,0.5766596986953074,-0.009786975059468,0.37385,0.1017170440702665,0.5010366929812404,4,40000,dd_p10,-0.7641393167989698,0.0009639865163124265
v1_250k,v1,1. Montant fixe,250k,250000,21,v1v2_sans_selection,opt,5,expo_brute,True,-0.01434,0.5766596986953074,0.190213024940532,0.37385,0.1017170440702665,0.5010366929812404,4,40000,dd_p10,-0.6922044220605823,0.002298964985138425
v1_1M,v1,1. Montant fixe,1M,1000000,36,v1v2_sans_selection,pess,5,expo_brute,True,0.014638,0.7169600892217001,-0.1884693536604796,0.34739,0.1017170440702665,0.472670663086934,4,40000,dd_p10,-0.792422734847344,0.0007677457299486525
v1_1M,v1,1. Montant fixe,1M,1000000,36,v1v2_sans_selection,central,5,expo_brute,True,0.014638,0.7169600892217001,0.0115306463395204,0.34739,0.1017170440702665,0.472670663086934,4,40000,dd_p10,-0.7286213952496104,0.0007420614433402463
v1_1M,v1,1. Montant fixe,1M,1000000,36,v1v2_sans_selection,opt,5,expo_brute,True,0.014638,0.7169600892217001,0.2115306463395204,0.34739,0.1017170440702665,0.472670663086934,4,40000,dd_p10,-0.6587633066805522,0.0006763868152050886
v2_100k,v2,2. Système actuel,100k,100000,13,v1v2_sans_selection,pess,5,expo_brute,True,0.25477,0.4987282429804,-0.0410117541519126,0.20601,0.1082974145291847,0.32866995534124,4,40000,dd_p10,-0.5471262408439352,0.0003595707893892477
v2_100k,v2,2. Système actuel,100k,100000,13,v1v2_sans_selection,central,5,expo_brute,True,0.25477,0.4987282429804,0.1589882458480874,0.20601,0.1082974145291847,0.32866995534124,4,40000,dd_p10,-0.4751247052995036,0.0007643324394921395
v2_100k,v2,2. Système actuel,100k,100000,13,v1v2_sans_selection,opt,5,expo_brute,True,0.25477,0.4987282429804,0.3589882458480874,0.20601,0.1082974145291847,0.32866995534124,4,40000,dd_p10,-0.40776737844506955,0.0011199751320401742
v2_250k,v2,2. Système actuel,250k,250000,21,v1v2_sans_selection,pess,5,expo_brute,True,0.29366,0.5766596986953074,0.0004214153391478,0.19482,0.1082974145291847,0.3163901094625428,4,40000,dd_p10,-0.5311437465284936,0.0023067058023879365
v2_250k,v2,2. Système actuel,250k,250000,21,v1v2_sans_selection,central,5,expo_brute,True,0.29366,0.5766596986953074,0.2004214153391479,0.19482,0.1082974145291847,0.3163901094625428,4,40000,dd_p10,-0.46244569224076176,0.002449608746273786
v2_250k,v2,2. Système actuel,250k,250000,21,v1v2_sans_selection,opt,5,expo_brute,True,0.29366,0.5766596986953074,0.4004214153391479,0.19482,0.1082974145291847,0.3163901094625428,4,40000,dd_p10,-0.3969863871981891,0.0019292320438244169
v2_1M,v2,2. Système actuel,1M,1000000,36,v1v2_sans_selection,pess,5,expo_brute,True,0.26414,0.7169600892217001,0.0080683784752647,0.20608,0.1082974145291847,0.3283559130667213,4,40000,dd_p10,-0.5483642288294956,0.003064324863369982
v2_1M,v2,2. Système actuel,1M,1000000,36,v1v2_sans_selection,central,5,expo_brute,True,0.26414,0.7169600892217001,0.2080683784752648,0.20608,0.1082974145291847,0.3283559130667213,4,40000,dd_p10,-0.47823861192077066,0.002825655083137616
v2_1M,v2,2. Système actuel,1M,1000000,36,v1v2_sans_selection,opt,5,expo_brute,True,0.26414,0.7169600892217001,0.4080683784752648,0.20608,0.1082974145291847,0.3283559130667213,4,40000,dd_p10,-0.4119196317737543,0.0022327570095036628
v3_100k,v3,3. + stratégie 13,100k,100000,14,v1v2_sans_selection,pess,5,expo_brute,False,0.284,0.4987282429804,-0.0583611789935664,0.22245,0.1310906565570317,0.3690493561523995,4,40000,dd_p10,-0.5990060629465728,0.0018418871992712522
v3_100k,v3,3. + stratégie 13,100k,100000,14,v1v2_sans_selection,central,5,expo_brute,False,0.284,0.4987282429804,0.1416388210064336,0.22245,0.1310906565570317,0.3690493561523995,4,40000,dd_p10,-0.5276764894774962,0.002288134697763165
v3_100k,v3,3. + stratégie 13,100k,100000,14,v1v2_sans_selection,opt,5,expo_brute,False,0.284,0.4987282429804,0.3416388210064336,0.22245,0.1310906565570317,0.3690493561523995,4,40000,dd_p10,-0.4582067025635778,0.0024553882592184655
v3_250k,v3,3. + stratégie 13,250k,250000,22,v1v2_sans_selection,pess,5,expo_brute,False,0.36765,0.5766596986953074,0.0120089382253296,0.20811,0.1310906565570317,0.3533787724721388,4,40000,dd_p10,-0.5734285938136702,0.001958228199588136
v3_250k,v3,3. + stratégie 13,250k,250000,22,v1v2_sans_selection,central,5,expo_brute,False,0.36765,0.5766596986953074,0.2120089382253297,0.20811,0.1310906565570317,0.3533787724721388,4,40000,dd_p10,-0.5069541079342876,0.0019177470692202546
v3_250k,v3,3. + stratégie 13,250k,250000,22,v1v2_sans_selection,opt,5,expo_brute,False,0.36765,0.5766596986953074,0.4120089382253297,0.20811,0.1310906565570317,0.3533787724721388,4,40000,dd_p10,-0.4425282883037368,0.0015334586632695065
v3_1M,v3,3. + stratégie 13,1M,1000000,37,v1v2_sans_selection,pess,5,expo_brute,False,0.32045,0.7169600892217001,0.0297498605910936,0.2125,0.1310906565570317,0.3580046265649245,4,40000,dd_p10,-0.5661365105579175,0.0014567269263920874
v3_1M,v3,3. + stratégie 13,1M,1000000,37,v1v2_sans_selection,central,5,expo_brute,False,0.32045,0.7169600892217001,0.2297498605910937,0.2125,0.1310906565570317,0.3580046265649245,4,40000,dd_p10,-0.49903935217945183,0.0023517708153588937
v3_1M,v3,3. + stratégie 13,1M,1000000,37,v1v2_sans_selection,opt,5,expo_brute,False,0.32045,0.7169600892217001,0.4297498605910937,0.2125,0.1310906565570317,0.3580046265649245,4,40000,dd_p10,-0.4345953793435094,0.001344107470211472
v4_100k,v4,4. + pilotage du risque,100k,100000,13,v1v2_sans_selection,pess,5,expo_brute,False,0.39254,0.4987282429804,-0.0042292155004738,0.21286,0.1505511344877443,0.3782512414595131,4,40000,dd_p10,-0.5887469622825159,0.0014774539014140865
v4_100k,v4,4. + pilotage du risque,100k,100000,13,v1v2_sans_selection,central,5,expo_brute,False,0.39254,0.4987282429804,0.1957707844995262,0.21286,0.1505511344877443,0.3782512414595131,4,40000,dd_p10,-0.5247265938847281,0.002114759426114144
v4_100k,v4,4. + pilotage du risque,100k,100000,13,v1v2_sans_selection,opt,5,expo_brute,False,0.39254,0.4987282429804,0.3957707844995262,0.21286,0.1505511344877443,0.3782512414595131,4,40000,dd_p10,-0.46129578605601373,0.0019317122092261227
v4_250k,v4,4. + pilotage du risque,250k,250000,23,v1v2_sans_selection,pess,5,expo_brute,False,0.39268,0.5766596986953074,0.0264427304836732,0.21289,0.1505511344877443,0.3779449021931268,4,40000,dd_p10,-0.601572588625263,0.0026753491750266065
v4_250k,v4,4. + pilotage du risque,250k,250000,23,v1v2_sans_selection,central,5,expo_brute,False,0.39268,0.5766596986953074,0.2264427304836733,0.21289,0.1505511344877443,0.3779449021931268,4,40000,dd_p10,-0.5412133448937084,0.0014676054814411648
v4_250k,v4,4. + pilotage du risque,250k,250000,23,v1v2_sans_selection,opt,5,expo_brute,False,0.39268,0.5766596986953074,0.4264427304836733,0.21289,0.1505511344877443,0.3779449021931268,4,40000,dd_p10,-0.4833410684258356,0.0020709429083181764
v4_1M,v4,4. + pilotage du risque,1M,1000000,38,v1v2_sans_selection,pess,5,expo_brute,False,0.37235,0.7169600892217001,0.0669600892216999,0.21464,0.1505511344877443,0.3797502616524224,4,40000,dd_p10,-0.5779340870959848,0.003813589610152855
v4_1M,v4,4. + pilotage du risque,1M,1000000,38,v1v2_sans_selection,central,5,expo_brute,False,0.37235,0.7169600892217001,0.2669600892217,0.21464,0.1505511344877443,0.3797502616524224,4,40000,dd_p10,-0.5170295419438027,0.002304618945354195
v4_1M,v4,4. + pilotage du risque,1M,1000000,38,v1v2_sans_selection,opt,5,expo_brute,False,0.37235,0.7169600892217001,0.4669600892217,0.21464,0.1505511344877443,0.3797502616524224,4,40000,dd_p10,-0.45968132829896147,0.0013650558413244136
v5_100k,v5,5. Les deux,100k,100000,14,v1v2_sans_selection,pess,5,expo_brute,False,0.40102,0.4987282429804,0.0,0.21501,0.17,0.4,4,40000,dd_p10,-0.5886425345259265,0.002294944897682991
v5_100k,v5,5. Les deux,100k,100000,14,v1v2_sans_selection,central,5,expo_brute,False,0.40102,0.4987282429804,0.2,0.21501,0.17,0.4,4,40000,dd_p10,-0.5230543814969769,0.002279009472729018
v5_100k,v5,5. Les deux,100k,100000,14,v1v2_sans_selection,opt,5,expo_brute,False,0.40102,0.4987282429804,0.4,0.21501,0.17,0.4,4,40000,dd_p10,-0.4605358936764384,0.0024451900025723398
v5_250k,v5,5. Les deux,250k,250000,24,v1v2_sans_selection,pess,5,expo_brute,False,0.41619,0.5766596986953074,0.0399999999999999,0.21533,0.17,0.4,4,40000,dd_p10,-0.6059003249365249,0.0020122092526237223
v5_250k,v5,5. Les deux,250k,250000,24,v1v2_sans_selection,central,5,expo_brute,False,0.41619,0.5766596986953074,0.24,0.21533,0.17,0.4,4,40000,dd_p10,-0.5470242024544426,0.0014408951986896994
v5_250k,v5,5. Les deux,250k,250000,24,v1v2_sans_selection,opt,5,expo_brute,False,0.41619,0.5766596986953074,0.44,0.21533,0.17,0.4,4,40000,dd_p10,-0.4897131208299626,0.001147082208498325
v5_1M,v5,5. Les deux,1M,1000000,40,v1v2_sans_selection,pess,5,expo_brute,False,0.37659,0.7169600892217001,0.07,0.21539,0.17,0.4,4,40000,dd_p10,-0.5832945790288635,0.0036863000354057382
v5_1M,v5,5. Les deux,1M,1000000,40,v1v2_sans_selection,central,5,expo_brute,False,0.37659,0.7169600892217001,0.27,0.21539,0.17,0.4,4,40000,dd_p10,-0.5226656687005782,0.003899264970564464
v5_1M,v5,5. Les deux,1M,1000000,40,v1v2_sans_selection,opt,5,expo_brute,False,0.37659,0.7169600892217001,0.47,0.21539,0.17,0.4,4,40000,dd_p10,-0.4649058620085222,0.002479159571295964
v1_100k,v1,1. Montant fixe,100k,100000,13,v1v2_sans_selection,pess,10,expo_brute,True,0.066005,0.4987282429804,-0.1588098317415591,0.38963,0.1017170440702665,0.5185111466701455,4,40000,dd_p10,-0.9424569269950732,0.0005076443684716909
v1_100k,v1,1. Montant fixe,100k,100000,13,v1v2_sans_selection,central,10,expo_brute,True,0.066005,0.4987282429804,0.0411901682584409,0.38963,0.1017170440702665,0.5185111466701455,4,40000,dd_p10,-0.8809787202554132,0.0009629738548684058
v1_100k,v1,1. Montant fixe,100k,100000,13,v1v2_sans_selection,opt,10,expo_brute,True,0.066005,0.4987282429804,0.2411901682584409,0.38963,0.1017170440702665,0.5185111466701455,4,40000,dd_p10,-0.7846053083451593,0.0014531454332150004
v1_250k,v1,1. Montant fixe,250k,250000,21,v1v2_sans_selection,pess,10,expo_brute,True,-0.01434,0.5766596986953074,-0.209786975059468,0.37385,0.1017170440702665,0.5010366929812404,4,40000,dd_p10,-0.9437310869016068,0.00033697043241177107
v1_250k,v1,1. Montant fixe,250k,250000,21,v1v2_sans_selection,central,10,expo_brute,True,-0.01434,0.5766596986953074,-0.009786975059468,0.37385,0.1017170440702665,0.5010366929812404,4,40000,dd_p10,-0.8899169728494204,0.0007334088409034446
v1_250k,v1,1. Montant fixe,250k,250000,21,v1v2_sans_selection,opt,10,expo_brute,True,-0.01434,0.5766596986953074,0.190213024940532,0.37385,0.1017170440702665,0.5010366929812404,4,40000,dd_p10,-0.8054931198561464,0.002160160955325736
v1_1M,v1,1. Montant fixe,1M,1000000,36,v1v2_sans_selection,pess,10,expo_brute,True,0.014638,0.7169600892217001,-0.1884693536604796,0.34739,0.1017170440702665,0.472670663086934,4,40000,dd_p10,-0.9166924064585035,0.000679621330062891
v1_1M,v1,1. Montant fixe,1M,1000000,36,v1v2_sans_selection,central,10,expo_brute,True,0.014638,0.7169600892217001,0.0115306463395204,0.34739,0.1017170440702665,0.472670663086934,4,40000,dd_p10,-0.8523218741018705,0.0009109906828083176
v1_1M,v1,1. Montant fixe,1M,1000000,36,v1v2_sans_selection,opt,10,expo_brute,True,0.014638,0.7169600892217001,0.2115306463395204,0.34739,0.1017170440702665,0.472670663086934,4,40000,dd_p10,-0.7635885046685434,0.0012750434434670196
v2_100k,v2,2. Système actuel,100k,100000,13,v1v2_sans_selection,pess,10,expo_brute,True,0.25477,0.4987282429804,-0.0410117541519126,0.20601,0.1082974145291847,0.32866995534124,4,40000,dd_p10,-0.6905920157863179,0.0023446975700388475
v2_100k,v2,2. Système actuel,100k,100000,13,v1v2_sans_selection,central,10,expo_brute,True,0.25477,0.4987282429804,0.1589882458480874,0.20601,0.1082974145291847,0.32866995534124,4,40000,dd_p10,-0.5823152959651203,0.0027076253841149464
v2_100k,v2,2. Système actuel,100k,100000,13,v1v2_sans_selection,opt,10,expo_brute,True,0.25477,0.4987282429804,0.3589882458480874,0.20601,0.1082974145291847,0.32866995534124,4,40000,dd_p10,-0.4804654118135898,0.0022310745453008075
v2_250k,v2,2. Système actuel,250k,250000,21,v1v2_sans_selection,pess,10,expo_brute,True,0.29366,0.5766596986953074,0.0004214153391478,0.19482,0.1082974145291847,0.3163901094625428,4,40000,dd_p10,-0.6681478423234968,0.0022048316012758026
v2_250k,v2,2. Système actuel,250k,250000,21,v1v2_sans_selection,central,10,expo_brute,True,0.29366,0.5766596986953074,0.2004214153391479,0.19482,0.1082974145291847,0.3163901094625428,4,40000,dd_p10,-0.5665585824671103,0.0019610251043070646
v2_250k,v2,2. Système actuel,250k,250000,21,v1v2_sans_selection,opt,10,expo_brute,True,0.29366,0.5766596986953074,0.4004214153391479,0.19482,0.1082974145291847,0.3163901094625428,4,40000,dd_p10,-0.47057995567598,0.0017829904753744446
v2_1M,v2,2. Système actuel,1M,1000000,36,v1v2_sans_selection,pess,10,expo_brute,True,0.26414,0.7169600892217001,0.0080683784752647,0.20608,0.1082974145291847,0.3283559130667213,4,40000,dd_p10,-0.683388358692951,0.0023049173293001697
v2_1M,v2,2. Système actuel,1M,1000000,36,v1v2_sans_selection,central,10,expo_brute,True,0.26414,0.7169600892217001,0.2080683784752648,0.20608,0.1082974145291847,0.3283559130667213,4,40000,dd_p10,-0.5839030056716148,0.0021482476566520737
v2_1M,v2,2. Système actuel,1M,1000000,36,v1v2_sans_selection,opt,10,expo_brute,True,0.26414,0.7169600892217001,0.4080683784752648,0.20608,0.1082974145291847,0.3283559130667213,4,40000,dd_p10,-0.48692578559997085,0.002627699964238669
v3_100k,v3,3. + stratégie 13,100k,100000,14,v1v2_sans_selection,pess,10,expo_brute,False,0.284,0.4987282429804,-0.0583611789935664,0.22245,0.1310906565570317,0.3690493561523995,4,40000,dd_p10,-0.7437313251539392,0.001042847408535117
v3_100k,v3,3. + stratégie 13,100k,100000,14,v1v2_sans_selection,central,10,expo_brute,False,0.284,0.4987282429804,0.1416388210064336,0.22245,0.1310906565570317,0.3690493561523995,4,40000,dd_p10,-0.6432881666874117,0.0014580657869699234
v3_100k,v3,3. + stratégie 13,100k,100000,14,v1v2_sans_selection,opt,10,expo_brute,False,0.284,0.4987282429804,0.3416388210064336,0.22245,0.1310906565570317,0.3690493561523995,4,40000,dd_p10,-0.5384911796054872,0.0009568390895810823
v3_250k,v3,3. + stratégie 13,250k,250000,22,v1v2_sans_selection,pess,10,expo_brute,False,0.36765,0.5766596986953074,0.0120089382253296,0.20811,0.1310906565570317,0.3533787724721388,4,40000,dd_p10,-0.709211895132435,0.001425535741503788
v3_250k,v3,3. + stratégie 13,250k,250000,22,v1v2_sans_selection,central,10,expo_brute,False,0.36765,0.5766596986953074,0.2120089382253297,0.20811,0.1310906565570317,0.3533787724721388,4,40000,dd_p10,-0.616439597593683,0.0019484330535273085
v3_250k,v3,3. + stratégie 13,250k,250000,22,v1v2_sans_selection,opt,10,expo_brute,False,0.36765,0.5766596986953074,0.4120089382253297,0.20811,0.1310906565570317,0.3533787724721388,4,40000,dd_p10,-0.5239757797060839,0.0015338455469625964
v3_1M,v3,3. + stratégie 13,1M,1000000,37,v1v2_sans_selection,pess,10,expo_brute,False,0.32045,0.7169600892217001,0.0297498605910936,0.2125,0.1310906565570317,0.3580046265649245,4,40000,dd_p10,-0.6968616827657126,0.001607624732992643
v3_1M,v3,3. + stratégie 13,1M,1000000,37,v1v2_sans_selection,central,10,expo_brute,False,0.32045,0.7169600892217001,0.2297498605910937,0.2125,0.1310906565570317,0.3580046265649245,4,40000,dd_p10,-0.6020054054391615,0.002588099836057662
v3_1M,v3,3. + stratégie 13,1M,1000000,37,v1v2_sans_selection,opt,10,expo_brute,False,0.32045,0.7169600892217001,0.4297498605910937,0.2125,0.1310906565570317,0.3580046265649245,4,40000,dd_p10,-0.510253338281398,0.0018592853701699039
v4_100k,v4,4. + pilotage du risque,100k,100000,13,v1v2_sans_selection,pess,10,expo_brute,False,0.39254,0.4987282429804,-0.0042292155004738,0.21286,0.1505511344877443,0.3782512414595131,4,40000,dd_p10,-0.7246390822082812,0.00304899199307582
v4_100k,v4,4. + pilotage du risque,100k,100000,13,v1v2_sans_selection,central,10,expo_brute,False,0.39254,0.4987282429804,0.1957707844995262,0.21286,0.1505511344877443,0.3782512414595131,4,40000,dd_p10,-0.6322516861906874,0.0020656320794112714
v4_100k,v4,4. + pilotage du risque,100k,100000,13,v1v2_sans_selection,opt,10,expo_brute,False,0.39254,0.4987282429804,0.3957707844995262,0.21286,0.1505511344877443,0.3782512414595131,4,40000,dd_p10,-0.542900513182099,0.00110777148096687
v4_250k,v4,4. + pilotage du risque,250k,250000,23,v1v2_sans_selection,pess,10,expo_brute,False,0.39268,0.5766596986953074,0.0264427304836732,0.21289,0.1505511344877443,0.3779449021931268,4,40000,dd_p10,-0.7349263061780467,0.001713491514659901
v4_250k,v4,4. + pilotage du risque,250k,250000,23,v1v2_sans_selection,central,10,expo_brute,False,0.39268,0.5766596986953074,0.2264427304836733,0.21289,0.1505511344877443,0.3779449021931268,4,40000,dd_p10,-0.6505704149027717,0.0017972111071965719
v4_250k,v4,4. + pilotage du risque,250k,250000,23,v1v2_sans_selection,opt,10,expo_brute,False,0.39268,0.5766596986953074,0.4264427304836733,0.21289,0.1505511344877443,0.3779449021931268,4,40000,dd_p10,-0.5696864316545234,0.002177154693495141
v4_1M,v4,4. + pilotage du risque,1M,1000000,38,v1v2_sans_selection,pess,10,expo_brute,False,0.37235,0.7169600892217001,0.0669600892216999,0.21464,0.1505511344877443,0.3797502616524224,4,40000,dd_p10,-0.702146431227988,0.002624222510409309
v4_1M,v4,4. + pilotage du risque,1M,1000000,38,v1v2_sans_selection,central,10,expo_brute,False,0.37235,0.7169600892217001,0.2669600892217,0.21464,0.1505511344877443,0.3797502616524224,4,40000,dd_p10,-0.6170254222338326,0.0023196820807740294
v4_1M,v4,4. + pilotage du risque,1M,1000000,38,v1v2_sans_selection,opt,10,expo_brute,False,0.37235,0.7169600892217001,0.4669600892217,0.21464,0.1505511344877443,0.3797502616524224,4,40000,dd_p10,-0.5372839100161445,0.0023935703807879526
v5_100k,v5,5. Les deux,100k,100000,14,v1v2_sans_selection,pess,10,expo_brute,False,0.40102,0.4987282429804,0.0,0.21501,0.17,0.4,4,40000,dd_p10,-0.7245859066609315,0.0025408641703288364
v5_100k,v5,5. Les deux,100k,100000,14,v1v2_sans_selection,central,10,expo_brute,False,0.40102,0.4987282429804,0.2,0.21501,0.17,0.4,4,40000,dd_p10,-0.6282458456445721,0.0023895314372079338
v5_100k,v5,5. Les deux,100k,100000,14,v1v2_sans_selection,opt,10,expo_brute,False,0.40102,0.4987282429804,0.4,0.21501,0.17,0.4,4,40000,dd_p10,-0.5376651273303829,0.0021299383700452124
v5_250k,v5,5. Les deux,250k,250000,24,v1v2_sans_selection,pess,10,expo_brute,False,0.41619,0.5766596986953074,0.0399999999999999,0.21533,0.17,0.4,4,40000,dd_p10,-0.7375210259525502,0.0019570678580790478
v5_250k,v5,5. Les deux,250k,250000,24,v1v2_sans_selection,central,10,expo_brute,False,0.41619,0.5766596986953074,0.24,0.21533,0.17,0.4,4,40000,dd_p10,-0.6550688546749917,0.0019237336665585726
v5_250k,v5,5. Les deux,250k,250000,24,v1v2_sans_selection,opt,10,expo_brute,False,0.41619,0.5766596986953074,0.44,0.21533,0.17,0.4,4,40000,dd_p10,-0.5749444232852396,0.00157852070565015
v5_1M,v5,5. Les deux,1M,1000000,40,v1v2_sans_selection,pess,10,expo_brute,False,0.37659,0.7169600892217001,0.07,0.21539,0.17,0.4,4,40000,dd_p10,-0.7096066361866273,0.0032775733478141557
v5_1M,v5,5. Les deux,1M,1000000,40,v1v2_sans_selection,central,10,expo_brute,False,0.37659,0.7169600892217001,0.27,0.21539,0.17,0.4,4,40000,dd_p10,-0.6247879561999058,0.0034972731750339925
v5_1M,v5,5. Les deux,1M,1000000,40,v1v2_sans_selection,opt,10,expo_brute,False,0.37659,0.7169600892217001,0.47,0.21539,0.17,0.4,4,40000,dd_p10,-0.544571182859805,0.002577167542049553
v1_100k,v1,1. Montant fixe,100k,100000,13,commune,central,5,marge_contrats,False,0.066005,0.4987282429804,0.0329185576779213,0.38963,0.18356,0.6003541025998791,4,40000,dd_p10,-0.7612228836870356,0.000922090221856833
v1_250k,v1,1. Montant fixe,250k,250000,21,commune,central,5,marge_contrats,False,-0.01434,0.5766596986953074,-0.0082693000792907,0.37385,0.17136,0.5706796489109739,4,40000,dd_p10,-0.7650268284328754,0.001011688190431264
v1_1M,v1,1. Montant fixe,1M,1000000,36,commune,central,5,marge_contrats,False,0.014638,0.7169600892217001,0.0104948617860272,0.34739,0.16591,0.5368636190166675,4,40000,dd_p10,-0.7302602352149865,0.0007523392609723433
v2_100k,v2,2. Système actuel,100k,100000,13,commune,central,5,marge_contrats,False,0.25477,0.4987282429804,0.1270609944641165,0.20601,0.10646,0.3268325408120552,4,40000,dd_p10,-0.486501408136212,0.000603197212722655
v2_250k,v2,2. Système actuel,250k,250000,21,commune,central,5,marge_contrats,False,0.29366,0.5766596986953074,0.1693418871188639,0.19482,0.11062,0.3187126949333581,4,40000,dd_p10,-0.47295982675894577,0.0024184308152434522
v2_1M,v2,2. Système actuel,1M,1000000,36,commune,central,5,marge_contrats,False,0.26414,0.7169600892217001,0.1893778379670198,0.20608,0.11957,0.3396284985375365,4,40000,dd_p10,-0.4848081209240633,0.0029860978235013258
v3_100k,v3,3. + stratégie 13,100k,100000,14,commune,central,5,marge_contrats,False,0.284,0.4987282429804,0.1416388210064336,0.22245,0.12293,0.3608886995953677,4,40000,dd_p10,-0.5273456425925896,0.0022683134118336337
v3_250k,v3,3. + stratégie 13,250k,250000,22,commune,central,5,marge_contrats,False,0.36765,0.5766596986953074,0.2120089382253297,0.20811,0.12633,0.348618115915107,4,40000,dd_p10,-0.5068230915251895,0.001921805468786709
v3_1M,v3,3. + stratégie 13,1M,1000000,37,commune,central,5,marge_contrats,False,0.32045,0.7169600892217001,0.2297498605910937,0.2125,0.13419,0.3611039700078927,4,40000,dd_p10,-0.4991460701192077,0.002321338746469924
v4_100k,v4,4. + pilotage du risque,100k,100000,13,commune,central,5,marge_contrats,False,0.39254,0.4987282429804,0.1957707844995262,0.21286,0.1175,0.3452001069717687,4,40000,dd_p10,-0.5235755522001602,0.0020597997626336244
v4_250k,v4,4. + pilotage du risque,250k,250000,23,commune,central,5,marge_contrats,False,0.39268,0.5766596986953074,0.2264427304836733,0.21289,0.13386,0.3612537677053824,4,40000,dd_p10,-0.5407779367096557,0.001436569897861662
v4_1M,v4,4. + pilotage du risque,1M,1000000,38,commune,central,5,marge_contrats,False,0.37235,0.7169600892217001,0.2669600892217,0.21464,0.1405,0.369699127164678,4,40000,dd_p10,-0.5166886466578746,0.002314240940781777
v5_100k,v5,5. Les deux,100k,100000,14,commune,central,5,marge_contrats,False,0.40102,0.4987282429804,0.2,0.21501,0.12384,0.35384,4,40000,dd_p10,-0.5214620159010146,0.002239767971629592
v5_250k,v5,5. Les deux,250k,250000,24,commune,central,5,marge_contrats,False,0.41619,0.5766596986953074,0.24,0.21533,0.14192,0.37192,4,40000,dd_p10,-0.546202902726663,0.0015279201223270804
v5_1M,v5,5. Les deux,1M,1000000,40,commune,central,5,marge_contrats,False,0.37659,0.7169600892217001,0.27,0.21539,0.14745,0.37745,4,40000,dd_p10,-0.5219241550883738,0.0038850887465408613
v1_100k,v1,1. Montant fixe,100k,100000,13,commune,central,10,marge_contrats,False,0.066005,0.4987282429804,0.0329185576779213,0.38963,0.18356,0.6003541025998791,4,40000,dd_p10,-0.8861040352504059,0.0011708893248191347
v1_250k,v1,1. Montant fixe,250k,250000,21,commune,central,10,marge_contrats,False,-0.01434,0.5766596986953074,-0.0082693000792907,0.37385,0.17136,0.5706796489109739,4,40000,dd_p10,-0.8909374141055816,0.0007861807821905669
v1_1M,v1,1. Montant fixe,1M,1000000,36,commune,central,10,marge_contrats,False,0.014638,0.7169600892217001,0.0104948617860272,0.34739,0.16591,0.5368636190166675,4,40000,dd_p10,-0.8543589622963076,0.0007720628089321439
v2_100k,v2,2. Système actuel,100k,100000,13,commune,central,10,marge_contrats,False,0.25477,0.4987282429804,0.1270609944641165,0.20601,0.10646,0.3268325408120552,4,40000,dd_p10,-0.5993598865701076,0.0026384900932766727
v2_250k,v2,2. Système actuel,250k,250000,21,commune,central,10,marge_contrats,False,0.29366,0.5766596986953074,0.1693418871188639,0.19482,0.11062,0.3187126949333581,4,40000,dd_p10,-0.5828325968370185,0.002424530979319664
v2_1M,v2,2. Système actuel,1M,1000000,36,commune,central,10,marge_contrats,False,0.26414,0.7169600892217001,0.1893778379670198,0.20608,0.11957,0.3396284985375365,4,40000,dd_p10,-0.5939871105417935,0.0023743820520115704
v3_100k,v3,3. + stratégie 13,100k,100000,14,commune,central,10,marge_contrats,False,0.284,0.4987282429804,0.1416388210064336,0.22245,0.12293,0.3608886995953677,4,40000,dd_p10,-0.6429050789874662,0.0014225372607027846
v3_250k,v3,3. + stratégie 13,250k,250000,22,commune,central,10,marge_contrats,False,0.36765,0.5766596986953074,0.2120089382253297,0.20811,0.12633,0.348618115915107,4,40000,dd_p10,-0.6161643965278798,0.0019557839622842852
v3_1M,v3,3. + stratégie 13,1M,1000000,37,commune,central,10,marge_contrats,False,0.32045,0.7169600892217001,0.2297498605910937,0.2125,0.13419,0.3611039700078927,4,40000,dd_p10,-0.6021285511628963,0.0025702552632662274
v4_100k,v4,4. + pilotage du risque,100k,100000,13,commune,central,10,marge_contrats,False,0.39254,0.4987282429804,0.1957707844995262,0.21286,0.1175,0.3452001069717687,4,40000,dd_p10,-0.6307792987499201,0.002173142791594162
v4_250k,v4,4. + pilotage du risque,250k,250000,23,commune,central,10,marge_contrats,False,0.39268,0.5766596986953074,0.2264427304836733,0.21289,0.13386,0.3612537677053824,4,40000,dd_p10,-0.6498354023561161,0.0017470640113032617
v4_1M,v4,4. + pilotage du risque,1M,1000000,38,commune,central,10,marge_contrats,False,0.37235,0.7169600892217001,0.2669600892217,0.21464,0.1405,0.369699127164678,4,40000,dd_p10,-0.6165163341932083,0.002255428286469892
v5_100k,v5,5. Les deux,100k,100000,14,commune,central,10,marge_contrats,False,0.40102,0.4987282429804,0.2,0.21501,0.12384,0.35384,4,40000,dd_p10,-0.6260446407197902,0.002328483267552427
v5_250k,v5,5. Les deux,250k,250000,24,commune,central,10,marge_contrats,False,0.41619,0.5766596986953074,0.24,0.21533,0.14192,0.37192,4,40000,dd_p10,-0.6538612376877733,0.0020299352590586843
v5_1M,v5,5. Les deux,1M,1000000,40,commune,central,10,marge_contrats,False,0.37659,0.7169600892217001,0.27,0.21539,0.14745,0.37745,4,40000,dd_p10,-0.6237502592591608,0.003401854265928738
v1_100k,v1,1. Montant fixe,100k,100000,13,commune,pess,5,expo_brute,False,0.066005,0.4987282429804,-0.1670814423220787,0.38963,0.1017170440702665,0.5185111466701455,4,40000,ddr_med,-0.7070353129768749,0.0010295925239934445
v1_100k,v1,1. Montant fixe,100k,100000,13,commune,central,5,expo_brute,False,0.066005,0.4987282429804,0.0329185576779213,0.38963,0.1017170440702665,0.5185111466701455,4,40000,ddr_med,-0.6227985531131575,0.0010193910517633164
v1_100k,v1,1. Montant fixe,100k,100000,13,commune,opt,5,expo_brute,False,0.066005,0.4987282429804,0.2329185576779213,0.38963,0.1017170440702665,0.5185111466701455,4,40000,ddr_med,-0.539476687682757,0.0012125374261938177
v1_250k,v1,1. Montant fixe,250k,250000,21,commune,pess,5,expo_brute,False,-0.01434,0.5766596986953074,-0.2082693000792907,0.37385,0.1017170440702665,0.5010366929812404,4,40000,ddr_med,-0.7087737079267863,0.0018397045011903745
v1_250k,v1,1. Montant fixe,250k,250000,21,commune,central,5,expo_brute,False,-0.01434,0.5766596986953074,-0.0082693000792907,0.37385,0.1017170440702665,0.5010366929812404,4,40000,ddr_med,-0.6304422637589298,0.0024395203910041264
v1_250k,v1,1. Montant fixe,250k,250000,21,commune,opt,5,expo_brute,False,-0.01434,0.5766596986953074,0.1917306999207093,0.37385,0.1017170440702665,0.5010366929812404,4,40000,ddr_med,-0.554709825798291,0.00174363002852299
v1_1M,v1,1. Montant fixe,1M,1000000,36,commune,pess,5,expo_brute,False,0.014638,0.7169600892217001,-0.1895051382139728,0.34739,0.1017170440702665,0.472670663086934,4,40000,ddr_med,-0.6652165642693243,0.0012840413263583384
v1_1M,v1,1. Montant fixe,1M,1000000,36,commune,central,5,expo_brute,False,0.014638,0.7169600892217001,0.0104948617860272,0.34739,0.1017170440702665,0.472670663086934,4,40000,ddr_med,-0.5866949932215293,0.0014119931011793332
v1_1M,v1,1. Montant fixe,1M,1000000,36,commune,opt,5,expo_brute,False,0.014638,0.7169600892217001,0.2104948617860272,0.34739,0.1017170440702665,0.472670663086934,4,40000,ddr_med,-0.5216207764169412,0.00023791898919519371
v2_100k,v2,2. Système actuel,100k,100000,13,commune,pess,5,expo_brute,False,0.25477,0.4987282429804,-0.0729390055358835,0.20601,0.1082974145291847,0.32866995534124,4,40000,ddr_med,-0.4322416305305513,0.002024568703106633
v2_100k,v2,2. Système actuel,100k,100000,13,commune,central,5,expo_brute,False,0.25477,0.4987282429804,0.1270609944641165,0.20601,0.1082974145291847,0.32866995534124,4,40000,ddr_med,-0.3672066524687432,0.0014703035401419096
v2_100k,v2,2. Système actuel,100k,100000,13,commune,opt,5,expo_brute,False,0.25477,0.4987282429804,0.3270609944641165,0.20601,0.1082974145291847,0.32866995534124,4,40000,ddr_med,-0.31620522441227394,0.0021222101682103187
v2_250k,v2,2. Système actuel,250k,250000,21,commune,pess,5,expo_brute,False,0.29366,0.5766596986953074,-0.0306581128811361,0.19482,0.1082974145291847,0.3163901094625428,4,40000,ddr_med,-0.4177731383737624,0.0012394243215305177
v2_250k,v2,2. Système actuel,250k,250000,21,commune,central,5,expo_brute,False,0.29366,0.5766596986953074,0.1693418871188639,0.19482,0.1082974145291847,0.3163901094625428,4,40000,ddr_med,-0.3579375380230474,0.0009199678143812993
v2_250k,v2,2. Système actuel,250k,250000,21,commune,opt,5,expo_brute,False,0.29366,0.5766596986953074,0.3693418871188639,0.19482,0.1082974145291847,0.3163901094625428,4,40000,ddr_med,-0.3073174403802117,0.0014330171992645317
v2_1M,v2,2. Système actuel,1M,1000000,36,commune,pess,5,expo_brute,False,0.26414,0.7169600892217001,-0.0106221620329802,0.20608,0.1082974145291847,0.3283559130667213,4,40000,ddr_med,-0.42726123352586076,0.0015001247501224928
v2_1M,v2,2. Système actuel,1M,1000000,36,commune,central,5,expo_brute,False,0.26414,0.7169600892217001,0.1893778379670198,0.20608,0.1082974145291847,0.3283559130667213,4,40000,ddr_med,-0.368534987837667,0.0005438500066459511
v2_1M,v2,2. Système actuel,1M,1000000,36,commune,opt,5,expo_brute,False,0.26414,0.7169600892217001,0.3893778379670198,0.20608,0.1082974145291847,0.3283559130667213,4,40000,ddr_med,-0.3176508119873276,0.0007956997125160948
v3_100k,v3,3. + stratégie 13,100k,100000,14,commune,pess,5,expo_brute,True,0.284,0.4987282429804,-0.0583611789935664,0.22245,0.1310906565570317,0.3690493561523995,4,40000,ddr_med,-0.4557745961942635,0.0015948429443578954
v3_100k,v3,3. + stratégie 13,100k,100000,14,commune,central,5,expo_brute,True,0.284,0.4987282429804,0.1416388210064336,0.22245,0.1310906565570317,0.3690493561523995,4,40000,ddr_med,-0.3911707827720648,0.0015642543927079332
v3_100k,v3,3. + stratégie 13,100k,100000,14,commune,opt,5,expo_brute,True,0.284,0.4987282429804,0.3416388210064336,0.22245,0.1310906565570317,0.3690493561523995,4,40000,ddr_med,-0.33961412642709266,0.0008307048282346369
v3_250k,v3,3. + stratégie 13,250k,250000,22,commune,pess,5,expo_brute,True,0.36765,0.5766596986953074,0.0120089382253296,0.20811,0.1310906565570317,0.3533787724721388,4,40000,ddr_med,-0.4297451562090948,0.0018662898392348877
v3_250k,v3,3. + stratégie 13,250k,250000,22,commune,central,5,expo_brute,True,0.36765,0.5766596986953074,0.2120089382253297,0.20811,0.1310906565570317,0.3533787724721388,4,40000,ddr_med,-0.373326177147523,0.0011079266867251932
v3_250k,v3,3. + stratégie 13,250k,250000,22,commune,opt,5,expo_brute,True,0.36765,0.5766596986953074,0.4120089382253297,0.20811,0.1310906565570317,0.3533787724721388,4,40000,ddr_med,-0.3248672989949638,0.0013393981820278558
v3_1M,v3,3. + stratégie 13,1M,1000000,37,commune,pess,5,expo_brute,True,0.32045,0.7169600892217001,0.0297498605910936,0.2125,0.1310906565570317,0.3580046265649245,4,40000,ddr_med,-0.4279148237981386,0.0014791472658959096
v3_1M,v3,3. + stratégie 13,1M,1000000,37,commune,central,5,expo_brute,True,0.32045,0.7169600892217001,0.2297498605910937,0.2125,0.1310906565570317,0.3580046265649245,4,40000,ddr_med,-0.372118233108509,0.0013232246273645618
v3_1M,v3,3. + stratégie 13,1M,1000000,37,commune,opt,5,expo_brute,True,0.32045,0.7169600892217001,0.4297498605910937,0.2125,0.1310906565570317,0.3580046265649245,4,40000,ddr_med,-0.32447988635336117,0.0010684419495292981
v4_100k,v4,4. + pilotage du risque,100k,100000,13,commune,pess,5,expo_brute,True,0.39254,0.4987282429804,-0.0042292155004738,0.21286,0.1505511344877443,0.3782512414595131,4,40000,ddr_med,-0.43266698566193973,0.0014933493925918067
v4_100k,v4,4. + pilotage du risque,100k,100000,13,commune,central,5,expo_brute,True,0.39254,0.4987282429804,0.1957707844995262,0.21286,0.1505511344877443,0.3782512414595131,4,40000,ddr_med,-0.3759035474359392,0.0010529205187034452
v4_100k,v4,4. + pilotage du risque,100k,100000,13,commune,opt,5,expo_brute,True,0.39254,0.4987282429804,0.3957707844995262,0.21286,0.1505511344877443,0.3782512414595131,4,40000,ddr_med,-0.3314484445740324,0.0009004060371173157
v4_250k,v4,4. + pilotage du risque,250k,250000,23,commune,pess,5,expo_brute,True,0.39268,0.5766596986953074,0.0264427304836732,0.21289,0.1505511344877443,0.3779449021931268,4,40000,ddr_med,-0.43860935681250923,0.0013245240326633012
v4_250k,v4,4. + pilotage du risque,250k,250000,23,commune,central,5,expo_brute,True,0.39268,0.5766596986953074,0.2264427304836733,0.21289,0.1505511344877443,0.3779449021931268,4,40000,ddr_med,-0.3850359353090525,0.00138729775876854
v4_250k,v4,4. + pilotage du risque,250k,250000,23,commune,opt,5,expo_brute,True,0.39268,0.5766596986953074,0.4264427304836733,0.21289,0.1505511344877443,0.3779449021931268,4,40000,ddr_med,-0.3402432981658911,0.0012299126777010486
v4_1M,v4,4. + pilotage du risque,1M,1000000,38,commune,pess,5,expo_brute,True,0.37235,0.7169600892217001,0.0669600892216999,0.21464,0.1505511344877443,0.3797502616524224,4,40000,ddr_med,-0.42123708364739465,0.0020810885437495766
v4_1M,v4,4. + pilotage du risque,1M,1000000,38,commune,central,5,expo_brute,True,0.37235,0.7169600892217001,0.2669600892217,0.21464,0.1505511344877443,0.3797502616524224,4,40000,ddr_med,-0.37025941659988926,0.0013344452330433505
v4_1M,v4,4. + pilotage du risque,1M,1000000,38,commune,opt,5,expo_brute,True,0.37235,0.7169600892217001,0.4669600892217,0.21464,0.1505511344877443,0.3797502616524224,4,40000,ddr_med,-0.3290842531383248,0.0015056893620896935
v5_100k,v5,5. Les deux,100k,100000,14,commune,pess,5,expo_brute,True,0.40102,0.4987282429804,0.0,0.21501,0.17,0.4,4,40000,ddr_med,-0.43537500890463876,0.0009435790471133614
v5_100k,v5,5. Les deux,100k,100000,14,commune,central,5,expo_brute,True,0.40102,0.4987282429804,0.2,0.21501,0.17,0.4,4,40000,ddr_med,-0.37806200859511824,0.0007571190691134747
v5_100k,v5,5. Les deux,100k,100000,14,commune,opt,5,expo_brute,True,0.40102,0.4987282429804,0.4,0.21501,0.17,0.4,4,40000,ddr_med,-0.331396716867127,0.0007186935610198178
v5_250k,v5,5. Les deux,250k,250000,24,commune,pess,5,expo_brute,True,0.41619,0.5766596986953074,0.0399999999999999,0.21533,0.17,0.4,4,40000,ddr_med,-0.4407421616954799,0.0015244917908660346
v5_250k,v5,5. Les deux,250k,250000,24,commune,central,5,expo_brute,True,0.41619,0.5766596986953074,0.24,0.21533,0.17,0.4,4,40000,ddr_med,-0.38920459548992875,0.0012340590623363037
v5_250k,v5,5. Les deux,250k,250000,24,commune,opt,5,expo_brute,True,0.41619,0.5766596986953074,0.44,0.21533,0.17,0.4,4,40000,ddr_med,-0.34727296362477345,0.001661827169007596
v5_1M,v5,5. Les deux,1M,1000000,40,commune,pess,5,expo_brute,True,0.37659,0.7169600892217001,0.07,0.21539,0.17,0.4,4,40000,ddr_med,-0.4259727875748044,0.0017405881067054237
v5_1M,v5,5. Les deux,1M,1000000,40,commune,central,5,expo_brute,True,0.37659,0.7169600892217001,0.27,0.21539,0.17,0.4,4,40000,ddr_med,-0.37508058216667245,0.0010523884261391828
v5_1M,v5,5. Les deux,1M,1000000,40,commune,opt,5,expo_brute,True,0.37659,0.7169600892217001,0.47,0.21539,0.17,0.4,4,40000,ddr_med,-0.33194513199077963,0.001457094575920078
v1_100k,v1,1. Montant fixe,100k,100000,13,commune,pess,10,expo_brute,False,0.066005,0.4987282429804,-0.1670814423220787,0.38963,0.1017170440702665,0.5185111466701455,4,40000,ddr_med,-0.876689600216347,0.0015677311580146278
v1_100k,v1,1. Montant fixe,100k,100000,13,commune,central,10,expo_brute,False,0.066005,0.4987282429804,0.0329185576779213,0.38963,0.1017170440702665,0.5185111466701455,4,40000,ddr_med,-0.7739178605542629,0.0023057990185880984
v1_100k,v1,1. Montant fixe,100k,100000,13,commune,opt,10,expo_brute,False,0.066005,0.4987282429804,0.2329185576779213,0.38963,0.1017170440702665,0.5185111466701455,4,40000,ddr_med,-0.6526953733444254,0.0011685617559277469
v1_250k,v1,1. Montant fixe,250k,250000,21,commune,pess,10,expo_brute,False,-0.01434,0.5766596986953074,-0.2082693000792907,0.37385,0.1017170440702665,0.5010366929812404,4,40000,ddr_med,-0.8758150108253226,0.0019224013995529905
v1_250k,v1,1. Montant fixe,250k,250000,21,commune,central,10,expo_brute,False,-0.01434,0.5766596986953074,-0.0082693000792907,0.37385,0.1017170440702665,0.5010366929812404,4,40000,ddr_med,-0.7825241783673792,0.0022575123548605486
v1_250k,v1,1. Montant fixe,250k,250000,21,commune,opt,10,expo_brute,False,-0.01434,0.5766596986953074,0.1917306999207093,0.37385,0.1017170440702665,0.5010366929812404,4,40000,ddr_med,-0.6713283971316373,0.00192870468405139
v1_1M,v1,1. Montant fixe,1M,1000000,36,commune,pess,10,expo_brute,False,0.014638,0.7169600892217001,-0.1895051382139728,0.34739,0.1017170440702665,0.472670663086934,4,40000,ddr_med,-0.836264139413714,0.0018069988995998696
v1_1M,v1,1. Montant fixe,1M,1000000,36,commune,central,10,expo_brute,False,0.014638,0.7169600892217001,0.0104948617860272,0.34739,0.1017170440702665,0.472670663086934,4,40000,ddr_med,-0.7355108225504257,0.0023121054019253112
v1_1M,v1,1. Montant fixe,1M,1000000,36,commune,opt,10,expo_brute,False,0.014638,0.7169600892217001,0.2104948617860272,0.34739,0.1017170440702665,0.472670663086934,4,40000,ddr_med,-0.627677185409236,0.0011042413908444477
v2_100k,v2,2. Système actuel,100k,100000,13,commune,pess,10,expo_brute,False,0.25477,0.4987282429804,-0.0729390055358835,0.20601,0.1082974145291847,0.32866995534124,4,40000,ddr_med,-0.578465719734429,0.0019307595555152956
v2_100k,v2,2. Système actuel,100k,100000,13,commune,central,10,expo_brute,False,0.25477,0.4987282429804,0.1270609944641165,0.20601,0.1082974145291847,0.32866995534124,4,40000,ddr_med,-0.47064946543272496,0.00100901543178741
v2_100k,v2,2. Système actuel,100k,100000,13,commune,opt,10,expo_brute,False,0.25477,0.4987282429804,0.3270609944641165,0.20601,0.1082974145291847,0.32866995534124,4,40000,ddr_med,-0.38616252817277075,0.0007862258049613111
v2_250k,v2,2. Système actuel,250k,250000,21,commune,pess,10,expo_brute,False,0.29366,0.5766596986953074,-0.0306581128811361,0.19482,0.1082974145291847,0.3163901094625428,4,40000,ddr_med,-0.5547892476417471,0.0020658134997466764
v2_250k,v2,2. Système actuel,250k,250000,21,commune,central,10,expo_brute,False,0.29366,0.5766596986953074,0.1693418871188639,0.19482,0.1082974145291847,0.3163901094625428,4,40000,ddr_med,-0.45990423999172886,0.0017284969849771861
v2_250k,v2,2. Système actuel,250k,250000,21,commune,opt,10,expo_brute,False,0.29366,0.5766596986953074,0.3693418871188639,0.19482,0.1082974145291847,0.3163901094625428,4,40000,ddr_med,-0.38067579912634886,0.0015140134808044453
v2_1M,v2,2. Système actuel,1M,1000000,36,commune,pess,10,expo_brute,False,0.26414,0.7169600892217001,-0.0106221620329802,0.20608,0.1082974145291847,0.3283559130667213,4,40000,ddr_med,-0.5619841929096294,0.0020667412039982055
v2_1M,v2,2. Système actuel,1M,1000000,36,commune,central,10,expo_brute,False,0.26414,0.7169600892217001,0.1893778379670198,0.20608,0.1082974145291847,0.3283559130667213,4,40000,ddr_med,-0.4690655263727518,0.0012573481102447126
v2_1M,v2,2. Système actuel,1M,1000000,36,commune,opt,10,expo_brute,False,0.26414,0.7169600892217001,0.3893778379670198,0.20608,0.1082974145291847,0.3283559130667213,4,40000,ddr_med,-0.391245898527953,0.0009000034517306216
v3_100k,v3,3. + stratégie 13,100k,100000,14,commune,pess,10,expo_brute,True,0.284,0.4987282429804,-0.0583611789935664,0.22245,0.1310906565570317,0.3690493561523995,4,40000,ddr_med,-0.6071460144464979,0.0025131007126666404
v3_100k,v3,3. + stratégie 13,100k,100000,14,commune,central,10,expo_brute,True,0.284,0.4987282429804,0.1416388210064336,0.22245,0.1310906565570317,0.3690493561523995,4,40000,ddr_med,-0.4998478731086019,0.0017924779327974623
v3_100k,v3,3. + stratégie 13,100k,100000,14,commune,opt,10,expo_brute,True,0.284,0.4987282429804,0.3416388210064336,0.22245,0.1310906565570317,0.3690493561523995,4,40000,ddr_med,-0.41532582231418363,0.0015980036859119988
v3_250k,v3,3. + stratégie 13,250k,250000,22,commune,pess,10,expo_brute,True,0.36765,0.5766596986953074,0.0120089382253296,0.20811,0.1310906565570317,0.3533787724721388,4,40000,ddr_med,-0.5650086718909357,0.0031638230763378445
v3_250k,v3,3. + stratégie 13,250k,250000,22,commune,central,10,expo_brute,True,0.36765,0.5766596986953074,0.2120089382253297,0.20811,0.1310906565570317,0.3533787724721388,4,40000,ddr_med,-0.47597052671602125,0.002205750074901976
v3_250k,v3,3. + stratégie 13,250k,250000,22,commune,opt,10,expo_brute,True,0.36765,0.5766596986953074,0.4120089382253297,0.20811,0.1310906565570317,0.3533787724721388,4,40000,ddr_med,-0.40246300764023135,0.0017524747457449738
v3_1M,v3,3. + stratégie 13,1M,1000000,37,commune,pess,10,expo_brute,True,0.32045,0.7169600892217001,0.0297498605910936,0.2125,0.1310906565570317,0.3580046265649245,4,40000,ddr_med,-0.5586218066618981,0.0021129558504742636
v3_1M,v3,3. + stratégie 13,1M,1000000,37,commune,central,10,expo_brute,True,0.32045,0.7169600892217001,0.2297498605910937,0.2125,0.1310906565570317,0.3580046265649245,4,40000,ddr_med,-0.4700009788763771,0.0013316302056676876
v3_1M,v3,3. + stratégie 13,1M,1000000,37,commune,opt,10,expo_brute,True,0.32045,0.7169600892217001,0.4297498605910937,0.2125,0.1310906565570317,0.3580046265649245,4,40000,ddr_med,-0.3978862828266716,0.0007552146033158719
v4_100k,v4,4. + pilotage du risque,100k,100000,13,commune,pess,10,expo_brute,True,0.39254,0.4987282429804,-0.0042292155004738,0.21286,0.1505511344877443,0.3782512414595131,4,40000,ddr_med,-0.5707702879729307,0.0014752840839258052
v4_100k,v4,4. + pilotage du risque,100k,100000,13,commune,central,10,expo_brute,True,0.39254,0.4987282429804,0.1957707844995262,0.21286,0.1505511344877443,0.3782512414595131,4,40000,ddr_med,-0.47731356174911266,0.0018368216410731373
v4_100k,v4,4. + pilotage du risque,100k,100000,13,commune,opt,10,expo_brute,True,0.39254,0.4987282429804,0.3957707844995262,0.21286,0.1505511344877443,0.3782512414595131,4,40000,ddr_med,-0.4047123454991998,0.0017937273525231725
v4_250k,v4,4. + pilotage du risque,250k,250000,23,commune,pess,10,expo_brute,True,0.39268,0.5766596986953074,0.0264427304836732,0.21289,0.1505511344877443,0.3779449021931268,4,40000,ddr_med,-0.5766962419437351,0.002292568250285159
v4_250k,v4,4. + pilotage du risque,250k,250000,23,commune,central,10,expo_brute,True,0.39268,0.5766596986953074,0.2264427304836733,0.21289,0.1505511344877443,0.3779449021931268,4,40000,ddr_med,-0.4939377009798966,0.001524346744888941
v4_250k,v4,4. + pilotage du risque,250k,250000,23,commune,opt,10,expo_brute,True,0.39268,0.5766596986953074,0.4264427304836733,0.21289,0.1505511344877443,0.3779449021931268,4,40000,ddr_med,-0.42679800475578455,0.0016466194084696604
v4_1M,v4,4. + pilotage du risque,1M,1000000,38,commune,pess,10,expo_brute,True,0.37235,0.7169600892217001,0.0669600892216999,0.21464,0.1505511344877443,0.3797502616524224,4,40000,ddr_med,-0.549099432692713,0.001061901571085303
v4_1M,v4,4. + pilotage du risque,1M,1000000,38,commune,central,10,expo_brute,True,0.37235,0.7169600892217001,0.2669600892217,0.21464,0.1505511344877443,0.3797502616524224,4,40000,ddr_med,-0.4699461012835409,0.001475743724137305
v4_1M,v4,4. + pilotage du risque,1M,1000000,38,commune,opt,10,expo_brute,True,0.37235,0.7169600892217001,0.4669600892217,0.21464,0.1505511344877443,0.3797502616524224,4,40000,ddr_med,-0.4089019775221159,0.0012169640334919994
v5_100k,v5,5. Les deux,100k,100000,14,commune,pess,10,expo_brute,True,0.40102,0.4987282429804,0.0,0.21501,0.17,0.4,4,40000,ddr_med,-0.5744185595253977,0.0026765442817747636
v5_100k,v5,5. Les deux,100k,100000,14,commune,central,10,expo_brute,True,0.40102,0.4987282429804,0.2,0.21501,0.17,0.4,4,40000,ddr_med,-0.4800205830483113,0.0025710716257643456
v5_100k,v5,5. Les deux,100k,100000,14,commune,opt,10,expo_brute,True,0.40102,0.4987282429804,0.4,0.21501,0.17,0.4,4,40000,ddr_med,-0.40652171612312826,0.0016612406288044237
v5_250k,v5,5. Les deux,250k,250000,24,commune,pess,10,expo_brute,True,0.41619,0.5766596986953074,0.0399999999999999,0.21533,0.17,0.4,4,40000,ddr_med,-0.5759570272456025,0.002426779254869612
v5_250k,v5,5. Les deux,250k,250000,24,commune,central,10,expo_brute,True,0.41619,0.5766596986953074,0.24,0.21533,0.17,0.4,4,40000,ddr_med,-0.49601244315564286,0.0015523698281357415
v5_250k,v5,5. Les deux,250k,250000,24,commune,opt,10,expo_brute,True,0.41619,0.5766596986953074,0.44,0.21533,0.17,0.4,4,40000,ddr_med,-0.43254848540839513,0.0013095749029958588
v5_1M,v5,5. Les deux,1M,1000000,40,commune,pess,10,expo_brute,True,0.37659,0.7169600892217001,0.07,0.21539,0.17,0.4,4,40000,ddr_med,-0.5542808427380868,0.0031839030152603924
v5_1M,v5,5. Les deux,1M,1000000,40,commune,central,10,expo_brute,True,0.37659,0.7169600892217001,0.27,0.21539,0.17,0.4,4,40000,ddr_med,-0.47519485218524204,0.001143127267130315
v5_1M,v5,5. Les deux,1M,1000000,40,commune,opt,10,expo_brute,True,0.37659,0.7169600892217001,0.47,0.21539,0.17,0.4,4,40000,ddr_med,-0.41093965498869583,0.001447946728688023
v1_100k,v1,1. Montant fixe,100k,100000,13,v1v2_sans_selection,pess,5,expo_brute,True,0.066005,0.4987282429804,-0.1588098317415591,0.38963,0.1017170440702665,0.5185111466701455,4,40000,ddr_med,-0.7034977595881593,0.0011393896339928647
v1_100k,v1,1. Montant fixe,100k,100000,13,v1v2_sans_selection,central,5,expo_brute,True,0.066005,0.4987282429804,0.0411901682584409,0.38963,0.1017170440702665,0.5185111466701455,4,40000,ddr_med,-0.619113236730824,0.0011098245877716642
v1_100k,v1,1. Montant fixe,100k,100000,13,v1v2_sans_selection,opt,5,expo_brute,True,0.066005,0.4987282429804,0.2411901682584409,0.38963,0.1017170440702665,0.5185111466701455,4,40000,ddr_med,-0.5358627439678422,0.001220972766917429
v1_250k,v1,1. Montant fixe,250k,250000,21,v1v2_sans_selection,pess,5,expo_brute,True,-0.01434,0.5766596986953074,-0.209786975059468,0.37385,0.1017170440702665,0.5010366929812404,4,40000,ddr_med,-0.7093149158569,0.0018224080485868897
v1_250k,v1,1. Montant fixe,250k,250000,21,v1v2_sans_selection,central,5,expo_brute,True,-0.01434,0.5766596986953074,-0.009786975059468,0.37385,0.1017170440702665,0.5010366929812404,4,40000,ddr_med,-0.6310888999972388,0.002483104011689635
v1_250k,v1,1. Montant fixe,250k,250000,21,v1v2_sans_selection,opt,5,expo_brute,True,-0.01434,0.5766596986953074,0.190213024940532,0.37385,0.1017170440702665,0.5010366929812404,4,40000,ddr_med,-0.5552898652607265,0.001662957699564868
v1_1M,v1,1. Montant fixe,1M,1000000,36,v1v2_sans_selection,pess,5,expo_brute,True,0.014638,0.7169600892217001,-0.1884693536604796,0.34739,0.1017170440702665,0.472670663086934,4,40000,ddr_med,-0.6647977187543129,0.0012983093235554707
v1_1M,v1,1. Montant fixe,1M,1000000,36,v1v2_sans_selection,central,5,expo_brute,True,0.014638,0.7169600892217001,0.0115306463395204,0.34739,0.1017170440702665,0.472670663086934,4,40000,ddr_med,-0.5862773055906505,0.0013978610022967297
v1_1M,v1,1. Montant fixe,1M,1000000,36,v1v2_sans_selection,opt,5,expo_brute,True,0.014638,0.7169600892217001,0.2115306463395204,0.34739,0.1017170440702665,0.472670663086934,4,40000,ddr_med,-0.5213743684824637,0.0005169426731849785
v2_100k,v2,2. Système actuel,100k,100000,13,v1v2_sans_selection,pess,5,expo_brute,True,0.25477,0.4987282429804,-0.0410117541519126,0.20601,0.1082974145291847,0.32866995534124,4,40000,ddr_med,-0.4214376709875598,0.001755453257730544
v2_100k,v2,2. Système actuel,100k,100000,13,v1v2_sans_selection,central,5,expo_brute,True,0.25477,0.4987282429804,0.1589882458480874,0.20601,0.1082974145291847,0.32866995534124,4,40000,ddr_med,-0.35786594215704787,0.0019179298662513327
v2_100k,v2,2. Système actuel,100k,100000,13,v1v2_sans_selection,opt,5,expo_brute,True,0.25477,0.4987282429804,0.3589882458480874,0.20601,0.1082974145291847,0.32866995534124,4,40000,ddr_med,-0.30895851409765906,0.0021312928957024696
v2_250k,v2,2. Système actuel,250k,250000,21,v1v2_sans_selection,pess,5,expo_brute,True,0.29366,0.5766596986953074,0.0004214153391478,0.19482,0.1082974145291847,0.3163901094625428,4,40000,ddr_med,-0.4079762031828034,0.0010075606328541831
v2_250k,v2,2. Système actuel,250k,250000,21,v1v2_sans_selection,central,5,expo_brute,True,0.29366,0.5766596986953074,0.2004214153391479,0.19482,0.1082974145291847,0.3163901094625428,4,40000,ddr_med,-0.3494117434311815,0.001285016501279997
v2_250k,v2,2. Système actuel,250k,250000,21,v1v2_sans_selection,opt,5,expo_brute,True,0.29366,0.5766596986953074,0.4004214153391479,0.19482,0.1082974145291847,0.3163901094625428,4,40000,ddr_med,-0.30038236647577643,0.0014146010928754223
v2_1M,v2,2. Système actuel,1M,1000000,36,v1v2_sans_selection,pess,5,expo_brute,True,0.26414,0.7169600892217001,0.0080683784752647,0.20608,0.1082974145291847,0.3283559130667213,4,40000,ddr_med,-0.4211663642104985,0.001511735367129411
v2_1M,v2,2. Système actuel,1M,1000000,36,v1v2_sans_selection,central,5,expo_brute,True,0.26414,0.7169600892217001,0.2080683784752648,0.20608,0.1082974145291847,0.3283559130667213,4,40000,ddr_med,-0.36345678818691285,0.0006154269660696967
v2_1M,v2,2. Système actuel,1M,1000000,36,v1v2_sans_selection,opt,5,expo_brute,True,0.26414,0.7169600892217001,0.4080683784752648,0.20608,0.1082974145291847,0.3283559130667213,4,40000,ddr_med,-0.3132920601883611,0.0008505025478630875
v3_100k,v3,3. + stratégie 13,100k,100000,14,v1v2_sans_selection,pess,5,expo_brute,False,0.284,0.4987282429804,-0.0583611789935664,0.22245,0.1310906565570317,0.3690493561523995,4,40000,ddr_med,-0.4557745961942635,0.0015948429443578954
v3_100k,v3,3. + stratégie 13,100k,100000,14,v1v2_sans_selection,central,5,expo_brute,False,0.284,0.4987282429804,0.1416388210064336,0.22245,0.1310906565570317,0.3690493561523995,4,40000,ddr_med,-0.3911707827720648,0.0015642543927079332
v3_100k,v3,3. + stratégie 13,100k,100000,14,v1v2_sans_selection,opt,5,expo_brute,False,0.284,0.4987282429804,0.3416388210064336,0.22245,0.1310906565570317,0.3690493561523995,4,40000,ddr_med,-0.33961412642709266,0.0008307048282346369
v3_250k,v3,3. + stratégie 13,250k,250000,22,v1v2_sans_selection,pess,5,expo_brute,False,0.36765,0.5766596986953074,0.0120089382253296,0.20811,0.1310906565570317,0.3533787724721388,4,40000,ddr_med,-0.4297451562090948,0.0018662898392348877
v3_250k,v3,3. + stratégie 13,250k,250000,22,v1v2_sans_selection,central,5,expo_brute,False,0.36765,0.5766596986953074,0.2120089382253297,0.20811,0.1310906565570317,0.3533787724721388,4,40000,ddr_med,-0.373326177147523,0.0011079266867251932
v3_250k,v3,3. + stratégie 13,250k,250000,22,v1v2_sans_selection,opt,5,expo_brute,False,0.36765,0.5766596986953074,0.4120089382253297,0.20811,0.1310906565570317,0.3533787724721388,4,40000,ddr_med,-0.3248672989949638,0.0013393981820278558
v3_1M,v3,3. + stratégie 13,1M,1000000,37,v1v2_sans_selection,pess,5,expo_brute,False,0.32045,0.7169600892217001,0.0297498605910936,0.2125,0.1310906565570317,0.3580046265649245,4,40000,ddr_med,-0.4279148237981386,0.0014791472658959096
v3_1M,v3,3. + stratégie 13,1M,1000000,37,v1v2_sans_selection,central,5,expo_brute,False,0.32045,0.7169600892217001,0.2297498605910937,0.2125,0.1310906565570317,0.3580046265649245,4,40000,ddr_med,-0.372118233108509,0.0013232246273645618
v3_1M,v3,3. + stratégie 13,1M,1000000,37,v1v2_sans_selection,opt,5,expo_brute,False,0.32045,0.7169600892217001,0.4297498605910937,0.2125,0.1310906565570317,0.3580046265649245,4,40000,ddr_med,-0.32447988635336117,0.0010684419495292981
v4_100k,v4,4. + pilotage du risque,100k,100000,13,v1v2_sans_selection,pess,5,expo_brute,False,0.39254,0.4987282429804,-0.0042292155004738,0.21286,0.1505511344877443,0.3782512414595131,4,40000,ddr_med,-0.43266698566193973,0.0014933493925918067
v4_100k,v4,4. + pilotage du risque,100k,100000,13,v1v2_sans_selection,central,5,expo_brute,False,0.39254,0.4987282429804,0.1957707844995262,0.21286,0.1505511344877443,0.3782512414595131,4,40000,ddr_med,-0.3759035474359392,0.0010529205187034452
v4_100k,v4,4. + pilotage du risque,100k,100000,13,v1v2_sans_selection,opt,5,expo_brute,False,0.39254,0.4987282429804,0.3957707844995262,0.21286,0.1505511344877443,0.3782512414595131,4,40000,ddr_med,-0.3314484445740324,0.0009004060371173157
v4_250k,v4,4. + pilotage du risque,250k,250000,23,v1v2_sans_selection,pess,5,expo_brute,False,0.39268,0.5766596986953074,0.0264427304836732,0.21289,0.1505511344877443,0.3779449021931268,4,40000,ddr_med,-0.43860935681250923,0.0013245240326633012
v4_250k,v4,4. + pilotage du risque,250k,250000,23,v1v2_sans_selection,central,5,expo_brute,False,0.39268,0.5766596986953074,0.2264427304836733,0.21289,0.1505511344877443,0.3779449021931268,4,40000,ddr_med,-0.3850359353090525,0.00138729775876854
v4_250k,v4,4. + pilotage du risque,250k,250000,23,v1v2_sans_selection,opt,5,expo_brute,False,0.39268,0.5766596986953074,0.4264427304836733,0.21289,0.1505511344877443,0.3779449021931268,4,40000,ddr_med,-0.3402432981658911,0.0012299126777010486
v4_1M,v4,4. + pilotage du risque,1M,1000000,38,v1v2_sans_selection,pess,5,expo_brute,False,0.37235,0.7169600892217001,0.0669600892216999,0.21464,0.1505511344877443,0.3797502616524224,4,40000,ddr_med,-0.42123708364739465,0.0020810885437495766
v4_1M,v4,4. + pilotage du risque,1M,1000000,38,v1v2_sans_selection,central,5,expo_brute,False,0.37235,0.7169600892217001,0.2669600892217,0.21464,0.1505511344877443,0.3797502616524224,4,40000,ddr_med,-0.37025941659988926,0.0013344452330433505
v4_1M,v4,4. + pilotage du risque,1M,1000000,38,v1v2_sans_selection,opt,5,expo_brute,False,0.37235,0.7169600892217001,0.4669600892217,0.21464,0.1505511344877443,0.3797502616524224,4,40000,ddr_med,-0.3290842531383248,0.0015056893620896935
v5_100k,v5,5. Les deux,100k,100000,14,v1v2_sans_selection,pess,5,expo_brute,False,0.40102,0.4987282429804,0.0,0.21501,0.17,0.4,4,40000,ddr_med,-0.43537500890463876,0.0009435790471133614
v5_100k,v5,5. Les deux,100k,100000,14,v1v2_sans_selection,central,5,expo_brute,False,0.40102,0.4987282429804,0.2,0.21501,0.17,0.4,4,40000,ddr_med,-0.37806200859511824,0.0007571190691134747
v5_100k,v5,5. Les deux,100k,100000,14,v1v2_sans_selection,opt,5,expo_brute,False,0.40102,0.4987282429804,0.4,0.21501,0.17,0.4,4,40000,ddr_med,-0.331396716867127,0.0007186935610198178
v5_250k,v5,5. Les deux,250k,250000,24,v1v2_sans_selection,pess,5,expo_brute,False,0.41619,0.5766596986953074,0.0399999999999999,0.21533,0.17,0.4,4,40000,ddr_med,-0.4407421616954799,0.0015244917908660346
v5_250k,v5,5. Les deux,250k,250000,24,v1v2_sans_selection,central,5,expo_brute,False,0.41619,0.5766596986953074,0.24,0.21533,0.17,0.4,4,40000,ddr_med,-0.38920459548992875,0.0012340590623363037
v5_250k,v5,5. Les deux,250k,250000,24,v1v2_sans_selection,opt,5,expo_brute,False,0.41619,0.5766596986953074,0.44,0.21533,0.17,0.4,4,40000,ddr_med,-0.34727296362477345,0.001661827169007596
v5_1M,v5,5. Les deux,1M,1000000,40,v1v2_sans_selection,pess,5,expo_brute,False,0.37659,0.7169600892217001,0.07,0.21539,0.17,0.4,4,40000,ddr_med,-0.4259727875748044,0.0017405881067054237
v5_1M,v5,5. Les deux,1M,1000000,40,v1v2_sans_selection,central,5,expo_brute,False,0.37659,0.7169600892217001,0.27,0.21539,0.17,0.4,4,40000,ddr_med,-0.37508058216667245,0.0010523884261391828
v5_1M,v5,5. Les deux,1M,1000000,40,v1v2_sans_selection,opt,5,expo_brute,False,0.37659,0.7169600892217001,0.47,0.21539,0.17,0.4,4,40000,ddr_med,-0.33194513199077963,0.001457094575920078
v1_100k,v1,1. Montant fixe,100k,100000,13,v1v2_sans_selection,pess,10,expo_brute,True,0.066005,0.4987282429804,-0.1588098317415591,0.38963,0.1017170440702665,0.5185111466701455,4,40000,ddr_med,-0.8732678262763427,0.001492280538611979
v1_100k,v1,1. Montant fixe,100k,100000,13,v1v2_sans_selection,central,10,expo_brute,True,0.066005,0.4987282429804,0.0411901682584409,0.38963,0.1017170440702665,0.5185111466701455,4,40000,ddr_med,-0.7692073773132249,0.0023341564780515168
v1_100k,v1,1. Montant fixe,100k,100000,13,v1v2_sans_selection,opt,10,expo_brute,True,0.066005,0.4987282429804,0.2411901682584409,0.38963,0.1017170440702665,0.5185111466701455,4,40000,ddr_med,-0.6479768736811333,0.0015549226889937852
v1_250k,v1,1. Montant fixe,250k,250000,21,v1v2_sans_selection,pess,10,expo_brute,True,-0.01434,0.5766596986953074,-0.209786975059468,0.37385,0.1017170440702665,0.5010366929812404,4,40000,ddr_med,-0.8763626704121505,0.0018869295888452925
v1_250k,v1,1. Montant fixe,250k,250000,21,v1v2_sans_selection,central,10,expo_brute,True,-0.01434,0.5766596986953074,-0.009786975059468,0.37385,0.1017170440702665,0.5010366929812404,4,40000,ddr_med,-0.783323581495984,0.0023187264831122734
v1_250k,v1,1. Montant fixe,250k,250000,21,v1v2_sans_selection,opt,10,expo_brute,True,-0.01434,0.5766596986953074,0.190213024940532,0.37385,0.1017170440702665,0.5010366929812404,4,40000,ddr_med,-0.672130723729811,0.0018241939713657472
v1_1M,v1,1. Montant fixe,1M,1000000,36,v1v2_sans_selection,pess,10,expo_brute,True,0.014638,0.7169600892217001,-0.1884693536604796,0.34739,0.1017170440702665,0.472670663086934,4,40000,ddr_med,-0.8357863791335542,0.0017844170224722066
v1_1M,v1,1. Montant fixe,1M,1000000,36,v1v2_sans_selection,central,10,expo_brute,True,0.014638,0.7169600892217001,0.0115306463395204,0.34739,0.1017170440702665,0.472670663086934,4,40000,ddr_med,-0.7349615637567846,0.002357645925446697
v1_1M,v1,1. Montant fixe,1M,1000000,36,v1v2_sans_selection,opt,10,expo_brute,True,0.014638,0.7169600892217001,0.2115306463395204,0.34739,0.1017170440702665,0.472670663086934,4,40000,ddr_med,-0.6273916896944052,0.0009481331685380506
v2_100k,v2,2. Système actuel,100k,100000,13,v1v2_sans_selection,pess,10,expo_brute,True,0.25477,0.4987282429804,-0.0410117541519126,0.20601,0.1082974145291847,0.32866995534124,4,40000,ddr_med,-0.5602745663337739,0.0018356743291566451
v2_100k,v2,2. Système actuel,100k,100000,13,v1v2_sans_selection,central,10,expo_brute,True,0.25477,0.4987282429804,0.1589882458480874,0.20601,0.1082974145291847,0.32866995534124,4,40000,ddr_med,-0.45543919215344053,0.0011162097931064336
v2_100k,v2,2. Système actuel,100k,100000,13,v1v2_sans_selection,opt,10,expo_brute,True,0.25477,0.4987282429804,0.3589882458480874,0.20601,0.1082974145291847,0.32866995534124,4,40000,ddr_med,-0.3749420234793451,0.0009456423116902094
v2_250k,v2,2. Système actuel,250k,250000,21,v1v2_sans_selection,pess,10,expo_brute,True,0.29366,0.5766596986953074,0.0004214153391478,0.19482,0.1082974145291847,0.3163901094625428,4,40000,ddr_med,-0.539109704364801,0.001813541926734653
v2_250k,v2,2. Système actuel,250k,250000,21,v1v2_sans_selection,central,10,expo_brute,True,0.29366,0.5766596986953074,0.2004214153391479,0.19482,0.1082974145291847,0.3163901094625428,4,40000,ddr_med,-0.44662355344010535,0.0016846727721884134
v2_250k,v2,2. Système actuel,250k,250000,21,v1v2_sans_selection,opt,10,expo_brute,True,0.29366,0.5766596986953074,0.4004214153391479,0.19482,0.1082974145291847,0.3163901094625428,4,40000,ddr_med,-0.36984180394710664,0.0013855463147308207
v2_1M,v2,2. Système actuel,1M,1000000,36,v1v2_sans_selection,pess,10,expo_brute,True,0.26414,0.7169600892217001,0.0080683784752647,0.20608,0.1082974145291847,0.3283559130667213,4,40000,ddr_med,-0.553027861244319,0.0019476191065328338
v2_1M,v2,2. Système actuel,1M,1000000,36,v1v2_sans_selection,central,10,expo_brute,True,0.26414,0.7169600892217001,0.2080683784752648,0.20608,0.1082974145291847,0.3283559130667213,4,40000,ddr_med,-0.4611119568532899,0.0012561087910610256
v2_1M,v2,2. Système actuel,1M,1000000,36,v1v2_sans_selection,opt,10,expo_brute,True,0.26414,0.7169600892217001,0.4080683784752648,0.20608,0.1082974145291847,0.3283559130667213,4,40000,ddr_med,-0.38498114656698884,0.0010163341810732716
v3_100k,v3,3. + stratégie 13,100k,100000,14,v1v2_sans_selection,pess,10,expo_brute,False,0.284,0.4987282429804,-0.0583611789935664,0.22245,0.1310906565570317,0.3690493561523995,4,40000,ddr_med,-0.6071460144464979,0.0025131007126666404
v3_100k,v3,3. + stratégie 13,100k,100000,14,v1v2_sans_selection,central,10,expo_brute,False,0.284,0.4987282429804,0.1416388210064336,0.22245,0.1310906565570317,0.3690493561523995,4,40000,ddr_med,-0.4998478731086019,0.0017924779327974623
v3_100k,v3,3. + stratégie 13,100k,100000,14,v1v2_sans_selection,opt,10,expo_brute,False,0.284,0.4987282429804,0.3416388210064336,0.22245,0.1310906565570317,0.3690493561523995,4,40000,ddr_med,-0.41532582231418363,0.0015980036859119988
v3_250k,v3,3. + stratégie 13,250k,250000,22,v1v2_sans_selection,pess,10,expo_brute,False,0.36765,0.5766596986953074,0.0120089382253296,0.20811,0.1310906565570317,0.3533787724721388,4,40000,ddr_med,-0.5650086718909357,0.0031638230763378445
v3_250k,v3,3. + stratégie 13,250k,250000,22,v1v2_sans_selection,central,10,expo_brute,False,0.36765,0.5766596986953074,0.2120089382253297,0.20811,0.1310906565570317,0.3533787724721388,4,40000,ddr_med,-0.47597052671602125,0.002205750074901976
v3_250k,v3,3. + stratégie 13,250k,250000,22,v1v2_sans_selection,opt,10,expo_brute,False,0.36765,0.5766596986953074,0.4120089382253297,0.20811,0.1310906565570317,0.3533787724721388,4,40000,ddr_med,-0.40246300764023135,0.0017524747457449738
v3_1M,v3,3. + stratégie 13,1M,1000000,37,v1v2_sans_selection,pess,10,expo_brute,False,0.32045,0.7169600892217001,0.0297498605910936,0.2125,0.1310906565570317,0.3580046265649245,4,40000,ddr_med,-0.5586218066618981,0.0021129558504742636
v3_1M,v3,3. + stratégie 13,1M,1000000,37,v1v2_sans_selection,central,10,expo_brute,False,0.32045,0.7169600892217001,0.2297498605910937,0.2125,0.1310906565570317,0.3580046265649245,4,40000,ddr_med,-0.4700009788763771,0.0013316302056676876
v3_1M,v3,3. + stratégie 13,1M,1000000,37,v1v2_sans_selection,opt,10,expo_brute,False,0.32045,0.7169600892217001,0.4297498605910937,0.2125,0.1310906565570317,0.3580046265649245,4,40000,ddr_med,-0.3978862828266716,0.0007552146033158719
v4_100k,v4,4. + pilotage du risque,100k,100000,13,v1v2_sans_selection,pess,10,expo_brute,False,0.39254,0.4987282429804,-0.0042292155004738,0.21286,0.1505511344877443,0.3782512414595131,4,40000,ddr_med,-0.5707702879729307,0.0014752840839258052
v4_100k,v4,4. + pilotage du risque,100k,100000,13,v1v2_sans_selection,central,10,expo_brute,False,0.39254,0.4987282429804,0.1957707844995262,0.21286,0.1505511344877443,0.3782512414595131,4,40000,ddr_med,-0.47731356174911266,0.0018368216410731373
v4_100k,v4,4. + pilotage du risque,100k,100000,13,v1v2_sans_selection,opt,10,expo_brute,False,0.39254,0.4987282429804,0.3957707844995262,0.21286,0.1505511344877443,0.3782512414595131,4,40000,ddr_med,-0.4047123454991998,0.0017937273525231725
v4_250k,v4,4. + pilotage du risque,250k,250000,23,v1v2_sans_selection,pess,10,expo_brute,False,0.39268,0.5766596986953074,0.0264427304836732,0.21289,0.1505511344877443,0.3779449021931268,4,40000,ddr_med,-0.5766962419437351,0.002292568250285159
v4_250k,v4,4. + pilotage du risque,250k,250000,23,v1v2_sans_selection,central,10,expo_brute,False,0.39268,0.5766596986953074,0.2264427304836733,0.21289,0.1505511344877443,0.3779449021931268,4,40000,ddr_med,-0.4939377009798966,0.001524346744888941
v4_250k,v4,4. + pilotage du risque,250k,250000,23,v1v2_sans_selection,opt,10,expo_brute,False,0.39268,0.5766596986953074,0.4264427304836733,0.21289,0.1505511344877443,0.3779449021931268,4,40000,ddr_med,-0.42679800475578455,0.0016466194084696604
v4_1M,v4,4. + pilotage du risque,1M,1000000,38,v1v2_sans_selection,pess,10,expo_brute,False,0.37235,0.7169600892217001,0.0669600892216999,0.21464,0.1505511344877443,0.3797502616524224,4,40000,ddr_med,-0.549099432692713,0.001061901571085303
v4_1M,v4,4. + pilotage du risque,1M,1000000,38,v1v2_sans_selection,central,10,expo_brute,False,0.37235,0.7169600892217001,0.2669600892217,0.21464,0.1505511344877443,0.3797502616524224,4,40000,ddr_med,-0.4699461012835409,0.001475743724137305
v4_1M,v4,4. + pilotage du risque,1M,1000000,38,v1v2_sans_selection,opt,10,expo_brute,False,0.37235,0.7169600892217001,0.4669600892217,0.21464,0.1505511344877443,0.3797502616524224,4,40000,ddr_med,-0.4089019775221159,0.0012169640334919994
v5_100k,v5,5. Les deux,100k,100000,14,v1v2_sans_selection,pess,10,expo_brute,False,0.40102,0.4987282429804,0.0,0.21501,0.17,0.4,4,40000,ddr_med,-0.5744185595253977,0.0026765442817747636
v5_100k,v5,5. Les deux,100k,100000,14,v1v2_sans_selection,central,10,expo_brute,False,0.40102,0.4987282429804,0.2,0.21501,0.17,0.4,4,40000,ddr_med,-0.4800205830483113,0.0025710716257643456
v5_100k,v5,5. Les deux,100k,100000,14,v1v2_sans_selection,opt,10,expo_brute,False,0.40102,0.4987282429804,0.4,0.21501,0.17,0.4,4,40000,ddr_med,-0.40652171612312826,0.0016612406288044237
v5_250k,v5,5. Les deux,250k,250000,24,v1v2_sans_selection,pess,10,expo_brute,False,0.41619,0.5766596986953074,0.0399999999999999,0.21533,0.17,0.4,4,40000,ddr_med,-0.5759570272456025,0.002426779254869612
v5_250k,v5,5. Les deux,250k,250000,24,v1v2_sans_selection,central,10,expo_brute,False,0.41619,0.5766596986953074,0.24,0.21533,0.17,0.4,4,40000,ddr_med,-0.49601244315564286,0.0015523698281357415
v5_250k,v5,5. Les deux,250k,250000,24,v1v2_sans_selection,opt,10,expo_brute,False,0.41619,0.5766596986953074,0.44,0.21533,0.17,0.4,4,40000,ddr_med,-0.43254848540839513,0.0013095749029958588
v5_1M,v5,5. Les deux,1M,1000000,40,v1v2_sans_selection,pess,10,expo_brute,False,0.37659,0.7169600892217001,0.07,0.21539,0.17,0.4,4,40000,ddr_med,-0.5542808427380868,0.0031839030152603924
v5_1M,v5,5. Les deux,1M,1000000,40,v1v2_sans_selection,central,10,expo_brute,False,0.37659,0.7169600892217001,0.27,0.21539,0.17,0.4,4,40000,ddr_med,-0.47519485218524204,0.001143127267130315
v5_1M,v5,5. Les deux,1M,1000000,40,v1v2_sans_selection,opt,10,expo_brute,False,0.37659,0.7169600892217001,0.47,0.21539,0.17,0.4,4,40000,ddr_med,-0.41093965498869583,0.001447946728688023
v1_100k,v1,1. Montant fixe,100k,100000,13,commune,central,5,marge_contrats,False,0.066005,0.4987282429804,0.0329185576779213,0.38963,0.18356,0.6003541025998791,4,40000,ddr_med,-0.6249089597914756,0.0010966321896636766
v1_250k,v1,1. Montant fixe,250k,250000,21,commune,central,5,marge_contrats,False,-0.01434,0.5766596986953074,-0.0082693000792907,0.37385,0.17136,0.5706796489109739,4,40000,ddr_med,-0.6322061814893805,0.002381933077808848
v1_1M,v1,1. Montant fixe,1M,1000000,36,commune,central,5,marge_contrats,False,0.014638,0.7169600892217001,0.0104948617860272,0.34739,0.16591,0.5368636190166675,4,40000,ddr_med,-0.5882779162211175,0.001245655699289646
v2_100k,v2,2. Système actuel,100k,100000,13,commune,central,5,marge_contrats,False,0.25477,0.4987282429804,0.1270609944641165,0.20601,0.10646,0.3268325408120552,4,40000,ddr_med,-0.3671590747724809,0.001476270803872813
v2_250k,v2,2. Système actuel,250k,250000,21,commune,central,5,marge_contrats,False,0.29366,0.5766596986953074,0.1693418871188639,0.19482,0.11062,0.3187126949333581,4,40000,ddr_med,-0.358023514605119,0.0009122276343632765
v2_1M,v2,2. Système actuel,1M,1000000,36,commune,central,5,marge_contrats,False,0.26414,0.7169600892217001,0.1893778379670198,0.20608,0.11957,0.3396284985375365,4,40000,ddr_med,-0.3688594421866286,0.0005563520630216952
v3_100k,v3,3. + stratégie 13,100k,100000,14,commune,central,5,marge_contrats,False,0.284,0.4987282429804,0.1416388210064336,0.22245,0.12293,0.3608886995953677,4,40000,ddr_med,-0.3909891859879058,0.001546141993896742
v3_250k,v3,3. + stratégie 13,250k,250000,22,commune,central,5,marge_contrats,False,0.36765,0.5766596986953074,0.2120089382253297,0.20811,0.12633,0.348618115915107,4,40000,ddr_med,-0.3732060593429815,0.0011250667566506062
v3_1M,v3,3. + stratégie 13,1M,1000000,37,commune,central,5,marge_contrats,False,0.32045,0.7169600892217001,0.2297498605910937,0.2125,0.13419,0.3611039700078927,4,40000,ddr_med,-0.3722141665678319,0.001320897305245479
v4_100k,v4,4. + pilotage du risque,100k,100000,13,commune,central,5,marge_contrats,False,0.39254,0.4987282429804,0.1957707844995262,0.21286,0.1175,0.3452001069717687,4,40000,ddr_med,-0.3749497658793555,0.0010711111138222548
v4_250k,v4,4. + pilotage du risque,250k,250000,23,commune,central,5,marge_contrats,False,0.39268,0.5766596986953074,0.2264427304836733,0.21289,0.13386,0.3612537677053824,4,40000,ddr_med,-0.3845306147296725,0.001468949901854333
v4_1M,v4,4. + pilotage du risque,1M,1000000,38,commune,central,5,marge_contrats,False,0.37235,0.7169600892217001,0.2669600892217,0.21464,0.1405,0.369699127164678,4,40000,ddr_med,-0.37004821602032933,0.0013249671705735915
v5_100k,v5,5. Les deux,100k,100000,14,commune,central,5,marge_contrats,False,0.40102,0.4987282429804,0.2,0.21501,0.12384,0.35384,4,40000,ddr_med,-0.3767557960436359,0.0007298183215629628
v5_250k,v5,5. Les deux,250k,250000,24,commune,central,5,marge_contrats,False,0.41619,0.5766596986953074,0.24,0.21533,0.14192,0.37192,4,40000,ddr_med,-0.38848875782326925,0.001194382424827208
v5_1M,v5,5. Les deux,1M,1000000,40,commune,central,5,marge_contrats,False,0.37659,0.7169600892217001,0.27,0.21539,0.14745,0.37745,4,40000,ddr_med,-0.37450357683649654,0.000966753020777412
v1_100k,v1,1. Montant fixe,100k,100000,13,commune,central,10,marge_contrats,False,0.066005,0.4987282429804,0.0329185576779213,0.38963,0.18356,0.6003541025998791,4,40000,ddr_med,-0.7768113358270743,0.00237766360832131
v1_250k,v1,1. Montant fixe,250k,250000,21,commune,central,10,marge_contrats,False,-0.01434,0.5766596986953074,-0.0082693000792907,0.37385,0.17136,0.5706796489109739,4,40000,ddr_med,-0.7847687723463762,0.002358706142870767
v1_1M,v1,1. Montant fixe,1M,1000000,36,commune,central,10,marge_contrats,False,0.014638,0.7169600892217001,0.0104948617860272,0.34739,0.16591,0.5368636190166675,4,40000,ddr_med,-0.7378480667139823,0.0023445805274857415
v2_100k,v2,2. Système actuel,100k,100000,13,commune,central,10,marge_contrats,False,0.25477,0.4987282429804,0.1270609944641165,0.20601,0.10646,0.3268325408120552,4,40000,ddr_med,-0.4705538012401611,0.0010238520614616353
v2_250k,v2,2. Système actuel,250k,250000,21,commune,central,10,marge_contrats,False,0.29366,0.5766596986953074,0.1693418871188639,0.19482,0.11062,0.3187126949333581,4,40000,ddr_med,-0.46002094099618684,0.001727312317679324
v2_1M,v2,2. Système actuel,1M,1000000,36,commune,central,10,marge_contrats,False,0.26414,0.7169600892217001,0.1893778379670198,0.20608,0.11957,0.3396284985375365,4,40000,ddr_med,-0.46953404293099815,0.0012474070310112741
v3_100k,v3,3. + stratégie 13,100k,100000,14,commune,central,10,marge_contrats,False,0.284,0.4987282429804,0.1416388210064336,0.22245,0.12293,0.3608886995953677,4,40000,ddr_med,-0.49948366715837295,0.0017753813920217023
v3_250k,v3,3. + stratégie 13,250k,250000,22,commune,central,10,marge_contrats,False,0.36765,0.5766596986953074,0.2120089382253297,0.20811,0.12633,0.348618115915107,4,40000,ddr_med,-0.47573947548466133,0.002155612851503149
v3_1M,v3,3. + stratégie 13,1M,1000000,37,commune,central,10,marge_contrats,False,0.32045,0.7169600892217001,0.2297498605910937,0.2125,0.13419,0.3611039700078927,4,40000,ddr_med,-0.47015631828526405,0.0013395546417737153
v4_100k,v4,4. + pilotage du risque,100k,100000,13,commune,central,10,marge_contrats,False,0.39254,0.4987282429804,0.1957707844995262,0.21286,0.1175,0.3452001069717687,4,40000,ddr_med,-0.47584667174758516,0.0017631186117579925
v4_250k,v4,4. + pilotage du risque,250k,250000,23,commune,central,10,marge_contrats,False,0.39268,0.5766596986953074,0.2264427304836733,0.21289,0.13386,0.3612537677053824,4,40000,ddr_med,-0.49320433070446545,0.0014486056141190312
v4_1M,v4,4. + pilotage du risque,1M,1000000,38,commune,central,10,marge_contrats,False,0.37235,0.7169600892217001,0.2669600892217,0.21464,0.1405,0.369699127164678,4,40000,ddr_med,-0.4695842973267024,0.0014491822993348692
v5_100k,v5,5. Les deux,100k,100000,14,commune,central,10,marge_contrats,False,0.40102,0.4987282429804,0.2,0.21501,0.12384,0.35384,4,40000,ddr_med,-0.477986386442732,0.0024617357394059185
v5_250k,v5,5. Les deux,250k,250000,24,commune,central,10,marge_contrats,False,0.41619,0.5766596986953074,0.24,0.21533,0.14192,0.37192,4,40000,ddr_med,-0.4949266079533652,0.001658783157765783
v5_1M,v5,5. Les deux,1M,1000000,40,commune,central,10,marge_contrats,False,0.37659,0.7169600892217001,0.27,0.21539,0.14745,0.37745,4,40000,ddr_med,-0.4743286567972801,0.0012031785096777773
v1_100k,v1,1. Montant fixe,100k,100000,13,commune,pess,5,expo_brute,False,0.066005,0.4987282429804,-0.1670814423220787,0.38963,0.1017170440702665,0.5185111466701455,4,40000,ddr_p10,-0.8397776912299577,0.0004526546051679768
v1_100k,v1,1. Montant fixe,100k,100000,13,commune,central,5,expo_brute,False,0.066005,0.4987282429804,0.0329185576779213,0.38963,0.1017170440702665,0.5185111466701455,4,40000,ddr_p10,-0.7771578143777609,0.0006911252920984323
v1_100k,v1,1. Montant fixe,100k,100000,13,commune,opt,5,expo_brute,False,0.066005,0.4987282429804,0.2329185576779213,0.38963,0.1017170440702665,0.5185111466701455,4,40000,ddr_p10,-0.7024639152836613,0.0014799980909524766
v1_250k,v1,1. Montant fixe,250k,250000,21,commune,pess,5,expo_brute,False,-0.01434,0.5766596986953074,-0.2082693000792907,0.37385,0.1017170440702665,0.5010366929812404,4,40000,ddr_p10,-0.8404903300434845,0.0005420944148504397
v1_250k,v1,1. Montant fixe,250k,250000,21,commune,central,5,expo_brute,False,-0.01434,0.5766596986953074,-0.0082693000792907,0.37385,0.1017170440702665,0.5010366929812404,4,40000,ddr_p10,-0.7812223407898667,0.0011023179551733473
v1_250k,v1,1. Montant fixe,250k,250000,21,commune,opt,5,expo_brute,False,-0.01434,0.5766596986953074,0.1917306999207093,0.37385,0.1017170440702665,0.5010366929812404,4,40000,ddr_p10,-0.7112143405316929,0.0020925964171800825
v1_1M,v1,1. Montant fixe,1M,1000000,36,commune,pess,5,expo_brute,False,0.014638,0.7169600892217001,-0.1895051382139728,0.34739,0.1017170440702665,0.472670663086934,4,40000,ddr_p10,-0.8087405450629416,0.0008787297300973068
v1_1M,v1,1. Montant fixe,1M,1000000,36,commune,central,5,expo_brute,False,0.014638,0.7169600892217001,0.0104948617860272,0.34739,0.1017170440702665,0.472670663086934,4,40000,ddr_p10,-0.7481441040284327,0.0006186462120656788
v1_1M,v1,1. Montant fixe,1M,1000000,36,commune,opt,5,expo_brute,False,0.014638,0.7169600892217001,0.2104948617860272,0.34739,0.1017170440702665,0.472670663086934,4,40000,ddr_p10,-0.6791698692208734,0.0011259461707665596
v2_100k,v2,2. Système actuel,100k,100000,13,commune,pess,5,expo_brute,False,0.25477,0.4987282429804,-0.0729390055358835,0.20601,0.1082974145291847,0.32866995534124,4,40000,ddr_p10,-0.5918518397448255,0.0008338365297799256
v2_100k,v2,2. Système actuel,100k,100000,13,commune,central,5,expo_brute,False,0.25477,0.4987282429804,0.1270609944641165,0.20601,0.1082974145291847,0.32866995534124,4,40000,ddr_p10,-0.5203485455406885,0.0007115808680820817
v2_100k,v2,2. Système actuel,100k,100000,13,commune,opt,5,expo_brute,False,0.25477,0.4987282429804,0.3270609944641165,0.20601,0.1082974145291847,0.32866995534124,4,40000,ddr_p10,-0.44970225343010833,0.0011613314416913695
v2_250k,v2,2. Système actuel,250k,250000,21,commune,pess,5,expo_brute,False,0.29366,0.5766596986953074,-0.0306581128811361,0.19482,0.1082974145291847,0.3163901094625428,4,40000,ddr_p10,-0.5754453277242062,0.0025820838257142108
v2_250k,v2,2. Système actuel,250k,250000,21,commune,central,5,expo_brute,False,0.29366,0.5766596986953074,0.1693418871188639,0.19482,0.1082974145291847,0.3163901094625428,4,40000,ddr_p10,-0.5073893016903973,0.002751711770163445
v2_250k,v2,2. Système actuel,250k,250000,21,commune,opt,5,expo_brute,False,0.29366,0.5766596986953074,0.3693418871188639,0.19482,0.1082974145291847,0.3163901094625428,4,40000,ddr_p10,-0.43986182269926005,0.002737398214895751
v2_1M,v2,2. Système actuel,1M,1000000,36,commune,pess,5,expo_brute,False,0.26414,0.7169600892217001,-0.0106221620329802,0.20608,0.1082974145291847,0.3283559130667213,4,40000,ddr_p10,-0.5876580563592579,0.0031733828749352043
v2_1M,v2,2. Système actuel,1M,1000000,36,commune,central,5,expo_brute,False,0.26414,0.7169600892217001,0.1893778379670198,0.20608,0.1082974145291847,0.3283559130667213,4,40000,ddr_p10,-0.5181729978530366,0.002933655012736418
v2_1M,v2,2. Système actuel,1M,1000000,36,commune,opt,5,expo_brute,False,0.26414,0.7169600892217001,0.3893778379670198,0.20608,0.1082974145291847,0.3283559130667213,4,40000,ddr_p10,-0.4491739891349721,0.0022425752052420535
v3_100k,v3,3. + stratégie 13,100k,100000,14,commune,pess,5,expo_brute,True,0.284,0.4987282429804,-0.0583611789935664,0.22245,0.1310906565570317,0.3690493561523995,4,40000,ddr_p10,-0.6288792323771464,0.002122627024161548
v3_100k,v3,3. + stratégie 13,100k,100000,14,commune,central,5,expo_brute,True,0.284,0.4987282429804,0.1416388210064336,0.22245,0.1310906565570317,0.3690493561523995,4,40000,ddr_p10,-0.5590702783809974,0.0020861880612000087
v3_100k,v3,3. + stratégie 13,100k,100000,14,commune,opt,5,expo_brute,True,0.284,0.4987282429804,0.3416388210064336,0.22245,0.1310906565570317,0.3690493561523995,4,40000,ddr_p10,-0.4880478046455051,0.0014773119716986797
v3_250k,v3,3. + stratégie 13,250k,250000,22,commune,pess,5,expo_brute,True,0.36765,0.5766596986953074,0.0120089382253296,0.20811,0.1310906565570317,0.3533787724721388,4,40000,ddr_p10,-0.6038897275964202,0.0014096949718239043
v3_250k,v3,3. + stratégie 13,250k,250000,22,commune,central,5,expo_brute,True,0.36765,0.5766596986953074,0.2120089382253297,0.20811,0.1310906565570317,0.3533787724721388,4,40000,ddr_p10,-0.5385136330765888,0.0019900106246075705
v3_250k,v3,3. + stratégie 13,250k,250000,22,commune,opt,5,expo_brute,True,0.36765,0.5766596986953074,0.4120089382253297,0.20811,0.1310906565570317,0.3533787724721388,4,40000,ddr_p10,-0.47220331440791635,0.002021711824621914
v3_1M,v3,3. + stratégie 13,1M,1000000,37,commune,pess,5,expo_brute,True,0.32045,0.7169600892217001,0.0297498605910936,0.2125,0.1310906565570317,0.3580046265649245,4,40000,ddr_p10,-0.59684895798296,0.0018434647385291718
v3_1M,v3,3. + stratégie 13,1M,1000000,37,commune,central,5,expo_brute,True,0.32045,0.7169600892217001,0.2297498605910937,0.2125,0.1310906565570317,0.3580046265649245,4,40000,ddr_p10,-0.5302722629576195,0.001967801885410603
v3_1M,v3,3. + stratégie 13,1M,1000000,37,commune,opt,5,expo_brute,True,0.32045,0.7169600892217001,0.4297498605910937,0.2125,0.1310906565570317,0.3580046265649245,4,40000,ddr_p10,-0.4637112418275098,0.0024569712497698277
v4_100k,v4,4. + pilotage du risque,100k,100000,13,commune,pess,5,expo_brute,True,0.39254,0.4987282429804,-0.0042292155004738,0.21286,0.1505511344877443,0.3782512414595131,4,40000,ddr_p10,-0.6181191836388742,0.0013553934388816375
v4_100k,v4,4. + pilotage du risque,100k,100000,13,commune,central,5,expo_brute,True,0.39254,0.4987282429804,0.1957707844995262,0.21286,0.1505511344877443,0.3782512414595131,4,40000,ddr_p10,-0.554156390469547,0.0014124424550856403
v4_100k,v4,4. + pilotage du risque,100k,100000,13,commune,opt,5,expo_brute,True,0.39254,0.4987282429804,0.3957707844995262,0.21286,0.1505511344877443,0.3782512414595131,4,40000,ddr_p10,-0.48933987581611627,0.0016905383392655524
v4_250k,v4,4. + pilotage du risque,250k,250000,23,commune,pess,5,expo_brute,True,0.39268,0.5766596986953074,0.0264427304836732,0.21289,0.1505511344877443,0.3779449021931268,4,40000,ddr_p10,-0.6292919365308742,0.002830249171874857
v4_250k,v4,4. + pilotage du risque,250k,250000,23,commune,central,5,expo_brute,True,0.39268,0.5766596986953074,0.2264427304836733,0.21289,0.1505511344877443,0.3779449021931268,4,40000,ddr_p10,-0.5686461492567552,0.0021128074117029855
v4_250k,v4,4. + pilotage du risque,250k,250000,23,commune,opt,5,expo_brute,True,0.39268,0.5766596986953074,0.4264427304836733,0.21289,0.1505511344877443,0.3779449021931268,4,40000,ddr_p10,-0.5093217002410918,0.0024110445218702395
v4_1M,v4,4. + pilotage du risque,1M,1000000,38,commune,pess,5,expo_brute,True,0.37235,0.7169600892217001,0.0669600892216999,0.21464,0.1505511344877443,0.3797502616524224,4,40000,ddr_p10,-0.606441124968362,0.003256213272341212
v4_1M,v4,4. + pilotage du risque,1M,1000000,38,commune,central,5,expo_brute,True,0.37235,0.7169600892217001,0.2669600892217,0.21464,0.1505511344877443,0.3797502616524224,4,40000,ddr_p10,-0.5450710172371684,0.003059153166880624
v4_1M,v4,4. + pilotage du risque,1M,1000000,38,commune,opt,5,expo_brute,True,0.37235,0.7169600892217001,0.4669600892217,0.21464,0.1505511344877443,0.3797502616524224,4,40000,ddr_p10,-0.4854134838496183,0.0020389995707559786
v5_100k,v5,5. Les deux,100k,100000,14,commune,pess,5,expo_brute,True,0.40102,0.4987282429804,0.0,0.21501,0.17,0.4,4,40000,ddr_p10,-0.6179319334944636,0.0022523172592123233
v5_100k,v5,5. Les deux,100k,100000,14,commune,central,5,expo_brute,True,0.40102,0.4987282429804,0.2,0.21501,0.17,0.4,4,40000,ddr_p10,-0.5525236017609283,0.0020944562380234323
v5_100k,v5,5. Les deux,100k,100000,14,commune,opt,5,expo_brute,True,0.40102,0.4987282429804,0.4,0.21501,0.17,0.4,4,40000,ddr_p10,-0.48782285543904036,0.0022503993373979305
v5_250k,v5,5. Les deux,250k,250000,24,commune,pess,5,expo_brute,True,0.41619,0.5766596986953074,0.0399999999999999,0.21533,0.17,0.4,4,40000,ddr_p10,-0.6331153786466168,0.0016967026101407324
v5_250k,v5,5. Les deux,250k,250000,24,commune,central,5,expo_brute,True,0.41619,0.5766596986953074,0.24,0.21533,0.17,0.4,4,40000,ddr_p10,-0.5742603368062187,0.0018306277306332373
v5_250k,v5,5. Les deux,250k,250000,24,commune,opt,5,expo_brute,True,0.41619,0.5766596986953074,0.44,0.21533,0.17,0.4,4,40000,ddr_p10,-0.5153573483563872,0.0012378588697767692
v5_1M,v5,5. Les deux,1M,1000000,40,commune,pess,5,expo_brute,True,0.37659,0.7169600892217001,0.07,0.21539,0.17,0.4,4,40000,ddr_p10,-0.611543089228478,0.0044352384380894625
v5_1M,v5,5. Les deux,1M,1000000,40,commune,central,5,expo_brute,True,0.37659,0.7169600892217001,0.27,0.21539,0.17,0.4,4,40000,ddr_p10,-0.5502542182286179,0.003553312422537299
v5_1M,v5,5. Les deux,1M,1000000,40,commune,opt,5,expo_brute,True,0.37659,0.7169600892217001,0.47,0.21539,0.17,0.4,4,40000,ddr_p10,-0.49034091169812444,0.0032657656959832917
v1_100k,v1,1. Montant fixe,100k,100000,13,commune,pess,10,expo_brute,False,0.066005,0.4987282429804,-0.1670814423220787,0.38963,0.1017170440702665,0.5185111466701455,4,40000,ddr_p10,-0.9532940477786812,0.00045625430193593634
v1_100k,v1,1. Montant fixe,100k,100000,13,commune,central,10,expo_brute,False,0.066005,0.4987282429804,0.0329185576779213,0.38963,0.1017170440702665,0.5185111466701455,4,40000,ddr_p10,-0.9013221323345908,0.0010756991069757773
v1_100k,v1,1. Montant fixe,100k,100000,13,commune,opt,10,expo_brute,False,0.066005,0.4987282429804,0.2329185576779213,0.38963,0.1017170440702665,0.5185111466701455,4,40000,ddr_p10,-0.8138036072359218,0.0012583540174063755
v1_250k,v1,1. Montant fixe,250k,250000,21,commune,pess,10,expo_brute,False,-0.01434,0.5766596986953074,-0.2082693000792907,0.37385,0.1017170440702665,0.5010366929812404,4,40000,ddr_p10,-0.9525044771738818,0.00031882864150622336
v1_250k,v1,1. Montant fixe,250k,250000,21,commune,central,10,expo_brute,False,-0.01434,0.5766596986953074,-0.0082693000792907,0.37385,0.1017170440702665,0.5010366929812404,4,40000,ddr_p10,-0.9060383157467169,0.0006339951550233539
v1_250k,v1,1. Montant fixe,250k,250000,21,commune,opt,10,expo_brute,False,-0.01434,0.5766596986953074,0.1917306999207093,0.37385,0.1017170440702665,0.5010366929812404,4,40000,ddr_p10,-0.8290885048284673,0.001893426791281411
v1_1M,v1,1. Montant fixe,1M,1000000,36,commune,pess,10,expo_brute,False,0.014638,0.7169600892217001,-0.1895051382139728,0.34739,0.1017170440702665,0.472670663086934,4,40000,ddr_p10,-0.9299819092303633,0.0005435157350662006
v1_1M,v1,1. Montant fixe,1M,1000000,36,commune,central,10,expo_brute,False,0.014638,0.7169600892217001,0.0104948617860272,0.34739,0.1017170440702665,0.472670663086934,4,40000,ddr_p10,-0.873592610630681,0.0008776727062686905
v1_1M,v1,1. Montant fixe,1M,1000000,36,commune,opt,10,expo_brute,False,0.014638,0.7169600892217001,0.2104948617860272,0.34739,0.1017170440702665,0.472670663086934,4,40000,ddr_p10,-0.7911832125464889,0.0010169992309383518
v2_100k,v2,2. Système actuel,100k,100000,13,commune,pess,10,expo_brute,False,0.25477,0.4987282429804,-0.0729390055358835,0.20601,0.1082974145291847,0.32866995534124,4,40000,ddr_p10,-0.7501962068785615,0.0016034364174491297
v2_100k,v2,2. Système actuel,100k,100000,13,commune,central,10,expo_brute,False,0.25477,0.4987282429804,0.1270609944641165,0.20601,0.1082974145291847,0.32866995534124,4,40000,ddr_p10,-0.6507384010183019,0.0026907983414189763
v2_100k,v2,2. Système actuel,100k,100000,13,commune,opt,10,expo_brute,False,0.25477,0.4987282429804,0.3270609944641165,0.20601,0.1082974145291847,0.32866995534124,4,40000,ddr_p10,-0.5418074666015558,0.002587519428089176
v2_250k,v2,2. Système actuel,250k,250000,21,commune,pess,10,expo_brute,False,0.29366,0.5766596986953074,-0.0306581128811361,0.19482,0.1082974145291847,0.3163901094625428,4,40000,ddr_p10,-0.7284466107814929,0.0010393410306645927
v2_250k,v2,2. Système actuel,250k,250000,21,commune,central,10,expo_brute,False,0.29366,0.5766596986953074,0.1693418871188639,0.19482,0.1082974145291847,0.3163901094625428,4,40000,ddr_p10,-0.6335022697493539,0.002386780281935437
v2_250k,v2,2. Système actuel,250k,250000,21,commune,opt,10,expo_brute,False,0.29366,0.5766596986953074,0.3693418871188639,0.19482,0.1082974145291847,0.3163901094625428,4,40000,ddr_p10,-0.532855955625217,0.002320739433362602
v2_1M,v2,2. Système actuel,1M,1000000,36,commune,pess,10,expo_brute,False,0.26414,0.7169600892217001,-0.0106221620329802,0.20608,0.1082974145291847,0.3283559130667213,4,40000,ddr_p10,-0.7353946147469511,0.002417780376149887
v2_1M,v2,2. Système actuel,1M,1000000,36,commune,central,10,expo_brute,False,0.26414,0.7169600892217001,0.1893778379670198,0.20608,0.1082974145291847,0.3283559130667213,4,40000,ddr_p10,-0.6410722354640095,0.0025560766671894994
v2_1M,v2,2. Système actuel,1M,1000000,36,commune,opt,10,expo_brute,False,0.26414,0.7169600892217001,0.3893778379670198,0.20608,0.1082974145291847,0.3283559130667213,4,40000,ddr_p10,-0.5412986648835134,0.0017588044774925556
v3_100k,v3,3. + stratégie 13,100k,100000,14,commune,pess,10,expo_brute,True,0.284,0.4987282429804,-0.0583611789935664,0.22245,0.1310906565570317,0.3690493561523995,4,40000,ddr_p10,-0.7813910276986917,0.0007460824408793844
v3_100k,v3,3. + stratégie 13,100k,100000,14,commune,central,10,expo_brute,True,0.284,0.4987282429804,0.1416388210064336,0.22245,0.1310906565570317,0.3690493561523995,4,40000,ddr_p10,-0.6870211334335514,0.0012578957767115234
v3_100k,v3,3. + stratégie 13,100k,100000,14,commune,opt,10,expo_brute,True,0.284,0.4987282429804,0.3416388210064336,0.22245,0.1310906565570317,0.3690493561523995,4,40000,ddr_p10,-0.5824048879229428,0.0008194419033807146
v3_250k,v3,3. + stratégie 13,250k,250000,22,commune,pess,10,expo_brute,True,0.36765,0.5766596986953074,0.0120089382253296,0.20811,0.1310906565570317,0.3533787724721388,4,40000,ddr_p10,-0.7492981691681059,0.001282480286495968
v3_250k,v3,3. + stratégie 13,250k,250000,22,commune,central,10,expo_brute,True,0.36765,0.5766596986953074,0.2120089382253297,0.20811,0.1310906565570317,0.3533787724721388,4,40000,ddr_p10,-0.6603224043686842,0.0014539878421979864
v3_250k,v3,3. + stratégie 13,250k,250000,22,commune,opt,10,expo_brute,True,0.36765,0.5766596986953074,0.4120089382253297,0.20811,0.1310906565570317,0.3533787724721388,4,40000,ddr_p10,-0.5656865473995691,0.0023466985966723117
v3_1M,v3,3. + stratégie 13,1M,1000000,37,commune,pess,10,expo_brute,True,0.32045,0.7169600892217001,0.0297498605910936,0.2125,0.1310906565570317,0.3580046265649245,4,40000,ddr_p10,-0.7381132816662258,0.0016586796271052507
v3_1M,v3,3. + stratégie 13,1M,1000000,37,commune,central,10,expo_brute,True,0.32045,0.7169600892217001,0.2297498605910937,0.2125,0.1310906565570317,0.3580046265649245,4,40000,ddr_p10,-0.6465584861706861,0.0019507668614914078
v3_1M,v3,3. + stratégie 13,1M,1000000,37,commune,opt,10,expo_brute,True,0.32045,0.7169600892217001,0.4297498605910937,0.2125,0.1310906565570317,0.3580046265649245,4,40000,ddr_p10,-0.5518181279556958,0.0022277679320537626
v4_100k,v4,4. + pilotage du risque,100k,100000,13,commune,pess,10,expo_brute,True,0.39254,0.4987282429804,-0.0042292155004738,0.21286,0.1505511344877443,0.3782512414595131,4,40000,ddr_p10,-0.7622424044565893,0.0029427444674312146
v4_100k,v4,4. + pilotage du risque,100k,100000,13,commune,central,10,expo_brute,True,0.39254,0.4987282429804,0.1957707844995262,0.21286,0.1505511344877443,0.3782512414595131,4,40000,ddr_p10,-0.6737715662505239,0.0031252511003473813
v4_100k,v4,4. + pilotage du risque,100k,100000,13,commune,opt,10,expo_brute,True,0.39254,0.4987282429804,0.3957707844995262,0.21286,0.1505511344877443,0.3782512414595131,4,40000,ddr_p10,-0.5817359764581557,0.0011272085116405854
v4_250k,v4,4. + pilotage du risque,250k,250000,23,commune,pess,10,expo_brute,True,0.39268,0.5766596986953074,0.0264427304836732,0.21289,0.1505511344877443,0.3779449021931268,4,40000,ddr_p10,-0.7702789521116218,0.001600485641104599
v4_250k,v4,4. + pilotage du risque,250k,250000,23,commune,central,10,expo_brute,True,0.39268,0.5766596986953074,0.2264427304836733,0.21289,0.1505511344877443,0.3779449021931268,4,40000,ddr_p10,-0.6895939335436662,0.001687788773884249
v4_250k,v4,4. + pilotage du risque,250k,250000,23,commune,opt,10,expo_brute,True,0.39268,0.5766596986953074,0.4264427304836733,0.21289,0.1505511344877443,0.3779449021931268,4,40000,ddr_p10,-0.6060864165420465,0.0024149980683797786
v4_1M,v4,4. + pilotage du risque,1M,1000000,38,commune,pess,10,expo_brute,True,0.37235,0.7169600892217001,0.0669600892216999,0.21464,0.1505511344877443,0.3797502616524224,4,40000,ddr_p10,-0.7398324886614266,0.0025764420654629714
v4_1M,v4,4. + pilotage du risque,1M,1000000,38,commune,central,10,expo_brute,True,0.37235,0.7169600892217001,0.2669600892217,0.21464,0.1505511344877443,0.3797502616524224,4,40000,ddr_p10,-0.6562642190559932,0.002763057959854525
v4_1M,v4,4. + pilotage du risque,1M,1000000,38,commune,opt,10,expo_brute,True,0.37235,0.7169600892217001,0.4669600892217,0.21464,0.1505511344877443,0.3797502616524224,4,40000,ddr_p10,-0.5727599515647519,0.0021084724383530168
v5_100k,v5,5. Les deux,100k,100000,14,commune,pess,10,expo_brute,True,0.40102,0.4987282429804,0.0,0.21501,0.17,0.4,4,40000,ddr_p10,-0.7629570949532312,0.0021941379825720633
v5_100k,v5,5. Les deux,100k,100000,14,commune,central,10,expo_brute,True,0.40102,0.4987282429804,0.2,0.21501,0.17,0.4,4,40000,ddr_p10,-0.6715903628572835,0.0033179336533621243
v5_100k,v5,5. Les deux,100k,100000,14,commune,opt,10,expo_brute,True,0.40102,0.4987282429804,0.4,0.21501,0.17,0.4,4,40000,ddr_p10,-0.5766615723219787,0.0017644364988365772
v5_250k,v5,5. Les deux,250k,250000,24,commune,pess,10,expo_brute,True,0.41619,0.5766596986953074,0.0399999999999999,0.21533,0.17,0.4,4,40000,ddr_p10,-0.771879302099923,0.0018209516672753195
v5_250k,v5,5. Les deux,250k,250000,24,commune,central,10,expo_brute,True,0.41619,0.5766596986953074,0.24,0.21533,0.17,0.4,4,40000,ddr_p10,-0.6921699388824809,0.002416660727116878
v5_250k,v5,5. Les deux,250k,250000,24,commune,opt,10,expo_brute,True,0.41619,0.5766596986953074,0.44,0.21533,0.17,0.4,4,40000,ddr_p10,-0.6106172240444018,0.0020184910055289695
v5_1M,v5,5. Les deux,1M,1000000,40,commune,pess,10,expo_brute,True,0.37659,0.7169600892217001,0.07,0.21539,0.17,0.4,4,40000,ddr_p10,-0.7463970073345703,0.0029769989464422035
v5_1M,v5,5. Les deux,1M,1000000,40,commune,central,10,expo_brute,True,0.37659,0.7169600892217001,0.27,0.21539,0.17,0.4,4,40000,ddr_p10,-0.6635585237499972,0.0033745680570305345
v5_1M,v5,5. Les deux,1M,1000000,40,commune,opt,10,expo_brute,True,0.37659,0.7169600892217001,0.47,0.21539,0.17,0.4,4,40000,ddr_p10,-0.5796838029125195,0.0036068882508254597
v1_100k,v1,1. Montant fixe,100k,100000,13,v1v2_sans_selection,pess,5,expo_brute,True,0.066005,0.4987282429804,-0.1588098317415591,0.38963,0.1017170440702665,0.5185111466701455,4,40000,ddr_p10,-0.8375869102568576,0.0004337573593787996
v1_100k,v1,1. Montant fixe,100k,100000,13,v1v2_sans_selection,central,5,expo_brute,True,0.066005,0.4987282429804,0.0411901682584409,0.38963,0.1017170440702665,0.5185111466701455,4,40000,ddr_p10,-0.7743040884030544,0.00065687358707469
v1_100k,v1,1. Montant fixe,100k,100000,13,v1v2_sans_selection,opt,5,expo_brute,True,0.066005,0.4987282429804,0.2411901682584409,0.38963,0.1017170440702665,0.5185111466701455,4,40000,ddr_p10,-0.6990771420244459,0.0015499844437988572
v1_250k,v1,1. Montant fixe,250k,250000,21,v1v2_sans_selection,pess,5,expo_brute,True,-0.01434,0.5766596986953074,-0.209786975059468,0.37385,0.1017170440702665,0.5010366929812404,4,40000,ddr_p10,-0.840882839963101,0.0005311151637509728
v1_250k,v1,1. Montant fixe,250k,250000,21,v1v2_sans_selection,central,5,expo_brute,True,-0.01434,0.5766596986953074,-0.009786975059468,0.37385,0.1017170440702665,0.5010366929812404,4,40000,ddr_p10,-0.7817149590798822,0.0011035502833377329
v1_250k,v1,1. Montant fixe,250k,250000,21,v1v2_sans_selection,opt,5,expo_brute,True,-0.01434,0.5766596986953074,0.190213024940532,0.37385,0.1017170440702665,0.5010366929812404,4,40000,ddr_p10,-0.7117528912512892,0.002040465302487526
v1_1M,v1,1. Montant fixe,1M,1000000,36,v1v2_sans_selection,pess,5,expo_brute,True,0.014638,0.7169600892217001,-0.1884693536604796,0.34739,0.1017170440702665,0.472670663086934,4,40000,ddr_p10,-0.8084417645299714,0.0008910013969864385
v1_1M,v1,1. Montant fixe,1M,1000000,36,v1v2_sans_selection,central,5,expo_brute,True,0.014638,0.7169600892217001,0.0115306463395204,0.34739,0.1017170440702665,0.472670663086934,4,40000,ddr_p10,-0.7478285854632325,0.0006725189311378791
v1_1M,v1,1. Montant fixe,1M,1000000,36,v1v2_sans_selection,opt,5,expo_brute,True,0.014638,0.7169600892217001,0.2115306463395204,0.34739,0.1017170440702665,0.472670663086934,4,40000,ddr_p10,-0.6787919222712028,0.0010965467821280027
v2_100k,v2,2. Système actuel,100k,100000,13,v1v2_sans_selection,pess,5,expo_brute,True,0.25477,0.4987282429804,-0.0410117541519126,0.20601,0.1082974145291847,0.32866995534124,4,40000,ddr_p10,-0.5808255076308081,0.0007350095624521194
v2_100k,v2,2. Système actuel,100k,100000,13,v1v2_sans_selection,central,5,expo_brute,True,0.25477,0.4987282429804,0.1589882458480874,0.20601,0.1082974145291847,0.32866995534124,4,40000,ddr_p10,-0.5089004202422175,0.0006879500113515936
v2_100k,v2,2. Système actuel,100k,100000,13,v1v2_sans_selection,opt,5,expo_brute,True,0.25477,0.4987282429804,0.3589882458480874,0.20601,0.1082974145291847,0.32866995534124,4,40000,ddr_p10,-0.43895628359662814,0.0016660724106255837
v2_250k,v2,2. Système actuel,250k,250000,21,v1v2_sans_selection,pess,5,expo_brute,True,0.29366,0.5766596986953074,0.0004214153391478,0.19482,0.1082974145291847,0.3163901094625428,4,40000,ddr_p10,-0.565267494763713,0.002491402794729072
v2_250k,v2,2. Système actuel,250k,250000,21,v1v2_sans_selection,central,5,expo_brute,True,0.29366,0.5766596986953074,0.2004214153391479,0.19482,0.1082974145291847,0.3163901094625428,4,40000,ddr_p10,-0.4968110446985954,0.0025976446293644517
v2_250k,v2,2. Système actuel,250k,250000,21,v1v2_sans_selection,opt,5,expo_brute,True,0.29366,0.5766596986953074,0.4004214153391479,0.19482,0.1082974145291847,0.3163901094625428,4,40000,ddr_p10,-0.42929953605716337,0.0023034043351696223
v2_1M,v2,2. Système actuel,1M,1000000,36,v1v2_sans_selection,pess,5,expo_brute,True,0.26414,0.7169600892217001,0.0080683784752647,0.20608,0.1082974145291847,0.3283559130667213,4,40000,ddr_p10,-0.5812416370713404,0.002946852397946381
v2_1M,v2,2. Système actuel,1M,1000000,36,v1v2_sans_selection,central,5,expo_brute,True,0.26414,0.7169600892217001,0.2080683784752648,0.20608,0.1082974145291847,0.3283559130667213,4,40000,ddr_p10,-0.5117171163593357,0.002986826617788703
v2_1M,v2,2. Système actuel,1M,1000000,36,v1v2_sans_selection,opt,5,expo_brute,True,0.26414,0.7169600892217001,0.4080683784752648,0.20608,0.1082974145291847,0.3283559130667213,4,40000,ddr_p10,-0.4430840598451339,0.0024161519478111946
v3_100k,v3,3. + stratégie 13,100k,100000,14,v1v2_sans_selection,pess,5,expo_brute,False,0.284,0.4987282429804,-0.0583611789935664,0.22245,0.1310906565570317,0.3690493561523995,4,40000,ddr_p10,-0.6288792323771464,0.002122627024161548
v3_100k,v3,3. + stratégie 13,100k,100000,14,v1v2_sans_selection,central,5,expo_brute,False,0.284,0.4987282429804,0.1416388210064336,0.22245,0.1310906565570317,0.3690493561523995,4,40000,ddr_p10,-0.5590702783809974,0.0020861880612000087
v3_100k,v3,3. + stratégie 13,100k,100000,14,v1v2_sans_selection,opt,5,expo_brute,False,0.284,0.4987282429804,0.3416388210064336,0.22245,0.1310906565570317,0.3690493561523995,4,40000,ddr_p10,-0.4880478046455051,0.0014773119716986797
v3_250k,v3,3. + stratégie 13,250k,250000,22,v1v2_sans_selection,pess,5,expo_brute,False,0.36765,0.5766596986953074,0.0120089382253296,0.20811,0.1310906565570317,0.3533787724721388,4,40000,ddr_p10,-0.6038897275964202,0.0014096949718239043
v3_250k,v3,3. + stratégie 13,250k,250000,22,v1v2_sans_selection,central,5,expo_brute,False,0.36765,0.5766596986953074,0.2120089382253297,0.20811,0.1310906565570317,0.3533787724721388,4,40000,ddr_p10,-0.5385136330765888,0.0019900106246075705
v3_250k,v3,3. + stratégie 13,250k,250000,22,v1v2_sans_selection,opt,5,expo_brute,False,0.36765,0.5766596986953074,0.4120089382253297,0.20811,0.1310906565570317,0.3533787724721388,4,40000,ddr_p10,-0.47220331440791635,0.002021711824621914
v3_1M,v3,3. + stratégie 13,1M,1000000,37,v1v2_sans_selection,pess,5,expo_brute,False,0.32045,0.7169600892217001,0.0297498605910936,0.2125,0.1310906565570317,0.3580046265649245,4,40000,ddr_p10,-0.59684895798296,0.0018434647385291718
v3_1M,v3,3. + stratégie 13,1M,1000000,37,v1v2_sans_selection,central,5,expo_brute,False,0.32045,0.7169600892217001,0.2297498605910937,0.2125,0.1310906565570317,0.3580046265649245,4,40000,ddr_p10,-0.5302722629576195,0.001967801885410603
v3_1M,v3,3. + stratégie 13,1M,1000000,37,v1v2_sans_selection,opt,5,expo_brute,False,0.32045,0.7169600892217001,0.4297498605910937,0.2125,0.1310906565570317,0.3580046265649245,4,40000,ddr_p10,-0.4637112418275098,0.0024569712497698277
v4_100k,v4,4. + pilotage du risque,100k,100000,13,v1v2_sans_selection,pess,5,expo_brute,False,0.39254,0.4987282429804,-0.0042292155004738,0.21286,0.1505511344877443,0.3782512414595131,4,40000,ddr_p10,-0.6181191836388742,0.0013553934388816375
v4_100k,v4,4. + pilotage du risque,100k,100000,13,v1v2_sans_selection,central,5,expo_brute,False,0.39254,0.4987282429804,0.1957707844995262,0.21286,0.1505511344877443,0.3782512414595131,4,40000,ddr_p10,-0.554156390469547,0.0014124424550856403
v4_100k,v4,4. + pilotage du risque,100k,100000,13,v1v2_sans_selection,opt,5,expo_brute,False,0.39254,0.4987282429804,0.3957707844995262,0.21286,0.1505511344877443,0.3782512414595131,4,40000,ddr_p10,-0.48933987581611627,0.0016905383392655524
v4_250k,v4,4. + pilotage du risque,250k,250000,23,v1v2_sans_selection,pess,5,expo_brute,False,0.39268,0.5766596986953074,0.0264427304836732,0.21289,0.1505511344877443,0.3779449021931268,4,40000,ddr_p10,-0.6292919365308742,0.002830249171874857
v4_250k,v4,4. + pilotage du risque,250k,250000,23,v1v2_sans_selection,central,5,expo_brute,False,0.39268,0.5766596986953074,0.2264427304836733,0.21289,0.1505511344877443,0.3779449021931268,4,40000,ddr_p10,-0.5686461492567552,0.0021128074117029855
v4_250k,v4,4. + pilotage du risque,250k,250000,23,v1v2_sans_selection,opt,5,expo_brute,False,0.39268,0.5766596986953074,0.4264427304836733,0.21289,0.1505511344877443,0.3779449021931268,4,40000,ddr_p10,-0.5093217002410918,0.0024110445218702395
v4_1M,v4,4. + pilotage du risque,1M,1000000,38,v1v2_sans_selection,pess,5,expo_brute,False,0.37235,0.7169600892217001,0.0669600892216999,0.21464,0.1505511344877443,0.3797502616524224,4,40000,ddr_p10,-0.606441124968362,0.003256213272341212
v4_1M,v4,4. + pilotage du risque,1M,1000000,38,v1v2_sans_selection,central,5,expo_brute,False,0.37235,0.7169600892217001,0.2669600892217,0.21464,0.1505511344877443,0.3797502616524224,4,40000,ddr_p10,-0.5450710172371684,0.003059153166880624
v4_1M,v4,4. + pilotage du risque,1M,1000000,38,v1v2_sans_selection,opt,5,expo_brute,False,0.37235,0.7169600892217001,0.4669600892217,0.21464,0.1505511344877443,0.3797502616524224,4,40000,ddr_p10,-0.4854134838496183,0.0020389995707559786
v5_100k,v5,5. Les deux,100k,100000,14,v1v2_sans_selection,pess,5,expo_brute,False,0.40102,0.4987282429804,0.0,0.21501,0.17,0.4,4,40000,ddr_p10,-0.6179319334944636,0.0022523172592123233
v5_100k,v5,5. Les deux,100k,100000,14,v1v2_sans_selection,central,5,expo_brute,False,0.40102,0.4987282429804,0.2,0.21501,0.17,0.4,4,40000,ddr_p10,-0.5525236017609283,0.0020944562380234323
v5_100k,v5,5. Les deux,100k,100000,14,v1v2_sans_selection,opt,5,expo_brute,False,0.40102,0.4987282429804,0.4,0.21501,0.17,0.4,4,40000,ddr_p10,-0.48782285543904036,0.0022503993373979305
v5_250k,v5,5. Les deux,250k,250000,24,v1v2_sans_selection,pess,5,expo_brute,False,0.41619,0.5766596986953074,0.0399999999999999,0.21533,0.17,0.4,4,40000,ddr_p10,-0.6331153786466168,0.0016967026101407324
v5_250k,v5,5. Les deux,250k,250000,24,v1v2_sans_selection,central,5,expo_brute,False,0.41619,0.5766596986953074,0.24,0.21533,0.17,0.4,4,40000,ddr_p10,-0.5742603368062187,0.0018306277306332373
v5_250k,v5,5. Les deux,250k,250000,24,v1v2_sans_selection,opt,5,expo_brute,False,0.41619,0.5766596986953074,0.44,0.21533,0.17,0.4,4,40000,ddr_p10,-0.5153573483563872,0.0012378588697767692
v5_1M,v5,5. Les deux,1M,1000000,40,v1v2_sans_selection,pess,5,expo_brute,False,0.37659,0.7169600892217001,0.07,0.21539,0.17,0.4,4,40000,ddr_p10,-0.611543089228478,0.0044352384380894625
v5_1M,v5,5. Les deux,1M,1000000,40,v1v2_sans_selection,central,5,expo_brute,False,0.37659,0.7169600892217001,0.27,0.21539,0.17,0.4,4,40000,ddr_p10,-0.5502542182286179,0.003553312422537299
v5_1M,v5,5. Les deux,1M,1000000,40,v1v2_sans_selection,opt,5,expo_brute,False,0.37659,0.7169600892217001,0.47,0.21539,0.17,0.4,4,40000,ddr_p10,-0.49034091169812444,0.0032657656959832917
v1_100k,v1,1. Montant fixe,100k,100000,13,v1v2_sans_selection,pess,10,expo_brute,True,0.066005,0.4987282429804,-0.1588098317415591,0.38963,0.1017170440702665,0.5185111466701455,4,40000,ddr_p10,-0.9517680675235564,0.00042424886164856956
v1_100k,v1,1. Montant fixe,100k,100000,13,v1v2_sans_selection,central,10,expo_brute,True,0.066005,0.4987282429804,0.0411901682584409,0.38963,0.1017170440702665,0.5185111466701455,4,40000,ddr_p10,-0.8984820787451624,0.0011235238756841187
v1_100k,v1,1. Montant fixe,100k,100000,13,v1v2_sans_selection,opt,10,expo_brute,True,0.066005,0.4987282429804,0.2411901682584409,0.38963,0.1017170440702665,0.5185111466701455,4,40000,ddr_p10,-0.809784455328277,0.0013645803824964534
v1_250k,v1,1. Montant fixe,250k,250000,21,v1v2_sans_selection,pess,10,expo_brute,True,-0.01434,0.5766596986953074,-0.209786975059468,0.37385,0.1017170440702665,0.5010366929812404,4,40000,ddr_p10,-0.9527596770066429,0.0003171188352134473
v1_250k,v1,1. Montant fixe,250k,250000,21,v1v2_sans_selection,central,10,expo_brute,True,-0.01434,0.5766596986953074,-0.009786975059468,0.37385,0.1017170440702665,0.5010366929812404,4,40000,ddr_p10,-0.9065024868252003,0.0006338868271310116
v1_250k,v1,1. Montant fixe,250k,250000,21,v1v2_sans_selection,opt,10,expo_brute,True,-0.01434,0.5766596986953074,0.190213024940532,0.37385,0.1017170440702665,0.5010366929812404,4,40000,ddr_p10,-0.8297024805474703,0.0018910745881603522
v1_1M,v1,1. Montant fixe,1M,1000000,36,v1v2_sans_selection,pess,10,expo_brute,True,0.014638,0.7169600892217001,-0.1884693536604796,0.34739,0.1017170440702665,0.472670663086934,4,40000,ddr_p10,-0.9297631686991668,0.0005451882089238495
v1_1M,v1,1. Montant fixe,1M,1000000,36,v1v2_sans_selection,central,10,expo_brute,True,0.014638,0.7169600892217001,0.0115306463395204,0.34739,0.1017170440702665,0.472670663086934,4,40000,ddr_p10,-0.8732072367155528,0.0008911909639459195
v1_1M,v1,1. Montant fixe,1M,1000000,36,v1v2_sans_selection,opt,10,expo_brute,True,0.014638,0.7169600892217001,0.2115306463395204,0.34739,0.1017170440702665,0.472670663086934,4,40000,ddr_p10,-0.7907398909343308,0.0009845576844309141
v2_100k,v2,2. Système actuel,100k,100000,13,v1v2_sans_selection,pess,10,expo_brute,True,0.25477,0.4987282429804,-0.0410117541519126,0.20601,0.1082974145291847,0.32866995534124,4,40000,ddr_p10,-0.735654250899214,0.0017217660286394368
v2_100k,v2,2. Système actuel,100k,100000,13,v1v2_sans_selection,central,10,expo_brute,True,0.25477,0.4987282429804,0.1589882458480874,0.20601,0.1082974145291847,0.32866995534124,4,40000,ddr_p10,-0.6334589748889905,0.0029719236324535327
v2_100k,v2,2. Système actuel,100k,100000,13,v1v2_sans_selection,opt,10,expo_brute,True,0.25477,0.4987282429804,0.3589882458480874,0.20601,0.1082974145291847,0.32866995534124,4,40000,ddr_p10,-0.5255739229606589,0.0022253345979718533
v2_250k,v2,2. Système actuel,250k,250000,21,v1v2_sans_selection,pess,10,expo_brute,True,0.29366,0.5766596986953074,0.0004214153391478,0.19482,0.1082974145291847,0.3163901094625428,4,40000,ddr_p10,-0.7149027472744053,0.0009782786897228732
v2_250k,v2,2. Système actuel,250k,250000,21,v1v2_sans_selection,central,10,expo_brute,True,0.29366,0.5766596986953074,0.2004214153391479,0.19482,0.1082974145291847,0.3163901094625428,4,40000,ddr_p10,-0.6176915690811674,0.0021082353186026304
v2_250k,v2,2. Système actuel,250k,250000,21,v1v2_sans_selection,opt,10,expo_brute,True,0.29366,0.5766596986953074,0.4004214153391479,0.19482,0.1082974145291847,0.3163901094625428,4,40000,ddr_p10,-0.5175561574267368,0.002627636581976238
v2_1M,v2,2. Système actuel,1M,1000000,36,v1v2_sans_selection,pess,10,expo_brute,True,0.26414,0.7169600892217001,0.0080683784752647,0.20608,0.1082974145291847,0.3283559130667213,4,40000,ddr_p10,-0.7271595230856146,0.00249712179232424
v2_1M,v2,2. Système actuel,1M,1000000,36,v1v2_sans_selection,central,10,expo_brute,True,0.26414,0.7169600892217001,0.2080683784752648,0.20608,0.1082974145291847,0.3283559130667213,4,40000,ddr_p10,-0.6315605721158623,0.0024144743333554034
v2_1M,v2,2. Système actuel,1M,1000000,36,v1v2_sans_selection,opt,10,expo_brute,True,0.26414,0.7169600892217001,0.4080683784752648,0.20608,0.1082974145291847,0.3283559130667213,4,40000,ddr_p10,-0.532087738464579,0.0016641592831473885
v3_100k,v3,3. + stratégie 13,100k,100000,14,v1v2_sans_selection,pess,10,expo_brute,False,0.284,0.4987282429804,-0.0583611789935664,0.22245,0.1310906565570317,0.3690493561523995,4,40000,ddr_p10,-0.7813910276986917,0.0007460824408793844
v3_100k,v3,3. + stratégie 13,100k,100000,14,v1v2_sans_selection,central,10,expo_brute,False,0.284,0.4987282429804,0.1416388210064336,0.22245,0.1310906565570317,0.3690493561523995,4,40000,ddr_p10,-0.6870211334335514,0.0012578957767115234
v3_100k,v3,3. + stratégie 13,100k,100000,14,v1v2_sans_selection,opt,10,expo_brute,False,0.284,0.4987282429804,0.3416388210064336,0.22245,0.1310906565570317,0.3690493561523995,4,40000,ddr_p10,-0.5824048879229428,0.0008194419033807146
v3_250k,v3,3. + stratégie 13,250k,250000,22,v1v2_sans_selection,pess,10,expo_brute,False,0.36765,0.5766596986953074,0.0120089382253296,0.20811,0.1310906565570317,0.3533787724721388,4,40000,ddr_p10,-0.7492981691681059,0.001282480286495968
v3_250k,v3,3. + stratégie 13,250k,250000,22,v1v2_sans_selection,central,10,expo_brute,False,0.36765,0.5766596986953074,0.2120089382253297,0.20811,0.1310906565570317,0.3533787724721388,4,40000,ddr_p10,-0.6603224043686842,0.0014539878421979864
v3_250k,v3,3. + stratégie 13,250k,250000,22,v1v2_sans_selection,opt,10,expo_brute,False,0.36765,0.5766596986953074,0.4120089382253297,0.20811,0.1310906565570317,0.3533787724721388,4,40000,ddr_p10,-0.5656865473995691,0.0023466985966723117
v3_1M,v3,3. + stratégie 13,1M,1000000,37,v1v2_sans_selection,pess,10,expo_brute,False,0.32045,0.7169600892217001,0.0297498605910936,0.2125,0.1310906565570317,0.3580046265649245,4,40000,ddr_p10,-0.7381132816662258,0.0016586796271052507
v3_1M,v3,3. + stratégie 13,1M,1000000,37,v1v2_sans_selection,central,10,expo_brute,False,0.32045,0.7169600892217001,0.2297498605910937,0.2125,0.1310906565570317,0.3580046265649245,4,40000,ddr_p10,-0.6465584861706861,0.0019507668614914078
v3_1M,v3,3. + stratégie 13,1M,1000000,37,v1v2_sans_selection,opt,10,expo_brute,False,0.32045,0.7169600892217001,0.4297498605910937,0.2125,0.1310906565570317,0.3580046265649245,4,40000,ddr_p10,-0.5518181279556958,0.0022277679320537626
v4_100k,v4,4. + pilotage du risque,100k,100000,13,v1v2_sans_selection,pess,10,expo_brute,False,0.39254,0.4987282429804,-0.0042292155004738,0.21286,0.1505511344877443,0.3782512414595131,4,40000,ddr_p10,-0.7622424044565893,0.0029427444674312146
v4_100k,v4,4. + pilotage du risque,100k,100000,13,v1v2_sans_selection,central,10,expo_brute,False,0.39254,0.4987282429804,0.1957707844995262,0.21286,0.1505511344877443,0.3782512414595131,4,40000,ddr_p10,-0.6737715662505239,0.0031252511003473813
v4_100k,v4,4. + pilotage du risque,100k,100000,13,v1v2_sans_selection,opt,10,expo_brute,False,0.39254,0.4987282429804,0.3957707844995262,0.21286,0.1505511344877443,0.3782512414595131,4,40000,ddr_p10,-0.5817359764581557,0.0011272085116405854
v4_250k,v4,4. + pilotage du risque,250k,250000,23,v1v2_sans_selection,pess,10,expo_brute,False,0.39268,0.5766596986953074,0.0264427304836732,0.21289,0.1505511344877443,0.3779449021931268,4,40000,ddr_p10,-0.7702789521116218,0.001600485641104599
v4_250k,v4,4. + pilotage du risque,250k,250000,23,v1v2_sans_selection,central,10,expo_brute,False,0.39268,0.5766596986953074,0.2264427304836733,0.21289,0.1505511344877443,0.3779449021931268,4,40000,ddr_p10,-0.6895939335436662,0.001687788773884249
v4_250k,v4,4. + pilotage du risque,250k,250000,23,v1v2_sans_selection,opt,10,expo_brute,False,0.39268,0.5766596986953074,0.4264427304836733,0.21289,0.1505511344877443,0.3779449021931268,4,40000,ddr_p10,-0.6060864165420465,0.0024149980683797786
v4_1M,v4,4. + pilotage du risque,1M,1000000,38,v1v2_sans_selection,pess,10,expo_brute,False,0.37235,0.7169600892217001,0.0669600892216999,0.21464,0.1505511344877443,0.3797502616524224,4,40000,ddr_p10,-0.7398324886614266,0.0025764420654629714
v4_1M,v4,4. + pilotage du risque,1M,1000000,38,v1v2_sans_selection,central,10,expo_brute,False,0.37235,0.7169600892217001,0.2669600892217,0.21464,0.1505511344877443,0.3797502616524224,4,40000,ddr_p10,-0.6562642190559932,0.002763057959854525
v4_1M,v4,4. + pilotage du risque,1M,1000000,38,v1v2_sans_selection,opt,10,expo_brute,False,0.37235,0.7169600892217001,0.4669600892217,0.21464,0.1505511344877443,0.3797502616524224,4,40000,ddr_p10,-0.5727599515647519,0.0021084724383530168
v5_100k,v5,5. Les deux,100k,100000,14,v1v2_sans_selection,pess,10,expo_brute,False,0.40102,0.4987282429804,0.0,0.21501,0.17,0.4,4,40000,ddr_p10,-0.7629570949532312,0.0021941379825720633
v5_100k,v5,5. Les deux,100k,100000,14,v1v2_sans_selection,central,10,expo_brute,False,0.40102,0.4987282429804,0.2,0.21501,0.17,0.4,4,40000,ddr_p10,-0.6715903628572835,0.0033179336533621243
v5_100k,v5,5. Les deux,100k,100000,14,v1v2_sans_selection,opt,10,expo_brute,False,0.40102,0.4987282429804,0.4,0.21501,0.17,0.4,4,40000,ddr_p10,-0.5766615723219787,0.0017644364988365772
v5_250k,v5,5. Les deux,250k,250000,24,v1v2_sans_selection,pess,10,expo_brute,False,0.41619,0.5766596986953074,0.0399999999999999,0.21533,0.17,0.4,4,40000,ddr_p10,-0.771879302099923,0.0018209516672753195
v5_250k,v5,5. Les deux,250k,250000,24,v1v2_sans_selection,central,10,expo_brute,False,0.41619,0.5766596986953074,0.24,0.21533,0.17,0.4,4,40000,ddr_p10,-0.6921699388824809,0.002416660727116878
v5_250k,v5,5. Les deux,250k,250000,24,v1v2_sans_selection,opt,10,expo_brute,False,0.41619,0.5766596986953074,0.44,0.21533,0.17,0.4,4,40000,ddr_p10,-0.6106172240444018,0.0020184910055289695
v5_1M,v5,5. Les deux,1M,1000000,40,v1v2_sans_selection,pess,10,expo_brute,False,0.37659,0.7169600892217001,0.07,0.21539,0.17,0.4,4,40000,ddr_p10,-0.7463970073345703,0.0029769989464422035
v5_1M,v5,5. Les deux,1M,1000000,40,v1v2_sans_selection,central,10,expo_brute,False,0.37659,0.7169600892217001,0.27,0.21539,0.17,0.4,4,40000,ddr_p10,-0.6635585237499972,0.0033745680570305345
v5_1M,v5,5. Les deux,1M,1000000,40,v1v2_sans_selection,opt,10,expo_brute,False,0.37659,0.7169600892217001,0.47,0.21539,0.17,0.4,4,40000,ddr_p10,-0.5796838029125195,0.0036068882508254597
v1_100k,v1,1. Montant fixe,100k,100000,13,commune,central,5,marge_contrats,False,0.066005,0.4987282429804,0.0329185576779213,0.38963,0.18356,0.6003541025998791,4,40000,ddr_p10,-0.7787730798544674,0.0007717372755336226
v1_250k,v1,1. Montant fixe,250k,250000,21,commune,central,5,marge_contrats,False,-0.01434,0.5766596986953074,-0.0082693000792907,0.37385,0.17136,0.5706796489109739,4,40000,ddr_p10,-0.7825691912634496,0.001118593391393452
v1_1M,v1,1. Montant fixe,1M,1000000,36,commune,central,5,marge_contrats,False,0.014638,0.7169600892217001,0.0104948617860272,0.34739,0.16591,0.5368636190166675,4,40000,ddr_p10,-0.7495458552548117,0.0005430509139674279
v2_100k,v2,2. Système actuel,100k,100000,13,commune,central,5,marge_contrats,False,0.25477,0.4987282429804,0.1270609944641165,0.20601,0.10646,0.3268325408120552,4,40000,ddr_p10,-0.5202720450377991,0.0007205161323491592
v2_250k,v2,2. Système actuel,250k,250000,21,commune,central,5,marge_contrats,False,0.29366,0.5766596986953074,0.1693418871188639,0.19482,0.11062,0.3187126949333581,4,40000,ddr_p10,-0.5074980731713421,0.0027639105397235953
v2_1M,v2,2. Système actuel,1M,1000000,36,commune,central,5,marge_contrats,False,0.26414,0.7169600892217001,0.1893778379670198,0.20608,0.11957,0.3396284985375365,4,40000,ddr_p10,-0.5186839550852372,0.002882875110381713
v3_100k,v3,3. + stratégie 13,100k,100000,14,commune,central,5,marge_contrats,False,0.284,0.4987282429804,0.1416388210064336,0.22245,0.12293,0.3608886995953677,4,40000,ddr_p10,-0.558796197309774,0.0020813033093347176
v3_250k,v3,3. + stratégie 13,250k,250000,22,commune,central,5,marge_contrats,False,0.36765,0.5766596986953074,0.2120089382253297,0.20811,0.12633,0.348618115915107,4,40000,ddr_p10,-0.5383571370403986,0.00198283530323427
v3_1M,v3,3. + stratégie 13,1M,1000000,37,commune,central,5,marge_contrats,False,0.32045,0.7169600892217001,0.2297498605910937,0.2125,0.13419,0.3611039700078927,4,40000,ddr_p10,-0.5303883533054539,0.0019958025824212775
v4_100k,v4,4. + pilotage du risque,100k,100000,13,commune,central,5,marge_contrats,False,0.39254,0.4987282429804,0.1957707844995262,0.21286,0.1175,0.3452001069717687,4,40000,ddr_p10,-0.553020028024841,0.0012442756257550962
v4_250k,v4,4. + pilotage du risque,250k,250000,23,commune,central,5,marge_contrats,False,0.39268,0.5766596986953074,0.2264427304836733,0.21289,0.13386,0.3612537677053824,4,40000,ddr_p10,-0.5681552144474119,0.0021408389137119637
v4_1M,v4,4. + pilotage du risque,1M,1000000,38,commune,central,5,marge_contrats,False,0.37235,0.7169600892217001,0.2669600892217,0.21464,0.1405,0.369699127164678,4,40000,ddr_p10,-0.5447128668321591,0.0030130977267002397
v5_100k,v5,5. Les deux,100k,100000,14,commune,central,5,marge_contrats,False,0.40102,0.4987282429804,0.2,0.21501,0.12384,0.35384,4,40000,ddr_p10,-0.5509108964466783,0.0020773917659113483
v5_250k,v5,5. Les deux,250k,250000,24,commune,central,5,marge_contrats,False,0.41619,0.5766596986953074,0.24,0.21533,0.14192,0.37192,4,40000,ddr_p10,-0.5732739609128849,0.0016975684864392014
v5_1M,v5,5. Les deux,1M,1000000,40,commune,central,5,marge_contrats,False,0.37659,0.7169600892217001,0.27,0.21539,0.14745,0.37745,4,40000,ddr_p10,-0.5494432755743381,0.00350747835028186
v1_100k,v1,1. Montant fixe,100k,100000,13,commune,central,10,marge_contrats,False,0.066005,0.4987282429804,0.0329185576779213,0.38963,0.18356,0.6003541025998791,4,40000,ddr_p10,-0.9029803328503008,0.0010317164494194084
v1_250k,v1,1. Montant fixe,250k,250000,21,commune,central,10,marge_contrats,False,-0.01434,0.5766596986953074,-0.0082693000792907,0.37385,0.17136,0.5706796489109739,4,40000,ddr_p10,-0.9073510429927979,0.0006474753103483359
v1_1M,v1,1. Montant fixe,1M,1000000,36,commune,central,10,marge_contrats,False,0.014638,0.7169600892217001,0.0104948617860272,0.34739,0.16591,0.5368636190166675,4,40000,ddr_p10,-0.8750208324787192,0.0008922940353801163
v2_100k,v2,2. Système actuel,100k,100000,13,commune,central,10,marge_contrats,False,0.25477,0.4987282429804,0.1270609944641165,0.20601,0.10646,0.3268325408120552,4,40000,ddr_p10,-0.650625739113378,0.002723823857594473
v2_250k,v2,2. Système actuel,250k,250000,21,commune,central,10,marge_contrats,False,0.29366,0.5766596986953074,0.1693418871188639,0.19482,0.11062,0.3187126949333581,4,40000,ddr_p10,-0.6336443826857383,0.0023992783940570126
v2_1M,v2,2. Système actuel,1M,1000000,36,commune,central,10,marge_contrats,False,0.26414,0.7169600892217001,0.1893778379670198,0.20608,0.11957,0.3396284985375365,4,40000,ddr_p10,-0.6416139108481689,0.0025096468758596347
v3_100k,v3,3. + stratégie 13,100k,100000,14,commune,central,10,marge_contrats,False,0.284,0.4987282429804,0.1416388210064336,0.22245,0.12293,0.3608886995953677,4,40000,ddr_p10,-0.6865719672690445,0.00122968916330848
v3_250k,v3,3. + stratégie 13,250k,250000,22,commune,central,10,marge_contrats,False,0.36765,0.5766596986953074,0.2120089382253297,0.20811,0.12633,0.348618115915107,4,40000,ddr_p10,-0.6600662418585956,0.0014281750957374224
v3_1M,v3,3. + stratégie 13,1M,1000000,37,commune,central,10,marge_contrats,False,0.32045,0.7169600892217001,0.2297498605910937,0.2125,0.13419,0.3611039700078927,4,40000,ddr_p10,-0.6467025089040571,0.0019453635608302452
v4_100k,v4,4. + pilotage du risque,100k,100000,13,commune,central,10,marge_contrats,False,0.39254,0.4987282429804,0.1957707844995262,0.21286,0.1175,0.3452001069717687,4,40000,ddr_p10,-0.6723045470610318,0.0033029689557305566
v4_250k,v4,4. + pilotage du risque,250k,250000,23,commune,central,10,marge_contrats,False,0.39268,0.5766596986953074,0.2264427304836733,0.21289,0.13386,0.3612537677053824,4,40000,ddr_p10,-0.6887728504487338,0.0017278670556780226
v4_1M,v4,4. + pilotage du risque,1M,1000000,38,commune,central,10,marge_contrats,False,0.37235,0.7169600892217001,0.2669600892217,0.21464,0.1405,0.369699127164678,4,40000,ddr_p10,-0.6557998918190531,0.00283388251931106
v5_100k,v5,5. Les deux,100k,100000,14,commune,central,10,marge_contrats,False,0.40102,0.4987282429804,0.2,0.21501,0.12384,0.35384,4,40000,ddr_p10,-0.6692361113468653,0.0033022697080893277
v5_250k,v5,5. Les deux,250k,250000,24,commune,central,10,marge_contrats,False,0.41619,0.5766596986953074,0.24,0.21533,0.14192,0.37192,4,40000,ddr_p10,-0.6909449875880967,0.0025647404121477584
v5_1M,v5,5. Les deux,1M,1000000,40,commune,central,10,marge_contrats,False,0.37659,0.7169600892217001,0.27,0.21539,0.14745,0.37745,4,40000,ddr_p10,-0.6625612122637174,0.003403393191908856
v1_100k,v1,1. Montant fixe,100k,100000,13,commune,pess,5,expo_brute,False,0.066005,0.4987282429804,-0.1670814423220787,0.38963,0.1017170440702665,0.5185111466701455,4,40000,P_touch_60pct,0.78145,0.004442596838186736
v1_100k,v1,1. Montant fixe,100k,100000,13,commune,central,5,expo_brute,False,0.066005,0.4987282429804,0.0329185576779213,0.38963,0.1017170440702665,0.5185111466701455,4,40000,P_touch_60pct,0.563175,0.003942397747564328
v1_100k,v1,1. Montant fixe,100k,100000,13,commune,opt,5,expo_brute,False,0.066005,0.4987282429804,0.2329185576779213,0.38963,0.1017170440702665,0.5185111466701455,4,40000,P_touch_60pct,0.316075,0.003592005011132364
v1_250k,v1,1. Montant fixe,250k,250000,21,commune,pess,5,expo_brute,False,-0.01434,0.5766596986953074,-0.2082693000792907,0.37385,0.1017170440702665,0.5010366929812404,4,40000,P_touch_60pct,0.777925,0.004662885372813735
v1_250k,v1,1. Montant fixe,250k,250000,21,commune,central,5,expo_brute,False,-0.01434,0.5766596986953074,-0.0082693000792907,0.37385,0.1017170440702665,0.5010366929812404,4,40000,P_touch_60pct,0.5755,0.005036533199202264
v1_250k,v1,1. Montant fixe,250k,250000,21,commune,opt,5,expo_brute,False,-0.01434,0.5766596986953074,0.1917306999207093,0.37385,0.1017170440702665,0.5010366929812404,4,40000,P_touch_60pct,0.33945000000000003,0.003642801120017383
v1_1M,v1,1. Montant fixe,1M,1000000,36,commune,pess,5,expo_brute,False,0.014638,0.7169600892217001,-0.1895051382139728,0.34739,0.1017170440702665,0.472670663086934,4,40000,P_touch_60pct,0.706575,0.0035724641355792653
v1_1M,v1,1. Montant fixe,1M,1000000,36,commune,central,5,expo_brute,False,0.014638,0.7169600892217001,0.0104948617860272,0.34739,0.1017170440702665,0.472670663086934,4,40000,P_touch_60pct,0.481775,0.0042287705068967596
v1_1M,v1,1. Montant fixe,1M,1000000,36,commune,opt,5,expo_brute,False,0.014638,0.7169600892217001,0.2104948617860272,0.34739,0.1017170440702665,0.472670663086934,4,40000,P_touch_60pct,0.26055,0.004386722390730171
v2_100k,v2,2. Système actuel,100k,100000,13,commune,pess,5,expo_brute,False,0.25477,0.4987282429804,-0.0729390055358835,0.20601,0.1082974145291847,0.32866995534124,4,40000,P_touch_60pct,0.2495,0.0033085747183140175
v2_100k,v2,2. Système actuel,100k,100000,13,commune,central,5,expo_brute,False,0.25477,0.4987282429804,0.1270609944641165,0.20601,0.1082974145291847,0.32866995534124,4,40000,P_touch_60pct,0.106725,0.0014244882121894362
v2_100k,v2,2. Système actuel,100k,100000,13,commune,opt,5,expo_brute,False,0.25477,0.4987282429804,0.3270609944641165,0.20601,0.1082974145291847,0.32866995534124,4,40000,P_touch_60pct,0.034175,0.0016839932699786342
v2_250k,v2,2. Système actuel,250k,250000,21,commune,pess,5,expo_brute,False,0.29366,0.5766596986953074,-0.0306581128811361,0.19482,0.1082974145291847,0.3163901094625428,4,40000,P_touch_60pct,0.2078,0.002987752778706207
v2_250k,v2,2. Système actuel,250k,250000,21,commune,central,5,expo_brute,False,0.29366,0.5766596986953074,0.1693418871188639,0.19482,0.1082974145291847,0.3163901094625428,4,40000,P_touch_60pct,0.0882,0.0018293896978682986
v2_250k,v2,2. Système actuel,250k,250000,21,commune,opt,5,expo_brute,False,0.29366,0.5766596986953074,0.3693418871188639,0.19482,0.1082974145291847,0.3163901094625428,4,40000,P_touch_60pct,0.02615,0.0008544003745317515
v2_1M,v2,2. Système actuel,1M,1000000,36,commune,pess,5,expo_brute,False,0.26414,0.7169600892217001,-0.0106221620329802,0.20608,0.1082974145291847,0.3283559130667213,4,40000,P_touch_60pct,0.221625,0.0032170120712652988
v2_1M,v2,2. Système actuel,1M,1000000,36,commune,central,5,expo_brute,False,0.26414,0.7169600892217001,0.1893778379670198,0.20608,0.1082974145291847,0.3283559130667213,4,40000,P_touch_60pct,0.0968,0.002662079387746853
v2_1M,v2,2. Système actuel,1M,1000000,36,commune,opt,5,expo_brute,False,0.26414,0.7169600892217001,0.3893778379670198,0.20608,0.1082974145291847,0.3283559130667213,4,40000,P_touch_60pct,0.0294,0.0023494680248941475
v3_100k,v3,3. + stratégie 13,100k,100000,14,commune,pess,5,expo_brute,True,0.284,0.4987282429804,-0.0583611789935664,0.22245,0.1310906565570317,0.3690493561523995,4,40000,P_touch_60pct,0.30385,0.002798213715926668
v3_100k,v3,3. + stratégie 13,100k,100000,14,commune,central,5,expo_brute,True,0.284,0.4987282429804,0.1416388210064336,0.22245,0.1310906565570317,0.3690493561523995,4,40000,P_touch_60pct,0.153625,0.0035036885325801137
v3_100k,v3,3. + stratégie 13,100k,100000,14,commune,opt,5,expo_brute,True,0.284,0.4987282429804,0.3416388210064336,0.22245,0.1310906565570317,0.3690493561523995,4,40000,P_touch_60pct,0.058425,0.0015882380174268606
v3_250k,v3,3. + stratégie 13,250k,250000,22,commune,pess,5,expo_brute,True,0.36765,0.5766596986953074,0.0120089382253296,0.20811,0.1310906565570317,0.3533787724721388,4,40000,P_touch_60pct,0.241975,0.0018732769861039358
v3_250k,v3,3. + stratégie 13,250k,250000,22,commune,central,5,expo_brute,True,0.36765,0.5766596986953074,0.2120089382253297,0.20811,0.1310906565570317,0.3533787724721388,4,40000,P_touch_60pct,0.12040000000000001,0.0021228911104120857
v3_250k,v3,3. + stratégie 13,250k,250000,22,commune,opt,5,expo_brute,True,0.36765,0.5766596986953074,0.4120089382253297,0.20811,0.1310906565570317,0.3533787724721388,4,40000,P_touch_60pct,0.048600000000000004,0.0012027745701779185
v3_1M,v3,3. + stratégie 13,1M,1000000,37,commune,pess,5,expo_brute,True,0.32045,0.7169600892217001,0.0297498605910936,0.2125,0.1310906565570317,0.3580046265649245,4,40000,P_touch_60pct,0.22725,0.002450170062124947
v3_1M,v3,3. + stratégie 13,1M,1000000,37,commune,central,5,expo_brute,True,0.32045,0.7169600892217001,0.2297498605910937,0.2125,0.1310906565570317,0.3580046265649245,4,40000,P_touch_60pct,0.10617499999999999,0.0021093047827819116
v3_1M,v3,3. + stratégie 13,1M,1000000,37,commune,opt,5,expo_brute,True,0.32045,0.7169600892217001,0.4297498605910937,0.2125,0.1310906565570317,0.3580046265649245,4,40000,P_touch_60pct,0.03835,0.0010472185381603329
v4_100k,v4,4. + pilotage du risque,100k,100000,13,commune,pess,5,expo_brute,True,0.39254,0.4987282429804,-0.0042292155004738,0.21286,0.1505511344877443,0.3782512414595131,4,40000,P_touch_60pct,0.2625,0.0032731228717133814
v4_100k,v4,4. + pilotage du risque,100k,100000,13,commune,central,5,expo_brute,True,0.39254,0.4987282429804,0.1957707844995262,0.21286,0.1505511344877443,0.3782512414595131,4,40000,P_touch_60pct,0.138675,0.004109643131303088
v4_100k,v4,4. + pilotage du risque,100k,100000,13,commune,opt,5,expo_brute,True,0.39254,0.4987282429804,0.3957707844995262,0.21286,0.1505511344877443,0.3782512414595131,4,40000,P_touch_60pct,0.06559999999999999,0.001816590212458497
v4_250k,v4,4. + pilotage du risque,250k,250000,23,commune,pess,5,expo_brute,True,0.39268,0.5766596986953074,0.0264427304836732,0.21289,0.1505511344877443,0.3779449021931268,4,40000,P_touch_60pct,0.272575,0.003730393187498263
v4_250k,v4,4. + pilotage du risque,250k,250000,23,commune,central,5,expo_brute,True,0.39268,0.5766596986953074,0.2264427304836733,0.21289,0.1505511344877443,0.3779449021931268,4,40000,P_touch_60pct,0.15689999999999998,0.0029888682361946463
v4_250k,v4,4. + pilotage du risque,250k,250000,23,commune,opt,5,expo_brute,True,0.39268,0.5766596986953074,0.4264427304836733,0.21289,0.1505511344877443,0.3779449021931268,4,40000,P_touch_60pct,0.07795,0.0028827070610799206
v4_1M,v4,4. + pilotage du risque,1M,1000000,38,commune,pess,5,expo_brute,True,0.37235,0.7169600892217001,0.0669600892216999,0.21464,0.1505511344877443,0.3797502616524224,4,40000,P_touch_60pct,0.233875,0.0029837057495671437
v4_1M,v4,4. + pilotage du risque,1M,1000000,38,commune,central,5,expo_brute,True,0.37235,0.7169600892217001,0.2669600892217,0.21464,0.1505511344877443,0.3797502616524224,4,40000,P_touch_60pct,0.124675,0.004515436486837865
v4_1M,v4,4. + pilotage du risque,1M,1000000,38,commune,opt,5,expo_brute,True,0.37235,0.7169600892217001,0.4669600892217,0.21464,0.1505511344877443,0.3797502616524224,4,40000,P_touch_60pct,0.05655,0.001215181742237212
v5_100k,v5,5. Les deux,100k,100000,14,commune,pess,5,expo_brute,True,0.40102,0.4987282429804,0.0,0.21501,0.17,0.4,4,40000,P_touch_60pct,0.268425,0.004089315346118477
v5_100k,v5,5. Les deux,100k,100000,14,commune,central,5,expo_brute,True,0.40102,0.4987282429804,0.2,0.21501,0.17,0.4,4,40000,P_touch_60pct,0.141825,0.0032907699200440347
v5_100k,v5,5. Les deux,100k,100000,14,commune,opt,5,expo_brute,True,0.40102,0.4987282429804,0.4,0.21501,0.17,0.4,4,40000,P_touch_60pct,0.06257499999999999,0.0019500000000000027
v5_250k,v5,5. Les deux,250k,250000,24,commune,pess,5,expo_brute,True,0.41619,0.5766596986953074,0.0399999999999999,0.21533,0.17,0.4,4,40000,P_touch_60pct,0.27615,0.003679220932027149
v5_250k,v5,5. Les deux,250k,250000,24,commune,central,5,expo_brute,True,0.41619,0.5766596986953074,0.24,0.21533,0.17,0.4,4,40000,P_touch_60pct,0.161225,0.0032448677425538763
v5_250k,v5,5. Les deux,250k,250000,24,commune,opt,5,expo_brute,True,0.41619,0.5766596986953074,0.44,0.21533,0.17,0.4,4,40000,P_touch_60pct,0.0835,0.003765634076752544
v5_1M,v5,5. Les deux,1M,1000000,40,commune,pess,5,expo_brute,True,0.37659,0.7169600892217001,0.07,0.21539,0.17,0.4,4,40000,P_touch_60pct,0.2437,0.002021550560007509
v5_1M,v5,5. Les deux,1M,1000000,40,commune,central,5,expo_brute,True,0.37659,0.7169600892217001,0.27,0.21539,0.17,0.4,4,40000,P_touch_60pct,0.13219999999999998,0.004038976768110126
v5_1M,v5,5. Les deux,1M,1000000,40,commune,opt,5,expo_brute,True,0.37659,0.7169600892217001,0.47,0.21539,0.17,0.4,4,40000,P_touch_60pct,0.061125,0.0018661457606521546
v1_100k,v1,1. Montant fixe,100k,100000,13,commune,pess,10,expo_brute,False,0.066005,0.4987282429804,-0.1670814423220787,0.38963,0.1017170440702665,0.5185111466701455,4,40000,P_touch_60pct,0.9368,0.0026394443859772496
v1_100k,v1,1. Montant fixe,100k,100000,13,commune,central,10,expo_brute,False,0.066005,0.4987282429804,0.0329185576779213,0.38963,0.1017170440702665,0.5185111466701455,4,40000,P_touch_60pct,0.753675,0.001554295124271233
v1_100k,v1,1. Montant fixe,100k,100000,13,commune,opt,10,expo_brute,False,0.066005,0.4987282429804,0.2329185576779213,0.38963,0.1017170440702665,0.5185111466701455,4,40000,P_touch_60pct,0.44232499999999997,0.002623451924468989
v1_250k,v1,1. Montant fixe,250k,250000,21,commune,pess,10,expo_brute,False,-0.01434,0.5766596986953074,-0.2082693000792907,0.37385,0.1017170440702665,0.5010366929812404,4,40000,P_touch_60pct,0.934525,0.003088014464560199
v1_250k,v1,1. Montant fixe,250k,250000,21,commune,central,10,expo_brute,False,-0.01434,0.5766596986953074,-0.0082693000792907,0.37385,0.1017170440702665,0.5010366929812404,4,40000,P_touch_60pct,0.7682249999999999,0.0028087660398592993
v1_250k,v1,1. Montant fixe,250k,250000,21,commune,opt,10,expo_brute,False,-0.01434,0.5766596986953074,0.1917306999207093,0.37385,0.1017170440702665,0.5010366929812404,4,40000,P_touch_60pct,0.482875,0.002632331032880662
v1_1M,v1,1. Montant fixe,1M,1000000,36,commune,pess,10,expo_brute,False,0.014638,0.7169600892217001,-0.1895051382139728,0.34739,0.1017170440702665,0.472670663086934,4,40000,P_touch_60pct,0.8977,0.004578937285732019
v1_1M,v1,1. Montant fixe,1M,1000000,36,commune,central,10,expo_brute,False,0.014638,0.7169600892217001,0.0104948617860272,0.34739,0.1017170440702665,0.472670663086934,4,40000,P_touch_60pct,0.6864750000000001,0.003214939087033137
v1_1M,v1,1. Montant fixe,1M,1000000,36,commune,opt,10,expo_brute,False,0.014638,0.7169600892217001,0.2104948617860272,0.34739,0.1017170440702665,0.472670663086934,4,40000,P_touch_60pct,0.38395,0.0020436894741292194
v2_100k,v2,2. Système actuel,100k,100000,13,commune,pess,10,expo_brute,False,0.25477,0.4987282429804,-0.0729390055358835,0.20601,0.1082974145291847,0.32866995534124,4,40000,P_touch_60pct,0.489875,0.005445104835231986
v2_100k,v2,2. Système actuel,100k,100000,13,commune,central,10,expo_brute,False,0.25477,0.4987282429804,0.1270609944641165,0.20601,0.1082974145291847,0.32866995534124,4,40000,P_touch_60pct,0.221725,0.0027897132469126714
v2_100k,v2,2. Système actuel,100k,100000,13,commune,opt,10,expo_brute,False,0.25477,0.4987282429804,0.3270609944641165,0.20601,0.1082974145291847,0.32866995534124,4,40000,P_touch_60pct,0.065775,0.0017192537140670466
v2_250k,v2,2. Système actuel,250k,250000,21,commune,pess,10,expo_brute,False,0.29366,0.5766596986953074,-0.0306581128811361,0.19482,0.1082974145291847,0.3163901094625428,4,40000,P_touch_60pct,0.406675,0.002179258283606291
v2_250k,v2,2. Système actuel,250k,250000,21,commune,central,10,expo_brute,False,0.29366,0.5766596986953074,0.1693418871188639,0.19482,0.1082974145291847,0.3163901094625428,4,40000,P_touch_60pct,0.182975,0.0018625699092025064
v2_250k,v2,2. Système actuel,250k,250000,21,commune,opt,10,expo_brute,False,0.29366,0.5766596986953074,0.3693418871188639,0.19482,0.1082974145291847,0.3163901094625428,4,40000,P_touch_60pct,0.052775,0.000925112605758528
v2_1M,v2,2. Système actuel,1M,1000000,36,commune,pess,10,expo_brute,False,0.26414,0.7169600892217001,-0.0106221620329802,0.20608,0.1082974145291847,0.3283559130667213,4,40000,P_touch_60pct,0.40947500000000003,0.003535887441647435
v2_1M,v2,2. Système actuel,1M,1000000,36,commune,central,10,expo_brute,False,0.26414,0.7169600892217001,0.1893778379670198,0.20608,0.1082974145291847,0.3283559130667213,4,40000,P_touch_60pct,0.18785000000000002,0.0016421530582338194
v2_1M,v2,2. Système actuel,1M,1000000,36,commune,opt,10,expo_brute,False,0.26414,0.7169600892217001,0.3893778379670198,0.20608,0.1082974145291847,0.3283559130667213,4,40000,P_touch_60pct,0.0557,0.0027202941017470863
v3_100k,v3,3. + stratégie 13,100k,100000,14,commune,pess,10,expo_brute,True,0.284,0.4987282429804,-0.0583611789935664,0.22245,0.1310906565570317,0.3690493561523995,4,40000,P_touch_60pct,0.5325,0.0032238693108333698
v3_100k,v3,3. + stratégie 13,100k,100000,14,commune,central,10,expo_brute,True,0.284,0.4987282429804,0.1416388210064336,0.22245,0.1310906565570317,0.3690493561523995,4,40000,P_touch_60pct,0.274025,0.003352983745859791
v3_100k,v3,3. + stratégie 13,100k,100000,14,commune,opt,10,expo_brute,True,0.284,0.4987282429804,0.3416388210064336,0.22245,0.1310906565570317,0.3690493561523995,4,40000,P_touch_60pct,0.098625,0.0025708299567779006
v3_250k,v3,3. + stratégie 13,250k,250000,22,commune,pess,10,expo_brute,True,0.36765,0.5766596986953074,0.0120089382253296,0.20811,0.1310906565570317,0.3533787724721388,4,40000,P_touch_60pct,0.41745,0.0022098265391956315
v3_250k,v3,3. + stratégie 13,250k,250000,22,commune,central,10,expo_brute,True,0.36765,0.5766596986953074,0.2120089382253297,0.20811,0.1310906565570317,0.3533787724721388,4,40000,P_touch_60pct,0.21165,0.0013820274961085341
v3_250k,v3,3. + stratégie 13,250k,250000,22,commune,opt,10,expo_brute,True,0.36765,0.5766596986953074,0.4120089382253297,0.20811,0.1310906565570317,0.3533787724721388,4,40000,P_touch_60pct,0.078825,0.0015129992289048479
v3_1M,v3,3. + stratégie 13,1M,1000000,37,commune,pess,10,expo_brute,True,0.32045,0.7169600892217001,0.0297498605910936,0.2125,0.1310906565570317,0.3580046265649245,4,40000,P_touch_60pct,0.395825,0.005419947724225124
v3_1M,v3,3. + stratégie 13,1M,1000000,37,commune,central,10,expo_brute,True,0.32045,0.7169600892217001,0.2297498605910937,0.2125,0.1310906565570317,0.3580046265649245,4,40000,P_touch_60pct,0.18705,0.0033916564291409756
v3_1M,v3,3. + stratégie 13,1M,1000000,37,commune,opt,10,expo_brute,True,0.32045,0.7169600892217001,0.4297498605910937,0.2125,0.1310906565570317,0.3580046265649245,4,40000,P_touch_60pct,0.06285,0.0014548768561863513
v4_100k,v4,4. + pilotage du risque,100k,100000,13,commune,pess,10,expo_brute,True,0.39254,0.4987282429804,-0.0042292155004738,0.21286,0.1505511344877443,0.3782512414595131,4,40000,P_touch_60pct,0.456775,0.004509526952279279
v4_100k,v4,4. + pilotage du risque,100k,100000,13,commune,central,10,expo_brute,True,0.39254,0.4987282429804,0.1957707844995262,0.21286,0.1505511344877443,0.3782512414595131,4,40000,P_touch_60pct,0.233675,0.004375976081592156
v4_100k,v4,4. + pilotage du risque,100k,100000,13,commune,opt,10,expo_brute,True,0.39254,0.4987282429804,0.3957707844995262,0.21286,0.1505511344877443,0.3782512414595131,4,40000,P_touch_60pct,0.09920000000000001,0.0028178005607210747
v4_250k,v4,4. + pilotage du risque,250k,250000,23,commune,pess,10,expo_brute,True,0.39268,0.5766596986953074,0.0264427304836732,0.21289,0.1505511344877443,0.3779449021931268,4,40000,P_touch_60pct,0.440025,0.002527680095792719
v4_250k,v4,4. + pilotage du risque,250k,250000,23,commune,central,10,expo_brute,True,0.39268,0.5766596986953074,0.2264427304836733,0.21289,0.1505511344877443,0.3779449021931268,4,40000,P_touch_60pct,0.24982500000000002,0.004410120935605583
v4_250k,v4,4. + pilotage du risque,250k,250000,23,commune,opt,10,expo_brute,True,0.39268,0.5766596986953074,0.4264427304836733,0.21289,0.1505511344877443,0.3779449021931268,4,40000,P_touch_60pct,0.11515,0.002233830790368868
v4_1M,v4,4. + pilotage du risque,1M,1000000,38,commune,pess,10,expo_brute,True,0.37235,0.7169600892217001,0.0669600892216999,0.21464,0.1505511344877443,0.3797502616524224,4,40000,P_touch_60pct,0.3821,0.0018529256146249823
v4_1M,v4,4. + pilotage du risque,1M,1000000,38,commune,central,10,expo_brute,True,0.37235,0.7169600892217001,0.2669600892217,0.21464,0.1505511344877443,0.3797502616524224,4,40000,P_touch_60pct,0.1963,0.003942080668885403
v4_1M,v4,4. + pilotage du risque,1M,1000000,38,commune,opt,10,expo_brute,True,0.37235,0.7169600892217001,0.4669600892217,0.21464,0.1505511344877443,0.3797502616524224,4,40000,P_touch_60pct,0.08082500000000001,0.001806239186818847
v5_100k,v5,5. Les deux,100k,100000,14,commune,pess,10,expo_brute,True,0.40102,0.4987282429804,0.0,0.21501,0.17,0.4,4,40000,P_touch_60pct,0.4607,0.0028959742171964674
v5_100k,v5,5. Les deux,100k,100000,14,commune,central,10,expo_brute,True,0.40102,0.4987282429804,0.2,0.21501,0.17,0.4,4,40000,P_touch_60pct,0.235975,0.0019345542122153165
v5_100k,v5,5. Les deux,100k,100000,14,commune,opt,10,expo_brute,True,0.40102,0.4987282429804,0.4,0.21501,0.17,0.4,4,40000,P_touch_60pct,0.09642500000000001,0.0039322385482063555
v5_250k,v5,5. Les deux,250k,250000,24,commune,pess,10,expo_brute,True,0.41619,0.5766596986953074,0.0399999999999999,0.21533,0.17,0.4,4,40000,P_touch_60pct,0.436425,0.002040220576310318
v5_250k,v5,5. Les deux,250k,250000,24,commune,central,10,expo_brute,True,0.41619,0.5766596986953074,0.24,0.21533,0.17,0.4,4,40000,P_touch_60pct,0.25077499999999997,0.0026424420523447584
v5_250k,v5,5. Les deux,250k,250000,24,commune,opt,10,expo_brute,True,0.41619,0.5766596986953074,0.44,0.21533,0.17,0.4,4,40000,P_touch_60pct,0.119575,0.0035055907728465223
v5_1M,v5,5. Les deux,1M,1000000,40,commune,pess,10,expo_brute,True,0.37659,0.7169600892217001,0.07,0.21539,0.17,0.4,4,40000,P_touch_60pct,0.391925,0.003257171574643637
v5_1M,v5,5. Les deux,1M,1000000,40,commune,central,10,expo_brute,True,0.37659,0.7169600892217001,0.27,0.21539,0.17,0.4,4,40000,P_touch_60pct,0.2059,0.0043289721643826684
v5_1M,v5,5. Les deux,1M,1000000,40,commune,opt,10,expo_brute,True,0.37659,0.7169600892217001,0.47,0.21539,0.17,0.4,4,40000,P_touch_60pct,0.08777499999999999,0.002821790211904497
v1_100k,v1,1. Montant fixe,100k,100000,13,v1v2_sans_selection,pess,5,expo_brute,True,0.066005,0.4987282429804,-0.1588098317415591,0.38963,0.1017170440702665,0.5185111466701455,4,40000,P_touch_60pct,0.77495,0.004601811237617941
v1_100k,v1,1. Montant fixe,100k,100000,13,v1v2_sans_selection,central,5,expo_brute,True,0.066005,0.4987282429804,0.0411901682584409,0.38963,0.1017170440702665,0.5185111466701455,4,40000,P_touch_60pct,0.553675,0.0031372758884101563
v1_100k,v1,1. Montant fixe,100k,100000,13,v1v2_sans_selection,opt,5,expo_brute,True,0.066005,0.4987282429804,0.2411901682584409,0.38963,0.1017170440702665,0.5185111466701455,4,40000,P_touch_60pct,0.307075,0.003891336531321849
v1_250k,v1,1. Montant fixe,250k,250000,21,v1v2_sans_selection,pess,5,expo_brute,True,-0.01434,0.5766596986953074,-0.209786975059468,0.37385,0.1017170440702665,0.5010366929812404,4,40000,P_touch_60pct,0.7792749999999999,0.004993579210679778
v1_250k,v1,1. Montant fixe,250k,250000,21,v1v2_sans_selection,central,5,expo_brute,True,-0.01434,0.5766596986953074,-0.009786975059468,0.37385,0.1017170440702665,0.5010366929812404,4,40000,P_touch_60pct,0.577225,0.004805118798392673
v1_250k,v1,1. Montant fixe,250k,250000,21,v1v2_sans_selection,opt,5,expo_brute,True,-0.01434,0.5766596986953074,0.190213024940532,0.37385,0.1017170440702665,0.5010366929812404,4,40000,P_touch_60pct,0.341025,0.0036998873856736274
v1_1M,v1,1. Montant fixe,1M,1000000,36,v1v2_sans_selection,pess,5,expo_brute,True,0.014638,0.7169600892217001,-0.1884693536604796,0.34739,0.1017170440702665,0.472670663086934,4,40000,P_touch_60pct,0.70585,0.0036134009833765643
v1_1M,v1,1. Montant fixe,1M,1000000,36,v1v2_sans_selection,central,5,expo_brute,True,0.014638,0.7169600892217001,0.0115306463395204,0.34739,0.1017170440702665,0.472670663086934,4,40000,P_touch_60pct,0.4807,0.0042418549401568644
v1_1M,v1,1. Montant fixe,1M,1000000,36,v1v2_sans_selection,opt,5,expo_brute,True,0.014638,0.7169600892217001,0.2115306463395204,0.34739,0.1017170440702665,0.472670663086934,4,40000,P_touch_60pct,0.25925,0.004663689526544404
v2_100k,v2,2. Système actuel,100k,100000,13,v1v2_sans_selection,pess,5,expo_brute,True,0.25477,0.4987282429804,-0.0410117541519126,0.20601,0.1082974145291847,0.32866995534124,4,40000,P_touch_60pct,0.221525,0.002056493779875516
v2_100k,v2,2. Système actuel,100k,100000,13,v1v2_sans_selection,central,5,expo_brute,True,0.25477,0.4987282429804,0.1589882458480874,0.20601,0.1082974145291847,0.32866995534124,4,40000,P_touch_60pct,0.09105,0.0015758595538097034
v2_100k,v2,2. Système actuel,100k,100000,13,v1v2_sans_selection,opt,5,expo_brute,True,0.25477,0.4987282429804,0.3589882458480874,0.20601,0.1082974145291847,0.32866995534124,4,40000,P_touch_60pct,0.027425,0.0017538053863907837
v2_250k,v2,2. Système actuel,250k,250000,21,v1v2_sans_selection,pess,5,expo_brute,True,0.29366,0.5766596986953074,0.0004214153391478,0.19482,0.1082974145291847,0.3163901094625428,4,40000,P_touch_60pct,0.185575,0.0029691469032928327
v2_250k,v2,2. Système actuel,250k,250000,21,v1v2_sans_selection,central,5,expo_brute,True,0.29366,0.5766596986953074,0.2004214153391479,0.19482,0.1082974145291847,0.3163901094625428,4,40000,P_touch_60pct,0.07485,0.0017058722109231973
v2_250k,v2,2. Système actuel,250k,250000,21,v1v2_sans_selection,opt,5,expo_brute,True,0.29366,0.5766596986953074,0.4004214153391479,0.19482,0.1082974145291847,0.3163901094625428,4,40000,P_touch_60pct,0.0211,0.0011690451944500113
v2_1M,v2,2. Système actuel,1M,1000000,36,v1v2_sans_selection,pess,5,expo_brute,True,0.26414,0.7169600892217001,0.0080683784752647,0.20608,0.1082974145291847,0.3283559130667213,4,40000,P_touch_60pct,0.20777500000000002,0.0019207203509794641
v2_1M,v2,2. Système actuel,1M,1000000,36,v1v2_sans_selection,central,5,expo_brute,True,0.26414,0.7169600892217001,0.2080683784752648,0.20608,0.1082974145291847,0.3283559130667213,4,40000,P_touch_60pct,0.088325,0.0017269916039170572
v2_1M,v2,2. Système actuel,1M,1000000,36,v1v2_sans_selection,opt,5,expo_brute,True,0.26414,0.7169600892217001,0.4080683784752648,0.20608,0.1082974145291847,0.3283559130667213,4,40000,P_touch_60pct,0.026125,0.001759498034478393
v3_100k,v3,3. + stratégie 13,100k,100000,14,v1v2_sans_selection,pess,5,expo_brute,False,0.284,0.4987282429804,-0.0583611789935664,0.22245,0.1310906565570317,0.3690493561523995,4,40000,P_touch_60pct,0.30385,0.002798213715926668
v3_100k,v3,3. + stratégie 13,100k,100000,14,v1v2_sans_selection,central,5,expo_brute,False,0.284,0.4987282429804,0.1416388210064336,0.22245,0.1310906565570317,0.3690493561523995,4,40000,P_touch_60pct,0.153625,0.0035036885325801137
v3_100k,v3,3. + stratégie 13,100k,100000,14,v1v2_sans_selection,opt,5,expo_brute,False,0.284,0.4987282429804,0.3416388210064336,0.22245,0.1310906565570317,0.3690493561523995,4,40000,P_touch_60pct,0.058425,0.0015882380174268606
v3_250k,v3,3. + stratégie 13,250k,250000,22,v1v2_sans_selection,pess,5,expo_brute,False,0.36765,0.5766596986953074,0.0120089382253296,0.20811,0.1310906565570317,0.3533787724721388,4,40000,P_touch_60pct,0.241975,0.0018732769861039358
v3_250k,v3,3. + stratégie 13,250k,250000,22,v1v2_sans_selection,central,5,expo_brute,False,0.36765,0.5766596986953074,0.2120089382253297,0.20811,0.1310906565570317,0.3533787724721388,4,40000,P_touch_60pct,0.12040000000000001,0.0021228911104120857
v3_250k,v3,3. + stratégie 13,250k,250000,22,v1v2_sans_selection,opt,5,expo_brute,False,0.36765,0.5766596986953074,0.4120089382253297,0.20811,0.1310906565570317,0.3533787724721388,4,40000,P_touch_60pct,0.048600000000000004,0.0012027745701779185
v3_1M,v3,3. + stratégie 13,1M,1000000,37,v1v2_sans_selection,pess,5,expo_brute,False,0.32045,0.7169600892217001,0.0297498605910936,0.2125,0.1310906565570317,0.3580046265649245,4,40000,P_touch_60pct,0.22725,0.002450170062124947
v3_1M,v3,3. + stratégie 13,1M,1000000,37,v1v2_sans_selection,central,5,expo_brute,False,0.32045,0.7169600892217001,0.2297498605910937,0.2125,0.1310906565570317,0.3580046265649245,4,40000,P_touch_60pct,0.10617499999999999,0.0021093047827819116
v3_1M,v3,3. + stratégie 13,1M,1000000,37,v1v2_sans_selection,opt,5,expo_brute,False,0.32045,0.7169600892217001,0.4297498605910937,0.2125,0.1310906565570317,0.3580046265649245,4,40000,P_touch_60pct,0.03835,0.0010472185381603329
v4_100k,v4,4. + pilotage du risque,100k,100000,13,v1v2_sans_selection,pess,5,expo_brute,False,0.39254,0.4987282429804,-0.0042292155004738,0.21286,0.1505511344877443,0.3782512414595131,4,40000,P_touch_60pct,0.2625,0.0032731228717133814
v4_100k,v4,4. + pilotage du risque,100k,100000,13,v1v2_sans_selection,central,5,expo_brute,False,0.39254,0.4987282429804,0.1957707844995262,0.21286,0.1505511344877443,0.3782512414595131,4,40000,P_touch_60pct,0.138675,0.004109643131303088
v4_100k,v4,4. + pilotage du risque,100k,100000,13,v1v2_sans_selection,opt,5,expo_brute,False,0.39254,0.4987282429804,0.3957707844995262,0.21286,0.1505511344877443,0.3782512414595131,4,40000,P_touch_60pct,0.06559999999999999,0.001816590212458497
v4_250k,v4,4. + pilotage du risque,250k,250000,23,v1v2_sans_selection,pess,5,expo_brute,False,0.39268,0.5766596986953074,0.0264427304836732,0.21289,0.1505511344877443,0.3779449021931268,4,40000,P_touch_60pct,0.272575,0.003730393187498263
v4_250k,v4,4. + pilotage du risque,250k,250000,23,v1v2_sans_selection,central,5,expo_brute,False,0.39268,0.5766596986953074,0.2264427304836733,0.21289,0.1505511344877443,0.3779449021931268,4,40000,P_touch_60pct,0.15689999999999998,0.0029888682361946463
v4_250k,v4,4. + pilotage du risque,250k,250000,23,v1v2_sans_selection,opt,5,expo_brute,False,0.39268,0.5766596986953074,0.4264427304836733,0.21289,0.1505511344877443,0.3779449021931268,4,40000,P_touch_60pct,0.07795,0.0028827070610799206
v4_1M,v4,4. + pilotage du risque,1M,1000000,38,v1v2_sans_selection,pess,5,expo_brute,False,0.37235,0.7169600892217001,0.0669600892216999,0.21464,0.1505511344877443,0.3797502616524224,4,40000,P_touch_60pct,0.233875,0.0029837057495671437
v4_1M,v4,4. + pilotage du risque,1M,1000000,38,v1v2_sans_selection,central,5,expo_brute,False,0.37235,0.7169600892217001,0.2669600892217,0.21464,0.1505511344877443,0.3797502616524224,4,40000,P_touch_60pct,0.124675,0.004515436486837865
v4_1M,v4,4. + pilotage du risque,1M,1000000,38,v1v2_sans_selection,opt,5,expo_brute,False,0.37235,0.7169600892217001,0.4669600892217,0.21464,0.1505511344877443,0.3797502616524224,4,40000,P_touch_60pct,0.05655,0.001215181742237212
v5_100k,v5,5. Les deux,100k,100000,14,v1v2_sans_selection,pess,5,expo_brute,False,0.40102,0.4987282429804,0.0,0.21501,0.17,0.4,4,40000,P_touch_60pct,0.268425,0.004089315346118477
v5_100k,v5,5. Les deux,100k,100000,14,v1v2_sans_selection,central,5,expo_brute,False,0.40102,0.4987282429804,0.2,0.21501,0.17,0.4,4,40000,P_touch_60pct,0.141825,0.0032907699200440347
v5_100k,v5,5. Les deux,100k,100000,14,v1v2_sans_selection,opt,5,expo_brute,False,0.40102,0.4987282429804,0.4,0.21501,0.17,0.4,4,40000,P_touch_60pct,0.06257499999999999,0.0019500000000000027
v5_250k,v5,5. Les deux,250k,250000,24,v1v2_sans_selection,pess,5,expo_brute,False,0.41619,0.5766596986953074,0.0399999999999999,0.21533,0.17,0.4,4,40000,P_touch_60pct,0.27615,0.003679220932027149
v5_250k,v5,5. Les deux,250k,250000,24,v1v2_sans_selection,central,5,expo_brute,False,0.41619,0.5766596986953074,0.24,0.21533,0.17,0.4,4,40000,P_touch_60pct,0.161225,0.0032448677425538763
v5_250k,v5,5. Les deux,250k,250000,24,v1v2_sans_selection,opt,5,expo_brute,False,0.41619,0.5766596986953074,0.44,0.21533,0.17,0.4,4,40000,P_touch_60pct,0.0835,0.003765634076752544
v5_1M,v5,5. Les deux,1M,1000000,40,v1v2_sans_selection,pess,5,expo_brute,False,0.37659,0.7169600892217001,0.07,0.21539,0.17,0.4,4,40000,P_touch_60pct,0.2437,0.002021550560007509
v5_1M,v5,5. Les deux,1M,1000000,40,v1v2_sans_selection,central,5,expo_brute,False,0.37659,0.7169600892217001,0.27,0.21539,0.17,0.4,4,40000,P_touch_60pct,0.13219999999999998,0.004038976768110126
v5_1M,v5,5. Les deux,1M,1000000,40,v1v2_sans_selection,opt,5,expo_brute,False,0.37659,0.7169600892217001,0.47,0.21539,0.17,0.4,4,40000,P_touch_60pct,0.061125,0.0018661457606521546
v1_100k,v1,1. Montant fixe,100k,100000,13,v1v2_sans_selection,pess,10,expo_brute,True,0.066005,0.4987282429804,-0.1588098317415591,0.38963,0.1017170440702665,0.5185111466701455,4,40000,P_touch_60pct,0.9324,0.003003331483536336
v1_100k,v1,1. Montant fixe,100k,100000,13,v1v2_sans_selection,central,10,expo_brute,True,0.066005,0.4987282429804,0.0411901682584409,0.38963,0.1017170440702665,0.5185111466701455,4,40000,P_touch_60pct,0.74265,0.002663956956609228
v1_100k,v1,1. Montant fixe,100k,100000,13,v1v2_sans_selection,opt,10,expo_brute,True,0.066005,0.4987282429804,0.2411901682584409,0.38963,0.1017170440702665,0.5185111466701455,4,40000,P_touch_60pct,0.4289,0.0035674453978535602
v1_250k,v1,1. Montant fixe,250k,250000,21,v1v2_sans_selection,pess,10,expo_brute,True,-0.01434,0.5766596986953074,-0.209786975059468,0.37385,0.1017170440702665,0.5010366929812404,4,40000,P_touch_60pct,0.93515,0.0029591665493288928
v1_250k,v1,1. Montant fixe,250k,250000,21,v1v2_sans_selection,central,10,expo_brute,True,-0.01434,0.5766596986953074,-0.009786975059468,0.37385,0.1017170440702665,0.5010366929812404,4,40000,P_touch_60pct,0.769925,0.002825331838917376
v1_250k,v1,1. Montant fixe,250k,250000,21,v1v2_sans_selection,opt,10,expo_brute,True,-0.01434,0.5766596986953074,0.190213024940532,0.37385,0.1017170440702665,0.5010366929812404,4,40000,P_touch_60pct,0.484875,0.0021344398172198444
v1_1M,v1,1. Montant fixe,1M,1000000,36,v1v2_sans_selection,pess,10,expo_brute,True,0.014638,0.7169600892217001,-0.1884693536604796,0.34739,0.1017170440702665,0.472670663086934,4,40000,P_touch_60pct,0.8968499999999999,0.004410971170464218
v1_1M,v1,1. Montant fixe,1M,1000000,36,v1v2_sans_selection,central,10,expo_brute,True,0.014638,0.7169600892217001,0.0115306463395204,0.34739,0.1017170440702665,0.472670663086934,4,40000,P_touch_60pct,0.685,0.00305068298363926
v1_1M,v1,1. Montant fixe,1M,1000000,36,v1v2_sans_selection,opt,10,expo_brute,True,0.014638,0.7169600892217001,0.2115306463395204,0.34739,0.1017170440702665,0.472670663086934,4,40000,P_touch_60pct,0.38235,0.0019941581348194622
v2_100k,v2,2. Système actuel,100k,100000,13,v1v2_sans_selection,pess,10,expo_brute,True,0.25477,0.4987282429804,-0.0410117541519126,0.20601,0.1082974145291847,0.32866995534124,4,40000,P_touch_60pct,0.444425,0.004482094004666393
v2_100k,v2,2. Système actuel,100k,100000,13,v1v2_sans_selection,central,10,expo_brute,True,0.25477,0.4987282429804,0.1589882458480874,0.20601,0.1082974145291847,0.32866995534124,4,40000,P_touch_60pct,0.1885,0.0017682382946499807
v2_100k,v2,2. Système actuel,100k,100000,13,v1v2_sans_selection,opt,10,expo_brute,True,0.25477,0.4987282429804,0.3589882458480874,0.20601,0.1082974145291847,0.32866995534124,4,40000,P_touch_60pct,0.052125000000000005,0.001152894907034749
v2_250k,v2,2. Système actuel,250k,250000,21,v1v2_sans_selection,pess,10,expo_brute,True,0.29366,0.5766596986953074,0.0004214153391478,0.19482,0.1082974145291847,0.3163901094625428,4,40000,P_touch_60pct,0.367525,0.0035668613654023817
v2_250k,v2,2. Système actuel,250k,250000,21,v1v2_sans_selection,central,10,expo_brute,True,0.29366,0.5766596986953074,0.2004214153391479,0.19482,0.1082974145291847,0.3163901094625428,4,40000,P_touch_60pct,0.1568,0.002815433655170495
v2_250k,v2,2. Système actuel,250k,250000,21,v1v2_sans_selection,opt,10,expo_brute,True,0.29366,0.5766596986953074,0.4004214153391479,0.19482,0.1082974145291847,0.3163901094625428,4,40000,P_touch_60pct,0.0417,0.0011489125293076064
v2_1M,v2,2. Système actuel,1M,1000000,36,v1v2_sans_selection,pess,10,expo_brute,True,0.26414,0.7169600892217001,0.0080683784752647,0.20608,0.1082974145291847,0.3283559130667213,4,40000,P_touch_60pct,0.3871,0.0028809720581775824
v2_1M,v2,2. Système actuel,1M,1000000,36,v1v2_sans_selection,central,10,expo_brute,True,0.26414,0.7169600892217001,0.2080683784752648,0.20608,0.1082974145291847,0.3283559130667213,4,40000,P_touch_60pct,0.17149999999999999,0.0016872067646458335
v2_1M,v2,2. Système actuel,1M,1000000,36,v1v2_sans_selection,opt,10,expo_brute,True,0.26414,0.7169600892217001,0.4080683784752648,0.20608,0.1082974145291847,0.3283559130667213,4,40000,P_touch_60pct,0.048675,0.0024784067462787474
v3_100k,v3,3. + stratégie 13,100k,100000,14,v1v2_sans_selection,pess,10,expo_brute,False,0.284,0.4987282429804,-0.0583611789935664,0.22245,0.1310906565570317,0.3690493561523995,4,40000,P_touch_60pct,0.5325,0.0032238693108333698
v3_100k,v3,3. + stratégie 13,100k,100000,14,v1v2_sans_selection,central,10,expo_brute,False,0.284,0.4987282429804,0.1416388210064336,0.22245,0.1310906565570317,0.3690493561523995,4,40000,P_touch_60pct,0.274025,0.003352983745859791
v3_100k,v3,3. + stratégie 13,100k,100000,14,v1v2_sans_selection,opt,10,expo_brute,False,0.284,0.4987282429804,0.3416388210064336,0.22245,0.1310906565570317,0.3690493561523995,4,40000,P_touch_60pct,0.098625,0.0025708299567779006
v3_250k,v3,3. + stratégie 13,250k,250000,22,v1v2_sans_selection,pess,10,expo_brute,False,0.36765,0.5766596986953074,0.0120089382253296,0.20811,0.1310906565570317,0.3533787724721388,4,40000,P_touch_60pct,0.41745,0.0022098265391956315
v3_250k,v3,3. + stratégie 13,250k,250000,22,v1v2_sans_selection,central,10,expo_brute,False,0.36765,0.5766596986953074,0.2120089382253297,0.20811,0.1310906565570317,0.3533787724721388,4,40000,P_touch_60pct,0.21165,0.0013820274961085341
v3_250k,v3,3. + stratégie 13,250k,250000,22,v1v2_sans_selection,opt,10,expo_brute,False,0.36765,0.5766596986953074,0.4120089382253297,0.20811,0.1310906565570317,0.3533787724721388,4,40000,P_touch_60pct,0.078825,0.0015129992289048479
v3_1M,v3,3. + stratégie 13,1M,1000000,37,v1v2_sans_selection,pess,10,expo_brute,False,0.32045,0.7169600892217001,0.0297498605910936,0.2125,0.1310906565570317,0.3580046265649245,4,40000,P_touch_60pct,0.395825,0.005419947724225124
v3_1M,v3,3. + stratégie 13,1M,1000000,37,v1v2_sans_selection,central,10,expo_brute,False,0.32045,0.7169600892217001,0.2297498605910937,0.2125,0.1310906565570317,0.3580046265649245,4,40000,P_touch_60pct,0.18705,0.0033916564291409756
v3_1M,v3,3. + stratégie 13,1M,1000000,37,v1v2_sans_selection,opt,10,expo_brute,False,0.32045,0.7169600892217001,0.4297498605910937,0.2125,0.1310906565570317,0.3580046265649245,4,40000,P_touch_60pct,0.06285,0.0014548768561863513
v4_100k,v4,4. + pilotage du risque,100k,100000,13,v1v2_sans_selection,pess,10,expo_brute,False,0.39254,0.4987282429804,-0.0042292155004738,0.21286,0.1505511344877443,0.3782512414595131,4,40000,P_touch_60pct,0.456775,0.004509526952279279
v4_100k,v4,4. + pilotage du risque,100k,100000,13,v1v2_sans_selection,central,10,expo_brute,False,0.39254,0.4987282429804,0.1957707844995262,0.21286,0.1505511344877443,0.3782512414595131,4,40000,P_touch_60pct,0.233675,0.004375976081592156
v4_100k,v4,4. + pilotage du risque,100k,100000,13,v1v2_sans_selection,opt,10,expo_brute,False,0.39254,0.4987282429804,0.3957707844995262,0.21286,0.1505511344877443,0.3782512414595131,4,40000,P_touch_60pct,0.09920000000000001,0.0028178005607210747
v4_250k,v4,4. + pilotage du risque,250k,250000,23,v1v2_sans_selection,pess,10,expo_brute,False,0.39268,0.5766596986953074,0.0264427304836732,0.21289,0.1505511344877443,0.3779449021931268,4,40000,P_touch_60pct,0.440025,0.002527680095792719
v4_250k,v4,4. + pilotage du risque,250k,250000,23,v1v2_sans_selection,central,10,expo_brute,False,0.39268,0.5766596986953074,0.2264427304836733,0.21289,0.1505511344877443,0.3779449021931268,4,40000,P_touch_60pct,0.24982500000000002,0.004410120935605583
v4_250k,v4,4. + pilotage du risque,250k,250000,23,v1v2_sans_selection,opt,10,expo_brute,False,0.39268,0.5766596986953074,0.4264427304836733,0.21289,0.1505511344877443,0.3779449021931268,4,40000,P_touch_60pct,0.11515,0.002233830790368868
v4_1M,v4,4. + pilotage du risque,1M,1000000,38,v1v2_sans_selection,pess,10,expo_brute,False,0.37235,0.7169600892217001,0.0669600892216999,0.21464,0.1505511344877443,0.3797502616524224,4,40000,P_touch_60pct,0.3821,0.0018529256146249823
v4_1M,v4,4. + pilotage du risque,1M,1000000,38,v1v2_sans_selection,central,10,expo_brute,False,0.37235,0.7169600892217001,0.2669600892217,0.21464,0.1505511344877443,0.3797502616524224,4,40000,P_touch_60pct,0.1963,0.003942080668885403
v4_1M,v4,4. + pilotage du risque,1M,1000000,38,v1v2_sans_selection,opt,10,expo_brute,False,0.37235,0.7169600892217001,0.4669600892217,0.21464,0.1505511344877443,0.3797502616524224,4,40000,P_touch_60pct,0.08082500000000001,0.001806239186818847
v5_100k,v5,5. Les deux,100k,100000,14,v1v2_sans_selection,pess,10,expo_brute,False,0.40102,0.4987282429804,0.0,0.21501,0.17,0.4,4,40000,P_touch_60pct,0.4607,0.0028959742171964674
v5_100k,v5,5. Les deux,100k,100000,14,v1v2_sans_selection,central,10,expo_brute,False,0.40102,0.4987282429804,0.2,0.21501,0.17,0.4,4,40000,P_touch_60pct,0.235975,0.0019345542122153165
v5_100k,v5,5. Les deux,100k,100000,14,v1v2_sans_selection,opt,10,expo_brute,False,0.40102,0.4987282429804,0.4,0.21501,0.17,0.4,4,40000,P_touch_60pct,0.09642500000000001,0.0039322385482063555
v5_250k,v5,5. Les deux,250k,250000,24,v1v2_sans_selection,pess,10,expo_brute,False,0.41619,0.5766596986953074,0.0399999999999999,0.21533,0.17,0.4,4,40000,P_touch_60pct,0.436425,0.002040220576310318
v5_250k,v5,5. Les deux,250k,250000,24,v1v2_sans_selection,central,10,expo_brute,False,0.41619,0.5766596986953074,0.24,0.21533,0.17,0.4,4,40000,P_touch_60pct,0.25077499999999997,0.0026424420523447584
v5_250k,v5,5. Les deux,250k,250000,24,v1v2_sans_selection,opt,10,expo_brute,False,0.41619,0.5766596986953074,0.44,0.21533,0.17,0.4,4,40000,P_touch_60pct,0.119575,0.0035055907728465223
v5_1M,v5,5. Les deux,1M,1000000,40,v1v2_sans_selection,pess,10,expo_brute,False,0.37659,0.7169600892217001,0.07,0.21539,0.17,0.4,4,40000,P_touch_60pct,0.391925,0.003257171574643637
v5_1M,v5,5. Les deux,1M,1000000,40,v1v2_sans_selection,central,10,expo_brute,False,0.37659,0.7169600892217001,0.27,0.21539,0.17,0.4,4,40000,P_touch_60pct,0.2059,0.0043289721643826684
v5_1M,v5,5. Les deux,1M,1000000,40,v1v2_sans_selection,opt,10,expo_brute,False,0.37659,0.7169600892217001,0.47,0.21539,0.17,0.4,4,40000,P_touch_60pct,0.08777499999999999,0.002821790211904497
v1_100k,v1,1. Montant fixe,100k,100000,13,commune,central,5,marge_contrats,False,0.066005,0.4987282429804,0.0329185576779213,0.38963,0.18356,0.6003541025998791,4,40000,P_touch_60pct,0.568925,0.0038482680086847844
v1_250k,v1,1. Montant fixe,250k,250000,21,commune,central,5,marge_contrats,False,-0.01434,0.5766596986953074,-0.0082693000792907,0.37385,0.17136,0.5706796489109739,4,40000,P_touch_60pct,0.5804,0.005165268628058012
v1_1M,v1,1. Montant fixe,1M,1000000,36,commune,central,5,marge_contrats,False,0.014638,0.7169600892217001,0.0104948617860272,0.34739,0.16591,0.5368636190166675,4,40000,P_touch_60pct,0.4862,0.003899572626156201
v2_100k,v2,2. Système actuel,100k,100000,13,commune,central,5,marge_contrats,False,0.25477,0.4987282429804,0.1270609944641165,0.20601,0.10646,0.3268325408120552,4,40000,P_touch_60pct,0.1066,0.0013735598518690997
v2_250k,v2,2. Système actuel,250k,250000,21,commune,central,5,marge_contrats,False,0.29366,0.5766596986953074,0.1693418871188639,0.19482,0.11062,0.3187126949333581,4,40000,P_touch_60pct,0.08835,0.0018156725108528409
v2_1M,v2,2. Système actuel,1M,1000000,36,commune,central,5,marge_contrats,False,0.26414,0.7169600892217001,0.1893778379670198,0.20608,0.11957,0.3396284985375365,4,40000,P_touch_60pct,0.097425,0.0024032963473806855
v3_100k,v3,3. + stratégie 13,100k,100000,14,commune,central,5,marge_contrats,False,0.284,0.4987282429804,0.1416388210064336,0.22245,0.12293,0.3608886995953677,4,40000,P_touch_60pct,0.1532,0.003639597047293382
v3_250k,v3,3. + stratégie 13,250k,250000,22,commune,central,5,marge_contrats,False,0.36765,0.5766596986953074,0.2120089382253297,0.20811,0.12633,0.348618115915107,4,40000,P_touch_60pct,0.120175,0.0021792582836063033
v3_1M,v3,3. + stratégie 13,1M,1000000,37,commune,central,5,marge_contrats,False,0.32045,0.7169600892217001,0.2297498605910937,0.2125,0.13419,0.3611039700078927,4,40000,P_touch_60pct,0.1063,0.002070426687102601
v4_100k,v4,4. + pilotage du risque,100k,100000,13,commune,central,5,marge_contrats,False,0.39254,0.4987282429804,0.1957707844995262,0.21286,0.1175,0.3452001069717687,4,40000,P_touch_60pct,0.137275,0.003713376720273156
v4_250k,v4,4. + pilotage du risque,250k,250000,23,commune,central,5,marge_contrats,False,0.39268,0.5766596986953074,0.2264427304836733,0.21289,0.13386,0.3612537677053824,4,40000,P_touch_60pct,0.156125,0.0028605069480775666
v4_1M,v4,4. + pilotage du risque,1M,1000000,38,commune,central,5,marge_contrats,False,0.37235,0.7169600892217001,0.2669600892217,0.21464,0.1405,0.369699127164678,4,40000,P_touch_60pct,0.124125,0.004325409421854384
v5_100k,v5,5. Les deux,100k,100000,14,commune,central,5,marge_contrats,False,0.40102,0.4987282429804,0.2,0.21501,0.12384,0.35384,4,40000,P_touch_60pct,0.13935,0.003511409973215887
v5_250k,v5,5. Les deux,250k,250000,24,commune,central,5,marge_contrats,False,0.41619,0.5766596986953074,0.24,0.21533,0.14192,0.37192,4,40000,P_touch_60pct,0.16015000000000001,0.003313105290609804
v5_1M,v5,5. Les deux,1M,1000000,40,commune,central,5,marge_contrats,False,0.37659,0.7169600892217001,0.27,0.21539,0.14745,0.37745,4,40000,P_touch_60pct,0.13125,0.004109744517606905
v1_100k,v1,1. Montant fixe,100k,100000,13,commune,central,10,marge_contrats,False,0.066005,0.4987282429804,0.0329185576779213,0.38963,0.18356,0.6003541025998791,4,40000,P_touch_60pct,0.759725,0.0014974979131872257
v1_250k,v1,1. Montant fixe,250k,250000,21,commune,central,10,marge_contrats,False,-0.01434,0.5766596986953074,-0.0082693000792907,0.37385,0.17136,0.5706796489109739,4,40000,P_touch_60pct,0.773,0.002935983651180587
v1_1M,v1,1. Montant fixe,1M,1000000,36,commune,central,10,marge_contrats,False,0.014638,0.7169600892217001,0.0104948617860272,0.34739,0.16591,0.5368636190166675,4,40000,P_touch_60pct,0.69225,0.002774286695110442
v2_100k,v2,2. Système actuel,100k,100000,13,commune,central,10,marge_contrats,False,0.25477,0.4987282429804,0.1270609944641165,0.20601,0.10646,0.3268325408120552,4,40000,P_touch_60pct,0.221525,0.002805203498262942
v2_250k,v2,2. Système actuel,250k,250000,21,commune,central,10,marge_contrats,False,0.29366,0.5766596986953074,0.1693418871188639,0.19482,0.11062,0.3187126949333581,4,40000,P_touch_60pct,0.183125,0.0018300728582946295
v2_1M,v2,2. Système actuel,1M,1000000,36,commune,central,10,marge_contrats,False,0.26414,0.7169600892217001,0.1893778379670198,0.20608,0.11957,0.3396284985375365,4,40000,P_touch_60pct,0.18885,0.0018770544300401343
v3_100k,v3,3. + stratégie 13,100k,100000,14,commune,central,10,marge_contrats,False,0.284,0.4987282429804,0.1416388210064336,0.22245,0.12293,0.3608886995953677,4,40000,P_touch_60pct,0.2731,0.0032994949108411517
v3_250k,v3,3. + stratégie 13,250k,250000,22,commune,central,10,marge_contrats,False,0.36765,0.5766596986953074,0.2120089382253297,0.20811,0.12633,0.348618115915107,4,40000,P_touch_60pct,0.21125,0.001330413469564997
v3_1M,v3,3. + stratégie 13,1M,1000000,37,commune,central,10,marge_contrats,False,0.32045,0.7169600892217001,0.2297498605910937,0.2125,0.13419,0.3611039700078927,4,40000,P_touch_60pct,0.18732500000000002,0.003305929017185135
v4_100k,v4,4. + pilotage du risque,100k,100000,13,commune,central,10,marge_contrats,False,0.39254,0.4987282429804,0.1957707844995262,0.21286,0.1175,0.3452001069717687,4,40000,P_touch_60pct,0.230875,0.004391943381541546
v4_250k,v4,4. + pilotage du risque,250k,250000,23,commune,central,10,marge_contrats,False,0.39268,0.5766596986953074,0.2264427304836733,0.21289,0.13386,0.3612537677053824,4,40000,P_touch_60pct,0.248675,0.004231922337031573
v4_1M,v4,4. + pilotage du risque,1M,1000000,38,commune,central,10,marge_contrats,False,0.37235,0.7169600892217001,0.2669600892217,0.21464,0.1405,0.369699127164678,4,40000,P_touch_60pct,0.195575,0.003671852393547432
v5_100k,v5,5. Les deux,100k,100000,14,commune,central,10,marge_contrats,False,0.40102,0.4987282429804,0.2,0.21501,0.12384,0.35384,4,40000,P_touch_60pct,0.23125,0.0020744477176668774
v5_250k,v5,5. Les deux,250k,250000,24,commune,central,10,marge_contrats,False,0.41619,0.5766596986953074,0.24,0.21533,0.14192,0.37192,4,40000,P_touch_60pct,0.248475,0.002582472975011862
v5_1M,v5,5. Les deux,1M,1000000,40,commune,central,10,marge_contrats,False,0.37659,0.7169600892217001,0.27,0.21539,0.14745,0.37745,4,40000,P_touch_60pct,0.2041,0.004097966975627471
