key,variant,variant_name,capital_usd,execution,period,n_markets,metric,value
v1_100k,v1,1. Montant fixe,100000,same_close,2000-2026,13,cagr_excess,-0.0097074
v1_100k,v1,1. Montant fixe,100000,same_close,2010-2026,13,cagr_excess,-0.037519
v1_100k,v1,1. Montant fixe,100000,same_close,2015-2026,13,cagr_excess,-0.065555
v1_100k,v1,1. Montant fixe,100000,same_close,2023-07_2026-07,13,cagr_excess,-0.16096
v1_100k,v1,1. Montant fixe,100000,half_day_lag,2000-2026,13,cagr_excess,-0.0018509
v1_100k,v1,1. Montant fixe,100000,half_day_lag,2010-2026,13,cagr_excess,-0.032242
v1_100k,v1,1. Montant fixe,100000,half_day_lag,2015-2026,13,cagr_excess,-0.059253
v1_100k,v1,1. Montant fixe,100000,half_day_lag,2023-07_2026-07,13,cagr_excess,-0.15661
v1_250k,v1,1. Montant fixe,250000,same_close,2000-2026,21,cagr_excess,0.016571
v1_250k,v1,1. Montant fixe,250000,same_close,2010-2026,21,cagr_excess,-0.051982
v1_250k,v1,1. Montant fixe,250000,same_close,2015-2026,21,cagr_excess,-0.059505
v1_250k,v1,1. Montant fixe,250000,same_close,2023-07_2026-07,21,cagr_excess,-0.19916
v1_250k,v1,1. Montant fixe,250000,half_day_lag,2000-2026,21,cagr_excess,0.019278
v1_250k,v1,1. Montant fixe,250000,half_day_lag,2010-2026,21,cagr_excess,-0.049061
v1_250k,v1,1. Montant fixe,250000,half_day_lag,2015-2026,21,cagr_excess,-0.05666
v1_250k,v1,1. Montant fixe,250000,half_day_lag,2023-07_2026-07,21,cagr_excess,-0.19393
v1_1M,v1,1. Montant fixe,1000000,same_close,2000-2026,36,cagr_excess,0.027547
v1_1M,v1,1. Montant fixe,1000000,same_close,2010-2026,36,cagr_excess,-0.0375
v1_1M,v1,1. Montant fixe,1000000,same_close,2015-2026,36,cagr_excess,-0.061265
v1_1M,v1,1. Montant fixe,1000000,same_close,2023-07_2026-07,36,cagr_excess,-0.1474
v1_1M,v1,1. Montant fixe,1000000,half_day_lag,2000-2026,36,cagr_excess,0.030901
v1_1M,v1,1. Montant fixe,1000000,half_day_lag,2010-2026,36,cagr_excess,-0.033733
v1_1M,v1,1. Montant fixe,1000000,half_day_lag,2015-2026,36,cagr_excess,-0.058754
v1_1M,v1,1. Montant fixe,1000000,half_day_lag,2023-07_2026-07,36,cagr_excess,-0.14444
v2_100k,v2,2. Systeme actuel,100000,same_close,2000-2026,13,cagr_excess,0.067773
v2_100k,v2,2. Systeme actuel,100000,same_close,2010-2026,13,cagr_excess,0.029765
v2_100k,v2,2. Systeme actuel,100000,same_close,2015-2026,13,cagr_excess,0.0090792
v2_100k,v2,2. Systeme actuel,100000,same_close,2023-07_2026-07,13,cagr_excess,-0.0033255
v2_100k,v2,2. Systeme actuel,100000,half_day_lag,2000-2026,13,cagr_excess,0.068088
v2_100k,v2,2. Systeme actuel,100000,half_day_lag,2010-2026,13,cagr_excess,0.031028
v2_100k,v2,2. Systeme actuel,100000,half_day_lag,2015-2026,13,cagr_excess,0.0097739
v2_100k,v2,2. Systeme actuel,100000,half_day_lag,2023-07_2026-07,13,cagr_excess,-0.0008687
v2_250k,v2,2. Systeme actuel,250000,same_close,2000-2026,21,cagr_excess,0.09179
v2_250k,v2,2. Systeme actuel,250000,same_close,2010-2026,21,cagr_excess,0.036329
v2_250k,v2,2. Systeme actuel,250000,same_close,2015-2026,21,cagr_excess,0.029325
v2_250k,v2,2. Systeme actuel,250000,same_close,2023-07_2026-07,21,cagr_excess,-0.060341
v2_250k,v2,2. Systeme actuel,250000,half_day_lag,2000-2026,21,cagr_excess,0.092985
v2_250k,v2,2. Systeme actuel,250000,half_day_lag,2010-2026,21,cagr_excess,0.037206
v2_250k,v2,2. Systeme actuel,250000,half_day_lag,2015-2026,21,cagr_excess,0.030639
v2_250k,v2,2. Systeme actuel,250000,half_day_lag,2023-07_2026-07,21,cagr_excess,-0.058937
v2_1M,v2,2. Systeme actuel,1000000,same_close,2000-2026,36,cagr_excess,0.096614
v2_1M,v2,2. Systeme actuel,1000000,same_close,2010-2026,36,cagr_excess,0.032011
v2_1M,v2,2. Systeme actuel,1000000,same_close,2015-2026,36,cagr_excess,0.021982
v2_1M,v2,2. Systeme actuel,1000000,same_close,2023-07_2026-07,36,cagr_excess,-0.066827
v2_1M,v2,2. Systeme actuel,1000000,half_day_lag,2000-2026,36,cagr_excess,0.096162
v2_1M,v2,2. Systeme actuel,1000000,half_day_lag,2010-2026,36,cagr_excess,0.03272
v2_1M,v2,2. Systeme actuel,1000000,half_day_lag,2015-2026,36,cagr_excess,0.022998
v2_1M,v2,2. Systeme actuel,1000000,half_day_lag,2023-07_2026-07,36,cagr_excess,-0.067447
v3_100k,v3,3. + strategie 13,100000,same_close,2000-2026,14,cagr_excess,0.083972
v3_100k,v3,3. + strategie 13,100000,same_close,2010-2026,14,cagr_excess,0.040431
v3_100k,v3,3. + strategie 13,100000,same_close,2015-2026,14,cagr_excess,0.023885
v3_100k,v3,3. + strategie 13,100000,same_close,2023-07_2026-07,14,cagr_excess,0.0069518
v3_100k,v3,3. + strategie 13,100000,half_day_lag,2000-2026,14,cagr_excess,0.08092
v3_100k,v3,3. + strategie 13,100000,half_day_lag,2010-2026,14,cagr_excess,0.038841
v3_100k,v3,3. + strategie 13,100000,half_day_lag,2015-2026,14,cagr_excess,0.020041
v3_100k,v3,3. + strategie 13,100000,half_day_lag,2023-07_2026-07,14,cagr_excess,0.0044891
v3_250k,v3,3. + strategie 13,250000,same_close,2000-2026,22,cagr_excess,0.11529
v3_250k,v3,3. + strategie 13,250000,same_close,2010-2026,22,cagr_excess,0.056777
v3_250k,v3,3. + strategie 13,250000,same_close,2015-2026,22,cagr_excess,0.048088
v3_250k,v3,3. + strategie 13,250000,same_close,2023-07_2026-07,22,cagr_excess,-0.063794
v3_250k,v3,3. + strategie 13,250000,half_day_lag,2000-2026,22,cagr_excess,0.11361
v3_250k,v3,3. + strategie 13,250000,half_day_lag,2010-2026,22,cagr_excess,0.054912
v3_250k,v3,3. + strategie 13,250000,half_day_lag,2015-2026,22,cagr_excess,0.045626
v3_250k,v3,3. + strategie 13,250000,half_day_lag,2023-07_2026-07,22,cagr_excess,-0.064801
v3_1M,v3,3. + strategie 13,1000000,same_close,2000-2026,37,cagr_excess,0.11765
v3_1M,v3,3. + strategie 13,1000000,same_close,2010-2026,37,cagr_excess,0.046924
v3_1M,v3,3. + strategie 13,1000000,same_close,2015-2026,37,cagr_excess,0.044707
v3_1M,v3,3. + strategie 13,1000000,same_close,2023-07_2026-07,37,cagr_excess,-0.048996
v3_1M,v3,3. + strategie 13,1000000,half_day_lag,2000-2026,37,cagr_excess,0.11608
v3_1M,v3,3. + strategie 13,1000000,half_day_lag,2010-2026,37,cagr_excess,0.046039
v3_1M,v3,3. + strategie 13,1000000,half_day_lag,2015-2026,37,cagr_excess,0.042983
v3_1M,v3,3. + strategie 13,1000000,half_day_lag,2023-07_2026-07,37,cagr_excess,-0.05034
v4_100k,v4,4. + pilotage du risque,100000,same_close,2000-2026,13,cagr_excess,0.093503
v4_100k,v4,4. + pilotage du risque,100000,same_close,2010-2026,13,cagr_excess,0.058764
v4_100k,v4,4. + pilotage du risque,100000,same_close,2015-2026,13,cagr_excess,0.020857
v4_100k,v4,4. + pilotage du risque,100000,same_close,2023-07_2026-07,13,cagr_excess,0.04182
v4_100k,v4,4. + pilotage du risque,100000,half_day_lag,2000-2026,13,cagr_excess,0.0971
v4_100k,v4,4. + pilotage du risque,100000,half_day_lag,2010-2026,13,cagr_excess,0.063396
v4_100k,v4,4. + pilotage du risque,100000,half_day_lag,2015-2026,13,cagr_excess,0.024745
v4_100k,v4,4. + pilotage du risque,100000,half_day_lag,2023-07_2026-07,13,cagr_excess,0.039714
v4_250k,v4,4. + pilotage du risque,250000,same_close,2000-2026,23,cagr_excess,0.12109
v4_250k,v4,4. + pilotage du risque,250000,same_close,2010-2026,23,cagr_excess,0.064143
v4_250k,v4,4. + pilotage du risque,250000,same_close,2015-2026,23,cagr_excess,0.044433
v4_250k,v4,4. + pilotage du risque,250000,same_close,2023-07_2026-07,23,cagr_excess,-0.086341
v4_250k,v4,4. + pilotage du risque,250000,half_day_lag,2000-2026,23,cagr_excess,0.12271
v4_250k,v4,4. + pilotage du risque,250000,half_day_lag,2010-2026,23,cagr_excess,0.063632
v4_250k,v4,4. + pilotage du risque,250000,half_day_lag,2015-2026,23,cagr_excess,0.043839
v4_250k,v4,4. + pilotage du risque,250000,half_day_lag,2023-07_2026-07,23,cagr_excess,-0.094519
v4_1M,v4,4. + pilotage du risque,1000000,same_close,2000-2026,38,cagr_excess,0.12143
v4_1M,v4,4. + pilotage du risque,1000000,same_close,2010-2026,38,cagr_excess,0.064261
v4_1M,v4,4. + pilotage du risque,1000000,same_close,2015-2026,38,cagr_excess,0.0338
v4_1M,v4,4. + pilotage du risque,1000000,same_close,2023-07_2026-07,38,cagr_excess,-0.054614
v4_1M,v4,4. + pilotage du risque,1000000,half_day_lag,2000-2026,38,cagr_excess,0.11828
v4_1M,v4,4. + pilotage du risque,1000000,half_day_lag,2010-2026,38,cagr_excess,0.059213
v4_1M,v4,4. + pilotage du risque,1000000,half_day_lag,2015-2026,38,cagr_excess,0.029952
v4_1M,v4,4. + pilotage du risque,1000000,half_day_lag,2023-07_2026-07,38,cagr_excess,-0.060354
v5_100k,v5,5. Les deux,100000,same_close,2000-2026,14,cagr_excess,0.10522
v5_100k,v5,5. Les deux,100000,same_close,2010-2026,14,cagr_excess,0.067168
v5_100k,v5,5. Les deux,100000,same_close,2015-2026,14,cagr_excess,0.045784
v5_100k,v5,5. Les deux,100000,same_close,2023-07_2026-07,14,cagr_excess,0.062835
v5_100k,v5,5. Les deux,100000,half_day_lag,2000-2026,14,cagr_excess,0.10308
v5_100k,v5,5. Les deux,100000,half_day_lag,2010-2026,14,cagr_excess,0.066338
v5_100k,v5,5. Les deux,100000,half_day_lag,2015-2026,14,cagr_excess,0.04403
v5_100k,v5,5. Les deux,100000,half_day_lag,2023-07_2026-07,14,cagr_excess,0.059966
v5_250k,v5,5. Les deux,250000,same_close,2000-2026,24,cagr_excess,0.13646
v5_250k,v5,5. Les deux,250000,same_close,2010-2026,24,cagr_excess,0.070868
v5_250k,v5,5. Les deux,250000,same_close,2015-2026,24,cagr_excess,0.047241
v5_250k,v5,5. Les deux,250000,same_close,2023-07_2026-07,24,cagr_excess,-0.086766
v5_250k,v5,5. Les deux,250000,half_day_lag,2000-2026,24,cagr_excess,0.13413
v5_250k,v5,5. Les deux,250000,half_day_lag,2010-2026,24,cagr_excess,0.070128
v5_250k,v5,5. Les deux,250000,half_day_lag,2015-2026,24,cagr_excess,0.044673
v5_250k,v5,5. Les deux,250000,half_day_lag,2023-07_2026-07,24,cagr_excess,-0.090163
v5_1M,v5,5. Les deux,1000000,same_close,2000-2026,40,cagr_excess,0.13805
v5_1M,v5,5. Les deux,1000000,same_close,2010-2026,40,cagr_excess,0.063512
v5_1M,v5,5. Les deux,1000000,same_close,2015-2026,40,cagr_excess,0.049685
v5_1M,v5,5. Les deux,1000000,same_close,2023-07_2026-07,40,cagr_excess,-0.046913
v5_1M,v5,5. Les deux,1000000,half_day_lag,2000-2026,40,cagr_excess,0.13617
v5_1M,v5,5. Les deux,1000000,half_day_lag,2010-2026,40,cagr_excess,0.060829
v5_1M,v5,5. Les deux,1000000,half_day_lag,2015-2026,40,cagr_excess,0.04531
v5_1M,v5,5. Les deux,1000000,half_day_lag,2023-07_2026-07,40,cagr_excess,-0.051003
v1_100k,v1,1. Montant fixe,100000,same_close,2000-2026,13,cagr_total_tbill,0.0095339
v1_100k,v1,1. Montant fixe,100000,same_close,2010-2026,13,cagr_total_tbill,-0.023386
v1_100k,v1,1. Montant fixe,100000,same_close,2015-2026,13,cagr_total_tbill,-0.046119
v1_100k,v1,1. Montant fixe,100000,same_close,2023-07_2026-07,13,cagr_total_tbill,-0.12232
v1_100k,v1,1. Montant fixe,100000,half_day_lag,2000-2026,13,cagr_total_tbill,0.017543
v1_100k,v1,1. Montant fixe,100000,half_day_lag,2010-2026,13,cagr_total_tbill,-0.018032
v1_100k,v1,1. Montant fixe,100000,half_day_lag,2015-2026,13,cagr_total_tbill,-0.039685
v1_100k,v1,1. Montant fixe,100000,half_day_lag,2023-07_2026-07,13,cagr_total_tbill,-0.11777
v1_250k,v1,1. Montant fixe,250000,same_close,2000-2026,21,cagr_total_tbill,0.03632
v1_250k,v1,1. Montant fixe,250000,same_close,2010-2026,21,cagr_total_tbill,-0.03806
v1_250k,v1,1. Montant fixe,250000,same_close,2015-2026,21,cagr_total_tbill,-0.03994
v1_250k,v1,1. Montant fixe,250000,same_close,2023-07_2026-07,21,cagr_total_tbill,-0.16227
v1_250k,v1,1. Montant fixe,250000,half_day_lag,2000-2026,21,cagr_total_tbill,0.039079
v1_250k,v1,1. Montant fixe,250000,half_day_lag,2010-2026,21,cagr_total_tbill,-0.035096
v1_250k,v1,1. Montant fixe,250000,half_day_lag,2015-2026,21,cagr_total_tbill,-0.037037
v1_250k,v1,1. Montant fixe,250000,half_day_lag,2023-07_2026-07,21,cagr_total_tbill,-0.1568
v1_1M,v1,1. Montant fixe,1000000,same_close,2000-2026,36,cagr_total_tbill,0.047506
v1_1M,v1,1. Montant fixe,1000000,same_close,2010-2026,36,cagr_total_tbill,-0.023368
v1_1M,v1,1. Montant fixe,1000000,same_close,2015-2026,36,cagr_total_tbill,-0.041741
v1_1M,v1,1. Montant fixe,1000000,same_close,2023-07_2026-07,36,cagr_total_tbill,-0.10814
v1_1M,v1,1. Montant fixe,1000000,half_day_lag,2000-2026,36,cagr_total_tbill,0.050925
v1_1M,v1,1. Montant fixe,1000000,half_day_lag,2010-2026,36,cagr_total_tbill,-0.019545
v1_1M,v1,1. Montant fixe,1000000,half_day_lag,2015-2026,36,cagr_total_tbill,-0.039178
v1_1M,v1,1. Montant fixe,1000000,half_day_lag,2023-07_2026-07,36,cagr_total_tbill,-0.10504
v2_100k,v2,2. Systeme actuel,100000,same_close,2000-2026,13,cagr_total_tbill,0.088508
v2_100k,v2,2. Systeme actuel,100000,same_close,2010-2026,13,cagr_total_tbill,0.044876
v2_100k,v2,2. Systeme actuel,100000,same_close,2015-2026,13,cagr_total_tbill,0.030053
v2_100k,v2,2. Systeme actuel,100000,same_close,2023-07_2026-07,13,cagr_total_tbill,0.042547
v2_100k,v2,2. Systeme actuel,100000,half_day_lag,2000-2026,13,cagr_total_tbill,0.088829
v2_100k,v2,2. Systeme actuel,100000,half_day_lag,2010-2026,13,cagr_total_tbill,0.046157
v2_100k,v2,2. Systeme actuel,100000,half_day_lag,2015-2026,13,cagr_total_tbill,0.030763
v2_100k,v2,2. Systeme actuel,100000,half_day_lag,2023-07_2026-07,13,cagr_total_tbill,0.045116
v2_250k,v2,2. Systeme actuel,250000,same_close,2000-2026,21,cagr_total_tbill,0.11299
v2_250k,v2,2. Systeme actuel,250000,same_close,2010-2026,21,cagr_total_tbill,0.051538
v2_250k,v2,2. Systeme actuel,250000,same_close,2015-2026,21,cagr_total_tbill,0.050723
v2_250k,v2,2. Systeme actuel,250000,same_close,2023-07_2026-07,21,cagr_total_tbill,-0.017085
v2_250k,v2,2. Systeme actuel,250000,half_day_lag,2000-2026,21,cagr_total_tbill,0.11421
v2_250k,v2,2. Systeme actuel,250000,half_day_lag,2010-2026,21,cagr_total_tbill,0.052429
v2_250k,v2,2. Systeme actuel,250000,half_day_lag,2015-2026,21,cagr_total_tbill,0.052065
v2_250k,v2,2. Systeme actuel,250000,half_day_lag,2023-07_2026-07,21,cagr_total_tbill,-0.015617
v2_1M,v2,2. Systeme actuel,1000000,same_close,2000-2026,36,cagr_total_tbill,0.11791
v2_1M,v2,2. Systeme actuel,1000000,same_close,2010-2026,36,cagr_total_tbill,0.047157
v2_1M,v2,2. Systeme actuel,1000000,same_close,2015-2026,36,cagr_total_tbill,0.043228
v2_1M,v2,2. Systeme actuel,1000000,same_close,2023-07_2026-07,36,cagr_total_tbill,-0.02387
v2_1M,v2,2. Systeme actuel,1000000,half_day_lag,2000-2026,36,cagr_total_tbill,0.11745
v2_1M,v2,2. Systeme actuel,1000000,half_day_lag,2010-2026,36,cagr_total_tbill,0.047877
v2_1M,v2,2. Systeme actuel,1000000,half_day_lag,2015-2026,36,cagr_total_tbill,0.044266
v2_1M,v2,2. Systeme actuel,1000000,half_day_lag,2023-07_2026-07,36,cagr_total_tbill,-0.024518
v3_100k,v3,3. + strategie 13,100000,same_close,2000-2026,14,cagr_total_tbill,0.10502
v3_100k,v3,3. + strategie 13,100000,same_close,2010-2026,14,cagr_total_tbill,0.0557
v3_100k,v3,3. + strategie 13,100000,same_close,2015-2026,14,cagr_total_tbill,0.045169
v3_100k,v3,3. + strategie 13,100000,same_close,2023-07_2026-07,14,cagr_total_tbill,0.0533
v3_100k,v3,3. + strategie 13,100000,half_day_lag,2000-2026,14,cagr_total_tbill,0.10191
v3_100k,v3,3. + strategie 13,100000,half_day_lag,2010-2026,14,cagr_total_tbill,0.054087
v3_100k,v3,3. + strategie 13,100000,half_day_lag,2015-2026,14,cagr_total_tbill,0.041247
v3_100k,v3,3. + strategie 13,100000,half_day_lag,2023-07_2026-07,14,cagr_total_tbill,0.050724
v3_250k,v3,3. + strategie 13,250000,same_close,2000-2026,22,cagr_total_tbill,0.13695
v3_250k,v3,3. + strategie 13,250000,same_close,2010-2026,22,cagr_total_tbill,0.072286
v3_250k,v3,3. + strategie 13,250000,same_close,2015-2026,22,cagr_total_tbill,0.069876
v3_250k,v3,3. + strategie 13,250000,same_close,2023-07_2026-07,22,cagr_total_tbill,-0.020695
v3_250k,v3,3. + strategie 13,250000,half_day_lag,2000-2026,22,cagr_total_tbill,0.13523
v3_250k,v3,3. + strategie 13,250000,half_day_lag,2010-2026,22,cagr_total_tbill,0.070394
v3_250k,v3,3. + strategie 13,250000,half_day_lag,2015-2026,22,cagr_total_tbill,0.067364
v3_250k,v3,3. + strategie 13,250000,half_day_lag,2023-07_2026-07,22,cagr_total_tbill,-0.021748
v3_1M,v3,3. + strategie 13,1000000,same_close,2000-2026,37,cagr_total_tbill,0.13935
v3_1M,v3,3. + strategie 13,1000000,same_close,2010-2026,37,cagr_total_tbill,0.062288
v3_1M,v3,3. + strategie 13,1000000,same_close,2015-2026,37,cagr_total_tbill,0.066425
v3_1M,v3,3. + strategie 13,1000000,same_close,2023-07_2026-07,37,cagr_total_tbill,-0.0052185
v3_1M,v3,3. + strategie 13,1000000,half_day_lag,2000-2026,37,cagr_total_tbill,0.13775
v3_1M,v3,3. + strategie 13,1000000,half_day_lag,2010-2026,37,cagr_total_tbill,0.061391
v3_1M,v3,3. + strategie 13,1000000,half_day_lag,2015-2026,37,cagr_total_tbill,0.064665
v3_1M,v3,3. + strategie 13,1000000,half_day_lag,2023-07_2026-07,37,cagr_total_tbill,-0.0066239
v4_100k,v4,4. + pilotage du risque,100000,same_close,2000-2026,13,cagr_total_tbill,0.11474
v4_100k,v4,4. + pilotage du risque,100000,same_close,2010-2026,13,cagr_total_tbill,0.074298
v4_100k,v4,4. + pilotage du risque,100000,same_close,2015-2026,13,cagr_total_tbill,0.042073
v4_100k,v4,4. + pilotage du risque,100000,same_close,2023-07_2026-07,13,cagr_total_tbill,0.089757
v4_100k,v4,4. + pilotage du risque,100000,half_day_lag,2000-2026,13,cagr_total_tbill,0.1184
v4_100k,v4,4. + pilotage du risque,100000,half_day_lag,2010-2026,13,cagr_total_tbill,0.078998
v4_100k,v4,4. + pilotage du risque,100000,half_day_lag,2015-2026,13,cagr_total_tbill,0.046042
v4_100k,v4,4. + pilotage du risque,100000,half_day_lag,2023-07_2026-07,13,cagr_total_tbill,0.087555
v4_250k,v4,4. + pilotage du risque,250000,same_close,2000-2026,23,cagr_total_tbill,0.14285
v4_250k,v4,4. + pilotage du risque,250000,same_close,2010-2026,23,cagr_total_tbill,0.079759
v4_250k,v4,4. + pilotage du risque,250000,same_close,2015-2026,23,cagr_total_tbill,0.066143
v4_250k,v4,4. + pilotage du risque,250000,same_close,2023-07_2026-07,23,cagr_total_tbill,-0.04428
v4_250k,v4,4. + pilotage du risque,250000,half_day_lag,2000-2026,23,cagr_total_tbill,0.14451
v4_250k,v4,4. + pilotage du risque,250000,half_day_lag,2010-2026,23,cagr_total_tbill,0.079241
v4_250k,v4,4. + pilotage du risque,250000,half_day_lag,2015-2026,23,cagr_total_tbill,0.065538
v4_250k,v4,4. + pilotage du risque,250000,half_day_lag,2023-07_2026-07,23,cagr_total_tbill,-0.052832
v4_1M,v4,4. + pilotage du risque,1000000,same_close,2000-2026,38,cagr_total_tbill,0.1432
v4_1M,v4,4. + pilotage du risque,1000000,same_close,2010-2026,38,cagr_total_tbill,0.079879
v4_1M,v4,4. + pilotage du risque,1000000,same_close,2015-2026,38,cagr_total_tbill,0.055289
v4_1M,v4,4. + pilotage du risque,1000000,same_close,2023-07_2026-07,38,cagr_total_tbill,-0.011099
v4_1M,v4,4. + pilotage du risque,1000000,half_day_lag,2000-2026,38,cagr_total_tbill,0.13999
v4_1M,v4,4. + pilotage du risque,1000000,half_day_lag,2010-2026,38,cagr_total_tbill,0.074757
v4_1M,v4,4. + pilotage du risque,1000000,half_day_lag,2015-2026,38,cagr_total_tbill,0.051363
v4_1M,v4,4. + pilotage du risque,1000000,half_day_lag,2023-07_2026-07,38,cagr_total_tbill,-0.017101
v5_100k,v5,5. Les deux,100000,same_close,2000-2026,14,cagr_total_tbill,0.12668
v5_100k,v5,5. Les deux,100000,same_close,2010-2026,14,cagr_total_tbill,0.082826
v5_100k,v5,5. Les deux,100000,same_close,2015-2026,14,cagr_total_tbill,0.067519
v5_100k,v5,5. Les deux,100000,same_close,2023-07_2026-07,14,cagr_total_tbill,0.11174
v5_100k,v5,5. Les deux,100000,half_day_lag,2000-2026,14,cagr_total_tbill,0.12449
v5_100k,v5,5. Les deux,100000,half_day_lag,2010-2026,14,cagr_total_tbill,0.081985
v5_100k,v5,5. Les deux,100000,half_day_lag,2015-2026,14,cagr_total_tbill,0.065729
v5_100k,v5,5. Les deux,100000,half_day_lag,2023-07_2026-07,14,cagr_total_tbill,0.10874
v5_250k,v5,5. Les deux,250000,same_close,2000-2026,24,cagr_total_tbill,0.15852
v5_250k,v5,5. Les deux,250000,same_close,2010-2026,24,cagr_total_tbill,0.086583
v5_250k,v5,5. Les deux,250000,same_close,2015-2026,24,cagr_total_tbill,0.069011
v5_250k,v5,5. Les deux,250000,same_close,2023-07_2026-07,24,cagr_total_tbill,-0.044722
v5_250k,v5,5. Les deux,250000,half_day_lag,2000-2026,24,cagr_total_tbill,0.15615
v5_250k,v5,5. Les deux,250000,half_day_lag,2010-2026,24,cagr_total_tbill,0.085833
v5_250k,v5,5. Les deux,250000,half_day_lag,2015-2026,24,cagr_total_tbill,0.066391
v5_250k,v5,5. Les deux,250000,half_day_lag,2023-07_2026-07,24,cagr_total_tbill,-0.048275
v5_1M,v5,5. Les deux,1000000,same_close,2000-2026,40,cagr_total_tbill,0.16014
v5_1M,v5,5. Les deux,1000000,same_close,2010-2026,40,cagr_total_tbill,0.079118
v5_1M,v5,5. Les deux,1000000,same_close,2015-2026,40,cagr_total_tbill,0.071504
v5_1M,v5,5. Les deux,1000000,same_close,2023-07_2026-07,40,cagr_total_tbill,-0.0030424
v5_1M,v5,5. Les deux,1000000,half_day_lag,2000-2026,40,cagr_total_tbill,0.15823
v5_1M,v5,5. Les deux,1000000,half_day_lag,2010-2026,40,cagr_total_tbill,0.076397
v5_1M,v5,5. Les deux,1000000,half_day_lag,2015-2026,40,cagr_total_tbill,0.06704
v5_1M,v5,5. Les deux,1000000,half_day_lag,2023-07_2026-07,40,cagr_total_tbill,-0.0073196
v1_100k,v1,1. Montant fixe,100000,same_close,2000-2026,13,cagr_total_net_all_fees,-0.0024572
v1_100k,v1,1. Montant fixe,100000,same_close,2010-2026,13,cagr_total_net_all_fees,-0.033393
v1_100k,v1,1. Montant fixe,100000,same_close,2015-2026,13,cagr_total_net_all_fees,-0.058171
v1_100k,v1,1. Montant fixe,100000,same_close,2023-07_2026-07,13,cagr_total_net_all_fees,-0.14046
v1_100k,v1,1. Montant fixe,100000,half_day_lag,2000-2026,13,cagr_total_net_all_fees,0.0054569
v1_100k,v1,1. Montant fixe,100000,half_day_lag,2010-2026,13,cagr_total_net_all_fees,-0.028094
v1_100k,v1,1. Montant fixe,100000,half_day_lag,2015-2026,13,cagr_total_net_all_fees,-0.051819
v1_100k,v1,1. Montant fixe,100000,half_day_lag,2023-07_2026-07,13,cagr_total_net_all_fees,-0.13601
v1_250k,v1,1. Montant fixe,250000,same_close,2000-2026,21,cagr_total_net_all_fees,0.027729
v1_250k,v1,1. Montant fixe,250000,same_close,2010-2026,21,cagr_total_net_all_fees,-0.044655
v1_250k,v1,1. Montant fixe,250000,same_close,2015-2026,21,cagr_total_net_all_fees,-0.048403
v1_250k,v1,1. Montant fixe,250000,same_close,2023-07_2026-07,21,cagr_total_net_all_fees,-0.17463
v1_250k,v1,1. Montant fixe,250000,half_day_lag,2000-2026,21,cagr_total_net_all_fees,0.030466
v1_250k,v1,1. Montant fixe,250000,half_day_lag,2010-2026,21,cagr_total_net_all_fees,-0.041711
v1_250k,v1,1. Montant fixe,250000,half_day_lag,2015-2026,21,cagr_total_net_all_fees,-0.045525
v1_250k,v1,1. Montant fixe,250000,half_day_lag,2023-07_2026-07,21,cagr_total_net_all_fees,-0.16924
v1_1M,v1,1. Montant fixe,1000000,same_close,2000-2026,36,cagr_total_net_all_fees,0.040696
v1_1M,v1,1. Montant fixe,1000000,same_close,2010-2026,36,cagr_total_net_all_fees,-0.028436
v1_1M,v1,1. Montant fixe,1000000,same_close,2015-2026,36,cagr_total_net_all_fees,-0.048398
v1_1M,v1,1. Montant fixe,1000000,same_close,2023-07_2026-07,36,cagr_total_net_all_fees,-0.1188
v1_1M,v1,1. Montant fixe,1000000,half_day_lag,2000-2026,36,cagr_total_net_all_fees,0.044092
v1_1M,v1,1. Montant fixe,1000000,half_day_lag,2010-2026,36,cagr_total_net_all_fees,-0.024633
v1_1M,v1,1. Montant fixe,1000000,half_day_lag,2015-2026,36,cagr_total_net_all_fees,-0.045853
v1_1M,v1,1. Montant fixe,1000000,half_day_lag,2023-07_2026-07,36,cagr_total_net_all_fees,-0.11575
v2_100k,v2,2. Systeme actuel,100000,same_close,2000-2026,13,cagr_total_net_all_fees,0.076769
v2_100k,v2,2. Systeme actuel,100000,same_close,2010-2026,13,cagr_total_net_all_fees,0.035156
v2_100k,v2,2. Systeme actuel,100000,same_close,2015-2026,13,cagr_total_net_all_fees,0.01843
v2_100k,v2,2. Systeme actuel,100000,same_close,2023-07_2026-07,13,cagr_total_net_all_fees,0.024216
v2_100k,v2,2. Systeme actuel,100000,half_day_lag,2000-2026,13,cagr_total_net_all_fees,0.077087
v2_100k,v2,2. Systeme actuel,100000,half_day_lag,2010-2026,13,cagr_total_net_all_fees,0.036426
v2_100k,v2,2. Systeme actuel,100000,half_day_lag,2015-2026,13,cagr_total_net_all_fees,0.019131
v2_100k,v2,2. Systeme actuel,100000,half_day_lag,2023-07_2026-07,13,cagr_total_net_all_fees,0.026741
v2_250k,v2,2. Systeme actuel,250000,same_close,2000-2026,21,cagr_total_net_all_fees,0.10469
v2_250k,v2,2. Systeme actuel,250000,same_close,2010-2026,21,cagr_total_net_all_fees,0.04505
v2_250k,v2,2. Systeme actuel,250000,same_close,2015-2026,21,cagr_total_net_all_fees,0.042492
v2_250k,v2,2. Systeme actuel,250000,same_close,2023-07_2026-07,21,cagr_total_net_all_fees,-0.029413
v2_250k,v2,2. Systeme actuel,250000,half_day_lag,2000-2026,21,cagr_total_net_all_fees,0.1059
v2_250k,v2,2. Systeme actuel,250000,half_day_lag,2010-2026,21,cagr_total_net_all_fees,0.045935
v2_250k,v2,2. Systeme actuel,250000,half_day_lag,2015-2026,21,cagr_total_net_all_fees,0.043824
v2_250k,v2,2. Systeme actuel,250000,half_day_lag,2023-07_2026-07,21,cagr_total_net_all_fees,-0.027963
v2_1M,v2,2. Systeme actuel,1000000,same_close,2000-2026,36,cagr_total_net_all_fees,0.11132
v2_1M,v2,2. Systeme actuel,1000000,same_close,2010-2026,36,cagr_total_net_all_fees,0.042252
v2_1M,v2,2. Systeme actuel,1000000,same_close,2015-2026,36,cagr_total_net_all_fees,0.036736
v2_1M,v2,2. Systeme actuel,1000000,same_close,2023-07_2026-07,36,cagr_total_net_all_fees,-0.033977
v2_1M,v2,2. Systeme actuel,1000000,half_day_lag,2000-2026,36,cagr_total_net_all_fees,0.11086
v2_1M,v2,2. Systeme actuel,1000000,half_day_lag,2010-2026,36,cagr_total_net_all_fees,0.042969
v2_1M,v2,2. Systeme actuel,1000000,half_day_lag,2015-2026,36,cagr_total_net_all_fees,0.037767
v2_1M,v2,2. Systeme actuel,1000000,half_day_lag,2023-07_2026-07,36,cagr_total_net_all_fees,-0.034618
v3_100k,v3,3. + strategie 13,100000,same_close,2000-2026,14,cagr_total_net_all_fees,0.092894
v3_100k,v3,3. + strategie 13,100000,same_close,2010-2026,14,cagr_total_net_all_fees,0.045752
v3_100k,v3,3. + strategie 13,100000,same_close,2015-2026,14,cagr_total_net_all_fees,0.033194
v3_100k,v3,3. + strategie 13,100000,same_close,2023-07_2026-07,14,cagr_total_net_all_fees,0.034483
v3_100k,v3,3. + strategie 13,100000,half_day_lag,2000-2026,14,cagr_total_net_all_fees,0.089818
v3_100k,v3,3. + strategie 13,100000,half_day_lag,2010-2026,14,cagr_total_net_all_fees,0.044154
v3_100k,v3,3. + strategie 13,100000,half_day_lag,2015-2026,14,cagr_total_net_all_fees,0.029317
v3_100k,v3,3. + strategie 13,100000,half_day_lag,2023-07_2026-07,14,cagr_total_net_all_fees,0.031953
v3_250k,v3,3. + strategie 13,250000,same_close,2000-2026,22,cagr_total_net_all_fees,0.12823
v3_250k,v3,3. + strategie 13,250000,same_close,2010-2026,22,cagr_total_net_all_fees,0.065538
v3_250k,v3,3. + strategie 13,250000,same_close,2015-2026,22,cagr_total_net_all_fees,0.061307
v3_250k,v3,3. + strategie 13,250000,same_close,2023-07_2026-07,22,cagr_total_net_all_fees,-0.033332
v3_250k,v3,3. + strategie 13,250000,half_day_lag,2000-2026,22,cagr_total_net_all_fees,0.12653
v3_250k,v3,3. + strategie 13,250000,half_day_lag,2010-2026,22,cagr_total_net_all_fees,0.063658
v3_250k,v3,3. + strategie 13,250000,half_day_lag,2015-2026,22,cagr_total_net_all_fees,0.058815
v3_250k,v3,3. + strategie 13,250000,half_day_lag,2023-07_2026-07,22,cagr_total_net_all_fees,-0.034372
v3_1M,v3,3. + strategie 13,1000000,same_close,2000-2026,37,cagr_total_net_all_fees,0.13241
v3_1M,v3,3. + strategie 13,1000000,same_close,2010-2026,37,cagr_total_net_all_fees,0.057156
v3_1M,v3,3. + strategie 13,1000000,same_close,2015-2026,37,cagr_total_net_all_fees,0.059563
v3_1M,v3,3. + strategie 13,1000000,same_close,2023-07_2026-07,37,cagr_total_net_all_fees,-0.01599
v3_1M,v3,3. + strategie 13,1000000,half_day_lag,2000-2026,37,cagr_total_net_all_fees,0.13082
v3_1M,v3,3. + strategie 13,1000000,half_day_lag,2010-2026,37,cagr_total_net_all_fees,0.056262
v3_1M,v3,3. + strategie 13,1000000,half_day_lag,2015-2026,37,cagr_total_net_all_fees,0.057814
v3_1M,v3,3. + strategie 13,1000000,half_day_lag,2023-07_2026-07,37,cagr_total_net_all_fees,-0.01738
v4_100k,v4,4. + pilotage du risque,100000,same_close,2000-2026,13,cagr_total_net_all_fees,0.10258
v4_100k,v4,4. + pilotage du risque,100000,same_close,2010-2026,13,cagr_total_net_all_fees,0.064207
v4_100k,v4,4. + pilotage du risque,100000,same_close,2015-2026,13,cagr_total_net_all_fees,0.030179
v4_100k,v4,4. + pilotage du risque,100000,same_close,2023-07_2026-07,13,cagr_total_net_all_fees,0.070288
v4_100k,v4,4. + pilotage du risque,100000,half_day_lag,2000-2026,13,cagr_total_net_all_fees,0.10621
v4_100k,v4,4. + pilotage du risque,100000,half_day_lag,2010-2026,13,cagr_total_net_all_fees,0.068864
v4_100k,v4,4. + pilotage du risque,100000,half_day_lag,2015-2026,13,cagr_total_net_all_fees,0.034104
v4_100k,v4,4. + pilotage du risque,100000,half_day_lag,2023-07_2026-07,13,cagr_total_net_all_fees,0.06812
v4_250k,v4,4. + pilotage du risque,250000,same_close,2000-2026,23,cagr_total_net_all_fees,0.13385
v4_250k,v4,4. + pilotage du risque,250000,same_close,2010-2026,23,cagr_total_net_all_fees,0.07269
v4_250k,v4,4. + pilotage du risque,250000,same_close,2015-2026,23,cagr_total_net_all_fees,0.057217
v4_250k,v4,4. + pilotage du risque,250000,same_close,2023-07_2026-07,23,cagr_total_net_all_fees,-0.057581
v4_250k,v4,4. + pilotage du risque,250000,half_day_lag,2000-2026,23,cagr_total_net_all_fees,0.1355
v4_250k,v4,4. + pilotage du risque,250000,half_day_lag,2010-2026,23,cagr_total_net_all_fees,0.072182
v4_250k,v4,4. + pilotage du risque,250000,half_day_lag,2015-2026,23,cagr_total_net_all_fees,0.056625
v4_250k,v4,4. + pilotage du risque,250000,half_day_lag,2023-07_2026-07,23,cagr_total_net_all_fees,-0.066007
v4_1M,v4,4. + pilotage du risque,1000000,same_close,2000-2026,38,cagr_total_net_all_fees,0.13597
v4_1M,v4,4. + pilotage du risque,1000000,same_close,2010-2026,38,cagr_total_net_all_fees,0.074393
v4_1M,v4,4. + pilotage du risque,1000000,same_close,2015-2026,38,cagr_total_net_all_fees,0.048123
v4_1M,v4,4. + pilotage du risque,1000000,same_close,2023-07_2026-07,38,cagr_total_net_all_fees,-0.022847
v4_1M,v4,4. + pilotage du risque,1000000,half_day_lag,2000-2026,38,cagr_total_net_all_fees,0.13279
v4_1M,v4,4. + pilotage du risque,1000000,half_day_lag,2010-2026,38,cagr_total_net_all_fees,0.069304
v4_1M,v4,4. + pilotage du risque,1000000,half_day_lag,2015-2026,38,cagr_total_net_all_fees,0.044233
v4_1M,v4,4. + pilotage du risque,1000000,half_day_lag,2023-07_2026-07,38,cagr_total_net_all_fees,-0.028771
v5_100k,v5,5. Les deux,100000,same_close,2000-2026,14,cagr_total_net_all_fees,0.11431
v5_100k,v5,5. Les deux,100000,same_close,2010-2026,14,cagr_total_net_all_fees,0.07256
v5_100k,v5,5. Les deux,100000,same_close,2015-2026,14,cagr_total_net_all_fees,0.055199
v5_100k,v5,5. Les deux,100000,same_close,2023-07_2026-07,14,cagr_total_net_all_fees,0.091563
v5_100k,v5,5. Les deux,100000,half_day_lag,2000-2026,14,cagr_total_net_all_fees,0.11215
v5_100k,v5,5. Les deux,100000,half_day_lag,2010-2026,14,cagr_total_net_all_fees,0.071733
v5_100k,v5,5. Les deux,100000,half_day_lag,2015-2026,14,cagr_total_net_all_fees,0.05344
v5_100k,v5,5. Les deux,100000,half_day_lag,2023-07_2026-07,14,cagr_total_net_all_fees,0.08863
v5_250k,v5,5. Les deux,250000,same_close,2000-2026,24,cagr_total_net_all_fees,0.14928
v5_250k,v5,5. Les deux,250000,same_close,2010-2026,24,cagr_total_net_all_fees,0.079305
v5_250k,v5,5. Les deux,250000,same_close,2015-2026,24,cagr_total_net_all_fees,0.059828
v5_250k,v5,5. Les deux,250000,same_close,2023-07_2026-07,24,cagr_total_net_all_fees,-0.058464
v5_250k,v5,5. Les deux,250000,half_day_lag,2000-2026,24,cagr_total_net_all_fees,0.14694
v5_250k,v5,5. Les deux,250000,half_day_lag,2010-2026,24,cagr_total_net_all_fees,0.078571
v5_250k,v5,5. Les deux,250000,half_day_lag,2015-2026,24,cagr_total_net_all_fees,0.057246
v5_250k,v5,5. Les deux,250000,half_day_lag,2023-07_2026-07,24,cagr_total_net_all_fees,-0.061955
v5_1M,v5,5. Les deux,1000000,same_close,2000-2026,40,cagr_total_net_all_fees,0.15268
v5_1M,v5,5. Les deux,1000000,same_close,2010-2026,40,cagr_total_net_all_fees,0.073505
v5_1M,v5,5. Les deux,1000000,same_close,2015-2026,40,cagr_total_net_all_fees,0.064042
v5_1M,v5,5. Les deux,1000000,same_close,2023-07_2026-07,40,cagr_total_net_all_fees,-0.015264
v5_1M,v5,5. Les deux,1000000,half_day_lag,2000-2026,40,cagr_total_net_all_fees,0.15079
v5_1M,v5,5. Les deux,1000000,half_day_lag,2010-2026,40,cagr_total_net_all_fees,0.070808
v5_1M,v5,5. Les deux,1000000,half_day_lag,2015-2026,40,cagr_total_net_all_fees,0.059623
v5_1M,v5,5. Les deux,1000000,half_day_lag,2023-07_2026-07,40,cagr_total_net_all_fees,-0.019476
v1_100k,v1,1. Montant fixe,100000,same_close,2000-2026,13,mean_excess_ann,0.067168
v1_100k,v1,1. Montant fixe,100000,same_close,2010-2026,13,mean_excess_ann,0.016273
v1_100k,v1,1. Montant fixe,100000,same_close,2015-2026,13,mean_excess_ann,-0.010858
v1_100k,v1,1. Montant fixe,100000,same_close,2023-07_2026-07,13,mean_excess_ann,-0.12244
v1_100k,v1,1. Montant fixe,100000,half_day_lag,2000-2026,13,mean_excess_ann,0.074716
v1_100k,v1,1. Montant fixe,100000,half_day_lag,2010-2026,13,mean_excess_ann,0.021542
v1_100k,v1,1. Montant fixe,100000,half_day_lag,2015-2026,13,mean_excess_ann,-0.0043441
v1_100k,v1,1. Montant fixe,100000,half_day_lag,2023-07_2026-07,13,mean_excess_ann,-0.11735
v1_250k,v1,1. Montant fixe,250000,same_close,2000-2026,21,mean_excess_ann,0.087554
v1_250k,v1,1. Montant fixe,250000,same_close,2010-2026,21,mean_excess_ann,-0.0072482
v1_250k,v1,1. Montant fixe,250000,same_close,2015-2026,21,mean_excess_ann,-0.012856
v1_250k,v1,1. Montant fixe,250000,same_close,2023-07_2026-07,21,mean_excess_ann,-0.18574
v1_250k,v1,1. Montant fixe,250000,half_day_lag,2000-2026,21,mean_excess_ann,0.08993
v1_250k,v1,1. Montant fixe,250000,half_day_lag,2010-2026,21,mean_excess_ann,-0.0042888
v1_250k,v1,1. Montant fixe,250000,half_day_lag,2015-2026,21,mean_excess_ann,-0.0099949
v1_250k,v1,1. Montant fixe,250000,half_day_lag,2023-07_2026-07,21,mean_excess_ann,-0.17944
v1_1M,v1,1. Montant fixe,1000000,same_close,2000-2026,36,mean_excess_ann,0.088204
v1_1M,v1,1. Montant fixe,1000000,same_close,2010-2026,36,mean_excess_ann,0.0002148
v1_1M,v1,1. Montant fixe,1000000,same_close,2015-2026,36,mean_excess_ann,-0.022761
v1_1M,v1,1. Montant fixe,1000000,same_close,2023-07_2026-07,36,mean_excess_ann,-0.13009
v1_1M,v1,1. Montant fixe,1000000,half_day_lag,2000-2026,36,mean_excess_ann,0.091191
v1_1M,v1,1. Montant fixe,1000000,half_day_lag,2010-2026,36,mean_excess_ann,0.0040021
v1_1M,v1,1. Montant fixe,1000000,half_day_lag,2015-2026,36,mean_excess_ann,-0.0202
v1_1M,v1,1. Montant fixe,1000000,half_day_lag,2023-07_2026-07,36,mean_excess_ann,-0.12671
v2_100k,v2,2. Systeme actuel,100000,same_close,2000-2026,13,mean_excess_ann,0.085618
v2_100k,v2,2. Systeme actuel,100000,same_close,2010-2026,13,mean_excess_ann,0.045973
v2_100k,v2,2. Systeme actuel,100000,same_close,2015-2026,13,mean_excess_ann,0.026614
v2_100k,v2,2. Systeme actuel,100000,same_close,2023-07_2026-07,13,mean_excess_ann,0.016846
v2_100k,v2,2. Systeme actuel,100000,half_day_lag,2000-2026,13,mean_excess_ann,0.085925
v2_100k,v2,2. Systeme actuel,100000,half_day_lag,2010-2026,13,mean_excess_ann,0.047252
v2_100k,v2,2. Systeme actuel,100000,half_day_lag,2015-2026,13,mean_excess_ann,0.027398
v2_100k,v2,2. Systeme actuel,100000,half_day_lag,2023-07_2026-07,13,mean_excess_ann,0.01933
v2_250k,v2,2. Systeme actuel,250000,same_close,2000-2026,21,mean_excess_ann,0.1051
v2_250k,v2,2. Systeme actuel,250000,same_close,2010-2026,21,mean_excess_ann,0.050025
v2_250k,v2,2. Systeme actuel,250000,same_close,2015-2026,21,mean_excess_ann,0.044245
v2_250k,v2,2. Systeme actuel,250000,same_close,2023-07_2026-07,21,mean_excess_ann,-0.04796
v2_250k,v2,2. Systeme actuel,250000,half_day_lag,2000-2026,21,mean_excess_ann,0.10629
v2_250k,v2,2. Systeme actuel,250000,half_day_lag,2010-2026,21,mean_excess_ann,0.051007
v2_250k,v2,2. Systeme actuel,250000,half_day_lag,2015-2026,21,mean_excess_ann,0.045719
v2_250k,v2,2. Systeme actuel,250000,half_day_lag,2023-07_2026-07,21,mean_excess_ann,-0.046484
v2_1M,v2,2. Systeme actuel,1000000,same_close,2000-2026,36,mean_excess_ann,0.11171
v2_1M,v2,2. Systeme actuel,1000000,same_close,2010-2026,36,mean_excess_ann,0.047737
v2_1M,v2,2. Systeme actuel,1000000,same_close,2015-2026,36,mean_excess_ann,0.039061
v2_1M,v2,2. Systeme actuel,1000000,same_close,2023-07_2026-07,36,mean_excess_ann,-0.055049
v2_1M,v2,2. Systeme actuel,1000000,half_day_lag,2000-2026,36,mean_excess_ann,0.11139
v2_1M,v2,2. Systeme actuel,1000000,half_day_lag,2010-2026,36,mean_excess_ann,0.048538
v2_1M,v2,2. Systeme actuel,1000000,half_day_lag,2015-2026,36,mean_excess_ann,0.040211
v2_1M,v2,2. Systeme actuel,1000000,half_day_lag,2023-07_2026-07,36,mean_excess_ann,-0.055576
v3_100k,v3,3. + strategie 13,100000,same_close,2000-2026,14,mean_excess_ann,0.10371
v3_100k,v3,3. + strategie 13,100000,same_close,2010-2026,14,mean_excess_ann,0.060482
v3_100k,v3,3. + strategie 13,100000,same_close,2015-2026,14,mean_excess_ann,0.044888
v3_100k,v3,3. + strategie 13,100000,same_close,2023-07_2026-07,14,mean_excess_ann,0.026775
v3_100k,v3,3. + strategie 13,100000,half_day_lag,2000-2026,14,mean_excess_ann,0.10116
v3_100k,v3,3. + strategie 13,100000,half_day_lag,2010-2026,14,mean_excess_ann,0.059281
v3_100k,v3,3. + strategie 13,100000,half_day_lag,2015-2026,14,mean_excess_ann,0.041595
v3_100k,v3,3. + strategie 13,100000,half_day_lag,2023-07_2026-07,14,mean_excess_ann,0.02454
v3_250k,v3,3. + strategie 13,250000,same_close,2000-2026,22,mean_excess_ann,0.12864
v3_250k,v3,3. + strategie 13,250000,same_close,2010-2026,22,mean_excess_ann,0.072901
v3_250k,v3,3. + strategie 13,250000,same_close,2015-2026,22,mean_excess_ann,0.064526
v3_250k,v3,3. + strategie 13,250000,same_close,2023-07_2026-07,22,mean_excess_ann,-0.050996
v3_250k,v3,3. + strategie 13,250000,half_day_lag,2000-2026,22,mean_excess_ann,0.1273
v3_250k,v3,3. + strategie 13,250000,half_day_lag,2010-2026,22,mean_excess_ann,0.07138
v3_250k,v3,3. + strategie 13,250000,half_day_lag,2015-2026,22,mean_excess_ann,0.062522
v3_250k,v3,3. + strategie 13,250000,half_day_lag,2023-07_2026-07,22,mean_excess_ann,-0.051899
v3_1M,v3,3. + strategie 13,1000000,same_close,2000-2026,37,mean_excess_ann,0.13162
v3_1M,v3,3. + strategie 13,1000000,same_close,2010-2026,37,mean_excess_ann,0.06509
v3_1M,v3,3. + strategie 13,1000000,same_close,2015-2026,37,mean_excess_ann,0.063048
v3_1M,v3,3. + strategie 13,1000000,same_close,2023-07_2026-07,37,mean_excess_ann,-0.035627
v3_1M,v3,3. + strategie 13,1000000,half_day_lag,2000-2026,37,mean_excess_ann,0.13039
v3_1M,v3,3. + strategie 13,1000000,half_day_lag,2010-2026,37,mean_excess_ann,0.064468
v3_1M,v3,3. + strategie 13,1000000,half_day_lag,2015-2026,37,mean_excess_ann,0.0617
v3_1M,v3,3. + strategie 13,1000000,half_day_lag,2023-07_2026-07,37,mean_excess_ann,-0.036882
v4_100k,v4,4. + pilotage du risque,100000,same_close,2000-2026,13,mean_excess_ann,0.11027
v4_100k,v4,4. + pilotage du risque,100000,same_close,2010-2026,13,mean_excess_ann,0.077895
v4_100k,v4,4. + pilotage du risque,100000,same_close,2015-2026,13,mean_excess_ann,0.042337
v4_100k,v4,4. + pilotage du risque,100000,same_close,2023-07_2026-07,13,mean_excess_ann,0.062348
v4_100k,v4,4. + pilotage du risque,100000,half_day_lag,2000-2026,13,mean_excess_ann,0.11363
v4_100k,v4,4. + pilotage du risque,100000,half_day_lag,2010-2026,13,mean_excess_ann,0.082351
v4_100k,v4,4. + pilotage du risque,100000,half_day_lag,2015-2026,13,mean_excess_ann,0.046274
v4_100k,v4,4. + pilotage du risque,100000,half_day_lag,2023-07_2026-07,13,mean_excess_ann,0.060548
v4_250k,v4,4. + pilotage du risque,250000,same_close,2000-2026,23,mean_excess_ann,0.13458
v4_250k,v4,4. + pilotage du risque,250000,same_close,2010-2026,23,mean_excess_ann,0.082972
v4_250k,v4,4. + pilotage du risque,250000,same_close,2015-2026,23,mean_excess_ann,0.06508
v4_250k,v4,4. + pilotage du risque,250000,same_close,2023-07_2026-07,23,mean_excess_ann,-0.066075
v4_250k,v4,4. + pilotage du risque,250000,half_day_lag,2000-2026,23,mean_excess_ann,0.1363
v4_250k,v4,4. + pilotage du risque,250000,half_day_lag,2010-2026,23,mean_excess_ann,0.082912
v4_250k,v4,4. + pilotage du risque,250000,half_day_lag,2015-2026,23,mean_excess_ann,0.065058
v4_250k,v4,4. + pilotage du risque,250000,half_day_lag,2023-07_2026-07,23,mean_excess_ann,-0.074812
v4_1M,v4,4. + pilotage du risque,1000000,same_close,2000-2026,38,mean_excess_ann,0.13519
v4_1M,v4,4. + pilotage du risque,1000000,same_close,2010-2026,38,mean_excess_ann,0.083265
v4_1M,v4,4. + pilotage du risque,1000000,same_close,2015-2026,38,mean_excess_ann,0.055308
v4_1M,v4,4. + pilotage du risque,1000000,same_close,2023-07_2026-07,38,mean_excess_ann,-0.03278
v4_1M,v4,4. + pilotage du risque,1000000,half_day_lag,2000-2026,38,mean_excess_ann,0.13278
v4_1M,v4,4. + pilotage du risque,1000000,half_day_lag,2010-2026,38,mean_excess_ann,0.079054
v4_1M,v4,4. + pilotage du risque,1000000,half_day_lag,2015-2026,38,mean_excess_ann,0.052265
v4_1M,v4,4. + pilotage du risque,1000000,half_day_lag,2023-07_2026-07,38,mean_excess_ann,-0.038444
v5_100k,v5,5. Les deux,100000,same_close,2000-2026,14,mean_excess_ann,0.12111
v5_100k,v5,5. Les deux,100000,same_close,2010-2026,14,mean_excess_ann,0.08665
v5_100k,v5,5. Les deux,100000,same_close,2015-2026,14,mean_excess_ann,0.067061
v5_100k,v5,5. Les deux,100000,same_close,2023-07_2026-07,14,mean_excess_ann,0.081875
v5_100k,v5,5. Les deux,100000,half_day_lag,2000-2026,14,mean_excess_ann,0.11942
v5_100k,v5,5. Les deux,100000,half_day_lag,2010-2026,14,mean_excess_ann,0.086173
v5_100k,v5,5. Les deux,100000,half_day_lag,2015-2026,14,mean_excess_ann,0.065717
v5_100k,v5,5. Les deux,100000,half_day_lag,2023-07_2026-07,14,mean_excess_ann,0.079366
v5_250k,v5,5. Les deux,250000,same_close,2000-2026,24,mean_excess_ann,0.14848
v5_250k,v5,5. Les deux,250000,same_close,2010-2026,24,mean_excess_ann,0.090294
v5_250k,v5,5. Les deux,250000,same_close,2015-2026,24,mean_excess_ann,0.068779
v5_250k,v5,5. Les deux,250000,same_close,2023-07_2026-07,24,mean_excess_ann,-0.066488
v5_250k,v5,5. Les deux,250000,half_day_lag,2000-2026,24,mean_excess_ann,0.14675
v5_250k,v5,5. Les deux,250000,half_day_lag,2010-2026,24,mean_excess_ann,0.089984
v5_250k,v5,5. Les deux,250000,half_day_lag,2015-2026,24,mean_excess_ann,0.066809
v5_250k,v5,5. Les deux,250000,half_day_lag,2023-07_2026-07,24,mean_excess_ann,-0.070157
v5_1M,v5,5. Les deux,1000000,same_close,2000-2026,40,mean_excess_ann,0.14985
v5_1M,v5,5. Les deux,1000000,same_close,2010-2026,40,mean_excess_ann,0.083434
v5_1M,v5,5. Les deux,1000000,same_close,2015-2026,40,mean_excess_ann,0.070928
v5_1M,v5,5. Les deux,1000000,same_close,2023-07_2026-07,40,mean_excess_ann,-0.024662
v5_1M,v5,5. Les deux,1000000,half_day_lag,2000-2026,40,mean_excess_ann,0.14851
v5_1M,v5,5. Les deux,1000000,half_day_lag,2010-2026,40,mean_excess_ann,0.081344
v5_1M,v5,5. Les deux,1000000,half_day_lag,2015-2026,40,mean_excess_ann,0.067346
v5_1M,v5,5. Les deux,1000000,half_day_lag,2023-07_2026-07,40,mean_excess_ann,-0.028723
v1_100k,v1,1. Montant fixe,100000,same_close,2000-2026,13,vol,0.3902
v1_100k,v1,1. Montant fixe,100000,same_close,2010-2026,13,vol,0.32669
v1_100k,v1,1. Montant fixe,100000,same_close,2015-2026,13,vol,0.33219
v1_100k,v1,1. Montant fixe,100000,same_close,2023-07_2026-07,13,vol,0.31316
v1_100k,v1,1. Montant fixe,100000,half_day_lag,2000-2026,13,vol,0.38963
v1_100k,v1,1. Montant fixe,100000,half_day_lag,2010-2026,13,vol,0.32637
v1_100k,v1,1. Montant fixe,100000,half_day_lag,2015-2026,13,vol,0.33191
v1_100k,v1,1. Montant fixe,100000,half_day_lag,2023-07_2026-07,13,vol,0.31324
v1_250k,v1,1. Montant fixe,250000,same_close,2000-2026,21,vol,0.37457
v1_250k,v1,1. Montant fixe,250000,same_close,2010-2026,21,vol,0.29932
v1_250k,v1,1. Montant fixe,250000,same_close,2015-2026,21,vol,0.30655
v1_250k,v1,1. Montant fixe,250000,same_close,2023-07_2026-07,21,vol,0.25009
v1_250k,v1,1. Montant fixe,250000,half_day_lag,2000-2026,21,vol,0.37385
v1_250k,v1,1. Montant fixe,250000,half_day_lag,2010-2026,21,vol,0.29908
v1_250k,v1,1. Montant fixe,250000,half_day_lag,2015-2026,21,vol,0.30616
v1_250k,v1,1. Montant fixe,250000,half_day_lag,2023-07_2026-07,21,vol,0.24984
v1_1M,v1,1. Montant fixe,1000000,same_close,2000-2026,36,vol,0.34807
v1_1M,v1,1. Montant fixe,1000000,same_close,2010-2026,36,vol,0.27362
v1_1M,v1,1. Montant fixe,1000000,same_close,2015-2026,36,vol,0.27914
v1_1M,v1,1. Montant fixe,1000000,same_close,2023-07_2026-07,36,vol,0.2268
v1_1M,v1,1. Montant fixe,1000000,half_day_lag,2000-2026,36,vol,0.34739
v1_1M,v1,1. Montant fixe,1000000,half_day_lag,2010-2026,36,vol,0.27341
v1_1M,v1,1. Montant fixe,1000000,half_day_lag,2015-2026,36,vol,0.27886
v1_1M,v1,1. Montant fixe,1000000,half_day_lag,2023-07_2026-07,36,vol,0.22675
v2_100k,v2,2. Systeme actuel,100000,same_close,2000-2026,13,vol,0.20595
v2_100k,v2,2. Systeme actuel,100000,same_close,2010-2026,13,vol,0.18509
v2_100k,v2,2. Systeme actuel,100000,same_close,2015-2026,13,vol,0.18796
v2_100k,v2,2. Systeme actuel,100000,same_close,2023-07_2026-07,13,vol,0.20007
v2_100k,v2,2. Systeme actuel,100000,half_day_lag,2000-2026,13,vol,0.20601
v2_100k,v2,2. Systeme actuel,100000,half_day_lag,2010-2026,13,vol,0.18547
v2_100k,v2,2. Systeme actuel,100000,half_day_lag,2015-2026,13,vol,0.18849
v2_100k,v2,2. Systeme actuel,100000,half_day_lag,2023-07_2026-07,13,vol,0.20044
v2_250k,v2,2. Systeme actuel,250000,same_close,2000-2026,21,vol,0.19429
v2_250k,v2,2. Systeme actuel,250000,same_close,2010-2026,21,vol,0.1729
v2_250k,v2,2. Systeme actuel,250000,same_close,2015-2026,21,vol,0.17785
v2_250k,v2,2. Systeme actuel,250000,same_close,2023-07_2026-07,21,vol,0.16055
v2_250k,v2,2. Systeme actuel,250000,half_day_lag,2000-2026,21,vol,0.19482
v2_250k,v2,2. Systeme actuel,250000,half_day_lag,2010-2026,21,vol,0.1737
v2_250k,v2,2. Systeme actuel,250000,half_day_lag,2015-2026,21,vol,0.179
v2_250k,v2,2. Systeme actuel,250000,half_day_lag,2023-07_2026-07,21,vol,0.16064
v2_1M,v2,2. Systeme actuel,1000000,same_close,2000-2026,36,vol,0.20572
v2_1M,v2,2. Systeme actuel,1000000,same_close,2010-2026,36,vol,0.18311
v2_1M,v2,2. Systeme actuel,1000000,same_close,2015-2026,36,vol,0.18799
v2_1M,v2,2. Systeme actuel,1000000,same_close,2023-07_2026-07,36,vol,0.1586
v2_1M,v2,2. Systeme actuel,1000000,half_day_lag,2000-2026,36,vol,0.20608
v2_1M,v2,2. Systeme actuel,1000000,half_day_lag,2010-2026,36,vol,0.18376
v2_1M,v2,2. Systeme actuel,1000000,half_day_lag,2015-2026,36,vol,0.18887
v2_1M,v2,2. Systeme actuel,1000000,half_day_lag,2023-07_2026-07,36,vol,0.15936
v3_100k,v3,3. + strategie 13,100000,same_close,2000-2026,14,vol,0.22154
v3_100k,v3,3. + strategie 13,100000,same_close,2010-2026,14,vol,0.20741
v3_100k,v3,3. + strategie 13,100000,same_close,2015-2026,14,vol,0.20797
v3_100k,v3,3. + strategie 13,100000,same_close,2023-07_2026-07,14,vol,0.19978
v3_100k,v3,3. + strategie 13,100000,half_day_lag,2000-2026,14,vol,0.22245
v3_100k,v3,3. + strategie 13,100000,half_day_lag,2010-2026,14,vol,0.20874
v3_100k,v3,3. + strategie 13,100000,half_day_lag,2015-2026,14,vol,0.20971
v3_100k,v3,3. + strategie 13,100000,half_day_lag,2023-07_2026-07,14,vol,0.20057
v3_250k,v3,3. + strategie 13,250000,same_close,2000-2026,22,vol,0.20745
v3_250k,v3,3. + strategie 13,250000,same_close,2010-2026,22,vol,0.19311
v3_250k,v3,3. + strategie 13,250000,same_close,2015-2026,22,vol,0.19174
v3_250k,v3,3. + strategie 13,250000,same_close,2023-07_2026-07,22,vol,0.16416
v3_250k,v3,3. + strategie 13,250000,half_day_lag,2000-2026,22,vol,0.20811
v3_250k,v3,3. + strategie 13,250000,half_day_lag,2010-2026,22,vol,0.19415
v3_250k,v3,3. + strategie 13,250000,half_day_lag,2015-2026,22,vol,0.19324
v3_250k,v3,3. + strategie 13,250000,half_day_lag,2023-07_2026-07,22,vol,0.16505
v3_1M,v3,3. + strategie 13,1000000,same_close,2000-2026,37,vol,0.21179
v3_1M,v3,3. + strategie 13,1000000,same_close,2010-2026,37,vol,0.20018
v3_1M,v3,3. + strategie 13,1000000,same_close,2015-2026,37,vol,0.20044
v3_1M,v3,3. + strategie 13,1000000,same_close,2023-07_2026-07,37,vol,0.16434
v3_1M,v3,3. + strategie 13,1000000,half_day_lag,2000-2026,37,vol,0.2125
v3_1M,v3,3. + strategie 13,1000000,half_day_lag,2010-2026,37,vol,0.20118
v3_1M,v3,3. + strategie 13,1000000,half_day_lag,2015-2026,37,vol,0.20175
v3_1M,v3,3. + strategie 13,1000000,half_day_lag,2023-07_2026-07,37,vol,0.16511
v4_100k,v4,4. + pilotage du risque,100000,same_close,2000-2026,13,vol,0.21221
v4_100k,v4,4. + pilotage du risque,100000,same_close,2010-2026,13,vol,0.20895
v4_100k,v4,4. + pilotage du risque,100000,same_close,2015-2026,13,vol,0.20993
v4_100k,v4,4. + pilotage du risque,100000,same_close,2023-07_2026-07,13,vol,0.21068
v4_100k,v4,4. + pilotage du risque,100000,half_day_lag,2000-2026,13,vol,0.21286
v4_100k,v4,4. + pilotage du risque,100000,half_day_lag,2010-2026,13,vol,0.20979
v4_100k,v4,4. + pilotage du risque,100000,half_day_lag,2015-2026,13,vol,0.21092
v4_100k,v4,4. + pilotage du risque,100000,half_day_lag,2023-07_2026-07,13,vol,0.21154
v4_250k,v4,4. + pilotage du risque,250000,same_close,2000-2026,23,vol,0.21152
v4_250k,v4,4. + pilotage du risque,250000,same_close,2010-2026,23,vol,0.20926
v4_250k,v4,4. + pilotage du risque,250000,same_close,2015-2026,23,vol,0.21133
v4_250k,v4,4. + pilotage du risque,250000,same_close,2023-07_2026-07,23,vol,0.21056
v4_250k,v4,4. + pilotage du risque,250000,half_day_lag,2000-2026,23,vol,0.21289
v4_250k,v4,4. + pilotage du risque,250000,half_day_lag,2010-2026,23,vol,0.21115
v4_250k,v4,4. + pilotage du risque,250000,half_day_lag,2015-2026,23,vol,0.21377
v4_250k,v4,4. + pilotage du risque,250000,half_day_lag,2023-07_2026-07,23,vol,0.2108
v4_1M,v4,4. + pilotage du risque,1000000,same_close,2000-2026,38,vol,0.21304
v4_1M,v4,4. + pilotage du risque,1000000,same_close,2010-2026,38,vol,0.21024
v4_1M,v4,4. + pilotage du risque,1000000,same_close,2015-2026,38,vol,0.21265
v4_1M,v4,4. + pilotage du risque,1000000,same_close,2023-07_2026-07,38,vol,0.21023
v4_1M,v4,4. + pilotage du risque,1000000,half_day_lag,2000-2026,38,vol,0.21464
v4_1M,v4,4. + pilotage du risque,1000000,half_day_lag,2010-2026,38,vol,0.21231
v4_1M,v4,4. + pilotage du risque,1000000,half_day_lag,2015-2026,38,vol,0.21543
v4_1M,v4,4. + pilotage du risque,1000000,half_day_lag,2023-07_2026-07,38,vol,0.21161
v5_100k,v5,5. Les deux,100000,same_close,2000-2026,14,vol,0.21402
v5_100k,v5,5. Les deux,100000,same_close,2010-2026,14,vol,0.21357
v5_100k,v5,5. Les deux,100000,same_close,2015-2026,14,vol,0.21474
v5_100k,v5,5. Les deux,100000,same_close,2023-07_2026-07,14,vol,0.21079
v5_100k,v5,5. Les deux,100000,half_day_lag,2000-2026,14,vol,0.21501
v5_100k,v5,5. Les deux,100000,half_day_lag,2010-2026,14,vol,0.21488
v5_100k,v5,5. Les deux,100000,half_day_lag,2015-2026,14,vol,0.21611
v5_100k,v5,5. Les deux,100000,half_day_lag,2023-07_2026-07,14,vol,0.21146
v5_250k,v5,5. Les deux,250000,same_close,2000-2026,24,vol,0.21408
v5_250k,v5,5. Les deux,250000,same_close,2010-2026,24,vol,0.21458
v5_250k,v5,5. Les deux,250000,same_close,2015-2026,24,vol,0.21615
v5_250k,v5,5. Les deux,250000,same_close,2023-07_2026-07,24,vol,0.21085
v5_250k,v5,5. Les deux,250000,half_day_lag,2000-2026,24,vol,0.21533
v5_250k,v5,5. Les deux,250000,half_day_lag,2010-2026,24,vol,0.21621
v5_250k,v5,5. Les deux,250000,half_day_lag,2015-2026,24,vol,0.21807
v5_250k,v5,5. Les deux,250000,half_day_lag,2023-07_2026-07,24,vol,0.21074
v5_1M,v5,5. Les deux,1000000,same_close,2000-2026,40,vol,0.21411
v5_1M,v5,5. Les deux,1000000,same_close,2010-2026,40,vol,0.21425
v5_1M,v5,5. Les deux,1000000,same_close,2015-2026,40,vol,0.21569
v5_1M,v5,5. Les deux,1000000,same_close,2023-07_2026-07,40,vol,0.21112
v5_1M,v5,5. Les deux,1000000,half_day_lag,2000-2026,40,vol,0.21539
v5_1M,v5,5. Les deux,1000000,half_day_lag,2010-2026,40,vol,0.216
v5_1M,v5,5. Les deux,1000000,half_day_lag,2015-2026,40,vol,0.21801
v5_1M,v5,5. Les deux,1000000,half_day_lag,2023-07_2026-07,40,vol,0.2118
v1_100k,v1,1. Montant fixe,100000,same_close,2000-2026,13,sharpe,0.17214
v1_100k,v1,1. Montant fixe,100000,same_close,2010-2026,13,sharpe,0.049811
v1_100k,v1,1. Montant fixe,100000,same_close,2015-2026,13,sharpe,-0.032688
v1_100k,v1,1. Montant fixe,100000,same_close,2023-07_2026-07,13,sharpe,-0.39099
v1_100k,v1,1. Montant fixe,100000,half_day_lag,2000-2026,13,sharpe,0.19176
v1_100k,v1,1. Montant fixe,100000,half_day_lag,2010-2026,13,sharpe,0.066005
v1_100k,v1,1. Montant fixe,100000,half_day_lag,2015-2026,13,sharpe,-0.013088
v1_100k,v1,1. Montant fixe,100000,half_day_lag,2023-07_2026-07,13,sharpe,-0.37465
v1_250k,v1,1. Montant fixe,250000,same_close,2000-2026,21,sharpe,0.23375
v1_250k,v1,1. Montant fixe,250000,same_close,2010-2026,21,sharpe,-0.024215
v1_250k,v1,1. Montant fixe,250000,same_close,2015-2026,21,sharpe,-0.041936
v1_250k,v1,1. Montant fixe,250000,same_close,2023-07_2026-07,21,sharpe,-0.7427
v1_250k,v1,1. Montant fixe,250000,half_day_lag,2000-2026,21,sharpe,0.24055
v1_250k,v1,1. Montant fixe,250000,half_day_lag,2010-2026,21,sharpe,-0.01434
v1_250k,v1,1. Montant fixe,250000,half_day_lag,2015-2026,21,sharpe,-0.032646
v1_250k,v1,1. Montant fixe,250000,half_day_lag,2023-07_2026-07,21,sharpe,-0.7182
v1_1M,v1,1. Montant fixe,1000000,same_close,2000-2026,36,sharpe,0.25341
v1_1M,v1,1. Montant fixe,1000000,same_close,2010-2026,36,sharpe,0.00078502
v1_1M,v1,1. Montant fixe,1000000,same_close,2015-2026,36,sharpe,-0.081539
v1_1M,v1,1. Montant fixe,1000000,same_close,2023-07_2026-07,36,sharpe,-0.57359
v1_1M,v1,1. Montant fixe,1000000,half_day_lag,2000-2026,36,sharpe,0.2625
v1_1M,v1,1. Montant fixe,1000000,half_day_lag,2010-2026,36,sharpe,0.014638
v1_1M,v1,1. Montant fixe,1000000,half_day_lag,2015-2026,36,sharpe,-0.072438
v1_1M,v1,1. Montant fixe,1000000,half_day_lag,2023-07_2026-07,36,sharpe,-0.55881
v2_100k,v2,2. Systeme actuel,100000,same_close,2000-2026,13,sharpe,0.41572
v2_100k,v2,2. Systeme actuel,100000,same_close,2010-2026,13,sharpe,0.24839
v2_100k,v2,2. Systeme actuel,100000,same_close,2015-2026,13,sharpe,0.1416
v2_100k,v2,2. Systeme actuel,100000,same_close,2023-07_2026-07,13,sharpe,0.0842
v2_100k,v2,2. Systeme actuel,100000,half_day_lag,2000-2026,13,sharpe,0.41709
v2_100k,v2,2. Systeme actuel,100000,half_day_lag,2010-2026,13,sharpe,0.25477
v2_100k,v2,2. Systeme actuel,100000,half_day_lag,2015-2026,13,sharpe,0.14535
v2_100k,v2,2. Systeme actuel,100000,half_day_lag,2023-07_2026-07,13,sharpe,0.096438
v2_250k,v2,2. Systeme actuel,250000,same_close,2000-2026,21,sharpe,0.54095
v2_250k,v2,2. Systeme actuel,250000,same_close,2010-2026,21,sharpe,0.28933
v2_250k,v2,2. Systeme actuel,250000,same_close,2015-2026,21,sharpe,0.24877
v2_250k,v2,2. Systeme actuel,250000,same_close,2023-07_2026-07,21,sharpe,-0.29872
v2_250k,v2,2. Systeme actuel,250000,half_day_lag,2000-2026,21,sharpe,0.54556
v2_250k,v2,2. Systeme actuel,250000,half_day_lag,2010-2026,21,sharpe,0.29366
v2_250k,v2,2. Systeme actuel,250000,half_day_lag,2015-2026,21,sharpe,0.25542
v2_250k,v2,2. Systeme actuel,250000,half_day_lag,2023-07_2026-07,21,sharpe,-0.28938
v2_1M,v2,2. Systeme actuel,1000000,same_close,2000-2026,36,sharpe,0.54302
v2_1M,v2,2. Systeme actuel,1000000,same_close,2010-2026,36,sharpe,0.2607
v2_1M,v2,2. Systeme actuel,1000000,same_close,2015-2026,36,sharpe,0.20778
v2_1M,v2,2. Systeme actuel,1000000,same_close,2023-07_2026-07,36,sharpe,-0.34708
v2_1M,v2,2. Systeme actuel,1000000,half_day_lag,2000-2026,36,sharpe,0.5405
v2_1M,v2,2. Systeme actuel,1000000,half_day_lag,2010-2026,36,sharpe,0.26414
v2_1M,v2,2. Systeme actuel,1000000,half_day_lag,2015-2026,36,sharpe,0.21291
v2_1M,v2,2. Systeme actuel,1000000,half_day_lag,2023-07_2026-07,36,sharpe,-0.34875
v3_100k,v3,3. + strategie 13,100000,same_close,2000-2026,14,sharpe,0.46815
v3_100k,v3,3. + strategie 13,100000,same_close,2010-2026,14,sharpe,0.29161
v3_100k,v3,3. + strategie 13,100000,same_close,2015-2026,14,sharpe,0.21584
v3_100k,v3,3. + strategie 13,100000,same_close,2023-07_2026-07,14,sharpe,0.13402
v3_100k,v3,3. + strategie 13,100000,half_day_lag,2000-2026,14,sharpe,0.45476
v3_100k,v3,3. + strategie 13,100000,half_day_lag,2010-2026,14,sharpe,0.284
v3_100k,v3,3. + strategie 13,100000,half_day_lag,2015-2026,14,sharpe,0.19835
v3_100k,v3,3. + strategie 13,100000,half_day_lag,2023-07_2026-07,14,sharpe,0.12236
v3_250k,v3,3. + strategie 13,250000,same_close,2000-2026,22,sharpe,0.62011
v3_250k,v3,3. + strategie 13,250000,same_close,2010-2026,22,sharpe,0.37751
v3_250k,v3,3. + strategie 13,250000,same_close,2015-2026,22,sharpe,0.33654
v3_250k,v3,3. + strategie 13,250000,same_close,2023-07_2026-07,22,sharpe,-0.31064
v3_250k,v3,3. + strategie 13,250000,half_day_lag,2000-2026,22,sharpe,0.61172
v3_250k,v3,3. + strategie 13,250000,half_day_lag,2010-2026,22,sharpe,0.36765
v3_250k,v3,3. + strategie 13,250000,half_day_lag,2015-2026,22,sharpe,0.32355
v3_250k,v3,3. + strategie 13,250000,half_day_lag,2023-07_2026-07,22,sharpe,-0.31445
v3_1M,v3,3. + strategie 13,1000000,same_close,2000-2026,37,sharpe,0.62146
v3_1M,v3,3. + strategie 13,1000000,same_close,2010-2026,37,sharpe,0.32516
v3_1M,v3,3. + strategie 13,1000000,same_close,2015-2026,37,sharpe,0.31455
v3_1M,v3,3. + strategie 13,1000000,same_close,2023-07_2026-07,37,sharpe,-0.21679
v3_1M,v3,3. + strategie 13,1000000,half_day_lag,2000-2026,37,sharpe,0.61361
v3_1M,v3,3. + strategie 13,1000000,half_day_lag,2010-2026,37,sharpe,0.32045
v3_1M,v3,3. + strategie 13,1000000,half_day_lag,2015-2026,37,sharpe,0.30582
v3_1M,v3,3. + strategie 13,1000000,half_day_lag,2023-07_2026-07,37,sharpe,-0.22338
v4_100k,v4,4. + pilotage du risque,100000,same_close,2000-2026,13,sharpe,0.51961
v4_100k,v4,4. + pilotage du risque,100000,same_close,2010-2026,13,sharpe,0.37279
v4_100k,v4,4. + pilotage du risque,100000,same_close,2015-2026,13,sharpe,0.20168
v4_100k,v4,4. + pilotage du risque,100000,same_close,2023-07_2026-07,13,sharpe,0.29593
v4_100k,v4,4. + pilotage du risque,100000,half_day_lag,2000-2026,13,sharpe,0.5338
v4_100k,v4,4. + pilotage du risque,100000,half_day_lag,2010-2026,13,sharpe,0.39254
v4_100k,v4,4. + pilotage du risque,100000,half_day_lag,2015-2026,13,sharpe,0.21939
v4_100k,v4,4. + pilotage du risque,100000,half_day_lag,2023-07_2026-07,13,sharpe,0.28622
v4_250k,v4,4. + pilotage du risque,250000,same_close,2000-2026,23,sharpe,0.63625
v4_250k,v4,4. + pilotage du risque,250000,same_close,2010-2026,23,sharpe,0.3965
v4_250k,v4,4. + pilotage du risque,250000,same_close,2015-2026,23,sharpe,0.30796
v4_250k,v4,4. + pilotage du risque,250000,same_close,2023-07_2026-07,23,sharpe,-0.3138
v4_250k,v4,4. + pilotage du risque,250000,half_day_lag,2000-2026,23,sharpe,0.64024
v4_250k,v4,4. + pilotage du risque,250000,half_day_lag,2010-2026,23,sharpe,0.39268
v4_250k,v4,4. + pilotage du risque,250000,half_day_lag,2015-2026,23,sharpe,0.30434
v4_250k,v4,4. + pilotage du risque,250000,half_day_lag,2023-07_2026-07,23,sharpe,-0.35489
v4_1M,v4,4. + pilotage du risque,1000000,same_close,2000-2026,38,sharpe,0.63455
v4_1M,v4,4. + pilotage du risque,1000000,same_close,2010-2026,38,sharpe,0.39605
v4_1M,v4,4. + pilotage du risque,1000000,same_close,2015-2026,38,sharpe,0.26009
v4_1M,v4,4. + pilotage du risque,1000000,same_close,2023-07_2026-07,38,sharpe,-0.15592
v4_1M,v4,4. + pilotage du risque,1000000,half_day_lag,2000-2026,38,sharpe,0.61863
v4_1M,v4,4. + pilotage du risque,1000000,half_day_lag,2010-2026,38,sharpe,0.37235
v4_1M,v4,4. + pilotage du risque,1000000,half_day_lag,2015-2026,38,sharpe,0.2426
v4_1M,v4,4. + pilotage du risque,1000000,half_day_lag,2023-07_2026-07,38,sharpe,-0.18168
v5_100k,v5,5. Les deux,100000,same_close,2000-2026,14,sharpe,0.56588
v5_100k,v5,5. Les deux,100000,same_close,2010-2026,14,sharpe,0.40573
v5_100k,v5,5. Les deux,100000,same_close,2015-2026,14,sharpe,0.31229
v5_100k,v5,5. Les deux,100000,same_close,2023-07_2026-07,14,sharpe,0.38843
v5_100k,v5,5. Les deux,100000,half_day_lag,2000-2026,14,sharpe,0.55541
v5_100k,v5,5. Les deux,100000,half_day_lag,2010-2026,14,sharpe,0.40102
v5_100k,v5,5. Les deux,100000,half_day_lag,2015-2026,14,sharpe,0.3041
v5_100k,v5,5. Les deux,100000,half_day_lag,2023-07_2026-07,14,sharpe,0.37533
v5_250k,v5,5. Les deux,250000,same_close,2000-2026,24,sharpe,0.69358
v5_250k,v5,5. Les deux,250000,same_close,2010-2026,24,sharpe,0.4208
v5_250k,v5,5. Les deux,250000,same_close,2015-2026,24,sharpe,0.3182
v5_250k,v5,5. Les deux,250000,same_close,2023-07_2026-07,24,sharpe,-0.31533
v5_250k,v5,5. Les deux,250000,half_day_lag,2000-2026,24,sharpe,0.68149
v5_250k,v5,5. Les deux,250000,half_day_lag,2010-2026,24,sharpe,0.41619
v5_250k,v5,5. Les deux,250000,half_day_lag,2015-2026,24,sharpe,0.30637
v5_250k,v5,5. Les deux,250000,half_day_lag,2023-07_2026-07,24,sharpe,-0.3329
v5_1M,v5,5. Les deux,1000000,same_close,2000-2026,40,sharpe,0.69986
v5_1M,v5,5. Les deux,1000000,same_close,2010-2026,40,sharpe,0.38942
v5_1M,v5,5. Les deux,1000000,same_close,2015-2026,40,sharpe,0.32884
v5_1M,v5,5. Les deux,1000000,same_close,2023-07_2026-07,40,sharpe,-0.11682
v5_1M,v5,5. Les deux,1000000,half_day_lag,2000-2026,40,sharpe,0.68948
v5_1M,v5,5. Les deux,1000000,half_day_lag,2010-2026,40,sharpe,0.37659
v5_1M,v5,5. Les deux,1000000,half_day_lag,2015-2026,40,sharpe,0.30891
v5_1M,v5,5. Les deux,1000000,half_day_lag,2023-07_2026-07,40,sharpe,-0.13561
v1_100k,v1,1. Montant fixe,100000,same_close,2000-2026,13,sharpe_all_in,0.14211
v1_100k,v1,1. Montant fixe,100000,same_close,2010-2026,13,sharpe_all_in,0.018899
v1_100k,v1,1. Montant fixe,100000,same_close,2015-2026,13,sharpe_all_in,-0.07021
v1_100k,v1,1. Montant fixe,100000,same_close,2023-07_2026-07,13,sharpe_all_in,-0.45621
v1_100k,v1,1. Montant fixe,100000,half_day_lag,2000-2026,13,sharpe_all_in,0.16168
v1_100k,v1,1. Montant fixe,100000,half_day_lag,2010-2026,13,sharpe_all_in,0.035062
v1_100k,v1,1. Montant fixe,100000,half_day_lag,2015-2026,13,sharpe_all_in,-0.050642
v1_100k,v1,1. Montant fixe,100000,half_day_lag,2023-07_2026-07,13,sharpe_all_in,-0.43985
v1_250k,v1,1. Montant fixe,250000,same_close,2000-2026,21,sharpe_all_in,0.21195
v1_250k,v1,1. Montant fixe,250000,same_close,2010-2026,21,sharpe_all_in,-0.046747
v1_250k,v1,1. Montant fixe,250000,same_close,2015-2026,21,sharpe_all_in,-0.070242
v1_250k,v1,1. Montant fixe,250000,same_close,2023-07_2026-07,21,sharpe_all_in,-0.80081
v1_250k,v1,1. Montant fixe,250000,half_day_lag,2000-2026,21,sharpe_all_in,0.21871
v1_250k,v1,1. Montant fixe,250000,half_day_lag,2010-2026,21,sharpe_all_in,-0.03689
v1_250k,v1,1. Montant fixe,250000,half_day_lag,2015-2026,21,sharpe_all_in,-0.060989
v1_250k,v1,1. Montant fixe,250000,half_day_lag,2023-07_2026-07,21,sharpe_all_in,-0.77638
v1_1M,v1,1. Montant fixe,1000000,same_close,2000-2026,36,sharpe_all_in,0.23503
v1_1M,v1,1. Montant fixe,1000000,same_close,2010-2026,36,sharpe_all_in,-0.017861
v1_1M,v1,1. Montant fixe,1000000,same_close,2015-2026,36,sharpe_all_in,-0.10602
v1_1M,v1,1. Montant fixe,1000000,same_close,2023-07_2026-07,36,sharpe_all_in,-0.62548
v1_1M,v1,1. Montant fixe,1000000,half_day_lag,2000-2026,36,sharpe_all_in,0.24408
v1_1M,v1,1. Montant fixe,1000000,half_day_lag,2010-2026,36,sharpe_all_in,-0.0040232
v1_1M,v1,1. Montant fixe,1000000,half_day_lag,2015-2026,36,sharpe_all_in,-0.096943
v1_1M,v1,1. Montant fixe,1000000,half_day_lag,2023-07_2026-07,36,sharpe_all_in,-0.61071
v2_100k,v2,2. Systeme actuel,100000,same_close,2000-2026,13,sharpe_all_in,0.36407
v2_100k,v2,2. Systeme actuel,100000,same_close,2010-2026,13,sharpe_all_in,0.19884
v2_100k,v2,2. Systeme actuel,100000,same_close,2015-2026,13,sharpe_all_in,0.082372
v2_100k,v2,2. Systeme actuel,100000,same_close,2023-07_2026-07,13,sharpe_all_in,-0.0025722
v2_100k,v2,2. Systeme actuel,100000,half_day_lag,2000-2026,13,sharpe_all_in,0.36545
v2_100k,v2,2. Systeme actuel,100000,half_day_lag,2010-2026,13,sharpe_all_in,0.20533
v2_100k,v2,2. Systeme actuel,100000,half_day_lag,2015-2026,13,sharpe_all_in,0.086295
v2_100k,v2,2. Systeme actuel,100000,half_day_lag,2023-07_2026-07,13,sharpe_all_in,0.0098281
v2_250k,v2,2. Systeme actuel,250000,same_close,2000-2026,21,sharpe_all_in,0.50316
v2_250k,v2,2. Systeme actuel,250000,same_close,2010-2026,21,sharpe_all_in,0.25421
v2_250k,v2,2. Systeme actuel,250000,same_close,2015-2026,21,sharpe_all_in,0.2054
v2_250k,v2,2. Systeme actuel,250000,same_close,2023-07_2026-07,21,sharpe_all_in,-0.37565
v2_250k,v2,2. Systeme actuel,250000,half_day_lag,2000-2026,21,sharpe_all_in,0.50787
v2_250k,v2,2. Systeme actuel,250000,half_day_lag,2010-2026,21,sharpe_all_in,0.25869
v2_250k,v2,2. Systeme actuel,250000,half_day_lag,2015-2026,21,sharpe_all_in,0.21232
v2_250k,v2,2. Systeme actuel,250000,half_day_lag,2023-07_2026-07,21,sharpe_all_in,-0.36627
v2_1M,v2,2. Systeme actuel,1000000,same_close,2000-2026,36,sharpe_all_in,0.51483
v2_1M,v2,2. Systeme actuel,1000000,same_close,2010-2026,36,sharpe_all_in,0.23554
v2_1M,v2,2. Systeme actuel,1000000,same_close,2015-2026,36,sharpe_all_in,0.17521
v2_1M,v2,2. Systeme actuel,1000000,same_close,2023-07_2026-07,36,sharpe_all_in,-0.41131
v2_1M,v2,2. Systeme actuel,1000000,half_day_lag,2000-2026,36,sharpe_all_in,0.51236
v2_1M,v2,2. Systeme actuel,1000000,half_day_lag,2010-2026,36,sharpe_all_in,0.23907
v2_1M,v2,2. Systeme actuel,1000000,half_day_lag,2015-2026,36,sharpe_all_in,0.18048
v2_1M,v2,2. Systeme actuel,1000000,half_day_lag,2023-07_2026-07,36,sharpe_all_in,-0.41268
v3_100k,v3,3. + strategie 13,100000,same_close,2000-2026,14,sharpe_all_in,0.41927
v3_100k,v3,3. + strategie 13,100000,same_close,2010-2026,14,sharpe_all_in,0.24682
v3_100k,v3,3. + strategie 13,100000,same_close,2015-2026,14,sharpe_all_in,0.16149
v3_100k,v3,3. + strategie 13,100000,same_close,2023-07_2026-07,14,sharpe_all_in,0.04572
v3_100k,v3,3. + strategie 13,100000,half_day_lag,2000-2026,14,sharpe_all_in,0.40608
v3_100k,v3,3. + strategie 13,100000,half_day_lag,2010-2026,14,sharpe_all_in,0.23949
v3_100k,v3,3. + strategie 13,100000,half_day_lag,2015-2026,14,sharpe_all_in,0.14445
v3_100k,v3,3. + strategie 13,100000,half_day_lag,2023-07_2026-07,14,sharpe_all_in,0.034398
v3_250k,v3,3. + strategie 13,250000,same_close,2000-2026,22,sharpe_all_in,0.58372
v3_250k,v3,3. + strategie 13,250000,same_close,2010-2026,22,sharpe_all_in,0.34543
v3_250k,v3,3. + strategie 13,250000,same_close,2015-2026,22,sharpe_all_in,0.29539
v3_250k,v3,3. + strategie 13,250000,same_close,2023-07_2026-07,22,sharpe_all_in,-0.38806
v3_250k,v3,3. + strategie 13,250000,half_day_lag,2000-2026,22,sharpe_all_in,0.57544
v3_250k,v3,3. + strategie 13,250000,half_day_lag,2010-2026,22,sharpe_all_in,0.33574
v3_250k,v3,3. + strategie 13,250000,half_day_lag,2015-2026,22,sharpe_all_in,0.28272
v3_250k,v3,3. + strategie 13,250000,half_day_lag,2023-07_2026-07,22,sharpe_all_in,-0.39145
v3_1M,v3,3. + strategie 13,1000000,same_close,2000-2026,37,sharpe_all_in,0.59315
v3_1M,v3,3. + strategie 13,1000000,same_close,2010-2026,37,sharpe_all_in,0.30142
v3_1M,v3,3. + strategie 13,1000000,same_close,2015-2026,37,sharpe_all_in,0.28295
v3_1M,v3,3. + strategie 13,1000000,same_close,2023-07_2026-07,37,sharpe_all_in,-0.28161
v3_1M,v3,3. + strategie 13,1000000,half_day_lag,2000-2026,37,sharpe_all_in,0.58539
v3_1M,v3,3. + strategie 13,1000000,half_day_lag,2010-2026,37,sharpe_all_in,0.29683
v3_1M,v3,3. + strategie 13,1000000,half_day_lag,2015-2026,37,sharpe_all_in,0.27443
v3_1M,v3,3. + strategie 13,1000000,half_day_lag,2023-07_2026-07,37,sharpe_all_in,-0.28791
v4_100k,v4,4. + pilotage du risque,100000,same_close,2000-2026,13,sharpe_all_in,0.46892
v4_100k,v4,4. + pilotage du risque,100000,same_close,2010-2026,13,sharpe_all_in,0.32848
v4_100k,v4,4. + pilotage du risque,100000,same_close,2015-2026,13,sharpe_all_in,0.14804
v4_100k,v4,4. + pilotage du risque,100000,same_close,2023-07_2026-07,13,sharpe_all_in,0.21219
v4_100k,v4,4. + pilotage du risque,100000,half_day_lag,2000-2026,13,sharpe_all_in,0.48327
v4_100k,v4,4. + pilotage du risque,100000,half_day_lag,2010-2026,13,sharpe_all_in,0.3484
v4_100k,v4,4. + pilotage du risque,100000,half_day_lag,2015-2026,13,sharpe_all_in,0.16601
v4_100k,v4,4. + pilotage du risque,100000,half_day_lag,2023-07_2026-07,13,sharpe_all_in,0.20279
v4_250k,v4,4. + pilotage du risque,250000,same_close,2000-2026,23,sharpe_all_in,0.59954
v4_250k,v4,4. + pilotage du risque,250000,same_close,2010-2026,23,sharpe_all_in,0.3657
v4_250k,v4,4. + pilotage du risque,250000,same_close,2015-2026,23,sharpe_all_in,0.26893
v4_250k,v4,4. + pilotage du risque,250000,same_close,2023-07_2026-07,23,sharpe_all_in,-0.37895
v4_250k,v4,4. + pilotage du risque,250000,half_day_lag,2000-2026,23,sharpe_all_in,0.60379
v4_250k,v4,4. + pilotage du risque,250000,half_day_lag,2010-2026,23,sharpe_all_in,0.36218
v4_250k,v4,4. + pilotage du risque,250000,half_day_lag,2015-2026,23,sharpe_all_in,0.26579
v4_250k,v4,4. + pilotage du risque,250000,half_day_lag,2023-07_2026-07,23,sharpe_all_in,-0.41992
v4_1M,v4,4. + pilotage du risque,1000000,same_close,2000-2026,38,sharpe_all_in,0.60531
v4_1M,v4,4. + pilotage du risque,1000000,same_close,2010-2026,38,sharpe_all_in,0.37228
v4_1M,v4,4. + pilotage du risque,1000000,same_close,2015-2026,38,sharpe_all_in,0.22865
v4_1M,v4,4. + pilotage du risque,1000000,same_close,2023-07_2026-07,38,sharpe_all_in,-0.21157
v4_1M,v4,4. + pilotage du risque,1000000,half_day_lag,2000-2026,38,sharpe_all_in,0.58964
v4_1M,v4,4. + pilotage du risque,1000000,half_day_lag,2010-2026,38,sharpe_all_in,0.34884
v4_1M,v4,4. + pilotage du risque,1000000,half_day_lag,2015-2026,38,sharpe_all_in,0.21162
v4_1M,v4,4. + pilotage du risque,1000000,half_day_lag,2023-07_2026-07,38,sharpe_all_in,-0.23693
v5_100k,v5,5. Les deux,100000,same_close,2000-2026,14,sharpe_all_in,0.51525
v5_100k,v5,5. Les deux,100000,same_close,2010-2026,14,sharpe_all_in,0.36196
v5_100k,v5,5. Les deux,100000,same_close,2015-2026,14,sharpe_all_in,0.25926
v5_100k,v5,5. Les deux,100000,same_close,2023-07_2026-07,14,sharpe_all_in,0.30337
v5_100k,v5,5. Les deux,100000,half_day_lag,2000-2026,14,sharpe_all_in,0.50504
v5_100k,v5,5. Les deux,100000,half_day_lag,2010-2026,14,sharpe_all_in,0.35755
v5_100k,v5,5. Les deux,100000,half_day_lag,2015-2026,14,sharpe_all_in,0.25144
v5_100k,v5,5. Les deux,100000,half_day_lag,2023-07_2026-07,14,sharpe_all_in,0.2906
v5_250k,v5,5. Les deux,250000,same_close,2000-2026,24,sharpe_all_in,0.65688
v5_250k,v5,5. Les deux,250000,same_close,2010-2026,24,sharpe_all_in,0.39006
v5_250k,v5,5. Les deux,250000,same_close,2015-2026,24,sharpe_all_in,0.27904
v5_250k,v5,5. Les deux,250000,same_close,2023-07_2026-07,24,sharpe_all_in,-0.38259
v5_250k,v5,5. Les deux,250000,half_day_lag,2000-2026,24,sharpe_all_in,0.64504
v5_250k,v5,5. Les deux,250000,half_day_lag,2010-2026,24,sharpe_all_in,0.38572
v5_250k,v5,5. Les deux,250000,half_day_lag,2015-2026,24,sharpe_all_in,0.26762
v5_250k,v5,5. Les deux,250000,half_day_lag,2023-07_2026-07,24,sharpe_all_in,-0.40014
v5_1M,v5,5. Les deux,1000000,same_close,2000-2026,40,sharpe_all_in,0.67029
v5_1M,v5,5. Les deux,1000000,same_close,2010-2026,40,sharpe_all_in,0.36553
v5_1M,v5,5. Les deux,1000000,same_close,2015-2026,40,sharpe_all_in,0.29705
v5_1M,v5,5. Les deux,1000000,same_close,2023-07_2026-07,40,sharpe_all_in,-0.174
v5_1M,v5,5. Les deux,1000000,half_day_lag,2000-2026,40,sharpe_all_in,0.66013
v5_1M,v5,5. Les deux,1000000,half_day_lag,2010-2026,40,sharpe_all_in,0.35294
v5_1M,v5,5. Les deux,1000000,half_day_lag,2015-2026,40,sharpe_all_in,0.27753
v5_1M,v5,5. Les deux,1000000,half_day_lag,2023-07_2026-07,40,sharpe_all_in,-0.19255
v1_100k,v1,1. Montant fixe,100000,same_close,2000-2026,13,maxdd_excess,-0.88739
v1_100k,v1,1. Montant fixe,100000,same_close,2010-2026,13,maxdd_excess,-0.8243
v1_100k,v1,1. Montant fixe,100000,same_close,2015-2026,13,maxdd_excess,-0.78908
v1_100k,v1,1. Montant fixe,100000,same_close,2023-07_2026-07,13,maxdd_excess,-0.47302
v1_100k,v1,1. Montant fixe,100000,half_day_lag,2000-2026,13,maxdd_excess,-0.87676
v1_100k,v1,1. Montant fixe,100000,half_day_lag,2010-2026,13,maxdd_excess,-0.81579
v1_100k,v1,1. Montant fixe,100000,half_day_lag,2015-2026,13,maxdd_excess,-0.78153
v1_100k,v1,1. Montant fixe,100000,half_day_lag,2023-07_2026-07,13,maxdd_excess,-0.46197
v1_250k,v1,1. Montant fixe,250000,same_close,2000-2026,21,maxdd_excess,-0.88691
v1_250k,v1,1. Montant fixe,250000,same_close,2010-2026,21,maxdd_excess,-0.77818
v1_250k,v1,1. Montant fixe,250000,same_close,2015-2026,21,maxdd_excess,-0.76016
v1_250k,v1,1. Montant fixe,250000,same_close,2023-07_2026-07,21,maxdd_excess,-0.48854
v1_250k,v1,1. Montant fixe,250000,half_day_lag,2000-2026,21,maxdd_excess,-0.88232
v1_250k,v1,1. Montant fixe,250000,half_day_lag,2010-2026,21,maxdd_excess,-0.77516
v1_250k,v1,1. Montant fixe,250000,half_day_lag,2015-2026,21,maxdd_excess,-0.75975
v1_250k,v1,1. Montant fixe,250000,half_day_lag,2023-07_2026-07,21,maxdd_excess,-0.48433
v1_1M,v1,1. Montant fixe,1000000,same_close,2000-2026,36,maxdd_excess,-0.83672
v1_1M,v1,1. Montant fixe,1000000,same_close,2010-2026,36,maxdd_excess,-0.749
v1_1M,v1,1. Montant fixe,1000000,same_close,2015-2026,36,maxdd_excess,-0.72232
v1_1M,v1,1. Montant fixe,1000000,same_close,2023-07_2026-07,36,maxdd_excess,-0.41258
v1_1M,v1,1. Montant fixe,1000000,half_day_lag,2000-2026,36,maxdd_excess,-0.82569
v1_1M,v1,1. Montant fixe,1000000,half_day_lag,2010-2026,36,maxdd_excess,-0.74115
v1_1M,v1,1. Montant fixe,1000000,half_day_lag,2015-2026,36,maxdd_excess,-0.72111
v1_1M,v1,1. Montant fixe,1000000,half_day_lag,2023-07_2026-07,36,maxdd_excess,-0.40807
v2_100k,v2,2. Systeme actuel,100000,same_close,2000-2026,13,maxdd_excess,-0.47012
v2_100k,v2,2. Systeme actuel,100000,same_close,2010-2026,13,maxdd_excess,-0.47012
v2_100k,v2,2. Systeme actuel,100000,same_close,2015-2026,13,maxdd_excess,-0.47012
v2_100k,v2,2. Systeme actuel,100000,same_close,2023-07_2026-07,13,maxdd_excess,-0.20737
v2_100k,v2,2. Systeme actuel,100000,half_day_lag,2000-2026,13,maxdd_excess,-0.4834
v2_100k,v2,2. Systeme actuel,100000,half_day_lag,2010-2026,13,maxdd_excess,-0.4834
v2_100k,v2,2. Systeme actuel,100000,half_day_lag,2015-2026,13,maxdd_excess,-0.4834
v2_100k,v2,2. Systeme actuel,100000,half_day_lag,2023-07_2026-07,13,maxdd_excess,-0.20288
v2_250k,v2,2. Systeme actuel,250000,same_close,2000-2026,21,maxdd_excess,-0.38377
v2_250k,v2,2. Systeme actuel,250000,same_close,2010-2026,21,maxdd_excess,-0.38377
v2_250k,v2,2. Systeme actuel,250000,same_close,2015-2026,21,maxdd_excess,-0.38377
v2_250k,v2,2. Systeme actuel,250000,same_close,2023-07_2026-07,21,maxdd_excess,-0.29995
v2_250k,v2,2. Systeme actuel,250000,half_day_lag,2000-2026,21,maxdd_excess,-0.38518
v2_250k,v2,2. Systeme actuel,250000,half_day_lag,2010-2026,21,maxdd_excess,-0.38518
v2_250k,v2,2. Systeme actuel,250000,half_day_lag,2015-2026,21,maxdd_excess,-0.38518
v2_250k,v2,2. Systeme actuel,250000,half_day_lag,2023-07_2026-07,21,maxdd_excess,-0.30057
v2_1M,v2,2. Systeme actuel,1000000,same_close,2000-2026,36,maxdd_excess,-0.43526
v2_1M,v2,2. Systeme actuel,1000000,same_close,2010-2026,36,maxdd_excess,-0.43526
v2_1M,v2,2. Systeme actuel,1000000,same_close,2015-2026,36,maxdd_excess,-0.43526
v2_1M,v2,2. Systeme actuel,1000000,same_close,2023-07_2026-07,36,maxdd_excess,-0.2899
v2_1M,v2,2. Systeme actuel,1000000,half_day_lag,2000-2026,36,maxdd_excess,-0.43198
v2_1M,v2,2. Systeme actuel,1000000,half_day_lag,2010-2026,36,maxdd_excess,-0.43198
v2_1M,v2,2. Systeme actuel,1000000,half_day_lag,2015-2026,36,maxdd_excess,-0.43198
v2_1M,v2,2. Systeme actuel,1000000,half_day_lag,2023-07_2026-07,36,maxdd_excess,-0.29537
v3_100k,v3,3. + strategie 13,100000,same_close,2000-2026,14,maxdd_excess,-0.51258
v3_100k,v3,3. + strategie 13,100000,same_close,2010-2026,14,maxdd_excess,-0.51258
v3_100k,v3,3. + strategie 13,100000,same_close,2015-2026,14,maxdd_excess,-0.51258
v3_100k,v3,3. + strategie 13,100000,same_close,2023-07_2026-07,14,maxdd_excess,-0.24216
v3_100k,v3,3. + strategie 13,100000,half_day_lag,2000-2026,14,maxdd_excess,-0.51224
v3_100k,v3,3. + strategie 13,100000,half_day_lag,2010-2026,14,maxdd_excess,-0.51224
v3_100k,v3,3. + strategie 13,100000,half_day_lag,2015-2026,14,maxdd_excess,-0.51224
v3_100k,v3,3. + strategie 13,100000,half_day_lag,2023-07_2026-07,14,maxdd_excess,-0.24274
v3_250k,v3,3. + strategie 13,250000,same_close,2000-2026,22,maxdd_excess,-0.49213
v3_250k,v3,3. + strategie 13,250000,same_close,2010-2026,22,maxdd_excess,-0.49213
v3_250k,v3,3. + strategie 13,250000,same_close,2015-2026,22,maxdd_excess,-0.49213
v3_250k,v3,3. + strategie 13,250000,same_close,2023-07_2026-07,22,maxdd_excess,-0.30443
v3_250k,v3,3. + strategie 13,250000,half_day_lag,2000-2026,22,maxdd_excess,-0.49728
v3_250k,v3,3. + strategie 13,250000,half_day_lag,2010-2026,22,maxdd_excess,-0.49728
v3_250k,v3,3. + strategie 13,250000,half_day_lag,2015-2026,22,maxdd_excess,-0.49728
v3_250k,v3,3. + strategie 13,250000,half_day_lag,2023-07_2026-07,22,maxdd_excess,-0.31037
v3_1M,v3,3. + strategie 13,1000000,same_close,2000-2026,37,maxdd_excess,-0.45338
v3_1M,v3,3. + strategie 13,1000000,same_close,2010-2026,37,maxdd_excess,-0.45338
v3_1M,v3,3. + strategie 13,1000000,same_close,2015-2026,37,maxdd_excess,-0.45338
v3_1M,v3,3. + strategie 13,1000000,same_close,2023-07_2026-07,37,maxdd_excess,-0.27429
v3_1M,v3,3. + strategie 13,1000000,half_day_lag,2000-2026,37,maxdd_excess,-0.45365
v3_1M,v3,3. + strategie 13,1000000,half_day_lag,2010-2026,37,maxdd_excess,-0.45365
v3_1M,v3,3. + strategie 13,1000000,half_day_lag,2015-2026,37,maxdd_excess,-0.45365
v3_1M,v3,3. + strategie 13,1000000,half_day_lag,2023-07_2026-07,37,maxdd_excess,-0.28196
v4_100k,v4,4. + pilotage du risque,100000,same_close,2000-2026,13,maxdd_excess,-0.57142
v4_100k,v4,4. + pilotage du risque,100000,same_close,2010-2026,13,maxdd_excess,-0.57142
v4_100k,v4,4. + pilotage du risque,100000,same_close,2015-2026,13,maxdd_excess,-0.57142
v4_100k,v4,4. + pilotage du risque,100000,same_close,2023-07_2026-07,13,maxdd_excess,-0.22381
v4_100k,v4,4. + pilotage du risque,100000,half_day_lag,2000-2026,13,maxdd_excess,-0.56897
v4_100k,v4,4. + pilotage du risque,100000,half_day_lag,2010-2026,13,maxdd_excess,-0.56897
v4_100k,v4,4. + pilotage du risque,100000,half_day_lag,2015-2026,13,maxdd_excess,-0.56897
v4_100k,v4,4. + pilotage du risque,100000,half_day_lag,2023-07_2026-07,13,maxdd_excess,-0.23474
v4_250k,v4,4. + pilotage du risque,250000,same_close,2000-2026,23,maxdd_excess,-0.49657
v4_250k,v4,4. + pilotage du risque,250000,same_close,2010-2026,23,maxdd_excess,-0.49657
v4_250k,v4,4. + pilotage du risque,250000,same_close,2015-2026,23,maxdd_excess,-0.49657
v4_250k,v4,4. + pilotage du risque,250000,same_close,2023-07_2026-07,23,maxdd_excess,-0.3961
v4_250k,v4,4. + pilotage du risque,250000,half_day_lag,2000-2026,23,maxdd_excess,-0.4913
v4_250k,v4,4. + pilotage du risque,250000,half_day_lag,2010-2026,23,maxdd_excess,-0.4913
v4_250k,v4,4. + pilotage du risque,250000,half_day_lag,2015-2026,23,maxdd_excess,-0.4913
v4_250k,v4,4. + pilotage du risque,250000,half_day_lag,2023-07_2026-07,23,maxdd_excess,-0.41286
v4_1M,v4,4. + pilotage du risque,1000000,same_close,2000-2026,38,maxdd_excess,-0.49443
v4_1M,v4,4. + pilotage du risque,1000000,same_close,2010-2026,38,maxdd_excess,-0.49443
v4_1M,v4,4. + pilotage du risque,1000000,same_close,2015-2026,38,maxdd_excess,-0.49443
v4_1M,v4,4. + pilotage du risque,1000000,same_close,2023-07_2026-07,38,maxdd_excess,-0.38243
v4_1M,v4,4. + pilotage du risque,1000000,half_day_lag,2000-2026,38,maxdd_excess,-0.49481
v4_1M,v4,4. + pilotage du risque,1000000,half_day_lag,2010-2026,38,maxdd_excess,-0.49481
v4_1M,v4,4. + pilotage du risque,1000000,half_day_lag,2015-2026,38,maxdd_excess,-0.49481
v4_1M,v4,4. + pilotage du risque,1000000,half_day_lag,2023-07_2026-07,38,maxdd_excess,-0.40244
v5_100k,v5,5. Les deux,100000,same_close,2000-2026,14,maxdd_excess,-0.52217
v5_100k,v5,5. Les deux,100000,same_close,2010-2026,14,maxdd_excess,-0.52217
v5_100k,v5,5. Les deux,100000,same_close,2015-2026,14,maxdd_excess,-0.52217
v5_100k,v5,5. Les deux,100000,same_close,2023-07_2026-07,14,maxdd_excess,-0.213
v5_100k,v5,5. Les deux,100000,half_day_lag,2000-2026,14,maxdd_excess,-0.53765
v5_100k,v5,5. Les deux,100000,half_day_lag,2010-2026,14,maxdd_excess,-0.53765
v5_100k,v5,5. Les deux,100000,half_day_lag,2015-2026,14,maxdd_excess,-0.53765
v5_100k,v5,5. Les deux,100000,half_day_lag,2023-07_2026-07,14,maxdd_excess,-0.22145
v5_250k,v5,5. Les deux,250000,same_close,2000-2026,24,maxdd_excess,-0.53108
v5_250k,v5,5. Les deux,250000,same_close,2010-2026,24,maxdd_excess,-0.53108
v5_250k,v5,5. Les deux,250000,same_close,2015-2026,24,maxdd_excess,-0.53108
v5_250k,v5,5. Les deux,250000,same_close,2023-07_2026-07,24,maxdd_excess,-0.38782
v5_250k,v5,5. Les deux,250000,half_day_lag,2000-2026,24,maxdd_excess,-0.52987
v5_250k,v5,5. Les deux,250000,half_day_lag,2010-2026,24,maxdd_excess,-0.52987
v5_250k,v5,5. Les deux,250000,half_day_lag,2015-2026,24,maxdd_excess,-0.52987
v5_250k,v5,5. Les deux,250000,half_day_lag,2023-07_2026-07,24,maxdd_excess,-0.40304
v5_1M,v5,5. Les deux,1000000,same_close,2000-2026,40,maxdd_excess,-0.48482
v5_1M,v5,5. Les deux,1000000,same_close,2010-2026,40,maxdd_excess,-0.48482
v5_1M,v5,5. Les deux,1000000,same_close,2015-2026,40,maxdd_excess,-0.48482
v5_1M,v5,5. Les deux,1000000,same_close,2023-07_2026-07,40,maxdd_excess,-0.34
v5_1M,v5,5. Les deux,1000000,half_day_lag,2000-2026,40,maxdd_excess,-0.47899
v5_1M,v5,5. Les deux,1000000,half_day_lag,2010-2026,40,maxdd_excess,-0.47899
v5_1M,v5,5. Les deux,1000000,half_day_lag,2015-2026,40,maxdd_excess,-0.47899
v5_1M,v5,5. Les deux,1000000,half_day_lag,2023-07_2026-07,40,maxdd_excess,-0.35185
v1_100k,v1,1. Montant fixe,100000,same_close,2000-2026,13,maxdd_total_net,-0.88953
v1_100k,v1,1. Montant fixe,100000,same_close,2010-2026,13,maxdd_total_net,-0.82629
v1_100k,v1,1. Montant fixe,100000,same_close,2015-2026,13,maxdd_total_net,-0.7878
v1_100k,v1,1. Montant fixe,100000,same_close,2023-07_2026-07,13,maxdd_total_net,-0.45674
v1_100k,v1,1. Montant fixe,100000,half_day_lag,2000-2026,13,maxdd_total_net,-0.8791
v1_100k,v1,1. Montant fixe,100000,half_day_lag,2010-2026,13,maxdd_total_net,-0.81787
v1_100k,v1,1. Montant fixe,100000,half_day_lag,2015-2026,13,maxdd_total_net,-0.78021
v1_100k,v1,1. Montant fixe,100000,half_day_lag,2023-07_2026-07,13,maxdd_total_net,-0.44535
v1_250k,v1,1. Montant fixe,250000,same_close,2000-2026,21,maxdd_total_net,-0.88552
v1_250k,v1,1. Montant fixe,250000,same_close,2010-2026,21,maxdd_total_net,-0.77497
v1_250k,v1,1. Montant fixe,250000,same_close,2015-2026,21,maxdd_total_net,-0.75475
v1_250k,v1,1. Montant fixe,250000,same_close,2023-07_2026-07,21,maxdd_total_net,-0.44328
v1_250k,v1,1. Montant fixe,250000,half_day_lag,2000-2026,21,maxdd_total_net,-0.88088
v1_250k,v1,1. Montant fixe,250000,half_day_lag,2010-2026,21,maxdd_total_net,-0.77184
v1_250k,v1,1. Montant fixe,250000,half_day_lag,2015-2026,21,maxdd_total_net,-0.75434
v1_250k,v1,1. Montant fixe,250000,half_day_lag,2023-07_2026-07,21,maxdd_total_net,-0.44048
v1_1M,v1,1. Montant fixe,1000000,same_close,2000-2026,36,maxdd_total_net,-0.83219
v1_1M,v1,1. Montant fixe,1000000,same_close,2010-2026,36,maxdd_total_net,-0.74178
v1_1M,v1,1. Montant fixe,1000000,same_close,2015-2026,36,maxdd_total_net,-0.71389
v1_1M,v1,1. Montant fixe,1000000,same_close,2023-07_2026-07,36,maxdd_total_net,-0.37986
v1_1M,v1,1. Montant fixe,1000000,half_day_lag,2000-2026,36,maxdd_total_net,-0.82085
v1_1M,v1,1. Montant fixe,1000000,half_day_lag,2010-2026,36,maxdd_total_net,-0.73371
v1_1M,v1,1. Montant fixe,1000000,half_day_lag,2015-2026,36,maxdd_total_net,-0.71264
v1_1M,v1,1. Montant fixe,1000000,half_day_lag,2023-07_2026-07,36,maxdd_total_net,-0.37745
v2_100k,v2,2. Systeme actuel,100000,same_close,2000-2026,13,maxdd_total_net,-0.46598
v2_100k,v2,2. Systeme actuel,100000,same_close,2010-2026,13,maxdd_total_net,-0.46598
v2_100k,v2,2. Systeme actuel,100000,same_close,2015-2026,13,maxdd_total_net,-0.46598
v2_100k,v2,2. Systeme actuel,100000,same_close,2023-07_2026-07,13,maxdd_total_net,-0.19004
v2_100k,v2,2. Systeme actuel,100000,half_day_lag,2000-2026,13,maxdd_total_net,-0.47937
v2_100k,v2,2. Systeme actuel,100000,half_day_lag,2010-2026,13,maxdd_total_net,-0.47937
v2_100k,v2,2. Systeme actuel,100000,half_day_lag,2015-2026,13,maxdd_total_net,-0.47937
v2_100k,v2,2. Systeme actuel,100000,half_day_lag,2023-07_2026-07,13,maxdd_total_net,-0.19011
v2_250k,v2,2. Systeme actuel,250000,same_close,2000-2026,21,maxdd_total_net,-0.36931
v2_250k,v2,2. Systeme actuel,250000,same_close,2010-2026,21,maxdd_total_net,-0.36931
v2_250k,v2,2. Systeme actuel,250000,same_close,2015-2026,21,maxdd_total_net,-0.36931
v2_250k,v2,2. Systeme actuel,250000,same_close,2023-07_2026-07,21,maxdd_total_net,-0.27295
v2_250k,v2,2. Systeme actuel,250000,half_day_lag,2000-2026,21,maxdd_total_net,-0.37075
v2_250k,v2,2. Systeme actuel,250000,half_day_lag,2010-2026,21,maxdd_total_net,-0.37075
v2_250k,v2,2. Systeme actuel,250000,half_day_lag,2015-2026,21,maxdd_total_net,-0.37075
v2_250k,v2,2. Systeme actuel,250000,half_day_lag,2023-07_2026-07,21,maxdd_total_net,-0.27527
v2_1M,v2,2. Systeme actuel,1000000,same_close,2000-2026,36,maxdd_total_net,-0.41898
v2_1M,v2,2. Systeme actuel,1000000,same_close,2010-2026,36,maxdd_total_net,-0.41898
v2_1M,v2,2. Systeme actuel,1000000,same_close,2015-2026,36,maxdd_total_net,-0.41898
v2_1M,v2,2. Systeme actuel,1000000,same_close,2023-07_2026-07,36,maxdd_total_net,-0.26243
v2_1M,v2,2. Systeme actuel,1000000,half_day_lag,2000-2026,36,maxdd_total_net,-0.41561
v2_1M,v2,2. Systeme actuel,1000000,half_day_lag,2010-2026,36,maxdd_total_net,-0.41561
v2_1M,v2,2. Systeme actuel,1000000,half_day_lag,2015-2026,36,maxdd_total_net,-0.41561
v2_1M,v2,2. Systeme actuel,1000000,half_day_lag,2023-07_2026-07,36,maxdd_total_net,-0.26811
v3_100k,v3,3. + strategie 13,100000,same_close,2000-2026,14,maxdd_total_net,-0.51368
v3_100k,v3,3. + strategie 13,100000,same_close,2010-2026,14,maxdd_total_net,-0.51368
v3_100k,v3,3. + strategie 13,100000,same_close,2015-2026,14,maxdd_total_net,-0.51368
v3_100k,v3,3. + strategie 13,100000,same_close,2023-07_2026-07,14,maxdd_total_net,-0.215
v3_100k,v3,3. + strategie 13,100000,half_day_lag,2000-2026,14,maxdd_total_net,-0.51334
v3_100k,v3,3. + strategie 13,100000,half_day_lag,2010-2026,14,maxdd_total_net,-0.51334
v3_100k,v3,3. + strategie 13,100000,half_day_lag,2015-2026,14,maxdd_total_net,-0.51334
v3_100k,v3,3. + strategie 13,100000,half_day_lag,2023-07_2026-07,14,maxdd_total_net,-0.22104
v3_250k,v3,3. + strategie 13,250000,same_close,2000-2026,22,maxdd_total_net,-0.48754
v3_250k,v3,3. + strategie 13,250000,same_close,2010-2026,22,maxdd_total_net,-0.48754
v3_250k,v3,3. + strategie 13,250000,same_close,2015-2026,22,maxdd_total_net,-0.48754
v3_250k,v3,3. + strategie 13,250000,same_close,2023-07_2026-07,22,maxdd_total_net,-0.27813
v3_250k,v3,3. + strategie 13,250000,half_day_lag,2000-2026,22,maxdd_total_net,-0.49274
v3_250k,v3,3. + strategie 13,250000,half_day_lag,2010-2026,22,maxdd_total_net,-0.49274
v3_250k,v3,3. + strategie 13,250000,half_day_lag,2015-2026,22,maxdd_total_net,-0.49274
v3_250k,v3,3. + strategie 13,250000,half_day_lag,2023-07_2026-07,22,maxdd_total_net,-0.28429
v3_1M,v3,3. + strategie 13,1000000,same_close,2000-2026,37,maxdd_total_net,-0.44653
v3_1M,v3,3. + strategie 13,1000000,same_close,2010-2026,37,maxdd_total_net,-0.44653
v3_1M,v3,3. + strategie 13,1000000,same_close,2015-2026,37,maxdd_total_net,-0.44653
v3_1M,v3,3. + strategie 13,1000000,same_close,2023-07_2026-07,37,maxdd_total_net,-0.24569
v3_1M,v3,3. + strategie 13,1000000,half_day_lag,2000-2026,37,maxdd_total_net,-0.4468
v3_1M,v3,3. + strategie 13,1000000,half_day_lag,2010-2026,37,maxdd_total_net,-0.4468
v3_1M,v3,3. + strategie 13,1000000,half_day_lag,2015-2026,37,maxdd_total_net,-0.4468
v3_1M,v3,3. + strategie 13,1000000,half_day_lag,2023-07_2026-07,37,maxdd_total_net,-0.25367
v4_100k,v4,4. + pilotage du risque,100000,same_close,2000-2026,13,maxdd_total_net,-0.57062
v4_100k,v4,4. + pilotage du risque,100000,same_close,2010-2026,13,maxdd_total_net,-0.57062
v4_100k,v4,4. + pilotage du risque,100000,same_close,2015-2026,13,maxdd_total_net,-0.57062
v4_100k,v4,4. + pilotage du risque,100000,same_close,2023-07_2026-07,13,maxdd_total_net,-0.21702
v4_100k,v4,4. + pilotage du risque,100000,half_day_lag,2000-2026,13,maxdd_total_net,-0.56817
v4_100k,v4,4. + pilotage du risque,100000,half_day_lag,2010-2026,13,maxdd_total_net,-0.56817
v4_100k,v4,4. + pilotage du risque,100000,half_day_lag,2015-2026,13,maxdd_total_net,-0.56817
v4_100k,v4,4. + pilotage du risque,100000,half_day_lag,2023-07_2026-07,13,maxdd_total_net,-0.22806
v4_250k,v4,4. + pilotage du risque,250000,same_close,2000-2026,23,maxdd_total_net,-0.49031
v4_250k,v4,4. + pilotage du risque,250000,same_close,2010-2026,23,maxdd_total_net,-0.49031
v4_250k,v4,4. + pilotage du risque,250000,same_close,2015-2026,23,maxdd_total_net,-0.49031
v4_250k,v4,4. + pilotage du risque,250000,same_close,2023-07_2026-07,23,maxdd_total_net,-0.37405
v4_250k,v4,4. + pilotage du risque,250000,half_day_lag,2000-2026,23,maxdd_total_net,-0.48498
v4_250k,v4,4. + pilotage du risque,250000,half_day_lag,2010-2026,23,maxdd_total_net,-0.48498
v4_250k,v4,4. + pilotage du risque,250000,half_day_lag,2015-2026,23,maxdd_total_net,-0.48498
v4_250k,v4,4. + pilotage du risque,250000,half_day_lag,2023-07_2026-07,23,maxdd_total_net,-0.3917
v4_1M,v4,4. + pilotage du risque,1000000,same_close,2000-2026,38,maxdd_total_net,-0.48826
v4_1M,v4,4. + pilotage du risque,1000000,same_close,2010-2026,38,maxdd_total_net,-0.48826
v4_1M,v4,4. + pilotage du risque,1000000,same_close,2015-2026,38,maxdd_total_net,-0.48826
v4_1M,v4,4. + pilotage du risque,1000000,same_close,2023-07_2026-07,38,maxdd_total_net,-0.35879
v4_1M,v4,4. + pilotage du risque,1000000,half_day_lag,2000-2026,38,maxdd_total_net,-0.48864
v4_1M,v4,4. + pilotage du risque,1000000,half_day_lag,2010-2026,38,maxdd_total_net,-0.48864
v4_1M,v4,4. + pilotage du risque,1000000,half_day_lag,2015-2026,38,maxdd_total_net,-0.48864
v4_1M,v4,4. + pilotage du risque,1000000,half_day_lag,2023-07_2026-07,38,maxdd_total_net,-0.37956
v5_100k,v5,5. Les deux,100000,same_close,2000-2026,14,maxdd_total_net,-0.52494
v5_100k,v5,5. Les deux,100000,same_close,2010-2026,14,maxdd_total_net,-0.52494
v5_100k,v5,5. Les deux,100000,same_close,2015-2026,14,maxdd_total_net,-0.52494
v5_100k,v5,5. Les deux,100000,same_close,2023-07_2026-07,14,maxdd_total_net,-0.20603
v5_100k,v5,5. Les deux,100000,half_day_lag,2000-2026,14,maxdd_total_net,-0.53659
v5_100k,v5,5. Les deux,100000,half_day_lag,2010-2026,14,maxdd_total_net,-0.53659
v5_100k,v5,5. Les deux,100000,half_day_lag,2015-2026,14,maxdd_total_net,-0.53659
v5_100k,v5,5. Les deux,100000,half_day_lag,2023-07_2026-07,14,maxdd_total_net,-0.21455
v5_250k,v5,5. Les deux,250000,same_close,2000-2026,24,maxdd_total_net,-0.52734
v5_250k,v5,5. Les deux,250000,same_close,2010-2026,24,maxdd_total_net,-0.52734
v5_250k,v5,5. Les deux,250000,same_close,2015-2026,24,maxdd_total_net,-0.52734
v5_250k,v5,5. Les deux,250000,same_close,2023-07_2026-07,24,maxdd_total_net,-0.3655
v5_250k,v5,5. Les deux,250000,half_day_lag,2000-2026,24,maxdd_total_net,-0.52611
v5_250k,v5,5. Les deux,250000,half_day_lag,2010-2026,24,maxdd_total_net,-0.52611
v5_250k,v5,5. Les deux,250000,half_day_lag,2015-2026,24,maxdd_total_net,-0.52611
v5_250k,v5,5. Les deux,250000,half_day_lag,2023-07_2026-07,24,maxdd_total_net,-0.38162
v5_1M,v5,5. Les deux,1000000,same_close,2000-2026,40,maxdd_total_net,-0.47858
v5_1M,v5,5. Les deux,1000000,same_close,2010-2026,40,maxdd_total_net,-0.47858
v5_1M,v5,5. Les deux,1000000,same_close,2015-2026,40,maxdd_total_net,-0.47858
v5_1M,v5,5. Les deux,1000000,same_close,2023-07_2026-07,40,maxdd_total_net,-0.31486
v5_1M,v5,5. Les deux,1000000,half_day_lag,2000-2026,40,maxdd_total_net,-0.47268
v5_1M,v5,5. Les deux,1000000,half_day_lag,2010-2026,40,maxdd_total_net,-0.47268
v5_1M,v5,5. Les deux,1000000,half_day_lag,2015-2026,40,maxdd_total_net,-0.47268
v5_1M,v5,5. Les deux,1000000,half_day_lag,2023-07_2026-07,40,maxdd_total_net,-0.32714
v1_100k,v1,1. Montant fixe,100000,same_close,2000-2026,13,cost_fee_pct,1.3568
v1_100k,v1,1. Montant fixe,100000,same_close,2010-2026,13,cost_fee_pct,1.305
v1_100k,v1,1. Montant fixe,100000,same_close,2015-2026,13,cost_fee_pct,1.3034
v1_100k,v1,1. Montant fixe,100000,same_close,2023-07_2026-07,13,cost_fee_pct,1.3961
v1_100k,v1,1. Montant fixe,100000,half_day_lag,2000-2026,13,cost_fee_pct,1.3568
v1_100k,v1,1. Montant fixe,100000,half_day_lag,2010-2026,13,cost_fee_pct,1.305
v1_100k,v1,1. Montant fixe,100000,half_day_lag,2015-2026,13,cost_fee_pct,1.3033
v1_100k,v1,1. Montant fixe,100000,half_day_lag,2023-07_2026-07,13,cost_fee_pct,1.3957
v1_250k,v1,1. Montant fixe,250000,same_close,2000-2026,21,cost_fee_pct,1.0892
v1_250k,v1,1. Montant fixe,250000,same_close,2010-2026,21,cost_fee_pct,1.0437
v1_250k,v1,1. Montant fixe,250000,same_close,2015-2026,21,cost_fee_pct,1.0473
v1_250k,v1,1. Montant fixe,250000,same_close,2023-07_2026-07,21,cost_fee_pct,1.1092
v1_250k,v1,1. Montant fixe,250000,half_day_lag,2000-2026,21,cost_fee_pct,1.0892
v1_250k,v1,1. Montant fixe,250000,half_day_lag,2010-2026,21,cost_fee_pct,1.0436
v1_250k,v1,1. Montant fixe,250000,half_day_lag,2015-2026,21,cost_fee_pct,1.0473
v1_250k,v1,1. Montant fixe,250000,half_day_lag,2023-07_2026-07,21,cost_fee_pct,1.109
v1_1M,v1,1. Montant fixe,1000000,same_close,2000-2026,36,cost_fee_pct,0.84615
v1_1M,v1,1. Montant fixe,1000000,same_close,2010-2026,36,cost_fee_pct,0.81428
v1_1M,v1,1. Montant fixe,1000000,same_close,2015-2026,36,cost_fee_pct,0.81999
v1_1M,v1,1. Montant fixe,1000000,same_close,2023-07_2026-07,36,cost_fee_pct,0.85834
v1_1M,v1,1. Montant fixe,1000000,half_day_lag,2000-2026,36,cost_fee_pct,0.84611
v1_1M,v1,1. Montant fixe,1000000,half_day_lag,2010-2026,36,cost_fee_pct,0.81421
v1_1M,v1,1. Montant fixe,1000000,half_day_lag,2015-2026,36,cost_fee_pct,0.81989
v1_1M,v1,1. Montant fixe,1000000,half_day_lag,2023-07_2026-07,36,cost_fee_pct,0.85798
v2_100k,v2,2. Systeme actuel,100000,same_close,2000-2026,13,cost_fee_pct,1.0081
v2_100k,v2,2. Systeme actuel,100000,same_close,2010-2026,13,cost_fee_pct,1.0139
v2_100k,v2,2. Systeme actuel,100000,same_close,2015-2026,13,cost_fee_pct,1.0485
v2_100k,v2,2. Systeme actuel,100000,same_close,2023-07_2026-07,13,cost_fee_pct,1.0176
v2_100k,v2,2. Systeme actuel,100000,half_day_lag,2000-2026,13,cost_fee_pct,1.0081
v2_100k,v2,2. Systeme actuel,100000,half_day_lag,2010-2026,13,cost_fee_pct,1.0139
v2_100k,v2,2. Systeme actuel,100000,half_day_lag,2015-2026,13,cost_fee_pct,1.0485
v2_100k,v2,2. Systeme actuel,100000,half_day_lag,2023-07_2026-07,13,cost_fee_pct,1.0172
v2_250k,v2,2. Systeme actuel,250000,same_close,2000-2026,21,cost_fee_pct,0.81703
v2_250k,v2,2. Systeme actuel,250000,same_close,2010-2026,21,cost_fee_pct,0.81471
v2_250k,v2,2. Systeme actuel,250000,same_close,2015-2026,21,cost_fee_pct,0.84438
v2_250k,v2,2. Systeme actuel,250000,same_close,2023-07_2026-07,21,cost_fee_pct,0.78832
v2_250k,v2,2. Systeme actuel,250000,half_day_lag,2000-2026,21,cost_fee_pct,0.81705
v2_250k,v2,2. Systeme actuel,250000,half_day_lag,2010-2026,21,cost_fee_pct,0.81473
v2_250k,v2,2. Systeme actuel,250000,half_day_lag,2015-2026,21,cost_fee_pct,0.84436
v2_250k,v2,2. Systeme actuel,250000,half_day_lag,2023-07_2026-07,21,cost_fee_pct,0.78859
v2_1M,v2,2. Systeme actuel,1000000,same_close,2000-2026,36,cost_fee_pct,0.71785
v2_1M,v2,2. Systeme actuel,1000000,same_close,2010-2026,36,cost_fee_pct,0.71454
v2_1M,v2,2. Systeme actuel,1000000,same_close,2015-2026,36,cost_fee_pct,0.73531
v2_1M,v2,2. Systeme actuel,1000000,same_close,2023-07_2026-07,36,cost_fee_pct,0.69925
v2_1M,v2,2. Systeme actuel,1000000,half_day_lag,2000-2026,36,cost_fee_pct,0.71785
v2_1M,v2,2. Systeme actuel,1000000,half_day_lag,2010-2026,36,cost_fee_pct,0.71452
v2_1M,v2,2. Systeme actuel,1000000,half_day_lag,2015-2026,36,cost_fee_pct,0.73526
v2_1M,v2,2. Systeme actuel,1000000,half_day_lag,2023-07_2026-07,36,cost_fee_pct,0.69919
v3_100k,v3,3. + strategie 13,100000,same_close,2000-2026,14,cost_fee_pct,1.2503
v3_100k,v3,3. + strategie 13,100000,same_close,2010-2026,14,cost_fee_pct,1.3212
v3_100k,v3,3. + strategie 13,100000,same_close,2015-2026,14,cost_fee_pct,1.3398
v3_100k,v3,3. + strategie 13,100000,same_close,2023-07_2026-07,14,cost_fee_pct,1.0903
v3_100k,v3,3. + strategie 13,100000,half_day_lag,2000-2026,14,cost_fee_pct,1.2503
v3_100k,v3,3. + strategie 13,100000,half_day_lag,2010-2026,14,cost_fee_pct,1.3211
v3_100k,v3,3. + strategie 13,100000,half_day_lag,2015-2026,14,cost_fee_pct,1.3398
v3_100k,v3,3. + strategie 13,100000,half_day_lag,2023-07_2026-07,14,cost_fee_pct,1.0898
v3_250k,v3,3. + strategie 13,250000,same_close,2000-2026,22,cost_fee_pct,1.0581
v3_250k,v3,3. + strategie 13,250000,same_close,2010-2026,22,cost_fee_pct,1.1177
v3_250k,v3,3. + strategie 13,250000,same_close,2015-2026,22,cost_fee_pct,1.1461
v3_250k,v3,3. + strategie 13,250000,same_close,2023-07_2026-07,22,cost_fee_pct,0.89179
v3_250k,v3,3. + strategie 13,250000,half_day_lag,2000-2026,22,cost_fee_pct,1.0581
v3_250k,v3,3. + strategie 13,250000,half_day_lag,2010-2026,22,cost_fee_pct,1.1177
v3_250k,v3,3. + strategie 13,250000,half_day_lag,2015-2026,22,cost_fee_pct,1.1461
v3_250k,v3,3. + strategie 13,250000,half_day_lag,2023-07_2026-07,22,cost_fee_pct,0.89162
v3_1M,v3,3. + strategie 13,1000000,same_close,2000-2026,37,cost_fee_pct,0.86195
v3_1M,v3,3. + strategie 13,1000000,same_close,2010-2026,37,cost_fee_pct,0.90783
v3_1M,v3,3. + strategie 13,1000000,same_close,2015-2026,37,cost_fee_pct,0.92058
v3_1M,v3,3. + strategie 13,1000000,same_close,2023-07_2026-07,37,cost_fee_pct,0.77951
v3_1M,v3,3. + strategie 13,1000000,half_day_lag,2000-2026,37,cost_fee_pct,0.86194
v3_1M,v3,3. + strategie 13,1000000,half_day_lag,2010-2026,37,cost_fee_pct,0.9078
v3_1M,v3,3. + strategie 13,1000000,half_day_lag,2015-2026,37,cost_fee_pct,0.92053
v3_1M,v3,3. + strategie 13,1000000,half_day_lag,2023-07_2026-07,37,cost_fee_pct,0.77936
v4_100k,v4,4. + pilotage du risque,100000,same_close,2000-2026,13,cost_fee_pct,1.2771
v4_100k,v4,4. + pilotage du risque,100000,same_close,2010-2026,13,cost_fee_pct,1.3771
v4_100k,v4,4. + pilotage du risque,100000,same_close,2015-2026,13,cost_fee_pct,1.4162
v4_100k,v4,4. + pilotage du risque,100000,same_close,2023-07_2026-07,13,cost_fee_pct,1.2148
v4_100k,v4,4. + pilotage du risque,100000,half_day_lag,2000-2026,13,cost_fee_pct,1.2763
v4_100k,v4,4. + pilotage du risque,100000,half_day_lag,2010-2026,13,cost_fee_pct,1.3763
v4_100k,v4,4. + pilotage du risque,100000,half_day_lag,2015-2026,13,cost_fee_pct,1.4154
v4_100k,v4,4. + pilotage du risque,100000,half_day_lag,2023-07_2026-07,13,cost_fee_pct,1.2176
v4_250k,v4,4. + pilotage du risque,250000,same_close,2000-2026,23,cost_fee_pct,1.1203
v4_250k,v4,4. + pilotage du risque,250000,same_close,2010-2026,23,cost_fee_pct,1.1869
v4_250k,v4,4. + pilotage du risque,250000,same_close,2015-2026,23,cost_fee_pct,1.21
v4_250k,v4,4. + pilotage du risque,250000,same_close,2023-07_2026-07,23,cost_fee_pct,1.1323
v4_250k,v4,4. + pilotage du risque,250000,half_day_lag,2000-2026,23,cost_fee_pct,1.1193
v4_250k,v4,4. + pilotage du risque,250000,half_day_lag,2010-2026,23,cost_fee_pct,1.1869
v4_250k,v4,4. + pilotage du risque,250000,half_day_lag,2015-2026,23,cost_fee_pct,1.2099
v4_250k,v4,4. + pilotage du risque,250000,half_day_lag,2023-07_2026-07,23,cost_fee_pct,1.132
v4_1M,v4,4. + pilotage du risque,1000000,same_close,2000-2026,38,cost_fee_pct,0.88889
v4_1M,v4,4. + pilotage du risque,1000000,same_close,2010-2026,38,cost_fee_pct,0.93482
v4_1M,v4,4. + pilotage du risque,1000000,same_close,2015-2026,38,cost_fee_pct,0.95131
v4_1M,v4,4. + pilotage du risque,1000000,same_close,2023-07_2026-07,38,cost_fee_pct,0.92815
v4_1M,v4,4. + pilotage du risque,1000000,half_day_lag,2000-2026,38,cost_fee_pct,0.88873
v4_1M,v4,4. + pilotage du risque,1000000,half_day_lag,2010-2026,38,cost_fee_pct,0.93477
v4_1M,v4,4. + pilotage du risque,1000000,half_day_lag,2015-2026,38,cost_fee_pct,0.95117
v4_1M,v4,4. + pilotage du risque,1000000,half_day_lag,2023-07_2026-07,38,cost_fee_pct,0.92626
v5_100k,v5,5. Les deux,100000,same_close,2000-2026,14,cost_fee_pct,1.4351
v5_100k,v5,5. Les deux,100000,same_close,2010-2026,14,cost_fee_pct,1.5816
v5_100k,v5,5. Les deux,100000,same_close,2015-2026,14,cost_fee_pct,1.5965
v5_100k,v5,5. Les deux,100000,same_close,2023-07_2026-07,14,cost_fee_pct,1.298
v5_100k,v5,5. Les deux,100000,half_day_lag,2000-2026,14,cost_fee_pct,1.4339
v5_100k,v5,5. Les deux,100000,half_day_lag,2010-2026,14,cost_fee_pct,1.5805
v5_100k,v5,5. Les deux,100000,half_day_lag,2015-2026,14,cost_fee_pct,1.5958
v5_100k,v5,5. Les deux,100000,half_day_lag,2023-07_2026-07,14,cost_fee_pct,1.2989
v5_250k,v5,5. Les deux,250000,same_close,2000-2026,24,cost_fee_pct,1.3267
v5_250k,v5,5. Les deux,250000,same_close,2010-2026,24,cost_fee_pct,1.4836
v5_250k,v5,5. Les deux,250000,same_close,2015-2026,24,cost_fee_pct,1.5247
v5_250k,v5,5. Les deux,250000,same_close,2023-07_2026-07,24,cost_fee_pct,1.2571
v5_250k,v5,5. Les deux,250000,half_day_lag,2000-2026,24,cost_fee_pct,1.3258
v5_250k,v5,5. Les deux,250000,half_day_lag,2010-2026,24,cost_fee_pct,1.4826
v5_250k,v5,5. Les deux,250000,half_day_lag,2015-2026,24,cost_fee_pct,1.5225
v5_250k,v5,5. Les deux,250000,half_day_lag,2023-07_2026-07,24,cost_fee_pct,1.2556
v5_1M,v5,5. Les deux,1000000,same_close,2000-2026,40,cost_fee_pct,1.0555
v5_1M,v5,5. Les deux,1000000,same_close,2010-2026,40,cost_fee_pct,1.1465
v5_1M,v5,5. Les deux,1000000,same_close,2015-2026,40,cost_fee_pct,1.1441
v5_1M,v5,5. Les deux,1000000,same_close,2023-07_2026-07,40,cost_fee_pct,1.0787
v5_1M,v5,5. Les deux,1000000,half_day_lag,2000-2026,40,cost_fee_pct,1.0544
v5_1M,v5,5. Les deux,1000000,half_day_lag,2010-2026,40,cost_fee_pct,1.1446
v5_1M,v5,5. Les deux,1000000,half_day_lag,2015-2026,40,cost_fee_pct,1.1421
v5_1M,v5,5. Les deux,1000000,half_day_lag,2023-07_2026-07,40,cost_fee_pct,1.0783
v1_100k,v1,1. Montant fixe,100000,same_close,2000-2026,13,cost_halfspread_pct,1.5764
v1_100k,v1,1. Montant fixe,100000,same_close,2010-2026,13,cost_halfspread_pct,1.5703
v1_100k,v1,1. Montant fixe,100000,same_close,2015-2026,13,cost_halfspread_pct,1.6339
v1_100k,v1,1. Montant fixe,100000,same_close,2023-07_2026-07,13,cost_halfspread_pct,1.8182
v1_100k,v1,1. Montant fixe,100000,half_day_lag,2000-2026,13,cost_halfspread_pct,1.5764
v1_100k,v1,1. Montant fixe,100000,half_day_lag,2010-2026,13,cost_halfspread_pct,1.5703
v1_100k,v1,1. Montant fixe,100000,half_day_lag,2015-2026,13,cost_halfspread_pct,1.6337
v1_100k,v1,1. Montant fixe,100000,half_day_lag,2023-07_2026-07,13,cost_halfspread_pct,1.8177
v1_250k,v1,1. Montant fixe,250000,same_close,2000-2026,21,cost_halfspread_pct,1.4314
v1_250k,v1,1. Montant fixe,250000,same_close,2010-2026,21,cost_halfspread_pct,1.397
v1_250k,v1,1. Montant fixe,250000,same_close,2015-2026,21,cost_halfspread_pct,1.4407
v1_250k,v1,1. Montant fixe,250000,same_close,2023-07_2026-07,21,cost_halfspread_pct,1.5787
v1_250k,v1,1. Montant fixe,250000,half_day_lag,2000-2026,21,cost_halfspread_pct,1.4314
v1_250k,v1,1. Montant fixe,250000,half_day_lag,2010-2026,21,cost_halfspread_pct,1.3969
v1_250k,v1,1. Montant fixe,250000,half_day_lag,2015-2026,21,cost_halfspread_pct,1.4406
v1_250k,v1,1. Montant fixe,250000,half_day_lag,2023-07_2026-07,21,cost_halfspread_pct,1.5784
v1_1M,v1,1. Montant fixe,1000000,same_close,2000-2026,36,cost_halfspread_pct,1.2491
v1_1M,v1,1. Montant fixe,1000000,same_close,2010-2026,36,cost_halfspread_pct,1.2184
v1_1M,v1,1. Montant fixe,1000000,same_close,2015-2026,36,cost_halfspread_pct,1.2508
v1_1M,v1,1. Montant fixe,1000000,same_close,2023-07_2026-07,36,cost_halfspread_pct,1.3251
v1_1M,v1,1. Montant fixe,1000000,half_day_lag,2000-2026,36,cost_halfspread_pct,1.249
v1_1M,v1,1. Montant fixe,1000000,half_day_lag,2010-2026,36,cost_halfspread_pct,1.2182
v1_1M,v1,1. Montant fixe,1000000,half_day_lag,2015-2026,36,cost_halfspread_pct,1.2506
v1_1M,v1,1. Montant fixe,1000000,half_day_lag,2023-07_2026-07,36,cost_halfspread_pct,1.3243
v2_100k,v2,2. Systeme actuel,100000,same_close,2000-2026,13,cost_halfspread_pct,1.188
v2_100k,v2,2. Systeme actuel,100000,same_close,2010-2026,13,cost_halfspread_pct,1.2322
v2_100k,v2,2. Systeme actuel,100000,same_close,2015-2026,13,cost_halfspread_pct,1.2904
v2_100k,v2,2. Systeme actuel,100000,same_close,2023-07_2026-07,13,cost_halfspread_pct,1.12
v2_100k,v2,2. Systeme actuel,100000,half_day_lag,2000-2026,13,cost_halfspread_pct,1.1879
v2_100k,v2,2. Systeme actuel,100000,half_day_lag,2010-2026,13,cost_halfspread_pct,1.2319
v2_100k,v2,2. Systeme actuel,100000,half_day_lag,2015-2026,13,cost_halfspread_pct,1.2904
v2_100k,v2,2. Systeme actuel,100000,half_day_lag,2023-07_2026-07,13,cost_halfspread_pct,1.1188
v2_250k,v2,2. Systeme actuel,250000,same_close,2000-2026,21,cost_halfspread_pct,1.065
v2_250k,v2,2. Systeme actuel,250000,same_close,2010-2026,21,cost_halfspread_pct,1.0908
v2_250k,v2,2. Systeme actuel,250000,same_close,2015-2026,21,cost_halfspread_pct,1.1503
v2_250k,v2,2. Systeme actuel,250000,same_close,2023-07_2026-07,21,cost_halfspread_pct,0.97071
v2_250k,v2,2. Systeme actuel,250000,half_day_lag,2000-2026,21,cost_halfspread_pct,1.065
v2_250k,v2,2. Systeme actuel,250000,half_day_lag,2010-2026,21,cost_halfspread_pct,1.0908
v2_250k,v2,2. Systeme actuel,250000,half_day_lag,2015-2026,21,cost_halfspread_pct,1.1503
v2_250k,v2,2. Systeme actuel,250000,half_day_lag,2023-07_2026-07,21,cost_halfspread_pct,0.97098
v2_1M,v2,2. Systeme actuel,1000000,same_close,2000-2026,36,cost_halfspread_pct,1.0227
v2_1M,v2,2. Systeme actuel,1000000,same_close,2010-2026,36,cost_halfspread_pct,1.0454
v2_1M,v2,2. Systeme actuel,1000000,same_close,2015-2026,36,cost_halfspread_pct,1.0907
v2_1M,v2,2. Systeme actuel,1000000,same_close,2023-07_2026-07,36,cost_halfspread_pct,0.95273
v2_1M,v2,2. Systeme actuel,1000000,half_day_lag,2000-2026,36,cost_halfspread_pct,1.0227
v2_1M,v2,2. Systeme actuel,1000000,half_day_lag,2010-2026,36,cost_halfspread_pct,1.0454
v2_1M,v2,2. Systeme actuel,1000000,half_day_lag,2015-2026,36,cost_halfspread_pct,1.0906
v2_1M,v2,2. Systeme actuel,1000000,half_day_lag,2023-07_2026-07,36,cost_halfspread_pct,0.95258
v3_100k,v3,3. + strategie 13,100000,same_close,2000-2026,14,cost_halfspread_pct,1.3341
v3_100k,v3,3. + strategie 13,100000,same_close,2010-2026,14,cost_halfspread_pct,1.4421
v3_100k,v3,3. + strategie 13,100000,same_close,2015-2026,14,cost_halfspread_pct,1.4871
v3_100k,v3,3. + strategie 13,100000,same_close,2023-07_2026-07,14,cost_halfspread_pct,1.1791
v3_100k,v3,3. + strategie 13,100000,half_day_lag,2000-2026,14,cost_halfspread_pct,1.3341
v3_100k,v3,3. + strategie 13,100000,half_day_lag,2010-2026,14,cost_halfspread_pct,1.442
v3_100k,v3,3. + strategie 13,100000,half_day_lag,2015-2026,14,cost_halfspread_pct,1.4871
v3_100k,v3,3. + strategie 13,100000,half_day_lag,2023-07_2026-07,14,cost_halfspread_pct,1.1785
v3_250k,v3,3. + strategie 13,250000,same_close,2000-2026,22,cost_halfspread_pct,1.473
v3_250k,v3,3. + strategie 13,250000,same_close,2010-2026,22,cost_halfspread_pct,1.6039
v3_250k,v3,3. + strategie 13,250000,same_close,2015-2026,22,cost_halfspread_pct,1.6798
v3_250k,v3,3. + strategie 13,250000,same_close,2023-07_2026-07,22,cost_halfspread_pct,1.1731
v3_250k,v3,3. + strategie 13,250000,half_day_lag,2000-2026,22,cost_halfspread_pct,1.473
v3_250k,v3,3. + strategie 13,250000,half_day_lag,2010-2026,22,cost_halfspread_pct,1.604
v3_250k,v3,3. + strategie 13,250000,half_day_lag,2015-2026,22,cost_halfspread_pct,1.6799
v3_250k,v3,3. + strategie 13,250000,half_day_lag,2023-07_2026-07,22,cost_halfspread_pct,1.1728
v3_1M,v3,3. + strategie 13,1000000,same_close,2000-2026,37,cost_halfspread_pct,1.2563
v3_1M,v3,3. + strategie 13,1000000,same_close,2010-2026,37,cost_halfspread_pct,1.3483
v3_1M,v3,3. + strategie 13,1000000,same_close,2015-2026,37,cost_halfspread_pct,1.3752
v3_1M,v3,3. + strategie 13,1000000,same_close,2023-07_2026-07,37,cost_halfspread_pct,1.0953
v3_1M,v3,3. + strategie 13,1000000,half_day_lag,2000-2026,37,cost_halfspread_pct,1.2562
v3_1M,v3,3. + strategie 13,1000000,half_day_lag,2010-2026,37,cost_halfspread_pct,1.3482
v3_1M,v3,3. + strategie 13,1000000,half_day_lag,2015-2026,37,cost_halfspread_pct,1.3751
v3_1M,v3,3. + strategie 13,1000000,half_day_lag,2023-07_2026-07,37,cost_halfspread_pct,1.0949
v4_100k,v4,4. + pilotage du risque,100000,same_close,2000-2026,13,cost_halfspread_pct,1.5188
v4_100k,v4,4. + pilotage du risque,100000,same_close,2010-2026,13,cost_halfspread_pct,1.6814
v4_100k,v4,4. + pilotage du risque,100000,same_close,2015-2026,13,cost_halfspread_pct,1.7529
v4_100k,v4,4. + pilotage du risque,100000,same_close,2023-07_2026-07,13,cost_halfspread_pct,1.3015
v4_100k,v4,4. + pilotage du risque,100000,half_day_lag,2000-2026,13,cost_halfspread_pct,1.5153
v4_100k,v4,4. + pilotage du risque,100000,half_day_lag,2010-2026,13,cost_halfspread_pct,1.6778
v4_100k,v4,4. + pilotage du risque,100000,half_day_lag,2015-2026,13,cost_halfspread_pct,1.7479
v4_100k,v4,4. + pilotage du risque,100000,half_day_lag,2023-07_2026-07,13,cost_halfspread_pct,1.3019
v4_250k,v4,4. + pilotage du risque,250000,same_close,2000-2026,23,cost_halfspread_pct,1.4948
v4_250k,v4,4. + pilotage du risque,250000,same_close,2010-2026,23,cost_halfspread_pct,1.6294
v4_250k,v4,4. + pilotage du risque,250000,same_close,2015-2026,23,cost_halfspread_pct,1.6975
v4_250k,v4,4. + pilotage du risque,250000,same_close,2023-07_2026-07,23,cost_halfspread_pct,1.4127
v4_250k,v4,4. + pilotage du risque,250000,half_day_lag,2000-2026,23,cost_halfspread_pct,1.493
v4_250k,v4,4. + pilotage du risque,250000,half_day_lag,2010-2026,23,cost_halfspread_pct,1.6296
v4_250k,v4,4. + pilotage du risque,250000,half_day_lag,2015-2026,23,cost_halfspread_pct,1.6973
v4_250k,v4,4. + pilotage du risque,250000,half_day_lag,2023-07_2026-07,23,cost_halfspread_pct,1.4105
v4_1M,v4,4. + pilotage du risque,1000000,same_close,2000-2026,38,cost_halfspread_pct,1.3842
v4_1M,v4,4. + pilotage du risque,1000000,same_close,2010-2026,38,cost_halfspread_pct,1.4978
v4_1M,v4,4. + pilotage du risque,1000000,same_close,2015-2026,38,cost_halfspread_pct,1.5441
v4_1M,v4,4. + pilotage du risque,1000000,same_close,2023-07_2026-07,38,cost_halfspread_pct,1.3877
v4_1M,v4,4. + pilotage du risque,1000000,half_day_lag,2000-2026,38,cost_halfspread_pct,1.3837
v4_1M,v4,4. + pilotage du risque,1000000,half_day_lag,2010-2026,38,cost_halfspread_pct,1.4969
v4_1M,v4,4. + pilotage du risque,1000000,half_day_lag,2015-2026,38,cost_halfspread_pct,1.5426
v4_1M,v4,4. + pilotage du risque,1000000,half_day_lag,2023-07_2026-07,38,cost_halfspread_pct,1.3828
v5_100k,v5,5. Les deux,100000,same_close,2000-2026,14,cost_halfspread_pct,1.5333
v5_100k,v5,5. Les deux,100000,same_close,2010-2026,14,cost_halfspread_pct,1.7214
v5_100k,v5,5. Les deux,100000,same_close,2015-2026,14,cost_halfspread_pct,1.7691
v5_100k,v5,5. Les deux,100000,same_close,2023-07_2026-07,14,cost_halfspread_pct,1.3877
v5_100k,v5,5. Les deux,100000,half_day_lag,2000-2026,14,cost_halfspread_pct,1.5326
v5_100k,v5,5. Les deux,100000,half_day_lag,2010-2026,14,cost_halfspread_pct,1.7219
v5_100k,v5,5. Les deux,100000,half_day_lag,2015-2026,14,cost_halfspread_pct,1.7705
v5_100k,v5,5. Les deux,100000,half_day_lag,2023-07_2026-07,14,cost_halfspread_pct,1.3919
v5_250k,v5,5. Les deux,250000,same_close,2000-2026,24,cost_halfspread_pct,1.8884
v5_250k,v5,5. Les deux,250000,same_close,2010-2026,24,cost_halfspread_pct,2.1662
v5_250k,v5,5. Les deux,250000,same_close,2015-2026,24,cost_halfspread_pct,2.2642
v5_250k,v5,5. Les deux,250000,same_close,2023-07_2026-07,24,cost_halfspread_pct,1.6591
v5_250k,v5,5. Les deux,250000,half_day_lag,2000-2026,24,cost_halfspread_pct,1.8883
v5_250k,v5,5. Les deux,250000,half_day_lag,2010-2026,24,cost_halfspread_pct,2.1655
v5_250k,v5,5. Les deux,250000,half_day_lag,2015-2026,24,cost_halfspread_pct,2.2609
v5_250k,v5,5. Les deux,250000,half_day_lag,2023-07_2026-07,24,cost_halfspread_pct,1.6556
v5_1M,v5,5. Les deux,1000000,same_close,2000-2026,40,cost_halfspread_pct,1.5611
v5_1M,v5,5. Les deux,1000000,same_close,2010-2026,40,cost_halfspread_pct,1.7238
v5_1M,v5,5. Les deux,1000000,same_close,2015-2026,40,cost_halfspread_pct,1.7194
v5_1M,v5,5. Les deux,1000000,same_close,2023-07_2026-07,40,cost_halfspread_pct,1.5217
v5_1M,v5,5. Les deux,1000000,half_day_lag,2000-2026,40,cost_halfspread_pct,1.5588
v5_1M,v5,5. Les deux,1000000,half_day_lag,2010-2026,40,cost_halfspread_pct,1.7203
v5_1M,v5,5. Les deux,1000000,half_day_lag,2015-2026,40,cost_halfspread_pct,1.7161
v5_1M,v5,5. Les deux,1000000,half_day_lag,2023-07_2026-07,40,cost_halfspread_pct,1.5199
v1_100k,v1,1. Montant fixe,100000,same_close,2000-2026,13,cost_fee_plus_halfspread_pct,2.9333
v1_100k,v1,1. Montant fixe,100000,same_close,2010-2026,13,cost_fee_plus_halfspread_pct,2.8754
v1_100k,v1,1. Montant fixe,100000,same_close,2015-2026,13,cost_fee_plus_halfspread_pct,2.9373
v1_100k,v1,1. Montant fixe,100000,same_close,2023-07_2026-07,13,cost_fee_plus_halfspread_pct,3.2142
v1_100k,v1,1. Montant fixe,100000,half_day_lag,2000-2026,13,cost_fee_plus_halfspread_pct,2.9332
v1_100k,v1,1. Montant fixe,100000,half_day_lag,2010-2026,13,cost_fee_plus_halfspread_pct,2.8753
v1_100k,v1,1. Montant fixe,100000,half_day_lag,2015-2026,13,cost_fee_plus_halfspread_pct,2.937
v1_100k,v1,1. Montant fixe,100000,half_day_lag,2023-07_2026-07,13,cost_fee_plus_halfspread_pct,3.2134
v1_250k,v1,1. Montant fixe,250000,same_close,2000-2026,21,cost_fee_plus_halfspread_pct,2.5206
v1_250k,v1,1. Montant fixe,250000,same_close,2010-2026,21,cost_fee_plus_halfspread_pct,2.4407
v1_250k,v1,1. Montant fixe,250000,same_close,2015-2026,21,cost_fee_plus_halfspread_pct,2.4881
v1_250k,v1,1. Montant fixe,250000,same_close,2023-07_2026-07,21,cost_fee_plus_halfspread_pct,2.6879
v1_250k,v1,1. Montant fixe,250000,half_day_lag,2000-2026,21,cost_fee_plus_halfspread_pct,2.5206
v1_250k,v1,1. Montant fixe,250000,half_day_lag,2010-2026,21,cost_fee_plus_halfspread_pct,2.4405
v1_250k,v1,1. Montant fixe,250000,half_day_lag,2015-2026,21,cost_fee_plus_halfspread_pct,2.4879
v1_250k,v1,1. Montant fixe,250000,half_day_lag,2023-07_2026-07,21,cost_fee_plus_halfspread_pct,2.6874
v1_1M,v1,1. Montant fixe,1000000,same_close,2000-2026,36,cost_fee_plus_halfspread_pct,2.0952
v1_1M,v1,1. Montant fixe,1000000,same_close,2010-2026,36,cost_fee_plus_halfspread_pct,2.0327
v1_1M,v1,1. Montant fixe,1000000,same_close,2015-2026,36,cost_fee_plus_halfspread_pct,2.0708
v1_1M,v1,1. Montant fixe,1000000,same_close,2023-07_2026-07,36,cost_fee_plus_halfspread_pct,2.1835
v1_1M,v1,1. Montant fixe,1000000,half_day_lag,2000-2026,36,cost_fee_plus_halfspread_pct,2.0951
v1_1M,v1,1. Montant fixe,1000000,half_day_lag,2010-2026,36,cost_fee_plus_halfspread_pct,2.0324
v1_1M,v1,1. Montant fixe,1000000,half_day_lag,2015-2026,36,cost_fee_plus_halfspread_pct,2.0705
v1_1M,v1,1. Montant fixe,1000000,half_day_lag,2023-07_2026-07,36,cost_fee_plus_halfspread_pct,2.1823
v2_100k,v2,2. Systeme actuel,100000,same_close,2000-2026,13,cost_fee_plus_halfspread_pct,2.1962
v2_100k,v2,2. Systeme actuel,100000,same_close,2010-2026,13,cost_fee_plus_halfspread_pct,2.2461
v2_100k,v2,2. Systeme actuel,100000,same_close,2015-2026,13,cost_fee_plus_halfspread_pct,2.3389
v2_100k,v2,2. Systeme actuel,100000,same_close,2023-07_2026-07,13,cost_fee_plus_halfspread_pct,2.1376
v2_100k,v2,2. Systeme actuel,100000,half_day_lag,2000-2026,13,cost_fee_plus_halfspread_pct,2.1961
v2_100k,v2,2. Systeme actuel,100000,half_day_lag,2010-2026,13,cost_fee_plus_halfspread_pct,2.2458
v2_100k,v2,2. Systeme actuel,100000,half_day_lag,2015-2026,13,cost_fee_plus_halfspread_pct,2.3389
v2_100k,v2,2. Systeme actuel,100000,half_day_lag,2023-07_2026-07,13,cost_fee_plus_halfspread_pct,2.136
v2_250k,v2,2. Systeme actuel,250000,same_close,2000-2026,21,cost_fee_plus_halfspread_pct,1.882
v2_250k,v2,2. Systeme actuel,250000,same_close,2010-2026,21,cost_fee_plus_halfspread_pct,1.9055
v2_250k,v2,2. Systeme actuel,250000,same_close,2015-2026,21,cost_fee_plus_halfspread_pct,1.9947
v2_250k,v2,2. Systeme actuel,250000,same_close,2023-07_2026-07,21,cost_fee_plus_halfspread_pct,1.759
v2_250k,v2,2. Systeme actuel,250000,half_day_lag,2000-2026,21,cost_fee_plus_halfspread_pct,1.8821
v2_250k,v2,2. Systeme actuel,250000,half_day_lag,2010-2026,21,cost_fee_plus_halfspread_pct,1.9055
v2_250k,v2,2. Systeme actuel,250000,half_day_lag,2015-2026,21,cost_fee_plus_halfspread_pct,1.9947
v2_250k,v2,2. Systeme actuel,250000,half_day_lag,2023-07_2026-07,21,cost_fee_plus_halfspread_pct,1.7596
v2_1M,v2,2. Systeme actuel,1000000,same_close,2000-2026,36,cost_fee_plus_halfspread_pct,1.7406
v2_1M,v2,2. Systeme actuel,1000000,same_close,2010-2026,36,cost_fee_plus_halfspread_pct,1.7599
v2_1M,v2,2. Systeme actuel,1000000,same_close,2015-2026,36,cost_fee_plus_halfspread_pct,1.826
v2_1M,v2,2. Systeme actuel,1000000,same_close,2023-07_2026-07,36,cost_fee_plus_halfspread_pct,1.652
v2_1M,v2,2. Systeme actuel,1000000,half_day_lag,2000-2026,36,cost_fee_plus_halfspread_pct,1.7406
v2_1M,v2,2. Systeme actuel,1000000,half_day_lag,2010-2026,36,cost_fee_plus_halfspread_pct,1.7599
v2_1M,v2,2. Systeme actuel,1000000,half_day_lag,2015-2026,36,cost_fee_plus_halfspread_pct,1.8259
v2_1M,v2,2. Systeme actuel,1000000,half_day_lag,2023-07_2026-07,36,cost_fee_plus_halfspread_pct,1.6518
v3_100k,v3,3. + strategie 13,100000,same_close,2000-2026,14,cost_fee_plus_halfspread_pct,2.5844
v3_100k,v3,3. + strategie 13,100000,same_close,2010-2026,14,cost_fee_plus_halfspread_pct,2.7633
v3_100k,v3,3. + strategie 13,100000,same_close,2015-2026,14,cost_fee_plus_halfspread_pct,2.8269
v3_100k,v3,3. + strategie 13,100000,same_close,2023-07_2026-07,14,cost_fee_plus_halfspread_pct,2.2693
v3_100k,v3,3. + strategie 13,100000,half_day_lag,2000-2026,14,cost_fee_plus_halfspread_pct,2.5843
v3_100k,v3,3. + strategie 13,100000,half_day_lag,2010-2026,14,cost_fee_plus_halfspread_pct,2.7631
v3_100k,v3,3. + strategie 13,100000,half_day_lag,2015-2026,14,cost_fee_plus_halfspread_pct,2.8268
v3_100k,v3,3. + strategie 13,100000,half_day_lag,2023-07_2026-07,14,cost_fee_plus_halfspread_pct,2.2683
v3_250k,v3,3. + strategie 13,250000,same_close,2000-2026,22,cost_fee_plus_halfspread_pct,2.5311
v3_250k,v3,3. + strategie 13,250000,same_close,2010-2026,22,cost_fee_plus_halfspread_pct,2.7216
v3_250k,v3,3. + strategie 13,250000,same_close,2015-2026,22,cost_fee_plus_halfspread_pct,2.8259
v3_250k,v3,3. + strategie 13,250000,same_close,2023-07_2026-07,22,cost_fee_plus_halfspread_pct,2.0649
v3_250k,v3,3. + strategie 13,250000,half_day_lag,2000-2026,22,cost_fee_plus_halfspread_pct,2.5311
v3_250k,v3,3. + strategie 13,250000,half_day_lag,2010-2026,22,cost_fee_plus_halfspread_pct,2.7217
v3_250k,v3,3. + strategie 13,250000,half_day_lag,2015-2026,22,cost_fee_plus_halfspread_pct,2.826
v3_250k,v3,3. + strategie 13,250000,half_day_lag,2023-07_2026-07,22,cost_fee_plus_halfspread_pct,2.0644
v3_1M,v3,3. + strategie 13,1000000,same_close,2000-2026,37,cost_fee_plus_halfspread_pct,2.1182
v3_1M,v3,3. + strategie 13,1000000,same_close,2010-2026,37,cost_fee_plus_halfspread_pct,2.2561
v3_1M,v3,3. + strategie 13,1000000,same_close,2015-2026,37,cost_fee_plus_halfspread_pct,2.2958
v3_1M,v3,3. + strategie 13,1000000,same_close,2023-07_2026-07,37,cost_fee_plus_halfspread_pct,1.8748
v3_1M,v3,3. + strategie 13,1000000,half_day_lag,2000-2026,37,cost_fee_plus_halfspread_pct,2.1182
v3_1M,v3,3. + strategie 13,1000000,half_day_lag,2010-2026,37,cost_fee_plus_halfspread_pct,2.256
v3_1M,v3,3. + strategie 13,1000000,half_day_lag,2015-2026,37,cost_fee_plus_halfspread_pct,2.2956
v3_1M,v3,3. + strategie 13,1000000,half_day_lag,2023-07_2026-07,37,cost_fee_plus_halfspread_pct,1.8743
v4_100k,v4,4. + pilotage du risque,100000,same_close,2000-2026,13,cost_fee_plus_halfspread_pct,2.7958
v4_100k,v4,4. + pilotage du risque,100000,same_close,2010-2026,13,cost_fee_plus_halfspread_pct,3.0584
v4_100k,v4,4. + pilotage du risque,100000,same_close,2015-2026,13,cost_fee_plus_halfspread_pct,3.1691
v4_100k,v4,4. + pilotage du risque,100000,same_close,2023-07_2026-07,13,cost_fee_plus_halfspread_pct,2.5163
v4_100k,v4,4. + pilotage du risque,100000,half_day_lag,2000-2026,13,cost_fee_plus_halfspread_pct,2.7916
v4_100k,v4,4. + pilotage du risque,100000,half_day_lag,2010-2026,13,cost_fee_plus_halfspread_pct,3.054
v4_100k,v4,4. + pilotage du risque,100000,half_day_lag,2015-2026,13,cost_fee_plus_halfspread_pct,3.1633
v4_100k,v4,4. + pilotage du risque,100000,half_day_lag,2023-07_2026-07,13,cost_fee_plus_halfspread_pct,2.5196
v4_250k,v4,4. + pilotage du risque,250000,same_close,2000-2026,23,cost_fee_plus_halfspread_pct,2.615
v4_250k,v4,4. + pilotage du risque,250000,same_close,2010-2026,23,cost_fee_plus_halfspread_pct,2.8163
v4_250k,v4,4. + pilotage du risque,250000,same_close,2015-2026,23,cost_fee_plus_halfspread_pct,2.9075
v4_250k,v4,4. + pilotage du risque,250000,same_close,2023-07_2026-07,23,cost_fee_plus_halfspread_pct,2.5451
v4_250k,v4,4. + pilotage du risque,250000,half_day_lag,2000-2026,23,cost_fee_plus_halfspread_pct,2.6123
v4_250k,v4,4. + pilotage du risque,250000,half_day_lag,2010-2026,23,cost_fee_plus_halfspread_pct,2.8165
v4_250k,v4,4. + pilotage du risque,250000,half_day_lag,2015-2026,23,cost_fee_plus_halfspread_pct,2.9073
v4_250k,v4,4. + pilotage du risque,250000,half_day_lag,2023-07_2026-07,23,cost_fee_plus_halfspread_pct,2.5425
v4_1M,v4,4. + pilotage du risque,1000000,same_close,2000-2026,38,cost_fee_plus_halfspread_pct,2.2731
v4_1M,v4,4. + pilotage du risque,1000000,same_close,2010-2026,38,cost_fee_plus_halfspread_pct,2.4326
v4_1M,v4,4. + pilotage du risque,1000000,same_close,2015-2026,38,cost_fee_plus_halfspread_pct,2.4954
v4_1M,v4,4. + pilotage du risque,1000000,same_close,2023-07_2026-07,38,cost_fee_plus_halfspread_pct,2.3159
v4_1M,v4,4. + pilotage du risque,1000000,half_day_lag,2000-2026,38,cost_fee_plus_halfspread_pct,2.2724
v4_1M,v4,4. + pilotage du risque,1000000,half_day_lag,2010-2026,38,cost_fee_plus_halfspread_pct,2.4316
v4_1M,v4,4. + pilotage du risque,1000000,half_day_lag,2015-2026,38,cost_fee_plus_halfspread_pct,2.4937
v4_1M,v4,4. + pilotage du risque,1000000,half_day_lag,2023-07_2026-07,38,cost_fee_plus_halfspread_pct,2.309
v5_100k,v5,5. Les deux,100000,same_close,2000-2026,14,cost_fee_plus_halfspread_pct,2.9684
v5_100k,v5,5. Les deux,100000,same_close,2010-2026,14,cost_fee_plus_halfspread_pct,3.303
v5_100k,v5,5. Les deux,100000,same_close,2015-2026,14,cost_fee_plus_halfspread_pct,3.3656
v5_100k,v5,5. Les deux,100000,same_close,2023-07_2026-07,14,cost_fee_plus_halfspread_pct,2.6856
v5_100k,v5,5. Les deux,100000,half_day_lag,2000-2026,14,cost_fee_plus_halfspread_pct,2.9665
v5_100k,v5,5. Les deux,100000,half_day_lag,2010-2026,14,cost_fee_plus_halfspread_pct,3.3024
v5_100k,v5,5. Les deux,100000,half_day_lag,2015-2026,14,cost_fee_plus_halfspread_pct,3.3663
v5_100k,v5,5. Les deux,100000,half_day_lag,2023-07_2026-07,14,cost_fee_plus_halfspread_pct,2.6908
v5_250k,v5,5. Les deux,250000,same_close,2000-2026,24,cost_fee_plus_halfspread_pct,3.215
v5_250k,v5,5. Les deux,250000,same_close,2010-2026,24,cost_fee_plus_halfspread_pct,3.6497
v5_250k,v5,5. Les deux,250000,same_close,2015-2026,24,cost_fee_plus_halfspread_pct,3.7889
v5_250k,v5,5. Les deux,250000,same_close,2023-07_2026-07,24,cost_fee_plus_halfspread_pct,2.9162
v5_250k,v5,5. Les deux,250000,half_day_lag,2000-2026,24,cost_fee_plus_halfspread_pct,3.2141
v5_250k,v5,5. Les deux,250000,half_day_lag,2010-2026,24,cost_fee_plus_halfspread_pct,3.6481
v5_250k,v5,5. Les deux,250000,half_day_lag,2015-2026,24,cost_fee_plus_halfspread_pct,3.7834
v5_250k,v5,5. Les deux,250000,half_day_lag,2023-07_2026-07,24,cost_fee_plus_halfspread_pct,2.9112
v5_1M,v5,5. Les deux,1000000,same_close,2000-2026,40,cost_fee_plus_halfspread_pct,2.6167
v5_1M,v5,5. Les deux,1000000,same_close,2010-2026,40,cost_fee_plus_halfspread_pct,2.8703
v5_1M,v5,5. Les deux,1000000,same_close,2015-2026,40,cost_fee_plus_halfspread_pct,2.8635
v5_1M,v5,5. Les deux,1000000,same_close,2023-07_2026-07,40,cost_fee_plus_halfspread_pct,2.6004
v5_1M,v5,5. Les deux,1000000,half_day_lag,2000-2026,40,cost_fee_plus_halfspread_pct,2.6132
v5_1M,v5,5. Les deux,1000000,half_day_lag,2010-2026,40,cost_fee_plus_halfspread_pct,2.8649
v5_1M,v5,5. Les deux,1000000,half_day_lag,2015-2026,40,cost_fee_plus_halfspread_pct,2.8581
v5_1M,v5,5. Les deux,1000000,half_day_lag,2023-07_2026-07,40,cost_fee_plus_halfspread_pct,2.5982
v1_100k,v1,1. Montant fixe,100000,same_close,2000-2026,13,of_which_rolls_pct,1.5674
v1_100k,v1,1. Montant fixe,100000,same_close,2010-2026,13,of_which_rolls_pct,1.5282
v1_100k,v1,1. Montant fixe,100000,same_close,2015-2026,13,of_which_rolls_pct,1.5594
v1_100k,v1,1. Montant fixe,100000,same_close,2023-07_2026-07,13,of_which_rolls_pct,1.7117
v1_100k,v1,1. Montant fixe,100000,half_day_lag,2000-2026,13,of_which_rolls_pct,1.5674
v1_100k,v1,1. Montant fixe,100000,half_day_lag,2010-2026,13,of_which_rolls_pct,1.5282
v1_100k,v1,1. Montant fixe,100000,half_day_lag,2015-2026,13,of_which_rolls_pct,1.5594
v1_100k,v1,1. Montant fixe,100000,half_day_lag,2023-07_2026-07,13,of_which_rolls_pct,1.7117
v1_250k,v1,1. Montant fixe,250000,same_close,2000-2026,21,of_which_rolls_pct,1.3206
v1_250k,v1,1. Montant fixe,250000,same_close,2010-2026,21,of_which_rolls_pct,1.2661
v1_250k,v1,1. Montant fixe,250000,same_close,2015-2026,21,of_which_rolls_pct,1.2881
v1_250k,v1,1. Montant fixe,250000,same_close,2023-07_2026-07,21,of_which_rolls_pct,1.3629
v1_250k,v1,1. Montant fixe,250000,half_day_lag,2000-2026,21,of_which_rolls_pct,1.3206
v1_250k,v1,1. Montant fixe,250000,half_day_lag,2010-2026,21,of_which_rolls_pct,1.2661
v1_250k,v1,1. Montant fixe,250000,half_day_lag,2015-2026,21,of_which_rolls_pct,1.2881
v1_250k,v1,1. Montant fixe,250000,half_day_lag,2023-07_2026-07,21,of_which_rolls_pct,1.3629
v1_1M,v1,1. Montant fixe,1000000,same_close,2000-2026,36,of_which_rolls_pct,1.112
v1_1M,v1,1. Montant fixe,1000000,same_close,2010-2026,36,of_which_rolls_pct,1.0684
v1_1M,v1,1. Montant fixe,1000000,same_close,2015-2026,36,of_which_rolls_pct,1.086
v1_1M,v1,1. Montant fixe,1000000,same_close,2023-07_2026-07,36,of_which_rolls_pct,1.1316
v1_1M,v1,1. Montant fixe,1000000,half_day_lag,2000-2026,36,of_which_rolls_pct,1.112
v1_1M,v1,1. Montant fixe,1000000,half_day_lag,2010-2026,36,of_which_rolls_pct,1.0684
v1_1M,v1,1. Montant fixe,1000000,half_day_lag,2015-2026,36,of_which_rolls_pct,1.086
v1_1M,v1,1. Montant fixe,1000000,half_day_lag,2023-07_2026-07,36,of_which_rolls_pct,1.1316
v2_100k,v2,2. Systeme actuel,100000,same_close,2000-2026,13,of_which_rolls_pct,1.0992
v2_100k,v2,2. Systeme actuel,100000,same_close,2010-2026,13,of_which_rolls_pct,1.1202
v2_100k,v2,2. Systeme actuel,100000,same_close,2015-2026,13,of_which_rolls_pct,1.1427
v2_100k,v2,2. Systeme actuel,100000,same_close,2023-07_2026-07,13,of_which_rolls_pct,1.0675
v2_100k,v2,2. Systeme actuel,100000,half_day_lag,2000-2026,13,of_which_rolls_pct,1.0992
v2_100k,v2,2. Systeme actuel,100000,half_day_lag,2010-2026,13,of_which_rolls_pct,1.1202
v2_100k,v2,2. Systeme actuel,100000,half_day_lag,2015-2026,13,of_which_rolls_pct,1.1427
v2_100k,v2,2. Systeme actuel,100000,half_day_lag,2023-07_2026-07,13,of_which_rolls_pct,1.0675
v2_250k,v2,2. Systeme actuel,250000,same_close,2000-2026,21,of_which_rolls_pct,0.93589
v2_250k,v2,2. Systeme actuel,250000,same_close,2010-2026,21,of_which_rolls_pct,0.94485
v2_250k,v2,2. Systeme actuel,250000,same_close,2015-2026,21,of_which_rolls_pct,0.97286
v2_250k,v2,2. Systeme actuel,250000,same_close,2023-07_2026-07,21,of_which_rolls_pct,0.84684
v2_250k,v2,2. Systeme actuel,250000,half_day_lag,2000-2026,21,of_which_rolls_pct,0.93589
v2_250k,v2,2. Systeme actuel,250000,half_day_lag,2010-2026,21,of_which_rolls_pct,0.94485
v2_250k,v2,2. Systeme actuel,250000,half_day_lag,2015-2026,21,of_which_rolls_pct,0.97286
v2_250k,v2,2. Systeme actuel,250000,half_day_lag,2023-07_2026-07,21,of_which_rolls_pct,0.84684
v2_1M,v2,2. Systeme actuel,1000000,same_close,2000-2026,36,of_which_rolls_pct,0.87
v2_1M,v2,2. Systeme actuel,1000000,same_close,2010-2026,36,of_which_rolls_pct,0.87757
v2_1M,v2,2. Systeme actuel,1000000,same_close,2015-2026,36,of_which_rolls_pct,0.90002
v2_1M,v2,2. Systeme actuel,1000000,same_close,2023-07_2026-07,36,of_which_rolls_pct,0.8035
v2_1M,v2,2. Systeme actuel,1000000,half_day_lag,2000-2026,36,of_which_rolls_pct,0.87
v2_1M,v2,2. Systeme actuel,1000000,half_day_lag,2010-2026,36,of_which_rolls_pct,0.87757
v2_1M,v2,2. Systeme actuel,1000000,half_day_lag,2015-2026,36,of_which_rolls_pct,0.90002
v2_1M,v2,2. Systeme actuel,1000000,half_day_lag,2023-07_2026-07,36,of_which_rolls_pct,0.8035
v3_100k,v3,3. + strategie 13,100000,same_close,2000-2026,14,of_which_rolls_pct,1.2716
v3_100k,v3,3. + strategie 13,100000,same_close,2010-2026,14,of_which_rolls_pct,1.3485
v3_100k,v3,3. + strategie 13,100000,same_close,2015-2026,14,of_which_rolls_pct,1.3641
v3_100k,v3,3. + strategie 13,100000,same_close,2023-07_2026-07,14,of_which_rolls_pct,1.1276
v3_100k,v3,3. + strategie 13,100000,half_day_lag,2000-2026,14,of_which_rolls_pct,1.2716
v3_100k,v3,3. + strategie 13,100000,half_day_lag,2010-2026,14,of_which_rolls_pct,1.3485
v3_100k,v3,3. + strategie 13,100000,half_day_lag,2015-2026,14,of_which_rolls_pct,1.3641
v3_100k,v3,3. + strategie 13,100000,half_day_lag,2023-07_2026-07,14,of_which_rolls_pct,1.1276
v3_250k,v3,3. + strategie 13,250000,same_close,2000-2026,22,of_which_rolls_pct,1.2303
v3_250k,v3,3. + strategie 13,250000,same_close,2010-2026,22,of_which_rolls_pct,1.3167
v3_250k,v3,3. + strategie 13,250000,same_close,2015-2026,22,of_which_rolls_pct,1.3395
v3_250k,v3,3. + strategie 13,250000,same_close,2023-07_2026-07,22,of_which_rolls_pct,0.95554
v3_250k,v3,3. + strategie 13,250000,half_day_lag,2000-2026,22,of_which_rolls_pct,1.2303
v3_250k,v3,3. + strategie 13,250000,half_day_lag,2010-2026,22,of_which_rolls_pct,1.3167
v3_250k,v3,3. + strategie 13,250000,half_day_lag,2015-2026,22,of_which_rolls_pct,1.3395
v3_250k,v3,3. + strategie 13,250000,half_day_lag,2023-07_2026-07,22,of_which_rolls_pct,0.95554
v3_1M,v3,3. + strategie 13,1000000,same_close,2000-2026,37,of_which_rolls_pct,1.0351
v3_1M,v3,3. + strategie 13,1000000,same_close,2010-2026,37,of_which_rolls_pct,1.0951
v3_1M,v3,3. + strategie 13,1000000,same_close,2015-2026,37,of_which_rolls_pct,1.098
v3_1M,v3,3. + strategie 13,1000000,same_close,2023-07_2026-07,37,of_which_rolls_pct,0.88731
v3_1M,v3,3. + strategie 13,1000000,half_day_lag,2000-2026,37,of_which_rolls_pct,1.0351
v3_1M,v3,3. + strategie 13,1000000,half_day_lag,2010-2026,37,of_which_rolls_pct,1.0951
v3_1M,v3,3. + strategie 13,1000000,half_day_lag,2015-2026,37,of_which_rolls_pct,1.098
v3_1M,v3,3. + strategie 13,1000000,half_day_lag,2023-07_2026-07,37,of_which_rolls_pct,0.88731
v4_100k,v4,4. + pilotage du risque,100000,same_close,2000-2026,13,of_which_rolls_pct,1.2773
v4_100k,v4,4. + pilotage du risque,100000,same_close,2010-2026,13,of_which_rolls_pct,1.4011
v4_100k,v4,4. + pilotage du risque,100000,same_close,2015-2026,13,of_which_rolls_pct,1.423
v4_100k,v4,4. + pilotage du risque,100000,same_close,2023-07_2026-07,13,of_which_rolls_pct,1.137
v4_100k,v4,4. + pilotage du risque,100000,half_day_lag,2000-2026,13,of_which_rolls_pct,1.2762
v4_100k,v4,4. + pilotage du risque,100000,half_day_lag,2010-2026,13,of_which_rolls_pct,1.4002
v4_100k,v4,4. + pilotage du risque,100000,half_day_lag,2015-2026,13,of_which_rolls_pct,1.4225
v4_100k,v4,4. + pilotage du risque,100000,half_day_lag,2023-07_2026-07,13,of_which_rolls_pct,1.1378
v4_250k,v4,4. + pilotage du risque,250000,same_close,2000-2026,23,of_which_rolls_pct,1.1832
v4_250k,v4,4. + pilotage du risque,250000,same_close,2010-2026,23,of_which_rolls_pct,1.2782
v4_250k,v4,4. + pilotage du risque,250000,same_close,2015-2026,23,of_which_rolls_pct,1.2932
v4_250k,v4,4. + pilotage du risque,250000,same_close,2023-07_2026-07,23,of_which_rolls_pct,1.108
v4_250k,v4,4. + pilotage du risque,250000,half_day_lag,2000-2026,23,of_which_rolls_pct,1.1823
v4_250k,v4,4. + pilotage du risque,250000,half_day_lag,2010-2026,23,of_which_rolls_pct,1.2779
v4_250k,v4,4. + pilotage du risque,250000,half_day_lag,2015-2026,23,of_which_rolls_pct,1.2926
v4_250k,v4,4. + pilotage du risque,250000,half_day_lag,2023-07_2026-07,23,of_which_rolls_pct,1.1071
v4_1M,v4,4. + pilotage du risque,1000000,same_close,2000-2026,38,of_which_rolls_pct,1.0395
v4_1M,v4,4. + pilotage du risque,1000000,same_close,2010-2026,38,of_which_rolls_pct,1.1144
v4_1M,v4,4. + pilotage du risque,1000000,same_close,2015-2026,38,of_which_rolls_pct,1.1244
v4_1M,v4,4. + pilotage du risque,1000000,same_close,2023-07_2026-07,38,of_which_rolls_pct,1.0364
v4_1M,v4,4. + pilotage du risque,1000000,half_day_lag,2000-2026,38,of_which_rolls_pct,1.0377
v4_1M,v4,4. + pilotage du risque,1000000,half_day_lag,2010-2026,38,of_which_rolls_pct,1.1128
v4_1M,v4,4. + pilotage du risque,1000000,half_day_lag,2015-2026,38,of_which_rolls_pct,1.1226
v4_1M,v4,4. + pilotage du risque,1000000,half_day_lag,2023-07_2026-07,38,of_which_rolls_pct,1.0351
v5_100k,v5,5. Les deux,100000,same_close,2000-2026,14,of_which_rolls_pct,1.3074
v5_100k,v5,5. Les deux,100000,same_close,2010-2026,14,of_which_rolls_pct,1.4456
v5_100k,v5,5. Les deux,100000,same_close,2015-2026,14,of_which_rolls_pct,1.4465
v5_100k,v5,5. Les deux,100000,same_close,2023-07_2026-07,14,of_which_rolls_pct,1.2008
v5_100k,v5,5. Les deux,100000,half_day_lag,2000-2026,14,of_which_rolls_pct,1.3058
v5_100k,v5,5. Les deux,100000,half_day_lag,2010-2026,14,of_which_rolls_pct,1.4435
v5_100k,v5,5. Les deux,100000,half_day_lag,2015-2026,14,of_which_rolls_pct,1.4446
v5_100k,v5,5. Les deux,100000,half_day_lag,2023-07_2026-07,14,of_which_rolls_pct,1.1995
v5_250k,v5,5. Les deux,250000,same_close,2000-2026,24,of_which_rolls_pct,1.4027
v5_250k,v5,5. Les deux,250000,same_close,2010-2026,24,of_which_rolls_pct,1.59
v5_250k,v5,5. Les deux,250000,same_close,2015-2026,24,of_which_rolls_pct,1.6059
v5_250k,v5,5. Les deux,250000,same_close,2023-07_2026-07,24,of_which_rolls_pct,1.2354
v5_250k,v5,5. Les deux,250000,half_day_lag,2000-2026,24,of_which_rolls_pct,1.4
v5_250k,v5,5. Les deux,250000,half_day_lag,2010-2026,24,of_which_rolls_pct,1.5871
v5_250k,v5,5. Les deux,250000,half_day_lag,2015-2026,24,of_which_rolls_pct,1.6012
v5_250k,v5,5. Les deux,250000,half_day_lag,2023-07_2026-07,24,of_which_rolls_pct,1.2325
v5_1M,v5,5. Les deux,1000000,same_close,2000-2026,40,of_which_rolls_pct,1.1485
v5_1M,v5,5. Les deux,1000000,same_close,2010-2026,40,of_which_rolls_pct,1.2531
v5_1M,v5,5. Les deux,1000000,same_close,2015-2026,40,of_which_rolls_pct,1.2263
v5_1M,v5,5. Les deux,1000000,same_close,2023-07_2026-07,40,of_which_rolls_pct,1.1262
v5_1M,v5,5. Les deux,1000000,half_day_lag,2000-2026,40,of_which_rolls_pct,1.1462
v5_1M,v5,5. Les deux,1000000,half_day_lag,2010-2026,40,of_which_rolls_pct,1.2502
v5_1M,v5,5. Les deux,1000000,half_day_lag,2015-2026,40,of_which_rolls_pct,1.2228
v5_1M,v5,5. Les deux,1000000,half_day_lag,2023-07_2026-07,40,of_which_rolls_pct,1.1234
v1_100k,v1,1. Montant fixe,100000,same_close,2000-2026,13,cost_fixed_pct,0.40032
v1_100k,v1,1. Montant fixe,100000,same_close,2010-2026,13,cost_fixed_pct,0.40034
v1_100k,v1,1. Montant fixe,100000,same_close,2015-2026,13,cost_fixed_pct,0.40037
v1_100k,v1,1. Montant fixe,100000,same_close,2023-07_2026-07,13,cost_fixed_pct,0.40137
v1_100k,v1,1. Montant fixe,100000,half_day_lag,2000-2026,13,cost_fixed_pct,0.40032
v1_100k,v1,1. Montant fixe,100000,half_day_lag,2010-2026,13,cost_fixed_pct,0.40034
v1_100k,v1,1. Montant fixe,100000,half_day_lag,2015-2026,13,cost_fixed_pct,0.40037
v1_100k,v1,1. Montant fixe,100000,half_day_lag,2023-07_2026-07,13,cost_fixed_pct,0.40137
v1_250k,v1,1. Montant fixe,250000,same_close,2000-2026,21,cost_fixed_pct,0.16013
v1_250k,v1,1. Montant fixe,250000,same_close,2010-2026,21,cost_fixed_pct,0.16014
v1_250k,v1,1. Montant fixe,250000,same_close,2015-2026,21,cost_fixed_pct,0.16015
v1_250k,v1,1. Montant fixe,250000,same_close,2023-07_2026-07,21,cost_fixed_pct,0.16055
v1_250k,v1,1. Montant fixe,250000,half_day_lag,2000-2026,21,cost_fixed_pct,0.16013
v1_250k,v1,1. Montant fixe,250000,half_day_lag,2010-2026,21,cost_fixed_pct,0.16014
v1_250k,v1,1. Montant fixe,250000,half_day_lag,2015-2026,21,cost_fixed_pct,0.16015
v1_250k,v1,1. Montant fixe,250000,half_day_lag,2023-07_2026-07,21,cost_fixed_pct,0.16055
v1_1M,v1,1. Montant fixe,1000000,same_close,2000-2026,36,cost_fixed_pct,0.040032
v1_1M,v1,1. Montant fixe,1000000,same_close,2010-2026,36,cost_fixed_pct,0.040034
v1_1M,v1,1. Montant fixe,1000000,same_close,2015-2026,36,cost_fixed_pct,0.040037
v1_1M,v1,1. Montant fixe,1000000,same_close,2023-07_2026-07,36,cost_fixed_pct,0.040137
v1_1M,v1,1. Montant fixe,1000000,half_day_lag,2000-2026,36,cost_fixed_pct,0.040032
v1_1M,v1,1. Montant fixe,1000000,half_day_lag,2010-2026,36,cost_fixed_pct,0.040034
v1_1M,v1,1. Montant fixe,1000000,half_day_lag,2015-2026,36,cost_fixed_pct,0.040037
v1_1M,v1,1. Montant fixe,1000000,half_day_lag,2023-07_2026-07,36,cost_fixed_pct,0.040137
v2_100k,v2,2. Systeme actuel,100000,same_close,2000-2026,13,cost_fixed_pct,0.40032
v2_100k,v2,2. Systeme actuel,100000,same_close,2010-2026,13,cost_fixed_pct,0.40034
v2_100k,v2,2. Systeme actuel,100000,same_close,2015-2026,13,cost_fixed_pct,0.40037
v2_100k,v2,2. Systeme actuel,100000,same_close,2023-07_2026-07,13,cost_fixed_pct,0.40137
v2_100k,v2,2. Systeme actuel,100000,half_day_lag,2000-2026,13,cost_fixed_pct,0.40032
v2_100k,v2,2. Systeme actuel,100000,half_day_lag,2010-2026,13,cost_fixed_pct,0.40034
v2_100k,v2,2. Systeme actuel,100000,half_day_lag,2015-2026,13,cost_fixed_pct,0.40037
v2_100k,v2,2. Systeme actuel,100000,half_day_lag,2023-07_2026-07,13,cost_fixed_pct,0.40137
v2_250k,v2,2. Systeme actuel,250000,same_close,2000-2026,21,cost_fixed_pct,0.16013
v2_250k,v2,2. Systeme actuel,250000,same_close,2010-2026,21,cost_fixed_pct,0.16014
v2_250k,v2,2. Systeme actuel,250000,same_close,2015-2026,21,cost_fixed_pct,0.16015
v2_250k,v2,2. Systeme actuel,250000,same_close,2023-07_2026-07,21,cost_fixed_pct,0.16055
v2_250k,v2,2. Systeme actuel,250000,half_day_lag,2000-2026,21,cost_fixed_pct,0.16013
v2_250k,v2,2. Systeme actuel,250000,half_day_lag,2010-2026,21,cost_fixed_pct,0.16014
v2_250k,v2,2. Systeme actuel,250000,half_day_lag,2015-2026,21,cost_fixed_pct,0.16015
v2_250k,v2,2. Systeme actuel,250000,half_day_lag,2023-07_2026-07,21,cost_fixed_pct,0.16055
v2_1M,v2,2. Systeme actuel,1000000,same_close,2000-2026,36,cost_fixed_pct,0.040032
v2_1M,v2,2. Systeme actuel,1000000,same_close,2010-2026,36,cost_fixed_pct,0.040034
v2_1M,v2,2. Systeme actuel,1000000,same_close,2015-2026,36,cost_fixed_pct,0.040037
v2_1M,v2,2. Systeme actuel,1000000,same_close,2023-07_2026-07,36,cost_fixed_pct,0.040137
v2_1M,v2,2. Systeme actuel,1000000,half_day_lag,2000-2026,36,cost_fixed_pct,0.040032
v2_1M,v2,2. Systeme actuel,1000000,half_day_lag,2010-2026,36,cost_fixed_pct,0.040034
v2_1M,v2,2. Systeme actuel,1000000,half_day_lag,2015-2026,36,cost_fixed_pct,0.040037
v2_1M,v2,2. Systeme actuel,1000000,half_day_lag,2023-07_2026-07,36,cost_fixed_pct,0.040137
v3_100k,v3,3. + strategie 13,100000,same_close,2000-2026,14,cost_fixed_pct,0.40032
v3_100k,v3,3. + strategie 13,100000,same_close,2010-2026,14,cost_fixed_pct,0.40034
v3_100k,v3,3. + strategie 13,100000,same_close,2015-2026,14,cost_fixed_pct,0.40037
v3_100k,v3,3. + strategie 13,100000,same_close,2023-07_2026-07,14,cost_fixed_pct,0.40137
v3_100k,v3,3. + strategie 13,100000,half_day_lag,2000-2026,14,cost_fixed_pct,0.40032
v3_100k,v3,3. + strategie 13,100000,half_day_lag,2010-2026,14,cost_fixed_pct,0.40034
v3_100k,v3,3. + strategie 13,100000,half_day_lag,2015-2026,14,cost_fixed_pct,0.40037
v3_100k,v3,3. + strategie 13,100000,half_day_lag,2023-07_2026-07,14,cost_fixed_pct,0.40137
v3_250k,v3,3. + strategie 13,250000,same_close,2000-2026,22,cost_fixed_pct,0.16013
v3_250k,v3,3. + strategie 13,250000,same_close,2010-2026,22,cost_fixed_pct,0.16014
v3_250k,v3,3. + strategie 13,250000,same_close,2015-2026,22,cost_fixed_pct,0.16015
v3_250k,v3,3. + strategie 13,250000,same_close,2023-07_2026-07,22,cost_fixed_pct,0.16055
v3_250k,v3,3. + strategie 13,250000,half_day_lag,2000-2026,22,cost_fixed_pct,0.16013
v3_250k,v3,3. + strategie 13,250000,half_day_lag,2010-2026,22,cost_fixed_pct,0.16014
v3_250k,v3,3. + strategie 13,250000,half_day_lag,2015-2026,22,cost_fixed_pct,0.16015
v3_250k,v3,3. + strategie 13,250000,half_day_lag,2023-07_2026-07,22,cost_fixed_pct,0.16055
v3_1M,v3,3. + strategie 13,1000000,same_close,2000-2026,37,cost_fixed_pct,0.040032
v3_1M,v3,3. + strategie 13,1000000,same_close,2010-2026,37,cost_fixed_pct,0.040034
v3_1M,v3,3. + strategie 13,1000000,same_close,2015-2026,37,cost_fixed_pct,0.040037
v3_1M,v3,3. + strategie 13,1000000,same_close,2023-07_2026-07,37,cost_fixed_pct,0.040137
v3_1M,v3,3. + strategie 13,1000000,half_day_lag,2000-2026,37,cost_fixed_pct,0.040032
v3_1M,v3,3. + strategie 13,1000000,half_day_lag,2010-2026,37,cost_fixed_pct,0.040034
v3_1M,v3,3. + strategie 13,1000000,half_day_lag,2015-2026,37,cost_fixed_pct,0.040037
v3_1M,v3,3. + strategie 13,1000000,half_day_lag,2023-07_2026-07,37,cost_fixed_pct,0.040137
v4_100k,v4,4. + pilotage du risque,100000,same_close,2000-2026,13,cost_fixed_pct,0.40032
v4_100k,v4,4. + pilotage du risque,100000,same_close,2010-2026,13,cost_fixed_pct,0.40034
v4_100k,v4,4. + pilotage du risque,100000,same_close,2015-2026,13,cost_fixed_pct,0.40037
v4_100k,v4,4. + pilotage du risque,100000,same_close,2023-07_2026-07,13,cost_fixed_pct,0.40137
v4_100k,v4,4. + pilotage du risque,100000,half_day_lag,2000-2026,13,cost_fixed_pct,0.40032
v4_100k,v4,4. + pilotage du risque,100000,half_day_lag,2010-2026,13,cost_fixed_pct,0.40034
v4_100k,v4,4. + pilotage du risque,100000,half_day_lag,2015-2026,13,cost_fixed_pct,0.40037
v4_100k,v4,4. + pilotage du risque,100000,half_day_lag,2023-07_2026-07,13,cost_fixed_pct,0.40137
v4_250k,v4,4. + pilotage du risque,250000,same_close,2000-2026,23,cost_fixed_pct,0.16013
v4_250k,v4,4. + pilotage du risque,250000,same_close,2010-2026,23,cost_fixed_pct,0.16014
v4_250k,v4,4. + pilotage du risque,250000,same_close,2015-2026,23,cost_fixed_pct,0.16015
v4_250k,v4,4. + pilotage du risque,250000,same_close,2023-07_2026-07,23,cost_fixed_pct,0.16055
v4_250k,v4,4. + pilotage du risque,250000,half_day_lag,2000-2026,23,cost_fixed_pct,0.16013
v4_250k,v4,4. + pilotage du risque,250000,half_day_lag,2010-2026,23,cost_fixed_pct,0.16014
v4_250k,v4,4. + pilotage du risque,250000,half_day_lag,2015-2026,23,cost_fixed_pct,0.16015
v4_250k,v4,4. + pilotage du risque,250000,half_day_lag,2023-07_2026-07,23,cost_fixed_pct,0.16055
v4_1M,v4,4. + pilotage du risque,1000000,same_close,2000-2026,38,cost_fixed_pct,0.040032
v4_1M,v4,4. + pilotage du risque,1000000,same_close,2010-2026,38,cost_fixed_pct,0.040034
v4_1M,v4,4. + pilotage du risque,1000000,same_close,2015-2026,38,cost_fixed_pct,0.040037
v4_1M,v4,4. + pilotage du risque,1000000,same_close,2023-07_2026-07,38,cost_fixed_pct,0.040137
v4_1M,v4,4. + pilotage du risque,1000000,half_day_lag,2000-2026,38,cost_fixed_pct,0.040032
v4_1M,v4,4. + pilotage du risque,1000000,half_day_lag,2010-2026,38,cost_fixed_pct,0.040034
v4_1M,v4,4. + pilotage du risque,1000000,half_day_lag,2015-2026,38,cost_fixed_pct,0.040037
v4_1M,v4,4. + pilotage du risque,1000000,half_day_lag,2023-07_2026-07,38,cost_fixed_pct,0.040137
v5_100k,v5,5. Les deux,100000,same_close,2000-2026,14,cost_fixed_pct,0.40032
v5_100k,v5,5. Les deux,100000,same_close,2010-2026,14,cost_fixed_pct,0.40034
v5_100k,v5,5. Les deux,100000,same_close,2015-2026,14,cost_fixed_pct,0.40037
v5_100k,v5,5. Les deux,100000,same_close,2023-07_2026-07,14,cost_fixed_pct,0.40137
v5_100k,v5,5. Les deux,100000,half_day_lag,2000-2026,14,cost_fixed_pct,0.40032
v5_100k,v5,5. Les deux,100000,half_day_lag,2010-2026,14,cost_fixed_pct,0.40034
v5_100k,v5,5. Les deux,100000,half_day_lag,2015-2026,14,cost_fixed_pct,0.40037
v5_100k,v5,5. Les deux,100000,half_day_lag,2023-07_2026-07,14,cost_fixed_pct,0.40137
v5_250k,v5,5. Les deux,250000,same_close,2000-2026,24,cost_fixed_pct,0.16013
v5_250k,v5,5. Les deux,250000,same_close,2010-2026,24,cost_fixed_pct,0.16014
v5_250k,v5,5. Les deux,250000,same_close,2015-2026,24,cost_fixed_pct,0.16015
v5_250k,v5,5. Les deux,250000,same_close,2023-07_2026-07,24,cost_fixed_pct,0.16055
v5_250k,v5,5. Les deux,250000,half_day_lag,2000-2026,24,cost_fixed_pct,0.16013
v5_250k,v5,5. Les deux,250000,half_day_lag,2010-2026,24,cost_fixed_pct,0.16014
v5_250k,v5,5. Les deux,250000,half_day_lag,2015-2026,24,cost_fixed_pct,0.16015
v5_250k,v5,5. Les deux,250000,half_day_lag,2023-07_2026-07,24,cost_fixed_pct,0.16055
v5_1M,v5,5. Les deux,1000000,same_close,2000-2026,40,cost_fixed_pct,0.040032
v5_1M,v5,5. Les deux,1000000,same_close,2010-2026,40,cost_fixed_pct,0.040034
v5_1M,v5,5. Les deux,1000000,same_close,2015-2026,40,cost_fixed_pct,0.040037
v5_1M,v5,5. Les deux,1000000,same_close,2023-07_2026-07,40,cost_fixed_pct,0.040137
v5_1M,v5,5. Les deux,1000000,half_day_lag,2000-2026,40,cost_fixed_pct,0.040032
v5_1M,v5,5. Les deux,1000000,half_day_lag,2010-2026,40,cost_fixed_pct,0.040034
v5_1M,v5,5. Les deux,1000000,half_day_lag,2015-2026,40,cost_fixed_pct,0.040037
v5_1M,v5,5. Les deux,1000000,half_day_lag,2023-07_2026-07,40,cost_fixed_pct,0.040137
v1_100k,v1,1. Montant fixe,100000,same_close,2000-2026,13,cost_cash_shortfall_pct,0.79394
v1_100k,v1,1. Montant fixe,100000,same_close,2010-2026,13,cost_cash_shortfall_pct,0.62909
v1_100k,v1,1. Montant fixe,100000,same_close,2015-2026,13,cost_cash_shortfall_pct,0.87047
v1_100k,v1,1. Montant fixe,100000,same_close,2023-07_2026-07,13,cost_cash_shortfall_pct,1.686
v1_100k,v1,1. Montant fixe,100000,half_day_lag,2000-2026,13,cost_cash_shortfall_pct,0.79394
v1_100k,v1,1. Montant fixe,100000,half_day_lag,2010-2026,13,cost_cash_shortfall_pct,0.62909
v1_100k,v1,1. Montant fixe,100000,half_day_lag,2015-2026,13,cost_cash_shortfall_pct,0.87047
v1_100k,v1,1. Montant fixe,100000,half_day_lag,2023-07_2026-07,13,cost_cash_shortfall_pct,1.686
v1_250k,v1,1. Montant fixe,250000,same_close,2000-2026,21,cost_cash_shortfall_pct,0.67193
v1_250k,v1,1. Montant fixe,250000,same_close,2010-2026,21,cost_cash_shortfall_pct,0.52737
v1_250k,v1,1. Montant fixe,250000,same_close,2015-2026,21,cost_cash_shortfall_pct,0.72461
v1_250k,v1,1. Montant fixe,250000,same_close,2023-07_2026-07,21,cost_cash_shortfall_pct,1.3247
v1_250k,v1,1. Montant fixe,250000,half_day_lag,2000-2026,21,cost_cash_shortfall_pct,0.67193
v1_250k,v1,1. Montant fixe,250000,half_day_lag,2010-2026,21,cost_cash_shortfall_pct,0.52737
v1_250k,v1,1. Montant fixe,250000,half_day_lag,2015-2026,21,cost_cash_shortfall_pct,0.72461
v1_250k,v1,1. Montant fixe,250000,half_day_lag,2023-07_2026-07,21,cost_cash_shortfall_pct,1.3247
v1_1M,v1,1. Montant fixe,1000000,same_close,2000-2026,36,cost_cash_shortfall_pct,0.61216
v1_1M,v1,1. Montant fixe,1000000,same_close,2010-2026,36,cost_cash_shortfall_pct,0.48005
v1_1M,v1,1. Montant fixe,1000000,same_close,2015-2026,36,cost_cash_shortfall_pct,0.65675
v1_1M,v1,1. Montant fixe,1000000,same_close,2023-07_2026-07,36,cost_cash_shortfall_pct,1.1624
v1_1M,v1,1. Montant fixe,1000000,half_day_lag,2000-2026,36,cost_cash_shortfall_pct,0.61216
v1_1M,v1,1. Montant fixe,1000000,half_day_lag,2010-2026,36,cost_cash_shortfall_pct,0.48005
v1_1M,v1,1. Montant fixe,1000000,half_day_lag,2015-2026,36,cost_cash_shortfall_pct,0.65675
v1_1M,v1,1. Montant fixe,1000000,half_day_lag,2023-07_2026-07,36,cost_cash_shortfall_pct,1.1624
v2_100k,v2,2. Systeme actuel,100000,same_close,2000-2026,13,cost_cash_shortfall_pct,0.68404
v2_100k,v2,2. Systeme actuel,100000,same_close,2010-2026,13,cost_cash_shortfall_pct,0.53432
v2_100k,v2,2. Systeme actuel,100000,same_close,2015-2026,13,cost_cash_shortfall_pct,0.73458
v2_100k,v2,2. Systeme actuel,100000,same_close,2023-07_2026-07,13,cost_cash_shortfall_pct,1.3727
v2_100k,v2,2. Systeme actuel,100000,half_day_lag,2000-2026,13,cost_cash_shortfall_pct,0.68404
v2_100k,v2,2. Systeme actuel,100000,half_day_lag,2010-2026,13,cost_cash_shortfall_pct,0.53432
v2_100k,v2,2. Systeme actuel,100000,half_day_lag,2015-2026,13,cost_cash_shortfall_pct,0.73458
v2_100k,v2,2. Systeme actuel,100000,half_day_lag,2023-07_2026-07,13,cost_cash_shortfall_pct,1.3727
v2_250k,v2,2. Systeme actuel,250000,same_close,2000-2026,21,cost_cash_shortfall_pct,0.58816
v2_250k,v2,2. Systeme actuel,250000,same_close,2010-2026,21,cost_cash_shortfall_pct,0.45881
v2_250k,v2,2. Systeme actuel,250000,same_close,2015-2026,21,cost_cash_shortfall_pct,0.6263
v2_250k,v2,2. Systeme actuel,250000,same_close,2023-07_2026-07,21,cost_cash_shortfall_pct,1.1015
v2_250k,v2,2. Systeme actuel,250000,half_day_lag,2000-2026,21,cost_cash_shortfall_pct,0.58816
v2_250k,v2,2. Systeme actuel,250000,half_day_lag,2010-2026,21,cost_cash_shortfall_pct,0.45881
v2_250k,v2,2. Systeme actuel,250000,half_day_lag,2015-2026,21,cost_cash_shortfall_pct,0.6263
v2_250k,v2,2. Systeme actuel,250000,half_day_lag,2023-07_2026-07,21,cost_cash_shortfall_pct,1.1015
v2_1M,v2,2. Systeme actuel,1000000,same_close,2000-2026,36,cost_cash_shortfall_pct,0.55116
v2_1M,v2,2. Systeme actuel,1000000,same_close,2010-2026,36,cost_cash_shortfall_pct,0.4295
v2_1M,v2,2. Systeme actuel,1000000,same_close,2015-2026,36,cost_cash_shortfall_pct,0.58426
v2_1M,v2,2. Systeme actuel,1000000,same_close,2023-07_2026-07,36,cost_cash_shortfall_pct,1.0006
v2_1M,v2,2. Systeme actuel,1000000,half_day_lag,2000-2026,36,cost_cash_shortfall_pct,0.55116
v2_1M,v2,2. Systeme actuel,1000000,half_day_lag,2010-2026,36,cost_cash_shortfall_pct,0.4295
v2_1M,v2,2. Systeme actuel,1000000,half_day_lag,2015-2026,36,cost_cash_shortfall_pct,0.58426
v2_1M,v2,2. Systeme actuel,1000000,half_day_lag,2023-07_2026-07,36,cost_cash_shortfall_pct,1.0006
v3_100k,v3,3. + strategie 13,100000,same_close,2000-2026,14,cost_cash_shortfall_pct,0.70331
v3_100k,v3,3. + strategie 13,100000,same_close,2010-2026,14,cost_cash_shortfall_pct,0.54647
v3_100k,v3,3. + strategie 13,100000,same_close,2015-2026,14,cost_cash_shortfall_pct,0.752
v3_100k,v3,3. + strategie 13,100000,same_close,2023-07_2026-07,14,cost_cash_shortfall_pct,1.4014
v3_100k,v3,3. + strategie 13,100000,half_day_lag,2000-2026,14,cost_cash_shortfall_pct,0.70331
v3_100k,v3,3. + strategie 13,100000,half_day_lag,2010-2026,14,cost_cash_shortfall_pct,0.54647
v3_100k,v3,3. + strategie 13,100000,half_day_lag,2015-2026,14,cost_cash_shortfall_pct,0.752
v3_100k,v3,3. + strategie 13,100000,half_day_lag,2023-07_2026-07,14,cost_cash_shortfall_pct,1.4014
v3_250k,v3,3. + strategie 13,250000,same_close,2000-2026,22,cost_cash_shortfall_pct,0.6092
v3_250k,v3,3. + strategie 13,250000,same_close,2010-2026,22,cost_cash_shortfall_pct,0.47123
v3_250k,v3,3. + strategie 13,250000,same_close,2015-2026,22,cost_cash_shortfall_pct,0.6441
v3_250k,v3,3. + strategie 13,250000,same_close,2023-07_2026-07,22,cost_cash_shortfall_pct,1.1382
v3_250k,v3,3. + strategie 13,250000,half_day_lag,2000-2026,22,cost_cash_shortfall_pct,0.6092
v3_250k,v3,3. + strategie 13,250000,half_day_lag,2010-2026,22,cost_cash_shortfall_pct,0.47123
v3_250k,v3,3. + strategie 13,250000,half_day_lag,2015-2026,22,cost_cash_shortfall_pct,0.6441
v3_250k,v3,3. + strategie 13,250000,half_day_lag,2023-07_2026-07,22,cost_cash_shortfall_pct,1.1382
v3_1M,v3,3. + strategie 13,1000000,same_close,2000-2026,37,cost_cash_shortfall_pct,0.57111
v3_1M,v3,3. + strategie 13,1000000,same_close,2010-2026,37,cost_cash_shortfall_pct,0.44434
v3_1M,v3,3. + strategie 13,1000000,same_close,2015-2026,37,cost_cash_shortfall_pct,0.60554
v3_1M,v3,3. + strategie 13,1000000,same_close,2023-07_2026-07,37,cost_cash_shortfall_pct,1.0485
v3_1M,v3,3. + strategie 13,1000000,half_day_lag,2000-2026,37,cost_cash_shortfall_pct,0.57111
v3_1M,v3,3. + strategie 13,1000000,half_day_lag,2010-2026,37,cost_cash_shortfall_pct,0.44434
v3_1M,v3,3. + strategie 13,1000000,half_day_lag,2015-2026,37,cost_cash_shortfall_pct,0.60554
v3_1M,v3,3. + strategie 13,1000000,half_day_lag,2023-07_2026-07,37,cost_cash_shortfall_pct,1.0485
v4_100k,v4,4. + pilotage du risque,100000,same_close,2000-2026,13,cost_cash_shortfall_pct,0.69607
v4_100k,v4,4. + pilotage du risque,100000,same_close,2010-2026,13,cost_cash_shortfall_pct,0.54352
v4_100k,v4,4. + pilotage du risque,100000,same_close,2015-2026,13,cost_cash_shortfall_pct,0.74776
v4_100k,v4,4. + pilotage du risque,100000,same_close,2023-07_2026-07,13,cost_cash_shortfall_pct,1.4021
v4_100k,v4,4. + pilotage du risque,100000,half_day_lag,2000-2026,13,cost_cash_shortfall_pct,0.69579
v4_100k,v4,4. + pilotage du risque,100000,half_day_lag,2010-2026,13,cost_cash_shortfall_pct,0.54342
v4_100k,v4,4. + pilotage du risque,100000,half_day_lag,2015-2026,13,cost_cash_shortfall_pct,0.74762
v4_100k,v4,4. + pilotage du risque,100000,half_day_lag,2023-07_2026-07,13,cost_cash_shortfall_pct,1.4026
v4_250k,v4,4. + pilotage du risque,250000,same_close,2000-2026,23,cost_cash_shortfall_pct,0.63133
v4_250k,v4,4. + pilotage du risque,250000,same_close,2010-2026,23,cost_cash_shortfall_pct,0.49679
v4_250k,v4,4. + pilotage du risque,250000,same_close,2015-2026,23,cost_cash_shortfall_pct,0.68076
v4_250k,v4,4. + pilotage du risque,250000,same_close,2023-07_2026-07,23,cost_cash_shortfall_pct,1.2408
v4_250k,v4,4. + pilotage du risque,250000,half_day_lag,2000-2026,23,cost_cash_shortfall_pct,0.6307
v4_250k,v4,4. + pilotage du risque,250000,half_day_lag,2010-2026,23,cost_cash_shortfall_pct,0.49622
v4_250k,v4,4. + pilotage du risque,250000,half_day_lag,2015-2026,23,cost_cash_shortfall_pct,0.67994
v4_250k,v4,4. + pilotage du risque,250000,half_day_lag,2023-07_2026-07,23,cost_cash_shortfall_pct,1.24
v4_1M,v4,4. + pilotage du risque,1000000,same_close,2000-2026,38,cost_cash_shortfall_pct,0.59494
v4_1M,v4,4. + pilotage du risque,1000000,same_close,2010-2026,38,cost_cash_shortfall_pct,0.46936
v4_1M,v4,4. + pilotage du risque,1000000,same_close,2015-2026,38,cost_cash_shortfall_pct,0.64142
v4_1M,v4,4. + pilotage du risque,1000000,same_close,2023-07_2026-07,38,cost_cash_shortfall_pct,1.1551
v4_1M,v4,4. + pilotage du risque,1000000,half_day_lag,2000-2026,38,cost_cash_shortfall_pct,0.59421
v4_1M,v4,4. + pilotage du risque,1000000,half_day_lag,2010-2026,38,cost_cash_shortfall_pct,0.46869
v4_1M,v4,4. + pilotage du risque,1000000,half_day_lag,2015-2026,38,cost_cash_shortfall_pct,0.64047
v4_1M,v4,4. + pilotage du risque,1000000,half_day_lag,2023-07_2026-07,38,cost_cash_shortfall_pct,1.1544
v5_100k,v5,5. Les deux,100000,same_close,2000-2026,14,cost_cash_shortfall_pct,0.70401
v5_100k,v5,5. Les deux,100000,same_close,2010-2026,14,cost_cash_shortfall_pct,0.5525
v5_100k,v5,5. Les deux,100000,same_close,2015-2026,14,cost_cash_shortfall_pct,0.76063
v5_100k,v5,5. Les deux,100000,same_close,2023-07_2026-07,14,cost_cash_shortfall_pct,1.4311
v5_100k,v5,5. Les deux,100000,half_day_lag,2000-2026,14,cost_cash_shortfall_pct,0.70349
v5_100k,v5,5. Les deux,100000,half_day_lag,2010-2026,14,cost_cash_shortfall_pct,0.55182
v5_100k,v5,5. Les deux,100000,half_day_lag,2015-2026,14,cost_cash_shortfall_pct,0.75967
v5_100k,v5,5. Les deux,100000,half_day_lag,2023-07_2026-07,14,cost_cash_shortfall_pct,1.4298
v5_250k,v5,5. Les deux,250000,same_close,2000-2026,24,cost_cash_shortfall_pct,0.64074
v5_250k,v5,5. Les deux,250000,same_close,2010-2026,24,cost_cash_shortfall_pct,0.51208
v5_250k,v5,5. Les deux,250000,same_close,2015-2026,24,cost_cash_shortfall_pct,0.70269
v5_250k,v5,5. Les deux,250000,same_close,2023-07_2026-07,24,cost_cash_shortfall_pct,1.2883
v5_250k,v5,5. Les deux,250000,half_day_lag,2000-2026,24,cost_cash_shortfall_pct,0.63984
v5_250k,v5,5. Les deux,250000,half_day_lag,2010-2026,24,cost_cash_shortfall_pct,0.51105
v5_250k,v5,5. Les deux,250000,half_day_lag,2015-2026,24,cost_cash_shortfall_pct,0.70121
v5_250k,v5,5. Les deux,250000,half_day_lag,2023-07_2026-07,24,cost_cash_shortfall_pct,1.287
v5_1M,v5,5. Les deux,1000000,same_close,2000-2026,40,cost_cash_shortfall_pct,0.60532
v5_1M,v5,5. Les deux,1000000,same_close,2010-2026,40,cost_cash_shortfall_pct,0.48158
v5_1M,v5,5. Les deux,1000000,same_close,2015-2026,40,cost_cash_shortfall_pct,0.65895
v5_1M,v5,5. Les deux,1000000,same_close,2023-07_2026-07,40,cost_cash_shortfall_pct,1.1935
v5_1M,v5,5. Les deux,1000000,half_day_lag,2000-2026,40,cost_cash_shortfall_pct,0.60456
v5_1M,v5,5. Les deux,1000000,half_day_lag,2010-2026,40,cost_cash_shortfall_pct,0.48061
v5_1M,v5,5. Les deux,1000000,half_day_lag,2015-2026,40,cost_cash_shortfall_pct,0.65756
v5_1M,v5,5. Les deux,1000000,half_day_lag,2023-07_2026-07,40,cost_cash_shortfall_pct,1.1921
v1_100k,v1,1. Montant fixe,100000,same_close,2000-2026,13,tbill_avg_pct,1.9235
v1_100k,v1,1. Montant fixe,100000,same_close,2010-2026,13,tbill_avg_pct,1.4568
v1_100k,v1,1. Montant fixe,100000,same_close,2015-2026,13,tbill_avg_pct,2.0573
v1_100k,v1,1. Montant fixe,100000,same_close,2023-07_2026-07,13,tbill_avg_pct,4.5
v1_100k,v1,1. Montant fixe,100000,half_day_lag,2000-2026,13,tbill_avg_pct,1.9235
v1_100k,v1,1. Montant fixe,100000,half_day_lag,2010-2026,13,tbill_avg_pct,1.4568
v1_100k,v1,1. Montant fixe,100000,half_day_lag,2015-2026,13,tbill_avg_pct,2.0573
v1_100k,v1,1. Montant fixe,100000,half_day_lag,2023-07_2026-07,13,tbill_avg_pct,4.5
v1_250k,v1,1. Montant fixe,250000,same_close,2000-2026,21,tbill_avg_pct,1.9235
v1_250k,v1,1. Montant fixe,250000,same_close,2010-2026,21,tbill_avg_pct,1.4568
v1_250k,v1,1. Montant fixe,250000,same_close,2015-2026,21,tbill_avg_pct,2.0573
v1_250k,v1,1. Montant fixe,250000,same_close,2023-07_2026-07,21,tbill_avg_pct,4.5
v1_250k,v1,1. Montant fixe,250000,half_day_lag,2000-2026,21,tbill_avg_pct,1.9235
v1_250k,v1,1. Montant fixe,250000,half_day_lag,2010-2026,21,tbill_avg_pct,1.4568
v1_250k,v1,1. Montant fixe,250000,half_day_lag,2015-2026,21,tbill_avg_pct,2.0573
v1_250k,v1,1. Montant fixe,250000,half_day_lag,2023-07_2026-07,21,tbill_avg_pct,4.5
v1_1M,v1,1. Montant fixe,1000000,same_close,2000-2026,36,tbill_avg_pct,1.9235
v1_1M,v1,1. Montant fixe,1000000,same_close,2010-2026,36,tbill_avg_pct,1.4568
v1_1M,v1,1. Montant fixe,1000000,same_close,2015-2026,36,tbill_avg_pct,2.0573
v1_1M,v1,1. Montant fixe,1000000,same_close,2023-07_2026-07,36,tbill_avg_pct,4.5
v1_1M,v1,1. Montant fixe,1000000,half_day_lag,2000-2026,36,tbill_avg_pct,1.9235
v1_1M,v1,1. Montant fixe,1000000,half_day_lag,2010-2026,36,tbill_avg_pct,1.4568
v1_1M,v1,1. Montant fixe,1000000,half_day_lag,2015-2026,36,tbill_avg_pct,2.0573
v1_1M,v1,1. Montant fixe,1000000,half_day_lag,2023-07_2026-07,36,tbill_avg_pct,4.5
v2_100k,v2,2. Systeme actuel,100000,same_close,2000-2026,13,tbill_avg_pct,1.9235
v2_100k,v2,2. Systeme actuel,100000,same_close,2010-2026,13,tbill_avg_pct,1.4568
v2_100k,v2,2. Systeme actuel,100000,same_close,2015-2026,13,tbill_avg_pct,2.0573
v2_100k,v2,2. Systeme actuel,100000,same_close,2023-07_2026-07,13,tbill_avg_pct,4.5
v2_100k,v2,2. Systeme actuel,100000,half_day_lag,2000-2026,13,tbill_avg_pct,1.9235
v2_100k,v2,2. Systeme actuel,100000,half_day_lag,2010-2026,13,tbill_avg_pct,1.4568
v2_100k,v2,2. Systeme actuel,100000,half_day_lag,2015-2026,13,tbill_avg_pct,2.0573
v2_100k,v2,2. Systeme actuel,100000,half_day_lag,2023-07_2026-07,13,tbill_avg_pct,4.5
v2_250k,v2,2. Systeme actuel,250000,same_close,2000-2026,21,tbill_avg_pct,1.9235
v2_250k,v2,2. Systeme actuel,250000,same_close,2010-2026,21,tbill_avg_pct,1.4568
v2_250k,v2,2. Systeme actuel,250000,same_close,2015-2026,21,tbill_avg_pct,2.0573
v2_250k,v2,2. Systeme actuel,250000,same_close,2023-07_2026-07,21,tbill_avg_pct,4.5
v2_250k,v2,2. Systeme actuel,250000,half_day_lag,2000-2026,21,tbill_avg_pct,1.9235
v2_250k,v2,2. Systeme actuel,250000,half_day_lag,2010-2026,21,tbill_avg_pct,1.4568
v2_250k,v2,2. Systeme actuel,250000,half_day_lag,2015-2026,21,tbill_avg_pct,2.0573
v2_250k,v2,2. Systeme actuel,250000,half_day_lag,2023-07_2026-07,21,tbill_avg_pct,4.5
v2_1M,v2,2. Systeme actuel,1000000,same_close,2000-2026,36,tbill_avg_pct,1.9235
v2_1M,v2,2. Systeme actuel,1000000,same_close,2010-2026,36,tbill_avg_pct,1.4568
v2_1M,v2,2. Systeme actuel,1000000,same_close,2015-2026,36,tbill_avg_pct,2.0573
v2_1M,v2,2. Systeme actuel,1000000,same_close,2023-07_2026-07,36,tbill_avg_pct,4.5
v2_1M,v2,2. Systeme actuel,1000000,half_day_lag,2000-2026,36,tbill_avg_pct,1.9235
v2_1M,v2,2. Systeme actuel,1000000,half_day_lag,2010-2026,36,tbill_avg_pct,1.4568
v2_1M,v2,2. Systeme actuel,1000000,half_day_lag,2015-2026,36,tbill_avg_pct,2.0573
v2_1M,v2,2. Systeme actuel,1000000,half_day_lag,2023-07_2026-07,36,tbill_avg_pct,4.5
v3_100k,v3,3. + strategie 13,100000,same_close,2000-2026,14,tbill_avg_pct,1.9235
v3_100k,v3,3. + strategie 13,100000,same_close,2010-2026,14,tbill_avg_pct,1.4568
v3_100k,v3,3. + strategie 13,100000,same_close,2015-2026,14,tbill_avg_pct,2.0573
v3_100k,v3,3. + strategie 13,100000,same_close,2023-07_2026-07,14,tbill_avg_pct,4.5
v3_100k,v3,3. + strategie 13,100000,half_day_lag,2000-2026,14,tbill_avg_pct,1.9235
v3_100k,v3,3. + strategie 13,100000,half_day_lag,2010-2026,14,tbill_avg_pct,1.4568
v3_100k,v3,3. + strategie 13,100000,half_day_lag,2015-2026,14,tbill_avg_pct,2.0573
v3_100k,v3,3. + strategie 13,100000,half_day_lag,2023-07_2026-07,14,tbill_avg_pct,4.5
v3_250k,v3,3. + strategie 13,250000,same_close,2000-2026,22,tbill_avg_pct,1.9235
v3_250k,v3,3. + strategie 13,250000,same_close,2010-2026,22,tbill_avg_pct,1.4568
v3_250k,v3,3. + strategie 13,250000,same_close,2015-2026,22,tbill_avg_pct,2.0573
v3_250k,v3,3. + strategie 13,250000,same_close,2023-07_2026-07,22,tbill_avg_pct,4.5
v3_250k,v3,3. + strategie 13,250000,half_day_lag,2000-2026,22,tbill_avg_pct,1.9235
v3_250k,v3,3. + strategie 13,250000,half_day_lag,2010-2026,22,tbill_avg_pct,1.4568
v3_250k,v3,3. + strategie 13,250000,half_day_lag,2015-2026,22,tbill_avg_pct,2.0573
v3_250k,v3,3. + strategie 13,250000,half_day_lag,2023-07_2026-07,22,tbill_avg_pct,4.5
v3_1M,v3,3. + strategie 13,1000000,same_close,2000-2026,37,tbill_avg_pct,1.9235
v3_1M,v3,3. + strategie 13,1000000,same_close,2010-2026,37,tbill_avg_pct,1.4568
v3_1M,v3,3. + strategie 13,1000000,same_close,2015-2026,37,tbill_avg_pct,2.0573
v3_1M,v3,3. + strategie 13,1000000,same_close,2023-07_2026-07,37,tbill_avg_pct,4.5
v3_1M,v3,3. + strategie 13,1000000,half_day_lag,2000-2026,37,tbill_avg_pct,1.9235
v3_1M,v3,3. + strategie 13,1000000,half_day_lag,2010-2026,37,tbill_avg_pct,1.4568
v3_1M,v3,3. + strategie 13,1000000,half_day_lag,2015-2026,37,tbill_avg_pct,2.0573
v3_1M,v3,3. + strategie 13,1000000,half_day_lag,2023-07_2026-07,37,tbill_avg_pct,4.5
v4_100k,v4,4. + pilotage du risque,100000,same_close,2000-2026,13,tbill_avg_pct,1.9235
v4_100k,v4,4. + pilotage du risque,100000,same_close,2010-2026,13,tbill_avg_pct,1.4568
v4_100k,v4,4. + pilotage du risque,100000,same_close,2015-2026,13,tbill_avg_pct,2.0573
v4_100k,v4,4. + pilotage du risque,100000,same_close,2023-07_2026-07,13,tbill_avg_pct,4.5
v4_100k,v4,4. + pilotage du risque,100000,half_day_lag,2000-2026,13,tbill_avg_pct,1.9235
v4_100k,v4,4. + pilotage du risque,100000,half_day_lag,2010-2026,13,tbill_avg_pct,1.4568
v4_100k,v4,4. + pilotage du risque,100000,half_day_lag,2015-2026,13,tbill_avg_pct,2.0573
v4_100k,v4,4. + pilotage du risque,100000,half_day_lag,2023-07_2026-07,13,tbill_avg_pct,4.5
v4_250k,v4,4. + pilotage du risque,250000,same_close,2000-2026,23,tbill_avg_pct,1.9235
v4_250k,v4,4. + pilotage du risque,250000,same_close,2010-2026,23,tbill_avg_pct,1.4568
v4_250k,v4,4. + pilotage du risque,250000,same_close,2015-2026,23,tbill_avg_pct,2.0573
v4_250k,v4,4. + pilotage du risque,250000,same_close,2023-07_2026-07,23,tbill_avg_pct,4.5
v4_250k,v4,4. + pilotage du risque,250000,half_day_lag,2000-2026,23,tbill_avg_pct,1.9235
v4_250k,v4,4. + pilotage du risque,250000,half_day_lag,2010-2026,23,tbill_avg_pct,1.4568
v4_250k,v4,4. + pilotage du risque,250000,half_day_lag,2015-2026,23,tbill_avg_pct,2.0573
v4_250k,v4,4. + pilotage du risque,250000,half_day_lag,2023-07_2026-07,23,tbill_avg_pct,4.5
v4_1M,v4,4. + pilotage du risque,1000000,same_close,2000-2026,38,tbill_avg_pct,1.9235
v4_1M,v4,4. + pilotage du risque,1000000,same_close,2010-2026,38,tbill_avg_pct,1.4568
v4_1M,v4,4. + pilotage du risque,1000000,same_close,2015-2026,38,tbill_avg_pct,2.0573
v4_1M,v4,4. + pilotage du risque,1000000,same_close,2023-07_2026-07,38,tbill_avg_pct,4.5
v4_1M,v4,4. + pilotage du risque,1000000,half_day_lag,2000-2026,38,tbill_avg_pct,1.9235
v4_1M,v4,4. + pilotage du risque,1000000,half_day_lag,2010-2026,38,tbill_avg_pct,1.4568
v4_1M,v4,4. + pilotage du risque,1000000,half_day_lag,2015-2026,38,tbill_avg_pct,2.0573
v4_1M,v4,4. + pilotage du risque,1000000,half_day_lag,2023-07_2026-07,38,tbill_avg_pct,4.5
v5_100k,v5,5. Les deux,100000,same_close,2000-2026,14,tbill_avg_pct,1.9235
v5_100k,v5,5. Les deux,100000,same_close,2010-2026,14,tbill_avg_pct,1.4568
v5_100k,v5,5. Les deux,100000,same_close,2015-2026,14,tbill_avg_pct,2.0573
v5_100k,v5,5. Les deux,100000,same_close,2023-07_2026-07,14,tbill_avg_pct,4.5
v5_100k,v5,5. Les deux,100000,half_day_lag,2000-2026,14,tbill_avg_pct,1.9235
v5_100k,v5,5. Les deux,100000,half_day_lag,2010-2026,14,tbill_avg_pct,1.4568
v5_100k,v5,5. Les deux,100000,half_day_lag,2015-2026,14,tbill_avg_pct,2.0573
v5_100k,v5,5. Les deux,100000,half_day_lag,2023-07_2026-07,14,tbill_avg_pct,4.5
v5_250k,v5,5. Les deux,250000,same_close,2000-2026,24,tbill_avg_pct,1.9235
v5_250k,v5,5. Les deux,250000,same_close,2010-2026,24,tbill_avg_pct,1.4568
v5_250k,v5,5. Les deux,250000,same_close,2015-2026,24,tbill_avg_pct,2.0573
v5_250k,v5,5. Les deux,250000,same_close,2023-07_2026-07,24,tbill_avg_pct,4.5
v5_250k,v5,5. Les deux,250000,half_day_lag,2000-2026,24,tbill_avg_pct,1.9235
v5_250k,v5,5. Les deux,250000,half_day_lag,2010-2026,24,tbill_avg_pct,1.4568
v5_250k,v5,5. Les deux,250000,half_day_lag,2015-2026,24,tbill_avg_pct,2.0573
v5_250k,v5,5. Les deux,250000,half_day_lag,2023-07_2026-07,24,tbill_avg_pct,4.5
v5_1M,v5,5. Les deux,1000000,same_close,2000-2026,40,tbill_avg_pct,1.9235
v5_1M,v5,5. Les deux,1000000,same_close,2010-2026,40,tbill_avg_pct,1.4568
v5_1M,v5,5. Les deux,1000000,same_close,2015-2026,40,tbill_avg_pct,2.0573
v5_1M,v5,5. Les deux,1000000,same_close,2023-07_2026-07,40,tbill_avg_pct,4.5
v5_1M,v5,5. Les deux,1000000,half_day_lag,2000-2026,40,tbill_avg_pct,1.9235
v5_1M,v5,5. Les deux,1000000,half_day_lag,2010-2026,40,tbill_avg_pct,1.4568
v5_1M,v5,5. Les deux,1000000,half_day_lag,2015-2026,40,tbill_avg_pct,2.0573
v5_1M,v5,5. Les deux,1000000,half_day_lag,2023-07_2026-07,40,tbill_avg_pct,4.5
v1_100k,v1,1. Montant fixe,100000,same_close,2000-2026,13,ib_cash_avg_pct,1.1295
v1_100k,v1,1. Montant fixe,100000,same_close,2010-2026,13,ib_cash_avg_pct,0.82769
v1_100k,v1,1. Montant fixe,100000,same_close,2015-2026,13,ib_cash_avg_pct,1.1869
v1_100k,v1,1. Montant fixe,100000,same_close,2023-07_2026-07,13,ib_cash_avg_pct,2.8141
v1_100k,v1,1. Montant fixe,100000,half_day_lag,2000-2026,13,ib_cash_avg_pct,1.1295
v1_100k,v1,1. Montant fixe,100000,half_day_lag,2010-2026,13,ib_cash_avg_pct,0.82769
v1_100k,v1,1. Montant fixe,100000,half_day_lag,2015-2026,13,ib_cash_avg_pct,1.1869
v1_100k,v1,1. Montant fixe,100000,half_day_lag,2023-07_2026-07,13,ib_cash_avg_pct,2.8141
v1_250k,v1,1. Montant fixe,250000,same_close,2000-2026,21,ib_cash_avg_pct,1.2515
v1_250k,v1,1. Montant fixe,250000,same_close,2010-2026,21,ib_cash_avg_pct,0.92941
v1_250k,v1,1. Montant fixe,250000,same_close,2015-2026,21,ib_cash_avg_pct,1.3327
v1_250k,v1,1. Montant fixe,250000,same_close,2023-07_2026-07,21,ib_cash_avg_pct,3.1753
v1_250k,v1,1. Montant fixe,250000,half_day_lag,2000-2026,21,ib_cash_avg_pct,1.2515
v1_250k,v1,1. Montant fixe,250000,half_day_lag,2010-2026,21,ib_cash_avg_pct,0.92941
v1_250k,v1,1. Montant fixe,250000,half_day_lag,2015-2026,21,ib_cash_avg_pct,1.3327
v1_250k,v1,1. Montant fixe,250000,half_day_lag,2023-07_2026-07,21,ib_cash_avg_pct,3.1753
v1_1M,v1,1. Montant fixe,1000000,same_close,2000-2026,36,ib_cash_avg_pct,1.3113
v1_1M,v1,1. Montant fixe,1000000,same_close,2010-2026,36,ib_cash_avg_pct,0.97674
v1_1M,v1,1. Montant fixe,1000000,same_close,2015-2026,36,ib_cash_avg_pct,1.4006
v1_1M,v1,1. Montant fixe,1000000,same_close,2023-07_2026-07,36,ib_cash_avg_pct,3.3376
v1_1M,v1,1. Montant fixe,1000000,half_day_lag,2000-2026,36,ib_cash_avg_pct,1.3113
v1_1M,v1,1. Montant fixe,1000000,half_day_lag,2010-2026,36,ib_cash_avg_pct,0.97674
v1_1M,v1,1. Montant fixe,1000000,half_day_lag,2015-2026,36,ib_cash_avg_pct,1.4006
v1_1M,v1,1. Montant fixe,1000000,half_day_lag,2023-07_2026-07,36,ib_cash_avg_pct,3.3376
v2_100k,v2,2. Systeme actuel,100000,same_close,2000-2026,13,ib_cash_avg_pct,1.2394
v2_100k,v2,2. Systeme actuel,100000,same_close,2010-2026,13,ib_cash_avg_pct,0.92246
v2_100k,v2,2. Systeme actuel,100000,same_close,2015-2026,13,ib_cash_avg_pct,1.3227
v2_100k,v2,2. Systeme actuel,100000,same_close,2023-07_2026-07,13,ib_cash_avg_pct,3.1273
v2_100k,v2,2. Systeme actuel,100000,half_day_lag,2000-2026,13,ib_cash_avg_pct,1.2394
v2_100k,v2,2. Systeme actuel,100000,half_day_lag,2010-2026,13,ib_cash_avg_pct,0.92246
v2_100k,v2,2. Systeme actuel,100000,half_day_lag,2015-2026,13,ib_cash_avg_pct,1.3227
v2_100k,v2,2. Systeme actuel,100000,half_day_lag,2023-07_2026-07,13,ib_cash_avg_pct,3.1273
v2_250k,v2,2. Systeme actuel,250000,same_close,2000-2026,21,ib_cash_avg_pct,1.3353
v2_250k,v2,2. Systeme actuel,250000,same_close,2010-2026,21,ib_cash_avg_pct,0.99797
v2_250k,v2,2. Systeme actuel,250000,same_close,2015-2026,21,ib_cash_avg_pct,1.431
v2_250k,v2,2. Systeme actuel,250000,same_close,2023-07_2026-07,21,ib_cash_avg_pct,3.3985
v2_250k,v2,2. Systeme actuel,250000,half_day_lag,2000-2026,21,ib_cash_avg_pct,1.3353
v2_250k,v2,2. Systeme actuel,250000,half_day_lag,2010-2026,21,ib_cash_avg_pct,0.99797
v2_250k,v2,2. Systeme actuel,250000,half_day_lag,2015-2026,21,ib_cash_avg_pct,1.431
v2_250k,v2,2. Systeme actuel,250000,half_day_lag,2023-07_2026-07,21,ib_cash_avg_pct,3.3985
v2_1M,v2,2. Systeme actuel,1000000,same_close,2000-2026,36,ib_cash_avg_pct,1.3723
v2_1M,v2,2. Systeme actuel,1000000,same_close,2010-2026,36,ib_cash_avg_pct,1.0273
v2_1M,v2,2. Systeme actuel,1000000,same_close,2015-2026,36,ib_cash_avg_pct,1.4731
v2_1M,v2,2. Systeme actuel,1000000,same_close,2023-07_2026-07,36,ib_cash_avg_pct,3.4994
v2_1M,v2,2. Systeme actuel,1000000,half_day_lag,2000-2026,36,ib_cash_avg_pct,1.3723
v2_1M,v2,2. Systeme actuel,1000000,half_day_lag,2010-2026,36,ib_cash_avg_pct,1.0273
v2_1M,v2,2. Systeme actuel,1000000,half_day_lag,2015-2026,36,ib_cash_avg_pct,1.4731
v2_1M,v2,2. Systeme actuel,1000000,half_day_lag,2023-07_2026-07,36,ib_cash_avg_pct,3.4994
v3_100k,v3,3. + strategie 13,100000,same_close,2000-2026,14,ib_cash_avg_pct,1.2201
v3_100k,v3,3. + strategie 13,100000,same_close,2010-2026,14,ib_cash_avg_pct,0.91031
v3_100k,v3,3. + strategie 13,100000,same_close,2015-2026,14,ib_cash_avg_pct,1.3053
v3_100k,v3,3. + strategie 13,100000,same_close,2023-07_2026-07,14,ib_cash_avg_pct,3.0986
v3_100k,v3,3. + strategie 13,100000,half_day_lag,2000-2026,14,ib_cash_avg_pct,1.2201
v3_100k,v3,3. + strategie 13,100000,half_day_lag,2010-2026,14,ib_cash_avg_pct,0.91031
v3_100k,v3,3. + strategie 13,100000,half_day_lag,2015-2026,14,ib_cash_avg_pct,1.3053
v3_100k,v3,3. + strategie 13,100000,half_day_lag,2023-07_2026-07,14,ib_cash_avg_pct,3.0986
v3_250k,v3,3. + strategie 13,250000,same_close,2000-2026,22,ib_cash_avg_pct,1.3143
v3_250k,v3,3. + strategie 13,250000,same_close,2010-2026,22,ib_cash_avg_pct,0.98555
v3_250k,v3,3. + strategie 13,250000,same_close,2015-2026,22,ib_cash_avg_pct,1.4132
v3_250k,v3,3. + strategie 13,250000,same_close,2023-07_2026-07,22,ib_cash_avg_pct,3.3619
v3_250k,v3,3. + strategie 13,250000,half_day_lag,2000-2026,22,ib_cash_avg_pct,1.3143
v3_250k,v3,3. + strategie 13,250000,half_day_lag,2010-2026,22,ib_cash_avg_pct,0.98555
v3_250k,v3,3. + strategie 13,250000,half_day_lag,2015-2026,22,ib_cash_avg_pct,1.4132
v3_250k,v3,3. + strategie 13,250000,half_day_lag,2023-07_2026-07,22,ib_cash_avg_pct,3.3619
v3_1M,v3,3. + strategie 13,1000000,same_close,2000-2026,37,ib_cash_avg_pct,1.3523
v3_1M,v3,3. + strategie 13,1000000,same_close,2010-2026,37,ib_cash_avg_pct,1.0124
v3_1M,v3,3. + strategie 13,1000000,same_close,2015-2026,37,ib_cash_avg_pct,1.4518
v3_1M,v3,3. + strategie 13,1000000,same_close,2023-07_2026-07,37,ib_cash_avg_pct,3.4515
v3_1M,v3,3. + strategie 13,1000000,half_day_lag,2000-2026,37,ib_cash_avg_pct,1.3523
v3_1M,v3,3. + strategie 13,1000000,half_day_lag,2010-2026,37,ib_cash_avg_pct,1.0124
v3_1M,v3,3. + strategie 13,1000000,half_day_lag,2015-2026,37,ib_cash_avg_pct,1.4518
v3_1M,v3,3. + strategie 13,1000000,half_day_lag,2023-07_2026-07,37,ib_cash_avg_pct,3.4515
v4_100k,v4,4. + pilotage du risque,100000,same_close,2000-2026,13,ib_cash_avg_pct,1.2274
v4_100k,v4,4. + pilotage du risque,100000,same_close,2010-2026,13,ib_cash_avg_pct,0.91326
v4_100k,v4,4. + pilotage du risque,100000,same_close,2015-2026,13,ib_cash_avg_pct,1.3096
v4_100k,v4,4. + pilotage du risque,100000,same_close,2023-07_2026-07,13,ib_cash_avg_pct,3.0979
v4_100k,v4,4. + pilotage du risque,100000,half_day_lag,2000-2026,13,ib_cash_avg_pct,1.2277
v4_100k,v4,4. + pilotage du risque,100000,half_day_lag,2010-2026,13,ib_cash_avg_pct,0.91336
v4_100k,v4,4. + pilotage du risque,100000,half_day_lag,2015-2026,13,ib_cash_avg_pct,1.3097
v4_100k,v4,4. + pilotage du risque,100000,half_day_lag,2023-07_2026-07,13,ib_cash_avg_pct,3.0975
v4_250k,v4,4. + pilotage du risque,250000,same_close,2000-2026,23,ib_cash_avg_pct,1.2921
v4_250k,v4,4. + pilotage du risque,250000,same_close,2010-2026,23,ib_cash_avg_pct,0.95999
v4_250k,v4,4. + pilotage du risque,250000,same_close,2015-2026,23,ib_cash_avg_pct,1.3766
v4_250k,v4,4. + pilotage du risque,250000,same_close,2023-07_2026-07,23,ib_cash_avg_pct,3.2592
v4_250k,v4,4. + pilotage du risque,250000,half_day_lag,2000-2026,23,ib_cash_avg_pct,1.2928
v4_250k,v4,4. + pilotage du risque,250000,half_day_lag,2010-2026,23,ib_cash_avg_pct,0.96056
v4_250k,v4,4. + pilotage du risque,250000,half_day_lag,2015-2026,23,ib_cash_avg_pct,1.3774
v4_250k,v4,4. + pilotage du risque,250000,half_day_lag,2023-07_2026-07,23,ib_cash_avg_pct,3.26
v4_1M,v4,4. + pilotage du risque,1000000,same_close,2000-2026,38,ib_cash_avg_pct,1.3285
v4_1M,v4,4. + pilotage du risque,1000000,same_close,2010-2026,38,ib_cash_avg_pct,0.98743
v4_1M,v4,4. + pilotage du risque,1000000,same_close,2015-2026,38,ib_cash_avg_pct,1.4159
v4_1M,v4,4. + pilotage du risque,1000000,same_close,2023-07_2026-07,38,ib_cash_avg_pct,3.3449
v4_1M,v4,4. + pilotage du risque,1000000,half_day_lag,2000-2026,38,ib_cash_avg_pct,1.3293
v4_1M,v4,4. + pilotage du risque,1000000,half_day_lag,2010-2026,38,ib_cash_avg_pct,0.98809
v4_1M,v4,4. + pilotage du risque,1000000,half_day_lag,2015-2026,38,ib_cash_avg_pct,1.4169
v4_1M,v4,4. + pilotage du risque,1000000,half_day_lag,2023-07_2026-07,38,ib_cash_avg_pct,3.3456
v5_100k,v5,5. Les deux,100000,same_close,2000-2026,14,ib_cash_avg_pct,1.2194
v5_100k,v5,5. Les deux,100000,same_close,2010-2026,14,ib_cash_avg_pct,0.90429
v5_100k,v5,5. Les deux,100000,same_close,2015-2026,14,ib_cash_avg_pct,1.2967
v5_100k,v5,5. Les deux,100000,same_close,2023-07_2026-07,14,ib_cash_avg_pct,3.0689
v5_100k,v5,5. Les deux,100000,half_day_lag,2000-2026,14,ib_cash_avg_pct,1.22
v5_100k,v5,5. Les deux,100000,half_day_lag,2010-2026,14,ib_cash_avg_pct,0.90496
v5_100k,v5,5. Les deux,100000,half_day_lag,2015-2026,14,ib_cash_avg_pct,1.2977
v5_100k,v5,5. Les deux,100000,half_day_lag,2023-07_2026-07,14,ib_cash_avg_pct,3.0702
v5_250k,v5,5. Les deux,250000,same_close,2000-2026,24,ib_cash_avg_pct,1.2827
v5_250k,v5,5. Les deux,250000,same_close,2010-2026,24,ib_cash_avg_pct,0.9447
v5_250k,v5,5. Les deux,250000,same_close,2015-2026,24,ib_cash_avg_pct,1.3546
v5_250k,v5,5. Les deux,250000,same_close,2023-07_2026-07,24,ib_cash_avg_pct,3.2118
v5_250k,v5,5. Les deux,250000,half_day_lag,2000-2026,24,ib_cash_avg_pct,1.2836
v5_250k,v5,5. Les deux,250000,half_day_lag,2010-2026,24,ib_cash_avg_pct,0.94573
v5_250k,v5,5. Les deux,250000,half_day_lag,2015-2026,24,ib_cash_avg_pct,1.3561
v5_250k,v5,5. Les deux,250000,half_day_lag,2023-07_2026-07,24,ib_cash_avg_pct,3.213
v5_1M,v5,5. Les deux,1000000,same_close,2000-2026,40,ib_cash_avg_pct,1.3181
v5_1M,v5,5. Les deux,1000000,same_close,2010-2026,40,ib_cash_avg_pct,0.9752
v5_1M,v5,5. Les deux,1000000,same_close,2015-2026,40,ib_cash_avg_pct,1.3984
v5_1M,v5,5. Les deux,1000000,same_close,2023-07_2026-07,40,ib_cash_avg_pct,3.3066
v5_1M,v5,5. Les deux,1000000,half_day_lag,2000-2026,40,ib_cash_avg_pct,1.3189
v5_1M,v5,5. Les deux,1000000,half_day_lag,2010-2026,40,ib_cash_avg_pct,0.97617
v5_1M,v5,5. Les deux,1000000,half_day_lag,2015-2026,40,ib_cash_avg_pct,1.3998
v5_1M,v5,5. Les deux,1000000,half_day_lag,2023-07_2026-07,40,ib_cash_avg_pct,3.3079
v1_100k,v1,1. Montant fixe,100000,same_close,2000-2026,13,orders_per_yr,673.02
v1_100k,v1,1. Montant fixe,100000,same_close,2010-2026,13,orders_per_yr,659.73
v1_100k,v1,1. Montant fixe,100000,same_close,2015-2026,13,orders_per_yr,655.92
v1_100k,v1,1. Montant fixe,100000,same_close,2023-07_2026-07,13,orders_per_yr,652.37
v1_100k,v1,1. Montant fixe,100000,half_day_lag,2000-2026,13,orders_per_yr,673.02
v1_100k,v1,1. Montant fixe,100000,half_day_lag,2010-2026,13,orders_per_yr,659.73
v1_100k,v1,1. Montant fixe,100000,half_day_lag,2015-2026,13,orders_per_yr,655.92
v1_100k,v1,1. Montant fixe,100000,half_day_lag,2023-07_2026-07,13,orders_per_yr,652.37
v1_250k,v1,1. Montant fixe,250000,same_close,2000-2026,21,orders_per_yr,1114
v1_250k,v1,1. Montant fixe,250000,same_close,2010-2026,21,orders_per_yr,1093.7
v1_250k,v1,1. Montant fixe,250000,same_close,2015-2026,21,orders_per_yr,1090.6
v1_250k,v1,1. Montant fixe,250000,same_close,2023-07_2026-07,21,orders_per_yr,1097.6
v1_250k,v1,1. Montant fixe,250000,half_day_lag,2000-2026,21,orders_per_yr,1114
v1_250k,v1,1. Montant fixe,250000,half_day_lag,2010-2026,21,orders_per_yr,1093.7
v1_250k,v1,1. Montant fixe,250000,half_day_lag,2015-2026,21,orders_per_yr,1090.6
v1_250k,v1,1. Montant fixe,250000,half_day_lag,2023-07_2026-07,21,orders_per_yr,1097.6
v1_1M,v1,1. Montant fixe,1000000,same_close,2000-2026,36,orders_per_yr,2189.5
v1_1M,v1,1. Montant fixe,1000000,same_close,2010-2026,36,orders_per_yr,2161.5
v1_1M,v1,1. Montant fixe,1000000,same_close,2015-2026,36,orders_per_yr,2158.3
v1_1M,v1,1. Montant fixe,1000000,same_close,2023-07_2026-07,36,orders_per_yr,2208.4
v1_1M,v1,1. Montant fixe,1000000,half_day_lag,2000-2026,36,orders_per_yr,2189.5
v1_1M,v1,1. Montant fixe,1000000,half_day_lag,2010-2026,36,orders_per_yr,2161.5
v1_1M,v1,1. Montant fixe,1000000,half_day_lag,2015-2026,36,orders_per_yr,2158.3
v1_1M,v1,1. Montant fixe,1000000,half_day_lag,2023-07_2026-07,36,orders_per_yr,2208.4
v2_100k,v2,2. Systeme actuel,100000,same_close,2000-2026,13,orders_per_yr,516.29
v2_100k,v2,2. Systeme actuel,100000,same_close,2010-2026,13,orders_per_yr,516.14
v2_100k,v2,2. Systeme actuel,100000,same_close,2015-2026,13,orders_per_yr,527.57
v2_100k,v2,2. Systeme actuel,100000,same_close,2023-07_2026-07,13,orders_per_yr,510.66
v2_100k,v2,2. Systeme actuel,100000,half_day_lag,2000-2026,13,orders_per_yr,516.29
v2_100k,v2,2. Systeme actuel,100000,half_day_lag,2010-2026,13,orders_per_yr,516.14
v2_100k,v2,2. Systeme actuel,100000,half_day_lag,2015-2026,13,orders_per_yr,527.57
v2_100k,v2,2. Systeme actuel,100000,half_day_lag,2023-07_2026-07,13,orders_per_yr,510.66
v2_250k,v2,2. Systeme actuel,250000,same_close,2000-2026,21,orders_per_yr,975.88
v2_250k,v2,2. Systeme actuel,250000,same_close,2010-2026,21,orders_per_yr,977.33
v2_250k,v2,2. Systeme actuel,250000,same_close,2015-2026,21,orders_per_yr,998.16
v2_250k,v2,2. Systeme actuel,250000,same_close,2023-07_2026-07,21,orders_per_yr,957.15
v2_250k,v2,2. Systeme actuel,250000,half_day_lag,2000-2026,21,orders_per_yr,975.88
v2_250k,v2,2. Systeme actuel,250000,half_day_lag,2010-2026,21,orders_per_yr,977.33
v2_250k,v2,2. Systeme actuel,250000,half_day_lag,2015-2026,21,orders_per_yr,998.16
v2_250k,v2,2. Systeme actuel,250000,half_day_lag,2023-07_2026-07,21,orders_per_yr,957.15
v2_1M,v2,2. Systeme actuel,1000000,same_close,2000-2026,36,orders_per_yr,2196.6
v2_1M,v2,2. Systeme actuel,1000000,same_close,2010-2026,36,orders_per_yr,2204.8
v2_1M,v2,2. Systeme actuel,1000000,same_close,2015-2026,36,orders_per_yr,2231.4
v2_1M,v2,2. Systeme actuel,1000000,same_close,2023-07_2026-07,36,orders_per_yr,2175.5
v2_1M,v2,2. Systeme actuel,1000000,half_day_lag,2000-2026,36,orders_per_yr,2196.6
v2_1M,v2,2. Systeme actuel,1000000,half_day_lag,2010-2026,36,orders_per_yr,2204.8
v2_1M,v2,2. Systeme actuel,1000000,half_day_lag,2015-2026,36,orders_per_yr,2231.4
v2_1M,v2,2. Systeme actuel,1000000,half_day_lag,2023-07_2026-07,36,orders_per_yr,2175.5
v3_100k,v3,3. + strategie 13,100000,same_close,2000-2026,14,orders_per_yr,606.79
v3_100k,v3,3. + strategie 13,100000,same_close,2010-2026,14,orders_per_yr,630.71
v3_100k,v3,3. + strategie 13,100000,same_close,2015-2026,14,orders_per_yr,636.67
v3_100k,v3,3. + strategie 13,100000,same_close,2023-07_2026-07,14,orders_per_yr,580.2
v3_100k,v3,3. + strategie 13,100000,half_day_lag,2000-2026,14,orders_per_yr,606.79
v3_100k,v3,3. + strategie 13,100000,half_day_lag,2010-2026,14,orders_per_yr,630.71
v3_100k,v3,3. + strategie 13,100000,half_day_lag,2015-2026,14,orders_per_yr,636.67
v3_100k,v3,3. + strategie 13,100000,half_day_lag,2023-07_2026-07,14,orders_per_yr,580.2
v3_250k,v3,3. + strategie 13,250000,same_close,2000-2026,22,orders_per_yr,1155.2
v3_250k,v3,3. + strategie 13,250000,same_close,2010-2026,22,orders_per_yr,1194.8
v3_250k,v3,3. + strategie 13,250000,same_close,2015-2026,22,orders_per_yr,1207.8
v3_250k,v3,3. + strategie 13,250000,same_close,2023-07_2026-07,22,orders_per_yr,1106.2
v3_250k,v3,3. + strategie 13,250000,half_day_lag,2000-2026,22,orders_per_yr,1155.2
v3_250k,v3,3. + strategie 13,250000,half_day_lag,2010-2026,22,orders_per_yr,1194.8
v3_250k,v3,3. + strategie 13,250000,half_day_lag,2015-2026,22,orders_per_yr,1207.8
v3_250k,v3,3. + strategie 13,250000,half_day_lag,2023-07_2026-07,22,orders_per_yr,1106.2
v3_1M,v3,3. + strategie 13,1000000,same_close,2000-2026,37,orders_per_yr,2445
v3_1M,v3,3. + strategie 13,1000000,same_close,2010-2026,37,orders_per_yr,2521.7
v3_1M,v3,3. + strategie 13,1000000,same_close,2015-2026,37,orders_per_yr,2521.5
v3_1M,v3,3. + strategie 13,1000000,same_close,2023-07_2026-07,37,orders_per_yr,2399.9
v3_1M,v3,3. + strategie 13,1000000,half_day_lag,2000-2026,37,orders_per_yr,2445
v3_1M,v3,3. + strategie 13,1000000,half_day_lag,2010-2026,37,orders_per_yr,2521.7
v3_1M,v3,3. + strategie 13,1000000,half_day_lag,2015-2026,37,orders_per_yr,2521.5
v3_1M,v3,3. + strategie 13,1000000,half_day_lag,2023-07_2026-07,37,orders_per_yr,2399.9
v4_100k,v4,4. + pilotage du risque,100000,same_close,2000-2026,13,orders_per_yr,636.91
v4_100k,v4,4. + pilotage du risque,100000,same_close,2010-2026,13,orders_per_yr,671.64
v4_100k,v4,4. + pilotage du risque,100000,same_close,2015-2026,13,orders_per_yr,682.09
v4_100k,v4,4. + pilotage du risque,100000,same_close,2023-07_2026-07,13,orders_per_yr,611.07
v4_100k,v4,4. + pilotage du risque,100000,half_day_lag,2000-2026,13,orders_per_yr,637.08
v4_100k,v4,4. + pilotage du risque,100000,half_day_lag,2010-2026,13,orders_per_yr,672
v4_100k,v4,4. + pilotage du risque,100000,half_day_lag,2015-2026,13,orders_per_yr,682.16
v4_100k,v4,4. + pilotage du risque,100000,half_day_lag,2023-07_2026-07,13,orders_per_yr,613.39
v4_250k,v4,4. + pilotage du risque,250000,same_close,2000-2026,23,orders_per_yr,1254.8
v4_250k,v4,4. + pilotage du risque,250000,same_close,2010-2026,23,orders_per_yr,1305.9
v4_250k,v4,4. + pilotage du risque,250000,same_close,2015-2026,23,orders_per_yr,1318.4
v4_250k,v4,4. + pilotage du risque,250000,same_close,2023-07_2026-07,23,orders_per_yr,1301.9
v4_250k,v4,4. + pilotage du risque,250000,half_day_lag,2000-2026,23,orders_per_yr,1254.3
v4_250k,v4,4. + pilotage du risque,250000,half_day_lag,2010-2026,23,orders_per_yr,1306.8
v4_250k,v4,4. + pilotage du risque,250000,half_day_lag,2015-2026,23,orders_per_yr,1319.4
v4_250k,v4,4. + pilotage du risque,250000,half_day_lag,2023-07_2026-07,23,orders_per_yr,1298.2
v4_1M,v4,4. + pilotage du risque,1000000,same_close,2000-2026,38,orders_per_yr,2567.2
v4_1M,v4,4. + pilotage du risque,1000000,same_close,2010-2026,38,orders_per_yr,2642.8
v4_1M,v4,4. + pilotage du risque,1000000,same_close,2015-2026,38,orders_per_yr,2663.3
v4_1M,v4,4. + pilotage du risque,1000000,same_close,2023-07_2026-07,38,orders_per_yr,2731
v4_1M,v4,4. + pilotage du risque,1000000,half_day_lag,2000-2026,38,orders_per_yr,2568.9
v4_1M,v4,4. + pilotage du risque,1000000,half_day_lag,2010-2026,38,orders_per_yr,2646.3
v4_1M,v4,4. + pilotage du risque,1000000,half_day_lag,2015-2026,38,orders_per_yr,2664.2
v4_1M,v4,4. + pilotage du risque,1000000,half_day_lag,2023-07_2026-07,38,orders_per_yr,2721.6
v5_100k,v5,5. Les deux,100000,same_close,2000-2026,14,orders_per_yr,699.98
v5_100k,v5,5. Les deux,100000,same_close,2010-2026,14,orders_per_yr,749.12
v5_100k,v5,5. Les deux,100000,same_close,2015-2026,14,orders_per_yr,758.07
v5_100k,v5,5. Les deux,100000,same_close,2023-07_2026-07,14,orders_per_yr,711.02
v5_100k,v5,5. Les deux,100000,half_day_lag,2000-2026,14,orders_per_yr,698.25
v5_100k,v5,5. Les deux,100000,half_day_lag,2010-2026,14,orders_per_yr,747.94
v5_100k,v5,5. Les deux,100000,half_day_lag,2015-2026,14,orders_per_yr,756.03
v5_100k,v5,5. Les deux,100000,half_day_lag,2023-07_2026-07,14,orders_per_yr,711.63
v5_250k,v5,5. Les deux,250000,same_close,2000-2026,24,orders_per_yr,1372.5
v5_250k,v5,5. Les deux,250000,same_close,2010-2026,24,orders_per_yr,1470.2
v5_250k,v5,5. Les deux,250000,same_close,2015-2026,24,orders_per_yr,1498.7
v5_250k,v5,5. Les deux,250000,same_close,2023-07_2026-07,24,orders_per_yr,1465
v5_250k,v5,5. Les deux,250000,half_day_lag,2000-2026,24,orders_per_yr,1372.9
v5_250k,v5,5. Les deux,250000,half_day_lag,2010-2026,24,orders_per_yr,1470.2
v5_250k,v5,5. Les deux,250000,half_day_lag,2015-2026,24,orders_per_yr,1496.6
v5_250k,v5,5. Les deux,250000,half_day_lag,2023-07_2026-07,24,orders_per_yr,1464
v5_1M,v5,5. Les deux,1000000,same_close,2000-2026,40,orders_per_yr,2767.5
v5_1M,v5,5. Les deux,1000000,same_close,2010-2026,40,orders_per_yr,2903.8
v5_1M,v5,5. Les deux,1000000,same_close,2015-2026,40,orders_per_yr,2902.3
v5_1M,v5,5. Les deux,1000000,same_close,2023-07_2026-07,40,orders_per_yr,2909
v5_1M,v5,5. Les deux,1000000,half_day_lag,2000-2026,40,orders_per_yr,2768
v5_1M,v5,5. Les deux,1000000,half_day_lag,2010-2026,40,orders_per_yr,2901.9
v5_1M,v5,5. Les deux,1000000,half_day_lag,2015-2026,40,orders_per_yr,2900.7
v5_1M,v5,5. Les deux,1000000,half_day_lag,2023-07_2026-07,40,orders_per_yr,2910.1
v1_100k,v1,1. Montant fixe,100000,same_close,2000-2026,13,trade_orders_per_yr,615.57
v1_100k,v1,1. Montant fixe,100000,same_close,2010-2026,13,trade_orders_per_yr,601.39
v1_100k,v1,1. Montant fixe,100000,same_close,2015-2026,13,trade_orders_per_yr,596.48
v1_100k,v1,1. Montant fixe,100000,same_close,2023-07_2026-07,13,trade_orders_per_yr,590.53
v1_100k,v1,1. Montant fixe,100000,half_day_lag,2000-2026,13,trade_orders_per_yr,615.57
v1_100k,v1,1. Montant fixe,100000,half_day_lag,2010-2026,13,trade_orders_per_yr,601.39
v1_100k,v1,1. Montant fixe,100000,half_day_lag,2015-2026,13,trade_orders_per_yr,596.48
v1_100k,v1,1. Montant fixe,100000,half_day_lag,2023-07_2026-07,13,trade_orders_per_yr,590.53
v1_250k,v1,1. Montant fixe,250000,same_close,2000-2026,21,trade_orders_per_yr,1016.3
v1_250k,v1,1. Montant fixe,250000,same_close,2010-2026,21,trade_orders_per_yr,995.33
v1_250k,v1,1. Montant fixe,250000,same_close,2015-2026,21,trade_orders_per_yr,990.72
v1_250k,v1,1. Montant fixe,250000,same_close,2023-07_2026-07,21,trade_orders_per_yr,996.44
v1_250k,v1,1. Montant fixe,250000,half_day_lag,2000-2026,21,trade_orders_per_yr,1016.3
v1_250k,v1,1. Montant fixe,250000,half_day_lag,2010-2026,21,trade_orders_per_yr,995.33
v1_250k,v1,1. Montant fixe,250000,half_day_lag,2015-2026,21,trade_orders_per_yr,990.72
v1_250k,v1,1. Montant fixe,250000,half_day_lag,2023-07_2026-07,21,trade_orders_per_yr,996.44
v1_1M,v1,1. Montant fixe,1000000,same_close,2000-2026,36,trade_orders_per_yr,2032
v1_1M,v1,1. Montant fixe,1000000,same_close,2010-2026,36,trade_orders_per_yr,2002.3
v1_1M,v1,1. Montant fixe,1000000,same_close,2015-2026,36,trade_orders_per_yr,1997.1
v1_1M,v1,1. Montant fixe,1000000,same_close,2023-07_2026-07,36,trade_orders_per_yr,2044.2
v1_1M,v1,1. Montant fixe,1000000,half_day_lag,2000-2026,36,trade_orders_per_yr,2032
v1_1M,v1,1. Montant fixe,1000000,half_day_lag,2010-2026,36,trade_orders_per_yr,2002.3
v1_1M,v1,1. Montant fixe,1000000,half_day_lag,2015-2026,36,trade_orders_per_yr,1997.1
v1_1M,v1,1. Montant fixe,1000000,half_day_lag,2023-07_2026-07,36,trade_orders_per_yr,2044.2
v2_100k,v2,2. Systeme actuel,100000,same_close,2000-2026,13,trade_orders_per_yr,455.86
v2_100k,v2,2. Systeme actuel,100000,same_close,2010-2026,13,trade_orders_per_yr,455.5
v2_100k,v2,2. Systeme actuel,100000,same_close,2015-2026,13,trade_orders_per_yr,466.72
v2_100k,v2,2. Systeme actuel,100000,same_close,2023-07_2026-07,13,trade_orders_per_yr,449.56
v2_100k,v2,2. Systeme actuel,100000,half_day_lag,2000-2026,13,trade_orders_per_yr,455.86
v2_100k,v2,2. Systeme actuel,100000,half_day_lag,2010-2026,13,trade_orders_per_yr,455.5
v2_100k,v2,2. Systeme actuel,100000,half_day_lag,2015-2026,13,trade_orders_per_yr,466.72
v2_100k,v2,2. Systeme actuel,100000,half_day_lag,2023-07_2026-07,13,trade_orders_per_yr,449.56
v2_250k,v2,2. Systeme actuel,250000,same_close,2000-2026,21,trade_orders_per_yr,877.36
v2_250k,v2,2. Systeme actuel,250000,same_close,2010-2026,21,trade_orders_per_yr,878.2
v2_250k,v2,2. Systeme actuel,250000,same_close,2015-2026,21,trade_orders_per_yr,898.2
v2_250k,v2,2. Systeme actuel,250000,same_close,2023-07_2026-07,21,trade_orders_per_yr,857.14
v2_250k,v2,2. Systeme actuel,250000,half_day_lag,2000-2026,21,trade_orders_per_yr,877.36
v2_250k,v2,2. Systeme actuel,250000,half_day_lag,2010-2026,21,trade_orders_per_yr,878.2
v2_250k,v2,2. Systeme actuel,250000,half_day_lag,2015-2026,21,trade_orders_per_yr,898.2
v2_250k,v2,2. Systeme actuel,250000,half_day_lag,2023-07_2026-07,21,trade_orders_per_yr,857.14
v2_1M,v2,2. Systeme actuel,1000000,same_close,2000-2026,36,trade_orders_per_yr,2040.2
v2_1M,v2,2. Systeme actuel,1000000,same_close,2010-2026,36,trade_orders_per_yr,2047.1
v2_1M,v2,2. Systeme actuel,1000000,same_close,2015-2026,36,trade_orders_per_yr,2072.2
v2_1M,v2,2. Systeme actuel,1000000,same_close,2023-07_2026-07,36,trade_orders_per_yr,2012.9
v2_1M,v2,2. Systeme actuel,1000000,half_day_lag,2000-2026,36,trade_orders_per_yr,2040.2
v2_1M,v2,2. Systeme actuel,1000000,half_day_lag,2010-2026,36,trade_orders_per_yr,2047.1
v2_1M,v2,2. Systeme actuel,1000000,half_day_lag,2015-2026,36,trade_orders_per_yr,2072.2
v2_1M,v2,2. Systeme actuel,1000000,half_day_lag,2023-07_2026-07,36,trade_orders_per_yr,2012.9
v3_100k,v3,3. + strategie 13,100000,same_close,2000-2026,14,trade_orders_per_yr,545.93
v3_100k,v3,3. + strategie 13,100000,same_close,2010-2026,14,trade_orders_per_yr,568.94
v3_100k,v3,3. + strategie 13,100000,same_close,2015-2026,14,trade_orders_per_yr,574.18
v3_100k,v3,3. + strategie 13,100000,same_close,2023-07_2026-07,14,trade_orders_per_yr,516.22
v3_100k,v3,3. + strategie 13,100000,half_day_lag,2000-2026,14,trade_orders_per_yr,545.93
v3_100k,v3,3. + strategie 13,100000,half_day_lag,2010-2026,14,trade_orders_per_yr,568.94
v3_100k,v3,3. + strategie 13,100000,half_day_lag,2015-2026,14,trade_orders_per_yr,574.18
v3_100k,v3,3. + strategie 13,100000,half_day_lag,2023-07_2026-07,14,trade_orders_per_yr,516.22
v3_250k,v3,3. + strategie 13,250000,same_close,2000-2026,22,trade_orders_per_yr,1056.3
v3_250k,v3,3. + strategie 13,250000,same_close,2010-2026,22,trade_orders_per_yr,1094.5
v3_250k,v3,3. + strategie 13,250000,same_close,2015-2026,22,trade_orders_per_yr,1106.2
v3_250k,v3,3. + strategie 13,250000,same_close,2023-07_2026-07,22,trade_orders_per_yr,1002.4
v3_250k,v3,3. + strategie 13,250000,half_day_lag,2000-2026,22,trade_orders_per_yr,1056.3
v3_250k,v3,3. + strategie 13,250000,half_day_lag,2010-2026,22,trade_orders_per_yr,1094.5
v3_250k,v3,3. + strategie 13,250000,half_day_lag,2015-2026,22,trade_orders_per_yr,1106.2
v3_250k,v3,3. + strategie 13,250000,half_day_lag,2023-07_2026-07,22,trade_orders_per_yr,1002.4
v3_1M,v3,3. + strategie 13,1000000,same_close,2000-2026,37,trade_orders_per_yr,2286.4
v3_1M,v3,3. + strategie 13,1000000,same_close,2010-2026,37,trade_orders_per_yr,2361.1
v3_1M,v3,3. + strategie 13,1000000,same_close,2015-2026,37,trade_orders_per_yr,2359.9
v3_1M,v3,3. + strategie 13,1000000,same_close,2023-07_2026-07,37,trade_orders_per_yr,2233.2
v3_1M,v3,3. + strategie 13,1000000,half_day_lag,2000-2026,37,trade_orders_per_yr,2286.4
v3_1M,v3,3. + strategie 13,1000000,half_day_lag,2010-2026,37,trade_orders_per_yr,2361.1
v3_1M,v3,3. + strategie 13,1000000,half_day_lag,2015-2026,37,trade_orders_per_yr,2359.9
v3_1M,v3,3. + strategie 13,1000000,half_day_lag,2023-07_2026-07,37,trade_orders_per_yr,2233.2
v4_100k,v4,4. + pilotage du risque,100000,same_close,2000-2026,13,trade_orders_per_yr,576.1
v4_100k,v4,4. + pilotage du risque,100000,same_close,2010-2026,13,trade_orders_per_yr,610.22
v4_100k,v4,4. + pilotage du risque,100000,same_close,2015-2026,13,trade_orders_per_yr,620.53
v4_100k,v4,4. + pilotage du risque,100000,same_close,2023-07_2026-07,13,trade_orders_per_yr,549.54
v4_100k,v4,4. + pilotage du risque,100000,half_day_lag,2000-2026,13,trade_orders_per_yr,576.29
v4_100k,v4,4. + pilotage du risque,100000,half_day_lag,2010-2026,13,trade_orders_per_yr,610.59
v4_100k,v4,4. + pilotage du risque,100000,half_day_lag,2015-2026,13,trade_orders_per_yr,620.61
v4_100k,v4,4. + pilotage du risque,100000,half_day_lag,2023-07_2026-07,13,trade_orders_per_yr,551.87
v4_250k,v4,4. + pilotage du risque,250000,same_close,2000-2026,23,trade_orders_per_yr,1152.3
v4_250k,v4,4. + pilotage du risque,250000,same_close,2010-2026,23,trade_orders_per_yr,1201.4
v4_250k,v4,4. + pilotage du risque,250000,same_close,2015-2026,23,trade_orders_per_yr,1212.8
v4_250k,v4,4. + pilotage du risque,250000,same_close,2023-07_2026-07,23,trade_orders_per_yr,1193.7
v4_250k,v4,4. + pilotage du risque,250000,half_day_lag,2000-2026,23,trade_orders_per_yr,1151.7
v4_250k,v4,4. + pilotage du risque,250000,half_day_lag,2010-2026,23,trade_orders_per_yr,1202.4
v4_250k,v4,4. + pilotage du risque,250000,half_day_lag,2015-2026,23,trade_orders_per_yr,1214
v4_250k,v4,4. + pilotage du risque,250000,half_day_lag,2023-07_2026-07,23,trade_orders_per_yr,1190.1
v4_1M,v4,4. + pilotage du risque,1000000,same_close,2000-2026,38,trade_orders_per_yr,2402.5
v4_1M,v4,4. + pilotage du risque,1000000,same_close,2010-2026,38,trade_orders_per_yr,2475.1
v4_1M,v4,4. + pilotage du risque,1000000,same_close,2015-2026,38,trade_orders_per_yr,2493.8
v4_1M,v4,4. + pilotage du risque,1000000,same_close,2023-07_2026-07,38,trade_orders_per_yr,2556.8
v4_1M,v4,4. + pilotage du risque,1000000,half_day_lag,2000-2026,38,trade_orders_per_yr,2404.3
v4_1M,v4,4. + pilotage du risque,1000000,half_day_lag,2010-2026,38,trade_orders_per_yr,2478.6
v4_1M,v4,4. + pilotage du risque,1000000,half_day_lag,2015-2026,38,trade_orders_per_yr,2494.9
v4_1M,v4,4. + pilotage du risque,1000000,half_day_lag,2023-07_2026-07,38,trade_orders_per_yr,2547.4
v5_100k,v5,5. Les deux,100000,same_close,2000-2026,14,trade_orders_per_yr,639.78
v5_100k,v5,5. Les deux,100000,same_close,2010-2026,14,trade_orders_per_yr,687.52
v5_100k,v5,5. Les deux,100000,same_close,2015-2026,14,trade_orders_per_yr,695.78
v5_100k,v5,5. Les deux,100000,same_close,2023-07_2026-07,14,trade_orders_per_yr,646.52
v5_100k,v5,5. Les deux,100000,half_day_lag,2000-2026,14,trade_orders_per_yr,638.08
v5_100k,v5,5. Les deux,100000,half_day_lag,2010-2026,14,trade_orders_per_yr,686.37
v5_100k,v5,5. Les deux,100000,half_day_lag,2015-2026,14,trade_orders_per_yr,693.78
v5_100k,v5,5. Les deux,100000,half_day_lag,2023-07_2026-07,14,trade_orders_per_yr,647.19
v5_250k,v5,5. Les deux,250000,same_close,2000-2026,24,trade_orders_per_yr,1268.9
v5_250k,v5,5. Les deux,250000,same_close,2010-2026,24,trade_orders_per_yr,1363.8
v5_250k,v5,5. Les deux,250000,same_close,2015-2026,24,trade_orders_per_yr,1391
v5_250k,v5,5. Les deux,250000,same_close,2023-07_2026-07,24,trade_orders_per_yr,1352
v5_250k,v5,5. Les deux,250000,half_day_lag,2000-2026,24,trade_orders_per_yr,1269.3
v5_250k,v5,5. Les deux,250000,half_day_lag,2010-2026,24,trade_orders_per_yr,1363.8
v5_250k,v5,5. Les deux,250000,half_day_lag,2015-2026,24,trade_orders_per_yr,1389
v5_250k,v5,5. Les deux,250000,half_day_lag,2023-07_2026-07,24,trade_orders_per_yr,1351
v5_1M,v5,5. Les deux,1000000,same_close,2000-2026,40,trade_orders_per_yr,2602.8
v5_1M,v5,5. Les deux,1000000,same_close,2010-2026,40,trade_orders_per_yr,2735.1
v5_1M,v5,5. Les deux,1000000,same_close,2015-2026,40,trade_orders_per_yr,2731.8
v5_1M,v5,5. Les deux,1000000,same_close,2023-07_2026-07,40,trade_orders_per_yr,2730
v5_1M,v5,5. Les deux,1000000,half_day_lag,2000-2026,40,trade_orders_per_yr,2603.4
v5_1M,v5,5. Les deux,1000000,half_day_lag,2010-2026,40,trade_orders_per_yr,2733.3
v5_1M,v5,5. Les deux,1000000,half_day_lag,2015-2026,40,trade_orders_per_yr,2730.3
v5_1M,v5,5. Les deux,1000000,half_day_lag,2023-07_2026-07,40,trade_orders_per_yr,2731.4
v1_100k,v1,1. Montant fixe,100000,same_close,2000-2026,13,roll_orders_per_yr,57.443
v1_100k,v1,1. Montant fixe,100000,same_close,2010-2026,13,roll_orders_per_yr,58.342
v1_100k,v1,1. Montant fixe,100000,same_close,2015-2026,13,roll_orders_per_yr,59.439
v1_100k,v1,1. Montant fixe,100000,same_close,2023-07_2026-07,13,roll_orders_per_yr,61.843
v1_100k,v1,1. Montant fixe,100000,half_day_lag,2000-2026,13,roll_orders_per_yr,57.443
v1_100k,v1,1. Montant fixe,100000,half_day_lag,2010-2026,13,roll_orders_per_yr,58.342
v1_100k,v1,1. Montant fixe,100000,half_day_lag,2015-2026,13,roll_orders_per_yr,59.439
v1_100k,v1,1. Montant fixe,100000,half_day_lag,2023-07_2026-07,13,roll_orders_per_yr,61.843
v1_250k,v1,1. Montant fixe,250000,same_close,2000-2026,21,roll_orders_per_yr,97.666
v1_250k,v1,1. Montant fixe,250000,same_close,2010-2026,21,roll_orders_per_yr,98.34
v1_250k,v1,1. Montant fixe,250000,same_close,2015-2026,21,roll_orders_per_yr,99.855
v1_250k,v1,1. Montant fixe,250000,same_close,2023-07_2026-07,21,roll_orders_per_yr,101.12
v1_250k,v1,1. Montant fixe,250000,half_day_lag,2000-2026,21,roll_orders_per_yr,97.666
v1_250k,v1,1. Montant fixe,250000,half_day_lag,2010-2026,21,roll_orders_per_yr,98.34
v1_250k,v1,1. Montant fixe,250000,half_day_lag,2015-2026,21,roll_orders_per_yr,99.855
v1_250k,v1,1. Montant fixe,250000,half_day_lag,2023-07_2026-07,21,roll_orders_per_yr,101.12
v1_1M,v1,1. Montant fixe,1000000,same_close,2000-2026,36,roll_orders_per_yr,157.45
v1_1M,v1,1. Montant fixe,1000000,same_close,2010-2026,36,roll_orders_per_yr,159.2
v1_1M,v1,1. Montant fixe,1000000,same_close,2015-2026,36,roll_orders_per_yr,161.21
v1_1M,v1,1. Montant fixe,1000000,same_close,2023-07_2026-07,36,roll_orders_per_yr,164.23
v1_1M,v1,1. Montant fixe,1000000,half_day_lag,2000-2026,36,roll_orders_per_yr,157.45
v1_1M,v1,1. Montant fixe,1000000,half_day_lag,2010-2026,36,roll_orders_per_yr,159.2
v1_1M,v1,1. Montant fixe,1000000,half_day_lag,2015-2026,36,roll_orders_per_yr,161.21
v1_1M,v1,1. Montant fixe,1000000,half_day_lag,2023-07_2026-07,36,roll_orders_per_yr,164.23
v2_100k,v2,2. Systeme actuel,100000,same_close,2000-2026,13,roll_orders_per_yr,60.436
v2_100k,v2,2. Systeme actuel,100000,same_close,2010-2026,13,roll_orders_per_yr,60.633
v2_100k,v2,2. Systeme actuel,100000,same_close,2015-2026,13,roll_orders_per_yr,60.847
v2_100k,v2,2. Systeme actuel,100000,same_close,2023-07_2026-07,13,roll_orders_per_yr,61.093
v2_100k,v2,2. Systeme actuel,100000,half_day_lag,2000-2026,13,roll_orders_per_yr,60.436
v2_100k,v2,2. Systeme actuel,100000,half_day_lag,2010-2026,13,roll_orders_per_yr,60.633
v2_100k,v2,2. Systeme actuel,100000,half_day_lag,2015-2026,13,roll_orders_per_yr,60.847
v2_100k,v2,2. Systeme actuel,100000,half_day_lag,2023-07_2026-07,13,roll_orders_per_yr,61.093
v2_250k,v2,2. Systeme actuel,250000,same_close,2000-2026,21,roll_orders_per_yr,98.52
v2_250k,v2,2. Systeme actuel,250000,same_close,2010-2026,21,roll_orders_per_yr,99.134
v2_250k,v2,2. Systeme actuel,250000,same_close,2015-2026,21,roll_orders_per_yr,99.962
v2_250k,v2,2. Systeme actuel,250000,same_close,2023-07_2026-07,21,roll_orders_per_yr,100.01
v2_250k,v2,2. Systeme actuel,250000,half_day_lag,2000-2026,21,roll_orders_per_yr,98.52
v2_250k,v2,2. Systeme actuel,250000,half_day_lag,2010-2026,21,roll_orders_per_yr,99.134
v2_250k,v2,2. Systeme actuel,250000,half_day_lag,2015-2026,21,roll_orders_per_yr,99.962
v2_250k,v2,2. Systeme actuel,250000,half_day_lag,2023-07_2026-07,21,roll_orders_per_yr,100.01
v2_1M,v2,2. Systeme actuel,1000000,same_close,2000-2026,36,roll_orders_per_yr,156.48
v2_1M,v2,2. Systeme actuel,1000000,same_close,2010-2026,36,roll_orders_per_yr,157.67
v2_1M,v2,2. Systeme actuel,1000000,same_close,2015-2026,36,roll_orders_per_yr,159.22
v2_1M,v2,2. Systeme actuel,1000000,same_close,2023-07_2026-07,36,roll_orders_per_yr,162.64
v2_1M,v2,2. Systeme actuel,1000000,half_day_lag,2000-2026,36,roll_orders_per_yr,156.48
v2_1M,v2,2. Systeme actuel,1000000,half_day_lag,2010-2026,36,roll_orders_per_yr,157.67
v2_1M,v2,2. Systeme actuel,1000000,half_day_lag,2015-2026,36,roll_orders_per_yr,159.22
v2_1M,v2,2. Systeme actuel,1000000,half_day_lag,2023-07_2026-07,36,roll_orders_per_yr,162.64
v3_100k,v3,3. + strategie 13,100000,same_close,2000-2026,14,roll_orders_per_yr,60.855
v3_100k,v3,3. + strategie 13,100000,same_close,2010-2026,14,roll_orders_per_yr,61.775
v3_100k,v3,3. + strategie 13,100000,same_close,2015-2026,14,roll_orders_per_yr,62.496
v3_100k,v3,3. + strategie 13,100000,same_close,2023-07_2026-07,14,roll_orders_per_yr,63.987
v3_100k,v3,3. + strategie 13,100000,half_day_lag,2000-2026,14,roll_orders_per_yr,60.855
v3_100k,v3,3. + strategie 13,100000,half_day_lag,2010-2026,14,roll_orders_per_yr,61.775
v3_100k,v3,3. + strategie 13,100000,half_day_lag,2015-2026,14,roll_orders_per_yr,62.496
v3_100k,v3,3. + strategie 13,100000,half_day_lag,2023-07_2026-07,14,roll_orders_per_yr,63.987
v3_250k,v3,3. + strategie 13,250000,same_close,2000-2026,22,roll_orders_per_yr,98.894
v3_250k,v3,3. + strategie 13,250000,same_close,2010-2026,22,roll_orders_per_yr,100.27
v3_250k,v3,3. + strategie 13,250000,same_close,2015-2026,22,roll_orders_per_yr,101.6
v3_250k,v3,3. + strategie 13,250000,same_close,2023-07_2026-07,22,roll_orders_per_yr,103.75
v3_250k,v3,3. + strategie 13,250000,half_day_lag,2000-2026,22,roll_orders_per_yr,98.894
v3_250k,v3,3. + strategie 13,250000,half_day_lag,2010-2026,22,roll_orders_per_yr,100.27
v3_250k,v3,3. + strategie 13,250000,half_day_lag,2015-2026,22,roll_orders_per_yr,101.6
v3_250k,v3,3. + strategie 13,250000,half_day_lag,2023-07_2026-07,22,roll_orders_per_yr,103.75
v3_1M,v3,3. + strategie 13,1000000,same_close,2000-2026,37,roll_orders_per_yr,158.68
v3_1M,v3,3. + strategie 13,1000000,same_close,2010-2026,37,roll_orders_per_yr,160.66
v3_1M,v3,3. + strategie 13,1000000,same_close,2015-2026,37,roll_orders_per_yr,161.59
v3_1M,v3,3. + strategie 13,1000000,same_close,2023-07_2026-07,37,roll_orders_per_yr,166.75
v3_1M,v3,3. + strategie 13,1000000,half_day_lag,2000-2026,37,roll_orders_per_yr,158.68
v3_1M,v3,3. + strategie 13,1000000,half_day_lag,2010-2026,37,roll_orders_per_yr,160.66
v3_1M,v3,3. + strategie 13,1000000,half_day_lag,2015-2026,37,roll_orders_per_yr,161.59
v3_1M,v3,3. + strategie 13,1000000,half_day_lag,2023-07_2026-07,37,roll_orders_per_yr,166.75
v4_100k,v4,4. + pilotage du risque,100000,same_close,2000-2026,13,roll_orders_per_yr,60.81
v4_100k,v4,4. + pilotage du risque,100000,same_close,2010-2026,13,roll_orders_per_yr,61.42
v4_100k,v4,4. + pilotage du risque,100000,same_close,2015-2026,13,roll_orders_per_yr,61.56
v4_100k,v4,4. + pilotage du risque,100000,same_close,2023-07_2026-07,13,roll_orders_per_yr,61.524
v4_100k,v4,4. + pilotage du risque,100000,half_day_lag,2000-2026,13,roll_orders_per_yr,60.792
v4_100k,v4,4. + pilotage du risque,100000,half_day_lag,2010-2026,13,roll_orders_per_yr,61.412
v4_100k,v4,4. + pilotage du risque,100000,half_day_lag,2015-2026,13,roll_orders_per_yr,61.548
v4_100k,v4,4. + pilotage du risque,100000,half_day_lag,2023-07_2026-07,13,roll_orders_per_yr,61.514
v4_250k,v4,4. + pilotage du risque,250000,same_close,2000-2026,23,roll_orders_per_yr,102.54
v4_250k,v4,4. + pilotage du risque,250000,same_close,2010-2026,23,roll_orders_per_yr,104.41
v4_250k,v4,4. + pilotage du risque,250000,same_close,2015-2026,23,roll_orders_per_yr,105.52
v4_250k,v4,4. + pilotage du risque,250000,same_close,2023-07_2026-07,23,roll_orders_per_yr,108.2
v4_250k,v4,4. + pilotage du risque,250000,half_day_lag,2000-2026,23,roll_orders_per_yr,102.51
v4_250k,v4,4. + pilotage du risque,250000,half_day_lag,2010-2026,23,roll_orders_per_yr,104.39
v4_250k,v4,4. + pilotage du risque,250000,half_day_lag,2015-2026,23,roll_orders_per_yr,105.48
v4_250k,v4,4. + pilotage du risque,250000,half_day_lag,2023-07_2026-07,23,roll_orders_per_yr,108.11
v4_1M,v4,4. + pilotage du risque,1000000,same_close,2000-2026,38,roll_orders_per_yr,164.64
v4_1M,v4,4. + pilotage du risque,1000000,same_close,2010-2026,38,roll_orders_per_yr,167.73
v4_1M,v4,4. + pilotage du risque,1000000,same_close,2015-2026,38,roll_orders_per_yr,169.43
v4_1M,v4,4. + pilotage du risque,1000000,same_close,2023-07_2026-07,38,roll_orders_per_yr,174.26
v4_1M,v4,4. + pilotage du risque,1000000,half_day_lag,2000-2026,38,roll_orders_per_yr,164.58
v4_1M,v4,4. + pilotage du risque,1000000,half_day_lag,2010-2026,38,roll_orders_per_yr,167.68
v4_1M,v4,4. + pilotage du risque,1000000,half_day_lag,2015-2026,38,roll_orders_per_yr,169.38
v4_1M,v4,4. + pilotage du risque,1000000,half_day_lag,2023-07_2026-07,38,roll_orders_per_yr,174.21
v5_100k,v5,5. Les deux,100000,same_close,2000-2026,14,roll_orders_per_yr,60.195
v5_100k,v5,5. Les deux,100000,same_close,2010-2026,14,roll_orders_per_yr,61.599
v5_100k,v5,5. Les deux,100000,same_close,2015-2026,14,roll_orders_per_yr,62.289
v5_100k,v5,5. Les deux,100000,same_close,2023-07_2026-07,14,roll_orders_per_yr,64.502
v5_100k,v5,5. Les deux,100000,half_day_lag,2000-2026,14,roll_orders_per_yr,60.162
v5_100k,v5,5. Les deux,100000,half_day_lag,2010-2026,14,roll_orders_per_yr,61.568
v5_100k,v5,5. Les deux,100000,half_day_lag,2015-2026,14,roll_orders_per_yr,62.246
v5_100k,v5,5. Les deux,100000,half_day_lag,2023-07_2026-07,14,roll_orders_per_yr,64.447
v5_250k,v5,5. Les deux,250000,same_close,2000-2026,24,roll_orders_per_yr,103.59
v5_250k,v5,5. Les deux,250000,same_close,2010-2026,24,roll_orders_per_yr,106.38
v5_250k,v5,5. Les deux,250000,same_close,2015-2026,24,roll_orders_per_yr,107.68
v5_250k,v5,5. Les deux,250000,same_close,2023-07_2026-07,24,roll_orders_per_yr,112.99
v5_250k,v5,5. Les deux,250000,half_day_lag,2000-2026,24,roll_orders_per_yr,103.53
v5_250k,v5,5. Les deux,250000,half_day_lag,2010-2026,24,roll_orders_per_yr,106.31
v5_250k,v5,5. Les deux,250000,half_day_lag,2015-2026,24,roll_orders_per_yr,107.6
v5_250k,v5,5. Les deux,250000,half_day_lag,2023-07_2026-07,24,roll_orders_per_yr,112.95
v5_1M,v5,5. Les deux,1000000,same_close,2000-2026,40,roll_orders_per_yr,164.65
v5_1M,v5,5. Les deux,1000000,same_close,2010-2026,40,roll_orders_per_yr,168.71
v5_1M,v5,5. Les deux,1000000,same_close,2015-2026,40,roll_orders_per_yr,170.5
v5_1M,v5,5. Les deux,1000000,same_close,2023-07_2026-07,40,roll_orders_per_yr,178.91
v5_1M,v5,5. Les deux,1000000,half_day_lag,2000-2026,40,roll_orders_per_yr,164.57
v5_1M,v5,5. Les deux,1000000,half_day_lag,2010-2026,40,roll_orders_per_yr,168.62
v5_1M,v5,5. Les deux,1000000,half_day_lag,2015-2026,40,roll_orders_per_yr,170.4
v5_1M,v5,5. Les deux,1000000,half_day_lag,2023-07_2026-07,40,roll_orders_per_yr,178.74
v1_100k,v1,1. Montant fixe,100000,same_close,2000-2026,13,contract_sides_per_yr,1412.9
v1_100k,v1,1. Montant fixe,100000,same_close,2010-2026,13,contract_sides_per_yr,1360.1
v1_100k,v1,1. Montant fixe,100000,same_close,2015-2026,13,contract_sides_per_yr,1354.4
v1_100k,v1,1. Montant fixe,100000,same_close,2023-07_2026-07,13,contract_sides_per_yr,1425
v1_100k,v1,1. Montant fixe,100000,half_day_lag,2000-2026,13,contract_sides_per_yr,1412.9
v1_100k,v1,1. Montant fixe,100000,half_day_lag,2010-2026,13,contract_sides_per_yr,1360.1
v1_100k,v1,1. Montant fixe,100000,half_day_lag,2015-2026,13,contract_sides_per_yr,1354.4
v1_100k,v1,1. Montant fixe,100000,half_day_lag,2023-07_2026-07,13,contract_sides_per_yr,1425
v1_250k,v1,1. Montant fixe,250000,same_close,2000-2026,21,contract_sides_per_yr,2678
v1_250k,v1,1. Montant fixe,250000,same_close,2010-2026,21,contract_sides_per_yr,2567.7
v1_250k,v1,1. Montant fixe,250000,same_close,2015-2026,21,contract_sides_per_yr,2565.2
v1_250k,v1,1. Montant fixe,250000,same_close,2023-07_2026-07,21,contract_sides_per_yr,2659.5
v1_250k,v1,1. Montant fixe,250000,half_day_lag,2000-2026,21,contract_sides_per_yr,2678
v1_250k,v1,1. Montant fixe,250000,half_day_lag,2010-2026,21,contract_sides_per_yr,2567.7
v1_250k,v1,1. Montant fixe,250000,half_day_lag,2015-2026,21,contract_sides_per_yr,2565.2
v1_250k,v1,1. Montant fixe,250000,half_day_lag,2023-07_2026-07,21,contract_sides_per_yr,2659.5
v1_1M,v1,1. Montant fixe,1000000,same_close,2000-2026,36,contract_sides_per_yr,8133.9
v1_1M,v1,1. Montant fixe,1000000,same_close,2010-2026,36,contract_sides_per_yr,7822.4
v1_1M,v1,1. Montant fixe,1000000,same_close,2015-2026,36,contract_sides_per_yr,7837.7
v1_1M,v1,1. Montant fixe,1000000,same_close,2023-07_2026-07,36,contract_sides_per_yr,8049.8
v1_1M,v1,1. Montant fixe,1000000,half_day_lag,2000-2026,36,contract_sides_per_yr,8133.9
v1_1M,v1,1. Montant fixe,1000000,half_day_lag,2010-2026,36,contract_sides_per_yr,7822.4
v1_1M,v1,1. Montant fixe,1000000,half_day_lag,2015-2026,36,contract_sides_per_yr,7837.7
v1_1M,v1,1. Montant fixe,1000000,half_day_lag,2023-07_2026-07,36,contract_sides_per_yr,8049.8
v2_100k,v2,2. Systeme actuel,100000,same_close,2000-2026,13,contract_sides_per_yr,975.48
v2_100k,v2,2. Systeme actuel,100000,same_close,2010-2026,13,contract_sides_per_yr,968.39
v2_100k,v2,2. Systeme actuel,100000,same_close,2015-2026,13,contract_sides_per_yr,991.61
v2_100k,v2,2. Systeme actuel,100000,same_close,2023-07_2026-07,13,contract_sides_per_yr,1012.3
v2_100k,v2,2. Systeme actuel,100000,half_day_lag,2000-2026,13,contract_sides_per_yr,975.48
v2_100k,v2,2. Systeme actuel,100000,half_day_lag,2010-2026,13,contract_sides_per_yr,968.39
v2_100k,v2,2. Systeme actuel,100000,half_day_lag,2015-2026,13,contract_sides_per_yr,991.61
v2_100k,v2,2. Systeme actuel,100000,half_day_lag,2023-07_2026-07,13,contract_sides_per_yr,1012.3
v2_250k,v2,2. Systeme actuel,250000,same_close,2000-2026,21,contract_sides_per_yr,1918.1
v2_250k,v2,2. Systeme actuel,250000,same_close,2010-2026,21,contract_sides_per_yr,1896.8
v2_250k,v2,2. Systeme actuel,250000,same_close,2015-2026,21,contract_sides_per_yr,1947.1
v2_250k,v2,2. Systeme actuel,250000,same_close,2023-07_2026-07,21,contract_sides_per_yr,1908.1
v2_250k,v2,2. Systeme actuel,250000,half_day_lag,2000-2026,21,contract_sides_per_yr,1918.1
v2_250k,v2,2. Systeme actuel,250000,half_day_lag,2010-2026,21,contract_sides_per_yr,1896.8
v2_250k,v2,2. Systeme actuel,250000,half_day_lag,2015-2026,21,contract_sides_per_yr,1947.1
v2_250k,v2,2. Systeme actuel,250000,half_day_lag,2023-07_2026-07,21,contract_sides_per_yr,1908.1
v2_1M,v2,2. Systeme actuel,1000000,same_close,2000-2026,36,contract_sides_per_yr,6558.9
v2_1M,v2,2. Systeme actuel,1000000,same_close,2010-2026,36,contract_sides_per_yr,6476.3
v2_1M,v2,2. Systeme actuel,1000000,same_close,2015-2026,36,contract_sides_per_yr,6607.2
v2_1M,v2,2. Systeme actuel,1000000,same_close,2023-07_2026-07,36,contract_sides_per_yr,6488.6
v2_1M,v2,2. Systeme actuel,1000000,half_day_lag,2000-2026,36,contract_sides_per_yr,6558.9
v2_1M,v2,2. Systeme actuel,1000000,half_day_lag,2010-2026,36,contract_sides_per_yr,6476.3
v2_1M,v2,2. Systeme actuel,1000000,half_day_lag,2015-2026,36,contract_sides_per_yr,6607.2
v2_1M,v2,2. Systeme actuel,1000000,half_day_lag,2023-07_2026-07,36,contract_sides_per_yr,6488.6
v3_100k,v3,3. + strategie 13,100000,same_close,2000-2026,14,contract_sides_per_yr,1184.4
v3_100k,v3,3. + strategie 13,100000,same_close,2010-2026,14,contract_sides_per_yr,1237.3
v3_100k,v3,3. + strategie 13,100000,same_close,2015-2026,14,contract_sides_per_yr,1252.6
v3_100k,v3,3. + strategie 13,100000,same_close,2023-07_2026-07,14,contract_sides_per_yr,1135.5
v3_100k,v3,3. + strategie 13,100000,half_day_lag,2000-2026,14,contract_sides_per_yr,1184.4
v3_100k,v3,3. + strategie 13,100000,half_day_lag,2010-2026,14,contract_sides_per_yr,1237.3
v3_100k,v3,3. + strategie 13,100000,half_day_lag,2015-2026,14,contract_sides_per_yr,1252.6
v3_100k,v3,3. + strategie 13,100000,half_day_lag,2023-07_2026-07,14,contract_sides_per_yr,1135.5
v3_250k,v3,3. + strategie 13,250000,same_close,2000-2026,22,contract_sides_per_yr,2383.3
v3_250k,v3,3. + strategie 13,250000,same_close,2010-2026,22,contract_sides_per_yr,2483.5
v3_250k,v3,3. + strategie 13,250000,same_close,2015-2026,22,contract_sides_per_yr,2524.1
v3_250k,v3,3. + strategie 13,250000,same_close,2023-07_2026-07,22,contract_sides_per_yr,2225.6
v3_250k,v3,3. + strategie 13,250000,half_day_lag,2000-2026,22,contract_sides_per_yr,2383.3
v3_250k,v3,3. + strategie 13,250000,half_day_lag,2010-2026,22,contract_sides_per_yr,2483.5
v3_250k,v3,3. + strategie 13,250000,half_day_lag,2015-2026,22,contract_sides_per_yr,2524.1
v3_250k,v3,3. + strategie 13,250000,half_day_lag,2023-07_2026-07,22,contract_sides_per_yr,2225.6
v3_1M,v3,3. + strategie 13,1000000,same_close,2000-2026,37,contract_sides_per_yr,7887.4
v3_1M,v3,3. + strategie 13,1000000,same_close,2010-2026,37,contract_sides_per_yr,8223.2
v3_1M,v3,3. + strategie 13,1000000,same_close,2015-2026,37,contract_sides_per_yr,8256.4
v3_1M,v3,3. + strategie 13,1000000,same_close,2023-07_2026-07,37,contract_sides_per_yr,7460.5
v3_1M,v3,3. + strategie 13,1000000,half_day_lag,2000-2026,37,contract_sides_per_yr,7887.4
v3_1M,v3,3. + strategie 13,1000000,half_day_lag,2010-2026,37,contract_sides_per_yr,8223.2
v3_1M,v3,3. + strategie 13,1000000,half_day_lag,2015-2026,37,contract_sides_per_yr,8256.4
v3_1M,v3,3. + strategie 13,1000000,half_day_lag,2023-07_2026-07,37,contract_sides_per_yr,7460.5
v4_100k,v4,4. + pilotage du risque,100000,same_close,2000-2026,13,contract_sides_per_yr,1226.2
v4_100k,v4,4. + pilotage du risque,100000,same_close,2010-2026,13,contract_sides_per_yr,1306.4
v4_100k,v4,4. + pilotage du risque,100000,same_close,2015-2026,13,contract_sides_per_yr,1329.9
v4_100k,v4,4. + pilotage du risque,100000,same_close,2023-07_2026-07,13,contract_sides_per_yr,1205
v4_100k,v4,4. + pilotage du risque,100000,half_day_lag,2000-2026,13,contract_sides_per_yr,1226.1
v4_100k,v4,4. + pilotage du risque,100000,half_day_lag,2010-2026,13,contract_sides_per_yr,1306.8
v4_100k,v4,4. + pilotage du risque,100000,half_day_lag,2015-2026,13,contract_sides_per_yr,1330.5
v4_100k,v4,4. + pilotage du risque,100000,half_day_lag,2023-07_2026-07,13,contract_sides_per_yr,1208.7
v4_250k,v4,4. + pilotage du risque,250000,same_close,2000-2026,23,contract_sides_per_yr,2613.5
v4_250k,v4,4. + pilotage du risque,250000,same_close,2010-2026,23,contract_sides_per_yr,2743.5
v4_250k,v4,4. + pilotage du risque,250000,same_close,2015-2026,23,contract_sides_per_yr,2771.2
v4_250k,v4,4. + pilotage du risque,250000,same_close,2023-07_2026-07,23,contract_sides_per_yr,2742.4
v4_250k,v4,4. + pilotage du risque,250000,half_day_lag,2000-2026,23,contract_sides_per_yr,2611.5
v4_250k,v4,4. + pilotage du risque,250000,half_day_lag,2010-2026,23,contract_sides_per_yr,2743.2
v4_250k,v4,4. + pilotage du risque,250000,half_day_lag,2015-2026,23,contract_sides_per_yr,2771.4
v4_250k,v4,4. + pilotage du risque,250000,half_day_lag,2023-07_2026-07,23,contract_sides_per_yr,2742.3
v4_1M,v4,4. + pilotage du risque,1000000,same_close,2000-2026,38,contract_sides_per_yr,8058.2
v4_1M,v4,4. + pilotage du risque,1000000,same_close,2010-2026,38,contract_sides_per_yr,8402.2
v4_1M,v4,4. + pilotage du risque,1000000,same_close,2015-2026,38,contract_sides_per_yr,8470.3
v4_1M,v4,4. + pilotage du risque,1000000,same_close,2023-07_2026-07,38,contract_sides_per_yr,8589.2
v4_1M,v4,4. + pilotage du risque,1000000,half_day_lag,2000-2026,38,contract_sides_per_yr,8057
v4_1M,v4,4. + pilotage du risque,1000000,half_day_lag,2010-2026,38,contract_sides_per_yr,8404
v4_1M,v4,4. + pilotage du risque,1000000,half_day_lag,2015-2026,38,contract_sides_per_yr,8471.7
v4_1M,v4,4. + pilotage du risque,1000000,half_day_lag,2023-07_2026-07,38,contract_sides_per_yr,8579.9
v5_100k,v5,5. Les deux,100000,same_close,2000-2026,14,contract_sides_per_yr,1349.8
v5_100k,v5,5. Les deux,100000,same_close,2010-2026,14,contract_sides_per_yr,1470.7
v5_100k,v5,5. Les deux,100000,same_close,2015-2026,14,contract_sides_per_yr,1484.1
v5_100k,v5,5. Les deux,100000,same_close,2023-07_2026-07,14,contract_sides_per_yr,1346.6
v5_100k,v5,5. Les deux,100000,half_day_lag,2000-2026,14,contract_sides_per_yr,1348.6
v5_100k,v5,5. Les deux,100000,half_day_lag,2010-2026,14,contract_sides_per_yr,1469.7
v5_100k,v5,5. Les deux,100000,half_day_lag,2015-2026,14,contract_sides_per_yr,1482.1
v5_100k,v5,5. Les deux,100000,half_day_lag,2023-07_2026-07,14,contract_sides_per_yr,1347.5
v5_250k,v5,5. Les deux,250000,same_close,2000-2026,24,contract_sides_per_yr,2929.5
v5_250k,v5,5. Les deux,250000,same_close,2010-2026,24,contract_sides_per_yr,3234.2
v5_250k,v5,5. Les deux,250000,same_close,2015-2026,24,contract_sides_per_yr,3301.7
v5_250k,v5,5. Les deux,250000,same_close,2023-07_2026-07,24,contract_sides_per_yr,3087.8
v5_250k,v5,5. Les deux,250000,half_day_lag,2000-2026,24,contract_sides_per_yr,2926.4
v5_250k,v5,5. Les deux,250000,half_day_lag,2010-2026,24,contract_sides_per_yr,3230.6
v5_250k,v5,5. Les deux,250000,half_day_lag,2015-2026,24,contract_sides_per_yr,3295.3
v5_250k,v5,5. Les deux,250000,half_day_lag,2023-07_2026-07,24,contract_sides_per_yr,3085.8
v5_1M,v5,5. Les deux,1000000,same_close,2000-2026,40,contract_sides_per_yr,9644.7
v5_1M,v5,5. Les deux,1000000,same_close,2010-2026,40,contract_sides_per_yr,10395
v5_1M,v5,5. Les deux,1000000,same_close,2015-2026,40,contract_sides_per_yr,10319
v5_1M,v5,5. Les deux,1000000,same_close,2023-07_2026-07,40,contract_sides_per_yr,10358
v5_1M,v5,5. Les deux,1000000,half_day_lag,2000-2026,40,contract_sides_per_yr,9635.3
v5_1M,v5,5. Les deux,1000000,half_day_lag,2010-2026,40,contract_sides_per_yr,10380
v5_1M,v5,5. Les deux,1000000,half_day_lag,2015-2026,40,contract_sides_per_yr,10301
v5_1M,v5,5. Les deux,1000000,half_day_lag,2023-07_2026-07,40,contract_sides_per_yr,10360
v1_100k,v1,1. Montant fixe,100000,same_close,2000-2026,13,mean_gross_exposure,9.9521
v1_100k,v1,1. Montant fixe,100000,same_close,2010-2026,13,mean_gross_exposure,10.623
v1_100k,v1,1. Montant fixe,100000,same_close,2015-2026,13,mean_gross_exposure,11.688
v1_100k,v1,1. Montant fixe,100000,same_close,2023-07_2026-07,13,mean_gross_exposure,12.448
v1_100k,v1,1. Montant fixe,100000,half_day_lag,2000-2026,13,mean_gross_exposure,9.9521
v1_100k,v1,1. Montant fixe,100000,half_day_lag,2010-2026,13,mean_gross_exposure,10.623
v1_100k,v1,1. Montant fixe,100000,half_day_lag,2015-2026,13,mean_gross_exposure,11.688
v1_100k,v1,1. Montant fixe,100000,half_day_lag,2023-07_2026-07,13,mean_gross_exposure,12.448
v1_250k,v1,1. Montant fixe,250000,same_close,2000-2026,21,mean_gross_exposure,11.744
v1_250k,v1,1. Montant fixe,250000,same_close,2010-2026,21,mean_gross_exposure,11.622
v1_250k,v1,1. Montant fixe,250000,same_close,2015-2026,21,mean_gross_exposure,12.134
v1_250k,v1,1. Montant fixe,250000,same_close,2023-07_2026-07,21,mean_gross_exposure,12.621
v1_250k,v1,1. Montant fixe,250000,half_day_lag,2000-2026,21,mean_gross_exposure,11.744
v1_250k,v1,1. Montant fixe,250000,half_day_lag,2010-2026,21,mean_gross_exposure,11.622
v1_250k,v1,1. Montant fixe,250000,half_day_lag,2015-2026,21,mean_gross_exposure,12.134
v1_250k,v1,1. Montant fixe,250000,half_day_lag,2023-07_2026-07,21,mean_gross_exposure,12.621
v1_1M,v1,1. Montant fixe,1000000,same_close,2000-2026,36,mean_gross_exposure,8.6223
v1_1M,v1,1. Montant fixe,1000000,same_close,2010-2026,36,mean_gross_exposure,8.4961
v1_1M,v1,1. Montant fixe,1000000,same_close,2015-2026,36,mean_gross_exposure,8.8468
v1_1M,v1,1. Montant fixe,1000000,same_close,2023-07_2026-07,36,mean_gross_exposure,8.9955
v1_1M,v1,1. Montant fixe,1000000,half_day_lag,2000-2026,36,mean_gross_exposure,8.6223
v1_1M,v1,1. Montant fixe,1000000,half_day_lag,2010-2026,36,mean_gross_exposure,8.4961
v1_1M,v1,1. Montant fixe,1000000,half_day_lag,2015-2026,36,mean_gross_exposure,8.8468
v1_1M,v1,1. Montant fixe,1000000,half_day_lag,2023-07_2026-07,36,mean_gross_exposure,8.9955
v2_100k,v2,2. Systeme actuel,100000,same_close,2000-2026,13,mean_gross_exposure,11.947
v2_100k,v2,2. Systeme actuel,100000,same_close,2010-2026,13,mean_gross_exposure,13.056
v2_100k,v2,2. Systeme actuel,100000,same_close,2015-2026,13,mean_gross_exposure,13.586
v2_100k,v2,2. Systeme actuel,100000,same_close,2023-07_2026-07,13,mean_gross_exposure,8.9994
v2_100k,v2,2. Systeme actuel,100000,half_day_lag,2000-2026,13,mean_gross_exposure,11.947
v2_100k,v2,2. Systeme actuel,100000,half_day_lag,2010-2026,13,mean_gross_exposure,13.056
v2_100k,v2,2. Systeme actuel,100000,half_day_lag,2015-2026,13,mean_gross_exposure,13.586
v2_100k,v2,2. Systeme actuel,100000,half_day_lag,2023-07_2026-07,13,mean_gross_exposure,8.9994
v2_250k,v2,2. Systeme actuel,250000,same_close,2000-2026,21,mean_gross_exposure,11.061
v2_250k,v2,2. Systeme actuel,250000,same_close,2010-2026,21,mean_gross_exposure,12.045
v2_250k,v2,2. Systeme actuel,250000,same_close,2015-2026,21,mean_gross_exposure,12.648
v2_250k,v2,2. Systeme actuel,250000,same_close,2023-07_2026-07,21,mean_gross_exposure,7.9666
v2_250k,v2,2. Systeme actuel,250000,half_day_lag,2000-2026,21,mean_gross_exposure,11.061
v2_250k,v2,2. Systeme actuel,250000,half_day_lag,2010-2026,21,mean_gross_exposure,12.045
v2_250k,v2,2. Systeme actuel,250000,half_day_lag,2015-2026,21,mean_gross_exposure,12.648
v2_250k,v2,2. Systeme actuel,250000,half_day_lag,2023-07_2026-07,21,mean_gross_exposure,7.9666
v2_1M,v2,2. Systeme actuel,1000000,same_close,2000-2026,36,mean_gross_exposure,8.456
v2_1M,v2,2. Systeme actuel,1000000,same_close,2010-2026,36,mean_gross_exposure,9.2749
v2_1M,v2,2. Systeme actuel,1000000,same_close,2015-2026,36,mean_gross_exposure,9.8949
v2_1M,v2,2. Systeme actuel,1000000,same_close,2023-07_2026-07,36,mean_gross_exposure,6.71
v2_1M,v2,2. Systeme actuel,1000000,half_day_lag,2000-2026,36,mean_gross_exposure,8.456
v2_1M,v2,2. Systeme actuel,1000000,half_day_lag,2010-2026,36,mean_gross_exposure,9.2749
v2_1M,v2,2. Systeme actuel,1000000,half_day_lag,2015-2026,36,mean_gross_exposure,9.8949
v2_1M,v2,2. Systeme actuel,1000000,half_day_lag,2023-07_2026-07,36,mean_gross_exposure,6.71
v3_100k,v3,3. + strategie 13,100000,same_close,2000-2026,14,mean_gross_exposure,11.72
v3_100k,v3,3. + strategie 13,100000,same_close,2010-2026,14,mean_gross_exposure,13.341
v3_100k,v3,3. + strategie 13,100000,same_close,2015-2026,14,mean_gross_exposure,14.024
v3_100k,v3,3. + strategie 13,100000,same_close,2023-07_2026-07,14,mean_gross_exposure,7.7508
v3_100k,v3,3. + strategie 13,100000,half_day_lag,2000-2026,14,mean_gross_exposure,11.72
v3_100k,v3,3. + strategie 13,100000,half_day_lag,2010-2026,14,mean_gross_exposure,13.341
v3_100k,v3,3. + strategie 13,100000,half_day_lag,2015-2026,14,mean_gross_exposure,14.024
v3_100k,v3,3. + strategie 13,100000,half_day_lag,2023-07_2026-07,14,mean_gross_exposure,7.7508
v3_250k,v3,3. + strategie 13,250000,same_close,2000-2026,22,mean_gross_exposure,16.609
v3_250k,v3,3. + strategie 13,250000,same_close,2010-2026,22,mean_gross_exposure,19.171
v3_250k,v3,3. + strategie 13,250000,same_close,2015-2026,22,mean_gross_exposure,20.125
v3_250k,v3,3. + strategie 13,250000,same_close,2023-07_2026-07,22,mean_gross_exposure,8.6721
v3_250k,v3,3. + strategie 13,250000,half_day_lag,2000-2026,22,mean_gross_exposure,16.609
v3_250k,v3,3. + strategie 13,250000,half_day_lag,2010-2026,22,mean_gross_exposure,19.171
v3_250k,v3,3. + strategie 13,250000,half_day_lag,2015-2026,22,mean_gross_exposure,20.125
v3_250k,v3,3. + strategie 13,250000,half_day_lag,2023-07_2026-07,22,mean_gross_exposure,8.6721
v3_1M,v3,3. + strategie 13,1000000,same_close,2000-2026,37,mean_gross_exposure,10.635
v3_1M,v3,3. + strategie 13,1000000,same_close,2010-2026,37,mean_gross_exposure,12.166
v3_1M,v3,3. + strategie 13,1000000,same_close,2015-2026,37,mean_gross_exposure,12.783
v3_1M,v3,3. + strategie 13,1000000,same_close,2023-07_2026-07,37,mean_gross_exposure,7.0455
v3_1M,v3,3. + strategie 13,1000000,half_day_lag,2000-2026,37,mean_gross_exposure,10.635
v3_1M,v3,3. + strategie 13,1000000,half_day_lag,2010-2026,37,mean_gross_exposure,12.166
v3_1M,v3,3. + strategie 13,1000000,half_day_lag,2015-2026,37,mean_gross_exposure,12.783
v3_1M,v3,3. + strategie 13,1000000,half_day_lag,2023-07_2026-07,37,mean_gross_exposure,7.0455
v4_100k,v4,4. + pilotage du risque,100000,same_close,2000-2026,13,mean_gross_exposure,14.295
v4_100k,v4,4. + pilotage du risque,100000,same_close,2010-2026,13,mean_gross_exposure,16.762
v4_100k,v4,4. + pilotage du risque,100000,same_close,2015-2026,13,mean_gross_exposure,17.48
v4_100k,v4,4. + pilotage du risque,100000,same_close,2023-07_2026-07,13,mean_gross_exposure,9.3138
v4_100k,v4,4. + pilotage du risque,100000,half_day_lag,2000-2026,13,mean_gross_exposure,14.283
v4_100k,v4,4. + pilotage du risque,100000,half_day_lag,2010-2026,13,mean_gross_exposure,16.765
v4_100k,v4,4. + pilotage du risque,100000,half_day_lag,2015-2026,13,mean_gross_exposure,17.482
v4_100k,v4,4. + pilotage du risque,100000,half_day_lag,2023-07_2026-07,13,mean_gross_exposure,9.3327
v4_250k,v4,4. + pilotage du risque,250000,same_close,2000-2026,23,mean_gross_exposure,14.319
v4_250k,v4,4. + pilotage du risque,250000,same_close,2010-2026,23,mean_gross_exposure,16.687
v4_250k,v4,4. + pilotage du risque,250000,same_close,2015-2026,23,mean_gross_exposure,17.285
v4_250k,v4,4. + pilotage du risque,250000,same_close,2023-07_2026-07,23,mean_gross_exposure,10.352
v4_250k,v4,4. + pilotage du risque,250000,half_day_lag,2000-2026,23,mean_gross_exposure,14.312
v4_250k,v4,4. + pilotage du risque,250000,half_day_lag,2010-2026,23,mean_gross_exposure,16.685
v4_250k,v4,4. + pilotage du risque,250000,half_day_lag,2015-2026,23,mean_gross_exposure,17.282
v4_250k,v4,4. + pilotage du risque,250000,half_day_lag,2023-07_2026-07,23,mean_gross_exposure,10.337
v4_1M,v4,4. + pilotage du risque,1000000,same_close,2000-2026,38,mean_gross_exposure,10.404
v4_1M,v4,4. + pilotage du risque,1000000,same_close,2010-2026,38,mean_gross_exposure,12.05
v4_1M,v4,4. + pilotage du risque,1000000,same_close,2015-2026,38,mean_gross_exposure,12.585
v4_1M,v4,4. + pilotage du risque,1000000,same_close,2023-07_2026-07,38,mean_gross_exposure,8.8601
v4_1M,v4,4. + pilotage du risque,1000000,half_day_lag,2000-2026,38,mean_gross_exposure,10.389
v4_1M,v4,4. + pilotage du risque,1000000,half_day_lag,2010-2026,38,mean_gross_exposure,12.037
v4_1M,v4,4. + pilotage du risque,1000000,half_day_lag,2015-2026,38,mean_gross_exposure,12.572
v4_1M,v4,4. + pilotage du risque,1000000,half_day_lag,2023-07_2026-07,38,mean_gross_exposure,8.8544
v5_100k,v5,5. Les deux,100000,same_close,2000-2026,14,mean_gross_exposure,12.207
v5_100k,v5,5. Les deux,100000,same_close,2010-2026,14,mean_gross_exposure,14.443
v5_100k,v5,5. Les deux,100000,same_close,2015-2026,14,mean_gross_exposure,14.921
v5_100k,v5,5. Les deux,100000,same_close,2023-07_2026-07,14,mean_gross_exposure,8.2035
v5_100k,v5,5. Les deux,100000,half_day_lag,2000-2026,14,mean_gross_exposure,12.187
v5_100k,v5,5. Les deux,100000,half_day_lag,2010-2026,14,mean_gross_exposure,14.418
v5_100k,v5,5. Les deux,100000,half_day_lag,2015-2026,14,mean_gross_exposure,14.896
v5_100k,v5,5. Les deux,100000,half_day_lag,2023-07_2026-07,14,mean_gross_exposure,8.1924
v5_250k,v5,5. Les deux,250000,same_close,2000-2026,24,mean_gross_exposure,19.462
v5_250k,v5,5. Les deux,250000,same_close,2010-2026,24,mean_gross_exposure,23.61
v5_250k,v5,5. Les deux,250000,same_close,2015-2026,24,mean_gross_exposure,24.385
v5_250k,v5,5. Les deux,250000,same_close,2023-07_2026-07,24,mean_gross_exposure,11.518
v5_250k,v5,5. Les deux,250000,half_day_lag,2000-2026,24,mean_gross_exposure,19.435
v5_250k,v5,5. Les deux,250000,half_day_lag,2010-2026,24,mean_gross_exposure,23.58
v5_250k,v5,5. Les deux,250000,half_day_lag,2015-2026,24,mean_gross_exposure,24.335
v5_250k,v5,5. Les deux,250000,half_day_lag,2023-07_2026-07,24,mean_gross_exposure,11.494
v5_1M,v5,5. Les deux,1000000,same_close,2000-2026,40,mean_gross_exposure,11.494
v5_1M,v5,5. Les deux,1000000,same_close,2010-2026,40,mean_gross_exposure,13.393
v5_1M,v5,5. Les deux,1000000,same_close,2015-2026,40,mean_gross_exposure,13.367
v5_1M,v5,5. Les deux,1000000,same_close,2023-07_2026-07,40,mean_gross_exposure,8.5953
v5_1M,v5,5. Les deux,1000000,half_day_lag,2000-2026,40,mean_gross_exposure,11.471
v5_1M,v5,5. Les deux,1000000,half_day_lag,2010-2026,40,mean_gross_exposure,13.364
v5_1M,v5,5. Les deux,1000000,half_day_lag,2015-2026,40,mean_gross_exposure,13.336
v5_1M,v5,5. Les deux,1000000,half_day_lag,2023-07_2026-07,40,mean_gross_exposure,8.5645
v1_100k,v1,1. Montant fixe,100000,same_close,2000-2026,13,mean_gross_exposure_ex_stir,7.0928
v1_100k,v1,1. Montant fixe,100000,same_close,2010-2026,13,mean_gross_exposure_ex_stir,6.0334
v1_100k,v1,1. Montant fixe,100000,same_close,2015-2026,13,mean_gross_exposure_ex_stir,5.1074
v1_100k,v1,1. Montant fixe,100000,same_close,2023-07_2026-07,13,mean_gross_exposure_ex_stir,4.3831
v1_100k,v1,1. Montant fixe,100000,half_day_lag,2000-2026,13,mean_gross_exposure_ex_stir,7.0928
v1_100k,v1,1. Montant fixe,100000,half_day_lag,2010-2026,13,mean_gross_exposure_ex_stir,6.0334
v1_100k,v1,1. Montant fixe,100000,half_day_lag,2015-2026,13,mean_gross_exposure_ex_stir,5.1074
v1_100k,v1,1. Montant fixe,100000,half_day_lag,2023-07_2026-07,13,mean_gross_exposure_ex_stir,4.3831
v1_250k,v1,1. Montant fixe,250000,same_close,2000-2026,21,mean_gross_exposure_ex_stir,5.3802
v1_250k,v1,1. Montant fixe,250000,same_close,2010-2026,21,mean_gross_exposure_ex_stir,4.7652
v1_250k,v1,1. Montant fixe,250000,same_close,2015-2026,21,mean_gross_exposure_ex_stir,4.3873
v1_250k,v1,1. Montant fixe,250000,same_close,2023-07_2026-07,21,mean_gross_exposure_ex_stir,3.9957
v1_250k,v1,1. Montant fixe,250000,half_day_lag,2000-2026,21,mean_gross_exposure_ex_stir,5.3802
v1_250k,v1,1. Montant fixe,250000,half_day_lag,2010-2026,21,mean_gross_exposure_ex_stir,4.7652
v1_250k,v1,1. Montant fixe,250000,half_day_lag,2015-2026,21,mean_gross_exposure_ex_stir,4.3873
v1_250k,v1,1. Montant fixe,250000,half_day_lag,2023-07_2026-07,21,mean_gross_exposure_ex_stir,3.9957
v1_1M,v1,1. Montant fixe,1000000,same_close,2000-2026,36,mean_gross_exposure_ex_stir,5.5488
v1_1M,v1,1. Montant fixe,1000000,same_close,2010-2026,36,mean_gross_exposure_ex_stir,5.0212
v1_1M,v1,1. Montant fixe,1000000,same_close,2015-2026,36,mean_gross_exposure_ex_stir,4.7742
v1_1M,v1,1. Montant fixe,1000000,same_close,2023-07_2026-07,36,mean_gross_exposure_ex_stir,4.3293
v1_1M,v1,1. Montant fixe,1000000,half_day_lag,2000-2026,36,mean_gross_exposure_ex_stir,5.5488
v1_1M,v1,1. Montant fixe,1000000,half_day_lag,2010-2026,36,mean_gross_exposure_ex_stir,5.0212
v1_1M,v1,1. Montant fixe,1000000,half_day_lag,2015-2026,36,mean_gross_exposure_ex_stir,4.7742
v1_1M,v1,1. Montant fixe,1000000,half_day_lag,2023-07_2026-07,36,mean_gross_exposure_ex_stir,4.3293
v2_100k,v2,2. Systeme actuel,100000,same_close,2000-2026,13,mean_gross_exposure_ex_stir,5.1662
v2_100k,v2,2. Systeme actuel,100000,same_close,2010-2026,13,mean_gross_exposure_ex_stir,5.446
v2_100k,v2,2. Systeme actuel,100000,same_close,2015-2026,13,mean_gross_exposure_ex_stir,5.5863
v2_100k,v2,2. Systeme actuel,100000,same_close,2023-07_2026-07,13,mean_gross_exposure_ex_stir,4.5398
v2_100k,v2,2. Systeme actuel,100000,half_day_lag,2000-2026,13,mean_gross_exposure_ex_stir,5.1662
v2_100k,v2,2. Systeme actuel,100000,half_day_lag,2010-2026,13,mean_gross_exposure_ex_stir,5.446
v2_100k,v2,2. Systeme actuel,100000,half_day_lag,2015-2026,13,mean_gross_exposure_ex_stir,5.5863
v2_100k,v2,2. Systeme actuel,100000,half_day_lag,2023-07_2026-07,13,mean_gross_exposure_ex_stir,4.5398
v2_250k,v2,2. Systeme actuel,250000,same_close,2000-2026,21,mean_gross_exposure_ex_stir,5.8868
v2_250k,v2,2. Systeme actuel,250000,same_close,2010-2026,21,mean_gross_exposure_ex_stir,6.0526
v2_250k,v2,2. Systeme actuel,250000,same_close,2015-2026,21,mean_gross_exposure_ex_stir,6.0535
v2_250k,v2,2. Systeme actuel,250000,same_close,2023-07_2026-07,21,mean_gross_exposure_ex_stir,4.2285
v2_250k,v2,2. Systeme actuel,250000,half_day_lag,2000-2026,21,mean_gross_exposure_ex_stir,5.8868
v2_250k,v2,2. Systeme actuel,250000,half_day_lag,2010-2026,21,mean_gross_exposure_ex_stir,6.0526
v2_250k,v2,2. Systeme actuel,250000,half_day_lag,2015-2026,21,mean_gross_exposure_ex_stir,6.0535
v2_250k,v2,2. Systeme actuel,250000,half_day_lag,2023-07_2026-07,21,mean_gross_exposure_ex_stir,4.2285
v2_1M,v2,2. Systeme actuel,1000000,same_close,2000-2026,36,mean_gross_exposure_ex_stir,5.1476
v2_1M,v2,2. Systeme actuel,1000000,same_close,2010-2026,36,mean_gross_exposure_ex_stir,5.2213
v2_1M,v2,2. Systeme actuel,1000000,same_close,2015-2026,36,mean_gross_exposure_ex_stir,5.1785
v2_1M,v2,2. Systeme actuel,1000000,same_close,2023-07_2026-07,36,mean_gross_exposure_ex_stir,3.8803
v2_1M,v2,2. Systeme actuel,1000000,half_day_lag,2000-2026,36,mean_gross_exposure_ex_stir,5.1476
v2_1M,v2,2. Systeme actuel,1000000,half_day_lag,2010-2026,36,mean_gross_exposure_ex_stir,5.2213
v2_1M,v2,2. Systeme actuel,1000000,half_day_lag,2015-2026,36,mean_gross_exposure_ex_stir,5.1785
v2_1M,v2,2. Systeme actuel,1000000,half_day_lag,2023-07_2026-07,36,mean_gross_exposure_ex_stir,3.8803
v3_100k,v3,3. + strategie 13,100000,same_close,2000-2026,14,mean_gross_exposure_ex_stir,10.078
v3_100k,v3,3. + strategie 13,100000,same_close,2010-2026,14,mean_gross_exposure_ex_stir,10.704
v3_100k,v3,3. + strategie 13,100000,same_close,2015-2026,14,mean_gross_exposure_ex_stir,10.244
v3_100k,v3,3. + strategie 13,100000,same_close,2023-07_2026-07,14,mean_gross_exposure_ex_stir,4.4408
v3_100k,v3,3. + strategie 13,100000,half_day_lag,2000-2026,14,mean_gross_exposure_ex_stir,10.078
v3_100k,v3,3. + strategie 13,100000,half_day_lag,2010-2026,14,mean_gross_exposure_ex_stir,10.704
v3_100k,v3,3. + strategie 13,100000,half_day_lag,2015-2026,14,mean_gross_exposure_ex_stir,10.244
v3_100k,v3,3. + strategie 13,100000,half_day_lag,2023-07_2026-07,14,mean_gross_exposure_ex_stir,4.4408
v3_250k,v3,3. + strategie 13,250000,same_close,2000-2026,22,mean_gross_exposure_ex_stir,6.361
v3_250k,v3,3. + strategie 13,250000,same_close,2010-2026,22,mean_gross_exposure_ex_stir,6.7
v3_250k,v3,3. + strategie 13,250000,same_close,2015-2026,22,mean_gross_exposure_ex_stir,6.4741
v3_250k,v3,3. + strategie 13,250000,same_close,2023-07_2026-07,22,mean_gross_exposure_ex_stir,3.3383
v3_250k,v3,3. + strategie 13,250000,half_day_lag,2000-2026,22,mean_gross_exposure_ex_stir,6.361
v3_250k,v3,3. + strategie 13,250000,half_day_lag,2010-2026,22,mean_gross_exposure_ex_stir,6.7
v3_250k,v3,3. + strategie 13,250000,half_day_lag,2015-2026,22,mean_gross_exposure_ex_stir,6.4741
v3_250k,v3,3. + strategie 13,250000,half_day_lag,2023-07_2026-07,22,mean_gross_exposure_ex_stir,3.3383
v3_1M,v3,3. + strategie 13,1000000,same_close,2000-2026,37,mean_gross_exposure_ex_stir,6.3616
v3_1M,v3,3. + strategie 13,1000000,same_close,2010-2026,37,mean_gross_exposure_ex_stir,6.7466
v3_1M,v3,3. + strategie 13,1000000,same_close,2015-2026,37,mean_gross_exposure_ex_stir,6.5444
v3_1M,v3,3. + strategie 13,1000000,same_close,2023-07_2026-07,37,mean_gross_exposure_ex_stir,4.1205
v3_1M,v3,3. + strategie 13,1000000,half_day_lag,2000-2026,37,mean_gross_exposure_ex_stir,6.3616
v3_1M,v3,3. + strategie 13,1000000,half_day_lag,2010-2026,37,mean_gross_exposure_ex_stir,6.7466
v3_1M,v3,3. + strategie 13,1000000,half_day_lag,2015-2026,37,mean_gross_exposure_ex_stir,6.5444
v3_1M,v3,3. + strategie 13,1000000,half_day_lag,2023-07_2026-07,37,mean_gross_exposure_ex_stir,4.1205
v4_100k,v4,4. + pilotage du risque,100000,same_close,2000-2026,13,mean_gross_exposure_ex_stir,6.0848
v4_100k,v4,4. + pilotage du risque,100000,same_close,2010-2026,13,mean_gross_exposure_ex_stir,6.8839
v4_100k,v4,4. + pilotage du risque,100000,same_close,2015-2026,13,mean_gross_exposure_ex_stir,7.0358
v4_100k,v4,4. + pilotage du risque,100000,same_close,2023-07_2026-07,13,mean_gross_exposure_ex_stir,4.7762
v4_100k,v4,4. + pilotage du risque,100000,half_day_lag,2000-2026,13,mean_gross_exposure_ex_stir,6.0753
v4_100k,v4,4. + pilotage du risque,100000,half_day_lag,2010-2026,13,mean_gross_exposure_ex_stir,6.879
v4_100k,v4,4. + pilotage du risque,100000,half_day_lag,2015-2026,13,mean_gross_exposure_ex_stir,7.033
v4_100k,v4,4. + pilotage du risque,100000,half_day_lag,2023-07_2026-07,13,mean_gross_exposure_ex_stir,4.7915
v4_250k,v4,4. + pilotage du risque,250000,same_close,2000-2026,23,mean_gross_exposure_ex_stir,7.2462
v4_250k,v4,4. + pilotage du risque,250000,same_close,2010-2026,23,mean_gross_exposure_ex_stir,7.9055
v4_250k,v4,4. + pilotage du risque,250000,same_close,2015-2026,23,mean_gross_exposure_ex_stir,7.6288
v4_250k,v4,4. + pilotage du risque,250000,same_close,2023-07_2026-07,23,mean_gross_exposure_ex_stir,4.9922
v4_250k,v4,4. + pilotage du risque,250000,half_day_lag,2000-2026,23,mean_gross_exposure_ex_stir,7.2402
v4_250k,v4,4. + pilotage du risque,250000,half_day_lag,2010-2026,23,mean_gross_exposure_ex_stir,7.9014
v4_250k,v4,4. + pilotage du risque,250000,half_day_lag,2015-2026,23,mean_gross_exposure_ex_stir,7.6249
v4_250k,v4,4. + pilotage du risque,250000,half_day_lag,2023-07_2026-07,23,mean_gross_exposure_ex_stir,4.9775
v4_1M,v4,4. + pilotage du risque,1000000,same_close,2000-2026,38,mean_gross_exposure_ex_stir,6.3088
v4_1M,v4,4. + pilotage du risque,1000000,same_close,2010-2026,38,mean_gross_exposure_ex_stir,6.8465
v4_1M,v4,4. + pilotage du risque,1000000,same_close,2015-2026,38,mean_gross_exposure_ex_stir,6.6815
v4_1M,v4,4. + pilotage du risque,1000000,same_close,2023-07_2026-07,38,mean_gross_exposure_ex_stir,5.0934
v4_1M,v4,4. + pilotage du risque,1000000,half_day_lag,2000-2026,38,mean_gross_exposure_ex_stir,6.2974
v4_1M,v4,4. + pilotage du risque,1000000,half_day_lag,2010-2026,38,mean_gross_exposure_ex_stir,6.8364
v4_1M,v4,4. + pilotage du risque,1000000,half_day_lag,2015-2026,38,mean_gross_exposure_ex_stir,6.6735
v4_1M,v4,4. + pilotage du risque,1000000,half_day_lag,2023-07_2026-07,38,mean_gross_exposure_ex_stir,5.0879
v5_100k,v5,5. Les deux,100000,same_close,2000-2026,14,mean_gross_exposure_ex_stir,10.511
v5_100k,v5,5. Les deux,100000,same_close,2010-2026,14,mean_gross_exposure_ex_stir,11.722
v5_100k,v5,5. Les deux,100000,same_close,2015-2026,14,mean_gross_exposure_ex_stir,11.02
v5_100k,v5,5. Les deux,100000,same_close,2023-07_2026-07,14,mean_gross_exposure_ex_stir,4.6584
v5_100k,v5,5. Les deux,100000,half_day_lag,2000-2026,14,mean_gross_exposure_ex_stir,10.492
v5_100k,v5,5. Les deux,100000,half_day_lag,2010-2026,14,mean_gross_exposure_ex_stir,11.697
v5_100k,v5,5. Les deux,100000,half_day_lag,2015-2026,14,mean_gross_exposure_ex_stir,10.995
v5_100k,v5,5. Les deux,100000,half_day_lag,2023-07_2026-07,14,mean_gross_exposure_ex_stir,4.6442
v5_250k,v5,5. Les deux,250000,same_close,2000-2026,24,mean_gross_exposure_ex_stir,7.4473
v5_250k,v5,5. Les deux,250000,same_close,2010-2026,24,mean_gross_exposure_ex_stir,8.3536
v5_250k,v5,5. Les deux,250000,same_close,2015-2026,24,mean_gross_exposure_ex_stir,7.9891
v5_250k,v5,5. Les deux,250000,same_close,2023-07_2026-07,24,mean_gross_exposure_ex_stir,4.4184
v5_250k,v5,5. Les deux,250000,half_day_lag,2000-2026,24,mean_gross_exposure_ex_stir,7.4335
v5_250k,v5,5. Les deux,250000,half_day_lag,2010-2026,24,mean_gross_exposure_ex_stir,8.3371
v5_250k,v5,5. Les deux,250000,half_day_lag,2015-2026,24,mean_gross_exposure_ex_stir,7.9665
v5_250k,v5,5. Les deux,250000,half_day_lag,2023-07_2026-07,24,mean_gross_exposure_ex_stir,4.405
v5_1M,v5,5. Les deux,1000000,same_close,2000-2026,40,mean_gross_exposure_ex_stir,6.9997
v5_1M,v5,5. Les deux,1000000,same_close,2010-2026,40,mean_gross_exposure_ex_stir,7.6671
v5_1M,v5,5. Les deux,1000000,same_close,2015-2026,40,mean_gross_exposure_ex_stir,7.1396
v5_1M,v5,5. Les deux,1000000,same_close,2023-07_2026-07,40,mean_gross_exposure_ex_stir,5.2053
v5_1M,v5,5. Les deux,1000000,half_day_lag,2000-2026,40,mean_gross_exposure_ex_stir,6.9876
v5_1M,v5,5. Les deux,1000000,half_day_lag,2010-2026,40,mean_gross_exposure_ex_stir,7.6519
v5_1M,v5,5. Les deux,1000000,half_day_lag,2015-2026,40,mean_gross_exposure_ex_stir,7.1229
v5_1M,v5,5. Les deux,1000000,half_day_lag,2023-07_2026-07,40,mean_gross_exposure_ex_stir,5.1931
v1_100k,v1,1. Montant fixe,100000,same_close,2000-2026,13,mean_margin_pct,18.356
v1_100k,v1,1. Montant fixe,100000,same_close,2010-2026,13,mean_margin_pct,16.901
v1_100k,v1,1. Montant fixe,100000,same_close,2015-2026,13,mean_margin_pct,16.987
v1_100k,v1,1. Montant fixe,100000,same_close,2023-07_2026-07,13,mean_margin_pct,19.165
v1_100k,v1,1. Montant fixe,100000,half_day_lag,2000-2026,13,mean_margin_pct,18.356
v1_100k,v1,1. Montant fixe,100000,half_day_lag,2010-2026,13,mean_margin_pct,16.901
v1_100k,v1,1. Montant fixe,100000,half_day_lag,2015-2026,13,mean_margin_pct,16.987
v1_100k,v1,1. Montant fixe,100000,half_day_lag,2023-07_2026-07,13,mean_margin_pct,19.165
v1_250k,v1,1. Montant fixe,250000,same_close,2000-2026,21,mean_margin_pct,17.136
v1_250k,v1,1. Montant fixe,250000,same_close,2010-2026,21,mean_margin_pct,15.393
v1_250k,v1,1. Montant fixe,250000,same_close,2015-2026,21,mean_margin_pct,15.577
v1_250k,v1,1. Montant fixe,250000,same_close,2023-07_2026-07,21,mean_margin_pct,16.202
v1_250k,v1,1. Montant fixe,250000,half_day_lag,2000-2026,21,mean_margin_pct,17.136
v1_250k,v1,1. Montant fixe,250000,half_day_lag,2010-2026,21,mean_margin_pct,15.393
v1_250k,v1,1. Montant fixe,250000,half_day_lag,2015-2026,21,mean_margin_pct,15.577
v1_250k,v1,1. Montant fixe,250000,half_day_lag,2023-07_2026-07,21,mean_margin_pct,16.202
v1_1M,v1,1. Montant fixe,1000000,same_close,2000-2026,36,mean_margin_pct,16.591
v1_1M,v1,1. Montant fixe,1000000,same_close,2010-2026,36,mean_margin_pct,14.968
v1_1M,v1,1. Montant fixe,1000000,same_close,2015-2026,36,mean_margin_pct,15.043
v1_1M,v1,1. Montant fixe,1000000,same_close,2023-07_2026-07,36,mean_margin_pct,15.283
v1_1M,v1,1. Montant fixe,1000000,half_day_lag,2000-2026,36,mean_margin_pct,16.591
v1_1M,v1,1. Montant fixe,1000000,half_day_lag,2010-2026,36,mean_margin_pct,14.968
v1_1M,v1,1. Montant fixe,1000000,half_day_lag,2015-2026,36,mean_margin_pct,15.043
v1_1M,v1,1. Montant fixe,1000000,half_day_lag,2023-07_2026-07,36,mean_margin_pct,15.283
v2_100k,v2,2. Systeme actuel,100000,same_close,2000-2026,13,mean_margin_pct,10.646
v2_100k,v2,2. Systeme actuel,100000,same_close,2010-2026,13,mean_margin_pct,9.9923
v2_100k,v2,2. Systeme actuel,100000,same_close,2015-2026,13,mean_margin_pct,9.9752
v2_100k,v2,2. Systeme actuel,100000,same_close,2023-07_2026-07,13,mean_margin_pct,11.555
v2_100k,v2,2. Systeme actuel,100000,half_day_lag,2000-2026,13,mean_margin_pct,10.646
v2_100k,v2,2. Systeme actuel,100000,half_day_lag,2010-2026,13,mean_margin_pct,9.9923
v2_100k,v2,2. Systeme actuel,100000,half_day_lag,2015-2026,13,mean_margin_pct,9.9752
v2_100k,v2,2. Systeme actuel,100000,half_day_lag,2023-07_2026-07,13,mean_margin_pct,11.555
v2_250k,v2,2. Systeme actuel,250000,same_close,2000-2026,21,mean_margin_pct,11.062
v2_250k,v2,2. Systeme actuel,250000,same_close,2010-2026,21,mean_margin_pct,10.363
v2_250k,v2,2. Systeme actuel,250000,same_close,2015-2026,21,mean_margin_pct,10.614
v2_250k,v2,2. Systeme actuel,250000,same_close,2023-07_2026-07,21,mean_margin_pct,10.779
v2_250k,v2,2. Systeme actuel,250000,half_day_lag,2000-2026,21,mean_margin_pct,11.062
v2_250k,v2,2. Systeme actuel,250000,half_day_lag,2010-2026,21,mean_margin_pct,10.363
v2_250k,v2,2. Systeme actuel,250000,half_day_lag,2015-2026,21,mean_margin_pct,10.614
v2_250k,v2,2. Systeme actuel,250000,half_day_lag,2023-07_2026-07,21,mean_margin_pct,10.779
v2_1M,v2,2. Systeme actuel,1000000,same_close,2000-2026,36,mean_margin_pct,11.957
v2_1M,v2,2. Systeme actuel,1000000,same_close,2010-2026,36,mean_margin_pct,11.281
v2_1M,v2,2. Systeme actuel,1000000,same_close,2015-2026,36,mean_margin_pct,11.5
v2_1M,v2,2. Systeme actuel,1000000,same_close,2023-07_2026-07,36,mean_margin_pct,11.332
v2_1M,v2,2. Systeme actuel,1000000,half_day_lag,2000-2026,36,mean_margin_pct,11.957
v2_1M,v2,2. Systeme actuel,1000000,half_day_lag,2010-2026,36,mean_margin_pct,11.281
v2_1M,v2,2. Systeme actuel,1000000,half_day_lag,2015-2026,36,mean_margin_pct,11.5
v2_1M,v2,2. Systeme actuel,1000000,half_day_lag,2023-07_2026-07,36,mean_margin_pct,11.332
v3_100k,v3,3. + strategie 13,100000,same_close,2000-2026,14,mean_margin_pct,12.293
v3_100k,v3,3. + strategie 13,100000,same_close,2010-2026,14,mean_margin_pct,12.103
v3_100k,v3,3. + strategie 13,100000,same_close,2015-2026,14,mean_margin_pct,11.955
v3_100k,v3,3. + strategie 13,100000,same_close,2023-07_2026-07,14,mean_margin_pct,12.234
v3_100k,v3,3. + strategie 13,100000,half_day_lag,2000-2026,14,mean_margin_pct,12.293
v3_100k,v3,3. + strategie 13,100000,half_day_lag,2010-2026,14,mean_margin_pct,12.103
v3_100k,v3,3. + strategie 13,100000,half_day_lag,2015-2026,14,mean_margin_pct,11.955
v3_100k,v3,3. + strategie 13,100000,half_day_lag,2023-07_2026-07,14,mean_margin_pct,12.234
v3_250k,v3,3. + strategie 13,250000,same_close,2000-2026,22,mean_margin_pct,12.633
v3_250k,v3,3. + strategie 13,250000,same_close,2010-2026,22,mean_margin_pct,12.344
v3_250k,v3,3. + strategie 13,250000,same_close,2015-2026,22,mean_margin_pct,12.177
v3_250k,v3,3. + strategie 13,250000,same_close,2023-07_2026-07,22,mean_margin_pct,11.747
v3_250k,v3,3. + strategie 13,250000,half_day_lag,2000-2026,22,mean_margin_pct,12.633
v3_250k,v3,3. + strategie 13,250000,half_day_lag,2010-2026,22,mean_margin_pct,12.344
v3_250k,v3,3. + strategie 13,250000,half_day_lag,2015-2026,22,mean_margin_pct,12.177
v3_250k,v3,3. + strategie 13,250000,half_day_lag,2023-07_2026-07,22,mean_margin_pct,11.747
v3_1M,v3,3. + strategie 13,1000000,same_close,2000-2026,37,mean_margin_pct,13.419
v3_1M,v3,3. + strategie 13,1000000,same_close,2010-2026,37,mean_margin_pct,13.286
v3_1M,v3,3. + strategie 13,1000000,same_close,2015-2026,37,mean_margin_pct,13.133
v3_1M,v3,3. + strategie 13,1000000,same_close,2023-07_2026-07,37,mean_margin_pct,12.539
v3_1M,v3,3. + strategie 13,1000000,half_day_lag,2000-2026,37,mean_margin_pct,13.419
v3_1M,v3,3. + strategie 13,1000000,half_day_lag,2010-2026,37,mean_margin_pct,13.286
v3_1M,v3,3. + strategie 13,1000000,half_day_lag,2015-2026,37,mean_margin_pct,13.133
v3_1M,v3,3. + strategie 13,1000000,half_day_lag,2023-07_2026-07,37,mean_margin_pct,12.539
v4_100k,v4,4. + pilotage du risque,100000,same_close,2000-2026,13,mean_margin_pct,11.763
v4_100k,v4,4. + pilotage du risque,100000,same_close,2010-2026,13,mean_margin_pct,11.941
v4_100k,v4,4. + pilotage du risque,100000,same_close,2015-2026,13,mean_margin_pct,11.724
v4_100k,v4,4. + pilotage du risque,100000,same_close,2023-07_2026-07,13,mean_margin_pct,12.285
v4_100k,v4,4. + pilotage du risque,100000,half_day_lag,2000-2026,13,mean_margin_pct,11.75
v4_100k,v4,4. + pilotage du risque,100000,half_day_lag,2010-2026,13,mean_margin_pct,11.931
v4_100k,v4,4. + pilotage du risque,100000,half_day_lag,2015-2026,13,mean_margin_pct,11.719
v4_100k,v4,4. + pilotage du risque,100000,half_day_lag,2023-07_2026-07,13,mean_margin_pct,12.296
v4_250k,v4,4. + pilotage du risque,250000,same_close,2000-2026,23,mean_margin_pct,13.403
v4_250k,v4,4. + pilotage du risque,250000,same_close,2010-2026,23,mean_margin_pct,13.56
v4_250k,v4,4. + pilotage du risque,250000,same_close,2015-2026,23,mean_margin_pct,13.552
v4_250k,v4,4. + pilotage du risque,250000,same_close,2023-07_2026-07,23,mean_margin_pct,14.264
v4_250k,v4,4. + pilotage du risque,250000,half_day_lag,2000-2026,23,mean_margin_pct,13.386
v4_250k,v4,4. + pilotage du risque,250000,half_day_lag,2010-2026,23,mean_margin_pct,13.547
v4_250k,v4,4. + pilotage du risque,250000,half_day_lag,2015-2026,23,mean_margin_pct,13.534
v4_250k,v4,4. + pilotage du risque,250000,half_day_lag,2023-07_2026-07,23,mean_margin_pct,14.242
v4_1M,v4,4. + pilotage du risque,1000000,same_close,2000-2026,38,mean_margin_pct,14.077
v4_1M,v4,4. + pilotage du risque,1000000,same_close,2010-2026,38,mean_margin_pct,14.295
v4_1M,v4,4. + pilotage du risque,1000000,same_close,2015-2026,38,mean_margin_pct,14.259
v4_1M,v4,4. + pilotage du risque,1000000,same_close,2023-07_2026-07,38,mean_margin_pct,15.13
v4_1M,v4,4. + pilotage du risque,1000000,half_day_lag,2000-2026,38,mean_margin_pct,14.05
v4_1M,v4,4. + pilotage du risque,1000000,half_day_lag,2010-2026,38,mean_margin_pct,14.269
v4_1M,v4,4. + pilotage du risque,1000000,half_day_lag,2015-2026,38,mean_margin_pct,14.23
v4_1M,v4,4. + pilotage du risque,1000000,half_day_lag,2023-07_2026-07,38,mean_margin_pct,15.108
v5_100k,v5,5. Les deux,100000,same_close,2000-2026,14,mean_margin_pct,12.401
v5_100k,v5,5. Les deux,100000,same_close,2010-2026,14,mean_margin_pct,12.843
v5_100k,v5,5. Les deux,100000,same_close,2015-2026,14,mean_margin_pct,12.537
v5_100k,v5,5. Les deux,100000,same_close,2023-07_2026-07,14,mean_margin_pct,13.031
v5_100k,v5,5. Les deux,100000,half_day_lag,2000-2026,14,mean_margin_pct,12.384
v5_100k,v5,5. Les deux,100000,half_day_lag,2010-2026,14,mean_margin_pct,12.822
v5_100k,v5,5. Les deux,100000,half_day_lag,2015-2026,14,mean_margin_pct,12.516
v5_100k,v5,5. Les deux,100000,half_day_lag,2023-07_2026-07,14,mean_margin_pct,13.01
v5_250k,v5,5. Les deux,250000,same_close,2000-2026,24,mean_margin_pct,14.225
v5_250k,v5,5. Les deux,250000,same_close,2010-2026,24,mean_margin_pct,14.908
v5_250k,v5,5. Les deux,250000,same_close,2015-2026,24,mean_margin_pct,14.709
v5_250k,v5,5. Les deux,250000,same_close,2023-07_2026-07,24,mean_margin_pct,15.521
v5_250k,v5,5. Les deux,250000,half_day_lag,2000-2026,24,mean_margin_pct,14.192
v5_250k,v5,5. Les deux,250000,half_day_lag,2010-2026,24,mean_margin_pct,14.872
v5_250k,v5,5. Les deux,250000,half_day_lag,2015-2026,24,mean_margin_pct,14.654
v5_250k,v5,5. Les deux,250000,half_day_lag,2023-07_2026-07,24,mean_margin_pct,15.476
v5_1M,v5,5. Les deux,1000000,same_close,2000-2026,40,mean_margin_pct,14.773
v5_1M,v5,5. Les deux,1000000,same_close,2010-2026,40,mean_margin_pct,15.305
v5_1M,v5,5. Les deux,1000000,same_close,2015-2026,40,mean_margin_pct,14.979
v5_1M,v5,5. Les deux,1000000,same_close,2023-07_2026-07,40,mean_margin_pct,16.177
v5_1M,v5,5. Les deux,1000000,half_day_lag,2000-2026,40,mean_margin_pct,14.745
v5_1M,v5,5. Les deux,1000000,half_day_lag,2010-2026,40,mean_margin_pct,15.27
v5_1M,v5,5. Les deux,1000000,half_day_lag,2015-2026,40,mean_margin_pct,14.936
v5_1M,v5,5. Les deux,1000000,half_day_lag,2023-07_2026-07,40,mean_margin_pct,16.141
v1_100k,v1,1. Montant fixe,100000,same_close,2000-2026,13,p95_margin_pct,31.725
v1_100k,v1,1. Montant fixe,100000,same_close,2010-2026,13,p95_margin_pct,29.714
v1_100k,v1,1. Montant fixe,100000,same_close,2015-2026,13,p95_margin_pct,30.673
v1_100k,v1,1. Montant fixe,100000,same_close,2023-07_2026-07,13,p95_margin_pct,28.702
v1_100k,v1,1. Montant fixe,100000,half_day_lag,2000-2026,13,p95_margin_pct,31.725
v1_100k,v1,1. Montant fixe,100000,half_day_lag,2010-2026,13,p95_margin_pct,29.714
v1_100k,v1,1. Montant fixe,100000,half_day_lag,2015-2026,13,p95_margin_pct,30.673
v1_100k,v1,1. Montant fixe,100000,half_day_lag,2023-07_2026-07,13,p95_margin_pct,28.702
v1_250k,v1,1. Montant fixe,250000,same_close,2000-2026,21,p95_margin_pct,28.959
v1_250k,v1,1. Montant fixe,250000,same_close,2010-2026,21,p95_margin_pct,26.854
v1_250k,v1,1. Montant fixe,250000,same_close,2015-2026,21,p95_margin_pct,27.745
v1_250k,v1,1. Montant fixe,250000,same_close,2023-07_2026-07,21,p95_margin_pct,24.615
v1_250k,v1,1. Montant fixe,250000,half_day_lag,2000-2026,21,p95_margin_pct,28.959
v1_250k,v1,1. Montant fixe,250000,half_day_lag,2010-2026,21,p95_margin_pct,26.854
v1_250k,v1,1. Montant fixe,250000,half_day_lag,2015-2026,21,p95_margin_pct,27.745
v1_250k,v1,1. Montant fixe,250000,half_day_lag,2023-07_2026-07,21,p95_margin_pct,24.615
v1_1M,v1,1. Montant fixe,1000000,same_close,2000-2026,36,p95_margin_pct,27.315
v1_1M,v1,1. Montant fixe,1000000,same_close,2010-2026,36,p95_margin_pct,24.969
v1_1M,v1,1. Montant fixe,1000000,same_close,2015-2026,36,p95_margin_pct,26.207
v1_1M,v1,1. Montant fixe,1000000,same_close,2023-07_2026-07,36,p95_margin_pct,21.814
v1_1M,v1,1. Montant fixe,1000000,half_day_lag,2000-2026,36,p95_margin_pct,27.315
v1_1M,v1,1. Montant fixe,1000000,half_day_lag,2010-2026,36,p95_margin_pct,24.969
v1_1M,v1,1. Montant fixe,1000000,half_day_lag,2015-2026,36,p95_margin_pct,26.207
v1_1M,v1,1. Montant fixe,1000000,half_day_lag,2023-07_2026-07,36,p95_margin_pct,21.814
v2_100k,v2,2. Systeme actuel,100000,same_close,2000-2026,13,p95_margin_pct,16.593
v2_100k,v2,2. Systeme actuel,100000,same_close,2010-2026,13,p95_margin_pct,15.375
v2_100k,v2,2. Systeme actuel,100000,same_close,2015-2026,13,p95_margin_pct,15.668
v2_100k,v2,2. Systeme actuel,100000,same_close,2023-07_2026-07,13,p95_margin_pct,17.429
v2_100k,v2,2. Systeme actuel,100000,half_day_lag,2000-2026,13,p95_margin_pct,16.593
v2_100k,v2,2. Systeme actuel,100000,half_day_lag,2010-2026,13,p95_margin_pct,15.375
v2_100k,v2,2. Systeme actuel,100000,half_day_lag,2015-2026,13,p95_margin_pct,15.668
v2_100k,v2,2. Systeme actuel,100000,half_day_lag,2023-07_2026-07,13,p95_margin_pct,17.429
v2_250k,v2,2. Systeme actuel,250000,same_close,2000-2026,21,p95_margin_pct,17.028
v2_250k,v2,2. Systeme actuel,250000,same_close,2010-2026,21,p95_margin_pct,15.759
v2_250k,v2,2. Systeme actuel,250000,same_close,2015-2026,21,p95_margin_pct,16.153
v2_250k,v2,2. Systeme actuel,250000,same_close,2023-07_2026-07,21,p95_margin_pct,16.096
v2_250k,v2,2. Systeme actuel,250000,half_day_lag,2000-2026,21,p95_margin_pct,17.028
v2_250k,v2,2. Systeme actuel,250000,half_day_lag,2010-2026,21,p95_margin_pct,15.759
v2_250k,v2,2. Systeme actuel,250000,half_day_lag,2015-2026,21,p95_margin_pct,16.153
v2_250k,v2,2. Systeme actuel,250000,half_day_lag,2023-07_2026-07,21,p95_margin_pct,16.096
v2_1M,v2,2. Systeme actuel,1000000,same_close,2000-2026,36,p95_margin_pct,18.393
v2_1M,v2,2. Systeme actuel,1000000,same_close,2010-2026,36,p95_margin_pct,16.406
v2_1M,v2,2. Systeme actuel,1000000,same_close,2015-2026,36,p95_margin_pct,16.567
v2_1M,v2,2. Systeme actuel,1000000,same_close,2023-07_2026-07,36,p95_margin_pct,15.488
v2_1M,v2,2. Systeme actuel,1000000,half_day_lag,2000-2026,36,p95_margin_pct,18.393
v2_1M,v2,2. Systeme actuel,1000000,half_day_lag,2010-2026,36,p95_margin_pct,16.406
v2_1M,v2,2. Systeme actuel,1000000,half_day_lag,2015-2026,36,p95_margin_pct,16.567
v2_1M,v2,2. Systeme actuel,1000000,half_day_lag,2023-07_2026-07,36,p95_margin_pct,15.488
v3_100k,v3,3. + strategie 13,100000,same_close,2000-2026,14,p95_margin_pct,17.999
v3_100k,v3,3. + strategie 13,100000,same_close,2010-2026,14,p95_margin_pct,17.379
v3_100k,v3,3. + strategie 13,100000,same_close,2015-2026,14,p95_margin_pct,17.484
v3_100k,v3,3. + strategie 13,100000,same_close,2023-07_2026-07,14,p95_margin_pct,18.965
v3_100k,v3,3. + strategie 13,100000,half_day_lag,2000-2026,14,p95_margin_pct,17.999
v3_100k,v3,3. + strategie 13,100000,half_day_lag,2010-2026,14,p95_margin_pct,17.379
v3_100k,v3,3. + strategie 13,100000,half_day_lag,2015-2026,14,p95_margin_pct,17.484
v3_100k,v3,3. + strategie 13,100000,half_day_lag,2023-07_2026-07,14,p95_margin_pct,18.965
v3_250k,v3,3. + strategie 13,250000,same_close,2000-2026,22,p95_margin_pct,18.157
v3_250k,v3,3. + strategie 13,250000,same_close,2010-2026,22,p95_margin_pct,17.519
v3_250k,v3,3. + strategie 13,250000,same_close,2015-2026,22,p95_margin_pct,17.215
v3_250k,v3,3. + strategie 13,250000,same_close,2023-07_2026-07,22,p95_margin_pct,17.477
v3_250k,v3,3. + strategie 13,250000,half_day_lag,2000-2026,22,p95_margin_pct,18.157
v3_250k,v3,3. + strategie 13,250000,half_day_lag,2010-2026,22,p95_margin_pct,17.519
v3_250k,v3,3. + strategie 13,250000,half_day_lag,2015-2026,22,p95_margin_pct,17.215
v3_250k,v3,3. + strategie 13,250000,half_day_lag,2023-07_2026-07,22,p95_margin_pct,17.477
v3_1M,v3,3. + strategie 13,1000000,same_close,2000-2026,37,p95_margin_pct,18.852
v3_1M,v3,3. + strategie 13,1000000,same_close,2010-2026,37,p95_margin_pct,18.467
v3_1M,v3,3. + strategie 13,1000000,same_close,2015-2026,37,p95_margin_pct,17.81
v3_1M,v3,3. + strategie 13,1000000,same_close,2023-07_2026-07,37,p95_margin_pct,17.634
v3_1M,v3,3. + strategie 13,1000000,half_day_lag,2000-2026,37,p95_margin_pct,18.852
v3_1M,v3,3. + strategie 13,1000000,half_day_lag,2010-2026,37,p95_margin_pct,18.467
v3_1M,v3,3. + strategie 13,1000000,half_day_lag,2015-2026,37,p95_margin_pct,17.81
v3_1M,v3,3. + strategie 13,1000000,half_day_lag,2023-07_2026-07,37,p95_margin_pct,17.634
v4_100k,v4,4. + pilotage du risque,100000,same_close,2000-2026,13,p95_margin_pct,18.297
v4_100k,v4,4. + pilotage du risque,100000,same_close,2010-2026,13,p95_margin_pct,18.325
v4_100k,v4,4. + pilotage du risque,100000,same_close,2015-2026,13,p95_margin_pct,17.998
v4_100k,v4,4. + pilotage du risque,100000,same_close,2023-07_2026-07,13,p95_margin_pct,18.968
v4_100k,v4,4. + pilotage du risque,100000,half_day_lag,2000-2026,13,p95_margin_pct,18.314
v4_100k,v4,4. + pilotage du risque,100000,half_day_lag,2010-2026,13,p95_margin_pct,18.365
v4_100k,v4,4. + pilotage du risque,100000,half_day_lag,2015-2026,13,p95_margin_pct,18.028
v4_100k,v4,4. + pilotage du risque,100000,half_day_lag,2023-07_2026-07,13,p95_margin_pct,19.039
v4_250k,v4,4. + pilotage du risque,250000,same_close,2000-2026,23,p95_margin_pct,21.066
v4_250k,v4,4. + pilotage du risque,250000,same_close,2010-2026,23,p95_margin_pct,21.315
v4_250k,v4,4. + pilotage du risque,250000,same_close,2015-2026,23,p95_margin_pct,21.514
v4_250k,v4,4. + pilotage du risque,250000,same_close,2023-07_2026-07,23,p95_margin_pct,22.073
v4_250k,v4,4. + pilotage du risque,250000,half_day_lag,2000-2026,23,p95_margin_pct,21.019
v4_250k,v4,4. + pilotage du risque,250000,half_day_lag,2010-2026,23,p95_margin_pct,21.247
v4_250k,v4,4. + pilotage du risque,250000,half_day_lag,2015-2026,23,p95_margin_pct,21.449
v4_250k,v4,4. + pilotage du risque,250000,half_day_lag,2023-07_2026-07,23,p95_margin_pct,22.177
v4_1M,v4,4. + pilotage du risque,1000000,same_close,2000-2026,38,p95_margin_pct,21.582
v4_1M,v4,4. + pilotage du risque,1000000,same_close,2010-2026,38,p95_margin_pct,22.12
v4_1M,v4,4. + pilotage du risque,1000000,same_close,2015-2026,38,p95_margin_pct,22.062
v4_1M,v4,4. + pilotage du risque,1000000,same_close,2023-07_2026-07,38,p95_margin_pct,22.77
v4_1M,v4,4. + pilotage du risque,1000000,half_day_lag,2000-2026,38,p95_margin_pct,21.588
v4_1M,v4,4. + pilotage du risque,1000000,half_day_lag,2010-2026,38,p95_margin_pct,22.064
v4_1M,v4,4. + pilotage du risque,1000000,half_day_lag,2015-2026,38,p95_margin_pct,22.01
v4_1M,v4,4. + pilotage du risque,1000000,half_day_lag,2023-07_2026-07,38,p95_margin_pct,22.773
v5_100k,v5,5. Les deux,100000,same_close,2000-2026,14,p95_margin_pct,20.377
v5_100k,v5,5. Les deux,100000,same_close,2010-2026,14,p95_margin_pct,21.095
v5_100k,v5,5. Les deux,100000,same_close,2015-2026,14,p95_margin_pct,20.652
v5_100k,v5,5. Les deux,100000,same_close,2023-07_2026-07,14,p95_margin_pct,22.041
v5_100k,v5,5. Les deux,100000,half_day_lag,2000-2026,14,p95_margin_pct,20.422
v5_100k,v5,5. Les deux,100000,half_day_lag,2010-2026,14,p95_margin_pct,21.147
v5_100k,v5,5. Les deux,100000,half_day_lag,2015-2026,14,p95_margin_pct,20.632
v5_100k,v5,5. Les deux,100000,half_day_lag,2023-07_2026-07,14,p95_margin_pct,22.049
v5_250k,v5,5. Les deux,250000,same_close,2000-2026,24,p95_margin_pct,23.377
v5_250k,v5,5. Les deux,250000,same_close,2010-2026,24,p95_margin_pct,24.093
v5_250k,v5,5. Les deux,250000,same_close,2015-2026,24,p95_margin_pct,23.616
v5_250k,v5,5. Les deux,250000,same_close,2023-07_2026-07,24,p95_margin_pct,24.372
v5_250k,v5,5. Les deux,250000,half_day_lag,2000-2026,24,p95_margin_pct,23.377
v5_250k,v5,5. Les deux,250000,half_day_lag,2010-2026,24,p95_margin_pct,24.031
v5_250k,v5,5. Les deux,250000,half_day_lag,2015-2026,24,p95_margin_pct,23.699
v5_250k,v5,5. Les deux,250000,half_day_lag,2023-07_2026-07,24,p95_margin_pct,24.456
v5_1M,v5,5. Les deux,1000000,same_close,2000-2026,40,p95_margin_pct,24.774
v5_1M,v5,5. Les deux,1000000,same_close,2010-2026,40,p95_margin_pct,25.157
v5_1M,v5,5. Les deux,1000000,same_close,2015-2026,40,p95_margin_pct,24.236
v5_1M,v5,5. Les deux,1000000,same_close,2023-07_2026-07,40,p95_margin_pct,25.065
v5_1M,v5,5. Les deux,1000000,half_day_lag,2000-2026,40,p95_margin_pct,24.726
v5_1M,v5,5. Les deux,1000000,half_day_lag,2010-2026,40,p95_margin_pct,25.126
v5_1M,v5,5. Les deux,1000000,half_day_lag,2015-2026,40,p95_margin_pct,24.299
v5_1M,v5,5. Les deux,1000000,half_day_lag,2023-07_2026-07,40,p95_margin_pct,25.141
v1_100k,v1,1. Montant fixe,100000,same_close,2000-2026,13,avg_markets_held,10.731
v1_100k,v1,1. Montant fixe,100000,same_close,2010-2026,13,avg_markets_held,10.946
v1_100k,v1,1. Montant fixe,100000,same_close,2015-2026,13,avg_markets_held,11.207
v1_100k,v1,1. Montant fixe,100000,same_close,2023-07_2026-07,13,avg_markets_held,11.707
v1_100k,v1,1. Montant fixe,100000,half_day_lag,2000-2026,13,avg_markets_held,10.731
v1_100k,v1,1. Montant fixe,100000,half_day_lag,2010-2026,13,avg_markets_held,10.946
v1_100k,v1,1. Montant fixe,100000,half_day_lag,2015-2026,13,avg_markets_held,11.207
v1_100k,v1,1. Montant fixe,100000,half_day_lag,2023-07_2026-07,13,avg_markets_held,11.707
v1_250k,v1,1. Montant fixe,250000,same_close,2000-2026,21,avg_markets_held,18.032
v1_250k,v1,1. Montant fixe,250000,same_close,2010-2026,21,avg_markets_held,18.218
v1_250k,v1,1. Montant fixe,250000,same_close,2015-2026,21,avg_markets_held,18.559
v1_250k,v1,1. Montant fixe,250000,same_close,2023-07_2026-07,21,avg_markets_held,18.955
v1_250k,v1,1. Montant fixe,250000,half_day_lag,2000-2026,21,avg_markets_held,18.032
v1_250k,v1,1. Montant fixe,250000,half_day_lag,2010-2026,21,avg_markets_held,18.218
v1_250k,v1,1. Montant fixe,250000,half_day_lag,2015-2026,21,avg_markets_held,18.559
v1_250k,v1,1. Montant fixe,250000,half_day_lag,2023-07_2026-07,21,avg_markets_held,18.955
v1_1M,v1,1. Montant fixe,1000000,same_close,2000-2026,36,avg_markets_held,31.136
v1_1M,v1,1. Montant fixe,1000000,same_close,2010-2026,36,avg_markets_held,31.57
v1_1M,v1,1. Montant fixe,1000000,same_close,2015-2026,36,avg_markets_held,32.057
v1_1M,v1,1. Montant fixe,1000000,same_close,2023-07_2026-07,36,avg_markets_held,32.721
v1_1M,v1,1. Montant fixe,1000000,half_day_lag,2000-2026,36,avg_markets_held,31.136
v1_1M,v1,1. Montant fixe,1000000,half_day_lag,2010-2026,36,avg_markets_held,31.57
v1_1M,v1,1. Montant fixe,1000000,half_day_lag,2015-2026,36,avg_markets_held,32.057
v1_1M,v1,1. Montant fixe,1000000,half_day_lag,2023-07_2026-07,36,avg_markets_held,32.721
v2_100k,v2,2. Systeme actuel,100000,same_close,2000-2026,13,avg_markets_held,11.526
v2_100k,v2,2. Systeme actuel,100000,same_close,2010-2026,13,avg_markets_held,11.571
v2_100k,v2,2. Systeme actuel,100000,same_close,2015-2026,13,avg_markets_held,11.621
v2_100k,v2,2. Systeme actuel,100000,same_close,2023-07_2026-07,13,avg_markets_held,11.601
v2_100k,v2,2. Systeme actuel,100000,half_day_lag,2000-2026,13,avg_markets_held,11.526
v2_100k,v2,2. Systeme actuel,100000,half_day_lag,2010-2026,13,avg_markets_held,11.571
v2_100k,v2,2. Systeme actuel,100000,half_day_lag,2015-2026,13,avg_markets_held,11.621
v2_100k,v2,2. Systeme actuel,100000,half_day_lag,2023-07_2026-07,13,avg_markets_held,11.601
v2_250k,v2,2. Systeme actuel,250000,same_close,2000-2026,21,avg_markets_held,18.204
v2_250k,v2,2. Systeme actuel,250000,same_close,2010-2026,21,avg_markets_held,18.366
v2_250k,v2,2. Systeme actuel,250000,same_close,2015-2026,21,avg_markets_held,18.556
v2_250k,v2,2. Systeme actuel,250000,same_close,2023-07_2026-07,21,avg_markets_held,18.594
v2_250k,v2,2. Systeme actuel,250000,half_day_lag,2000-2026,21,avg_markets_held,18.204
v2_250k,v2,2. Systeme actuel,250000,half_day_lag,2010-2026,21,avg_markets_held,18.366
v2_250k,v2,2. Systeme actuel,250000,half_day_lag,2015-2026,21,avg_markets_held,18.556
v2_250k,v2,2. Systeme actuel,250000,half_day_lag,2023-07_2026-07,21,avg_markets_held,18.594
v2_1M,v2,2. Systeme actuel,1000000,same_close,2000-2026,36,avg_markets_held,31.132
v2_1M,v2,2. Systeme actuel,1000000,same_close,2010-2026,36,avg_markets_held,31.42
v2_1M,v2,2. Systeme actuel,1000000,same_close,2015-2026,36,avg_markets_held,31.779
v2_1M,v2,2. Systeme actuel,1000000,same_close,2023-07_2026-07,36,avg_markets_held,32.488
v2_1M,v2,2. Systeme actuel,1000000,half_day_lag,2000-2026,36,avg_markets_held,31.132
v2_1M,v2,2. Systeme actuel,1000000,half_day_lag,2010-2026,36,avg_markets_held,31.42
v2_1M,v2,2. Systeme actuel,1000000,half_day_lag,2015-2026,36,avg_markets_held,31.779
v2_1M,v2,2. Systeme actuel,1000000,half_day_lag,2023-07_2026-07,36,avg_markets_held,32.488
v3_100k,v3,3. + strategie 13,100000,same_close,2000-2026,14,avg_markets_held,11.618
v3_100k,v3,3. + strategie 13,100000,same_close,2010-2026,14,avg_markets_held,11.83
v3_100k,v3,3. + strategie 13,100000,same_close,2015-2026,14,avg_markets_held,12.008
v3_100k,v3,3. + strategie 13,100000,same_close,2023-07_2026-07,14,avg_markets_held,12.31
v3_100k,v3,3. + strategie 13,100000,half_day_lag,2000-2026,14,avg_markets_held,11.618
v3_100k,v3,3. + strategie 13,100000,half_day_lag,2010-2026,14,avg_markets_held,11.83
v3_100k,v3,3. + strategie 13,100000,half_day_lag,2015-2026,14,avg_markets_held,12.008
v3_100k,v3,3. + strategie 13,100000,half_day_lag,2023-07_2026-07,14,avg_markets_held,12.31
v3_250k,v3,3. + strategie 13,250000,same_close,2000-2026,22,avg_markets_held,18.263
v3_250k,v3,3. + strategie 13,250000,same_close,2010-2026,22,avg_markets_held,18.582
v3_250k,v3,3. + strategie 13,250000,same_close,2015-2026,22,avg_markets_held,18.915
v3_250k,v3,3. + strategie 13,250000,same_close,2023-07_2026-07,22,avg_markets_held,19.411
v3_250k,v3,3. + strategie 13,250000,half_day_lag,2000-2026,22,avg_markets_held,18.263
v3_250k,v3,3. + strategie 13,250000,half_day_lag,2010-2026,22,avg_markets_held,18.582
v3_250k,v3,3. + strategie 13,250000,half_day_lag,2015-2026,22,avg_markets_held,18.915
v3_250k,v3,3. + strategie 13,250000,half_day_lag,2023-07_2026-07,22,avg_markets_held,19.411
v3_1M,v3,3. + strategie 13,1000000,same_close,2000-2026,37,avg_markets_held,31.554
v3_1M,v3,3. + strategie 13,1000000,same_close,2010-2026,37,avg_markets_held,32.015
v3_1M,v3,3. + strategie 13,1000000,same_close,2015-2026,37,avg_markets_held,32.249
v3_1M,v3,3. + strategie 13,1000000,same_close,2023-07_2026-07,37,avg_markets_held,33.296
v3_1M,v3,3. + strategie 13,1000000,half_day_lag,2000-2026,37,avg_markets_held,31.554
v3_1M,v3,3. + strategie 13,1000000,half_day_lag,2010-2026,37,avg_markets_held,32.015
v3_1M,v3,3. + strategie 13,1000000,half_day_lag,2015-2026,37,avg_markets_held,32.249
v3_1M,v3,3. + strategie 13,1000000,half_day_lag,2023-07_2026-07,37,avg_markets_held,33.296
v4_100k,v4,4. + pilotage du risque,100000,same_close,2000-2026,13,avg_markets_held,11.602
v4_100k,v4,4. + pilotage du risque,100000,same_close,2010-2026,13,avg_markets_held,11.733
v4_100k,v4,4. + pilotage du risque,100000,same_close,2015-2026,13,avg_markets_held,11.764
v4_100k,v4,4. + pilotage du risque,100000,same_close,2023-07_2026-07,13,avg_markets_held,11.669
v4_100k,v4,4. + pilotage du risque,100000,half_day_lag,2000-2026,13,avg_markets_held,11.598
v4_100k,v4,4. + pilotage du risque,100000,half_day_lag,2010-2026,13,avg_markets_held,11.732
v4_100k,v4,4. + pilotage du risque,100000,half_day_lag,2015-2026,13,avg_markets_held,11.761
v4_100k,v4,4. + pilotage du risque,100000,half_day_lag,2023-07_2026-07,13,avg_markets_held,11.666
v4_250k,v4,4. + pilotage du risque,250000,same_close,2000-2026,23,avg_markets_held,19.117
v4_250k,v4,4. + pilotage du risque,250000,same_close,2010-2026,23,avg_markets_held,19.56
v4_250k,v4,4. + pilotage du risque,250000,same_close,2015-2026,23,avg_markets_held,19.831
v4_250k,v4,4. + pilotage du risque,250000,same_close,2023-07_2026-07,23,avg_markets_held,20.462
v4_250k,v4,4. + pilotage du risque,250000,half_day_lag,2000-2026,23,avg_markets_held,19.11
v4_250k,v4,4. + pilotage du risque,250000,half_day_lag,2010-2026,23,avg_markets_held,19.555
v4_250k,v4,4. + pilotage du risque,250000,half_day_lag,2015-2026,23,avg_markets_held,19.821
v4_250k,v4,4. + pilotage du risque,250000,half_day_lag,2023-07_2026-07,23,avg_markets_held,20.442
v4_1M,v4,4. + pilotage du risque,1000000,same_close,2000-2026,38,avg_markets_held,32.595
v4_1M,v4,4. + pilotage du risque,1000000,same_close,2010-2026,38,avg_markets_held,33.273
v4_1M,v4,4. + pilotage du risque,1000000,same_close,2015-2026,38,avg_markets_held,33.668
v4_1M,v4,4. + pilotage du risque,1000000,same_close,2023-07_2026-07,38,avg_markets_held,34.698
v4_1M,v4,4. + pilotage du risque,1000000,half_day_lag,2000-2026,38,avg_markets_held,32.581
v4_1M,v4,4. + pilotage du risque,1000000,half_day_lag,2010-2026,38,avg_markets_held,33.262
v4_1M,v4,4. + pilotage du risque,1000000,half_day_lag,2015-2026,38,avg_markets_held,33.655
v4_1M,v4,4. + pilotage du risque,1000000,half_day_lag,2023-07_2026-07,38,avg_markets_held,34.687
v5_100k,v5,5. Les deux,100000,same_close,2000-2026,14,avg_markets_held,11.473
v5_100k,v5,5. Les deux,100000,same_close,2010-2026,14,avg_markets_held,11.789
v5_100k,v5,5. Les deux,100000,same_close,2015-2026,14,avg_markets_held,11.958
v5_100k,v5,5. Les deux,100000,same_close,2023-07_2026-07,14,avg_markets_held,12.4
v5_100k,v5,5. Les deux,100000,half_day_lag,2000-2026,14,avg_markets_held,11.466
v5_100k,v5,5. Les deux,100000,half_day_lag,2010-2026,14,avg_markets_held,11.782
v5_100k,v5,5. Les deux,100000,half_day_lag,2015-2026,14,avg_markets_held,11.949
v5_100k,v5,5. Les deux,100000,half_day_lag,2023-07_2026-07,14,avg_markets_held,12.389
v5_250k,v5,5. Les deux,250000,same_close,2000-2026,24,avg_markets_held,19.248
v5_250k,v5,5. Les deux,250000,same_close,2010-2026,24,avg_markets_held,19.867
v5_250k,v5,5. Les deux,250000,same_close,2015-2026,24,avg_markets_held,20.185
v5_250k,v5,5. Les deux,250000,same_close,2023-07_2026-07,24,avg_markets_held,21.361
v5_250k,v5,5. Les deux,250000,half_day_lag,2000-2026,24,avg_markets_held,19.233
v5_250k,v5,5. Les deux,250000,half_day_lag,2010-2026,24,avg_markets_held,19.851
v5_250k,v5,5. Les deux,250000,half_day_lag,2015-2026,24,avg_markets_held,20.166
v5_250k,v5,5. Les deux,250000,half_day_lag,2023-07_2026-07,24,avg_markets_held,21.352
v5_1M,v5,5. Les deux,1000000,same_close,2000-2026,40,avg_markets_held,32.839
v5_1M,v5,5. Les deux,1000000,same_close,2010-2026,40,avg_markets_held,33.766
v5_1M,v5,5. Les deux,1000000,same_close,2015-2026,40,avg_markets_held,34.202
v5_1M,v5,5. Les deux,1000000,same_close,2023-07_2026-07,40,avg_markets_held,35.996
v5_1M,v5,5. Les deux,1000000,half_day_lag,2000-2026,40,avg_markets_held,32.821
v5_1M,v5,5. Les deux,1000000,half_day_lag,2010-2026,40,avg_markets_held,33.746
v5_1M,v5,5. Les deux,1000000,half_day_lag,2015-2026,40,avg_markets_held,34.179
v5_1M,v5,5. Les deux,1000000,half_day_lag,2023-07_2026-07,40,avg_markets_held,35.957
v1_100k,v1,1. Montant fixe,100000,same_close,2000-2026,13,ref_own_subset_fractional_sharpe,0.208
v1_100k,v1,1. Montant fixe,100000,same_close,2010-2026,13,ref_own_subset_fractional_sharpe,0.080394
v1_100k,v1,1. Montant fixe,100000,same_close,2015-2026,13,ref_own_subset_fractional_sharpe,0.0014667
v1_100k,v1,1. Montant fixe,100000,same_close,2023-07_2026-07,13,ref_own_subset_fractional_sharpe,-0.38163
v1_100k,v1,1. Montant fixe,100000,half_day_lag,2000-2026,13,ref_own_subset_fractional_sharpe,0.21741
v1_100k,v1,1. Montant fixe,100000,half_day_lag,2010-2026,13,ref_own_subset_fractional_sharpe,0.090192
v1_100k,v1,1. Montant fixe,100000,half_day_lag,2015-2026,13,ref_own_subset_fractional_sharpe,0.011947
v1_100k,v1,1. Montant fixe,100000,half_day_lag,2023-07_2026-07,13,ref_own_subset_fractional_sharpe,-0.36611
v1_250k,v1,1. Montant fixe,250000,same_close,2000-2026,21,ref_own_subset_fractional_sharpe,0.24659
v1_250k,v1,1. Montant fixe,250000,same_close,2010-2026,21,ref_own_subset_fractional_sharpe,-0.0045783
v1_250k,v1,1. Montant fixe,250000,same_close,2015-2026,21,ref_own_subset_fractional_sharpe,-0.020505
v1_250k,v1,1. Montant fixe,250000,same_close,2023-07_2026-07,21,ref_own_subset_fractional_sharpe,-0.71992
v1_250k,v1,1. Montant fixe,250000,half_day_lag,2000-2026,21,ref_own_subset_fractional_sharpe,0.25456
v1_250k,v1,1. Montant fixe,250000,half_day_lag,2010-2026,21,ref_own_subset_fractional_sharpe,0.0046737
v1_250k,v1,1. Montant fixe,250000,half_day_lag,2015-2026,21,ref_own_subset_fractional_sharpe,-0.012867
v1_250k,v1,1. Montant fixe,250000,half_day_lag,2023-07_2026-07,21,ref_own_subset_fractional_sharpe,-0.70331
v1_1M,v1,1. Montant fixe,1000000,same_close,2000-2026,36,ref_own_subset_fractional_sharpe,0.26139
v1_1M,v1,1. Montant fixe,1000000,same_close,2010-2026,36,ref_own_subset_fractional_sharpe,0.0069625
v1_1M,v1,1. Montant fixe,1000000,same_close,2015-2026,36,ref_own_subset_fractional_sharpe,-0.073066
v1_1M,v1,1. Montant fixe,1000000,same_close,2023-07_2026-07,36,ref_own_subset_fractional_sharpe,-0.5697
v1_1M,v1,1. Montant fixe,1000000,half_day_lag,2000-2026,36,ref_own_subset_fractional_sharpe,0.26853
v1_1M,v1,1. Montant fixe,1000000,half_day_lag,2010-2026,36,ref_own_subset_fractional_sharpe,0.015729
v1_1M,v1,1. Montant fixe,1000000,half_day_lag,2015-2026,36,ref_own_subset_fractional_sharpe,-0.065314
v1_1M,v1,1. Montant fixe,1000000,half_day_lag,2023-07_2026-07,36,ref_own_subset_fractional_sharpe,-0.55546
v2_100k,v2,2. Systeme actuel,100000,same_close,2000-2026,13,ref_own_subset_fractional_sharpe,0.4345
v2_100k,v2,2. Systeme actuel,100000,same_close,2010-2026,13,ref_own_subset_fractional_sharpe,0.26427
v2_100k,v2,2. Systeme actuel,100000,same_close,2015-2026,13,ref_own_subset_fractional_sharpe,0.15012
v2_100k,v2,2. Systeme actuel,100000,same_close,2023-07_2026-07,13,ref_own_subset_fractional_sharpe,0.15024
v2_100k,v2,2. Systeme actuel,100000,half_day_lag,2000-2026,13,ref_own_subset_fractional_sharpe,0.4337
v2_100k,v2,2. Systeme actuel,100000,half_day_lag,2010-2026,13,ref_own_subset_fractional_sharpe,0.27047
v2_100k,v2,2. Systeme actuel,100000,half_day_lag,2015-2026,13,ref_own_subset_fractional_sharpe,0.15375
v2_100k,v2,2. Systeme actuel,100000,half_day_lag,2023-07_2026-07,13,ref_own_subset_fractional_sharpe,0.15016
v2_250k,v2,2. Systeme actuel,250000,same_close,2000-2026,21,ref_own_subset_fractional_sharpe,0.55204
v2_250k,v2,2. Systeme actuel,250000,same_close,2010-2026,21,ref_own_subset_fractional_sharpe,0.28961
v2_250k,v2,2. Systeme actuel,250000,same_close,2015-2026,21,ref_own_subset_fractional_sharpe,0.2639
v2_250k,v2,2. Systeme actuel,250000,same_close,2023-07_2026-07,21,ref_own_subset_fractional_sharpe,-0.28641
v2_250k,v2,2. Systeme actuel,250000,half_day_lag,2000-2026,21,ref_own_subset_fractional_sharpe,0.54847
v2_250k,v2,2. Systeme actuel,250000,half_day_lag,2010-2026,21,ref_own_subset_fractional_sharpe,0.29107
v2_250k,v2,2. Systeme actuel,250000,half_day_lag,2015-2026,21,ref_own_subset_fractional_sharpe,0.26605
v2_250k,v2,2. Systeme actuel,250000,half_day_lag,2023-07_2026-07,21,ref_own_subset_fractional_sharpe,-0.27622
v2_1M,v2,2. Systeme actuel,1000000,same_close,2000-2026,36,ref_own_subset_fractional_sharpe,0.54185
v2_1M,v2,2. Systeme actuel,1000000,same_close,2010-2026,36,ref_own_subset_fractional_sharpe,0.25914
v2_1M,v2,2. Systeme actuel,1000000,same_close,2015-2026,36,ref_own_subset_fractional_sharpe,0.20972
v2_1M,v2,2. Systeme actuel,1000000,same_close,2023-07_2026-07,36,ref_own_subset_fractional_sharpe,-0.37682
v2_1M,v2,2. Systeme actuel,1000000,half_day_lag,2000-2026,36,ref_own_subset_fractional_sharpe,0.53857
v2_1M,v2,2. Systeme actuel,1000000,half_day_lag,2010-2026,36,ref_own_subset_fractional_sharpe,0.25995
v2_1M,v2,2. Systeme actuel,1000000,half_day_lag,2015-2026,36,ref_own_subset_fractional_sharpe,0.21057
v2_1M,v2,2. Systeme actuel,1000000,half_day_lag,2023-07_2026-07,36,ref_own_subset_fractional_sharpe,-0.37032
v3_100k,v3,3. + strategie 13,100000,same_close,2000-2026,14,ref_own_subset_fractional_sharpe,0.45132
v3_100k,v3,3. + strategie 13,100000,same_close,2010-2026,14,ref_own_subset_fractional_sharpe,0.26529
v3_100k,v3,3. + strategie 13,100000,same_close,2015-2026,14,ref_own_subset_fractional_sharpe,0.17518
v3_100k,v3,3. + strategie 13,100000,same_close,2023-07_2026-07,14,ref_own_subset_fractional_sharpe,0.14788
v3_100k,v3,3. + strategie 13,100000,half_day_lag,2000-2026,14,ref_own_subset_fractional_sharpe,0.4426
v3_100k,v3,3. + strategie 13,100000,half_day_lag,2010-2026,14,ref_own_subset_fractional_sharpe,0.25808
v3_100k,v3,3. + strategie 13,100000,half_day_lag,2015-2026,14,ref_own_subset_fractional_sharpe,0.16159
v3_100k,v3,3. + strategie 13,100000,half_day_lag,2023-07_2026-07,14,ref_own_subset_fractional_sharpe,0.14977
v3_250k,v3,3. + strategie 13,250000,same_close,2000-2026,22,ref_own_subset_fractional_sharpe,0.6204
v3_250k,v3,3. + strategie 13,250000,same_close,2010-2026,22,ref_own_subset_fractional_sharpe,0.36656
v3_250k,v3,3. + strategie 13,250000,same_close,2015-2026,22,ref_own_subset_fractional_sharpe,0.32866
v3_250k,v3,3. + strategie 13,250000,same_close,2023-07_2026-07,22,ref_own_subset_fractional_sharpe,-0.2755
v3_250k,v3,3. + strategie 13,250000,half_day_lag,2000-2026,22,ref_own_subset_fractional_sharpe,0.60727
v3_250k,v3,3. + strategie 13,250000,half_day_lag,2010-2026,22,ref_own_subset_fractional_sharpe,0.35763
v3_250k,v3,3. + strategie 13,250000,half_day_lag,2015-2026,22,ref_own_subset_fractional_sharpe,0.31972
v3_250k,v3,3. + strategie 13,250000,half_day_lag,2023-07_2026-07,22,ref_own_subset_fractional_sharpe,-0.2751
v3_1M,v3,3. + strategie 13,1000000,same_close,2000-2026,37,ref_own_subset_fractional_sharpe,0.61868
v3_1M,v3,3. + strategie 13,1000000,same_close,2010-2026,37,ref_own_subset_fractional_sharpe,0.31652
v3_1M,v3,3. + strategie 13,1000000,same_close,2015-2026,37,ref_own_subset_fractional_sharpe,0.2923
v3_1M,v3,3. + strategie 13,1000000,same_close,2023-07_2026-07,37,ref_own_subset_fractional_sharpe,-0.22725
v3_1M,v3,3. + strategie 13,1000000,half_day_lag,2000-2026,37,ref_own_subset_fractional_sharpe,0.60838
v3_1M,v3,3. + strategie 13,1000000,half_day_lag,2010-2026,37,ref_own_subset_fractional_sharpe,0.31061
v3_1M,v3,3. + strategie 13,1000000,half_day_lag,2015-2026,37,ref_own_subset_fractional_sharpe,0.28617
v3_1M,v3,3. + strategie 13,1000000,half_day_lag,2023-07_2026-07,37,ref_own_subset_fractional_sharpe,-0.22738
v4_100k,v4,4. + pilotage du risque,100000,same_close,2000-2026,13,ref_own_subset_fractional_sharpe,0.53644
v4_100k,v4,4. + pilotage du risque,100000,same_close,2010-2026,13,ref_own_subset_fractional_sharpe,0.3813
v4_100k,v4,4. + pilotage du risque,100000,same_close,2015-2026,13,ref_own_subset_fractional_sharpe,0.20161
v4_100k,v4,4. + pilotage du risque,100000,same_close,2023-07_2026-07,13,ref_own_subset_fractional_sharpe,0.31025
v4_100k,v4,4. + pilotage du risque,100000,half_day_lag,2000-2026,13,ref_own_subset_fractional_sharpe,0.54063
v4_100k,v4,4. + pilotage du risque,100000,half_day_lag,2010-2026,13,ref_own_subset_fractional_sharpe,0.39466
v4_100k,v4,4. + pilotage du risque,100000,half_day_lag,2015-2026,13,ref_own_subset_fractional_sharpe,0.2122
v4_100k,v4,4. + pilotage du risque,100000,half_day_lag,2023-07_2026-07,13,ref_own_subset_fractional_sharpe,0.29511
v4_250k,v4,4. + pilotage du risque,250000,same_close,2000-2026,23,ref_own_subset_fractional_sharpe,0.63338
v4_250k,v4,4. + pilotage du risque,250000,same_close,2010-2026,23,ref_own_subset_fractional_sharpe,0.40001
v4_250k,v4,4. + pilotage du risque,250000,same_close,2015-2026,23,ref_own_subset_fractional_sharpe,0.31332
v4_250k,v4,4. + pilotage du risque,250000,same_close,2023-07_2026-07,23,ref_own_subset_fractional_sharpe,-0.29163
v4_250k,v4,4. + pilotage du risque,250000,half_day_lag,2000-2026,23,ref_own_subset_fractional_sharpe,0.62811
v4_250k,v4,4. + pilotage du risque,250000,half_day_lag,2010-2026,23,ref_own_subset_fractional_sharpe,0.39442
v4_250k,v4,4. + pilotage du risque,250000,half_day_lag,2015-2026,23,ref_own_subset_fractional_sharpe,0.30363
v4_250k,v4,4. + pilotage du risque,250000,half_day_lag,2023-07_2026-07,23,ref_own_subset_fractional_sharpe,-0.30499
v4_1M,v4,4. + pilotage du risque,1000000,same_close,2000-2026,38,ref_own_subset_fractional_sharpe,0.62575
v4_1M,v4,4. + pilotage du risque,1000000,same_close,2010-2026,38,ref_own_subset_fractional_sharpe,0.381
v4_1M,v4,4. + pilotage du risque,1000000,same_close,2015-2026,38,ref_own_subset_fractional_sharpe,0.24905
v4_1M,v4,4. + pilotage du risque,1000000,same_close,2023-07_2026-07,38,ref_own_subset_fractional_sharpe,-0.18381
v4_1M,v4,4. + pilotage du risque,1000000,half_day_lag,2000-2026,38,ref_own_subset_fractional_sharpe,0.61745
v4_1M,v4,4. + pilotage du risque,1000000,half_day_lag,2010-2026,38,ref_own_subset_fractional_sharpe,0.36972
v4_1M,v4,4. + pilotage du risque,1000000,half_day_lag,2015-2026,38,ref_own_subset_fractional_sharpe,0.23937
v4_1M,v4,4. + pilotage du risque,1000000,half_day_lag,2023-07_2026-07,38,ref_own_subset_fractional_sharpe,-0.18638
v5_100k,v5,5. Les deux,100000,same_close,2000-2026,14,ref_own_subset_fractional_sharpe,0.55325
v5_100k,v5,5. Les deux,100000,same_close,2010-2026,14,ref_own_subset_fractional_sharpe,0.38622
v5_100k,v5,5. Les deux,100000,same_close,2015-2026,14,ref_own_subset_fractional_sharpe,0.28681
v5_100k,v5,5. Les deux,100000,same_close,2023-07_2026-07,14,ref_own_subset_fractional_sharpe,0.38931
v5_100k,v5,5. Les deux,100000,half_day_lag,2000-2026,14,ref_own_subset_fractional_sharpe,0.54392
v5_100k,v5,5. Les deux,100000,half_day_lag,2010-2026,14,ref_own_subset_fractional_sharpe,0.37893
v5_100k,v5,5. Les deux,100000,half_day_lag,2015-2026,14,ref_own_subset_fractional_sharpe,0.27437
v5_100k,v5,5. Les deux,100000,half_day_lag,2023-07_2026-07,14,ref_own_subset_fractional_sharpe,0.38866
v5_250k,v5,5. Les deux,250000,same_close,2000-2026,24,ref_own_subset_fractional_sharpe,0.6647
v5_250k,v5,5. Les deux,250000,same_close,2010-2026,24,ref_own_subset_fractional_sharpe,0.3983
v5_250k,v5,5. Les deux,250000,same_close,2015-2026,24,ref_own_subset_fractional_sharpe,0.28498
v5_250k,v5,5. Les deux,250000,same_close,2023-07_2026-07,24,ref_own_subset_fractional_sharpe,-0.33469
v5_250k,v5,5. Les deux,250000,half_day_lag,2000-2026,24,ref_own_subset_fractional_sharpe,0.64842
v5_250k,v5,5. Les deux,250000,half_day_lag,2010-2026,24,ref_own_subset_fractional_sharpe,0.38277
v5_250k,v5,5. Les deux,250000,half_day_lag,2015-2026,24,ref_own_subset_fractional_sharpe,0.26569
v5_250k,v5,5. Les deux,250000,half_day_lag,2023-07_2026-07,24,ref_own_subset_fractional_sharpe,-0.34109
v5_1M,v5,5. Les deux,1000000,same_close,2000-2026,40,ref_own_subset_fractional_sharpe,0.6953
v5_1M,v5,5. Les deux,1000000,same_close,2010-2026,40,ref_own_subset_fractional_sharpe,0.37964
v5_1M,v5,5. Les deux,1000000,same_close,2015-2026,40,ref_own_subset_fractional_sharpe,0.31454
v5_1M,v5,5. Les deux,1000000,same_close,2023-07_2026-07,40,ref_own_subset_fractional_sharpe,-0.13228
v5_1M,v5,5. Les deux,1000000,half_day_lag,2000-2026,40,ref_own_subset_fractional_sharpe,0.68215
v5_1M,v5,5. Les deux,1000000,half_day_lag,2010-2026,40,ref_own_subset_fractional_sharpe,0.36695
v5_1M,v5,5. Les deux,1000000,half_day_lag,2015-2026,40,ref_own_subset_fractional_sharpe,0.29791
v5_1M,v5,5. Les deux,1000000,half_day_lag,2023-07_2026-07,40,ref_own_subset_fractional_sharpe,-0.13738
v1_100k,v1,1. Montant fixe,100000,same_close,2000-2026,13,ref_own_subset_fractional_cagr_excess,0.0046137
v1_100k,v1,1. Montant fixe,100000,same_close,2010-2026,13,ref_own_subset_fractional_cagr_excess,-0.027955
v1_100k,v1,1. Montant fixe,100000,same_close,2015-2026,13,ref_own_subset_fractional_cagr_excess,-0.055455
v1_100k,v1,1. Montant fixe,100000,same_close,2023-07_2026-07,13,ref_own_subset_fractional_cagr_excess,-0.15844
v1_100k,v1,1. Montant fixe,100000,half_day_lag,2000-2026,13,ref_own_subset_fractional_cagr_excess,0.0084058
v1_100k,v1,1. Montant fixe,100000,half_day_lag,2010-2026,13,ref_own_subset_fractional_cagr_excess,-0.024735
v1_100k,v1,1. Montant fixe,100000,half_day_lag,2015-2026,13,ref_own_subset_fractional_cagr_excess,-0.052004
v1_100k,v1,1. Montant fixe,100000,half_day_lag,2023-07_2026-07,13,ref_own_subset_fractional_cagr_excess,-0.1541
v1_250k,v1,1. Montant fixe,250000,same_close,2000-2026,21,ref_own_subset_fractional_cagr_excess,0.021549
v1_250k,v1,1. Montant fixe,250000,same_close,2010-2026,21,ref_own_subset_fractional_cagr_excess,-0.046185
v1_250k,v1,1. Montant fixe,250000,same_close,2015-2026,21,ref_own_subset_fractional_cagr_excess,-0.053129
v1_250k,v1,1. Montant fixe,250000,same_close,2023-07_2026-07,21,ref_own_subset_fractional_cagr_excess,-0.19388
v1_250k,v1,1. Montant fixe,250000,half_day_lag,2000-2026,21,ref_own_subset_fractional_cagr_excess,0.024711
v1_250k,v1,1. Montant fixe,250000,half_day_lag,2010-2026,21,ref_own_subset_fractional_cagr_excess,-0.043415
v1_250k,v1,1. Montant fixe,250000,half_day_lag,2015-2026,21,ref_own_subset_fractional_cagr_excess,-0.050758
v1_250k,v1,1. Montant fixe,250000,half_day_lag,2023-07_2026-07,21,ref_own_subset_fractional_cagr_excess,-0.19027
v1_1M,v1,1. Montant fixe,1000000,same_close,2000-2026,36,ref_own_subset_fractional_cagr_excess,0.030443
v1_1M,v1,1. Montant fixe,1000000,same_close,2010-2026,36,ref_own_subset_fractional_cagr_excess,-0.035867
v1_1M,v1,1. Montant fixe,1000000,same_close,2015-2026,36,ref_own_subset_fractional_cagr_excess,-0.05924
v1_1M,v1,1. Montant fixe,1000000,same_close,2023-07_2026-07,36,ref_own_subset_fractional_cagr_excess,-0.1474
v1_1M,v1,1. Montant fixe,1000000,half_day_lag,2000-2026,36,ref_own_subset_fractional_cagr_excess,0.033099
v1_1M,v1,1. Montant fixe,1000000,half_day_lag,2010-2026,36,ref_own_subset_fractional_cagr_excess,-0.033417
v1_1M,v1,1. Montant fixe,1000000,half_day_lag,2015-2026,36,ref_own_subset_fractional_cagr_excess,-0.056974
v1_1M,v1,1. Montant fixe,1000000,half_day_lag,2023-07_2026-07,36,ref_own_subset_fractional_cagr_excess,-0.14441
v2_100k,v2,2. Systeme actuel,100000,same_close,2000-2026,13,ref_own_subset_fractional_cagr_excess,0.071909
v2_100k,v2,2. Systeme actuel,100000,same_close,2010-2026,13,ref_own_subset_fractional_cagr_excess,0.032824
v2_100k,v2,2. Systeme actuel,100000,same_close,2015-2026,13,ref_own_subset_fractional_cagr_excess,0.010734
v2_100k,v2,2. Systeme actuel,100000,same_close,2023-07_2026-07,13,ref_own_subset_fractional_cagr_excess,0.010222
v2_100k,v2,2. Systeme actuel,100000,half_day_lag,2000-2026,13,ref_own_subset_fractional_cagr_excess,0.071822
v2_100k,v2,2. Systeme actuel,100000,half_day_lag,2010-2026,13,ref_own_subset_fractional_cagr_excess,0.034073
v2_100k,v2,2. Systeme actuel,100000,half_day_lag,2015-2026,13,ref_own_subset_fractional_cagr_excess,0.011403
v2_100k,v2,2. Systeme actuel,100000,half_day_lag,2023-07_2026-07,13,ref_own_subset_fractional_cagr_excess,0.010186
v2_250k,v2,2. Systeme actuel,250000,same_close,2000-2026,21,ref_own_subset_fractional_cagr_excess,0.094342
v2_250k,v2,2. Systeme actuel,250000,same_close,2010-2026,21,ref_own_subset_fractional_cagr_excess,0.036417
v2_250k,v2,2. Systeme actuel,250000,same_close,2015-2026,21,ref_own_subset_fractional_cagr_excess,0.032183
v2_250k,v2,2. Systeme actuel,250000,same_close,2023-07_2026-07,21,ref_own_subset_fractional_cagr_excess,-0.058308
v2_250k,v2,2. Systeme actuel,250000,half_day_lag,2000-2026,21,ref_own_subset_fractional_cagr_excess,0.093766
v2_250k,v2,2. Systeme actuel,250000,half_day_lag,2010-2026,21,ref_own_subset_fractional_cagr_excess,0.036781
v2_250k,v2,2. Systeme actuel,250000,half_day_lag,2015-2026,21,ref_own_subset_fractional_cagr_excess,0.03268
v2_250k,v2,2. Systeme actuel,250000,half_day_lag,2023-07_2026-07,21,ref_own_subset_fractional_cagr_excess,-0.056934
v2_1M,v2,2. Systeme actuel,1000000,same_close,2000-2026,36,ref_own_subset_fractional_cagr_excess,0.096263
v2_1M,v2,2. Systeme actuel,1000000,same_close,2010-2026,36,ref_own_subset_fractional_cagr_excess,0.031709
v2_1M,v2,2. Systeme actuel,1000000,same_close,2015-2026,36,ref_own_subset_fractional_cagr_excess,0.022361
v2_1M,v2,2. Systeme actuel,1000000,same_close,2023-07_2026-07,36,ref_own_subset_fractional_cagr_excess,-0.0715
v2_1M,v2,2. Systeme actuel,1000000,half_day_lag,2000-2026,36,ref_own_subset_fractional_cagr_excess,0.095647
v2_1M,v2,2. Systeme actuel,1000000,half_day_lag,2010-2026,36,ref_own_subset_fractional_cagr_excess,0.031905
v2_1M,v2,2. Systeme actuel,1000000,half_day_lag,2015-2026,36,ref_own_subset_fractional_cagr_excess,0.022536
v2_1M,v2,2. Systeme actuel,1000000,half_day_lag,2023-07_2026-07,36,ref_own_subset_fractional_cagr_excess,-0.070828
v3_100k,v3,3. + strategie 13,100000,same_close,2000-2026,14,ref_own_subset_fractional_cagr_excess,0.079797
v3_100k,v3,3. + strategie 13,100000,same_close,2010-2026,14,ref_own_subset_fractional_cagr_excess,0.034638
v3_100k,v3,3. + strategie 13,100000,same_close,2015-2026,14,ref_own_subset_fractional_cagr_excess,0.015102
v3_100k,v3,3. + strategie 13,100000,same_close,2023-07_2026-07,14,ref_own_subset_fractional_cagr_excess,0.0098155
v3_100k,v3,3. + strategie 13,100000,half_day_lag,2000-2026,14,ref_own_subset_fractional_cagr_excess,0.077873
v3_100k,v3,3. + strategie 13,100000,half_day_lag,2010-2026,14,ref_own_subset_fractional_cagr_excess,0.033108
v3_100k,v3,3. + strategie 13,100000,half_day_lag,2015-2026,14,ref_own_subset_fractional_cagr_excess,0.01208
v3_100k,v3,3. + strategie 13,100000,half_day_lag,2023-07_2026-07,14,ref_own_subset_fractional_cagr_excess,0.010161
v3_250k,v3,3. + strategie 13,250000,same_close,2000-2026,22,ref_own_subset_fractional_cagr_excess,0.11521
v3_250k,v3,3. + strategie 13,250000,same_close,2010-2026,22,ref_own_subset_fractional_cagr_excess,0.054432
v3_250k,v3,3. + strategie 13,250000,same_close,2015-2026,22,ref_own_subset_fractional_cagr_excess,0.046416
v3_250k,v3,3. + strategie 13,250000,same_close,2023-07_2026-07,22,ref_own_subset_fractional_cagr_excess,-0.058295
v3_250k,v3,3. + strategie 13,250000,half_day_lag,2000-2026,22,ref_own_subset_fractional_cagr_excess,0.11247
v3_250k,v3,3. + strategie 13,250000,half_day_lag,2010-2026,22,ref_own_subset_fractional_cagr_excess,0.05277
v3_250k,v3,3. + strategie 13,250000,half_day_lag,2015-2026,22,ref_own_subset_fractional_cagr_excess,0.044784
v3_250k,v3,3. + strategie 13,250000,half_day_lag,2023-07_2026-07,22,ref_own_subset_fractional_cagr_excess,-0.058583
v3_1M,v3,3. + strategie 13,1000000,same_close,2000-2026,37,ref_own_subset_fractional_cagr_excess,0.11697
v3_1M,v3,3. + strategie 13,1000000,same_close,2010-2026,37,ref_own_subset_fractional_cagr_excess,0.045144
v3_1M,v3,3. + strategie 13,1000000,same_close,2015-2026,37,ref_own_subset_fractional_cagr_excess,0.040036
v3_1M,v3,3. + strategie 13,1000000,same_close,2023-07_2026-07,37,ref_own_subset_fractional_cagr_excess,-0.050821
v3_1M,v3,3. + strategie 13,1000000,half_day_lag,2000-2026,37,ref_own_subset_fractional_cagr_excess,0.11477
v3_1M,v3,3. + strategie 13,1000000,half_day_lag,2010-2026,37,ref_own_subset_fractional_cagr_excess,0.043979
v3_1M,v3,3. + strategie 13,1000000,half_day_lag,2015-2026,37,ref_own_subset_fractional_cagr_excess,0.038827
v3_1M,v3,3. + strategie 13,1000000,half_day_lag,2023-07_2026-07,37,ref_own_subset_fractional_cagr_excess,-0.051132
v4_100k,v4,4. + pilotage du risque,100000,same_close,2000-2026,13,ref_own_subset_fractional_cagr_excess,0.097205
v4_100k,v4,4. + pilotage du risque,100000,same_close,2010-2026,13,ref_own_subset_fractional_cagr_excess,0.060695
v4_100k,v4,4. + pilotage du risque,100000,same_close,2015-2026,13,ref_own_subset_fractional_cagr_excess,0.020848
v4_100k,v4,4. + pilotage du risque,100000,same_close,2023-07_2026-07,13,ref_own_subset_fractional_cagr_excess,0.045099
v4_100k,v4,4. + pilotage du risque,100000,half_day_lag,2000-2026,13,ref_own_subset_fractional_cagr_excess,0.098514
v4_100k,v4,4. + pilotage du risque,100000,half_day_lag,2010-2026,13,ref_own_subset_fractional_cagr_excess,0.063932
v4_100k,v4,4. + pilotage du risque,100000,half_day_lag,2015-2026,13,ref_own_subset_fractional_cagr_excess,0.023166
v4_100k,v4,4. + pilotage du risque,100000,half_day_lag,2023-07_2026-07,13,ref_own_subset_fractional_cagr_excess,0.041762
v4_250k,v4,4. + pilotage du risque,250000,same_close,2000-2026,23,ref_own_subset_fractional_cagr_excess,0.12049
v4_250k,v4,4. + pilotage du risque,250000,same_close,2010-2026,23,ref_own_subset_fractional_cagr_excess,0.06496
v4_250k,v4,4. + pilotage du risque,250000,same_close,2015-2026,23,ref_own_subset_fractional_cagr_excess,0.045696
v4_250k,v4,4. + pilotage du risque,250000,same_close,2023-07_2026-07,23,ref_own_subset_fractional_cagr_excess,-0.081496
v4_250k,v4,4. + pilotage du risque,250000,half_day_lag,2000-2026,23,ref_own_subset_fractional_cagr_excess,0.11993
v4_250k,v4,4. + pilotage du risque,250000,half_day_lag,2010-2026,23,ref_own_subset_fractional_cagr_excess,0.064075
v4_250k,v4,4. + pilotage du risque,250000,half_day_lag,2015-2026,23,ref_own_subset_fractional_cagr_excess,0.043736
v4_250k,v4,4. + pilotage du risque,250000,half_day_lag,2023-07_2026-07,23,ref_own_subset_fractional_cagr_excess,-0.084598
v4_1M,v4,4. + pilotage du risque,1000000,same_close,2000-2026,38,ref_own_subset_fractional_cagr_excess,0.11916
v4_1M,v4,4. + pilotage du risque,1000000,same_close,2010-2026,38,ref_own_subset_fractional_cagr_excess,0.060868
v4_1M,v4,4. + pilotage du risque,1000000,same_close,2015-2026,38,ref_own_subset_fractional_cagr_excess,0.031343
v4_1M,v4,4. + pilotage du risque,1000000,same_close,2023-07_2026-07,38,ref_own_subset_fractional_cagr_excess,-0.060349
v4_1M,v4,4. + pilotage du risque,1000000,half_day_lag,2000-2026,38,ref_own_subset_fractional_cagr_excess,0.1179
v4_1M,v4,4. + pilotage du risque,1000000,half_day_lag,2010-2026,38,ref_own_subset_fractional_cagr_excess,0.058658
v4_1M,v4,4. + pilotage du risque,1000000,half_day_lag,2015-2026,38,ref_own_subset_fractional_cagr_excess,0.029229
v4_1M,v4,4. + pilotage du risque,1000000,half_day_lag,2023-07_2026-07,38,ref_own_subset_fractional_cagr_excess,-0.061282
v5_100k,v5,5. Les deux,100000,same_close,2000-2026,14,ref_own_subset_fractional_cagr_excess,0.10219
v5_100k,v5,5. Les deux,100000,same_close,2010-2026,14,ref_own_subset_fractional_cagr_excess,0.062657
v5_100k,v5,5. Les deux,100000,same_close,2015-2026,14,ref_own_subset_fractional_cagr_excess,0.039988
v5_100k,v5,5. Les deux,100000,same_close,2023-07_2026-07,14,ref_own_subset_fractional_cagr_excess,0.063139
v5_100k,v5,5. Les deux,100000,half_day_lag,2000-2026,14,ref_own_subset_fractional_cagr_excess,0.10033
v5_100k,v5,5. Les deux,100000,half_day_lag,2010-2026,14,ref_own_subset_fractional_cagr_excess,0.06122
v5_100k,v5,5. Les deux,100000,half_day_lag,2015-2026,14,ref_own_subset_fractional_cagr_excess,0.037238
v5_100k,v5,5. Les deux,100000,half_day_lag,2023-07_2026-07,14,ref_own_subset_fractional_cagr_excess,0.063074
v5_250k,v5,5. Les deux,250000,same_close,2000-2026,24,ref_own_subset_fractional_cagr_excess,0.12963
v5_250k,v5,5. Les deux,250000,same_close,2010-2026,24,ref_own_subset_fractional_cagr_excess,0.065693
v5_250k,v5,5. Les deux,250000,same_close,2015-2026,24,ref_own_subset_fractional_cagr_excess,0.039637
v5_250k,v5,5. Les deux,250000,same_close,2023-07_2026-07,24,ref_own_subset_fractional_cagr_excess,-0.090306
v5_250k,v5,5. Les deux,250000,half_day_lag,2000-2026,24,ref_own_subset_fractional_cagr_excess,0.12628
v5_250k,v5,5. Les deux,250000,half_day_lag,2010-2026,24,ref_own_subset_fractional_cagr_excess,0.062371
v5_250k,v5,5. Les deux,250000,half_day_lag,2015-2026,24,ref_own_subset_fractional_cagr_excess,0.035298
v5_250k,v5,5. Les deux,250000,half_day_lag,2023-07_2026-07,24,ref_own_subset_fractional_cagr_excess,-0.091891
v5_1M,v5,5. Les deux,1000000,same_close,2000-2026,40,ref_own_subset_fractional_cagr_excess,0.13735
v5_1M,v5,5. Les deux,1000000,same_close,2010-2026,40,ref_own_subset_fractional_cagr_excess,0.06136
v5_1M,v5,5. Les deux,1000000,same_close,2015-2026,40,ref_own_subset_fractional_cagr_excess,0.046454
v5_1M,v5,5. Les deux,1000000,same_close,2023-07_2026-07,40,ref_own_subset_fractional_cagr_excess,-0.050186
v5_1M,v5,5. Les deux,1000000,half_day_lag,2000-2026,40,ref_own_subset_fractional_cagr_excess,0.13478
v5_1M,v5,5. Les deux,1000000,half_day_lag,2010-2026,40,ref_own_subset_fractional_cagr_excess,0.05867
v5_1M,v5,5. Les deux,1000000,half_day_lag,2015-2026,40,ref_own_subset_fractional_cagr_excess,0.042789
v5_1M,v5,5. Les deux,1000000,half_day_lag,2023-07_2026-07,40,ref_own_subset_fractional_cagr_excess,-0.051455
v1_100k,v1,1. Montant fixe,100000,same_close,2000-2026,13,ref_published84_sharpe,0.32998
v1_100k,v1,1. Montant fixe,100000,same_close,2010-2026,13,ref_published84_sharpe,0.073624
v1_100k,v1,1. Montant fixe,100000,same_close,2015-2026,13,ref_published84_sharpe,-0.014309
v1_100k,v1,1. Montant fixe,100000,same_close,2023-07_2026-07,13,ref_published84_sharpe,-0.41857
v1_100k,v1,1. Montant fixe,100000,half_day_lag,2000-2026,13,ref_published84_sharpe,0.32998
v1_100k,v1,1. Montant fixe,100000,half_day_lag,2010-2026,13,ref_published84_sharpe,0.073624
v1_100k,v1,1. Montant fixe,100000,half_day_lag,2015-2026,13,ref_published84_sharpe,-0.014309
v1_100k,v1,1. Montant fixe,100000,half_day_lag,2023-07_2026-07,13,ref_published84_sharpe,-0.41857
v1_250k,v1,1. Montant fixe,250000,same_close,2000-2026,21,ref_published84_sharpe,0.32998
v1_250k,v1,1. Montant fixe,250000,same_close,2010-2026,21,ref_published84_sharpe,0.073624
v1_250k,v1,1. Montant fixe,250000,same_close,2015-2026,21,ref_published84_sharpe,-0.014309
v1_250k,v1,1. Montant fixe,250000,same_close,2023-07_2026-07,21,ref_published84_sharpe,-0.41857
v1_250k,v1,1. Montant fixe,250000,half_day_lag,2000-2026,21,ref_published84_sharpe,0.32998
v1_250k,v1,1. Montant fixe,250000,half_day_lag,2010-2026,21,ref_published84_sharpe,0.073624
v1_250k,v1,1. Montant fixe,250000,half_day_lag,2015-2026,21,ref_published84_sharpe,-0.014309
v1_250k,v1,1. Montant fixe,250000,half_day_lag,2023-07_2026-07,21,ref_published84_sharpe,-0.41857
v1_1M,v1,1. Montant fixe,1000000,same_close,2000-2026,36,ref_published84_sharpe,0.32998
v1_1M,v1,1. Montant fixe,1000000,same_close,2010-2026,36,ref_published84_sharpe,0.073624
v1_1M,v1,1. Montant fixe,1000000,same_close,2015-2026,36,ref_published84_sharpe,-0.014309
v1_1M,v1,1. Montant fixe,1000000,same_close,2023-07_2026-07,36,ref_published84_sharpe,-0.41857
v1_1M,v1,1. Montant fixe,1000000,half_day_lag,2000-2026,36,ref_published84_sharpe,0.32998
v1_1M,v1,1. Montant fixe,1000000,half_day_lag,2010-2026,36,ref_published84_sharpe,0.073624
v1_1M,v1,1. Montant fixe,1000000,half_day_lag,2015-2026,36,ref_published84_sharpe,-0.014309
v1_1M,v1,1. Montant fixe,1000000,half_day_lag,2023-07_2026-07,36,ref_published84_sharpe,-0.41857
v2_100k,v2,2. Systeme actuel,100000,same_close,2000-2026,13,ref_published84_sharpe,0.65014
v2_100k,v2,2. Systeme actuel,100000,same_close,2010-2026,13,ref_published84_sharpe,0.41643
v2_100k,v2,2. Systeme actuel,100000,same_close,2015-2026,13,ref_published84_sharpe,0.29642
v2_100k,v2,2. Systeme actuel,100000,same_close,2023-07_2026-07,13,ref_published84_sharpe,-0.30075
v2_100k,v2,2. Systeme actuel,100000,half_day_lag,2000-2026,13,ref_published84_sharpe,0.65014
v2_100k,v2,2. Systeme actuel,100000,half_day_lag,2010-2026,13,ref_published84_sharpe,0.41643
v2_100k,v2,2. Systeme actuel,100000,half_day_lag,2015-2026,13,ref_published84_sharpe,0.29642
v2_100k,v2,2. Systeme actuel,100000,half_day_lag,2023-07_2026-07,13,ref_published84_sharpe,-0.30075
v2_250k,v2,2. Systeme actuel,250000,same_close,2000-2026,21,ref_published84_sharpe,0.65014
v2_250k,v2,2. Systeme actuel,250000,same_close,2010-2026,21,ref_published84_sharpe,0.41643
v2_250k,v2,2. Systeme actuel,250000,same_close,2015-2026,21,ref_published84_sharpe,0.29642
v2_250k,v2,2. Systeme actuel,250000,same_close,2023-07_2026-07,21,ref_published84_sharpe,-0.30075
v2_250k,v2,2. Systeme actuel,250000,half_day_lag,2000-2026,21,ref_published84_sharpe,0.65014
v2_250k,v2,2. Systeme actuel,250000,half_day_lag,2010-2026,21,ref_published84_sharpe,0.41643
v2_250k,v2,2. Systeme actuel,250000,half_day_lag,2015-2026,21,ref_published84_sharpe,0.29642
v2_250k,v2,2. Systeme actuel,250000,half_day_lag,2023-07_2026-07,21,ref_published84_sharpe,-0.30075
v2_1M,v2,2. Systeme actuel,1000000,same_close,2000-2026,36,ref_published84_sharpe,0.65014
v2_1M,v2,2. Systeme actuel,1000000,same_close,2010-2026,36,ref_published84_sharpe,0.41643
v2_1M,v2,2. Systeme actuel,1000000,same_close,2015-2026,36,ref_published84_sharpe,0.29642
v2_1M,v2,2. Systeme actuel,1000000,same_close,2023-07_2026-07,36,ref_published84_sharpe,-0.30075
v2_1M,v2,2. Systeme actuel,1000000,half_day_lag,2000-2026,36,ref_published84_sharpe,0.65014
v2_1M,v2,2. Systeme actuel,1000000,half_day_lag,2010-2026,36,ref_published84_sharpe,0.41643
v2_1M,v2,2. Systeme actuel,1000000,half_day_lag,2015-2026,36,ref_published84_sharpe,0.29642
v2_1M,v2,2. Systeme actuel,1000000,half_day_lag,2023-07_2026-07,36,ref_published84_sharpe,-0.30075
v3_100k,v3,3. + strategie 13,100000,same_close,2000-2026,14,ref_published84_sharpe,0.73595
v3_100k,v3,3. + strategie 13,100000,same_close,2010-2026,14,ref_published84_sharpe,0.46193
v3_100k,v3,3. + strategie 13,100000,same_close,2015-2026,14,ref_published84_sharpe,0.35694
v3_100k,v3,3. + strategie 13,100000,same_close,2023-07_2026-07,14,ref_published84_sharpe,-0.39116
v3_100k,v3,3. + strategie 13,100000,half_day_lag,2000-2026,14,ref_published84_sharpe,0.73595
v3_100k,v3,3. + strategie 13,100000,half_day_lag,2010-2026,14,ref_published84_sharpe,0.46193
v3_100k,v3,3. + strategie 13,100000,half_day_lag,2015-2026,14,ref_published84_sharpe,0.35694
v3_100k,v3,3. + strategie 13,100000,half_day_lag,2023-07_2026-07,14,ref_published84_sharpe,-0.39116
v3_250k,v3,3. + strategie 13,250000,same_close,2000-2026,22,ref_published84_sharpe,0.73595
v3_250k,v3,3. + strategie 13,250000,same_close,2010-2026,22,ref_published84_sharpe,0.46193
v3_250k,v3,3. + strategie 13,250000,same_close,2015-2026,22,ref_published84_sharpe,0.35694
v3_250k,v3,3. + strategie 13,250000,same_close,2023-07_2026-07,22,ref_published84_sharpe,-0.39116
v3_250k,v3,3. + strategie 13,250000,half_day_lag,2000-2026,22,ref_published84_sharpe,0.73595
v3_250k,v3,3. + strategie 13,250000,half_day_lag,2010-2026,22,ref_published84_sharpe,0.46193
v3_250k,v3,3. + strategie 13,250000,half_day_lag,2015-2026,22,ref_published84_sharpe,0.35694
v3_250k,v3,3. + strategie 13,250000,half_day_lag,2023-07_2026-07,22,ref_published84_sharpe,-0.39116
v3_1M,v3,3. + strategie 13,1000000,same_close,2000-2026,37,ref_published84_sharpe,0.73595
v3_1M,v3,3. + strategie 13,1000000,same_close,2010-2026,37,ref_published84_sharpe,0.46193
v3_1M,v3,3. + strategie 13,1000000,same_close,2015-2026,37,ref_published84_sharpe,0.35694
v3_1M,v3,3. + strategie 13,1000000,same_close,2023-07_2026-07,37,ref_published84_sharpe,-0.39116
v3_1M,v3,3. + strategie 13,1000000,half_day_lag,2000-2026,37,ref_published84_sharpe,0.73595
v3_1M,v3,3. + strategie 13,1000000,half_day_lag,2010-2026,37,ref_published84_sharpe,0.46193
v3_1M,v3,3. + strategie 13,1000000,half_day_lag,2015-2026,37,ref_published84_sharpe,0.35694
v3_1M,v3,3. + strategie 13,1000000,half_day_lag,2023-07_2026-07,37,ref_published84_sharpe,-0.39116
v4_100k,v4,4. + pilotage du risque,100000,same_close,2000-2026,13,ref_published84_sharpe,0.80805
v4_100k,v4,4. + pilotage du risque,100000,same_close,2010-2026,13,ref_published84_sharpe,0.54122
v4_100k,v4,4. + pilotage du risque,100000,same_close,2015-2026,13,ref_published84_sharpe,0.37201
v4_100k,v4,4. + pilotage du risque,100000,same_close,2023-07_2026-07,13,ref_published84_sharpe,-0.38334
v4_100k,v4,4. + pilotage du risque,100000,half_day_lag,2000-2026,13,ref_published84_sharpe,0.80805
v4_100k,v4,4. + pilotage du risque,100000,half_day_lag,2010-2026,13,ref_published84_sharpe,0.54122
v4_100k,v4,4. + pilotage du risque,100000,half_day_lag,2015-2026,13,ref_published84_sharpe,0.37201
v4_100k,v4,4. + pilotage du risque,100000,half_day_lag,2023-07_2026-07,13,ref_published84_sharpe,-0.38334
v4_250k,v4,4. + pilotage du risque,250000,same_close,2000-2026,23,ref_published84_sharpe,0.80805
v4_250k,v4,4. + pilotage du risque,250000,same_close,2010-2026,23,ref_published84_sharpe,0.54122
v4_250k,v4,4. + pilotage du risque,250000,same_close,2015-2026,23,ref_published84_sharpe,0.37201
v4_250k,v4,4. + pilotage du risque,250000,same_close,2023-07_2026-07,23,ref_published84_sharpe,-0.38334
v4_250k,v4,4. + pilotage du risque,250000,half_day_lag,2000-2026,23,ref_published84_sharpe,0.80805
v4_250k,v4,4. + pilotage du risque,250000,half_day_lag,2010-2026,23,ref_published84_sharpe,0.54122
v4_250k,v4,4. + pilotage du risque,250000,half_day_lag,2015-2026,23,ref_published84_sharpe,0.37201
v4_250k,v4,4. + pilotage du risque,250000,half_day_lag,2023-07_2026-07,23,ref_published84_sharpe,-0.38334
v4_1M,v4,4. + pilotage du risque,1000000,same_close,2000-2026,38,ref_published84_sharpe,0.80805
v4_1M,v4,4. + pilotage du risque,1000000,same_close,2010-2026,38,ref_published84_sharpe,0.54122
v4_1M,v4,4. + pilotage du risque,1000000,same_close,2015-2026,38,ref_published84_sharpe,0.37201
v4_1M,v4,4. + pilotage du risque,1000000,same_close,2023-07_2026-07,38,ref_published84_sharpe,-0.38334
v4_1M,v4,4. + pilotage du risque,1000000,half_day_lag,2000-2026,38,ref_published84_sharpe,0.80805
v4_1M,v4,4. + pilotage du risque,1000000,half_day_lag,2010-2026,38,ref_published84_sharpe,0.54122
v4_1M,v4,4. + pilotage du risque,1000000,half_day_lag,2015-2026,38,ref_published84_sharpe,0.37201
v4_1M,v4,4. + pilotage du risque,1000000,half_day_lag,2023-07_2026-07,38,ref_published84_sharpe,-0.38334
v5_100k,v5,5. Les deux,100000,same_close,2000-2026,14,ref_published84_sharpe,0.84509
v5_100k,v5,5. Les deux,100000,same_close,2010-2026,14,ref_published84_sharpe,0.54109
v5_100k,v5,5. Les deux,100000,same_close,2015-2026,14,ref_published84_sharpe,0.38602
v5_100k,v5,5. Les deux,100000,same_close,2023-07_2026-07,14,ref_published84_sharpe,-0.4169
v5_100k,v5,5. Les deux,100000,half_day_lag,2000-2026,14,ref_published84_sharpe,0.84509
v5_100k,v5,5. Les deux,100000,half_day_lag,2010-2026,14,ref_published84_sharpe,0.54109
v5_100k,v5,5. Les deux,100000,half_day_lag,2015-2026,14,ref_published84_sharpe,0.38602
v5_100k,v5,5. Les deux,100000,half_day_lag,2023-07_2026-07,14,ref_published84_sharpe,-0.4169
v5_250k,v5,5. Les deux,250000,same_close,2000-2026,24,ref_published84_sharpe,0.84509
v5_250k,v5,5. Les deux,250000,same_close,2010-2026,24,ref_published84_sharpe,0.54109
v5_250k,v5,5. Les deux,250000,same_close,2015-2026,24,ref_published84_sharpe,0.38602
v5_250k,v5,5. Les deux,250000,same_close,2023-07_2026-07,24,ref_published84_sharpe,-0.4169
v5_250k,v5,5. Les deux,250000,half_day_lag,2000-2026,24,ref_published84_sharpe,0.84509
v5_250k,v5,5. Les deux,250000,half_day_lag,2010-2026,24,ref_published84_sharpe,0.54109
v5_250k,v5,5. Les deux,250000,half_day_lag,2015-2026,24,ref_published84_sharpe,0.38602
v5_250k,v5,5. Les deux,250000,half_day_lag,2023-07_2026-07,24,ref_published84_sharpe,-0.4169
v5_1M,v5,5. Les deux,1000000,same_close,2000-2026,40,ref_published84_sharpe,0.84509
v5_1M,v5,5. Les deux,1000000,same_close,2010-2026,40,ref_published84_sharpe,0.54109
v5_1M,v5,5. Les deux,1000000,same_close,2015-2026,40,ref_published84_sharpe,0.38602
v5_1M,v5,5. Les deux,1000000,same_close,2023-07_2026-07,40,ref_published84_sharpe,-0.4169
v5_1M,v5,5. Les deux,1000000,half_day_lag,2000-2026,40,ref_published84_sharpe,0.84509
v5_1M,v5,5. Les deux,1000000,half_day_lag,2010-2026,40,ref_published84_sharpe,0.54109
v5_1M,v5,5. Les deux,1000000,half_day_lag,2015-2026,40,ref_published84_sharpe,0.38602
v5_1M,v5,5. Les deux,1000000,half_day_lag,2023-07_2026-07,40,ref_published84_sharpe,-0.4169
v1_100k,v1,1. Montant fixe,100000,same_close,2000-2026,13,ref_published84_cagr_excess,0.05464
v1_100k,v1,1. Montant fixe,100000,same_close,2010-2026,13,ref_published84_cagr_excess,-0.0070253
v1_100k,v1,1. Montant fixe,100000,same_close,2015-2026,13,ref_published84_cagr_excess,-0.026661
v1_100k,v1,1. Montant fixe,100000,same_close,2023-07_2026-07,13,ref_published84_cagr_excess,-0.083689
v1_100k,v1,1. Montant fixe,100000,half_day_lag,2000-2026,13,ref_published84_cagr_excess,0.05464
v1_100k,v1,1. Montant fixe,100000,half_day_lag,2010-2026,13,ref_published84_cagr_excess,-0.0070253
v1_100k,v1,1. Montant fixe,100000,half_day_lag,2015-2026,13,ref_published84_cagr_excess,-0.026661
v1_100k,v1,1. Montant fixe,100000,half_day_lag,2023-07_2026-07,13,ref_published84_cagr_excess,-0.083689
v1_250k,v1,1. Montant fixe,250000,same_close,2000-2026,21,ref_published84_cagr_excess,0.05464
v1_250k,v1,1. Montant fixe,250000,same_close,2010-2026,21,ref_published84_cagr_excess,-0.0070253
v1_250k,v1,1. Montant fixe,250000,same_close,2015-2026,21,ref_published84_cagr_excess,-0.026661
v1_250k,v1,1. Montant fixe,250000,same_close,2023-07_2026-07,21,ref_published84_cagr_excess,-0.083689
v1_250k,v1,1. Montant fixe,250000,half_day_lag,2000-2026,21,ref_published84_cagr_excess,0.05464
v1_250k,v1,1. Montant fixe,250000,half_day_lag,2010-2026,21,ref_published84_cagr_excess,-0.0070253
v1_250k,v1,1. Montant fixe,250000,half_day_lag,2015-2026,21,ref_published84_cagr_excess,-0.026661
v1_250k,v1,1. Montant fixe,250000,half_day_lag,2023-07_2026-07,21,ref_published84_cagr_excess,-0.083689
v1_1M,v1,1. Montant fixe,1000000,same_close,2000-2026,36,ref_published84_cagr_excess,0.05464
v1_1M,v1,1. Montant fixe,1000000,same_close,2010-2026,36,ref_published84_cagr_excess,-0.0070253
v1_1M,v1,1. Montant fixe,1000000,same_close,2015-2026,36,ref_published84_cagr_excess,-0.026661
v1_1M,v1,1. Montant fixe,1000000,same_close,2023-07_2026-07,36,ref_published84_cagr_excess,-0.083689
v1_1M,v1,1. Montant fixe,1000000,half_day_lag,2000-2026,36,ref_published84_cagr_excess,0.05464
v1_1M,v1,1. Montant fixe,1000000,half_day_lag,2010-2026,36,ref_published84_cagr_excess,-0.0070253
v1_1M,v1,1. Montant fixe,1000000,half_day_lag,2015-2026,36,ref_published84_cagr_excess,-0.026661
v1_1M,v1,1. Montant fixe,1000000,half_day_lag,2023-07_2026-07,36,ref_published84_cagr_excess,-0.083689
v2_100k,v2,2. Systeme actuel,100000,same_close,2000-2026,13,ref_published84_cagr_excess,0.10979
v2_100k,v2,2. Systeme actuel,100000,same_close,2010-2026,13,ref_published84_cagr_excess,0.057467
v2_100k,v2,2. Systeme actuel,100000,same_close,2015-2026,13,ref_published84_cagr_excess,0.036473
v2_100k,v2,2. Systeme actuel,100000,same_close,2023-07_2026-07,13,ref_published84_cagr_excess,-0.048597
v2_100k,v2,2. Systeme actuel,100000,half_day_lag,2000-2026,13,ref_published84_cagr_excess,0.10979
v2_100k,v2,2. Systeme actuel,100000,half_day_lag,2010-2026,13,ref_published84_cagr_excess,0.057467
v2_100k,v2,2. Systeme actuel,100000,half_day_lag,2015-2026,13,ref_published84_cagr_excess,0.036473
v2_100k,v2,2. Systeme actuel,100000,half_day_lag,2023-07_2026-07,13,ref_published84_cagr_excess,-0.048597
v2_250k,v2,2. Systeme actuel,250000,same_close,2000-2026,21,ref_published84_cagr_excess,0.10979
v2_250k,v2,2. Systeme actuel,250000,same_close,2010-2026,21,ref_published84_cagr_excess,0.057467
v2_250k,v2,2. Systeme actuel,250000,same_close,2015-2026,21,ref_published84_cagr_excess,0.036473
v2_250k,v2,2. Systeme actuel,250000,same_close,2023-07_2026-07,21,ref_published84_cagr_excess,-0.048597
v2_250k,v2,2. Systeme actuel,250000,half_day_lag,2000-2026,21,ref_published84_cagr_excess,0.10979
v2_250k,v2,2. Systeme actuel,250000,half_day_lag,2010-2026,21,ref_published84_cagr_excess,0.057467
v2_250k,v2,2. Systeme actuel,250000,half_day_lag,2015-2026,21,ref_published84_cagr_excess,0.036473
v2_250k,v2,2. Systeme actuel,250000,half_day_lag,2023-07_2026-07,21,ref_published84_cagr_excess,-0.048597
v2_1M,v2,2. Systeme actuel,1000000,same_close,2000-2026,36,ref_published84_cagr_excess,0.10979
v2_1M,v2,2. Systeme actuel,1000000,same_close,2010-2026,36,ref_published84_cagr_excess,0.057467
v2_1M,v2,2. Systeme actuel,1000000,same_close,2015-2026,36,ref_published84_cagr_excess,0.036473
v2_1M,v2,2. Systeme actuel,1000000,same_close,2023-07_2026-07,36,ref_published84_cagr_excess,-0.048597
v2_1M,v2,2. Systeme actuel,1000000,half_day_lag,2000-2026,36,ref_published84_cagr_excess,0.10979
v2_1M,v2,2. Systeme actuel,1000000,half_day_lag,2010-2026,36,ref_published84_cagr_excess,0.057467
v2_1M,v2,2. Systeme actuel,1000000,half_day_lag,2015-2026,36,ref_published84_cagr_excess,0.036473
v2_1M,v2,2. Systeme actuel,1000000,half_day_lag,2023-07_2026-07,36,ref_published84_cagr_excess,-0.048597
v3_100k,v3,3. + strategie 13,100000,same_close,2000-2026,14,ref_published84_cagr_excess,0.13111
v3_100k,v3,3. + strategie 13,100000,same_close,2010-2026,14,ref_published84_cagr_excess,0.070006
v3_100k,v3,3. + strategie 13,100000,same_close,2015-2026,14,ref_published84_cagr_excess,0.048665
v3_100k,v3,3. + strategie 13,100000,same_close,2023-07_2026-07,14,ref_published84_cagr_excess,-0.061491
v3_100k,v3,3. + strategie 13,100000,half_day_lag,2000-2026,14,ref_published84_cagr_excess,0.13111
v3_100k,v3,3. + strategie 13,100000,half_day_lag,2010-2026,14,ref_published84_cagr_excess,0.070006
v3_100k,v3,3. + strategie 13,100000,half_day_lag,2015-2026,14,ref_published84_cagr_excess,0.048665
v3_100k,v3,3. + strategie 13,100000,half_day_lag,2023-07_2026-07,14,ref_published84_cagr_excess,-0.061491
v3_250k,v3,3. + strategie 13,250000,same_close,2000-2026,22,ref_published84_cagr_excess,0.13111
v3_250k,v3,3. + strategie 13,250000,same_close,2010-2026,22,ref_published84_cagr_excess,0.070006
v3_250k,v3,3. + strategie 13,250000,same_close,2015-2026,22,ref_published84_cagr_excess,0.048665
v3_250k,v3,3. + strategie 13,250000,same_close,2023-07_2026-07,22,ref_published84_cagr_excess,-0.061491
v3_250k,v3,3. + strategie 13,250000,half_day_lag,2000-2026,22,ref_published84_cagr_excess,0.13111
v3_250k,v3,3. + strategie 13,250000,half_day_lag,2010-2026,22,ref_published84_cagr_excess,0.070006
v3_250k,v3,3. + strategie 13,250000,half_day_lag,2015-2026,22,ref_published84_cagr_excess,0.048665
v3_250k,v3,3. + strategie 13,250000,half_day_lag,2023-07_2026-07,22,ref_published84_cagr_excess,-0.061491
v3_1M,v3,3. + strategie 13,1000000,same_close,2000-2026,37,ref_published84_cagr_excess,0.13111
v3_1M,v3,3. + strategie 13,1000000,same_close,2010-2026,37,ref_published84_cagr_excess,0.070006
v3_1M,v3,3. + strategie 13,1000000,same_close,2015-2026,37,ref_published84_cagr_excess,0.048665
v3_1M,v3,3. + strategie 13,1000000,same_close,2023-07_2026-07,37,ref_published84_cagr_excess,-0.061491
v3_1M,v3,3. + strategie 13,1000000,half_day_lag,2000-2026,37,ref_published84_cagr_excess,0.13111
v3_1M,v3,3. + strategie 13,1000000,half_day_lag,2010-2026,37,ref_published84_cagr_excess,0.070006
v3_1M,v3,3. + strategie 13,1000000,half_day_lag,2015-2026,37,ref_published84_cagr_excess,0.048665
v3_1M,v3,3. + strategie 13,1000000,half_day_lag,2023-07_2026-07,37,ref_published84_cagr_excess,-0.061491
v4_100k,v4,4. + pilotage du risque,100000,same_close,2000-2026,13,ref_published84_cagr_excess,0.16392
v4_100k,v4,4. + pilotage du risque,100000,same_close,2010-2026,13,ref_published84_cagr_excess,0.097851
v4_100k,v4,4. + pilotage du risque,100000,same_close,2015-2026,13,ref_published84_cagr_excess,0.059495
v4_100k,v4,4. + pilotage du risque,100000,same_close,2023-07_2026-07,13,ref_published84_cagr_excess,-0.097589
v4_100k,v4,4. + pilotage du risque,100000,half_day_lag,2000-2026,13,ref_published84_cagr_excess,0.16392
v4_100k,v4,4. + pilotage du risque,100000,half_day_lag,2010-2026,13,ref_published84_cagr_excess,0.097851
v4_100k,v4,4. + pilotage du risque,100000,half_day_lag,2015-2026,13,ref_published84_cagr_excess,0.059495
v4_100k,v4,4. + pilotage du risque,100000,half_day_lag,2023-07_2026-07,13,ref_published84_cagr_excess,-0.097589
v4_250k,v4,4. + pilotage du risque,250000,same_close,2000-2026,23,ref_published84_cagr_excess,0.16392
v4_250k,v4,4. + pilotage du risque,250000,same_close,2010-2026,23,ref_published84_cagr_excess,0.097851
v4_250k,v4,4. + pilotage du risque,250000,same_close,2015-2026,23,ref_published84_cagr_excess,0.059495
v4_250k,v4,4. + pilotage du risque,250000,same_close,2023-07_2026-07,23,ref_published84_cagr_excess,-0.097589
v4_250k,v4,4. + pilotage du risque,250000,half_day_lag,2000-2026,23,ref_published84_cagr_excess,0.16392
v4_250k,v4,4. + pilotage du risque,250000,half_day_lag,2010-2026,23,ref_published84_cagr_excess,0.097851
v4_250k,v4,4. + pilotage du risque,250000,half_day_lag,2015-2026,23,ref_published84_cagr_excess,0.059495
v4_250k,v4,4. + pilotage du risque,250000,half_day_lag,2023-07_2026-07,23,ref_published84_cagr_excess,-0.097589
v4_1M,v4,4. + pilotage du risque,1000000,same_close,2000-2026,38,ref_published84_cagr_excess,0.16392
v4_1M,v4,4. + pilotage du risque,1000000,same_close,2010-2026,38,ref_published84_cagr_excess,0.097851
v4_1M,v4,4. + pilotage du risque,1000000,same_close,2015-2026,38,ref_published84_cagr_excess,0.059495
v4_1M,v4,4. + pilotage du risque,1000000,same_close,2023-07_2026-07,38,ref_published84_cagr_excess,-0.097589
v4_1M,v4,4. + pilotage du risque,1000000,half_day_lag,2000-2026,38,ref_published84_cagr_excess,0.16392
v4_1M,v4,4. + pilotage du risque,1000000,half_day_lag,2010-2026,38,ref_published84_cagr_excess,0.097851
v4_1M,v4,4. + pilotage du risque,1000000,half_day_lag,2015-2026,38,ref_published84_cagr_excess,0.059495
v4_1M,v4,4. + pilotage du risque,1000000,half_day_lag,2023-07_2026-07,38,ref_published84_cagr_excess,-0.097589
v5_100k,v5,5. Les deux,100000,same_close,2000-2026,14,ref_published84_cagr_excess,0.1751
v5_100k,v5,5. Les deux,100000,same_close,2010-2026,14,ref_published84_cagr_excess,0.099641
v5_100k,v5,5. Les deux,100000,same_close,2015-2026,14,ref_published84_cagr_excess,0.063117
v5_100k,v5,5. Les deux,100000,same_close,2023-07_2026-07,14,ref_published84_cagr_excess,-0.10415
v5_100k,v5,5. Les deux,100000,half_day_lag,2000-2026,14,ref_published84_cagr_excess,0.1751
v5_100k,v5,5. Les deux,100000,half_day_lag,2010-2026,14,ref_published84_cagr_excess,0.099641
v5_100k,v5,5. Les deux,100000,half_day_lag,2015-2026,14,ref_published84_cagr_excess,0.063117
v5_100k,v5,5. Les deux,100000,half_day_lag,2023-07_2026-07,14,ref_published84_cagr_excess,-0.10415
v5_250k,v5,5. Les deux,250000,same_close,2000-2026,24,ref_published84_cagr_excess,0.1751
v5_250k,v5,5. Les deux,250000,same_close,2010-2026,24,ref_published84_cagr_excess,0.099641
v5_250k,v5,5. Les deux,250000,same_close,2015-2026,24,ref_published84_cagr_excess,0.063117
v5_250k,v5,5. Les deux,250000,same_close,2023-07_2026-07,24,ref_published84_cagr_excess,-0.10415
v5_250k,v5,5. Les deux,250000,half_day_lag,2000-2026,24,ref_published84_cagr_excess,0.1751
v5_250k,v5,5. Les deux,250000,half_day_lag,2010-2026,24,ref_published84_cagr_excess,0.099641
v5_250k,v5,5. Les deux,250000,half_day_lag,2015-2026,24,ref_published84_cagr_excess,0.063117
v5_250k,v5,5. Les deux,250000,half_day_lag,2023-07_2026-07,24,ref_published84_cagr_excess,-0.10415
v5_1M,v5,5. Les deux,1000000,same_close,2000-2026,40,ref_published84_cagr_excess,0.1751
v5_1M,v5,5. Les deux,1000000,same_close,2010-2026,40,ref_published84_cagr_excess,0.099641
v5_1M,v5,5. Les deux,1000000,same_close,2015-2026,40,ref_published84_cagr_excess,0.063117
v5_1M,v5,5. Les deux,1000000,same_close,2023-07_2026-07,40,ref_published84_cagr_excess,-0.10415
v5_1M,v5,5. Les deux,1000000,half_day_lag,2000-2026,40,ref_published84_cagr_excess,0.1751
v5_1M,v5,5. Les deux,1000000,half_day_lag,2010-2026,40,ref_published84_cagr_excess,0.099641
v5_1M,v5,5. Les deux,1000000,half_day_lag,2015-2026,40,ref_published84_cagr_excess,0.063117
v5_1M,v5,5. Les deux,1000000,half_day_lag,2023-07_2026-07,40,ref_published84_cagr_excess,-0.10415
v1_100k,v1,1. Montant fixe,100000,same_close,2000-2026,13,ref_published84_cagr_total_tbill,0.075122
v1_100k,v1,1. Montant fixe,100000,same_close,2010-2026,13,ref_published84_cagr_total_tbill,0.0075509
v1_100k,v1,1. Montant fixe,100000,same_close,2015-2026,13,ref_published84_cagr_total_tbill,-0.0064214
v1_100k,v1,1. Montant fixe,100000,same_close,2023-07_2026-07,13,ref_published84_cagr_total_tbill,-0.041506
v1_100k,v1,1. Montant fixe,100000,half_day_lag,2000-2026,13,ref_published84_cagr_total_tbill,0.075122
v1_100k,v1,1. Montant fixe,100000,half_day_lag,2010-2026,13,ref_published84_cagr_total_tbill,0.0075509
v1_100k,v1,1. Montant fixe,100000,half_day_lag,2015-2026,13,ref_published84_cagr_total_tbill,-0.0064214
v1_100k,v1,1. Montant fixe,100000,half_day_lag,2023-07_2026-07,13,ref_published84_cagr_total_tbill,-0.041506
v1_250k,v1,1. Montant fixe,250000,same_close,2000-2026,21,ref_published84_cagr_total_tbill,0.075122
v1_250k,v1,1. Montant fixe,250000,same_close,2010-2026,21,ref_published84_cagr_total_tbill,0.0075509
v1_250k,v1,1. Montant fixe,250000,same_close,2015-2026,21,ref_published84_cagr_total_tbill,-0.0064214
v1_250k,v1,1. Montant fixe,250000,same_close,2023-07_2026-07,21,ref_published84_cagr_total_tbill,-0.041506
v1_250k,v1,1. Montant fixe,250000,half_day_lag,2000-2026,21,ref_published84_cagr_total_tbill,0.075122
v1_250k,v1,1. Montant fixe,250000,half_day_lag,2010-2026,21,ref_published84_cagr_total_tbill,0.0075509
v1_250k,v1,1. Montant fixe,250000,half_day_lag,2015-2026,21,ref_published84_cagr_total_tbill,-0.0064214
v1_250k,v1,1. Montant fixe,250000,half_day_lag,2023-07_2026-07,21,ref_published84_cagr_total_tbill,-0.041506
v1_1M,v1,1. Montant fixe,1000000,same_close,2000-2026,36,ref_published84_cagr_total_tbill,0.075122
v1_1M,v1,1. Montant fixe,1000000,same_close,2010-2026,36,ref_published84_cagr_total_tbill,0.0075509
v1_1M,v1,1. Montant fixe,1000000,same_close,2015-2026,36,ref_published84_cagr_total_tbill,-0.0064214
v1_1M,v1,1. Montant fixe,1000000,same_close,2023-07_2026-07,36,ref_published84_cagr_total_tbill,-0.041506
v1_1M,v1,1. Montant fixe,1000000,half_day_lag,2000-2026,36,ref_published84_cagr_total_tbill,0.075122
v1_1M,v1,1. Montant fixe,1000000,half_day_lag,2010-2026,36,ref_published84_cagr_total_tbill,0.0075509
v1_1M,v1,1. Montant fixe,1000000,half_day_lag,2015-2026,36,ref_published84_cagr_total_tbill,-0.0064214
v1_1M,v1,1. Montant fixe,1000000,half_day_lag,2023-07_2026-07,36,ref_published84_cagr_total_tbill,-0.041506
v2_100k,v2,2. Systeme actuel,100000,same_close,2000-2026,13,ref_published84_cagr_total_tbill,0.13134
v2_100k,v2,2. Systeme actuel,100000,same_close,2010-2026,13,ref_published84_cagr_total_tbill,0.072987
v2_100k,v2,2. Systeme actuel,100000,same_close,2015-2026,13,ref_published84_cagr_total_tbill,0.05802
v2_100k,v2,2. Systeme actuel,100000,same_close,2023-07_2026-07,13,ref_published84_cagr_total_tbill,-0.0048047
v2_100k,v2,2. Systeme actuel,100000,half_day_lag,2000-2026,13,ref_published84_cagr_total_tbill,0.13134
v2_100k,v2,2. Systeme actuel,100000,half_day_lag,2010-2026,13,ref_published84_cagr_total_tbill,0.072987
v2_100k,v2,2. Systeme actuel,100000,half_day_lag,2015-2026,13,ref_published84_cagr_total_tbill,0.05802
v2_100k,v2,2. Systeme actuel,100000,half_day_lag,2023-07_2026-07,13,ref_published84_cagr_total_tbill,-0.0048047
v2_250k,v2,2. Systeme actuel,250000,same_close,2000-2026,21,ref_published84_cagr_total_tbill,0.13134
v2_250k,v2,2. Systeme actuel,250000,same_close,2010-2026,21,ref_published84_cagr_total_tbill,0.072987
v2_250k,v2,2. Systeme actuel,250000,same_close,2015-2026,21,ref_published84_cagr_total_tbill,0.05802
v2_250k,v2,2. Systeme actuel,250000,same_close,2023-07_2026-07,21,ref_published84_cagr_total_tbill,-0.0048047
v2_250k,v2,2. Systeme actuel,250000,half_day_lag,2000-2026,21,ref_published84_cagr_total_tbill,0.13134
v2_250k,v2,2. Systeme actuel,250000,half_day_lag,2010-2026,21,ref_published84_cagr_total_tbill,0.072987
v2_250k,v2,2. Systeme actuel,250000,half_day_lag,2015-2026,21,ref_published84_cagr_total_tbill,0.05802
v2_250k,v2,2. Systeme actuel,250000,half_day_lag,2023-07_2026-07,21,ref_published84_cagr_total_tbill,-0.0048047
v2_1M,v2,2. Systeme actuel,1000000,same_close,2000-2026,36,ref_published84_cagr_total_tbill,0.13134
v2_1M,v2,2. Systeme actuel,1000000,same_close,2010-2026,36,ref_published84_cagr_total_tbill,0.072987
v2_1M,v2,2. Systeme actuel,1000000,same_close,2015-2026,36,ref_published84_cagr_total_tbill,0.05802
v2_1M,v2,2. Systeme actuel,1000000,same_close,2023-07_2026-07,36,ref_published84_cagr_total_tbill,-0.0048047
v2_1M,v2,2. Systeme actuel,1000000,half_day_lag,2000-2026,36,ref_published84_cagr_total_tbill,0.13134
v2_1M,v2,2. Systeme actuel,1000000,half_day_lag,2010-2026,36,ref_published84_cagr_total_tbill,0.072987
v2_1M,v2,2. Systeme actuel,1000000,half_day_lag,2015-2026,36,ref_published84_cagr_total_tbill,0.05802
v2_1M,v2,2. Systeme actuel,1000000,half_day_lag,2023-07_2026-07,36,ref_published84_cagr_total_tbill,-0.0048047
v3_100k,v3,3. + strategie 13,100000,same_close,2000-2026,14,ref_published84_cagr_total_tbill,0.15307
v3_100k,v3,3. + strategie 13,100000,same_close,2010-2026,14,ref_published84_cagr_total_tbill,0.08571
v3_100k,v3,3. + strategie 13,100000,same_close,2015-2026,14,ref_published84_cagr_total_tbill,0.070466
v3_100k,v3,3. + strategie 13,100000,same_close,2023-07_2026-07,14,ref_published84_cagr_total_tbill,-0.018287
v3_100k,v3,3. + strategie 13,100000,half_day_lag,2000-2026,14,ref_published84_cagr_total_tbill,0.15307
v3_100k,v3,3. + strategie 13,100000,half_day_lag,2010-2026,14,ref_published84_cagr_total_tbill,0.08571
v3_100k,v3,3. + strategie 13,100000,half_day_lag,2015-2026,14,ref_published84_cagr_total_tbill,0.070466
v3_100k,v3,3. + strategie 13,100000,half_day_lag,2023-07_2026-07,14,ref_published84_cagr_total_tbill,-0.018287
v3_250k,v3,3. + strategie 13,250000,same_close,2000-2026,22,ref_published84_cagr_total_tbill,0.15307
v3_250k,v3,3. + strategie 13,250000,same_close,2010-2026,22,ref_published84_cagr_total_tbill,0.08571
v3_250k,v3,3. + strategie 13,250000,same_close,2015-2026,22,ref_published84_cagr_total_tbill,0.070466
v3_250k,v3,3. + strategie 13,250000,same_close,2023-07_2026-07,22,ref_published84_cagr_total_tbill,-0.018287
v3_250k,v3,3. + strategie 13,250000,half_day_lag,2000-2026,22,ref_published84_cagr_total_tbill,0.15307
v3_250k,v3,3. + strategie 13,250000,half_day_lag,2010-2026,22,ref_published84_cagr_total_tbill,0.08571
v3_250k,v3,3. + strategie 13,250000,half_day_lag,2015-2026,22,ref_published84_cagr_total_tbill,0.070466
v3_250k,v3,3. + strategie 13,250000,half_day_lag,2023-07_2026-07,22,ref_published84_cagr_total_tbill,-0.018287
v3_1M,v3,3. + strategie 13,1000000,same_close,2000-2026,37,ref_published84_cagr_total_tbill,0.15307
v3_1M,v3,3. + strategie 13,1000000,same_close,2010-2026,37,ref_published84_cagr_total_tbill,0.08571
v3_1M,v3,3. + strategie 13,1000000,same_close,2015-2026,37,ref_published84_cagr_total_tbill,0.070466
v3_1M,v3,3. + strategie 13,1000000,same_close,2023-07_2026-07,37,ref_published84_cagr_total_tbill,-0.018287
v3_1M,v3,3. + strategie 13,1000000,half_day_lag,2000-2026,37,ref_published84_cagr_total_tbill,0.15307
v3_1M,v3,3. + strategie 13,1000000,half_day_lag,2010-2026,37,ref_published84_cagr_total_tbill,0.08571
v3_1M,v3,3. + strategie 13,1000000,half_day_lag,2015-2026,37,ref_published84_cagr_total_tbill,0.070466
v3_1M,v3,3. + strategie 13,1000000,half_day_lag,2023-07_2026-07,37,ref_published84_cagr_total_tbill,-0.018287
v4_100k,v4,4. + pilotage du risque,100000,same_close,2000-2026,13,ref_published84_cagr_total_tbill,0.18652
v4_100k,v4,4. + pilotage du risque,100000,same_close,2010-2026,13,ref_published84_cagr_total_tbill,0.11397
v4_100k,v4,4. + pilotage du risque,100000,same_close,2015-2026,13,ref_published84_cagr_total_tbill,0.081524
v4_100k,v4,4. + pilotage du risque,100000,same_close,2023-07_2026-07,13,ref_published84_cagr_total_tbill,-0.056043
v4_100k,v4,4. + pilotage du risque,100000,half_day_lag,2000-2026,13,ref_published84_cagr_total_tbill,0.18652
v4_100k,v4,4. + pilotage du risque,100000,half_day_lag,2010-2026,13,ref_published84_cagr_total_tbill,0.11397
v4_100k,v4,4. + pilotage du risque,100000,half_day_lag,2015-2026,13,ref_published84_cagr_total_tbill,0.081524
v4_100k,v4,4. + pilotage du risque,100000,half_day_lag,2023-07_2026-07,13,ref_published84_cagr_total_tbill,-0.056043
v4_250k,v4,4. + pilotage du risque,250000,same_close,2000-2026,23,ref_published84_cagr_total_tbill,0.18652
v4_250k,v4,4. + pilotage du risque,250000,same_close,2010-2026,23,ref_published84_cagr_total_tbill,0.11397
v4_250k,v4,4. + pilotage du risque,250000,same_close,2015-2026,23,ref_published84_cagr_total_tbill,0.081524
v4_250k,v4,4. + pilotage du risque,250000,same_close,2023-07_2026-07,23,ref_published84_cagr_total_tbill,-0.056043
v4_250k,v4,4. + pilotage du risque,250000,half_day_lag,2000-2026,23,ref_published84_cagr_total_tbill,0.18652
v4_250k,v4,4. + pilotage du risque,250000,half_day_lag,2010-2026,23,ref_published84_cagr_total_tbill,0.11397
v4_250k,v4,4. + pilotage du risque,250000,half_day_lag,2015-2026,23,ref_published84_cagr_total_tbill,0.081524
v4_250k,v4,4. + pilotage du risque,250000,half_day_lag,2023-07_2026-07,23,ref_published84_cagr_total_tbill,-0.056043
v4_1M,v4,4. + pilotage du risque,1000000,same_close,2000-2026,38,ref_published84_cagr_total_tbill,0.18652
v4_1M,v4,4. + pilotage du risque,1000000,same_close,2010-2026,38,ref_published84_cagr_total_tbill,0.11397
v4_1M,v4,4. + pilotage du risque,1000000,same_close,2015-2026,38,ref_published84_cagr_total_tbill,0.081524
v4_1M,v4,4. + pilotage du risque,1000000,same_close,2023-07_2026-07,38,ref_published84_cagr_total_tbill,-0.056043
v4_1M,v4,4. + pilotage du risque,1000000,half_day_lag,2000-2026,38,ref_published84_cagr_total_tbill,0.18652
v4_1M,v4,4. + pilotage du risque,1000000,half_day_lag,2010-2026,38,ref_published84_cagr_total_tbill,0.11397
v4_1M,v4,4. + pilotage du risque,1000000,half_day_lag,2015-2026,38,ref_published84_cagr_total_tbill,0.081524
v4_1M,v4,4. + pilotage du risque,1000000,half_day_lag,2023-07_2026-07,38,ref_published84_cagr_total_tbill,-0.056043
v5_100k,v5,5. Les deux,100000,same_close,2000-2026,14,ref_published84_cagr_total_tbill,0.19791
v5_100k,v5,5. Les deux,100000,same_close,2010-2026,14,ref_published84_cagr_total_tbill,0.11578
v5_100k,v5,5. Les deux,100000,same_close,2015-2026,14,ref_published84_cagr_total_tbill,0.085221
v5_100k,v5,5. Les deux,100000,same_close,2023-07_2026-07,14,ref_published84_cagr_total_tbill,-0.0629
v5_100k,v5,5. Les deux,100000,half_day_lag,2000-2026,14,ref_published84_cagr_total_tbill,0.19791
v5_100k,v5,5. Les deux,100000,half_day_lag,2010-2026,14,ref_published84_cagr_total_tbill,0.11578
v5_100k,v5,5. Les deux,100000,half_day_lag,2015-2026,14,ref_published84_cagr_total_tbill,0.085221
v5_100k,v5,5. Les deux,100000,half_day_lag,2023-07_2026-07,14,ref_published84_cagr_total_tbill,-0.0629
v5_250k,v5,5. Les deux,250000,same_close,2000-2026,24,ref_published84_cagr_total_tbill,0.19791
v5_250k,v5,5. Les deux,250000,same_close,2010-2026,24,ref_published84_cagr_total_tbill,0.11578
v5_250k,v5,5. Les deux,250000,same_close,2015-2026,24,ref_published84_cagr_total_tbill,0.085221
v5_250k,v5,5. Les deux,250000,same_close,2023-07_2026-07,24,ref_published84_cagr_total_tbill,-0.0629
v5_250k,v5,5. Les deux,250000,half_day_lag,2000-2026,24,ref_published84_cagr_total_tbill,0.19791
v5_250k,v5,5. Les deux,250000,half_day_lag,2010-2026,24,ref_published84_cagr_total_tbill,0.11578
v5_250k,v5,5. Les deux,250000,half_day_lag,2015-2026,24,ref_published84_cagr_total_tbill,0.085221
v5_250k,v5,5. Les deux,250000,half_day_lag,2023-07_2026-07,24,ref_published84_cagr_total_tbill,-0.0629
v5_1M,v5,5. Les deux,1000000,same_close,2000-2026,40,ref_published84_cagr_total_tbill,0.19791
v5_1M,v5,5. Les deux,1000000,same_close,2010-2026,40,ref_published84_cagr_total_tbill,0.11578
v5_1M,v5,5. Les deux,1000000,same_close,2015-2026,40,ref_published84_cagr_total_tbill,0.085221
v5_1M,v5,5. Les deux,1000000,same_close,2023-07_2026-07,40,ref_published84_cagr_total_tbill,-0.0629
v5_1M,v5,5. Les deux,1000000,half_day_lag,2000-2026,40,ref_published84_cagr_total_tbill,0.19791
v5_1M,v5,5. Les deux,1000000,half_day_lag,2010-2026,40,ref_published84_cagr_total_tbill,0.11578
v5_1M,v5,5. Les deux,1000000,half_day_lag,2015-2026,40,ref_published84_cagr_total_tbill,0.085221
v5_1M,v5,5. Les deux,1000000,half_day_lag,2023-07_2026-07,40,ref_published84_cagr_total_tbill,-0.0629
v1_100k,v1,1. Montant fixe,100000,same_close,2000-2026,13,ref_published84_vol,0.26828
v1_100k,v1,1. Montant fixe,100000,same_close,2010-2026,13,ref_published84_vol,0.21153
v1_100k,v1,1. Montant fixe,100000,same_close,2015-2026,13,ref_published84_vol,0.21592
v1_100k,v1,1. Montant fixe,100000,same_close,2023-07_2026-07,13,ref_published84_vol,0.16962
v1_100k,v1,1. Montant fixe,100000,half_day_lag,2000-2026,13,ref_published84_vol,0.26828
v1_100k,v1,1. Montant fixe,100000,half_day_lag,2010-2026,13,ref_published84_vol,0.21153
v1_100k,v1,1. Montant fixe,100000,half_day_lag,2015-2026,13,ref_published84_vol,0.21592
v1_100k,v1,1. Montant fixe,100000,half_day_lag,2023-07_2026-07,13,ref_published84_vol,0.16962
v1_250k,v1,1. Montant fixe,250000,same_close,2000-2026,21,ref_published84_vol,0.26828
v1_250k,v1,1. Montant fixe,250000,same_close,2010-2026,21,ref_published84_vol,0.21153
v1_250k,v1,1. Montant fixe,250000,same_close,2015-2026,21,ref_published84_vol,0.21592
v1_250k,v1,1. Montant fixe,250000,same_close,2023-07_2026-07,21,ref_published84_vol,0.16962
v1_250k,v1,1. Montant fixe,250000,half_day_lag,2000-2026,21,ref_published84_vol,0.26828
v1_250k,v1,1. Montant fixe,250000,half_day_lag,2010-2026,21,ref_published84_vol,0.21153
v1_250k,v1,1. Montant fixe,250000,half_day_lag,2015-2026,21,ref_published84_vol,0.21592
v1_250k,v1,1. Montant fixe,250000,half_day_lag,2023-07_2026-07,21,ref_published84_vol,0.16962
v1_1M,v1,1. Montant fixe,1000000,same_close,2000-2026,36,ref_published84_vol,0.26828
v1_1M,v1,1. Montant fixe,1000000,same_close,2010-2026,36,ref_published84_vol,0.21153
v1_1M,v1,1. Montant fixe,1000000,same_close,2015-2026,36,ref_published84_vol,0.21592
v1_1M,v1,1. Montant fixe,1000000,same_close,2023-07_2026-07,36,ref_published84_vol,0.16962
v1_1M,v1,1. Montant fixe,1000000,half_day_lag,2000-2026,36,ref_published84_vol,0.26828
v1_1M,v1,1. Montant fixe,1000000,half_day_lag,2010-2026,36,ref_published84_vol,0.21153
v1_1M,v1,1. Montant fixe,1000000,half_day_lag,2015-2026,36,ref_published84_vol,0.21592
v1_1M,v1,1. Montant fixe,1000000,half_day_lag,2023-07_2026-07,36,ref_published84_vol,0.16962
v2_100k,v2,2. Systeme actuel,100000,same_close,2000-2026,13,ref_published84_vol,0.18304
v2_100k,v2,2. Systeme actuel,100000,same_close,2010-2026,13,ref_published84_vol,0.16403
v2_100k,v2,2. Systeme actuel,100000,same_close,2015-2026,13,ref_published84_vol,0.16396
v2_100k,v2,2. Systeme actuel,100000,same_close,2023-07_2026-07,13,ref_published84_vol,0.13269
v2_100k,v2,2. Systeme actuel,100000,half_day_lag,2000-2026,13,ref_published84_vol,0.18304
v2_100k,v2,2. Systeme actuel,100000,half_day_lag,2010-2026,13,ref_published84_vol,0.16403
v2_100k,v2,2. Systeme actuel,100000,half_day_lag,2015-2026,13,ref_published84_vol,0.16396
v2_100k,v2,2. Systeme actuel,100000,half_day_lag,2023-07_2026-07,13,ref_published84_vol,0.13269
v2_250k,v2,2. Systeme actuel,250000,same_close,2000-2026,21,ref_published84_vol,0.18304
v2_250k,v2,2. Systeme actuel,250000,same_close,2010-2026,21,ref_published84_vol,0.16403
v2_250k,v2,2. Systeme actuel,250000,same_close,2015-2026,21,ref_published84_vol,0.16396
v2_250k,v2,2. Systeme actuel,250000,same_close,2023-07_2026-07,21,ref_published84_vol,0.13269
v2_250k,v2,2. Systeme actuel,250000,half_day_lag,2000-2026,21,ref_published84_vol,0.18304
v2_250k,v2,2. Systeme actuel,250000,half_day_lag,2010-2026,21,ref_published84_vol,0.16403
v2_250k,v2,2. Systeme actuel,250000,half_day_lag,2015-2026,21,ref_published84_vol,0.16396
v2_250k,v2,2. Systeme actuel,250000,half_day_lag,2023-07_2026-07,21,ref_published84_vol,0.13269
v2_1M,v2,2. Systeme actuel,1000000,same_close,2000-2026,36,ref_published84_vol,0.18304
v2_1M,v2,2. Systeme actuel,1000000,same_close,2010-2026,36,ref_published84_vol,0.16403
v2_1M,v2,2. Systeme actuel,1000000,same_close,2015-2026,36,ref_published84_vol,0.16396
v2_1M,v2,2. Systeme actuel,1000000,same_close,2023-07_2026-07,36,ref_published84_vol,0.13269
v2_1M,v2,2. Systeme actuel,1000000,half_day_lag,2000-2026,36,ref_published84_vol,0.18304
v2_1M,v2,2. Systeme actuel,1000000,half_day_lag,2010-2026,36,ref_published84_vol,0.16403
v2_1M,v2,2. Systeme actuel,1000000,half_day_lag,2015-2026,36,ref_published84_vol,0.16396
v2_1M,v2,2. Systeme actuel,1000000,half_day_lag,2023-07_2026-07,36,ref_published84_vol,0.13269
v3_100k,v3,3. + strategie 13,100000,same_close,2000-2026,14,ref_published84_vol,0.18844
v3_100k,v3,3. + strategie 13,100000,same_close,2010-2026,14,ref_published84_vol,0.17818
v3_100k,v3,3. + strategie 13,100000,same_close,2015-2026,14,ref_published84_vol,0.17219
v3_100k,v3,3. + strategie 13,100000,same_close,2023-07_2026-07,14,ref_published84_vol,0.13529
v3_100k,v3,3. + strategie 13,100000,half_day_lag,2000-2026,14,ref_published84_vol,0.18844
v3_100k,v3,3. + strategie 13,100000,half_day_lag,2010-2026,14,ref_published84_vol,0.17818
v3_100k,v3,3. + strategie 13,100000,half_day_lag,2015-2026,14,ref_published84_vol,0.17219
v3_100k,v3,3. + strategie 13,100000,half_day_lag,2023-07_2026-07,14,ref_published84_vol,0.13529
v3_250k,v3,3. + strategie 13,250000,same_close,2000-2026,22,ref_published84_vol,0.18844
v3_250k,v3,3. + strategie 13,250000,same_close,2010-2026,22,ref_published84_vol,0.17818
v3_250k,v3,3. + strategie 13,250000,same_close,2015-2026,22,ref_published84_vol,0.17219
v3_250k,v3,3. + strategie 13,250000,same_close,2023-07_2026-07,22,ref_published84_vol,0.13529
v3_250k,v3,3. + strategie 13,250000,half_day_lag,2000-2026,22,ref_published84_vol,0.18844
v3_250k,v3,3. + strategie 13,250000,half_day_lag,2010-2026,22,ref_published84_vol,0.17818
v3_250k,v3,3. + strategie 13,250000,half_day_lag,2015-2026,22,ref_published84_vol,0.17219
v3_250k,v3,3. + strategie 13,250000,half_day_lag,2023-07_2026-07,22,ref_published84_vol,0.13529
v3_1M,v3,3. + strategie 13,1000000,same_close,2000-2026,37,ref_published84_vol,0.18844
v3_1M,v3,3. + strategie 13,1000000,same_close,2010-2026,37,ref_published84_vol,0.17818
v3_1M,v3,3. + strategie 13,1000000,same_close,2015-2026,37,ref_published84_vol,0.17219
v3_1M,v3,3. + strategie 13,1000000,same_close,2023-07_2026-07,37,ref_published84_vol,0.13529
v3_1M,v3,3. + strategie 13,1000000,half_day_lag,2000-2026,37,ref_published84_vol,0.18844
v3_1M,v3,3. + strategie 13,1000000,half_day_lag,2010-2026,37,ref_published84_vol,0.17818
v3_1M,v3,3. + strategie 13,1000000,half_day_lag,2015-2026,37,ref_published84_vol,0.17219
v3_1M,v3,3. + strategie 13,1000000,half_day_lag,2023-07_2026-07,37,ref_published84_vol,0.13529
v4_100k,v4,4. + pilotage du risque,100000,same_close,2000-2026,13,ref_published84_vol,0.21223
v4_100k,v4,4. + pilotage du risque,100000,same_close,2010-2026,13,ref_published84_vol,0.21006
v4_100k,v4,4. + pilotage du risque,100000,same_close,2015-2026,13,ref_published84_vol,0.21409
v4_100k,v4,4. + pilotage du risque,100000,same_close,2023-07_2026-07,13,ref_published84_vol,0.2063
v4_100k,v4,4. + pilotage du risque,100000,half_day_lag,2000-2026,13,ref_published84_vol,0.21223
v4_100k,v4,4. + pilotage du risque,100000,half_day_lag,2010-2026,13,ref_published84_vol,0.21006
v4_100k,v4,4. + pilotage du risque,100000,half_day_lag,2015-2026,13,ref_published84_vol,0.21409
v4_100k,v4,4. + pilotage du risque,100000,half_day_lag,2023-07_2026-07,13,ref_published84_vol,0.2063
v4_250k,v4,4. + pilotage du risque,250000,same_close,2000-2026,23,ref_published84_vol,0.21223
v4_250k,v4,4. + pilotage du risque,250000,same_close,2010-2026,23,ref_published84_vol,0.21006
v4_250k,v4,4. + pilotage du risque,250000,same_close,2015-2026,23,ref_published84_vol,0.21409
v4_250k,v4,4. + pilotage du risque,250000,same_close,2023-07_2026-07,23,ref_published84_vol,0.2063
v4_250k,v4,4. + pilotage du risque,250000,half_day_lag,2000-2026,23,ref_published84_vol,0.21223
v4_250k,v4,4. + pilotage du risque,250000,half_day_lag,2010-2026,23,ref_published84_vol,0.21006
v4_250k,v4,4. + pilotage du risque,250000,half_day_lag,2015-2026,23,ref_published84_vol,0.21409
v4_250k,v4,4. + pilotage du risque,250000,half_day_lag,2023-07_2026-07,23,ref_published84_vol,0.2063
v4_1M,v4,4. + pilotage du risque,1000000,same_close,2000-2026,38,ref_published84_vol,0.21223
v4_1M,v4,4. + pilotage du risque,1000000,same_close,2010-2026,38,ref_published84_vol,0.21006
v4_1M,v4,4. + pilotage du risque,1000000,same_close,2015-2026,38,ref_published84_vol,0.21409
v4_1M,v4,4. + pilotage du risque,1000000,same_close,2023-07_2026-07,38,ref_published84_vol,0.2063
v4_1M,v4,4. + pilotage du risque,1000000,half_day_lag,2000-2026,38,ref_published84_vol,0.21223
v4_1M,v4,4. + pilotage du risque,1000000,half_day_lag,2010-2026,38,ref_published84_vol,0.21006
v4_1M,v4,4. + pilotage du risque,1000000,half_day_lag,2015-2026,38,ref_published84_vol,0.21409
v4_1M,v4,4. + pilotage du risque,1000000,half_day_lag,2023-07_2026-07,38,ref_published84_vol,0.2063
v5_100k,v5,5. Les deux,100000,same_close,2000-2026,14,ref_published84_vol,0.21464
v5_100k,v5,5. Les deux,100000,same_close,2010-2026,14,ref_published84_vol,0.21506
v5_100k,v5,5. Les deux,100000,same_close,2015-2026,14,ref_published84_vol,0.21629
v5_100k,v5,5. Les deux,100000,same_close,2023-07_2026-07,14,ref_published84_vol,0.2067
v5_100k,v5,5. Les deux,100000,half_day_lag,2000-2026,14,ref_published84_vol,0.21464
v5_100k,v5,5. Les deux,100000,half_day_lag,2010-2026,14,ref_published84_vol,0.21506
v5_100k,v5,5. Les deux,100000,half_day_lag,2015-2026,14,ref_published84_vol,0.21629
v5_100k,v5,5. Les deux,100000,half_day_lag,2023-07_2026-07,14,ref_published84_vol,0.2067
v5_250k,v5,5. Les deux,250000,same_close,2000-2026,24,ref_published84_vol,0.21464
v5_250k,v5,5. Les deux,250000,same_close,2010-2026,24,ref_published84_vol,0.21506
v5_250k,v5,5. Les deux,250000,same_close,2015-2026,24,ref_published84_vol,0.21629
v5_250k,v5,5. Les deux,250000,same_close,2023-07_2026-07,24,ref_published84_vol,0.2067
v5_250k,v5,5. Les deux,250000,half_day_lag,2000-2026,24,ref_published84_vol,0.21464
v5_250k,v5,5. Les deux,250000,half_day_lag,2010-2026,24,ref_published84_vol,0.21506
v5_250k,v5,5. Les deux,250000,half_day_lag,2015-2026,24,ref_published84_vol,0.21629
v5_250k,v5,5. Les deux,250000,half_day_lag,2023-07_2026-07,24,ref_published84_vol,0.2067
v5_1M,v5,5. Les deux,1000000,same_close,2000-2026,40,ref_published84_vol,0.21464
v5_1M,v5,5. Les deux,1000000,same_close,2010-2026,40,ref_published84_vol,0.21506
v5_1M,v5,5. Les deux,1000000,same_close,2015-2026,40,ref_published84_vol,0.21629
v5_1M,v5,5. Les deux,1000000,same_close,2023-07_2026-07,40,ref_published84_vol,0.2067
v5_1M,v5,5. Les deux,1000000,half_day_lag,2000-2026,40,ref_published84_vol,0.21464
v5_1M,v5,5. Les deux,1000000,half_day_lag,2010-2026,40,ref_published84_vol,0.21506
v5_1M,v5,5. Les deux,1000000,half_day_lag,2015-2026,40,ref_published84_vol,0.21629
v5_1M,v5,5. Les deux,1000000,half_day_lag,2023-07_2026-07,40,ref_published84_vol,0.2067
v1_100k,v1,1. Montant fixe,100000,same_close,2000-2026,13,corr_vs_own_fractional,0.99913
v1_100k,v1,1. Montant fixe,100000,same_close,2010-2026,13,corr_vs_own_fractional,0.99874
v1_100k,v1,1. Montant fixe,100000,same_close,2015-2026,13,corr_vs_own_fractional,0.99856
v1_100k,v1,1. Montant fixe,100000,same_close,2023-07_2026-07,13,corr_vs_own_fractional,0.99809
v1_100k,v1,1. Montant fixe,100000,half_day_lag,2000-2026,13,corr_vs_own_fractional,0.99899
v1_100k,v1,1. Montant fixe,100000,half_day_lag,2010-2026,13,corr_vs_own_fractional,0.99859
v1_100k,v1,1. Montant fixe,100000,half_day_lag,2015-2026,13,corr_vs_own_fractional,0.99848
v1_100k,v1,1. Montant fixe,100000,half_day_lag,2023-07_2026-07,13,corr_vs_own_fractional,0.99805
v1_250k,v1,1. Montant fixe,250000,same_close,2000-2026,21,corr_vs_own_fractional,0.9995
v1_250k,v1,1. Montant fixe,250000,same_close,2010-2026,21,corr_vs_own_fractional,0.9993
v1_250k,v1,1. Montant fixe,250000,same_close,2015-2026,21,corr_vs_own_fractional,0.99932
v1_250k,v1,1. Montant fixe,250000,same_close,2023-07_2026-07,21,corr_vs_own_fractional,0.99897
v1_250k,v1,1. Montant fixe,250000,half_day_lag,2000-2026,21,corr_vs_own_fractional,0.99929
v1_250k,v1,1. Montant fixe,250000,half_day_lag,2010-2026,21,corr_vs_own_fractional,0.99898
v1_250k,v1,1. Montant fixe,250000,half_day_lag,2015-2026,21,corr_vs_own_fractional,0.999
v1_250k,v1,1. Montant fixe,250000,half_day_lag,2023-07_2026-07,21,corr_vs_own_fractional,0.99857
v1_1M,v1,1. Montant fixe,1000000,same_close,2000-2026,36,corr_vs_own_fractional,0.99964
v1_1M,v1,1. Montant fixe,1000000,same_close,2010-2026,36,corr_vs_own_fractional,0.99944
v1_1M,v1,1. Montant fixe,1000000,same_close,2015-2026,36,corr_vs_own_fractional,0.99948
v1_1M,v1,1. Montant fixe,1000000,same_close,2023-07_2026-07,36,corr_vs_own_fractional,0.9989
v1_1M,v1,1. Montant fixe,1000000,half_day_lag,2000-2026,36,corr_vs_own_fractional,0.99942
v1_1M,v1,1. Montant fixe,1000000,half_day_lag,2010-2026,36,corr_vs_own_fractional,0.99906
v1_1M,v1,1. Montant fixe,1000000,half_day_lag,2015-2026,36,corr_vs_own_fractional,0.99909
v1_1M,v1,1. Montant fixe,1000000,half_day_lag,2023-07_2026-07,36,corr_vs_own_fractional,0.9984
v2_100k,v2,2. Systeme actuel,100000,same_close,2000-2026,13,corr_vs_own_fractional,0.99796
v2_100k,v2,2. Systeme actuel,100000,same_close,2010-2026,13,corr_vs_own_fractional,0.99794
v2_100k,v2,2. Systeme actuel,100000,same_close,2015-2026,13,corr_vs_own_fractional,0.99794
v2_100k,v2,2. Systeme actuel,100000,same_close,2023-07_2026-07,13,corr_vs_own_fractional,0.99807
v2_100k,v2,2. Systeme actuel,100000,half_day_lag,2000-2026,13,corr_vs_own_fractional,0.99766
v2_100k,v2,2. Systeme actuel,100000,half_day_lag,2010-2026,13,corr_vs_own_fractional,0.99743
v2_100k,v2,2. Systeme actuel,100000,half_day_lag,2015-2026,13,corr_vs_own_fractional,0.99726
v2_100k,v2,2. Systeme actuel,100000,half_day_lag,2023-07_2026-07,13,corr_vs_own_fractional,0.99764
v2_250k,v2,2. Systeme actuel,250000,same_close,2000-2026,21,corr_vs_own_fractional,0.99817
v2_250k,v2,2. Systeme actuel,250000,same_close,2010-2026,21,corr_vs_own_fractional,0.99796
v2_250k,v2,2. Systeme actuel,250000,same_close,2015-2026,21,corr_vs_own_fractional,0.99785
v2_250k,v2,2. Systeme actuel,250000,same_close,2023-07_2026-07,21,corr_vs_own_fractional,0.99765
v2_250k,v2,2. Systeme actuel,250000,half_day_lag,2000-2026,21,corr_vs_own_fractional,0.99766
v2_250k,v2,2. Systeme actuel,250000,half_day_lag,2010-2026,21,corr_vs_own_fractional,0.99701
v2_250k,v2,2. Systeme actuel,250000,half_day_lag,2015-2026,21,corr_vs_own_fractional,0.99677
v2_250k,v2,2. Systeme actuel,250000,half_day_lag,2023-07_2026-07,21,corr_vs_own_fractional,0.99719
v2_1M,v2,2. Systeme actuel,1000000,same_close,2000-2026,36,corr_vs_own_fractional,0.99925
v2_1M,v2,2. Systeme actuel,1000000,same_close,2010-2026,36,corr_vs_own_fractional,0.99916
v2_1M,v2,2. Systeme actuel,1000000,same_close,2015-2026,36,corr_vs_own_fractional,0.99919
v2_1M,v2,2. Systeme actuel,1000000,same_close,2023-07_2026-07,36,corr_vs_own_fractional,0.99914
v2_1M,v2,2. Systeme actuel,1000000,half_day_lag,2000-2026,36,corr_vs_own_fractional,0.99877
v2_1M,v2,2. Systeme actuel,1000000,half_day_lag,2010-2026,36,corr_vs_own_fractional,0.99841
v2_1M,v2,2. Systeme actuel,1000000,half_day_lag,2015-2026,36,corr_vs_own_fractional,0.99831
v2_1M,v2,2. Systeme actuel,1000000,half_day_lag,2023-07_2026-07,36,corr_vs_own_fractional,0.99824
v3_100k,v3,3. + strategie 13,100000,same_close,2000-2026,14,corr_vs_own_fractional,0.99791
v3_100k,v3,3. + strategie 13,100000,same_close,2010-2026,14,corr_vs_own_fractional,0.9981
v3_100k,v3,3. + strategie 13,100000,same_close,2015-2026,14,corr_vs_own_fractional,0.99805
v3_100k,v3,3. + strategie 13,100000,same_close,2023-07_2026-07,14,corr_vs_own_fractional,0.99792
v3_100k,v3,3. + strategie 13,100000,half_day_lag,2000-2026,14,corr_vs_own_fractional,0.9972
v3_100k,v3,3. + strategie 13,100000,half_day_lag,2010-2026,14,corr_vs_own_fractional,0.99689
v3_100k,v3,3. + strategie 13,100000,half_day_lag,2015-2026,14,corr_vs_own_fractional,0.99653
v3_100k,v3,3. + strategie 13,100000,half_day_lag,2023-07_2026-07,14,corr_vs_own_fractional,0.99716
v3_250k,v3,3. + strategie 13,250000,same_close,2000-2026,22,corr_vs_own_fractional,0.9982
v3_250k,v3,3. + strategie 13,250000,same_close,2010-2026,22,corr_vs_own_fractional,0.99822
v3_250k,v3,3. + strategie 13,250000,same_close,2015-2026,22,corr_vs_own_fractional,0.99811
v3_250k,v3,3. + strategie 13,250000,same_close,2023-07_2026-07,22,corr_vs_own_fractional,0.99738
v3_250k,v3,3. + strategie 13,250000,half_day_lag,2000-2026,22,corr_vs_own_fractional,0.99775
v3_250k,v3,3. + strategie 13,250000,half_day_lag,2010-2026,22,corr_vs_own_fractional,0.99752
v3_250k,v3,3. + strategie 13,250000,half_day_lag,2015-2026,22,corr_vs_own_fractional,0.99729
v3_250k,v3,3. + strategie 13,250000,half_day_lag,2023-07_2026-07,22,corr_vs_own_fractional,0.99645
v3_1M,v3,3. + strategie 13,1000000,same_close,2000-2026,37,corr_vs_own_fractional,0.99906
v3_1M,v3,3. + strategie 13,1000000,same_close,2010-2026,37,corr_vs_own_fractional,0.99903
v3_1M,v3,3. + strategie 13,1000000,same_close,2015-2026,37,corr_vs_own_fractional,0.99898
v3_1M,v3,3. + strategie 13,1000000,same_close,2023-07_2026-07,37,corr_vs_own_fractional,0.99884
v3_1M,v3,3. + strategie 13,1000000,half_day_lag,2000-2026,37,corr_vs_own_fractional,0.99849
v3_1M,v3,3. + strategie 13,1000000,half_day_lag,2010-2026,37,corr_vs_own_fractional,0.99823
v3_1M,v3,3. + strategie 13,1000000,half_day_lag,2015-2026,37,corr_vs_own_fractional,0.99806
v3_1M,v3,3. + strategie 13,1000000,half_day_lag,2023-07_2026-07,37,corr_vs_own_fractional,0.99797
v4_100k,v4,4. + pilotage du risque,100000,same_close,2000-2026,13,corr_vs_own_fractional,0.99802
v4_100k,v4,4. + pilotage du risque,100000,same_close,2010-2026,13,corr_vs_own_fractional,0.99839
v4_100k,v4,4. + pilotage du risque,100000,same_close,2015-2026,13,corr_vs_own_fractional,0.99836
v4_100k,v4,4. + pilotage du risque,100000,same_close,2023-07_2026-07,13,corr_vs_own_fractional,0.99823
v4_100k,v4,4. + pilotage du risque,100000,half_day_lag,2000-2026,13,corr_vs_own_fractional,0.99723
v4_100k,v4,4. + pilotage du risque,100000,half_day_lag,2010-2026,13,corr_vs_own_fractional,0.99731
v4_100k,v4,4. + pilotage du risque,100000,half_day_lag,2015-2026,13,corr_vs_own_fractional,0.99715
v4_100k,v4,4. + pilotage du risque,100000,half_day_lag,2023-07_2026-07,13,corr_vs_own_fractional,0.99759
v4_250k,v4,4. + pilotage du risque,250000,same_close,2000-2026,23,corr_vs_own_fractional,0.99787
v4_250k,v4,4. + pilotage du risque,250000,same_close,2010-2026,23,corr_vs_own_fractional,0.9982
v4_250k,v4,4. + pilotage du risque,250000,same_close,2015-2026,23,corr_vs_own_fractional,0.99805
v4_250k,v4,4. + pilotage du risque,250000,same_close,2023-07_2026-07,23,corr_vs_own_fractional,0.99803
v4_250k,v4,4. + pilotage du risque,250000,half_day_lag,2000-2026,23,corr_vs_own_fractional,0.99683
v4_250k,v4,4. + pilotage du risque,250000,half_day_lag,2010-2026,23,corr_vs_own_fractional,0.99672
v4_250k,v4,4. + pilotage du risque,250000,half_day_lag,2015-2026,23,corr_vs_own_fractional,0.99641
v4_250k,v4,4. + pilotage du risque,250000,half_day_lag,2023-07_2026-07,23,corr_vs_own_fractional,0.99609
v4_1M,v4,4. + pilotage du risque,1000000,same_close,2000-2026,38,corr_vs_own_fractional,0.9988
v4_1M,v4,4. + pilotage du risque,1000000,same_close,2010-2026,38,corr_vs_own_fractional,0.99884
v4_1M,v4,4. + pilotage du risque,1000000,same_close,2015-2026,38,corr_vs_own_fractional,0.99888
v4_1M,v4,4. + pilotage du risque,1000000,same_close,2023-07_2026-07,38,corr_vs_own_fractional,0.99864
v4_1M,v4,4. + pilotage du risque,1000000,half_day_lag,2000-2026,38,corr_vs_own_fractional,0.99756
v4_1M,v4,4. + pilotage du risque,1000000,half_day_lag,2010-2026,38,corr_vs_own_fractional,0.99717
v4_1M,v4,4. + pilotage du risque,1000000,half_day_lag,2015-2026,38,corr_vs_own_fractional,0.9969
v4_1M,v4,4. + pilotage du risque,1000000,half_day_lag,2023-07_2026-07,38,corr_vs_own_fractional,0.99675
v5_100k,v5,5. Les deux,100000,same_close,2000-2026,14,corr_vs_own_fractional,0.99767
v5_100k,v5,5. Les deux,100000,same_close,2010-2026,14,corr_vs_own_fractional,0.99805
v5_100k,v5,5. Les deux,100000,same_close,2015-2026,14,corr_vs_own_fractional,0.99805
v5_100k,v5,5. Les deux,100000,same_close,2023-07_2026-07,14,corr_vs_own_fractional,0.99796
v5_100k,v5,5. Les deux,100000,half_day_lag,2000-2026,14,corr_vs_own_fractional,0.99669
v5_100k,v5,5. Les deux,100000,half_day_lag,2010-2026,14,corr_vs_own_fractional,0.99678
v5_100k,v5,5. Les deux,100000,half_day_lag,2015-2026,14,corr_vs_own_fractional,0.99662
v5_100k,v5,5. Les deux,100000,half_day_lag,2023-07_2026-07,14,corr_vs_own_fractional,0.99696
v5_250k,v5,5. Les deux,250000,same_close,2000-2026,24,corr_vs_own_fractional,0.99753
v5_250k,v5,5. Les deux,250000,same_close,2010-2026,24,corr_vs_own_fractional,0.99787
v5_250k,v5,5. Les deux,250000,same_close,2015-2026,24,corr_vs_own_fractional,0.99772
v5_250k,v5,5. Les deux,250000,same_close,2023-07_2026-07,24,corr_vs_own_fractional,0.99757
v5_250k,v5,5. Les deux,250000,half_day_lag,2000-2026,24,corr_vs_own_fractional,0.99636
v5_250k,v5,5. Les deux,250000,half_day_lag,2010-2026,24,corr_vs_own_fractional,0.99623
v5_250k,v5,5. Les deux,250000,half_day_lag,2015-2026,24,corr_vs_own_fractional,0.9958
v5_250k,v5,5. Les deux,250000,half_day_lag,2023-07_2026-07,24,corr_vs_own_fractional,0.99622
v5_1M,v5,5. Les deux,1000000,same_close,2000-2026,40,corr_vs_own_fractional,0.99865
v5_1M,v5,5. Les deux,1000000,same_close,2010-2026,40,corr_vs_own_fractional,0.99902
v5_1M,v5,5. Les deux,1000000,same_close,2015-2026,40,corr_vs_own_fractional,0.99896
v5_1M,v5,5. Les deux,1000000,same_close,2023-07_2026-07,40,corr_vs_own_fractional,0.99903
v5_1M,v5,5. Les deux,1000000,half_day_lag,2000-2026,40,corr_vs_own_fractional,0.99734
v5_1M,v5,5. Les deux,1000000,half_day_lag,2010-2026,40,corr_vs_own_fractional,0.9974
v5_1M,v5,5. Les deux,1000000,half_day_lag,2015-2026,40,corr_vs_own_fractional,0.99702
v5_1M,v5,5. Les deux,1000000,half_day_lag,2023-07_2026-07,40,corr_vs_own_fractional,0.99758
v1_100k,v1,1. Montant fixe,100000,same_close,2000-2026,13,cost_total_drag_pct,4.1275
v1_100k,v1,1. Montant fixe,100000,same_close,2010-2026,13,cost_total_drag_pct,3.9048
v1_100k,v1,1. Montant fixe,100000,same_close,2015-2026,13,cost_total_drag_pct,4.2081
v1_100k,v1,1. Montant fixe,100000,same_close,2023-07_2026-07,13,cost_total_drag_pct,5.3016
v1_100k,v1,1. Montant fixe,100000,half_day_lag,2000-2026,13,cost_total_drag_pct,4.1275
v1_100k,v1,1. Montant fixe,100000,half_day_lag,2010-2026,13,cost_total_drag_pct,3.9048
v1_100k,v1,1. Montant fixe,100000,half_day_lag,2015-2026,13,cost_total_drag_pct,4.2078
v1_100k,v1,1. Montant fixe,100000,half_day_lag,2023-07_2026-07,13,cost_total_drag_pct,5.3008
v1_250k,v1,1. Montant fixe,250000,same_close,2000-2026,21,cost_total_drag_pct,3.3527
v1_250k,v1,1. Montant fixe,250000,same_close,2010-2026,21,cost_total_drag_pct,3.1282
v1_250k,v1,1. Montant fixe,250000,same_close,2015-2026,21,cost_total_drag_pct,3.3728
v1_250k,v1,1. Montant fixe,250000,same_close,2023-07_2026-07,21,cost_total_drag_pct,4.1732
v1_250k,v1,1. Montant fixe,250000,half_day_lag,2000-2026,21,cost_total_drag_pct,3.3526
v1_250k,v1,1. Montant fixe,250000,half_day_lag,2010-2026,21,cost_total_drag_pct,3.1281
v1_250k,v1,1. Montant fixe,250000,half_day_lag,2015-2026,21,cost_total_drag_pct,3.3727
v1_250k,v1,1. Montant fixe,250000,half_day_lag,2023-07_2026-07,21,cost_total_drag_pct,4.1726
v1_1M,v1,1. Montant fixe,1000000,same_close,2000-2026,36,cost_total_drag_pct,2.7474
v1_1M,v1,1. Montant fixe,1000000,same_close,2010-2026,36,cost_total_drag_pct,2.5527
v1_1M,v1,1. Montant fixe,1000000,same_close,2015-2026,36,cost_total_drag_pct,2.7676
v1_1M,v1,1. Montant fixe,1000000,same_close,2023-07_2026-07,36,cost_total_drag_pct,3.386
v1_1M,v1,1. Montant fixe,1000000,half_day_lag,2000-2026,36,cost_total_drag_pct,2.7473
v1_1M,v1,1. Montant fixe,1000000,half_day_lag,2010-2026,36,cost_total_drag_pct,2.5525
v1_1M,v1,1. Montant fixe,1000000,half_day_lag,2015-2026,36,cost_total_drag_pct,2.7673
v1_1M,v1,1. Montant fixe,1000000,half_day_lag,2023-07_2026-07,36,cost_total_drag_pct,3.3848
v2_100k,v2,2. Systeme actuel,100000,same_close,2000-2026,13,cost_total_drag_pct,3.2805
v2_100k,v2,2. Systeme actuel,100000,same_close,2010-2026,13,cost_total_drag_pct,3.1808
v2_100k,v2,2. Systeme actuel,100000,same_close,2015-2026,13,cost_total_drag_pct,3.4739
v2_100k,v2,2. Systeme actuel,100000,same_close,2023-07_2026-07,13,cost_total_drag_pct,3.9117
v2_100k,v2,2. Systeme actuel,100000,half_day_lag,2000-2026,13,cost_total_drag_pct,3.2804
v2_100k,v2,2. Systeme actuel,100000,half_day_lag,2010-2026,13,cost_total_drag_pct,3.1805
v2_100k,v2,2. Systeme actuel,100000,half_day_lag,2015-2026,13,cost_total_drag_pct,3.4739
v2_100k,v2,2. Systeme actuel,100000,half_day_lag,2023-07_2026-07,13,cost_total_drag_pct,3.9101
v2_250k,v2,2. Systeme actuel,250000,same_close,2000-2026,21,cost_total_drag_pct,2.6303
v2_250k,v2,2. Systeme actuel,250000,same_close,2010-2026,21,cost_total_drag_pct,2.5244
v2_250k,v2,2. Systeme actuel,250000,same_close,2015-2026,21,cost_total_drag_pct,2.7812
v2_250k,v2,2. Systeme actuel,250000,same_close,2023-07_2026-07,21,cost_total_drag_pct,3.0211
v2_250k,v2,2. Systeme actuel,250000,half_day_lag,2000-2026,21,cost_total_drag_pct,2.6303
v2_250k,v2,2. Systeme actuel,250000,half_day_lag,2010-2026,21,cost_total_drag_pct,2.5245
v2_250k,v2,2. Systeme actuel,250000,half_day_lag,2015-2026,21,cost_total_drag_pct,2.7811
v2_250k,v2,2. Systeme actuel,250000,half_day_lag,2023-07_2026-07,21,cost_total_drag_pct,3.0216
v2_1M,v2,2. Systeme actuel,1000000,same_close,2000-2026,36,cost_total_drag_pct,2.3317
v2_1M,v2,2. Systeme actuel,1000000,same_close,2010-2026,36,cost_total_drag_pct,2.2295
v2_1M,v2,2. Systeme actuel,1000000,same_close,2015-2026,36,cost_total_drag_pct,2.4503
v2_1M,v2,2. Systeme actuel,1000000,same_close,2023-07_2026-07,36,cost_total_drag_pct,2.6928
v2_1M,v2,2. Systeme actuel,1000000,half_day_lag,2000-2026,36,cost_total_drag_pct,2.3318
v2_1M,v2,2. Systeme actuel,1000000,half_day_lag,2010-2026,36,cost_total_drag_pct,2.2294
v2_1M,v2,2. Systeme actuel,1000000,half_day_lag,2015-2026,36,cost_total_drag_pct,2.4502
v2_1M,v2,2. Systeme actuel,1000000,half_day_lag,2023-07_2026-07,36,cost_total_drag_pct,2.6925
v3_100k,v3,3. + strategie 13,100000,same_close,2000-2026,14,cost_total_drag_pct,3.688
v3_100k,v3,3. + strategie 13,100000,same_close,2010-2026,14,cost_total_drag_pct,3.7101
v3_100k,v3,3. + strategie 13,100000,same_close,2015-2026,14,cost_total_drag_pct,3.9792
v3_100k,v3,3. + strategie 13,100000,same_close,2023-07_2026-07,14,cost_total_drag_pct,4.0721
v3_100k,v3,3. + strategie 13,100000,half_day_lag,2000-2026,14,cost_total_drag_pct,3.6879
v3_100k,v3,3. + strategie 13,100000,half_day_lag,2010-2026,14,cost_total_drag_pct,3.7099
v3_100k,v3,3. + strategie 13,100000,half_day_lag,2015-2026,14,cost_total_drag_pct,3.9792
v3_100k,v3,3. + strategie 13,100000,half_day_lag,2023-07_2026-07,14,cost_total_drag_pct,4.0711
v3_250k,v3,3. + strategie 13,250000,same_close,2000-2026,22,cost_total_drag_pct,3.3004
v3_250k,v3,3. + strategie 13,250000,same_close,2010-2026,22,cost_total_drag_pct,3.353
v3_250k,v3,3. + strategie 13,250000,same_close,2015-2026,22,cost_total_drag_pct,3.6301
v3_250k,v3,3. + strategie 13,250000,same_close,2023-07_2026-07,22,cost_total_drag_pct,3.3636
v3_250k,v3,3. + strategie 13,250000,half_day_lag,2000-2026,22,cost_total_drag_pct,3.3004
v3_250k,v3,3. + strategie 13,250000,half_day_lag,2010-2026,22,cost_total_drag_pct,3.3531
v3_250k,v3,3. + strategie 13,250000,half_day_lag,2015-2026,22,cost_total_drag_pct,3.6302
v3_250k,v3,3. + strategie 13,250000,half_day_lag,2023-07_2026-07,22,cost_total_drag_pct,3.3631
v3_1M,v3,3. + strategie 13,1000000,same_close,2000-2026,37,cost_total_drag_pct,2.7294
v3_1M,v3,3. + strategie 13,1000000,same_close,2010-2026,37,cost_total_drag_pct,2.7405
v3_1M,v3,3. + strategie 13,1000000,same_close,2015-2026,37,cost_total_drag_pct,2.9414
v3_1M,v3,3. + strategie 13,1000000,same_close,2023-07_2026-07,37,cost_total_drag_pct,2.9635
v3_1M,v3,3. + strategie 13,1000000,half_day_lag,2000-2026,37,cost_total_drag_pct,2.7293
v3_1M,v3,3. + strategie 13,1000000,half_day_lag,2010-2026,37,cost_total_drag_pct,2.7404
v3_1M,v3,3. + strategie 13,1000000,half_day_lag,2015-2026,37,cost_total_drag_pct,2.9412
v3_1M,v3,3. + strategie 13,1000000,half_day_lag,2023-07_2026-07,37,cost_total_drag_pct,2.963
v4_100k,v4,4. + pilotage du risque,100000,same_close,2000-2026,13,cost_total_drag_pct,3.8922
v4_100k,v4,4. + pilotage du risque,100000,same_close,2010-2026,13,cost_total_drag_pct,4.0023
v4_100k,v4,4. + pilotage du risque,100000,same_close,2015-2026,13,cost_total_drag_pct,4.3172
v4_100k,v4,4. + pilotage du risque,100000,same_close,2023-07_2026-07,13,cost_total_drag_pct,4.3198
v4_100k,v4,4. + pilotage du risque,100000,half_day_lag,2000-2026,13,cost_total_drag_pct,3.8877
v4_100k,v4,4. + pilotage du risque,100000,half_day_lag,2010-2026,13,cost_total_drag_pct,3.9978
v4_100k,v4,4. + pilotage du risque,100000,half_day_lag,2015-2026,13,cost_total_drag_pct,4.3113
v4_100k,v4,4. + pilotage du risque,100000,half_day_lag,2023-07_2026-07,13,cost_total_drag_pct,4.3235
v4_250k,v4,4. + pilotage du risque,250000,same_close,2000-2026,23,cost_total_drag_pct,3.4065
v4_250k,v4,4. + pilotage du risque,250000,same_close,2010-2026,23,cost_total_drag_pct,3.4732
v4_250k,v4,4. + pilotage du risque,250000,same_close,2015-2026,23,cost_total_drag_pct,3.7484
v4_250k,v4,4. + pilotage du risque,250000,same_close,2023-07_2026-07,23,cost_total_drag_pct,3.9464
v4_250k,v4,4. + pilotage du risque,250000,half_day_lag,2000-2026,23,cost_total_drag_pct,3.4031
v4_250k,v4,4. + pilotage du risque,250000,half_day_lag,2010-2026,23,cost_total_drag_pct,3.4728
v4_250k,v4,4. + pilotage du risque,250000,half_day_lag,2015-2026,23,cost_total_drag_pct,3.7474
v4_250k,v4,4. + pilotage du risque,250000,half_day_lag,2023-07_2026-07,23,cost_total_drag_pct,3.943
v4_1M,v4,4. + pilotage du risque,1000000,same_close,2000-2026,38,cost_total_drag_pct,2.9081
v4_1M,v4,4. + pilotage du risque,1000000,same_close,2010-2026,38,cost_total_drag_pct,2.942
v4_1M,v4,4. + pilotage du risque,1000000,same_close,2015-2026,38,cost_total_drag_pct,3.1768
v4_1M,v4,4. + pilotage du risque,1000000,same_close,2023-07_2026-07,38,cost_total_drag_pct,3.5111
v4_1M,v4,4. + pilotage du risque,1000000,half_day_lag,2000-2026,38,cost_total_drag_pct,2.9067
v4_1M,v4,4. + pilotage du risque,1000000,half_day_lag,2010-2026,38,cost_total_drag_pct,2.9404
v4_1M,v4,4. + pilotage du risque,1000000,half_day_lag,2015-2026,38,cost_total_drag_pct,3.1742
v4_1M,v4,4. + pilotage du risque,1000000,half_day_lag,2023-07_2026-07,38,cost_total_drag_pct,3.5036
v5_100k,v5,5. Les deux,100000,same_close,2000-2026,14,cost_total_drag_pct,4.0728
v5_100k,v5,5. Les deux,100000,same_close,2010-2026,14,cost_total_drag_pct,4.2558
v5_100k,v5,5. Les deux,100000,same_close,2015-2026,14,cost_total_drag_pct,4.5266
v5_100k,v5,5. Les deux,100000,same_close,2023-07_2026-07,14,cost_total_drag_pct,4.5181
v5_100k,v5,5. Les deux,100000,half_day_lag,2000-2026,14,cost_total_drag_pct,4.0703
v5_100k,v5,5. Les deux,100000,half_day_lag,2010-2026,14,cost_total_drag_pct,4.2546
v5_100k,v5,5. Les deux,100000,half_day_lag,2015-2026,14,cost_total_drag_pct,4.5263
v5_100k,v5,5. Les deux,100000,half_day_lag,2023-07_2026-07,14,cost_total_drag_pct,4.522
v5_250k,v5,5. Les deux,250000,same_close,2000-2026,24,cost_total_drag_pct,4.0159
v5_250k,v5,5. Les deux,250000,same_close,2010-2026,24,cost_total_drag_pct,4.3219
v5_250k,v5,5. Les deux,250000,same_close,2015-2026,24,cost_total_drag_pct,4.6517
v5_250k,v5,5. Les deux,250000,same_close,2023-07_2026-07,24,cost_total_drag_pct,4.365
v5_250k,v5,5. Les deux,250000,half_day_lag,2000-2026,24,cost_total_drag_pct,4.0141
v5_250k,v5,5. Les deux,250000,half_day_lag,2010-2026,24,cost_total_drag_pct,4.3193
v5_250k,v5,5. Les deux,250000,half_day_lag,2015-2026,24,cost_total_drag_pct,4.6447
v5_250k,v5,5. Les deux,250000,half_day_lag,2023-07_2026-07,24,cost_total_drag_pct,4.3587
v5_1M,v5,5. Les deux,1000000,same_close,2000-2026,40,cost_total_drag_pct,3.262
v5_1M,v5,5. Les deux,1000000,same_close,2010-2026,40,cost_total_drag_pct,3.392
v5_1M,v5,5. Les deux,1000000,same_close,2015-2026,40,cost_total_drag_pct,3.5625
v5_1M,v5,5. Les deux,1000000,same_close,2023-07_2026-07,40,cost_total_drag_pct,3.834
v5_1M,v5,5. Les deux,1000000,half_day_lag,2000-2026,40,cost_total_drag_pct,3.2578
v5_1M,v5,5. Les deux,1000000,half_day_lag,2010-2026,40,cost_total_drag_pct,3.3855
v5_1M,v5,5. Les deux,1000000,half_day_lag,2015-2026,40,cost_total_drag_pct,3.5557
v5_1M,v5,5. Les deux,1000000,half_day_lag,2023-07_2026-07,40,cost_total_drag_pct,3.8305
