,Trend seul (données Carver),Trend + carry,Trend + carry + stratégie 13
1990-01-01,-0.00004078,-0.00004170,-0.00005231
1990-01-02,0.01598944,0.00865238,0.01006937
1990-01-03,0.01354213,0.01024684,0.01141585
1990-01-04,-0.01481915,-0.00972943,-0.01064435
1990-01-05,-0.02269585,-0.01824508,-0.02025062
1990-01-08,-0.01550905,-0.00973070,-0.00748806
1990-01-09,0.00510771,0.00738257,0.00793890
1990-01-10,0.01540666,0.01488239,0.01502786
1990-01-11,0.00542343,0.00828665,0.00816530
1990-01-12,-0.00987310,-0.00120962,-0.00355176
1990-01-15,-0.01353466,-0.00967758,-0.00958095
1990-01-16,0.00337762,0.00729534,0.00729678
1990-01-17,-0.00008144,-0.00178953,0.00090747
1990-01-18,0.00309814,0.00564375,0.00512613
1990-01-19,-0.00636871,-0.00576125,-0.00724833
1990-01-22,-0.00338676,-0.00098381,-0.00013854
1990-01-23,-0.00798497,-0.00922953,-0.00950369
1990-01-24,0.00079568,-0.00031550,-0.00046128
1990-01-25,0.00140008,0.00033547,0.00023786
1990-01-26,0.00431859,0.00100866,-0.00025269
1990-01-29,0.00092626,0.00210376,0.00075491
1990-01-30,0.00321175,0.00432098,0.00510268
1990-01-31,-0.00618791,-0.00178019,-0.00215135
1990-02-01,-0.00063266,-0.00203774,-0.00223131
1990-02-02,0.01246161,0.00972082,0.00966007
1990-02-05,0.00111266,-0.00174418,-0.00026157
1990-02-06,-0.00148471,0.00015988,0.00043491
1990-02-07,-0.00329899,-0.00392012,-0.00410932
1990-02-08,-0.00966462,-0.01391119,-0.01502450
1990-02-09,-0.01165806,-0.00309757,-0.00346309
1990-02-12,0.00881409,0.00601995,0.00514184
1990-02-13,-0.00825460,-0.00521268,-0.00651742
1990-02-14,0.00475629,0.00563120,0.00569560
1990-02-15,0.00842536,0.00345673,0.00437814
1990-02-16,0.00338848,0.00337206,0.00391734
1990-02-19,0.00641086,0.00789519,0.00823403
1990-02-20,0.01602352,0.01368742,0.01672541
1990-02-21,-0.00922223,0.00256159,0.00034445
1990-02-22,0.00353471,0.00051127,0.00066624
1990-02-23,0.00176828,0.00796848,0.00834822
1990-02-26,-0.00374414,0.00008889,0.00197405
1990-02-27,-0.00746740,-0.00608236,-0.00646785
1990-02-28,0.00402781,-0.00321532,-0.00310439
1990-03-01,-0.00169591,-0.00011207,0.00035366
1990-03-02,0.00367117,0.00023784,-0.00011200
1990-03-05,0.01575107,0.01457616,0.01667325
1990-03-06,-0.00333820,-0.00334739,-0.00422062
1990-03-07,-0.00584505,-0.00624302,-0.00606631
1990-03-08,-0.00555531,-0.00685498,-0.00664529
1990-03-09,0.00930881,0.00892423,0.00963143
1990-03-12,-0.00370272,-0.00157839,-0.00157127
1990-03-13,0.00649237,0.00789375,0.00980403
1990-03-14,-0.01019718,-0.01236033,-0.01479794
1990-03-15,0.00444711,-0.00010548,0.00002285
1990-03-16,-0.00727250,-0.00729543,-0.00838681
1990-03-19,0.00459681,0.00603440,0.00713967
1990-03-20,0.00391012,0.00225335,0.00243293
1990-03-21,0.00780190,0.00387397,0.00328792
1990-03-22,-0.00222932,-0.00230224,-0.00311779
1990-03-23,0.00037592,-0.00054734,0.00046650
1990-03-26,0.00843622,0.00888421,0.01436444
1990-03-27,0.00836158,0.01155610,0.01206629
1990-03-28,0.00500800,0.00564034,0.00634899
1990-03-29,-0.00301341,0.00092037,0.00170421
1990-03-30,0.00848470,0.01129903,0.01253001
1990-04-02,0.00401587,0.01055033,0.01131404
1990-04-03,-0.00574815,-0.01074177,-0.01245567
1990-04-04,-0.01652929,-0.01653929,-0.02056926
1990-04-05,-0.00501023,-0.00748692,-0.00703909
1990-04-06,0.00471147,0.00888318,0.00902134
1990-04-09,0.00734222,0.00602568,0.00757302
1990-04-10,0.00746042,0.01010272,0.01122100
1990-04-11,0.00019507,-0.00035033,-0.00106434
1990-04-12,0.00470682,0.00181779,0.00221167
1990-04-13,-0.00003749,-0.00004206,-0.00004855
1990-04-16,-0.00131273,-0.00412500,-0.00477068
1990-04-17,0.01044916,0.01009642,0.01275127
1990-04-18,0.00836555,0.00817679,0.01179411
1990-04-19,-0.00235910,0.00287973,0.00230384
1990-04-20,0.00380071,-0.00231148,-0.00010071
1990-04-23,0.00173290,0.00346605,0.00327919
1990-04-24,0.00660000,0.01161817,0.01444632
1990-04-25,0.02353042,0.02600345,0.03365334
1990-04-26,0.00752838,-0.00134709,-0.00093362
1990-04-27,0.00865785,0.01011550,0.01230355
1990-04-30,0.00059250,0.00448638,0.00507804
1990-05-01,-0.01158891,-0.01039829,-0.01390933
1990-05-02,-0.00282312,-0.00552408,-0.00491425
1990-05-03,-0.01170000,-0.01408765,-0.01497469
1990-05-04,-0.03620518,-0.02576640,-0.02893707
1990-05-07,0.00699267,0.00335654,0.00540961
1990-05-08,-0.00680576,0.00128037,0.00140657
1990-05-09,0.01288402,0.01082346,0.01270761
1990-05-10,-0.00681536,-0.00623011,-0.00823105
1990-05-11,-0.02797074,-0.02714394,-0.03024785
1990-05-14,-0.00635979,-0.00187069,-0.00449808
1990-05-15,-0.00297508,-0.00004777,-0.00062734
1990-05-16,0.00257087,0.00188798,0.00188348
1990-05-17,-0.01061465,-0.01332597,-0.01312045
1990-05-18,-0.01217698,-0.01550161,-0.01849016
1990-05-21,-0.00205928,-0.00397050,-0.00206698
1990-05-22,-0.01026787,-0.01594996,-0.01966311
1990-05-23,0.00794882,0.00995363,0.00998785
1990-05-24,-0.00125136,-0.00214966,-0.00343118
1990-05-25,0.00064854,0.00413069,0.00476093
1990-05-28,-0.00000353,-0.00006803,-0.00006237
1990-05-29,0.00459883,0.00909404,0.01047284
1990-05-30,0.00282904,0.00418535,0.00656463
1990-05-31,-0.00396693,-0.01068090,-0.01033904
1990-06-01,-0.00193352,-0.00087317,0.00242045
1990-06-04,0.00123208,-0.00390232,-0.00252705
1990-06-05,0.00518096,-0.00081925,-0.00068457
1990-06-06,0.00238536,0.00788248,0.00918152
1990-06-07,0.00539104,0.00566790,0.00683115
1990-06-08,-0.00846741,-0.00846580,-0.00841869
1990-06-11,0.00691543,0.00769210,0.00926743
1990-06-12,-0.00248132,-0.00150632,-0.00182668
1990-06-13,0.00841094,0.01128084,0.01390418
1990-06-14,0.00782426,0.01145475,0.01471293
1990-06-15,-0.00643408,0.00018074,-0.00111334
1990-06-18,0.00275176,0.00440030,0.00377873
1990-06-19,0.00679735,0.00605778,0.00783978
1990-06-20,-0.00415390,-0.00566596,-0.00634269
1990-06-21,0.00404072,0.00442965,0.00493000
1990-06-22,-0.00492416,0.00023834,-0.00058023
1990-06-25,-0.00550557,-0.00480822,-0.00565492
1990-06-26,0.01291457,0.00997910,0.01256082
1990-06-27,0.00170300,-0.00080950,0.00009522
1990-06-28,-0.00782085,-0.00605869,-0.00800052
1990-06-29,-0.00268183,-0.00421918,-0.00429394
1990-07-02,0.01024878,0.00598629,0.00769655
1990-07-03,-0.00079324,-0.00184286,-0.00182106
1990-07-04,0.00014927,-0.00017121,0.00000416
1990-07-05,-0.00273911,0.00482891,0.00482275
1990-07-06,0.00190460,0.00112047,0.00200818
1990-07-09,0.01309820,0.01633794,0.01682864
1990-07-10,0.00506572,0.00740165,0.00728361
1990-07-11,-0.00833686,-0.01313925,-0.01291430
1990-07-12,-0.00060946,-0.00199950,-0.00323914
1990-07-13,-0.01343429,-0.02343865,-0.02374221
1990-07-16,0.00078846,0.00075547,0.00268984
1990-07-17,0.01255387,0.02092897,0.02207699
1990-07-18,-0.00066172,-0.01004950,-0.01034787
1990-07-19,0.00283920,0.00491302,0.00494270
1990-07-20,-0.00104563,0.00216072,0.00263519
1990-07-23,-0.00542616,0.00064285,-0.00144885
1990-07-24,0.00489905,0.00650877,0.00827750
1990-07-25,0.00042533,-0.00258810,-0.00343681
1990-07-26,0.00127487,0.00748842,0.00817288
1990-07-27,0.00827044,0.01379254,0.01457457
1990-07-30,0.00284997,0.01060815,0.01076347
1990-07-31,0.01265501,0.00966416,0.00946384
1990-08-01,0.01151441,0.00719809,0.00874729
1990-08-02,0.00960647,0.01118733,0.01086490
1990-08-03,0.01432582,0.02105215,0.02118307
1990-08-06,-0.00227936,0.02317170,0.01490795
1990-08-07,0.02090889,0.02086781,0.02265451
1990-08-08,-0.01185888,-0.00905217,-0.00882686
1990-08-09,-0.00717113,-0.00567227,-0.00649073
1990-08-10,0.00906229,0.00105938,-0.00162975
1990-08-13,0.01477697,0.01881635,0.01881361
1990-08-14,0.00268642,-0.00149397,-0.00478348
1990-08-15,-0.00149516,-0.00232349,-0.00106591
1990-08-16,0.01319144,0.01025899,0.00911315
1990-08-17,0.02745601,0.03001206,0.02809111
1990-08-20,0.01384111,0.01381207,0.01387930
1990-08-21,0.02415685,0.02936695,0.02840371
1990-08-22,0.04300664,0.03714568,0.03627551
1990-08-23,0.04431909,0.04290128,0.04158285
1990-08-24,-0.03933877,-0.04186416,-0.04040999
1990-08-27,-0.02948791,-0.01056639,-0.00865951
1990-08-28,-0.03001810,-0.02953537,-0.02614041
1990-08-29,-0.01831297,-0.01140482,-0.00946411
1990-08-30,-0.00042588,-0.00364432,-0.00451118
1990-08-31,-0.01478713,-0.01458379,-0.01307629
1990-09-03,0.00705716,0.00740652,0.00575060
1990-09-04,0.00873650,0.00529022,0.00380748
1990-09-05,0.02014626,0.02202159,0.02090678
1990-09-06,0.01608144,0.01431075,0.01112963
1990-09-07,-0.01445744,-0.01424839,-0.01189227
1990-09-10,-0.00031683,-0.00298740,-0.00179562
1990-09-11,-0.00867212,-0.00610505,-0.00488134
1990-09-12,0.00505629,0.00285692,0.00315785
1990-09-13,0.02131341,0.02266832,0.02063953
1990-09-14,0.01306325,0.01355679,0.01238521
1990-09-17,0.01720435,0.02013583,0.01869535
1990-09-18,-0.00203559,-0.00229021,-0.00377385
1990-09-19,0.00465619,0.00549612,0.00431446
1990-09-20,0.01700436,0.01630045,0.01412115
1990-09-21,0.01712991,0.01441840,0.01437057
1990-09-24,0.02962274,0.02773265,0.02124667
1990-09-25,-0.00332683,-0.00478203,-0.00421242
1990-09-26,0.01536253,0.01344698,0.01256955
1990-09-27,0.01164518,0.01513175,0.01207193
1990-09-28,-0.00525855,-0.00168609,-0.00395001
1990-10-01,-0.02118588,-0.01250963,-0.00936915
1990-10-02,-0.04137163,-0.03891851,-0.03814393
1990-10-03,0.01451030,0.01304067,0.01360998
1990-10-04,0.00342091,0.00403574,0.00318533
1990-10-05,-0.00060892,-0.00415373,-0.00540295
1990-10-08,0.00363456,0.00308429,0.00456548
1990-10-09,0.02471872,0.02357405,0.02154584
1990-10-10,-0.00094654,0.00205268,0.00565935
1990-10-11,0.03042960,0.02812070,0.02933012
1990-10-12,-0.00581007,-0.00598254,-0.00616398
1990-10-15,-0.00414040,-0.00429098,0.00020273
1990-10-16,0.01948430,0.01959743,0.01750329
1990-10-17,-0.02573426,-0.02731692,-0.02748342
1990-10-18,-0.01344451,-0.01032006,-0.00849960
1990-10-19,-0.04448119,-0.03740337,-0.03586134
1990-10-22,-0.03948187,-0.04032145,-0.03629311
1990-10-23,-0.01398968,-0.01106834,-0.01041746
1990-10-24,0.02030887,0.02422248,0.02096716
1990-10-25,0.01455120,0.02093707,0.01861322
1990-10-26,0.01352013,0.01335653,0.01328539
1990-10-29,-0.00221425,-0.00027750,-0.00196977
1990-10-30,-0.00965043,-0.00823442,-0.00943089
1990-10-31,0.00087356,0.00298925,0.00413128
1990-11-01,-0.00090891,0.00238655,0.00199913
1990-11-02,0.00880724,0.00588182,0.00803140
1990-11-05,-0.00421722,-0.00421675,-0.00159223
1990-11-06,-0.00761222,-0.00558981,-0.00587443
1990-11-07,0.01096281,0.01236928,0.00889533
1990-11-08,0.00252063,0.00287755,0.00123812
1990-11-09,0.00178432,0.00286761,0.00698975
1990-11-12,-0.00540699,-0.00756209,-0.00373564
1990-11-13,-0.00228437,-0.00191469,-0.00224841
1990-11-14,0.00962517,0.00975364,0.01151982
1990-11-15,-0.00238838,-0.00413711,-0.00341469
1990-11-16,-0.00786650,-0.01255705,-0.01074251
1990-11-19,0.00010859,0.00071919,-0.00082116
1990-11-20,0.00231178,0.00048725,0.00305988
1990-11-21,0.00789107,0.00627482,0.00644597
1990-11-22,0.00074480,0.00155831,0.00137629
1990-11-23,-0.00903121,-0.00635683,-0.00767166
1990-11-26,0.00596606,0.00962358,0.00997957
1990-11-27,0.00076390,0.00160206,0.00094565
1990-11-28,-0.01173624,-0.01008733,-0.01064479
1990-11-29,-0.01304406,-0.01278111,-0.01244242
1990-11-30,0.00003849,-0.00695523,-0.00419791
1990-12-03,-0.01488632,-0.01970344,-0.01803259
1990-12-04,0.00676964,0.01174927,0.01164975
1990-12-05,-0.00484560,-0.01236414,-0.01003843
1990-12-06,-0.00063827,-0.00483664,-0.00412990
1990-12-07,0.03055385,0.03386465,0.03964356
1990-12-10,0.00090597,0.00306809,0.00367965
1990-12-11,-0.00000597,-0.00526709,-0.00482670
1990-12-12,0.00653743,0.00073829,0.00176922
1990-12-13,0.00055052,0.00290976,0.00226430
1990-12-14,-0.00479213,-0.00109942,-0.00192812
1990-12-17,-0.00004806,0.00155207,0.00137838
1990-12-18,0.00819425,0.01332717,0.01496525
1990-12-19,-0.01132042,-0.01063342,-0.01171375
1990-12-20,-0.02043459,-0.01928346,-0.02155217
1990-12-21,0.00560619,0.00495807,0.00582534
1990-12-24,-0.01597710,-0.01025759,-0.01260059
1990-12-25,-0.00004810,-0.00004789,-0.00005775
1990-12-26,0.00580772,0.00748261,0.00887755
1990-12-27,0.01074175,0.00920317,0.01058252
1990-12-28,0.00129527,0.00552589,0.00438208
1990-12-31,0.00482950,0.01076785,0.01196085
1991-01-01,-0.00004207,-0.00004591,-0.00005120
1991-01-02,0.01650518,0.00905939,0.01205196
1991-01-03,0.00419885,-0.00245109,-0.00109493
1991-01-04,-0.00985044,-0.01399785,-0.01581347
1991-01-07,-0.02652290,-0.01038962,-0.01257587
1991-01-08,0.00955891,0.00920478,0.01031518
1991-01-09,-0.00815701,-0.00803125,-0.00976905
1991-01-10,-0.00218736,-0.00167812,-0.00123946
1991-01-11,-0.00104823,-0.00221731,-0.00260206
1991-01-14,-0.00294284,0.01283369,0.01247781
1991-01-15,-0.00053938,0.00208476,0.00197214
1991-01-16,-0.00748969,-0.00265161,-0.00326368
1991-01-17,-0.01426692,-0.03151693,-0.03102107
1991-01-18,0.00576700,0.00320176,0.00416339
1991-01-21,0.00461538,0.00635606,0.00704964
1991-01-22,-0.00452370,-0.00292716,-0.00329736
1991-01-23,0.00955974,0.01161125,0.01302506
1991-01-24,0.01402241,0.01234240,0.01406712
1991-01-25,-0.01372560,-0.01473929,-0.01598172
1991-01-28,0.00731213,0.00804701,0.01008470
1991-01-29,0.00037174,0.00395505,0.00427785
1991-01-30,0.00865329,0.00522222,0.00571742
1991-01-31,-0.00360062,-0.00431305,-0.00529160
1991-02-01,0.00626908,0.00826497,0.00908217
1991-02-04,0.00366059,0.00176051,0.00214383
1991-02-05,0.01595284,0.01389597,0.01567693
1991-02-06,0.01200238,0.01384161,0.01541520
1991-02-07,-0.01178424,-0.01484760,-0.01665359
1991-02-08,-0.00004876,0.00038702,0.00135179
1991-02-11,0.01769142,0.01664975,0.01834269
1991-02-12,-0.00095613,-0.00027003,0.00037189
1991-02-13,-0.00497606,-0.00883999,-0.00900035
1991-02-14,-0.00886219,-0.01002448,-0.01111860
1991-02-15,0.00608079,0.00048121,0.00043745
1991-02-18,0.00481745,0.00056524,0.00093820
1991-02-19,-0.00118182,-0.00006311,-0.00087003
1991-02-20,-0.00741896,-0.00133098,-0.00173736
1991-02-21,0.01320227,0.01109181,0.01121217
1991-02-22,0.00449806,0.00102760,0.00004633
1991-02-25,-0.00539419,-0.00641077,-0.00610208
1991-02-26,-0.02045649,-0.01468583,-0.01718767
1991-02-27,-0.00692590,-0.00462065,-0.00568360
1991-02-28,-0.02078865,-0.02044585,-0.02254290
1991-03-01,-0.01570082,-0.01875376,-0.02322398
1991-03-04,-0.01342763,-0.00883304,-0.01010484
1991-03-05,0.01273451,0.00390958,0.00578525
1991-03-06,-0.00285804,-0.00957584,-0.01000834
1991-03-07,-0.00252494,-0.00240529,-0.00205449
1991-03-08,-0.00908379,-0.01620504,-0.01770571
1991-03-11,0.00917686,0.01411540,0.01542843
1991-03-12,-0.00438038,0.00236520,0.00200631
1991-03-13,-0.00667468,-0.00025562,-0.00099314
1991-03-14,0.00677290,0.00412001,0.00475189
1991-03-15,0.00675161,-0.00355670,-0.00444539
1991-03-18,0.00426526,0.00130161,0.00105182
1991-03-19,-0.01385206,-0.00765903,-0.00934438
1991-03-20,-0.00249051,0.00346341,0.00385415
1991-03-21,0.00126386,0.00476835,0.00574508
1991-03-22,0.00320197,0.00190221,0.00166564
1991-03-25,0.00458505,-0.00041575,-0.00088122
1991-03-26,0.00429603,0.00674583,0.00758339
1991-03-27,0.00956899,0.00481079,0.00598494
1991-03-28,-0.00261491,-0.00025558,0.00004929
1991-03-29,-0.00003005,-0.00003455,-0.00004673
1991-04-01,-0.01586117,-0.02298988,-0.02503489
1991-04-02,0.01140110,0.01173659,0.01377424
1991-04-03,0.00503220,0.00045733,0.00076931
1991-04-04,-0.00106746,0.00736542,0.00850049
1991-04-05,0.00709440,0.00636954,0.00680764
1991-04-08,-0.00340061,0.00383476,0.00323915
1991-04-09,-0.01820416,-0.01335621,-0.01579507
1991-04-10,0.00637590,0.00872869,0.00813892
1991-04-11,-0.00493033,-0.00833564,-0.00838315
1991-04-12,0.01056504,0.01760431,0.02082401
1991-04-15,-0.00281717,0.00719503,0.00723548
1991-04-16,-0.00206455,-0.00394614,-0.00469272
1991-04-17,0.00510335,0.00295410,0.00349439
1991-04-18,0.00439970,-0.00028820,-0.00096533
1991-04-19,-0.00590391,-0.00637022,-0.00882468
1991-04-22,-0.01105236,-0.00539597,-0.00782958
1991-04-23,0.00011116,-0.00408796,-0.00202750
1991-04-24,0.00552127,0.00877142,0.00983702
1991-04-25,0.00461732,0.00871536,0.01006805
1991-04-26,0.00333885,0.00737287,0.00745138
1991-04-29,0.00299170,0.00727103,0.00893570
1991-04-30,-0.01230378,-0.01186915,-0.01278846
1991-05-01,0.01249366,0.01036600,0.01194715
1991-05-02,0.00681553,0.00610827,0.00844377
1991-05-03,0.00628166,0.00731198,0.00687726
1991-05-06,-0.00677618,-0.00354685,-0.00457771
1991-05-07,-0.00426795,-0.00460458,-0.00377182
1991-05-08,0.00475540,0.00825841,0.00883674
1991-05-09,0.00613198,0.00400031,0.00522757
1991-05-10,-0.01058283,-0.01288152,-0.01701959
1991-05-13,-0.00086340,0.00475414,0.00359738
1991-05-14,-0.01111517,-0.00925561,-0.01160870
1991-05-15,0.00172430,0.00544189,0.00638691
1991-05-16,0.00870878,0.00659976,0.00863226
1991-05-17,0.00853536,0.01008960,0.01091536
1991-05-20,-0.00040903,-0.00226245,-0.00245882
1991-05-21,-0.00839181,-0.00809615,-0.01064538
1991-05-22,-0.00573509,-0.00962720,-0.01191974
1991-05-23,-0.00377310,-0.00337518,-0.00446596
1991-05-24,-0.00248802,0.00163357,0.00043839
1991-05-27,-0.00502802,-0.00229433,-0.00404657
1991-05-28,0.00237568,0.00173892,0.00077954
1991-05-29,0.00741302,0.00672343,0.00709473
1991-05-30,0.00438583,0.00334583,0.00720022
1991-05-31,0.00056498,-0.00347927,-0.00510047
1991-06-03,-0.00837645,-0.01205990,-0.01519384
1991-06-04,0.00048997,0.00454943,0.00460471
1991-06-05,-0.00597627,-0.01019326,-0.01300704
1991-06-06,-0.00529551,-0.00898402,-0.01086059
1991-06-07,-0.00424231,-0.00465662,-0.00696791
1991-06-10,-0.00108712,-0.00180621,-0.00258534
1991-06-11,0.00998957,0.00666598,0.00821474
1991-06-12,0.00235091,-0.00083767,-0.00162114
1991-06-13,0.00523911,0.00797580,0.00827193
1991-06-14,0.00722710,0.01077206,0.01203891
1991-06-17,0.00324766,0.00749093,0.00725095
1991-06-18,-0.00112962,-0.00353108,-0.00428466
1991-06-19,-0.01590194,-0.01056708,-0.01216975
1991-06-20,-0.00433693,0.00243911,-0.00067595
1991-06-21,0.00675390,0.00471906,0.00610159
1991-06-24,-0.00575966,0.00083184,-0.00001413
1991-06-25,0.00934684,0.00817359,0.00917408
1991-06-26,-0.00145412,0.00126023,0.00088266
1991-06-27,0.00409882,0.00640660,0.00529917
1991-06-28,0.00588873,0.01194439,0.00970045
1991-07-01,-0.00199273,-0.01118839,-0.01102133
1991-07-02,0.00715166,0.00576195,0.00575406
1991-07-03,0.00303443,0.00254938,0.00264257
1991-07-04,0.00232272,0.00147099,0.00134872
1991-07-05,-0.00082251,-0.00626907,-0.00669747
1991-07-08,0.00003545,0.00616792,0.00517576
1991-07-09,0.00445457,-0.00020371,0.00133321
1991-07-10,-0.00333581,-0.00342086,-0.00327759
1991-07-11,0.00756858,0.01199540,0.01242642
1991-07-12,-0.02366708,-0.01950796,-0.01881279
1991-07-15,-0.00117227,-0.00569581,-0.00590279
1991-07-16,-0.00359105,-0.00507485,-0.00409799
1991-07-17,-0.00046521,-0.00126140,-0.00043693
1991-07-18,-0.00353282,-0.00137862,-0.00350150
1991-07-19,-0.00722115,-0.00245769,-0.00100480
1991-07-22,-0.00256887,-0.00321343,-0.00278409
1991-07-23,-0.01317548,-0.01319797,-0.01544732
1991-07-24,0.00780605,0.01797085,0.02077524
1991-07-25,-0.00001549,-0.00194912,-0.00183122
1991-07-26,-0.00879140,-0.01055308,-0.00856436
1991-07-29,-0.00310155,-0.00466248,-0.00354450
1991-07-30,0.00720005,0.01296043,0.01677386
1991-07-31,-0.00406383,-0.00419467,-0.00331192
1991-08-01,-0.00076372,-0.00309505,-0.00480842
1991-08-02,0.01721551,0.02297304,0.03567423
1991-08-05,-0.00117152,0.00540310,0.00618233
1991-08-06,-0.00692823,0.00384698,0.00335478
1991-08-07,0.00627074,0.00461869,0.00695218
1991-08-08,0.00789860,0.00692617,0.00908208
1991-08-09,-0.00840289,-0.00489953,-0.00810211
1991-08-12,0.00073926,0.00011700,-0.00014055
1991-08-13,0.00765313,0.00762899,0.01016101
1991-08-14,0.01497364,0.01392746,0.01800819
1991-08-15,0.00915564,0.00382530,0.00623579
1991-08-16,-0.00834575,-0.00361184,-0.00711847
1991-08-19,-0.02982991,-0.00376494,-0.01200078
1991-08-20,0.01551556,0.01303414,0.01832826
1991-08-21,-0.00494296,-0.00722779,-0.00728128
1991-08-22,0.01207936,0.00295444,0.00749853
1991-08-23,-0.01134905,-0.01702108,-0.01838080
1991-08-26,-0.01216262,-0.01816048,-0.01887807
1991-08-27,0.00565633,0.01030625,0.01111648
1991-08-28,0.00314840,0.00533288,0.00652921
1991-08-29,0.01941433,0.01778412,0.02280728
1991-08-30,-0.00576459,-0.00987648,-0.01032693
1991-09-02,0.00292230,0.00039760,0.00152237
1991-09-03,-0.00854844,-0.00728082,-0.00868137
1991-09-04,-0.00742761,-0.00604953,-0.00735497
1991-09-05,0.00320438,0.00356692,0.00399268
1991-09-06,-0.00031720,0.00195599,0.00285534
1991-09-09,-0.00215109,0.00160742,0.00168582
1991-09-10,-0.00096778,0.00011384,-0.00011784
1991-09-11,0.01067412,0.01199354,0.01374879
1991-09-12,0.01562147,0.01474369,0.01826621
1991-09-13,0.00175521,0.00232828,0.00237218
1991-09-16,0.00084863,0.00054978,0.00092251
1991-09-17,-0.00742000,-0.00679534,-0.00861468
1991-09-18,-0.00285102,-0.00555092,-0.00530931
1991-09-19,0.00182408,0.00268822,0.00266098
1991-09-20,0.00707445,0.00360289,0.00477073
1991-09-23,-0.00156395,0.00609054,0.00689760
1991-09-24,-0.00912911,-0.00854203,-0.00964389
1991-09-25,-0.00087347,-0.00110984,-0.00065901
1991-09-26,0.00461221,0.00559829,0.00628002
1991-09-27,0.02393909,0.02588012,0.02899010
1991-09-30,0.00463389,0.00030763,-0.00025735
1991-10-01,0.00079952,-0.00361000,-0.00461872
1991-10-02,-0.00161668,-0.00213662,-0.00144774
1991-10-03,0.00109487,-0.00071822,0.00053775
1991-10-04,0.00445063,0.00435473,0.00263549
1991-10-07,0.01067047,0.01055531,0.01288778
1991-10-08,-0.00811063,-0.00747954,-0.00862594
1991-10-09,-0.01905514,-0.01916196,-0.01987922
1991-10-10,-0.01488926,-0.01240548,-0.01464376
1991-10-11,0.01872076,0.02006152,0.02136453
1991-10-14,0.00592832,0.00269429,0.00558063
1991-10-15,0.00588224,0.00732528,0.00861687
1991-10-16,-0.00317785,-0.00422392,-0.00585347
1991-10-17,-0.00528466,-0.00716991,-0.00784073
1991-10-18,0.00828242,0.00811614,0.00901234
1991-10-21,-0.01478218,-0.01049220,-0.01373389
1991-10-22,-0.01083935,-0.00743951,-0.01032445
1991-10-23,-0.01013970,-0.01139724,-0.01300652
1991-10-24,0.01082305,0.01888116,0.02006830
1991-10-25,-0.00904219,-0.00652293,-0.00778078
1991-10-28,0.00815062,0.00628998,0.00781186
1991-10-29,0.01754064,0.02068785,0.02410668
1991-10-30,0.00143435,-0.00023732,-0.00042295
1991-10-31,0.00357523,0.00299576,0.00408767
1991-11-01,0.01057346,0.01323597,0.01482504
1991-11-04,0.00088611,-0.00072737,0.00018623
1991-11-05,-0.00137524,-0.00272165,-0.00347345
1991-11-06,-0.00066326,-0.00059460,-0.00024428
1991-11-07,0.01058095,0.01314750,0.01610138
1991-11-08,-0.01197819,-0.01231254,-0.01258153
1991-11-11,-0.01049245,-0.00602436,-0.00871340
1991-11-12,-0.00260252,-0.00517736,-0.00584163
1991-11-13,-0.00538470,-0.00400935,-0.00649376
1991-11-14,0.00874978,0.01266548,0.01549841
1991-11-15,0.00297932,0.00367711,0.00216303
1991-11-18,-0.00168982,0.00554162,0.00350767
1991-11-19,-0.00155493,0.00034949,-0.00044633
1991-11-20,-0.01152932,-0.01324330,-0.01622199
1991-11-21,-0.00316835,-0.00565220,-0.00760932
1991-11-22,-0.00652430,-0.00560293,-0.00758337
1991-11-25,0.00038368,0.00045840,0.00190420
1991-11-26,-0.00605867,-0.00632951,-0.01045154
1991-11-27,0.00156512,0.00212481,0.00248512
1991-11-28,0.00086347,0.00208526,0.00204386
1991-11-29,0.00918864,0.01150976,0.01263438
1991-12-02,0.00422106,0.00569359,0.00542303
1991-12-03,0.00785391,0.00348911,0.00481781
1991-12-04,0.01246599,0.01151447,0.01367508
1991-12-05,0.00389489,-0.00037359,0.00028156
1991-12-06,0.00516555,0.00484170,0.00662135
1991-12-09,0.00888202,0.00697253,0.00663083
1991-12-10,0.00288590,0.00310075,0.00390708
1991-12-11,0.00222466,-0.00256501,-0.00252285
1991-12-12,-0.00451506,0.00090668,0.00247186
1991-12-13,-0.00910873,-0.01204514,-0.01292282
1991-12-16,0.01004524,0.00849912,0.01080089
1991-12-17,0.00649875,0.00792132,0.01016698
1991-12-18,0.00400868,0.00419298,0.00570465
1991-12-19,0.01883162,0.01662128,0.01888726
1991-12-20,0.03547397,0.03492599,0.03963507
1991-12-23,0.00610017,0.00473456,0.00345321
1991-12-24,-0.00912249,-0.00967574,-0.01097550
1991-12-25,-0.00005665,-0.00005150,-0.00005624
1991-12-26,0.01960702,0.01899241,0.02311600
1991-12-27,0.00047346,-0.00022035,0.00175190
1991-12-30,0.00911666,0.01153168,0.01204827
1991-12-31,-0.00198952,-0.00660655,-0.00756836
1992-01-01,-0.00005931,-0.00005205,-0.00005974
1992-01-02,-0.01419724,-0.01474416,-0.01475542
1992-01-03,-0.00381269,-0.00590792,-0.00380354
1992-01-06,0.01986375,0.02245273,0.02245988
1992-01-07,0.01498334,0.01386117,0.01631304
1992-01-08,-0.00394484,-0.00138623,-0.00304863
1992-01-09,-0.03343762,-0.04482547,-0.05056302
1992-01-10,-0.02184487,-0.02536732,-0.02793072
1992-01-13,-0.00907433,-0.01141535,-0.00903340
1992-01-14,-0.00567607,-0.01207480,-0.01002521
1992-01-15,-0.02271775,-0.02191389,-0.02378722
1992-01-16,-0.02044964,-0.02106657,-0.02351394
1992-01-17,0.02582690,0.01977091,0.02394905
1992-01-20,0.00771033,0.00673668,0.00775658
1992-01-21,0.00188945,0.00756403,0.00704739
1992-01-22,0.00207769,-0.00183036,-0.00171605
1992-01-23,0.00206757,-0.00852401,-0.00748406
1992-01-24,-0.00941373,-0.00488838,-0.00590567
1992-01-27,-0.01222899,-0.00583787,-0.00659433
1992-01-28,0.01272725,0.01259569,0.01313827
1992-01-29,-0.01232903,-0.01541531,-0.01659047
1992-01-30,-0.00328436,-0.00430487,-0.00449582
1992-01-31,-0.00353358,-0.00152439,-0.00308086
1992-02-03,0.00235464,-0.00158193,-0.00015881
1992-02-04,0.00381597,0.00876071,0.01072771
1992-02-05,0.00302046,0.00510998,0.00512457
1992-02-06,0.00305832,0.00410236,0.00407299
1992-02-07,-0.00026387,0.00173828,0.00058161
1992-02-10,0.00532402,-0.00188733,-0.00104623
1992-02-11,-0.00346991,-0.00110979,-0.00268612
1992-02-12,0.00055601,-0.00361454,-0.00271211
1992-02-13,-0.00270913,-0.00715178,-0.00845961
1992-02-14,-0.00143759,-0.00099104,-0.00292445
1992-02-17,0.00178693,-0.00151238,-0.00066789
1992-02-18,-0.00049098,-0.00163933,-0.00234536
1992-02-19,-0.00806276,-0.00255790,-0.00294218
1992-02-20,-0.00016884,-0.00222958,-0.00097621
1992-02-21,-0.00439556,-0.00342702,-0.00236914
1992-02-24,0.00113109,-0.00182407,-0.00153164
1992-02-25,0.00142378,0.00269038,0.00400607
1992-02-26,0.00351969,0.00528457,0.00716755
1992-02-27,0.00578506,-0.00138374,-0.00305832
1992-02-28,0.00551936,0.00942516,0.00942505
1992-03-02,0.00012163,-0.00725225,-0.00718808
1992-03-03,-0.00180448,-0.00068327,-0.00091026
1992-03-04,-0.00245933,0.00066951,-0.00172480
1992-03-05,-0.00491284,-0.00505743,-0.00633946
1992-03-06,0.00167618,0.00566433,0.00532789
1992-03-09,-0.00125931,0.00297551,0.00285878
1992-03-10,0.00125955,0.00066368,0.00017851
1992-03-11,0.00076817,-0.00564377,-0.00688642
1992-03-12,-0.00004528,-0.00325239,-0.00120686
1992-03-13,-0.00325943,-0.00600973,-0.00627668
1992-03-16,-0.00094909,0.00149237,0.00302249
1992-03-17,-0.00146178,0.00279059,0.00344488
1992-03-18,0.00488529,0.00637126,0.00893465
1992-03-19,-0.00557955,-0.00519264,-0.00624897
1992-03-20,0.00352097,0.00322123,0.00386851
1992-03-23,-0.00552643,-0.00230446,-0.00255039
1992-03-24,-0.00588712,0.00211189,0.00122218
1992-03-25,-0.01025047,-0.00162491,-0.00329139
1992-03-26,0.00755523,0.00168957,0.00267444
1992-03-27,-0.00562921,0.00340557,0.00171390
1992-03-30,-0.00053577,0.00154530,0.00186162
1992-03-31,-0.00563189,-0.00485521,-0.00602008
1992-04-01,0.00450812,0.01226089,0.01297938
1992-04-02,0.00190614,0.00170331,0.00252856
1992-04-03,-0.00475676,0.00134416,0.00020567
1992-04-06,-0.00021674,-0.00098455,-0.00161817
1992-04-07,0.00495981,0.00500229,0.00611642
1992-04-08,-0.00619378,-0.00305649,-0.00278477
1992-04-09,-0.01605738,-0.00373336,-0.00705945
1992-04-10,-0.01090633,-0.02370877,-0.02803005
1992-04-13,0.00160502,0.00442769,0.00428954
1992-04-14,-0.00340910,-0.00131752,-0.00208118
1992-04-15,0.00729085,0.00427448,0.00716317
1992-04-16,0.00214845,-0.00243648,-0.00043277
1992-04-17,-0.00003174,-0.00004322,-0.00005308
1992-04-20,-0.00522877,-0.00726943,-0.00600453
1992-04-21,-0.00676655,-0.00739958,-0.01044734
1992-04-22,0.00863299,0.00988471,0.01079975
1992-04-23,-0.00399651,-0.00916329,-0.00999383
1992-04-24,0.00498093,0.00428999,0.00516650
1992-04-27,0.00397893,-0.00235206,-0.00144668
1992-04-28,-0.00007519,0.00492455,0.00485884
1992-04-29,0.00440855,0.00515026,0.00568852
1992-04-30,-0.00646406,-0.00780428,-0.01007959
1992-05-01,0.00119557,0.00311942,-0.00046675
1992-05-04,0.00650078,-0.00168779,-0.00069327
1992-05-05,-0.00211050,0.00287845,0.00117146
1992-05-06,0.00594398,0.00751954,0.00776554
1992-05-07,0.00705843,0.00232528,0.00421535
1992-05-08,0.00168047,0.00663827,0.00669839
1992-05-11,0.00175039,0.00076102,0.00133419
1992-05-12,0.00402388,0.00736325,0.00685437
1992-05-13,0.00146182,0.00145604,0.00113708
1992-05-14,-0.00666710,-0.00059330,-0.00417502
1992-05-15,-0.00192743,0.00183896,0.00275269
1992-05-18,0.00216129,0.00366831,0.00306834
1992-05-19,0.00183112,0.01142850,0.01048219
1992-05-20,0.00348137,-0.00373150,-0.00505298
1992-05-21,-0.00475171,-0.00984374,-0.00978622
1992-05-22,0.00410963,0.00456972,0.00565287
1992-05-25,0.00609550,0.00344151,0.00358221
1992-05-26,0.00563322,0.00075363,0.00187215
1992-05-27,0.00140616,-0.00082169,0.00082726
1992-05-28,0.00915154,0.01579101,0.01824548
1992-05-29,0.01694608,0.02069934,0.02457437
1992-06-01,-0.00640109,-0.00943295,-0.00945503
1992-06-02,0.00019768,-0.00238339,-0.00295950
1992-06-03,-0.00583547,0.00255090,0.00256367
1992-06-04,-0.00011919,0.00290539,0.00229044
1992-06-05,0.00396253,0.01232537,0.01199032
1992-06-08,-0.00690527,-0.00529494,-0.00569914
1992-06-09,-0.00788970,-0.00804220,-0.00990011
1992-06-10,0.00200372,0.00215783,0.00225403
1992-06-11,-0.00024713,0.00460485,0.00438122
1992-06-12,-0.00716358,-0.00221069,-0.00192485
1992-06-15,0.00010780,0.01025714,0.00856001
1992-06-16,0.01201674,0.01270649,0.01329759
1992-06-17,-0.00155653,0.00095881,0.00118072
1992-06-18,-0.00027913,0.00508069,0.00541602
1992-06-19,-0.00372349,-0.00857992,-0.00855378
1992-06-22,-0.00235267,0.00204913,0.00129139
1992-06-23,0.00675065,-0.00045692,-0.00007331
1992-06-24,0.02171129,0.02471028,0.02760204
1992-06-25,0.01134432,0.00831343,0.00936165
1992-06-26,-0.00781301,-0.00549625,-0.00571023
1992-06-29,-0.00458992,-0.00260071,-0.00470514
1992-06-30,-0.00952790,-0.00887224,-0.01191022
1992-07-01,0.00365240,0.00424197,0.00498704
1992-07-02,0.02686554,0.03462536,0.03788465
1992-07-03,-0.00438565,-0.00510348,-0.00509894
1992-07-06,-0.00083257,0.00712066,0.00613381
1992-07-07,0.00130877,0.00610643,0.00499266
1992-07-08,-0.00382583,-0.00494170,-0.00584355
1992-07-09,-0.01285817,-0.01395904,-0.01449593
1992-07-10,0.00748772,0.00755040,0.00724267
1992-07-13,0.01182331,0.00907771,0.00870850
1992-07-14,-0.00206666,-0.00108801,-0.00165364
1992-07-15,0.01265394,0.01007536,0.01103598
1992-07-16,0.00661520,0.01129167,0.01132905
1992-07-17,0.00841384,0.01012713,0.00985044
1992-07-20,-0.00917130,-0.00552140,-0.00670817
1992-07-21,-0.00334762,-0.00201286,-0.00298765
1992-07-22,0.00704418,0.00745287,0.00664673
1992-07-23,0.01449435,0.01611629,0.01681137
1992-07-24,-0.00500950,-0.00397060,-0.00456453
1992-07-27,0.01243454,0.01762071,0.01833886
1992-07-28,0.00820196,0.00757280,0.00849841
1992-07-29,-0.00750546,-0.00960676,-0.00977217
1992-07-30,-0.00716132,-0.00488670,-0.00549469
1992-07-31,0.00386576,0.00556200,0.00602621
1992-08-03,-0.00816556,-0.00801789,-0.00862172
1992-08-04,0.00851105,0.00976091,0.00884617
1992-08-05,0.00140987,0.00156841,0.00109198
1992-08-06,0.00834983,0.01018485,0.00907601
1992-08-07,0.02742994,0.03128811,0.03016304
1992-08-10,0.00700313,0.00585134,0.00529945
1992-08-11,0.00333065,0.00221995,0.00446298
1992-08-12,0.00287826,0.00366012,0.00633131
1992-08-13,-0.02289604,-0.02498841,-0.02538266
1992-08-14,-0.00603737,-0.00558703,-0.00545892
1992-08-17,-0.01700914,-0.01447332,-0.01566462
1992-08-18,0.02445575,0.02404724,0.02437264
1992-08-19,-0.00131945,0.00000253,-0.00087572
1992-08-20,0.00118674,0.00361564,0.00391687
1992-08-21,-0.00791515,-0.00882413,-0.00882847
1992-08-24,-0.00624339,-0.00152026,-0.00292446
1992-08-25,-0.00240415,-0.00466515,-0.00399162
1992-08-26,0.00463915,0.00651336,0.00735060
1992-08-27,0.00208376,0.00323691,0.00274232
1992-08-28,0.00970413,0.00983664,0.01015958
1992-08-31,0.00140926,0.00075767,-0.00051187
1992-09-01,0.01320188,0.01574589,0.01667790
1992-09-02,-0.00221136,-0.00271473,-0.00157994
1992-09-03,-0.02743602,-0.02799402,-0.03032852
1992-09-04,0.02594462,0.02635882,0.02685592
1992-09-07,0.00034284,0.00072587,0.00069995
1992-09-08,0.01888715,0.01916059,0.01996386
1992-09-09,-0.01046903,-0.01358362,-0.01389927
1992-09-10,-0.00194987,-0.00216636,-0.00237653
1992-09-11,-0.02365866,-0.02138384,-0.02176431
1992-09-14,-0.00917561,-0.00928960,-0.01091582
1992-09-15,-0.01283211,-0.01318453,-0.01738168
1992-09-16,-0.01002037,-0.01582550,-0.01641542
1992-09-17,-0.00200949,-0.00048959,0.00085353
1992-09-18,-0.00377836,-0.00815590,-0.00958896
1992-09-21,0.00844423,-0.00161750,0.00018440
1992-09-22,-0.00622731,-0.00844049,-0.00683793
1992-09-23,0.00016252,-0.00186159,0.00039962
1992-09-24,0.00305433,0.00524257,0.00449109
1992-09-25,0.00859499,0.01294463,0.01200760
1992-09-28,0.01298801,0.01260425,0.01503938
1992-09-29,0.00507210,0.00816885,0.00724239
1992-09-30,-0.00395530,-0.00460543,-0.00385284
1992-10-01,0.01464151,0.01622039,0.01761977
1992-10-02,0.00191797,0.00409576,0.00300163
1992-10-05,-0.01326264,-0.01205458,-0.01240276
1992-10-06,-0.00579739,-0.00680210,-0.00713947
1992-10-07,-0.02043286,-0.02500158,-0.02470857
1992-10-08,-0.00181666,-0.00249681,-0.00388649
1992-10-09,-0.00304803,-0.00491050,-0.00337608
1992-10-12,-0.00309518,-0.00030053,-0.00009970
1992-10-13,-0.00452490,-0.00536122,-0.00663802
1992-10-14,0.00441521,0.00722992,0.00651576
1992-10-15,0.00753543,0.00730214,0.00955042
1992-10-16,-0.00143287,-0.00768410,-0.00900737
1992-10-19,-0.00593801,-0.00829602,-0.00969089
1992-10-20,-0.02466567,-0.03248517,-0.03469118
1992-10-21,0.00540751,0.00469563,0.00221807
1992-10-22,0.00102560,0.00354576,0.00310924
1992-10-23,-0.00181644,-0.00522866,-0.00505595
1992-10-26,-0.00015648,-0.00277654,-0.00197746
1992-10-27,0.00005718,-0.00120297,-0.00067469
1992-10-28,-0.00088938,-0.00106485,-0.00189346
1992-10-29,-0.00065513,0.00250409,0.00254713
1992-10-30,-0.00011151,-0.00497975,-0.00523604
1992-11-02,-0.00043710,-0.00335234,-0.00449138
1992-11-03,-0.00204857,0.00188009,0.00178917
1992-11-04,0.00698036,0.00405601,0.00445212
1992-11-05,-0.00003022,0.00446441,0.00440049
1992-11-06,-0.00504146,-0.01026727,-0.01043094
1992-11-09,0.00814772,0.00607081,0.00734759
1992-11-10,0.01035851,0.01171302,0.01240105
1992-11-11,-0.00300216,-0.00065450,-0.00182283
1992-11-12,-0.00351727,0.00085389,0.00062602
1992-11-13,-0.01009048,-0.01076351,-0.00955382
1992-11-16,0.00180166,-0.00062929,-0.00065056
1992-11-17,0.00007106,0.00240895,0.00288675
1992-11-18,-0.00203977,0.00112154,0.00226161
1992-11-19,-0.00635504,-0.00906350,-0.00997338
1992-11-20,0.00918746,0.00929555,0.00899775
1992-11-23,0.00405915,0.00222725,0.00388687
1992-11-24,0.00076616,-0.00167657,-0.00180402
1992-11-25,-0.00754239,-0.00643531,-0.00531600
1992-11-26,0.00284808,0.00061027,0.00094216
1992-11-27,0.00228673,-0.00362888,-0.00467059
1992-11-30,0.00246470,0.00514018,0.00686039
1992-12-01,-0.00617588,-0.00322470,-0.00000378
1992-12-02,-0.00056135,0.00403454,0.00590950
1992-12-03,-0.00102349,0.00697820,0.00894381
1992-12-04,0.00763243,0.01651016,0.01891947
1992-12-07,-0.00585403,0.00071333,0.00367996
1992-12-08,0.00945120,0.01329396,0.01566478
1992-12-09,-0.00003485,-0.00036211,-0.00097271
1992-12-10,-0.00726612,-0.00805814,-0.01075428
1992-12-11,0.00733207,0.00595600,0.00733709
1992-12-14,-0.00158201,-0.00330871,-0.00323859
1992-12-15,0.00052508,0.00397765,0.00432292
1992-12-16,-0.01497436,-0.01196408,-0.01563665
1992-12-17,-0.00188944,-0.00293377,-0.00377644
1992-12-18,0.00546831,0.00404387,0.00580987
1992-12-21,-0.00052664,0.00038853,0.00324651
1992-12-22,0.01136601,0.01077187,0.01270795
1992-12-23,-0.00917064,-0.01077775,-0.01262783
1992-12-24,-0.00382975,-0.00312655,-0.00314430
1992-12-25,-0.00004810,-0.00005204,-0.00006456
1992-12-28,0.00155441,-0.00236027,-0.00403743
1992-12-29,0.00743407,0.01025472,0.01242658
1992-12-30,-0.00151555,0.00127738,0.00108829
1992-12-31,0.00031069,-0.00147252,-0.00231097
1993-01-01,-0.00003857,-0.00004145,-0.00005296
1993-01-04,0.02679035,0.02742045,0.03221639
1993-01-05,-0.01342076,-0.00782163,-0.00969479
1993-01-06,0.00826237,0.00576631,0.00585369
1993-01-07,-0.00790194,-0.01393359,-0.01565138
1993-01-08,-0.00166004,0.00114333,-0.00028560
1993-01-11,-0.00298684,0.00245729,0.00423230
1993-01-12,-0.00112162,-0.00157981,-0.00205466
1993-01-13,0.00055171,-0.00041473,0.00086185
1993-01-14,0.00152050,0.00195866,0.00338214
1993-01-15,0.00386509,0.00874865,0.00959756
1993-01-18,-0.00747572,-0.00487437,-0.00617102
1993-01-19,0.00298057,-0.00023916,0.00042612
1993-01-20,0.00210775,0.00298753,0.00149244
1993-01-21,0.00413401,0.00319045,0.00437693
1993-01-22,-0.00140167,-0.00012965,0.00033164
1993-01-25,-0.00971242,-0.00147427,-0.00411354
1993-01-26,-0.00112348,-0.00276572,-0.00294507
1993-01-27,0.00577790,0.00416936,0.00409189
1993-01-28,-0.00979303,-0.00493778,-0.00795208
1993-01-29,0.00887364,0.01207425,0.01276599
1993-02-01,0.00971843,0.00884672,0.01119198
1993-02-02,-0.00444627,-0.00252862,-0.00221427
1993-02-03,0.01098006,0.00827835,0.01147912
1993-02-04,0.00386606,0.00736618,0.00742228
1993-02-05,0.01393981,0.01868848,0.02013451
1993-02-08,-0.00005711,0.00054701,0.00069696
1993-02-09,-0.00595927,-0.00711834,-0.00858918
1993-02-10,-0.01247819,-0.01532232,-0.01751245
1993-02-11,0.00812714,0.01355973,0.01392168
1993-02-12,0.00657725,0.00361880,0.00519938
1993-02-15,0.00339423,0.00276982,0.00271292
1993-02-16,-0.02278371,-0.01650384,-0.02147613
1993-02-17,0.00856163,0.00836260,0.00915848
1993-02-18,0.01681538,0.01941061,0.01883273
1993-02-19,-0.00727939,-0.01011879,-0.01047204
1993-02-22,0.00058589,-0.00208970,-0.00211999
1993-02-23,0.01315883,0.01825207,0.01575630
1993-02-24,-0.00501502,-0.00689676,-0.00669059
1993-02-25,0.00135879,0.00382570,0.00444375
1993-02-26,0.01080355,0.00665086,0.00693313
1993-03-01,0.01188869,0.01068454,0.01100853
1993-03-02,-0.00232070,-0.00271380,-0.00210305
1993-03-03,0.01756209,0.01551642,0.01686096
1993-03-04,0.00506988,0.00725676,0.00589392
1993-03-05,-0.00669005,-0.00699523,-0.00685360
1993-03-08,0.01246989,0.01046615,0.01449569
1993-03-09,-0.00858048,-0.00462968,-0.00594010
1993-03-10,-0.00241083,-0.00333756,-0.00284777
1993-03-11,-0.00714906,-0.00174585,-0.00416928
1993-03-12,-0.03229414,-0.02862902,-0.03051067
1993-03-15,-0.01233868,-0.01511602,-0.01589908
1993-03-16,0.00311242,0.00832946,0.00788813
1993-03-17,0.00799514,0.00705124,0.00639094
1993-03-18,0.00708348,0.00584379,0.00507834
1993-03-19,-0.00446378,-0.00490940,-0.00507458
1993-03-22,-0.00381044,0.00122478,0.00000490
1993-03-23,0.00427842,0.00750420,0.00680729
1993-03-24,-0.00458734,-0.00484083,-0.00646050
1993-03-25,0.00021215,-0.00046885,-0.00053087
1993-03-26,-0.01489336,-0.01559706,-0.01609069
1993-03-29,0.00364409,0.00280613,0.00265138
1993-03-30,0.00205460,0.00035106,-0.00199958
1993-03-31,0.00078277,-0.00428765,-0.00350259
1993-04-01,-0.00604229,-0.00666560,-0.00750045
1993-04-02,-0.01051036,-0.01261242,-0.01355714
1993-04-05,0.00417040,0.00878920,0.00767755
1993-04-06,0.00671622,0.01094682,0.01157315
1993-04-07,-0.00007204,-0.00057459,-0.00022272
1993-04-08,0.01745979,0.01909044,0.01986632
1993-04-09,-0.00003069,-0.00003441,-0.00003939
1993-04-12,0.01219240,0.01349136,0.01456709
1993-04-13,0.00527172,0.00399204,0.00411164
1993-04-14,0.00593441,0.00830022,0.00743168
1993-04-15,-0.00027581,0.00102920,0.00058674
1993-04-16,-0.00327069,-0.00253289,-0.00319134
1993-04-19,0.00999807,0.00945910,0.01028148
1993-04-20,0.00056140,-0.00082574,-0.00049594
1993-04-21,0.01045061,0.01257994,0.01148745
1993-04-22,0.00483810,0.00507472,0.00552542
1993-04-23,-0.00677377,-0.00564521,-0.00464170
1993-04-26,-0.00713305,-0.01096559,-0.00991853
1993-04-27,-0.01486633,-0.01166639,-0.01125675
1993-04-28,-0.00062579,-0.00049831,-0.00032693
1993-04-29,0.01684972,0.01218608,0.01427368
1993-04-30,-0.00983019,-0.01295728,-0.01298546
1993-05-03,0.00292475,0.00689722,0.00670287
1993-05-04,0.00580810,0.00927438,0.00918416
1993-05-05,-0.00413185,-0.00503422,-0.00503569
1993-05-06,0.01129301,0.00741224,0.00901790
1993-05-07,-0.00838428,-0.00912031,-0.01054572
1993-05-10,-0.01101377,-0.01078794,-0.01214465
1993-05-11,0.00860743,0.00857013,0.00871973
1993-05-12,0.00673847,0.00238386,0.00228559
1993-05-13,0.00292231,-0.00234575,-0.00205741
1993-05-14,-0.00285445,-0.00125942,-0.00120602
1993-05-17,-0.00905731,-0.00749526,-0.00851135
1993-05-18,0.00259245,-0.00786246,-0.00683018
1993-05-19,-0.00119152,0.00360293,0.00340342
1993-05-20,0.00412012,0.00375010,0.00382569
1993-05-21,0.00086663,-0.00547084,-0.00418807
1993-05-24,-0.00729059,-0.00738102,-0.00675091
1993-05-25,0.01680108,0.01426878,0.01528799
1993-05-26,0.00544092,0.00967208,0.01089512
1993-05-27,0.01638419,0.01334406,0.01415585
1993-05-28,-0.00743669,-0.00436393,-0.00532034
1993-05-31,-0.00525120,-0.00355458,-0.00394682
1993-06-01,0.00616206,0.01649355,0.01470179
1993-06-02,-0.00765416,-0.00444885,-0.00415392
1993-06-03,0.01012765,0.01192436,0.01467698
1993-06-04,-0.00836637,-0.01659129,-0.01826242
1993-06-07,0.00385508,0.00696775,0.00852146
1993-06-08,0.00780611,0.00388664,0.00323472
1993-06-09,0.00239536,0.00569461,0.00714618
1993-06-10,-0.00032196,0.00384918,0.00601812
1993-06-11,0.01028795,0.01945518,0.02230508
1993-06-14,0.00563156,0.00774726,0.00837590
1993-06-15,0.00154157,0.00304279,0.00432361
1993-06-16,-0.00111910,-0.00563382,-0.00569705
1993-06-17,-0.00362285,-0.00178392,-0.00203590
1993-06-18,-0.01748987,-0.01749200,-0.01823590
1993-06-21,-0.00916120,-0.00649361,-0.00626000
1993-06-22,-0.00242355,-0.00123941,-0.00187487
1993-06-23,0.00742908,0.00239930,0.00296108
1993-06-24,0.01368072,0.01319902,0.01489170
1993-06-25,0.01349027,0.01340419,0.01374347
1993-06-28,0.01350040,0.01495540,0.01633574
1993-06-29,0.00472418,0.00338975,0.00290040
1993-06-30,0.00988132,0.00536741,0.00764624
1993-07-01,0.01574086,0.01127185,0.01479428
1993-07-02,0.00785631,0.00921760,0.00944170
1993-07-05,-0.00106934,-0.00171307,-0.00218380
1993-07-06,-0.00471189,-0.01550289,-0.01544095
1993-07-07,0.01125562,0.01065736,0.01224703
1993-07-08,0.00359724,0.01048566,0.01089844
1993-07-09,-0.00421195,-0.00271750,-0.00398947
1993-07-12,-0.00172324,0.00113208,0.00020781
1993-07-13,-0.00727238,-0.00581717,-0.00694931
1993-07-14,0.02892945,0.03119902,0.03165281
1993-07-15,0.00133685,0.00017534,0.00040728
1993-07-16,0.01144666,0.01065362,0.00963707
1993-07-19,-0.02201411,-0.02678456,-0.02770452
1993-07-20,-0.00188019,0.00171632,0.00271655
1993-07-21,-0.03046566,-0.02686514,-0.02806886
1993-07-22,0.00110192,-0.00132662,-0.00132184
1993-07-23,-0.00929446,-0.00827363,-0.00772285
1993-07-26,0.00508776,0.00367409,0.00424620
1993-07-27,-0.00919155,-0.01090680,-0.01195185
1993-07-28,0.01156077,0.01332593,0.01412938
1993-07-29,0.02650057,0.02788285,0.02964012
1993-07-30,0.01990431,0.01428217,0.01557312
1993-08-02,0.00072867,-0.00743939,-0.00736344
1993-08-03,0.01002257,0.01169046,0.01183578
1993-08-04,-0.01322971,-0.00822274,-0.00960888
1993-08-05,-0.03815258,-0.02008113,-0.02480973
1993-08-06,0.00429844,0.00597296,0.00633775
1993-08-09,0.00535171,0.00681565,0.00808733
1993-08-10,0.00656460,0.00620682,0.00623866
1993-08-11,0.00576295,0.00282022,0.00497809
1993-08-12,-0.01219712,-0.00992961,-0.00820463
1993-08-13,0.01197106,0.01057197,0.01059079
1993-08-16,0.00824763,0.00417697,0.00489618
1993-08-17,0.00335435,-0.00085306,0.00017529
1993-08-18,0.00822316,0.00671214,0.00978046
1993-08-19,-0.01361333,-0.00748246,-0.00705076
1993-08-20,0.00580095,0.00421470,0.00329437
1993-08-23,-0.01098122,-0.00850286,-0.01255806
1993-08-24,0.00726184,0.00712159,0.00881081
1993-08-25,-0.00013796,-0.00074918,0.00075645
1993-08-26,0.01118777,0.01143607,0.01209148
1993-08-27,0.00271403,-0.00292154,-0.00324447
1993-08-30,0.00738014,0.00935113,0.00957815
1993-08-31,0.00415867,0.00689538,0.00896171
1993-09-01,0.00206124,0.00338282,0.00351381
1993-09-02,0.00107049,0.00178903,0.00103154
1993-09-03,0.02404903,0.02266338,0.02241573
1993-09-06,-0.00267563,-0.00199553,-0.00230455
1993-09-07,0.01024467,0.01888962,0.01872295
1993-09-08,-0.00678597,-0.00823078,-0.00749850
1993-09-09,-0.02248246,-0.02326316,-0.02387664
1993-09-10,0.01812469,0.01873645,0.02035242
1993-09-13,-0.00637930,-0.00673477,-0.00896465
1993-09-14,-0.01426760,-0.01349613,-0.01348440
1993-09-15,-0.02029669,-0.01528579,-0.01799520
1993-09-16,0.00471788,0.00385841,0.00354367
1993-09-17,-0.00498336,-0.00907768,-0.00998915
1993-09-20,-0.02104545,-0.02333353,-0.02524065
1993-09-21,-0.01780739,-0.01281893,-0.01215487
1993-09-22,0.01789020,0.01788474,0.01905209
1993-09-23,0.00320334,0.00087259,0.00217638
1993-09-24,0.00060105,0.00117989,0.00065408
1993-09-27,0.02016943,0.01931627,0.01981577
1993-09-28,0.00268332,-0.00087365,0.00015780
1993-09-29,-0.01436906,-0.02073589,-0.02247904
1993-09-30,-0.00864740,-0.00828515,-0.00861614
1993-10-01,0.01641131,0.01575181,0.01757114
1993-10-04,0.01510216,0.01767228,0.02053683
1993-10-05,0.00016124,-0.00013243,0.00128295
1993-10-06,-0.00535915,-0.00319431,-0.00116274
1993-10-07,-0.00787056,-0.00301088,-0.00489346
1993-10-08,0.01466085,0.01201037,0.01517280
1993-10-11,0.00091278,-0.00421043,-0.00397141
1993-10-12,-0.00457453,-0.00196686,-0.00260520
1993-10-13,-0.00277993,-0.00082917,-0.00210743
1993-10-14,0.00674982,0.00992906,0.01208235
1993-10-15,0.02685252,0.02353878,0.02903003
1993-10-18,-0.00915262,-0.00865513,-0.00893198
1993-10-19,-0.00521229,-0.00487263,-0.00695365
1993-10-20,0.00661550,0.00236680,0.00443649
1993-10-21,-0.01711004,-0.01914638,-0.01804188
1993-10-22,-0.01002362,-0.00796478,-0.00778161
1993-10-25,-0.00307444,0.00187206,0.00195472
1993-10-26,0.00335600,0.00624273,0.00573365
1993-10-27,-0.00940769,-0.01267735,-0.01410739
1993-10-28,0.01243506,0.01434837,0.01683851
1993-10-29,0.01127345,0.01181408,0.01321519
1993-11-01,-0.01828572,-0.02464157,-0.02752919
1993-11-02,-0.00642994,-0.00556082,-0.00519478
1993-11-03,-0.00784563,-0.00874637,-0.01170847
1993-11-04,-0.00883848,-0.00788886,-0.00926086
1993-11-05,-0.01520940,-0.01308037,-0.01592742
1993-11-08,0.00854992,0.01442266,0.01441725
1993-11-09,0.00433529,0.00690464,0.00900762
1993-11-10,0.00972525,0.00102105,0.00050117
1993-11-11,-0.00423680,-0.01099725,-0.01243300
1993-11-12,0.00894216,0.01602297,0.01667714
1993-11-15,0.00031617,-0.00372404,-0.00452203
1993-11-16,0.00323907,0.00476104,0.00615961
1993-11-17,-0.00812962,-0.01185356,-0.01131628
1993-11-18,0.00076000,0.00003103,0.00122122
1993-11-19,-0.00217444,-0.00851597,-0.00943999
1993-11-22,-0.01286312,-0.01405710,-0.01592508
1993-11-23,0.00658044,0.01788808,0.01814756
1993-11-24,0.00902271,0.00744598,0.00681551
1993-11-25,0.00817893,0.00659110,0.00765877
1993-11-26,0.00633438,0.00847902,0.00914958
1993-11-29,0.01027892,0.02045545,0.01969441
1993-11-30,0.00285842,-0.00227194,-0.00226166
1993-12-01,0.01408127,0.01058722,0.01345906
1993-12-02,0.00674505,0.01126328,0.01073330
1993-12-03,0.00624948,0.00048219,0.00095309
1993-12-06,0.01431888,0.01917829,0.01711998
1993-12-07,-0.00117076,-0.00367929,-0.00264994
1993-12-08,0.01006674,0.00826478,0.00991129
1993-12-09,0.00446435,0.00552997,0.00366236
1993-12-10,-0.01211739,-0.01633194,-0.01684551
1993-12-13,0.01574905,0.01342007,0.01306700
1993-12-14,-0.00595962,-0.00594310,-0.00631458
1993-12-15,0.00366885,0.00268369,0.00370435
1993-12-16,0.01085752,0.00875439,0.00822938
1993-12-17,0.01531215,0.01438565,0.01553189
1993-12-20,0.00794704,0.00627180,0.00667757
1993-12-21,-0.00255780,-0.00166507,-0.00139328
1993-12-22,-0.00251244,0.00052923,0.00143656
1993-12-23,0.01141622,0.00948553,0.00926413
1993-12-24,0.00351483,0.00206462,0.00179289
1993-12-27,0.00825209,0.00799187,0.00850800
1993-12-28,0.01198133,0.00832387,0.00587588
1993-12-29,0.00403760,-0.00171594,-0.00143019
1993-12-30,0.00343790,0.00017248,-0.00275930
1993-12-31,-0.00437615,-0.00296551,-0.00420406
1994-01-03,-0.00358876,-0.01231653,-0.01230990
1994-01-04,-0.01529757,-0.01085808,-0.01016786
1994-01-05,-0.03261790,-0.02556789,-0.02750659
1994-01-06,-0.00564199,0.00028806,0.00339714
1994-01-07,0.00690904,0.01892113,0.01985570
1994-01-10,0.02195582,0.02054437,0.01908981
1994-01-11,-0.00576817,-0.00418959,-0.00188047
1994-01-12,0.00365212,0.00751957,0.00696879
1994-01-13,-0.00737815,-0.01373080,-0.01264615
1994-01-14,0.00089832,-0.00336793,-0.00434671
1994-01-17,-0.00114133,0.00022739,0.00107059
1994-01-18,0.01382121,0.01166624,0.01372879
1994-01-19,0.00719298,0.00754688,0.00802671
1994-01-20,0.00085550,0.00689861,0.00561702
1994-01-21,-0.00713611,-0.00316505,-0.00750719
1994-01-24,-0.00273667,-0.00174440,-0.00164869
1994-01-25,-0.00454458,-0.00429166,-0.00566064
1994-01-26,-0.00727385,-0.00404050,-0.00337668
1994-01-27,-0.00148448,0.00140079,-0.00015769
1994-01-28,0.00762905,0.00688839,0.00913344
1994-01-31,0.01276702,0.00426583,0.00555045
1994-02-01,-0.01509946,-0.01611850,-0.01910274
1994-02-02,0.00222511,0.00074436,0.00346534
1994-02-03,-0.00749969,-0.01469123,-0.01708989
1994-02-04,-0.01467157,-0.01915521,-0.02732688
1994-02-07,-0.01423394,-0.00639522,-0.00580634
1994-02-08,0.00663974,0.00203755,0.00221957
1994-02-09,0.01129764,0.01121494,0.01304086
1994-02-10,-0.00434354,-0.00299172,-0.00409393
1994-02-11,-0.00411675,0.00044429,-0.00002641
1994-02-14,0.00435880,-0.00097226,0.00136610
1994-02-15,0.00501724,0.00543896,0.00673223
1994-02-16,0.00675990,0.00765102,0.00783205
1994-02-17,-0.00658265,-0.01332794,-0.01504869
1994-02-18,-0.00927876,-0.01153963,-0.01294596
1994-02-21,-0.00625261,-0.00632999,-0.00617787
1994-02-22,0.00199789,0.00691494,0.00613044
1994-02-23,0.00218718,-0.00718028,-0.00638756
1994-02-24,-0.01444861,-0.01510966,-0.01517062
1994-02-25,0.00564896,0.00699107,0.00777029
1994-02-28,0.00370913,0.00512124,0.00539452
1994-03-01,-0.00735383,-0.01485049,-0.01508702
1994-03-02,-0.00849636,-0.00532823,-0.00662656
1994-03-03,-0.00351977,-0.00505293,-0.00724392
1994-03-04,0.00959206,0.00792655,0.00921263
1994-03-07,0.00726140,0.01048975,0.01061598
1994-03-08,0.00494141,-0.00010745,0.00014986
1994-03-09,0.00033247,-0.00013692,0.00001277
1994-03-10,0.00915179,0.00013141,0.00117752
1994-03-11,-0.00399129,-0.00312435,-0.00278708
1994-03-14,0.00195867,-0.00080414,-0.00155019
1994-03-15,-0.00921033,-0.00415828,-0.00459585
1994-03-16,-0.00911740,-0.00293844,-0.00351869
1994-03-17,0.00741507,0.00503392,0.00446520
1994-03-18,0.00850817,-0.00166269,-0.00058932
1994-03-21,-0.00805610,-0.00993123,-0.01063584
1994-03-22,-0.00296418,0.00419579,0.00635665
1994-03-23,0.00480196,0.00490351,0.00554325
1994-03-24,0.01859163,0.00101015,0.00208411
1994-03-25,0.00496575,0.00281573,0.00313037
1994-03-28,0.01851936,0.01813795,0.01729997
1994-03-29,-0.00321779,-0.00753340,-0.00918368
1994-03-30,0.00512775,0.00217645,0.00336242
1994-03-31,0.00674206,0.00192461,0.00676418
1994-04-01,0.01503644,0.00170046,0.00131922
1994-04-04,-0.00008345,-0.01160327,-0.01347238
1994-04-05,-0.04350694,-0.02042468,-0.02636222
1994-04-06,-0.00270898,-0.00160054,-0.00097471
1994-04-07,-0.00452075,-0.00176578,-0.00310749
1994-04-08,0.00817711,0.00399134,0.00376596
1994-04-11,-0.01333123,-0.00656822,-0.00862778
1994-04-12,-0.00772739,-0.00328230,-0.00284733
1994-04-13,0.00744070,0.00127592,0.00161564
1994-04-14,0.00518353,0.00305272,0.00328015
1994-04-15,-0.00460753,-0.00193908,-0.00142088
1994-04-18,0.01956303,0.00428382,0.00232530
1994-04-19,-0.00371169,0.00431345,0.00430683
1994-04-20,-0.00244564,0.00172200,0.00201374
1994-04-21,-0.01718956,-0.00658748,-0.00564602
1994-04-22,-0.00383356,-0.00605816,-0.00651002
1994-04-25,-0.00582007,-0.00108253,-0.00053742
1994-04-26,-0.00256611,-0.00122971,-0.00069703
1994-04-27,0.00036763,0.00046315,0.00056791
1994-04-28,0.01949911,0.00787339,0.00628195
1994-04-29,0.00251048,0.00149278,0.00230009
1994-05-02,0.00150685,-0.00079736,-0.00122010
1994-05-03,0.00737877,0.00176670,0.00104994
1994-05-04,0.00447912,0.00199940,-0.00013979
1994-05-05,-0.01126636,-0.00935110,-0.00971074
1994-05-06,0.01948058,-0.00189003,-0.00521697
1994-05-09,0.00961138,0.00138787,-0.00121612
1994-05-10,-0.02430021,-0.00941575,-0.00879387
1994-05-11,0.00643087,0.00165755,0.00187793
1994-05-12,-0.00100946,0.00204955,0.00339486
1994-05-13,-0.01192641,-0.00421843,-0.00192721
1994-05-16,-0.00410309,-0.00030487,0.00107796
1994-05-17,-0.01321694,-0.00231997,-0.00028379
1994-05-18,-0.00080129,0.00524532,0.00808287
1994-05-19,-0.00844940,-0.00390099,-0.00258756
1994-05-20,0.00963279,0.00596822,0.00580376
1994-05-23,0.01302769,0.00245953,0.00121179
1994-05-24,-0.00284259,-0.00262595,-0.00372769
1994-05-25,0.00638317,0.00887731,0.00926020
1994-05-26,-0.00632866,-0.00269831,-0.00278149
1994-05-27,0.00540256,0.00322055,0.00360467
1994-05-30,0.00153282,0.00095645,0.00086340
1994-05-31,0.01131531,-0.00065783,-0.00204748
1994-06-01,0.00562761,0.00738400,0.00742717
1994-06-02,-0.01474524,-0.00862913,-0.00804764
1994-06-03,-0.01939930,-0.01237703,-0.01206253
1994-06-06,-0.01478062,-0.00953143,-0.00871134
1994-06-07,0.00417110,-0.00003984,-0.00184407
1994-06-08,-0.00168542,-0.00336908,-0.00226895
1994-06-09,0.00583329,0.00558799,0.00576748
1994-06-10,-0.00027616,-0.00276181,-0.00262958
1994-06-13,0.01473991,0.00866731,0.00902066
1994-06-14,-0.00309833,-0.00088719,-0.00083979
1994-06-15,0.01765770,0.00480606,0.00539262
1994-06-16,-0.00251104,0.00200964,0.00174797
1994-06-17,0.01862560,0.01012275,0.01265296
1994-06-20,0.00049587,-0.00013293,0.00008814
1994-06-21,0.01374441,0.00404743,0.00622856
1994-06-22,-0.02654987,-0.01292613,-0.01530764
1994-06-23,-0.00272942,0.00219726,0.00364300
1994-06-24,0.01914749,0.01080922,0.01135164
1994-06-27,-0.02125511,-0.01222458,-0.01435409
1994-06-28,0.00746509,0.00078841,0.00172045
1994-06-29,-0.01372341,-0.00997184,-0.00915014
1994-06-30,0.01710367,0.00586945,0.00660306
1994-07-01,-0.00202808,-0.00548965,-0.00503143
1994-07-04,-0.00345568,-0.00295093,-0.00278351
1994-07-05,-0.00230781,0.00506208,0.00492926
1994-07-06,-0.00062647,0.00197912,0.00063798
1994-07-07,-0.00643620,-0.00184821,-0.00118185
1994-07-08,0.01453083,0.00586374,0.00688988
1994-07-11,0.01788310,0.01171374,0.01471931
1994-07-12,-0.00920197,-0.00486304,-0.00392054
1994-07-13,-0.01605383,-0.00988317,-0.01013834
1994-07-14,-0.01752410,-0.00519767,-0.00404699
1994-07-15,-0.00123036,-0.00522749,-0.00522037
1994-07-18,-0.00842394,-0.00465400,-0.00462346
1994-07-19,-0.00918557,-0.00578885,-0.00701850
1994-07-20,0.01341005,0.00549106,0.00472794
1994-07-21,-0.00397839,-0.00272469,-0.00413986
1994-07-22,0.00460361,0.00263491,0.00447031
1994-07-25,0.00153918,0.00580411,0.00820191
1994-07-26,0.00697890,0.00056030,0.00331815
1994-07-27,0.00966609,0.00338207,0.00233877
1994-07-28,-0.01262123,-0.00525677,-0.00733785
1994-07-29,-0.00010565,0.00800492,0.01120548
1994-08-01,0.01079016,0.00759334,0.00976451
1994-08-02,-0.01081217,-0.00252688,-0.00441968
1994-08-03,-0.00212035,0.00418957,0.00336267
1994-08-04,-0.00488817,-0.00490777,-0.00695166
1994-08-05,-0.00588485,-0.01131779,-0.01130650
1994-08-08,-0.00714999,-0.00097725,-0.00135242
1994-08-09,0.00346233,0.00114532,0.00160915
1994-08-10,-0.00146483,-0.00552619,-0.00523106
1994-08-11,0.00575619,0.00127628,0.00133398
1994-08-12,-0.00697624,-0.00648714,-0.00650053
1994-08-15,0.00092761,-0.00091383,-0.00145725
1994-08-16,-0.00920669,-0.00362248,-0.00326774
1994-08-17,-0.00478629,0.00062100,0.00051671
1994-08-18,0.01021875,0.00070443,0.00063572
1994-08-19,-0.00051447,-0.00091381,-0.00109656
1994-08-22,-0.00091016,-0.00089461,-0.00164114
1994-08-23,-0.00064415,0.00347430,0.00378034
1994-08-24,-0.00471895,0.00081599,0.00170056
1994-08-25,0.00240077,-0.00122577,-0.00148714
1994-08-26,-0.00654872,-0.00646399,-0.00691009
1994-08-29,-0.00091672,-0.00200716,-0.00216793
1994-08-30,0.00167166,0.00334246,0.00340205
1994-08-31,-0.00050583,0.00164281,0.00131324
1994-09-01,0.00031068,-0.00047769,-0.00042424
1994-09-02,0.00456451,0.00395905,0.00399387
1994-09-05,0.00068234,0.00036871,0.00068136
1994-09-06,0.00026474,-0.00243730,-0.00292195
1994-09-07,0.00022021,-0.00392057,-0.00334875
1994-09-08,-0.00240636,-0.00016973,0.00016140
1994-09-09,0.00337053,-0.00277400,-0.00419254
1994-09-12,-0.01026082,-0.00428813,-0.00691738
1994-09-13,0.00591791,0.00789677,0.00989748
1994-09-14,0.00107579,0.00561686,0.00557986
1994-09-15,0.00158130,0.00397860,0.00493210
1994-09-16,0.01078084,-0.00229434,-0.00075532
1994-09-19,-0.00670897,-0.00625966,-0.00757600
1994-09-20,0.01048744,0.00246369,0.00460470
1994-09-21,-0.00027991,-0.00066518,-0.00188009
1994-09-22,-0.00683915,-0.00766474,-0.00724888
1994-09-23,0.00240068,0.00106746,0.00200557
1994-09-26,-0.00145324,0.00399464,0.00215334
1994-09-27,0.00795119,0.00315316,0.00556582
1994-09-28,-0.00958975,-0.00286418,-0.00595545
1994-09-29,0.00645667,-0.00153579,-0.00078687
1994-09-30,-0.00725365,-0.00631087,-0.00841286
1994-10-03,0.00452579,0.00104834,0.00194990
1994-10-04,-0.00188032,0.00100710,0.00089752
1994-10-05,0.01065601,0.00600219,0.00819249
1994-10-06,0.00032697,-0.00140477,-0.00120532
1994-10-07,-0.00870881,-0.00029132,-0.00271600
1994-10-10,-0.00516299,-0.00055110,-0.00109160
1994-10-11,-0.01180475,-0.00354702,-0.00737997
1994-10-12,-0.00037789,0.00198236,0.00315006
1994-10-13,-0.00262462,0.00163114,0.00047147
1994-10-14,0.00061664,0.00100277,0.00223060
1994-10-17,0.00563552,0.00222001,0.00568519
1994-10-18,0.00328337,0.00477330,0.00481348
1994-10-19,0.00863768,0.00146060,0.00329168
1994-10-20,0.00670765,-0.00574300,-0.00496006
1994-10-21,-0.00688802,0.00084302,0.00070751
1994-10-24,-0.00131648,-0.00603845,-0.00539072
1994-10-25,0.00423759,0.00148820,0.00301897
1994-10-26,-0.00300417,-0.00369224,-0.00337976
1994-10-27,-0.00191721,-0.00280187,-0.00147762
1994-10-28,-0.01365229,-0.00394764,-0.00761900
1994-10-31,0.00179794,0.00427889,0.00382693
1994-11-01,0.01076763,0.00131912,0.00485058
1994-11-02,0.00036843,-0.00223020,-0.00157142
1994-11-03,-0.00000728,0.00178727,0.00139198
1994-11-04,0.00712470,0.00370537,0.00646058
1994-11-07,0.00365260,0.00808145,0.00735722
1994-11-08,-0.00355085,-0.00045502,-0.00149295
1994-11-09,-0.01720602,-0.00777111,-0.01155503
1994-11-10,0.00592159,-0.00017657,0.00042583
1994-11-11,0.00907547,0.00465370,0.00667429
1994-11-14,-0.01180473,-0.00130404,-0.00519954
1994-11-15,-0.00954375,-0.00778864,-0.01081052
1994-11-16,0.01209049,0.00861006,0.01032797
1994-11-17,0.00897099,0.00519115,0.00683747
1994-11-18,-0.00456484,-0.00145094,-0.00105884
1994-11-21,0.00139511,0.00246642,0.00283807
1994-11-22,-0.00391837,0.00068314,0.00122012
1994-11-23,-0.01621562,-0.00073358,-0.00512200
1994-11-24,0.00029495,-0.00003577,0.00007981
1994-11-25,-0.00080694,0.00027004,-0.00042069
1994-11-28,0.01429855,0.00912598,0.01311450
1994-11-29,0.01313076,0.01271158,0.01494897
1994-11-30,0.00569671,0.01007144,0.01306610
1994-12-01,0.00632731,0.00675874,0.00778065
1994-12-02,0.00477855,0.01224937,0.01397356
1994-12-05,-0.00008122,-0.00129251,-0.00023839
1994-12-06,-0.00772678,-0.00211102,-0.00314547
1994-12-07,0.00240596,-0.00360675,-0.00332179
1994-12-08,-0.00044333,-0.00292558,-0.00329676
1994-12-09,0.00277646,0.00235572,0.00234100
1994-12-12,0.00322560,-0.00200361,-0.00197030
1994-12-13,0.00478680,0.00793031,0.00826917
1994-12-14,-0.00959699,-0.00533607,-0.00658031
1994-12-15,-0.00656585,-0.00613978,-0.00649887
1994-12-16,0.00154087,0.00200083,0.00183239
1994-12-19,0.00491617,0.00457627,0.00404243
1994-12-20,-0.00841186,-0.00934415,-0.01034982
1994-12-21,-0.00619345,-0.00542253,-0.00521603
1994-12-22,0.00953568,0.00752526,0.00844878
1994-12-23,0.00641770,0.00591164,0.00597049
1994-12-26,-0.00004002,-0.00004305,-0.00005126
1994-12-27,-0.01110773,-0.00974285,-0.01015590
1994-12-28,-0.00600342,-0.00988289,-0.01302830
1994-12-29,0.00630630,0.00579441,0.00610408
1994-12-30,-0.00389343,-0.00399085,-0.00356853
1995-01-02,-0.00004283,-0.00004701,-0.00005781
1995-01-03,0.01639107,0.01759293,0.01902242
1995-01-04,0.00402974,0.01282246,0.01326513
1995-01-05,0.00044884,-0.00427109,-0.00633676
1995-01-06,0.00568511,0.00886638,0.00905948
1995-01-09,0.00450824,0.00117790,-0.00012083
1995-01-10,0.00023852,0.00079348,0.00167387
1995-01-11,0.00198329,-0.00000595,-0.00167991
1995-01-12,0.00240657,-0.00339521,-0.00570616
1995-01-13,-0.01487694,-0.00636816,-0.00922134
1995-01-16,-0.01577492,-0.01204747,-0.01174384
1995-01-17,-0.00197691,-0.00393440,-0.00444763
1995-01-18,0.00918748,0.00797094,0.00667689
1995-01-19,0.01116312,0.01080407,0.01216856
1995-01-20,0.00190013,-0.00342155,-0.00204586
1995-01-23,0.01340171,0.01540084,0.01474203
1995-01-24,-0.00600755,-0.00555903,-0.00588874
1995-01-25,-0.00804142,-0.00458348,-0.00525188
1995-01-26,-0.00464063,-0.00276732,-0.00284179
1995-01-27,-0.00194690,0.00910555,0.00792352
1995-01-30,0.00355982,0.00142871,0.00197102
1995-01-31,-0.00651277,-0.00490447,-0.00553673
1995-02-01,-0.00327911,-0.00572948,-0.00624450
1995-02-02,-0.00200827,-0.00247038,-0.00311810
1995-02-03,-0.01215538,-0.00732920,-0.00774179
1995-02-06,-0.01775140,-0.01857779,-0.01712484
1995-02-07,0.00427817,0.00487393,0.00414976
1995-02-08,-0.00176269,-0.00284261,-0.00316772
1995-02-09,-0.00475302,-0.00545236,-0.00521689
1995-02-10,0.00300817,0.00296211,0.00267373
1995-02-13,0.00710923,0.00896854,0.00904380
1995-02-14,0.00380227,0.00502389,0.00546308
1995-02-15,0.00334024,0.00443740,0.00600650
1995-02-16,0.00378574,0.00588566,0.00625723
1995-02-17,-0.00542830,-0.00769622,-0.00970086
1995-02-20,0.00070519,0.00050252,0.00030632
1995-02-21,0.00084384,0.00047251,0.00167152
1995-02-22,0.00199042,-0.00073101,-0.00062508
1995-02-23,-0.00423772,-0.00632693,-0.00573417
1995-02-24,0.00597492,0.01153729,0.01455981
1995-02-27,0.00807161,0.01438238,0.01430194
1995-02-28,0.00160174,-0.00041938,0.00073526
1995-03-01,0.00419943,0.00776631,0.00899988
1995-03-02,0.00026916,-0.00073528,0.00049399
1995-03-03,0.00424920,0.00565031,0.00593689
1995-03-06,0.00370200,0.00364325,0.00294488
1995-03-07,-0.00464010,-0.01324178,-0.01687231
1995-03-08,0.00285746,0.00714944,0.00753670
1995-03-09,0.00291683,0.00233599,0.00255860
1995-03-10,0.00096108,-0.00291430,-0.00271998
1995-03-13,0.00236923,0.00145408,0.00143471
1995-03-14,0.00371751,-0.00014710,0.00162156
1995-03-15,-0.00255107,-0.00679993,-0.00783234
1995-03-16,-0.00651536,-0.01003287,-0.00923811
1995-03-17,-0.00148876,-0.00455586,-0.00524407
1995-03-20,-0.00644966,-0.00726277,-0.00764997
1995-03-21,-0.00290282,-0.00062246,-0.00165822
1995-03-22,-0.00410381,-0.00636381,-0.00741665
1995-03-23,0.00669328,0.00321592,0.00456980
1995-03-24,0.00869489,0.01024703,0.01376867
1995-03-27,0.00269871,0.00405867,0.00493006
1995-03-28,-0.00431975,-0.00779957,-0.00928882
1995-03-29,0.00646728,0.00298375,0.00375145
1995-03-30,-0.02142596,-0.02437808,-0.02386282
1995-03-31,0.00545146,0.00122949,-0.00242868
1995-04-03,0.00440998,0.00144436,0.00227238
1995-04-04,0.00496452,0.00098511,0.00298588
1995-04-05,0.00270600,0.00412127,0.00545570
1995-04-06,0.00372187,0.00721299,0.00784162
1995-04-07,0.00340466,0.00161118,0.00013715
1995-04-10,-0.00647187,-0.00383619,-0.00303581
1995-04-11,0.00842989,0.00505013,0.00504273
1995-04-12,-0.00269683,-0.00305449,-0.00371337
1995-04-13,0.00947813,0.00623094,0.00692042
1995-04-14,-0.00005527,-0.00004979,-0.00005804
1995-04-17,0.00886362,0.00578787,0.00448607
1995-04-18,0.00430717,0.00412630,0.00280076
1995-04-19,-0.01220470,-0.00819050,-0.00941008
1995-04-20,-0.00690818,0.00171895,0.00271266
1995-04-21,0.00445974,0.00684196,0.00732263
1995-04-24,0.00317251,-0.00261552,-0.00072206
1995-04-25,0.00566080,0.00443717,0.00312220
1995-04-26,-0.00823665,-0.00006853,0.00089255
1995-04-27,0.00223094,0.00170656,0.00182988
1995-04-28,-0.00217309,-0.00029481,0.00003201
1995-05-01,0.00051725,-0.00187575,-0.00302093
1995-05-02,0.00744519,0.00229458,0.00374822
1995-05-03,0.01663415,0.01101687,0.01489079
1995-05-04,0.01639640,0.01908621,0.02345139
1995-05-05,0.01550662,0.02472755,0.02828598
1995-05-08,0.00383411,0.00070952,0.00028360
1995-05-09,-0.01323727,-0.01080026,-0.00967153
1995-05-10,-0.00045325,-0.00028144,0.00169457
1995-05-11,-0.01195700,-0.01400898,-0.01197783
1995-05-12,-0.00480591,-0.00503103,-0.00505279
1995-05-15,0.00549724,0.00274770,0.00354958
1995-05-16,0.00949338,0.01088644,0.01293000
1995-05-17,-0.00263405,0.00051235,0.00057702
1995-05-18,-0.01794118,-0.01622577,-0.01838390
1995-05-19,-0.00310698,-0.00242316,-0.00316135
1995-05-22,0.00093347,-0.00664961,-0.00417068
1995-05-23,0.01737589,0.00917998,0.01149593
1995-05-24,0.01757193,0.01281368,0.01533417
1995-05-25,0.00451807,0.00047245,-0.00082388
1995-05-26,-0.01355760,-0.01979881,-0.02437114
1995-05-29,-0.00027068,0.00027479,0.00025884
1995-05-30,0.00769945,0.01584908,0.01743372
1995-05-31,0.00689251,0.00400021,0.00682463
1995-06-01,0.01891526,0.00992508,0.01193953
1995-06-02,0.01815631,0.01841236,0.02068494
1995-06-05,0.00607374,0.00358990,0.00637983
1995-06-06,-0.00525456,-0.00212718,-0.00226339
1995-06-07,-0.01666403,-0.01229570,-0.01395367
1995-06-08,-0.00899884,-0.00843777,-0.00944642
1995-06-09,-0.03573073,-0.03223463,-0.03659825
1995-06-12,0.00057027,0.00086492,0.00170808
1995-06-13,0.02936528,0.02649049,0.02849851
1995-06-14,0.00560126,0.00274785,0.00257723
1995-06-15,-0.00396222,-0.00574883,-0.00512494
1995-06-16,-0.00350443,0.00063500,0.00056005
1995-06-19,0.01597044,0.00270327,0.00376822
1995-06-20,-0.00383202,0.00188057,0.00136470
1995-06-21,0.00434482,0.00169628,0.00058612
1995-06-22,0.01644227,0.01203585,0.01442699
1995-06-23,-0.00713308,-0.00523294,-0.00726758
1995-06-26,-0.02528731,-0.01097215,-0.01505971
1995-06-27,-0.00662781,-0.00478849,-0.00458226
1995-06-28,0.00489114,0.00731938,0.00591124
1995-06-29,-0.01033026,-0.01632562,-0.01507398
1995-06-30,0.00308973,0.00780330,0.00773292
1995-07-03,0.00258355,0.00014885,0.00052673
1995-07-04,0.00156797,-0.00051621,-0.00005754
1995-07-05,0.01158490,0.00859557,0.01072430
1995-07-06,0.01800304,0.01466303,0.01412886
1995-07-07,0.00582485,0.00107483,0.00549996
1995-07-10,-0.00314291,0.00399518,0.00507167
1995-07-11,-0.00676022,-0.00467123,-0.00562012
1995-07-12,0.00570152,-0.00308592,-0.00321562
1995-07-13,0.00150759,0.00031032,-0.00036204
1995-07-14,-0.01011632,-0.00782439,-0.00844476
1995-07-17,0.00117184,-0.00448889,-0.00438543
1995-07-18,-0.01764761,-0.01303518,-0.01460575
1995-07-19,-0.02308609,-0.01485246,-0.01497778
1995-07-20,0.01217162,0.01217666,0.01382080
1995-07-21,-0.00208658,-0.00332054,-0.00358554
1995-07-24,0.00718790,0.00911875,0.00828875
1995-07-25,0.00295140,0.00274663,0.00423200
1995-07-26,-0.01314723,-0.01128174,-0.01344255
1995-07-27,0.00319572,0.00598310,0.00726279
1995-07-28,-0.00718210,-0.00727568,-0.00703769
1995-07-31,-0.00555380,-0.00139678,-0.00052503
1995-08-01,-0.00274255,0.00023776,-0.00073529
1995-08-02,0.00324253,0.01037171,0.01174949
1995-08-03,-0.00636445,-0.00708320,-0.00813052
1995-08-04,0.00065035,0.00379762,0.00513475
1995-08-07,-0.00470718,-0.00417204,-0.00469912
1995-08-08,0.00056062,-0.00004460,-0.00133638
1995-08-09,-0.00403634,-0.00274267,-0.00306976
1995-08-10,-0.00375755,0.00049564,0.00052759
1995-08-11,-0.00022693,0.00168626,0.00328774
1995-08-14,-0.00250940,-0.00705734,-0.00867014
1995-08-15,-0.00118463,0.00036280,-0.00127643
1995-08-16,0.00493965,0.00644537,0.00831675
1995-08-17,-0.00910062,-0.01045833,-0.01325265
1995-08-18,0.00363005,0.00318105,0.00477246
1995-08-21,-0.00388850,-0.00353989,-0.00361010
1995-08-22,0.00350588,0.00592671,0.00725942
1995-08-23,-0.00442703,-0.00140991,-0.00275361
1995-08-24,0.00423457,0.00649359,0.00760670
1995-08-25,0.00962554,0.01008772,0.01223295
1995-08-28,0.00029408,0.00168526,0.00156601
1995-08-29,0.00052615,0.00339673,0.00384710
1995-08-30,0.00198979,0.00486972,0.00538771
1995-08-31,-0.00561355,-0.00818493,-0.01009711
1995-09-01,0.00659556,0.00737438,0.01032767
1995-09-04,0.00084406,0.00131670,0.00172809
1995-09-05,0.00947242,0.01047657,0.01347020
1995-09-06,0.00941094,0.00911785,0.01003058
1995-09-07,-0.01044947,-0.01558326,-0.01940105
1995-09-08,0.00141281,0.00143467,0.00239706
1995-09-11,-0.00173949,-0.00177967,-0.00208942
1995-09-12,0.00802725,0.00740483,0.00786835
1995-09-13,0.00722038,0.00293503,0.00616997
1995-09-14,0.00837050,0.00534383,0.00677861
1995-09-15,0.00351401,0.00158853,0.00065517
1995-09-18,-0.00660142,-0.00866419,-0.01204302
1995-09-19,0.00911138,0.00950883,0.01064569
1995-09-20,0.00406937,0.00055691,0.00116429
1995-09-21,-0.03057566,-0.02804002,-0.03559882
1995-09-22,-0.00999805,-0.00617083,-0.01053180
1995-09-25,-0.00022176,0.00411824,0.00478906
1995-09-26,-0.00038835,-0.00246051,-0.00261909
1995-09-27,-0.00696616,-0.00186109,-0.00461545
1995-09-28,0.00172861,0.00047980,0.00029037
1995-09-29,0.01056470,0.00657340,0.00930487
1995-10-02,0.00882058,0.01221281,0.01612806
1995-10-03,0.00713149,0.00846681,0.00869716
1995-10-04,0.00355355,-0.00195276,-0.00023209
1995-10-05,-0.00074433,-0.00673587,-0.00526013
1995-10-06,0.00315772,0.00442361,0.00419534
1995-10-09,-0.01157341,-0.00675705,-0.00954083
1995-10-10,-0.00576684,-0.00242014,-0.00503708
1995-10-11,0.00620532,0.00234574,0.00229436
1995-10-12,0.00769181,0.00442440,0.00750013
1995-10-13,0.01434666,0.01150294,0.01555836
1995-10-16,-0.00173775,0.00084195,0.00027437
1995-10-17,0.00290999,0.00111610,0.00255537
1995-10-18,0.00023037,-0.00101808,-0.00198774
1995-10-19,0.00649787,0.00303945,0.00502962
1995-10-20,-0.02165746,-0.01902557,-0.02369125
1995-10-23,-0.01321014,-0.01366434,-0.01611535
1995-10-24,0.00896268,0.00870446,0.01003669
1995-10-25,-0.00301497,-0.00097051,-0.00219216
1995-10-26,-0.00651857,-0.00147156,-0.00349312
1995-10-27,0.00025738,0.00020219,-0.00005013
1995-10-30,0.00509180,0.00559054,0.00699245
1995-10-31,0.00204299,0.00593143,0.00661182
1995-11-01,0.01240638,0.00940644,0.01127593
1995-11-02,0.01012779,0.00849445,0.00928313
1995-11-03,-0.00205096,0.00126702,0.00161493
1995-11-06,0.00141762,0.00032311,0.00033246
1995-11-07,-0.01476861,-0.01683049,-0.02151125
1995-11-08,0.00800611,0.00387576,0.00607442
1995-11-09,-0.02005777,-0.01739460,-0.02100850
1995-11-10,-0.00697051,-0.00959086,-0.01305040
1995-11-13,0.00787277,0.00970692,0.01122474
1995-11-14,-0.00145805,0.00168257,0.00152427
1995-11-15,0.00083041,-0.00001553,0.00090130
1995-11-16,0.01727858,0.01298570,0.01675863
1995-11-17,0.00155333,0.00010508,0.00075119
1995-11-20,-0.00617363,-0.00520024,-0.00692832
1995-11-21,0.00113772,0.00272933,0.00282206
1995-11-22,0.00347089,0.00370554,0.00663890
1995-11-23,0.00010951,0.00165781,0.00123254
1995-11-24,0.00900532,0.00632755,0.00820688
1995-11-27,0.00342799,0.00493183,0.00687089
1995-11-28,-0.00114567,-0.00704637,-0.00762651
1995-11-29,0.01250010,0.00793463,0.01054805
1995-11-30,0.01358011,0.00775908,0.01030902
1995-12-01,0.01061904,0.00849775,0.01228050
1995-12-04,0.01554046,0.01382823,0.01702112
1995-12-05,-0.00250181,-0.00346000,-0.00412099
1995-12-06,0.00522127,0.00435454,0.00542591
1995-12-07,-0.01351828,-0.01095590,-0.01272411
1995-12-08,0.00030025,0.00021385,0.00041209
1995-12-11,0.00158275,-0.00297220,-0.00254382
1995-12-12,0.00372147,0.00585995,0.00764582
1995-12-13,0.01188751,0.01398341,0.01681029
1995-12-14,0.00097161,0.00450605,0.00469339
1995-12-15,0.00161542,0.00704931,0.00624582
1995-12-18,-0.02771083,-0.01776207,-0.02394529
1995-12-19,0.02716392,0.02418457,0.02834540
1995-12-20,-0.00111587,0.00055988,0.00189527
1995-12-21,-0.00488428,-0.00193350,-0.00229076
1995-12-22,0.00967349,0.00427879,0.00671442
1995-12-25,-0.00004892,-0.00005184,-0.00005855
1995-12-26,0.00584831,0.00649209,0.00612750
1995-12-27,0.02609559,0.03210364,0.03653427
1995-12-28,0.00202540,-0.00300483,-0.00011059
1995-12-29,0.01332864,0.01006633,0.01132209
1996-01-01,-0.00007125,-0.00006635,-0.00007308
1996-01-02,0.01005819,0.00687477,0.00447769
1996-01-03,0.01117784,0.00646829,0.00765477
1996-01-04,-0.00595408,-0.00259475,-0.00381485
1996-01-05,-0.00590055,-0.00130195,-0.00391442
1996-01-08,-0.00517573,-0.00322760,-0.00298605
1996-01-09,-0.00734392,-0.00526449,-0.00718813
1996-01-10,-0.03632317,-0.03253559,-0.03747422
1996-01-11,-0.02229275,-0.02887974,-0.02915699
1996-01-12,-0.00340783,-0.00808552,-0.00729458
1996-01-15,0.00019980,-0.00417962,-0.00133323
1996-01-16,0.00421721,-0.00606179,-0.00306288
1996-01-17,0.01116652,0.01743634,0.01905611
1996-01-18,0.01707329,0.01816830,0.02218810
1996-01-19,0.00384183,-0.00466780,-0.00202481
1996-01-22,-0.01041920,-0.01646572,-0.01731028
1996-01-23,-0.00387558,-0.00192460,-0.00397188
1996-01-24,0.02057438,0.01933089,0.02289015
1996-01-25,-0.01564718,-0.02489699,-0.02703999
1996-01-26,0.01105055,0.00908553,0.01116629
1996-01-29,-0.00305066,-0.00046141,-0.00231878
1996-01-30,0.01886814,0.01763603,0.02061516
1996-01-31,0.00399013,0.00431000,0.00495781
1996-02-01,-0.00199839,-0.01082062,-0.01003445
1996-02-02,-0.00281038,-0.00669310,-0.00584316
1996-02-05,-0.02825940,-0.02837488,-0.03382999
1996-02-06,0.00479720,0.00751926,0.00657624
1996-02-07,0.00279096,0.00831054,0.00710549
1996-02-08,0.00876153,0.00784236,0.00816259
1996-02-09,-0.00005990,0.00356656,0.00297967
1996-02-12,0.00728489,0.00967180,0.01116882
1996-02-13,0.00445914,0.01180229,0.01284525
1996-02-14,-0.00363758,-0.00863753,-0.01073846
1996-02-15,-0.01204562,-0.01231307,-0.01309656
1996-02-16,-0.00749688,-0.01144234,-0.01236520
1996-02-19,-0.00306102,-0.00309550,-0.00465840
1996-02-20,-0.03546507,-0.02641353,-0.03399369
1996-02-21,0.00870305,0.00892050,0.01012267
1996-02-22,-0.00054204,0.00792058,0.00781287
1996-02-23,-0.00468866,-0.01076319,-0.01155775
1996-02-26,-0.00904564,-0.00360116,-0.00597703
1996-02-27,0.00200170,0.00365501,0.00411435
1996-02-28,0.00067135,-0.00147926,0.00012414
1996-02-29,-0.00732612,-0.00164074,-0.00304214
1996-03-01,0.00557032,0.00704959,0.00881604
1996-03-04,-0.00207785,-0.00089069,-0.00056512
1996-03-05,0.00553881,0.00285814,0.00469662
1996-03-06,-0.00094783,0.00350599,0.00285697
1996-03-07,-0.00080680,-0.00567172,-0.00733701
1996-03-08,-0.01093224,-0.01342648,-0.01384817
1996-03-11,-0.00678862,0.00217673,-0.00073204
1996-03-12,-0.00252059,-0.00100971,-0.00206979
1996-03-13,0.00093618,0.00321520,0.00359550
1996-03-14,0.00604909,0.00661103,0.00698637
1996-03-15,0.00024822,0.00109159,0.00037264
1996-03-18,0.01238060,0.01656076,0.01669874
1996-03-19,-0.00027624,-0.00025759,0.00008187
1996-03-20,0.00040628,0.00387414,0.00453792
1996-03-21,0.00376165,0.00586038,0.00587842
1996-03-22,0.00902151,0.00831877,0.00753293
1996-03-25,-0.00225998,0.00175367,0.00177148
1996-03-26,-0.00002973,-0.00381559,-0.00426213
1996-03-27,0.00352123,-0.00055565,-0.00034369
1996-03-28,-0.00498534,-0.00650238,-0.00788479
1996-03-29,0.00918862,0.01433469,0.01594475
1996-04-01,0.01457038,0.01540647,0.01672764
1996-04-02,0.00327844,0.00634983,0.00629441
1996-04-03,-0.00083715,-0.00535293,-0.00579928
1996-04-04,0.01414050,0.01310415,0.01322396
1996-04-05,0.00981351,0.00548463,0.00437792
1996-04-08,0.00900951,0.00646188,0.00647567
1996-04-09,0.00751870,0.01182828,0.01367814
1996-04-10,0.02458041,0.02450811,0.02503475
1996-04-11,0.01619681,0.01532767,0.01358966
1996-04-12,-0.01682071,-0.01643899,-0.01334441
1996-04-15,-0.00125062,0.00215263,0.00488237
1996-04-16,-0.02519820,-0.02262897,-0.02257278
1996-04-17,-0.00052121,-0.00317537,-0.00375617
1996-04-18,-0.00450592,-0.01151441,-0.01301964
1996-04-19,0.00505766,0.00909258,0.01072529
1996-04-22,0.01228160,0.01177243,0.00998715
1996-04-23,0.01178755,0.01629607,0.01418121
1996-04-24,-0.00210089,-0.00390688,-0.00345118
1996-04-25,0.00537839,0.00482966,0.00330141
1996-04-26,-0.00349209,-0.00280836,0.00084079
1996-04-29,-0.00890255,-0.00757996,-0.00814228
1996-04-30,-0.00910652,-0.01068430,-0.00967175
1996-05-01,0.00410563,-0.00235312,-0.00252915
1996-05-02,-0.00741411,-0.01056126,-0.01500486
1996-05-03,0.00254522,0.00347168,0.00140332
1996-05-06,-0.00383698,-0.00269999,-0.00349001
1996-05-07,0.00306543,0.00311413,0.00327200
1996-05-08,0.00275071,0.00686377,0.00569612
1996-05-09,-0.00085181,-0.00257979,-0.00224631
1996-05-10,0.00528865,0.01429343,0.01668519
1996-05-13,0.00819791,0.00557196,0.00538787
1996-05-14,-0.00110538,0.00182567,0.00255369
1996-05-15,-0.00301454,-0.00302874,-0.00377925
1996-05-16,-0.00245465,-0.00766469,-0.00778275
1996-05-17,-0.00297722,-0.00376597,-0.00157690
1996-05-20,0.01427617,0.02861588,0.03032929
1996-05-21,-0.00831624,-0.01078843,-0.01206391
1996-05-22,0.00155977,0.00592381,0.00633657
1996-05-23,0.00049193,-0.00253098,-0.00402530
1996-05-24,0.00532212,0.00829598,0.01048550
1996-05-27,0.00004300,-0.00068579,-0.00062704
1996-05-28,-0.00170792,-0.00100554,-0.00191414
1996-05-29,-0.01011405,-0.01292343,-0.01218887
1996-05-30,-0.01039474,-0.01561086,-0.01711497
1996-05-31,-0.00183063,-0.00458729,-0.00585574
1996-06-03,0.00169998,0.00695363,0.00741483
1996-06-04,0.00932897,0.01552096,0.01997798
1996-06-05,-0.00406971,-0.00691156,-0.00526673
1996-06-06,-0.00211406,0.00278111,0.00205155
1996-06-07,0.01969053,0.01310839,0.01379589
1996-06-10,0.00191232,0.00070772,0.00003009
1996-06-11,0.00382381,0.00302131,0.00448152
1996-06-12,-0.00399814,-0.00481478,-0.00521582
1996-06-13,-0.00409476,-0.00349406,-0.00398206
1996-06-14,-0.00628300,-0.00079411,-0.00258086
1996-06-17,0.00458082,0.01235970,0.01337198
1996-06-18,-0.00704423,-0.01057099,-0.01053811
1996-06-19,0.00325734,-0.00014912,0.00057587
1996-06-20,0.00348989,0.00792865,0.00740300
1996-06-21,0.00919221,0.01085792,0.01221661
1996-06-24,-0.00522279,-0.00501645,-0.00571993
1996-06-25,-0.00269686,0.00027182,-0.00005541
1996-06-26,0.00367464,0.01221818,0.01266165
1996-06-27,0.00084572,0.00418121,0.00542495
1996-06-28,0.00630892,0.01266195,0.01314987
1996-07-01,-0.00391873,-0.00246678,-0.00465059
1996-07-02,0.00131111,-0.00452883,-0.00435962
1996-07-03,0.00558728,0.00902179,0.00927860
1996-07-04,0.00157559,0.00117271,0.00108235
1996-07-05,0.00646132,-0.00166825,-0.00302667
1996-07-08,0.00545364,0.00964455,0.01219588
1996-07-09,-0.00801467,-0.00463879,-0.00709433
1996-07-10,0.00562049,0.00985897,0.01076903
1996-07-11,-0.00434161,0.00421581,0.00326003
1996-07-12,0.00548184,0.00803734,0.00738066
1996-07-15,-0.00286679,0.00032976,-0.00271315
1996-07-16,-0.01092277,-0.00789168,-0.00683655
1996-07-17,-0.01857930,-0.02171679,-0.02284611
1996-07-18,-0.01679711,-0.01038594,-0.01106295
1996-07-19,-0.00921278,-0.01284134,-0.01370065
1996-07-22,-0.00750022,-0.00814702,-0.00961828
1996-07-23,0.00855992,0.01006370,0.01073427
1996-07-24,-0.00349018,-0.00483864,-0.00445583
1996-07-25,0.00379260,0.00309696,0.00399781
1996-07-26,-0.01482443,-0.01608186,-0.01802002
1996-07-29,0.00580427,0.00518056,0.00521147
1996-07-30,-0.00119413,0.00273944,0.00326849
1996-07-31,-0.00969896,-0.01283374,-0.01484005
1996-08-01,0.00771240,0.01729537,0.01943579
1996-08-02,0.00322021,0.00639704,0.00815594
1996-08-05,-0.00338555,-0.00641264,-0.00760112
1996-08-06,-0.00022748,-0.00166688,-0.00215330
1996-08-07,0.00457383,0.00698771,0.00823072
1996-08-08,0.00164531,0.00190221,0.00177853
1996-08-09,0.00340565,0.00930962,0.01028949
1996-08-12,0.00400998,0.00693809,0.00769770
1996-08-13,0.00210572,0.00342867,0.00419615
1996-08-14,-0.00117515,-0.00116365,-0.00069933
1996-08-15,-0.00289917,-0.00389614,-0.00397168
1996-08-16,0.02170036,0.02049563,0.02382908
1996-08-19,0.00443525,0.00365594,0.00315399
1996-08-20,-0.00690684,-0.00770066,-0.00819924
1996-08-21,-0.00395074,-0.00371059,-0.00327810
1996-08-22,0.01263125,0.01198215,0.01264637
1996-08-23,-0.00972697,-0.01186959,-0.01236747
1996-08-26,-0.00935297,-0.01139594,-0.01254416
1996-08-27,-0.00559534,-0.00441198,-0.00647001
1996-08-28,0.00860636,0.00960822,0.01173825
1996-08-29,0.00499989,0.00912150,0.00904572
1996-08-30,-0.00589452,-0.00221692,-0.00454564
1996-09-02,0.00663789,0.00647571,0.00673319
1996-09-03,0.01290972,0.02010746,0.01984172
1996-09-04,-0.00028202,-0.00612316,-0.00579311
1996-09-05,0.01109265,0.01177224,0.01326110
1996-09-06,0.01151182,0.01039152,0.01207514
1996-09-09,-0.00156739,-0.00156982,0.00078166
1996-09-10,0.01390430,0.01506785,0.01591772
1996-09-11,0.01611959,0.01388004,0.01437934
1996-09-12,0.01039891,0.01087508,0.01219495
1996-09-13,-0.00470227,-0.00315960,-0.00176835
1996-09-16,-0.02321050,-0.02823121,-0.02819227
1996-09-17,-0.00018860,-0.00139930,-0.00164436
1996-09-18,0.00021039,0.00057335,-0.00083779
1996-09-19,0.00049446,-0.00184535,0.00157953
1996-09-20,0.00743887,0.00906569,0.00971961
1996-09-23,-0.00166008,0.00231936,-0.00025437
1996-09-24,0.00865114,0.01167997,0.01016181
1996-09-25,0.01127590,0.01432451,0.01750946
1996-09-26,0.00614364,0.00698753,0.00981742
1996-09-27,0.00843066,0.00617886,0.00796170
1996-09-30,0.00254654,0.00044172,0.00171744
1996-10-01,0.00732331,0.00581135,0.00848549
1996-10-02,0.00593938,0.00669050,0.00888771
1996-10-03,0.00950787,0.00863275,0.00868806
1996-10-04,0.01664464,0.01753674,0.02072632
1996-10-07,0.01681356,0.01382895,0.01568795
1996-10-08,-0.00095954,0.00230298,0.00132757
1996-10-09,-0.01331922,-0.01378160,-0.01533946
1996-10-10,-0.03001222,-0.02884308,-0.03232158
1996-10-11,0.02346167,0.01904516,0.02251523
1996-10-14,0.01459619,0.01611340,0.01773213
1996-10-15,0.00861678,0.00273169,0.00573017
1996-10-16,-0.01200282,-0.01487407,-0.01660905
1996-10-17,0.02061868,0.02200927,0.02535630
1996-10-18,0.01452569,0.01316906,0.01585199
1996-10-21,0.00076024,-0.00261811,-0.00278248
1996-10-22,-0.01282952,-0.01312783,-0.01720694
1996-10-23,-0.01231031,-0.00959607,-0.01023390
1996-10-24,-0.00985245,-0.00388893,-0.00474565
1996-10-25,0.01310741,0.01176478,0.01549441
1996-10-28,-0.00044736,0.00052775,-0.00066479
1996-10-29,0.01015375,0.00711443,0.01187423
1996-10-30,0.00282634,0.00043903,0.00037742
1996-10-31,0.00721714,0.00346042,0.00882207
1996-11-01,-0.00195021,-0.00117349,-0.00256644
1996-11-04,-0.00110856,-0.00032834,-0.00071845
1996-11-05,0.01675891,0.01449051,0.01672950
1996-11-06,0.01645270,0.01149998,0.01776038
1996-11-07,-0.01738740,-0.01339372,-0.01820187
1996-11-08,0.01000595,0.01178473,0.01140930
1996-11-11,-0.01117363,-0.01517350,-0.01767599
1996-11-12,0.00492007,0.01019576,0.01159598
1996-11-13,0.00443634,0.00669358,0.00597602
1996-11-14,0.02157051,0.01910576,0.02285742
1996-11-15,-0.00887534,-0.01046661,-0.01075731
1996-11-18,-0.00059121,-0.00115435,0.00075417
1996-11-19,0.02254085,0.01866478,0.01988055
1996-11-20,-0.01257542,-0.01530776,-0.01478576
1996-11-21,0.01010213,0.01720311,0.01798381
1996-11-22,0.00051480,-0.00316892,-0.00189353
1996-11-25,0.01647414,0.01392510,0.01926417
1996-11-26,0.00923541,0.00546884,0.00657674
1996-11-27,0.00560430,0.00587792,0.00600356
1996-11-28,-0.00478570,-0.00162881,-0.00251927
1996-11-29,0.02322959,0.01990104,0.02288499
1996-12-02,0.02265280,0.02741833,0.02905051
1996-12-03,-0.02194626,-0.01723079,-0.02031423
1996-12-04,-0.02064239,-0.02101692,-0.02487467
1996-12-05,-0.01790985,-0.01448630,-0.01862800
1996-12-06,-0.01935044,-0.01090408,-0.01512451
1996-12-09,0.02148048,0.01516426,0.02131461
1996-12-10,-0.00791265,-0.01305207,-0.01235946
1996-12-11,-0.04783473,-0.04804195,-0.05474215
1996-12-12,-0.00387890,0.00361992,0.00141232
1996-12-13,0.01477947,0.02518837,0.02425342
1996-12-16,0.00714240,0.01265317,0.01123052
1996-12-17,-0.00662383,-0.00620928,-0.00710635
1996-12-18,-0.00292561,-0.00368588,-0.00492910
1996-12-19,0.01971083,0.01963859,0.02091512
1996-12-20,0.00686088,0.00199118,0.00308285
1996-12-23,0.00329855,-0.00062141,0.00109710
1996-12-24,0.00609917,0.00841975,0.00733808
1996-12-25,-0.00004524,-0.00004422,-0.00005032
1996-12-26,-0.00598598,-0.00803263,-0.00815208
1996-12-27,0.00468126,0.00401357,0.00592819
1996-12-30,0.00186996,0.00066837,0.00203965
1996-12-31,-0.00555736,0.00015181,-0.00102045
1997-01-01,-0.00005726,-0.00005728,-0.00006924
1997-01-02,-0.00911925,-0.00410250,-0.00724866
1997-01-03,0.02393802,0.02311906,0.02401291
1997-01-06,0.01490715,0.02073700,0.02100267
1997-01-07,-0.01079782,-0.01060178,-0.01172555
1997-01-08,0.01427717,0.01614463,0.01610231
1997-01-09,-0.00588083,-0.00531478,-0.00643778
1997-01-10,-0.01522588,-0.01848318,-0.02069578
1997-01-13,-0.00427865,-0.00769650,-0.00541109
1997-01-14,0.01261065,0.01303013,0.01323758
1997-01-15,0.01753184,0.02280724,0.02294398
1997-01-16,-0.00940620,-0.01572825,-0.01520664
1997-01-17,0.00230290,-0.00014830,-0.00059852
1997-01-20,0.00668834,0.00607789,0.00781210
1997-01-21,0.01099588,0.01094309,0.01069637
1997-01-22,0.01241002,0.01252481,0.01290629
1997-01-23,-0.00794998,-0.00911821,-0.00975981
1997-01-24,-0.02790647,-0.02560088,-0.02875649
1997-01-27,-0.00479044,-0.00630898,-0.00756170
1997-01-28,0.01918059,0.01809221,0.02008906
1997-01-29,0.00382852,0.00386269,0.00187797
1997-01-30,0.01723488,0.01472484,0.01449734
1997-01-31,0.00273371,0.00023280,0.00188897
1997-02-03,-0.00225377,-0.00060193,-0.00164293
1997-02-04,0.00830293,0.01081640,0.01139099
1997-02-05,0.00113547,0.00829121,0.00997411
1997-02-06,-0.00630182,-0.01226737,-0.01253902
1997-02-07,0.00429398,-0.00094167,0.00037768
1997-02-10,-0.00376416,-0.00118605,-0.00144234
1997-02-11,0.00681688,0.00833059,0.00802806
1997-02-12,-0.00365718,-0.01102209,-0.01172133
1997-02-13,0.00922693,0.00973865,0.01090143
1997-02-14,-0.00055042,0.00235435,0.00306643
1997-02-17,-0.00102116,-0.00175147,-0.00194962
1997-02-18,-0.00013537,0.00270399,0.00269221
1997-02-19,0.00353255,0.00524565,0.00537643
1997-02-20,-0.01550350,-0.02193994,-0.02225459
1997-02-21,-0.00338601,-0.00382089,-0.00449657
1997-02-24,-0.00123466,-0.01106605,-0.01260617
1997-02-25,-0.00314438,-0.00314181,-0.00382880
1997-02-26,-0.01141129,-0.01515380,-0.01961731
1997-02-27,-0.01798732,-0.02237068,-0.02212512
1997-02-28,-0.00906458,-0.00829046,-0.01032845
1997-03-03,0.00497131,0.00400093,0.00447838
1997-03-04,0.00133620,0.00625354,0.00810045
1997-03-05,-0.00442041,-0.00749062,-0.00875964
1997-03-06,0.00307515,0.00486027,0.00579962
1997-03-07,0.00575616,0.01236606,0.01321196
1997-03-10,0.00587723,-0.00430585,-0.00434751
1997-03-11,0.00153036,-0.00422929,-0.00482960
1997-03-12,-0.01760033,-0.00880298,-0.00938195
1997-03-13,-0.00256873,-0.00395331,-0.00377730
1997-03-14,0.00320223,0.00733210,0.00763896
1997-03-17,-0.00444420,-0.00578856,-0.00674556
1997-03-18,-0.01414183,-0.00696360,-0.00672579
1997-03-19,-0.00038745,0.00019937,-0.00085801
1997-03-20,-0.00004887,0.00483065,0.00323317
1997-03-21,-0.00214151,-0.00029299,-0.00109547
1997-03-24,-0.00171964,-0.00081336,-0.00213312
1997-03-25,0.00684689,0.00734013,0.00929218
1997-03-26,0.00143893,-0.00690855,-0.00663833
1997-03-27,-0.00060322,-0.00017418,0.00278677
1997-03-28,-0.00004943,-0.00004323,-0.00004402
1997-03-31,-0.00005910,0.00069024,0.00208996
1997-04-01,-0.00505694,-0.00755054,-0.00869779
1997-04-02,-0.00021111,0.00018150,0.00080323
1997-04-03,-0.00877736,-0.00939051,-0.00980015
1997-04-04,0.00647882,0.00061171,0.00230491
1997-04-07,0.00033705,0.00567940,0.00365756
1997-04-08,0.00461264,0.00478053,0.00572847
1997-04-09,0.00707354,0.00689339,0.00698288
1997-04-10,-0.00198898,-0.00015749,-0.00020457
1997-04-11,0.00529027,0.00340776,0.00457974
1997-04-14,0.00340041,0.00338658,0.00309988
1997-04-15,-0.00437286,0.00289911,0.00242593
1997-04-16,-0.00355537,-0.00538097,-0.00595496
1997-04-17,0.00347391,0.00622084,0.00392868
1997-04-18,-0.00069349,0.00072869,0.00011484
1997-04-21,-0.00473845,-0.00584653,-0.00569009
1997-04-22,0.00719624,0.00608210,0.00729003
1997-04-23,0.00325647,0.00183937,0.00394765
1997-04-24,-0.00007967,-0.00184156,-0.00145288
1997-04-25,0.00471400,0.00202317,0.00150381
1997-04-28,0.00124454,0.00138760,0.00252088
1997-04-29,-0.01156935,-0.00063174,-0.00425639
1997-04-30,0.00048483,0.00396417,0.00232140
1997-05-01,-0.00917231,-0.00919464,-0.01053058
1997-05-02,0.00488429,0.00192994,0.00335055
1997-05-05,-0.00245717,-0.00325304,-0.00379687
1997-05-06,0.00574475,0.00076582,0.00529764
1997-05-07,-0.00287994,-0.00543660,-0.00478404
1997-05-08,-0.00719990,-0.00142155,-0.00280642
1997-05-09,-0.00257334,-0.00693552,-0.00583341
1997-05-12,0.00376974,0.00562292,0.00474180
1997-05-13,-0.00323558,-0.00389376,-0.00364582
1997-05-14,0.00554555,0.00505986,0.00620217
1997-05-15,-0.00718843,-0.00771270,-0.00927370
1997-05-16,0.00080682,0.00617092,0.00799593
1997-05-19,0.00253784,0.00066947,-0.00062045
1997-05-20,-0.00230282,-0.00236010,-0.00267882
1997-05-21,0.00493768,0.00543373,0.00528967
1997-05-22,-0.00385637,-0.00270561,-0.00275507
1997-05-23,0.00186633,-0.00243748,-0.00161333
1997-05-26,0.00387762,0.00201360,0.00273131
1997-05-27,-0.00431305,-0.01096880,-0.01267854
1997-05-28,0.01500318,0.01185517,0.00868644
1997-05-29,-0.00575116,0.00037494,0.00024834
1997-05-30,0.00263853,0.00565495,0.00718970
1997-06-02,-0.01177633,-0.00457020,-0.00423963
1997-06-03,-0.00529781,-0.00358818,-0.00345048
1997-06-04,0.00168987,0.00025489,0.00055832
1997-06-05,-0.00176172,-0.00314101,-0.00367319
1997-06-06,0.01168486,0.00996275,0.01184185
1997-06-09,0.00180101,-0.00428265,-0.00379018
1997-06-10,0.00810536,0.00401558,0.00469158
1997-06-11,0.00424445,0.00260677,0.00128386
1997-06-12,0.00692863,0.00968435,0.01105547
1997-06-13,0.01050258,0.00556947,0.00761286
1997-06-16,0.00363183,0.00417341,0.00488449
1997-06-17,-0.01413352,-0.00914227,-0.01109217
1997-06-18,0.00333592,0.00631528,0.00790784
1997-06-19,0.00341903,-0.00196238,-0.00238416
1997-06-20,0.00268583,0.00370473,0.00423655
1997-06-23,-0.01551237,-0.01359943,-0.01490098
1997-06-24,0.00709034,0.00100602,0.00093065
1997-06-25,-0.00424957,-0.00580647,-0.00694261
1997-06-26,-0.00243016,-0.00720757,-0.00728459
1997-06-27,0.00927800,0.00984657,0.01097802
1997-06-30,-0.00742206,-0.00785530,-0.00961580
1997-07-01,0.02036343,0.00887272,0.01102671
1997-07-02,0.00751731,0.00668193,0.00822071
1997-07-03,0.02124924,0.02515090,0.02963680
1997-07-04,0.00084227,0.00068524,0.00104896
1997-07-07,0.01790540,0.01973309,0.02398569
1997-07-08,-0.01062334,-0.00982835,-0.01103967
1997-07-09,-0.00840791,-0.00652716,-0.00498845
1997-07-10,0.00558820,0.00243565,0.00230411
1997-07-11,0.01214867,0.01017903,0.01191796
1997-07-14,-0.00600123,-0.00211680,-0.00222383
1997-07-15,-0.00926349,-0.01079912,-0.01260903
1997-07-16,0.03068960,0.02617803,0.02757076
1997-07-17,-0.00835491,-0.00631209,-0.00634037
1997-07-18,-0.02520780,-0.01576964,-0.01341246
1997-07-21,-0.00146068,-0.00037171,-0.00072680
1997-07-22,0.02340798,0.02114489,0.02275429
1997-07-23,0.00823980,0.00549677,0.00678730
1997-07-24,0.00532995,0.00726757,0.00605353
1997-07-25,-0.00324454,0.00037065,-0.00068032
1997-07-28,-0.00680143,-0.00322328,-0.00444882
1997-07-29,0.00299932,0.00700183,0.00720623
1997-07-30,0.01340706,0.00650434,0.00633854
1997-07-31,0.00170926,0.00582146,0.00640870
1997-08-01,-0.02156950,-0.01543278,-0.01856397
1997-08-04,0.00166823,0.00436465,0.00095669
1997-08-05,0.01469299,0.01358515,0.01216400
1997-08-06,0.00722805,0.00066864,0.00267063
1997-08-07,-0.00296833,-0.00365146,-0.00295586
1997-08-08,-0.03449947,-0.03266419,-0.03686940
1997-08-11,0.00207061,0.00241061,0.00230291
1997-08-12,-0.00762342,-0.00461239,-0.00341225
1997-08-13,-0.00465173,-0.00239256,-0.00116286
1997-08-14,0.00805954,0.01154985,0.01285336
1997-08-15,-0.03204977,-0.02018430,-0.01690803
1997-08-18,0.00884920,0.00635897,0.00641761
1997-08-19,-0.00047330,0.00109142,0.00044425
1997-08-20,0.00985079,0.00352792,0.00205212
1997-08-21,-0.02135396,-0.01805223,-0.01794920
1997-08-22,-0.01241134,-0.00827486,-0.00862260
1997-08-25,0.00165938,0.00087419,0.00103772
1997-08-26,-0.00732444,-0.00626860,-0.00405161
1997-08-27,-0.00007350,-0.00010533,-0.00079763
1997-08-28,0.00064790,0.00590315,0.00814987
1997-08-29,-0.00414925,0.00109316,0.00047192
1997-09-01,0.00201007,0.00272468,0.00253293
1997-09-02,0.01630667,0.00919868,0.00839836
1997-09-03,-0.00233439,-0.00327931,-0.00292962
1997-09-04,-0.00384403,-0.00164102,-0.00202831
1997-09-05,-0.00449668,-0.00720800,-0.00781589
1997-09-08,0.00300849,0.00167832,0.00271288
1997-09-09,-0.00072640,-0.00010081,0.00007910
1997-09-10,-0.00466412,-0.00128249,-0.00075004
1997-09-11,0.00150521,0.00484635,0.00547439
1997-09-12,0.00755643,0.00708252,0.00745593
1997-09-15,0.00164516,-0.00108356,-0.00147169
1997-09-16,0.01510080,0.01578246,0.01694563
1997-09-17,0.00544927,0.00517050,0.00662441
1997-09-18,0.00744467,0.00381226,0.00382988
1997-09-19,-0.00099956,0.00262239,0.00153663
1997-09-22,0.00934001,0.00631570,0.00711385
1997-09-23,-0.00896221,-0.00770736,-0.00818212
1997-09-24,-0.00160224,-0.00179728,-0.00189032
1997-09-25,-0.01273930,-0.01758429,-0.01952866
1997-09-26,0.02083567,0.01403112,0.01410733
1997-09-29,-0.00866910,-0.00564982,-0.00780374
1997-09-30,-0.00493320,-0.00571876,-0.00529002
1997-10-01,0.01446255,0.01387196,0.01433623
1997-10-02,0.01122956,0.00873696,0.01032285
1997-10-03,0.01175332,0.00517658,0.00627814
1997-10-06,-0.00409078,0.00057181,0.00044048
1997-10-07,0.00369374,0.00497270,0.00438241
1997-10-08,-0.02061765,-0.01685897,-0.01917387
1997-10-09,-0.01121194,-0.00763678,-0.00802868
1997-10-10,-0.00216168,-0.00442984,-0.00605205
1997-10-13,-0.00267431,0.00068963,0.00013343
1997-10-14,0.00445182,0.01084602,0.01118977
1997-10-15,-0.00051617,0.00056828,0.00029290
1997-10-16,0.00062334,-0.00129777,-0.00197769
1997-10-17,-0.01518534,-0.01178160,-0.01048255
1997-10-20,0.00347018,0.00366930,0.00306671
1997-10-21,0.00910425,0.00443426,0.00390600
1997-10-22,0.00255024,0.00220420,0.00269454
1997-10-23,-0.00243196,0.00520909,0.00695661
1997-10-24,0.00070176,0.00341054,0.00573318
1997-10-27,-0.02646065,-0.02134558,-0.01636384
1997-10-28,-0.00578791,-0.00676701,-0.00778781
1997-10-29,-0.00641584,-0.00622362,-0.00488473
1997-10-30,0.00415207,0.00379628,0.00483680
1997-10-31,0.00236488,0.00058086,0.00151148
1997-11-03,-0.00947617,-0.00844342,-0.00833949
1997-11-04,-0.00112771,0.00076610,-0.00085202
1997-11-05,-0.00008487,0.00109576,0.00105960
1997-11-06,0.00554853,0.00327773,0.00381845
1997-11-07,0.01132372,0.00995155,0.01087801
1997-11-10,-0.00347430,-0.00061813,-0.00104657
1997-11-11,0.00328169,0.00262806,0.00216433
1997-11-12,0.00744126,0.00829139,0.00794997
1997-11-13,0.00005415,-0.00129730,0.00070185
1997-11-14,0.00001812,-0.00180855,-0.00043677
1997-11-17,-0.00521355,-0.00192002,0.00033048
1997-11-18,-0.00092425,0.00141970,0.00196387
1997-11-19,0.01297122,0.01311827,0.01306202
1997-11-20,-0.00528271,-0.00336713,-0.00385541
1997-11-21,0.00147070,-0.00011354,0.00349098
1997-11-24,-0.00377280,-0.00140770,-0.00318231
1997-11-25,0.00538216,0.00515855,0.00317218
1997-11-26,0.00381736,0.00384539,0.00368115
1997-11-27,-0.00377365,-0.00237949,-0.00331936
1997-11-28,0.00253380,0.00258326,0.00242662
1997-12-01,0.01476783,0.01306248,0.01399983
1997-12-02,-0.00471710,-0.00528380,-0.00376080
1997-12-03,0.00559653,0.00498809,0.00545515
1997-12-04,0.00594530,0.00350962,0.00223443
1997-12-05,-0.00669393,-0.00665179,-0.01077400
1997-12-08,-0.00895590,-0.00886831,-0.01120145
1997-12-09,0.00936029,0.00964503,0.01070075
1997-12-10,0.01005194,0.00563419,0.00712133
1997-12-11,0.01698688,0.01473866,0.01770742
1997-12-12,0.00471896,0.00286276,0.00519919
1997-12-15,0.00362713,0.00131228,-0.00152343
1997-12-16,0.01117705,0.00850452,0.00762188
1997-12-17,-0.03328383,-0.02694688,-0.02711184
1997-12-18,0.00828550,0.00866779,0.00980884
1997-12-19,0.00888812,0.01032856,0.01353348
1997-12-22,0.00751683,0.00887298,0.00782013
1997-12-23,-0.00079681,-0.00344867,-0.00181264
1997-12-24,-0.00426057,-0.00022315,-0.00055849
1997-12-25,-0.00004223,-0.00004299,-0.00004598
1997-12-26,0.00425200,0.00479073,0.00502961
1997-12-29,0.01542579,0.01224526,0.01205527
1997-12-30,-0.01392476,-0.01175181,-0.01316018
1997-12-31,0.00717693,0.00659279,0.00904274
1998-01-01,-0.00005172,-0.00004809,-0.00005542
1998-01-02,0.01787647,0.01321904,0.01664127
1998-01-05,0.05035743,0.04567790,0.05176335
1998-01-06,0.01136321,0.00996188,0.00985024
1998-01-07,-0.01106245,-0.00862147,-0.01131477
1998-01-08,0.01958817,0.01464562,0.01724443
1998-01-09,0.01018995,0.01200032,0.01629938
1998-01-12,0.01611815,0.01562110,0.01491089
1998-01-13,-0.02344648,-0.02036691,-0.02049766
1998-01-14,-0.01663019,-0.01506686,-0.01394425
1998-01-15,0.00373647,0.00404048,0.00282140
1998-01-16,-0.02785780,-0.02529365,-0.02457269
1998-01-19,-0.01151927,-0.00982084,-0.00862193
1998-01-20,0.00628698,0.00468572,0.00453869
1998-01-21,0.00927839,0.00568725,0.00639981
1998-01-22,0.00827656,0.01305180,0.01112651
1998-01-23,-0.02741177,-0.02435373,-0.02535117
1998-01-26,-0.01871800,-0.02265177,-0.02271128
1998-01-27,-0.01632584,-0.01612089,-0.01647566
1998-01-28,-0.01079718,-0.01189436,-0.01162544
1998-01-29,0.00775812,0.00339635,0.00317738
1998-01-30,0.00807038,0.01284701,0.01378209
1998-02-02,-0.01007313,-0.01191424,-0.01002528
1998-02-03,0.01524736,0.01381157,0.01328678
1998-02-04,0.00377299,0.00136067,0.00081896
1998-02-05,-0.00711347,-0.00746115,-0.00827514
1998-02-06,0.00113612,0.00086822,0.00043908
1998-02-09,-0.00749398,-0.00538356,-0.00404315
1998-02-10,0.00266798,-0.00085716,-0.00200993
1998-02-11,0.01270259,0.01656236,0.01713264
1998-02-12,0.00441736,0.00545006,0.00504764
1998-02-13,0.00675385,0.00599583,0.00626113
1998-02-16,0.00427873,0.00232639,0.00156445
1998-02-17,0.01192900,0.01098018,0.01219630
1998-02-18,-0.01583493,-0.02105761,-0.02017622
1998-02-19,0.00013072,0.00037799,-0.00115382
1998-02-20,0.00846547,0.00751997,0.00720723
1998-02-23,0.01955100,0.01998215,0.01699094
1998-02-24,-0.01216080,-0.00416816,-0.00656102
1998-02-25,0.00417609,-0.00013359,0.00058260
1998-02-26,-0.00337103,-0.00845111,-0.00841308
1998-02-27,-0.01217843,-0.01220539,-0.01105079
1998-03-02,-0.00608347,-0.00713360,-0.00902004
1998-03-03,0.00072337,0.00363913,0.00257358
1998-03-04,-0.00417306,-0.00022250,-0.00055402
1998-03-05,0.00365014,0.01133223,0.01113196
1998-03-06,0.01884718,0.01262536,0.01294857
1998-03-09,0.02333833,0.02197342,0.02182174
1998-03-10,0.01184084,0.00767987,0.00742569
1998-03-11,0.00611589,0.00618314,0.00627249
1998-03-12,-0.00017100,-0.00064133,0.00013863
1998-03-13,0.00235219,0.00163883,0.00159311
1998-03-16,0.03806954,0.03857264,0.03797700
1998-03-17,-0.00101829,-0.00051444,0.00019122
1998-03-18,-0.02731938,-0.02760306,-0.02722477
1998-03-19,0.00919657,0.00575475,0.00563337
1998-03-20,0.00740859,0.00543614,0.00594213
1998-03-23,-0.04157925,-0.04480972,-0.04460441
1998-03-24,0.01206281,0.01268732,0.01226972
1998-03-25,-0.01165742,-0.01405085,-0.01391434
1998-03-26,-0.00673952,-0.00223237,-0.00222655
1998-03-27,-0.00617433,-0.00293371,-0.00269200
1998-03-30,0.00272502,0.00949817,0.00834521
1998-03-31,0.01463013,0.01453599,0.01457790
1998-04-01,0.02146464,0.01782034,0.01962725
1998-04-02,0.00704123,0.00299974,0.00352748
1998-04-03,0.00925925,0.00648252,0.00892983
1998-04-06,0.00231177,0.00679824,0.00681067
1998-04-07,-0.00237719,-0.00170578,-0.00134063
1998-04-08,-0.00886368,-0.00816709,-0.00878369
1998-04-09,0.00747628,0.00601403,0.00527345
1998-04-10,-0.00004978,-0.00004601,-0.00004772
1998-04-13,-0.00361365,0.00221190,-0.00043160
1998-04-14,0.01393004,0.01349668,0.01351672
1998-04-15,-0.01299860,-0.01449516,-0.01258262
1998-04-16,-0.01806475,-0.01359844,-0.01221506
1998-04-17,0.00608298,0.00437915,0.00283589
1998-04-20,0.00375141,0.00413272,0.00151286
1998-04-21,-0.00134989,-0.00765533,-0.00942343
1998-04-22,0.00380059,0.01232911,0.01016252
1998-04-23,-0.00924183,-0.00206739,-0.00360188
1998-04-24,-0.00508833,-0.00168113,-0.00113694
1998-04-27,-0.02878331,-0.01821516,-0.02093196
1998-04-28,-0.00035060,-0.00435380,-0.00281532
1998-04-29,0.01243595,0.01141292,0.01081658
1998-04-30,0.01207284,0.00508869,0.00697725
1998-05-01,-0.00086228,-0.00699303,-0.00467773
1998-05-04,0.00013225,-0.00036772,-0.00074624
1998-05-05,-0.00084268,0.00356168,0.00150068
1998-05-06,-0.01071265,-0.00386004,-0.00454631
1998-05-07,-0.00387270,-0.00133406,-0.00238250
1998-05-08,0.00875210,0.00506797,0.00544738
1998-05-11,0.00208842,0.00233414,0.00229764
1998-05-12,0.01462871,0.01244570,0.01143379
1998-05-13,0.01909160,0.02464035,0.02230924
1998-05-14,-0.00792645,-0.00394911,-0.00369708
1998-05-15,0.00774445,0.01448301,0.01306586
1998-05-18,0.00899263,0.01017427,0.01084959
1998-05-19,0.00578429,0.00462609,0.00377530
1998-05-20,-0.00121118,-0.00170621,-0.00143954
1998-05-21,-0.00931980,-0.00868522,-0.00834406
1998-05-22,0.00260825,0.00135611,0.00144303
1998-05-25,-0.00033500,-0.00003450,0.00004794
1998-05-26,0.02148560,0.02208590,0.02157169
1998-05-27,0.00982662,0.00568301,0.00724298
1998-05-28,0.00377993,0.00267127,0.00318113
1998-05-29,-0.00687823,-0.00737430,-0.00626204
1998-06-01,0.02176785,0.01786781,0.01745303
1998-06-02,-0.01384013,-0.01065335,-0.01099408
1998-06-03,0.00300866,0.00458914,0.00450019
1998-06-04,0.00133383,0.00229623,0.00048362
1998-06-05,0.01793526,0.01105205,0.01138170
1998-06-08,0.00907001,0.01001626,0.00981844
1998-06-09,0.02143397,0.02375297,0.02140793
1998-06-10,0.01968290,0.01823039,0.02057941
1998-06-11,0.02141297,0.02538868,0.02846229
1998-06-12,0.00013218,0.00359268,0.00341363
1998-06-15,0.03348591,0.03495281,0.03559862
1998-06-16,-0.02965929,-0.02478866,-0.02863925
1998-06-17,-0.06971607,-0.06513927,-0.06882238
1998-06-18,0.01124790,0.01374111,0.01609061
1998-06-19,-0.02266459,-0.01832129,-0.01681805
1998-06-22,0.00476625,0.00208325,0.00068387
1998-06-23,-0.01299806,-0.01500798,-0.01411547
1998-06-24,0.00385823,0.00331291,0.00247987
1998-06-25,0.00745254,0.00985211,0.01187296
1998-06-26,0.00569759,0.00414307,0.00445806
1998-06-29,0.00292022,0.00481283,0.00603053
1998-06-30,-0.00902405,-0.00851648,-0.00576422
1998-07-01,-0.00301784,-0.00624495,-0.00666321
1998-07-02,0.00775237,0.00621552,0.00628238
1998-07-03,0.00311974,0.00284027,0.00219315
1998-07-06,0.01511289,0.01482976,0.01435919
1998-07-07,-0.00219094,0.00196925,0.00152235
1998-07-08,-0.00556588,-0.00474886,-0.00530780
1998-07-09,0.01478660,0.01554321,0.01566271
1998-07-10,0.01007896,0.01122716,0.01012769
1998-07-13,-0.00479581,-0.00355494,-0.00785775
1998-07-14,-0.01436957,-0.01987385,-0.02100222
1998-07-15,-0.00245367,-0.00122896,-0.00160371
1998-07-16,0.00529824,0.01034282,0.00806021
1998-07-17,0.00573879,0.00739757,0.00766505
1998-07-20,0.01989436,0.02205287,0.02191931
1998-07-21,-0.00842491,-0.00501144,-0.00344696
1998-07-22,-0.00031999,0.00278885,0.00141035
1998-07-23,0.00730652,0.01098677,0.01086411
1998-07-24,-0.00767961,-0.00634311,-0.00732850
1998-07-27,0.00708222,0.00567307,0.00370465
1998-07-28,-0.00590148,-0.00508917,-0.00587287
1998-07-29,0.00954961,0.01079991,0.00929096
1998-07-30,0.00848328,0.00614037,0.00595174
1998-07-31,0.00841847,0.01192970,0.01084621
1998-08-03,0.03160420,0.03023378,0.02960922
1998-08-04,-0.01853584,-0.01316989,-0.01070874
1998-08-05,0.00170883,0.00309587,0.00365684
1998-08-06,0.00910621,0.00860883,0.00680969
1998-08-07,0.00037745,-0.00500392,-0.00447984
1998-08-10,0.02139167,0.02175207,0.02223156
1998-08-11,0.03567132,0.03676582,0.03634378
1998-08-12,-0.00770080,-0.00994490,-0.01046837
1998-08-13,-0.01814285,-0.01584847,-0.01814266
1998-08-14,-0.01224132,-0.01163620,-0.00873939
1998-08-17,0.00043050,-0.00158640,-0.00193250
1998-08-18,0.00414316,0.00210361,0.00364133
1998-08-19,-0.00613799,-0.00414413,-0.00394574
1998-08-20,-0.01376453,-0.01599464,-0.01461375
1998-08-21,0.04839865,0.04250498,0.04244390
1998-08-24,-0.00577333,-0.00629697,-0.00381117
1998-08-25,0.01024524,0.00908817,0.01240963
1998-08-26,0.03244481,0.02412024,0.02421684
1998-08-27,0.04167722,0.03615894,0.03797839
1998-08-28,-0.00332015,-0.00426308,-0.00372156
1998-08-31,0.01970239,0.02159014,0.02081139
1998-09-01,-0.04623994,-0.04272742,-0.04511017
1998-09-02,-0.00918992,-0.00424100,-0.00544726
1998-09-03,-0.02722224,-0.03503824,-0.03353005
1998-09-04,-0.00973437,-0.00919002,-0.00836690
1998-09-07,-0.01275624,-0.00824458,-0.00355338
1998-09-08,-0.01134459,-0.01186936,-0.01171238
1998-09-09,0.03554414,0.03033284,0.03124153
1998-09-10,0.01269028,-0.00101889,0.00400660
1998-09-11,-0.00998589,-0.00794793,-0.01003566
1998-09-14,-0.01061855,-0.00895692,-0.00796296
1998-09-15,-0.01609694,-0.01290900,-0.01081587
1998-09-16,0.00595875,0.00810437,0.00982825
1998-09-17,0.02053201,0.01303763,0.01242250
1998-09-18,0.00013780,-0.00774620,-0.00587560
1998-09-21,0.00671569,0.00743500,0.00661760
1998-09-22,-0.01850433,-0.01594979,-0.01409219
1998-09-23,-0.00355737,-0.00289661,-0.00074783
1998-09-24,-0.00276619,-0.00530692,-0.00401021
1998-09-25,0.00738685,0.01171281,0.01223603
1998-09-28,-0.00160355,0.00136317,0.00250491
1998-09-29,-0.00073341,-0.00382333,-0.00251672
1998-09-30,0.02454336,0.02074527,0.02026198
1998-10-01,0.04110089,0.03969316,0.03905596
1998-10-02,0.00265758,0.00041105,0.00033832
1998-10-05,0.02680271,0.02041325,0.01864330
1998-10-06,-0.02250316,-0.02043487,-0.01851811
1998-10-07,-0.02609419,-0.02235669,-0.01772637
1998-10-08,-0.02227793,-0.00477128,-0.00773731
1998-10-09,-0.05062701,-0.03798542,-0.03577756
1998-10-12,-0.00779680,-0.00100718,0.00159888
1998-10-13,0.00641513,0.00556744,0.00532198
1998-10-14,0.00925787,0.00882771,0.00811581
1998-10-15,-0.00793677,-0.00800718,-0.00683340
1998-10-16,0.00447243,0.00261540,0.00071236
1998-10-19,0.01505941,0.01900457,0.01674878
1998-10-20,-0.01349420,-0.01239058,-0.00981528
1998-10-21,-0.01089604,-0.00980936,-0.00876199
1998-10-22,-0.00032331,0.00141829,0.00226095
1998-10-23,-0.00700705,-0.00579623,-0.00445710
1998-10-26,-0.01060313,-0.01472830,-0.01535115
1998-10-27,0.01490862,0.01618766,0.01508922
1998-10-28,-0.00366804,-0.00496112,-0.00411638
1998-10-29,0.00558082,0.00392827,0.00196978
1998-10-30,-0.01083035,-0.00765664,-0.00608594
1998-11-02,-0.00635351,-0.00397986,-0.00307646
1998-11-03,0.00032810,0.00026368,0.00048167
1998-11-04,-0.01077227,-0.00806374,-0.00654208
1998-11-05,-0.00275752,-0.00276106,-0.00234302
1998-11-06,-0.00079148,0.00116873,0.00222483
1998-11-09,0.00985144,0.01400756,0.01425631
1998-11-10,-0.00369910,-0.00543533,-0.00431362
1998-11-11,0.00046363,0.00004545,-0.00048680
1998-11-12,-0.01552501,-0.01708112,-0.01698160
1998-11-13,0.01534600,0.01831244,0.01809820
1998-11-16,0.02167195,0.02717053,0.02625690
1998-11-17,0.00629451,0.00756578,0.00734424
1998-11-18,0.00059956,0.00011006,-0.00071904
1998-11-19,0.00162669,0.00150246,0.00201179
1998-11-20,-0.00145495,-0.00116040,-0.00212693
1998-11-23,0.02332114,0.02676720,0.02431457
1998-11-24,0.00912402,0.00987731,0.01008573
1998-11-25,0.00032320,-0.00024878,0.00089686
1998-11-26,0.00387528,0.00265088,0.00200022
1998-11-27,-0.00414854,-0.00703132,-0.00675053
1998-11-30,0.02392710,0.02657449,0.02983588
1998-12-01,0.00095636,0.00312093,0.00410963
1998-12-02,0.00726801,0.00669618,0.00731869
1998-12-03,0.00356589,0.00715811,0.00833372
1998-12-04,-0.00071191,-0.00074152,-0.00115307
1998-12-07,-0.00324721,-0.00129189,-0.00245466
1998-12-08,0.02068521,0.02248870,0.02267991
1998-12-09,0.01162533,0.01216288,0.01180958
1998-12-10,0.01201468,0.01359222,0.01477615
1998-12-11,-0.00167495,0.00356702,0.00511568
1998-12-14,-0.02170581,-0.02064876,-0.01956674
1998-12-15,-0.00586606,-0.00343337,-0.00541215
1998-12-16,-0.03296185,-0.03362624,-0.03506107
1998-12-17,0.05440837,0.05375613,0.05403433
1998-12-18,0.00520244,0.00635432,0.00682873
1998-12-21,0.01278247,0.01516524,0.01385540
1998-12-22,-0.01000948,-0.00586065,-0.00637956
1998-12-23,-0.00119870,-0.00158136,-0.00241784
1998-12-24,-0.00538722,-0.00293110,-0.00278946
1998-12-25,-0.00006355,-0.00006172,-0.00006300
1998-12-28,0.00135427,0.00072196,0.00054825
1998-12-29,-0.00231393,-0.00648237,-0.00829164
1998-12-30,0.00004827,0.00092200,0.00194690
1998-12-31,-0.00671762,-0.01011330,-0.01109690
1999-01-01,-0.00005013,-0.00005009,-0.00005202
1999-01-04,-0.00846552,-0.00876806,-0.00862617
1999-01-05,0.00216852,0.00138238,0.00009928
1999-01-06,-0.02151149,-0.02700324,-0.02808277
1999-01-07,0.00085713,-0.00262329,-0.00311422
1999-01-08,-0.00387331,-0.00417260,-0.00580048
1999-01-11,-0.01589274,-0.01673852,-0.01530992
1999-01-12,-0.00471149,0.00466813,0.00634513
1999-01-13,0.00748539,0.01165434,0.01307054
1999-01-14,-0.00059021,-0.00151567,-0.00062022
1999-01-15,0.00696669,0.01205022,0.00923690
1999-01-18,0.00313322,0.00281077,0.00249513
1999-01-19,0.00952689,0.01150356,0.01013632
1999-01-20,0.00928913,0.00723346,0.00585744
1999-01-21,-0.01788200,-0.01431428,-0.01103170
1999-01-22,0.00213734,0.00299340,0.00573767
1999-01-25,0.01551151,0.01560048,0.01401518
1999-01-26,0.01110813,0.01133943,0.01042759
1999-01-27,-0.00940111,-0.00509584,-0.00251809
1999-01-28,-0.00684146,-0.00811592,-0.00829154
1999-01-29,-0.00033907,-0.00196112,-0.00224321
1999-02-01,0.01047197,0.01275314,0.00980882
1999-02-02,-0.00888916,-0.00931503,-0.00965441
1999-02-03,0.00580345,0.00623847,0.00533201
1999-02-04,0.00114493,0.00589487,0.00376399
1999-02-05,-0.00410429,-0.00010022,0.00118057
1999-02-08,-0.00239718,-0.00075882,-0.00189003
1999-02-09,0.00518419,0.00979664,0.01240714
1999-02-10,0.00506161,0.00604565,0.00563062
1999-02-11,0.01183162,0.00880589,0.00797300
1999-02-12,0.00038323,0.00427030,0.00432461
1999-02-15,0.00226186,0.00201308,0.00168982
1999-02-16,0.01646091,0.02271206,0.02462659
1999-02-17,-0.00720444,-0.00451070,-0.00394585
1999-02-18,-0.00410044,-0.00475474,-0.00471666
1999-02-19,0.01393660,0.01280721,0.01296253
1999-02-22,0.00389414,0.00078370,0.00048536
1999-02-23,-0.00957389,-0.01325131,-0.01224613
1999-02-24,0.01023151,0.01052875,0.01195128
1999-02-25,-0.00092533,-0.00085460,-0.00015446
1999-02-26,0.01596513,0.01902846,0.01890705
1999-03-01,-0.00306886,-0.00259078,-0.00187373
1999-03-02,-0.02046524,-0.01644209,-0.01633769
1999-03-03,-0.00686124,-0.00948874,-0.00871433
1999-03-04,-0.00106056,-0.00708028,-0.00782159
1999-03-05,-0.00703298,-0.00613237,-0.00704376
1999-03-08,-0.01185964,-0.01547130,-0.01560176
1999-03-09,-0.01394323,-0.01003303,-0.01090688
1999-03-10,-0.01900815,-0.02753528,-0.02700102
1999-03-11,0.01104697,0.01161586,0.01005175
1999-03-12,0.00088518,0.00494880,0.00581577
1999-03-15,0.00468721,0.00886143,0.00938107
1999-03-16,-0.00966931,-0.00976874,-0.00953485
1999-03-17,-0.00760290,-0.01259080,-0.01136858
1999-03-18,0.00510588,0.00480772,0.00397429
1999-03-19,0.00834869,0.00386248,0.00455779
1999-03-22,-0.01215539,-0.01636121,-0.01619674
1999-03-23,-0.01108613,-0.00285849,-0.00200858
1999-03-24,-0.00059926,0.00306961,0.00299722
1999-03-25,0.00629368,-0.00280463,-0.00314647
1999-03-26,0.00284823,0.00057275,0.00103233
1999-03-29,0.00819456,0.00390162,0.00384259
1999-03-30,-0.00452229,-0.00451346,-0.00492618
1999-03-31,0.00233452,0.00471272,0.00515653
1999-04-01,0.00725299,0.00735451,0.00638741
1999-04-02,-0.00563691,-0.00201881,-0.00267550
1999-04-05,0.01187428,0.00687032,0.00602084
1999-04-06,-0.00245182,-0.00245951,-0.00292156
1999-04-07,0.00182320,0.00701280,0.00666306
1999-04-08,-0.00040383,0.00476573,0.00316935
1999-04-09,0.00305414,-0.00543958,-0.00639199
1999-04-12,0.00450553,0.00476948,0.00402225
1999-04-13,0.00426541,-0.00117096,-0.00201550
1999-04-14,-0.00608648,-0.00164017,0.00080059
1999-04-15,0.00130112,-0.00042444,-0.00191037
1999-04-16,0.01039584,0.00902949,0.00781020
1999-04-19,0.01113915,0.00710944,0.00733328
1999-04-20,-0.01683085,-0.01036594,-0.00959685
1999-04-21,0.01294629,0.00759963,0.00570565
1999-04-22,0.02203174,0.01682599,0.01474303
1999-04-23,-0.00532613,-0.00366367,-0.00422483
1999-04-26,0.00860699,0.00727857,0.00722472
1999-04-27,0.00934137,0.00572851,0.00448520
1999-04-28,-0.00228559,-0.00554616,-0.00578372
1999-04-29,-0.00232704,0.00131530,0.00097604
1999-04-30,0.00115402,-0.00045728,-0.00015399
1999-05-03,0.00989386,0.00866005,0.00827613
1999-05-04,-0.00545101,-0.00571486,-0.00582707
1999-05-05,-0.00314148,-0.00002705,-0.00080283
1999-05-06,-0.01352602,-0.00984906,-0.00900480
1999-05-07,0.00246313,0.00910125,0.00980199
1999-05-10,0.00788283,0.00649195,0.00640176
1999-05-11,-0.00239244,-0.00137178,-0.00138471
1999-05-12,-0.01167537,-0.00534976,-0.00550806
1999-05-13,0.00768401,0.00290263,0.00131440
1999-05-14,0.00134522,0.00548567,0.00947483
1999-05-17,-0.00322938,-0.00172639,-0.00132084
1999-05-18,-0.00898653,-0.00519674,-0.00498627
1999-05-19,-0.00788980,-0.00064436,-0.00055915
1999-05-20,0.00193636,0.00343958,0.00334643
1999-05-21,0.00012744,0.00306080,0.00273225
1999-05-24,0.00238562,0.00939586,0.01002364
1999-05-25,-0.01616751,-0.01405123,-0.01371278
1999-05-26,0.00858349,0.00384990,0.00336287
1999-05-27,-0.00616555,-0.00601889,-0.00558636
1999-05-28,-0.00430672,-0.00340091,-0.00293197
1999-05-31,0.00138152,0.00012239,0.00003462
1999-06-01,0.00594579,0.00313225,0.00328900
1999-06-02,0.00538749,0.00384189,0.00467339
1999-06-03,-0.01132098,-0.01213198,-0.01251942
1999-06-04,0.00756646,0.00247850,0.00183469
1999-06-07,0.00353401,-0.00128874,-0.00148538
1999-06-08,-0.00447586,-0.00589389,-0.00607567
1999-06-09,0.00830327,0.00436148,0.00422976
1999-06-10,0.00480817,0.00609311,0.00585560
1999-06-11,0.00828119,-0.00186474,-0.00254787
1999-06-14,-0.00317819,0.00176849,0.00168415
1999-06-15,0.00619579,0.00808917,0.00822767
1999-06-16,0.00465802,0.00777186,0.00805303
1999-06-17,-0.01624986,-0.01042742,-0.01199202
1999-06-18,-0.00981585,-0.00852365,-0.00782332
1999-06-21,0.01503494,0.01094409,0.01307917
1999-06-22,0.00334138,0.00538860,0.00547698
1999-06-23,0.00777193,0.00206814,0.00164816
1999-06-24,-0.00122939,0.00071558,0.00036299
1999-06-25,-0.00389903,-0.00346635,-0.00394183
1999-06-28,-0.00260951,0.00190276,0.00218565
1999-06-29,-0.00090760,-0.00393093,-0.00431813
1999-06-30,-0.01014214,-0.01038685,-0.01278017
1999-07-01,0.01822274,0.01425598,0.01529259
1999-07-02,0.01887902,0.01373653,0.01243510
1999-07-05,0.00593966,0.00215456,0.00231696
1999-07-06,0.02437084,0.02328913,0.02388123
1999-07-07,0.00621355,0.00381208,0.00271958
1999-07-08,-0.00008892,0.00244246,0.00268631
1999-07-09,0.00985169,0.00701872,0.00681754
1999-07-12,-0.01477228,-0.00811407,-0.00856607
1999-07-13,0.00146633,0.00437003,0.00401313
1999-07-14,-0.00331880,-0.00246732,-0.00242222
1999-07-15,0.01238904,0.00484394,0.00448541
1999-07-16,0.00676153,0.00553560,0.00564453
1999-07-19,-0.02420797,-0.01914029,-0.02045707
1999-07-20,-0.03532190,-0.02162340,-0.02049392
1999-07-21,-0.02630870,-0.02328073,-0.02336837
1999-07-22,0.00072666,-0.00607986,-0.00606706
1999-07-23,-0.00044956,-0.00349475,-0.00267624
1999-07-26,0.00249804,0.00294279,0.00153952
1999-07-27,0.00707645,0.00710967,0.00651995
1999-07-28,0.00726378,0.00402808,0.00419320
1999-07-29,-0.00314266,-0.00421293,-0.00388843
1999-07-30,-0.00763868,-0.00906917,-0.00884253
1999-08-02,-0.00682437,-0.01126491,-0.01032968
1999-08-03,-0.00431021,-0.00353867,-0.00319415
1999-08-04,-0.00220192,-0.00269558,-0.00217108
1999-08-05,0.00219650,0.00441088,0.00325171
1999-08-06,0.02267635,0.01216831,0.01462518
1999-08-09,0.00893947,0.00545930,0.00616796
1999-08-10,-0.00549078,-0.00450568,-0.00436295
1999-08-11,0.00148992,0.00385969,0.00304810
1999-08-12,-0.00501552,-0.00326972,-0.00339546
1999-08-13,-0.00791785,-0.00508388,-0.00603617
1999-08-16,-0.00251334,-0.00224885,-0.00203320
1999-08-17,0.00205771,0.00356594,0.00285585
1999-08-18,-0.00316805,-0.00262192,-0.00263442
1999-08-19,0.01363717,0.01018866,0.01033668
1999-08-20,0.00301959,0.00321923,0.00333061
1999-08-23,0.00852728,0.00476874,0.00566770
1999-08-24,-0.00989040,-0.00620240,-0.00639047
1999-08-25,-0.03088424,-0.02061564,-0.02133691
1999-08-26,0.01083840,0.01140110,0.01099067
1999-08-27,0.00404675,0.00144428,0.00198310
1999-08-30,0.01809729,0.01209095,0.01265576
1999-08-31,-0.00391287,-0.00563113,-0.00546605
1999-09-01,-0.00033976,-0.00295235,-0.00240962
1999-09-02,-0.01352548,-0.01019907,-0.01098453
1999-09-03,0.00389417,0.00856771,0.00852635
1999-09-06,0.00396733,0.00283267,0.00295060
1999-09-07,0.01361072,0.00324162,0.00414053
1999-09-08,-0.00112259,0.00298439,0.00273028
1999-09-09,0.02326950,0.00864561,0.00992704
1999-09-10,0.00649126,0.00959071,0.01009203
1999-09-13,0.00629605,0.00318881,0.00373925
1999-09-14,-0.00486518,-0.00331936,-0.00338142
1999-09-15,0.00375730,0.00987020,0.01000170
1999-09-16,-0.00731697,-0.00160667,-0.00201923
1999-09-17,0.00319910,0.00436798,0.00382345
1999-09-20,-0.00443920,-0.00352910,-0.00349876
1999-09-21,-0.00605868,-0.00487180,-0.00564287
1999-09-22,0.00421082,0.00382762,0.00351506
1999-09-23,0.01053421,0.01299312,0.01341570
1999-09-24,-0.01468409,-0.00595933,-0.00702601
1999-09-27,-0.00605108,-0.01470977,-0.01288451
1999-09-28,0.00363024,-0.00975436,-0.00830654
1999-09-29,0.00693592,0.00381115,0.00422501
1999-09-30,-0.00893099,-0.00050339,-0.00213857
1999-10-01,0.01286156,0.00398881,0.00418613
1999-10-04,-0.02183743,-0.01428374,-0.01469939
1999-10-05,-0.00045336,-0.00377103,-0.00426228
1999-10-06,-0.00789682,-0.00788984,-0.00755556
1999-10-07,-0.01405157,-0.01214394,-0.01309866
1999-10-08,-0.03397761,-0.03008780,-0.03080045
1999-10-11,0.00686268,0.00559018,0.00558815
1999-10-12,0.01923371,0.01480256,0.01513362
1999-10-13,0.00361718,0.00106441,0.00063420
1999-10-14,-0.00221474,0.00023396,0.00107763
1999-10-15,-0.00125079,0.00610030,0.00531000
1999-10-18,0.00112565,-0.00179903,-0.00129188
1999-10-19,0.00074204,-0.00567669,-0.00459195
1999-10-20,-0.00001266,0.00260138,0.00172481
1999-10-21,0.00277687,0.00057731,0.00137466
1999-10-22,0.00341148,0.00203101,0.00084801
1999-10-25,0.00042233,0.00013209,0.00061569
1999-10-26,-0.00351952,-0.00306330,-0.00172464
1999-10-27,-0.00905749,-0.00779354,-0.00918305
1999-10-28,-0.02782922,-0.01826480,-0.01813308
1999-10-29,-0.01285372,-0.00199662,-0.00399520
1999-11-01,0.00482910,0.00397935,0.00360285
1999-11-02,-0.00196250,-0.00000546,0.00014464
1999-11-03,0.00155746,0.00206773,0.00228714
1999-11-04,-0.00186830,-0.00146311,-0.00240500
1999-11-05,-0.00349601,0.00060880,0.00062647
1999-11-08,0.00726609,0.01010509,0.00984752
1999-11-09,0.01091763,0.01320808,0.01161576
1999-11-10,0.01479248,0.01210174,0.01091140
1999-11-11,0.00078803,0.00127076,0.00129843
1999-11-12,0.00732738,0.00913853,0.00849915
1999-11-15,0.00285164,0.00212781,0.00159112
1999-11-16,0.00661191,0.00200074,0.00071794
1999-11-17,0.00743088,0.00690254,0.00642336
1999-11-18,-0.01143518,-0.01266131,-0.01119970
1999-11-19,0.00397796,0.00631391,0.00623102
1999-11-22,0.00788543,0.00810068,0.00809877
1999-11-23,-0.00611619,-0.00846752,-0.00763884
1999-11-24,0.01003480,0.01080801,0.01089827
1999-11-25,-0.00132741,-0.00098485,-0.00118017
1999-11-26,0.00756548,0.00113009,0.00241622
1999-11-29,-0.01576239,-0.02198022,-0.01994649
1999-11-30,-0.01775492,-0.01197603,-0.01253864
1999-12-01,0.00290533,0.00397118,0.00312161
1999-12-02,0.01529420,0.01626481,0.01665887
1999-12-03,0.01150975,0.01555482,0.01365256
1999-12-06,-0.00449444,0.00176186,0.00065569
1999-12-07,-0.01093731,-0.00686068,-0.00835830
1999-12-08,0.00681020,0.00873401,0.00938538
1999-12-09,0.00727437,0.00262760,0.00375626
1999-12-10,-0.00675465,-0.00094921,-0.00183252
1999-12-13,0.01267104,0.01369528,0.01384141
1999-12-14,0.00444031,-0.00196270,0.00012749
1999-12-15,0.00036447,-0.00051930,-0.00032762
1999-12-16,0.00846480,0.00295754,0.00331986
1999-12-17,0.00718384,0.00230180,0.00362107
1999-12-20,-0.00166570,-0.00801862,-0.00710539
1999-12-21,0.00705118,0.00618390,0.00531820
1999-12-22,-0.00434951,-0.00748362,-0.00686534
1999-12-23,0.00398945,-0.00155870,-0.00159567
1999-12-24,0.00541706,0.00276466,0.00310459
1999-12-27,0.00029193,0.00406368,0.00374209
1999-12-28,0.01045715,0.00864329,0.00959246
1999-12-29,-0.00597823,-0.00659116,-0.00696672
1999-12-30,-0.00928487,-0.01392013,-0.01266929
1999-12-31,0.00770848,0.00070621,0.00273800
2000-01-03,0.01350690,0.00577101,0.00813176
2000-01-04,-0.03362847,-0.00939612,-0.01386192
2000-01-05,-0.02220244,-0.02118358,-0.02106508
2000-01-06,-0.01940278,-0.01235392,-0.01429167
2000-01-07,-0.00303886,-0.00579875,-0.00763463
2000-01-10,0.01687074,0.01288578,0.01296028
2000-01-11,0.01047938,0.01164294,0.01403786
2000-01-12,0.01143542,0.00549771,0.00805841
2000-01-13,-0.01186433,-0.00696919,-0.00837451
2000-01-14,0.02032294,0.01872717,0.01999701
2000-01-17,0.00327713,0.00353379,0.00364075
2000-01-18,0.01193853,0.01114611,0.01217931
2000-01-19,-0.00770942,-0.00669567,-0.00644179
2000-01-20,0.00420373,0.00238973,0.00253354
2000-01-21,0.00224635,0.00415076,0.00523135
2000-01-24,-0.01266113,-0.00264334,-0.00380149
2000-01-25,0.00835900,0.00963765,0.00883236
2000-01-26,-0.01201858,-0.00741494,-0.00741426
2000-01-27,0.00762391,0.00030365,0.00263888
2000-01-28,-0.00642579,0.00462099,0.00339600
2000-01-31,0.01193820,0.01152851,0.01153742
2000-02-01,0.00734486,0.01157641,0.01062795
2000-02-02,-0.00371241,0.00183132,0.00104143
2000-02-03,-0.00035975,0.00824195,0.00727175
2000-02-04,0.01881962,0.00699973,0.00801061
2000-02-07,0.00458276,-0.00155719,-0.00032187
2000-02-08,0.00489785,0.00959243,0.00918229
2000-02-09,0.02090253,0.01367984,0.01244541
2000-02-10,0.00800130,-0.00365681,-0.00344211
2000-02-11,0.00819916,0.01225801,0.01188749
2000-02-14,0.00896248,0.01402869,0.01330399
2000-02-15,0.01084585,0.01061747,0.01070354
2000-02-16,0.01480711,0.01372251,0.01336797
2000-02-17,-0.01233561,-0.01129674,-0.01007035
2000-02-18,-0.01327802,-0.00636910,-0.00562686
2000-02-21,-0.00485971,-0.00218298,-0.00296484
2000-02-22,0.00043202,0.00745356,0.00371987
2000-02-23,-0.00562466,-0.00500420,-0.00130317
2000-02-24,0.00093124,0.00697030,0.00608169
2000-02-25,0.01001814,0.01837503,0.02009073
2000-02-28,0.00861793,0.00556511,0.00468645
2000-02-29,0.00217174,0.00165159,0.00296249
2000-03-01,0.01370621,0.00990563,0.01006550
2000-03-02,-0.00345844,-0.00623686,-0.00427789
2000-03-03,-0.00618138,-0.00684015,-0.00691300
2000-03-06,0.01461052,0.01007348,0.00945400
2000-03-07,0.03144178,0.03498182,0.03413521
2000-03-08,-0.04192515,-0.04254772,-0.04333448
2000-03-09,-0.00320580,-0.00225707,-0.00177681
2000-03-10,0.00095622,-0.00120455,-0.00101217
2000-03-13,-0.01201012,-0.01085555,-0.01064843
2000-03-14,-0.00928986,-0.00945533,-0.01009120
2000-03-15,-0.00576827,-0.00842417,-0.00826652
2000-03-16,-0.00299022,-0.00239844,-0.00293568
2000-03-17,0.00528053,0.00414465,0.00316980
2000-03-20,-0.00902140,-0.00478870,-0.00309876
2000-03-21,0.00337580,0.00723402,0.00702402
2000-03-22,0.00150328,-0.00144101,-0.00152343
2000-03-23,-0.00361706,-0.00047061,-0.00032775
2000-03-24,-0.00025576,-0.00364640,-0.00506880
2000-03-27,0.00320704,0.00462967,0.00604376
2000-03-28,-0.00273613,-0.00083696,0.00006857
2000-03-29,-0.00639990,-0.00560600,-0.00536768
2000-03-30,-0.00526032,0.00279476,0.00368144
2000-03-31,0.00702600,0.00090472,-0.00006147
2000-04-03,-0.00749063,-0.00476643,-0.00441227
2000-04-04,-0.01087511,-0.00534112,-0.00463698
2000-04-05,-0.00222185,-0.00171561,0.00018826
2000-04-06,-0.00090224,-0.00072654,0.00079075
2000-04-07,0.00284778,-0.00390976,-0.00231033
2000-04-10,-0.01016401,-0.01163596,-0.00993242
2000-04-11,-0.00651491,-0.00498287,-0.00536564
2000-04-12,0.00227860,0.00802721,0.00832505
2000-04-13,-0.00179933,-0.00376868,-0.00245812
2000-04-14,-0.00765354,-0.00247101,0.00007450
2000-04-17,-0.00119756,-0.00208064,-0.00042210
2000-04-18,-0.00084285,-0.00144069,-0.00235151
2000-04-19,0.00329751,0.00922644,0.00803641
2000-04-20,0.00260656,0.00269621,0.00373651
2000-04-21,-0.00003031,-0.00003895,-0.00003882
2000-04-24,-0.00116230,-0.00269612,-0.00181288
2000-04-25,-0.00366943,-0.01007020,-0.01055446
2000-04-26,0.00357666,0.00467710,0.00540065
2000-04-27,0.00276206,0.00884251,0.00768763
2000-04-28,0.00980948,0.01392086,0.01571513
2000-05-01,0.00201204,-0.00583633,-0.00611881
2000-05-02,-0.00534059,-0.00188650,-0.00269328
2000-05-03,-0.01013433,-0.01300692,-0.01382132
2000-05-04,0.00223639,-0.00135070,-0.00083144
2000-05-05,-0.00478354,-0.00556233,-0.00518740
2000-05-08,0.01806424,0.02331685,0.02281040
2000-05-09,-0.00043357,0.00516247,0.00409124
2000-05-10,-0.00084522,-0.00185474,-0.00059987
2000-05-11,0.00901787,0.00821869,0.00895701
2000-05-12,-0.00541877,-0.00817782,-0.00874080
2000-05-15,0.00759132,0.01427088,0.01409086
2000-05-16,-0.00066404,-0.00058134,0.00044490
2000-05-17,0.01838210,0.01606920,0.01822168
2000-05-18,0.01513697,0.01327067,0.01273468
2000-05-19,-0.00879484,-0.01042050,-0.01113285
2000-05-22,-0.01697014,-0.01424547,-0.01542193
2000-05-23,0.00865360,0.00814122,0.00882365
2000-05-24,0.02165307,0.02287475,0.02338859
2000-05-25,0.00433675,0.00904892,0.00994962
2000-05-26,-0.01704131,-0.01571764,-0.01709528
2000-05-29,-0.00144985,-0.00062633,-0.00053147
2000-05-30,0.00481837,0.00903385,0.01030393
2000-05-31,-0.01787216,-0.01866520,-0.01851120
2000-06-01,0.00375613,0.00851014,0.00870239
2000-06-02,-0.01918464,-0.02359067,-0.02472942
2000-06-05,-0.00734701,-0.00836432,-0.00913343
2000-06-06,-0.01124299,-0.01652106,-0.01652549
2000-06-07,-0.00111749,0.00141538,0.00222039
2000-06-08,0.00289929,-0.00077278,-0.00094735
2000-06-09,0.00732778,0.00607014,0.00631919
2000-06-12,0.01471164,0.02168183,0.02095746
2000-06-13,0.00637465,0.00503661,0.00508033
2000-06-14,-0.00099025,-0.00385488,-0.00368596
2000-06-15,-0.00397891,-0.00267942,-0.00315237
2000-06-16,-0.01136733,-0.01353492,-0.01302025
2000-06-19,-0.00032315,0.00018420,-0.00016060
2000-06-20,0.01059574,0.01207309,0.01069208
2000-06-21,0.00241407,0.00235534,0.00169954
2000-06-22,0.00608349,0.00932604,0.00802803
2000-06-23,0.00183880,0.00830030,0.00882852
2000-06-26,0.00468233,0.00195853,0.00085188
2000-06-27,0.00212618,0.00222010,0.00263057
2000-06-28,-0.00142956,-0.00010582,-0.00080102
2000-06-29,0.00840470,0.01452589,0.01468564
2000-06-30,-0.00441039,-0.00097456,-0.00063216
2000-07-03,0.00494863,0.00977009,0.00976327
2000-07-04,-0.00211846,-0.00287294,-0.00256075
2000-07-05,-0.02821157,-0.02093574,-0.01770355
2000-07-06,-0.00071105,-0.00253287,-0.00348142
2000-07-07,0.00651132,0.00374932,0.00323289
2000-07-10,0.00003593,-0.00250097,-0.00302056
2000-07-11,0.00607711,0.00518811,0.00502452
2000-07-12,0.00606636,0.00849157,0.00890505
2000-07-13,0.01335942,0.01491390,0.01473562
2000-07-14,0.00303118,0.00032110,-0.00187668
2000-07-17,0.00096163,-0.00435113,-0.00514934
2000-07-18,0.00857770,0.01132995,0.01055512
2000-07-19,-0.00481013,-0.00355343,-0.00236452
2000-07-20,0.00018056,-0.00247982,-0.00405186
2000-07-21,-0.00967101,-0.00883133,-0.00774645
2000-07-24,-0.00853812,-0.00887839,-0.00836533
2000-07-25,-0.00134430,-0.00018215,-0.00112787
2000-07-26,0.00176918,0.00382145,0.00362697
2000-07-27,0.00577898,0.01021095,0.01079330
2000-07-28,0.00218769,0.00642269,0.00632234
2000-07-31,0.00198965,-0.00078585,-0.00262455
2000-08-01,0.01281079,0.01265237,0.01164968
2000-08-02,0.01407533,0.01173508,0.01199205
2000-08-03,-0.00399378,0.00179720,0.00458049
2000-08-04,0.01383782,0.01746683,0.01757721
2000-08-07,-0.01411928,-0.01668552,-0.01642529
2000-08-08,0.00870236,0.00922301,0.00811672
2000-08-09,0.01400391,0.01620780,0.01645309
2000-08-10,0.00598885,0.01191493,0.01148957
2000-08-11,-0.00954554,-0.01120137,-0.01212619
2000-08-14,-0.00097379,-0.00007922,0.00196733
2000-08-15,0.00015687,-0.00205087,-0.00272231
2000-08-16,-0.00774513,-0.00867099,-0.00921645
2000-08-17,0.00549032,0.00519041,0.00539864
2000-08-18,0.00846152,0.01031606,0.01187840
2000-08-21,0.01544847,0.01478110,0.01398400
2000-08-22,-0.00157191,-0.00232665,-0.00091897
2000-08-23,0.01415042,0.01751633,0.01781087
2000-08-24,-0.01227082,-0.01360853,-0.01411793
2000-08-25,0.00532872,0.00553405,0.00443768
2000-08-28,0.00111192,0.00181641,-0.00029166
2000-08-29,0.00400574,0.00173463,0.00281878
2000-08-30,0.00861492,0.01024237,0.01084782
2000-08-31,-0.00351496,-0.00815576,-0.00629938
2000-09-01,0.00301122,0.00058124,-0.00054180
2000-09-04,0.00533423,0.00383618,0.00428822
2000-09-05,0.00716726,0.00767170,0.00895629
2000-09-06,0.02705968,0.03346826,0.03304413
2000-09-07,0.00967516,0.00741118,0.00604657
2000-09-08,-0.01970639,-0.01811125,-0.01731844
2000-09-11,0.01933184,0.02063399,0.02121051
2000-09-12,-0.01043245,-0.00669800,-0.00747742
2000-09-13,-0.00967124,-0.00728822,-0.00617064
2000-09-14,0.00193307,0.00432954,0.00389839
2000-09-15,0.01193941,0.01646791,0.01459683
2000-09-18,0.00177708,0.00614798,0.00474345
2000-09-19,-0.00185751,-0.00294167,-0.00241339
2000-09-20,-0.00077828,0.00420142,0.00281053
2000-09-21,-0.01748188,-0.01544365,-0.01367918
2000-09-22,-0.03093445,-0.02743541,-0.02738225
2000-09-25,-0.00926493,-0.01307243,-0.01061028
2000-09-26,-0.00665501,-0.00540024,-0.00513538
2000-09-27,-0.00753981,-0.00931450,-0.01045157
2000-09-28,-0.01701146,-0.01500991,-0.01384463
2000-09-29,0.00706013,0.00942026,0.00937488
2000-10-02,0.00993544,0.01297545,0.01073796
2000-10-03,0.00461598,0.00470879,0.00327733
2000-10-04,-0.00622409,-0.00844868,-0.00859372
2000-10-05,-0.00396601,-0.00699554,-0.00614955
2000-10-06,0.00738470,0.01348484,0.01415845
2000-10-09,0.01360966,0.01576563,0.01553613
2000-10-10,0.00569577,0.00701946,0.00445407
2000-10-11,0.01729274,0.01750022,0.02032897
2000-10-12,0.01821597,0.02043248,0.01732539
2000-10-13,-0.00495356,-0.00511715,-0.00252353
2000-10-16,-0.00782393,-0.00841089,-0.00765370
2000-10-17,0.00473386,0.00436595,0.00539974
2000-10-18,0.01237629,0.01479272,0.01634903
2000-10-19,-0.01060632,-0.00917024,-0.00819734
2000-10-20,-0.00263157,-0.00074389,-0.00080295
2000-10-23,0.00791826,0.00574648,0.00641744
2000-10-24,-0.01414347,-0.01259382,-0.01420034
2000-10-25,0.00842497,0.01329074,0.01267298
2000-10-26,0.00172899,0.00441711,0.00526603
2000-10-27,-0.01763502,-0.01639250,-0.01552539
2000-10-30,0.00048573,0.00429864,0.00485757
2000-10-31,-0.00684586,-0.00855883,-0.00878684
2000-11-01,-0.00280264,-0.00286558,-0.00255251
2000-11-02,0.00017848,-0.00291371,-0.00086645
2000-11-03,-0.01586974,-0.01796479,-0.02206495
2000-11-06,-0.00171274,-0.00004973,-0.00118419
2000-11-07,0.00330795,0.00394828,0.00352927
2000-11-08,0.00653811,0.00467132,0.00416020
2000-11-09,0.00726999,0.01089270,0.01139421
2000-11-10,0.01191065,0.01612096,0.01825100
2000-11-13,0.00895752,0.01182006,0.01318789
2000-11-14,0.00503776,0.00224974,0.00230804
2000-11-15,0.00703658,0.01107484,0.01128729
2000-11-16,0.00203316,0.00313816,0.00562476
2000-11-17,0.00584869,0.00673375,0.00472701
2000-11-20,0.00891196,0.00964442,0.01057629
2000-11-21,0.00463429,0.00496192,0.00551947
2000-11-22,0.00512964,0.00736039,0.01072870
2000-11-23,0.00089007,0.00042418,0.00075203
2000-11-24,-0.00201624,-0.00192473,-0.00199151
2000-11-27,-0.01919341,-0.01805493,-0.01964776
2000-11-28,-0.00231687,-0.00583029,-0.00264517
2000-11-29,0.02116561,0.02717646,0.02924924
2000-11-30,-0.00281160,-0.01012805,-0.00688575
2000-12-01,-0.01301271,-0.01574363,-0.01704632
2000-12-04,0.00166014,-0.00293612,-0.00284793
2000-12-05,-0.00766725,-0.01365135,-0.00783573
2000-12-06,0.00584931,0.00328062,0.00299705
2000-12-07,0.00898607,0.00886224,0.01078305
2000-12-08,-0.00797521,-0.01171926,-0.01203514
2000-12-11,0.00335046,0.00908714,0.00845774
2000-12-12,0.00017343,-0.00137457,-0.00040035
2000-12-13,0.00438243,-0.00019606,0.00223702
2000-12-14,0.01056617,0.00450961,0.00548854
2000-12-15,0.01301440,0.01618521,0.01538097
2000-12-18,0.00481042,0.00439270,0.00532654
2000-12-19,-0.00637410,-0.00935822,-0.01236864
2000-12-20,0.01660012,0.00385513,0.00391195
2000-12-21,-0.00263566,-0.00257613,-0.00252760
2000-12-22,-0.00075848,-0.00238558,0.00062401
2000-12-25,-0.00005977,-0.00005181,-0.00005150
2000-12-26,0.00025881,0.00435861,0.00409527
2000-12-27,-0.00557996,-0.00060976,-0.00053562
2000-12-28,-0.00454863,-0.00451456,-0.00483939
2000-12-29,0.00908256,0.01101680,0.01007174
2001-01-01,-0.00005376,-0.00005360,-0.00005916
2001-01-02,0.03906337,0.03152515,0.03558828
2001-01-03,-0.03244776,-0.02090187,-0.01880387
2001-01-04,0.01221751,0.01072410,0.00968148
2001-01-05,0.00891867,0.00654454,0.00403972
2001-01-08,0.00808927,0.00419067,0.00288435
2001-01-09,-0.00495125,-0.00297434,-0.00412173
2001-01-10,-0.00854235,-0.00234225,-0.00046323
2001-01-11,-0.00732937,-0.00534002,-0.00458600
2001-01-12,-0.01679958,-0.01314948,-0.01460435
2001-01-15,-0.00040262,0.00012537,0.00054864
2001-01-16,-0.00555763,-0.00750751,-0.00781421
2001-01-17,-0.00918981,-0.01167885,-0.01072949
2001-01-18,-0.00225093,0.00021483,-0.00222330
2001-01-19,-0.00168196,0.00655739,0.00713930
2001-01-22,-0.00575166,-0.00840295,-0.00910191
2001-01-23,-0.00541338,-0.00389343,-0.00247332
2001-01-24,-0.00765761,-0.00950992,-0.00951747
2001-01-25,0.00613506,0.00822519,0.00716305
2001-01-26,0.00799486,0.01006083,0.01045123
2001-01-29,-0.00972293,-0.01146246,-0.01001313
2001-01-30,-0.00288686,-0.00438827,-0.00491972
2001-01-31,0.00732607,0.00413949,0.00510551
2001-02-01,-0.00175017,0.00303134,0.00197696
2001-02-02,0.00156552,0.00675862,0.00588948
2001-02-05,0.00492468,0.00120971,0.00204866
2001-02-06,0.00065040,0.00318470,0.00386621
2001-02-07,0.01100198,0.01681731,0.01698199
2001-02-08,0.00272646,0.00769402,0.00822561
2001-02-09,0.00310585,0.00005828,0.00116671
2001-02-12,-0.00945407,-0.01018172,-0.00957718
2001-02-13,0.00303359,0.00305048,0.00224670
2001-02-14,-0.00964588,-0.01024878,-0.01046679
2001-02-15,-0.00654642,-0.00623355,-0.00725541
2001-02-16,0.01074931,0.01032396,0.01089828
2001-02-19,0.00127868,0.00185635,0.00168070
2001-02-20,0.00891960,0.00537301,0.00689955
2001-02-21,-0.00084634,-0.00173554,-0.00014689
2001-02-22,-0.00141240,-0.00083041,-0.00063357
2001-02-23,0.00348587,0.00404352,0.00428967
2001-02-26,-0.00545572,-0.00886534,-0.00761054
2001-02-27,0.01155968,0.00686159,0.00783924
2001-02-28,0.00109915,-0.00258329,-0.00366387
2001-03-01,-0.00013363,0.00304436,0.00359336
2001-03-02,-0.00017189,0.00195880,0.00164635
2001-03-05,-0.00542261,-0.00184952,-0.00368295
2001-03-06,-0.01222746,-0.01179665,-0.01212160
2001-03-07,0.01438235,0.01687080,0.01754912
2001-03-08,-0.00164414,-0.00545581,-0.00445322
2001-03-09,0.00635928,0.00349870,0.00292584
2001-03-12,0.02484068,0.02077082,0.02214080
2001-03-13,0.00019502,-0.00128044,0.00003596
2001-03-14,0.03031256,0.02356068,0.02614842
2001-03-15,0.01651077,0.02024340,0.02238270
2001-03-16,0.02236548,0.02009025,0.02349342
2001-03-19,-0.01473649,-0.01583177,-0.01549606
2001-03-20,-0.00299868,-0.00322286,-0.00514450
2001-03-21,0.02636882,0.02684677,0.02780547
2001-03-22,0.03388497,0.02787776,0.03127390
2001-03-23,-0.03017050,-0.02129177,-0.02178487
2001-03-26,-0.02685233,-0.02228510,-0.02331426
2001-03-27,-0.02515702,-0.02125343,-0.02351608
2001-03-28,0.01941187,0.01157505,0.01181197
2001-03-29,0.01759025,0.01763886,0.01770863
2001-03-30,0.02475991,0.02408692,0.02526354
2001-04-02,0.00638177,0.00164626,-0.00035960
2001-04-03,0.00600219,0.00957558,0.00661976
2001-04-04,-0.00623027,-0.00099787,-0.00059981
2001-04-05,-0.01749824,-0.01603097,-0.01360971
2001-04-06,0.00707591,0.00732045,0.00858738
2001-04-09,0.00003952,0.00381817,0.00383164
2001-04-10,-0.01974837,-0.00919761,-0.00810454
2001-04-11,-0.01818496,-0.01427267,-0.01462602
2001-04-12,-0.01785033,-0.01648546,-0.01554990
2001-04-13,-0.00005547,-0.00005535,-0.00006172
2001-04-16,-0.00331079,0.00013123,-0.00053946
2001-04-17,-0.00159184,0.00322982,0.00373154
2001-04-18,-0.01404706,-0.00941452,-0.00838166
2001-04-19,-0.02130812,-0.02002233,-0.01859744
2001-04-20,-0.00269849,-0.00491439,-0.00553036
2001-04-23,0.01195010,0.01387099,0.01323199
2001-04-24,-0.00084446,-0.00063111,-0.00098657
2001-04-25,-0.00096274,-0.00260915,-0.00176881
2001-04-26,0.00158074,0.00473452,0.00471992
2001-04-27,0.00155993,-0.00052043,0.00075767
2001-04-30,-0.00461632,-0.00625018,-0.00566977
2001-05-01,-0.00389166,0.00047600,0.00020968
2001-05-02,-0.01237920,-0.01256334,-0.01294802
2001-05-03,0.01779350,0.02545905,0.02509916
2001-05-04,-0.00280550,-0.00231366,-0.00168221
2001-05-07,0.00446126,0.00336069,0.00344332
2001-05-08,0.00380290,0.00386774,0.00467266
2001-05-09,0.00316917,0.00658616,0.00625132
2001-05-10,0.00466059,0.00166723,0.00249171
2001-05-11,-0.00305459,-0.00914503,-0.00862863
2001-05-14,0.00055993,-0.00201226,-0.00231939
2001-05-15,-0.00273440,-0.00266600,-0.00253893
2001-05-16,-0.00753801,-0.00756913,-0.00996700
2001-05-17,-0.00056713,-0.00116221,-0.00150663
2001-05-18,0.00485131,0.00598550,0.00524592
2001-05-21,0.00318884,0.00532929,0.00516345
2001-05-22,0.00507356,0.00515466,0.00680500
2001-05-23,0.00053977,0.00032150,0.00100095
2001-05-24,-0.00863655,-0.01490301,-0.01510076
2001-05-25,0.00207043,0.00387796,0.00379585
2001-05-28,0.00061871,0.00060623,0.00083574
2001-05-29,0.00199124,0.00223859,0.00299721
2001-05-30,-0.00470172,-0.00179316,-0.00174361
2001-05-31,-0.00318947,-0.00177049,-0.00052658
2001-06-01,-0.01307151,-0.00966988,-0.01023054
2001-06-04,0.00187791,0.00700520,0.00803654
2001-06-05,-0.00177450,0.00300174,0.00225205
2001-06-06,0.00196421,-0.00062261,0.00033055
2001-06-07,-0.00234911,-0.00481939,-0.00532150
2001-06-08,0.00548270,0.00614860,0.00808406
2001-06-11,0.00667535,0.00994148,0.01109056
2001-06-12,-0.00040489,0.00150051,0.00246468
2001-06-13,0.00000239,-0.00175859,-0.00293265
2001-06-14,-0.00029547,0.00511066,0.00474432
2001-06-15,0.00957500,0.01283888,0.01359284
2001-06-18,-0.00451644,-0.00918928,-0.00985745
2001-06-19,0.00057026,-0.00081166,-0.00097449
2001-06-20,0.00176744,-0.00314106,-0.00322772
2001-06-21,-0.00337180,-0.00297910,-0.00373355
2001-06-22,0.01079931,0.01616108,0.01624807
2001-06-25,0.00419076,0.00553828,0.00458278
2001-06-26,-0.00398073,-0.00846625,-0.00751667
2001-06-27,-0.00008621,-0.00907642,-0.00868551
2001-06-28,0.00273400,-0.00380775,-0.00161415
2001-06-29,-0.00305418,0.00126916,-0.00064586
2001-07-02,-0.00444500,-0.00569376,-0.00633139
2001-07-03,0.00117665,-0.00155794,-0.00066609
2001-07-04,0.00086606,0.00181325,0.00215851
2001-07-05,0.01343024,0.01170175,0.01512141
2001-07-06,-0.00410045,0.00632351,0.00489965
2001-07-09,0.00676779,0.00403651,0.00479083
2001-07-10,0.00007951,-0.00031338,-0.00114856
2001-07-11,-0.00650917,-0.00859060,-0.00884307
2001-07-12,-0.01437575,-0.01757359,-0.01932509
2001-07-13,0.00692650,0.00637010,0.00586510
2001-07-16,0.01450743,0.01846787,0.02137062
2001-07-17,0.00353726,-0.00058675,-0.00132069
2001-07-18,0.00840942,0.01106434,0.01227263
2001-07-19,0.00793533,0.00532031,0.00548598
2001-07-20,0.00742267,0.01183489,0.01272510
2001-07-23,0.01093073,0.00992607,0.00998510
2001-07-24,0.00419882,0.00519991,0.00659611
2001-07-25,-0.01064775,-0.00985594,-0.00943872
2001-07-26,0.00111606,0.00192823,0.00173696
2001-07-27,0.00349448,0.00534048,0.00425036
2001-07-30,0.01347294,0.00890202,0.00977245
2001-07-31,-0.01037041,-0.01074548,-0.01188933
2001-08-01,-0.01085849,-0.00683432,-0.00833371
2001-08-02,-0.01931489,-0.01331019,-0.01372729
2001-08-03,0.00896674,0.00916825,0.00955977
2001-08-06,0.01248248,0.01084136,0.01175983
2001-08-07,0.01492290,0.01051673,0.01070819
2001-08-08,0.01871262,0.01903584,0.02169674
2001-08-09,-0.00068587,0.00078120,0.00079491
2001-08-10,0.00375213,0.00801364,0.01028608
2001-08-13,0.00354730,0.00339835,0.00313981
2001-08-14,-0.01106527,-0.01032385,-0.01219787
2001-08-15,0.00126576,-0.00294429,-0.00154983
2001-08-16,0.00298167,0.00506599,0.00709465
2001-08-17,0.00961418,0.01073657,0.01332038
2001-08-20,0.00261365,0.00355272,0.00451972
2001-08-21,-0.00147577,0.00028425,0.00071769
2001-08-22,-0.00263619,-0.00136545,-0.00243073
2001-08-23,-0.00202284,-0.00010606,0.00048603
2001-08-24,-0.01275758,-0.00927582,-0.01129916
2001-08-27,-0.00465714,-0.00473540,-0.00584157
2001-08-28,0.01415722,0.01743904,0.02055882
2001-08-29,0.00884947,0.00870599,0.00964383
2001-08-30,0.02504897,0.02004095,0.02059967
2001-08-31,-0.00297467,-0.00115005,-0.00124726
2001-09-03,0.00568620,0.00533350,0.00586682
2001-09-04,-0.03865264,-0.04025485,-0.04413860
2001-09-05,0.00979875,0.00994716,0.01156915
2001-09-06,0.03752373,0.03910205,0.04198904
2001-09-07,0.02484154,0.02701033,0.03024574
2001-09-10,-0.00298046,-0.00534540,-0.00609773
2001-09-11,0.03599137,0.03537638,0.03769733
2001-09-12,0.00427073,0.00180627,0.00227722
2001-09-13,0.00810006,0.01195587,0.01230929
2001-09-14,0.00494323,0.00891390,0.01072432
2001-09-17,0.00667826,0.00615303,0.00505256
2001-09-18,-0.00401437,-0.00450359,-0.00559779
2001-09-19,0.01269540,0.00952950,0.00673081
2001-09-20,0.01395278,0.00890009,0.00730284
2001-09-21,0.00854464,0.00566749,0.00432493
2001-09-24,-0.03040213,-0.03000002,-0.02706336
2001-09-25,0.00837770,0.00731591,0.00692091
2001-09-26,0.01069419,0.01051779,0.01008447
2001-09-27,0.00356218,0.00735518,0.00796098
2001-09-28,-0.00810704,-0.00576002,-0.00424083
2001-10-01,0.01880292,0.02003246,0.01881237
2001-10-02,0.00080785,0.00213606,0.00209707
2001-10-03,-0.01064684,-0.00869294,-0.00737353
2001-10-04,-0.01702756,-0.01607626,-0.01332394
2001-10-05,0.00472895,0.00538662,0.00503258
2001-10-08,0.00792479,0.00607135,0.00533989
2001-10-09,-0.00958464,-0.00906357,-0.00932132
2001-10-10,-0.01735427,-0.01348580,-0.01088736
2001-10-11,-0.03544583,-0.02898880,-0.02589134
2001-10-12,0.02457443,0.02421837,0.02171490
2001-10-15,0.01052328,0.01284855,0.01263367
2001-10-16,0.00103720,0.00195536,0.00121860
2001-10-17,0.01032055,0.00730017,0.00676732
2001-10-18,0.01550041,0.01375400,0.01207471
2001-10-19,-0.01266204,-0.01050530,-0.00913162
2001-10-22,-0.00027405,-0.00008464,0.00057379
2001-10-23,-0.00876212,-0.00770305,-0.00754888
2001-10-24,0.00281087,0.00526919,0.00703072
2001-10-25,0.00995597,0.01110687,0.01062902
2001-10-26,-0.01186430,-0.01118383,-0.00964127
2001-10-29,0.01219730,0.01321432,0.01264661
2001-10-30,0.02418036,0.02294264,0.02153557
2001-10-31,0.02713947,0.02498968,0.02480665
2001-11-01,0.00686804,0.00789380,0.00834706
2001-11-02,-0.01174000,-0.01253269,-0.01278683
2001-11-05,0.00972141,0.01335328,0.01376767
2001-11-06,0.00864167,0.00799293,0.00678429
2001-11-07,0.01000240,0.00989304,0.01071768
2001-11-08,-0.03917178,-0.03669332,-0.03447404
2001-11-09,-0.02418344,-0.02290597,-0.02063648
2001-11-12,0.00626624,0.00818547,0.00581115
2001-11-13,-0.02621653,-0.02775572,-0.02858936
2001-11-14,-0.00489550,-0.00449091,-0.00881951
2001-11-15,-0.01331895,-0.01339598,-0.01703208
2001-11-16,-0.02313698,-0.02421272,-0.02186570
2001-11-19,0.00191643,0.00551771,0.00673907
2001-11-20,-0.00599751,-0.00560429,-0.00398471
2001-11-21,-0.00568628,-0.00960738,-0.00911210
2001-11-22,-0.00413246,-0.00385488,-0.00291909
2001-11-23,-0.00150594,-0.00407452,-0.00326056
2001-11-26,0.01071365,0.01201434,0.01022792
2001-11-27,-0.01654335,-0.01592013,-0.01411649
2001-11-28,0.00120677,0.00502686,0.00233316
2001-11-29,0.01131886,0.01696338,0.01585370
2001-11-30,-0.01919817,-0.01795538,-0.01694115
2001-12-03,-0.01125234,-0.00501419,-0.00276078
2001-12-04,0.00592289,0.00752324,0.00740182
2001-12-05,-0.00674053,-0.01725413,-0.01649902
2001-12-06,0.00215529,0.00088032,-0.00167002
2001-12-07,-0.01275094,-0.01339690,-0.01053549
2001-12-10,0.00653507,0.00891943,0.00754598
2001-12-11,0.00852661,0.00626704,0.00400182
2001-12-12,-0.00064337,0.00401457,0.00436283
2001-12-13,0.00279609,0.00096425,0.00033932
2001-12-14,-0.01976221,-0.02179558,-0.01874064
2001-12-17,0.00217392,0.00104345,0.00113480
2001-12-18,-0.00355106,-0.00119584,-0.00007849
2001-12-19,-0.00136930,0.00086893,0.00221873
2001-12-20,0.00610443,0.00684512,0.00487120
2001-12-21,-0.00463232,-0.00427989,-0.00389683
2001-12-24,-0.00020205,-0.00072962,-0.00096480
2001-12-25,-0.00003502,-0.00003959,-0.00004116
2001-12-26,-0.01456107,-0.01445459,-0.00971572
2001-12-27,0.00470847,0.01015982,0.00983727
2001-12-28,-0.00148450,-0.00136660,-0.00220884
2001-12-31,0.01131988,0.01485582,0.01423736
2002-01-01,-0.00004004,-0.00004726,-0.00004794
2002-01-02,-0.00537891,-0.00576097,-0.00422657
2002-01-03,-0.00025743,0.00130048,-0.00019882
2002-01-04,-0.01026587,-0.01366070,-0.01238213
2002-01-07,-0.00306369,0.00191334,0.00066922
2002-01-08,0.00075622,0.00293336,0.00247260
2002-01-09,0.00635262,0.00637307,0.00503485
2002-01-10,-0.00071417,0.00560328,0.00675718
2002-01-11,-0.00031289,0.00395670,0.00240030
2002-01-14,-0.00340203,-0.00079807,-0.00206272
2002-01-15,-0.00299810,-0.00488300,-0.00489581
2002-01-16,0.00047172,0.00313814,0.00362841
2002-01-17,0.00642447,0.00406924,0.00389285
2002-01-18,0.00113434,0.00249457,0.00239048
2002-01-21,-0.00108982,-0.00031043,-0.00033238
2002-01-22,0.00606652,0.00167969,0.00208379
2002-01-23,-0.00724060,-0.01451609,-0.01373104
2002-01-24,-0.00374875,-0.00848860,-0.00779684
2002-01-25,-0.00235945,-0.00451523,-0.00298247
2002-01-28,0.00164463,0.00175158,0.00118227
2002-01-29,0.00441354,0.00316754,0.00161492
2002-01-30,0.00602315,0.00633379,0.00625147
2002-01-31,-0.00544494,-0.01108113,-0.00952921
2002-02-01,-0.01022035,-0.00671096,-0.00537699
2002-02-04,0.00539018,0.01163116,0.00972262
2002-02-05,0.00932072,0.00930821,0.01086686
2002-02-06,0.00575919,0.00537490,0.00518032
2002-02-07,-0.00164053,-0.00702446,-0.00771330
2002-02-08,-0.00297256,0.00093920,0.00101288
2002-02-11,-0.02200573,-0.02265556,-0.02295676
2002-02-12,-0.00183206,-0.00402697,-0.00423708
2002-02-13,-0.00686919,-0.00272650,-0.00218231
2002-02-14,0.00116718,0.00403877,0.00286817
2002-02-15,0.00819184,0.01344020,0.01430356
2002-02-18,0.00067852,0.00071536,0.00076289
2002-02-19,-0.00353564,-0.00341028,-0.00188041
2002-02-20,0.00112862,0.00330922,0.00373388
2002-02-21,0.00062541,-0.00103279,-0.00013859
2002-02-22,0.00277194,0.00456285,0.00432923
2002-02-25,0.00417205,0.00639024,0.00493090
2002-02-26,-0.00471165,-0.00788952,-0.00677594
2002-02-27,0.00352009,0.00669840,0.00632822
2002-02-28,-0.00497299,-0.00694790,-0.00623690
2002-03-01,-0.01640302,-0.02279032,-0.02426851
2002-03-04,-0.01140883,-0.01159805,-0.01441377
2002-03-05,-0.00537444,-0.00871560,-0.00939820
2002-03-06,-0.00708843,-0.01268735,-0.01389404
2002-03-07,-0.01809194,-0.02917260,-0.02991800
2002-03-08,-0.00248544,-0.00523986,-0.00498332
2002-03-11,0.00002384,-0.00284310,-0.00357950
2002-03-12,0.00032007,-0.00081580,-0.00065759
2002-03-13,0.00471390,0.00868915,0.00950719
2002-03-14,-0.00103978,-0.00938340,-0.00935075
2002-03-15,0.00125876,0.00031896,0.00050680
2002-03-18,0.00210601,0.00367068,0.00361197
2002-03-19,0.00066454,-0.00214818,-0.00212443
2002-03-20,-0.00024670,0.00151038,0.00204149
2002-03-21,0.00477620,-0.00130363,-0.00149343
2002-03-22,0.00211147,0.00493130,0.00479683
2002-03-25,-0.00568983,-0.00029813,-0.00019565
2002-03-26,-0.00485499,-0.00165570,-0.00166325
2002-03-27,0.00615722,0.00169853,0.00126106
2002-03-28,0.01014722,0.00375944,0.00387483
2002-03-29,-0.00004915,-0.00003599,-0.00004380
2002-04-01,0.00084278,-0.00212953,-0.00272465
2002-04-02,0.01336234,0.01487119,0.01586385
2002-04-03,-0.01283581,-0.00429010,-0.00565863
2002-04-04,-0.00620404,-0.00103308,-0.00205287
2002-04-05,-0.00414920,-0.00029030,-0.00004587
2002-04-08,0.00848781,0.00438978,0.00386001
2002-04-09,-0.00910655,-0.00405058,-0.00286317
2002-04-10,0.00653212,0.00058667,0.00071796
2002-04-11,-0.00740399,-0.00195299,-0.00159877
2002-04-12,-0.01598251,-0.01040053,-0.01034053
2002-04-15,-0.00081896,0.00559107,0.00327500
2002-04-16,-0.00511620,-0.00761552,-0.00828842
2002-04-17,0.00397598,0.00003337,-0.00048653
2002-04-18,0.00864850,0.01218546,0.01329339
2002-04-19,-0.00214862,0.00278205,0.00199616
2002-04-22,0.00278528,0.00274033,0.00281583
2002-04-23,0.00391548,0.00060791,0.00046846
2002-04-24,0.00518772,0.00951079,0.01076553
2002-04-25,0.00152900,0.00344509,0.00450143
2002-04-26,0.00565309,0.00604509,0.00752522
2002-04-29,-0.00035870,-0.00234301,-0.00294814
2002-04-30,-0.00801844,-0.00517418,-0.00523834
2002-05-01,-0.00718043,-0.00435954,-0.00251663
2002-05-02,0.00130335,-0.00244816,-0.00136089
2002-05-03,0.01365937,0.01749611,0.02041240
2002-05-06,-0.00507541,-0.00400146,-0.00310958
2002-05-07,0.00476303,0.00396022,0.00436427
2002-05-08,-0.02884014,-0.02978233,-0.03618414
2002-05-09,0.01150531,0.01008601,0.01301198
2002-05-10,0.01253885,0.01223498,0.01555999
2002-05-13,-0.01010397,-0.01336235,-0.01559769
2002-05-14,-0.01158188,-0.01568371,-0.01983509
2002-05-15,-0.00789859,-0.00209031,0.00000287
2002-05-16,0.00838865,0.01284852,0.01291626
2002-05-17,0.00481560,0.00411560,0.00653750
2002-05-20,0.00988372,0.01072617,0.01022441
2002-05-21,0.00241700,0.00428988,0.00401485
2002-05-22,0.00866637,0.01005636,0.01153907
2002-05-23,-0.00493302,-0.00944957,-0.00975417
2002-05-24,-0.00223929,0.00127601,0.00095404
2002-05-27,-0.00028252,-0.00156070,-0.00137328
2002-05-28,0.00818979,0.00741722,0.00883545
2002-05-29,0.01260960,0.01060445,0.01124387
2002-05-30,0.00396623,0.00933325,0.01152977
2002-05-31,-0.00102218,-0.00542710,-0.00641580
2002-06-03,0.00519666,0.00261744,0.00462778
2002-06-04,0.01102610,0.00927605,0.01050898
2002-06-05,-0.01231711,-0.00724852,-0.00819918
2002-06-06,0.01349570,0.01391106,0.01513848
2002-06-07,-0.00138930,-0.00049445,0.00004214
2002-06-10,-0.01844721,-0.01238289,-0.01360093
2002-06-11,0.00805261,0.01000792,0.01094065
2002-06-12,0.01053631,0.00877338,0.01072426
2002-06-13,0.00140849,0.00327139,0.00440473
2002-06-14,0.02238883,0.02344991,0.02780624
2002-06-17,-0.02597461,-0.02426914,-0.02600685
2002-06-18,0.01105712,0.01404875,0.01693574
2002-06-19,0.02897633,0.02882551,0.03100172
2002-06-20,0.01177286,0.00207989,0.00450500
2002-06-21,0.01963583,0.01913991,0.02051082
2002-06-24,-0.00282128,-0.00409411,-0.00411199
2002-06-25,0.00368613,0.00293893,0.00387950
2002-06-26,0.02789840,0.02677514,0.02908636
2002-06-27,-0.01593039,-0.01538697,-0.01543393
2002-06-28,-0.01020680,-0.01144432,-0.01157072
2002-07-01,0.00266584,0.00179749,0.00191528
2002-07-02,0.01847406,0.02031286,0.02026815
2002-07-03,-0.00378772,-0.00336553,-0.00454331
2002-07-04,-0.00691498,-0.00658043,-0.00692469
2002-07-05,-0.03713549,-0.03344395,-0.03249602
2002-07-08,0.02023730,0.01960891,0.02032490
2002-07-09,0.02664060,0.02609521,0.02604852
2002-07-10,0.02298367,0.02244978,0.02191767
2002-07-11,0.01236360,0.01365698,0.01538003
2002-07-12,0.00289976,0.00583738,0.00550617
2002-07-15,0.02699115,0.01973340,0.01892936
2002-07-16,-0.00335286,-0.00542746,-0.00598341
2002-07-17,-0.00972117,-0.00738550,-0.00605764
2002-07-18,0.00376633,0.00470899,0.00298126
2002-07-19,0.03468251,0.02967747,0.02900948
2002-07-22,0.02299827,0.01682826,0.01170377
2002-07-23,-0.01904948,-0.01310740,-0.01736227
2002-07-24,0.00285159,0.00104069,0.00349716
2002-07-25,0.00706151,0.00569004,0.00765769
2002-07-26,-0.02037787,-0.01439947,-0.01424269
2002-07-29,-0.05143551,-0.04418142,-0.04093056
2002-07-30,0.01036391,0.01212559,0.01270614
2002-07-31,0.01802655,0.01463318,0.01323932
2002-08-01,0.02200380,0.01893024,0.01658017
2002-08-02,0.02248315,0.02153170,0.02123595
2002-08-05,0.01608878,0.01346925,0.01248454
2002-08-06,-0.03289796,-0.02968800,-0.02640685
2002-08-07,0.01375715,0.01211231,0.01165234
2002-08-08,-0.02922196,-0.02385342,-0.02048453
2002-08-09,0.00880592,0.00760412,0.00762214
2002-08-12,0.01478009,0.01052742,0.00760636
2002-08-13,0.01419746,0.01320331,0.01190693
2002-08-14,0.00465360,0.00384236,0.00511756
2002-08-15,-0.02546371,-0.01803097,-0.01765500
2002-08-16,-0.01056530,-0.00968611,-0.00809095
2002-08-19,-0.00853609,-0.00622420,-0.00410995
2002-08-20,0.00831787,0.01171889,0.01083162
2002-08-21,-0.00062830,0.00034264,0.00139184
2002-08-22,-0.01998900,-0.02365337,-0.02339186
2002-08-23,0.01642822,0.01385329,0.01217221
2002-08-26,0.00364626,0.00322900,0.00297756
2002-08-27,-0.00800935,-0.00666393,-0.00649881
2002-08-28,0.01337025,0.01032511,0.00911497
2002-08-29,0.01451793,0.01635689,0.01728834
2002-08-30,0.00593592,0.00497267,0.00432920
2002-09-02,0.00548723,0.00399972,0.00383255
2002-09-03,0.01735350,0.01482922,0.00885501
2002-09-04,0.00988666,0.00861965,0.00923697
2002-09-05,0.02194529,0.01757842,0.01827298
2002-09-06,-0.01112239,-0.01287816,-0.01106935
2002-09-09,0.00137736,0.00024063,-0.00238716
2002-09-10,-0.01076959,-0.00517933,-0.00548145
2002-09-11,-0.00827547,-0.00603202,-0.00517245
2002-09-12,0.00907580,0.00917031,0.00621724
2002-09-13,0.01217252,0.01183909,0.01411706
2002-09-16,0.00970374,0.00750725,0.00784763
2002-09-17,-0.00575930,-0.00562952,-0.00817972
2002-09-18,0.02175669,0.01560952,0.01559568
2002-09-19,0.01986097,0.01644682,0.01581532
2002-09-20,-0.00663968,-0.00686039,-0.00647315
2002-09-23,0.02654478,0.02310312,0.02313858
2002-09-24,0.01399574,0.01229424,0.01057018
2002-09-25,-0.02858864,-0.02261915,-0.02146125
2002-09-26,-0.01097576,-0.00655986,-0.00452720
2002-09-27,0.02290531,0.01944054,0.01950998
2002-09-30,0.02984656,0.02438376,0.02378824
2002-10-01,-0.02489995,-0.01770533,-0.01493391
2002-10-02,-0.00743587,-0.00504085,-0.00562984
2002-10-03,0.00342701,0.00743875,0.00654885
2002-10-04,0.00662083,0.00408323,0.00230752
2002-10-07,0.01661696,0.01380076,0.01429080
2002-10-08,-0.00243912,-0.00145491,-0.00130720
2002-10-09,0.01680613,0.01380367,0.01424632
2002-10-10,-0.02779766,-0.02339654,-0.02321365
2002-10-11,-0.03422085,-0.03035055,-0.02853030
2002-10-14,0.01128237,0.01061649,0.01308922
2002-10-15,-0.05407211,-0.05036966,-0.05089071
2002-10-16,-0.00584404,-0.00496519,-0.00665794
2002-10-17,-0.02188264,-0.02147661,-0.02092145
2002-10-18,-0.00703358,-0.00358139,-0.00440228
2002-10-21,-0.02354262,-0.02308039,-0.02530682
2002-10-22,-0.00062939,-0.00122487,-0.00212137
2002-10-23,0.00426037,0.00439839,0.00375106
2002-10-24,0.00829026,0.01060538,0.01114623
2002-10-25,-0.00502116,-0.00200206,-0.00444000
2002-10-28,0.00247103,0.00510564,0.00610262
2002-10-29,0.01259598,0.01375671,0.01025142
2002-10-30,-0.00394544,-0.00515726,-0.00422218
2002-10-31,0.00617925,0.01425474,0.01441012
2002-11-01,-0.00147423,-0.00253056,-0.00137696
2002-11-04,-0.01232670,-0.01111865,-0.00980171
2002-11-05,-0.00391587,-0.00576808,-0.00486118
2002-11-06,0.00316942,0.00307557,0.00354932
2002-11-07,0.01326136,0.01424364,0.01415858
2002-11-08,0.00560723,0.00707840,0.00757705
2002-11-11,0.00572952,0.00706037,0.00730375
2002-11-12,-0.00536636,-0.00722381,-0.00698415
2002-11-13,0.00020726,-0.00127936,-0.00225246
2002-11-14,-0.01764768,-0.01833204,-0.01728088
2002-11-15,0.00051782,-0.00091773,-0.00005549
2002-11-18,-0.00379106,-0.00124939,-0.00148700
2002-11-19,0.00256932,0.00443706,0.00313533
2002-11-20,-0.01042721,-0.01038131,-0.00979414
2002-11-21,-0.01058145,-0.00973141,-0.00834571
2002-11-22,-0.00086792,-0.00162761,-0.00159183
2002-11-25,-0.00146675,-0.00512454,-0.00662606
2002-11-26,0.00886596,0.01348272,0.01172103
2002-11-27,-0.01505040,-0.02067606,-0.01928983
2002-11-28,-0.00095631,-0.00043290,-0.00020873
2002-11-29,0.00409536,0.00863513,0.00918768
2002-12-02,0.00162088,0.00565439,0.00659162
2002-12-03,-0.00125512,0.00242382,0.00132340
2002-12-04,0.00949486,0.00454184,0.00474110
2002-12-05,0.00622997,0.01082466,0.01075750
2002-12-06,0.00047706,0.00376515,0.00428871
2002-12-09,0.00327140,0.00814074,0.00767919
2002-12-10,0.00078710,0.00166897,0.00135942
2002-12-11,0.00400748,0.00635153,0.00666941
2002-12-12,0.01173784,0.01325846,0.01578144
2002-12-13,0.00704137,0.00736779,0.00775224
2002-12-16,-0.00013934,0.00373074,0.00643920
2002-12-17,0.00610621,0.00723345,0.00750935
2002-12-18,0.00659993,0.00827724,0.00769286
2002-12-19,0.01623572,0.01802468,0.01771162
2002-12-20,-0.00471855,-0.00441044,-0.00543932
2002-12-23,0.00793134,0.01118879,0.01189293
2002-12-24,0.00717775,0.00857378,0.00900787
2002-12-25,-0.00006527,-0.00006581,-0.00006962
2002-12-26,0.00637741,0.00668514,0.00708840
2002-12-27,0.02168518,0.01995864,0.02035387
2002-12-30,-0.01174164,-0.01419052,-0.01333370
2002-12-31,0.00241788,0.00218676,0.00269341
2003-01-01,-0.00006494,-0.00006575,-0.00006892
2003-01-02,-0.03621053,-0.03355708,-0.03270195
2003-01-03,0.01374735,0.01459185,0.01389357
2003-01-06,-0.00762277,-0.00945310,-0.00934196
2003-01-07,-0.00616401,-0.00457182,-0.00558325
2003-01-08,0.01079181,0.00680978,0.00863404
2003-01-09,-0.00446182,-0.00413928,-0.00460997
2003-01-10,0.00109284,-0.00143183,-0.00118501
2003-01-13,0.00356835,0.00886562,0.00713419
2003-01-14,0.00202365,0.00686559,0.00751705
2003-01-15,0.00956502,0.01176093,0.01124301
2003-01-16,0.02009459,0.01870349,0.02048208
2003-01-17,0.01533239,0.01696381,0.01819371
2003-01-20,0.00291568,0.00296577,0.00311949
2003-01-21,0.00932634,0.00505734,0.00562278
2003-01-22,0.01105793,0.00983592,0.01000370
2003-01-23,0.00701547,0.00700336,0.00692896
2003-01-24,0.03085557,0.02974633,0.03085218
2003-01-27,0.00304877,0.00012993,-0.00009837
2003-01-28,0.00203836,0.00150570,0.00083487
2003-01-29,0.01302463,0.01445354,0.01475952
2003-01-30,0.00629503,0.00385271,0.00391188
2003-01-31,-0.00485412,-0.00215060,-0.00187555
2003-02-03,-0.00591391,-0.00566226,-0.00560885
2003-02-04,0.03917434,0.03542264,0.03468889
2003-02-05,-0.01628143,-0.01466145,-0.01486843
2003-02-06,0.01093395,0.01625813,0.01568729
2003-02-07,0.02640044,0.02581822,0.02467368
2003-02-10,-0.02765606,-0.02857997,-0.02783637
2003-02-11,0.00467779,0.00515006,0.00601026
2003-02-12,-0.00237660,0.00305427,0.00285780
2003-02-13,0.02336883,0.02804958,0.02839272
2003-02-14,-0.02248146,-0.02173013,-0.02162008
2003-02-17,-0.01003865,-0.00821790,-0.00875884
2003-02-18,-0.02406895,-0.01864533,-0.01893126
2003-02-19,0.02816725,0.02740545,0.02662246
2003-02-20,0.00244455,0.00362633,0.00430219
2003-02-21,0.00634272,0.00224806,0.00224408
2003-02-24,0.04682351,0.05003441,0.04998015
2003-02-25,-0.00598759,-0.00849103,-0.00829914
2003-02-26,0.01850758,0.01812719,0.01842078
2003-02-27,-0.01112176,-0.00728236,-0.00797558
2003-02-28,0.01301165,0.01536392,0.01573622
2003-03-03,0.00904574,0.00965555,0.01004900
2003-03-04,0.01805683,0.01601145,0.01516306
2003-03-05,0.01735196,0.01697270,0.01811972
2003-03-06,0.00459007,0.00402063,0.00384229
2003-03-07,0.02618523,0.02708126,0.02715202
2003-03-10,0.01446249,0.01481101,0.01511799
2003-03-11,-0.01997512,-0.01570833,-0.01495384
2003-03-12,0.00769129,0.00498685,0.00360197
2003-03-13,-0.08831931,-0.08431671,-0.08202951
2003-03-14,-0.01630328,-0.01582568,-0.01688808
2003-03-17,-0.03769297,-0.03892578,-0.03888353
2003-03-18,-0.03384267,-0.03738463,-0.03873128
2003-03-19,-0.02469794,-0.02561464,-0.02733248
2003-03-20,-0.01080511,-0.01365234,-0.01359722
2003-03-21,-0.02333304,-0.02871808,-0.02771804
2003-03-24,0.03078112,0.03721074,0.03672367
2003-03-25,0.00254579,-0.00367145,-0.00247975
2003-03-26,0.00749660,0.00966528,0.00940455
2003-03-27,0.00280822,0.01117021,0.01111422
2003-03-28,0.00900218,0.00871467,0.00903997
2003-03-31,0.01383767,0.01820739,0.01789993
2003-04-01,-0.00176044,-0.00794612,-0.00782784
2003-04-02,-0.01351428,-0.01997224,-0.01922666
2003-04-03,0.00224634,0.00249742,0.00251125
2003-04-04,-0.00644742,-0.00709449,-0.00716449
2003-04-07,-0.01199915,-0.01651806,-0.01650171
2003-04-08,0.00880942,0.01329943,0.01299271
2003-04-09,0.00588917,0.01299919,0.01395349
2003-04-10,0.00491614,0.00066557,-0.00046485
2003-04-11,-0.00144674,0.00019200,0.00021489
2003-04-14,0.00185959,-0.00102940,-0.00116948
2003-04-15,0.00449594,0.00993774,0.01041543
2003-04-16,0.01485744,0.01575016,0.01646413
2003-04-17,-0.00195313,0.00404713,0.00512711
2003-04-18,0.00054734,0.00064589,0.00064464
2003-04-21,-0.00707644,-0.00480736,-0.00483574
2003-04-22,0.00242982,0.00257834,0.00262340
2003-04-23,0.00264946,-0.00190495,-0.00289372
2003-04-24,0.00353831,0.01162875,0.01193365
2003-04-25,0.00829231,0.00822367,0.00832990
2003-04-28,-0.00368710,-0.00564307,-0.00704744
2003-04-29,0.00116082,-0.00095667,-0.00180099
2003-04-30,0.01061891,0.01542378,0.01704161
2003-05-01,0.01028287,0.01274213,0.01313110
2003-05-02,-0.00258410,-0.00859907,-0.00924980
2003-05-05,0.00540109,0.01051843,0.01173095
2003-05-06,0.01394147,0.01546519,0.01656475
2003-05-07,-0.00240134,0.00594809,0.00559766
2003-05-08,0.00757895,0.01088443,0.01150917
2003-05-09,0.00541869,0.00834706,0.00862294
2003-05-12,0.00929005,0.00772482,0.00814097
2003-05-13,-0.00068019,0.00300790,0.00363488
2003-05-14,0.00783424,0.01258757,0.01313842
2003-05-15,-0.01303646,-0.01509371,-0.01568100
2003-05-16,0.03043945,0.03182858,0.03249629
2003-05-19,0.00018940,-0.00086619,-0.00225879
2003-05-20,0.02112547,0.02741694,0.02718361
2003-05-21,-0.00442828,-0.00388036,-0.00409709
2003-05-22,-0.00387810,-0.00224125,-0.00227469
2003-05-23,0.00149500,0.00288823,0.00400286
2003-05-26,0.00252794,0.00269785,0.00282622
2003-05-27,-0.00335736,-0.00525291,-0.00511975
2003-05-28,-0.01599714,-0.01820483,-0.01980969
2003-05-29,0.02706944,0.02615201,0.02706510
2003-05-30,-0.00412302,-0.00197635,-0.00122741
2003-06-02,-0.00495983,-0.00358316,-0.00334491
2003-06-03,0.01704818,0.01798035,0.01839311
2003-06-04,0.00117827,-0.00301052,-0.00203478
2003-06-05,0.02005339,0.02173366,0.02315776
2003-06-06,-0.01407496,-0.01097328,-0.01135295
2003-06-09,0.00746490,0.00993271,0.00844820
2003-06-10,0.00971153,0.01139983,0.01336531
2003-06-11,0.00929322,0.01126898,0.01165468
2003-06-12,-0.00388412,-0.00551180,-0.00680169
2003-06-13,0.00718409,0.00575873,0.00361097
2003-06-16,-0.00774024,-0.00891314,-0.00747282
2003-06-17,-0.01342702,-0.01492899,-0.01446311
2003-06-18,-0.02633679,-0.02647100,-0.02647457
2003-06-19,-0.00491903,-0.00595836,-0.00755100
2003-06-20,-0.01698091,-0.01149685,-0.00954228
2003-06-23,-0.00022582,-0.00007548,-0.00160798
2003-06-24,-0.00095312,-0.00000183,-0.00019489
2003-06-25,-0.00612138,-0.00230404,-0.00260475
2003-06-26,-0.03080868,-0.03360383,-0.03290126
2003-06-27,-0.00434292,-0.00200441,-0.00226903
2003-06-30,0.00841242,0.01165190,0.01150991
2003-07-01,0.00481736,0.00582887,0.00621849
2003-07-02,0.00466342,0.00251540,0.00279108
2003-07-03,-0.00698028,-0.00654011,-0.00690381
2003-07-04,0.00001856,0.00018827,0.00015117
2003-07-07,-0.00518455,-0.01183118,-0.00826162
2003-07-08,-0.00904758,-0.00948261,-0.00843068
2003-07-09,0.00471393,0.00815650,0.00744612
2003-07-10,0.00037991,0.00156353,0.00013937
2003-07-11,0.00518396,0.00788532,0.00825954
2003-07-14,0.00040149,-0.00232192,-0.00100400
2003-07-15,-0.01522859,-0.01996019,-0.02000492
2003-07-16,-0.00845967,-0.01192014,-0.01243823
2003-07-17,-0.00513867,-0.00634670,-0.00750216
2003-07-18,0.00653441,0.00487605,0.00610969
2003-07-21,-0.00774781,-0.01368281,-0.01523436
2003-07-22,-0.00772796,-0.00915660,-0.00950817
2003-07-23,0.00956679,0.00469159,0.00552259
2003-07-24,0.00459369,0.00368636,0.00387941
2003-07-25,0.00288158,0.00155903,0.00242258
2003-07-28,0.00102606,-0.00520084,-0.00397514
2003-07-29,-0.00406500,-0.00414778,-0.00372890
2003-07-30,-0.00644455,0.00010858,0.00032478
2003-07-31,0.00097574,-0.00888730,-0.00752495
2003-08-01,0.00584439,0.01180391,0.01232485
2003-08-04,-0.00527973,-0.00346136,-0.00376400
2003-08-05,-0.00189457,-0.00417360,-0.00606432
2003-08-06,-0.00615622,-0.00158072,-0.00261594
2003-08-07,-0.00008402,0.00339663,0.00357520
2003-08-08,-0.00312487,0.00007293,-0.00020023
2003-08-11,0.00659395,0.00379123,0.00453590
2003-08-12,-0.00175575,0.00190440,0.00220488
2003-08-13,0.00142038,-0.00910840,-0.01061166
2003-08-14,0.00367839,0.00521428,0.00614213
2003-08-15,0.00082809,0.00268995,0.00321094
2003-08-18,-0.00068410,0.00616176,0.00793582
2003-08-19,-0.00349667,0.00280895,0.00388502
2003-08-20,0.00387906,0.00240849,0.00143837
2003-08-21,0.00642824,0.00736536,0.00949743
2003-08-22,-0.00380025,-0.00053297,-0.00105644
2003-08-25,-0.00628987,-0.00579887,-0.00667615
2003-08-26,-0.00161821,-0.00078711,-0.00176935
2003-08-27,0.00603206,0.00245510,0.00255918
2003-08-28,-0.00123461,0.00326686,0.00460900
2003-08-29,0.00542160,-0.00052266,-0.00067891
2003-09-01,0.00453450,0.00459095,0.00523771
2003-09-02,-0.00590968,-0.01615616,-0.01629600
2003-09-03,0.00779798,0.00473443,0.00686582
2003-09-04,-0.00859315,-0.00581423,-0.00507324
2003-09-05,-0.01082953,-0.00393232,-0.00366477
2003-09-08,0.00441983,0.00425645,0.00597234
2003-09-09,0.00164126,0.00249857,-0.00120948
2003-09-10,-0.01622648,-0.01063707,-0.01301449
2003-09-11,0.00319469,-0.00082603,0.00109110
2003-09-12,-0.01175947,-0.00666622,-0.00744577
2003-09-15,0.00115895,0.00248148,0.00332931
2003-09-16,0.00160134,-0.00269246,0.00121896
2003-09-17,0.00269205,-0.00128660,-0.00141631
2003-09-18,0.00302773,0.00431725,0.00738195
2003-09-19,0.00224502,-0.00035096,-0.00266193
2003-09-22,-0.00124669,-0.00024489,-0.00273522
2003-09-23,0.00178417,0.00300601,0.00436556
2003-09-24,-0.00065284,0.00472393,0.00190557
2003-09-25,-0.00198018,0.00227770,0.00131709
2003-09-26,-0.01075154,-0.00569522,-0.00717842
2003-09-29,0.00645901,0.00016080,-0.00112910
2003-09-30,0.00291088,0.01191145,0.00973046
2003-10-01,0.01485928,0.01606275,0.01809307
2003-10-02,0.00487676,-0.00091342,0.00061672
2003-10-03,-0.02488961,-0.02605375,-0.02209159
2003-10-06,0.01543185,0.01639605,0.01520303
2003-10-07,0.01128736,0.00696191,0.00713627
2003-10-08,0.00324344,0.00219463,0.00236409
2003-10-09,-0.00234979,-0.00369733,-0.00199405
2003-10-10,0.01725704,0.01654967,0.01647903
2003-10-13,0.00865902,0.00473598,0.00690515
2003-10-14,-0.00710264,-0.01133531,-0.01178807
2003-10-15,-0.00686982,-0.01060033,-0.00862150
2003-10-16,-0.00416045,-0.00791100,-0.00817990
2003-10-17,-0.00035625,0.00313042,0.00013328
2003-10-20,0.00117937,0.00314436,0.00532691
2003-10-21,0.00158339,0.00220564,0.00187078
2003-10-22,0.01303944,0.01211140,0.00941933
2003-10-23,-0.00649127,-0.00509613,-0.00584957
2003-10-24,-0.00011898,0.00583441,0.00498467
2003-10-27,0.00366010,0.00138906,0.00250138
2003-10-28,0.00726877,0.00689413,0.01030985
2003-10-29,0.00633068,-0.00065519,0.00005257
2003-10-30,-0.00795527,-0.01104639,-0.00996755
2003-10-31,-0.00644965,0.00057306,0.00015345
2003-11-03,-0.00893384,-0.01379436,-0.01183854
2003-11-04,0.00638152,0.00726235,0.00784789
2003-11-05,0.00681758,0.00599661,0.00604802
2003-11-06,-0.00956364,-0.01208319,-0.01223981
2003-11-07,0.00850914,0.00801432,0.00818259
2003-11-10,0.00426497,0.00601271,0.00350279
2003-11-11,-0.00287309,-0.00155093,-0.00184363
2003-11-12,0.00738989,0.00897942,0.01156646
2003-11-13,0.00860270,0.01991132,0.02053942
2003-11-14,-0.00032138,0.00230753,0.00049363
2003-11-17,-0.02270042,-0.01080850,-0.01357419
2003-11-18,0.02478474,0.02962000,0.02905562
2003-11-19,-0.02248493,-0.02233738,-0.02117239
2003-11-20,-0.00247990,0.00189143,0.00038426
2003-11-21,0.00280943,0.00433876,0.00409497
2003-11-24,-0.01607764,-0.02548405,-0.02239075
2003-11-25,0.00632790,0.00662916,0.00666618
2003-11-26,0.01754837,0.01624745,0.01538041
2003-11-27,0.00063582,-0.00112123,-0.00103251
2003-11-28,0.00628206,0.00383721,0.00386629
2003-12-01,0.00906029,-0.00164329,-0.00042924
2003-12-02,0.01217145,0.01245765,0.01060193
2003-12-03,-0.00010161,0.00038488,0.00046332
2003-12-04,-0.00402240,-0.00238040,-0.00119124
2003-12-05,0.00156999,0.01608458,0.01369219
2003-12-08,0.01588691,0.01304880,0.01349086
2003-12-09,-0.00110917,-0.00542089,-0.00538836
2003-12-10,-0.00373194,0.00087898,0.00029884
2003-12-11,-0.00074545,0.00331623,0.00619430
2003-12-12,0.02081584,0.01927468,0.01914312
2003-12-15,0.00105700,0.00062778,-0.00063397
2003-12-16,-0.00227268,0.00103116,0.00189561
2003-12-17,0.01340794,0.01465157,0.01452301
2003-12-18,0.00546232,0.00245189,0.00515892
2003-12-19,-0.00793145,-0.00783784,-0.00800432
2003-12-22,-0.01652468,-0.01521470,-0.01365180
2003-12-23,-0.00124923,-0.00315184,-0.00287309
2003-12-24,0.02348637,0.02628585,0.02780948
2003-12-25,-0.00000074,0.00041251,0.00040891
2003-12-26,-0.00193073,0.00214192,0.00221043
2003-12-29,0.01086938,0.00024037,0.00379542
2003-12-30,0.01363638,0.01001215,0.01036625
2003-12-31,0.00318950,0.00381970,0.00409423
2004-01-01,-0.00004752,-0.00005237,-0.00005991
2004-01-02,0.00529736,-0.00219821,-0.00248841
2004-01-05,0.05655546,0.04804661,0.05150974
2004-01-06,0.00751657,0.01555650,0.01615332
2004-01-07,-0.01579070,-0.01210738,-0.01215768
2004-01-08,0.03086840,0.02817531,0.02902065
2004-01-09,0.01864426,0.03001707,0.03063102
2004-01-12,0.00410422,0.00260583,0.00264290
2004-01-13,-0.00551686,-0.00138109,-0.00206438
2004-01-14,-0.00947500,-0.00921845,-0.00826291
2004-01-15,-0.03911309,-0.03424789,-0.03385260
2004-01-16,-0.00161113,-0.00254525,-0.00248862
2004-01-19,0.00243250,0.00136991,0.00241993
2004-01-20,0.02470903,0.02281154,0.02335630
2004-01-21,0.00830049,0.00443947,0.00593108
2004-01-22,0.01478396,0.01617230,0.01615057
2004-01-23,-0.01944070,-0.01862913,-0.01909673
2004-01-26,-0.01222372,-0.01606435,-0.01586618
2004-01-27,0.01146836,0.01427514,0.01275506
2004-01-28,-0.03018267,-0.03275624,-0.03340721
2004-01-29,-0.04250088,-0.03953520,-0.03956706
2004-01-30,0.01588314,0.01547548,0.01422785
2004-02-02,-0.00534856,-0.00044074,0.00086183
2004-02-03,0.01073398,0.01093773,0.00959610
2004-02-04,-0.00977527,-0.00888184,-0.00968669
2004-02-05,0.00275918,0.00012835,-0.00017169
2004-02-06,0.02290497,0.02467013,0.02510047
2004-02-09,0.01512370,0.01456900,0.01498071
2004-02-10,0.00382110,0.00432375,0.00445327
2004-02-11,0.02623623,0.02867696,0.02842099
2004-02-12,0.00283191,0.00245921,0.00249032
2004-02-13,-0.00081240,0.00301285,0.00229661
2004-02-16,0.00120035,0.00025385,0.00043837
2004-02-17,0.02705717,0.02118648,0.02142408
2004-02-18,-0.01137497,-0.00917190,-0.00869051
2004-02-19,0.00345337,0.00263688,0.00203519
2004-02-20,-0.03394930,-0.03153109,-0.03137628
2004-02-23,0.00748095,0.00646748,0.00509513
2004-02-24,0.01890001,0.01933634,0.01676472
2004-02-25,-0.00617015,-0.00127058,0.00119959
2004-02-26,0.00406237,0.00221943,0.00242984
2004-02-27,0.01730796,0.02099267,0.02191462
2004-03-01,0.02437302,0.01987097,0.02090065
2004-03-02,-0.03429326,-0.03173768,-0.03102979
2004-03-03,-0.02168998,-0.02578280,-0.02685413
2004-03-04,0.01108827,0.01514221,0.01696364
2004-03-05,0.03266207,0.04023607,0.03894997
2004-03-08,-0.01128111,-0.00485234,-0.00494850
2004-03-09,0.00383886,0.00512119,0.00310858
2004-03-10,-0.00886813,-0.00974527,-0.01174093
2004-03-11,0.00258474,0.00439567,0.00090508
2004-03-12,-0.00695258,-0.00808457,-0.00662868
2004-03-15,0.01306620,0.01368460,0.01174025
2004-03-16,0.00625556,0.00555383,0.00473197
2004-03-17,0.01357197,0.01233441,0.01400637
2004-03-18,0.00318385,0.00047298,-0.00267370
2004-03-19,-0.00299306,-0.00441978,-0.00485996
2004-03-22,0.01156087,0.00767974,0.00522197
2004-03-23,0.00847717,0.01103278,0.01071588
2004-03-24,-0.00667219,-0.00674558,-0.00520171
2004-03-25,-0.01888847,-0.01973456,-0.02010524
2004-03-26,-0.01125249,-0.01427333,-0.01506163
2004-03-29,-0.01676750,-0.01894098,-0.01917730
2004-03-30,0.01560957,0.01580846,0.01594751
2004-03-31,0.01290244,0.01410885,0.01301750
2004-04-01,0.00093349,-0.00686419,-0.00936857
2004-04-02,-0.02876462,-0.03963212,-0.03874880
2004-04-05,-0.01315822,-0.01430317,-0.01248658
2004-04-06,0.01075871,0.01618795,0.01555084
2004-04-07,0.01351781,0.01507105,0.01506345
2004-04-08,0.00475471,0.00584150,0.00636474
2004-04-09,-0.00014874,-0.00003787,-0.00003675
2004-04-12,0.00502802,0.00490829,0.00601709
2004-04-13,-0.03446884,-0.03327032,-0.03219560
2004-04-14,-0.01073686,-0.01562931,-0.01603535
2004-04-15,-0.00911669,-0.00393297,-0.00273779
2004-04-16,0.00802451,0.01071220,0.00955879
2004-04-19,0.00689431,0.00409347,0.00300982
2004-04-20,-0.01443867,-0.01822168,-0.01740282
2004-04-21,-0.03069396,-0.02902984,-0.02473806
2004-04-22,0.00159313,0.00788013,0.01076611
2004-04-23,0.00196734,-0.00307526,-0.00397915
2004-04-26,0.00323576,0.00274130,0.00377595
2004-04-27,0.01081968,0.01126963,0.01084782
2004-04-28,-0.00833336,-0.01282188,-0.01411499
2004-04-29,0.00167206,-0.00171883,-0.00329133
2004-04-30,0.00045613,0.00657314,0.00459119
2004-05-03,0.01340941,0.01181930,0.01224508
2004-05-04,0.00879129,0.00960280,0.01049476
2004-05-05,0.00557095,0.00552568,0.00666079
2004-05-06,-0.00487125,-0.00971655,-0.01048583
2004-05-07,0.01364673,-0.00611055,-0.00607912
2004-05-10,-0.01618040,-0.01651685,-0.01792306
2004-05-11,0.01353882,0.01669063,0.01790048
2004-05-12,0.00483602,0.00431509,0.00655860
2004-05-13,0.00855391,0.00283948,0.00345913
2004-05-14,-0.00792556,0.00049154,0.00135819
2004-05-17,-0.00467696,0.00047722,0.00137317
2004-05-18,-0.00638125,-0.01127330,-0.01315643
2004-05-19,0.01295411,0.01085576,0.01388996
2004-05-20,-0.01307347,-0.01144749,-0.01343432
2004-05-21,-0.00883846,-0.00744321,-0.00719669
2004-05-24,0.01826279,0.01797159,0.02081859
2004-05-25,-0.01408201,-0.00813657,-0.00806110
2004-05-26,-0.00681682,-0.00198952,-0.00248597
2004-05-27,-0.01761530,-0.01032231,-0.01080115
2004-05-28,0.00588599,0.00097350,0.00069155
2004-05-31,-0.00000087,-0.00132159,-0.00131019
2004-06-01,0.02575115,0.02586749,0.02773812
2004-06-02,-0.00940838,-0.01628882,-0.01744123
2004-06-03,-0.00295143,-0.00427439,-0.00524278
2004-06-04,-0.00217977,-0.00900367,-0.00846373
2004-06-07,0.00382404,0.00721476,0.00723693
2004-06-08,-0.01111510,-0.01117951,-0.01052913
2004-06-09,0.00076832,-0.00355696,-0.00446240
2004-06-10,0.00113273,0.00381179,0.00389166
2004-06-11,0.00049772,-0.00217490,-0.00214442
2004-06-14,-0.00160621,-0.00688003,-0.00683187
2004-06-15,-0.01106851,0.00364664,0.00412668
2004-06-16,0.00720810,0.00078330,0.00145745
2004-06-17,0.00892165,0.01053134,0.01025280
2004-06-18,-0.00405798,-0.00007178,-0.00022232
2004-06-21,-0.00582865,-0.00402517,-0.00419574
2004-06-22,0.00471371,0.00449840,0.00439382
2004-06-23,-0.00218030,0.00041484,0.00122594
2004-06-24,-0.00232325,0.00537888,0.00521914
2004-06-25,-0.00515581,-0.00678297,-0.00696456
2004-06-28,-0.00505397,-0.01566052,-0.01510012
2004-06-29,-0.00305589,-0.00338637,-0.00318112
2004-06-30,0.00562434,0.01496393,0.01366924
2004-07-01,0.00611474,0.01224367,0.00972196
2004-07-02,-0.00247475,0.00541742,0.00484735
2004-07-05,0.00104914,0.00002623,0.00009379
2004-07-06,0.00405334,0.00338794,0.00148018
2004-07-07,-0.00268550,-0.00154028,-0.00118838
2004-07-08,0.00092072,0.00342046,0.00188187
2004-07-09,0.00301430,0.00193850,0.00193114
2004-07-12,-0.00246217,-0.00252951,-0.00250072
2004-07-13,-0.00541640,-0.00627332,-0.00648816
2004-07-14,0.00385693,0.00576705,0.00463553
2004-07-15,-0.00327078,-0.00521340,-0.00559056
2004-07-16,0.01017472,0.02057949,0.02081325
2004-07-19,-0.00121874,-0.00121473,-0.00107535
2004-07-20,-0.01437911,-0.02078854,-0.02090689
2004-07-21,0.00008951,-0.00894895,-0.00996194
2004-07-22,0.01416048,0.01373744,0.01247601
2004-07-23,-0.00472083,-0.00305007,-0.00247729
2004-07-26,0.00212640,-0.00222400,-0.00161583
2004-07-27,-0.00668482,-0.01272935,-0.01382047
2004-07-28,0.01492820,0.01521778,0.01288994
2004-07-29,-0.00137987,0.00023079,-0.00083307
2004-07-30,0.01072032,0.01494650,0.01329317
2004-08-02,0.00044128,0.00196016,0.00196415
2004-08-03,0.00303439,0.00533548,0.00586709
2004-08-04,-0.01144733,-0.01403241,-0.01452376
2004-08-05,0.00642055,0.01168417,0.01284618
2004-08-06,0.00639844,0.02004958,0.02155345
2004-08-09,0.00221190,-0.00030099,-0.00030813
2004-08-10,-0.00396091,-0.00690907,-0.00868794
2004-08-11,0.00248633,0.00599245,0.00646358
2004-08-12,0.00846736,0.01323883,0.01577014
2004-08-13,0.02248561,0.02603544,0.02526349
2004-08-16,-0.00892046,-0.00999899,-0.01131035
2004-08-17,-0.00663516,-0.00171351,-0.00117230
2004-08-18,-0.00510714,-0.00693071,-0.00824721
2004-08-19,0.01231576,0.01375069,0.01469259
2004-08-20,-0.01724137,-0.01862784,-0.01992505
2004-08-23,-0.02414004,-0.02442455,-0.02350059
2004-08-24,-0.01174909,-0.00897883,-0.00970096
2004-08-25,-0.00952726,-0.00532022,-0.00569503
2004-08-26,0.00054587,-0.00012357,-0.00024217
2004-08-27,0.00509521,0.00439517,0.00389447
2004-08-30,-0.00274562,-0.00136205,0.00043373
2004-08-31,0.00339540,0.00669523,0.00779983
2004-09-01,0.01222120,0.01330803,0.01467255
2004-09-02,-0.00376033,-0.00705496,-0.00801672
2004-09-03,-0.01296735,-0.01781442,-0.01889280
2004-09-06,-0.00096741,-0.00057936,-0.00024214
2004-09-07,-0.00614823,-0.00401034,-0.00419204
2004-09-08,0.00558483,0.00862917,0.01007684
2004-09-09,0.00785409,0.00750822,0.00719918
2004-09-10,-0.00619720,-0.00638906,-0.00499520
2004-09-13,0.00565906,0.00592027,0.00619491
2004-09-14,0.00547719,0.00856120,0.00765438
2004-09-15,-0.00749170,-0.00914263,-0.00950969
2004-09-16,0.01194810,0.01799100,0.01902674
2004-09-17,0.00543219,0.00545537,0.00572454
2004-09-20,0.00983773,0.01481602,0.01425472
2004-09-21,0.00304026,-0.00006126,0.00047958
2004-09-22,0.00953023,0.01356683,0.01143211
2004-09-23,-0.00286275,-0.00361172,-0.00556661
2004-09-24,0.00253706,0.00310823,0.00023755
2004-09-27,0.00219856,0.00362099,0.00268897
2004-09-28,0.00366654,0.00209979,0.00202222
2004-09-29,-0.00952111,-0.01537606,-0.01572811
2004-09-30,0.00920963,0.00836193,0.00924943
2004-10-01,0.00034826,-0.00128780,-0.00012136
2004-10-04,-0.00637637,-0.00867706,-0.00912165
2004-10-05,0.01622005,0.01263034,0.01452675
2004-10-06,0.00519021,0.00548754,0.00472362
2004-10-07,0.00533603,0.00467595,0.00394126
2004-10-08,0.02227054,0.02886526,0.02983011
2004-10-11,0.00172340,0.00214027,0.00262399
2004-10-12,-0.00662982,-0.00596237,-0.00748579
2004-10-13,-0.01140542,-0.01358413,-0.01366123
2004-10-14,0.01516481,0.01454684,0.01592017
2004-10-15,0.00093984,0.00063349,0.00066539
2004-10-18,-0.01262582,-0.01163892,-0.01153315
2004-10-19,0.00236499,0.00154236,0.00326493
2004-10-20,0.02652043,0.02420416,0.02550855
2004-10-21,0.00792426,0.00660159,0.00726738
2004-10-22,0.00932244,0.00723283,0.00795252
2004-10-25,-0.00181290,0.00291250,0.00463249
2004-10-26,0.00578407,0.00134682,0.00151640
2004-10-27,-0.03187197,-0.03031044,-0.03281770
2004-10-28,-0.01439235,-0.01157795,-0.01118253
2004-10-29,0.01797260,0.01809997,0.01876116
2004-11-01,-0.01538262,-0.01525440,-0.01715486
2004-11-02,-0.01538388,-0.00974775,-0.00966559
2004-11-03,0.03024935,0.02805617,0.02997702
2004-11-04,-0.00536209,-0.00468705,-0.00553499
2004-11-05,-0.00337859,-0.00425403,-0.00579058
2004-11-08,-0.00834226,-0.00858143,-0.00975588
2004-11-09,-0.00870990,-0.00688190,-0.00670205
2004-11-10,0.00511395,0.00461383,0.00480945
2004-11-11,0.00186595,0.00300174,0.00483348
2004-11-12,0.02041866,0.02189284,0.02612639
2004-11-15,-0.00732376,-0.00894846,-0.00738997
2004-11-16,-0.00623941,-0.00518110,-0.00640535
2004-11-17,0.01926856,0.01966120,0.02342022
2004-11-18,-0.01148902,-0.00910545,-0.00967107
2004-11-19,0.01372366,0.00921861,0.00598738
2004-11-22,0.00284449,0.00367341,0.00542098
2004-11-23,0.00723846,0.00636197,0.00773664
2004-11-24,0.01617080,0.00982726,0.01067220
2004-11-25,0.00341652,0.00246031,0.00392133
2004-11-26,0.01038201,0.01061002,0.01000823
2004-11-29,0.00034083,-0.00142033,-0.00205888
2004-11-30,-0.00769510,-0.00246314,-0.00406467
2004-12-01,0.00794701,0.00667456,0.01146586
2004-12-02,-0.02016622,-0.01384865,-0.01243354
2004-12-03,0.02358057,0.02600780,0.02730545
2004-12-06,-0.00879764,-0.00780701,-0.00787632
2004-12-07,-0.00507860,-0.00083177,-0.00175984
2004-12-08,-0.03672289,-0.02563778,-0.02657286
2004-12-09,-0.00221285,-0.00300636,-0.00264004
2004-12-10,-0.00980187,-0.00859850,-0.00932496
2004-12-13,0.00852452,0.00505565,0.00807330
2004-12-14,-0.00030084,-0.00095880,0.00088668
2004-12-15,0.01918087,0.01907365,0.01964456
2004-12-16,-0.01666028,-0.01807740,-0.01903349
2004-12-17,-0.00345741,-0.00388669,-0.00583286
2004-12-20,0.00795590,0.00730944,0.00956871
2004-12-21,-0.00221359,-0.00064146,-0.00035741
2004-12-22,-0.00377915,-0.00586984,-0.00426456
2004-12-23,0.00724142,0.00813760,0.00913105
2004-12-24,0.00010639,-0.00001026,0.00004639
2004-12-27,0.00482595,0.00494651,0.00493563
2004-12-28,-0.00066636,-0.00192190,-0.00106913
2004-12-29,-0.00702929,-0.00480746,-0.00581786
2004-12-30,0.00775026,0.01190278,0.01161916
2004-12-31,-0.00043175,0.00045421,0.00079170
2005-01-03,0.00138190,0.00098929,0.00073090
2005-01-04,-0.03048819,-0.03553353,-0.03849163
2005-01-05,-0.00992447,-0.00575855,-0.00897935
2005-01-06,-0.00864235,-0.00967674,-0.00875614
2005-01-07,-0.00712428,-0.00570944,-0.00643918
2005-01-10,-0.00196350,0.00047570,0.00005632
2005-01-11,0.00265208,0.00653230,0.00445202
2005-01-12,0.01354789,0.01611836,0.01613513
2005-01-13,-0.00365663,-0.00350915,-0.00367657
2005-01-14,0.00516951,0.00140440,0.00274867
2005-01-17,0.00143060,0.00075057,0.00175633
2005-01-18,0.00383670,0.00575977,0.00576137
2005-01-19,-0.00816127,-0.00503347,-0.00649384
2005-01-20,-0.00602091,-0.00304401,-0.00529118
2005-01-21,0.00797462,0.01061691,0.00928022
2005-01-24,-0.00271499,-0.00342379,-0.00320586
2005-01-25,0.00015595,-0.00371483,-0.00364782
2005-01-26,0.00382581,-0.00040521,0.00100526
2005-01-27,0.00083790,0.00054393,0.00012408
2005-01-28,0.00042532,0.00582201,0.00618028
2005-01-31,0.00513215,0.00289713,0.00377461
2005-02-01,-0.00094684,-0.00034908,0.00056314
2005-02-02,-0.00143388,-0.00146026,-0.00058770
2005-02-03,-0.00368908,-0.00313386,-0.00321576
2005-02-04,0.00759553,0.00892176,0.01201175
2005-02-07,-0.00222596,0.00150834,0.00232796
2005-02-08,0.00107286,0.00012492,0.00053563
2005-02-09,-0.00219189,0.00202167,0.00162901
2005-02-10,-0.00158749,-0.00757275,-0.00703637
2005-02-11,-0.00483242,-0.00594247,-0.00488564
2005-02-14,-0.00714166,-0.00694557,-0.00771042
2005-02-15,0.00084585,-0.00178119,-0.00154199
2005-02-16,0.00443111,0.00418741,0.00352989
2005-02-17,-0.00703607,-0.00365765,-0.00513715
2005-02-18,-0.00455006,-0.00637244,-0.00721110
2005-02-21,-0.00133392,-0.00148147,-0.00188656
2005-02-22,-0.00630550,-0.01176645,-0.01485343
2005-02-23,-0.00167903,0.00030747,-0.00080318
2005-02-24,-0.00204931,-0.00357618,-0.00296192
2005-02-25,0.00443216,0.00077598,0.00364591
2005-02-28,-0.00075271,-0.00644317,-0.00693189
2005-03-01,-0.00237157,-0.00124072,-0.00109889
2005-03-02,0.00360966,0.00213570,0.00072228
2005-03-03,-0.00198219,-0.00137115,-0.00159532
2005-03-04,0.01017478,0.00839904,0.01021920
2005-03-07,0.00438326,0.00749684,0.00790525
2005-03-08,0.01518015,0.00623802,0.00765971
2005-03-09,-0.00278744,-0.00946751,-0.01071393
2005-03-10,-0.00804655,-0.00511950,-0.00587647
2005-03-11,0.01058259,0.00096729,0.00163386
2005-03-14,-0.00638427,-0.00509393,-0.00534206
2005-03-15,0.00356888,0.00324565,0.00264460
2005-03-16,0.01354539,0.01216514,0.01262532
2005-03-17,-0.00180341,0.00536071,0.00443209
2005-03-18,0.00038480,0.00065377,0.00078590
2005-03-21,-0.01801825,-0.01093631,-0.01342457
2005-03-22,-0.00798362,-0.00850612,-0.00951326
2005-03-23,-0.02852286,-0.02234842,-0.02558133
2005-03-24,0.00580742,0.00525945,0.00593728
2005-03-25,0.00022113,0.00057683,0.00071864
2005-03-28,-0.00747416,-0.00655876,-0.00715743
2005-03-29,0.00245277,0.00556980,0.00579995
2005-03-30,0.00379674,0.00423902,0.00375984
2005-03-31,0.01418548,0.01589687,0.01683032
2005-04-01,0.01329167,0.01327315,0.01532514
2005-04-04,-0.00327258,0.00140202,0.00089945
2005-04-05,-0.00742541,-0.00804016,-0.00866029
2005-04-06,-0.00697557,-0.00324578,-0.00334303
2005-04-07,-0.01138871,-0.00534933,-0.00622633
2005-04-08,-0.00328328,-0.00074522,-0.00053212
2005-04-11,0.00365959,0.00501628,0.00580394
2005-04-12,-0.01214171,-0.00433223,-0.00717480
2005-04-13,-0.01106198,-0.00374823,-0.00475836
2005-04-14,0.00308208,0.00519193,0.00570717
2005-04-15,-0.00396194,0.00207653,0.00028687
2005-04-18,-0.00413119,-0.00364513,-0.00581858
2005-04-19,0.01408905,0.00756001,0.00885673
2005-04-20,0.00680479,0.00581086,0.00656274
2005-04-21,-0.00382521,-0.00704394,-0.00816486
2005-04-22,0.00619734,0.00418036,0.00546409
2005-04-25,-0.00173727,-0.00093290,-0.00167867
2005-04-26,-0.00163509,-0.00176373,-0.00182420
2005-04-27,-0.01212232,-0.00209912,-0.00311245
2005-04-28,0.00821569,0.01300620,0.01505561
2005-04-29,-0.00736899,-0.00329040,-0.00480595
2005-05-02,0.00324550,0.00364446,0.00346934
2005-05-03,-0.00360556,-0.00089590,-0.00105348
2005-05-04,0.00069353,-0.00292894,-0.00263690
2005-05-05,0.00589005,0.00663931,0.00753303
2005-05-06,-0.01034611,-0.00841885,-0.01188155
2005-05-09,-0.00268354,-0.00545001,-0.00518516
2005-05-10,0.00587542,0.00521064,0.00698068
2005-05-11,0.00104842,0.00571071,0.00611834
2005-05-12,-0.00336027,0.00273343,0.00278942
2005-05-13,0.00189657,0.00599370,0.00653450
2005-05-16,-0.00643858,-0.00638532,-0.00730095
2005-05-17,0.00163444,0.00058037,0.00067209
2005-05-18,-0.00345835,-0.00170549,-0.00137305
2005-05-19,-0.00188337,-0.00159681,-0.00205115
2005-05-20,-0.00233205,0.00022557,0.00069895
2005-05-23,-0.00411033,-0.00516149,-0.00461350
2005-05-24,0.01056331,0.01069016,0.01256239
2005-05-25,0.00379579,0.00162469,0.00116711
2005-05-26,0.00299140,0.00385742,0.00585207
2005-05-27,-0.00194737,-0.00482950,-0.00563134
2005-05-30,0.00088693,0.00057290,0.00102681
2005-05-31,0.01684934,0.01962917,0.02321372
2005-06-01,0.01803061,0.01161465,0.01604077
2005-06-02,-0.00491342,-0.00327756,-0.00381966
2005-06-03,-0.00428350,-0.00498997,-0.00750319
2005-06-06,-0.00250026,-0.00315828,-0.00505936
2005-06-07,0.00718516,0.00844626,0.01047458
2005-06-08,-0.00139746,0.00465549,0.00405695
2005-06-09,0.00367611,0.00050955,0.00133263
2005-06-10,-0.00495666,-0.00272654,-0.00361416
2005-06-13,0.00221128,-0.00257835,-0.00187021
2005-06-14,-0.00512341,-0.00463742,-0.00634781
2005-06-15,-0.00973634,-0.01273814,-0.01524833
2005-06-16,0.00220892,-0.00021896,0.00165744
2005-06-17,0.00306791,-0.00587836,-0.00466805
2005-06-20,0.00734059,0.00437907,0.00445138
2005-06-21,0.00167024,0.00561209,0.00574226
2005-06-22,0.01126186,0.01574564,0.01914135
2005-06-23,0.00845309,0.00658243,0.00620564
2005-06-24,0.00188778,0.00325985,0.00138529
2005-06-27,-0.00672815,0.00144241,0.00081125
2005-06-28,-0.01334334,-0.00768108,-0.00676095
2005-06-29,0.00051251,0.00186809,0.00249551
2005-06-30,-0.00199914,0.00148002,0.00249107
2005-07-01,0.00931961,0.00077578,0.00123918
2005-07-04,-0.00385226,-0.00497092,-0.00450803
2005-07-05,0.00279956,-0.00497302,-0.00596108
2005-07-06,0.00894125,0.00682020,0.00841248
2005-07-07,-0.00263586,0.00157138,-0.00135565
2005-07-08,-0.00162327,-0.00068704,0.00059698
2005-07-11,-0.00986101,-0.00836560,-0.00781925
2005-07-12,-0.00765406,-0.01224059,-0.01293912
2005-07-13,0.00927956,0.00786599,0.01007293
2005-07-14,-0.00724138,-0.00394813,-0.00261910
2005-07-15,0.00227098,0.00005658,-0.00038572
2005-07-18,-0.00567580,-0.00157046,-0.00307561
2005-07-19,0.00311134,0.00695334,0.00867213
2005-07-20,-0.00721195,-0.00626517,-0.00628472
2005-07-21,-0.01268292,-0.01134677,-0.01229953
2005-07-22,0.01956983,0.01915847,0.02202256
2005-07-25,-0.00021291,-0.00103230,-0.00064960
2005-07-26,0.00274982,0.00063396,0.00080546
2005-07-27,0.00083554,-0.00227798,-0.00167006
2005-07-28,0.00353264,0.00003051,0.00074379
2005-07-29,-0.00046337,-0.00329647,-0.00318467
2005-08-01,0.00330043,-0.00133569,0.00012768
2005-08-02,0.00378003,-0.00108441,0.00048104
2005-08-03,-0.00721611,-0.00252463,-0.00231944
2005-08-04,-0.00451381,-0.00184427,-0.00323587
2005-08-05,0.00128290,-0.00108457,-0.00045781
2005-08-08,0.00673272,0.00375911,0.00497413
2005-08-09,-0.00425953,-0.00286315,-0.00223086
2005-08-10,0.01777759,0.00995427,0.01321836
2005-08-11,0.00811089,0.00692163,0.00871363
2005-08-12,0.00355728,0.01077689,0.01074071
2005-08-15,0.00240556,0.00596486,0.00546586
2005-08-16,-0.00625896,0.00044835,-0.00302980
2005-08-17,-0.02553680,-0.02094931,-0.02261796
2005-08-18,-0.01225411,-0.00662624,-0.00904077
2005-08-19,0.01153468,0.00606555,0.00829159
2005-08-22,0.00525700,0.00402955,0.00507595
2005-08-23,-0.00322918,-0.00143259,-0.00312299
2005-08-24,0.00917729,0.00744815,0.00845259
2005-08-25,0.00313492,0.00571457,0.00579238
2005-08-26,-0.00591625,-0.00311401,-0.00461585
2005-08-29,0.01379518,0.00763360,0.01036030
2005-08-30,0.02398016,0.02545698,0.02846827
2005-08-31,0.00292640,0.00812451,0.00724342
2005-09-01,0.00635250,0.00198099,0.00272301
2005-09-02,-0.00821029,-0.00534415,-0.00648381
2005-09-05,0.00058294,0.00092083,0.00121337
2005-09-06,-0.00811772,-0.01060514,-0.01055488
2005-09-07,-0.01327517,-0.00884035,-0.01100697
2005-09-08,0.00306139,0.00344699,0.00330256
2005-09-09,0.00346937,0.00370327,0.00498543
2005-09-12,-0.00760853,-0.00284497,-0.00403499
2005-09-13,-0.00509002,0.00036665,-0.00113606
2005-09-14,0.00917386,0.00209344,0.00196653
2005-09-15,-0.00106473,-0.00278821,-0.00320632
2005-09-16,-0.00820531,-0.00976778,-0.01035780
2005-09-19,0.02804371,0.01575682,0.01575436
2005-09-20,-0.00384308,0.00084981,0.00113062
2005-09-21,-0.00270035,0.00134489,-0.00050722
2005-09-22,0.00265811,0.00220400,0.00232999
2005-09-23,-0.00852255,-0.00491073,-0.00530170
2005-09-26,0.00948122,0.00430751,0.00308886
2005-09-27,0.00245223,0.00229116,0.00314459
2005-09-28,0.01446946,0.00839352,0.00996231
2005-09-29,0.00088063,-0.00323238,-0.00221665
2005-09-30,-0.00321631,-0.00241004,-0.00150736
2005-10-03,0.00320529,0.00473294,0.00680615
2005-10-04,0.00176378,0.00807674,0.00806070
2005-10-05,-0.01229662,-0.01037333,-0.01214148
2005-10-06,-0.02426428,-0.02272580,-0.02646347
2005-10-07,0.01366733,0.01291865,0.01475820
2005-10-10,0.00549860,0.00381151,0.00543484
2005-10-11,0.01185445,0.00689292,0.00771270
2005-10-12,-0.01594140,-0.01742253,-0.01906341
2005-10-13,-0.01132408,-0.00774076,-0.00915864
2005-10-14,-0.01074521,-0.00988822,-0.01043140
2005-10-17,0.01686797,0.01351433,0.01437932
2005-10-18,-0.00066393,0.00618583,0.00663225
2005-10-19,-0.01701080,-0.01156081,-0.01475751
2005-10-20,-0.00559369,-0.00165396,-0.00099810
2005-10-21,0.00501999,0.00687642,0.00585075
2005-10-24,-0.00462684,-0.00660674,-0.00559131
2005-10-25,0.01715085,0.00423194,0.00689614
2005-10-26,0.00626541,0.00225214,0.00489064
2005-10-27,-0.00495736,-0.00304001,-0.00410101
2005-10-28,0.00230772,0.00582579,0.00597507
2005-10-31,-0.00668741,0.00140558,0.00074743
2005-11-01,-0.00471800,-0.00139677,-0.00239011
2005-11-02,0.00698592,0.00298673,0.00446265
2005-11-03,0.00585240,0.00229098,0.00373434
2005-11-04,0.00622862,0.01154048,0.01188942
2005-11-07,0.00349484,0.00290775,0.00318275
2005-11-08,-0.00784791,-0.00492310,-0.00586805
2005-11-09,0.00991600,0.00258494,0.00428513
2005-11-10,0.00579165,0.01012082,0.01057066
2005-11-11,0.00471692,0.00157514,0.00236707
2005-11-14,0.00670212,0.00273605,0.00417129
2005-11-15,-0.00035513,0.00471899,0.00337781
2005-11-16,0.00557955,0.00218067,0.00153497
2005-11-17,-0.00234159,-0.00200824,-0.00256769
2005-11-18,0.00867222,0.00527157,0.00635659
2005-11-21,-0.00262758,-0.00104874,-0.00149073
2005-11-22,-0.01271236,-0.01314233,-0.01495693
2005-11-23,0.01388756,0.01412826,0.01644177
2005-11-24,-0.00076334,-0.00006180,-0.00014201
2005-11-25,0.00925281,0.01028935,0.01073332
2005-11-28,0.00183965,0.00212996,0.00164736
2005-11-29,0.01346280,0.01203658,0.01364205
2005-11-30,-0.00956044,-0.00852159,-0.01167217
2005-12-01,0.02883441,0.01442834,0.01979277
2005-12-02,0.00235213,-0.00168925,-0.00018198
2005-12-05,0.00081400,-0.00223151,-0.00325883
2005-12-06,0.00226849,0.00492277,0.00453758
2005-12-07,0.01321731,0.01125662,0.01091368
2005-12-08,-0.00328415,-0.01196365,-0.01408773
2005-12-09,0.00409378,0.00418316,0.00552625
2005-12-12,-0.00864599,-0.01652774,-0.01684708
2005-12-13,-0.01304937,-0.00828167,-0.00965839
2005-12-14,-0.03247761,-0.02327130,-0.02586439
2005-12-15,-0.00066806,0.00197853,0.00167998
2005-12-16,0.00110214,0.00521310,0.00516816
2005-12-19,-0.00372403,-0.00284721,-0.00397818
2005-12-20,-0.00548742,-0.00090020,0.00024357
2005-12-21,0.00563762,0.00581394,0.00842580
2005-12-22,0.00265741,-0.00141618,-0.00162429
2005-12-23,0.00296226,0.00362307,0.00330857
2005-12-26,-0.00014133,-0.00040634,-0.00042409
2005-12-27,0.00070418,0.00325632,0.00202145
2005-12-28,0.00741763,0.00059153,0.00066942
2005-12-29,-0.00223006,0.00002823,-0.00061632
2005-12-30,-0.00203811,-0.00539521,-0.00730427
2006-01-02,0.00168312,0.00061789,0.00106781
2006-01-03,-0.00626300,-0.02165470,-0.02263127
2006-01-04,0.01359527,0.00522720,0.00517527
2006-01-05,-0.01296563,-0.00312523,-0.00388957
2006-01-06,0.01366488,0.00408120,0.00456592
2006-01-09,0.00635848,0.00790966,0.00719140
2006-01-10,-0.00804679,-0.00616716,-0.00700802
2006-01-11,0.00134240,-0.00175437,-0.00103503
2006-01-12,0.00330876,0.00511813,0.00584963
2006-01-13,0.00889495,0.00494816,0.00399450
2006-01-16,0.00258796,0.00091749,0.00167625
2006-01-17,0.00011848,-0.00062622,-0.00077960
2006-01-18,-0.01547381,-0.00365867,-0.00592981
2006-01-19,0.01532661,0.00293251,0.00356287
2006-01-20,-0.00963911,-0.00896046,-0.01344957
2006-01-23,0.00729273,0.00315343,0.00213558
2006-01-24,0.00116729,0.00237053,0.00021809
2006-01-25,0.00947788,0.00566905,0.00458846
2006-01-26,0.00584279,0.00245820,0.00344628
2006-01-27,0.01076291,0.00497255,0.00839888
2006-01-30,0.00196973,-0.00363565,-0.00337372
2006-01-31,0.00516123,0.00355953,0.00290055
2006-02-01,0.00211452,0.00669905,0.00698897
2006-02-02,0.00238980,0.00499647,0.00065361
2006-02-03,-0.00322335,-0.00361350,-0.00364917
2006-02-06,0.00342543,0.00432888,0.00500037
2006-02-07,-0.03224301,-0.01440831,-0.01480141
2006-02-08,0.00319455,0.00126372,0.00104965
2006-02-09,0.01740412,0.01061032,0.01131319
2006-02-10,-0.02356814,-0.00942731,-0.00920711
2006-02-13,-0.01068446,-0.00399829,-0.00369967
2006-02-14,0.00980249,0.01024457,0.01071022
2006-02-15,-0.00947603,-0.00593810,-0.00562045
2006-02-16,0.00605264,-0.00047317,0.00004220
2006-02-17,-0.00042019,-0.00508752,-0.00705364
2006-02-20,-0.00132966,-0.00175008,-0.00209975
2006-02-21,0.00763617,0.00307295,0.00373459
2006-02-22,0.00746636,0.01186768,0.01199312
2006-02-23,-0.00873001,-0.00770827,-0.00545500
2006-02-24,0.01002877,0.00227677,0.00172684
2006-02-27,0.00123674,0.00514161,0.00921574
2006-02-28,-0.00731098,-0.00863588,-0.01562361
2006-03-01,0.00633196,0.00387431,0.00607911
2006-03-02,0.00162726,-0.01004716,-0.01185415
2006-03-03,0.00236542,-0.00197707,-0.00116838
2006-03-06,-0.00389893,0.00412150,0.00679575
2006-03-07,-0.00245763,0.00322891,0.00453164
2006-03-08,-0.01527745,-0.00706888,-0.00742448
2006-03-09,0.00599352,0.00279256,0.00279027
2006-03-10,0.01042312,0.00850985,0.01140605
2006-03-13,0.00595384,0.00126506,0.00209701
2006-03-14,-0.01268382,-0.01647592,-0.02151072
2006-03-15,0.00545534,0.00356081,0.00392718
2006-03-16,-0.01064315,-0.00949120,-0.01344289
2006-03-17,0.00843871,0.00662636,0.00683188
2006-03-20,0.00134665,0.00516226,0.00537699
2006-03-21,0.00624993,0.00192302,0.00361379
2006-03-22,0.00008728,0.00215144,0.00278356
2006-03-23,0.00662742,0.00238485,0.00365699
2006-03-24,0.00479760,0.00278888,0.00040499
2006-03-27,0.00644931,0.00229985,0.00056002
2006-03-28,0.00927215,0.00420078,0.00521540
2006-03-29,0.01089233,0.00607491,0.00750742
2006-03-30,0.01448341,0.00188190,0.00061827
2006-03-31,-0.00767819,0.00098741,0.00128408
2006-04-03,0.02317846,0.01698204,0.01891981
2006-04-04,-0.00223816,-0.00142877,-0.00141762
2006-04-05,-0.00237620,-0.00519282,-0.00642134
2006-04-06,0.01928657,0.00941227,0.01098761
2006-04-07,-0.00364934,-0.00040141,0.00083975
2006-04-10,0.02268155,0.01242187,0.01367250
2006-04-11,-0.01101676,-0.00688298,-0.00956142
2006-04-12,0.00722748,0.00598099,0.00701929
2006-04-13,0.00472666,0.00051929,0.00301590
2006-04-14,0.00112658,0.00138124,0.00137759
2006-04-17,0.01333808,0.00436311,0.00272127
2006-04-18,0.01001210,0.00089071,0.00110829
2006-04-19,0.01766962,0.00724740,0.01021505
2006-04-20,-0.02354032,-0.01106073,-0.00810380
2006-04-21,0.02469447,0.01636633,0.01666417
2006-04-24,-0.01886684,-0.00902106,-0.01080372
2006-04-25,0.02757709,0.02020761,0.02090812
2006-04-26,0.00813887,0.00762309,0.00858238
2006-04-27,-0.01562743,-0.00329359,-0.00404925
2006-04-28,0.00978346,0.00345934,0.00009999
2006-05-01,0.01787245,0.00602619,0.00774872
2006-05-02,0.01276907,0.00871782,0.01099791
2006-05-03,-0.00735431,0.00021167,-0.00126885
2006-05-04,-0.00065627,0.00604860,0.00383639
2006-05-05,0.01150090,0.00304587,0.00373782
2006-05-08,-0.00121528,-0.00082533,0.00039022
2006-05-09,0.03277218,0.01946981,0.01810734
2006-05-10,0.00935745,0.00659673,0.00755540
2006-05-11,0.02695802,0.01497113,0.01229895
2006-05-12,-0.01022275,-0.00570695,-0.00890771
2006-05-15,-0.05450365,-0.03459681,-0.03762561
2006-05-16,0.00165523,0.00283984,0.00038098
2006-05-17,-0.00378814,-0.00476749,-0.00501116
2006-05-18,-0.01644141,-0.00496019,-0.00640590
2006-05-19,-0.01614399,-0.00818130,-0.00563671
2006-05-22,-0.00716130,-0.00433361,-0.00536507
2006-05-23,0.03027247,0.01828067,0.01531119
2006-05-24,-0.02905957,-0.01462929,-0.01257931
2006-05-25,0.01199001,0.00851131,0.00845186
2006-05-26,-0.00151305,-0.00404242,-0.00614868
2006-05-29,0.00070736,0.00066306,0.00081058
2006-05-30,0.01596544,0.01492266,0.01810342
2006-05-31,-0.01391091,-0.01011636,-0.00706231
2006-06-01,-0.01589837,-0.01210800,-0.01106752
2006-06-02,0.00344416,-0.00196377,-0.00702457
2006-06-05,0.00697618,0.00752934,0.00876118
2006-06-06,-0.01236025,-0.00521313,-0.00336521
2006-06-07,-0.00050683,0.00163150,0.00108098
2006-06-08,-0.02522686,-0.01833750,-0.01691156
2006-06-09,0.00295145,0.00502835,0.00585797
2006-06-12,-0.00237956,-0.00061627,-0.00020196
2006-06-13,-0.01660406,-0.00408853,-0.00182692
2006-06-14,0.00596511,0.00392658,0.00557673
2006-06-15,-0.00064682,-0.00638508,-0.00658425
2006-06-16,0.00320020,0.00226483,0.00270438
2006-06-19,0.00025579,0.00483920,0.00546887
2006-06-20,0.00220273,0.00066855,0.00108147
2006-06-21,0.00460189,0.00135173,0.00140463
2006-06-22,0.00039427,-0.00238802,-0.00061684
2006-06-23,-0.00074371,-0.00091457,-0.00002789
2006-06-26,0.00754709,0.00629407,0.00644680
2006-06-27,-0.00562480,-0.00705449,-0.00757920
2006-06-28,0.00249589,0.00167117,0.00245870
2006-06-29,-0.01036790,-0.01060956,-0.01282219
2006-06-30,-0.00632752,-0.00750169,-0.00862677
2006-07-03,0.00303376,0.00136506,0.00260413
2006-07-04,-0.00180877,-0.00148775,-0.00210716
2006-07-05,0.01585223,0.01049754,0.01470942
2006-07-06,-0.00303793,-0.00466363,-0.00657289
2006-07-07,-0.00856727,0.00199987,-0.00067895
2006-07-10,-0.00900576,-0.00871521,-0.00886872
2006-07-11,0.00150313,-0.00174764,-0.00424358
2006-07-12,0.00329103,0.00309127,0.00360933
2006-07-13,-0.00317359,0.00115734,0.00141442
2006-07-14,-0.00352302,-0.00221904,-0.00330968
2006-07-17,-0.01367640,-0.00507671,-0.00595103
2006-07-18,-0.00215424,0.00063638,0.00144047
2006-07-19,-0.00833808,-0.00820848,-0.01130689
2006-07-20,-0.00640430,-0.00467310,-0.00375053
2006-07-21,-0.00116300,0.00108989,0.00261298
2006-07-24,-0.00731963,-0.00953520,-0.00927390
2006-07-25,0.00031195,0.00062272,0.00043597
2006-07-26,-0.00184453,-0.00227142,-0.00262677
2006-07-27,0.00088631,-0.00196231,-0.00128303
2006-07-28,-0.00549094,-0.00428162,-0.00712018
2006-07-31,0.00155751,-0.00392459,-0.00263706
2006-08-01,0.00359602,0.00267232,0.00345649
2006-08-02,0.00216572,-0.00291771,-0.00245921
2006-08-03,-0.00227113,0.00022527,0.00097729
2006-08-04,0.00206526,0.00163170,-0.00054310
2006-08-07,0.00727682,0.00764609,0.00935055
2006-08-08,-0.00387514,-0.00016067,-0.00021887
2006-08-09,0.00335622,-0.00092368,-0.00169520
2006-08-10,-0.01197169,-0.00745589,-0.00946182
2006-08-11,-0.00015580,0.00548132,0.00650281
2006-08-14,-0.00290119,-0.00055980,-0.00244913
2006-08-15,-0.00158019,-0.00234568,-0.00222726
2006-08-16,-0.00071046,-0.00142755,-0.00131454
2006-08-17,-0.00858296,-0.00253179,-0.00285655
2006-08-18,-0.00030456,0.00101203,0.00050198
2006-08-21,0.00732173,0.00261105,0.00172204
2006-08-22,-0.00570490,-0.00623030,-0.00597455
2006-08-23,-0.00462354,-0.00536861,-0.00586778
2006-08-24,-0.00429390,-0.00614797,-0.00599710
2006-08-25,0.00223294,0.00353729,0.00386471
2006-08-28,0.00119479,0.00451959,0.00480911
2006-08-29,0.00222258,0.00305844,0.00389140
2006-08-30,0.00625820,0.00311684,0.00428613
2006-08-31,0.00358931,-0.00088332,-0.00099706
2006-09-01,0.00569150,0.00672928,0.00734360
2006-09-04,0.00016097,-0.00018573,0.00034028
2006-09-05,0.00125185,-0.00264464,-0.00481665
2006-09-06,0.00106458,0.00674609,0.00544811
2006-09-07,-0.01061781,-0.00455652,-0.00575363
2006-09-08,-0.00734376,-0.00332432,-0.00280440
2006-09-11,-0.00584799,0.00289098,0.00337293
2006-09-12,0.01165003,0.00860638,0.01139354
2006-09-13,-0.00343522,-0.00262927,-0.00174533
2006-09-14,0.00228067,0.00597747,0.00593742
2006-09-15,-0.00021657,0.00209076,0.00279884
2006-09-18,-0.00020222,-0.00372175,-0.00346275
2006-09-19,0.00711396,0.01172657,0.01177519
2006-09-20,0.00963884,0.00724510,0.00838946
2006-09-21,0.00030732,-0.00752329,-0.00773556
2006-09-22,0.00908077,0.01082551,0.01045215
2006-09-25,0.00714634,0.00498232,0.00642111
2006-09-26,0.00054619,-0.00212437,-0.00179539
2006-09-27,-0.01156747,-0.01281396,-0.01221222
2006-09-28,-0.00780193,-0.00698405,-0.00712807
2006-09-29,-0.00311998,-0.00146034,-0.00165070
2006-10-02,0.01017122,0.01168647,0.01219159
2006-10-03,0.01542855,0.02039884,0.02128616
2006-10-04,0.00189032,-0.00462223,-0.00113596
2006-10-05,-0.00930624,-0.01014900,-0.01004628
2006-10-06,-0.00356380,0.00030257,-0.00139942
2006-10-09,-0.00850139,-0.01324671,-0.01387307
2006-10-10,0.00650373,0.01316680,0.01422281
2006-10-11,0.00699570,0.00438647,0.00285263
2006-10-12,0.00349241,-0.00261069,-0.00047998
2006-10-13,-0.00671989,-0.01069373,-0.00967974
2006-10-16,-0.01096921,-0.01285739,-0.01185665
2006-10-17,-0.00325399,-0.00153048,-0.00351817
2006-10-18,0.00742969,0.00654116,0.00829622
2006-10-19,-0.01380179,-0.01961211,-0.02083093
2006-10-20,0.00626913,0.01013313,0.01112686
2006-10-23,0.00956105,0.01011271,0.01108784
2006-10-24,-0.00417544,-0.00466981,-0.00408224
2006-10-25,-0.01375072,-0.01596036,-0.01514899
2006-10-26,0.00445524,0.00049740,0.00069643
2006-10-27,-0.00637768,-0.00740796,-0.00983899
2006-10-30,0.01518622,0.01928163,0.01911390
2006-10-31,-0.00398884,-0.00240137,-0.00208132
2006-11-01,-0.00053506,-0.00180013,-0.00157936
2006-11-02,-0.00216505,-0.00513044,-0.00651476
2006-11-03,-0.01248587,-0.01347094,-0.01707199
2006-11-06,0.00744698,0.00152968,0.00559449
2006-11-07,0.01124515,0.00866554,0.01093182
2006-11-08,-0.00392343,-0.00535105,-0.00492878
2006-11-09,-0.01110157,-0.01405128,-0.01522887
2006-11-10,0.00342634,0.00969458,0.01027594
2006-11-13,0.00375561,0.00645465,0.00721963
2006-11-14,0.00687891,0.00154004,0.00292273
2006-11-15,-0.00262907,-0.00421566,-0.00324910
2006-11-16,0.00921596,0.01305882,0.01493905
2006-11-17,-0.00344666,-0.00630995,-0.00658419
2006-11-20,0.00531857,0.00205263,0.00263256
2006-11-21,-0.00049142,-0.00509493,-0.00487121
2006-11-22,0.00929253,0.00916343,0.01118455
2006-11-23,-0.00113737,-0.00165785,-0.00229528
2006-11-24,0.00345860,0.00005006,0.00006195
2006-11-27,-0.01424398,-0.00792577,-0.01188582
2006-11-28,-0.00346594,-0.00141069,0.00023596
2006-11-29,-0.00326444,-0.00753155,-0.00610728
2006-11-30,0.01190002,0.00483272,0.00754717
2006-12-01,0.00202222,0.00418098,0.00509055
2006-12-04,0.00438629,0.00885901,0.01096522
2006-12-05,0.00249036,0.00006817,0.00221353
2006-12-06,-0.01315728,-0.00196624,-0.00372313
2006-12-07,0.00319831,0.00091824,-0.00009808
2006-12-08,-0.01167200,-0.00564810,-0.00816896
2006-12-11,0.01389227,0.00896619,0.01228994
2006-12-12,0.00452849,0.00618082,0.00719430
2006-12-13,-0.01046528,-0.00846223,-0.01170845
2006-12-14,-0.00104233,-0.00605215,-0.00617639
2006-12-15,-0.01320975,-0.00436369,-0.00559570
2006-12-18,-0.00163032,0.00611761,0.00651489
2006-12-19,0.00605401,-0.00085859,-0.00028009
2006-12-20,0.00120292,0.00289692,0.00295237
2006-12-21,0.00461452,0.00635806,0.00694628
2006-12-22,-0.00048260,0.00260807,-0.00037439
2006-12-25,-0.00002827,-0.00003104,-0.00003718
2006-12-26,0.01224541,0.00965934,0.01197746
2006-12-27,0.01086797,0.00623895,0.01025971
2006-12-28,0.00211029,0.00058837,0.00170689
2006-12-29,-0.00324437,-0.00392499,-0.00529791
2007-01-01,-0.00005853,-0.00005366,-0.00006828
2007-01-02,0.01188347,0.00746444,0.01246191
2007-01-03,0.00741038,0.01949140,0.01963306
2007-01-04,-0.00200901,0.00734840,0.00569784
2007-01-05,-0.01514080,-0.00992865,-0.01381991
2007-01-08,-0.00270923,-0.00109720,-0.00143746
2007-01-09,-0.00556569,-0.00344499,-0.00364376
2007-01-10,-0.00028951,0.00115672,0.00069151
2007-01-11,0.02883109,0.02472321,0.02896901
2007-01-12,0.00866215,-0.00666046,-0.00350969
2007-01-15,0.00288455,0.00141596,0.00270171
2007-01-16,0.00999722,0.01341546,0.01268616
2007-01-17,0.00056495,-0.00691666,-0.00630884
2007-01-18,0.00695040,0.01189994,0.01144097
2007-01-19,-0.01380384,-0.01671796,-0.01565846
2007-01-22,-0.00113910,0.00193931,0.00022461
2007-01-23,-0.01072430,-0.01882237,-0.01717299
2007-01-24,-0.00122241,-0.00080458,0.00094042
2007-01-25,0.00449558,0.00880705,0.00769359
2007-01-26,-0.01144007,-0.00811116,-0.00923285
2007-01-29,0.01300343,0.01491947,0.01479700
2007-01-30,-0.01732242,-0.02289842,-0.02214285
2007-01-31,-0.00955792,-0.01361403,-0.01456275
2007-02-01,0.01289657,0.00963616,0.01167027
2007-02-02,0.00039568,-0.00026422,-0.00128211
2007-02-05,-0.00384096,-0.00341901,-0.00381482
2007-02-06,-0.00194535,-0.00422591,-0.00335648
2007-02-07,0.00682547,0.00521928,0.00554655
2007-02-08,-0.00913773,-0.01188809,-0.01248755
2007-02-09,0.00202323,0.00111236,0.00183418
2007-02-12,0.00717545,0.01410414,0.01336952
2007-02-13,-0.00293585,-0.01204841,-0.00903138
2007-02-14,0.00567782,0.00356205,0.00414897
2007-02-15,-0.01123183,-0.01156668,-0.01216394
2007-02-16,-0.00040125,-0.00257943,-0.00255693
2007-02-19,0.00325672,0.00306268,0.00384315
2007-02-20,-0.00036984,0.00449413,0.00411124
2007-02-21,0.00686081,-0.00390421,-0.00284204
2007-02-22,-0.00163156,-0.00198974,-0.00020245
2007-02-23,-0.00530133,-0.00933780,-0.00976484
2007-02-26,0.00158194,-0.00253721,-0.00269405
2007-02-27,-0.03666260,-0.01956557,-0.03428847
2007-02-28,-0.00465908,-0.00145225,-0.00370137
2007-03-01,-0.01919889,-0.00805055,-0.01131284
2007-03-02,-0.01325824,-0.00480832,-0.00683416
2007-03-05,-0.01138090,-0.00258091,-0.00704562
2007-03-06,0.00199590,-0.00171788,-0.00135341
2007-03-07,0.00904763,0.00307412,0.00535185
2007-03-08,0.00732325,0.00450641,0.00525086
2007-03-09,-0.00410525,0.00146833,0.00019346
2007-03-12,0.00369519,0.00298558,0.00453041
2007-03-13,0.00076342,0.00157606,0.00248583
2007-03-14,-0.00744580,-0.00360534,-0.00472510
2007-03-15,0.00046740,0.00177129,0.00191015
2007-03-16,0.00035902,-0.00113838,-0.00062048
2007-03-19,0.00245895,0.00126581,0.00096560
2007-03-20,0.00219484,-0.00205382,-0.00144920
2007-03-21,-0.00028505,-0.00449536,-0.00395043
2007-03-22,-0.00184422,-0.00441033,-0.00598303
2007-03-23,-0.00408448,-0.00119292,-0.00245639
2007-03-26,0.00052068,-0.00216869,-0.00246389
2007-03-27,-0.00541589,-0.00276488,-0.00295048
2007-03-28,-0.00283613,-0.00818547,-0.00912561
2007-03-29,0.00533068,0.00206798,0.00328456
2007-03-30,-0.00075518,-0.00187858,-0.00141252
2007-04-02,0.00262986,0.00211971,0.00259097
2007-04-03,0.00038166,0.00220525,0.00149987
2007-04-04,0.00423944,-0.00113177,-0.00099357
2007-04-05,0.00329863,0.00020119,0.00169556
2007-04-06,-0.00332815,0.00036378,-0.00106580
2007-04-09,-0.00088042,0.00227057,0.00100025
2007-04-10,0.01065597,0.00585716,0.00998852
2007-04-11,0.00397957,0.00607537,0.00713275
2007-04-12,-0.00067375,0.00312964,0.00577979
2007-04-13,0.00994221,0.00375081,0.00719554
2007-04-16,0.00520590,0.00469723,0.00602220
2007-04-17,0.00090289,0.00258984,0.00089571
2007-04-18,-0.00313527,-0.00355212,-0.00326443
2007-04-19,-0.00656243,-0.00260432,-0.00374769
2007-04-20,0.01553399,0.00486693,0.00941679
2007-04-23,0.00056095,-0.00218441,-0.00286289
2007-04-24,-0.01021093,-0.00177413,-0.00427080
2007-04-25,0.01226375,0.00557729,0.00849636
2007-04-26,-0.01072053,-0.00039562,-0.00199804
2007-04-27,0.00813192,0.00514421,0.00640729
2007-04-30,-0.00448649,-0.00484870,-0.00694030
2007-05-01,0.00203730,0.00176577,0.00153064
2007-05-02,0.00108948,0.00245900,0.00351118
2007-05-03,0.00501775,0.00391991,0.00543952
2007-05-04,0.00257395,-0.00089042,0.00001105
2007-05-07,0.00440219,0.00480951,0.00661359
2007-05-08,-0.00736480,-0.00554451,-0.00821635
2007-05-09,-0.00324372,-0.00198526,-0.00220539
2007-05-10,-0.01699419,-0.00864167,-0.01199476
2007-05-11,0.01417557,0.00394965,0.00693927
2007-05-14,0.00207265,0.00541948,0.00649551
2007-05-15,0.00950782,0.00614202,0.00734429
2007-05-16,-0.00874813,-0.00806687,-0.00815158
2007-05-17,-0.00100962,0.00124231,0.00279232
2007-05-18,0.01214648,0.00662630,0.00956368
2007-05-21,0.00295211,-0.00044722,-0.00015822
2007-05-22,-0.00714902,-0.00126776,-0.00207614
2007-05-23,0.00724209,0.00286618,0.00467626
2007-05-24,-0.01408953,-0.00636841,-0.00956752
2007-05-25,0.00599494,0.00482757,0.00610175
2007-05-28,0.00093401,0.00172050,0.00192467
2007-05-29,-0.00122808,0.00139527,0.00025081
2007-05-30,0.00458038,0.00038564,0.00153204
2007-05-31,0.01214708,0.00564843,0.00779768
2007-06-01,0.02051971,0.01411849,0.01921189
2007-06-04,-0.00098110,-0.00404342,-0.00457861
2007-06-05,0.00209214,-0.00084457,-0.00046069
2007-06-06,-0.02191307,-0.01244419,-0.01643263
2007-06-07,0.00571242,0.01149688,0.01089441
2007-06-08,0.00295442,0.00787444,0.00711297
2007-06-11,0.00732970,-0.00107391,0.00059101
2007-06-12,0.00738118,0.00810664,0.00796073
2007-06-13,0.00823498,0.00568032,0.00669499
2007-06-14,0.01206270,0.00279052,0.00617618
2007-06-15,0.00554118,-0.00074516,0.00160027
2007-06-18,-0.00270173,-0.00406693,-0.00312417
2007-06-19,-0.01115814,-0.00353087,-0.00453851
2007-06-20,0.00421969,0.00403463,0.00356976
2007-06-21,-0.00134000,0.00277693,0.00331914
2007-06-22,-0.00780880,-0.00036906,-0.00027255
2007-06-25,-0.01005374,-0.00656287,-0.00820534
2007-06-26,-0.00590495,-0.00059827,-0.00311748
2007-06-27,-0.01046699,-0.01216152,-0.01273033
2007-06-28,0.02285874,0.01908330,0.02283912
2007-06-29,-0.00237141,-0.00884486,-0.00853857
2007-07-02,0.00218111,0.00164030,0.00355489
2007-07-03,0.00719252,0.00501016,0.00724422
2007-07-04,0.00684185,0.00529388,0.00649833
2007-07-05,0.01401798,0.01084882,0.01263105
2007-07-06,0.01771859,0.00935694,0.01310594
2007-07-09,0.00096628,-0.00183332,-0.00112433
2007-07-10,-0.02310255,-0.01629358,-0.01840678
2007-07-11,0.00178893,-0.00125819,-0.00265766
2007-07-12,0.01965703,0.01010379,0.01376675
2007-07-13,0.00645975,0.00234125,0.00412494
2007-07-16,-0.01154761,-0.00203981,-0.00442943
2007-07-17,0.00157175,0.00349424,0.00378574
2007-07-18,-0.00530133,-0.00773334,-0.00717112
2007-07-19,0.00635514,0.00337284,0.00509472
2007-07-20,-0.01193520,-0.00824505,-0.00955020
2007-07-23,0.00168778,0.00246202,0.00078123
2007-07-24,-0.00403239,-0.00163285,-0.00615019
2007-07-25,-0.01677664,-0.01130317,-0.01206997
2007-07-26,-0.03521072,-0.02486104,-0.02949886
2007-07-27,-0.02404480,-0.01693378,-0.02079561
2007-07-30,0.00125153,-0.00425305,-0.00279487
2007-07-31,0.01109351,0.00812134,0.01064352
2007-08-01,-0.01383044,-0.01306227,-0.01684429
2007-08-02,0.00644189,0.00842181,0.00923315
2007-08-03,-0.00258088,0.00134626,0.00124356
2007-08-06,-0.00993889,-0.00896961,-0.01319727
2007-08-07,-0.00619948,-0.00504501,-0.00596270
2007-08-08,0.00764615,0.00425550,0.00517519
2007-08-09,-0.01366666,-0.00920571,-0.01087917
2007-08-10,-0.00428188,-0.00128401,-0.00126760
2007-08-13,-0.00117268,-0.00507231,-0.00613740
2007-08-14,-0.00552067,-0.00679733,-0.00808978
2007-08-15,-0.00321516,-0.00252429,-0.00248397
2007-08-16,-0.00356038,0.00390608,0.00572765
2007-08-17,-0.00196572,-0.00072985,-0.00142967
2007-08-20,0.00570439,0.00541291,0.00638255
2007-08-21,0.00419230,0.00038500,0.00076866
2007-08-22,-0.00231669,-0.00128498,-0.00134428
2007-08-23,-0.00196651,-0.00203104,-0.00222683
2007-08-24,-0.00167034,0.00032443,0.00044792
2007-08-27,0.00237656,0.00284056,0.00260042
2007-08-28,0.00724091,0.00490230,0.00472194
2007-08-29,-0.00143679,-0.00188116,-0.00250236
2007-08-30,0.00648536,0.00269550,0.00246269
2007-08-31,-0.00927373,-0.00958926,-0.00975102
2007-09-03,0.00128261,0.00114878,0.00157126
2007-09-04,0.00371884,-0.00256264,-0.00284114
2007-09-05,0.01300755,0.01104101,0.01083138
2007-09-06,-0.00315851,-0.00232553,-0.00197234
2007-09-07,0.01149570,0.01046677,0.01051898
2007-09-10,0.00872610,0.00806252,0.00843471
2007-09-11,-0.00238332,-0.00398493,-0.00334332
2007-09-12,-0.00216252,-0.00065858,0.00094920
2007-09-13,-0.00395518,-0.00103899,-0.00065194
2007-09-14,0.00137451,-0.00211310,-0.00328756
2007-09-17,0.00065999,-0.00056311,-0.00048225
2007-09-18,0.00408162,0.00308939,0.00434477
2007-09-19,-0.00357370,-0.00534007,-0.00571292
2007-09-20,-0.00052735,-0.00353026,-0.00237040
2007-09-21,0.00234750,0.00093194,0.00109751
2007-09-24,0.00234996,-0.00054652,-0.00112796
2007-09-25,-0.00026891,0.00058530,-0.00045603
2007-09-26,0.00468962,0.00076944,0.00024181
2007-09-27,0.02193766,0.01481182,0.01727262
2007-09-28,0.00757469,0.00688872,0.00668851
2007-10-01,0.00049089,-0.00110201,-0.00400929
2007-10-02,-0.02465619,-0.01260676,-0.01508496
2007-10-03,-0.00208668,-0.00058428,-0.00052130
2007-10-04,0.00674563,0.00405797,0.00670473
2007-10-05,0.00694350,0.00553419,0.00543406
2007-10-08,-0.01462363,-0.00811463,-0.00995869
2007-10-09,0.00462064,-0.00122899,-0.00095571
2007-10-10,0.00951801,0.00493881,0.00694763
2007-10-11,0.01735912,0.01219206,0.01351436
2007-10-12,-0.00361065,-0.00328538,-0.00290920
2007-10-15,0.00284491,0.00164461,0.00374972
2007-10-16,-0.01069539,-0.00711875,-0.00640779
2007-10-17,0.00529579,0.00474266,0.00456708
2007-10-18,0.01493079,0.01193523,0.01413032
2007-10-19,-0.00449093,0.00362320,0.00217406
2007-10-22,-0.02283738,-0.01644692,-0.01924198
2007-10-23,0.01660164,0.01289273,0.01385840
2007-10-24,-0.00066399,0.00047235,0.00246610
2007-10-25,0.02025225,0.01257113,0.01644055
2007-10-26,0.01870958,0.01028177,0.01208664
2007-10-29,0.01732424,0.01150498,0.01276618
2007-10-30,-0.01921392,-0.01111613,-0.01335372
2007-10-31,0.01338065,0.00617643,0.00951385
2007-11-01,-0.01598194,-0.01138725,-0.01186918
2007-11-02,0.02773133,0.02267013,0.02613845
2007-11-05,-0.00855735,-0.00366137,-0.00412360
2007-11-06,0.03119856,0.02053922,0.02340303
2007-11-07,0.00864296,0.01282560,0.01302706
2007-11-08,-0.00473282,-0.00462266,-0.00391921
2007-11-09,-0.00522059,-0.00284847,-0.00322634
2007-11-12,-0.02763147,-0.01390779,-0.01595801
2007-11-13,-0.02868510,-0.02612807,-0.02597324
2007-11-14,0.02147634,0.01358531,0.01373739
2007-11-15,-0.00894680,-0.00283985,-0.00287723
2007-11-16,0.00686487,0.00589677,0.00653321
2007-11-19,0.00942963,0.01059585,0.01120376
2007-11-20,0.02407418,0.01729078,0.01859387
2007-11-21,0.01017040,0.00867589,0.00827847
2007-11-22,0.00013116,0.00036175,0.00067804
2007-11-23,0.00806801,0.00124735,0.00098296
2007-11-26,0.01743827,0.01487598,0.01440961
2007-11-27,-0.02665458,-0.02002590,-0.01986182
2007-11-28,-0.02682622,-0.02154001,-0.02301656
2007-11-29,0.00502979,0.00195185,0.00270312
2007-11-30,-0.02023452,-0.01409504,-0.01486962
2007-12-03,0.01886057,0.01583067,0.01543662
2007-12-04,0.01835172,0.01405165,0.01359337
2007-12-05,-0.01382515,-0.01599176,-0.01599834
2007-12-06,-0.00334801,-0.00410388,-0.00295008
2007-12-07,-0.01168575,-0.01113119,-0.01032800
2007-12-10,0.00308936,0.00095877,0.00084030
2007-12-11,0.01743723,0.01277457,0.01082369
2007-12-12,0.00864671,0.00410564,0.00710779
2007-12-13,-0.01087358,-0.00523861,-0.00443367
2007-12-14,-0.01085169,-0.01173473,-0.01188669
2007-12-17,-0.00003802,0.00127897,0.00071572
2007-12-18,0.00144543,0.00143361,0.00022815
2007-12-19,0.00969377,0.00625674,0.00663779
2007-12-20,0.00195220,-0.00035517,-0.00105105
2007-12-21,0.00373187,-0.00039122,0.00255966
2007-12-24,0.00011388,0.00147374,0.00187497
2007-12-25,-0.00093698,-0.00105651,-0.00105104
2007-12-26,0.01369087,0.00890936,0.01037733
2007-12-27,0.00414725,0.00154763,0.00155537
2007-12-28,0.00164068,0.00152833,-0.00017981
2007-12-31,-0.00256618,-0.00350730,-0.00457381
2008-01-01,-0.00004571,-0.00004081,-0.00004466
2008-01-02,0.03548867,0.02617587,0.02766600
2008-01-03,0.00910935,0.00453789,0.00513198
2008-01-04,-0.00417936,-0.00333650,-0.00538745
2008-01-07,-0.01708342,-0.01408688,-0.01596675
2008-01-08,0.02050471,0.01315992,0.01518754
2008-01-09,-0.00213679,-0.00287093,-0.00508042
2008-01-10,-0.00418194,-0.00237990,-0.00241913
2008-01-11,0.02689105,0.01784630,0.01652102
2008-01-14,0.01788306,0.01367724,0.01606532
2008-01-15,0.00272064,0.00420875,0.00128122
2008-01-16,-0.01894524,-0.01391449,-0.01584986
2008-01-17,0.01332478,0.00793571,0.00635999
2008-01-18,0.00356625,0.00427485,0.00328913
2008-01-21,0.01073424,0.01428136,0.01282495
2008-01-22,-0.00503617,-0.00034279,-0.00226119
2008-01-23,-0.01635270,-0.00864115,-0.00837076
2008-01-24,-0.00392227,-0.00916020,-0.00501325
2008-01-25,0.01749422,0.00949164,0.01095377
2008-01-28,0.01589827,0.01074866,0.01150210
2008-01-29,-0.01120425,-0.01166031,-0.00973630
2008-01-30,-0.00021746,0.00171840,0.00241838
2008-01-31,0.01209898,0.00635397,0.00757029
2008-02-01,0.00023593,0.00060398,0.00084106
2008-02-04,0.01259295,0.00731091,0.00750557
2008-02-05,-0.00073481,0.00066457,-0.00319677
2008-02-06,0.00808621,0.00491964,0.00400329
2008-02-07,0.00029255,-0.00419108,-0.00299496
2008-02-08,0.02757846,0.01806610,0.01792645
2008-02-11,0.01057799,0.00888761,0.00881245
2008-02-12,-0.02330581,-0.01477671,-0.01168917
2008-02-13,0.00362193,0.00165201,0.00195604
2008-02-14,0.01471681,0.00507586,0.00556451
2008-02-15,0.01308065,0.01016553,0.00911153
2008-02-18,-0.00045394,-0.00200048,-0.00092196
2008-02-19,0.02777955,0.01202973,0.01401907
2008-02-20,-0.00360541,-0.00358006,-0.00350250
2008-02-21,0.02182624,0.01591905,0.01312523
2008-02-22,0.00816193,0.00537774,0.00614170
2008-02-25,0.00199647,-0.00122669,0.00056289
2008-02-26,0.02121431,0.01545050,0.01559987
2008-02-27,0.01514639,0.01121998,0.01021323
2008-02-28,0.04205987,0.03532002,0.03678719
2008-02-29,0.01924322,0.01750797,0.01424293
2008-03-03,0.02603392,0.01751192,0.01697685
2008-03-04,-0.02058096,-0.01136807,-0.01427690
2008-03-05,0.01283093,0.00947490,0.01376641
2008-03-06,-0.01873107,-0.00551483,-0.00597822
2008-03-07,-0.02043753,-0.01238909,-0.01350041
2008-03-10,0.00862258,0.01032155,0.00943067
2008-03-11,-0.01295503,-0.01430600,-0.01110516
2008-03-12,0.02636767,0.02498769,0.02369648
2008-03-13,0.02527736,0.02040836,0.02025599
2008-03-14,0.00832618,0.01139035,0.01030980
2008-03-17,-0.03311896,-0.01267903,-0.01192107
2008-03-18,-0.01457983,-0.01474224,-0.01028184
2008-03-19,-0.05014967,-0.03110981,-0.03019564
2008-03-20,-0.03940992,-0.03250469,-0.02838562
2008-03-21,-0.00083032,-0.00098944,-0.00091850
2008-03-24,-0.01088825,-0.01167297,-0.00941436
2008-03-25,0.01066624,0.00661953,0.00582657
2008-03-26,0.02296509,0.02016373,0.01882763
2008-03-27,0.00280822,0.00474155,0.00506788
2008-03-28,-0.00633257,-0.00311622,-0.00244587
2008-03-31,-0.00741503,-0.00357048,-0.00207514
2008-04-01,-0.03712914,-0.03070189,-0.02510492
2008-04-02,0.00910736,0.00773910,0.00786241
2008-04-03,0.00096473,-0.00083105,-0.00186376
2008-04-04,0.01307442,0.01232246,0.01008981
2008-04-07,-0.00133979,-0.00409572,-0.00235741
2008-04-08,-0.00095527,0.00051125,0.00049055
2008-04-09,0.02203735,0.01875256,0.01608409
2008-04-10,-0.00764623,-0.00838727,-0.00726285
2008-04-11,0.00491572,0.00432189,0.00308075
2008-04-14,0.00170203,0.00244244,0.00278326
2008-04-15,0.00078326,-0.00367200,-0.00258765
2008-04-16,0.00323511,-0.00032764,0.00047785
2008-04-17,-0.00865738,-0.00830376,-0.00721197
2008-04-18,-0.00831488,-0.00744555,-0.00508419
2008-04-21,0.00077595,0.00415920,0.00504530
2008-04-22,0.01446413,0.01053453,0.00901634
2008-04-23,-0.00673305,-0.00651501,-0.00480658
2008-04-24,-0.02500310,-0.02258160,-0.01962722
2008-04-25,-0.00215212,-0.00556450,-0.00421262
2008-04-28,0.00672916,0.00690991,0.00642749
2008-04-29,-0.02042092,-0.01410363,-0.01424403
2008-04-30,0.00152235,0.00519390,0.00365857
2008-05-01,-0.01513260,-0.00990738,-0.00819763
2008-05-02,0.01274032,0.00770427,0.00895734
2008-05-05,0.01590897,0.01284146,0.01436555
2008-05-06,0.00753829,0.00346283,0.00391382
2008-05-07,0.00124358,0.00050677,0.00146697
2008-05-08,0.00539735,0.00408288,0.00367011
2008-05-09,0.01293946,0.00738026,0.00798489
2008-05-12,-0.00375969,-0.00171485,-0.00278374
2008-05-13,0.00010373,-0.00269488,-0.00062034
2008-05-14,-0.00669254,-0.00617405,-0.00644899
2008-05-15,0.00018984,0.00266530,0.00209232
2008-05-16,0.01372842,0.01272459,0.01206311
2008-05-19,-0.00109964,0.00070898,0.00095171
2008-05-20,0.01189398,0.01103798,0.01200574
2008-05-21,0.02049964,0.01122122,0.01247032
2008-05-22,-0.01123690,-0.00983782,-0.00947350
2008-05-23,0.00567289,0.00783504,0.00684892
2008-05-26,0.00054077,-0.00005114,0.00003124
2008-05-27,-0.01610754,-0.01073842,-0.00984927
2008-05-28,0.00247960,-0.00183649,-0.00051367
2008-05-29,-0.02217499,-0.01491337,-0.01526748
2008-05-30,0.00510228,0.00250835,0.00287823
2008-06-02,0.00100976,0.00288392,0.00320705
2008-06-03,-0.00812532,-0.00350506,-0.00346594
2008-06-04,-0.01059830,-0.00796679,-0.00831113
2008-06-05,0.02522818,0.01577554,0.01666844
2008-06-06,0.03054595,0.02668413,0.02746799
2008-06-09,-0.00641036,-0.00921689,-0.01023703
2008-06-10,-0.01204976,-0.01402524,-0.01336237
2008-06-11,0.01584357,0.01211871,0.01193799
2008-06-12,0.00262208,-0.00375991,-0.00402788
2008-06-13,0.00189004,-0.00230162,-0.00330702
2008-06-16,0.00160534,0.00190231,0.00182126
2008-06-17,-0.00083698,-0.00300181,-0.00276790
2008-06-18,0.00996760,0.00801787,0.00845378
2008-06-19,-0.00913499,-0.00625670,-0.00526289
2008-06-20,0.00752709,0.00702416,0.00764670
2008-06-23,-0.00230326,-0.00383301,-0.00352940
2008-06-24,-0.00169524,0.00243696,0.00317218
2008-06-25,-0.00305856,-0.00083385,-0.00180325
2008-06-26,0.02021486,0.01728717,0.01647050
2008-06-27,0.00491748,0.00450825,0.00463437
2008-06-30,-0.00170150,-0.00039432,-0.00017488
2008-07-01,0.01037393,0.00650772,0.00652170
2008-07-02,0.02083974,0.01708796,0.01521955
2008-07-03,-0.01123925,-0.01177468,-0.01111103
2008-07-04,-0.00365326,-0.00208953,-0.00148368
2008-07-07,-0.03536095,-0.02016087,-0.01948515
2008-07-08,-0.02433379,-0.01469412,-0.01259076
2008-07-09,0.00585139,0.00636928,0.00459831
2008-07-10,0.01850714,0.01348770,0.01336301
2008-07-11,0.01398395,0.00789451,0.00688470
2008-07-14,-0.00225209,0.00248655,0.00336325
2008-07-15,-0.00735218,0.00045412,0.00181378
2008-07-16,-0.01948167,-0.01529884,-0.01451834
2008-07-17,-0.03145697,-0.02312064,-0.02096969
2008-07-18,-0.01439613,-0.00963668,-0.00792107
2008-07-21,0.00164412,0.00352211,0.00306969
2008-07-22,-0.01306297,-0.01125580,-0.00995692
2008-07-23,-0.01799394,-0.01505667,-0.01345117
2008-07-24,0.00593807,0.00511964,0.00401588
2008-07-25,-0.00212354,-0.00145634,-0.00172495
2008-07-28,0.00867761,0.01215889,0.01155438
2008-07-29,-0.01226721,-0.01400666,-0.01338545
2008-07-30,-0.00559683,-0.00661536,-0.00566240
2008-07-31,0.00242869,0.00378714,0.00320707
2008-08-01,0.00885640,0.00560505,0.00477430
2008-08-04,0.00799003,0.00956279,0.00975695
2008-08-05,-0.01637385,-0.01726382,-0.01588867
2008-08-06,-0.00354776,-0.00626297,-0.00587195
2008-08-07,0.00183579,0.00511691,0.00475847
2008-08-08,0.00314997,-0.00364049,-0.00345317
2008-08-11,0.00000476,-0.00182627,-0.00145197
2008-08-12,0.00935768,0.00797519,0.00685526
2008-08-13,-0.01170410,-0.01104340,-0.01017755
2008-08-14,0.00917573,0.00893087,0.00902409
2008-08-15,0.02272708,0.01995027,0.01839750
2008-08-18,-0.00263497,-0.00040400,-0.00017936
2008-08-19,0.00095140,0.00205573,0.00150436
2008-08-20,-0.00420616,-0.00278766,-0.00247461
2008-08-21,-0.02673709,-0.02359492,-0.02203035
2008-08-22,0.01103670,0.00611731,0.00674752
2008-08-25,0.00562472,0.00893142,0.00749974
2008-08-26,0.00466473,0.00005347,-0.00023317
2008-08-27,-0.00858161,-0.00498195,-0.00431129
2008-08-28,-0.00213293,-0.00114637,-0.00000866
2008-08-29,-0.00110259,-0.00065277,-0.00075465
2008-09-01,0.00396179,0.00209007,0.00175177
2008-09-02,0.02722541,0.02300873,0.02083712
2008-09-03,0.00962430,0.00835459,0.00756850
2008-09-04,0.01784496,0.01159013,0.01079466
2008-09-05,0.02519242,0.02085243,0.01895037
2008-09-08,-0.00335968,-0.00226313,-0.00153772
2008-09-09,0.03392420,0.02906473,0.02538054
2008-09-10,0.02251535,0.01649583,0.01372124
2008-09-11,0.01416525,0.01107748,0.00948525
2008-09-12,-0.05054423,-0.03623125,-0.03474958
2008-09-15,0.04794183,0.04045058,0.04049234
2008-09-16,0.04195451,0.03343178,0.02857748
2008-09-17,-0.04490370,-0.03502687,-0.03066776
2008-09-18,-0.00413891,-0.00296968,-0.00204027
2008-09-19,-0.07218697,-0.05707787,-0.04890814
2008-09-22,-0.04504400,-0.03337606,-0.02679055
2008-09-23,0.01893969,0.01257685,0.00896867
2008-09-24,0.00659740,0.00445750,0.00338683
2008-09-25,-0.00638044,-0.00607579,-0.00524213
2008-09-26,0.01830084,0.01522540,0.01199237
2008-09-29,0.06163088,0.04908658,0.03758754
2008-09-30,-0.00004684,-0.00594254,-0.00656787
2008-10-01,-0.00043388,-0.00109625,-0.00133571
2008-10-02,0.04425974,0.03457783,0.02466145
2008-10-03,-0.00012989,0.00277533,0.00316285
2008-10-06,0.07801064,0.05617564,0.03721828
2008-10-07,-0.00646537,-0.00739481,-0.00569129
2008-10-08,0.01923020,0.01137336,0.00596382
2008-10-09,0.00312823,-0.00020869,-0.00147929
2008-10-10,0.07915917,0.06068285,0.04169200
2008-10-13,-0.07400689,-0.05464789,-0.03769959
2008-10-14,-0.01230528,-0.00712908,-0.00333438
2008-10-15,0.06681494,0.05237111,0.03632030
2008-10-16,0.03259989,0.02654416,0.02018620
2008-10-17,-0.01813032,-0.01501674,-0.01166744
2008-10-20,-0.02237773,-0.01516498,-0.00961666
2008-10-21,0.02661602,0.02436579,0.01814841
2008-10-22,0.06767812,0.05207157,0.03709045
2008-10-23,0.00815809,0.00769809,0.00624510
2008-10-24,0.04791770,0.03609697,0.02575129
2008-10-27,0.00740586,0.00468377,0.00212442
2008-10-28,-0.04490151,-0.03182803,-0.02076692
2008-10-29,-0.05197603,-0.04338497,-0.03486761
2008-10-30,-0.01885316,-0.01203719,-0.00813996
2008-10-31,0.00457412,0.00204038,0.00057052
2008-11-03,0.00455693,0.00555405,0.00559348
2008-11-04,-0.06065672,-0.04911192,-0.03893970
2008-11-05,0.02473069,0.02231902,0.01658340
2008-11-06,0.05921599,0.05120746,0.03888134
2008-11-07,-0.00849717,-0.00767977,-0.00488416
2008-11-10,-0.01502111,-0.01233912,-0.01075120
2008-11-11,0.04055805,0.03537753,0.02738985
2008-11-12,0.04826316,0.04214041,0.03135122
2008-11-13,-0.01233768,-0.01063975,-0.00823099
2008-11-14,-0.01480058,-0.01120302,-0.00806060
2008-11-17,0.02786277,0.02497901,0.01997459
2008-11-18,0.01054183,0.01077693,0.00846978
2008-11-19,0.03186901,0.02568254,0.01811659
2008-11-20,0.07064971,0.05929455,0.04512605
2008-11-21,-0.01748654,-0.01268380,-0.00859134
2008-11-24,-0.10160475,-0.08501450,-0.06553975
2008-11-25,0.01780789,0.01899844,0.01772440
2008-11-26,-0.01430717,-0.01019710,-0.00885368
2008-11-27,0.00103373,0.00137552,0.00181177
2008-11-28,0.00291172,0.00495910,0.00516837
2008-12-01,0.08018237,0.06473781,0.04717816
2008-12-02,0.02156248,0.01948633,0.01680107
2008-12-03,0.00812662,0.00754182,0.00706827
2008-12-04,0.03192586,0.03109596,0.02684053
2008-12-05,0.03581794,0.03160524,0.02731576
2008-12-08,-0.07618106,-0.06135491,-0.04865562
2008-12-09,0.00993851,0.00772559,0.00604473
2008-12-10,-0.02230781,-0.02010683,-0.01589517
2008-12-11,-0.02367093,-0.02121781,-0.01739607
2008-12-12,0.01147456,0.00924666,0.00696028
2008-12-15,-0.00296155,-0.00072673,0.00087843
2008-12-16,-0.00973682,-0.00504635,-0.00082470
2008-12-17,0.00189882,0.00175862,0.00305660
2008-12-18,0.02067220,0.01957565,0.01750102
2008-12-19,0.00664431,0.00620243,0.00353475
2008-12-22,0.01357454,0.01235193,0.01094508
2008-12-23,0.00582200,0.00494634,0.00381565
2008-12-24,0.00524537,0.00542680,0.00550790
2008-12-25,-0.00011134,-0.00014300,-0.00014947
2008-12-26,-0.01490874,-0.01287225,-0.01064616
2008-12-29,-0.00904567,-0.00839212,-0.00784014
2008-12-30,-0.00491817,-0.00486341,-0.00321116
2008-12-31,-0.03684169,-0.03491200,-0.03141314
2009-01-01,-0.00680702,-0.00627246,-0.00562534
2009-01-02,-0.03977732,-0.03357913,-0.02739854
2009-01-05,-0.02513564,-0.02098299,-0.01664042
2009-01-06,-0.03639139,-0.03359717,-0.02973231
2009-01-07,0.02484566,0.02290319,0.01919634
2009-01-08,0.02355905,0.02094802,0.01720484
2009-01-09,0.00938686,0.00594629,0.00441805
2009-01-12,0.03195190,0.02935076,0.02397606
2009-01-13,0.01313316,0.01020351,0.00732506
2009-01-14,0.02334118,0.01777302,0.01279342
2009-01-15,0.00241863,0.00068583,0.00019099
2009-01-16,-0.01939652,-0.01652597,-0.01206903
2009-01-19,-0.00278857,-0.00149386,-0.00050365
2009-01-20,0.03758716,0.02912918,0.02125495
2009-01-21,-0.01717415,-0.01674404,-0.01335026
2009-01-22,0.00430836,0.00397721,0.00388784
2009-01-23,-0.01759661,-0.01785958,-0.01654349
2009-01-26,-0.03004725,-0.02492395,-0.01974768
2009-01-27,0.01777854,0.01800462,0.01715191
2009-01-28,-0.02762335,-0.02290809,-0.01744498
2009-01-29,0.00329754,0.00021758,-0.00275902
2009-01-30,0.00888617,0.00532394,0.00243320
2009-02-02,0.02426870,0.02141021,0.01793138
2009-02-03,-0.01533015,-0.01308223,-0.00901194
2009-02-04,-0.00922299,-0.00816737,-0.00727435
2009-02-05,-0.02043145,-0.01796400,-0.01444081
2009-02-06,-0.03346532,-0.02594820,-0.01872212
2009-02-09,-0.00804488,-0.00811424,-0.00631957
2009-02-10,0.03409003,0.02995234,0.02267078
2009-02-11,0.01221164,0.01211888,0.00992610
2009-02-12,0.01451736,0.01231327,0.00983382
2009-02-13,-0.00284788,-0.00218190,-0.00074791
2009-02-16,0.01036255,0.00957404,0.00825522
2009-02-17,0.06143219,0.05676323,0.04659326
2009-02-18,0.00463218,0.00332402,0.00214996
2009-02-19,-0.02053780,-0.02006249,-0.01699075
2009-02-20,0.02074416,0.01837171,0.01491401
2009-02-23,0.01144174,0.00857221,0.00646469
2009-02-24,-0.01628730,-0.01300043,-0.00987731
2009-02-25,-0.01136711,-0.01513861,-0.01458033
2009-02-26,-0.02170841,-0.02162757,-0.01897734
2009-02-27,0.01930890,0.01482244,0.01156466
2009-03-02,0.06633193,0.05844300,0.04953506
2009-03-03,-0.00332094,-0.00296744,-0.00229766
2009-03-04,-0.04502658,-0.03812320,-0.03259878
2009-03-05,0.03894161,0.03503525,0.02894601
2009-03-06,-0.00169217,-0.00011454,0.00085489
2009-03-09,0.01091375,0.00664058,0.00419781
2009-03-10,-0.03663712,-0.02835741,-0.02382237
2009-03-11,0.00353529,0.00788553,0.00809012
2009-03-12,-0.03171893,-0.02776236,-0.02354931
2009-03-13,-0.01384105,-0.00899227,-0.00645464
2009-03-16,-0.02227869,-0.01857901,-0.01482474
2009-03-17,-0.01787607,-0.01630235,-0.01324113
2009-03-18,-0.00706399,0.00411491,0.00608269
2009-03-19,-0.02851911,-0.02973949,-0.02727634
2009-03-20,0.00265156,0.00213399,0.00167011
2009-03-23,-0.03722603,-0.03072462,-0.02448366
2009-03-24,-0.00612513,-0.00548770,-0.00475341
2009-03-25,0.00220177,0.00283457,0.00236483
2009-03-26,-0.00463334,-0.00250853,-0.00153697
2009-03-27,0.01659056,0.01616661,0.01518631
2009-03-30,0.02723772,0.02546960,0.02148874
2009-03-31,-0.01153801,-0.00873992,-0.00689289
2009-04-01,-0.00095957,0.00144676,0.00210237
2009-04-02,-0.04088639,-0.03841865,-0.03275310
2009-04-03,-0.01348034,-0.01448449,-0.01296837
2009-04-06,-0.00322494,-0.00167837,-0.00110701
2009-04-07,0.01178752,0.01147304,0.00997332
2009-04-08,0.00023820,-0.00041498,-0.00087689
2009-04-09,-0.00717235,-0.00747924,-0.00563353
2009-04-10,-0.00017838,-0.00029983,-0.00030816
2009-04-13,0.00520378,0.00759677,0.00665805
2009-04-14,-0.00141461,0.00151724,0.00160875
2009-04-15,0.00126993,0.00176348,0.00162624
2009-04-16,-0.00496394,-0.00566968,-0.00490455
2009-04-17,-0.00614789,-0.00933344,-0.00848080
2009-04-20,0.01937329,0.02418306,0.02218907
2009-04-21,-0.00506070,-0.00642842,-0.00570363
2009-04-22,-0.00464521,-0.00514590,-0.00418488
2009-04-23,-0.00164800,0.00042139,0.00113830
2009-04-24,-0.00751328,-0.00530073,-0.00335956
2009-04-27,0.00872289,0.01097160,0.01074389
2009-04-28,-0.00100032,-0.00058919,-0.00018539
2009-04-29,-0.00841722,-0.00733398,-0.00656132
2009-04-30,0.00031333,0.00213165,0.00232952
2009-05-01,-0.01007048,-0.01473566,-0.01439770
2009-05-04,-0.01065106,-0.00913855,-0.00852626
2009-05-05,0.00157675,0.00190570,0.00221924
2009-05-06,-0.01034742,-0.01154852,-0.01069847
2009-05-07,-0.00782139,-0.00915163,-0.00902036
2009-05-08,-0.00767819,-0.00768347,-0.00705168
2009-05-11,0.00163415,0.00400633,0.00409091
2009-05-12,-0.00249882,-0.00601576,-0.00619363
2009-05-13,0.00257875,0.00710044,0.00778878
2009-05-14,0.00077976,0.00094248,0.00086330
2009-05-15,0.00044689,0.00450847,0.00483930
2009-05-18,0.00168161,-0.00467651,-0.00515676
2009-05-19,0.00325519,0.00500754,0.00361297
2009-05-20,-0.00028524,-0.00124328,-0.00177766
2009-05-21,0.00399724,0.00565811,0.00654187
2009-05-22,0.00127033,-0.00123988,-0.00202525
2009-05-25,-0.00182342,-0.00226917,-0.00284228
2009-05-26,0.00108690,-0.00141066,-0.00138022
2009-05-27,0.00275153,-0.00085351,-0.00118049
2009-05-28,-0.00576110,-0.00880379,-0.00858501
2009-05-29,0.01458160,0.01635420,0.01484676
2009-06-01,0.00945353,-0.00143717,-0.00375712
2009-06-02,0.00182867,0.00234059,0.00241793
2009-06-03,-0.01577895,-0.00397844,-0.00253360
2009-06-04,0.00560776,-0.00828718,-0.00921264
2009-06-05,-0.01459897,-0.02167922,-0.02177232
2009-06-08,-0.01345976,-0.00973285,-0.00839705
2009-06-09,0.00922911,0.00692706,0.00589656
2009-06-10,0.00690834,0.00494638,0.00385387
2009-06-11,0.00804943,0.00475408,0.00389394
2009-06-12,-0.01104547,-0.00429789,-0.00366270
2009-06-15,-0.02928511,-0.01778571,-0.01540521
2009-06-16,-0.00272594,-0.00035655,-0.00041607
2009-06-17,-0.00281865,-0.00173339,-0.00132140
2009-06-18,0.00281349,-0.00124991,-0.00253681
2009-06-19,-0.00392843,0.00089026,0.00071844
2009-06-22,-0.01993832,-0.00917439,-0.00678670
2009-06-23,0.00347910,-0.00163242,-0.00114513
2009-06-24,0.00654494,0.00808966,0.00777952
2009-06-25,0.00281194,0.00161897,0.00214477
2009-06-26,0.00131964,0.00419247,0.00375010
2009-06-29,0.00377456,-0.00060003,-0.00028033
2009-06-30,0.00272244,0.00526061,0.00601009
2009-07-01,0.00051824,0.00257442,0.00226571
2009-07-02,-0.00375019,0.00577283,0.00656691
2009-07-03,-0.00223990,-0.00069829,-0.00099032
2009-07-06,-0.00016246,0.00471362,0.00525924
2009-07-07,-0.00136848,0.00023371,0.00042689
2009-07-08,-0.00239483,0.00465057,0.00606349
2009-07-09,-0.00054220,-0.00533162,-0.00643528
2009-07-10,0.00430948,0.00589709,0.00683757
2009-07-13,-0.00201689,-0.00313715,-0.00289349
2009-07-14,-0.00728515,-0.01084871,-0.01139990
2009-07-15,-0.00515634,-0.00962597,-0.01026940
2009-07-16,-0.00658513,-0.00451827,-0.00465017
2009-07-17,-0.00839920,-0.00975517,-0.00981991
2009-07-20,0.00045008,-0.00068611,-0.00166169
2009-07-21,0.00416298,0.00610309,0.00632276
2009-07-22,0.00134927,0.00010753,-0.00031133
2009-07-23,-0.00506531,-0.00966169,-0.01056822
2009-07-24,0.00493739,0.00229942,0.00217363
2009-07-27,0.00167988,-0.00007993,-0.00070069
2009-07-28,0.00117112,0.00584087,0.00604728
2009-07-29,-0.00435176,0.00159765,0.00252615
2009-07-30,0.00063183,-0.00516823,-0.00520720
2009-07-31,0.00687292,0.01301843,0.01306174
2009-08-03,0.00347763,-0.00729596,-0.00776121
2009-08-04,0.00595580,0.00101341,0.00041320
2009-08-05,-0.00124632,-0.00321981,-0.00418365
2009-08-06,0.00402625,0.00645387,0.00669754
2009-08-07,0.00378484,-0.00648965,-0.00716483
2009-08-10,0.00136517,-0.00039861,0.00086080
2009-08-11,-0.00968926,-0.00339331,-0.00238225
2009-08-12,0.00911918,0.00758873,0.00778508
2009-08-13,0.01505674,0.01749271,0.01666686
2009-08-14,-0.01178357,0.00158764,0.00241736
2009-08-17,-0.02639742,-0.01655611,-0.01635830
2009-08-18,0.01111418,0.00745097,0.00763326
2009-08-19,0.00817138,0.00560601,0.00602015
2009-08-20,0.00823138,0.01202482,0.01201532
2009-08-21,0.01567166,0.00835990,0.00791731
2009-08-24,0.00126938,0.00442715,0.00487848
2009-08-25,0.00009632,0.00444687,0.00508001
2009-08-26,-0.00484950,-0.00253545,-0.00175696
2009-08-27,0.00249134,0.00114797,0.00150170
2009-08-28,0.01055593,0.00841516,0.00868209
2009-08-31,-0.00618337,-0.00138809,-0.00085775
2009-09-01,-0.01156758,-0.00670083,-0.00654413
2009-09-02,0.00200005,0.00395176,0.00376408
2009-09-03,0.00728215,0.00676342,0.00670105
2009-09-04,0.01047837,0.00811582,0.00852810
2009-09-07,0.00630003,0.00650325,0.00679739
2009-09-08,0.01136452,0.00843194,0.00791249
2009-09-09,-0.00100361,-0.00304372,-0.00297414
2009-09-10,0.00521612,0.00704660,0.00771026
2009-09-11,0.01211583,0.01323078,0.01426909
2009-09-14,-0.00910316,-0.01065351,-0.01076868
2009-09-15,-0.00546815,-0.00615680,-0.00584935
2009-09-16,0.01913069,0.00918305,0.00910054
2009-09-17,0.00846197,0.00758180,0.00733854
2009-09-18,-0.01189265,-0.01046587,-0.01017999
2009-09-21,-0.00670918,-0.00083341,-0.00154113
2009-09-22,0.01939555,0.01122946,0.01255709
2009-09-23,-0.00285857,0.00284388,0.00269092
2009-09-24,-0.02202564,-0.00980422,-0.01069546
2009-09-25,-0.00563578,-0.00236407,-0.00199558
2009-09-28,0.00672419,0.00425239,0.00528933
2009-09-29,0.00307606,0.00316276,0.00264242
2009-09-30,0.00983895,0.00247064,0.00330084
2009-10-01,-0.01213710,-0.00168515,-0.00343847
2009-10-02,-0.00690348,-0.00186386,-0.00035707
2009-10-05,0.02166724,0.01565581,0.01797804
2009-10-06,0.01917312,0.01476536,0.01726361
2009-10-07,0.00720559,0.01005059,0.01090897
2009-10-08,0.00682860,0.00122254,0.00207787
2009-10-09,-0.02250550,-0.02259536,-0.02398492
2009-10-12,0.00590783,0.00548036,0.00653633
2009-10-13,0.00837922,0.00855907,0.00923652
2009-10-14,0.00873108,0.00312477,0.00374217
2009-10-15,-0.00700787,-0.01066302,-0.01206848
2009-10-16,-0.01263914,-0.01437047,-0.01479076
2009-10-19,0.01827265,0.01355235,0.01465617
2009-10-20,0.00492161,0.00834867,0.00874127
2009-10-21,0.00204460,-0.00568720,-0.00527293
2009-10-22,-0.00501026,-0.00254885,-0.00293844
2009-10-23,-0.00395478,-0.00303203,-0.00361823
2009-10-26,-0.02067155,-0.01405590,-0.01572297
2009-10-27,-0.01197471,-0.00548498,-0.00556826
2009-10-28,-0.03163050,-0.01990748,-0.02194357
2009-10-29,0.01774996,0.00766836,0.00926017
2009-10-30,-0.01203082,-0.00156325,-0.00264073
2009-11-02,0.00112199,-0.00289535,-0.00210618
2009-11-03,0.00643220,0.00111709,0.00165307
2009-11-04,0.01352732,0.00879306,0.00884654
2009-11-05,-0.00125803,0.00059483,0.00113455
2009-11-06,0.00530752,0.00937984,0.00946362
2009-11-09,0.02210690,0.02139099,0.02272992
2009-11-10,0.00340214,0.00617249,0.00658766
2009-11-11,0.01266759,0.01125266,0.01258179
2009-11-12,-0.00512688,-0.00162857,-0.00200603
2009-11-13,0.00699208,0.00693471,0.00738261
2009-11-16,0.03324602,0.02630633,0.02885075
2009-11-17,0.00110523,0.00064414,0.00092950
2009-11-18,0.00457979,0.00263643,0.00255786
2009-11-19,-0.01235151,-0.00588797,-0.00633939
2009-11-20,-0.00690155,-0.00666193,-0.00634548
2009-11-23,0.01994212,0.01417384,0.01522801
2009-11-24,-0.00570838,0.00072577,0.00074371
2009-11-25,0.02012152,0.01293832,0.01369374
2009-11-26,-0.00841116,-0.00124125,-0.00202855
2009-11-27,-0.02157348,-0.01481374,-0.01471941
2009-11-30,0.01871945,0.01313622,0.01434497
2009-12-01,0.02595697,0.01994831,0.02113174
2009-12-02,0.00811535,0.00893356,0.00840969
2009-12-03,-0.00494059,-0.00473296,-0.00533381
2009-12-04,-0.04204318,-0.03863590,-0.04014444
2009-12-07,-0.00562068,-0.00368572,-0.00313509
2009-12-08,-0.00963959,-0.00481797,-0.00420527
2009-12-09,-0.01381698,-0.00628315,-0.00648891
2009-12-10,-0.00554850,-0.00662189,-0.00754736
2009-12-11,-0.00388503,-0.00563958,-0.00604969
2009-12-14,0.00619962,0.00308271,0.00371323
2009-12-15,-0.01094099,-0.01283147,-0.01362519
2009-12-16,0.01155130,0.00732885,0.00843155
2009-12-17,-0.01319838,-0.00644691,-0.00629045
2009-12-18,-0.00392648,-0.00388049,-0.00442564
2009-12-21,-0.00456339,-0.00859382,-0.00815260
2009-12-22,-0.00648382,-0.00730991,-0.00809935
2009-12-23,0.00491303,-0.00203203,-0.00223064
2009-12-24,0.01486739,0.00834004,0.00962703
2009-12-25,-0.00040665,-0.00027075,-0.00042299
2009-12-28,-0.00055802,-0.00607961,-0.00585838
2009-12-29,-0.00111239,-0.00033805,-0.00052262
2009-12-30,-0.00441768,-0.00505443,-0.00483022
2009-12-31,0.00142770,-0.00018672,-0.00063065
2010-01-01,-0.00004641,-0.00004394,-0.00004816
2010-01-04,0.01560561,0.01118363,0.01308609
2010-01-05,0.00642817,0.00900491,0.00952058
2010-01-06,0.00933418,0.00367196,0.00440322
2010-01-07,-0.00264356,-0.00027045,-0.00111865
2010-01-08,0.00219255,0.00371109,0.00398952
2010-01-11,0.00857163,0.00937439,0.01030879
2010-01-12,-0.02138699,-0.01033065,-0.01425966
2010-01-13,0.00100271,0.00057120,-0.00028501
2010-01-14,0.01138558,0.01289412,0.01355398
2010-01-15,-0.00991763,-0.00083342,-0.00325702
2010-01-18,0.00291450,0.00239447,0.00330190
2010-01-19,0.01655279,0.00940941,0.01125607
2010-01-20,-0.01846813,-0.01044321,-0.01407167
2010-01-21,-0.02145073,-0.01128567,-0.01439906
2010-01-22,-0.01934001,-0.01339482,-0.01554278
2010-01-25,-0.00031365,-0.00051027,-0.00135425
2010-01-26,-0.00854285,-0.00665770,-0.00734115
2010-01-27,-0.01343692,-0.00762142,-0.00829948
2010-01-28,-0.00386392,-0.00227176,-0.00311377
2010-01-29,-0.00012300,0.00313406,0.00293808
2010-02-01,0.00495636,-0.00049962,-0.00144483
2010-02-02,0.00196157,-0.00093304,-0.00233979
2010-02-03,-0.00468784,-0.00691613,-0.00744242
2010-02-04,-0.00548185,0.00567701,0.00738393
2010-02-05,0.00291397,0.00677591,0.00802377
2010-02-08,-0.00194250,-0.00341780,-0.00369562
2010-02-09,-0.00323821,-0.00828517,-0.00946154
2010-02-10,-0.00455667,-0.00710843,-0.00726747
2010-02-11,-0.00205827,-0.00424605,-0.00524779
2010-02-12,0.00824915,0.01162133,0.01217568
2010-02-15,0.00148863,0.00100907,0.00135438
2010-02-16,-0.00258656,-0.00411799,-0.00528026
2010-02-17,-0.00302049,-0.00562275,-0.00616737
2010-02-18,0.00050553,-0.00388705,-0.00374132
2010-02-19,0.00180090,-0.00184715,-0.00159700
2010-02-22,-0.00271481,-0.00085448,-0.00055270
2010-02-23,0.00311569,0.01090564,0.01121196
2010-02-24,0.00208571,0.00359886,0.00441396
2010-02-25,0.00917672,0.01150215,0.01255886
2010-02-26,0.00031470,0.00056698,0.00024325
2010-03-01,0.00692965,0.00358350,0.00476209
2010-03-02,0.00567318,0.00470268,0.00488333
2010-03-03,-0.00235551,-0.00607968,-0.00585571
2010-03-04,0.00669594,0.00556721,0.00710157
2010-03-05,0.00174616,-0.00140847,-0.00061787
2010-03-08,0.00185452,-0.00198785,-0.00188070
2010-03-09,0.00395064,0.00502695,0.00543991
2010-03-10,-0.00471359,-0.00522391,-0.00502908
2010-03-11,-0.00221448,-0.00335315,-0.00366792
2010-03-12,0.00056969,0.00179455,0.00168168
2010-03-15,0.00351930,0.00502320,0.00453843
2010-03-16,0.01234303,0.01034290,0.01243977
2010-03-17,0.00488012,0.00278333,0.00380298
2010-03-18,0.00264009,0.00206233,0.00208386
2010-03-19,-0.00591559,-0.00401924,-0.00543468
2010-03-22,0.00101146,0.00426122,0.00427600
2010-03-23,0.00804061,0.00495733,0.00619090
2010-03-24,-0.01069132,-0.01200874,-0.01380629
2010-03-25,0.00101478,-0.00317984,-0.00353489
2010-03-26,-0.00137845,0.00159299,0.00107419
2010-03-29,0.01398244,0.00772641,0.01037269
2010-03-30,0.00110899,0.00121892,0.00231873
2010-03-31,0.01042696,0.00936583,0.00986289
2010-04-01,0.00885019,0.00165599,0.00467744
2010-04-02,0.00263220,-0.00015291,0.00007869
2010-04-05,0.00895177,-0.00137168,0.00218991
2010-04-06,0.00208245,0.00297680,0.00373973
2010-04-07,0.00190479,0.00724967,0.00668558
2010-04-08,-0.00047492,0.00202576,0.00040693
2010-04-09,0.00156752,-0.00012319,0.00212995
2010-04-12,0.00019025,0.00050014,0.00053111
2010-04-13,-0.00581368,-0.00333491,-0.00370644
2010-04-14,0.01412889,0.00933053,0.01292328
2010-04-15,0.00795353,0.00643542,0.00731774
2010-04-16,-0.02073523,-0.01234005,-0.01896418
2010-04-19,-0.00522991,-0.00063862,-0.00242470
2010-04-20,0.01534554,0.00885971,0.01281320
2010-04-21,0.00987630,0.00723614,0.00853437
2010-04-22,-0.00588765,-0.00699564,-0.00813786
2010-04-23,0.00442761,-0.00173623,0.00110858
2010-04-26,0.00923455,0.00834390,0.00995198
2010-04-27,-0.02114132,-0.01047346,-0.01675433
2010-04-28,-0.00531826,-0.00756971,-0.00902030
2010-04-29,0.01386641,0.01497847,0.01754970
2010-04-30,0.00494737,0.00296469,0.00305936
2010-05-03,-0.00138364,-0.00438631,-0.00298899
2010-05-04,-0.01782297,-0.00831263,-0.01538670
2010-05-05,-0.00643096,0.00194169,-0.00209584
2010-05-06,0.00037593,0.00939974,0.00614940
2010-05-07,-0.01618771,-0.01567580,-0.01872368
2010-05-10,-0.00158023,-0.00263193,-0.00175014
2010-05-11,0.00703866,0.00581722,0.00638650
2010-05-12,0.00752316,0.00592285,0.00717960
2010-05-13,0.00161812,0.00475547,0.00412092
2010-05-14,0.00439214,0.01264569,0.01226428
2010-05-17,-0.00936616,-0.00254884,-0.00231312
2010-05-18,0.00523845,0.00726395,0.00721153
2010-05-19,-0.00920460,-0.00193620,-0.00188815
2010-05-20,-0.00129932,0.00524020,0.00589092
2010-05-21,-0.00573447,-0.00381672,-0.00351322
2010-05-24,0.00491624,0.00447318,0.00364337
2010-05-25,0.01786360,0.01836932,0.01915811
2010-05-26,-0.00870787,-0.01198254,-0.01291557
2010-05-27,-0.03044815,-0.02911315,-0.02861608
2010-05-28,0.00901455,0.00915504,0.00830851
2010-05-31,0.00098809,0.00137421,0.00180270
2010-06-01,0.00643034,0.00540240,0.00549611
2010-06-02,-0.00283197,-0.00272505,-0.00225438
2010-06-03,-0.01256790,-0.01156745,-0.01311985
2010-06-04,0.03389705,0.03573144,0.03482859
2010-06-07,0.01211487,0.01037897,0.01069322
2010-06-08,0.00409630,0.00556300,0.00569189
2010-06-09,-0.01374989,-0.01334180,-0.01295004
2010-06-10,-0.02747908,-0.02653839,-0.02565610
2010-06-11,0.00723827,0.00830529,0.00752758
2010-06-14,-0.02190072,-0.02225988,-0.02108629
2010-06-15,-0.00708405,-0.00946207,-0.00907199
2010-06-16,-0.00483121,-0.00459458,-0.00564401
2010-06-17,0.00359861,0.00304257,0.00248243
2010-06-18,-0.00606690,-0.00601145,-0.00591757
2010-06-21,-0.00674698,-0.00507525,-0.00520002
2010-06-22,0.01295254,0.01530465,0.01573345
2010-06-23,0.00425753,0.00631987,0.00683389
2010-06-24,0.00715466,0.00508713,0.00617933
2010-06-25,-0.00210008,-0.00420524,-0.00332860
2010-06-28,0.00703626,0.00800021,0.00800550
2010-06-29,0.01175959,0.01288077,0.01339070
2010-06-30,-0.00694573,-0.00604110,-0.00761240
2010-07-01,-0.00948380,-0.00752917,-0.00809968
2010-07-02,-0.00778791,-0.00435773,-0.00422703
2010-07-05,0.00321592,0.00397575,0.00392935
2010-07-06,-0.00745780,-0.00368140,-0.00355015
2010-07-07,-0.01295683,-0.01183048,-0.01260068
2010-07-08,-0.01263876,-0.01094233,-0.01129235
2010-07-09,-0.00493718,-0.00434588,-0.00441827
2010-07-12,0.00800084,0.00943897,0.00987447
2010-07-13,-0.01325192,-0.01501951,-0.01542633
2010-07-14,0.00212513,0.00159385,0.00165736
2010-07-15,0.00448542,0.00428085,0.00378643
2010-07-16,0.00769429,0.00746333,0.00749420
2010-07-19,-0.00701420,-0.00742881,-0.00754171
2010-07-20,-0.00070270,0.00112774,0.00076219
2010-07-21,0.00700799,0.00807865,0.00825305
2010-07-22,-0.00585429,-0.00439248,-0.00487959
2010-07-23,-0.00838085,-0.00967527,-0.00937411
2010-07-26,-0.00591223,-0.00657765,-0.00685736
2010-07-27,-0.00816588,-0.00640859,-0.00632201
2010-07-28,0.00612446,0.00456528,0.00448572
2010-07-29,0.00636381,0.00559229,0.00529552
2010-07-30,0.01612915,0.01647284,0.01636666
2010-08-02,0.00215352,0.00136901,0.00118913
2010-08-03,0.00706380,0.00850744,0.00886396
2010-08-04,0.00023767,-0.00263559,-0.00263526
2010-08-05,0.00434111,0.00215426,0.00186726
2010-08-06,0.00517590,0.00667565,0.00682972
2010-08-09,-0.00064449,0.00184674,0.00242295
2010-08-10,-0.00444956,-0.00215779,-0.00301498
2010-08-11,0.00017664,0.00376450,0.00281314
2010-08-12,-0.00266727,0.00004474,-0.00063576
2010-08-13,0.00528882,0.00510095,0.00535327
2010-08-16,0.01566541,0.01518678,0.01630305
2010-08-17,-0.00319341,-0.00322629,-0.00298354
2010-08-18,0.00403051,0.00471757,0.00498693
2010-08-19,0.00114061,0.00032412,0.00027221
2010-08-20,0.00057747,0.00144457,0.00170938
2010-08-23,0.00389956,0.00406562,0.00482251
2010-08-24,0.00581541,0.00601628,0.00668710
2010-08-25,-0.00255900,-0.00270770,-0.00273647
2010-08-26,0.00531808,0.00244351,0.00239875
2010-08-27,-0.01217669,-0.01082526,-0.01213480
2010-08-30,0.01440083,0.01346819,0.01340064
2010-08-31,0.00785503,0.00916968,0.01052965
2010-09-01,-0.01293333,-0.01119870,-0.01196883
2010-09-02,-0.00234728,0.00019176,0.00003497
2010-09-03,-0.00704687,-0.00567056,-0.00548876
2010-09-06,0.00107737,0.00023668,0.00046808
2010-09-07,0.02114974,0.02082282,0.02084763
2010-09-08,-0.01030413,-0.00938128,-0.00956673
2010-09-09,-0.01149142,-0.01085124,-0.01064820
2010-09-10,-0.00673188,-0.00694304,-0.00824445
2010-09-13,0.01183231,0.01224722,0.01301515
2010-09-14,0.02103073,0.02148101,0.02310315
2010-09-15,-0.00672293,-0.00629306,-0.00642060
2010-09-16,-0.00505585,-0.00486855,-0.00462638
2010-09-17,0.01241310,0.01096211,0.01213268
2010-09-20,0.00690385,0.00627582,0.00750285
2010-09-21,0.00052695,0.00684871,0.00564593
2010-09-22,0.01225669,0.01454510,0.01670130
2010-09-23,0.00217936,0.00136256,0.00234072
2010-09-24,0.01508247,0.01154305,0.01375352
2010-09-27,0.01202041,0.01379154,0.01313988
2010-09-28,0.00361322,0.00513256,0.00483692
2010-09-29,-0.00053497,-0.00489926,-0.00390402
2010-09-30,-0.00900106,-0.01161998,-0.01222670
2010-10-01,-0.00426850,-0.00566043,-0.00461757
2010-10-04,-0.00397951,0.00011645,-0.00129750
2010-10-05,0.02535966,0.01974190,0.02455009
2010-10-06,0.02259586,0.02120859,0.02340480
2010-10-07,0.00482129,0.00769067,0.00617290
2010-10-08,0.02188405,0.01974805,0.02043413
2010-10-11,0.01367718,0.01131753,0.01207989
2010-10-12,-0.00417396,-0.00190651,-0.00322876
2010-10-13,0.02199301,0.01569956,0.02061709
2010-10-14,0.00910148,0.00640562,0.00715748
2010-10-15,-0.01279194,-0.01035250,-0.01186557
2010-10-18,0.00002580,-0.00314334,-0.00191547
2010-10-19,-0.03100978,-0.02331089,-0.02871276
2010-10-20,0.01664066,0.01029584,0.01219652
2010-10-21,-0.00564762,-0.00299398,-0.00447662
2010-10-22,0.00030420,-0.00046888,0.00034263
2010-10-25,0.02636893,0.02103773,0.02321934
2010-10-26,-0.01486249,-0.01731302,-0.01753363
2010-10-27,-0.02779868,-0.02643071,-0.03002591
2010-10-28,0.01857422,0.01583576,0.01785889
2010-10-29,0.00901146,0.01014762,0.01025729
2010-11-01,0.01917440,0.01588677,0.01772313
2010-11-02,0.01131323,0.00927620,0.01179432
2010-11-03,0.00343746,0.00655823,0.00536503
2010-11-04,0.05615679,0.04707221,0.05472239
2010-11-05,0.00915085,0.00489852,0.00651954
2010-11-08,-0.00208240,-0.00839992,-0.00798823
2010-11-09,0.00700815,-0.00013985,0.00078361
2010-11-10,-0.02040406,-0.01597623,-0.01793461
2010-11-11,-0.00850668,-0.00899605,-0.00814993
2010-11-12,-0.06086740,-0.04805578,-0.05409435
2010-11-15,-0.00556238,-0.01052706,-0.00955767
2010-11-16,-0.04791938,-0.03556927,-0.04270981
2010-11-17,-0.01247937,-0.00943022,-0.01043604
2010-11-18,0.03260999,0.02252032,0.02537856
2010-11-19,-0.00190320,-0.00460580,-0.00422647
2010-11-22,-0.00542780,-0.00202696,-0.00269304
2010-11-23,-0.01332041,-0.00821862,-0.01324192
2010-11-24,0.00950335,0.00172657,0.00412714
2010-11-25,0.00276604,0.00279841,0.00358299
2010-11-26,-0.01227081,-0.01050515,-0.01125183
2010-11-29,0.00075658,0.00063655,0.00021287
2010-11-30,0.00107908,0.00350117,0.00248807
2010-12-01,0.01846790,0.00682124,0.00722903
2010-12-02,0.01203886,0.00906680,0.01046805
2010-12-03,0.01019305,0.01191204,0.01206751
2010-12-06,0.00230353,0.00447973,0.00445972
2010-12-07,-0.00407400,-0.01038652,-0.01048630
2010-12-08,-0.01319584,-0.01625117,-0.01749751
2010-12-09,0.00522955,0.00449828,0.00479886
2010-12-10,0.00088539,-0.00083179,-0.00112552
2010-12-13,0.01555970,0.01466956,0.01485383
2010-12-14,0.00945230,0.00406665,0.00325726
2010-12-15,-0.01282468,-0.00969294,-0.01018538
2010-12-16,-0.00047503,0.00174484,0.00209076
2010-12-17,0.00441547,0.00918821,0.00952260
2010-12-20,0.00818776,0.00440518,0.00533779
2010-12-21,0.01380903,0.01047564,0.01339305
2010-12-22,0.00528905,0.00500269,0.00624889
2010-12-23,0.00588664,0.00442240,0.00489419
2010-12-24,-0.00076378,-0.00024538,-0.00064494
2010-12-27,0.00031524,-0.00014122,-0.00048699
2010-12-28,0.01327157,0.00846827,0.00931743
2010-12-29,0.00501633,0.00775512,0.00885713
2010-12-30,-0.00719160,-0.00349768,-0.00440648
2010-12-31,0.01450504,0.01542146,0.01775529
2011-01-03,0.00738728,0.00515627,0.00812317
2011-01-04,-0.02618953,-0.01994143,-0.02411669
2011-01-05,0.00146550,-0.00533578,-0.00638047
2011-01-06,-0.01045237,-0.00918897,-0.00969394
2011-01-07,-0.01347564,-0.00405872,-0.00689804
2011-01-10,0.00862788,0.00614672,0.00802355
2011-01-11,0.01937801,0.01036848,0.01487376
2011-01-12,0.02846205,0.01650628,0.02219348
2011-01-13,-0.00034938,-0.00103905,-0.00107376
2011-01-14,-0.00418522,-0.00564540,-0.00445165
2011-01-17,-0.00392533,-0.00245434,-0.00298492
2011-01-18,0.01876602,0.01184097,0.01464521
2011-01-19,-0.00593650,-0.00246998,-0.00415273
2011-01-20,-0.01793206,-0.02181923,-0.02750631
2011-01-21,0.00557458,0.00593104,0.00845997
2011-01-24,0.00649500,0.01025873,0.01053478
2011-01-25,-0.02359147,-0.01177604,-0.01589461
2011-01-26,0.02539150,0.01625930,0.02103870
2011-01-27,0.01005145,0.00734210,0.00896022
2011-01-28,-0.01123943,-0.00981078,-0.01090279
2011-01-31,0.01964450,0.01130215,0.01514693
2011-02-01,0.02777983,0.02022665,0.02691027
2011-02-02,0.00931740,0.00356502,0.00527831
2011-02-03,-0.00517447,-0.00420954,-0.00413364
2011-02-04,-0.00090498,-0.00573789,-0.00807607
2011-02-07,0.00279925,0.00630492,0.00676689
2011-02-08,0.01095882,0.00340863,0.00593136
2011-02-09,0.00987490,0.00482386,0.00606653
2011-02-10,-0.00236965,-0.00449386,-0.00712167
2011-02-11,-0.00945220,-0.00414297,-0.00511548
2011-02-14,0.01183178,0.00752991,0.01153105
2011-02-15,-0.01396871,-0.01106576,-0.01378681
2011-02-16,0.01057469,0.01492069,0.01798072
2011-02-17,0.01017100,0.01477799,0.01601579
2011-02-18,0.01139892,0.00499672,0.00655940
2011-02-21,-0.00031714,0.00042569,-0.00020488
2011-02-22,-0.03595493,-0.02527368,-0.02864468
2011-02-23,-0.00952812,-0.00762413,-0.00721828
2011-02-24,0.00097523,0.00161673,0.00314657
2011-02-25,0.01790760,0.01590778,0.01977202
2011-02-28,0.01438154,0.01324635,0.01512592
2011-03-01,0.00788637,0.00528780,0.00723058
2011-03-02,0.00774067,0.00264729,0.00411936
2011-03-03,0.01631564,0.00230284,0.00409379
2011-03-04,0.00095657,0.00286695,0.00389550
2011-03-07,-0.00466620,-0.00506959,-0.00748380
2011-03-08,-0.00826513,-0.00665115,-0.00780010
2011-03-09,0.00111694,0.00172926,0.00183885
2011-03-10,-0.02531788,-0.01834215,-0.02235649
2011-03-11,-0.01532448,-0.00825591,-0.00911181
2011-03-14,-0.01025457,-0.00895951,-0.01023640
2011-03-15,-0.05636596,-0.04136728,-0.04877926
2011-03-16,-0.01408346,-0.00459378,-0.00575375
2011-03-17,0.01974266,0.01153963,0.01582363
2011-03-18,0.01454336,0.01279740,0.01469588
2011-03-21,0.01354430,0.00842600,0.01036292
2011-03-22,0.00090422,0.00072309,0.00100149
2011-03-23,-0.00143310,-0.00247110,-0.00286821
2011-03-24,0.00668119,0.00615478,0.00648482
2011-03-25,-0.00187839,-0.00584741,-0.00699014
2011-03-28,-0.00922169,-0.00943779,-0.01033811
2011-03-29,0.00210189,0.00224418,0.00283304
2011-03-30,0.00328985,0.00313033,0.00369728
2011-03-31,0.01848656,0.01288127,0.01524444
2011-04-01,0.00275249,0.00182931,0.00301287
2011-04-04,0.00639455,0.00708989,0.00879437
2011-04-05,0.00746150,0.00342322,0.00396875
2011-04-06,0.00743067,0.00561391,0.00783256
2011-04-07,0.00002850,0.00112695,0.00131337
2011-04-08,0.02476953,0.01655066,0.02066534
2011-04-11,-0.00088892,-0.00037147,-0.00092872
2011-04-12,-0.03680005,-0.02273339,-0.02824634
2011-04-13,0.00600631,0.00713051,0.00769375
2011-04-14,0.00678216,0.00474546,0.00556489
2011-04-15,0.00700425,0.01011258,0.01121591
2011-04-18,-0.01789146,-0.01187308,-0.01649864
2011-04-19,0.00127264,0.00063819,0.00023006
2011-04-20,0.02830879,0.02465393,0.03034474
2011-04-21,0.01290707,0.01398071,0.01568983
2011-04-22,-0.00005286,0.00001311,0.00002909
2011-04-25,0.00554925,0.00652086,0.00641362
2011-04-26,-0.00427020,-0.00026177,-0.00018889
2011-04-27,0.01155352,0.00650243,0.00865148
2011-04-28,0.01040926,0.01058375,0.01243573
2011-04-29,0.01442758,0.01272320,0.01442904
2011-05-02,-0.00430665,-0.00346265,-0.00233681
2011-05-03,-0.01790208,-0.01327887,-0.01636078
2011-05-04,-0.02508655,-0.02079500,-0.02369444
2011-05-05,-0.05746848,-0.03745737,-0.04603292
2011-05-06,-0.01710763,-0.01130093,-0.01014407
2011-05-09,0.01314825,0.01236761,0.01423176
2011-05-10,0.00805584,0.00928326,0.01099380
2011-05-11,-0.01315491,-0.01133567,-0.01220371
2011-05-12,-0.00932145,-0.00812496,-0.00831657
2011-05-13,-0.00497124,-0.00595178,-0.00750877
2011-05-16,-0.00758043,-0.00588475,-0.00785614
2011-05-17,0.00024023,0.00109757,0.00033650
2011-05-18,0.00324930,0.00282436,0.00337099
2011-05-19,0.00728771,0.00884909,0.00971603
2011-05-20,0.00285098,0.00433335,0.00437418
2011-05-23,-0.01027384,-0.01033362,-0.01243635
2011-05-24,0.00204579,0.00404297,0.00456530
2011-05-25,-0.00002873,0.00306400,0.00290034
2011-05-26,0.01218976,0.01409792,0.01547884
2011-05-27,0.00839017,0.01239603,0.01301259
2011-05-30,0.00034290,0.00046453,0.00037121
2011-05-31,0.00229588,0.00412273,0.00468334
2011-06-01,0.00258854,0.00211975,0.00198317
2011-06-02,-0.00375233,-0.00041100,-0.00130810
2011-06-03,0.00386828,0.00199628,0.00249232
2011-06-06,-0.00422528,-0.00336933,-0.00410455
2011-06-07,0.00021894,-0.00314544,-0.00330826
2011-06-08,0.00004606,-0.00106665,-0.00123499
2011-06-09,0.00248357,0.00408891,0.00533974
2011-06-10,-0.00369282,-0.00090668,-0.00146599
2011-06-13,-0.00601745,-0.00283349,-0.00401164
2011-06-14,-0.00887010,-0.00898878,-0.01037187
2011-06-15,-0.00809534,-0.00866264,-0.01025199
2011-06-16,0.00141959,0.00421535,0.00489007
2011-06-17,-0.00013771,0.00209230,0.00208665
2011-06-20,-0.00373409,-0.00383139,-0.00471150
2011-06-21,0.00192212,0.00217380,0.00141506
2011-06-22,0.00100286,-0.00008915,-0.00004911
2011-06-23,0.00015746,0.00448294,0.00439823
2011-06-24,-0.00088584,-0.00134516,-0.00181268
2011-06-27,-0.00865152,-0.00867260,-0.00987970
2011-06-28,-0.00843910,-0.00755468,-0.00880546
2011-06-29,-0.00540590,-0.00603784,-0.00701003
2011-06-30,-0.00968733,-0.01011838,-0.01196060
2011-07-01,-0.00195576,-0.00117008,-0.00136270
2011-07-04,-0.00166647,-0.00185232,-0.00212339
2011-07-05,0.00392383,0.00380201,0.00392843
2011-07-06,0.00697223,0.00785904,0.00872111
2011-07-07,0.00416629,0.00217615,0.00300072
2011-07-08,0.00716139,0.01483061,0.01510161
2011-07-11,0.00412854,0.00447967,0.00380346
2011-07-12,-0.00207768,0.00039502,-0.00002669
2011-07-13,0.00505350,0.00599937,0.00750335
2011-07-14,-0.00093536,-0.00097562,-0.00049768
2011-07-15,0.00255026,0.00257083,0.00171084
2011-07-18,0.00289299,0.00163289,0.00130045
2011-07-19,0.00070191,0.00283500,0.00412928
2011-07-20,-0.00474919,-0.00308466,-0.00154260
2011-07-21,-0.00419408,-0.00357164,-0.00248129
2011-07-22,0.00807586,0.00981813,0.01004067
2011-07-25,0.00452513,0.00251431,0.00137321
2011-07-26,0.01180699,0.01229345,0.01473833
2011-07-27,-0.00150111,-0.00009308,-0.00182137
2011-07-28,-0.00324746,-0.00307946,-0.00301132
2011-07-29,0.01007822,0.01044788,0.01043479
2011-08-01,0.00190898,0.00530784,0.00400538
2011-08-02,0.00774856,0.00725994,0.00603049
2011-08-03,-0.00051061,-0.00168306,-0.00366203
2011-08-04,-0.01175605,-0.00831646,-0.01466805
2011-08-05,-0.00924341,-0.01090268,-0.01256442
2011-08-08,0.01853231,0.01389959,0.01425423
2011-08-09,0.00125392,0.00044679,0.00062955
2011-08-10,0.02081009,0.02125453,0.02088575
2011-08-11,-0.01105414,-0.00827480,-0.00879516
2011-08-12,-0.00612996,-0.00497871,-0.00422912
2011-08-15,-0.01107228,-0.01004916,-0.00896867
2011-08-16,0.00956617,0.00930321,0.00875284
2011-08-17,0.00421518,0.00678070,0.00624422
2011-08-18,0.02052187,0.01722588,0.01582960
2011-08-19,0.01297569,0.00977608,0.00840646
2011-08-22,0.00624157,0.00336770,0.00371180
2011-08-23,-0.01525924,-0.01062291,-0.01027211
2011-08-24,-0.01979209,-0.01646732,-0.01548975
2011-08-25,-0.00375313,-0.00288836,-0.00320085
2011-08-26,0.00960398,0.00883862,0.00796308
2011-08-29,-0.01045339,-0.01081641,-0.00797954
2011-08-30,0.00391161,0.00425604,0.00369328
2011-08-31,-0.01367630,-0.01077231,-0.00978362
2011-09-01,-0.00040210,0.00159382,0.00070187
2011-09-02,0.02741242,0.02371930,0.02018461
2011-09-05,0.01976148,0.01542938,0.01134912
2011-09-06,-0.00513184,-0.00482824,-0.00573610
2011-09-07,-0.02098869,-0.01528680,-0.01058835
2011-09-08,0.00351500,0.00344902,0.00241789
2011-09-09,0.01350179,0.00921246,0.00554057
2011-09-12,0.00265353,-0.00175791,-0.00371039
2011-09-13,-0.01296877,-0.00955025,-0.00823814
2011-09-14,-0.00421761,-0.00514334,-0.00403529
2011-09-15,-0.02107435,-0.01502946,-0.01106978
2011-09-16,-0.00119155,-0.00052341,-0.00088464
2011-09-19,0.01840068,0.01344325,0.01091743
2011-09-20,0.00279790,0.00121838,0.00098234
2011-09-21,0.00556881,0.00223352,0.00079549
2011-09-22,0.02608572,0.01757094,0.01414825
2011-09-23,-0.00988132,-0.00491514,-0.00115486
2011-09-26,-0.01101463,-0.01274093,-0.01029353
2011-09-27,-0.03889379,-0.02933333,-0.02489490
2011-09-28,0.01090401,0.00756780,0.00781221
2011-09-29,-0.00146503,0.00037484,0.00091234
2011-09-30,0.01949413,0.01519134,0.01255618
2011-10-03,0.03131085,0.02459431,0.02112253
2011-10-04,0.01257296,0.01093591,0.00931436
2011-10-05,-0.02311937,-0.01409534,-0.00984752
2011-10-06,-0.03287942,-0.02514273,-0.02147883
2011-10-07,-0.00722043,-0.00479042,-0.00274907
2011-10-10,-0.02770789,-0.02043272,-0.01664362
2011-10-11,-0.00273947,-0.00067838,0.00032931
2011-10-12,-0.01844124,-0.01422478,-0.01212591
2011-10-13,0.00554566,0.00485230,0.00382989
2011-10-14,-0.01719548,-0.01247636,-0.01094643
2011-10-17,0.00944991,0.00854088,0.00753037
2011-10-18,0.01159027,0.01203407,0.01073854
2011-10-19,0.00088160,-0.00144174,-0.00192412
2011-10-20,0.01349638,0.01084747,0.00858646
2011-10-21,-0.01475855,-0.01377413,-0.01053227
2011-10-24,-0.01744807,-0.01459534,-0.01134790
2011-10-25,0.00307930,0.00365822,0.00271563
2011-10-26,-0.00414610,-0.00219231,-0.00176552
2011-10-27,-0.02483013,-0.02137239,-0.01686621
2011-10-28,-0.00320715,-0.00535713,-0.00464631
2011-10-31,0.01216707,0.01280763,0.00865098
2011-11-01,0.01740845,0.01732559,0.01602504
2011-11-02,-0.00026426,-0.00069542,-0.00041353
2011-11-03,-0.00305650,-0.00135125,-0.00116380
2011-11-04,0.00268616,0.00213039,0.00210843
2011-11-07,0.00483784,0.00328173,0.00292840
2011-11-08,-0.00029234,0.00020883,0.00082124
2011-11-09,0.00935123,0.00422614,0.00301499
2011-11-10,0.00135659,0.00419324,0.00533578
2011-11-11,-0.00459565,-0.00285631,-0.00133452
2011-11-14,0.00599291,0.00338206,0.00207414
2011-11-15,0.00361793,0.00313895,0.00249505
2011-11-16,0.00342534,0.00370777,0.00348715
2011-11-17,-0.00486886,-0.00736255,-0.00700607
2011-11-18,-0.00126494,-0.00135063,-0.00064322
2011-11-21,0.00418732,0.00256629,0.00123886
2011-11-22,0.00532825,0.00434617,0.00443740
2011-11-23,0.00359394,0.00097551,-0.00079031
2011-11-24,-0.00024630,0.00000036,0.00048227
2011-11-25,-0.00090211,-0.00421635,-0.00433575
2011-11-28,-0.01053159,-0.00456136,-0.00232971
2011-11-29,-0.00975713,-0.00785158,-0.00664268
2011-11-30,-0.01388190,-0.00859486,-0.00496610
2011-12-01,-0.01170514,-0.00998730,-0.00933514
2011-12-02,0.00513131,0.00412241,0.00421664
2011-12-05,-0.00397465,0.00143108,0.00171327
2011-12-06,0.00124640,0.00183054,0.00198071
2011-12-07,0.00662172,0.00434814,0.00387683
2011-12-08,0.00760826,0.00752724,0.00572242
2011-12-09,0.00325473,0.00285822,0.00402411
2011-12-12,0.00822322,0.00664126,0.00544810
2011-12-13,0.00105417,0.00229677,0.00195347
2011-12-14,0.01742234,0.01241296,0.01112153
2011-12-15,0.00679620,0.00710183,0.00668565
2011-12-16,-0.00104623,-0.00013558,-0.00040972
2011-12-19,-0.00062193,0.00154051,0.00136334
2011-12-20,-0.01892335,-0.01469413,-0.01467843
2011-12-21,-0.00892047,-0.00894317,-0.00917236
2011-12-22,-0.00092124,-0.00021264,-0.00064001
2011-12-23,-0.00428152,-0.00468476,-0.00450786
2011-12-26,-0.00010677,-0.00045259,-0.00060023
2011-12-27,-0.00231576,-0.00120960,-0.00309390
2011-12-28,0.01506203,0.01364350,0.01287928
2011-12-29,0.01497356,0.01335686,0.01255764
2011-12-30,-0.00949886,-0.00609623,-0.00587340
2012-01-02,-0.00358362,-0.00281737,-0.00235921
2012-01-03,-0.01928463,-0.01294555,-0.01388649
2012-01-04,-0.00138591,-0.00195067,-0.00147653
2012-01-05,0.01495333,0.01083305,0.01164698
2012-01-06,0.00765005,0.00769070,0.00833307
2012-01-09,-0.00532176,-0.00417360,-0.00456067
2012-01-10,-0.01459671,-0.01296773,-0.01223988
2012-01-11,0.00643045,0.00780087,0.00863529
2012-01-12,-0.00153990,-0.00095159,-0.00150430
2012-01-13,0.01120220,0.01097437,0.01127960
2012-01-16,0.00412063,0.00493540,0.00544578
2012-01-17,-0.00307876,-0.00129550,-0.00102225
2012-01-18,-0.00531228,-0.00539122,-0.00572550
2012-01-19,-0.00913145,-0.00903162,-0.01017832
2012-01-20,-0.00882166,-0.01018254,-0.01113731
2012-01-23,-0.01257480,-0.01101722,-0.01107459
2012-01-24,-0.00597730,-0.00661291,-0.00676733
2012-01-25,0.00302159,0.00319277,0.00397968
2012-01-26,0.00881452,0.01081493,0.01206477
2012-01-27,-0.00056733,0.00054533,0.00094342
2012-01-30,0.00508391,0.00527574,0.00539911
2012-01-31,0.00849853,0.00948945,0.00985701
2012-02-01,0.00476140,0.00285383,0.00378697
2012-02-02,-0.00245220,-0.00224529,-0.00191737
2012-02-03,-0.00340552,-0.00457461,-0.00375478
2012-02-06,0.00168917,0.00254607,0.00285025
2012-02-07,-0.00141832,-0.00402849,-0.00376818
2012-02-08,0.00024395,-0.00035129,-0.00008179
2012-02-09,-0.00065925,-0.00156199,-0.00096341
2012-02-10,-0.00468129,-0.00094585,-0.00305851
2012-02-13,0.00446402,0.00382591,0.00484785
2012-02-14,-0.00132925,-0.00099103,-0.00061699
2012-02-15,0.00718497,0.00742558,0.00998159
2012-02-16,-0.00060955,-0.00179268,-0.00090279
2012-02-17,0.00020641,-0.00232398,-0.00100380
2012-02-20,0.00378583,0.00360052,0.00502281
2012-02-21,0.00249682,0.00071825,0.00177592
2012-02-22,0.00460877,0.00470457,0.00579934
2012-02-23,0.00697514,0.00788260,0.00943582
2012-02-24,0.00760631,0.00895860,0.01094958
2012-02-27,0.00363162,0.00769034,0.00702765
2012-02-28,0.00596804,0.00599119,0.00598606
2012-02-29,-0.00876148,-0.00864659,-0.01009782
2012-03-01,0.00630302,0.00398337,0.00524953
2012-03-02,0.00592294,0.00611169,0.00659701
2012-03-05,-0.01505636,-0.01346729,-0.01778349
2012-03-06,-0.02450807,-0.01843723,-0.02581440
2012-03-07,0.00836859,0.00890378,0.01051440
2012-03-08,0.01581760,0.01511024,0.01943594
2012-03-09,0.00523554,0.00179114,0.00316398
2012-03-12,0.00025024,-0.00061660,-0.00113180
2012-03-13,0.00525118,0.00227604,0.00462737
2012-03-14,-0.01437095,-0.02218133,-0.02403062
2012-03-15,-0.00101092,0.00007996,-0.00077940
2012-03-16,-0.00206108,-0.00194761,-0.00138782
2012-03-19,0.00183133,0.00102716,0.00201041
2012-03-20,-0.00961645,-0.00803561,-0.01109816
2012-03-21,-0.00247157,0.00074553,0.00038204
2012-03-22,-0.00573709,-0.00267560,-0.00571557
2012-03-23,0.00362911,0.00423419,0.00517992
2012-03-26,0.00903001,0.00711457,0.00861662
2012-03-27,0.00283526,0.00435443,0.00485777
2012-03-28,-0.00627880,-0.00547688,-0.00812224
2012-03-29,-0.00199485,0.00173562,-0.00062192
2012-03-30,0.00133550,0.00129787,0.00116445
2012-04-02,0.00546130,0.00536552,0.00763504
2012-04-03,0.00096855,-0.00341953,-0.00293630
2012-04-04,-0.00938545,-0.00850455,-0.01125750
2012-04-05,0.00022202,0.00262941,0.00200544
2012-04-06,-0.00456619,-0.00160937,-0.00195999
2012-04-09,-0.00317946,-0.00342182,-0.00444558
2012-04-10,-0.00228778,-0.00242478,-0.00446666
2012-04-11,-0.00485633,-0.00457582,-0.00620428
2012-04-12,0.00226801,0.00479088,0.00584848
2012-04-13,0.00294466,0.00199169,0.00298287
2012-04-16,-0.00504450,-0.00638232,-0.00764251
2012-04-17,0.00036858,0.00344893,0.00314425
2012-04-18,0.00187619,0.00135122,0.00142801
2012-04-19,0.00058153,-0.00041342,-0.00081012
2012-04-20,-0.00375373,-0.00333002,-0.00371804
2012-04-23,0.00185772,-0.00049644,0.00023801
2012-04-24,-0.00254250,-0.00051243,-0.00100291
2012-04-25,0.00067240,0.00188060,0.00303705
2012-04-26,0.00530517,0.00634541,0.00714507
2012-04-27,-0.00021345,0.00087564,0.00133935
2012-04-30,-0.00116294,-0.00159864,-0.00165487
2012-05-01,-0.00354342,-0.00362400,-0.00379545
2012-05-02,0.00702985,0.00690356,0.00715121
2012-05-03,-0.00211036,-0.00397455,-0.00434359
2012-05-04,-0.00055864,-0.00233132,-0.00413666
2012-05-07,-0.00519368,-0.00600870,-0.00734242
2012-05-08,0.00500974,0.00161751,0.00207637
2012-05-09,-0.00007344,-0.00231600,-0.00142743
2012-05-10,-0.00021458,-0.00023453,0.00055670
2012-05-11,0.00617984,0.00308329,0.00448429
2012-05-14,0.00936802,0.00598303,0.00773537
2012-05-15,-0.00161088,-0.00367922,-0.00320246
2012-05-16,0.00387865,-0.00111600,0.00016512
2012-05-17,-0.00413252,-0.00736806,-0.00864006
2012-05-18,0.00013328,-0.00470910,-0.00391257
2012-05-21,-0.01203191,-0.00544996,-0.00815968
2012-05-22,0.00192898,0.00028773,0.00096443
2012-05-23,0.03318059,0.02325319,0.02841928
2012-05-24,0.00089995,0.00236525,0.00292290
2012-05-25,-0.00157883,0.00062527,0.00033114
2012-05-28,-0.00370355,-0.00140373,-0.00219746
2012-05-29,-0.00070924,0.00477428,0.00460897
2012-05-30,0.03617704,0.02577162,0.03038354
2012-05-31,0.01264507,0.00945396,0.01054031
2012-06-01,0.02298345,0.01594360,0.01883941
2012-06-04,-0.00390837,-0.00685306,-0.00669026
2012-06-05,-0.00895417,-0.00649833,-0.00749671
2012-06-06,-0.04373798,-0.02877021,-0.03396771
2012-06-07,-0.01090354,-0.00611716,-0.00687765
2012-06-08,0.01715552,0.01353595,0.01650754
2012-06-11,-0.01254345,-0.00911926,-0.01199636
2012-06-12,-0.00051988,-0.00316282,-0.00235457
2012-06-13,-0.00514546,-0.00470645,-0.00601714
2012-06-14,-0.01108484,-0.01154008,-0.01247620
2012-06-15,-0.00355951,0.00368944,0.00247695
2012-06-18,-0.00368001,-0.00250174,-0.00251030
2012-06-19,-0.01229529,-0.00640209,-0.00804053
2012-06-20,0.00195385,0.00005687,-0.00001843
2012-06-21,0.02554020,0.01492487,0.01882840
2012-06-22,0.00103148,-0.00119998,0.00044658
2012-06-25,0.00503917,0.00572414,0.00637861
2012-06-26,-0.00640223,-0.00415710,-0.00466318
2012-06-27,-0.00406183,-0.00054356,-0.00040754
2012-06-28,0.01126450,0.00673763,0.00858933
2012-06-29,-0.04677848,-0.03343258,-0.04117934
2012-07-02,-0.00057644,0.00688433,0.00658001
2012-07-03,-0.01444087,-0.01016204,-0.01279890
2012-07-04,-0.00152306,0.00107148,0.00026210
2012-07-05,0.01451242,0.01336850,0.01477321
2012-07-06,0.01259627,0.01250924,0.01398917
2012-07-09,0.00521819,0.00600703,0.00692330
2012-07-10,0.00313322,0.00371103,0.00418122
2012-07-11,-0.00214124,-0.00134277,-0.00132432
2012-07-12,0.00671625,0.00512015,0.00525057
2012-07-13,-0.00435086,-0.00069323,-0.00175438
2012-07-16,0.01182807,0.01442668,0.01471185
2012-07-17,-0.00269286,-0.00069888,-0.00194753
2012-07-18,0.00468712,0.00431117,0.00464062
2012-07-19,-0.00640575,-0.00411239,-0.00549923
2012-07-20,0.01055941,0.00853725,0.00977640
2012-07-23,0.00468973,-0.00033396,0.00118712
2012-07-24,-0.00582092,-0.00820239,-0.00770087
2012-07-25,-0.00140526,-0.00129943,-0.00141653
2012-07-26,-0.01246326,-0.00808392,-0.00940480
2012-07-27,-0.01490869,-0.01042855,-0.01228327
2012-07-30,0.00659694,0.00801464,0.00789533
2012-07-31,0.00189664,0.00413021,0.00365888
2012-08-01,-0.00356222,-0.00442513,-0.00455371
2012-08-02,0.00934411,0.00924946,0.01179092
2012-08-03,-0.01239535,-0.00813580,-0.01030440
2012-08-06,-0.00323084,-0.00193294,-0.00208998
2012-08-07,-0.01005446,-0.01016579,-0.01187984
2012-08-08,-0.00113206,-0.00107044,-0.00149836
2012-08-09,0.00340341,0.00476782,0.00415587
2012-08-10,0.00890192,0.00996561,0.01156145
2012-08-13,-0.00418922,-0.00408155,-0.00332839
2012-08-14,-0.00618145,-0.00681612,-0.00765331
2012-08-15,-0.00269663,-0.00345587,-0.00357880
2012-08-16,-0.00167498,0.00020118,-0.00055011
2012-08-17,-0.00321632,-0.00182710,-0.00414880
2012-08-20,0.00329058,0.00372992,0.00387524
2012-08-21,0.00110118,0.00261816,0.00175806
2012-08-22,-0.00038011,0.00137299,0.00081075
2012-08-23,-0.00454774,-0.00188274,-0.00294025
2012-08-24,-0.00122715,-0.00157122,-0.00161247
2012-08-27,0.00130208,0.00198328,0.00256013
2012-08-28,-0.00429185,-0.00346893,-0.00388775
2012-08-29,-0.00011310,-0.00287805,-0.00335984
2012-08-30,-0.00070887,-0.00008415,-0.00102718
2012-08-31,0.00452540,0.00458394,0.00602954
2012-09-03,0.00416552,0.00339107,0.00471998
2012-09-04,-0.00115307,-0.00426923,-0.00539207
2012-09-05,-0.00607464,-0.00644404,-0.00736241
2012-09-06,0.00198419,0.00021208,0.00128906
2012-09-07,0.00133052,0.00720569,0.00847470
2012-09-10,-0.00560563,-0.00636096,-0.00785858
2012-09-11,-0.00146649,-0.00168699,-0.00122057
2012-09-12,-0.00080870,-0.00178599,-0.00186143
2012-09-13,0.00969835,0.00761134,0.01038950
2012-09-14,0.00841209,0.00619917,0.00817851
2012-09-17,-0.01474096,-0.01201049,-0.01591133
2012-09-18,-0.01319404,-0.00984620,-0.01274707
2012-09-19,0.00505771,0.00596570,0.00609183
2012-09-20,-0.01059992,-0.01095558,-0.01315874
2012-09-21,0.00556326,0.00492132,0.00697544
2012-09-24,-0.00973228,-0.00670112,-0.00885753
2012-09-25,-0.00285771,-0.00156464,-0.00243124
2012-09-26,-0.00905103,-0.00585875,-0.00848887
2012-09-27,0.00662930,0.00497039,0.00729866
2012-09-28,-0.00126140,-0.00027349,-0.00090503
2012-10-01,0.00036854,-0.00204156,-0.00173722
2012-10-02,0.00005199,-0.00096808,-0.00061863
2012-10-03,-0.00520444,-0.00522965,-0.00787742
2012-10-04,0.00803203,0.00587113,0.00734950
2012-10-05,-0.00250699,-0.00010855,0.00025742
2012-10-08,-0.00411226,-0.00272845,-0.00373914
2012-10-09,-0.00669171,-0.00651785,-0.00900587
2012-10-10,-0.00445794,-0.00384719,-0.00445590
2012-10-11,0.00588149,0.00420943,0.00561077
2012-10-12,-0.00186250,0.00050806,0.00012417
2012-10-15,-0.00685838,-0.00436747,-0.00584880
2012-10-16,0.00105786,-0.00000336,0.00083767
2012-10-17,0.00276771,-0.00038539,0.00017954
2012-10-18,-0.00513397,-0.00574104,-0.00715526
2012-10-19,-0.00922636,-0.00743950,-0.01125606
2012-10-22,-0.00538927,-0.00418801,-0.00629988
2012-10-23,-0.00928864,-0.01061093,-0.01440879
2012-10-24,-0.00081912,0.00037209,-0.00042644
2012-10-25,-0.00026722,-0.00191907,-0.00168157
2012-10-26,0.00041831,0.00315585,0.00291300
2012-10-29,-0.00006353,-0.00015483,0.00000097
2012-10-30,0.00234642,0.00344772,0.00442686
2012-10-31,0.00132921,0.00154365,0.00168274
2012-11-01,0.00286980,0.00392340,0.00480889
2012-11-02,-0.00262384,-0.00104054,-0.00198607
2012-11-05,-0.00078411,-0.00178432,-0.00205701
2012-11-06,0.00128383,0.00283002,0.00277611
2012-11-07,0.00458224,0.00634871,0.00771463
2012-11-08,-0.00414211,-0.00714890,-0.00823361
2012-11-09,-0.00098960,-0.00013791,-0.00051994
2012-11-12,-0.00260082,-0.00212891,-0.00274298
2012-11-13,-0.00075417,-0.00225834,-0.00290842
2012-11-14,-0.00140257,-0.00259807,-0.00317963
2012-11-15,0.00014947,0.00142882,0.00084774
2012-11-16,0.00007272,0.00003705,-0.00015660
2012-11-19,-0.00634323,-0.00074938,-0.00280151
2012-11-20,-0.00037633,-0.00041488,-0.00106415
2012-11-21,-0.00187274,-0.00380587,-0.00391468
2012-11-22,0.00022602,0.00019010,-0.00014567
2012-11-23,0.00076509,0.00031748,0.00063324
2012-11-26,0.00212138,0.00432699,0.00503583
2012-11-27,-0.00046110,0.00034388,-0.00013310
2012-11-28,0.00358433,0.00500324,0.00642074
2012-11-29,0.00002208,0.00221969,0.00160458
2012-11-30,0.00212355,0.00377914,0.00413750
2012-12-03,-0.00279666,-0.00134693,-0.00241613
2012-12-04,0.00006092,0.00144328,0.00140611
2012-12-05,0.00169757,-0.00016142,0.00001634
2012-12-06,0.00242035,0.00175119,0.00254606
2012-12-07,-0.00044738,-0.00149831,-0.00240962
2012-12-10,-0.00013958,-0.00016676,0.00074213
2012-12-11,-0.00086846,-0.00206770,-0.00172316
2012-12-12,0.00189451,0.00158995,0.00229219
2012-12-13,-0.00366974,-0.00388765,-0.00582660
2012-12-14,0.00132203,0.00254422,0.00342759
2012-12-17,-0.00380799,-0.00583425,-0.00750435
2012-12-18,-0.00008902,-0.00285948,-0.00327629
2012-12-19,0.00429064,0.00516930,0.00608898
2012-12-20,-0.00302763,-0.00194969,-0.00321961
2012-12-21,-0.00823079,-0.00557336,-0.00902438
2012-12-24,0.00002111,-0.00065858,-0.00107622
2012-12-25,0.00162006,0.00156674,0.00154275
2012-12-26,0.00418263,0.00392846,0.00446772
2012-12-27,0.00599875,0.00761474,0.00966960
2012-12-28,-0.00098757,-0.00004083,-0.00166430
2012-12-31,0.00345650,0.00225618,0.00262399
2013-01-01,0.00009044,0.00011460,0.00020883
2013-01-02,0.00593881,0.00193050,0.00395250
2013-01-03,-0.00556589,-0.00857412,-0.01143592
2013-01-04,0.00763845,0.00342287,0.00277108
2013-01-07,-0.00514696,-0.00285964,-0.00334769
2013-01-08,-0.00389454,-0.00038549,-0.00054228
2013-01-09,0.00443995,0.00697562,0.00754003
2013-01-10,0.00671119,0.00412953,0.00646889
2013-01-11,-0.00177998,-0.00394319,-0.00618690
2013-01-14,-0.00071687,0.00107575,0.00078924
2013-01-15,-0.00606197,-0.00581596,-0.00855991
2013-01-16,-0.00603095,-0.00401542,-0.00438155
2013-01-17,0.00459266,-0.00062262,0.00040721
2013-01-18,0.00221853,0.00431319,0.00330586
2013-01-21,-0.00113526,-0.00181615,-0.00098763
2013-01-22,0.00321272,0.00358894,0.00610730
2013-01-23,-0.00498539,-0.00207925,-0.00275050
2013-01-24,0.00696846,0.00605153,0.00678720
2013-01-25,0.01207253,0.00312272,0.00583161
2013-01-28,-0.00248027,-0.00459442,-0.00513747
2013-01-29,0.00867067,0.00918049,0.01212886
2013-01-30,0.00276561,0.00122210,0.00156672
2013-01-31,-0.00117317,-0.00012838,-0.00015397
2013-02-01,0.01234315,0.00989660,0.01360336
2013-02-04,-0.00825699,-0.00127785,-0.00489910
2013-02-05,-0.00246230,-0.00460471,-0.00440005
2013-02-06,0.00737246,0.00758744,0.00791122
2013-02-07,-0.00812676,-0.00698092,-0.00960638
2013-02-08,-0.00335557,-0.00101177,0.00024658
2013-02-11,0.00486054,0.00371650,0.00539446
2013-02-12,0.00865127,0.00756854,0.00979163
2013-02-13,0.00469674,0.00200042,0.00375126
2013-02-14,0.00013747,0.00510555,0.00537054
2013-02-15,-0.00665689,-0.00881210,-0.01020326
2013-02-18,0.00314720,0.00307946,0.00296827
2013-02-19,0.00475913,0.00424221,0.00614873
2013-02-20,-0.00772886,-0.00655557,-0.01030006
2013-02-21,-0.02083217,-0.01395223,-0.01954805
2013-02-22,0.00250594,0.00431670,0.00462870
2013-02-25,-0.00450263,-0.00112581,-0.00331872
2013-02-26,-0.01423804,-0.01045054,-0.01249601
2013-02-27,-0.00180945,0.00074841,0.00104373
2013-02-28,0.00497568,0.00642008,0.00571973
2013-03-01,0.00636485,0.00715458,0.00880624
2013-03-04,-0.00085171,-0.00204597,-0.00192482
2013-03-05,0.00502772,0.00578385,0.00617351
2013-03-06,0.01145977,0.00813228,0.01007691
2013-03-07,-0.00255337,-0.00424514,-0.00599930
2013-03-08,0.00529834,0.00276616,0.00369845
2013-03-11,0.00227542,0.00223481,0.00302776
2013-03-12,-0.00317164,-0.00061336,-0.00139758
2013-03-13,0.00054358,-0.00017239,0.00036767
2013-03-14,0.00090887,0.00099683,0.00131089
2013-03-15,0.00393111,0.00544129,0.00592382
2013-03-18,-0.00436126,-0.00171526,-0.00112449
2013-03-19,0.00114220,0.00245909,0.00129935
2013-03-20,0.00077114,0.00117767,0.00090597
2013-03-21,-0.00473985,-0.00233802,-0.00355961
2013-03-22,-0.00539347,-0.00489311,-0.00503039
2013-03-25,0.00124492,0.00313565,0.00248594
2013-03-26,0.00200899,0.00149977,0.00292722
2013-03-27,0.00607924,0.00602231,0.00680009
2013-03-28,-0.00833837,-0.01199601,-0.01315998
2013-03-29,-0.00165216,-0.00168409,-0.00188149
2013-04-01,-0.00691273,-0.00875777,-0.00706726
2013-04-02,0.00098818,0.00381680,0.00434586
2013-04-03,0.00929459,0.00807430,0.01093802
2013-04-04,0.00902319,0.00675519,0.00619103
2013-04-05,-0.00388593,-0.00617187,-0.01016796
2013-04-08,0.00085447,0.00216106,-0.00057857
2013-04-09,-0.00444047,-0.00039642,-0.00235980
2013-04-10,0.00287078,0.00303272,0.00369104
2013-04-11,0.00998583,0.00994539,0.01145522
2013-04-12,0.00621491,0.00451821,0.00766504
2013-04-15,0.01410755,0.00481636,0.01194388
2013-04-16,-0.00037778,0.00144883,0.00201914
2013-04-17,0.00490864,0.00258804,0.00417595
2013-04-18,-0.00122447,-0.00597167,-0.00469561
2013-04-19,-0.00330494,0.00159766,-0.00078316
2013-04-22,0.00567572,0.00638078,0.00756945
2013-04-23,0.00505479,0.00508295,0.00570117
2013-04-24,-0.00170314,0.00154784,0.00049178
2013-04-25,-0.01197734,-0.00756253,-0.01009965
2013-04-26,-0.00211796,-0.00087511,-0.00017316
2013-04-29,-0.00017652,0.00537304,0.00565156
2013-04-30,-0.00309444,-0.00248297,-0.00320147
2013-05-01,0.00555391,0.00204620,0.00269770
2013-05-02,0.00368862,0.00583759,0.00672457
2013-05-03,-0.01377840,-0.00947627,-0.01388495
2013-05-06,-0.00394792,-0.00219319,-0.00433898
2013-05-07,0.00779103,0.00854827,0.00742165
2013-05-08,-0.00142085,-0.00094495,-0.00020010
2013-05-09,0.00188561,0.00179898,0.00160786
2013-05-10,-0.00026385,-0.00150195,-0.00491512
2013-05-13,0.00376849,0.00152792,0.00153642
2013-05-14,0.00081735,-0.00033721,-0.00004780
2013-05-15,0.01304347,0.00970808,0.01121648
2013-05-16,0.00177378,0.00433927,0.00432690
2013-05-17,0.01005726,0.00769094,0.00816434
2013-05-20,0.00473459,0.00641332,0.00701850
2013-05-21,-0.00461710,-0.00515430,-0.00539831
2013-05-22,0.00193552,-0.00056130,-0.00083274
2013-05-23,-0.01868186,-0.01723218,-0.01737929
2013-05-24,-0.00348539,-0.00259505,-0.00378380
2013-05-27,-0.00502533,-0.00411335,-0.00402865
2013-05-28,0.00723766,0.00722445,0.00776812
2013-05-29,-0.00505990,-0.00238237,-0.00256928
2013-05-30,-0.01308187,-0.01217793,-0.01261423
2013-05-31,0.00029916,-0.00226539,-0.00258773
2013-06-03,-0.01265411,-0.00929764,-0.00933448
2013-06-04,0.00245708,0.00059391,-0.00131792
2013-06-05,-0.01211812,-0.01233900,-0.01397456
2013-06-06,-0.01327197,-0.01202588,-0.01291186
2013-06-07,0.00827653,0.00592743,0.00656455
2013-06-10,0.01073750,0.00696759,0.00696571
2013-06-11,-0.00552836,-0.00709957,-0.00729491
2013-06-12,-0.00052218,-0.00147448,-0.00097482
2013-06-13,-0.00426056,0.00013941,-0.00051131
2013-06-14,-0.00291192,0.00429809,0.00287894
2013-06-17,-0.00068433,-0.00217046,-0.00261793
2013-06-18,0.00435609,0.00230536,0.00258800
2013-06-19,0.00375233,-0.00340365,-0.00274368
2013-06-20,0.01999936,0.00379471,0.00349794
2013-06-21,0.00448228,-0.00133602,-0.00123220
2013-06-24,0.00767560,0.00048204,0.00200714
2013-06-25,-0.00238647,-0.00052228,-0.00119903
2013-06-26,0.00793255,0.01033977,0.00995781
2013-06-27,-0.00624073,-0.00148683,-0.00235347
2013-06-28,-0.00128719,-0.00268072,-0.00255220
2013-07-01,-0.01631865,-0.01345342,-0.01391696
2013-07-02,0.00075072,0.00047789,-0.00106527
2013-07-03,0.00399267,0.00628744,0.00605777
2013-07-04,-0.00369447,-0.00099952,-0.00178489
2013-07-05,0.02395625,0.01479710,0.01524081
2013-07-08,-0.00834031,0.00179868,0.00264808
2013-07-09,-0.00643672,-0.00050449,-0.00057609
2013-07-10,-0.00025612,0.00087328,0.00127794
2013-07-11,-0.02664742,-0.01955077,-0.01931253
2013-07-12,0.00728540,0.00409799,0.00445812
2013-07-15,-0.00150178,0.00039425,0.00177895
2013-07-16,-0.00705580,-0.00152514,-0.00122948
2013-07-17,0.00137780,0.00144985,0.00150880
2013-07-18,0.00422650,0.00272662,0.00213200
2013-07-19,-0.00208393,-0.00162720,-0.00110347
2013-07-22,-0.01102657,-0.00877576,-0.00796399
2013-07-23,-0.00519026,-0.00897631,-0.01006754
2013-07-24,0.00682021,-0.00282293,-0.00316435
2013-07-25,-0.00567789,-0.00880800,-0.00972016
2013-07-26,-0.00204259,-0.00251552,-0.00095050
2013-07-29,-0.00258591,-0.00415321,-0.00439035
2013-07-30,0.00479702,0.00282299,0.00334230
2013-07-31,-0.00140861,0.00059559,0.00037803
2013-08-01,0.01656959,0.01065444,0.01293387
2013-08-02,0.00179195,0.00887247,0.01039607
2013-08-05,-0.00229812,-0.00564303,-0.00533309
2013-08-06,-0.00094952,-0.00314754,-0.00503951
2013-08-07,-0.00450299,-0.00562921,-0.00593225
2013-08-08,-0.01049724,-0.00999043,-0.01056312
2013-08-09,-0.00330950,-0.00224043,-0.00214356
2013-08-12,-0.00869211,-0.00383218,-0.00300802
2013-08-13,0.01012889,0.00372650,0.00465612
2013-08-14,0.00041793,0.00451041,0.00516275
2013-08-15,-0.00984589,-0.00684810,-0.00784018
2013-08-16,-0.00256020,-0.00455650,-0.00463713
2013-08-19,-0.00200876,-0.00203931,-0.00323533
2013-08-20,-0.00643862,-0.00343505,-0.00489135
2013-08-21,-0.00156387,-0.00272543,-0.00389018
2013-08-22,0.00747105,0.00368243,0.00476689
2013-08-23,0.00174750,0.00856761,0.01094512
2013-08-26,-0.00902074,-0.00000259,-0.00155561
2013-08-27,-0.01464080,-0.00650436,-0.00936194
2013-08-28,0.00822250,0.00770309,0.01189861
2013-08-29,-0.00310866,-0.00146059,-0.00238776
2013-08-30,-0.00384908,-0.00531471,-0.00702185
2013-09-02,0.00184156,-0.00122771,-0.00151320
2013-09-03,0.00273350,0.00046169,-0.00035909
2013-09-04,0.00009098,-0.00487298,-0.00458015
2013-09-05,0.01039378,0.00262997,0.00454603
2013-09-06,-0.00677004,0.00093069,-0.00009434
2013-09-09,-0.00305786,-0.00076333,-0.00127562
2013-09-10,0.00362666,-0.00402271,-0.00440859
2013-09-11,-0.00694047,-0.00421047,-0.00616901
2013-09-12,-0.00159010,-0.00071460,-0.00097287
2013-09-13,0.00103045,0.00092438,0.00178220
2013-09-16,-0.00227453,-0.00047718,-0.00020652
2013-09-17,0.00056108,0.00086384,0.00088230
2013-09-18,-0.00198080,0.00569749,0.00720296
2013-09-19,-0.00668282,-0.00170151,-0.00286737
2013-09-20,-0.00108596,-0.00451248,-0.00602278
2013-09-23,-0.00212000,0.00016048,-0.00006977
2013-09-24,-0.00670247,-0.00314991,-0.00381560
2013-09-25,-0.00630690,-0.00173127,-0.00251088
2013-09-26,0.00506755,0.00418051,0.00455433
2013-09-27,-0.00019826,0.00043512,0.00076342
2013-09-30,-0.00623159,-0.00647110,-0.00877213
2013-10-01,0.00628307,0.00214827,0.00412644
2013-10-02,0.00042570,0.00143211,0.00260748
2013-10-03,-0.00475772,-0.00059113,-0.00177410
2013-10-04,0.00002373,-0.00108078,-0.00027188
2013-10-07,-0.00431308,-0.00401332,-0.00488715
2013-10-08,-0.00453692,-0.00501917,-0.00692040
2013-10-09,-0.00265114,-0.00165611,-0.00316340
2013-10-10,0.00707727,0.00438530,0.00612414
2013-10-11,0.00618947,0.00669679,0.00791974
2013-10-14,0.00011514,-0.00068235,-0.00061244
2013-10-15,0.00231934,0.00181384,0.00267939
2013-10-16,0.00022474,0.00345673,0.00375783
2013-10-17,0.00041531,0.00678362,0.00891857
2013-10-18,0.00188155,0.00395757,0.00506873
2013-10-21,0.00134161,0.00104354,0.00160568
2013-10-22,0.00450423,0.01020361,0.01266530
2013-10-23,-0.00597595,-0.00536397,-0.00699644
2013-10-24,0.00129604,0.00019421,0.00061977
2013-10-25,-0.00052668,0.00140402,0.00084588
2013-10-28,0.00421276,0.00500009,0.00592269
2013-10-29,-0.00033735,0.00110978,0.00042718
2013-10-30,-0.00061286,-0.00072723,-0.00081087
2013-10-31,-0.00071195,-0.00017939,-0.00119443
2013-11-01,-0.00484440,-0.00718876,-0.00871860
2013-11-04,0.00444004,0.00250085,0.00397736
2013-11-05,-0.00265199,-0.00646680,-0.00671258
2013-11-06,0.00513930,0.00421754,0.00584651
2013-11-07,-0.00409507,-0.00028384,-0.00155536
2013-11-08,-0.00047959,-0.00462176,-0.00516768
2013-11-11,0.00124299,0.00301336,0.00294560
2013-11-12,-0.00262995,-0.00315944,-0.00379332
2013-11-13,0.00924052,0.01458867,0.01720033
2013-11-14,0.00353827,0.00684475,0.00725201
2013-11-15,-0.00322240,-0.00443248,-0.00464308
2013-11-18,0.00217391,0.00540313,0.00583751
2013-11-19,0.00116769,0.00092572,0.00082084
2013-11-20,-0.00050596,-0.00362490,-0.00381319
2013-11-21,0.00412296,0.00271333,0.00300626
2013-11-22,0.00173798,0.00340633,0.00367698
2013-11-25,0.00408755,0.00349041,0.00463983
2013-11-26,-0.00416656,-0.00236550,-0.00313830
2013-11-27,0.00717598,0.00456571,0.00622059
2013-11-28,0.00346806,0.00375990,0.00464645
2013-11-29,-0.00048841,-0.00028571,-0.00073364
2013-12-02,0.00488546,0.00092317,0.00183873
2013-12-03,-0.00506797,-0.00035037,-0.00054418
2013-12-04,-0.00563319,-0.00302119,-0.00503107
2013-12-05,-0.00807685,-0.00793835,-0.01003881
2013-12-06,0.01029026,0.00927781,0.01157036
2013-12-09,0.00352829,0.00570687,0.00585684
2013-12-10,-0.01071382,-0.00464420,-0.00693888
2013-12-11,-0.00742681,-0.00922293,-0.01015574
2013-12-12,-0.00117052,-0.00700398,-0.00639113
2013-12-13,0.00084095,-0.00076242,0.00008328
2013-12-16,0.00025242,0.00137007,0.00118586
2013-12-17,0.00296777,0.00532132,0.00598109
2013-12-18,0.01517089,0.01177872,0.01521417
2013-12-19,0.00951774,0.00320900,0.00455254
2013-12-20,-0.00188568,-0.00226855,-0.00287348
2013-12-23,0.00450937,0.00312352,0.00392613
2013-12-24,0.00411543,0.00265189,0.00377596
2013-12-25,-0.00009095,-0.00009111,-0.00012992
2013-12-26,0.00294518,0.00071556,0.00157235
2013-12-27,-0.00167095,-0.00398255,-0.00534466
2013-12-30,0.00610747,0.00798673,0.00927556
2013-12-31,-0.00289654,-0.00381771,-0.00505263
2014-01-01,-0.00004521,-0.00002469,0.00011969
2014-01-02,-0.01374609,-0.01194406,-0.01693526
2014-01-03,-0.00641754,-0.00476792,-0.00802193
2014-01-06,-0.00706504,-0.00273113,-0.00524291
2014-01-07,0.00670619,0.00892603,0.01011780
2014-01-08,0.01256969,0.00540164,0.00846777
2014-01-09,-0.00227310,-0.00081984,-0.00205808
2014-01-10,-0.00943329,0.00320465,0.00042805
2014-01-13,-0.00933817,-0.00346293,-0.00473394
2014-01-14,0.00560838,0.00294149,0.00484396
2014-01-15,0.01032629,0.00739084,0.00995017
2014-01-16,0.00091490,0.00453641,0.00506795
2014-01-17,-0.00177263,0.00135269,0.00109247
2014-01-20,-0.00105350,0.00076839,0.00054014
2014-01-21,0.00330034,0.00174540,0.00254915
2014-01-22,0.00178825,-0.00147772,-0.00090665
2014-01-23,-0.00794378,0.00042054,-0.00122434
2014-01-24,-0.01621816,-0.01016825,-0.01420932
2014-01-27,-0.00440806,-0.00627267,-0.00830208
2014-01-28,0.00310080,0.00595808,0.00566134
2014-01-29,0.00512514,0.01024778,0.01053218
2014-01-30,0.00479190,0.00341977,0.00295245
2014-01-31,-0.00047437,0.00249808,0.00253040
2014-02-03,-0.00878809,-0.00567098,-0.00678369
2014-02-04,-0.00590240,-0.00341129,-0.00464721
2014-02-05,-0.00200462,-0.00250005,-0.00346298
2014-02-06,-0.00513854,-0.00515443,-0.00631909
2014-02-07,0.00492466,0.00867092,0.00889258
2014-02-10,-0.00143468,-0.00233126,-0.00303950
2014-02-11,-0.00034083,0.00110202,0.00096393
2014-02-12,-0.00489125,-0.00822841,-0.00955562
2014-02-13,0.00859862,0.01206793,0.01271828
2014-02-14,-0.00173921,-0.00136569,-0.00194657
2014-02-17,-0.00199805,-0.00142184,-0.00224249
2014-02-18,0.00809495,0.00899395,0.00969156
2014-02-19,-0.00146512,-0.00208962,-0.00295239
2014-02-20,-0.00173642,-0.00190966,-0.00183741
2014-02-21,0.00302652,0.00491007,0.00509938
2014-02-24,0.00226030,-0.00051527,0.00011709
2014-02-25,0.00635334,0.00817017,0.00803785
2014-02-26,0.00256280,0.00356569,0.00342277
2014-02-27,0.00565243,0.00755313,0.00858425
2014-02-28,0.00395350,0.00517067,0.00555072
2014-03-03,0.00250560,0.00357624,0.00278166
2014-03-04,0.00295621,-0.00130508,0.00024777
2014-03-05,0.00465345,0.00079942,-0.00021297
2014-03-06,-0.00328042,-0.00402601,-0.00408975
2014-03-07,-0.00153238,-0.00649309,-0.00618048
2014-03-10,0.00457916,0.00409670,0.00463195
2014-03-11,-0.00089347,-0.00093633,-0.00135810
2014-03-12,0.00444605,0.00544423,0.00547426
2014-03-13,0.00418986,0.00656402,0.00670676
2014-03-14,-0.00201422,0.00064454,-0.00006859
2014-03-17,0.00167473,-0.00088845,0.00081223
2014-03-18,0.00355597,0.00550463,0.00458860
2014-03-19,-0.00281482,-0.00808394,-0.01012404
2014-03-20,-0.00189750,-0.00258740,-0.00304106
2014-03-21,-0.00391540,0.00114384,0.00029835
2014-03-24,0.00388190,0.00469552,0.00456149
2014-03-25,0.00075207,0.00353267,0.00411452
2014-03-26,-0.00102090,0.00045197,-0.00006937
2014-03-27,0.00117315,0.00349504,0.00301428
2014-03-28,0.00203668,0.00097770,0.00143532
2014-03-31,0.00004893,0.00090951,0.00035952
2014-04-01,0.00230695,0.00070947,0.00027630
2014-04-02,-0.01671925,-0.01990829,-0.02128432
2014-04-03,-0.00593160,-0.00448607,-0.00482532
2014-04-04,0.00488101,0.00725825,0.00746030
2014-04-07,0.00053856,0.00583062,0.00517548
2014-04-08,-0.00367884,-0.00410885,-0.00387412
2014-04-09,0.00229677,0.00174746,0.00239329
2014-04-10,0.00748366,0.01315905,0.01425611
2014-04-11,-0.00344746,-0.00317756,-0.00326004
2014-04-14,-0.00091658,-0.00036521,-0.00108552
2014-04-15,0.00356485,0.00384973,0.00517187
2014-04-16,0.00047885,-0.00044387,0.00127570
2014-04-17,0.00071828,-0.00018697,-0.00080406
2014-04-18,-0.00021619,-0.00049815,-0.00049449
2014-04-21,-0.00369812,-0.00170382,-0.00315855
2014-04-22,0.00436202,0.00308278,0.00403818
2014-04-23,-0.00024845,-0.00055081,-0.00205314
2014-04-24,-0.00199521,-0.00174400,-0.00210455
2014-04-25,0.00116320,-0.00074192,-0.00114344
2014-04-28,0.00067925,-0.00015335,0.00002057
2014-04-29,0.00120284,-0.00019218,-0.00103892
2014-04-30,0.00935100,0.00995340,0.01337373
2014-05-01,-0.00190362,-0.00463432,-0.00406088
2014-05-02,0.00012063,-0.00046856,0.00028280
2014-05-05,-0.00299173,-0.00340200,-0.00418178
2014-05-06,0.00214360,0.00103273,0.00247052
2014-05-07,-0.00123168,0.00133008,-0.00033449
2014-05-08,0.00603488,0.00961495,0.00963289
2014-05-09,-0.00580101,-0.00282860,-0.00505912
2014-05-12,-0.00122815,-0.00106536,-0.00239202
2014-05-13,0.00392022,0.00483536,0.00607444
2014-05-14,0.00696019,0.01018730,0.01224523
2014-05-15,-0.00119342,0.00209333,0.00122322
2014-05-16,-0.00052372,0.00175825,0.00202505
2014-05-19,0.00174413,0.00052398,0.00165283
2014-05-20,-0.00230036,-0.00356049,-0.00421380
2014-05-21,0.00081674,0.00314567,0.00326453
2014-05-22,0.00168896,0.00424670,0.00442872
2014-05-23,0.00162416,0.00498561,0.00554834
2014-05-26,0.00177546,0.00207134,0.00256319
2014-05-27,0.00138659,0.00307624,0.00401635
2014-05-28,0.00760547,0.00809797,0.00942063
2014-05-29,0.00458861,0.00242030,0.00418186
2014-05-30,-0.00187475,-0.00256817,-0.00226996
2014-06-02,-0.00414981,-0.00763411,-0.00838489
2014-06-03,-0.00742517,-0.00887356,-0.01062914
2014-06-04,-0.00505511,-0.00813011,-0.00889061
2014-06-05,0.00939911,0.00932793,0.01218648
2014-06-06,0.00812583,0.00778483,0.00849619
2014-06-09,0.00181350,-0.00034999,-0.00030660
2014-06-10,-0.00297800,-0.00007929,0.00049737
2014-06-11,-0.00040503,-0.00099047,-0.00031694
2014-06-12,-0.00104124,0.00435857,0.00277416
2014-06-13,0.00244691,0.00364345,0.00377899
2014-06-16,-0.00018690,-0.00121828,-0.00340907
2014-06-17,-0.00223723,-0.00624210,-0.00592550
2014-06-18,0.00078599,0.00223916,0.00505421
2014-06-19,0.00320477,0.00293171,0.00321924
2014-06-20,-0.00423980,-0.00274001,-0.00481657
2014-06-23,0.00112308,0.00131444,0.00056913
2014-06-24,0.00178980,0.00079180,0.00010729
2014-06-25,0.00483918,0.00637568,0.00651679
2014-06-26,0.00414368,0.00536979,0.00693926
2014-06-27,-0.00013849,0.00085637,0.00024329
2014-06-30,0.00176577,0.00121003,0.00141618
2014-07-01,0.00534611,0.00156658,0.00383145
2014-07-02,-0.00071511,-0.00532056,-0.00531726
2014-07-03,-0.00180230,-0.00271910,-0.00388122
2014-07-04,0.00797152,0.00760809,0.00931382
2014-07-07,-0.00175565,-0.00129899,-0.00273901
2014-07-08,0.00120471,0.00367018,0.00338972
2014-07-09,-0.00240769,-0.00202844,-0.00293715
2014-07-10,-0.00231058,-0.00205757,-0.00327030
2014-07-11,-0.00226747,-0.00082317,-0.00045480
2014-07-14,0.00069400,-0.00059341,-0.00197289
2014-07-15,0.00063319,-0.00001881,-0.00007317
2014-07-16,0.00060212,0.00173679,0.00192556
2014-07-17,0.00537601,0.00605080,0.00757620
2014-07-18,0.00030023,-0.00071294,-0.00185977
2014-07-21,0.00519824,0.00152007,0.00224430
2014-07-22,0.00596324,0.00601781,0.00732038
2014-07-23,0.00659038,0.00743178,0.00949419
2014-07-24,-0.00795808,-0.01003723,-0.01240043
2014-07-25,0.00482963,0.00558197,0.00702622
2014-07-28,0.00156898,0.00226593,0.00184388
2014-07-29,0.00685376,0.00796627,0.00923749
2014-07-30,-0.00782126,-0.01405113,-0.01511863
2014-07-31,0.00079854,-0.00202176,-0.00230278
2014-08-01,-0.00580949,-0.00382345,-0.00502910
2014-08-04,-0.00074211,-0.00088068,-0.00140490
2014-08-05,-0.00165274,-0.00257411,-0.00273256
2014-08-06,-0.01495381,-0.01120516,-0.01513192
2014-08-07,0.00244967,0.00471966,0.00510646
2014-08-08,-0.00388296,0.00011652,-0.00128175
2014-08-11,0.00680655,0.00593078,0.00901706
2014-08-12,0.00364500,0.00267804,0.00332012
2014-08-13,0.01219394,0.01529000,0.01855589
2014-08-14,0.00178677,0.00147094,0.00112590
2014-08-15,0.00970795,0.01027731,0.01304772
2014-08-18,-0.00074489,-0.00189026,-0.00129345
2014-08-19,0.00077786,0.00135189,0.00092366
2014-08-20,-0.00052907,-0.00214313,-0.00221090
2014-08-21,-0.00484262,-0.00237299,-0.00219946
2014-08-22,0.00532094,0.00665377,0.00719719
2014-08-25,0.01009083,0.01044348,0.01226063
2014-08-26,0.00122035,0.00117607,0.00035937
2014-08-27,0.00396140,0.00722602,0.00699418
2014-08-28,-0.00173469,-0.00043762,-0.00166929
2014-08-29,0.00654117,0.00821179,0.01010268
2014-09-01,0.00175730,0.00256222,0.00350215
2014-09-02,-0.00313860,-0.00826772,-0.00755741
2014-09-03,0.00295569,0.00385538,0.00583928
2014-09-04,0.01086483,0.00672861,0.00862536
2014-09-05,0.00745607,0.01217342,0.01299808
2014-09-08,0.00158127,-0.00214369,-0.00103148
2014-09-09,-0.00373690,-0.00746680,-0.00755624
2014-09-10,-0.00162102,-0.00380153,-0.00351416
2014-09-11,0.00203430,-0.00012889,0.00248759
2014-09-12,-0.00325945,-0.00638296,-0.00616861
2014-09-15,0.00043326,0.00055147,0.00124719
2014-09-16,-0.00293692,0.00080366,-0.00065507
2014-09-17,0.00678812,-0.00056728,-0.00029289
2014-09-18,0.00511142,0.00076461,0.00401967
2014-09-19,0.02248969,0.02102023,0.02667394
2014-09-22,0.01063144,0.00918302,0.01102401
2014-09-23,-0.00058151,-0.00053351,-0.00112295
2014-09-24,0.00478656,0.00234781,0.00307094
2014-09-25,0.00562546,0.00354464,0.00505301
2014-09-26,0.00590055,0.00170042,0.00187710
2014-09-29,0.00511201,0.00375531,0.00437201
2014-09-30,0.00499649,0.00261078,0.00343408
2014-10-01,0.01690626,0.01554555,0.01798755
2014-10-02,-0.01335931,-0.01233529,-0.01535234
2014-10-03,0.02692669,0.01494866,0.02108196
2014-10-06,-0.00451552,0.00174068,0.00284186
2014-10-07,-0.02474094,-0.01516860,-0.01884360
2014-10-08,-0.00029924,0.00271319,0.00434671
2014-10-09,-0.00063390,-0.00269647,-0.00295946
2014-10-10,0.02341615,0.01680144,0.02056718
2014-10-13,-0.01019205,-0.00540874,-0.00640577
2014-10-14,0.00073519,0.00311060,0.00396847
2014-10-15,0.02180463,0.01718095,0.02019014
2014-10-16,-0.00428753,-0.00787984,-0.00637210
2014-10-17,-0.01651034,-0.01042895,-0.01168478
2014-10-20,-0.00329005,0.00027020,0.00036499
2014-10-21,-0.00143413,0.00064166,0.00050679
2014-10-22,0.00000573,0.00138677,0.00152553
2014-10-23,0.00312028,0.00008248,0.00166743
2014-10-24,-0.00937238,-0.00602346,-0.00772008
2014-10-27,0.00477316,0.00723194,0.00744751
2014-10-28,-0.00933437,-0.00596895,-0.00726671
2014-10-29,-0.00745840,-0.00742241,-0.00775158
2014-10-30,0.00895785,0.00912841,0.01147829
2014-10-31,0.01891987,0.01459347,0.01955808
2014-11-03,0.00846193,0.00356674,0.00536251
2014-11-04,0.01187641,0.00905319,0.00932671
2014-11-05,0.02179818,0.01625835,0.02119257
2014-11-06,0.00261569,0.00127681,0.00097578
2014-11-07,-0.00837504,0.00067378,-0.00148178
2014-11-10,-0.00255188,-0.00306677,-0.00323295
2014-11-11,0.00085410,0.00004100,-0.00030462
2014-11-12,0.00325332,0.00272102,0.00301341
2014-11-13,0.01354893,0.01357977,0.01438839
2014-11-14,0.01245584,0.01056636,0.01195797
2014-11-17,-0.01196166,-0.01197143,-0.01321915
2014-11-18,-0.00055782,0.00048006,-0.00020837
2014-11-19,0.00053006,-0.00453162,-0.00374079
2014-11-20,-0.00052900,0.00008292,0.00032805
2014-11-21,0.00319460,0.00912649,0.00813234
2014-11-24,0.00314302,0.00515477,0.00583913
2014-11-25,0.00700373,0.00379925,0.00562308
2014-11-26,0.00192923,0.00286649,0.00342595
2014-11-27,0.02266997,0.01752731,0.02011992
2014-11-28,0.04274715,0.03543357,0.03990520
2014-12-01,-0.00275904,-0.00272824,-0.00213273
2014-12-02,-0.00814690,-0.00840202,-0.00987985
2014-12-03,0.01014085,0.00894287,0.00932930
2014-12-04,0.00371894,0.00608765,0.00560787
2014-12-05,0.01071206,0.00268170,0.00301764
2014-12-08,0.00892376,0.00743145,0.00763789
2014-12-09,-0.00276778,-0.00216035,-0.00159636
2014-12-10,-0.00968851,-0.00763459,-0.00911455
2014-12-11,0.01352729,0.00896376,0.00906709
2014-12-12,0.00984375,0.00950214,0.00981684
2014-12-15,0.00725648,0.00343528,0.00356020
2014-12-16,0.00966362,0.00813247,0.00797473
2014-12-17,0.01322113,0.00768557,0.00826534
2014-12-18,-0.00611653,-0.00257237,-0.00276288
2014-12-19,0.01010863,0.00889443,0.00969665
2014-12-22,0.00743786,0.00811799,0.00908137
2014-12-23,0.00268207,-0.00005655,0.00021629
2014-12-24,-0.00260952,-0.00031785,0.00031089
2014-12-25,0.00387394,0.00216384,0.00176592
2014-12-26,0.00056678,0.00210700,0.00105985
2014-12-29,0.00978314,0.01154040,0.01258047
2014-12-30,0.00501032,0.00433614,0.00356250
2014-12-31,0.00368443,0.00311897,0.00292846
2015-01-01,-0.00268543,-0.00143366,-0.00098595
2015-01-02,0.02955049,0.02544584,0.02687193
2015-01-05,0.01614459,0.01412104,0.01478102
2015-01-06,0.00415105,0.00273700,0.00328618
2015-01-07,0.01597829,0.01477561,0.01540263
2015-01-08,-0.00722903,-0.00523858,-0.00532990
2015-01-09,-0.00427267,-0.00299003,-0.00291142
2015-01-12,0.02337828,0.01785394,0.01889736
2015-01-13,0.01750378,0.01380082,0.01615363
2015-01-14,-0.00069250,-0.00172559,-0.00077142
2015-01-15,-0.00026115,0.00110853,0.00088038
2015-01-16,-0.03403361,-0.03530840,-0.03540341
2015-01-19,-0.00811785,-0.00620086,-0.00490501
2015-01-20,0.01238235,0.00720633,0.00661310
2015-01-21,-0.00016518,-0.00223433,-0.00273053
2015-01-22,0.01765933,0.01371599,0.01460311
2015-01-23,0.02683558,0.02319240,0.02467369
2015-01-26,0.00263675,0.00167106,0.00089878
2015-01-27,-0.00716981,-0.00606427,-0.00553836
2015-01-28,0.00904031,0.00725103,0.00875966
2015-01-29,0.01105008,0.00856525,0.00856951
2015-01-30,0.00745141,0.00554022,0.00649159
2015-02-02,-0.01754250,-0.01278204,-0.01304324
2015-02-03,-0.04871812,-0.03971438,-0.04104768
2015-02-04,-0.00412815,-0.00352158,-0.00441339
2015-02-05,0.00801509,0.00648174,0.00581187
2015-02-06,-0.02035707,-0.01852388,-0.01776800
2015-02-09,-0.00660809,-0.00592410,-0.00607525
2015-02-10,0.00125623,0.00133766,0.00135633
2015-02-11,0.00886744,0.00875829,0.00825498
2015-02-12,0.00091088,0.00196281,0.00154353
2015-02-13,-0.02013084,-0.01630818,-0.01606497
2015-02-16,-0.00623203,-0.00478124,-0.00440818
2015-02-17,-0.00662832,-0.00633770,-0.00664190
2015-02-18,0.00729140,0.00866385,0.00909301
2015-02-19,0.01124852,0.01019543,0.01040949
2015-02-20,0.00201490,0.00250529,0.00320151
2015-02-23,0.01612296,0.01545825,0.01576015
2015-02-24,0.00389636,0.00650586,0.00635645
2015-02-25,-0.00232081,-0.00227997,-0.00264385
2015-02-26,0.00526865,0.00295749,0.00355545
2015-02-27,-0.00159246,-0.00108720,-0.00110519
2015-03-02,-0.00240931,-0.00342028,-0.00270631
2015-03-03,-0.00354509,-0.00353969,-0.00431007
2015-03-04,-0.00055263,-0.00229925,-0.00213241
2015-03-05,0.01333759,0.00830318,0.00853901
2015-03-06,0.01317486,0.00732514,0.00753380
2015-03-09,0.01003491,0.00886613,0.00885964
2015-03-10,0.01602025,0.01323739,0.01242541
2015-03-11,0.01530182,0.01347945,0.01379045
2015-03-12,-0.00312701,0.00150793,0.00188294
2015-03-13,0.02451413,0.02006856,0.02048201
2015-03-16,0.00321828,0.00200938,0.00157059
2015-03-17,0.00462842,0.00315773,0.00379521
2015-03-18,-0.01189455,-0.00805960,-0.00846281
2015-03-19,-0.00181374,-0.00165719,-0.00228222
2015-03-20,-0.00201506,-0.00071479,-0.00208071
2015-03-23,-0.02841403,-0.02203340,-0.02424609
2015-03-24,-0.00353201,-0.00187900,-0.00148617
2015-03-25,-0.00525174,-0.00735385,-0.00810845
2015-03-26,-0.01560021,-0.01609672,-0.01596534
2015-03-27,0.01569213,0.01275720,0.01261740
2015-03-30,0.02559741,0.02130636,0.02188071
2015-03-31,0.00033760,0.00003860,-0.00093409
2015-04-01,0.00160856,0.00067467,-0.00223685
2015-04-02,-0.01161630,-0.00983459,-0.00891236
2015-04-03,-0.00181597,-0.00175870,-0.00171151
2015-04-06,-0.01142980,-0.00659925,-0.00654994
2015-04-07,0.01285490,0.00948580,0.01002931
2015-04-08,0.00446966,0.00462550,0.00638207
2015-04-09,0.02223249,0.01734067,0.01779148
2015-04-10,0.00245279,0.00096663,0.00097852
2015-04-13,-0.00278118,-0.00162439,-0.00087092
2015-04-14,-0.00826046,-0.00434284,-0.00391523
2015-04-15,-0.00629696,-0.00528459,-0.00530730
2015-04-16,-0.01983121,-0.01591741,-0.01561285
2015-04-17,-0.01529718,-0.01192275,-0.01300122
2015-04-20,0.00640802,0.00529596,0.00513308
2015-04-21,0.01078970,0.00869720,0.00957131
2015-04-22,-0.00585892,-0.00264725,-0.00151211
2015-04-23,-0.00826989,-0.00773942,-0.00723105
2015-04-24,-0.01022892,-0.00488662,-0.00288988
2015-04-27,0.00342588,0.00466417,0.00521987
2015-04-28,-0.00867998,-0.00705683,-0.00824005
2015-04-29,-0.02768680,-0.02447766,-0.02744860
2015-04-30,-0.01738484,-0.01726368,-0.01895243
2015-05-01,0.00133215,-0.00328203,-0.00342890
2015-05-04,-0.00376582,-0.00113604,-0.00093320
2015-05-05,-0.01238796,-0.00985625,-0.01031302
2015-05-06,-0.01081723,-0.00780320,-0.00796086
2015-05-07,0.00052476,0.00073525,0.00039067
2015-05-08,0.00333042,0.00667841,0.00788089
2015-05-11,0.00375250,0.00077363,0.00036203
2015-05-12,-0.00416190,-0.00646437,-0.00654446
2015-05-13,-0.00473796,-0.00354651,-0.00360777
2015-05-14,-0.00396806,-0.00119991,-0.00131877
2015-05-15,-0.00060658,0.00291413,0.00382933
2015-05-18,-0.00102417,-0.00418322,-0.00420695
2015-05-19,0.00858744,0.00575896,0.00497440
2015-05-20,0.00373307,0.00080611,0.00107865
2015-05-21,0.00032446,0.00133768,0.00197481
2015-05-22,0.00542478,0.00443434,0.00495456
2015-05-25,0.00068544,0.00104552,0.00092402
2015-05-26,0.00557819,0.00555860,0.00643588
2015-05-27,0.00465197,0.00356791,0.00484518
2015-05-28,0.00030207,0.00081574,0.00129944
2015-05-29,-0.00531203,-0.00425050,-0.00490216
2015-06-01,-0.00179008,-0.00531244,-0.00594732
2015-06-02,-0.01241138,-0.00882251,-0.00953355
2015-06-03,0.00128183,0.00172787,0.00177514
2015-06-04,0.00147302,0.00121640,0.00126534
2015-06-05,0.00574361,0.00033448,0.00025267
2015-06-08,-0.01138223,-0.00857559,-0.01048012
2015-06-09,-0.00912246,-0.00797335,-0.00972008
2015-06-10,-0.00780877,-0.00521076,-0.00650878
2015-06-11,0.00792688,0.00932462,0.01154619
2015-06-12,0.00238611,0.00033293,0.00155586
2015-06-15,0.00033143,-0.00184610,-0.00113640
2015-06-16,-0.00257611,-0.00326531,-0.00337005
2015-06-17,-0.00221167,0.00112098,0.00156260
2015-06-18,-0.00088664,-0.00030740,-0.00104243
2015-06-19,0.00283721,0.00277197,0.00432240
2015-06-22,0.00952087,0.00901412,0.01056271
2015-06-23,0.00530155,0.00411905,0.00371940
2015-06-24,-0.00741634,-0.00585883,-0.00611401
2015-06-25,-0.00024248,-0.00192430,-0.00233278
2015-06-26,0.00386097,0.00303931,0.00360686
2015-06-29,-0.01127642,-0.00994470,-0.01011850
2015-06-30,-0.00336749,-0.00452199,-0.00425988
2015-07-01,0.00511035,0.00484442,0.00476093
2015-07-02,0.00382396,0.00338022,0.00408704
2015-07-03,0.00184018,0.00219663,0.00283492
2015-07-06,0.01041549,0.00633696,0.00943020
2015-07-07,0.01483807,0.01086708,0.01463539
2015-07-08,0.00306697,-0.00070524,0.00234546
2015-07-09,-0.00745725,-0.00304871,-0.00558694
2015-07-10,-0.01034916,-0.00844684,-0.01006344
2015-07-13,0.00378797,0.00257674,0.00255268
2015-07-14,0.00412474,0.00478404,0.00632252
2015-07-15,0.00492680,0.00194858,0.00238343
2015-07-16,0.01508638,0.01190386,0.01360273
2015-07-17,0.00640308,0.00654703,0.00786081
2015-07-20,0.00848180,0.01051692,0.01329245
2015-07-21,-0.00729740,-0.00631564,-0.00663688
2015-07-22,0.00345004,0.00313238,0.00337888
2015-07-23,0.00779105,0.00668045,0.00778411
2015-07-24,-0.00120971,-0.00163700,-0.00189274
2015-07-27,0.00370633,0.00242509,0.00331825
2015-07-28,-0.00153101,0.00094613,0.00150083
2015-07-29,-0.00645855,-0.00416997,-0.00392426
2015-07-30,0.00646159,0.00552194,0.00567439
2015-07-31,0.00862913,0.01008838,0.01019406
2015-08-03,0.01729545,0.01575163,0.01583699
2015-08-04,0.00951824,0.00641051,0.00699691
2015-08-05,0.00233590,0.00213005,0.00260679
2015-08-06,0.00316646,0.00269548,0.00205024
2015-08-07,-0.00876778,-0.00612291,-0.00686830
2015-08-10,-0.01310595,-0.01100159,-0.01165895
2015-08-11,-0.00051600,0.00157545,0.00103007
2015-08-12,-0.01066454,-0.00712515,-0.00842512
2015-08-13,-0.00983158,-0.00805775,-0.00811284
2015-08-14,0.00687506,0.00525399,0.00530512
2015-08-17,0.00849885,0.00765501,0.00823903
2015-08-18,0.00637187,0.00472170,0.00599369
2015-08-19,0.00170146,-0.00026511,-0.00070833
2015-08-20,0.00135608,-0.00177856,-0.00365855
2015-08-21,0.00534914,0.00115150,0.00010332
2015-08-24,0.03765599,0.01934517,0.02139940
2015-08-25,0.00414434,0.00024531,0.00087781
2015-08-26,-0.00157059,-0.00163648,-0.00120084
2015-08-27,-0.03435682,-0.02540815,-0.02633525
2015-08-28,-0.03351999,-0.02411237,-0.02525124
2015-08-31,-0.00074879,-0.00067607,-0.00045652
2015-09-01,-0.01311900,-0.01080292,-0.01114048
2015-09-02,0.01471844,0.01205488,0.01299533
2015-09-03,-0.00845366,-0.00412487,-0.00462051
2015-09-04,0.01125548,0.01030461,0.01075826
2015-09-07,0.00759068,0.00572044,0.00586553
2015-09-08,-0.01770388,-0.01251207,-0.01234775
2015-09-09,-0.00729299,-0.00298520,-0.00238588
2015-09-10,0.00734964,0.00595321,0.00519012
2015-09-11,-0.00277848,-0.00391214,-0.00393114
2015-09-14,0.00092989,-0.00008121,-0.00097280
2015-09-15,-0.00413632,-0.00578386,-0.00660051
2015-09-16,-0.01249581,-0.00879179,-0.00820177
2015-09-17,-0.00481388,-0.00100072,-0.00111653
2015-09-18,0.01564895,0.01635915,0.01585465
2015-09-21,0.00576846,0.00592330,0.00671560
2015-09-22,0.01401484,0.01020784,0.01149386
2015-09-23,0.00766672,0.00468550,0.00508647
2015-09-24,-0.00784972,-0.00554193,-0.00746250
2015-09-25,-0.00851243,-0.00680683,-0.00708037
2015-09-28,0.01140103,0.00772835,0.00765493
2015-09-29,0.01315452,0.01051359,0.00898514
2015-09-30,-0.01005429,-0.00602916,-0.00576694
2015-10-01,-0.00444026,-0.00164292,-0.00043017
2015-10-02,-0.00790089,-0.00426447,-0.00356882
2015-10-05,-0.01631784,-0.01158631,-0.01148133
2015-10-06,-0.01860499,-0.01269459,-0.01280977
2015-10-07,-0.02346968,-0.02241147,-0.02218697
2015-10-08,-0.00390385,-0.00329986,-0.00267215
2015-10-09,-0.01490262,-0.01150533,-0.01114940
2015-10-12,-0.00124836,-0.00057389,-0.00125861
2015-10-13,0.01439276,0.01266471,0.01228546
2015-10-14,0.00076057,0.00099795,0.00033002
2015-10-15,-0.00522098,-0.00293096,-0.00330358
2015-10-16,-0.00030557,-0.00079227,0.00034121
2015-10-19,0.00222578,0.00357589,0.00377424
2015-10-20,-0.00047322,0.00060744,-0.00056615
2015-10-21,0.00757014,0.00591194,0.00622109
2015-10-22,0.00333838,0.00360200,0.00531451
2015-10-23,0.00091673,0.00313615,0.00423795
2015-10-26,0.00860512,0.00765666,0.00746965
2015-10-27,0.00638553,0.00553302,0.00594922
2015-10-28,-0.00045674,-0.00069145,0.00002311
2015-10-29,-0.00605159,-0.00758987,-0.00745795
2015-10-30,-0.00513467,-0.00403048,-0.00499613
2015-11-02,-0.01001511,-0.01043616,-0.01125585
2015-11-03,-0.00051552,-0.00315408,-0.00354363
2015-11-04,-0.00381960,-0.00374976,-0.00516279
2015-11-05,0.00456254,0.00198235,0.00294305
2015-11-06,0.00762390,0.00708611,0.00696535
2015-11-09,0.00668724,0.00516416,0.00563677
2015-11-10,0.00821846,0.00776079,0.00893966
2015-11-11,0.00434101,0.00359329,0.00461535
2015-11-12,0.00310897,0.00253503,0.00314456
2015-11-13,0.01160833,0.00878263,0.00966850
2015-11-16,0.00635668,0.00501794,0.00473428
2015-11-17,0.00990166,0.00726390,0.00958293
2015-11-18,0.00716191,0.00606568,0.00722219
2015-11-19,-0.00727421,-0.00465944,-0.00580989
2015-11-20,0.00173311,0.00404818,0.00393017
2015-11-23,0.01409862,0.00927737,0.01181901
2015-11-24,-0.01445736,-0.01081900,-0.01287923
2015-11-25,-0.01161832,-0.00863450,-0.00923922
2015-11-26,0.00576786,0.00673054,0.00719105
2015-11-27,0.01589854,0.01142559,0.01312810
2015-11-30,0.01117561,0.00674514,0.00698805
2015-12-01,-0.00589705,-0.00310544,-0.00230670
2015-12-02,0.01399139,0.00935768,0.00997409
2015-12-03,-0.02821824,-0.02925842,-0.03442127
2015-12-04,-0.02788972,-0.02280240,-0.02520667
2015-12-07,0.02725184,0.02586380,0.02708818
2015-12-08,0.01399838,0.01138413,0.01137012
2015-12-09,-0.00266720,-0.00408821,-0.00507223
2015-12-10,0.00306521,0.00229464,0.00224148
2015-12-11,0.00804377,0.00949446,0.00947450
2015-12-14,0.01507470,0.01294897,0.01366082
2015-12-15,-0.00017339,-0.00009710,0.00034893
2015-12-16,-0.00563143,-0.00065805,-0.00138093
2015-12-17,0.01908481,0.02041661,0.02016078
2015-12-18,-0.00734746,-0.00249281,-0.00263090
2015-12-21,-0.00961784,-0.00803053,-0.00914823
2015-12-22,0.00095455,-0.00095279,-0.00005207
2015-12-23,-0.00657610,-0.00687100,-0.00640038
2015-12-24,-0.01789536,-0.01671514,-0.01658561
2015-12-25,0.00004016,-0.00008813,-0.00009144
2015-12-28,0.00065523,0.00189691,0.00274856
2015-12-29,-0.00575342,-0.00170963,-0.00302004
2015-12-30,0.00248100,0.00204500,0.00269859
2015-12-31,-0.00072189,0.00159174,0.00205757
2016-01-01,-0.00003662,-0.00004185,-0.00004900
2016-01-04,0.00272602,0.00106094,0.00216052
2016-01-05,0.00603637,0.00690723,0.00731483
2016-01-06,0.02070587,0.01873386,0.01976444
2016-01-07,0.02494949,0.02035597,0.02015309
2016-01-08,-0.00504877,-0.00997244,-0.01003745
2016-01-11,0.02796850,0.02470491,0.02576355
2016-01-12,0.01631823,0.01618522,0.01719840
2016-01-13,-0.00165260,0.00260780,0.00212335
2016-01-14,0.00172797,0.00457559,0.00378688
2016-01-15,0.02776163,0.02312926,0.02421356
2016-01-18,0.01073187,0.01483723,0.01331774
2016-01-19,-0.01172596,-0.01025745,-0.01080123
2016-01-20,0.02983286,0.02285842,0.02341014
2016-01-21,-0.00172696,-0.00108825,-0.00048657
2016-01-22,-0.05553811,-0.04600729,-0.04562001
2016-01-25,-0.00449422,-0.00586864,-0.00606041
2016-01-26,0.00295638,0.00791239,0.00762957
2016-01-27,-0.01372486,-0.01392959,-0.01426672
2016-01-28,-0.00820631,-0.00769789,-0.00744024
2016-01-29,-0.00997551,-0.00180088,0.00119187
2016-02-01,-0.00037262,0.00190639,0.00007542
2016-02-02,0.02672338,0.02596588,0.02567786
2016-02-03,-0.00784828,-0.00479613,-0.00546320
2016-02-04,-0.02076621,-0.02159526,-0.02244576
2016-02-05,0.01238572,0.00932840,0.00840718
2016-02-08,0.01675409,0.01714868,0.01706652
2016-02-09,0.01736248,0.01645770,0.01448243
2016-02-10,0.00934450,0.00959722,0.00910843
2016-02-11,0.01836273,0.01160411,0.01112044
2016-02-12,-0.02528412,-0.02362246,-0.02295775
2016-02-15,-0.02108578,-0.01235287,-0.00875410
2016-02-16,-0.00681700,-0.00542778,-0.00504231
2016-02-17,-0.00699366,-0.00233108,-0.00178644
2016-02-18,0.00211739,0.00238359,0.00532077
2016-02-19,0.00697393,0.00777879,0.00661720
2016-02-22,-0.00601461,-0.00011322,-0.00087266
2016-02-23,0.00713034,0.00630149,0.00635657
2016-02-24,0.00954893,0.00950049,0.00924681
2016-02-25,-0.00077800,-0.00075202,0.00223616
2016-02-26,-0.00823350,-0.00754565,-0.00660753
2016-02-29,0.00819607,0.01033649,0.01074960
2016-03-01,-0.02558515,-0.01881187,-0.01734919
2016-03-02,-0.00806799,-0.00386334,-0.00435543
2016-03-03,-0.00111870,-0.00199763,-0.00208519
2016-03-04,-0.01602080,-0.01511005,-0.01659093
2016-03-07,-0.00584250,-0.00271601,-0.00362343
2016-03-08,0.00783424,0.00568025,0.00704178
2016-03-09,-0.01501470,-0.01614719,-0.01646158
2016-03-10,-0.01402828,-0.01815847,-0.01954796
2016-03-11,-0.00831337,-0.00737876,-0.00632542
2016-03-14,-0.00140886,-0.00004087,-0.00075101
2016-03-15,0.00007332,0.00120616,0.00037483
2016-03-16,0.00576806,0.00611336,0.00656639
2016-03-17,-0.00118381,-0.00417363,-0.00321256
2016-03-18,0.00379595,0.00280604,0.00338079
2016-03-21,0.00156580,0.00389276,0.00348230
2016-03-22,-0.00316679,-0.00654832,-0.00630746
2016-03-23,0.00028880,0.00086555,0.00047694
2016-03-24,-0.00569736,-0.00308454,-0.00358727
2016-03-25,-0.00015074,-0.00010118,-0.00003626
2016-03-28,-0.00235378,-0.00429304,-0.00410140
2016-03-29,0.00634341,0.00620548,0.00665501
2016-03-30,0.00039841,-0.00057029,-0.00067425
2016-03-31,0.00163609,0.00549172,0.00633704
2016-04-01,0.00331802,0.00154832,0.00114656
2016-04-04,-0.00179914,0.00225142,0.00130655
2016-04-05,0.00876084,0.00607439,0.00659495
2016-04-06,-0.00244714,-0.00204451,-0.00255730
2016-04-07,-0.00157879,-0.00531226,-0.00401460
2016-04-08,-0.00093402,0.00017596,0.00070744
2016-04-11,-0.00190311,-0.00182653,-0.00224502
2016-04-12,-0.01158037,-0.01038285,-0.01219427
2016-04-13,-0.00383342,-0.00234150,-0.00298194
2016-04-14,-0.00818755,-0.00698279,-0.00810987
2016-04-15,0.00867091,0.00800915,0.00922745
2016-04-18,0.00172293,0.00427288,0.00229647
2016-04-19,-0.00265319,-0.00719105,-0.00579051
2016-04-20,-0.00153472,-0.00355839,-0.00497206
2016-04-21,-0.00841514,-0.01255386,-0.01351411
2016-04-22,-0.01207242,-0.01115617,-0.01308333
2016-04-25,-0.00158657,0.00014546,0.00053696
2016-04-26,-0.00253897,-0.00148303,-0.00074878
2016-04-27,0.00038960,-0.00254326,-0.00180035
2016-04-28,0.01303284,0.00958588,0.00922361
2016-04-29,0.00442200,-0.00014915,0.00022242
2016-05-02,0.00204387,0.00463355,0.00558768
2016-05-03,-0.00627178,-0.00601008,-0.00634040
2016-05-04,-0.01028296,-0.00699618,-0.00777374
2016-05-05,-0.00289749,-0.00198567,-0.00163425
2016-05-06,-0.00074828,-0.00201654,-0.00294881
2016-05-09,-0.01018107,-0.00856220,-0.00797292
2016-05-10,0.00177624,0.00337719,0.00447791
2016-05-11,0.01042027,0.00347936,0.00449453
2016-05-12,-0.00647089,-0.00939270,-0.01074904
2016-05-13,-0.00045763,-0.00117901,-0.00186377
2016-05-16,-0.00011766,-0.00050245,-0.00084465
2016-05-17,0.00065303,0.00022481,0.00008560
2016-05-18,-0.01250796,-0.01196069,-0.01467847
2016-05-19,-0.00593221,-0.00647272,-0.00769673
2016-05-20,0.00257651,0.00422443,0.00455217
2016-05-23,-0.00094294,-0.00357730,-0.00427404
2016-05-24,-0.00170621,0.00019726,-0.00012620
2016-05-25,0.00187743,0.00197454,0.00211211
2016-05-26,0.00160824,0.00409484,0.00430260
2016-05-27,-0.00207372,-0.00107634,-0.00053104
2016-05-30,-0.00224574,-0.00264991,-0.00273558
2016-05-31,-0.00471255,-0.00305767,-0.00388967
2016-06-01,0.00227071,0.00089805,0.00141066
2016-06-02,0.00680465,0.00335640,0.00435966
2016-06-03,0.00574717,0.00653114,0.00680262
2016-06-06,0.00020260,0.00021902,-0.00099491
2016-06-07,0.00348456,0.00544951,0.00739094
2016-06-08,0.00299074,0.00054807,0.00158729
2016-06-09,0.00356770,-0.00041087,0.00004078
2016-06-10,-0.00143548,-0.00113837,-0.00236378
2016-06-13,0.00232837,0.00022671,-0.00115137
2016-06-14,0.00098883,0.00001064,0.00018234
2016-06-15,-0.00046903,0.00115445,0.00116738
2016-06-16,-0.00165693,-0.00104738,-0.00178778
2016-06-17,-0.00041278,-0.00161434,-0.00139993
2016-06-20,-0.01069626,-0.01110631,-0.01315251
2016-06-21,-0.01455671,-0.00999821,-0.01225981
2016-06-22,-0.00289620,0.00323409,0.00258080
2016-06-23,-0.01320705,-0.00786896,-0.00809888
2016-06-24,0.03247067,0.02513886,0.02806876
2016-06-27,0.00591989,0.00591673,0.00619774
2016-06-28,0.00304884,0.00381737,0.00503685
2016-06-29,0.00283922,0.00121488,0.00268660
2016-06-30,0.00165760,0.00280283,0.00326738
2016-07-01,0.01052315,0.00806054,0.00971902
2016-07-04,0.00690957,0.00612496,0.00801179
2016-07-05,0.00194616,0.00509598,0.00488127
2016-07-06,0.00034212,-0.00043571,-0.00048991
2016-07-07,-0.00190147,-0.00073154,-0.00111249
2016-07-08,0.00418651,0.00852973,0.00895909
2016-07-11,-0.00406975,-0.00550765,-0.00429204
2016-07-12,-0.01342697,-0.00995103,-0.00849849
2016-07-13,0.00489108,0.00377252,0.00405256
2016-07-14,-0.00869430,-0.00759604,-0.00685227
2016-07-15,-0.00915198,-0.00912011,-0.00974660
2016-07-18,-0.00156119,-0.00072112,-0.00028112
2016-07-19,0.00191929,0.00014277,-0.00076206
2016-07-20,-0.00408669,-0.00476006,-0.00507775
2016-07-21,0.00628492,0.00261212,0.00255484
2016-07-22,-0.00291816,0.00101067,0.00090873
2016-07-25,-0.00240169,0.00207982,0.00231026
2016-07-26,0.00500346,0.00523562,0.00579123
2016-07-27,0.01719175,0.01686356,0.01764958
2016-07-28,0.00533112,0.00125491,0.00084171
2016-07-29,0.00534528,0.00168572,0.00186614
2016-08-01,-0.00217318,-0.00083106,-0.00137584
2016-08-02,-0.00064464,-0.00339202,-0.00323469
2016-08-03,-0.00344785,-0.00210601,-0.00270060
2016-08-04,0.00068431,0.00215926,0.00166759
2016-08-05,-0.00434949,-0.00206461,-0.00239702
2016-08-08,-0.00567587,-0.00148738,-0.00114350
2016-08-09,0.00206809,0.00087564,0.00103780
2016-08-10,0.01042758,0.00868772,0.00922902
2016-08-11,-0.00880758,-0.01152072,-0.01156772
2016-08-12,-0.01085306,-0.00931190,-0.01104136
2016-08-15,-0.00822023,-0.00756362,-0.00726899
2016-08-16,-0.00393261,-0.00654655,-0.00728906
2016-08-17,-0.00508871,-0.00481427,-0.00551558
2016-08-18,0.00251963,-0.00153708,-0.00098915
2016-08-19,-0.00995251,-0.00730756,-0.00832269
2016-08-22,-0.00137817,0.00196399,0.00097518
2016-08-23,0.00759913,0.00577091,0.00674066
2016-08-24,-0.00624925,-0.00511144,-0.00629467
2016-08-25,-0.00413232,-0.00645037,-0.00740096
2016-08-26,-0.00120520,-0.00194881,-0.00214647
2016-08-29,0.00596810,0.00817175,0.00813702
2016-08-30,-0.00279524,0.00222569,0.00266478
2016-08-31,-0.00300381,-0.00325359,-0.00325476
2016-09-01,-0.00121537,0.00182067,0.00168949
2016-09-02,0.00221214,-0.00049914,0.00058159
2016-09-05,0.00460868,0.00130797,0.00249148
2016-09-06,0.01358544,0.01102237,0.01282267
2016-09-07,-0.00395069,-0.00544230,-0.00480815
2016-09-08,-0.01014103,-0.01460995,-0.01672867
2016-09-09,-0.01793220,-0.01389596,-0.01874667
2016-09-12,-0.01130208,-0.00719787,-0.00989014
2016-09-13,-0.00343399,-0.00755189,-0.00991602
2016-09-14,-0.00014567,0.00341923,0.00185587
2016-09-15,0.00107897,0.00119227,0.00160094
2016-09-16,0.00432436,0.00395769,0.00418296
2016-09-19,0.00338201,0.00217508,0.00282259
2016-09-20,0.00545843,0.00343216,0.00436906
2016-09-21,0.00335525,0.00110840,0.00237228
2016-09-22,0.00426949,0.00798279,0.00851210
2016-09-23,0.00161376,0.00245574,0.00192480
2016-09-26,0.00333552,0.00261553,0.00253864
2016-09-27,0.00317172,0.00342798,0.00362074
2016-09-28,-0.00120796,-0.00102194,-0.00069879
2016-09-29,-0.00209036,-0.00368312,-0.00463381
2016-09-30,-0.00155586,-0.00433749,-0.00625393
2016-10-03,-0.00247485,-0.00076108,-0.00177156
2016-10-04,-0.00699146,-0.00500353,-0.00657734
2016-10-05,-0.00368512,-0.00536723,-0.00695092
2016-10-06,-0.00315920,-0.00402054,-0.00507758
2016-10-07,0.00280772,0.00037253,0.00004951
2016-10-10,0.00375385,0.00219702,0.00295299
2016-10-11,0.00442109,0.00537213,0.00467886
2016-10-12,-0.00295345,-0.00186880,-0.00263314
2016-10-13,-0.00085259,-0.00161594,-0.00237016
2016-10-14,0.00150384,0.00048030,0.00106788
2016-10-17,0.00001872,-0.00055594,-0.00018159
2016-10-18,0.00011570,0.00040186,0.00144320
2016-10-19,0.00335731,0.00366547,0.00300128
2016-10-20,-0.00067405,0.00138582,0.00257021
2016-10-21,-0.00094458,0.00411430,0.00443051
2016-10-24,0.00100387,0.00223807,0.00375691
2016-10-25,-0.00103374,0.00365104,0.00240113
2016-10-26,-0.00742564,-0.00508499,-0.00695586
2016-10-27,-0.00266329,-0.00387371,-0.00412651
2016-10-28,0.00095241,0.00035037,-0.00076807
2016-10-31,-0.00431735,-0.00036409,-0.00130124
2016-11-01,-0.00691947,-0.00271752,-0.00382079
2016-11-02,-0.01629150,-0.01233102,-0.01569913
2016-11-03,-0.00045267,-0.00180746,-0.00215145
2016-11-04,0.00224997,0.00254652,0.00236230
2016-11-07,0.00958212,0.00996961,0.01141440
2016-11-08,-0.00404775,-0.00031474,0.00017893
2016-11-09,0.00162499,-0.00744276,-0.00855650
2016-11-10,0.00698331,0.00164096,0.00303017
2016-11-11,0.00918414,0.01080373,0.01159157
2016-11-14,0.00684183,0.00404710,0.00584319
2016-11-15,-0.00595071,-0.00292207,-0.00323677
2016-11-16,-0.00794545,-0.01292998,-0.01372759
2016-11-17,0.00831226,0.00774781,0.00897136
2016-11-18,0.00387058,0.00109272,0.00176614
2016-11-21,-0.00846524,-0.01041150,-0.01085176
2016-11-22,-0.00005481,-0.00168781,-0.00254577
2016-11-23,0.00991004,0.00652673,0.00715991
2016-11-24,0.00750266,0.00656186,0.00756648
2016-11-25,0.00098169,0.00212631,0.00247356
2016-11-28,-0.00421200,-0.00382117,-0.00475196
2016-11-29,-0.01057780,-0.00851676,-0.00786590
2016-11-30,0.01394430,0.01301430,0.01424171
2016-12-01,0.00357054,-0.00615661,-0.00810257
2016-12-02,-0.01378710,-0.01196186,-0.01299421
2016-12-05,0.00084025,-0.00230442,-0.00263526
2016-12-06,0.00188203,0.00272225,0.00334343
2016-12-07,0.00035445,0.00503755,0.00506285
2016-12-08,0.00995949,0.00636281,0.00805394
2016-12-09,0.02251930,0.01617372,0.01779798
2016-12-12,-0.00392195,-0.00405377,-0.00575909
2016-12-13,-0.00330956,-0.00050989,0.00008916
2016-12-14,0.00700426,0.00171310,0.00268953
2016-12-15,0.01232872,0.01392946,0.01486103
2016-12-16,-0.00695787,-0.00608862,-0.00598902
2016-12-19,-0.00815769,-0.00585024,-0.00586680
2016-12-20,0.00390007,0.00478991,0.00495927
2016-12-21,-0.00365140,-0.00675712,-0.00759240
2016-12-22,0.00207327,0.00356772,0.00401552
2016-12-23,-0.00168046,0.00033314,0.00100977
2016-12-26,0.00085271,0.00037796,0.00072441
2016-12-27,0.00248750,0.00092541,0.00088720
2016-12-28,-0.00335796,-0.00237057,-0.00284700
2016-12-29,-0.01266448,-0.00800669,-0.01007841
2016-12-30,-0.00323016,-0.00571411,-0.00592476
2017-01-02,0.00236887,0.00287643,0.00354976
2017-01-03,-0.00119389,-0.00168147,-0.00142951
2017-01-04,-0.00779828,-0.00418534,-0.00557190
2017-01-05,-0.02050163,-0.01961525,-0.02264256
2017-01-06,0.00913091,0.00448316,0.00685821
2017-01-09,-0.00117049,0.00169141,0.00073917
2017-01-10,-0.00554585,-0.00094227,-0.00354349
2017-01-11,-0.00018912,0.00237709,0.00196323
2017-01-12,-0.00548264,-0.00905960,-0.00973980
2017-01-13,0.00200975,-0.00186790,-0.00074050
2017-01-16,0.00067602,0.00264771,0.00131473
2017-01-17,-0.01526352,-0.01246667,-0.01448622
2017-01-18,0.00831091,0.00204480,0.00215084
2017-01-19,-0.00040587,0.00060322,-0.00010923
2017-01-20,-0.00291455,-0.00355243,-0.00285211
2017-01-23,-0.00750402,-0.00596067,-0.00686157
2017-01-24,0.00604169,0.00189567,0.00330486
2017-01-25,0.00422277,-0.00058725,0.00194360
2017-01-26,0.00657165,0.00530963,0.00617452
2017-01-27,-0.00044435,0.00049157,0.00022997
2017-01-30,-0.00808530,-0.00435244,-0.00640152
2017-01-31,-0.00700577,-0.00478204,-0.00672176
2017-02-01,0.00605055,0.00240000,0.00432623
2017-02-02,-0.00252578,-0.00291835,-0.00344116
2017-02-03,-0.00173722,-0.00004952,0.00111443
2017-02-06,0.00000016,-0.00010422,-0.00056311
2017-02-07,-0.00039883,0.00488387,0.00320042
2017-02-08,-0.00393284,0.00411650,0.00338538
2017-02-09,0.00295734,-0.00173083,-0.00076128
2017-02-10,0.01592208,0.01071149,0.01419120
2017-02-13,0.00745751,0.00603719,0.00793578
2017-02-14,0.00194115,0.00187495,0.00195769
2017-02-15,0.00172551,0.00000800,0.00236655
2017-02-16,-0.00594542,-0.00248721,-0.00320291
2017-02-17,-0.00024935,0.00671140,0.00537317
2017-02-20,0.00392214,0.00448571,0.00536024
2017-02-21,0.00753678,0.01047212,0.01219645
2017-02-22,-0.00178102,0.00086639,0.00145131
2017-02-23,-0.00751633,-0.00148090,-0.00311563
2017-02-24,-0.00185491,-0.00135865,-0.00262554
2017-02-27,0.00170669,0.00173020,0.00108977
2017-02-28,-0.00228045,-0.00263501,-0.00311248
2017-03-01,0.00924798,0.00496112,0.00810438
2017-03-02,-0.00197274,-0.00223715,-0.00284058
2017-03-03,-0.00966807,-0.00492934,-0.00727285
2017-03-06,-0.00328639,-0.00541717,-0.00604095
2017-03-07,-0.00001480,-0.00110410,-0.00144959
2017-03-08,-0.00355439,-0.00587714,-0.00661637
2017-03-09,-0.00100499,0.00154729,0.00157936
2017-03-10,-0.00122898,0.00036001,0.00014044
2017-03-13,0.00177995,0.00394291,0.00459881
2017-03-14,-0.00001301,0.00313428,0.00363255
2017-03-15,-0.00451069,0.00118038,-0.00279418
2017-03-16,0.00189165,-0.00141467,-0.00187072
2017-03-17,-0.00211228,0.00025992,-0.00034608
2017-03-20,-0.00589417,-0.00443198,-0.00526759
2017-03-21,-0.01423888,-0.01275749,-0.01499239
2017-03-22,-0.00413091,0.00209013,0.00060318
2017-03-23,0.00143790,-0.00049899,0.00013143
2017-03-24,0.00321746,0.00557211,0.00691579
2017-03-27,-0.01089565,-0.00884674,-0.01075928
2017-03-28,0.00515489,0.00305442,0.00454710
2017-03-29,0.00433738,0.00487621,0.00489487
2017-03-30,-0.00261670,-0.00471792,-0.00559723
2017-03-31,-0.00059843,-0.00149796,-0.00209877
2017-04-03,-0.00103519,0.00107298,0.00087234
2017-04-04,0.00159925,-0.00005134,0.00123165
2017-04-05,-0.00624740,-0.00734160,-0.00955066
2017-04-06,-0.00188840,-0.00136883,-0.00273781
2017-04-07,0.00303017,0.00216548,0.00210655
2017-04-10,-0.00035559,-0.00095754,-0.00150421
2017-04-11,-0.00225709,-0.00075933,-0.00115844
2017-04-12,-0.00052119,-0.00107659,-0.00107023
2017-04-13,-0.00377416,-0.00139137,-0.00306868
2017-04-14,-0.00003858,0.00020001,0.00019641
2017-04-17,0.00095068,0.00138805,0.00062848
2017-04-18,-0.00857540,-0.00892202,-0.01210730
2017-04-19,-0.00218948,0.00032690,-0.00092667
2017-04-20,0.00595262,0.00945189,0.01016544
2017-04-21,0.00015880,0.00524865,0.00603339
2017-04-24,0.00200422,0.00334385,0.00327183
2017-04-25,-0.00237277,-0.00336135,-0.00285811
2017-04-26,0.00369243,0.00002000,0.00095983
2017-04-27,0.00723242,0.00901245,0.01014325
2017-04-28,-0.00207858,-0.00143747,-0.00263887
2017-05-01,-0.00080772,-0.00185845,-0.00242850
2017-05-02,0.00316615,0.00311859,0.00441188
2017-05-03,0.00198037,0.00112103,0.00072473
2017-05-04,0.00056415,-0.00263894,-0.00155284
2017-05-05,0.01131368,0.01375906,0.01884237
2017-05-08,-0.01275678,-0.01602288,-0.01842319
2017-05-09,-0.00048304,-0.00173641,-0.00098669
2017-05-10,0.00055066,0.00270093,0.00268066
2017-05-11,-0.00850926,-0.01056406,-0.01244495
2017-05-12,0.00133310,0.00191453,0.00117158
2017-05-15,-0.00607281,-0.00416382,-0.00516297
2017-05-16,-0.00238060,0.00071391,-0.00004896
2017-05-17,-0.01783706,-0.01037238,-0.01443346
2017-05-18,0.00113872,0.00105218,0.00096378
2017-05-19,-0.00175942,-0.00361748,-0.00520233
2017-05-22,-0.00171128,-0.00377084,-0.00459479
2017-05-23,0.00263685,0.00447672,0.00518068
2017-05-24,0.00361862,0.00217212,0.00277285
2017-05-25,0.00267215,0.00223681,0.00261040
2017-05-26,0.00004169,0.00274704,0.00341099
2017-05-29,-0.00032232,0.00092890,0.00057496
2017-05-30,-0.00165380,-0.00091524,-0.00039630
2017-05-31,0.00581166,0.00417138,0.00568457
2017-06-01,0.01030011,0.01054176,0.01292223
2017-06-02,0.01049758,0.01028635,0.01344606
2017-06-05,-0.00268889,-0.00137929,-0.00252900
2017-06-06,-0.00177479,-0.00015159,0.00005323
2017-06-07,-0.00302261,-0.00258792,-0.00423151
2017-06-08,0.00207661,0.00075694,0.00140276
2017-06-09,-0.00073119,0.00026438,0.00060925
2017-06-12,-0.00647791,-0.00412674,-0.00502785
2017-06-13,0.00660250,0.00489136,0.00619288
2017-06-14,0.00041053,0.00050580,0.00135307
2017-06-15,-0.00609250,-0.00746341,-0.00896722
2017-06-16,0.00227329,0.00110466,0.00144858
2017-06-19,0.00540820,0.00779003,0.00944834
2017-06-20,0.00139017,0.00055837,0.00186539
2017-06-21,0.00826381,0.00697202,0.00790215
2017-06-22,0.00973296,0.00921846,0.01116186
2017-06-23,-0.00697322,-0.00813967,-0.00848801
2017-06-26,0.00243002,0.00318165,0.00334747
2017-06-27,-0.01758232,-0.01851353,-0.02176962
2017-06-28,-0.00425169,-0.00429003,-0.00549160
2017-06-29,-0.01621467,-0.01681230,-0.01937935
2017-06-30,-0.00995376,-0.01108921,-0.01338713
2017-07-03,-0.01117256,-0.00978035,-0.01288732
2017-07-04,-0.00479446,-0.00347461,-0.00548295
2017-07-05,0.00265753,-0.00025979,0.00097374
2017-07-06,0.00056827,-0.00146797,-0.00127593
2017-07-07,0.00474208,0.00793576,0.00972960
2017-07-10,0.00896988,0.00783508,0.01042080
2017-07-11,0.00112627,0.00001344,-0.00009751
2017-07-12,-0.00397807,0.00099433,-0.00129326
2017-07-13,0.00413691,0.00773590,0.01118767
2017-07-14,-0.00332336,-0.00433636,-0.00454036
2017-07-17,-0.00213344,0.00113861,0.00033314
2017-07-18,0.00128207,0.00291869,0.00346812
2017-07-19,-0.00050431,0.00353676,0.00397836
2017-07-20,-0.00245692,-0.00338155,-0.00344803
2017-07-21,0.00073909,0.00264367,0.00284216
2017-07-24,-0.00029726,0.00111338,0.00167166
2017-07-25,0.00285569,0.00066194,0.00131980
2017-07-26,0.00370099,0.00228615,0.00391055
2017-07-27,-0.00200461,0.00091493,0.00101089
2017-07-28,-0.00326179,-0.00558859,-0.00677768
2017-07-31,0.00585845,0.00750428,0.00974126
2017-08-01,-0.00097086,0.00210256,0.00215307
2017-08-02,-0.00090228,0.00076492,0.00089888
2017-08-03,-0.00410186,-0.00240858,-0.00371668
2017-08-04,-0.00259108,-0.00004479,-0.00039500
2017-08-07,0.00451343,0.00372866,0.00560574
2017-08-08,-0.00050767,-0.00217553,-0.00237267
2017-08-09,-0.00799124,-0.00900961,-0.01077125
2017-08-10,-0.00884017,-0.00733050,-0.01035707
2017-08-11,-0.00457779,-0.00340148,-0.00424451
2017-08-14,0.00205950,0.00349127,0.00310477
2017-08-15,-0.00496516,-0.00318090,-0.00535716
2017-08-16,0.01061270,0.00883867,0.01252949
2017-08-17,0.00010014,0.00102179,0.00082227
2017-08-18,-0.00171239,-0.00148772,-0.00163222
2017-08-21,0.00761838,0.00844195,0.01062560
2017-08-22,0.00192335,0.00336251,0.00289811
2017-08-23,0.00111192,-0.00040918,0.00035047
2017-08-24,0.00110063,0.00225959,0.00253819
2017-08-25,0.00843680,0.00919666,0.01075633
2017-08-28,0.00198069,0.00005660,0.00187929
2017-08-29,0.00536317,0.00574768,0.00712711
2017-08-30,-0.00347256,-0.00268754,-0.00381283
2017-08-31,-0.00246399,-0.00167100,-0.00161791
2017-09-01,0.01045500,0.01206682,0.01498259
2017-09-04,-0.00067262,-0.00249953,-0.00258116
2017-09-05,0.00301633,0.00563269,0.00811660
2017-09-06,-0.00465011,-0.00437560,-0.00558282
2017-09-07,0.01332436,0.01374459,0.01791172
2017-09-08,-0.00020768,0.00391107,0.00506428
2017-09-11,-0.01377449,-0.01230518,-0.01682936
2017-09-12,-0.00262280,-0.00493933,-0.00766654
2017-09-13,-0.01401551,-0.01294805,-0.01632075
2017-09-14,-0.00322902,-0.00679157,-0.00736524
2017-09-15,-0.00330289,-0.00331603,-0.00411637
2017-09-18,-0.00039995,-0.00080640,-0.00180556
2017-09-19,-0.00236504,-0.00169263,-0.00190493
2017-09-20,-0.00237968,-0.00223918,-0.00229147
2017-09-21,-0.00643475,-0.00880524,-0.01100452
2017-09-22,0.00333001,0.00475676,0.00570893
2017-09-25,-0.00381119,-0.00113431,-0.00133181
2017-09-26,0.00204186,0.00274294,0.00339386
2017-09-27,-0.00483753,-0.00685080,-0.00840145
2017-09-28,-0.00187921,-0.00486391,-0.00499686
2017-09-29,0.00046096,0.00193130,0.00312056
2017-10-02,-0.00404701,-0.00072253,-0.00062268
2017-10-03,0.00144560,0.00159610,0.00204221
2017-10-04,0.00056503,-0.00103495,-0.00099692
2017-10-05,0.00161034,0.00200161,0.00320645
2017-10-06,0.00398300,0.00127356,0.00265766
2017-10-09,-0.00397319,-0.00623000,-0.00830955
2017-10-10,0.00297437,0.00000864,0.00075306
2017-10-11,0.00594634,0.00635056,0.00859140
2017-10-12,0.00016179,0.00077382,0.00102219
2017-10-13,0.00027284,0.00173999,0.00181634
2017-10-16,0.01004390,0.00977480,0.01425870
2017-10-17,-0.00161521,0.00014011,-0.00048205
2017-10-18,0.00232402,0.00265914,0.00338949
2017-10-19,-0.00027687,-0.00265323,-0.00316455
2017-10-20,0.00160267,-0.00097663,-0.00119524
2017-10-23,-0.00135547,0.00227148,0.00088696
2017-10-24,0.00036184,-0.00380445,-0.00371943
2017-10-25,0.00235430,0.00248723,0.00364860
2017-10-26,0.00464098,0.00580720,0.00752138
2017-10-27,0.00940182,0.01155550,0.01487371
2017-10-30,0.00135904,0.00242772,0.00233767
2017-10-31,0.00494575,0.00759292,0.00927788
2017-11-01,0.01302971,0.01380606,0.01687640
2017-11-02,-0.00628331,-0.00566090,-0.00736639
2017-11-03,0.00396717,0.00439560,0.00518969
2017-11-06,0.00117108,0.00227987,0.00319942
2017-11-07,0.01290901,0.01030392,0.01294451
2017-11-08,-0.00797859,-0.00760726,-0.00886352
2017-11-09,-0.00808414,-0.00915592,-0.01259862
2017-11-10,-0.00489871,-0.00626165,-0.00718883
2017-11-13,-0.00099050,-0.00076604,-0.00064778
2017-11-14,-0.00801511,-0.00566398,-0.00704332
2017-11-15,-0.01552516,-0.01155224,-0.01406284
2017-11-16,0.01096061,0.00818576,0.01118881
2017-11-17,-0.00160972,-0.00216697,-0.00252209
2017-11-20,0.00933242,0.01184394,0.01505261
2017-11-21,0.00979533,0.00843265,0.01069612
2017-11-22,0.00198153,-0.00008599,-0.00085960
2017-11-23,-0.00531716,-0.00515547,-0.00592710
2017-11-24,0.00575652,0.00586446,0.00764725
2017-11-27,-0.00225038,-0.00257008,-0.00411664
2017-11-28,0.00235399,0.00300723,0.00388252
2017-11-29,-0.00055678,-0.00079988,-0.00160113
2017-11-30,0.00092636,0.00189267,0.00314307
2017-12-01,0.00013017,0.00281837,0.00349451
2017-12-04,0.00373660,0.00097828,0.00271178
2017-12-05,-0.00957157,-0.00323128,-0.00662300
2017-12-06,-0.00130458,0.00165195,0.00293785
2017-12-07,0.00471614,0.00964140,0.01076878
2017-12-08,0.00870203,0.00804837,0.01089655
2017-12-11,0.00832256,0.00811002,0.01037019
2017-12-12,0.01022593,0.01077370,0.01417663
2017-12-13,-0.01190017,-0.01145539,-0.01664967
2017-12-14,-0.00481765,-0.00526243,-0.00711403
2017-12-15,0.00659364,0.00752192,0.00989312
2017-12-18,0.00115742,-0.00007851,0.00126441
2017-12-19,-0.00505806,-0.00997118,-0.01167128
2017-12-20,-0.00409008,-0.00882060,-0.01094516
2017-12-21,0.00211346,0.00022573,0.00110776
2017-12-22,0.00305562,-0.00009835,0.00124967
2017-12-25,0.00076729,0.00019279,0.00054956
2017-12-26,-0.00008818,-0.00120542,-0.00132717
2017-12-27,-0.00224612,-0.00020997,0.00046380
2017-12-28,-0.00760653,-0.01047152,-0.01119291
2017-12-29,-0.00132521,-0.00178377,-0.00199188
2018-01-01,-0.00174509,-0.00153968,-0.00193950
2018-01-02,0.00130059,-0.00431328,-0.00204270
2018-01-03,0.00160046,0.00550357,0.00472397
2018-01-04,0.01963978,0.01771182,0.02346965
2018-01-05,0.00431441,0.00496443,0.00602336
2018-01-08,0.00774305,0.00856311,0.01066560
2018-01-09,-0.00023078,-0.00244922,-0.00205923
2018-01-10,0.00043967,-0.00112611,-0.00075893
2018-01-11,0.00173360,-0.00165603,-0.00072711
2018-01-12,0.01528786,0.01021865,0.01517625
2018-01-15,0.01002455,0.00740315,0.01055349
2018-01-16,-0.00303356,-0.00054196,-0.00296090
2018-01-17,-0.00280271,-0.00244959,-0.00240984
2018-01-18,0.00579185,0.00375970,0.00528217
2018-01-19,0.00142785,0.00200243,0.00363120
2018-01-22,0.00705337,0.00464318,0.00532560
2018-01-23,0.00947972,0.00846877,0.00954164
2018-01-24,0.00961816,0.00418634,0.00703664
2018-01-25,-0.00334907,-0.00222446,-0.00261131
2018-01-26,0.00511571,0.00076432,0.00237802
2018-01-29,-0.00080902,-0.00583490,-0.00678734
2018-01-30,-0.02318252,-0.02124574,-0.02519690
2018-01-31,-0.00395058,-0.00520107,-0.00607687
2018-02-01,0.01270955,0.00536743,0.00668517
2018-02-02,-0.01168529,-0.01183418,-0.01510243
2018-02-05,-0.04535242,-0.03812885,-0.04555954
2018-02-06,-0.02921353,-0.02376285,-0.03026123
2018-02-07,-0.00534545,-0.00776151,-0.00910776
2018-02-08,-0.01591882,-0.01718434,-0.02162689
2018-02-09,-0.00908771,-0.00580482,-0.00853798
2018-02-12,0.00226349,0.00002989,0.00032814
2018-02-13,0.00191453,0.00200434,0.00292396
2018-02-14,0.01643904,0.00999043,0.01471698
2018-02-15,0.01023739,0.00597055,0.00838616
2018-02-16,-0.00549822,0.00122488,0.00040405
2018-02-19,0.00078420,-0.00274197,-0.00250993
2018-02-20,-0.00438734,-0.00378148,-0.00506932
2018-02-21,-0.00629717,-0.00651865,-0.00832892
2018-02-22,0.00008566,-0.00181537,-0.00182428
2018-02-23,-0.00453843,0.00262547,0.00119353
2018-02-26,0.00218290,0.00207003,0.00361948
2018-02-27,-0.00043953,-0.00491008,-0.00526763
2018-02-28,-0.00556013,-0.00642441,-0.00847102
2018-03-01,-0.01107953,-0.00917328,-0.01249700
2018-03-02,0.00034305,-0.00010329,-0.00025035
2018-03-05,0.00212206,-0.00135602,-0.00068856
2018-03-06,0.00783270,0.00356160,0.00545126
2018-03-07,-0.00482490,-0.00250995,-0.00366964
2018-03-08,-0.00526134,-0.00092541,-0.00282291
2018-03-09,-0.00036444,0.00069582,0.00026942
2018-03-12,0.00225515,0.00524546,0.00481149
2018-03-13,-0.00054361,-0.00142483,-0.00070586
2018-03-14,-0.00138081,0.00162486,0.00207183
2018-03-15,-0.00059756,0.00152273,0.00171336
2018-03-16,-0.00034771,0.00029857,0.00016067
2018-03-19,-0.00297720,-0.00029992,-0.00097035
2018-03-20,0.00012229,0.00007485,-0.00031521
2018-03-21,0.00672416,0.00205212,0.00399602
2018-03-22,-0.00253758,0.00267930,0.00372750
2018-03-23,0.00340485,-0.00139921,-0.00001748
2018-03-26,0.00422046,0.00157084,0.00169782
2018-03-27,-0.00724999,0.00163231,-0.00058030
2018-03-28,-0.00560253,-0.00100608,-0.00180625
2018-03-29,-0.00056782,0.00065435,0.00022666
2018-03-30,-0.00026710,-0.00016523,-0.00026103
2018-04-02,0.00355325,0.00256770,0.00367903
2018-04-03,-0.00636985,-0.00579564,-0.00916339
2018-04-04,0.00079953,0.00061682,0.00118312
2018-04-05,-0.00399781,-0.00325855,-0.00306603
2018-04-06,-0.00007028,-0.00057012,-0.00119430
2018-04-09,-0.00474598,-0.00650112,-0.00754195
2018-04-10,0.00424228,0.00382149,0.00659945
2018-04-11,0.00473031,0.00227057,0.00434122
2018-04-12,0.00181487,0.00195967,0.00393306
2018-04-13,-0.00083507,0.00178890,0.00097618
2018-04-16,0.00406533,0.00103000,0.00119322
2018-04-17,0.00091720,0.00408268,0.00414463
2018-04-18,0.00009764,-0.00057555,-0.00062738
2018-04-19,-0.00280849,-0.00631317,-0.00744994
2018-04-20,-0.00170357,-0.00217799,-0.00257386
2018-04-23,0.00070396,-0.00055522,-0.00081786
2018-04-24,0.00374113,0.00294213,0.00364313
2018-04-25,-0.00004327,-0.00200053,-0.00231399
2018-04-26,0.00162014,0.00617573,0.00658083
2018-04-27,-0.00036487,0.00556911,0.00565898
2018-04-30,0.00096989,0.00183081,0.00240414
2018-05-01,0.00671292,0.00591073,0.00728856
2018-05-02,-0.00267488,-0.00313406,-0.00349967
2018-05-03,-0.00281495,0.00071270,-0.00032239
2018-05-04,-0.00003005,-0.00071364,-0.00063252
2018-05-07,0.01237652,0.01330991,0.01590098
2018-05-08,0.00005840,-0.00102220,-0.00002308
2018-05-09,0.00938271,0.00674130,0.00912444
2018-05-10,-0.00215399,-0.00220552,-0.00277792
2018-05-11,-0.00075326,0.00025191,-0.00035045
2018-05-14,-0.00254348,-0.00607840,-0.00617723
2018-05-15,0.01174123,0.00793106,0.01155921
2018-05-16,0.00625939,0.00537409,0.00710480
2018-05-17,0.00514481,0.00229433,0.00406844
2018-05-18,-0.00085727,0.00190430,0.00143328
2018-05-21,-0.00318050,-0.00103044,-0.00156045
2018-05-22,-0.00178021,-0.00292400,-0.00382604
2018-05-23,-0.01297138,-0.00851238,-0.01061333
2018-05-24,-0.00533789,-0.00277070,-0.00473461
2018-05-25,-0.00574600,0.00087400,0.00061717
2018-05-28,-0.01614299,-0.01289916,-0.01463013
2018-05-29,-0.00622347,0.00034839,-0.00242931
2018-05-30,-0.00758326,-0.00481288,-0.00590660
2018-05-31,0.00017494,-0.00254997,-0.00231225
2018-06-01,0.00287249,0.00215527,0.00292852
2018-06-04,-0.00341358,-0.00118480,-0.00264077
2018-06-05,-0.00390922,-0.00438059,-0.00588034
2018-06-06,-0.00435540,-0.00495913,-0.00510647
2018-06-07,0.00044382,-0.00230446,-0.00302755
2018-06-08,0.00062350,0.00112781,0.00142106
2018-06-11,0.00036712,-0.00039553,0.00033427
2018-06-12,0.00420611,0.00407437,0.00509551
2018-06-13,-0.00295518,-0.00265398,-0.00354638
2018-06-14,0.00795004,0.01049273,0.01229469
2018-06-15,0.00208662,0.00771832,0.00917429
2018-06-18,-0.01044051,-0.00459937,-0.00773414
2018-06-19,0.00238742,0.00542142,0.00581430
2018-06-20,0.00335466,0.00229559,0.00390429
2018-06-21,-0.00232668,-0.00196012,-0.00326020
2018-06-22,-0.00880443,-0.00779003,-0.01050154
2018-06-25,-0.00088987,0.00041564,0.00082690
2018-06-26,0.00228603,0.00289390,0.00376879
2018-06-27,0.00895315,0.00864862,0.01146436
2018-06-28,0.00534915,0.01015855,0.01268233
2018-06-29,-0.00458501,-0.00509301,-0.00652418
2018-07-02,0.01329766,0.01278123,0.01722064
2018-07-03,-0.00553898,-0.00346482,-0.00510172
2018-07-04,-0.00591988,-0.00708102,-0.00822013
2018-07-05,0.00343901,0.00159179,0.00261329
2018-07-06,-0.00606310,-0.00591706,-0.00756374
2018-07-09,-0.00671943,-0.00712226,-0.00847471
2018-07-10,0.00963989,0.00968069,0.01232195
2018-07-11,0.01455590,0.01381311,0.01715623
2018-07-12,-0.00797447,-0.00309117,-0.00626674
2018-07-13,0.00489709,0.00583254,0.00704127
2018-07-16,0.00196704,0.00041113,0.00102914
2018-07-17,-0.00250170,-0.00604915,-0.00687506
2018-07-18,0.00687945,0.00882687,0.01142404
2018-07-19,0.00574977,0.00559393,0.00704760
2018-07-20,-0.01203748,-0.01244857,-0.01538525
2018-07-23,-0.01013656,-0.01305893,-0.01505121
2018-07-24,0.00057230,0.00299068,0.00378241
2018-07-25,-0.00943056,-0.00713668,-0.00986615
2018-07-26,0.00421975,-0.00131372,0.00009271
2018-07-27,0.00388124,0.00541825,0.00536977
2018-07-30,-0.00994185,-0.00921731,-0.01159183
2018-07-31,-0.00173756,-0.00244934,-0.00268722
2018-08-01,0.00751475,0.00264984,0.00390901
2018-08-02,0.00489442,0.00414155,0.00442553
2018-08-03,0.00361746,0.00723954,0.00881831
2018-08-06,0.00015810,0.00039802,0.00080688
2018-08-07,0.00059219,-0.00098500,-0.00039184
2018-08-08,0.00125377,0.00085532,0.00034723
2018-08-09,-0.00537933,-0.00213943,-0.00186459
2018-08-10,0.00384161,0.00980376,0.01007517
2018-08-13,0.01013931,0.01262429,0.01518638
2018-08-14,0.00365008,0.00151989,0.00245670
2018-08-15,0.01388225,0.01183580,0.01477344
2018-08-16,-0.00758978,-0.00546436,-0.00583243
2018-08-17,0.00077306,0.00051487,0.00119318
2018-08-20,-0.00859141,-0.00677744,-0.00817526
2018-08-21,-0.01298529,-0.01084182,-0.01299251
2018-08-22,0.00262020,0.00097930,0.00204513
2018-08-23,0.01393409,0.01152725,0.01484910
2018-08-24,-0.01038297,-0.00796854,-0.00978344
2018-08-27,-0.00760705,-0.00574195,-0.00623356
2018-08-28,0.00226084,-0.00044451,-0.00041865
2018-08-29,0.00093670,0.00067311,0.00058998
2018-08-30,0.00850624,0.00558836,0.00763838
2018-08-31,-0.00222332,-0.00142506,-0.00116589
2018-09-03,0.00063976,0.00006152,-0.00003358
2018-09-04,0.00139814,0.00120210,0.00208194
2018-09-05,-0.00760292,-0.00624590,-0.00821218
2018-09-06,-0.00040380,0.00118454,0.00067783
2018-09-07,0.00029223,-0.00093566,-0.00132098
2018-09-10,0.00206813,0.00069453,0.00262582
2018-09-11,-0.00437823,-0.00657654,-0.00761287
2018-09-12,0.00357169,0.00447374,0.00657990
2018-09-13,-0.00771136,-0.00514697,-0.00706067
2018-09-14,0.00048474,0.00044676,0.00021325
2018-09-17,0.00856262,0.00821621,0.00955499
2018-09-18,-0.00545997,-0.00592963,-0.00707555
2018-09-19,-0.00135323,-0.00186038,-0.00107006
2018-09-20,-0.00724087,-0.00614873,-0.00701798
2018-09-21,-0.00177216,-0.00355274,-0.00335282
2018-09-24,0.00050038,0.00019428,0.00159310
2018-09-25,0.00197080,0.00011746,0.00133515
2018-09-26,-0.00353039,-0.00138646,-0.00184127
2018-09-27,0.00367523,0.00484617,0.00572636
2018-09-28,0.00187606,0.00313976,0.00379107
2018-10-01,0.00270778,0.00139378,0.00455392
2018-10-02,-0.00544675,-0.00482096,-0.00422543
2018-10-03,0.00573947,0.00025051,0.00417658
2018-10-04,0.00375887,-0.00074485,0.00167970
2018-10-05,-0.00300197,-0.00292208,-0.00433864
2018-10-08,-0.00537681,-0.00564576,-0.00685756
2018-10-09,0.00115233,0.00045708,0.00157510
2018-10-10,-0.00596553,-0.00429132,-0.00574211
2018-10-11,-0.03009315,-0.02918553,-0.03948708
2018-10-12,-0.00851427,-0.00845455,-0.01067088
2018-10-15,-0.00391299,-0.00318905,-0.00489760
2018-10-16,-0.00379059,-0.00152725,-0.00256777
2018-10-17,0.00897772,0.00994704,0.01378275
2018-10-18,-0.00267869,-0.00072105,-0.00235935
2018-10-19,-0.00138470,-0.00004942,-0.00013949
2018-10-22,0.00352445,0.00317080,0.00512411
2018-10-23,0.00100045,0.00066286,0.00074018
2018-10-24,-0.00853821,-0.00386847,-0.00706714
2018-10-25,0.00061648,0.00393405,0.00451863
2018-10-26,0.00349221,0.00394281,0.00648491
2018-10-29,-0.00636056,-0.00449346,-0.00646405
2018-10-30,0.00268906,0.00562815,0.00760959
2018-10-31,-0.00155002,-0.00142734,-0.00038520
2018-11-01,-0.01380649,-0.01548507,-0.01992948
2018-11-02,-0.01540682,-0.01817056,-0.02107688
2018-11-05,0.01151469,0.00634014,0.01013052
2018-11-06,-0.00257138,-0.00170920,-0.00238744
2018-11-07,-0.00085382,0.00000307,0.00055518
2018-11-08,0.00495796,0.00465121,0.00593126
2018-11-09,0.00720653,0.01064039,0.01191081
2018-11-12,0.00371048,0.00558956,0.00603138
2018-11-13,0.00321950,0.00293118,0.00268114
2018-11-14,0.00932605,0.00235576,0.00376807
2018-11-15,-0.00597568,-0.00024857,-0.00115026
2018-11-16,-0.00424452,-0.00607751,-0.00700845
2018-11-19,-0.00184147,-0.00151410,-0.00251172
2018-11-20,0.00918120,0.00855548,0.00886152
2018-11-21,0.00199485,0.00113908,0.00197330
2018-11-22,-0.00329844,-0.00520034,-0.00619086
2018-11-23,0.00676424,0.00512659,0.00558885
2018-11-26,0.00447732,0.00371672,0.00351721
2018-11-27,0.00896578,0.01345531,0.01623315
2018-11-28,-0.00707672,-0.00579281,-0.00619835
2018-11-29,0.00365208,-0.00061452,-0.00136096
2018-11-30,-0.00422676,-0.00212982,-0.00105975
2018-12-03,-0.01827926,-0.01702189,-0.01805197
2018-12-04,0.00807322,0.00889850,0.00926736
2018-12-05,0.00576234,0.00650164,0.00657977
2018-12-06,0.00872159,0.00935866,0.01112277
2018-12-07,-0.00097213,-0.00520448,-0.00649847
2018-12-10,-0.00020681,0.00262636,0.00303913
2018-12-11,0.00706367,0.00748152,0.00783292
2018-12-12,-0.01622348,-0.01333390,-0.01343427
2018-12-13,-0.00178467,-0.00224122,-0.00244877
2018-12-14,0.00746467,0.01040981,0.01152835
2018-12-17,0.00648455,0.00629662,0.00710701
2018-12-18,0.01118643,0.00916480,0.00840935
2018-12-19,0.01733043,0.01605508,0.01613224
2018-12-20,0.00674440,0.00704090,0.00594646
2018-12-21,0.00800908,0.00677244,0.00615132
2018-12-24,0.00872843,0.00775292,0.00837361
2018-12-25,0.02183257,0.01473623,0.01378627
2018-12-26,0.00377469,0.00489322,0.00583291
2018-12-27,-0.03179012,-0.02417910,-0.02252147
2018-12-28,0.00351993,0.00079760,0.00032777
2018-12-31,-0.00482345,-0.00546905,-0.00557304
2019-01-01,0.00018463,-0.00026784,0.00040426
2019-01-02,0.01999259,0.01704430,0.01869132
2019-01-03,0.00271215,0.00269682,0.00562317
2019-01-04,-0.02555130,-0.01988101,-0.02209086
2019-01-07,-0.03391256,-0.03077998,-0.03346101
2019-01-08,-0.00451154,-0.00423769,-0.00398130
2019-01-09,-0.01560726,-0.01437423,-0.01412891
2019-01-10,-0.00066019,0.00273109,0.00370226
2019-01-11,-0.00295298,-0.00160753,-0.00060636
2019-01-14,0.01129657,0.01582124,0.01707501
2019-01-15,-0.00501844,-0.00421526,-0.00378629
2019-01-16,0.00473222,0.00897502,0.00954299
2019-01-17,-0.00008703,-0.00069215,-0.00088760
2019-01-18,-0.01280374,-0.01352578,-0.01404871
2019-01-21,-0.01037115,-0.00761846,-0.00814522
2019-01-22,0.00628477,0.00616258,0.00674344
2019-01-23,0.00294602,0.00291101,0.00261110
2019-01-24,0.00313146,0.00462057,0.00474422
2019-01-25,-0.00499503,-0.00278877,-0.00335581
2019-01-28,0.00718304,0.00478676,0.00546561
2019-01-29,0.00591407,0.00736882,0.00825587
2019-01-30,0.00183679,0.00325345,0.00470870
2019-01-31,-0.00204959,-0.00312981,-0.00370324
2019-02-01,0.00079992,0.00156373,0.00151791
2019-02-04,-0.01305831,-0.01397756,-0.01515123
2019-02-05,0.00695978,0.00925165,0.01073573
2019-02-06,0.00176853,0.00338913,0.00309200
2019-02-07,0.00894181,0.00854103,0.01087148
2019-02-08,0.01206146,0.01385440,0.01515206
2019-02-11,-0.00664605,-0.00516573,-0.00521639
2019-02-12,-0.00539620,-0.00599863,-0.00599517
2019-02-13,-0.00333731,-0.00280779,-0.00284012
2019-02-14,0.00493182,0.00609761,0.00711781
2019-02-15,0.00046914,0.00177877,0.00248020
2019-02-18,-0.00093948,-0.00426085,-0.00466981
2019-02-19,0.00520174,0.00384147,0.00454582
2019-02-20,0.00149733,-0.00018443,0.00031726
2019-02-21,-0.00583441,-0.00445964,-0.00542888
2019-02-22,-0.00078945,-0.00363299,-0.00341838
2019-02-25,0.00730505,0.00698256,0.00800331
2019-02-26,0.00282553,0.00607255,0.00608314
2019-02-27,-0.00768091,-0.00656978,-0.00783815
2019-02-28,-0.00497275,-0.00270693,-0.00400850
2019-03-01,0.00247204,0.00441217,0.00448983
2019-03-04,-0.00240590,0.00252735,0.00029118
2019-03-05,0.00031161,0.00274164,0.00354149
2019-03-06,0.00368941,0.00381342,0.00465541
2019-03-07,0.01045577,0.01416512,0.01684924
2019-03-08,0.00026270,0.00163703,0.00293456
2019-03-11,-0.00132374,-0.00355790,-0.00467419
2019-03-12,0.00453654,0.00283181,0.00257284
2019-03-13,-0.00395265,-0.00801461,-0.00860458
2019-03-14,0.00046562,0.00119468,0.00117245
2019-03-15,0.00001256,-0.00225383,-0.00204295
2019-03-18,0.00347017,0.00061297,0.00008306
2019-03-19,0.00091074,0.00065149,0.00055968
2019-03-20,-0.00160762,-0.00637941,-0.00627716
2019-03-21,0.00476913,0.00218524,0.00228460
2019-03-22,-0.00071409,-0.00169234,-0.00131937
2019-03-25,0.00225451,0.00118068,0.00292946
2019-03-26,-0.00396744,-0.00204313,-0.00235774
2019-03-27,0.00071857,0.00441223,0.00638320
2019-03-28,0.00096713,0.00671695,0.00693656
2019-03-29,0.00083110,0.00326657,0.00457618
2019-04-01,0.00213093,0.00480266,0.00533626
2019-04-02,0.00263207,0.00167774,0.00233499
2019-04-03,-0.00460053,-0.00339363,-0.00431005
2019-04-04,0.00171437,0.00079322,0.00093654
2019-04-05,0.00001682,0.00038391,0.00030136
2019-04-08,0.00794407,0.00672424,0.00792358
2019-04-09,-0.00371749,-0.00378905,-0.00432651
2019-04-10,0.00525705,0.00423199,0.00439369
2019-04-11,0.00332465,0.00590674,0.00724841
2019-04-12,-0.00457638,-0.00349822,-0.00318859
2019-04-15,-0.00610519,-0.00608570,-0.00644528
2019-04-16,0.00336765,0.00606404,0.00708296
2019-04-17,0.00524200,0.00619488,0.00852447
2019-04-18,0.00006673,-0.00030673,-0.00013583
2019-04-19,0.00069087,0.00047082,0.00050588
2019-04-22,0.00919336,0.00941271,0.01142987
2019-04-23,0.00924267,0.01059819,0.01324693
2019-04-24,0.00649599,0.00647112,0.00918686
2019-04-25,0.00207895,0.00360439,0.00428237
2019-04-26,-0.00179143,-0.00195187,-0.00264842
2019-04-29,-0.00718723,-0.00664629,-0.00910822
2019-04-30,0.00812954,0.00951532,0.01084990
2019-05-01,0.00119232,0.00150986,0.00126236
2019-05-02,-0.00360723,-0.00020047,0.00059968
2019-05-03,0.00138044,0.00182239,0.00139773
2019-05-06,-0.00128611,0.00098864,-0.00010327
2019-05-07,-0.00209006,-0.00443876,-0.00480026
2019-05-08,-0.00745988,-0.00560284,-0.00642889
2019-05-09,-0.00441608,-0.00413042,-0.00354641
2019-05-10,0.00343375,0.00487863,0.00634719
2019-05-13,0.00274886,0.00143465,0.00158207
2019-05-14,-0.01070452,-0.01363475,-0.01496858
2019-05-15,0.00294468,0.00342255,0.00540899
2019-05-16,0.01044864,0.01255159,0.01483089
2019-05-17,0.00399178,0.00313464,0.00465454
2019-05-20,-0.00355070,-0.00196859,-0.00279429
2019-05-21,-0.00656630,-0.00443405,-0.00570401
2019-05-22,0.01075650,0.01226083,0.01452327
2019-05-23,0.00132592,-0.00385758,-0.00331277
2019-05-24,-0.00513286,-0.00699222,-0.00897026
2019-05-27,0.00249665,0.00106561,0.00073190
2019-05-28,-0.00148738,-0.00586135,-0.00435927
2019-05-29,0.00138878,-0.00173827,-0.00028284
2019-05-30,0.00135870,-0.00061929,0.00072101
2019-05-31,0.00598722,-0.00362388,-0.00264407
2019-06-03,-0.00062163,-0.00877276,-0.00812811
2019-06-04,-0.00482226,-0.00515856,-0.00765552
2019-06-05,0.00322438,0.00715411,0.00764265
2019-06-06,0.00674131,0.00529891,0.00654621
2019-06-07,-0.00445880,0.00018975,-0.00114038
2019-06-10,-0.00861399,-0.00149256,-0.00209468
2019-06-11,0.00390696,0.00527392,0.00481384
2019-06-12,0.01087558,0.00522536,0.00654044
2019-06-13,0.01310445,0.01027351,0.01173303
2019-06-14,0.00580892,0.00368199,0.00303260
2019-06-17,-0.00286653,-0.00027184,0.00135324
2019-06-18,0.02242298,0.01988074,0.02263049
2019-06-19,-0.00162808,0.00232001,0.00147560
2019-06-20,0.00512841,0.00283154,0.00163469
2019-06-21,-0.00868455,-0.00953941,-0.01075294
2019-06-24,-0.01029325,-0.00866758,-0.01074462
2019-06-25,0.00404255,0.00127223,0.00135195
2019-06-26,-0.01286517,-0.00292432,-0.00369675
2019-06-27,-0.00362468,-0.00343410,-0.00419332
2019-06-28,0.00704072,0.00626564,0.00798878
2019-07-01,0.00065744,0.00669460,0.00763158
2019-07-02,0.01938842,0.01560792,0.01854734
2019-07-03,0.01428522,0.01077438,0.01128349
2019-07-04,-0.00254006,-0.00146466,-0.00144362
2019-07-05,-0.00870636,-0.00684071,-0.00723179
2019-07-08,-0.01460124,-0.00628104,-0.00736449
2019-07-09,-0.00966453,-0.00722005,-0.00670954
2019-07-10,-0.00434915,-0.00588112,-0.00554020
2019-07-11,-0.00782375,-0.00380424,-0.00582361
2019-07-12,-0.00745758,-0.00796044,-0.00862668
2019-07-15,0.00683115,0.00357043,0.00459335
2019-07-16,0.00366401,0.00635015,0.00779763
2019-07-17,0.00565432,0.00354213,0.00470495
2019-07-18,0.00362784,0.00034253,-0.00050108
2019-07-19,0.00144544,-0.00072695,-0.00102852
2019-07-22,-0.00490233,-0.00241517,-0.00163369
2019-07-23,0.00480017,0.00421413,0.00586046
2019-07-24,0.00574539,0.00371130,0.00483100
2019-07-25,-0.00135938,-0.00017201,-0.00120088
2019-07-26,0.00060364,0.00160443,0.00219273
2019-07-29,0.00789129,0.00405955,0.00674773
2019-07-30,-0.00129076,0.00117679,-0.00012672
2019-07-31,-0.00006768,0.00534169,0.00527371
2019-08-01,-0.00117415,-0.00359888,-0.00501934
2019-08-02,0.01294320,0.00561955,0.00636338
2019-08-05,0.00315613,-0.00672777,-0.00670109
2019-08-06,-0.00423447,-0.00472294,-0.00572131
2019-08-07,0.01616214,0.00806702,0.01126082
2019-08-08,-0.00435565,-0.00402559,-0.00414118
2019-08-09,-0.00062820,-0.00406290,-0.00536662
2019-08-12,0.00570081,0.00750592,0.00814198
2019-08-13,0.01033002,0.00955615,0.00951727
2019-08-14,-0.00706282,-0.00226596,-0.00366871
2019-08-15,0.01732797,0.01196561,0.01244287
2019-08-16,0.00498534,0.00326327,0.00363670
2019-08-19,-0.01047009,-0.00442100,-0.00389602
2019-08-20,-0.00164449,-0.00183579,-0.00156902
2019-08-21,0.00011010,-0.00073353,0.00015686
2019-08-22,-0.00715795,-0.00584651,-0.00563743
2019-08-23,-0.00288321,-0.00084033,-0.00049666
2019-08-26,0.02884657,0.01961671,0.02053026
2019-08-27,0.00196953,0.00144145,0.00165979
2019-08-28,0.00394328,0.00451112,0.00404709
2019-08-29,0.00536709,0.00762357,0.00849971
2019-08-30,-0.00647323,-0.00380795,-0.00364548
2019-09-02,0.01088789,0.00962045,0.01126699
2019-09-03,0.00897277,0.00652071,0.00716756
2019-09-04,-0.00662974,-0.00735186,-0.00985495
2019-09-05,-0.02712831,-0.01714174,-0.01911523
2019-09-06,-0.01554582,-0.01143517,-0.01273258
2019-09-09,-0.01025592,-0.00625110,-0.00813972
2019-09-10,-0.02239201,-0.01609316,-0.01497477
2019-09-11,-0.00843576,-0.00532567,-0.00369211
2019-09-12,-0.00150144,-0.00262281,-0.00206280
2019-09-13,-0.02042124,-0.02115716,-0.02055983
2019-09-16,-0.01752770,-0.01071136,-0.01054829
2019-09-17,0.00163437,0.00434970,0.00451857
2019-09-18,0.00346168,0.00179450,0.00198541
2019-09-19,0.00450800,0.00267338,0.00372435
2019-09-20,0.00390842,0.00336531,0.00387132
2019-09-23,0.00715977,0.00647381,0.00710667
2019-09-24,0.00112162,-0.00154767,-0.00272130
2019-09-25,-0.00692567,-0.00874107,-0.00912448
2019-09-26,0.00213865,0.00586771,0.00764482
2019-09-27,0.00000634,0.00108619,0.00200090
2019-09-30,-0.00115219,-0.00027899,0.00035910
2019-10-01,-0.01207703,-0.01047061,-0.01031108
2019-10-02,-0.00624028,-0.00728597,-0.01106395
2019-10-03,0.00570289,0.00010220,-0.00067497
2019-10-04,0.00112824,-0.00057484,-0.00110483
2019-10-07,0.00206574,0.00425880,0.00433491
2019-10-08,-0.00327715,0.00199136,0.00238991
2019-10-09,0.00583986,0.00119178,0.00188944
2019-10-10,-0.00909030,-0.00496280,-0.00498265
2019-10-11,-0.01303324,-0.00508675,-0.00455685
2019-10-14,-0.00866010,-0.01080831,-0.01185194
2019-10-15,0.00342310,0.00145687,0.00308312
2019-10-16,-0.00169247,-0.00218554,-0.00120254
2019-10-17,0.00158661,0.00004103,-0.00045809
2019-10-18,-0.01099397,-0.01049664,-0.01257211
2019-10-21,-0.00139429,-0.00190116,-0.00175811
2019-10-22,-0.00269444,-0.00108655,-0.00168066
2019-10-23,0.00501410,0.00643350,0.00691598
2019-10-24,0.00038841,0.00329587,0.00404241
2019-10-25,0.00374646,0.00439764,0.00518603
2019-10-28,-0.00411476,-0.00340274,-0.00317994
2019-10-29,0.00015973,0.00074227,0.00096270
2019-10-30,-0.00336627,-0.00645581,-0.00757855
2019-10-31,0.00137775,-0.00182802,-0.00310285
2019-11-01,-0.00133399,-0.00536165,-0.00580111
2019-11-04,0.00400748,0.00239620,0.00380681
2019-11-05,-0.00084956,0.00270204,0.00389259
2019-11-06,-0.00429073,-0.00103606,-0.00168870
2019-11-07,0.00152810,-0.00015804,0.00056094
2019-11-08,-0.00269364,-0.00009567,-0.00000127
2019-11-11,-0.00614303,-0.00151971,-0.00282545
2019-11-12,0.00004336,0.00424786,0.00479746
2019-11-13,-0.00676092,-0.00898142,-0.01070903
2019-11-14,-0.00124663,0.00376774,0.00348691
2019-11-15,0.00382763,0.00265944,0.00288626
2019-11-18,0.00110973,0.00254356,0.00249079
2019-11-19,0.00074962,-0.00019362,-0.00028616
2019-11-20,-0.00353951,-0.00754767,-0.00877710
2019-11-21,-0.00041911,0.00233885,0.00263926
2019-11-22,0.00218372,0.00761537,0.00830137
2019-11-25,0.00826673,0.00939798,0.01152244
2019-11-26,0.00299158,0.00161286,0.00246605
2019-11-27,0.00234947,0.00196033,0.00247234
2019-11-28,0.00037156,0.00135299,0.00183687
2019-11-29,-0.00329794,-0.00303079,-0.00353653
2019-12-02,-0.00339675,-0.00349248,-0.00470772
2019-12-03,-0.01313057,-0.01264019,-0.01620245
2019-12-04,0.00027294,-0.00192173,-0.00236226
2019-12-05,0.00425794,0.00250018,0.00384076
2019-12-06,0.00446313,0.00419932,0.00539018
2019-12-09,0.00842343,0.01200085,0.01432592
2019-12-10,-0.00280769,-0.00445830,-0.00532608
2019-12-11,0.00202496,0.00104504,0.00154729
2019-12-12,0.00098203,-0.00408212,-0.00372951
2019-12-13,0.01306715,0.00855941,0.01232058
2019-12-16,-0.00162920,-0.00382917,-0.00455679
2019-12-17,0.00310961,0.00434502,0.00486924
2019-12-18,-0.00555012,-0.00407500,-0.00468347
2019-12-19,-0.00166498,-0.00084323,-0.00052894
2019-12-20,0.00397678,0.00289435,0.00367930
2019-12-23,-0.00523488,-0.00371326,-0.00397967
2019-12-24,0.00306587,0.00062213,0.00169167
2019-12-25,0.00112015,-0.00034955,0.00045671
2019-12-26,0.00401488,0.00159285,0.00329392
2019-12-27,0.00687885,0.00498620,0.00664314
2019-12-30,-0.00155961,-0.00376750,-0.00359347
2019-12-31,-0.00314163,-0.00360087,-0.00447439
2020-01-01,0.00299434,0.00235371,0.00238421
2020-01-02,0.00464059,0.00564564,0.00691488
2020-01-03,0.00660060,0.00779151,0.01059490
2020-01-06,-0.00111619,-0.00119111,-0.00026113
2020-01-07,0.00060237,0.00241557,0.00192651
2020-01-08,-0.00188234,-0.00178764,-0.00229743
2020-01-09,-0.00334993,-0.00337319,-0.00558256
2020-01-10,0.00355041,-0.00115797,-0.00005391
2020-01-13,0.00095539,0.00055833,0.00084535
2020-01-14,0.00211322,0.00307950,0.00363413
2020-01-15,0.00550463,0.00417460,0.00481754
2020-01-16,0.01187849,0.01263896,0.01464811
2020-01-17,0.00860394,0.00545998,0.00687011
2020-01-20,0.01102967,0.00877696,0.00972338
2020-01-21,-0.00956887,-0.00788243,-0.01162996
2020-01-22,-0.00059489,-0.00092545,-0.00074440
2020-01-23,-0.01154683,-0.01132693,-0.01505153
2020-01-24,0.00299303,0.00761855,0.00787005
2020-01-27,-0.02524595,-0.02191840,-0.02692292
2020-01-28,-0.00384264,-0.00526039,-0.00565995
2020-01-29,0.00314660,0.00548771,0.00571757
2020-01-30,0.00011549,-0.00066644,-0.00129657
2020-01-31,0.00339351,0.00169092,0.00117313
2020-02-03,-0.00039737,-0.00080017,0.00000472
2020-02-04,0.00193559,0.00230413,0.00210907
2020-02-05,0.00565480,0.00785077,0.00859211
2020-02-06,-0.00404745,0.00018204,0.00092611
2020-02-07,-0.00044837,0.00042356,0.00191275
2020-02-10,0.00987624,0.00522937,0.00579116
2020-02-11,0.00347217,0.00426019,0.00425834
2020-02-12,-0.00638222,-0.00250919,-0.00286658
2020-02-13,-0.00023789,-0.00212657,-0.00214845
2020-02-14,-0.00061164,-0.00033955,-0.00070508
2020-02-17,-0.00517088,-0.00507452,-0.00494406
2020-02-18,0.00440112,0.00367883,0.00437968
2020-02-19,0.01066957,0.00734489,0.00842791
2020-02-20,0.00836972,0.01067139,0.01389688
2020-02-21,0.00216963,0.00030891,0.00294660
2020-02-24,-0.00207647,-0.00489935,-0.00385445
2020-02-25,-0.00631364,-0.00484306,-0.00609537
2020-02-26,0.00227922,0.00037109,0.00033228
2020-02-27,0.01209964,0.00669147,0.00720195
2020-02-28,0.01174852,0.00724301,0.00931037
2020-03-02,-0.02023952,-0.02362777,-0.02743125
2020-03-03,-0.01273546,-0.01123081,-0.01132019
2020-03-04,0.00778041,0.00471465,0.00501751
2020-03-05,0.00800089,0.00757739,0.00752208
2020-03-06,0.04063457,0.02548186,0.02585291
2020-03-09,0.10427778,0.06321364,0.06285123
2020-03-10,-0.03838603,-0.02591075,-0.02515345
2020-03-11,0.01964716,0.01329204,0.01390210
2020-03-12,0.03470619,0.02973395,0.02964614
2020-03-13,0.00127766,0.00239351,0.00225013
2020-03-16,0.04315694,0.03568346,0.03498677
2020-03-17,0.00758456,0.01046865,0.01171690
2020-03-18,0.02506464,0.02267874,0.02349182
2020-03-19,0.00762695,0.00018706,0.00181914
2020-03-20,-0.02782019,-0.02072307,-0.02073056
2020-03-23,0.04029735,0.02757818,0.02304226
2020-03-24,-0.04645561,-0.03373751,-0.02844873
2020-03-25,-0.03398190,-0.02488243,-0.02043217
2020-03-26,-0.00353141,-0.00362766,-0.00340055
2020-03-27,-0.00992034,-0.00974487,-0.00863970
2020-03-30,0.01705489,0.01223166,0.01010621
2020-03-31,-0.00063393,0.00043460,0.00134203
2020-04-01,0.03634582,0.02949702,0.02431376
2020-04-02,-0.00876650,-0.00681925,-0.00628227
2020-04-03,0.00169929,0.00202836,0.00123360
2020-04-06,-0.03108544,-0.02517965,-0.02053416
2020-04-07,-0.03213223,-0.02708542,-0.02089022
2020-04-08,0.00350687,0.00571713,0.00590986
2020-04-09,-0.00870045,-0.00704337,-0.00569639
2020-04-10,0.00009498,-0.00007625,-0.00010819
2020-04-13,0.00096086,0.00077143,0.00118059
2020-04-14,-0.00658210,-0.00301875,-0.00044541
2020-04-15,0.01692218,0.01450337,0.01115018
2020-04-16,0.00762303,0.00686467,0.00442607
2020-04-17,-0.01697949,-0.01156648,-0.00818820
2020-04-20,0.01079342,0.00737287,0.00599752
2020-04-21,0.03315271,0.02974853,0.02532710
2020-04-22,0.02254292,0.02226858,0.02130098
2020-04-23,-0.03239268,-0.03022234,-0.02856192
2020-04-24,0.00780706,0.00637878,0.00581645
2020-04-27,0.00245170,0.00382530,0.00531108
2020-04-28,-0.00152791,0.00037695,0.00085811
2020-04-29,-0.02284625,-0.02061107,-0.01879559
2020-04-30,-0.02078015,-0.01777526,-0.01642077
2020-05-01,0.00376721,0.00172309,-0.00000557
2020-05-04,0.01010560,0.00647308,0.00525692
2020-05-05,-0.02124344,-0.01968684,-0.01661326
2020-05-06,-0.00146651,-0.00039921,-0.00008162
2020-05-07,0.00182253,0.00539437,0.00622808
2020-05-08,-0.00741247,-0.00670284,-0.00564833
2020-05-11,-0.01001326,-0.00716459,-0.00586040
2020-05-12,0.01039813,0.01222508,0.01060343
2020-05-13,0.01010764,0.00986713,0.00825340
2020-05-14,0.00576435,0.00365023,0.00240528
2020-05-15,-0.00903398,-0.00788031,-0.00602801
2020-05-18,-0.01923047,-0.01852943,-0.01311715
2020-05-19,-0.01680561,-0.01152623,-0.00860456
2020-05-20,-0.00163638,-0.00253913,-0.00247966
2020-05-21,0.00100884,0.00102242,0.00124338
2020-05-22,0.00966453,0.01102310,0.00976506
2020-05-25,-0.00702229,-0.00528060,-0.00360774
2020-05-26,-0.01516236,-0.01663179,-0.01465762
2020-05-27,-0.00008126,0.00320879,0.00373846
2020-05-28,0.00451197,0.00646850,0.00565074
2020-05-29,0.00401741,0.00325906,0.00363397
2020-06-01,-0.00600129,-0.00706981,-0.00593996
2020-06-02,-0.00445777,-0.00195521,-0.00106069
2020-06-03,-0.01484738,-0.01313077,-0.01162901
2020-06-04,-0.00656025,-0.00557268,-0.00616499
2020-06-05,-0.01093835,-0.00971529,-0.00914330
2020-06-08,0.00007929,-0.00015022,0.00030410
2020-06-09,0.00548397,0.00371486,0.00345476
2020-06-10,0.00625545,0.00270839,0.00299796
2020-06-11,-0.00951248,-0.00835290,-0.00595316
2020-06-12,0.00521040,0.01098730,0.01016280
2020-06-15,-0.00215183,-0.00223164,-0.00160244
2020-06-16,0.00621059,0.00338414,0.00306265
2020-06-17,-0.00301580,-0.00356288,-0.00353001
2020-06-18,-0.00139037,-0.00125264,-0.00082665
2020-06-19,-0.00161212,-0.00289645,-0.00247763
2020-06-22,0.00259602,0.00234356,0.00174044
2020-06-23,0.00406555,0.00236565,0.00274661
2020-06-24,0.00149190,0.00208702,0.00276879
2020-06-25,0.00662393,0.01223288,0.01194670
2020-06-26,0.00377537,-0.00010066,0.00077750
2020-06-29,-0.00924619,-0.00973932,-0.01049545
2020-06-30,-0.00277338,-0.00488554,-0.00553982
2020-07-01,-0.00343912,-0.00495170,-0.00597663
2020-07-02,0.00029586,0.00105790,0.00131115
2020-07-03,0.00039647,0.00043292,0.00070965
2020-07-06,0.00313097,0.00240218,0.00299712
2020-07-07,0.00363142,0.00174833,0.00174242
2020-07-08,0.00788182,0.00546987,0.00471764
2020-07-09,0.00157417,0.00178993,0.00184777
2020-07-10,-0.00488309,-0.00380008,-0.00422836
2020-07-13,0.01135453,0.00948726,0.01026402
2020-07-14,-0.00019052,0.00153800,0.00183029
2020-07-15,0.00156013,-0.00216394,-0.00198178
2020-07-16,-0.00893154,-0.00693476,-0.00704385
2020-07-17,0.00258447,-0.00064439,-0.00056043
2020-07-20,0.00801244,0.00666007,0.00700843
2020-07-21,0.01224151,0.00658356,0.00832169
2020-07-22,0.00817233,0.00380051,0.00542363
2020-07-23,-0.00363281,-0.00335698,-0.00226747
2020-07-24,-0.00455923,-0.00585843,-0.00498616
2020-07-27,0.01475666,0.01125328,0.01186451
2020-07-28,-0.00065370,-0.00015046,0.00040904
2020-07-29,0.00467559,0.00151839,0.00236862
2020-07-30,0.00122160,0.00229341,0.00401796
2020-07-31,0.00045696,-0.00010420,-0.00050397
2020-08-03,-0.00776918,-0.01021950,-0.01121734
2020-08-04,0.01589911,0.01168745,0.01250818
2020-08-05,0.00803264,0.00436757,0.00334462
2020-08-06,0.01356895,0.01418050,0.01350433
2020-08-07,-0.01773886,-0.01572224,-0.01647332
2020-08-10,-0.00445159,-0.00178822,-0.00277651
2020-08-11,-0.02070568,-0.01140121,-0.01178965
2020-08-12,-0.00956487,-0.00736609,-0.00838368
2020-08-13,0.00556876,0.00283030,0.00127938
2020-08-14,-0.00239147,-0.00220399,-0.00181412
2020-08-17,0.01065053,0.00774073,0.00729472
2020-08-18,0.01658760,0.01263366,0.01281832
2020-08-19,-0.00620140,-0.00347241,-0.00262529
2020-08-20,-0.00679631,-0.00645326,-0.00622186
2020-08-21,-0.00212963,0.00007057,-0.00037718
2020-08-24,-0.00557898,-0.00546844,-0.00546353
2020-08-25,0.00019047,-0.00304888,-0.00349200
2020-08-26,0.00448085,0.00480629,0.00439096
2020-08-27,-0.00054403,-0.00286500,-0.00336191
2020-08-28,0.01819847,0.01575940,0.01659066
2020-08-31,0.00714367,0.00491386,0.00447326
2020-09-01,0.00994888,0.01088140,0.01045629
2020-09-02,-0.00675412,-0.00551691,-0.00457950
2020-09-03,-0.01017616,-0.00739785,-0.00720197
2020-09-04,-0.00773210,-0.00648615,-0.00657604
2020-09-07,-0.00205071,-0.00040433,-0.00057480
2020-09-08,-0.00926515,-0.00542129,-0.00529412
2020-09-09,-0.00253212,-0.00361706,-0.00415757
2020-09-10,0.00167730,0.00311323,0.00344908
2020-09-11,0.00614765,0.00601674,0.00693279
2020-09-14,0.00676938,0.00391141,0.00399000
2020-09-15,0.00534228,0.00298317,0.00272132
2020-09-16,-0.01252688,-0.00948156,-0.00971782
2020-09-17,-0.00572771,-0.00484396,-0.00418405
2020-09-18,0.00214169,-0.00142896,-0.00029290
2020-09-21,-0.01485833,-0.01112220,-0.01016751
2020-09-22,-0.01798550,-0.01205600,-0.01230489
2020-09-23,-0.01306747,-0.01379507,-0.01410443
2020-09-24,-0.01024907,-0.00987547,-0.01027261
2020-09-25,0.00066818,0.00271477,0.00224223
2020-09-28,0.00524031,0.00323411,0.00360001
2020-09-29,0.00437914,0.00774606,0.00850439
2020-09-30,0.00518395,0.00333713,0.00283505
2020-10-01,0.00301734,0.00150518,0.00159015
2020-10-02,-0.00047807,0.00178004,0.00069176
2020-10-05,-0.00256995,-0.00483501,-0.00472831
2020-10-06,-0.00249046,-0.00166109,-0.00138920
2020-10-07,-0.00347817,-0.00541152,-0.00537578
2020-10-08,0.00550586,0.00533175,0.00538783
2020-10-09,0.00772315,0.00546220,0.00669165
2020-10-12,0.00306063,0.00305000,0.00242463
2020-10-13,-0.00165083,-0.00029139,-0.00013763
2020-10-14,0.00050791,-0.00052234,-0.00016118
2020-10-15,-0.00370939,-0.00405958,-0.00338146
2020-10-16,0.00464647,0.00572617,0.00546486
2020-10-19,0.00401145,0.00450677,0.00560720
2020-10-20,0.00130008,0.00055005,0.00066798
2020-10-21,0.00861527,0.00569767,0.00624572
2020-10-22,-0.00435012,-0.00213422,-0.00308433
2020-10-23,-0.00187704,-0.00082094,-0.00068701
2020-10-26,0.00098556,0.00029152,-0.00044561
2020-10-27,-0.00048342,-0.00198551,-0.00123551
2020-10-28,-0.01398874,-0.01039949,-0.01024272
2020-10-29,-0.00703114,-0.00468878,-0.00565842
2020-10-30,0.00055780,0.00139034,-0.00010312
2020-11-02,0.00397465,0.00783512,0.00831521
2020-11-03,-0.00718966,-0.00661094,-0.00567863
2020-11-04,-0.00102784,-0.00057117,0.00086827
2020-11-05,0.01107637,0.00736421,0.00898401
2020-11-06,0.00368679,0.00416524,0.00423743
2020-11-09,-0.01355616,-0.00934564,-0.01255699
2020-11-10,-0.00685334,-0.00528943,-0.00493740
2020-11-11,-0.00035592,0.00036365,0.00121128
2020-11-12,-0.00235897,-0.00007695,-0.00056015
2020-11-13,0.00317821,0.00348769,0.00271354
2020-11-16,0.01267008,0.01167446,0.01240223
2020-11-17,0.00053576,0.00088133,0.00116632
2020-11-18,-0.00210341,-0.00292566,-0.00265815
2020-11-19,0.00360969,0.00541390,0.00561840
2020-11-20,0.00173609,0.00140808,0.00169284
2020-11-23,-0.00204949,-0.00473046,-0.00428984
2020-11-24,0.00736240,0.00398020,0.00433245
2020-11-25,0.00000693,-0.00254361,-0.00223622
2020-11-26,0.00446429,0.00367018,0.00420816
2020-11-27,0.01199284,0.01050089,0.01108406
2020-11-30,-0.01291936,-0.01110899,-0.01135626
2020-12-01,0.00419195,0.00295444,0.00200795
2020-12-02,0.00534436,0.00654534,0.00720206
2020-12-03,0.00874257,0.00898475,0.00931450
2020-12-04,0.01847206,0.01256016,0.01379712
2020-12-07,0.00491382,0.00832840,0.00898600
2020-12-08,-0.00307351,-0.00093782,-0.00096673
2020-12-09,0.00519905,0.00600269,0.00732837
2020-12-10,0.00778992,0.00362233,0.00404944
2020-12-11,0.00366615,0.00181606,0.00251272
2020-12-14,-0.00315917,-0.00561035,-0.00559434
2020-12-15,0.00939463,0.00709194,0.00752929
2020-12-16,0.01071525,0.00480898,0.00571601
2020-12-17,0.02209549,0.01638506,0.01809312
2020-12-18,0.00380496,0.00295885,0.00326565
2020-12-21,-0.00942784,-0.00348949,-0.00446264
2020-12-22,-0.02364132,-0.01704266,-0.01891091
2020-12-23,0.01281578,0.00682305,0.00710763
2020-12-24,0.01941394,0.01406152,0.01466867
2020-12-25,0.00021962,0.00005256,0.00012283
2020-12-28,0.00917838,0.01178088,0.01211487
2020-12-29,0.00845331,0.00697426,0.00899222
2020-12-30,0.01374181,0.01114445,0.01320471
2020-12-31,0.00375235,0.00176380,0.00307243
2021-01-01,-0.00006108,-0.00006687,-0.00007714
2021-01-04,0.01005868,0.00943238,0.01124486
2021-01-05,0.01219232,0.00757159,0.00860572
2021-01-06,0.02359067,0.01621006,0.01826112
2021-01-07,0.01283822,0.00848980,0.00806907
2021-01-08,0.00016788,0.00106276,0.00213615
2021-01-11,-0.03236401,-0.02579164,-0.02780660
2021-01-12,0.02482964,0.01722789,0.01886286
2021-01-13,0.01795923,0.01653444,0.01682054
2021-01-14,0.00819895,0.01053297,0.01193862
2021-01-15,-0.01606463,-0.01276089,-0.01456054
2021-01-18,-0.00848923,-0.00686056,-0.00769003
2021-01-19,0.00497335,0.00327890,0.00379034
2021-01-20,0.00754218,0.00410401,0.00479696
2021-01-21,0.00877097,0.00386524,0.00449157
2021-01-22,-0.02118103,-0.01798717,-0.01939810
2021-01-25,0.00016594,0.00099446,0.00099351
2021-01-26,-0.00383744,-0.00324160,-0.00458549
2021-01-27,-0.01001328,-0.00787401,-0.00907501
2021-01-28,-0.01957666,-0.01742111,-0.01891480
2021-01-29,-0.00222514,-0.00502495,-0.00753718
2021-02-01,0.01210030,0.00902864,0.00930890
2021-02-02,0.00855422,0.00339631,0.00477823
2021-02-03,0.00744320,0.00305077,0.00433286
2021-02-04,0.00578140,0.00329570,0.00355364
2021-02-05,0.01593494,0.01162156,0.01307624
2021-02-08,0.01739392,0.01422962,0.01573920
2021-02-09,0.01742949,0.01450592,0.01529291
2021-02-10,0.00201034,0.00228121,0.00245500
2021-02-11,-0.00020524,0.00040466,0.00112595
2021-02-12,0.00617701,-0.00033729,0.00031030
2021-02-15,0.02374599,0.01595692,0.01790017
2021-02-16,0.01829506,0.00692703,0.00892220
2021-02-17,-0.00444044,0.00031654,-0.00055204
2021-02-18,0.00512026,0.00164556,0.00204622
2021-02-19,0.00820913,0.00254128,0.00555275
2021-02-22,0.01501536,0.01259980,0.01502031
2021-02-23,0.00902387,0.00583528,0.00692358
2021-02-24,0.01408690,0.01194712,0.01322388
2021-02-25,0.01191598,-0.00408961,-0.00080616
2021-02-26,-0.05423204,-0.03838572,-0.04266838
2021-03-01,0.00262883,0.00626635,0.00568556
2021-03-02,-0.00528061,0.00085026,0.00077675
2021-03-03,0.00855063,0.00293935,0.00438048
2021-03-04,-0.00703944,-0.00686336,-0.00588965
2021-03-05,0.01739495,0.01298867,0.01306472
2021-03-08,0.01355676,0.00878480,0.00928446
2021-03-09,-0.01179348,-0.00708087,-0.00709500
2021-03-10,-0.00178960,0.00182863,0.00189804
2021-03-11,0.02131823,0.01847813,0.01881126
2021-03-12,0.01233960,0.00365740,0.00339494
2021-03-15,0.00430850,0.00373370,0.00407541
2021-03-16,-0.00753772,-0.00512870,-0.00503065
2021-03-17,0.00623244,0.00275460,0.00293882
2021-03-18,-0.01206711,-0.01028366,-0.01069392
2021-03-19,-0.02949391,-0.02383499,-0.02449731
2021-03-22,-0.00161876,-0.00087812,-0.00111459
2021-03-23,-0.01342758,-0.00827831,-0.00819342
2021-03-24,-0.01001594,-0.00590065,-0.00508735
2021-03-25,0.00544490,0.00389016,0.00489475
2021-03-26,0.02045644,0.01544764,0.01557688
2021-03-29,-0.00248008,-0.00396301,-0.00373580
2021-03-30,0.00880367,0.00256564,0.00263589
2021-03-31,0.00280677,0.00272575,0.00235597
2021-04-01,0.00580961,0.01000837,0.00944003
2021-04-02,0.00067612,0.00127654,0.00141672
2021-04-05,0.00988735,0.00777035,0.00778416
2021-04-06,-0.00248948,0.00004335,-0.00003670
2021-04-07,-0.00424275,-0.00231239,-0.00233941
2021-04-08,0.00003285,0.00161484,0.00142945
2021-04-09,0.00368782,0.00227512,0.00277301
2021-04-12,-0.00530745,-0.00490329,-0.00460292
2021-04-13,0.00209956,0.00375857,0.00260617
2021-04-14,0.01013728,0.00843103,0.00837063
2021-04-15,0.01153976,0.01482592,0.01361389
2021-04-16,0.00517502,0.00639062,0.00710031
2021-04-19,0.00941634,0.00852962,0.00817596
2021-04-20,-0.00382235,-0.00416727,-0.00409464
2021-04-21,0.00075102,0.00373574,0.00188504
2021-04-22,0.00016194,0.00258426,0.00296715
2021-04-23,0.01204618,0.00693341,0.00748499
2021-04-26,0.01571864,0.01026035,0.01073296
2021-04-27,0.01131158,0.00635155,0.00775402
2021-04-28,-0.00395614,-0.00526053,-0.00486095
2021-04-29,0.00813871,0.00569578,0.00766542
2021-04-30,-0.01093496,-0.00980929,-0.01198570
2021-05-03,0.01470146,0.01393392,0.01304490
2021-05-04,0.00226709,0.00437736,0.00434126
2021-05-05,0.01379968,0.01129303,0.01329565
2021-05-06,0.01839618,0.01749526,0.01825885
2021-05-07,0.01699124,0.01517507,0.01663875
2021-05-10,0.00678041,0.00492120,0.00721491
2021-05-11,-0.00926369,-0.01119961,-0.01243648
2021-05-12,-0.00586442,-0.00786214,-0.00738623
2021-05-13,-0.01941016,-0.01636817,-0.01790760
2021-05-14,0.00198515,0.00395453,0.00478881
2021-05-17,0.01158860,0.00718133,0.00944502
2021-05-18,0.01274604,0.00882773,0.01077606
2021-05-19,-0.02692870,-0.02249343,-0.02453403
2021-05-20,-0.00597316,-0.00338779,-0.00456604
2021-05-21,-0.01501293,-0.01154022,-0.01276410
2021-05-24,0.00484293,0.00632542,0.00704019
2021-05-25,0.00473396,0.00529482,0.00599568
2021-05-26,-0.00662236,-0.00508019,-0.00542570
2021-05-27,0.01191320,0.00998315,0.01020241
2021-05-28,0.01115169,0.00796741,0.00864379
2021-05-31,-0.00052414,0.00071393,-0.00004015
2021-06-01,0.01911687,0.01810137,0.01874543
2021-06-02,0.00182508,0.00307679,0.00284614
2021-06-03,-0.00393208,-0.00321060,-0.00302195
2021-06-04,0.00197992,0.00462174,0.00320346
2021-06-07,0.00739879,0.00633689,0.00737827
2021-06-08,-0.00023002,0.00347500,0.00263392
2021-06-09,0.00028005,0.00297150,0.00254877
2021-06-10,-0.00140244,0.00130522,0.00053526
2021-06-11,0.00118065,-0.00083457,-0.00079781
2021-06-14,-0.00809300,-0.01053696,-0.01080614
2021-06-15,-0.00721914,-0.00644143,-0.00682444
2021-06-16,-0.01024772,-0.01518572,-0.01596089
2021-06-17,-0.03888527,-0.02759992,-0.03350568
2021-06-18,-0.01845965,-0.01204248,-0.01577705
2021-06-21,0.00542786,0.00400438,0.00396181
2021-06-22,0.01499562,0.01187807,0.01403963
2021-06-23,0.00554799,0.00413486,0.00500799
2021-06-24,0.00641133,0.00576724,0.00635250
2021-06-25,0.00351450,0.00077198,0.00146087
2021-06-28,-0.00201872,0.00018364,-0.00080606
2021-06-29,0.00006680,0.00061881,-0.00014461
2021-06-30,-0.00058847,0.00036914,0.00001757
2021-07-01,0.00469015,0.00512379,0.00576988
2021-07-02,0.00648376,0.00897371,0.00860172
2021-07-05,0.00073460,0.00041262,0.00059731
2021-07-06,-0.01235349,-0.00821900,-0.00887536
2021-07-07,-0.01126913,-0.00664513,-0.00788849
2021-07-08,-0.01074976,-0.00620613,-0.00852232
2021-07-09,0.01038688,0.00647183,0.00645386
2021-07-12,0.00892555,0.00842855,0.00885511
2021-07-13,0.00986398,0.00949539,0.00998506
2021-07-14,-0.00905698,-0.00599169,-0.00665765
2021-07-15,-0.00951818,-0.00836976,-0.00893782
2021-07-16,0.00017404,0.00135390,0.00133024
2021-07-19,-0.02887156,-0.02366640,-0.02580305
2021-07-20,0.00666000,0.00409382,0.00436472
2021-07-21,0.00844518,0.00708243,0.00893515
2021-07-22,0.00689213,0.00404106,0.00620010
2021-07-23,0.00985529,0.00798855,0.00916820
2021-07-26,0.00457043,0.00041817,-0.00039814
2021-07-27,-0.00482974,-0.00295040,-0.00257504
2021-07-28,0.00124541,-0.00117482,-0.00121840
2021-07-29,-0.00634733,-0.00702686,-0.00805077
2021-07-30,-0.00700987,-0.00448550,-0.00365612
2021-08-02,-0.00098108,-0.00073143,0.00010010
2021-08-03,0.00244655,0.00081955,0.00139485
2021-08-04,0.00024509,-0.00267443,-0.00205947
2021-08-05,0.00202814,-0.00227505,-0.00246055
2021-08-06,-0.00088371,-0.00130171,-0.00151147
2021-08-09,-0.00408276,-0.00611785,-0.00560906
2021-08-10,0.00526944,0.00177546,0.00208758
2021-08-11,0.00030251,0.00360191,0.00342969
2021-08-12,0.00248511,-0.00067213,-0.00047838
2021-08-13,-0.00285475,-0.00246981,-0.00362432
2021-08-16,0.00167167,0.00109289,0.00080802
2021-08-17,-0.00356852,-0.00340024,-0.00274608
2021-08-18,-0.00623038,-0.01029922,-0.00985064
2021-08-19,0.00082415,-0.00457620,-0.00378533
2021-08-20,-0.00532065,-0.00585437,-0.00553399
2021-08-23,0.00000397,0.00152966,0.00102410
2021-08-24,-0.00353217,0.00294622,0.00138904
2021-08-25,-0.00057668,0.00104584,-0.00000543
2021-08-26,0.00431540,0.00088457,0.00131283
2021-08-27,0.00136657,0.00379239,0.00416568
2021-08-30,0.00402445,0.00494547,0.00585347
2021-08-31,-0.00826637,-0.00599854,-0.00806612
2021-09-01,0.00079248,-0.00105382,-0.00114500
2021-09-02,0.00460733,0.00324019,0.00362366
2021-09-03,-0.00814054,-0.00576334,-0.00694504
2021-09-06,0.00553530,0.00264457,0.00306947
2021-09-07,-0.00732796,-0.00427922,-0.00532427
2021-09-08,0.00312613,0.00222906,0.00182848
2021-09-09,-0.00490575,-0.00468946,-0.00517152
2021-09-10,-0.00310506,-0.00063419,-0.00164676
2021-09-13,0.01128092,0.00764072,0.00840186
2021-09-14,0.00705574,0.00335194,0.00264665
2021-09-15,0.00937601,0.00476111,0.00479915
2021-09-16,0.00373113,0.00100568,0.00086579
2021-09-17,-0.00970926,-0.00801115,-0.00852881
2021-09-20,-0.00883039,-0.00942740,-0.01347757
2021-09-21,-0.00856231,-0.00624988,-0.00571361
2021-09-22,-0.00384101,0.00127027,0.00374442
2021-09-23,0.01076028,0.00535197,0.00553979
2021-09-24,0.00454281,0.00389545,0.00547342
2021-09-27,0.00734324,0.00775835,0.00869454
2021-09-28,-0.00250830,-0.00736403,-0.00814202
2021-09-29,0.00255049,0.00575856,0.00934680
2021-09-30,0.00033154,-0.00052303,-0.00156297
2021-10-01,-0.00134147,0.00307857,0.00312160
2021-10-04,0.00089363,-0.00121188,-0.00252325
2021-10-05,0.01575443,0.01228199,0.01458194
2021-10-06,-0.00688122,-0.00560225,-0.00538025
2021-10-07,0.00350996,0.00283311,0.00395837
2021-10-08,-0.00219993,-0.00185481,0.00120923
2021-10-11,0.00593105,0.00323652,0.00621306
2021-10-12,0.00287967,0.00403620,0.00385430
2021-10-13,-0.01065254,-0.00648910,-0.00934094
2021-10-14,-0.00049673,0.00213789,0.00161147
2021-10-15,0.01130109,0.00890637,0.00995457
2021-10-18,0.00081477,0.00008297,0.00088246
2021-10-19,-0.00312651,-0.00121574,-0.00150161
2021-10-20,0.00397788,0.00201252,0.00075565
2021-10-21,0.00278003,-0.00212042,-0.00166030
2021-10-22,-0.00881001,-0.00451186,-0.00477083
2021-10-25,0.01022883,0.00774268,0.00708625
2021-10-26,0.00266399,0.00292867,0.00377923
2021-10-27,-0.01569215,-0.01371059,-0.01526347
2021-10-28,0.00078266,-0.00191832,-0.00159583
2021-10-29,0.00307557,0.00156676,0.00158338
2021-11-01,0.00917604,0.00532121,0.00629417
2021-11-02,-0.00353836,-0.00101532,-0.00251988
2021-11-03,-0.00318580,-0.00702415,-0.00677294
2021-11-04,-0.01183862,-0.00517088,-0.00616614
2021-11-05,-0.00476503,0.00107168,0.00153785
2021-11-08,0.00764527,0.00690224,0.00848643
2021-11-09,0.00643209,0.00984972,0.01043575
2021-11-10,-0.00319207,-0.01063850,-0.01048686
2021-11-11,0.00392060,0.00116480,0.00158493
2021-11-12,-0.00031920,0.00262063,0.00320585
2021-11-15,0.00131279,-0.00120099,-0.00112890
2021-11-16,0.00622091,0.00639668,0.00787578
2021-11-17,-0.00826676,-0.00761678,-0.00849119
2021-11-18,-0.00142424,-0.00079760,-0.00160574
2021-11-19,-0.00604061,-0.00699497,-0.00859070
2021-11-22,-0.00009258,-0.00229176,-0.00170242
2021-11-23,0.00421685,0.00513192,0.00653086
2021-11-24,0.00221572,0.00436783,0.00546638
2021-11-25,0.00327708,0.00159310,0.00107019
2021-11-26,-0.05854661,-0.04963132,-0.06027642
2021-11-29,-0.00368558,-0.00051002,0.00104496
2021-11-30,-0.01602457,-0.01540170,-0.01845367
2021-12-01,-0.00362521,-0.00312994,-0.00248576
2021-12-02,0.00316271,0.00189348,0.00257062
2021-12-03,0.00043545,0.00409682,0.00467593
2021-12-06,0.00167440,0.00406587,0.00466289
2021-12-07,-0.00209463,0.00140017,0.00078284
2021-12-08,-0.00978333,-0.00718019,-0.00687233
2021-12-09,0.00539955,0.00449103,0.00459027
2021-12-10,-0.00231002,-0.00198458,-0.00237258
2021-12-13,0.00654851,0.00515370,0.00487238
2021-12-14,0.00641234,0.00356161,0.00372735
2021-12-15,-0.00446277,-0.00291401,-0.00462613
2021-12-16,-0.01424681,-0.00727654,-0.00681245
2021-12-17,0.00762934,0.00773370,0.00922471
2021-12-20,-0.00155570,-0.00180706,-0.00144443
2021-12-21,-0.00157586,-0.00251031,-0.00286972
2021-12-22,-0.00918818,-0.00537819,-0.00594177
2021-12-23,-0.00193506,-0.00277172,-0.00322723
2021-12-24,-0.00006989,0.00001484,0.00001681
2021-12-27,0.00200976,0.00332212,0.00383976
2021-12-28,-0.00027970,0.00148181,0.00165557
2021-12-29,0.00050804,-0.00238080,-0.00294595
2021-12-30,0.00027999,-0.00069283,-0.00180602
2021-12-31,-0.00560752,-0.00341994,-0.00375080
2022-01-03,0.01057268,0.00863393,0.00942704
2022-01-04,0.00201940,0.00406055,0.00457470
2022-01-05,-0.00214962,-0.00348193,-0.00322917
2022-01-06,0.00550074,0.00299400,0.00327726
2022-01-07,-0.00182523,-0.00146784,-0.00245629
2022-01-10,-0.00420538,-0.00295473,-0.00326755
2022-01-11,0.00021770,0.00063402,0.00013623
2022-01-12,-0.00719720,-0.00125551,-0.00303501
2022-01-13,-0.01138298,-0.01103806,-0.01167690
2022-01-14,0.01129954,0.00452389,0.00505995
2022-01-17,0.00402108,0.00325665,0.00357909
2022-01-18,0.00683189,0.00212826,0.00159175
2022-01-19,-0.00196752,-0.00277010,-0.00301626
2022-01-20,-0.00477598,-0.00315440,-0.00277091
2022-01-21,-0.01148725,-0.00756520,-0.00864654
2022-01-24,-0.00617247,-0.00235793,-0.00307063
2022-01-25,0.00272294,0.00033850,0.00067391
2022-01-26,0.01782780,0.01340313,0.01463364
2022-01-27,0.00358633,0.00520932,0.00636937
2022-01-28,0.00314242,0.00338988,0.00452098
2022-01-31,0.00228514,0.00331625,0.00323992
2022-02-01,0.00230083,0.00151968,0.00101062
2022-02-02,0.00174992,-0.00070284,-0.00097506
2022-02-03,0.01566239,0.00641179,0.00719883
2022-02-04,0.02261507,0.01372277,0.01434647
2022-02-07,0.00324190,0.00394577,0.00390920
2022-02-08,0.00212667,0.00058784,0.00045177
2022-02-09,0.00086339,0.00198275,0.00243570
2022-02-10,0.01909940,0.01168144,0.01008137
2022-02-11,-0.00261223,0.00214171,0.00331945
2022-02-14,0.01415728,0.01032976,0.01011847
2022-02-15,-0.00918207,-0.00973398,-0.00998107
2022-02-16,-0.01009211,-0.00662152,-0.00668913
2022-02-17,-0.00596220,-0.00466264,-0.00366367
2022-02-18,-0.00138876,0.00032305,0.00068677
2022-02-21,0.00077589,-0.00007107,-0.00065320
2022-02-22,0.01825732,0.01596774,0.01558644
2022-02-23,0.01327513,0.00912682,0.00780675
2022-02-24,-0.00653129,-0.00023947,0.00058209
2022-02-25,-0.01934592,-0.01598737,-0.01626256
2022-02-28,-0.01328386,-0.00428966,-0.00261666
2022-03-01,0.00997211,0.01303497,0.01815126
2022-03-02,0.03877109,0.04099856,0.03921177
2022-03-03,0.00680948,0.00467926,0.00381481
2022-03-04,0.02117560,0.01948758,0.02059972
2022-03-07,0.03031234,0.02557722,0.02465271
2022-03-08,0.01532871,0.01381488,0.01513005
2022-03-09,-0.04149148,-0.03662754,-0.03742680
2022-03-10,0.00248119,-0.00391666,-0.00394810
2022-03-11,0.01056722,0.01023099,0.00992151
2022-03-14,-0.00996240,-0.01167175,-0.00980106
2022-03-15,-0.01424340,-0.01435350,-0.01206201
2022-03-16,-0.01473483,-0.00956520,-0.00857400
2022-03-17,0.00669597,0.01107566,0.01008306
2022-03-18,-0.00228166,0.00240493,0.00315274
2022-03-21,0.02646643,0.02386641,0.01908786
2022-03-22,0.00641522,0.00533673,0.00393319
2022-03-23,0.00436972,0.00509054,0.00587314
2022-03-24,0.00810074,0.00592898,0.00483496
2022-03-25,0.01201973,0.00924653,0.00651269
2022-03-28,-0.00460594,-0.00859846,-0.00565249
2022-03-29,-0.00934642,-0.00814411,-0.00789137
2022-03-30,0.00120123,0.00187562,0.00109558
2022-03-31,-0.01094921,-0.01009688,-0.00765401
2022-04-01,0.00273160,0.00094163,-0.00017851
2022-04-04,0.00773726,0.01163038,0.01095683
2022-04-05,0.02111098,0.01374326,0.00991298
2022-04-06,-0.00074702,-0.00458534,-0.00554271
2022-04-07,0.00471830,0.00249705,0.00189404
2022-04-08,0.01346956,0.01121154,0.00933424
2022-04-11,0.01155705,0.00586897,0.00344811
2022-04-12,0.00615290,0.00987967,0.00950907
2022-04-13,0.00287719,0.00663707,0.00572264
2022-04-14,0.01376438,0.01154363,0.00961512
2022-04-15,0.00001935,0.00009452,0.00007907
2022-04-18,0.01669240,0.01342945,0.01278192
2022-04-19,0.00266060,0.00158440,0.00001964
2022-04-20,-0.01678360,-0.01257764,-0.01129934
2022-04-21,0.01557803,0.00960977,0.00679084
2022-04-22,-0.00941577,-0.01117260,-0.01047219
2022-04-25,-0.01733015,-0.01146616,-0.00891731
2022-04-26,-0.00275132,-0.00066006,0.00028587
2022-04-27,0.01866014,0.01946915,0.01748291
2022-04-28,0.01348538,0.01109168,0.01086293
2022-04-29,0.00855542,0.00489017,0.00247611
2022-05-02,0.00719021,0.00376505,0.00159038
2022-05-03,-0.00270254,-0.00402063,-0.00470507
2022-05-04,-0.01191701,-0.00492320,-0.00465312
2022-05-05,0.03970989,0.02950987,0.02476134
2022-05-06,0.01503598,0.01063591,0.00779109
2022-05-09,-0.01734006,-0.01891603,-0.01524363
2022-05-10,-0.00895604,-0.00645578,-0.00417766
2022-05-11,-0.00193180,0.00403178,0.00390421
2022-05-12,0.00637219,0.01047362,0.01166547
2022-05-13,-0.00227418,0.00322911,0.00311255
2022-05-16,0.00127171,0.00290378,0.00201414
2022-05-17,-0.00016317,-0.00234407,-0.00385646
2022-05-18,0.00053285,-0.00508945,-0.00554803
2022-05-19,-0.02428325,-0.01731173,-0.01505840
2022-05-20,-0.00398523,0.00128833,0.00305872
2022-05-23,-0.00204823,-0.00555097,-0.00685232
2022-05-24,-0.01086283,-0.00769336,-0.00560185
2022-05-25,0.00084802,0.00491788,0.00565195
2022-05-26,-0.00059267,0.00346015,0.00381283
2022-05-27,-0.00081467,0.00370392,0.00500077
2022-05-30,0.00235319,0.00099347,0.00049744
2022-05-31,0.01232344,0.00579124,0.00346043
2022-06-01,0.01150656,0.00572485,0.00257235
2022-06-02,-0.00341864,-0.00213157,-0.00103653
2022-06-03,0.01873864,0.01483249,0.01211410
2022-06-06,0.02125928,0.01839458,0.01431902
2022-06-07,-0.00722121,-0.00371133,-0.00295639
2022-06-08,0.01406534,0.01119078,0.00985127
2022-06-09,0.02201083,0.01481596,0.01065634
2022-06-10,0.01522798,0.00579623,0.00009690
2022-06-13,0.03805001,0.01903353,0.01008174
2022-06-14,0.01613805,0.01055504,0.00825738
2022-06-15,-0.04306848,-0.02799046,-0.02030302
2022-06-16,-0.00587085,-0.01002897,-0.01026934
2022-06-17,-0.00768233,-0.00774800,-0.00823480
2022-06-20,-0.00327651,-0.00609973,-0.00612128
2022-06-21,-0.00379078,-0.00187743,-0.00053836
2022-06-22,-0.02262272,-0.02473290,-0.02160422
2022-06-23,-0.01711002,-0.01610023,-0.01208545
2022-06-24,-0.01505643,-0.00946355,-0.00579938
2022-06-27,0.00837912,0.00791559,0.00572247
2022-06-28,0.00993816,0.01220198,0.00988789
2022-06-29,-0.01348026,-0.00943212,-0.00641654
2022-06-30,-0.01083250,-0.01247387,-0.00961522
2022-07-01,-0.00511567,-0.00326518,0.00064129
2022-07-04,0.00389587,0.00262226,0.00185645
2022-07-05,0.00022554,-0.01073675,-0.01067240
2022-07-06,-0.00269007,-0.00837800,-0.00898147
2022-07-07,-0.00918977,0.00072999,0.00185869
2022-07-08,-0.00110217,0.00486013,0.00468281
2022-07-11,0.01629212,0.01313229,0.01106474
2022-07-12,0.00226196,-0.00710917,-0.00670987
2022-07-13,-0.00391030,-0.00314347,-0.00293803
2022-07-14,0.02261257,0.01511214,0.01406748
2022-07-15,-0.01711068,-0.01361701,-0.01150295
2022-07-18,-0.01150440,-0.00101054,-0.00023390
2022-07-19,-0.01317526,-0.01049010,-0.00914790
2022-07-20,0.00428640,0.00373930,0.00297185
2022-07-21,-0.01407822,-0.01480025,-0.01281977
2022-07-22,-0.01348048,-0.01028595,-0.00716460
2022-07-25,-0.00483700,-0.00322014,-0.00286480
2022-07-26,0.00067778,0.00478014,0.00464915
2022-07-27,-0.01881355,-0.01028197,-0.00784941
2022-07-28,-0.02312272,-0.01410696,-0.01138990
2022-07-29,-0.01173008,-0.01085093,-0.00930532
2022-08-01,-0.00587581,-0.00926190,-0.00897009
2022-08-02,0.01492498,0.00794810,0.00672996
2022-08-03,0.00063304,0.00105762,0.00056610
2022-08-04,-0.00913449,-0.01227343,-0.01161854
2022-08-05,0.00403248,0.00358439,0.00441000
2022-08-08,-0.00849008,-0.00411139,-0.00358582
2022-08-09,0.00066456,0.00212975,0.00176417
2022-08-10,-0.01059902,-0.00699855,-0.00576037
2022-08-11,-0.00113121,0.00240041,0.00242475
2022-08-12,0.00244523,0.00457471,0.00417890
2022-08-15,0.00926531,0.00673718,0.00614288
2022-08-16,0.00207253,-0.00245976,-0.00312650
2022-08-17,0.00468422,0.00259666,0.00231483
2022-08-18,0.00434439,0.00528847,0.00444250
2022-08-19,0.00439106,0.00424161,0.00355157
2022-08-22,0.00458958,0.00497030,0.00371560
2022-08-23,-0.00736129,-0.00109806,-0.00063060
2022-08-24,0.00719384,0.00658556,0.00511357
2022-08-25,-0.00667270,-0.00541529,-0.00414018
2022-08-26,0.00471592,0.00338392,0.00178282
2022-08-29,0.00623519,0.00486646,0.00334217
2022-08-30,0.00891890,0.00243529,0.00252213
2022-08-31,0.00257085,-0.00527298,-0.00550149
2022-09-01,0.02353111,0.01187986,0.00920002
2022-09-02,-0.01485525,-0.00818206,-0.00589106
2022-09-05,0.00229180,0.00199293,0.00126290
2022-09-06,0.00992725,0.00594269,0.00421275
2022-09-07,-0.01475673,-0.01540599,-0.01405721
2022-09-08,0.00304313,-0.00067366,-0.00273246
2022-09-09,-0.01670667,-0.00846348,-0.00871681
2022-09-12,-0.02057403,-0.01108134,-0.01013583
2022-09-13,0.03253067,0.02622491,0.02276835
2022-09-14,0.00049389,-0.00403704,-0.00380226
2022-09-15,0.01323365,0.00631484,0.00567403
2022-09-16,0.00206538,-0.00158401,-0.00187320
2022-09-19,0.00420530,0.00419854,0.00345064
2022-09-20,0.02651818,0.01878260,0.01417717
2022-09-21,0.00083310,0.00014205,0.00007820
2022-09-22,0.02832118,0.02327530,0.01890018
2022-09-23,0.04130876,0.02491547,0.02170864
2022-09-26,0.04558827,0.02691614,0.02149395
2022-09-27,0.00714273,0.00514893,0.00207068
2022-09-28,-0.04155578,-0.02965214,-0.02359486
2022-09-29,0.00727836,0.00606232,0.00445096
2022-09-30,0.00206985,0.00113737,0.00150663
2022-10-03,-0.04959943,-0.03135099,-0.02350660
2022-10-04,-0.04020564,-0.02552845,-0.02084343
2022-10-05,0.01287854,0.01317395,0.00818064
2022-10-06,0.02625298,0.02178578,0.01625748
2022-10-07,0.02453939,0.02222633,0.01757714
2022-10-10,0.01748462,0.01309833,0.00974936
2022-10-11,0.00261543,-0.00167816,-0.00128028
2022-10-12,0.00342824,0.00227249,0.00195523
2022-10-13,-0.00993736,-0.00746206,-0.00418137
2022-10-14,0.01586336,0.01338156,0.00915053
2022-10-17,-0.02325605,-0.01841454,-0.01307686
2022-10-18,-0.00811022,-0.00599261,-0.00465457
2022-10-19,0.02489493,0.01817959,0.01283029
2022-10-20,0.00865103,0.00642985,0.00491091
2022-10-21,-0.01591017,-0.01435459,-0.01206286
2022-10-24,-0.00123319,0.00039078,0.00223561
2022-10-25,-0.02986816,-0.02311924,-0.01660511
2022-10-26,-0.02160504,-0.01661095,-0.01202161
2022-10-27,-0.00270677,0.00246618,0.00559172
2022-10-28,0.02037978,0.01334065,0.01046768
2022-10-31,0.01362647,0.00848868,0.00579757
2022-11-01,-0.00688236,0.00052459,0.00180638
2022-11-02,-0.00128457,0.00333562,0.00228630
2022-11-03,0.02306274,0.01879164,0.01330939
2022-11-04,-0.03635021,-0.02640295,-0.02186756
2022-11-07,0.00152663,-0.00223280,-0.00199037
2022-11-08,-0.01529384,-0.01174858,-0.00980888
2022-11-09,-0.00094829,0.00016688,0.00088125
2022-11-10,-0.04575252,-0.03788277,-0.02834650
2022-11-11,-0.00762123,-0.00633018,-0.00626249
2022-11-14,-0.00184705,-0.00178940,-0.00174975
2022-11-15,-0.00649310,-0.00208848,0.00020093
2022-11-16,-0.00764768,-0.00652513,-0.00453765
2022-11-17,-0.00052511,-0.00476574,-0.00573437
2022-11-18,0.00270618,0.00250581,0.00199836
2022-11-21,-0.00092802,-0.00181118,-0.00200644
2022-11-22,-0.00154870,-0.00092601,-0.00038339
2022-11-23,-0.00510915,-0.00526479,-0.00412423
2022-11-24,-0.00183645,-0.00133622,-0.00066791
2022-11-25,0.00143963,-0.00234221,-0.00314386
2022-11-28,-0.00004664,-0.00157841,-0.00158014
2022-11-29,-0.00373614,0.00389045,0.00432086
2022-11-30,-0.00282944,-0.00338492,-0.00250441
2022-12-01,-0.00842004,-0.00936203,-0.00731865
2022-12-02,-0.00057658,-0.00473369,-0.00510640
2022-12-05,-0.00322607,-0.00465769,-0.00441115
2022-12-06,-0.00377227,-0.00292010,-0.00208672
2022-12-07,-0.00022321,-0.00277336,-0.00238568
2022-12-08,0.00237567,0.00166879,0.00162086
2022-12-09,0.00607348,0.00159736,0.00056310
2022-12-12,-0.00818256,-0.00379789,-0.00433222
2022-12-13,0.00052359,0.00180838,0.00270029
2022-12-14,-0.00076384,0.00076023,0.00096103
2022-12-15,-0.00865037,-0.00435195,-0.00569720
2022-12-16,0.00504922,-0.00109222,-0.00201626
2022-12-19,-0.00003759,-0.00123367,-0.00162981
2022-12-20,0.00406594,-0.00189370,-0.00318246
2022-12-21,-0.00195089,0.00096596,0.00174729
2022-12-22,0.00139913,0.00085672,0.00101562
2022-12-23,0.00113854,0.00181779,0.00104126
2022-12-26,0.00000287,0.00050964,0.00040851
2022-12-27,0.00431402,0.00238522,0.00027177
2022-12-28,0.00071719,-0.00072210,-0.00109099
2022-12-29,0.00140452,-0.00112932,-0.00061106
2022-12-30,0.00551038,0.00047931,-0.00169963
2023-01-02,-0.00493089,-0.00293601,-0.00115058
2023-01-03,-0.00438601,-0.00414753,-0.00367642
2023-01-04,-0.01167398,-0.01013630,-0.00688203
2023-01-05,0.00776135,0.00631868,0.00529819
2023-01-06,-0.00765481,-0.00733552,-0.00414382
2023-01-09,-0.00042250,-0.00095959,-0.00065216
2023-01-10,0.00954447,0.00566082,0.00436093
2023-01-11,-0.00610987,-0.00112467,0.00111764
2023-01-12,-0.00326190,-0.00262212,-0.00215945
2023-01-13,0.00583433,0.00407810,0.00377988
2023-01-16,-0.00052530,-0.00125622,-0.00072351
2023-01-17,-0.00614989,-0.00029513,0.00062026
2023-01-18,-0.00640591,-0.00531066,-0.00373114
2023-01-19,-0.00073361,-0.00151745,-0.00205846
2023-01-20,0.00482492,0.00273380,0.00182552
2023-01-23,0.00117940,0.00412385,0.00504396
2023-01-24,0.00102111,-0.00132662,-0.00134944
2023-01-25,0.00235602,-0.00002819,-0.00041605
2023-01-26,0.00290646,0.00535642,0.00533715
2023-01-27,-0.00006027,0.00028307,0.00025424
2023-01-30,-0.00158906,0.00076680,0.00043568
2023-01-31,-0.00081580,0.00047010,0.00105277
2023-02-01,0.00663754,-0.00174009,-0.00253406
2023-02-02,-0.00985922,-0.00449180,-0.00232790
2023-02-03,-0.01315236,-0.00578802,-0.00751202
2023-02-06,-0.00658954,-0.00271818,-0.00352297
2023-02-07,-0.00140368,0.00133074,0.00132926
2023-02-08,0.00159999,0.00110280,0.00054059
2023-02-09,0.00422102,0.00396939,0.00474454
2023-02-10,-0.00094021,0.00287615,0.00144283
2023-02-13,0.00590632,0.00334850,0.00418622
2023-02-14,0.00467643,0.00520057,0.00408903
2023-02-15,0.00649119,0.00522836,0.00523407
2023-02-16,0.00422289,0.00468480,0.00532041
2023-02-17,0.00186113,0.00186559,0.00216756
2023-02-20,0.00227638,0.00222904,0.00298989
2023-02-21,0.00564643,0.00669003,0.00524744
2023-02-22,-0.00219215,-0.00300260,-0.00330112
2023-02-23,-0.00338122,-0.00223847,-0.00173125
2023-02-24,0.00143051,0.00411622,0.00051592
2023-02-27,0.00156107,0.00018513,0.00056231
2023-02-28,0.00119776,-0.00094716,-0.00138742
2023-03-01,0.01057350,0.01058828,0.00991619
2023-03-02,0.00493198,0.00507844,0.00382136
2023-03-03,-0.00652353,-0.00486822,-0.00303716
2023-03-06,0.00994211,0.01033713,0.01114481
2023-03-07,0.01025050,0.00986200,0.01105661
2023-03-08,0.00442879,0.00283631,0.00425649
2023-03-09,-0.00618037,-0.00945633,-0.00844090
2023-03-10,-0.04192409,-0.03513586,-0.03407689
2023-03-13,-0.05106129,-0.04854111,-0.04778249
2023-03-14,0.00976352,0.00796586,0.00568508
2023-03-15,-0.01314394,-0.01601176,-0.01414128
2023-03-16,0.00754438,0.00738192,0.00769546
2023-03-17,-0.00660879,-0.01136146,-0.01021340
2023-03-20,0.00307195,0.00309601,0.00367278
2023-03-21,0.00156645,0.00308275,0.00203223
2023-03-22,-0.00114733,-0.00351737,-0.00370099
2023-03-23,0.00054461,-0.00353813,-0.00399328
2023-03-24,-0.00536898,-0.00113816,-0.00139807
2023-03-27,-0.00329730,0.00474464,0.00428176
2023-03-28,-0.00236554,0.00148582,0.00090517
2023-03-29,-0.00024369,0.00004604,0.00006289
2023-03-30,0.00450754,0.00484992,0.00496043
2023-03-31,-0.00237112,0.00140598,0.00165823
2023-04-03,-0.01006764,-0.00493477,-0.00608325
2023-04-04,0.00550325,0.00056855,0.00057687
2023-04-05,0.00238309,0.00260964,0.00279924
2023-04-06,0.00695972,0.00578093,0.00648644
2023-04-07,-0.00004546,-0.00003871,-0.00004961
2023-04-10,-0.00358980,0.00084237,0.00102629
2023-04-11,0.00763337,0.00734661,0.00817552
2023-04-12,0.00408101,0.00089381,0.00064281
2023-04-13,0.00408229,0.00040664,0.00057506
2023-04-14,-0.00573807,-0.00178564,-0.00190956
2023-04-17,-0.00743826,-0.00490911,-0.00482863
2023-04-18,0.00173083,0.00047690,0.00102577
2023-04-19,0.00325319,-0.00009918,-0.00061231
2023-04-20,0.00516180,-0.00046546,-0.00013281
2023-04-21,0.00120037,-0.00185899,-0.00181152
2023-04-24,0.00359783,0.00199006,0.00223534
2023-04-25,-0.00135761,-0.00218684,-0.00147149
2023-04-26,-0.00261751,-0.00403087,-0.00385705
2023-04-27,0.00754202,0.00392121,0.00395850
2023-04-28,-0.00180531,0.00120115,0.00238714
2023-05-01,0.00248664,0.00514969,0.00521452
2023-05-02,-0.00025357,-0.00758307,-0.00650122
2023-05-03,0.00127967,-0.00530813,-0.00465882
2023-05-04,-0.00199971,-0.00131843,-0.00097162
2023-05-05,-0.00306434,0.00382982,0.00180394
2023-05-08,-0.00982364,-0.00234492,-0.00240416
2023-05-09,0.00746235,0.00397737,0.00509252
2023-05-10,0.00281612,0.00314015,0.00266015
2023-05-11,-0.00390606,-0.00214148,-0.00278814
2023-05-12,0.00294929,0.00255726,0.00351952
2023-05-15,-0.00310347,-0.00025284,-0.00024208
2023-05-16,0.00432718,0.00455987,0.00479435
2023-05-17,0.00111581,0.00516222,0.00442142
2023-05-18,-0.00085994,-0.00176420,-0.00091605
2023-05-19,0.00948352,0.00515163,0.00701240
2023-05-22,0.00270127,0.00454780,0.00395274
2023-05-23,-0.00345052,-0.00247773,-0.00364136
2023-05-24,-0.00019141,0.00310213,0.00144596
2023-05-25,0.00887813,0.00627929,0.00532585
2023-05-26,0.00491477,0.00782424,0.00838946
2023-05-29,-0.00298471,-0.00038202,0.00030999
2023-05-30,0.00412818,-0.00367367,-0.00239479
2023-05-31,-0.00344522,-0.00672327,-0.00655320
2023-06-01,-0.00773048,-0.00265282,-0.00130309
2023-06-02,-0.00277512,0.00325829,0.00239886
2023-06-05,0.00274210,0.00245833,0.00278632
2023-06-06,0.00283433,0.00202993,0.00251154
2023-06-07,-0.00071979,0.00461823,0.00296236
2023-06-08,-0.00193452,-0.00368172,-0.00378408
2023-06-09,0.00333571,0.00627997,0.00697506
2023-06-12,0.00148939,-0.00200839,-0.00169268
2023-06-13,0.00189444,0.00582409,0.00573890
2023-06-14,0.00322258,0.00313961,0.00301473
2023-06-15,-0.01165805,-0.00773556,-0.00800730
2023-06-16,-0.00274305,0.00386447,0.00435674
2023-06-19,0.00090390,0.00106999,0.00024369
2023-06-20,-0.00397562,-0.00117715,-0.00045913
2023-06-21,-0.00180757,-0.00032965,-0.00139187
2023-06-22,0.00716252,0.00446523,0.00327451
2023-06-23,-0.01309349,-0.01266924,-0.01170788
2023-06-26,-0.00307137,-0.00273550,-0.00215675
2023-06-27,0.00890899,0.00645599,0.00605092
2023-06-28,0.00605321,0.00628360,0.00752205
2023-06-29,0.00705329,0.00613762,0.00482585
2023-06-30,0.00407600,0.00257067,0.00351896
2023-07-03,0.00644327,0.00586960,0.00470120
2023-07-04,-0.00324539,-0.00068362,-0.00046273
2023-07-05,0.00000922,0.00177583,0.00080418
2023-07-06,-0.00096101,0.00181601,-0.00171491
2023-07-07,-0.00456876,-0.00577553,-0.00519687
2023-07-10,-0.00804935,-0.01010336,-0.00996448
2023-07-11,-0.00015422,0.00051573,0.00120214
2023-07-12,-0.01884912,-0.01980616,-0.01772475
2023-07-13,-0.01016439,-0.00817324,-0.00572636
2023-07-14,0.00710601,0.00914197,0.00846107
2023-07-17,-0.00039366,-0.00280286,-0.00238712
2023-07-18,-0.00741374,-0.00697124,-0.00463711
2023-07-19,0.00156199,0.00332795,0.00369583
2023-07-20,-0.00093514,0.00379614,0.00197574
2023-07-21,-0.00186620,0.00153042,0.00169347
2023-07-24,0.00437962,0.00677517,0.00766758
2023-07-25,0.00235787,-0.00005615,0.00018740
2023-07-26,0.00493441,0.00497187,0.00510737
2023-07-27,0.00382481,0.00847392,0.00801460
2023-07-28,0.00118600,-0.00339278,-0.00184921
2023-07-31,-0.00011406,-0.00036666,0.00102998
2023-08-01,0.00750137,0.01255560,0.01122067
2023-08-02,-0.01690203,-0.01248563,-0.01493770
2023-08-03,-0.00020826,-0.00103914,-0.00164969
2023-08-04,-0.00442109,-0.00504832,-0.00385578
2023-08-07,0.00392679,0.00281535,0.00275780
2023-08-08,-0.00956412,-0.00432202,-0.00372640
2023-08-09,0.00467261,0.00754423,0.00763759
2023-08-10,0.00158238,0.00162593,0.00091229
2023-08-11,0.00533256,0.00704533,0.00569969
2023-08-14,0.00340931,0.00087438,0.00019300
2023-08-15,0.00258104,0.00328052,0.00164275
2023-08-16,0.00006030,0.00091290,0.00024957
2023-08-17,0.00133626,0.00542463,0.00405141
2023-08-18,-0.00794046,-0.00346476,-0.00264157
2023-08-21,0.01092161,0.00803364,0.00624004
2023-08-22,-0.00602177,-0.00238622,-0.00244077
2023-08-23,-0.02537247,-0.02375691,-0.02246901
2023-08-24,0.00851307,0.01136420,0.01158899
2023-08-25,0.01457692,0.01515751,0.01538675
2023-08-28,-0.00633273,-0.00758856,-0.00751044
2023-08-29,-0.00869764,-0.01099104,-0.01071677
2023-08-30,0.00002053,-0.00107512,-0.00088250
2023-08-31,-0.00217709,-0.00038929,0.00108595
2023-09-01,0.01435852,0.01654746,0.01758299
2023-09-04,0.00084072,0.00106956,0.00107755
2023-09-05,0.01821769,0.02088178,0.02172230
2023-09-06,0.00435293,0.00712998,0.00754395
2023-09-07,-0.00379276,-0.00411765,-0.00389905
2023-09-08,0.00404591,0.00396088,0.00395706
2023-09-11,0.00246855,0.00455543,0.00353292
2023-09-12,0.00324996,0.00550781,0.00703225
2023-09-13,0.00241277,0.00521826,0.00514515
2023-09-14,0.01132358,0.01056895,0.01251851
2023-09-15,0.00569585,0.00486233,0.00478180
2023-09-18,-0.00618820,-0.00586293,-0.00702175
2023-09-19,0.00385319,0.00446961,0.00357919
2023-09-20,-0.00573211,-0.00458174,-0.00436345
2023-09-21,0.00728854,0.00645136,0.00660690
2023-09-22,-0.00433758,-0.00436049,-0.00464720
2023-09-25,0.00456729,0.00204057,0.00224224
2023-09-26,0.00365929,0.00714349,0.00777955
2023-09-27,0.01316396,0.01539975,0.01688095
2023-09-28,-0.00425509,-0.00626400,-0.00853657
2023-09-29,-0.01352463,-0.01196301,-0.01109366
2023-10-02,0.02732185,0.02579730,0.02988080
2023-10-03,0.00821833,0.00538747,0.00516428
2023-10-04,-0.02201977,-0.02870874,-0.03155665
2023-10-05,-0.01874456,-0.01985221,-0.02127798
2023-10-06,-0.00321559,-0.00539579,-0.00753583
2023-10-09,-0.02192670,-0.01845426,-0.01798304
2023-10-10,-0.00685886,-0.00393231,-0.00527359
2023-10-11,-0.00946706,-0.01031315,-0.00950363
2023-10-12,0.02781708,0.02876124,0.03032635
2023-10-13,-0.00766576,-0.00269303,-0.00186015
2023-10-16,0.00320450,0.00422597,0.00218289
2023-10-17,0.01382453,0.01298950,0.01149153
2023-10-18,0.01299448,0.01149297,0.01190592
2023-10-19,0.00572798,0.00748474,0.00669112
2023-10-20,-0.00349101,-0.00315730,-0.00132024
2023-10-23,-0.00832114,-0.00569297,-0.00634604
2023-10-24,-0.00144536,-0.00232986,-0.00210925
2023-10-25,0.01361993,0.01247186,0.01296837
2023-10-26,-0.01005098,-0.01108581,-0.00986594
2023-10-27,0.00020459,0.00307405,0.00476641
2023-10-30,-0.00878753,-0.01172105,-0.01465597
2023-10-31,0.00701275,0.00776903,0.00773226
2023-11-01,-0.01471570,-0.01203868,-0.01022769
2023-11-02,-0.01809860,-0.01344578,-0.01452323
2023-11-03,-0.02350985,-0.02167817,-0.02366172
2023-11-06,0.01027343,0.01446141,0.01465857
2023-11-07,0.00190766,-0.00098595,0.00042866
2023-11-08,-0.00303294,-0.00172182,-0.00086652
2023-11-09,0.01879120,0.01824353,0.01789137
2023-11-10,0.00745685,0.00951761,0.00978903
2023-11-13,-0.00454728,-0.00123986,-0.00228141
2023-11-14,-0.03080209,-0.03219320,-0.03327802
2023-11-15,0.00117352,0.00186140,0.00084327
2023-11-16,0.00145947,-0.00456651,-0.00320446
2023-11-17,-0.00137889,0.00038826,-0.00010230
2023-11-20,-0.00313333,0.00095537,0.00100615
2023-11-21,-0.00177798,-0.00076717,-0.00054136
2023-11-22,0.00398009,0.00331809,0.00314932
2023-11-23,0.00011469,0.00012276,0.00008392
2023-11-24,0.00502275,0.00143733,0.00101026
2023-11-27,0.00318013,0.00254868,0.00340682
2023-11-28,-0.00270232,-0.00680563,-0.00602827
2023-11-29,-0.00154369,-0.00332645,-0.00275792
2023-11-30,0.00103198,0.00005947,-0.00057957
2023-12-01,0.00334861,-0.00795223,-0.00682678
2023-12-04,-0.00443999,0.00207863,0.00051764
2023-12-05,0.00362905,0.00278306,0.00260421
2023-12-06,0.00650053,0.00146848,0.00144360
2023-12-07,-0.00172698,-0.00508521,-0.00541242
2023-12-08,-0.00011350,0.00510909,0.00511926
2023-12-11,0.00404345,0.00608958,0.00673506
2023-12-12,0.00647167,0.00222651,0.00237235
2023-12-13,0.00633993,-0.00430400,-0.00382076
2023-12-14,-0.01078399,-0.01399714,-0.01439161
2023-12-15,-0.00239949,-0.00124851,-0.00157961
2023-12-18,-0.00342187,-0.00231753,-0.00220501
2023-12-19,0.01111130,0.00789972,0.00782833
2023-12-20,0.00319204,0.00129414,0.00085564
2023-12-21,0.00589024,0.00057414,0.00060347
2023-12-22,0.00195624,0.00111837,0.00130278
2023-12-25,-0.00035975,-0.00032517,-0.00033531
2023-12-26,0.00430830,0.00243207,0.00257645
2023-12-27,0.00960875,0.00196872,0.00215158
2023-12-28,-0.01035616,-0.00501251,-0.00559330
2023-12-29,-0.00762214,-0.00658249,-0.00612701
2024-01-01,0.00013024,0.00017049,0.00016800
2024-01-02,-0.00999488,-0.00131979,-0.00100808
2024-01-03,-0.01120691,-0.00295887,-0.00511735
2024-01-04,-0.00991612,-0.00405228,-0.00251797
2024-01-05,-0.00413932,-0.00093765,-0.00110574
2024-01-08,0.00620492,0.00361340,0.00526969
2024-01-09,-0.01163865,-0.00604496,-0.00730756
2024-01-10,0.00405530,0.00249268,0.00452594
2024-01-11,-0.00036031,0.00198045,0.00088792
2024-01-12,0.00571903,0.00124407,0.00174474
2024-01-15,-0.00115925,0.00196999,0.00181343
2024-01-16,-0.00402934,0.00271333,0.00151839
2024-01-17,-0.00877212,-0.00295391,-0.00344352
2024-01-18,-0.00121355,-0.00119477,0.00019792
2024-01-19,0.00869237,0.00722528,0.00798654
2024-01-22,0.00875520,0.00828300,0.00913421
2024-01-23,-0.00983523,-0.00887793,-0.00953717
2024-01-24,-0.00411667,-0.00323584,-0.00252852
2024-01-25,0.00456035,0.00128407,0.00074210
2024-01-26,0.00241554,0.00368134,0.00478424
2024-01-29,0.00838410,0.00322217,0.00382933
2024-01-30,-0.00359269,-0.00365613,-0.00397235
2024-01-31,-0.00107280,-0.00150831,-0.00263170
2024-02-01,0.01173852,0.00324906,0.00306909
2024-02-02,0.00190374,0.00808816,0.00807613
2024-02-05,-0.00292104,0.00342039,0.00311170
2024-02-06,0.00282414,-0.00071301,-0.00004409
2024-02-07,0.01251918,0.01410114,0.01469371
2024-02-08,0.01087480,0.01261990,0.01393093
2024-02-09,0.01095194,0.01086569,0.01138437
2024-02-12,0.00160707,0.00076011,0.00152329
2024-02-13,0.00380713,0.01260621,0.01161152
2024-02-14,-0.00095801,-0.00432176,-0.00367528
2024-02-15,0.00765951,0.00298322,0.00398113
2024-02-16,-0.00557726,-0.00359527,-0.00401662
2024-02-19,-0.00015918,-0.00133559,-0.00206369
2024-02-20,-0.01434932,-0.01628693,-0.01801414
2024-02-21,0.01106228,0.01016941,0.01024915
2024-02-22,0.01051091,0.00738130,0.00910306
2024-02-23,0.00565851,0.00175277,0.00162475
2024-02-26,0.00213878,0.00331646,0.00319745
2024-02-27,-0.00080241,0.00042689,0.00105227
2024-02-28,-0.00944296,-0.00943982,-0.01013004
2024-02-29,0.00294561,0.00174712,0.00273186
2024-03-01,0.00593030,0.00002005,0.00115230
2024-03-04,-0.00278395,-0.00376359,-0.00441261
2024-03-05,-0.00463316,-0.00467047,-0.00532972
2024-03-06,0.00042062,0.00042014,0.00183646
2024-03-07,-0.00002905,-0.00237080,-0.00140164
2024-03-08,-0.01058919,-0.01205887,-0.01250696
2024-03-11,-0.00434307,-0.00373433,-0.00379893
2024-03-12,0.01056611,0.01136748,0.01236906
2024-03-13,0.00326378,0.00249547,0.00421181
2024-03-14,0.00063957,0.00857827,0.00812419
2024-03-15,0.00689071,0.00626613,0.00630275
2024-03-18,0.00511650,0.00777917,0.00865648
2024-03-19,0.00221746,0.00371922,0.00429084
2024-03-20,0.00689662,0.00063155,0.00111132
2024-03-21,0.00349788,0.00516403,0.00523884
2024-03-22,-0.00319090,-0.00010058,-0.00142085
2024-03-25,0.00681352,0.00806870,0.00828466
2024-03-26,0.00508382,0.00330453,0.00326883
2024-03-27,0.00795297,0.00524992,0.00652845
2024-03-28,0.00186572,-0.00025457,0.00171978
