,PDBC achat-conservation,PDBC tendance : investi ou monétaire,PDBC tendance : achat/vente à découvert,QQQ achat-conservation,QQQ tendance : investi ou monétaire,QQQ tendance : achat/vente à découvert,GLD achat-conservation,GLD tendance : investi ou monétaire,GLD tendance : achat/vente à découvert,BTC achat-conservation,BTC tendance : investi ou monétaire,BTC tendance : achat/vente à découvert,"BCOM (indice, depuis 1991) achat-conservation","BCOM (indice, depuis 1991) tendance : investi ou monétaire","BCOM (indice, depuis 1991) tendance : achat/vente à découvert"
1992-01-16,,,,,,,,,,,,,1.01028,1.00015,0.96588
1992-01-17,,,,,,,,,,,,,1.01121,1.00030,0.96363
1992-01-21,,,,,,,,,,,,,1.00377,1.00045,0.98476
1992-01-22,,,,,,,,,,,,,1.00675,1.00060,0.97738
1992-01-23,,,,,,,,,,,,,1.00323,1.00075,0.98682
1992-01-24,,,,,,,,,,,,,1.01395,1.00090,0.95969
1992-01-27,,,,,,,,,,,,,1.01808,1.00105,0.95173
1992-01-28,,,,,,,,,,,,,1.01333,1.00120,0.96072
1992-01-29,,,,,,,,,,,,,1.01327,1.00136,0.96124
1992-01-30,,,,,,,,,,,,,1.00774,1.00151,0.97113
1992-01-31,,,,,,,,,,,,,1.00893,1.00166,0.96947
1992-02-03,,,,,,,,,,,,,1.00976,1.00181,0.96844
1992-02-04,,,,,,,,,,,,,1.01671,1.00197,0.95675
1992-02-05,,,,,,,,,,,,,1.01888,1.00212,0.95360
1992-02-06,,,,,,,,,,,,,1.01871,1.00227,0.95420
1992-02-07,,,,,,,,,,,,,1.02462,1.00242,0.94586
1992-02-10,,,,,,,,,,,,,1.02881,1.00257,0.94091
1992-02-11,,,,,,,,,,,,,1.01188,1.00272,0.95846
1992-02-12,,,,,,,,,,,,,1.01505,1.00287,0.95598
1992-02-13,,,,,,,,,,,,,1.01804,1.00302,0.95367
1992-02-14,,,,,,,,,,,,,1.01656,1.00317,0.95522
1992-02-18,,,,,,,,,,,,,0.99990,1.00332,0.96988
1992-02-19,,,,,,,,,,,,,1.00625,1.00347,0.96450
1992-02-20,,,,,,,,,,,,,1.00827,1.00363,0.96300
1992-02-21,,,,,,,,,,,,,1.00475,1.00378,0.96638
1992-02-24,,,,,,,,,,,,,1.00055,1.00394,0.97034
1992-02-25,,,,,,,,,,,,,1.00206,1.00410,0.96902
1992-02-26,,,,,,,,,,,,,1.00321,1.00426,0.96797
1992-02-27,,,,,,,,,,,,,1.00736,1.00441,0.96313
1992-02-28,,,,,,,,,,,,,1.00897,1.00457,0.96149
1992-03-02,,,,,,,,,,,,,1.00428,1.00473,0.96759
1992-03-03,,,,,,,,,,,,,1.00530,1.00489,0.96660
1992-03-04,,,,,,,,,,,,,1.00933,1.00505,0.96148
1992-03-05,,,,,,,,,,,,,1.00886,1.00521,0.96249
1992-03-06,,,,,,,,,,,,,1.00754,1.00537,0.96463
1992-03-09,,,,,,,,,,,,,1.01119,1.00553,0.95995
1992-03-11,,,,,,,,,,,,,1.00728,1.00569,0.96569
1992-03-12,,,,,,,,,,,,,1.00895,1.00585,0.96375
1992-03-13,,,,,,,,,,,,,1.01474,1.00602,0.95606
1992-03-16,,,,,,,,,,,,,1.01288,1.00618,0.95900
1992-03-17,,,,,,,,,,,,,1.01283,1.00634,0.95945
1992-03-18,,,,,,,,,,,,,1.01122,1.00650,0.96205
1992-03-19,,,,,,,,,,,,,1.01675,1.00666,0.95475
1992-03-20,,,,,,,,,,,,,1.00926,1.00683,0.96540
1992-03-23,,,,,,,,,,,,,1.01113,1.00699,0.96316
1992-03-25,,,,,,,,,,,,,1.01326,1.00715,0.96059
1992-03-26,,,,,,,,,,,,,1.01301,1.00731,0.96130
1992-03-27,,,,,,,,,,,,,1.01147,1.00747,0.96382
1992-03-30,,,,,,,,,,,,,1.01130,1.00763,0.96444
1992-03-31,,,,,,,,,,,,,1.01784,1.00779,0.95571
1992-04-01,,,,,,,,,,,,,1.02180,1.00795,0.95066
1992-04-02,,,,,,,,,,,,,1.02050,1.00811,0.95276
1992-04-03,,,,,,,,,,,,,1.02818,1.00827,0.94304
1992-04-06,,,,,,,,,,,,,1.03022,1.00843,0.94129
1992-04-07,,,,,,,,,,,,,1.02210,1.00859,0.94749
1992-04-08,,,,,,,,,,,,,1.02573,1.00874,0.94527
1992-04-09,,,,,,,,,,,,,1.02269,1.00889,0.94732
1992-04-10,,,,,,,,,,,,,1.02337,1.00903,0.94714
1992-04-13,,,,,,,,,,,,,1.01772,1.00918,0.95079
1992-04-14,,,,,,,,,,,,,1.01375,1.00932,0.95344
1992-04-15,,,,,,,,,,,,,1.01297,1.00947,0.95415
1992-04-16,,,,,,,,,,,,,1.01837,1.00961,0.95101
1992-04-20,,,,,,,,,,,,,1.02137,1.00976,0.94939
1992-04-21,,,,,,,,,,,,,1.02547,1.00991,0.94710
1992-04-22,,,,,,,,,,,,,1.01980,1.01006,0.95079
1992-04-23,,,,,,,,,,,,,1.02612,1.01020,0.94712
1992-04-24,,,,,,,,,,,,,1.02327,1.01035,0.94909
1992-04-27,,,,,,,,,,,,,1.02248,1.01050,0.94981
1992-04-28,,,,,,,,,,,,,1.02349,1.01065,0.94942
1992-04-29,,,,,,,,,,,,,1.02660,1.01080,0.94774
1992-04-30,,,,,,,,,,,,,1.02618,1.01095,0.94823
1992-05-01,,,,,,,,,,,,,1.02976,1.01109,0.94625
1992-05-04,,,,,,,,,,,,,1.03948,1.01124,0.94067
1992-05-05,,,,,,,,,,,,,1.03609,1.01138,0.94154
1992-05-06,,,,,,,,,,,,,1.03549,1.01152,0.94168
1992-05-07,,,,,,,,,,,,,1.03871,1.01167,0.94181
1992-05-08,,,,,,,,,,,,,1.03862,1.01177,0.94184
1992-05-11,,,,,,,,,,,,,1.04034,1.01207,0.94236
1992-05-12,,,,,,,,,,,,,1.04235,1.01249,0.94322
1992-05-13,,,,,,,,,,,,,1.04544,1.01324,0.94500
1992-05-14,,,,,,,,,,,,,1.04396,1.01289,0.94377
1992-05-15,,,,,,,,,,,,,1.04509,1.01333,0.94474
1992-05-18,,,,,,,,,,,,,1.04579,1.01366,0.94539
1992-05-19,,,,,,,,,,,,,1.03673,1.01008,0.93484
1992-05-20,,,,,,,,,,,,,1.03719,1.01035,0.93533
1992-05-21,,,,,,,,,,,,,1.03350,1.00893,0.93095
1992-05-22,,,,,,,,,,,,,1.03659,1.01020,0.93407
1992-05-26,,,,,,,,,,,,,1.05739,1.01771,0.95386
1992-05-27,,,,,,,,,,,,,1.05643,1.01746,0.95312
1992-05-28,,,,,,,,,,,,,1.05548,1.01722,0.95238
1992-05-29,,,,,,,,,,,,,1.06114,1.01929,0.95681
1992-06-01,,,,,,,,,,,,,1.06554,1.02125,0.96074
1992-06-02,,,,,,,,,,,,,1.07003,1.02364,0.96569
1992-06-03,,,,,,,,,,,,,1.07087,1.02418,0.96665
1992-06-04,,,,,,,,,,,,,1.07482,1.02705,0.97287
1992-06-05,,,,,,,,,,,,,1.07324,1.02575,0.96962
1992-06-08,,,,,,,,,,,,,1.07446,1.02680,0.97185
1992-06-09,,,,,,,,,,,,,1.07490,1.02721,0.97256
1992-06-10,,,,,,,,,,,,,1.07446,1.02684,0.97115
1992-06-11,,,,,,,,,,,,,1.07059,1.02352,0.96089
1992-06-12,,,,,,,,,,,,,1.07023,1.02323,0.95970
1992-06-15,,,,,,,,,,,,,1.06440,1.01823,0.94452
1992-06-16,,,,,,,,,,,,,1.06529,1.01901,0.94652
1992-06-17,,,,,,,,,,,,,1.06873,1.02198,0.95500
1992-06-18,,,,,,,,,,,,,1.06675,1.02029,0.94969
1992-06-19,,,,,,,,,,,,,1.06598,1.01964,0.94748
1992-06-22,,,,,,,,,,,,,1.06449,1.01838,0.94345
1992-06-23,,,,,,,,,,,,,1.06620,1.01987,0.94752
1992-06-24,,,,,,,,,,,,,1.07062,1.02369,0.95849
1992-06-25,,,,,,,,,,,,,1.07220,1.02506,0.96228
1992-06-26,,,,,,,,,,,,,1.07174,1.02468,0.96084
1992-06-29,,,,,,,,,,,,,1.07375,1.02642,0.96572
1992-06-30,,,,,,,,,,,,,1.06539,1.01925,0.94397
1992-07-01,,,,,,,,,,,,,1.06707,1.02071,0.94789
1992-07-02,,,,,,,,,,,,,1.06972,1.02300,0.95418
1992-07-06,,,,,,,,,,,,,1.06001,1.01461,0.92971
1992-07-07,,,,,,,,,,,,,1.05489,1.01065,0.91979
1992-07-08,,,,,,,,,,,,,1.05839,1.01293,0.92515
1992-07-09,,,,,,,,,,,,,1.05579,1.01143,0.92126
1992-07-10,,,,,,,,,,,,,1.05726,1.01222,0.92304
1992-07-13,,,,,,,,,,,,,1.05946,1.01330,0.92559
1992-07-14,,,,,,,,,,,,,1.05933,1.01331,0.92540
1992-07-15,,,,,,,,,,,,,1.06601,1.01625,0.93291
1992-07-16,,,,,,,,,,,,,1.06553,1.01611,0.93233
1992-07-17,,,,,,,,,,,,,1.06405,1.01555,0.93062
1992-07-22,,,,,,,,,,,,,1.07046,1.01837,0.93784
1992-07-23,,,,,,,,,,,,,1.06777,1.01729,0.93476
1992-07-24,,,,,,,,,,,,,1.07108,1.01878,0.93847
1992-07-27,,,,,,,,,,,,,1.07208,1.01926,0.93952
1992-07-28,,,,,,,,,,,,,1.07125,1.01894,0.93840
1992-07-29,,,,,,,,,,,,,1.06811,1.01750,0.93418
1992-07-30,,,,,,,,,,,,,1.06654,1.01682,0.93205
1992-07-31,,,,,,,,,,,,,1.06138,1.01441,0.92518
1992-08-03,,,,,,,,,,,,,1.05604,1.01189,0.91803
1992-08-04,,,,,,,,,,,,,1.05379,1.01091,0.91515
1992-08-05,,,,,,,,,,,,,1.04878,1.00921,0.91024
1992-08-06,,,,,,,,,,,,,1.05247,1.01004,0.91227
1992-08-07,,,,,,,,,,,,,1.04867,1.00961,0.91081
1992-08-10,,,,,,,,,,,,,1.04765,1.00963,0.91066
1992-08-11,,,,,,,,,,,,,1.04388,1.00937,0.91106
1992-08-12,,,,,,,,,,,,,1.03933,1.00905,0.91287
1992-08-13,,,,,,,,,,,,,1.04154,1.00937,0.91130
1992-08-14,,,,,,,,,,,,,1.04004,1.00934,0.91286
1992-08-17,,,,,,,,,,,,,1.04417,1.00985,0.90826
1992-08-18,,,,,,,,,,,,,1.04595,1.01013,0.90638
1992-08-19,,,,,,,,,,,,,1.04051,1.00972,0.91311
1992-08-20,,,,,,,,,,,,,1.04102,1.00988,0.91266
1992-08-21,,,,,,,,,,,,,1.03865,1.00976,0.91631
1992-08-24,,,,,,,,,,,,,1.05321,1.01129,0.89330
1992-08-25,,,,,,,,,,,,,1.04789,1.01089,0.89989
1992-08-26,,,,,,,,,,,,,1.04344,1.01058,0.90527
1992-08-27,,,,,,,,,,,,,1.04030,1.01039,0.90919
1992-08-28,,,,,,,,,,,,,1.04466,1.01092,0.90435
1992-08-31,,,,,,,,,,,,,1.04996,1.01155,0.89847
1992-09-01,,,,,,,,,,,,,1.05105,1.01177,0.89744
1992-09-02,,,,,,,,,,,,,1.05394,1.01216,0.89452
1992-09-03,,,,,,,,,,,,,1.05651,1.01252,0.89223
1992-09-04,,,,,,,,,,,,,1.06055,1.01301,0.88908
1992-09-08,,,,,,,,,,,,,1.06028,1.01309,0.88934
1992-09-09,,,,,,,,,,,,,1.05870,1.01305,0.89015
1992-09-10,,,,,,,,,,,,,1.05717,1.01301,0.89082
1992-09-11,,,,,,,,,,,,,1.05682,1.01308,0.89107
1992-09-14,,,,,,,,,,,,,1.06572,1.01404,0.88842
1992-09-15,,,,,,,,,,,,,1.07159,1.01470,0.88792
1992-09-16,,,,,,,,,,,,,1.07303,1.01490,0.88813
1992-09-17,,,,,,,,,,,,,1.06513,1.01360,0.88476
1992-09-18,,,,,,,,,,,,,1.06622,1.01388,0.88527
1992-09-21,,,,,,,,,,,,,1.06994,1.01466,0.88694
1992-09-22,,,,,,,,,,,,,1.06936,1.01460,0.88661
1992-09-23,,,,,,,,,,,,,1.07290,1.01559,0.88883
1992-09-24,,,,,,,,,,,,,1.06784,1.01409,0.88493
1992-09-25,,,,,,,,,,,,,1.06708,1.01393,0.88435
1992-09-28,,,,,,,,,,,,,1.06176,1.01234,0.88024
1992-09-29,,,,,,,,,,,,,1.06410,1.01315,0.88206
1992-09-30,,,,,,,,,,,,,1.06541,1.01363,0.88307
1992-10-01,,,,,,,,,,,,,1.06504,1.01359,0.88280
1992-10-02,,,,,,,,,,,,,1.06169,1.01261,0.88021
1992-10-05,,,,,,,,,,,,,1.05330,1.01000,0.87359
1992-10-06,,,,,,,,,,,,,1.05603,1.01064,0.87498
1992-10-07,,,,,,,,,,,,,1.05534,1.01060,0.87470
1992-10-08,,,,,,,,,,,,,1.05176,1.01035,0.87379
1992-10-09,,,,,,,,,,,,,1.05938,1.01118,0.87426
1992-10-13,,,,,,,,,,,,,1.05081,1.01047,0.87386
1992-10-14,,,,,,,,,,,,,1.05697,1.01117,0.87350
1992-10-15,,,,,,,,,,,,,1.06028,1.01159,0.87335
1992-10-16,,,,,,,,,,,,,1.05610,1.01129,0.87378
1992-10-19,,,,,,,,,,,,,1.05891,1.01167,0.87368
1992-10-20,,,,,,,,,,,,,1.05996,1.01188,0.87371
1992-10-21,,,,,,,,,,,,,1.05204,1.01123,0.87441
1992-10-22,,,,,,,,,,,,,1.04773,1.01092,0.87494
1992-10-23,,,,,,,,,,,,,1.04222,1.01049,0.87661
1992-10-26,,,,,,,,,,,,,1.03925,1.01031,0.87827
1992-10-27,,,,,,,,,,,,,1.03796,1.01029,0.87942
1992-10-28,,,,,,,,,,,,,1.03871,1.01047,0.87870
1992-10-29,,,,,,,,,,,,,1.03285,1.01001,0.88666
1992-10-30,,,,,,,,,,,,,1.03405,1.01023,0.88491
1992-11-02,,,,,,,,,,,,,1.04202,1.01112,0.87066
1992-11-03,,,,,,,,,,,,,1.04032,1.01106,0.87401
1992-11-04,,,,,,,,,,,,,1.03266,1.01043,0.88812
1992-11-05,,,,,,,,,,,,,1.03241,1.01051,0.88889
1992-11-06,,,,,,,,,,,,,1.02684,1.01008,0.89966
1992-11-09,,,,,,,,,,,,,1.02594,1.01010,0.90181
1992-11-10,,,,,,,,,,,,,1.02654,1.01027,0.90066
1992-11-12,,,,,,,,,,,,,1.03068,1.01079,0.89018
1992-11-13,,,,,,,,,,,,,1.02909,1.01074,0.89471
1992-11-16,,,,,,,,,,,,,1.03228,1.01117,0.88659
1992-11-17,,,,,,,,,,,,,1.03146,1.01120,0.88922
1992-11-18,,,,,,,,,,,,,1.02544,1.01073,0.90579
1992-11-19,,,,,,,,,,,,,1.03123,1.01141,0.89008
1992-11-20,,,,,,,,,,,,,1.02953,1.01136,0.89520
1992-11-23,,,,,,,,,,,,,1.02535,1.01107,0.90717
1992-11-24,,,,,,,,,,,,,1.02391,1.01104,0.91159
1992-11-25,,,,,,,,,,,,,1.02463,1.01123,0.90986
1992-11-27,,,,,,,,,,,,,1.02668,1.01155,0.90395
1992-11-30,,,,,,,,,,,,,1.02501,1.01150,0.90966
1992-12-01,,,,,,,,,,,,,1.01058,1.01020,0.95794
1992-12-02,,,,,,,,,,,,,1.01134,1.01040,0.95603
1992-12-03,,,,,,,,,,,,,1.00829,1.01021,0.96635
1992-12-04,,,,,,,,,,,,,1.00628,1.01013,0.97374
1992-12-07,,,,,,,,,,,,,1.01032,1.01065,0.95874
1992-12-08,,,,,,,,,,,,,1.00597,1.01033,0.97578
1992-12-09,,,,,,,,,,,,,1.00776,1.01063,0.96911
1992-12-10,,,,,,,,,,,,,1.01755,1.01173,0.92869
1992-12-11,,,,,,,,,,,,,1.01623,1.01171,0.93405
1992-12-14,,,,,,,,,,,,,1.01698,1.01190,0.93190
1992-12-15,,,,,,,,,,,,,1.01660,1.01198,0.93388
1992-12-16,,,,,,,,,,,,,1.02298,1.01273,0.91117
1992-12-17,,,,,,,,,,,,,1.02755,1.01330,0.89672
1992-12-21,,,,,,,,,,,,,1.03081,1.01374,0.88754
1992-12-22,,,,,,,,,,,,,1.03031,1.01380,0.88929
1992-12-23,,,,,,,,,,,,,1.03211,1.01410,0.88503
1992-12-24,,,,,,,,,,,,,1.03263,1.01426,0.88413
1992-12-28,,,,,,,,,,,,,1.02840,1.01396,0.89437
1992-12-29,,,,,,,,,,,,,1.02283,1.01353,0.90759
1992-12-30,,,,,,,,,,,,,1.02228,1.01359,0.90927
1992-12-31,,,,,,,,,,,,,1.02436,1.01391,0.90478
1993-01-04,,,,,,,,,,,,,1.01513,1.01310,0.92673
1993-01-05,,,,,,,,,,,,,1.01897,1.01360,0.91788
1993-01-06,,,,,,,,,,,,,1.01653,1.01347,0.92409
1993-01-07,,,,,,,,,,,,,1.01902,1.01383,0.91855
1993-01-08,,,,,,,,,,,,,1.01865,1.01390,0.91979
1993-01-11,,,,,,,,,,,,,1.01800,1.01395,0.92175
1993-01-12,,,,,,,,,,,,,1.00965,1.01323,0.94394
1993-01-13,,,,,,,,,,,,,1.01288,1.01366,0.93566
1993-01-14,,,,,,,,,,,,,1.01393,1.01387,0.93319
1993-01-15,,,,,,,,,,,,,1.01541,1.01413,0.92938
1993-01-19,,,,,,,,,,,,,1.01293,1.01399,0.93694
1993-01-20,,,,,,,,,,,,,1.01027,1.01383,0.94549
1993-01-21,,,,,,,,,,,,,1.01259,1.01417,0.93828
1993-01-22,,,,,,,,,,,,,1.01135,1.01415,0.94286
1993-01-25,,,,,,,,,,,,,1.01640,1.01477,0.92561
1993-01-26,,,,,,,,,,,,,1.01767,1.01500,0.92176
1993-01-27,,,,,,,,,,,,,1.01761,1.01510,0.92248
1993-01-28,,,,,,,,,,,,,1.02551,1.01599,0.89572
1993-01-29,,,,,,,,,,,,,1.02224,1.01578,0.90546
1993-02-01,,,,,,,,,,,,,1.02436,1.01609,0.89995
1993-02-02,,,,,,,,,,,,,1.01758,1.01553,0.91841
1993-02-03,,,,,,,,,,,,,1.01816,1.01569,0.91732
1993-02-04,,,,,,,,,,,,,1.02275,1.01625,0.90580
1993-02-05,,,,,,,,,,,,,1.02189,1.01627,0.90836
1993-02-09,,,,,,,,,,,,,1.02256,1.01645,0.90707
1993-02-10,,,,,,,,,,,,,1.03021,1.01731,0.88813
1993-02-12,,,,,,,,,,,,,1.02306,1.01671,0.90267
1993-02-16,,,,,,,,,,,,,1.02255,1.01677,0.90397
1993-02-17,,,,,,,,,,,,,1.02138,1.01676,0.90649
1993-02-18,,,,,,,,,,,,,1.02333,1.01706,0.90313
1993-02-19,,,,,,,,,,,,,1.02492,1.01732,0.90048
1993-02-22,,,,,,,,,,,,,1.03247,1.01818,0.88660
1993-02-23,,,,,,,,,,,,,1.03500,1.01854,0.88270
1993-02-24,,,,,,,,,,,,,1.03420,1.01856,0.88404
1993-02-25,,,,,,,,,,,,,1.03404,1.01866,0.88446
1993-02-26,,,,,,,,,,,,,1.03455,1.01881,0.88406
1993-03-01,,,,,,,,,,,,,1.03166,1.01864,0.88755
1993-03-02,,,,,,,,,,,,,1.03257,1.01883,0.88675
1993-03-03,,,,,,,,,,,,,1.03236,1.01892,0.88720
1993-03-04,,,,,,,,,,,,,1.04048,1.01983,0.87859
1993-03-05,,,,,,,,,,,,,1.03808,1.01970,0.88063
1993-03-08,,,,,,,,,,,,,1.03561,1.01957,0.88254
1993-03-09,,,,,,,,,,,,,1.03750,1.01986,0.88140
1993-03-10,,,,,,,,,,,,,1.03571,1.01980,0.88273
1993-03-11,,,,,,,,,,,,,1.03355,1.01969,0.88429
1993-03-12,,,,,,,,,,,,,1.03663,1.02010,0.88249
1993-03-15,,,,,,,,,,,,,1.03974,1.02052,0.88065
1993-03-16,,,,,,,,,,,,,1.03743,1.02040,0.88215
1993-03-17,,,,,,,,,,,,,1.04117,1.02088,0.88015
1993-03-18,,,,,,,,,,,,,1.04882,1.02173,0.87667
1993-03-19,,,,,,,,,,,,,1.05178,1.02213,0.87612
1993-03-22,,,,,,,,,,,,,1.04346,1.02143,0.87530
1993-03-23,,,,,,,,,,,,,1.04755,1.02194,0.87581
1993-03-24,,,,,,,,,,,,,1.05238,1.02249,0.87661
1993-03-25,,,,,,,,,,,,,1.05467,1.02287,0.87734
1993-03-26,,,,,,,,,,,,,1.05116,1.02220,0.87545
1993-03-29,,,,,,,,,,,,,1.05139,1.02234,0.87558
1993-03-30,,,,,,,,,,,,,1.05338,1.02291,0.87687
1993-03-31,,,,,,,,,,,,,1.05908,1.02462,0.88116
1993-04-01,,,,,,,,,,,,,1.06049,1.02516,0.88235
1993-04-02,,,,,,,,,,,,,1.06266,1.02612,0.88472
1993-04-05,,,,,,,,,,,,,1.06049,1.02508,0.88169
1993-04-06,,,,,,,,,,,,,1.05203,1.02061,0.86947
1993-04-07,,,,,,,,,,,,,1.05091,1.02007,0.86780
1993-04-08,,,,,,,,,,,,,1.05314,1.02132,0.87091
1993-04-12,,,,,,,,,,,,,1.06152,1.02585,0.88279
1993-04-13,,,,,,,,,,,,,1.06345,1.02693,0.88547
1993-04-14,,,,,,,,,,,,,1.06254,1.02650,0.88410
1993-04-15,,,,,,,,,,,,,1.05462,1.02233,0.87272
1993-04-16,,,,,,,,,,,,,1.04877,1.01924,0.86422
1993-04-19,,,,,,,,,,,,,1.04837,1.01905,0.86363
1993-04-20,,,,,,,,,,,,,1.04899,1.01935,0.86418
1993-04-21,,,,,,,,,,,,,1.05204,1.02056,0.86693
1993-04-22,,,,,,,,,,,,,1.05301,1.02097,0.86777
1993-04-23,,,,,,,,,,,,,1.05863,1.02299,0.87267
1993-04-26,,,,,,,,,,,,,1.06317,1.02463,0.87661
1993-04-27,,,,,,,,,,,,,1.06041,1.02375,0.87420
1993-04-28,,,,,,,,,,,,,1.05871,1.02324,0.87271
1993-04-29,,,,,,,,,,,,,1.06642,1.02598,0.87943
1993-04-30,,,,,,,,,,,,,1.06886,1.02686,0.88146
1993-05-03,,,,,,,,,,,,,1.06424,1.02500,0.87659
1993-05-04,,,,,,,,,,,,,1.05737,1.02217,0.86936
1993-05-05,,,,,,,,,,,,,1.05698,1.02207,0.86893
1993-05-06,,,,,,,,,,,,,1.05656,1.02196,0.86846
1993-05-07,,,,,,,,,,,,,1.05578,1.02169,0.86763
1993-05-10,,,,,,,,,,,,,1.05161,1.01995,0.86316
1993-05-11,,,,,,,,,,,,,1.05501,1.02122,0.86615
1993-05-12,,,,,,,,,,,,,1.05881,1.02253,0.86928
1993-05-13,,,,,,,,,,,,,1.05748,1.02218,0.86818
1993-05-14,,,,,,,,,,,,,1.05256,1.02064,0.86408
1993-05-17,,,,,,,,,,,,,1.05179,1.02049,0.86349
1993-05-18,,,,,,,,,,,,,1.05641,1.02161,0.86621
1993-05-19,,,,,,,,,,,,,1.05096,1.02047,0.86303
1993-05-20,,,,,,,,,,,,,1.05760,1.02169,0.86593
1993-05-21,,,,,,,,,,,,,1.05908,1.02204,0.86661
1993-05-24,,,,,,,,,,,,,1.04604,1.01993,0.86099
1993-05-25,,,,,,,,,,,,,1.05358,1.02087,0.86287
1993-05-26,,,,,,,,,,,,,1.05139,1.02076,0.86246
1993-05-27,,,,,,,,,,,,,1.05088,1.02082,0.86243
1993-05-28,,,,,,,,,,,,,1.04979,1.02083,0.86236
1993-06-01,,,,,,,,,,,,,1.04176,1.02016,0.86201
1993-06-02,,,,,,,,,,,,,1.03747,1.01985,0.86264
1993-06-03,,,,,,,,,,,,,1.03816,1.02002,0.86242
1993-06-04,,,,,,,,,,,,,1.03877,1.02020,0.86216
1993-06-07,,,,,,,,,,,,,1.03409,1.01985,0.86574
1993-06-08,,,,,,,,,,,,,1.03624,1.02018,0.86382
1993-06-09,,,,,,,,,,,,,1.03693,1.02036,0.86325
1993-06-10,,,,,,,,,,,,,1.02968,1.01976,0.87225
1993-06-11,,,,,,,,,,,,,1.02319,1.01923,0.88144
1993-06-14,,,,,,,,,,,,,1.02233,1.01925,0.88304
1993-06-15,,,,,,,,,,,,,1.01833,1.01896,0.89140
1993-06-16,,,,,,,,,,,,,1.02208,1.01945,0.88271
1993-06-17,,,,,,,,,,,,,1.02893,1.02024,0.86632
1993-06-18,,,,,,,,,,,,,1.03175,1.02064,0.85998
1993-06-21,,,,,,,,,,,,,1.03293,1.02086,0.85757
1993-06-22,,,,,,,,,,,,,1.02765,1.02045,0.87043
1993-06-23,,,,,,,,,,,,,1.03372,1.02117,0.85617
1993-06-24,,,,,,,,,,,,,1.03567,1.02148,0.85216
1993-06-28,,,,,,,,,,,,,1.03728,1.02175,0.84902
1993-06-29,,,,,,,,,,,,,1.03975,1.02210,0.84419
1993-06-30,,,,,,,,,,,,,1.04614,1.02284,0.83199
1993-07-01,,,,,,,,,,,,,1.05018,1.02334,0.82581
1993-07-02,,,,,,,,,,,,,1.05160,1.02359,0.82413
1993-07-06,,,,,,,,,,,,,1.07152,1.02564,0.80267
1993-07-07,,,,,,,,,,,,,1.07192,1.02579,0.80254
1993-07-08,,,,,,,,,,,,,1.06466,1.02520,0.80275
1993-07-09,,,,,,,,,,,,,1.06553,1.02538,0.80285
1993-07-12,,,,,,,,,,,,,1.05911,1.02468,0.80149
1993-07-13,,,,,,,,,,,,,1.05619,1.02441,0.80090
1993-07-14,,,,,,,,,,,,,1.04798,1.02346,0.79911
1993-07-16,,,,,,,,,,,,,1.04733,1.02348,0.79903
1993-07-19,,,,,,,,,,,,,1.05932,1.02515,0.80182
1993-07-20,,,,,,,,,,,,,1.05313,1.02446,0.80049
1993-07-21,,,,,,,,,,,,,1.05204,1.02442,0.80032
1993-07-22,,,,,,,,,,,,,1.05237,1.02457,0.80046
1993-07-23,,,,,,,,,,,,,1.05596,1.02515,0.80134
1993-07-26,,,,,,,,,,,,,1.05787,1.02551,0.80184
1993-07-27,,,,,,,,,,,,,1.06238,1.02620,0.80293
1993-07-28,,,,,,,,,,,,,1.05999,1.02600,0.80246
1993-07-29,,,,,,,,,,,,,1.06271,1.02646,0.80314
1993-07-30,,,,,,,,,,,,,1.06402,1.02673,0.80350
1993-08-02,,,,,,,,,,,,,1.07153,1.02777,0.80530
1993-08-03,,,,,,,,,,,,,1.06988,1.02751,0.80465
1993-08-04,,,,,,,,,,,,,1.06482,1.02633,0.80217
1993-08-05,,,,,,,,,,,,,1.04593,1.02162,0.79275
1993-08-06,,,,,,,,,,,,,1.03985,1.02009,0.79011
1993-08-09,,,,,,,,,,,,,1.04028,1.02023,0.79017
1993-08-10,,,,,,,,,,,,,1.04060,1.02037,0.79020
1993-08-11,,,,,,,,,,,,,1.04382,1.02080,0.78988
1993-08-12,,,,,,,,,,,,,1.03681,1.02022,0.79134
1993-08-13,,,,,,,,,,,,,1.03915,1.02056,0.79060
1993-08-16,,,,,,,,,,,,,1.04074,1.02083,0.78999
1993-08-17,,,,,,,,,,,,,1.04230,1.02109,0.78931
1993-08-18,,,,,,,,,,,,,1.04011,1.02099,0.79068
1993-08-19,,,,,,,,,,,,,1.04064,1.02115,0.79048
1993-08-20,,,,,,,,,,,,,1.04547,1.02173,0.78725
1993-08-23,,,,,,,,,,,,,1.05049,1.02233,0.78391
1993-08-24,,,,,,,,,,,,,1.04726,1.02213,0.78633
1993-08-25,,,,,,,,,,,,,1.04555,1.02207,0.78770
1993-08-26,,,,,,,,,,,,,1.04250,1.02188,0.79002
1993-08-27,,,,,,,,,,,,,1.05371,1.02309,0.78230
1993-08-30,,,,,,,,,,,,,1.05400,1.02323,0.78226
1993-08-31,,,,,,,,,,,,,1.04576,1.02254,0.78772
1993-09-01,,,,,,,,,,,,,1.03634,1.02173,0.79403
1993-09-02,,,,,,,,,,,,,1.03729,1.02193,0.79358
1993-09-03,,,,,,,,,,,,,1.03555,1.02186,0.79488
1993-09-07,,,,,,,,,,,,,1.01291,1.01974,0.81089
1993-09-08,,,,,,,,,,,,,1.01447,1.02000,0.80983
1993-09-09,,,,,,,,,,,,,1.01355,1.02002,0.81079
1993-09-10,,,,,,,,,,,,,1.00464,1.01923,0.82131
1993-09-13,,,,,,,,,,,,,1.00601,1.01948,0.81950
1993-09-14,,,,,,,,,,,,,1.00277,1.01926,0.82501
1993-09-15,,,,,,,,,,,,,1.00309,1.01940,0.82464
1993-09-16,,,,,,,,,,,,,1.00346,1.01954,0.82415
1993-09-17,,,,,,,,,,,,,1.00972,1.02029,0.81079
1993-09-20,,,,,,,,,,,,,1.01730,1.02116,0.79492
1993-09-21,,,,,,,,,,,,,1.01836,1.02137,0.79305
1993-09-22,,,,,,,,,,,,,1.01077,1.02072,0.80914
1993-09-23,,,,,,,,,,,,,1.01904,1.02166,0.79182
1993-09-24,,,,,,,,,,,,,1.01784,1.02165,0.79454
1993-09-27,,,,,,,,,,,,,1.01093,1.02106,0.80880
1993-09-28,,,,,,,,,,,,,1.01169,1.02124,0.80757
1993-09-29,,,,,,,,,,,,,1.01793,1.02198,0.79503
1993-09-30,,,,,,,,,,,,,1.02130,1.02242,0.78855
1993-10-01,,,,,,,,,,,,,1.01886,1.02228,0.79368
1993-10-04,,,,,,,,,,,,,1.01060,1.02156,0.81044
1993-10-05,,,,,,,,,,,,,1.00909,1.02152,0.81386
1993-10-06,,,,,,,,,,,,,1.01211,1.02193,0.80800
1993-10-07,,,,,,,,,,,,,1.01402,1.02224,0.80444
1993-10-08,,,,,,,,,,,,,1.01794,1.02274,0.79685
1993-10-12,,,,,,,,,,,,,1.02560,1.02362,0.78186
1993-10-13,,,,,,,,,,,,,1.02717,1.02389,0.77918
1993-10-14,,,,,,,,,,,,,1.02291,1.02357,0.78705
1993-10-15,,,,,,,,,,,,,1.02188,1.02358,0.78916
1993-10-18,,,,,,,,,,,,,1.02089,1.02359,0.79122
1993-10-19,,,,,,,,,,,,,1.02134,1.02375,0.79074
1993-10-20,,,,,,,,,,,,,1.02379,1.02410,0.78672
1993-10-21,,,,,,,,,,,,,1.02763,1.02460,0.78028
1993-10-22,,,,,,,,,,,,,1.02100,1.02405,0.79202
1993-10-25,,,,,,,,,,,,,1.01382,1.02344,0.80465
1993-10-26,,,,,,,,,,,,,1.00873,1.02304,0.81392
1993-10-27,,,,,,,,,,,,,1.01479,1.02377,0.80342
1993-10-28,,,,,,,,,,,,,1.01069,1.02347,0.81091
1993-10-29,,,,,,,,,,,,,1.00869,1.02337,0.81470
1993-11-01,,,,,,,,,,,,,1.01065,1.02368,0.81118
1993-11-02,,,,,,,,,,,,,1.00930,1.02366,0.81421
1993-11-03,,,,,,,,,,,,,1.01409,1.02426,0.80407
1993-11-04,,,,,,,,,,,,,1.01839,1.02481,0.79516
1993-11-05,,,,,,,,,,,,,1.01886,1.02497,0.79452
1993-11-08,,,,,,,,,,,,,1.00814,1.02400,0.81760
1993-11-09,,,,,,,,,,,,,1.00658,1.02395,0.82138
1993-11-10,,,,,,,,,,,,,1.01708,1.02514,0.79860
1993-11-12,,,,,,,,,,,,,1.01882,1.02543,0.79564
1993-11-15,,,,,,,,,,,,,1.02327,1.02599,0.78771
1993-11-16,,,,,,,,,,,,,1.02111,1.02588,0.79165
1993-11-17,,,,,,,,,,,,,1.03188,1.02708,0.77377
1993-11-18,,,,,,,,,,,,,1.03069,1.02708,0.77543
1993-11-19,,,,,,,,,,,,,1.03275,1.02740,0.77329
1993-11-22,,,,,,,,,,,,,1.03306,1.02754,0.77315
1993-11-23,,,,,,,,,,,,,1.02355,1.02671,0.78214
1993-11-24,,,,,,,,,,,,,1.02218,1.02669,0.78358
1993-11-26,,,,,,,,,,,,,1.01610,1.02619,0.78927
1993-11-29,,,,,,,,,,,,,1.00299,1.02498,0.80148
1993-11-30,,,,,,,,,,,,,0.99763,1.02455,0.80661
1993-12-01,,,,,,,,,,,,,1.00424,1.02534,0.79876
1993-12-02,,,,,,,,,,,,,0.99830,1.02485,0.80645
1993-12-03,,,,,,,,,,,,,1.00439,1.02559,0.79767
1993-12-06,,,,,,,,,,,,,0.99637,1.02488,0.80970
1993-12-07,,,,,,,,,,,,,1.00379,1.02576,0.79792
1993-12-08,,,,,,,,,,,,,1.00321,1.02581,0.79913
1993-12-09,,,,,,,,,,,,,1.00102,1.02570,0.80290
1993-12-10,,,,,,,,,,,,,1.01313,1.02705,0.78218
1993-12-13,,,,,,,,,,,,,1.00690,1.02653,0.79256
1993-12-14,,,,,,,,,,,,,1.00914,1.02687,0.78918
1993-12-15,,,,,,,,,,,,,1.00600,1.02666,0.79459
1993-12-16,,,,,,,,,,,,,1.00494,1.02667,0.79663
1993-12-17,,,,,,,,,,,,,1.00613,1.02690,0.79495
1993-12-20,,,,,,,,,,,,,1.00655,1.02705,0.79457
1993-12-21,,,,,,,,,,,,,1.00129,1.02663,0.80353
1993-12-22,,,,,,,,,,,,,1.00687,1.02731,0.79449
1993-12-23,,,,,,,,,,,,,1.00678,1.02742,0.79494
1993-12-27,,,,,,,,,,,,,1.00987,1.02785,0.79014
1993-12-28,,,,,,,,,,,,,1.00859,1.02783,0.79252
1993-12-29,,,,,,,,,,,,,1.01497,1.02859,0.78236
1993-12-30,,,,,,,,,,,,,1.01162,1.02836,0.78803
1993-12-31,,,,,,,,,,,,,1.01217,1.02852,0.78742
1994-01-03,,,,,,,,,,,,,1.01405,1.02883,0.78467
1994-01-04,,,,,,,,,,,,,1.01495,1.02903,0.78352
1994-01-05,,,,,,,,,,,,,1.02576,1.03024,0.76622
1994-01-06,,,,,,,,,,,,,1.02859,1.03064,0.76292
1994-01-07,,,,,,,,,,,,,1.02588,1.03048,0.76590
1994-01-10,,,,,,,,,,,,,1.01672,1.02967,0.77469
1994-01-11,,,,,,,,,,,,,1.02504,1.03062,0.76723
1994-01-12,,,,,,,,,,,,,1.02083,1.03030,0.77065
1994-01-13,,,,,,,,,,,,,1.03084,1.03142,0.76296
1994-01-14,,,,,,,,,,,,,1.04226,1.03267,0.75639
1994-01-18,,,,,,,,,,,,,1.03994,1.03255,0.75717
1994-01-19,,,,,,,,,,,,,1.03745,1.03242,0.75767
1994-01-20,,,,,,,,,,,,,1.03193,1.03198,0.75829
1994-01-21,,,,,,,,,,,,,1.03105,1.03200,0.75847
1994-01-24,,,,,,,,,,,,,1.04029,1.03303,0.75766
1994-01-25,,,,,,,,,,,,,1.04073,1.03318,0.75770
1994-01-26,,,,,,,,,,,,,1.05159,1.03434,0.75845
1994-01-27,,,,,,,,,,,,,1.04821,1.03393,0.75768
1994-01-28,,,,,,,,,,,,,1.04684,1.03372,0.75724
1994-01-31,,,,,,,,,,,,,1.04942,1.03442,0.75827
1994-02-01,,,,,,,,,,,,,1.06819,1.04004,0.76765
1994-02-02,,,,,,,,,,,,,1.07439,1.04238,0.77101
1994-02-03,,,,,,,,,,,,,1.06836,1.03922,0.76615
1994-02-04,,,,,,,,,,,,,1.06096,1.03483,0.75953
1994-02-07,,,,,,,,,,,,,1.04978,1.02815,0.74956
1994-02-08,,,,,,,,,,,,,1.05064,1.02872,0.75031
1994-02-09,,,,,,,,,,,,,1.04383,1.02465,0.74422
1994-02-10,,,,,,,,,,,,,1.04226,1.02372,0.74283
1994-02-11,,,,,,,,,,,,,1.04277,1.02403,0.74318
1994-02-14,,,,,,,,,,,,,1.03674,1.02119,0.73889
1994-02-15,,,,,,,,,,,,,1.03509,1.02059,0.73791
1994-02-16,,,,,,,,,,,,,1.03663,1.02112,0.73861
1994-02-17,,,,,,,,,,,,,1.03845,1.02165,0.73933
1994-02-18,,,,,,,,,,,,,1.03678,1.02138,0.73879
1994-02-22,,,,,,,,,,,,,1.04105,1.02222,0.74002
1994-02-23,,,,,,,,,,,,,1.03958,1.02208,0.73968
1994-02-24,,,,,,,,,,,,,1.04737,1.02336,0.74167
1994-02-25,,,,,,,,,,,,,1.04410,1.02299,0.74093
1994-02-28,,,,,,,,,,,,,1.04127,1.02269,0.74030
1994-03-01,,,,,,,,,,,,,1.04088,1.02275,0.74027
1994-03-02,,,,,,,,,,,,,1.03755,1.02236,0.73949
1994-03-03,,,,,,,,,,,,,1.03374,1.02201,0.73870
1994-03-04,,,,,,,,,,,,,1.03750,1.02251,0.73914
1994-03-07,,,,,,,,,,,,,1.02768,1.02167,0.73858
1994-03-08,,,,,,,,,,,,,1.02604,1.02164,0.73877
1994-03-09,,,,,,,,,,,,,1.02887,1.02205,0.73812
1994-03-10,,,,,,,,,,,,,1.03114,1.02240,0.73744
1994-03-11,,,,,,,,,,,,,1.03710,1.02312,0.73521
1994-03-14,,,,,,,,,,,,,1.04128,1.02366,0.73370
1994-03-15,,,,,,,,,,,,,1.04805,1.02446,0.73118
1994-03-16,,,,,,,,,,,,,1.05654,1.02542,0.72789
1994-03-17,,,,,,,,,,,,,1.04987,1.02490,0.72897
1994-03-18,,,,,,,,,,,,,1.05340,1.02537,0.72880
1994-03-21,,,,,,,,,,,,,1.05342,1.02550,0.72885
1994-03-22,,,,,,,,,,,,,1.05571,1.02583,0.72921
1994-03-23,,,,,,,,,,,,,1.05535,1.02587,0.72913
1994-03-24,,,,,,,,,,,,,1.05589,1.02607,0.72933
1994-03-25,,,,,,,,,,,,,1.05726,1.02647,0.72990
1994-03-28,,,,,,,,,,,,,1.03734,1.02118,0.71966
1994-03-29,,,,,,,,,,,,,1.03692,1.02112,0.71947
1994-03-30,,,,,,,,,,,,,1.03519,1.02086,0.71897
1994-03-31,,,,,,,,,,,,,1.04375,1.02190,0.72043
1994-04-04,,,,,,,,,,,,,1.05269,1.02291,0.72180
1994-04-05,,,,,,,,,,,,,1.04602,1.02239,0.72093
1994-04-06,,,,,,,,,,,,,1.04909,1.02283,0.72145
1994-04-07,,,,,,,,,,,,,1.04478,1.02253,0.72091
1994-04-08,,,,,,,,,,,,,1.04322,1.02251,0.72077
1994-04-11,,,,,,,,,,,,,1.04189,1.02251,0.72065
1994-04-12,,,,,,,,,,,,,1.04218,1.02267,0.72075
1994-04-13,,,,,,,,,,,,,1.04464,1.02304,0.72103
1994-04-14,,,,,,,,,,,,,1.04664,1.02337,0.72128
1994-04-15,,,,,,,,,,,,,1.05064,1.02389,0.72168
1994-04-18,,,,,,,,,,,,,1.04958,1.02392,0.72169
1994-04-19,,,,,,,,,,,,,1.04087,1.02321,0.72112
1994-04-20,,,,,,,,,,,,,1.04332,1.02359,0.72140
1994-04-21,,,,,,,,,,,,,1.04956,1.02433,0.72193
1994-04-22,,,,,,,,,,,,,1.05509,1.02501,0.72241
1994-04-25,,,,,,,,,,,,,1.06007,1.02563,0.72285
1994-04-26,,,,,,,,,,,,,1.05316,1.02511,0.72248
1994-04-27,,,,,,,,,,,,,1.05470,1.02540,0.72267
1994-04-28,,,,,,,,,,,,,1.05667,1.02573,0.72292
1994-04-29,,,,,,,,,,,,,1.06581,1.02673,0.72428
1994-05-02,,,,,,,,,,,,,1.06676,1.02697,0.72453
1994-05-03,,,,,,,,,,,,,1.06210,1.02596,0.72261
1994-05-04,,,,,,,,,,,,,1.06260,1.02620,0.72285
1994-05-05,,,,,,,,,,,,,1.06426,1.02677,0.72368
1994-05-06,,,,,,,,,,,,,1.07949,1.03169,0.73242
1994-05-09,,,,,,,,,,,,,1.08207,1.03271,0.73389
1994-05-10,,,,,,,,,,,,,1.07615,1.02985,0.72902
1994-05-11,,,,,,,,,,,,,1.08240,1.03320,0.73429
1994-05-12,,,,,,,,,,,,,1.08792,1.03653,0.73959
1994-05-13,,,,,,,,,,,,,1.09552,1.04178,0.74819
1994-05-16,,,,,,,,,,,,,1.10505,1.04944,0.76085
1994-05-17,,,,,,,,,,,,,1.10131,1.04626,0.75474
1994-05-18,,,,,,,,,,,,,1.11113,1.05467,0.77109
1994-05-19,,,,,,,,,,,,,1.11594,1.05880,0.77939
1994-05-20,,,,,,,,,,,,,1.12003,1.06230,0.78711
1994-05-23,,,,,,,,,,,,,1.13866,1.07822,0.82746
1994-05-24,,,,,,,,,,,,,1.11881,1.06132,0.78217
1994-05-25,,,,,,,,,,,,,1.10325,1.04806,0.75454
1994-05-26,,,,,,,,,,,,,1.09542,1.04139,0.74246
1994-05-27,,,,,,,,,,,,,1.10318,1.04804,0.75319
1994-05-31,,,,,,,,,,,,,1.12277,1.06481,0.78010
1994-06-01,,,,,,,,,,,,,1.11225,1.05585,0.76640
1994-06-02,,,,,,,,,,,,,1.11673,1.05969,0.77187
1994-06-03,,,,,,,,,,,,,1.10859,1.05275,0.76160
1994-06-06,,,,,,,,,,,,,1.09828,1.04396,0.74867
1994-06-07,,,,,,,,,,,,,1.10057,1.04594,0.75123
1994-06-08,,,,,,,,,,,,,1.11678,1.05982,0.76966
1994-06-09,,,,,,,,,,,,,1.11996,1.06255,0.77307
1994-06-10,,,,,,,,,,,,,1.12390,1.06594,0.77732
1994-06-13,,,,,,,,,,,,,1.13891,1.07876,0.79371
1994-06-14,,,,,,,,,,,,,1.13993,1.07965,0.79468
1994-06-15,,,,,,,,,,,,,1.15952,1.09637,0.81924
1994-06-16,,,,,,,,,,,,,1.15680,1.09407,0.81549
1994-06-17,,,,,,,,,,,,,1.17598,1.11042,0.84312
1994-06-20,,,,,,,,,,,,,1.15899,1.09600,0.81708
1994-06-21,,,,,,,,,,,,,1.15373,1.09153,0.80904
1994-06-22,,,,,,,,,,,,,1.14119,1.08087,0.79020
1994-06-23,,,,,,,,,,,,,1.14270,1.08218,0.79228
1994-06-24,,,,,,,,,,,,,1.14141,1.08110,0.79023
1994-06-27,,,,,,,,,,,,,1.13786,1.07809,0.78487
1994-06-28,,,,,,,,,,,,,1.14872,1.08737,0.80064
1994-06-29,,,,,,,,,,,,,1.14462,1.08390,0.79442
1994-06-30,,,,,,,,,,,,,1.15476,1.09256,0.80923
1994-07-01,,,,,,,,,,,,,1.15912,1.09629,0.81557
1994-07-05,,,,,,,,,,,,,1.14415,1.08356,0.79303
1994-07-06,,,,,,,,,,,,,1.13761,1.07801,0.78324
1994-07-07,,,,,,,,,,,,,1.13501,1.07580,0.77928
1994-07-08,,,,,,,,,,,,,1.14301,1.08265,0.79058
1994-07-11,,,,,,,,,,,,,1.17117,1.10667,0.83042
1994-07-12,,,,,,,,,,,,,1.17809,1.11258,0.83862
1994-07-13,,,,,,,,,,,,,1.17653,1.11127,0.83661
1994-07-14,,,,,,,,,,,,,1.17629,1.11108,0.83612
1994-07-15,,,,,,,,,,,,,1.17745,1.11210,0.83753
1994-07-18,,,,,,,,,,,,,1.17345,1.10871,0.83138
1994-07-19,,,,,,,,,,,,,1.17458,1.10969,0.83291
1994-07-20,,,,,,,,,,,,,1.16453,1.10116,0.81635
1994-07-21,,,,,,,,,,,,,1.16656,1.10291,0.81944
1994-07-22,,,,,,,,,,,,,1.16580,1.10228,0.81802
1994-07-25,,,,,,,,,,,,,1.16075,1.09800,0.80970
1994-07-26,,,,,,,,,,,,,1.15556,1.09360,0.80120
1994-07-27,,,,,,,,,,,,,1.15696,1.09482,0.80326
1994-07-28,,,,,,,,,,,,,1.15773,1.09550,0.80430
1994-07-29,,,,,,,,,,,,,1.17045,1.10634,0.82441
1994-08-01,,,,,,,,,,,,,1.17570,1.11083,0.83273
1994-08-02,,,,,,,,,,,,,1.16700,1.10345,0.81838
1994-08-03,,,,,,,,,,,,,1.15779,1.09563,0.80337
1994-08-04,,,,,,,,,,,,,1.15765,1.09553,0.80297
1994-08-05,,,,,,,,,,,,,1.14176,1.08201,0.77733
1994-08-08,,,,,,,,,,,,,1.13473,1.07604,0.76772
1994-08-10,,,,,,,,,,,,,1.13353,1.07502,0.76613
1994-08-11,,,,,,,,,,,,,1.13492,1.07616,0.76752
1994-08-12,,,,,,,,,,,,,1.12199,1.06637,0.75433
1994-08-15,,,,,,,,,,,,,1.12497,1.06819,0.75658
1994-08-16,,,,,,,,,,,,,1.12180,1.06661,0.75439
1994-08-17,,,,,,,,,,,,,1.12594,1.06844,0.75673
1994-08-18,,,,,,,,,,,,,1.12334,1.06757,0.75542
1994-08-19,,,,,,,,,,,,,1.11672,1.06556,0.75250
1994-08-22,,,,,,,,,,,,,1.10529,1.06298,0.74872
1994-08-23,,,,,,,,,,,,,1.11223,1.06383,0.74972
1994-08-24,,,,,,,,,,,,,1.12346,1.06507,0.75034
1994-08-25,,,,,,,,,,,,,1.12271,1.06518,0.75043
1994-08-26,,,,,,,,,,,,,1.12553,1.06562,0.75068
1994-08-29,,,,,,,,,,,,,1.13681,1.06686,0.75130
1994-08-30,,,,,,,,,,,,,1.13393,1.06676,0.75131
1994-08-31,,,,,,,,,,,,,1.13923,1.06744,0.75164
1994-09-01,,,,,,,,,,,,,1.14034,1.06770,0.75180
1994-09-02,,,,,,,,,,,,,1.13953,1.06775,0.75173
1994-09-06,,,,,,,,,,,,,1.14747,1.06914,0.75360
1994-09-07,,,,,,,,,,,,,1.15323,1.07055,0.75550
1994-09-08,,,,,,,,,,,,,1.15012,1.06966,0.75404
1994-09-09,,,,,,,,,,,,,1.15083,1.07001,0.75440
1994-09-12,,,,,,,,,,,,,1.15654,1.07252,0.75805
1994-09-13,,,,,,,,,,,,,1.14771,1.06825,0.75130
1994-09-14,,,,,,,,,,,,,1.13577,1.06242,0.74220
1994-09-15,,,,,,,,,,,,,1.12688,1.05807,0.73538
1994-09-16,,,,,,,,,,,,,1.13684,1.06285,0.74197
1994-09-19,,,,,,,,,,,,,1.14332,1.06573,0.74583
1994-09-20,,,,,,,,,,,,,1.14706,1.06744,0.74806
1994-09-21,,,,,,,,,,,,,1.14432,1.06638,0.74645
1994-09-22,,,,,,,,,,,,,1.15019,1.06900,0.74994
1994-09-23,,,,,,,,,,,,,1.15495,1.07113,0.75277
1994-09-26,,,,,,,,,,,,,1.14628,1.06756,0.74765
1994-09-27,,,,,,,,,,,,,1.14166,1.06569,0.74492
1994-09-28,,,,,,,,,,,,,1.13891,1.06461,0.74330
1994-09-29,,,,,,,,,,,,,1.14230,1.06617,0.74533
1994-09-30,,,,,,,,,,,,,1.14095,1.06570,0.74454
1994-10-03,,,,,,,,,,,,,1.14187,1.06621,0.74510
1994-10-04,,,,,,,,,,,,,1.14177,1.06628,0.74505
1994-10-05,,,,,,,,,,,,,1.14048,1.06583,0.74430
1994-10-06,,,,,,,,,,,,,1.14235,1.06674,0.74542
1994-10-07,,,,,,,,,,,,,1.13514,1.06378,0.74116
1994-10-11,,,,,,,,,,,,,1.12356,1.05961,0.73418
1994-10-12,,,,,,,,,,,,,1.12034,1.05893,0.73293
1994-10-13,,,,,,,,,,,,,1.11733,1.05873,0.73233
1994-10-14,,,,,,,,,,,,,1.11881,1.05905,0.73241
1994-10-17,,,,,,,,,,,,,1.12814,1.06012,0.73141
1994-10-18,,,,,,,,,,,,,1.12614,1.06012,0.73182
1994-10-19,,,,,,,,,,,,,1.13513,1.06115,0.73078
1994-10-20,,,,,,,,,,,,,1.14438,1.06220,0.72972
1994-10-21,,,,,,,,,,,,,1.13401,1.06143,0.73127
1994-10-24,,,,,,,,,,,,,1.14099,1.06227,0.73049
1994-10-25,,,,,,,,,,,,,1.14302,1.06266,0.73042
1994-10-26,,,,,,,,,,,,,1.15495,1.06395,0.73015
1994-10-27,,,,,,,,,,,,,1.16019,1.06457,0.73078
1994-10-28,,,,,,,,,,,,,1.15702,1.06410,0.72992
1994-10-31,,,,,,,,,,,,,1.14984,1.06237,0.72717
1994-11-01,,,,,,,,,,,,,1.16211,1.06578,0.73204
1994-11-02,,,,,,,,,,,,,1.16533,1.06690,0.73348
1994-11-03,,,,,,,,,,,,,1.16330,1.06618,0.73226
1994-11-04,,,,,,,,,,,,,1.16506,1.06706,0.73337
1994-11-07,,,,,,,,,,,,,1.15277,1.06095,0.72391
1994-11-08,,,,,,,,,,,,,1.16068,1.06506,0.72993
1994-11-09,,,,,,,,,,,,,1.15196,1.06075,0.72322
1994-11-10,,,,,,,,,,,,,1.15349,1.06163,0.72436
1994-11-14,,,,,,,,,,,,,1.14718,1.05852,0.71947
1994-11-15,,,,,,,,,,,,,1.14964,1.05986,0.72122
1994-11-16,,,,,,,,,,,,,1.14785,1.05909,0.71993
1994-11-17,,,,,,,,,,,,,1.15060,1.06042,0.72173
1994-11-18,,,,,,,,,,,,,1.15039,1.06045,0.72159
1994-11-21,,,,,,,,,,,,,1.14731,1.05927,0.71957
1994-11-22,,,,,,,,,,,,,1.15120,1.06090,0.72194
1994-11-23,,,,,,,,,,,,,1.15240,1.06149,0.72268
1994-11-25,,,,,,,,,,,,,1.15167,1.06134,0.72224
1994-11-28,,,,,,,,,,,,,1.14965,1.06069,0.72101
1994-11-29,,,,,,,,,,,,,1.14801,1.06021,0.72001
1994-11-30,,,,,,,,,,,,,1.14710,1.06002,0.71945
1994-12-01,,,,,,,,,,,,,1.14497,1.05947,0.71823
1994-12-02,,,,,,,,,,,,,1.13339,1.05632,0.71231
1994-12-05,,,,,,,,,,,,,1.12775,1.05560,0.71081
1994-12-06,,,,,,,,,,,,,1.12850,1.05589,0.71090
1994-12-07,,,,,,,,,,,,,1.13173,1.05640,0.71063
1994-12-08,,,,,,,,,,,,,1.14563,1.05792,0.70777
1994-12-09,,,,,,,,,,,,,1.14487,1.05806,0.70815
1994-12-12,,,,,,,,,,,,,1.14056,1.05788,0.70930
1994-12-13,,,,,,,,,,,,,1.13073,1.05718,0.71168
1994-12-14,,,,,,,,,,,,,1.13532,1.05783,0.71088
1994-12-15,,,,,,,,,,,,,1.14162,1.05862,0.70970
1994-12-16,,,,,,,,,,,,,1.14609,1.05925,0.70893
1994-12-19,,,,,,,,,,,,,1.13911,1.05881,0.71067
1994-12-20,,,,,,,,,,,,,1.14364,1.05944,0.70988
1994-12-21,,,,,,,,,,,,,1.15123,1.06035,0.70842
1994-12-22,,,,,,,,,,,,,1.15427,1.06084,0.70793
1994-12-23,,,,,,,,,,,,,1.15747,1.06134,0.70759
1994-12-27,,,,,,,,,,,,,1.17188,1.06286,0.70716
1994-12-28,,,,,,,,,,,,,1.17953,1.06380,0.70835
1994-12-29,,,,,,,,,,,,,1.17780,1.06347,0.70767
1994-12-30,,,,,,,,,,,,,1.17941,1.06413,0.70846
1995-01-03,,,,,,,,,,,,,1.16684,1.05852,0.69962
1995-01-04,,,,,,,,,,,,,1.16296,1.05686,0.69688
1995-01-05,,,,,,,,,,,,,1.17212,1.06118,0.70326
1995-01-06,,,,,,,,,,,,,1.17032,1.06048,0.70197
1995-01-09,,,,,,,,,,,,,1.16572,1.05849,0.69872
1995-01-11,,,,,,,,,,,,,1.16851,1.05989,0.70065
1995-01-12,,,,,,,,,,,,,1.17219,1.06169,0.70320
1995-01-13,,,,,,,,,,,,,1.16293,1.05757,0.69669
1995-01-17,,,,,,,,,,,,,1.18515,1.06789,0.71219
1995-01-18,,,,,,,,,,,,,1.19092,1.07064,0.71610
1995-01-19,,,,,,,,,,,,,1.19046,1.07051,0.71577
1995-01-20,,,,,,,,,,,,,1.19368,1.07226,0.71789
1995-01-23,,,,,,,,,,,,,1.18386,1.06646,0.70995
1995-01-24,,,,,,,,,,,,,1.18804,1.06905,0.71324
1995-01-25,,,,,,,,,,,,,1.18148,1.06515,0.70789
1995-01-26,,,,,,,,,,,,,1.18257,1.06589,0.70871
1995-01-27,,,,,,,,,,,,,1.17358,1.06050,0.70140
1995-01-30,,,,,,,,,,,,,1.17122,1.05915,0.69945
1995-01-31,,,,,,,,,,,,,1.17173,1.05953,0.69981
1995-02-01,,,,,,,,,,,,,1.16921,1.05808,0.69771
1995-02-02,,,,,,,,,,,,,1.17668,1.06225,0.70341
1995-02-06,,,,,,,,,,,,,1.17369,1.06075,0.70111
1995-02-07,,,,,,,,,,,,,1.16165,1.05462,0.69208
1995-02-08,,,,,,,,,,,,,1.15515,1.05202,0.68834
1995-02-09,,,,,,,,,,,,,1.16370,1.05478,0.69197
1995-02-10,,,,,,,,,,,,,1.17049,1.05673,0.69446
1995-02-13,,,,,,,,,,,,,1.16322,1.05499,0.69191
1995-02-14,,,,,,,,,,,,,1.16803,1.05627,0.69348
1995-02-15,,,,,,,,,,,,,1.16656,1.05611,0.69310
1995-02-16,,,,,,,,,,,,,1.17041,1.05712,0.69433
1995-02-17,,,,,,,,,,,,,1.17574,1.05843,0.69601
1995-02-21,,,,,,,,,,,,,1.17682,1.05885,0.69641
1995-02-22,,,,,,,,,,,,,1.17756,1.05919,0.69671
1995-02-23,,,,,,,,,,,,,1.17531,1.05889,0.69612
1995-02-24,,,,,,,,,,,,,1.17785,1.05962,0.69696
1995-02-27,,,,,,,,,,,,,1.17405,1.05900,0.69590
1995-02-28,,,,,,,,,,,,,1.16973,1.05826,0.69468
1995-03-01,,,,,,,,,,,,,1.16766,1.05801,0.69413
1995-03-02,,,,,,,,,,,,,1.16747,1.05815,0.69416
1995-03-03,,,,,,,,,,,,,1.17420,1.05977,0.69626
1995-03-06,,,,,,,,,,,,,1.17659,1.06046,0.69705
1995-03-07,,,,,,,,,,,,,1.18275,1.06196,0.69898
1995-03-08,,,,,,,,,,,,,1.17599,1.06071,0.69704
1995-03-09,,,,,,,,,,,,,1.17495,1.06068,0.69680
1995-03-10,,,,,,,,,,,,,1.17314,1.06048,0.69634
1995-03-13,,,,,,,,,,,,,1.18080,1.06229,0.69872
1995-03-14,,,,,,,,,,,,,1.17614,1.06149,0.69740
1995-03-15,,,,,,,,,,,,,1.18050,1.06260,0.69879
1995-03-16,,,,,,,,,,,,,1.17967,1.06261,0.69862
1995-03-17,,,,,,,,,,,,,1.18083,1.06304,0.69903
1995-03-20,,,,,,,,,,,,,1.18294,1.06368,0.69975
1995-03-21,,,,,,,,,,,,,1.17958,1.06315,0.69855
1995-03-22,,,,,,,,,,,,,1.19686,1.06698,0.70509
1995-03-23,,,,,,,,,,,,,1.19387,1.06639,0.70396
1995-03-24,,,,,,,,,,,,,1.18737,1.06458,0.70091
1995-03-27,,,,,,,,,,,,,1.19156,1.06600,0.70290
1995-03-28,,,,,,,,,,,,,1.19056,1.06581,0.70238
1995-03-29,,,,,,,,,,,,,1.18828,1.06517,0.70113
1995-03-30,,,,,,,,,,,,,1.19609,1.06801,0.70549
1995-03-31,,,,,,,,,,,,,1.19901,1.06921,0.70719
1995-04-03,,,,,,,,,,,,,1.20316,1.07106,0.71000
1995-04-04,,,,,,,,,,,,,1.20894,1.07394,0.71459
1995-04-05,,,,,,,,,,,,,1.21658,1.07830,0.72176
1995-04-06,,,,,,,,,,,,,1.21904,1.07993,0.72428
1995-04-10,,,,,,,,,,,,,1.21518,1.07696,0.71880
1995-04-11,,,,,,,,,,,,,1.22115,1.08175,0.72698
1995-04-12,,,,,,,,,,,,,1.21590,1.07759,0.71849
1995-04-13,,,,,,,,,,,,,1.20444,1.06847,0.70038
1995-04-17,,,,,,,,,,,,,1.21802,1.07934,0.72028
1995-04-18,,,,,,,,,,,,,1.22366,1.08386,0.72780
1995-04-19,,,,,,,,,,,,,1.22041,1.08129,0.72310
1995-04-20,,,,,,,,,,,,,1.22171,1.08235,0.72468
1995-04-21,,,,,,,,,,,,,1.22646,1.08617,0.73097
1995-04-24,,,,,,,,,,,,,1.22452,1.08464,0.72790
1995-04-25,,,,,,,,,,,,,1.22236,1.08295,0.72440
1995-04-26,,,,,,,,,,,,,1.21375,1.07611,0.71099
1995-04-27,,,,,,,,,,,,,1.22345,1.08387,0.72537
1995-04-28,,,,,,,,,,,,,1.22249,1.08313,0.72364
1995-05-01,,,,,,,,,,,,,1.22929,1.08858,0.73376
1995-05-02,,,,,,,,,,,,,1.22200,1.08279,0.72229
1995-05-03,,,,,,,,,,,,,1.21935,1.08071,0.71800
1995-05-04,,,,,,,,,,,,,1.22132,1.08229,0.72073
1995-05-05,,,,,,,,,,,,,1.21577,1.07790,0.71202
1995-05-08,,,,,,,,,,,,,1.21185,1.07479,0.70600
1995-05-09,,,,,,,,,,,,,1.19867,1.06422,0.68752
1995-05-10,,,,,,,,,,,,,1.20165,1.06620,0.69029
1995-05-11,,,,,,,,,,,,,1.19613,1.06302,0.68527
1995-05-12,,,,,,,,,,,,,1.19991,1.06491,0.68793
1995-05-15,,,,,,,,,,,,,1.20773,1.06829,0.69291
1995-05-16,,,,,,,,,,,,,1.21439,1.07108,0.69696
1995-05-17,,,,,,,,,,,,,1.21220,1.07034,0.69562
1995-05-18,,,,,,,,,,,,,1.22095,1.07397,0.70094
1995-05-19,,,,,,,,,,,,,1.22143,1.07430,0.70123
1995-05-22,,,,,,,,,,,,,1.22733,1.07676,0.70478
1995-05-23,,,,,,,,,,,,,1.23521,1.08020,0.71000
1995-05-24,,,,,,,,,,,,,1.23233,1.07879,0.70753
1995-05-25,,,,,,,,,,,,,1.22926,1.07710,0.70458
1995-05-26,,,,,,,,,,,,,1.22387,1.07392,0.69923
1995-05-30,,,,,,,,,,,,,1.21087,1.06616,0.68651
1995-05-31,,,,,,,,,,,,,1.21377,1.06798,0.68907
1995-06-01,,,,,,,,,,,,,1.22418,1.07408,0.69804
1995-06-02,,,,,,,,,,,,,1.22376,1.07393,0.69762
1995-06-05,,,,,,,,,,,,,1.22677,1.07572,0.70006
1995-06-06,,,,,,,,,,,,,1.22174,1.07294,0.69578
1995-06-07,,,,,,,,,,,,,1.22252,1.07347,0.69636
1995-06-08,,,,,,,,,,,,,1.22195,1.07323,0.69581
1995-06-09,,,,,,,,,,,,,1.22247,1.07361,0.69618
1995-06-12,,,,,,,,,,,,,1.21901,1.07171,0.69322
1995-06-13,,,,,,,,,,,,,1.21851,1.07151,0.69273
1995-06-14,,,,,,,,,,,,,1.22582,1.07545,0.69875
1995-06-15,,,,,,,,,,,,,1.22963,1.07755,0.70186
1995-06-16,,,,,,,,,,,,,1.22276,1.07404,0.69605
1995-06-19,,,,,,,,,,,,,1.22398,1.07477,0.69699
1995-06-20,,,,,,,,,,,,,1.22492,1.07536,0.69771
1995-06-21,,,,,,,,,,,,,1.21982,1.07275,0.69338
1995-06-22,,,,,,,,,,,,,1.22251,1.07420,0.69555
1995-06-23,,,,,,,,,,,,,1.22129,1.07369,0.69445
1995-06-26,,,,,,,,,,,,,1.21172,1.06932,0.68679
1995-06-27,,,,,,,,,,,,,1.21006,1.06877,0.68562
1995-06-28,,,,,,,,,,,,,1.21564,1.07062,0.68850
1995-06-29,,,,,,,,,,,,,1.21051,1.06931,0.68604
1995-06-30,,,,,,,,,,,,,1.20191,1.06748,0.68272
1995-07-03,,,,,,,,,,,,,1.20230,1.06770,0.68281
1995-07-05,,,,,,,,,,,,,1.19724,1.06746,0.68243
1995-07-06,,,,,,,,,,,,,1.20348,1.06823,0.68207
1995-07-07,,,,,,,,,,,,,1.19980,1.06810,0.68269
1995-07-10,,,,,,,,,,,,,1.20783,1.06902,0.68111
1995-07-11,,,,,,,,,,,,,1.20980,1.06940,0.68087
1995-07-12,,,,,,,,,,,,,1.21770,1.07031,0.67933
1995-07-13,,,,,,,,,,,,,1.20955,1.06980,0.68132
1995-07-14,,,,,,,,,,,,,1.21821,1.07077,0.67961
1995-07-17,,,,,,,,,,,,,1.22603,1.07167,0.67803
1995-07-18,,,,,,,,,,,,,1.22683,1.07194,0.67806
1995-07-19,,,,,,,,,,,,,1.21304,1.07095,0.67805
1995-07-20,,,,,,,,,,,,,1.20798,1.07071,0.67814
1995-07-21,,,,,,,,,,,,,1.21528,1.07156,0.67836
1995-07-24,,,,,,,,,,,,,1.21494,1.07174,0.67850
1995-07-25,,,,,,,,,,,,,1.21673,1.07211,0.67867
1995-07-26,,,,,,,,,,,,,1.22977,1.07347,0.67895
1995-07-27,,,,,,,,,,,,,1.22598,1.07334,0.67903
1995-07-28,,,,,,,,,,,,,1.22544,1.07350,0.67911
1995-07-31,,,,,,,,,,,,,1.22477,1.07365,0.67914
1995-08-01,,,,,,,,,,,,,1.21992,1.07344,0.67865
1995-08-02,,,,,,,,,,,,,1.22083,1.07372,0.67888
1995-08-03,,,,,,,,,,,,,1.22227,1.07406,0.67917
1995-08-04,,,,,,,,,,,,,1.21956,1.07403,0.67894
1995-08-07,,,,,,,,,,,,,1.21743,1.07405,0.67879
1995-08-08,,,,,,,,,,,,,1.22019,1.07450,0.67925
1995-08-09,,,,,,,,,,,,,1.22183,1.07485,0.67957
1995-08-11,,,,,,,,,,,,,1.22188,1.07506,0.67969
1995-08-15,,,,,,,,,,,,,1.22266,1.07534,0.67990
1995-08-17,,,,,,,,,,,,,1.22998,1.07619,0.68093
1995-08-18,,,,,,,,,,,,,1.23599,1.07690,0.68174
1995-08-21,,,,,,,,,,,,,1.24851,1.07865,0.68443
1995-08-22,,,,,,,,,,,,,1.24655,1.07828,0.68359
1995-08-23,,,,,,,,,,,,,1.24834,1.07897,0.68449
1995-08-24,,,,,,,,,,,,,1.24610,1.07813,0.68283
1995-08-25,,,,,,,,,,,,,1.24471,1.07757,0.68166
1995-08-29,,,,,,,,,,,,,1.24056,1.07566,0.67822
1995-08-30,,,,,,,,,,,,,1.23336,1.07226,0.67231
1995-08-31,,,,,,,,,,,,,1.24491,1.07799,0.68158
1995-09-01,,,,,,,,,,,,,1.24966,1.08039,0.68538
1995-09-05,,,,,,,,,,,,,1.25322,1.08220,0.68818
1995-09-06,,,,,,,,,,,,,1.24915,1.08018,0.68461
1995-09-07,,,,,,,,,,,,,1.25021,1.08081,0.68542
1995-09-08,,,,,,,,,,,,,1.25145,1.08158,0.68647
1995-09-11,,,,,,,,,,,,,1.25272,1.08237,0.68756
1995-09-12,,,,,,,,,,,,,1.25784,1.08542,0.69248
1995-09-13,,,,,,,,,,,,,1.25277,1.08234,0.68699
1995-09-14,,,,,,,,,,,,,1.25756,1.08537,0.69190
1995-09-15,,,,,,,,,,,,,1.26251,1.08858,0.69713
1995-09-18,,,,,,,,,,,,,1.27352,1.09608,0.70975
1995-09-19,,,,,,,,,,,,,1.26957,1.09306,0.70421
1995-09-20,,,,,,,,,,,,,1.26201,1.08723,0.69330
1995-09-21,,,,,,,,,,,,,1.26603,1.09036,0.69870
1995-09-22,,,,,,,,,,,,,1.25267,1.08003,0.67959
1995-09-25,,,,,,,,,,,,,1.25214,1.07964,0.67870
1995-09-27,,,,,,,,,,,,,1.25104,1.07878,0.67716
1995-09-28,,,,,,,,,,,,,1.25762,1.08364,0.68459
1995-09-29,,,,,,,,,,,,,1.25635,1.08276,0.68300
1995-10-02,,,,,,,,,,,,,1.25639,1.08283,0.68290
1995-10-03,,,,,,,,,,,,,1.25056,1.07876,0.67609
1995-10-04,,,,,,,,,,,,,1.24978,1.07829,0.67511
1995-10-05,,,,,,,,,,,,,1.23805,1.07119,0.66306
1995-10-06,,,,,,,,,,,,,1.23940,1.07188,0.66393
1995-10-10,,,,,,,,,,,,,1.24646,1.07475,0.66823
1995-10-11,,,,,,,,,,,,,1.24871,1.07570,0.66949
1995-10-12,,,,,,,,,,,,,1.24455,1.07432,0.66712
1995-10-13,,,,,,,,,,,,,1.25106,1.07659,0.67053
1995-10-16,,,,,,,,,,,,,1.25329,1.07746,0.67170
1995-10-17,,,,,,,,,,,,,1.24667,1.07545,0.66824
1995-10-18,,,,,,,,,,,,,1.24600,1.07535,0.66788
1995-10-19,,,,,,,,,,,,,1.24962,1.07661,0.66971
1995-10-20,,,,,,,,,,,,,1.25225,1.07755,0.67104
1995-10-23,,,,,,,,,,,,,1.25332,1.07803,0.67158
1995-10-24,,,,,,,,,,,,,1.25328,1.07816,0.67157
1995-10-25,,,,,,,,,,,,,1.25567,1.07903,0.67279
1995-10-26,,,,,,,,,,,,,1.26222,1.08118,0.67609
1995-10-27,,,,,,,,,,,,,1.25925,1.08042,0.67460
1995-10-30,,,,,,,,,,,,,1.26239,1.08152,0.67619
1995-10-31,,,,,,,,,,,,,1.26666,1.08294,0.67830
1995-11-01,,,,,,,,,,,,,1.27281,1.08513,0.68176
1995-11-02,,,,,,,,,,,,,1.28071,1.08843,0.68712
1995-11-03,,,,,,,,,,,,,1.27600,1.08609,0.68287
1995-11-06,,,,,,,,,,,,,1.27477,1.08547,0.68155
1995-11-07,,,,,,,,,,,,,1.27577,1.08611,0.68239
1995-11-08,,,,,,,,,,,,,1.27644,1.08657,0.68293
1995-11-09,,,,,,,,,,,,,1.27448,1.08540,0.68068
1995-11-10,,,,,,,,,,,,,1.28110,1.08960,0.68760
1995-11-13,,,,,,,,,,,,,1.27486,1.08553,0.68032
1995-11-14,,,,,,,,,,,,,1.27100,1.08303,0.67578
1995-11-15,,,,,,,,,,,,,1.27053,1.08278,0.67509
1995-11-16,,,,,,,,,,,,,1.27863,1.08818,0.68407
1995-11-17,,,,,,,,,,,,,1.28853,1.09477,0.69515
1995-11-20,,,,,,,,,,,,,1.28682,1.09367,0.69295
1995-11-21,,,,,,,,,,,,,1.28245,1.09066,0.68739
1995-11-22,,,,,,,,,,,,,1.28554,1.09286,0.69098
1995-11-24,,,,,,,,,,,,,1.28921,1.09551,0.69539
1995-11-27,,,,,,,,,,,,,1.29084,1.09674,0.69730
1995-11-28,,,,,,,,,,,,,1.28565,1.09280,0.68993
1995-11-29,,,,,,,,,,,,,1.28754,1.09427,0.69229
1995-11-30,,,,,,,,,,,,,1.28641,1.09343,0.69052
1995-12-01,,,,,,,,,,,,,1.29380,1.09910,0.70037
1995-12-04,,,,,,,,,,,,,1.30013,1.10397,0.70904
1995-12-05,,,,,,,,,,,,,1.30997,1.11151,0.72375
1995-12-07,,,,,,,,,,,,,1.31287,1.11375,0.72836
1995-12-08,,,,,,,,,,,,,1.32154,1.12039,0.74456
1995-12-11,,,,,,,,,,,,,1.32082,1.11987,0.74243
1995-12-12,,,,,,,,,,,,,1.32000,1.11926,0.73993
1995-12-13,,,,,,,,,,,,,1.33045,1.12726,0.76495
1995-12-14,,,,,,,,,,,,,1.33652,1.13191,0.78014
1995-12-15,,,,,,,,,,,,,1.33441,1.13033,0.77366
1995-12-18,,,,,,,,,,,,,1.34208,1.13620,0.79474
1995-12-19,,,,,,,,,,,,,1.34700,1.13998,0.80887
1995-12-20,,,,,,,,,,,,,1.34790,1.14068,0.81095
1995-12-21,,,,,,,,,,,,,1.34417,1.13786,0.79840
1995-12-22,,,,,,,,,,,,,1.34464,1.13824,0.79920
1995-12-26,,,,,,,,,,,,,1.34747,1.14042,0.80760
1995-12-27,,,,,,,,,,,,,1.35548,1.14654,0.83324
1995-12-28,,,,,,,,,,,,,1.34793,1.14082,0.80669
1995-12-29,,,,,,,,,,,,,1.35392,1.14540,0.82591
1996-01-02,,,,,,,,,,,,,1.36351,1.15273,0.85774
1996-01-03,,,,,,,,,,,,,1.36856,1.15659,0.87463
1996-01-04,,,,,,,,,,,,,1.36355,1.15281,0.85601
1996-01-05,,,,,,,,,,,,,1.37292,1.15996,0.88799
1996-01-08,,,,,,,,,,,,,1.36285,1.15233,0.85089
1996-01-09,,,,,,,,,,,,,1.36631,1.15498,0.86205
1996-01-10,,,,,,,,,,,,,1.36242,1.15205,0.84773
1996-01-11,,,,,,,,,,,,,1.34238,1.13681,0.77753
1996-01-12,,,,,,,,,,,,,1.32823,1.12605,0.74233
1996-01-16,,,,,,,,,,,,,1.30975,1.11197,0.70618
1996-01-17,,,,,,,,,,,,,1.31982,1.11969,0.71960
1996-01-18,,,,,,,,,,,,,1.32846,1.12631,0.72965
1996-01-19,,,,,,,,,,,,,1.32637,1.12474,0.72716
1996-01-22,,,,,,,,,,,,,1.32319,1.12233,0.72354
1996-01-23,,,,,,,,,,,,,1.33099,1.12831,0.73151
1996-01-24,,,,,,,,,,,,,1.33500,1.13139,0.73547
1996-01-25,,,,,,,,,,,,,1.32055,1.12035,0.72052
1996-01-26,,,,,,,,,,,,,1.32761,1.12527,0.72667
1996-01-29,,,,,,,,,,,,,1.33747,1.13192,0.73510
1996-01-30,,,,,,,,,,,,,1.34981,1.14021,0.74571
1996-01-31,,,,,,,,,,,,,1.36294,1.14902,0.75707
1996-02-01,,,,,,,,,,,,,1.36644,1.15134,0.75999
1996-02-02,,,,,,,,,,,,,1.36940,1.15355,0.76264
1996-02-05,,,,,,,,,,,,,1.34739,1.13689,0.73784
1996-02-06,,,,,,,,,,,,,1.35675,1.14402,0.74741
1996-02-07,,,,,,,,,,,,,1.35806,1.14504,0.74865
1996-02-08,,,,,,,,,,,,,1.36154,1.14769,0.75215
1996-02-09,,,,,,,,,,,,,1.36513,1.15044,0.75577
1996-02-12,,,,,,,,,,,,,1.36355,1.14927,0.75395
1996-02-13,,,,,,,,,,,,,1.37907,1.16106,0.77103
1996-02-14,,,,,,,,,,,,,1.38312,1.16415,0.77535
1996-02-15,,,,,,,,,,,,,1.38137,1.16285,0.77289
1996-02-16,,,,,,,,,,,,,1.37970,1.16161,0.77035
1996-02-20,,,,,,,,,,,,,1.38689,1.16707,0.78041
1996-02-21,,,,,,,,,,,,,1.39407,1.17253,0.79117
1996-02-22,,,,,,,,,,,,,1.39454,1.17292,0.79158
1996-02-23,,,,,,,,,,,,,1.38278,1.16404,0.76983
1996-02-26,,,,,,,,,,,,,1.39327,1.17201,0.78824
1996-02-27,,,,,,,,,,,,,1.39368,1.17234,0.78864
1996-02-28,,,,,,,,,,,,,1.38810,1.16814,0.77818
1996-02-29,,,,,,,,,,,,,1.39186,1.17100,0.78457
1996-03-01,,,,,,,,,,,,,1.38378,1.16491,0.76940
1996-03-04,,,,,,,,,,,,,1.37573,1.15883,0.75448
1996-03-05,,,,,,,,,,,,,1.37527,1.15851,0.75334
1996-03-06,,,,,,,,,,,,,1.38163,1.16335,0.76436
1996-03-07,,,,,,,,,,,,,1.38491,1.16586,0.76992
1996-03-08,,,,,,,,,,,,,1.38878,1.16881,0.77660
1996-03-11,,,,,,,,,,,,,1.39558,1.17399,0.78865
1996-03-12,,,,,,,,,,,,,1.40383,1.18026,0.80345
1996-03-13,,,,,,,,,,,,,1.40991,1.18488,0.81454
1996-03-14,,,,,,,,,,,,,1.41093,1.18568,0.81613
1996-03-15,,,,,,,,,,,,,1.41563,1.18926,0.82619
1996-03-18,,,,,,,,,,,,,1.43321,1.20257,0.86911
1996-03-19,,,,,,,,,,,,,1.43185,1.20157,0.86502
1996-03-20,,,,,,,,,,,,,1.43679,1.20532,0.87711
1996-03-21,,,,,,,,,,,,,1.44431,1.21103,0.89742
1996-03-22,,,,,,,,,,,,,1.45888,1.22204,0.93862
1996-03-25,,,,,,,,,,,,,1.46671,1.22797,0.96124
1996-03-26,,,,,,,,,,,,,1.46833,1.22922,0.96544
1996-03-27,,,,,,,,,,,,,1.46656,1.22791,0.95929
1996-03-28,,,,,,,,,,,,,1.45457,1.21889,0.92165
1996-03-29,,,,,,,,,,,,,1.45827,1.22171,0.93201
1996-04-01,,,,,,,,,,,,,1.47219,1.23223,0.97318
1996-04-02,,,,,,,,,,,,,1.47832,1.23687,0.99153
1996-04-03,,,,,,,,,,,,,1.47778,1.23649,0.98910
1996-04-04,,,,,,,,,,,,,1.48972,1.24551,1.02599
1996-04-08,,,,,,,,,,,,,1.50448,1.25663,1.07305
1996-04-09,,,,,,,,,,,,,1.50171,1.25458,1.06299
1996-04-10,,,,,,,,,,,,,1.52802,1.27438,1.14967
1996-04-11,,,,,,,,,,,,,1.54433,1.28666,1.20292
1996-04-12,,,,,,,,,,,,,1.53581,1.28029,1.17294
1996-04-15,,,,,,,,,,,,,1.53434,1.27921,1.16742
1996-04-16,,,,,,,,,,,,,1.50882,1.26009,1.08361
1996-04-17,,,,,,,,,,,,,1.51000,1.26100,1.08619
1996-04-18,,,,,,,,,,,,,1.51736,1.26655,1.10518
1996-04-19,,,,,,,,,,,,,1.52064,1.26905,1.11346
1996-04-22,,,,,,,,,,,,,1.54262,1.28557,1.17234
1996-04-23,,,,,,,,,,,,,1.55544,1.29522,1.20774
1996-04-24,,,,,,,,,,,,,1.55332,1.29365,1.20100
1996-04-25,,,,,,,,,,,,,1.55791,1.29712,1.21350
1996-04-26,,,,,,,,,,,,,1.55717,1.29659,1.21070
1996-04-29,,,,,,,,,,,,,1.54929,1.29071,1.18743
1996-04-30,,,,,,,,,,,,,1.52925,1.27571,1.13001
1996-05-01,,,,,,,,,,,,,1.54325,1.28625,1.16764
1996-05-02,,,,,,,,,,,,,1.53592,1.28077,1.14652
1996-05-03,,,,,,,,,,,,,1.54408,1.28692,1.16843
1996-05-06,,,,,,,,,,,,,1.54300,1.28614,1.16478
1996-05-07,,,,,,,,,,,,,1.55770,1.29719,1.20517
1996-05-08,,,,,,,,,,,,,1.56639,1.30373,1.22937
1996-05-09,,,,,,,,,,,,,1.56383,1.30184,1.22130
1996-05-10,,,,,,,,,,,,,1.56098,1.29973,1.21238
1996-05-13,,,,,,,,,,,,,1.57350,1.30914,1.24800
1996-05-14,,,,,,,,,,,,,1.57071,1.30707,1.23899
1996-05-15,,,,,,,,,,,,,1.56791,1.30501,1.22988
1996-05-16,,,,,,,,,,,,,1.55959,1.29880,1.20393
1996-05-17,,,,,,,,,,,,,1.54950,1.29126,1.17311
1996-05-20,,,,,,,,,,,,,1.56019,1.29930,1.20374
1996-05-21,,,,,,,,,,,,,1.55001,1.29170,1.17268
1996-05-22,,,,,,,,,,,,,1.55778,1.29756,1.19474
1996-05-23,,,,,,,,,,,,,1.55650,1.29662,1.19023
1996-05-28,,,,,,,,,,,,,1.54726,1.28972,1.16177
1996-05-29,,,,,,,,,,,,,1.53446,1.28014,1.12336
1996-05-30,,,,,,,,,,,,,1.52105,1.27010,1.08396
1996-05-31,,,,,,,,,,,,,1.52211,1.27092,1.08606
1996-06-03,,,,,,,,,,,,,1.51350,1.26447,1.06399
1996-06-04,,,,,,,,,,,,,1.50917,1.26125,1.05352
1996-06-05,,,,,,,,,,,,,1.48343,1.24191,0.99745
1996-06-06,,,,,,,,,,,,,1.49330,1.24937,1.01278
1996-06-07,,,,,,,,,,,,,1.51092,1.26267,1.03813
1996-06-10,,,,,,,,,,,,,1.52231,1.27126,1.05332
1996-06-11,,,,,,,,,,,,,1.50761,1.26024,1.03304
1996-06-12,,,,,,,,,,,,,1.50704,1.25983,1.03212
1996-06-13,,,,,,,,,,,,,1.50478,1.25815,1.02903
1996-06-14,,,,,,,,,,,,,1.49836,1.25336,1.02069
1996-06-17,,,,,,,,,,,,,1.51206,1.26369,1.03713
1996-06-18,,,,,,,,,,,,,1.51528,1.26614,1.04079
1996-06-19,,,,,,,,,,,,,1.50467,1.25819,1.02803
1996-06-20,,,,,,,,,,,,,1.50537,1.25874,1.02870
1996-06-21,,,,,,,,,,,,,1.50541,1.25879,1.02859
1996-06-24,,,,,,,,,,,,,1.50337,1.25728,1.02603
1996-06-25,,,,,,,,,,,,,1.49478,1.25104,1.01569
1996-06-26,,,,,,,,,,,,,1.50499,1.25799,1.02701
1996-06-27,,,,,,,,,,,,,1.51090,1.26201,1.03344
1996-06-28,,,,,,,,,,,,,1.51969,1.26795,1.04309
1996-07-01,,,,,,,,,,,,,1.53336,1.27715,1.05823
1996-07-02,,,,,,,,,,,,,1.52383,1.27083,1.04739
1996-07-03,,,,,,,,,,,,,1.53173,1.27613,1.05602
1996-07-05,,,,,,,,,,,,,1.52950,1.27455,1.05309
1996-07-08,,,,,,,,,,,,,1.53419,1.27810,1.05892
1996-07-09,,,,,,,,,,,,,1.54061,1.28293,1.06761
1996-07-10,,,,,,,,,,,,,1.54652,1.28739,1.07629
1996-07-11,,,,,,,,,,,,,1.55946,1.29711,1.09766
1996-07-12,,,,,,,,,,,,,1.56876,1.30410,1.11418
1996-07-15,,,,,,,,,,,,,1.56707,1.30286,1.11010
1996-07-16,,,,,,,,,,,,,1.55311,1.29244,1.07817
1996-07-17,,,,,,,,,,,,,1.53709,1.28047,1.04223
1996-07-18,,,,,,,,,,,,,1.51918,1.26707,1.00559
1996-07-19,,,,,,,,,,,,,1.50626,1.25740,0.98410
1996-07-22,,,,,,,,,,,,,1.49500,1.24896,0.96814
1996-07-23,,,,,,,,,,,,,1.51008,1.26027,0.98530
1996-07-24,,,,,,,,,,,,,1.49949,1.25309,0.97467
1996-07-25,,,,,,,,,,,,,1.50123,1.25415,0.97606
1996-07-26,,,,,,,,,,,,,1.48507,1.24550,0.96300
1996-07-29,,,,,,,,,,,,,1.48905,1.24725,0.96536
1996-07-30,,,,,,,,,,,,,1.49117,1.24810,0.96645
1996-07-31,,,,,,,,,,,,,1.49777,1.25023,0.96946
1996-08-01,,,,,,,,,,,,,1.51731,1.25587,0.97784
1996-08-02,,,,,,,,,,,,,1.52215,1.25738,0.97996
1996-08-05,,,,,,,,,,,,,1.51234,1.25483,0.97587
1996-08-06,,,,,,,,,,,,,1.51290,1.25515,0.97618
1996-08-07,,,,,,,,,,,,,1.51706,1.25648,0.97801
1996-08-08,,,,,,,,,,,,,1.52981,1.26016,0.98345
1996-08-09,,,,,,,,,,,,,1.53248,1.26110,0.98468
1996-08-12,,,,,,,,,,,,,1.55258,1.26874,0.99638
1996-08-13,,,,,,,,,,,,,1.55740,1.27094,0.99946
1996-08-14,,,,,,,,,,,,,1.55416,1.26915,0.99655
1996-08-15,,,,,,,,,,,,,1.54775,1.26512,0.99011
1996-08-16,,,,,,,,,,,,,1.55743,1.27160,0.99998
1996-08-19,,,,,,,,,,,,,1.56983,1.28058,1.01384
1996-08-20,,,,,,,,,,,,,1.55879,1.27250,0.99972
1996-08-21,,,,,,,,,,,,,1.55362,1.26872,0.99303
1996-08-22,,,,,,,,,,,,,1.56421,1.27653,1.00634
1996-08-23,,,,,,,,,,,,,1.56167,1.27469,1.00267
1996-08-26,,,,,,,,,,,,,1.56093,1.27417,1.00134
1996-08-27,,,,,,,,,,,,,1.55764,1.27178,0.99620
1996-08-28,,,,,,,,,,,,,1.55333,1.26864,0.98945
1996-08-29,,,,,,,,,,,,,1.56599,1.27798,1.00813
1996-08-30,,,,,,,,,,,,,1.57071,1.28146,1.01492
1996-09-03,,,,,,,,,,,,,1.58281,1.29038,1.03397
1996-09-04,,,,,,,,,,,,,1.57194,1.28243,1.01510
1996-09-05,,,,,,,,,,,,,1.57460,1.28440,1.01920
1996-09-06,,,,,,,,,,,,,1.58670,1.29332,1.03972
1996-09-09,,,,,,,,,,,,,1.58295,1.29060,1.03254
1996-09-10,,,,,,,,,,,,,1.59177,1.29709,1.04863
1996-09-11,,,,,,,,,,,,,1.59264,1.29775,1.04981
1996-09-12,,,,,,,,,,,,,1.59794,1.30167,1.06063
1996-09-13,,,,,,,,,,,,,1.58715,1.29378,1.03493
1996-09-16,,,,,,,,,,,,,1.56318,1.27623,0.97908
1996-09-17,,,,,,,,,,,,,1.56420,1.27700,0.98044
1996-09-18,,,,,,,,,,,,,1.58063,1.28910,1.00744
1996-09-19,,,,,,,,,,,,,1.57001,1.28133,0.99040
1996-09-20,,,,,,,,,,,,,1.56704,1.27917,0.98570
1996-09-23,,,,,,,,,,,,,1.56459,1.27740,0.98183
1996-09-24,,,,,,,,,,,,,1.58196,1.29019,1.00653
1996-09-25,,,,,,,,,,,,,1.59292,1.29826,1.02129
1996-09-26,,,,,,,,,,,,,1.58609,1.29327,1.01165
1996-09-27,,,,,,,,,,,,,1.59284,1.29825,1.02067
1996-09-30,,,,,,,,,,,,,1.57811,1.28747,1.00017
1996-10-01,,,,,,,,,,,,,1.57113,1.28237,0.99045
1996-10-02,,,,,,,,,,,,,1.57228,1.28324,0.99178
1996-10-03,,,,,,,,,,,,,1.58755,1.29449,1.01223
1996-10-04,,,,,,,,,,,,,1.58643,1.29369,1.01050
1996-10-07,,,,,,,,,,,,,1.60121,1.30456,1.03017
1996-10-08,,,,,,,,,,,,,1.61379,1.31381,1.04703
1996-10-09,,,,,,,,,,,,,1.60299,1.30593,1.03201
1996-10-10,,,,,,,,,,,,,1.58644,1.29381,1.00927
1996-10-11,,,,,,,,,,,,,1.58244,1.29090,1.00367
1996-10-15,,,,,,,,,,,,,1.59187,1.29785,1.01608
1996-10-16,,,,,,,,,,,,,1.58113,1.29000,1.00135
1996-10-17,,,,,,,,,,,,,1.58665,1.29408,1.00832
1996-10-18,,,,,,,,,,,,,1.58768,1.29486,1.00945
1996-10-21,,,,,,,,,,,,,1.59193,1.29800,1.01479
1996-10-22,,,,,,,,,,,,,1.60192,1.30536,1.02766
1996-10-23,,,,,,,,,,,,,1.59703,1.30180,1.02100
1996-10-24,,,,,,,,,,,,,1.58365,1.29201,1.00322
1996-10-25,,,,,,,,,,,,,1.59752,1.30222,1.02106
1996-10-28,,,,,,,,,,,,,1.59931,1.30356,1.02319
1996-10-29,,,,,,,,,,,,,1.58362,1.29208,1.00230
1996-10-30,,,,,,,,,,,,,1.58714,1.29469,1.00641
1996-10-31,,,,,,,,,,,,,1.55624,1.27190,0.96813
1996-11-01,,,,,,,,,,,,,1.55211,1.26954,0.96484
1996-11-04,,,,,,,,,,,,,1.54754,1.26742,0.96180
1996-11-05,,,,,,,,,,,,,1.54465,1.26640,0.96023
1996-11-06,,,,,,,,,,,,,1.55304,1.26895,0.96370
1996-11-07,,,,,,,,,,,,,1.56542,1.27210,0.96804
1996-11-08,,,,,,,,,,,,,1.58047,1.27588,0.97324
1996-11-12,,,,,,,,,,,,,1.58309,1.27668,0.97422
1996-11-13,,,,,,,,,,,,,1.60159,1.28123,0.98055
1996-11-14,,,,,,,,,,,,,1.61011,1.28344,0.98346
1996-11-15,,,,,,,,,,,,,1.61558,1.28539,0.98605
1996-11-18,,,,,,,,,,,,,1.60867,1.28241,0.98155
1996-11-19,,,,,,,,,,,,,1.63026,1.29318,0.99710
1996-11-20,,,,,,,,,,,,,1.62762,1.29172,0.99486
1996-11-21,,,,,,,,,,,,,1.63324,1.29530,0.99979
1996-11-22,,,,,,,,,,,,,1.63755,1.29840,1.00407
1996-11-25,,,,,,,,,,,,,1.63208,1.29453,0.99725
1996-11-26,,,,,,,,,,,,,1.64329,1.30255,1.01121
1996-11-27,,,,,,,,,,,,,1.64514,1.30390,1.01340
1996-11-29,,,,,,,,,,,,,1.64260,1.30212,1.00918
1996-12-02,,,,,,,,,,,,,1.64151,1.30136,1.00702
1996-12-03,,,,,,,,,,,,,1.64544,1.30419,1.01326
1996-12-04,,,,,,,,,,,,,1.64562,1.30435,1.01312
1996-12-05,,,,,,,,,,,,,1.67214,1.32329,1.06309
1996-12-06,,,,,,,,,,,,,1.65731,1.31275,1.03357
1996-12-09,,,,,,,,,,,,,1.63756,1.29869,0.99698
1996-12-10,,,,,,,,,,,,,1.62713,1.29128,0.98051
1996-12-11,,,,,,,,,,,,,1.61435,1.28217,0.96171
1996-12-12,,,,,,,,,,,,,1.62724,1.29141,0.97803
1996-12-13,,,,,,,,,,,,,1.64504,1.30415,0.99957
1996-12-16,,,,,,,,,,,,,1.66610,1.31920,1.02456
1996-12-17,,,,,,,,,,,,,1.66255,1.31670,1.02008
1996-12-18,,,,,,,,,,,,,1.67244,1.32378,1.03184
1996-12-19,,,,,,,,,,,,,1.68051,1.32955,1.04134
1996-12-20,,,,,,,,,,,,,1.67682,1.32695,1.03601
1996-12-23,,,,,,,,,,,,,1.66668,1.31975,1.02104
1996-12-24,,,,,,,,,,,,,1.67838,1.32811,1.03754
1996-12-26,,,,,,,,,,,,,1.66933,1.32170,1.02374
1996-12-27,,,,,,,,,,,,,1.66061,1.31551,1.01054
1996-12-30,,,,,,,,,,,,,1.65077,1.30852,0.99578
1996-12-31,,,,,,,,,,,,,1.66449,1.31833,1.01549
1997-01-02,,,,,,,,,,,,,1.67205,1.32375,1.02635
1997-01-03,,,,,,,,,,,,,1.67149,1.32338,1.02523
1997-01-06,,,,,,,,,,,,,1.69774,1.34211,1.06384
1997-01-07,,,,,,,,,,,,,1.69758,1.34202,1.06330
1997-01-08,,,,,,,,,,,,,1.70651,1.34840,1.07641
1997-01-09,,,,,,,,,,,,,1.70432,1.34687,1.07239
1997-01-10,,,,,,,,,,,,,1.70324,1.34613,1.07002
1997-01-13,,,,,,,,,,,,,1.69340,1.33915,1.05127
1997-01-14,,,,,,,,,,,,,1.69482,1.34019,1.05345
1997-01-15,,,,,,,,,,,,,1.71759,1.35643,1.09567
1997-01-16,,,,,,,,,,,,,1.70146,1.34499,1.06421
1997-01-17,,,,,,,,,,,,,1.69426,1.33989,1.05035
1997-01-21,,,,,,,,,,,,,1.68111,1.33056,1.02562
1997-01-22,,,,,,,,,,,,,1.68453,1.33302,1.03103
1997-01-23,,,,,,,,,,,,,1.68534,1.33363,1.03205
1997-01-24,,,,,,,,,,,,,1.68730,1.33505,1.03502
1997-01-27,,,,,,,,,,,,,1.69448,1.34019,1.04686
1997-01-28,,,,,,,,,,,,,1.68657,1.33459,1.03294
1997-01-29,,,,,,,,,,,,,1.68590,1.33413,1.03143
1997-01-30,,,,,,,,,,,,,1.68793,1.33561,1.03451
1997-01-31,,,,,,,,,,,,,1.67487,1.32633,1.01191
1997-02-03,,,,,,,,,,,,,1.67338,1.32530,1.00912
1997-02-04,,,,,,,,,,,,,1.67513,1.32657,1.01158
1997-02-05,,,,,,,,,,,,,1.67792,1.32859,1.01568
1997-02-06,,,,,,,,,,,,,1.66076,1.31638,0.98783
1997-02-07,,,,,,,,,,,,,1.64291,1.30365,0.96383
1997-02-10,,,,,,,,,,,,,1.64721,1.30655,0.96803
1997-02-11,,,,,,,,,,,,,1.64899,1.30763,0.96950
1997-02-12,,,,,,,,,,,,,1.65331,1.31002,0.97306
1997-02-13,,,,,,,,,,,,,1.65817,1.31257,0.97692
1997-02-14,,,,,,,,,,,,,1.66250,1.31480,0.98033
1997-02-18,,,,,,,,,,,,,1.66956,1.31838,0.98593
1997-02-19,,,,,,,,,,,,,1.68305,1.32513,0.99673
1997-02-20,,,,,,,,,,,,,1.68367,1.32553,0.99716
1997-02-21,,,,,,,,,,,,,1.68555,1.32652,0.99852
1997-02-24,,,,,,,,,,,,,1.67536,1.32121,0.98910
1997-02-25,,,,,,,,,,,,,1.68688,1.32740,0.99948
1997-02-26,,,,,,,,,,,,,1.69670,1.33280,1.00838
1997-02-27,,,,,,,,,,,,,1.69475,1.33164,1.00613
1997-02-28,,,,,,,,,,,,,1.69219,1.32999,1.00298
1997-03-03,,,,,,,,,,,,,1.70481,1.33864,1.01797
1997-03-04,,,,,,,,,,,,,1.71528,1.34606,1.03093
1997-03-05,,,,,,,,,,,,,1.70126,1.33619,1.01084
1997-03-06,,,,,,,,,,,,,1.71672,1.34714,1.03216
1997-03-07,,,,,,,,,,,,,1.72413,1.35241,1.04232
1997-03-10,,,,,,,,,,,,,1.73034,1.35682,1.05110
1997-03-11,,,,,,,,,,,,,1.73033,1.35684,1.05058
1997-03-12,,,,,,,,,,,,,1.71659,1.34717,1.02509
1997-03-13,,,,,,,,,,,,,1.71547,1.34641,1.02267
1997-03-14,,,,,,,,,,,,,1.73578,1.36077,1.05862
1997-03-17,,,,,,,,,,,,,1.71109,1.34338,1.01262
1997-03-18,,,,,,,,,,,,,1.71955,1.34939,1.02434
1997-03-19,,,,,,,,,,,,,1.72694,1.35464,1.03459
1997-03-20,,,,,,,,,,,,,1.73646,1.36139,1.04796
1997-03-21,,,,,,,,,,,,,1.72471,1.35313,1.03067
1997-03-24,,,,,,,,,,,,,1.71103,1.34350,1.01078
1997-03-25,,,,,,,,,,,,,1.72123,1.35073,1.02478
1997-03-26,,,,,,,,,,,,,1.71733,1.34800,1.01903
1997-03-27,,,,,,,,,,,,,1.72957,1.35668,1.03584
1997-03-31,,,,,,,,,,,,,1.72690,1.35482,1.03178
1997-04-02,,,,,,,,,,,,,1.70747,1.34113,1.00405
1997-04-03,,,,,,,,,,,,,1.68758,1.32709,0.97902
1997-04-04,,,,,,,,,,,,,1.67561,1.31856,0.96687
1997-04-07,,,,,,,,,,,,,1.67704,1.31941,0.96788
1997-04-08,,,,,,,,,,,,,1.67667,1.31925,0.96749
1997-04-09,,,,,,,,,,,,,1.68395,1.32256,0.97208
1997-04-10,,,,,,,,,,,,,1.69624,1.32763,0.97926
1997-04-11,,,,,,,,,,,,,1.68439,1.32302,0.97238
1997-04-14,,,,,,,,,,,,,1.69724,1.32786,0.97919
1997-04-15,,,,,,,,,,,,,1.69314,1.32652,0.97704
1997-04-16,,,,,,,,,,,,,1.68261,1.32279,0.97146
1997-04-17,,,,,,,,,,,,,1.69268,1.32631,0.97642
1997-04-18,,,,,,,,,,,,,1.70695,1.33119,0.98340
1997-04-21,,,,,,,,,,,,,1.71302,1.33334,0.98638
1997-04-22,,,,,,,,,,,,,1.71275,1.33341,0.98628
1997-04-23,,,,,,,,,,,,,1.71662,1.33482,0.98814
1997-04-25,,,,,,,,,,,,,1.72474,1.33779,0.99251
1997-04-28,,,,,,,,,,,,,1.71507,1.33394,0.98622
1997-04-29,,,,,,,,,,,,,1.72494,1.33821,0.99268
1997-04-30,,,,,,,,,,,,,1.74011,1.34524,1.00356
1997-05-01,,,,,,,,,,,,,1.73921,1.34481,1.00265
1997-05-02,,,,,,,,,,,,,1.72969,1.33930,0.99363
1997-05-05,,,,,,,,,,,,,1.73085,1.34004,0.99455
1997-05-06,,,,,,,,,,,,,1.72752,1.33803,0.99106
1997-05-07,,,,,,,,,,,,,1.73343,1.34175,0.99690
1997-05-08,,,,,,,,,,,,,1.74794,1.35105,1.01225
1997-05-09,,,,,,,,,,,,,1.75707,1.35722,1.02216
1997-05-12,,,,,,,,,,,,,1.76619,1.36359,1.03328
1997-05-13,,,,,,,,,,,,,1.77118,1.36708,1.03994
1997-05-14,,,,,,,,,,,,,1.76529,1.36302,1.02990
1997-05-15,,,,,,,,,,,,,1.77245,1.36802,1.04155
1997-05-16,,,,,,,,,,,,,1.78513,1.37685,1.06444
1997-05-19,,,,,,,,,,,,,1.77767,1.37170,1.04904
1997-05-20,,,,,,,,,,,,,1.76120,1.36029,1.01550
1997-05-21,,,,,,,,,,,,,1.77288,1.36844,1.03764
1997-05-22,,,,,,,,,,,,,1.77304,1.36858,1.03748
1997-05-23,,,,,,,,,,,,,1.76637,1.36397,1.02388
1997-05-27,,,,,,,,,,,,,1.75531,1.35631,1.00180
1997-05-28,,,,,,,,,,,,,1.77177,1.36779,1.03145
1997-05-29,,,,,,,,,,,,,1.78444,1.37662,1.05327
1997-05-30,,,,,,,,,,,,,1.76566,1.36361,1.01930
1997-06-02,,,,,,,,,,,,,1.75137,1.35370,0.99665
1997-06-03,,,,,,,,,,,,,1.74289,1.34783,0.98455
1997-06-04,,,,,,,,,,,,,1.72184,1.33320,0.95715
1997-06-05,,,,,,,,,,,,,1.71493,1.32832,0.95012
1997-06-06,,,,,,,,,,,,,1.70375,1.32163,0.94053
1997-06-09,,,,,,,,,,,,,1.70116,1.32043,0.93867
1997-06-10,,,,,,,,,,,,,1.69096,1.31684,0.93330
1997-06-11,,,,,,,,,,,,,1.69286,1.31738,0.93390
1997-06-12,,,,,,,,,,,,,1.69064,1.31724,0.93346
1997-06-13,,,,,,,,,,,,,1.69153,1.31753,0.93360
1997-06-16,,,,,,,,,,,,,1.68875,1.31755,0.93376
1997-06-17,,,,,,,,,,,,,1.69943,1.31861,0.93263
1997-06-18,,,,,,,,,,,,,1.68021,1.31735,0.93538
1997-06-19,,,,,,,,,,,,,1.68098,1.31764,0.93538
1997-06-20,,,,,,,,,,,,,1.67040,1.31705,0.93901
1997-06-23,,,,,,,,,,,,,1.67585,1.31771,0.93687
1997-06-24,,,,,,,,,,,,,1.67002,1.31749,0.94011
1997-06-25,,,,,,,,,,,,,1.67242,1.31791,0.93902
1997-06-26,,,,,,,,,,,,,1.65899,1.31709,0.94812
1997-06-27,,,,,,,,,,,,,1.66490,1.31779,0.94415
1997-06-30,,,,,,,,,,,,,1.66396,1.31796,0.94528
1997-07-01,,,,,,,,,,,,,1.65882,1.31779,0.95016
1997-07-02,,,,,,,,,,,,,1.65721,1.31790,0.95215
1997-07-03,,,,,,,,,,,,,1.63917,1.31670,0.97177
1997-07-07,,,,,,,,,,,,,1.61802,1.31523,0.99607
1997-07-08,,,,,,,,,,,,,1.62385,1.31594,0.98955
1997-07-09,,,,,,,,,,,,,1.62882,1.31658,0.98375
1997-07-10,,,,,,,,,,,,,1.62115,1.31619,0.99458
1997-07-11,,,,,,,,,,,,,1.62650,1.31686,0.98754
1997-07-14,,,,,,,,,,,,,1.63651,1.31791,0.97360
1997-07-15,,,,,,,,,,,,,1.64521,1.31885,0.96180
1997-07-16,,,,,,,,,,,,,1.63648,1.31839,0.97482
1997-07-17,,,,,,,,,,,,,1.64595,1.31939,0.96139
1997-07-18,,,,,,,,,,,,,1.64866,1.31984,0.95808
1997-07-21,,,,,,,,,,,,,1.63723,1.31917,0.97545
1997-07-22,,,,,,,,,,,,,1.64567,1.32009,0.96352
1997-07-23,,,,,,,,,,,,,1.65726,1.32126,0.94716
1997-07-24,,,,,,,,,,,,,1.66701,1.32227,0.93373
1997-07-25,,,,,,,,,,,,,1.68257,1.32375,0.91443
1997-07-28,,,,,,,,,,,,,1.70028,1.32538,0.89734
1997-07-29,,,,,,,,,,,,,1.70135,1.32571,0.89690
1997-07-30,,,,,,,,,,,,,1.70443,1.32619,0.89547
1997-07-31,,,,,,,,,,,,,1.71806,1.32749,0.88998
1997-08-01,,,,,,,,,,,,,1.72616,1.32836,0.88827
1997-08-04,,,,,,,,,,,,,1.73651,1.32939,0.88779
1997-08-05,,,,,,,,,,,,,1.72558,1.32853,0.88632
1997-08-07,,,,,,,,,,,,,1.71964,1.32778,0.88505
1997-08-08,,,,,,,,,,,,,1.71589,1.32726,0.88409
1997-08-11,,,,,,,,,,,,,1.70760,1.32576,0.88171
1997-08-12,,,,,,,,,,,,,1.70638,1.32571,0.88142
1997-08-13,,,,,,,,,,,,,1.71226,1.32712,0.88325
1997-08-14,,,,,,,,,,,,,1.70862,1.32657,0.88225
1997-08-15,,,,,,,,,,,,,1.70365,1.32575,0.88084
1997-08-18,,,,,,,,,,,,,1.69136,1.32342,0.87726
1997-08-19,,,,,,,,,,,,,1.70704,1.32686,0.88202
1997-08-20,,,,,,,,,,,,,1.69496,1.32454,0.87845
1997-08-21,,,,,,,,,,,,,1.69813,1.32527,0.87928
1997-08-22,,,,,,,,,,,,,1.70706,1.32678,0.88129
1997-08-25,,,,,,,,,,,,,1.69477,1.32520,0.87876
1997-08-26,,,,,,,,,,,,,1.69556,1.32551,0.87898
1997-08-27,,,,,,,,,,,,,1.71010,1.32711,0.88114
1997-08-28,,,,,,,,,,,,,1.70892,1.32724,0.88110
1997-08-29,,,,,,,,,,,,,1.71619,1.32815,0.88224
1997-09-02,,,,,,,,,,,,,1.71825,1.32858,0.88265
1997-09-03,,,,,,,,,,,,,1.72500,1.32943,0.88369
1997-09-04,,,,,,,,,,,,,1.71698,1.32881,0.88250
1997-09-05,,,,,,,,,,,,,1.71811,1.32915,0.88279
1997-09-08,,,,,,,,,,,,,1.70993,1.32834,0.88126
1997-09-09,,,,,,,,,,,,,1.71241,1.32887,0.88186
1997-09-10,,,,,,,,,,,,,1.71113,1.32893,0.88171
1997-09-11,,,,,,,,,,,,,1.71496,1.32964,0.88259
1997-09-12,,,,,,,,,,,,,1.70312,1.32835,0.88032
1997-09-15,,,,,,,,,,,,,1.70022,1.32820,0.87984
1997-09-16,,,,,,,,,,,,,1.70208,1.32864,0.88031
1997-09-17,,,,,,,,,,,,,1.69962,1.32857,0.87991
1997-09-18,,,,,,,,,,,,,1.70497,1.32923,0.88070
1997-09-19,,,,,,,,,,,,,1.70306,1.32931,0.88060
1997-09-22,,,,,,,,,,,,,1.70966,1.33006,0.88128
1997-09-23,,,,,,,,,,,,,1.71138,1.33042,0.88156
1997-09-24,,,,,,,,,,,,,1.71363,1.33083,0.88188
1997-09-25,,,,,,,,,,,,,1.72798,1.33217,0.88318
1997-09-26,,,,,,,,,,,,,1.73333,1.33281,0.88368
1997-09-29,,,,,,,,,,,,,1.74111,1.33363,0.88486
1997-09-30,,,,,,,,,,,,,1.73478,1.33269,0.88288
1997-10-01,,,,,,,,,,,,,1.73216,1.33229,0.88187
1997-10-02,,,,,,,,,,,,,1.74090,1.33453,0.88562
1997-10-03,,,,,,,,,,,,,1.76538,1.34165,0.89829
1997-10-06,,,,,,,,,,,,,1.74922,1.33617,0.88933
1997-10-07,,,,,,,,,,,,,1.75351,1.33780,0.89164
1997-10-08,,,,,,,,,,,,,1.76141,1.34101,0.89629
1997-10-09,,,,,,,,,,,,,1.76090,1.34085,0.89579
1997-10-10,,,,,,,,,,,,,1.77535,1.34809,0.90695
1997-10-14,,,,,,,,,,,,,1.75080,1.33450,0.88547
1997-10-15,,,,,,,,,,,,,1.75281,1.33569,0.88703
1997-10-17,,,,,,,,,,,,,1.74005,1.32863,0.87622
1997-10-20,,,,,,,,,,,,,1.74783,1.33298,0.88194
1997-10-21,,,,,,,,,,,,,1.74894,1.33365,0.88269
1997-10-22,,,,,,,,,,,,,1.76700,1.34323,0.89588
1997-10-23,,,,,,,,,,,,,1.75239,1.33564,0.88497
1997-10-24,,,,,,,,,,,,,1.74221,1.33038,0.87778
1997-10-27,,,,,,,,,,,,,1.74607,1.33231,0.88018
1997-10-28,,,,,,,,,,,,,1.72753,1.32381,0.86842
1997-10-29,,,,,,,,,,,,,1.73297,1.32594,0.87102
1997-10-30,,,,,,,,,,,,,1.74404,1.32974,0.87586
1997-10-31,,,,,,,,,,,,,1.74152,1.32907,0.87481
1997-11-03,,,,,,,,,,,,,1.74315,1.32974,0.87553
1997-11-04,,,,,,,,,,,,,1.73485,1.32730,0.87201
1997-11-05,,,,,,,,,,,,,1.73505,1.32750,0.87210
1997-11-06,,,,,,,,,,,,,1.73268,1.32705,0.87126
1997-11-07,,,,,,,,,,,,,1.73849,1.32856,0.87324
1997-11-10,,,,,,,,,,,,,1.73229,1.32737,0.87125
1997-11-12,,,,,,,,,,,,,1.73583,1.32825,0.87235
1997-11-13,,,,,,,,,,,,,1.73995,1.32921,0.87358
1997-11-14,,,,,,,,,,,,,1.73341,1.32820,0.87181
1997-11-17,,,,,,,,,,,,,1.72353,1.32670,0.86923
1997-11-18,,,,,,,,,,,,,1.71423,1.32583,0.86757
1997-11-19,,,,,,,,,,,,,1.70806,1.32559,0.86724
1997-11-20,,,,,,,,,,,,,1.68793,1.32428,0.86878
1997-11-21,,,,,,,,,,,,,1.69641,1.32518,0.86675
1997-11-24,,,,,,,,,,,,,1.69166,1.32506,0.86865
1997-11-25,,,,,,,,,,,,,1.68220,1.32456,0.87355
1997-11-26,,,,,,,,,,,,,1.67528,1.32426,0.87834
1997-11-28,,,,,,,,,,,,,1.67182,1.32422,0.88161
1997-12-01,,,,,,,,,,,,,1.66739,1.32411,0.88642
1997-12-02,,,,,,,,,,,,,1.66506,1.32417,0.88950
1997-12-03,,,,,,,,,,,,,1.65770,1.32383,0.89922
1997-12-04,,,,,,,,,,,,,1.64699,1.32321,0.91484
1997-12-05,,,,,,,,,,,,,1.65513,1.32411,0.90276
1997-12-08,,,,,,,,,,,,,1.65979,1.32473,0.89618
1997-12-10,,,,,,,,,,,,,1.66040,1.32502,0.89583
1997-12-11,,,,,,,,,,,,,1.64666,1.32416,0.91991
1997-12-12,,,,,,,,,,,,,1.63983,1.32385,0.93279
1997-12-15,,,,,,,,,,,,,1.63316,1.32356,0.94633
1997-12-16,,,,,,,,,,,,,1.62573,1.32319,0.96234
1997-12-17,,,,,,,,,,,,,1.63521,1.32421,0.94245
1997-12-18,,,,,,,,,,,,,1.63648,1.32455,0.94063
1997-12-19,,,,,,,,,,,,,1.63212,1.32444,0.95082
1997-12-22,,,,,,,,,,,,,1.61941,1.32366,0.98071
1997-12-23,,,,,,,,,,,,,1.62364,1.32426,0.97164
1997-12-24,,,,,,,,,,,,,1.63019,1.32504,0.95696
1997-12-26,,,,,,,,,,,,,1.62946,1.32523,0.95959
1997-12-29,,,,,,,,,,,,,1.61428,1.32424,0.99790
1997-12-31,,,,,,,,,,,,,1.60399,1.32365,1.02548
1998-01-02,,,,,,,,,,,,,1.59127,1.32284,1.06043
1998-01-05,,,,,,,,,,,,,1.57875,1.32204,1.09669
1998-01-06,,,,,,,,,,,,,1.57248,1.32176,1.11653
1998-01-07,,,,,,,,,,,,,1.57351,1.32208,1.11445
1998-01-08,,,,,,,,,,,,,1.56267,1.32141,1.15078
1998-01-09,,,,,,,,,,,,,1.55032,1.32060,1.19431
1998-01-12,,,,,,,,,,,,,1.53753,1.31974,1.24183
1998-01-13,,,,,,,,,,,,,1.56050,1.32195,1.15507
1998-01-14,,,,,,,,,,,,,1.56149,1.32227,1.15322
1998-01-15,,,,,,,,,,,,,1.56587,1.32287,1.14102
1998-01-16,,,,,,,,,,,,,1.57509,1.32389,1.11434
1998-01-20,,,,,,,,,,,,,1.57510,1.32413,1.11547
1998-01-21,,,,,,,,,,,,,1.57129,1.32405,1.12777
1998-01-22,,,,,,,,,,,,,1.57186,1.32433,1.12719
1998-01-23,,,,,,,,,,,,,1.57807,1.32509,1.10970
1998-01-26,,,,,,,,,,,,,1.59767,1.32697,1.05278
1998-01-27,,,,,,,,,,,,,1.60486,1.32781,1.03425
1998-01-28,,,,,,,,,,,,,1.61166,1.32862,1.01776
1998-01-29,,,,,,,,,,,,,1.62510,1.32997,0.98596
1998-01-30,,,,,,,,,,,,,1.60958,1.32894,1.02010
1998-02-02,,,,,,,,,,,,,1.61220,1.32939,1.01547
1998-02-03,,,,,,,,,,,,,1.59440,1.32817,1.05320
1998-02-04,,,,,,,,,,,,,1.59589,1.32853,1.05099
1998-02-05,,,,,,,,,,,,,1.60499,1.32953,1.03328
1998-02-06,,,,,,,,,,,,,1.60085,1.32942,1.04239
1998-02-09,,,,,,,,,,,,,1.59307,1.32901,1.05894
1998-02-10,,,,,,,,,,,,,1.59534,1.32944,1.05513
1998-02-11,,,,,,,,,,,,,1.58332,1.32868,1.08064
1998-02-12,,,,,,,,,,,,,1.58318,1.32891,1.08174
1998-02-13,,,,,,,,,,,,,1.58206,1.32906,1.08509
1998-02-17,,,,,,,,,,,,,1.55608,1.32712,1.14779
1998-02-18,,,,,,,,,,,,,1.56737,1.32832,1.11996
1998-02-19,,,,,,,,,,,,,1.56842,1.32865,1.11837
1998-02-20,,,,,,,,,,,,,1.55565,1.32781,1.15076
1998-02-23,,,,,,,,,,,,,1.52911,1.32579,1.21944
1998-02-24,,,,,,,,,,,,,1.51950,1.32519,1.24694
1998-02-25,,,,,,,,,,,,,1.52700,1.32609,1.22668
1998-02-26,,,,,,,,,,,,,1.52864,1.32648,1.22320
1998-02-27,,,,,,,,,,,,,1.54018,1.32773,1.19165
1998-03-02,,,,,,,,,,,,,1.54504,1.32839,1.17943
1998-03-03,,,,,,,,,,,,,1.53090,1.32742,1.21875
1998-03-04,,,,,,,,,,,,,1.52907,1.32750,1.22497
1998-03-05,,,,,,,,,,,,,1.52843,1.32768,1.22790
1998-03-06,,,,,,,,,,,,,1.52027,1.32721,1.25320
1998-03-09,,,,,,,,,,,,,1.50949,1.32651,1.28767
1998-03-10,,,,,,,,,,,,,1.51391,1.32713,1.27459
1998-03-11,,,,,,,,,,,,,1.51479,1.32745,1.27293
1998-03-12,,,,,,,,,,,,,1.52022,1.32816,1.25635
1998-03-13,,,,,,,,,,,,,1.51169,1.32765,1.28520
1998-03-16,,,,,,,,,,,,,1.49478,1.32640,1.34359
1998-03-17,,,,,,,,,,,,,1.48972,1.32618,1.36299
1998-03-18,,,,,,,,,,,,,1.51328,1.32852,1.27860
1998-03-19,,,,,,,,,,,,,1.50925,1.32841,1.29281
1998-03-20,,,,,,,,,,,,,1.51265,1.32895,1.28295
1998-03-23,,,,,,,,,,,,,1.56745,1.33400,1.10565
1998-03-24,,,,,,,,,,,,,1.54862,1.33264,1.13294
1998-03-25,,,,,,,,,,,,,1.55509,1.33343,1.12467
1998-03-26,,,,,,,,,,,,,1.56358,1.33440,1.11402
1998-03-27,,,,,,,,,,,,,1.56293,1.33459,1.11543
1998-03-30,,,,,,,,,,,,,1.55666,1.33430,1.12377
1998-03-31,,,,,,,,,,,,,1.54445,1.33349,1.13959
1998-04-01,,,,,,,,,,,,,1.52923,1.33241,1.15959
1998-04-02,,,,,,,,,,,,,1.53928,1.33352,1.14707
1998-04-03,,,,,,,,,,,,,1.54154,1.33395,1.14478
1998-04-06,,,,,,,,,,,,,1.52280,1.33257,1.16941
1998-04-07,,,,,,,,,,,,,1.52610,1.33309,1.16562
1998-04-08,,,,,,,,,,,,,1.53558,1.33416,1.15319
1998-04-09,,,,,,,,,,,,,1.54166,1.33492,1.14553
1998-04-13,,,,,,,,,,,,,1.53204,1.33433,1.15921
1998-04-14,,,,,,,,,,,,,1.52970,1.33436,1.16317
1998-04-15,,,,,,,,,,,,,1.54496,1.33593,1.14060
1998-04-16,,,,,,,,,,,,,1.55024,1.33662,1.13345
1998-04-17,,,,,,,,,,,,,1.54297,1.33623,1.14477
1998-04-21,,,,,,,,,,,,,1.55776,1.33775,1.12346
1998-04-22,,,,,,,,,,,,,1.54113,1.33656,1.14815
1998-04-23,,,,,,,,,,,,,1.53353,1.33613,1.16008
1998-04-24,,,,,,,,,,,,,1.53041,1.33610,1.16546
1998-04-27,,,,,,,,,,,,,1.53170,1.33645,1.16416
1998-04-28,,,,,,,,,,,,,1.53867,1.33729,1.15407
1998-04-29,,,,,,,,,,,,,1.52805,1.33660,1.17108
1998-04-30,,,,,,,,,,,,,1.52386,1.33647,1.17857
1998-05-01,,,,,,,,,,,,,1.53798,1.33794,1.15416
1998-05-04,,,,,,,,,,,,,1.54093,1.33843,1.14980
1998-05-05,,,,,,,,,,,,,1.53436,1.33810,1.16186
1998-05-06,,,,,,,,,,,,,1.52527,1.33754,1.17843
1998-05-07,,,,,,,,,,,,,1.51640,1.33700,1.19528
1998-05-08,,,,,,,,,,,,,1.51275,1.33692,1.20328
1998-05-11,,,,,,,,,,,,,1.50198,1.33621,1.22775
1998-05-12,,,,,,,,,,,,,1.50326,1.33656,1.22545
1998-05-13,,,,,,,,,,,,,1.49428,1.33600,1.25000
1998-05-14,,,,,,,,,,,,,1.49782,1.33656,1.24064
1998-05-15,,,,,,,,,,,,,1.48314,1.33549,1.28664
1998-05-18,,,,,,,,,,,,,1.46469,1.33407,1.34829
1998-05-19,,,,,,,,,,,,,1.46098,1.33397,1.36250
1998-05-20,,,,,,,,,,,,,1.44966,1.33318,1.40364
1998-05-21,,,,,,,,,,,,,1.45335,1.33376,1.39149
1998-05-22,,,,,,,,,,,,,1.45904,1.33452,1.37215
1998-05-26,,,,,,,,,,,,,1.43936,1.33296,1.44393
1998-05-27,,,,,,,,,,,,,1.43782,1.33306,1.45117
1998-05-28,,,,,,,,,,,,,1.43664,1.33318,1.45707
1998-05-29,,,,,,,,,,,,,1.44866,1.33453,1.41200
1998-06-01,,,,,,,,,,,,,1.43567,1.33357,1.46154
1998-06-03,,,,,,,,,,,,,1.43412,1.33366,1.46896
1998-06-04,,,,,,,,,,,,,1.43582,1.33405,1.46371
1998-06-05,,,,,,,,,,,,,1.43106,1.33385,1.48357
1998-06-08,,,,,,,,,,,,,1.42060,1.33311,1.52729
1998-06-09,,,,,,,,,,,,,1.40555,1.33194,1.59240
1998-06-10,,,,,,,,,,,,,1.40329,1.33196,1.60400
1998-06-11,,,,,,,,,,,,,1.39000,1.33094,1.66569
1998-06-12,,,,,,,,,,,,,1.39223,1.33139,1.65674
1998-06-15,,,,,,,,,,,,,1.37267,1.32976,1.75103
1998-06-16,,,,,,,,,,,,,1.37840,1.33055,1.72370
1998-06-17,,,,,,,,,,,,,1.40453,1.33332,1.59487
1998-06-18,,,,,,,,,,,,,1.39355,1.33251,1.63987
1998-06-19,,,,,,,,,,,,,1.41507,1.33481,1.55271
1998-06-22,,,,,,,,,,,,,1.41951,1.33547,1.53804
1998-06-23,,,,,,,,,,,,,1.43973,1.33761,1.46738
1998-06-25,,,,,,,,,,,,,1.42500,1.33647,1.51672
1998-06-26,,,,,,,,,,,,,1.42122,1.33635,1.53081
1998-06-29,,,,,,,,,,,,,1.40510,1.33507,1.58746
1998-06-30,,,,,,,,,,,,,1.41683,1.33642,1.54647
1998-07-01,,,,,,,,,,,,,1.40904,1.33592,1.57488
1998-07-02,,,,,,,,,,,,,1.40504,1.33578,1.59046
1998-07-06,,,,,,,,,,,,,1.38944,1.33453,1.64813
1998-07-07,,,,,,,,,,,,,1.39456,1.33526,1.63009
1998-07-08,,,,,,,,,,,,,1.39670,1.33570,1.62344
1998-07-09,,,,,,,,,,,,,1.38711,1.33502,1.66038
1998-07-10,,,,,,,,,,,,,1.37419,1.33401,1.71109
1998-07-13,,,,,,,,,,,,,1.37327,1.33416,1.71610
1998-07-14,,,,,,,,,,,,,1.38139,1.33518,1.68436
1998-07-15,,,,,,,,,,,,,1.38132,1.33542,1.68598
1998-07-16,,,,,,,,,,,,,1.37442,1.33499,1.71564
1998-07-17,,,,,,,,,,,,,1.38044,1.33581,1.69147
1998-07-20,,,,,,,,,,,,,1.36199,1.33427,1.77085
1998-07-21,,,,,,,,,,,,,1.35748,1.33406,1.79259
1998-07-22,,,,,,,,,,,,,1.35854,1.33440,1.78932
1998-07-23,,,,,,,,,,,,,1.35130,1.33392,1.82397
1998-07-24,,,,,,,,,,,,,1.35623,1.33465,1.80201
1998-07-27,,,,,,,,,,,,,1.35211,1.33448,1.82308
1998-07-28,,,,,,,,,,,,,1.34974,1.33448,1.83637
1998-07-29,,,,,,,,,,,,,1.34258,1.33401,1.87439
1998-07-30,,,,,,,,,,,,,1.34375,1.33436,1.86987
1998-07-31,,,,,,,,,,,,,1.33152,1.33338,1.93751
1998-08-03,,,,,,,,,,,,,1.31004,1.33147,2.06025
1998-08-04,,,,,,,,,,,,,1.31643,1.33235,2.02337
1998-08-05,,,,,,,,,,,,,1.31425,1.33237,2.03827
1998-08-06,,,,,,,,,,,,,1.31782,1.33296,2.01880
1998-08-07,,,,,,,,,,,,,1.32168,1.33359,1.99779
1998-08-10,,,,,,,,,,,,,1.30645,1.33228,2.08873
1998-08-11,,,,,,,,,,,,,1.28658,1.33049,2.21350
1998-08-12,,,,,,,,,,,,,1.28442,1.33050,2.22987
1998-08-13,,,,,,,,,,,,,1.29474,1.33180,2.16327
1998-08-14,,,,,,,,,,,,,1.29587,1.33215,2.15813
1998-08-17,,,,,,,,,,,,,1.29913,1.33272,2.13953
1998-08-18,,,,,,,,,,,,,1.29266,1.33229,2.18199
1998-08-19,,,,,,,,,,,,,1.29215,1.33247,2.18736
1998-08-20,,,,,,,,,,,,,1.30253,1.33377,2.12264
1998-08-21,,,,,,,,,,,,,1.28335,1.33204,2.24330
1998-08-24,,,,,,,,,,,,,1.28975,1.33294,2.20317
1998-08-25,,,,,,,,,,,,,1.28560,1.33275,2.23204
1998-08-26,,,,,,,,,,,,,1.27501,1.33189,2.30360
1998-08-27,,,,,,,,,,,,,1.26005,1.33055,2.40783
1998-08-28,,,,,,,,,,,,,1.25428,1.33017,2.45168
1998-08-31,,,,,,,,,,,,,1.24692,1.32962,2.50830
1998-09-01,,,,,,,,,,,,,1.26906,1.33221,2.34186
1998-09-02,,,,,,,,,,,,,1.26740,1.33226,2.35439
1998-09-03,,,,,,,,,,,,,1.29512,1.33540,2.17799
1998-09-04,,,,,,,,,,,,,1.29742,1.33586,2.16779
1998-09-08,,,,,,,,,,,,,1.30270,1.33663,2.14238
1998-09-09,,,,,,,,,,,,,1.29494,1.33606,2.18318
1998-09-10,,,,,,,,,,,,,1.31553,1.33841,2.07814
1998-09-11,,,,,,,,,,,,,1.30951,1.33802,2.10796
1998-09-14,,,,,,,,,,,,,1.31075,1.33838,2.10365
1998-09-15,,,,,,,,,,,,,1.32481,1.34003,2.03825
1998-09-16,,,,,,,,,,,,,1.31912,1.33968,2.06400
1998-09-17,,,,,,,,,,,,,1.31892,1.33988,2.06625
1998-09-18,,,,,,,,,,,,,1.33444,1.34167,2.00079
1998-09-21,,,,,,,,,,,,,1.33033,1.34148,2.01759
1998-09-22,,,,,,,,,,,,,1.33513,1.34219,2.00076
1998-09-23,,,,,,,,,,,,,1.33486,1.34238,2.00297
1998-09-24,,,,,,,,,,,,,1.34427,1.34354,1.97003
1998-09-25,,,,,,,,,,,,,1.33926,1.34325,1.98807
1998-09-28,,,,,,,,,,,,,1.33871,1.34340,1.99106
1998-09-29,,,,,,,,,,,,,1.34441,1.34418,1.97292
1998-09-30,,,,,,,,,,,,,1.34349,1.34430,1.97701
1998-10-01,,,,,,,,,,,,,1.32655,1.34280,2.03375
1998-10-02,,,,,,,,,,,,,1.33238,1.34359,2.01516
1998-10-05,,,,,,,,,,,,,1.32438,1.34298,2.04282
1998-10-06,,,,,,,,,,,,,1.32923,1.34366,2.02742
1998-10-07,,,,,,,,,,,,,1.33618,1.34456,2.00512
1998-10-08,,,,,,,,,,,,,1.31669,1.34278,2.07045
1998-10-09,,,,,,,,,,,,,1.32269,1.34358,2.05070
1998-10-12,,,,,,,,,,,,,1.31378,1.34285,2.08210
1998-10-13,,,,,,,,,,,,,1.31744,1.34341,2.07014
1998-10-14,,,,,,,,,,,,,1.30841,1.34268,2.10390
1998-10-15,,,,,,,,,,,,,1.30946,1.34298,2.10078
1998-10-16,,,,,,,,,,,,,1.31738,1.34396,2.06918
1998-10-19,,,,,,,,,,,,,1.29794,1.34216,2.14882
1998-10-20,,,,,,,,,,,,,1.29784,1.34233,2.15028
1998-10-21,,,,,,,,,,,,,1.30496,1.34325,2.11983
1998-10-22,,,,,,,,,,,,,1.30217,1.34315,2.13327
1998-10-23,,,,,,,,,,,,,1.30329,1.34346,2.12919
1998-10-26,,,,,,,,,,,,,1.30777,1.34411,2.10902
1998-10-27,,,,,,,,,,,,,1.29834,1.34333,2.15526
1998-10-28,,,,,,,,,,,,,1.30006,1.34371,2.14797
1998-10-29,,,,,,,,,,,,,1.29852,1.34375,2.15722
1998-10-30,,,,,,,,,,,,,1.30358,1.34448,2.13159
1998-11-02,,,,,,,,,,,,,1.30253,1.34458,2.13863
1998-11-03,,,,,,,,,,,,,1.30207,1.34474,2.14265
1998-11-04,,,,,,,,,,,,,1.30212,1.34496,2.14395
1998-11-05,,,,,,,,,,,,,1.30638,1.34561,2.12133
1998-11-06,,,,,,,,,,,,,1.30548,1.34574,2.12803
1998-11-09,,,,,,,,,,,,,1.29215,1.34458,2.20593
1998-11-10,,,,,,,,,,,,,1.29568,1.34516,2.18654
1998-11-11,,,,,,,,,,,,,1.29615,1.34542,2.18539
1998-11-12,,,,,,,,,,,,,1.30597,1.34665,2.12722
1998-11-13,,,,,,,,,,,,,1.29334,1.34556,2.20340
1998-11-16,,,,,,,,,,,,,1.26883,1.34322,2.35603
1998-11-17,,,,,,,,,,,,,1.26254,1.34276,2.39662
1998-11-18,,,,,,,,,,,,,1.26337,1.34306,2.39300
1998-11-19,,,,,,,,,,,,,1.25844,1.34274,2.42738
1998-11-20,,,,,,,,,,,,,1.25710,1.34281,2.43871
1998-11-23,,,,,,,,,,,,,1.23597,1.34077,2.59446
1998-11-24,,,,,,,,,,,,,1.23153,1.34050,2.63157
1998-11-25,,,,,,,,,,,,,1.22885,1.34042,2.65523
1998-11-27,,,,,,,,,,,,,1.23329,1.34112,2.62155
1998-11-30,,,,,,,,,,,,,1.20927,1.33872,2.81497
1998-12-01,,,,,,,,,,,,,1.20553,1.33852,2.84888
1998-12-02,,,,,,,,,,,,,1.20169,1.33830,2.88421
1998-12-03,,,,,,,,,,,,,1.19539,1.33780,2.94156
1998-12-04,,,,,,,,,,,,,1.19376,1.33783,2.95859
1998-12-07,,,,,,,,,,,,,1.20018,1.33876,2.90304
1998-12-08,,,,,,,,,,,,,1.18527,1.33730,3.03661
1998-12-09,,,,,,,,,,,,,1.17729,1.33661,3.11343
1998-12-10,,,,,,,,,,,,,1.16772,1.33573,3.20803
1998-12-11,,,,,,,,,,,,,1.16145,1.33522,3.27325
1998-12-14,,,,,,,,,,,,,1.17421,1.33690,3.14304
1998-12-15,,,,,,,,,,,,,1.17616,1.33733,3.12635
1998-12-16,,,,,,,,,,,,,1.19771,1.33999,2.91667
1998-12-17,,,,,,,,,,,,,1.16466,1.33650,3.18753
1998-12-18,,,,,,,,,,,,,1.16073,1.33626,3.22058
1998-12-21,,,,,,,,,,,,,1.14890,1.33511,3.31721
1998-12-22,,,,,,,,,,,,,1.15043,1.33549,3.30673
1998-12-23,,,,,,,,,,,,,1.15165,1.33585,3.29891
1998-12-24,,,,,,,,,,,,,1.15308,1.33623,3.28941
1998-12-28,,,,,,,,,,,,,1.15649,1.33683,3.26364
1998-12-29,,,,,,,,,,,,,1.16376,1.33789,3.20609
1998-12-30,,,,,,,,,,,,,1.16145,1.33784,3.22677
1998-12-31,,,,,,,,,,,,,1.16824,1.33883,3.17241
1999-01-04,,,,,,,,,,,,,1.17422,1.33972,3.12563
1999-01-05,,,,,,,,,,,,,1.17113,1.33958,3.15284
1999-01-06,,,,,,,,,,,,,1.19333,1.34233,2.96846
1999-01-07,,,,,,,,,,,,,1.19590,1.34282,2.95066
1999-01-08,,,,,,,,,,,,,1.20367,1.34390,2.89295
1999-01-11,,,,,,,,,,,,,1.21280,1.34513,2.82634
1999-01-12,,,,,,,,,,,,,1.19778,1.34368,2.93369
1999-01-13,,,,,,,,,,,,,1.17603,1.34145,3.08861
1999-01-14,,,,,,,,,,,,,1.17224,1.34122,3.11744
1999-01-15,,,,,,,,,,,,,1.17036,1.34121,3.13296
1999-01-19,,,,,,,,,,,,,1.16060,1.34030,3.20543
1999-01-20,,,,,,,,,,,,,1.15519,1.33988,3.24947
1999-01-21,,,,,,,,,,,,,1.16721,1.34148,3.15204
1999-01-22,,,,,,,,,,,,,1.16828,1.34180,3.14561
1999-01-25,,,,,,,,,,,,,1.15716,1.34073,3.23649
1999-01-26,,,,,,,,,,,,,1.14790,1.33987,3.31554
1999-01-27,,,,,,,,,,,,,1.15059,1.34039,3.29441
1999-01-28,,,,,,,,,,,,,1.15932,1.34162,3.22020
1999-01-29,,,,,,,,,,,,,1.16282,1.34223,3.19261
1999-02-01,,,,,,,,,,,,,1.15694,1.34177,3.24512
1999-02-02,,,,,,,,,,,,,1.16304,1.34268,3.19323
1999-02-03,,,,,,,,,,,,,1.16150,1.34272,3.20900
1999-02-04,,,,,,,,,,,,,1.16405,1.34322,3.18811
1999-02-05,,,,,,,,,,,,,1.16336,1.34335,3.19678
1999-02-08,,,,,,,,,,,,,1.16432,1.34367,3.19026
1999-02-09,,,,,,,,,,,,,1.15392,1.34269,3.29062
1999-02-10,,,,,,,,,,,,,1.15137,1.34260,3.31801
1999-02-11,,,,,,,,,,,,,1.14931,1.34257,3.34153
1999-02-12,,,,,,,,,,,,,1.14765,1.34259,3.36175
1999-02-16,,,,,,,,,,,,,1.12516,1.34017,3.60931
1999-02-17,,,,,,,,,,,,,1.12651,1.34054,3.59658
1999-02-18,,,,,,,,,,,,,1.13494,1.34175,3.50181
1999-02-19,,,,,,,,,,,,,1.13199,1.34162,3.53771
1999-02-22,,,,,,,,,,,,,1.12615,1.34114,3.60690
1999-02-23,,,,,,,,,,,,,1.13768,1.34273,3.47584
1999-02-24,,,,,,,,,,,,,1.13173,1.34225,3.54470
1999-02-25,,,,,,,,,,,,,1.13718,1.34311,3.48566
1999-02-26,,,,,,,,,,,,,1.12217,1.34156,3.65560
1999-03-01,,,,,,,,,,,,,1.12403,1.34200,3.63670
1999-03-02,,,,,,,,,,,,,1.13260,1.34324,3.53910
1999-03-03,,,,,,,,,,,,,1.13906,1.34422,3.46866
1999-03-04,,,,,,,,,,,,,1.15081,1.34582,3.34152
1999-03-05,,,,,,,,,,,,,1.15335,1.34634,3.31785
1999-03-08,,,,,,,,,,,,,1.16538,1.34796,3.19919
1999-03-09,,,,,,,,,,,,,1.17120,1.34885,3.15067
1999-03-10,,,,,,,,,,,,,1.19344,1.35162,2.97230
1999-03-11,,,,,,,,,,,,,1.18321,1.35068,3.03423
1999-03-12,,,,,,,,,,,,,1.17949,1.35047,3.05668
1999-03-15,,,,,,,,,,,,,1.16839,1.34942,3.11939
1999-03-16,,,,,,,,,,,,,1.17235,1.35009,3.09895
1999-03-17,,,,,,,,,,,,,1.18992,1.35232,3.00305
1999-03-18,,,,,,,,,,,,,1.18593,1.35208,3.02361
1999-03-19,,,,,,,,,,,,,1.19579,1.35342,2.97835
1999-03-22,,,,,,,,,,,,,1.21816,1.35616,2.88159
1999-03-23,,,,,,,,,,,,,1.21211,1.35570,2.90201
1999-03-24,,,,,,,,,,,,,1.20301,1.35489,2.92965
1999-03-25,,,,,,,,,,,,,1.21926,1.35694,2.88468
1999-03-26,,,,,,,,,,,,,1.23129,1.35849,2.85704
1999-03-29,,,,,,,,,,,,,1.23086,1.35865,2.85859
1999-03-30,,,,,,,,,,,,,1.23590,1.35942,2.85109
1999-03-31,,,,,,,,,,,,,1.22963,1.35895,2.85989
1999-04-01,,,,,,,,,,,,,1.22616,1.35877,2.86457
1999-04-05,,,,,,,,,,,,,1.23054,1.35946,2.86043
1999-04-06,,,,,,,,,,,,,1.22820,1.35942,2.86339
1999-04-07,,,,,,,,,,,,,1.21262,1.35790,2.87873
1999-04-08,,,,,,,,,,,,,1.20428,1.35717,2.88739
1999-04-09,,,,,,,,,,,,,1.22252,1.35944,2.87045
1999-04-12,,,,,,,,,,,,,1.21778,1.35911,2.87562
1999-04-13,,,,,,,,,,,,,1.23050,1.36074,2.86418
1999-04-14,,,,,,,,,,,,,1.22200,1.36000,2.87282
1999-04-15,,,,,,,,,,,,,1.23498,1.36165,2.86119
1999-04-16,,,,,,,,,,,,,1.24406,1.36286,2.85338
1999-04-19,,,,,,,,,,,,,1.25496,1.36426,2.84386
1999-04-20,,,,,,,,,,,,,1.25074,1.36400,2.84742
1999-04-21,,,,,,,,,,,,,1.25585,1.36477,2.84523
1999-04-22,,,,,,,,,,,,,1.25681,1.36508,2.84537
1999-04-23,,,,,,,,,,,,,1.25488,1.36508,2.84584
1999-04-26,,,,,,,,,,,,,1.24849,1.36460,2.84560
1999-04-27,,,,,,,,,,,,,1.25344,1.36535,2.84660
1999-04-28,,,,,,,,,,,,,1.26803,1.36716,2.84904
1999-04-29,,,,,,,,,,,,,1.27639,1.36822,2.85190
1999-04-30,,,,,,,,,,,,,1.27933,1.36890,2.85400
1999-05-03,,,,,,,,,,,,,1.28368,1.37025,2.85872
1999-05-04,,,,,,,,,,,,,1.28460,1.37071,2.86003
1999-05-05,,,,,,,,,,,,,1.28563,1.37124,2.86166
1999-05-06,,,,,,,,,,,,,1.27561,1.36687,2.84338
1999-05-07,,,,,,,,,,,,,1.26610,1.36269,2.82600
1999-05-10,,,,,,,,,,,,,1.27019,1.36470,2.83361
1999-05-11,,,,,,,,,,,,,1.26386,1.36195,2.82207
1999-05-12,,,,,,,,,,,,,1.25105,1.35617,2.79828
1999-05-13,,,,,,,,,,,,,1.26171,1.36009,2.81289
1999-05-14,,,,,,,,,,,,,1.25762,1.35905,2.80851
1999-05-17,,,,,,,,,,,,,1.25421,1.35840,2.80555
1999-05-18,,,,,,,,,,,,,1.23758,1.35568,2.79412
1999-05-19,,,,,,,,,,,,,1.22940,1.35500,2.79388
1999-05-20,,,,,,,,,,,,,1.22775,1.35503,2.79509
1999-05-24,,,,,,,,,,,,,1.20937,1.35322,2.81672
1999-05-25,,,,,,,,,,,,,1.21247,1.35379,2.81162
1999-05-26,,,,,,,,,,,,,1.21461,1.35425,2.80718
1999-05-27,,,,,,,,,,,,,1.20427,1.35331,2.83799
1999-05-28,,,,,,,,,,,,,1.20057,1.35312,2.85194
1999-06-01,,,,,,,,,,,,,1.19164,1.35233,2.89078
1999-06-02,,,,,,,,,,,,,1.20027,1.35353,2.84892
1999-06-03,,,,,,,,,,,,,1.20716,1.35453,2.81578
1999-06-04,,,,,,,,,,,,,1.21976,1.35616,2.75466
1999-06-07,,,,,,,,,,,,,1.23294,1.35783,2.69232
1999-06-08,,,,,,,,,,,,,1.22853,1.35757,2.71219
1999-06-09,,,,,,,,,,,,,1.23443,1.35844,2.68894
1999-06-10,,,,,,,,,,,,,1.22941,1.35810,2.70970
1999-06-11,,,,,,,,,,,,,1.24465,1.36001,2.65151
1999-06-14,,,,,,,,,,,,,1.24634,1.36042,2.64737
1999-06-15,,,,,,,,,,,,,1.24063,1.36002,2.66464
1999-06-16,,,,,,,,,,,,,1.22824,1.35888,2.70001
1999-06-17,,,,,,,,,,,,,1.23311,1.35964,2.68735
1999-06-18,,,,,,,,,,,,,1.23859,1.36046,2.67306
1999-06-21,,,,,,,,,,,,,1.23199,1.35996,2.69251
1999-06-22,,,,,,,,,,,,,1.22996,1.35996,2.69935
1999-06-23,,,,,,,,,,,,,1.24056,1.36135,2.67052
1999-06-24,,,,,,,,,,,,,1.23672,1.36116,2.68230
1999-06-25,,,,,,,,,,,,,1.23864,1.36159,2.67804
1999-06-28,,,,,,,,,,,,,1.23506,1.36143,2.68917
1999-06-29,,,,,,,,,,,,,1.24239,1.36246,2.66974
1999-06-30,,,,,,,,,,,,,1.26736,1.36543,2.60102
1999-07-01,,,,,,,,,,,,,1.25919,1.36477,2.61458
1999-07-02,,,,,,,,,,,,,1.25810,1.36487,2.61675
1999-07-06,,,,,,,,,,,,,1.24219,1.36337,2.63693
1999-07-07,,,,,,,,,,,,,1.24838,1.36427,2.62997
1999-07-08,,,,,,,,,,,,,1.24951,1.36462,2.62932
1999-07-09,,,,,,,,,,,,,1.25115,1.36502,2.62805
1999-07-12,,,,,,,,,,,,,1.25204,1.36534,2.62771
1999-07-14,,,,,,,,,,,,,1.25258,1.36562,2.62780
1999-07-15,,,,,,,,,,,,,1.26565,1.36727,2.61233
1999-07-16,,,,,,,,,,,,,1.26438,1.36735,2.61427
1999-07-19,,,,,,,,,,,,,1.26643,1.36779,2.61301
1999-07-20,,,,,,,,,,,,,1.25067,1.36631,2.62523
1999-07-21,,,,,,,,,,,,,1.25792,1.36732,2.62044
1999-07-22,,,,,,,,,,,,,1.27279,1.36916,2.60993
1999-07-23,,,,,,,,,,,,,1.29997,1.37230,2.59511
1999-07-26,,,,,,,,,,,,,1.29041,1.37152,2.59510
1999-07-27,,,,,,,,,,,,,1.27991,1.37062,2.59245
1999-07-28,,,,,,,,,,,,,1.28115,1.37097,2.59322
1999-07-29,,,,,,,,,,,,,1.29241,1.37271,2.59821
1999-07-30,,,,,,,,,,,,,1.28932,1.37228,2.59660
1999-08-02,,,,,,,,,,,,,1.30405,1.37591,2.60756
1999-08-03,,,,,,,,,,,,,1.30816,1.37732,2.61158
1999-08-04,,,,,,,,,,,,,1.32406,1.38384,2.63184
1999-08-05,,,,,,,,,,,,,1.32622,1.38501,2.63516
1999-08-06,,,,,,,,,,,,,1.33841,1.39283,2.65990
1999-08-09,,,,,,,,,,,,,1.34703,1.39948,2.68110
1999-08-10,,,,,,,,,,,,,1.34881,1.40101,2.68576
1999-08-11,,,,,,,,,,,,,1.35188,1.40390,2.69500
1999-08-12,,,,,,,,,,,,,1.33836,1.39130,2.64686
1999-08-13,,,,,,,,,,,,,1.34361,1.39623,2.66478
1999-08-16,,,,,,,,,,,,,1.34319,1.39586,2.66267
1999-08-17,,,,,,,,,,,,,1.35382,1.40584,2.70333
1999-08-18,,,,,,,,,,,,,1.34613,1.39867,2.67117
1999-08-19,,,,,,,,,,,,,1.35595,1.40788,2.71121
1999-08-20,,,,,,,,,,,,,1.35240,1.40459,2.69509
1999-08-23,,,,,,,,,,,,,1.35290,1.40508,2.69658
1999-08-24,,,,,,,,,,,,,1.34843,1.40093,2.67498
1999-08-25,,,,,,,,,,,,,1.33432,1.38776,2.60724
1999-08-26,,,,,,,,,,,,,1.33357,1.38709,2.60307
1999-08-27,,,,,,,,,,,,,1.33777,1.39105,2.62199
1999-08-30,,,,,,,,,,,,,1.35268,1.40503,2.69116
1999-08-31,,,,,,,,,,,,,1.36396,1.41560,2.74259
1999-09-01,,,,,,,,,,,,,1.36557,1.41713,2.74942
1999-09-02,,,,,,,,,,,,,1.35319,1.40559,2.69084
1999-09-03,,,,,,,,,,,,,1.36327,1.41505,2.73673
1999-09-07,,,,,,,,,,,,,1.39398,1.44376,2.87885
1999-09-08,,,,,,,,,,,,,1.38820,1.43840,2.85354
1999-09-09,,,,,,,,,,,,,1.40402,1.45318,2.92034
1999-09-10,,,,,,,,,,,,,1.41020,1.45896,2.94606
1999-09-13,,,,,,,,,,,,,1.41325,1.46183,2.95984
1999-09-14,,,,,,,,,,,,,1.39857,1.44819,2.88390
1999-09-15,,,,,,,,,,,,,1.39450,1.44443,2.86265
1999-09-16,,,,,,,,,,,,,1.39562,1.44550,2.86745
1999-09-17,,,,,,,,,,,,,1.40220,1.45166,2.90034
1999-09-20,,,,,,,,,,,,,1.39052,1.44080,2.83708
1999-09-21,,,,,,,,,,,,,1.39217,1.44237,2.84496
1999-09-22,,,,,,,,,,,,,1.39554,1.44553,2.86190
1999-09-23,,,,,,,,,,,,,1.41676,1.46534,2.97348
1999-09-24,,,,,,,,,,,,,1.41656,1.46519,2.97153
1999-09-27,,,,,,,,,,,,,1.42700,1.47493,3.02706
1999-09-28,,,,,,,,,,,,,1.44507,1.49177,3.12966
1999-09-29,,,,,,,,,,,,,1.44326,1.49011,3.11761
1999-09-30,,,,,,,,,,,,,1.43484,1.48231,3.06404
1999-10-01,,,,,,,,,,,,,1.43353,1.48112,3.05467
1999-10-04,,,,,,,,,,,,,1.41758,1.46632,2.95147
1999-10-05,,,,,,,,,,,,,1.41206,1.46121,2.91582
1999-10-06,,,,,,,,,,,,,1.40770,1.45718,2.88771
1999-10-07,,,,,,,,,,,,,1.39210,1.44267,2.79003
1999-10-08,,,,,,,,,,,,,1.35474,1.40785,2.58734
1999-10-11,,,,,,,,,,,,,1.36407,1.41660,2.61492
1999-10-12,,,,,,,,,,,,,1.40093,1.45104,2.71116
1999-10-13,,,,,,,,,,,,,1.42135,1.46870,2.75206
1999-10-14,,,,,,,,,,,,,1.39918,1.44967,2.70757
1999-10-15,,,,,,,,,,,,,1.41079,1.45974,2.73046
1999-10-18,,,,,,,,,,,,,1.40657,1.45614,2.72211
1999-10-19,,,,,,,,,,,,,1.40532,1.45511,2.71964
1999-10-20,,,,,,,,,,,,,1.40406,1.45407,2.71714
1999-10-21,,,,,,,,,,,,,1.40265,1.45290,2.71435
1999-10-22,,,,,,,,,,,,,1.41724,1.46554,2.74312
1999-10-25,,,,,,,,,,,,,1.41396,1.46277,2.73665
1999-10-26,,,,,,,,,,,,,1.40040,1.45113,2.70988
1999-10-27,,,,,,,,,,,,,1.39865,1.44966,2.70640
1999-10-28,,,,,,,,,,,,,1.37576,1.42988,2.66124
1999-10-29,,,,,,,,,,,,,1.37814,1.43174,2.66580
1999-11-01,,,,,,,,,,,,,1.38464,1.43633,2.67758
1999-11-02,,,,,,,,,,,,,1.38332,1.43555,2.67531
1999-11-03,,,,,,,,,,,,,1.39165,1.44082,2.68942
1999-11-04,,,,,,,,,,,,,1.39918,1.44555,2.70216
1999-11-05,,,,,,,,,,,,,1.39276,1.44175,2.69144
1999-11-08,,,,,,,,,,,,,1.39175,1.44124,2.68980
1999-11-09,,,,,,,,,,,,,1.40801,1.45133,2.71726
1999-11-10,,,,,,,,,,,,,1.41435,1.45532,2.72799
1999-11-11,,,,,,,,,,,,,1.40659,1.45071,2.71501
1999-11-12,,,,,,,,,,,,,1.41788,1.45772,2.73402
1999-11-15,,,,,,,,,,,,,1.42598,1.46273,2.74828
1999-11-16,,,,,,,,,,,,,1.43288,1.46738,2.76211
1999-11-17,,,,,,,,,,,,,1.44043,1.47309,2.77956
1999-11-18,,,,,,,,,,,,,1.42102,1.45656,2.72643
1999-11-19,,,,,,,,,,,,,1.43612,1.46953,2.76711
1999-11-22,,,,,,,,,,,,,1.44934,1.48083,2.80283
1999-11-23,,,,,,,,,,,,,1.44243,1.47461,2.78355
1999-11-24,,,,,,,,,,,,,1.44865,1.48036,2.80115
1999-11-29,,,,,,,,,,,,,1.43181,1.46490,2.74738
1999-11-30,,,,,,,,,,,,,1.40974,1.44461,2.67735
1999-12-01,,,,,,,,,,,,,1.41424,1.44879,2.68977
1999-12-02,,,,,,,,,,,,,1.42777,1.46129,2.72643
1999-12-03,,,,,,,,,,,,,1.42545,1.45918,2.72001
1999-12-06,,,,,,,,,,,,,1.43713,1.46997,2.75099
1999-12-07,,,,,,,,,,,,,1.43132,1.46465,2.73520
1999-12-08,,,,,,,,,,,,,1.43349,1.46668,2.74078
1999-12-09,,,,,,,,,,,,,1.41802,1.45245,2.69917
1999-12-10,,,,,,,,,,,,,1.40632,1.44188,2.66761
1999-12-13,,,,,,,,,,,,,1.41009,1.44495,2.67649
1999-12-14,,,,,,,,,,,,,1.42359,1.45514,2.70736
1999-12-15,,,,,,,,,,,,,1.43757,1.46549,2.73855
1999-12-16,,,,,,,,,,,,,1.45270,1.47664,2.77235
1999-12-17,,,,,,,,,,,,,1.45752,1.48023,2.78301
1999-12-20,,,,,,,,,,,,,1.45927,1.48155,2.78670
1999-12-21,,,,,,,,,,,,,1.45162,1.47517,2.76590
1999-12-22,,,,,,,,,,,,,1.44655,1.47078,2.75141
1999-12-23,,,,,,,,,,,,,1.45220,1.47580,2.76721
1999-12-27,,,,,,,,,,,,,1.45524,1.47861,2.77593
1999-12-28,,,,,,,,,,,,,1.46343,1.48613,2.80186
1999-12-29,,,,,,,,,,,,,1.46304,1.48579,2.79982
1999-12-30,,,,,,,,,,,,,1.45019,1.47408,2.75116
2000-01-03,,,,,,,,,,,,,1.44690,1.47111,2.73843
2000-01-04,,,,,,,,,,,,,1.43856,1.46351,2.70699
2000-01-05,,,,,,,,,,,,,1.43111,1.45672,2.67896
2000-01-06,,,,,,,,,,,,,1.43201,1.45756,2.68155
2000-01-07,,,,,,,,,,,,,1.42773,1.45367,2.66620
2000-01-10,,,,,,,,,,,,,1.43181,1.45733,2.67896
2000-01-11,,,,,,,,,,,,,1.44876,1.47181,2.73172
2000-01-12,,,,,,,,,,,,,1.46658,1.48678,2.78424
2000-01-13,,,,,,,,,,,,,1.47692,1.49548,2.81481
2000-01-14,,,,,,,,,,,,,1.49949,1.51432,2.88215
2000-01-18,,,,,,,,,,,,,1.51926,1.53232,2.94165
2000-01-19,,,,,,,,,,,,,1.53119,1.54317,2.98290
2000-01-20,,,,,,,,,,,,,1.53885,1.55015,3.01460
2000-01-21,,,,,,,,,,,,,1.53628,1.54786,3.00020
2000-01-24,,,,,,,,,,,,,1.53001,1.54221,2.96481
2000-01-25,,,,,,,,,,,,,1.53953,1.55087,3.01660
2000-01-26,,,,,,,,,,,,,1.52746,1.53997,2.94276
2000-01-27,,,,,,,,,,,,,1.52951,1.54186,2.95339
2000-01-28,,,,,,,,,,,,,1.52290,1.53589,2.91149
2000-01-31,,,,,,,,,,,,,1.52799,1.54054,2.94120
2000-02-01,,,,,,,,,,,,,1.53991,1.55140,3.01691
2000-02-02,,,,,,,,,,,,,1.52833,1.54093,2.93710
2000-02-03,,,,,,,,,,,,,1.53402,1.54613,2.97322
2000-02-04,,,,,,,,,,,,,1.56331,1.57273,3.16724
2000-02-07,,,,,,,,,,,,,1.54322,1.55457,3.03267
2000-02-08,,,,,,,,,,,,,1.52392,1.53711,2.92050
2000-02-09,,,,,,,,,,,,,1.54358,1.55499,3.01752
2000-02-10,,,,,,,,,,,,,1.57018,1.57914,3.14613
2000-02-11,,,,,,,,,,,,,1.56232,1.57206,3.10761
2000-02-14,,,,,,,,,,,,,1.56424,1.57384,3.11581
2000-02-15,,,,,,,,,,,,,1.55771,1.56796,3.08383
2000-02-16,,,,,,,,,,,,,1.56216,1.57202,3.10370
2000-02-17,,,,,,,,,,,,,1.55721,1.56757,3.07805
2000-02-18,,,,,,,,,,,,,1.55720,1.56760,3.07683
2000-02-22,,,,,,,,,,,,,1.55790,1.56827,3.07923
2000-02-23,,,,,,,,,,,,,1.55159,1.56259,3.04424
2000-02-24,,,,,,,,,,,,,1.55659,1.56715,3.06955
2000-02-25,,,,,,,,,,,,,1.54715,1.55863,3.01668
2000-02-28,,,,,,,,,,,,,1.54238,1.55434,2.98967
2000-02-29,,,,,,,,,,,,,1.55451,1.56538,3.05376
2000-03-01,,,,,,,,,,,,,1.58299,1.59123,3.20755
2000-03-02,,,,,,,,,,,,,1.58120,1.58964,3.19696
2000-03-03,,,,,,,,,,,,,1.58757,1.59544,3.22923
2000-03-06,,,,,,,,,,,,,1.60146,1.60805,3.30279
2000-03-07,,,,,,,,,,,,,1.62265,1.62722,3.42413
2000-03-08,,,,,,,,,,,,,1.57874,1.58764,3.15399
2000-03-09,,,,,,,,,,,,,1.59613,1.60341,3.22585
2000-03-10,,,,,,,,,,,,,1.58840,1.59645,3.19238
2000-03-13,,,,,,,,,,,,,1.60019,1.60716,3.24116
2000-03-15,,,,,,,,,,,,,1.58981,1.59781,3.19641
2000-03-16,,,,1.05711,1.05142,1.03559,,,,,,,1.59420,1.60182,3.21408
2000-03-17,,,,1.07716,1.06939,1.04746,,,,,,,1.59684,1.60424,3.22438
2000-03-20,,,,1.04678,1.04227,1.02984,,,,,,,1.56018,1.57113,3.06825
2000-03-21,,,,1.08627,1.07768,1.05322,,,,,,,1.56758,1.57788,3.09395
2000-03-22,,,,1.10814,1.09724,1.06578,,,,,,,1.56691,1.57730,3.09106
2000-03-23,,,,1.12758,1.11459,1.07687,,,,,,,1.56082,1.57182,3.06931
2000-03-24,,,,1.14277,1.12813,1.08549,,,,,,,1.57109,1.58117,3.10373
2000-03-27,,,,1.14459,1.12977,1.08660,,,,,,,1.57014,1.58034,3.09999
2000-03-28,,,,1.11543,1.10389,1.06878,,,,,,,1.56110,1.57219,3.06886
2000-03-29,,,,1.06926,1.06279,1.04009,,,,,,,1.54470,1.55735,3.01280
2000-03-30,,,,1.04253,1.03890,1.02325,,,,,,,1.55384,1.56569,3.04015
2000-03-31,,,,1.06440,1.05854,1.03729,,,,,,,1.56959,1.58001,3.08610
2000-04-03,,,,1.00061,1.00147,0.99769,,,,,,,1.55646,1.56815,3.04755
2000-04-04,,,,0.99089,0.99273,0.99263,,,,,,,1.53240,1.54630,2.97935
2000-04-05,,,,0.97327,0.97687,0.98387,,,,,,,1.54166,1.55404,3.00060
2000-04-06,,,,0.99636,0.99775,0.99486,,,,,,,1.53004,1.54507,2.97502
2000-04-07,,,,1.03645,1.03391,1.01209,,,,,,,1.52700,1.54301,2.96886
2000-04-10,,,,0.97327,0.97716,0.98771,,,,,,,1.50988,1.53231,2.93735
2000-04-11,,,,0.95018,0.95823,0.97998,,,,,,,1.50993,1.53244,2.93739
2000-04-12,,,,0.89429,0.91688,0.96247,,,,,,,1.53834,1.54429,2.97204
2000-04-13,,,,0.85541,0.89407,0.95298,,,,,,,1.54358,1.54654,2.97790
2000-04-14,,,,0.78129,0.86406,0.94027,,,,,,,1.53076,1.54177,2.96460
2000-04-17,,,,0.87120,0.87514,0.94485,,,,,,,1.53559,1.54387,2.97005
2000-04-18,,,,0.89429,0.87763,0.94545,,,,,,,1.54205,1.54660,2.97721
2000-04-19,,,,0.86695,0.87513,0.94532,,,,,,,1.55873,1.55331,2.99522
2000-04-20,,,,0.84812,0.87340,0.94560,,,,,,,1.55663,1.55271,2.99330
2000-04-24,,,,0.82382,0.87107,0.94648,,,,,,,1.56146,1.55478,2.99859
2000-04-25,,,,0.87941,0.87713,0.94322,,,,,,,1.55951,1.55419,2.99638
2000-04-26,,,,0.84933,0.87430,0.94520,,,,,,,1.54707,1.54891,2.97963
2000-04-27,,,,0.88700,0.87835,0.94313,,,,,,,,,
2000-04-28,,,,0.92102,0.88190,0.94139,,,,,,,1.54969,1.55027,2.98341
2000-05-01,,,,0.92953,0.88289,0.94114,,,,,,,1.57622,1.56215,3.01980
2000-05-02,,,,0.87606,0.87800,0.94431,,,,,,,1.59672,1.57162,3.04762
2000-05-03,,,,0.86634,0.87720,0.94511,,,,,,,1.59141,1.56874,3.03879
2000-05-04,,,,0.86817,0.87757,0.94523,,,,,,,1.59918,1.57382,3.05352
2000-05-05,,,,0.88882,0.87984,0.94423,,,,,,,1.59736,1.57250,3.04905
2000-05-08,,,,0.85419,0.87659,0.94647,,,,,,,1.60559,1.57923,3.06947
2000-05-09,,,,0.83597,0.87491,0.94780,,,,,,,1.61546,1.58800,3.09696
2000-05-10,,,,0.77521,0.86874,0.95180,,,,,,,1.62523,1.59668,3.12751
2000-05-11,,,,0.82260,0.87423,0.94630,,,,,,,1.64103,1.61069,3.18402
2000-05-12,,,,0.82260,0.87442,0.94654,,,,,,,1.64848,1.61731,3.21301
2000-05-15,,,,0.85844,0.87841,0.94253,,,,,,,1.64700,1.61603,3.20464
2000-05-16,,,,0.88275,0.88109,0.94003,,,,,,,1.65297,1.62135,3.23356
2000-05-17,,,,0.86452,0.87946,0.94227,,,,,,,1.65451,1.62275,3.24053
2000-05-18,,,,0.83354,0.87648,0.94599,,,,,,,1.66866,1.63528,3.32393
2000-05-19,,,,0.79405,0.87251,0.95085,,,,,,,1.66943,1.63599,3.32683
2000-05-22,,,,0.79344,0.87262,0.95115,,,,,,,1.65637,1.62451,3.23656
2000-05-23,,,,0.72722,0.86552,0.96157,,,,,,,1.65839,1.62633,3.24805
2000-05-24,,,,0.77278,0.87112,0.95143,,,,,,,1.68082,1.64616,3.39840
2000-05-25,,,,0.75577,0.86938,0.95529,,,,,,,1.68490,1.64979,3.42504
2000-05-26,,,,0.75577,0.86956,0.95553,,,,,,,1.68269,1.64788,3.40720
2000-05-30,,,,0.83171,0.87847,0.93575,,,,,,,1.67029,1.63699,3.31512
2000-05-31,,,,0.80802,0.87614,0.94095,,,,,,,1.65336,1.62209,3.19267
2000-06-01,,,,0.84933,0.88079,0.93223,,,,,,,1.66350,1.63108,3.26114
2000-06-02,,,,0.91009,0.88727,0.92201,,,,,,,1.67437,1.64072,3.33572
2000-06-05,,,,0.91236,0.88767,0.92199,,,,,,,1.67635,1.64249,3.34788
2000-06-06,,,,0.88700,0.88539,0.92430,,,,,,,1.67514,1.64147,3.33721
2000-06-07,,,,0.91069,0.88794,0.92281,,,,,,,1.65415,1.62299,3.18479
2000-06-08,,,,0.90644,0.88770,0.92324,,,,,,,1.66159,1.62960,3.23116
2000-06-09,,,,0.91130,0.88836,0.92328,,,,,,,1.66958,1.63669,3.28156
2000-06-12,,,,0.88214,0.88570,0.92410,,,,,,,1.67497,1.64148,3.31530
2000-06-13,,,,0.91616,0.88930,0.92359,,,,,,,1.68316,1.64875,3.36794
2000-06-14,,,,0.89551,0.88747,0.92394,,,,,,,1.68332,1.64892,3.36706
2000-06-15,,,,0.91130,0.88922,0.92409,,,,,,,1.68819,1.65325,3.39874
2000-06-16,,,,0.91616,0.88987,0.92432,,,,,,,1.67833,1.64460,3.32777
2000-06-19,,,,0.95261,0.89359,0.92511,,,,,,,1.66077,1.62915,3.20459
2000-06-20,,,,0.94897,0.89338,0.92517,,,,,,,1.66695,1.63464,3.24401
2000-06-21,,,,0.96112,0.89533,0.92603,,,,,,,1.68582,1.65133,3.36827
2000-06-22,,,,0.92588,0.88855,0.92358,,,,,,,1.70450,1.66784,3.48716
2000-06-23,,,,0.88943,0.88121,0.92092,,,,,,,1.69263,1.65743,3.40749
2000-06-26,,,,0.91373,0.88652,0.92308,,,,,,,1.68786,1.65326,3.37528
2000-06-27,,,,0.90280,0.88441,0.92241,,,,,,,1.70143,1.66525,3.45987
2000-06-28,,,,0.91373,0.88686,0.92347,,,,,,,1.69422,1.65894,3.41157
2000-06-29,,,,0.89080,0.88224,0.92185,,,,,,,1.70816,1.67126,3.49913
2000-06-30,,,,0.90826,0.88611,0.92346,,,,,,,1.69262,1.65761,3.39617
2000-07-03,,,,0.92588,0.88995,0.92505,,,,,,,,,
2000-07-05,,,,0.89004,0.88273,0.92244,,,,,,,1.64866,1.61891,3.11315
2000-07-06,,,,0.91373,0.88793,0.92457,,,,,,,1.62835,1.60100,3.03849
2000-07-07,,,,0.93256,0.89201,0.92626,,,,,,,1.64317,1.61415,3.08280
2000-07-10,,,,0.91844,0.88928,0.92536,,,,,,,1.64032,1.61167,3.07460
2000-07-11,,,,0.92345,0.89048,0.92596,,,,,,,1.64500,1.61583,3.08632
2000-07-12,,,,0.94532,0.89517,0.92788,,,,,,,1.64320,1.61428,3.08154
2000-07-13,,,,0.95747,0.89780,0.92901,,,,,,,1.66253,1.63021,3.12810
2000-07-14,,,,0.97813,0.90216,0.93109,,,,,,,1.65227,1.62201,3.10389
2000-07-17,,,,0.98907,0.90513,0.93257,,,,,,,1.64633,1.61735,3.08986
2000-07-18,,,,0.96719,0.89818,0.92946,,,,,,,1.67008,1.63562,3.14406
2000-07-19,,,,0.94532,0.89056,0.92603,,,,,,,1.65662,1.62543,3.11419
2000-07-20,,,,0.97570,0.90161,0.93133,,,,,,,1.65160,1.62170,3.10306
2000-07-21,,,,0.94289,0.89012,0.92610,,,,,,,1.63497,1.60937,3.06632
2000-07-24,,,,0.92345,0.88322,0.92298,,,,,,,1.61276,1.59450,3.02231
2000-07-25,,,,0.93074,0.88602,0.92442,,,,,,,1.60734,1.59168,3.01391
2000-07-26,,,,0.92953,0.88571,0.92439,,,,,,,1.60882,1.59245,3.01579
2000-07-27,,,,0.89307,0.87252,0.91831,,,,,,,1.61862,1.59593,3.02577
2000-07-28,,,,0.84447,0.85473,0.90988,,,,,,,1.62058,1.59675,3.02780
2000-07-31,,,,0.86938,0.86044,0.91264,,,,,,,1.60680,1.59337,3.01698
2000-08-01,,,,0.85784,0.85899,0.91209,,,,,,,1.61744,1.59572,3.02379
2000-08-02,,,,0.84265,0.85766,0.91185,,,,,,,1.63617,1.59927,3.03430
2000-08-03,,,,0.87910,0.86155,0.91148,,,,,,,1.63636,1.59962,3.03492
2000-08-04,,,,0.87606,0.86144,0.91175,,,,,,,1.65103,1.60244,3.04319
2000-08-07,,,,0.89672,0.86366,0.91155,,,,,,,1.63360,1.59981,3.03456
2000-08-08,,,,0.91495,0.86560,0.91142,,,,,,,1.64195,1.60155,3.03950
2000-08-09,,,,0.89064,0.86349,0.91211,,,,,,,1.65622,1.60427,3.04745
2000-08-10,,,,0.87303,0.86197,0.91269,,,,,,,1.67211,1.60788,3.05809
2000-08-11,,,,0.88518,0.86336,0.91267,,,,,,,1.67498,1.60894,3.06087
2000-08-14,,,,0.90401,0.86538,0.91251,,,,,,,1.67974,1.61099,3.06680
2000-08-15,,,,0.90401,0.86557,0.91274,,,,,,,1.67421,1.60844,3.05807
2000-08-16,,,,0.91312,0.86663,0.91278,,,,,,,1.68640,1.61516,3.07946
2000-08-17,,,,0.93074,0.86849,0.91267,,,,,,,1.69083,1.61794,3.08805
2000-08-18,,,,0.92588,0.86823,0.91298,,,,,,,1.69712,1.62235,3.10231
2000-08-21,,,,0.92831,0.86864,0.91317,,,,,,,1.71506,1.63635,3.15011
2000-08-22,,,,0.92831,0.86883,0.91339,,,,,,,1.69660,1.62054,3.09423
2000-08-23,,,,0.94350,0.87044,0.91398,,,,,,,1.71019,1.63227,3.13422
2000-08-24,,,,0.95808,0.87195,0.91490,,,,,,,1.70853,1.63088,3.12845
2000-08-25,,,,0.95292,0.87135,0.91466,,,,,,,1.71846,1.63945,3.16028
2000-08-28,,,,0.95747,0.87236,0.91534,,,,,,,1.73690,1.65532,3.22548
2000-08-29,,,,0.96233,0.87362,0.91617,,,,,,,1.74557,1.66280,3.25758
2000-08-30,,,,0.96112,0.87343,0.91615,,,,,,,1.76086,1.67595,3.32298
2000-08-31,,,,0.98785,0.88158,0.92118,,,,,,,1.76530,1.67979,3.34289
2000-09-01,,,,0.99757,0.88502,0.92332,,,,,,,1.76977,1.68366,3.36530
2000-09-05,,,,0.96719,0.87270,0.91594,,,,,,,1.78851,1.69975,3.47355
2000-09-06,,,,0.93317,0.85864,0.90746,,,,,,,1.79821,1.70808,3.53107
2000-09-07,,,,0.95383,0.86752,0.91301,,,,,,,1.80701,1.71565,3.58784
2000-09-08,,,,0.92467,0.85539,0.90567,,,,,,,1.78659,1.69824,3.44015
2000-09-11,,,,0.90219,0.84587,0.90025,,,,,,,1.81330,1.72113,3.62239
2000-09-12,,,,0.88821,0.84087,0.89757,,,,,,,1.80283,1.71223,3.54726
2000-09-13,,,,0.90887,0.84655,0.90089,,,,,,,1.78946,1.70084,3.45322
2000-09-14,,,,0.90401,0.84563,0.90047,,,,,,,1.79351,1.70435,3.47834
2000-09-15,,,,0.88761,0.84283,0.89897,,,,,,,1.80508,1.71427,3.55402
2000-09-18,,,,0.87363,0.84138,0.89821,,,,,,,1.81903,1.72625,3.64721
2000-09-19,,,,0.90583,0.84466,0.89905,,,,,,,1.81038,1.71889,3.58490
2000-09-20,,,,0.91981,0.84615,0.89953,,,,,,,1.80593,1.71513,3.55229
2000-09-21,,,,0.85298,0.84018,0.89847,,,,,,,1.79730,1.70780,3.49138
2000-09-22,,,,0.90340,0.84533,0.89794,,,,,,,1.77775,1.69112,3.35766
2000-09-25,,,,0.87941,0.84326,0.89849,,,,,,,1.77317,1.68723,3.32571
2000-09-26,,,,0.86938,0.84248,0.89886,,,,,,,1.77293,1.68707,3.32220
2000-09-27,,,,0.87060,0.84278,0.89903,,,,,,,1.77799,1.69145,3.35316
2000-09-28,,,,0.89004,0.84484,0.89823,,,,,,,1.74529,1.66349,3.13585
2000-09-29,,,,0.86270,0.84243,0.89986,,,,,,,1.75414,1.67112,3.17520
2000-10-02,,,,0.84326,0.84072,0.90140,,,,,,,1.77754,1.69122,3.27715
2000-10-03,,,,0.81653,0.83823,0.90444,,,,,,,1.77867,1.69223,3.28081
2000-10-04,,,,0.83232,0.84003,0.90207,,,,,,,1.76600,1.68143,3.22785
2000-10-05,,,,0.83475,0.84046,0.90187,,,,,,,1.74944,1.66728,3.15928
2000-10-06,,,,0.80680,0.83783,0.90786,,,,,,,1.74515,1.66364,3.14236
2000-10-09,,,,0.80316,0.83763,0.90906,,,,,,,1.76382,1.67969,3.20839
2000-10-10,,,,0.76124,0.83344,0.92241,,,,,,,1.79530,1.70672,3.31434
2000-10-11,,,,0.74909,0.83229,0.92751,,,,,,,1.81103,1.72021,3.36329
2000-10-12,,,,0.73026,0.83038,0.93735,,,,,,,1.85227,1.75551,3.49339
2000-10-13,,,,0.78979,0.83733,0.90167,,,,,,,1.81814,1.72644,3.38283
2000-10-16,,,,0.79708,0.83828,0.89873,,,,,,,1.78693,1.69981,3.28887
2000-10-17,,,,0.76063,0.83463,0.91502,,,,,,,1.78611,1.69915,3.28634
2000-10-18,,,,0.75820,0.83455,0.91647,,,,,,,1.77450,1.68925,3.25518
2000-10-19,,,,0.82685,0.84229,0.88445,,,,,,,1.75251,1.67045,3.19761
2000-10-20,,,,0.83900,0.84371,0.88101,,,,,,,1.76222,1.67882,3.21978
2000-10-23,,,,0.83779,0.84377,0.88162,,,,,,,1.77411,1.68906,3.24595
2000-10-24,,,,0.80194,0.84035,0.89130,,,,,,,1.76288,1.67945,3.22101
2000-10-25,,,,0.75699,0.83582,0.90403,,,,,,,1.73877,1.65954,3.16893
2000-10-26,,,,0.77643,0.83815,0.89852,,,,,,,1.73200,1.65467,3.15627
2000-10-27,,,,0.77491,0.83817,0.89923,,,,,,,1.71139,1.64156,3.12173
2000-10-30,,,,0.74620,0.83525,0.90781,,,,,,,1.70644,1.63913,3.11516
2000-10-31,,,,0.79420,0.84081,0.89273,,,,,,,1.71152,1.64131,3.12068
2000-11-01,,,,0.78736,0.84027,0.89502,,,,,,,1.72164,1.64473,3.12964
2000-11-02,,,,0.79708,0.84150,0.89239,,,,,,,1.72343,1.64548,3.13139
2000-11-03,,,,0.80741,0.84277,0.88963,,,,,,,1.73764,1.64929,3.14173
2000-11-06,,,,0.80134,0.84233,0.89167,,,,,,,1.73751,1.64957,3.14212
2000-11-07,,,,0.79830,0.84219,0.89284,,,,,,,1.75741,1.65476,3.15636
2000-11-08,,,,0.73588,0.83580,0.91149,,,,,,,1.76875,1.65783,3.16463
2000-11-09,,,,0.73572,0.83596,0.91182,,,,,,,1.77877,1.66050,3.17177
2000-11-10,,,,0.69745,0.83180,0.92458,,,,,,,1.77553,1.65973,3.16907
2000-11-13,,,,0.69851,0.83211,0.92443,,,,,,,1.78584,1.66375,3.18065
2000-11-14,,,,0.73724,0.83691,0.90696,,,,,,,1.80817,1.67388,3.21114
2000-11-15,,,,0.75213,0.83878,0.90091,,,,,,,1.83376,1.68780,3.25267
2000-11-16,,,,0.70838,0.83409,0.91938,,,,,,,1.80949,1.67177,3.20484
2000-11-17,,,,0.70793,0.83422,0.91988,,,,,,,1.83487,1.68935,3.25447
2000-11-20,,,,0.67907,0.83100,0.93317,,,,,,,1.84752,1.69899,3.28080
2000-11-21,,,,0.67801,0.83106,0.93403,,,,,,,1.85387,1.70428,3.29589
2000-11-22,,,,0.64763,0.82752,0.95204,,,,,,,1.86429,1.71294,3.32502
2000-11-24,,,,0.68469,0.83243,0.92619,,,,,,,,,
2000-11-27,,,,0.67619,0.83158,0.93205,,,,,,,1.86742,1.71558,3.33429
2000-11-28,,,,0.63624,0.82685,0.95886,,,,,,,1.83552,1.68924,3.21524
2000-11-29,,,,0.61179,0.82385,0.97690,,,,,,,1.83694,1.69046,3.21948
2000-11-30,,,,0.61224,0.82409,0.97684,,,,,,,1.84860,1.70016,3.25991
2000-12-01,,,,0.62211,0.82560,0.96805,,,,,,,1.82790,1.68306,3.18547
2000-12-04,,,,0.63184,0.82707,0.95937,,,,,,,1.85917,1.70902,3.29366
2000-12-05,,,,0.68712,0.83448,0.90831,,,,,,,1.83185,1.68645,3.20215
2000-12-06,,,,0.66100,0.83148,0.92549,,,,,,,1.89226,1.73655,3.37981
2000-12-07,,,,0.64642,0.82982,0.93579,,,,,,,1.87741,1.72432,3.34483
2000-12-08,,,,0.66100,0.83187,0.92581,,,,,,,1.87603,1.72323,3.34138
2000-12-11,,,,0.72297,0.83984,0.88368,,,,,,,1.92633,1.76485,3.45842
2000-12-12,,,,0.69654,0.83695,0.89541,,,,,,,1.87962,1.72638,3.34823
2000-12-13,,,,0.66814,0.83371,0.90855,,,,,,,1.84965,1.70164,3.28310
2000-12-14,,,,0.63548,0.82982,0.92448,,,,,,,1.82755,1.68338,3.23837
2000-12-15,,,,0.62090,0.82808,0.93222,,,,,,,1.86113,1.71125,3.30125
2000-12-18,,,,0.62211,0.82842,0.93182,,,,,,,1.87668,1.72417,3.32881
2000-12-19,,,,0.57473,0.82228,0.96083,,,,,,,1.88066,1.72750,3.33586
2000-12-20,,,,0.54177,0.81773,0.98549,,,,,,,1.85539,1.70665,3.29111
2000-12-21,,,,0.54496,0.81836,0.98278,,,,,,,1.86151,1.71175,3.30194
2000-12-22,,,,0.58809,0.82499,0.93873,,,,,,,1.85461,1.70607,3.28973
2000-12-26,,,,0.59174,0.82567,0.93607,,,,,,,1.86898,1.71801,3.31518
2000-12-27,,,,0.59842,0.82676,0.93097,,,,,,,1.87874,1.72612,3.33246
2000-12-28,,,,0.59721,0.82677,0.93226,,,,,,,1.87294,1.72136,3.32219
2000-12-29,,,,0.56744,0.82281,0.95637,,,,,,,1.90739,1.74989,3.38319
2001-01-02,,,,0.51944,0.81602,0.99882,,,,,,,1.85519,1.70684,3.29051
2001-01-03,,,,0.60693,0.82993,0.90665,,,,,,,1.85651,1.70796,3.29283
2001-01-04,,,,0.59599,0.82859,0.91202,,,,,,,1.88620,1.73259,3.34503
2001-01-05,,,,0.55043,0.82240,0.93413,,,,,,,1.89601,1.74073,3.36214
2001-01-08,,,,0.55650,0.82345,0.93114,,,,,,,1.91020,1.75249,3.38691
2001-01-09,,,,0.55650,0.82360,0.93138,,,,,,,1.91765,1.75867,3.39984
2001-01-10,,,,0.58505,0.82798,0.91582,,,,,,,1.92578,1.76542,3.41439
2001-01-11,,,,0.60207,0.83054,0.90726,,,,,,,1.91255,1.75454,3.38757
2001-01-12,,,,0.60981,0.83176,0.90364,,,,,,,1.91783,1.75893,3.39839
2001-01-16,,,,0.60252,0.83093,0.90747,,,,,,,1.90201,1.74591,3.36279
2001-01-17,,,,0.62090,0.83361,0.89856,,,,,,,1.87990,1.72769,3.31323
2001-01-18,,,,0.64702,0.83727,0.88646,,,,,,,1.90230,1.74625,3.36293
2001-01-19,,,,0.64459,0.83711,0.88767,,,,,,,1.92274,1.76317,3.40839
2001-01-22,,,,0.64520,0.83734,0.88766,,,,,,,1.92735,1.76701,3.41849
2001-01-23,,,,0.65872,0.83925,0.88260,,,,,,,1.90917,1.75205,3.37670
2001-01-24,,,,0.65249,0.83861,0.88507,,,,,,,1.89776,1.74266,3.35046
2001-01-25,,,,0.62697,0.83549,0.89455,,,,,,,1.90157,1.74584,3.35894
2001-01-26,,,,0.63715,0.83699,0.89090,,,,,,,1.90542,1.74906,3.36747
2001-01-29,,,,0.65128,0.83900,0.88584,,,,,,,1.87399,1.72313,3.29379
2001-01-30,,,,0.64885,0.83883,0.88694,,,,,,,1.87766,1.72620,3.30212
2001-01-31,,,,0.62503,0.83590,0.89586,,,,,,,1.86146,1.71283,3.26411
2001-02-01,,,,0.63329,0.83715,0.89291,,,,,,,1.89675,1.74206,3.34084
2001-02-02,,,,0.59830,0.83267,0.90632,,,,,,,1.92771,1.76668,3.40134
2001-02-05,,,,0.59781,0.83275,0.90673,,,,,,,1.89312,1.73932,3.33335
2001-02-06,,,,0.59879,0.83303,0.90654,,,,,,,1.89270,1.73904,3.33256
2001-02-07,,,,0.58906,0.83183,0.91123,,,,,,,1.90873,1.75170,3.36182
2001-02-08,,,,0.57147,0.82949,0.92065,,,,,,,1.90487,1.74871,3.35474
2001-02-09,,,,0.54824,0.82626,0.93518,,,,,,,1.89292,1.73937,3.33288
2001-02-12,,,,0.55485,0.82741,0.93049,,,,,,,1.87973,1.72902,3.30876
2001-02-13,,,,0.53706,0.82490,0.94476,,,,,,,1.88488,1.73301,3.31814
2001-02-14,,,,0.55845,0.82833,0.92511,,,,,,,1.87302,1.72418,3.29646
2001-02-15,,,,0.56768,0.82984,0.91727,,,,,,,1.85799,1.71358,3.26884
2001-02-16,,,,0.53589,0.82534,0.94477,,,,,,,1.86548,1.71841,3.28144
2001-02-20,,,,0.51509,0.82228,0.96447,,,,,,,1.85723,1.71359,3.26816
2001-02-21,,,,0.50061,0.82012,0.98065,,,,,,,1.84988,1.70967,3.25708
2001-02-22,,,,0.49575,0.81946,0.98726,,,,,,,1.84727,1.70850,3.25353
2001-02-23,,,,0.49750,0.81989,0.98510,,,,,,,1.85203,1.71071,3.25959
2001-02-26,,,,0.50693,0.82158,0.97186,,,,,,,1.84710,1.70889,3.25392
2001-02-27,,,,0.47631,0.81676,1.01513,,,,,,,1.85306,1.71122,3.26060
2001-02-28,,,,0.46124,0.81431,1.03895,,,,,,,,,
2001-03-01,,,,0.47436,0.81677,1.01766,,,,,,,1.85779,1.71304,3.26582
2001-03-02,,,,0.45395,0.81339,1.05003,,,,,,,1.86448,1.71552,3.27309
2001-03-05,,,,0.46221,0.81501,1.03639,,,,,,,1.88153,1.72153,3.29122
2001-03-06,,,,0.48019,0.81831,1.00722,,,,,,,1.87999,1.72121,3.28985
2001-03-07,,,,0.48039,0.81848,1.00724,,,,,,,1.88591,1.72342,3.29627
2001-03-08,,,,0.47145,0.81709,1.02127,,,,,,,1.87157,1.71876,3.28130
2001-03-09,,,,0.43840,0.81150,1.07432,,,,,,,1.86445,1.71654,3.27398
2001-03-12,,,,0.41118,0.80659,1.12377,,,,,,,1.86438,1.71671,3.27413
2001-03-13,,,,0.43208,0.81082,1.08206,,,,,,,1.85150,1.71251,3.26066
2001-03-14,,,,0.42527,0.80967,1.09473,,,,,,,1.81898,1.70149,3.22593
2001-03-15,,,,0.40972,0.80684,1.12407,,,,,,,1.80637,1.69826,3.21544
2001-03-16,,,,0.40049,0.80515,1.14276,,,,,,,1.79907,1.69762,3.21270
2001-03-19,,,,0.42051,0.80930,1.10171,,,,,,,1.79251,1.69727,3.21328
2001-03-20,,,,0.39222,0.80398,1.15573,,,,,,,1.79535,1.69780,3.21224
2001-03-21,,,,0.39222,0.80410,1.15606,,,,,,,1.79995,1.69849,3.20891
2001-03-22,,,,0.41604,0.80910,1.10618,,,,,,,1.79136,1.69794,3.21874
2001-03-23,,,,0.41604,0.80923,1.10649,,,,,,,1.81138,1.70009,3.19228
2001-03-26,,,,0.40642,0.80748,1.12456,,,,,,,1.82099,1.70124,3.18033
2001-03-27,,,,0.42041,0.81038,1.09802,,,,,,,1.83692,1.70299,3.16008
2001-03-28,,,,0.38591,0.80385,1.16083,,,,,,,1.79924,1.69975,3.21031
2001-03-29,,,,0.37862,0.80245,1.17607,,,,,,,1.79549,1.69966,3.21604
2001-03-30,,,,0.38056,0.80298,1.17229,,,,,,,1.77415,1.69789,3.24446
2001-04-02,,,,0.36355,0.79951,1.20825,,,,,,,1.76693,1.69745,3.25465
2001-04-03,,,,0.33691,0.79377,1.26878,,,,,,,1.78230,1.69917,3.23122
2001-04-04,,,,0.33098,0.79249,1.28430,,,,,,,1.81053,1.70210,3.18765
2001-04-05,,,,0.36267,0.80019,1.20098,,,,,,,1.81945,1.70319,3.17492
2001-04-06,,,,0.34945,0.79738,1.22859,,,,,,,1.80797,1.70235,3.19308
2001-04-09,,,,0.36015,0.79993,1.20545,,,,,,,1.81732,1.70346,3.17992
2001-04-10,,,,0.38688,0.80598,1.14993,,,,,,,1.83776,1.70561,3.15242
2001-04-11,,,,0.39854,0.80852,1.12915,,,,,,,1.83703,1.70579,3.15383
2001-04-12,,,,0.41604,0.81219,1.09931,,,,,,,1.84113,1.70641,3.15079
2001-04-16,,,,0.39125,0.80746,1.13940,,,,,,,1.85918,1.70832,3.13830
2001-04-17,,,,0.40097,0.80959,1.12249,,,,,,,1.84484,1.70725,3.14460
2001-04-18,,,,0.44277,0.81814,1.05170,,,,,,,,,
2001-04-19,,,,0.46950,0.82319,1.02091,,,,,,,1.83522,1.70659,3.14792
2001-04-20,,,,0.47047,0.82346,1.02021,,,,,,,1.82642,1.70600,3.15088
2001-04-23,,,,0.43888,0.81804,1.04856,,,,,,,1.82116,1.70573,3.15286
2001-04-24,,,,0.43062,0.81661,1.05671,,,,,,,1.80933,1.70485,3.15669
2001-04-25,,,,0.43840,0.81820,1.04926,,,,,,,1.81331,1.70545,3.15612
2001-04-26,,,,0.42722,0.81622,1.06024,,,,,,,1.83432,1.70766,3.15079
2001-04-27,,,,0.43888,0.81856,1.04882,,,,,,,1.82878,1.70737,3.15287
2001-04-30,,,,0.44860,0.82048,1.03970,,,,,,,1.83568,1.70825,3.15152
2001-05-01,,,,0.46707,0.82397,1.02270,,,,,,,1.84724,1.70956,3.14889
2001-05-02,,,,0.47611,0.82568,1.01524,,,,,,,1.83193,1.70837,3.15363
2001-05-03,,,,0.45492,0.82211,1.03213,,,,,,,1.84339,1.70967,3.15096
2001-05-04,,,,0.46853,0.82468,1.02093,,,,,,,1.84197,1.70976,3.15174
2001-05-07,,,,0.45881,0.82308,1.02865,,,,,,,1.82832,1.70872,3.15443
2001-05-08,,,,0.46853,0.82493,1.02111,,,,,,,1.82392,1.70853,3.15564
2001-05-09,,,,0.45249,0.82221,1.03373,,,,,,,1.83018,1.70934,3.15512
2001-05-10,,,,0.44491,0.82094,1.04009,,,,,,,1.83084,1.70962,3.15551
2001-05-11,,,,0.44277,0.82065,1.04207,,,,,,,1.82666,1.70946,3.15669
2001-05-14,,,,0.43567,0.81945,1.04820,,,,,,,1.82801,1.70980,3.15697
2001-05-15,,,,0.43888,0.82015,1.04559,,,,,,,1.83663,1.71083,3.15607
2001-05-16,,,,0.45832,0.82389,1.02825,,,,,,,1.83668,1.71104,3.15654
2001-05-17,,,,0.46561,0.82530,1.02225,,,,,,,1.84476,1.71201,3.15571
2001-05-18,,,,0.46698,0.82565,1.02131,,,,,,,1.87532,1.71506,3.15099
2001-05-21,,,,0.49623,0.83093,0.99725,,,,,,,1.86672,1.71447,3.14977
2001-05-22,,,,0.49478,0.83079,0.99843,,,,,,,1.85658,1.71347,3.14599
2001-05-23,,,,0.47290,0.82722,1.01288,,,,,,,1.85222,1.71307,3.14421
2001-05-24,,,,0.48505,0.82945,1.00476,,,,,,,1.83478,1.71073,3.13570
2001-05-25,,,,0.47621,0.82805,1.01055,,,,,,,1.81923,1.70865,3.12809
2001-05-28,,,,,,,,,,,,,1.82033,1.70898,3.12885
2001-05-29,,,,0.44831,0.82330,1.02887,,,,,,,1.80764,1.70776,3.12402
2001-05-30,,,,0.43188,0.82039,1.04061,,,,,,,1.79896,1.70716,3.12370
2001-05-31,,,,0.43480,0.82105,1.03864,,,,,,,1.79741,1.70723,3.12446
2001-06-01,,,,0.44763,0.82358,1.02883,,,,,,,1.79923,1.70762,3.12369
2001-06-04,,,,0.44549,0.82329,1.03064,,,,,,,1.79285,1.70724,3.12970
2001-06-05,,,,0.46513,0.82702,1.01501,,,,,,,1.79553,1.70771,3.12725
2001-06-06,,,,0.46153,0.82649,1.01794,,,,,,,1.78816,1.70722,3.13734
2001-06-07,,,,0.47339,0.82872,1.00902,,,,,,,1.78558,1.70719,3.14191
2001-06-08,,,,0.46027,0.82652,1.01896,,,,,,,1.80066,1.70885,3.11688
2001-06-11,,,,0.44763,0.82436,1.02889,,,,,,,1.80913,1.70987,3.10340
2001-06-12,,,,0.44520,0.82401,1.03103,,,,,,,1.81816,1.71094,3.08912
2001-06-13,,,,0.43305,0.82187,1.04107,,,,,,,1.81074,1.71045,3.10227
2001-06-14,,,,0.41069,0.81773,1.06180,,,,,,,1.81257,1.71083,3.10007
2001-06-15,,,,0.41410,0.81850,1.05829,,,,,,,1.78888,1.70881,3.14049
2001-06-18,,,,0.40855,0.81751,1.06498,,,,,,,1.77999,1.70817,3.15657
2001-06-19,,,,0.40651,0.81720,1.06787,,,,,,,1.78187,1.70856,3.15404
2001-06-20,,,,0.41575,0.81916,1.05467,,,,,,,1.74409,1.70514,3.22585
2001-06-21,,,,0.42139,0.82037,1.04694,,,,,,,1.74490,1.70543,3.22466
2001-06-22,,,,0.42041,0.82028,1.04850,,,,,,,1.74054,1.70521,3.23648
2001-06-25,,,,0.42148,0.82059,1.04718,,,,,,,1.73918,1.70528,3.24147
2001-06-26,,,,0.42294,0.82097,1.04525,,,,,,,1.74382,1.70595,3.22595
2001-06-27,,,,0.42566,0.82160,1.04142,,,,,,,1.71938,1.70376,3.32008
2001-06-28,,,,0.43111,0.82275,1.03358,,,,,,,1.71068,1.70312,3.35570
2001-06-29,,,,0.44423,0.82536,1.01474,,,,,,,1.72585,1.70485,3.29023
2001-07-02,,,,0.44180,0.82502,1.01834,,,,,,,1.72556,1.70504,3.29284
2001-07-03,,,,0.44365,0.82547,1.01599,,,,,,,1.72745,1.70544,3.28579
2001-07-05,,,,0.42236,0.82161,1.04578,,,,,,,1.73519,1.70642,3.25116
2001-07-06,,,,0.40486,0.81831,1.07196,,,,,,,1.75566,1.70865,3.15697
2001-07-09,,,,0.40836,0.81912,1.06665,,,,,,,1.75182,1.70850,3.17544
2001-07-10,,,,0.39368,0.81628,1.08984,,,,,,,1.75440,1.70896,3.16553
2001-07-11,,,,0.39854,0.81739,1.08177,,,,,,,1.76161,1.70988,3.13539
2001-07-12,,,,0.42382,0.82268,1.03776,,,,,,,1.77954,1.71184,3.06224
2001-07-13,,,,0.41944,0.82193,1.04432,,,,,,,1.76325,1.71049,3.11828
2001-07-16,,,,0.41166,0.82051,1.05599,,,,,,,1.74528,1.70896,3.17786
2001-07-17,,,,0.42090,0.82246,1.04223,,,,,,,1.76169,1.71078,3.12425
2001-07-18,,,,0.40486,0.81943,1.06592,,,,,,,1.73911,1.70880,3.19290
2001-07-19,,,,0.41448,0.82148,1.05118,,,,,,,1.72937,1.70806,3.22376
2001-07-20,,,,0.40486,0.81967,1.06583,,,,,,,1.73013,1.70834,3.22258
2001-07-23,,,,0.39475,0.81772,1.08178,,,,,,,1.73249,1.70879,3.21636
2001-07-24,,,,0.39028,0.81690,1.08924,,,,,,,1.73640,1.70938,3.20490
2001-07-25,,,,0.39368,0.81771,1.08359,,,,,,,1.75326,1.71126,3.15017
2001-07-26,,,,0.39951,0.81903,1.07351,,,,,,,1.75150,1.71130,3.15708
2001-07-27,,,,0.40778,0.82082,1.05945,,,,,,,1.75796,1.71214,3.13734
2001-07-30,,,,0.40535,0.82043,1.06376,,,,,,,1.74636,1.71122,3.17580
2001-07-31,,,,0.40593,0.82065,1.06301,,,,,,,1.74793,1.71159,3.17188
2001-08-01,,,,0.41896,0.82339,1.04126,,,,,,,1.74340,1.71136,3.18789
2001-08-02,,,,0.42683,0.82504,1.02888,,,,,,,1.75098,1.71231,3.16417
2001-08-03,,,,0.41973,0.82377,1.04002,,,,,,,1.74113,1.71156,3.19739
2001-08-06,,,,0.41312,0.82257,1.05060,,,,,,,1.74493,1.71214,3.18607
2001-08-07,,,,0.41098,0.82225,1.05426,,,,,,,1.75192,1.71304,3.16433
2001-08-08,,,,0.39368,0.81888,1.08252,,,,,,,1.74764,1.71283,3.17942
2001-08-09,,,,0.39533,0.81933,1.07989,,,,,,,1.75657,1.71391,3.15142
2001-08-10,,,,0.39154,0.81864,1.08665,,,,,,,1.76583,1.71502,3.12263
2001-08-13,,,,0.39951,0.82041,1.07260,,,,,,,1.77100,1.71573,3.10757
2001-08-14,,,,0.39465,0.81951,1.08125,,,,,,,1.77206,1.71604,3.10549
2001-08-15,,,,0.38007,0.81658,1.10807,,,,,,,1.77124,1.71616,3.10846
2001-08-16,,,,0.38455,0.81763,1.09932,,,,,,,1.76138,1.71541,3.13304
2001-08-17,,,,0.36705,0.81401,1.13510,,,,,,,1.75601,1.71509,3.14707
2001-08-20,,,,0.37210,0.81523,1.12395,,,,,,,1.74039,1.71377,3.18627
2001-08-21,,,,0.35665,0.81194,1.15935,,,,,,,1.74773,1.71469,3.16891
2001-08-22,,,,0.36637,0.81425,1.13463,,,,,,,1.74211,1.71434,3.18382
2001-08-23,,,,0.36277,0.81354,1.14369,,,,,,,1.74771,1.71510,3.17083
2001-08-24,,,,0.38202,0.81796,1.09447,,,,,,,1.74765,1.71530,3.17197
2001-08-27,,,,0.38250,0.81816,1.09368,,,,,,,1.74648,1.71539,3.17587
2001-08-28,,,,0.37055,0.81570,1.11965,,,,,,,1.74626,1.71557,3.17738
2001-08-29,,,,0.36510,0.81460,1.13229,,,,,,,1.75181,1.71632,3.16424
2001-08-30,,,,0.35159,0.81168,1.16407,,,,,,,1.73186,1.71457,3.21554
2001-08-31,,,,0.35606,0.81281,1.15319,,,,,,,1.74740,1.71631,3.17265
2001-09-03,,,,,,,,,,,,,1.74721,1.71649,3.17423
2001-09-04,,,,0.34479,0.81033,1.18159,,,,,,,1.73293,1.71530,3.21473
2001-09-05,,,,0.34343,0.81011,1.18566,,,,,,,,,
2001-09-06,,,,0.32953,0.80692,1.22761,,,,,,,1.73024,1.71523,3.22351
2001-09-07,,,,0.32758,0.80654,1.23418,,,,,,,1.73798,1.71619,3.20056
2001-09-10,,,,0.33147,0.80759,1.22166,,,,,,,1.73034,1.71564,3.22496
2001-09-14,,,,,,,,,,,,,1.77561,1.72028,3.07715
2001-09-17,,,,0.30328,0.80079,1.31346,,,,,,,1.76133,1.71905,3.10521
2001-09-18,,,,0.29648,0.79907,1.33873,,,,,,,1.73031,1.71618,3.16200
2001-09-19,,,,0.29132,0.79774,1.35869,,,,,,,1.70253,1.71355,3.21262
2001-09-20,,,,0.28160,0.79514,1.39741,,,,,,,1.69609,1.71304,3.22511
2001-09-21,,,,0.27402,0.79306,1.42959,,,,,,,1.68495,1.71205,3.24682
2001-09-24,,,,0.28783,0.79712,1.36867,,,,,,,1.61461,1.70504,3.41517
2001-09-25,,,,0.28870,0.79743,1.36541,,,,,,,1.60710,1.70439,3.43478
2001-09-26,,,,0.27869,0.79473,1.40544,,,,,,,1.62563,1.70650,3.38525
2001-09-27,,,,0.27684,0.79427,1.41350,,,,,,,1.62762,1.70685,3.38019
2001-09-28,,,,0.28170,0.79573,1.39289,,,,,,,1.62847,1.70708,3.37817
2001-10-01,,,,0.27927,0.79511,1.40323,,,,,,,1.62472,1.70683,3.39116
2001-10-02,,,,0.28015,0.79543,1.39976,,,,,,,1.61333,1.70577,3.43255
2001-10-03,,,,0.30134,0.80150,1.31098,,,,,,,1.60436,1.70496,3.46841
2001-10-04,,,,0.30425,0.80234,1.30104,,,,,,,1.61907,1.70665,3.40577
2001-10-05,,,,0.30872,0.80358,1.28597,,,,,,,1.61014,1.70584,3.44408
2001-10-08,,,,0.30970,0.80390,1.28293,,,,,,,1.60982,1.70594,3.44625
2001-10-09,,,,0.30221,0.80202,1.30790,,,,,,,1.60137,1.70518,3.48788
2001-10-10,,,,0.31592,0.80572,1.26071,,,,,,,1.59838,1.70499,3.50405
2001-10-11,,,,0.33730,0.81123,1.19265,,,,,,,1.60789,1.70614,3.45343
2001-10-12,,,,0.33584,0.81095,1.19633,,,,,,,1.58307,1.70364,3.58858
2001-10-15,,,,0.33439,0.81066,1.19993,,,,,,,1.56282,1.70160,3.70504
2001-10-16,,,,0.33983,0.81204,1.18745,,,,,,,1.56777,1.70227,3.67600
2001-10-17,,,,0.31543,0.80628,1.24086,,,,,,,1.56964,1.70260,3.66541
2001-10-18,,,,0.32399,0.80852,1.22159,,,,,,,1.55130,1.70074,3.78334
2001-10-19,,,,0.32612,0.80912,1.21719,,,,,,,1.55859,1.70167,3.73581
2001-10-22,,,,0.33487,0.81135,1.19885,,,,,,,1.55006,1.70088,3.79329
2001-10-23,,,,0.33662,0.81184,1.19557,,,,,,,1.54743,1.70072,3.81262
2001-10-24,,,,0.34391,0.81366,1.18167,,,,,,,1.55554,1.70174,3.75607
2001-10-25,,,,0.35772,0.81699,1.15718,,,,,,,1.55351,1.70164,3.77143
2001-10-26,,,,0.35004,0.81529,1.16882,,,,,,,1.55667,1.70212,3.74974
2001-10-29,,,,0.33089,0.81089,1.19761,,,,,,,1.56181,1.70281,3.71349
2001-10-30,,,,0.32447,0.80938,1.20791,,,,,,,1.56162,1.70291,3.71598
2001-10-31,,,,0.32953,0.81070,1.19982,,,,,,,1.55105,1.70188,3.79592
2001-11-01,,,,0.34352,0.81420,1.17766,,,,,,,1.54035,1.70083,3.88027
2001-11-02,,,,0.34605,0.81486,1.17400,,,,,,,1.52954,1.69975,3.96925
2001-11-05,,,,0.35733,0.81757,1.15741,,,,,,,1.52446,1.69931,4.01355
2001-11-06,,,,0.37123,0.82080,1.13934,,,,,,,1.51814,1.69871,4.07036
2001-11-07,,,,0.37074,0.82075,1.13996,,,,,,,1.52552,1.69965,4.00396
2001-11-08,,,,0.36695,0.81996,1.14392,,,,,,,1.54427,1.70184,3.83692
2001-11-09,,,,0.36676,0.81997,1.14422,,,,,,,1.57363,1.70519,3.58823
2001-11-12,,,,0.36938,0.82061,1.14181,,,,,,,1.56134,1.70397,3.67829
2001-11-13,,,,0.38260,0.82360,1.12980,,,,,,,1.58202,1.70633,3.52428
2001-11-14,,,,0.38532,0.82424,1.12779,,,,,,,1.55520,1.70355,3.70153
2001-11-15,,,,0.38377,0.82396,1.12896,,,,,,,1.51582,1.69935,3.96059
2001-11-16,,,,0.38270,0.82379,1.12974,,,,,,,1.53639,1.70178,3.82704
2001-11-19,,,,0.39358,0.82619,1.12324,,,,,,,1.53801,1.70207,3.81836
2001-11-20,,,,0.37541,0.82243,1.13263,,,,,,,1.54448,1.70290,3.78095
2001-11-21,,,,0.37346,0.82206,1.13378,,,,,,,1.54341,1.70290,3.78816
2001-11-23,,,,0.38182,0.82396,1.12934,,,,,,,,,
2001-11-26,,,,0.39125,0.82605,1.12446,,,,,,,1.53436,1.70202,3.84226
2001-11-27,,,,0.39077,0.82600,1.12480,,,,,,,1.55019,1.70389,3.74832
2001-11-28,,,,0.37667,0.82308,1.13146,,,,,,,1.53768,1.70263,3.82169
2001-11-29,,,,0.38834,0.82568,1.12588,,,,,,,1.53500,1.70244,3.83849
2001-11-30,,,,0.38542,0.82511,1.12733,,,,,,,1.56282,1.70563,3.66982
2001-12-03,,,,0.37881,0.82374,1.13055,,,,,,,1.56517,1.70599,3.65775
2001-12-04,,,,0.39689,0.82773,1.12191,,,,,,,1.54711,1.70413,3.75675
2001-12-05,,,,0.41652,0.83187,1.11419,,,,,,,1.54016,1.70347,3.79644
2001-12-06,,,,0.41711,0.83204,1.11412,,,,,,,1.52174,1.70154,3.90190
2001-12-07,,,,0.40564,0.82980,1.11580,,,,,,,1.52511,1.70202,3.88282
2001-12-10,,,,0.39854,0.82840,1.11671,,,,,,,1.50876,1.70029,3.97941
2001-12-11,,,,0.40078,0.82891,1.11652,,,,,,,1.51078,1.70062,3.96711
2001-12-12,,,,0.40399,0.82963,1.11622,,,,,,,1.50519,1.70009,4.00531
2001-12-13,,,,0.38649,0.82608,1.11834,,,,,,,1.50284,1.69993,4.02323
2001-12-14,,,,0.38989,0.82686,1.11800,,,,,,,1.52965,1.70306,3.81933
2001-12-17,,,,0.39660,0.82833,1.11727,,,,,,,1.52805,1.70299,3.83112
2001-12-18,,,,0.40107,0.82932,1.11681,,,,,,,1.53173,1.70350,3.80703
2001-12-19,,,,0.39378,0.82786,1.11775,,,,,,,1.53070,1.70349,3.81488
2001-12-20,,,,0.37706,0.82439,1.11983,,,,,,,1.52348,1.70278,3.86477
2001-12-21,,,,0.38377,0.82591,1.11906,,,,,,,1.53522,1.70420,3.78472
2001-12-24,,,,0.38221,0.82562,1.11937,,,,,,,,,
2001-12-26,,,,0.38581,0.82645,1.11866,,,,,,,1.56249,1.70733,3.60219
2001-12-27,,,,0.38892,0.82717,1.11798,,,,,,,1.55231,1.70632,3.65831
2001-12-28,,,,0.39203,0.82788,1.11729,,,,,,,1.54467,1.70559,3.70068
2001-12-31,,,,0.37823,0.82501,1.12078,,,,,,,1.53169,1.70426,3.77335
2002-01-02,,,,0.38989,0.82761,1.11720,,,,,,,1.54642,1.70600,3.69034
2002-01-03,,,,0.40340,0.83053,1.11317,,,,,,,1.54210,1.70563,3.71482
2002-01-04,,,,0.40505,0.83092,1.11277,,,,,,,1.57352,1.70920,3.54132
2002-01-07,,,,0.40058,0.83005,1.11416,,,,,,,1.58938,1.71103,3.47695
2002-01-08,,,,0.40331,0.83066,1.11344,,,,,,,1.58452,1.71061,3.49463
2002-01-09,,,,0.39961,0.82995,1.11460,,,,,,,1.57535,1.70972,3.52635
2002-01-10,,,,0.40224,0.83054,1.11390,,,,,,,1.57255,1.70951,3.53636
2002-01-11,,,,0.39708,0.82953,1.11546,,,,,,,1.56744,1.70905,3.55420
2002-01-14,,,,0.38843,0.82776,1.11807,,,,,,,1.55157,1.70742,3.60891
2002-01-15,,,,0.39213,0.82860,1.11704,,,,,,,1.55383,1.70776,3.60155
2002-01-16,,,,0.37696,0.82544,1.12162,,,,,,,1.56875,1.70950,3.55006
2002-01-17,,,,0.38542,0.82734,1.11908,,,,,,,1.53893,1.70635,3.65220
2002-01-18,,,,0.37512,0.82518,1.12225,,,,,,,1.52790,1.70522,3.69221
2002-01-22,,,,0.36355,0.82268,1.12701,,,,,,,1.51790,1.70421,3.72900
2002-01-23,,,,0.37356,0.82499,1.12120,,,,,,,1.52526,1.70513,3.70056
2002-01-24,,,,0.37852,0.82614,1.11839,,,,,,,1.53130,1.70591,3.67605
2002-01-25,,,,0.37745,0.82596,1.11910,,,,,,,1.53336,1.70624,3.66775
2002-01-28,,,,0.37959,0.82647,1.11784,,,,,,,1.51727,1.70456,3.74039
2002-01-29,,,,0.36919,0.82426,1.12461,,,,,,,1.51349,1.70424,3.75900
2002-01-30,,,,0.37201,0.82494,1.12260,,,,,,,1.50498,1.70338,3.80448
2002-01-31,,,,0.37434,0.82551,1.12089,,,,,,,1.52133,1.70534,3.70908
2002-02-01,,,,0.37074,0.82477,1.12375,,,,,,,1.54362,1.70794,3.58290
2002-02-04,,,,0.35888,0.82218,1.13360,,,,,,,1.53843,1.70747,3.60941
2002-02-05,,,,0.35295,0.82087,1.13966,,,,,,,1.54184,1.70796,3.59310
2002-02-06,,,,0.35052,0.82036,1.14269,,,,,,,1.53161,1.70693,3.64480
2002-02-07,,,,0.34207,0.81843,1.15438,,,,,,,1.53541,1.70746,3.62623
2002-02-08,,,,0.35159,0.82076,1.13880,,,,,,,1.55137,1.70933,3.54635
2002-02-11,,,,0.35606,0.82185,1.13183,,,,,,,1.56730,1.71119,3.47254
2002-02-12,,,,0.35315,0.82123,1.13647,,,,,,,1.56331,1.71086,3.48910
2002-02-13,,,,0.35917,0.82268,1.12697,,,,,,,1.57123,1.71184,3.45858
2002-02-14,,,,0.35849,0.82257,1.12815,,,,,,,1.56218,1.71095,3.49207
2002-02-15,,,,0.34780,0.82017,1.14495,,,,,,,1.56013,1.71083,3.50009
2002-02-19,,,,0.33711,0.81770,1.16263,,,,,,,1.55119,1.70996,3.53300
2002-02-20,,,,0.34168,0.81886,1.15391,,,,,,,1.54654,1.70955,3.55069
2002-02-21,,,,0.32544,0.81502,1.18556,,,,,,,1.55721,1.71084,3.51189
2002-02-22,,,,0.32710,0.81548,1.18203,,,,,,,1.55419,1.71061,3.52347
2002-02-25,,,,0.34032,0.81883,1.15087,,,,,,,1.53219,1.70830,3.60447
2002-02-26,,,,0.33905,0.81857,1.15376,,,,,,,1.54922,1.71030,3.54056
2002-02-27,,,,0.33439,0.81750,1.16414,,,,,,,1.55740,1.71131,3.51109
2002-02-28,,,,0.32836,0.81608,1.17781,,,,,,,1.56068,1.71178,3.49982
2002-03-01,,,,0.34741,0.82086,1.13341,,,,,,,1.58602,1.71466,3.40850
2002-03-04,,,,0.36112,0.82415,1.10893,,,,,,,1.59550,1.71580,3.38377
2002-03-05,,,,0.36374,0.82480,1.10533,,,,,,,1.60825,1.71728,3.35534
2002-03-06,,,,0.36549,0.82525,1.10314,,,,,,,1.61727,1.71835,3.33966
2002-03-07,,,,0.36627,0.82548,1.10228,,,,,,,1.64475,1.72137,3.30390
2002-03-08,,,,0.37589,0.82770,1.09118,,,,,,,1.65365,1.72241,3.29900
2002-03-11,,,,0.37453,0.82745,1.09259,,,,,,,1.68015,1.72521,3.29979
2002-03-12,,,,0.36938,0.82637,1.09733,,,,,,,1.67946,1.72510,3.29931
2002-03-13,,,,0.36044,0.82442,1.10540,,,,,,,1.66934,1.72225,3.29048
2002-03-14,,,,0.35830,0.82399,1.10747,,,,,,,1.68095,1.72645,3.30302
2002-03-15,,,,0.36190,0.82487,1.10424,,,,,,,1.69084,1.73078,3.31619
2002-03-18,,,,0.36394,0.82539,1.10248,,,,,,,1.70806,1.73968,3.34409
2002-03-19,,,,0.36335,0.82531,1.10311,,,,,,,1.70633,1.73861,3.34049
2002-03-20,,,,0.35052,0.82245,1.11490,,,,,,,1.69102,1.72806,3.30630
2002-03-21,,,,0.35985,0.82469,1.10610,,,,,,,1.71611,1.74652,3.36363
2002-03-22,,,,0.35655,0.82398,1.10925,,,,,,,1.70060,1.73420,3.32586
2002-03-25,,,,0.34566,0.82152,1.11952,,,,,,,1.69735,1.73148,3.31764
2002-03-26,,,,0.34887,0.82234,1.11650,,,,,,,1.70285,1.73627,3.33187
2002-03-27,,,,0.34615,0.82175,1.11928,,,,,,,1.71605,1.74839,3.36904
2002-03-28,,,,0.35052,0.82284,1.11452,,,,,,,1.72029,1.75229,3.38140
2002-04-01,,,,0.35723,0.82446,1.10718,,,,,,,1.74963,1.77920,3.47366
2002-04-02,,,,0.34109,0.82079,1.12474,,,,,,,1.77286,1.80047,3.54732
2002-04-03,,,,0.34051,0.82070,1.12551,,,,,,,1.74508,1.77510,3.45503
2002-04-04,,,,0.33789,0.82012,1.12876,,,,,,,1.70848,1.74161,3.33467
2002-04-05,,,,0.33409,0.81925,1.13399,,,,,,,1.69581,1.72999,3.29431
2002-04-08,,,,0.33828,0.82033,1.12764,,,,,,,1.69682,1.73093,3.29716
2002-04-09,,,,0.32651,0.81752,1.14601,,,,,,,1.68278,1.71805,3.25558
2002-04-10,,,,0.32894,0.81818,1.14185,,,,,,,1.68196,1.71731,3.25320
2002-04-11,,,,0.32078,0.81620,1.15699,,,,,,,1.65238,1.69003,3.17681
2002-04-12,,,,0.32583,0.81753,1.14643,,,,,,,1.62674,1.66948,3.12581
2002-04-15,,,,0.32846,0.81824,1.14108,,,,,,,1.66217,1.69063,3.17679
2002-04-16,,,,0.34216,0.82171,1.11273,,,,,,,1.66619,1.69265,3.18132
2002-04-17,,,,0.34041,0.82134,1.11613,,,,,,,1.70259,1.70967,3.22054
2002-04-18,,,,0.33390,0.81981,1.12856,,,,,,,1.70121,1.70910,3.21917
2002-04-19,,,,0.33497,0.82013,1.12660,,,,,,,1.70411,1.71049,3.22234
2002-04-22,,,,0.32651,0.81811,1.14311,,,,,,,1.70976,1.71316,3.22845
2002-04-23,,,,0.32087,0.81674,1.15462,,,,,,,1.71088,1.71372,3.22966
2002-04-24,,,,0.31592,0.81553,1.16500,,,,,,,1.69563,1.70651,3.21218
2002-04-25,,,,0.31514,0.81538,1.16688,,,,,,,1.68726,1.70256,3.20257
2002-04-26,,,,0.30173,0.81196,1.19933,,,,,,,1.69586,1.70675,3.21262
2002-04-29,,,,0.30250,0.81222,1.19721,,,,,,,1.70601,1.71168,3.22443
2002-04-30,,,,0.30843,0.81386,1.17894,,,,,,,1.72015,1.71846,3.24116
2002-05-01,,,,0.30678,0.81348,1.18403,,,,,,,1.70199,1.70925,3.21713
2002-05-02,,,,0.29657,0.81082,1.21573,,,,,,,1.68895,1.70263,3.19984
2002-05-03,,,,0.28909,0.80882,1.24215,,,,,,,1.69676,1.70670,3.21032
2002-05-06,,,,0.28160,0.80678,1.27256,,,,,,,1.68033,1.69832,3.18850
2002-05-07,,,,0.27898,0.80608,1.28469,,,,,,,1.69661,1.70678,3.21032
2002-05-08,,,,0.30882,0.81475,1.14596,,,,,,,1.71486,1.71621,3.23470
2002-05-09,,,,0.30085,0.81270,1.16230,,,,,,,1.71403,1.71585,3.23366
2002-05-10,,,,0.28734,0.80910,1.19102,,,,,,,1.72504,1.72154,3.24831
2002-05-13,,,,0.29900,0.81243,1.16465,,,,,,,1.74070,1.72951,3.26990
2002-05-14,,,,0.31660,0.81726,1.12803,,,,,,,1.75847,1.73980,3.29842
2002-05-15,,,,0.31893,0.81792,1.12453,,,,,,,1.72985,1.72025,3.24354
2002-05-16,,,,0.31942,0.81809,1.12391,,,,,,,1.72697,1.71831,3.23801
2002-05-17,,,,0.32010,0.81832,1.12304,,,,,,,1.72367,1.71608,3.23168
2002-05-20,,,,0.31310,0.81658,1.13301,,,,,,,1.71940,1.71317,3.22350
2002-05-21,,,,0.30454,0.81440,1.14556,,,,,,,1.69754,1.69815,3.18160
2002-05-22,,,,0.30522,0.81463,1.14464,,,,,,,1.70213,1.70136,3.19039
2002-05-23,,,,0.31135,0.81631,1.13552,,,,,,,1.70309,1.70203,3.19219
2002-05-24,,,,0.30367,0.81435,1.14688,,,,,,,1.69227,1.69483,3.17167
2002-05-28,,,,0.30231,0.81403,1.14905,,,,,,,1.68644,1.69132,3.16150
2002-05-29,,,,0.29434,0.81194,1.16145,,,,,,,1.70716,1.70242,3.19378
2002-05-30,,,,0.29687,0.81269,1.15713,,,,,,,1.67085,1.68368,3.14005
2002-05-31,,,,0.29200,0.81140,1.16602,,,,,,,1.69371,1.69254,3.16281
2002-06-03,,,,0.28170,0.80859,1.18688,,,,,,,1.69196,1.69199,3.16136
2002-06-04,,,,0.28539,0.80970,1.17838,,,,,,,1.70250,1.69566,3.17074
2002-06-05,,,,0.28831,0.81058,1.17156,,,,,,,1.69007,1.69151,3.15996
2002-06-06,,,,0.28073,0.80850,1.18995,,,,,,,1.68645,1.69036,3.15684
2002-06-07,,,,0.27509,0.80692,1.20531,,,,,,,1.67807,1.68783,3.14993
2002-06-10,,,,0.27461,0.80683,1.20691,,,,,,,1.65888,1.68287,3.13615
2002-06-11,,,,0.26693,0.80462,1.23248,,,,,,,1.65349,1.68204,3.13372
2002-06-12,,,,0.27081,0.80584,1.21787,,,,,,,1.65829,1.68263,3.13465
2002-06-13,,,,0.26907,0.80537,1.22456,,,,,,,1.68675,1.68562,3.13507
2002-06-14,,,,0.26848,0.80525,1.22704,,,,,,,1.69641,1.68669,3.13535
2002-06-17,,,,0.27762,0.80803,1.18834,,,,,,,1.69949,1.68710,3.13559
2002-06-18,,,,0.28209,0.80938,1.17075,,,,,,,1.68791,1.68605,3.13571
2002-06-19,,,,0.26576,0.80475,1.23164,,,,,,,1.68668,1.68603,3.13591
2002-06-20,,,,0.25721,0.80221,1.26501,,,,,,,1.69046,1.68651,3.13615
2002-06-21,,,,0.25098,0.80031,1.29079,,,,,,,1.68658,1.68622,3.13633
2002-06-24,,,,0.25594,0.80194,1.26909,,,,,,,1.71659,1.68933,3.13663
2002-06-25,,,,0.24749,0.79934,1.30521,,,,,,,1.71711,1.68945,3.13673
2002-06-26,,,,0.24933,0.79999,1.29701,,,,,,,1.71332,1.68902,3.13539
2002-06-27,,,,0.25478,0.80178,1.27253,,,,,,,1.71607,1.68956,3.13681
2002-06-28,,,,0.25371,0.80149,1.27732,,,,,,,1.72659,1.69193,3.14367
2002-07-01,,,,0.24156,0.79770,1.33168,,,,,,,1.73864,1.69538,3.15386
2002-07-02,,,,0.23281,0.79486,1.37457,,,,,,,1.73158,1.69280,3.14589
2002-07-03,,,,0.24058,0.79756,1.33407,,,,,,,1.72818,1.69140,3.14144
2002-07-05,,,,0.25604,0.80274,1.25827,,,,,,,1.73419,1.69415,3.14987
2002-07-08,,,,0.24671,0.79986,1.29604,,,,,,,1.70570,1.68008,3.10482
2002-07-09,,,,0.23971,0.79764,1.32636,,,,,,,1.71923,1.68690,3.12630
2002-07-10,,,,0.23232,0.79523,1.36005,,,,,,,1.72494,1.68980,3.13537
2002-07-11,,,,0.24107,0.79827,1.31821,,,,,,,1.72757,1.69116,3.13956
2002-07-12,,,,0.24107,0.79832,1.31837,,,,,,,1.72933,1.69209,3.14236
2002-07-15,,,,0.24855,0.80085,1.28496,,,,,,,1.72971,1.69234,3.14300
2002-07-16,,,,0.24486,0.79970,1.30077,,,,,,,1.75054,1.70272,3.17597
2002-07-17,,,,0.24933,0.80121,1.28145,,,,,,,1.74578,1.70031,3.16825
2002-07-18,,,,0.24039,0.79839,1.31930,,,,,,,1.74931,1.70229,3.17435
2002-07-19,,,,0.23320,0.79605,1.35184,,,,,,,1.75367,1.70493,3.18277
2002-07-22,,,,0.22746,0.79414,1.37928,,,,,,,1.74364,1.69831,3.16052
2002-07-23,,,,0.21774,0.79079,1.42779,,,,,,,1.70812,1.67469,3.08148
2002-07-24,,,,0.22960,0.79514,1.36418,,,,,,,1.72744,1.68759,3.11825
2002-07-25,,,,0.21628,0.79058,1.42923,,,,,,,1.71207,1.67806,3.09126
2002-07-26,,,,0.22036,0.79212,1.40794,,,,,,,1.69906,1.67084,3.07087
2002-07-29,,,,0.23164,0.79622,1.35078,,,,,,,1.68589,1.66469,3.05341
2002-07-30,,,,0.23631,0.79787,1.32990,,,,,,,1.70864,1.67275,3.07616
2002-07-31,,,,0.23183,0.79641,1.34903,,,,,,,1.71710,1.67547,3.08352
2002-08-01,,,,0.22095,0.79272,1.39695,,,,,,,1.70150,1.67065,3.07021
2002-08-02,,,,0.21628,0.79109,1.41935,,,,,,,1.70835,1.67263,3.07563
2002-08-05,,,,0.20841,0.78825,1.45847,,,,,,,1.68327,1.66595,3.05660
2002-08-06,,,,0.21871,0.79220,1.40426,,,,,,,1.69663,1.66842,3.06322
2002-08-07,,,,0.22163,0.79330,1.39030,,,,,,,1.68641,1.66692,3.05906
2002-08-08,,,,0.22911,0.79602,1.35505,,,,,,,1.68884,1.66726,3.05981
2002-08-09,,,,0.22678,0.79525,1.36560,,,,,,,1.69919,1.66838,3.06184
2002-08-12,,,,0.22746,0.79554,1.36267,,,,,,,1.73714,1.67220,3.06881
2002-08-13,,,,0.21968,0.79287,1.39795,,,,,,,1.74521,1.67307,3.07037
2002-08-14,,,,0.23368,0.79796,1.33087,,,,,,,1.74719,1.67330,3.07074
2002-08-15,,,,0.23844,0.79963,1.31312,,,,,,,1.77701,1.67824,3.08383
2002-08-16,,,,0.24010,0.80023,1.30748,,,,,,,1.77219,1.67685,3.08019
2002-08-19,,,,0.24593,0.80222,1.28784,,,,,,,,,
2002-08-20,,,,0.24486,0.80192,1.29125,,,,,,,1.75599,1.67064,3.06389
2002-08-21,,,,0.25030,0.80375,1.27478,,,,,,,1.76896,1.67607,3.07787
2002-08-22,,,,0.25429,0.80508,1.26379,,,,,,,1.78490,1.68363,3.09765
2002-08-23,,,,0.24447,0.80201,1.28924,,,,,,,1.78131,1.68162,3.09220
2002-08-26,,,,0.24544,0.80238,1.28678,,,,,,,1.79924,1.69273,3.12221
2002-08-27,,,,0.23689,0.79963,1.30951,,,,,,,1.79123,1.68710,3.10670
2002-08-28,,,,0.22824,0.79676,1.33374,,,,,,,1.77798,1.67710,3.07902
2002-08-29,,,,0.23125,0.79786,1.32500,,,,,,,1.77557,1.67530,3.07391
2002-08-30,,,,0.22834,0.79690,1.33354,,,,,,,1.78473,1.68229,3.09339
2002-09-03,,,,0.22007,0.79406,1.35897,,,,,,,1.76160,1.66416,3.04135
2002-09-04,,,,0.22095,0.79442,1.35602,,,,,,,1.78437,1.68208,3.09225
2002-09-05,,,,0.21550,0.79251,1.37632,,,,,,,1.80915,1.70153,3.14785
2002-09-06,,,,0.22211,0.79499,1.34874,,,,,,,1.82593,1.71465,3.18565
2002-09-09,,,,0.22435,0.79583,1.33997,,,,,,,1.85492,1.73865,3.25096
2002-09-10,,,,0.22989,0.79785,1.31837,,,,,,,1.85896,1.74207,3.26048
2002-09-11,,,,0.22795,0.79722,1.32584,,,,,,,1.85992,1.74289,3.26278
2002-09-12,,,,0.22173,0.79509,1.34976,,,,,,,1.84190,1.72771,3.20334
2002-09-13,,,,0.22348,0.79576,1.34290,,,,,,,1.85203,1.73627,3.23601
2002-09-16,,,,0.22027,0.79467,1.35581,,,,,,,1.85240,1.73660,3.23688
2002-09-17,,,,0.21560,0.79303,1.37586,,,,,,,1.85106,1.73548,3.23155
2002-09-18,,,,0.21317,0.79219,1.38737,,,,,,,1.86281,1.74540,3.27634
2002-09-19,,,,0.20977,0.79097,1.40478,,,,,,,1.85731,1.74078,3.25341
2002-09-20,,,,0.21064,0.79134,1.40007,,,,,,,1.84839,1.73326,3.21540
2002-09-23,,,,0.20433,0.78902,1.43634,,,,,,,1.85743,1.74090,3.25294
2002-09-24,,,,0.20442,0.78910,1.43586,,,,,,,1.85249,1.73675,3.23098
2002-09-25,,,,0.21259,0.79230,1.38197,,,,,,,1.84069,1.72680,3.17825
2002-09-26,,,,0.20996,0.79136,1.39821,,,,,,,1.84793,1.73293,3.20978
2002-09-27,,,,0.20715,0.79035,1.41606,,,,,,,1.85460,1.73857,3.23891
2002-09-30,,,,0.20141,0.78820,1.45315,,,,,,,1.85173,1.73616,3.22559
2002-10-01,,,,0.21366,0.79304,1.37003,,,,,,,1.85678,1.74043,3.24828
2002-10-02,,,,0.20656,0.79045,1.40759,,,,,,,1.85940,1.74265,3.26026
2002-10-03,,,,0.20160,0.78860,1.43552,,,,,,,1.81567,1.70578,3.04081
2002-10-04,,,,0.19781,0.78716,1.45788,,,,,,,1.81047,1.70138,3.02282
2002-10-07,,,,0.19597,0.78647,1.46922,,,,,,,1.81553,1.70568,3.03878
2002-10-08,,,,0.19635,0.78667,1.46686,,,,,,,1.82340,1.71234,3.06293
2002-10-09,,,,0.19499,0.78617,1.47600,,,,,,,1.81996,1.70945,3.05225
2002-10-10,,,,0.20491,0.79021,1.40838,,,,,,,1.80390,1.69588,3.00310
2002-10-11,,,,0.21599,0.79452,1.34110,,,,,,,1.82506,1.71380,3.06104
2002-10-14,,,,0.21852,0.79550,1.32971,,,,,,,1.84607,1.73156,3.11490
2002-10-15,,,,0.22902,0.79937,1.28486,,,,,,,1.86576,1.74820,3.16569
2002-10-16,,,,0.22143,0.79677,1.31019,,,,,,,1.86150,1.74461,3.15450
2002-10-17,,,,0.22892,0.79951,1.28535,,,,,,,1.87174,1.75326,3.18084
2002-10-18,,,,0.23145,0.80044,1.27819,,,,,,,1.85951,1.74296,3.14690
2002-10-21,,,,0.23611,0.80210,1.26582,,,,,,,1.83921,1.72585,3.08978
2002-10-22,,,,0.23465,0.80165,1.26942,,,,,,,1.82947,1.71764,3.06249
2002-10-23,,,,0.23912,0.80322,1.25921,,,,,,,1.84032,1.72681,3.09249
2002-10-24,,,,0.23310,0.80125,1.27183,,,,,,,1.84211,1.72834,3.09736
2002-10-25,,,,0.24010,0.80370,1.25740,,,,,,,1.82495,1.71385,3.04931
2002-10-28,,,,0.23806,0.80306,1.26123,,,,,,,1.82717,1.71575,3.05530
2002-10-29,,,,0.23252,0.80123,1.27127,,,,,,,1.81857,1.70849,3.03164
2002-10-30,,,,0.23874,0.80342,1.25985,,,,,,,1.82553,1.71438,3.04960
2002-10-31,,,,0.23864,0.80343,1.26010,,,,,,,1.83274,1.72044,3.06798
2002-11-01,,,,0.24544,0.80576,1.24872,,,,,,,1.82887,1.71720,3.05795
2002-11-04,,,,0.25176,0.80787,1.23944,,,,,,,1.81429,1.70501,3.02034
2002-11-05,,,,0.25371,0.80854,1.23707,,,,,,,1.79932,1.69341,2.98384
2002-11-06,,,,0.25730,0.80972,1.23322,,,,,,,1.79665,1.69156,2.97799
2002-11-07,,,,0.24826,0.80691,1.24139,,,,,,,1.78786,1.68624,2.96101
2002-11-08,,,,0.24369,0.80546,1.24544,,,,,,,1.78578,1.68514,2.95740
2002-11-11,,,,0.23631,0.80305,1.25209,,,,,,,,,
2002-11-12,,,,0.24233,0.80513,1.24659,,,,,,,1.78027,1.68275,2.94943
2002-11-13,,,,0.24525,0.80614,1.24405,,,,,,,1.76521,1.67748,2.93167
2002-11-14,,,,0.25371,0.80895,1.23664,,,,,,,1.76794,1.67807,2.93353
2002-11-15,,,,0.25701,0.81004,1.23389,,,,,,,1.78424,1.68038,2.94117
2002-11-18,,,,0.25322,0.80888,1.23676,,,,,,,1.81572,1.68434,2.95394
2002-11-19,,,,0.24933,0.80767,1.23956,,,,,,,1.81748,1.68462,2.95474
2002-11-20,,,,0.25993,0.81114,1.23201,,,,,,,1.83388,1.68663,2.96122
2002-11-21,,,,0.26955,0.81418,1.22705,,,,,,,1.83978,1.68767,2.96420
2002-11-22,,,,0.26945,0.81418,1.22712,,,,,,,1.84633,1.68948,2.96950
2002-11-25,,,,0.27208,0.81501,1.22687,,,,,,,1.82922,1.68304,2.94965
2002-11-26,,,,0.26294,0.81231,1.22643,,,,,,,1.82474,1.68129,2.94430
2002-11-27,,,,0.27130,0.81493,1.22697,,,,,,,1.83775,1.68663,2.96050
2002-11-29,,,,0.26945,0.81441,1.22674,,,,,,,,,
2002-12-02,,,,0.27217,0.81526,1.22738,,,,,,,1.85599,1.69472,2.98521
2002-12-03,,,,0.26411,0.81198,1.22502,,,,,,,1.84120,1.68719,2.96224
2002-12-04,,,,0.25827,0.80955,1.22329,,,,,,,1.83597,1.68446,2.95391
2002-12-05,,,,0.25468,0.80804,1.22221,,,,,,,1.84809,1.69098,2.97368
2002-12-06,,,,0.25730,0.80922,1.22310,,,,,,,1.83933,1.68603,2.95834
2002-12-09,,,,0.24515,0.80400,1.21931,,,,,,,1.83790,1.68524,2.95571
2002-12-10,,,,0.24885,0.80524,1.21975,,,,,,,1.86666,1.70195,3.00854
2002-12-11,,,,0.25001,0.80566,1.21975,,,,,,,1.86625,1.70167,3.00761
2002-12-12,,,,0.25137,0.80613,1.21961,,,,,,,1.89564,1.72104,3.06636
2002-12-13,,,,0.24340,0.80361,1.22131,,,,,,,1.90945,1.73091,3.09471
2002-12-16,,,,0.25128,0.80624,1.21823,,,,,,,1.93346,1.75050,3.15403
2002-12-17,,,,0.25205,0.80652,1.21799,,,,,,,1.92666,1.74497,3.13425
2002-12-18,,,,0.24671,0.80485,1.22010,,,,,,,1.93884,1.75490,3.17242
2002-12-19,,,,0.24360,0.80387,1.22168,,,,,,,1.93542,1.75212,3.15963
2002-12-20,,,,0.24612,0.80474,1.22009,,,,,,,1.94317,1.75845,3.18923
2002-12-23,,,,0.24953,0.80588,1.21773,,,,,,,1.96903,1.77952,3.29712
2002-12-24,,,,0.24642,0.80491,1.21997,,,,,,,1.97355,1.78321,3.31589
2002-12-26,,,,0.24573,0.80472,1.22055,,,,,,,1.96698,1.77787,3.28496
2002-12-27,,,,0.24126,0.80329,1.22448,,,,,,,1.96898,1.77951,3.29400
2002-12-30,,,,0.23942,0.80271,1.22645,,,,,,,1.92879,1.74682,3.08758
2002-12-31,,,,0.23689,0.80190,1.22951,,,,,,,1.92747,1.74576,3.08178
2003-01-02,,,,0.24690,0.80532,1.21578,,,,,,,1.97702,1.78616,3.28964
2003-01-03,,,,0.24962,0.80624,1.21229,,,,,,,2.00557,1.80937,3.38821
2003-01-06,,,,0.25584,0.80829,1.20434,,,,,,,1.97359,1.78342,3.27560
2003-01-07,,,,0.25905,0.80933,1.20044,,,,,,,1.96837,1.77918,3.25822
2003-01-08,,,,0.25176,0.80709,1.20805,,,,,,,1.97653,1.78583,3.28492
2003-01-09,,,,0.25954,0.80962,1.20013,,,,,,,2.00436,1.80847,3.37665
2003-01-10,,,,0.26343,0.81086,1.19708,,,,,,,1.97628,1.78567,3.28249
2003-01-13,,,,0.26187,0.81042,1.19810,,,,,,,1.98362,1.79165,3.30657
2003-01-14,,,,0.26323,0.81087,1.19743,,,,,,,1.98277,1.79097,3.30360
2003-01-15,,,,0.25993,0.80989,1.19886,,,,,,,2.00203,1.80663,3.36721
2003-01-16,,,,0.25701,0.80902,1.20006,,,,,,,2.01923,1.82061,3.42438
2003-01-17,,,,0.24603,0.80559,1.20449,,,,,,,2.01780,1.81946,3.41890
2003-01-21,,,,0.24331,0.80473,1.20568,,,,,,,2.02156,1.82252,3.43266
2003-01-22,,,,0.24233,0.80445,1.20613,,,,,,,2.03317,1.83195,3.47900
2003-01-23,,,,0.24797,0.80635,1.20276,,,,,,,2.02373,1.82430,3.43780
2003-01-24,,,,0.24126,0.80420,1.20694,,,,,,,2.04687,1.84308,3.53959
2003-01-27,,,,0.23844,0.80330,1.20926,,,,,,,2.02033,1.82159,3.41795
2003-01-28,,,,0.24088,0.80415,1.20679,,,,,,,2.03408,1.83275,3.47923
2003-01-29,,,,0.24447,0.80538,1.20287,,,,,,,2.06202,1.85542,3.60536
2003-01-30,,,,0.23815,0.80333,1.20980,,,,,,,2.07644,1.86710,3.67170
2003-01-31,,,,0.23757,0.80317,1.21060,,,,,,,2.07575,1.86655,3.66789
2003-02-03,,,,0.23806,0.80337,1.20999,,,,,,,2.07406,1.86519,3.65905
2003-02-04,,,,0.23514,0.80242,1.21427,,,,,,,2.08688,1.87558,3.72366
2003-02-05,,,,0.23407,0.80208,1.21605,,,,,,,2.08632,1.87513,3.72029
2003-02-06,,,,0.23533,0.80255,1.21393,,,,,,,2.09323,1.88073,3.75667
2003-02-07,,,,0.23145,0.80126,1.22086,,,,,,,2.11854,1.90121,3.89522
2003-02-10,,,,0.23349,0.80200,1.21692,,,,,,,2.11024,1.89451,3.84820
2003-02-11,,,,0.23475,0.80246,1.21451,,,,,,,2.12546,1.90682,3.93261
2003-02-12,,,,0.23154,0.80140,1.22083,,,,,,,2.10003,1.88629,3.78619
2003-02-13,,,,0.23271,0.80184,1.21848,,,,,,,2.09955,1.88591,3.78312
2003-02-14,,,,0.23806,0.80371,1.20743,,,,,,,2.11042,1.89471,3.84359
2003-02-18,,,,0.24544,0.80624,1.19263,,,,,,,2.10606,1.89119,3.81849
2003-02-19,,,,0.24379,0.80573,1.19589,,,,,,,2.11562,1.89893,3.87210
2003-02-20,,,,0.24282,0.80544,1.19781,,,,,,,2.10912,1.89369,3.83374
2003-02-21,,,,0.24467,0.80609,1.19450,,,,,,,2.13972,1.91843,4.01260
2003-02-24,,,,0.24049,0.80475,1.20159,,,,,,,2.18932,1.95846,4.31161
2003-02-25,,,,0.24078,0.80488,1.20116,,,,,,,2.13038,1.91101,3.95191
2003-02-26,,,,0.23543,0.80313,1.21035,,,,,,,2.16910,1.94228,4.12614
2003-02-27,,,,0.24078,0.80498,1.20104,,,,,,,2.14353,1.92169,4.01172
2003-02-28,,,,0.24457,0.80628,1.19464,,,,,,,2.14555,1.92332,4.02012
2003-03-03,,,,0.23961,0.80468,1.20265,,,,,,,2.13525,1.91502,3.97562
2003-03-04,,,,0.23815,0.80423,1.20512,,,,,,,2.14160,1.92016,4.00250
2003-03-05,,,,0.23864,0.80443,1.20439,,,,,,,2.13261,1.91291,3.96372
2003-03-06,,,,0.23806,0.80426,1.20542,,,,,,,2.14402,1.92213,4.01204
2003-03-07,,,,0.23854,0.80446,1.20469,,,,,,,2.17197,1.94469,4.13377
2003-03-10,,,,0.23339,0.80275,1.21328,,,,,,,2.15371,1.92999,4.05253
2003-03-11,,,,0.23135,0.80208,1.21682,,,,,,,2.13021,1.91105,3.94920
2003-03-12,,,,0.23553,0.80356,1.20969,,,,,,,2.12931,1.91032,3.94506
2003-03-13,,,,0.24904,0.80820,1.18703,,,,,,,2.08199,1.87212,3.73982
2003-03-14,,,,0.25001,0.80855,1.18559,,,,,,,2.06587,1.85909,3.68077
2003-03-17,,,,0.25857,0.81135,1.17407,,,,,,,2.04402,1.84140,3.60594
2003-03-18,,,,0.26177,0.81239,1.17121,,,,,,,2.00699,1.81138,3.49159
2003-03-19,,,,0.25954,0.81173,1.17262,,,,,,,1.99899,1.80489,3.47145
2003-03-20,,,,0.26051,0.81206,1.17223,,,,,,,1.98087,1.79012,3.43159
2003-03-21,,,,0.26411,0.81322,1.17129,,,,,,,1.95169,1.76811,3.37772
2003-03-24,,,,0.25312,0.80987,1.17211,,,,,,,1.96799,1.77712,3.39959
2003-03-25,,,,0.25672,0.81105,1.17190,,,,,,,1.94867,1.76877,3.37932
2003-03-26,,,,0.25818,0.81155,1.17185,,,,,,,1.94973,1.76909,3.38007
2003-03-27,,,,0.25633,0.81100,1.17198,,,,,,,1.97417,1.77510,3.39511
2003-03-28,,,,0.25351,0.81014,1.17216,,,,,,,1.96923,1.77430,3.39310
2003-03-31,,,,0.24544,0.80760,1.17256,,,,,,,1.98361,1.77633,3.39817
2003-04-01,,,,0.24739,0.80827,1.17253,,,,,,,1.96451,1.77395,3.39212
2003-04-02,,,,0.25419,0.81052,1.17227,,,,,,,1.95191,1.77288,3.38920
2003-04-03,,,,0.25740,0.81158,1.17219,,,,,,,1.94583,1.77240,3.38868
2003-04-04,,,,0.25322,0.81029,1.17242,,,,,,,1.95014,1.77286,3.38865
2003-04-07,,,,0.25361,0.81045,1.17245,,,,,,,1.95700,1.77355,3.38792
2003-04-08,,,,0.25332,0.81039,1.17252,,,,,,,1.95126,1.77311,3.38913
2003-04-09,,,,0.24749,0.80855,1.17282,,,,,,,1.96986,1.77487,3.38434
2003-04-10,,,,0.25050,0.80957,1.17274,,,,,,,1.95643,1.77373,3.38806
2003-04-11,,,,0.24797,0.80879,1.17291,,,,,,,1.96902,1.77494,3.38489
2003-04-14,,,,0.25303,0.81047,1.17260,,,,,,,1.96663,1.77480,3.38570
2003-04-15,,,,0.25546,0.81128,1.17248,,,,,,,1.98989,1.77697,3.37972
2003-04-16,,,,0.25487,0.81113,1.17258,,,,,,,1.98945,1.77701,3.38002
2003-04-17,,,,0.26071,0.81302,1.17223,,,,,,,2.01644,1.77949,3.37292
2003-04-21,,,,0.26168,0.81336,1.17221,,,,,,,2.02428,1.78024,3.37300
2003-04-22,,,,0.26663,0.81493,1.17192,,,,,,,2.00863,1.77861,3.36829
2003-04-23,,,,0.26858,0.81556,1.17204,,,,,,,1.98781,1.77556,3.35953
2003-04-24,,,,0.26712,0.81513,1.17174,,,,,,,1.97988,1.77443,3.35624
2003-04-25,,,,0.26197,0.81303,1.16997,,,,,,,1.97562,1.77385,3.35452
2003-04-28,,,,0.26712,0.81522,1.17186,,,,,,,1.94663,1.76952,3.34213
2003-04-29,,,,0.26955,0.81646,1.17294,,,,,,,1.95130,1.77025,3.34415
2003-04-30,,,,0.26683,0.81479,1.17153,,,,,,,1.97125,1.77250,3.35054
2003-05-01,,,,0.26916,0.81637,1.17291,,,,,,,1.97638,1.77312,3.35223
2003-05-02,,,,0.27490,0.82058,1.17657,,,,,,,1.96554,1.77202,3.34904
2003-05-05,,,,0.27461,0.82033,1.17637,,,,,,,1.99361,1.77508,3.35776
2003-05-06,,,,0.27810,0.82385,1.17944,,,,,,,1.98267,1.77400,3.35457
2003-05-07,,,,0.27499,0.82030,1.17639,,,,,,,1.99648,1.77552,3.35889
2003-05-08,,,,0.26994,0.81412,1.17105,,,,,,,2.01547,1.77757,3.36471
2003-05-09,,,,0.27616,0.82186,1.17780,,,,,,,2.04666,1.78121,3.37510
2003-05-12,,,,0.28034,0.82698,1.18227,,,,,,,2.06029,1.78423,3.38340
2003-05-13,,,,0.27859,0.82467,1.18028,,,,,,,2.08915,1.79430,3.41174
2003-05-14,,,,0.27801,0.82386,1.17960,,,,,,,2.10131,1.80008,3.42771
2003-05-15,,,,0.28112,0.82834,1.18353,,,,,,,2.09245,1.79438,3.41142
2003-05-16,,,,0.27898,0.82516,1.18076,,,,,,,2.09738,1.79797,3.42140
2003-05-19,,,,0.26916,0.81016,1.16760,,,,,,,2.07972,1.78435,3.37822
2003-05-20,,,,0.26994,0.81139,1.16870,,,,,,,2.08528,1.78865,3.39157
2003-05-21,,,,0.26916,0.81019,1.16767,,,,,,,2.10058,1.80047,3.43174
2003-05-22,,,,0.27305,0.81626,1.17306,,,,,,,2.08437,1.78797,3.38523
2003-05-23,,,,0.27315,0.81643,1.17322,,,,,,,2.08658,1.78968,3.39128
2003-05-27,,,,0.28287,0.83147,1.18652,,,,,,,2.07596,1.78150,3.35971
2003-05-28,,,,0.28374,0.83281,1.18772,,,,,,,2.05933,1.76866,3.31054
2003-05-29,,,,0.28491,0.83460,1.18930,,,,,,,2.07404,1.78004,3.35352
2003-05-30,,,,0.28958,0.84168,1.19551,,,,,,,2.08647,1.78964,3.39002
2003-06-02,,,,0.28753,0.83854,1.19275,,,,,,,2.11190,1.80929,3.46523
2003-06-03,,,,0.29026,0.84305,1.19678,,,,,,,2.10208,1.80172,3.43570
2003-06-04,,,,0.29570,0.85265,1.20534,,,,,,,2.09059,1.79286,3.40103
2003-06-05,,,,0.29784,0.85674,1.20898,,,,,,,2.10966,1.80759,3.45816
2003-06-06,,,,0.29288,0.84635,1.19976,,,,,,,2.12211,1.81720,3.49627
2003-06-09,,,,0.28899,0.83784,1.19215,,,,,,,2.10786,1.80622,3.44853
2003-06-10,,,,0.29337,0.84746,1.20083,,,,,,,2.11703,1.81330,3.47863
2003-06-11,,,,0.29667,0.85470,1.20733,,,,,,,2.11777,1.81388,3.48089
2003-06-12,,,,0.29793,0.85749,1.20985,,,,,,,2.08236,1.78659,3.34945
2003-06-13,,,,0.29123,0.84217,1.19611,,,,,,,2.05498,1.76546,3.25793
2003-06-16,,,,0.30017,0.86271,1.21468,,,,,,,2.05548,1.76585,3.25909
2003-06-17,,,,0.29900,0.86004,1.21231,,,,,,,2.06952,1.77671,3.29591
2003-06-18,,,,0.30056,0.86369,1.21561,,,,,,,2.06049,1.76974,3.27291
2003-06-19,,,,0.29570,0.85207,1.20518,,,,,,,2.06632,1.77425,3.28707
2003-06-20,,,,0.29531,0.85114,1.20435,,,,,,,2.06511,1.77332,3.28408
2003-06-23,,,,0.29074,0.84018,1.19447,,,,,,,2.05226,1.76337,3.25283
2003-06-24,,,,0.28851,0.83480,1.18960,,,,,,,2.03649,1.75158,3.21660
2003-06-25,,,,0.28695,0.83106,1.18621,,,,,,,2.06019,1.76729,3.26456
2003-06-26,,,,0.29375,0.84747,1.20118,,,,,,,2.01563,1.73935,3.18113
2003-06-27,,,,0.28996,0.83846,1.19300,,,,,,,2.02591,1.74421,3.19389
2003-06-30,,,,0.29113,0.84116,1.19549,,,,,,,2.03475,1.74792,3.20372
2003-07-01,,,,0.29502,0.84990,1.20351,,,,,,,2.04553,1.75216,3.21516
2003-07-02,,,,0.30104,0.86341,1.21585,,,,,,,2.04645,1.75255,3.21617
2003-07-03,,,,0.29725,0.85496,1.20820,,,,,,,2.04108,1.75049,3.21053
2003-07-07,,,,0.30999,0.88344,1.23416,,,,,,,2.05077,1.75431,3.22082
2003-07-08,,,,0.31378,0.89185,1.24174,,,,,,,2.06041,1.75809,3.23103
2003-07-09,,,,0.31300,0.89013,1.24022,,,,,,,2.07872,1.76523,3.25036
2003-07-10,,,,0.30717,0.87671,1.22861,,,,,,,2.05766,1.75713,3.22827
2003-07-11,,,,0.30950,0.88216,1.23331,,,,,,,2.05689,1.75686,3.22749
2003-07-14,,,,0.31320,0.89103,1.24106,,,,,,,2.05960,1.75795,3.23038
2003-07-15,,,,0.31358,0.89200,1.24192,,,,,,,2.04109,1.75079,3.21091
2003-07-16,,,,0.31261,0.88951,1.23964,,,,,,,2.02893,1.74608,3.19809
2003-07-17,,,,0.30309,0.86512,1.21637,,,,,,,2.03429,1.74821,3.20381
2003-07-18,,,,0.30406,0.86762,1.21879,,,,,,,2.04240,1.75137,3.21243
2003-07-21,,,,0.30017,0.85764,1.20920,,,,,,,2.04062,1.75073,3.21059
2003-07-22,,,,0.30464,0.86914,1.22031,,,,,,,2.00476,1.73731,3.17240
2003-07-23,,,,0.30717,0.87563,1.22641,,,,,,,2.01769,1.74070,3.18224
2003-07-24,,,,0.30309,0.86516,1.21664,,,,,,,2.02865,1.74313,3.18929
2003-07-25,,,,0.30911,0.88065,1.23109,,,,,,,2.03551,1.74461,3.19361
2003-07-28,,,,0.30999,0.88290,1.23315,,,,,,,2.04397,1.74643,3.19892
2003-07-29,,,,0.30765,0.87692,1.22773,,,,,,,2.04302,1.74629,3.19841
2003-07-30,,,,0.30542,0.87118,1.22252,,,,,,,2.04064,1.74584,3.19701
2003-07-31,,,,0.30911,0.88067,1.23120,,,,,,,2.04703,1.74722,3.20103
2003-08-01,,,,0.30581,0.87220,1.22350,,,,,,,2.08172,1.75449,3.22247
2003-08-04,,,,0.30571,0.87194,1.22329,,,,,,,2.06223,1.75046,3.21038
2003-08-05,,,,0.29366,0.84203,1.19587,,,,,,,2.06578,1.75131,3.21278
2003-08-06,,,,0.29346,0.84159,1.19550,,,,,,,2.07015,1.75250,3.21625
2003-08-07,,,,0.29463,0.84385,1.19756,,,,,,,2.09576,1.76043,3.24052
2003-08-08,,,,0.29230,0.83967,1.19375,,,,,,,2.08651,1.75697,3.23009
2003-08-11,,,,0.29550,0.84487,1.19861,,,,,,,2.08760,1.75742,3.23132
2003-08-12,,,,0.29998,0.85164,1.20490,,,,,,,2.09344,1.76012,3.23953
2003-08-13,,,,0.30007,0.85180,1.20507,,,,,,,2.08530,1.75595,3.22627
2003-08-14,,,,0.30036,0.85225,1.20550,,,,,,,2.08117,1.75376,3.21917
2003-08-15,,,,0.30299,0.85620,1.20917,,,,,,,2.07542,1.75066,3.20903
2003-08-18,,,,0.31077,0.86783,1.21992,,,,,,,2.09264,1.76002,3.23934
2003-08-19,,,,0.31465,0.87358,1.22522,,,,,,,2.09162,1.75945,3.23733
2003-08-20,,,,0.31388,0.87245,1.22420,,,,,,,2.11324,1.77194,3.27914
2003-08-21,,,,0.31728,0.87755,1.22892,,,,,,,2.12639,1.78000,3.30565
2003-08-22,,,,0.31533,0.87433,1.22597,,,,,,,2.13494,1.78591,3.32532
2003-08-25,,,,0.31602,0.87554,1.22709,,,,,,,2.12164,1.77590,3.29045
2003-08-26,,,,0.31631,0.87607,1.22760,,,,,,,2.12146,1.77578,3.28982
2003-08-27,,,,0.31883,0.88086,1.23204,,,,,,,2.11170,1.76843,3.26282
2003-08-28,,,,0.32165,0.88639,1.23715,,,,,,,2.11897,1.77391,3.28267
2003-08-29,,,,0.32457,0.89239,1.24272,,,,,,,2.12791,1.78066,3.30716
2003-09-01,,,,,,,,,,,,,2.13682,1.78738,3.33181
2003-09-02,,,,0.32923,0.90251,1.25208,,,,,,,2.09080,1.75274,3.19772
2003-09-03,,,,0.32904,0.90204,1.25166,,,,,,,2.10439,1.76300,3.23173
2003-09-04,,,,0.33205,0.90943,1.25848,,,,,,,2.10022,1.75986,3.22144
2003-09-05,,,,0.32992,0.90417,1.25342,,,,,,,2.10606,1.76427,3.23553
2003-09-08,,,,0.33536,0.91760,1.26681,,,,,,,2.10545,1.76382,3.23399
2003-09-09,,,,0.33137,0.90778,1.25673,,,,,,,2.11234,1.76902,3.25067
2003-09-10,,,,0.32340,0.88813,1.23600,,,,,,,2.12418,1.77795,3.27944
2003-09-11,,,,0.32700,0.89703,1.24545,,,,,,,2.12329,1.77729,3.27720
2003-09-12,,,,0.32875,0.90135,1.25004,,,,,,,2.10721,1.76518,3.23785
2003-09-15,,,,0.32554,0.89344,1.24168,,,,,,,2.09905,1.75904,3.21793
2003-09-16,,,,0.33439,0.91529,1.26485,,,,,,,2.07442,1.74039,3.15780
2003-09-17,,,,0.33303,0.91194,1.26133,,,,,,,2.07246,1.73899,3.15335
2003-09-18,,,,0.33808,0.92440,1.27448,,,,,,,2.06823,1.73636,3.14476
2003-09-19,,,,0.33614,0.91962,1.26946,,,,,,,2.07627,1.74064,3.15852
2003-09-22,,,,0.32972,0.90383,1.25277,,,,,,,2.08904,1.74693,3.17895
2003-09-23,,,,0.33555,0.91822,1.26807,,,,,,,2.08714,1.74603,3.17591
2003-09-24,,,,0.32292,0.88710,1.23515,,,,,,,2.11478,1.75926,3.21915
2003-09-25,,,,0.31874,0.87677,1.22435,,,,,,,2.11426,1.75905,3.21833
2003-09-26,,,,0.31670,0.87172,1.21939,,,,,,,2.09623,1.75051,3.19012
2003-09-29,,,,0.32214,0.88519,1.23183,,,,,,,2.12126,1.76247,3.22927
2003-09-30,,,,0.31514,0.86853,1.21695,,,,,,,2.12965,1.76648,3.24239
2003-10-01,,,,0.32224,0.88400,1.23070,,,,,,,2.13397,1.76849,3.24896
2003-10-02,,,,0.32331,0.88620,1.23262,,,,,,,2.14806,1.77600,3.27340
2003-10-03,,,,0.33235,0.90475,1.24871,,,,,,,,,
2003-10-06,,,,0.33477,0.90971,1.25299,,,,,,,2.15390,1.77949,3.28481
2003-10-07,,,,0.33682,0.91386,1.25658,,,,,,,2.17400,1.79298,3.32958
2003-10-08,,,,0.33468,0.90953,1.25288,,,,,,,2.16837,1.78881,3.31491
2003-10-09,,,,0.33721,0.91468,1.25730,,,,,,,2.20635,1.81702,3.41942
2003-10-10,,,,0.34032,0.92103,1.26305,,,,,,,2.24088,1.84262,3.51552
2003-10-13,,,,0.34255,0.92587,1.26747,,,,,,,2.26274,1.85880,3.58042
2003-10-14,,,,0.34343,0.92788,1.26934,,,,,,,2.24485,1.84558,3.51752
2003-10-15,,,,0.34197,0.92434,1.26599,,,,,,,2.24842,1.84822,3.52955
2003-10-16,,,,0.34469,0.93096,1.27244,,,,,,,2.23739,1.84007,3.48760
2003-10-17,,,,0.33643,0.91088,1.25249,,,,,,,2.21195,1.82125,3.38911
2003-10-20,,,,0.34061,0.92107,1.26270,,,,,,,2.20092,1.81308,3.34702
2003-10-21,,,,0.34265,0.92604,1.26767,,,,,,,2.20419,1.81551,3.35919
2003-10-22,,,,0.33604,0.90997,1.25168,,,,,,,2.21407,1.82284,3.39632
2003-10-23,,,,0.33215,0.90049,1.24221,,,,,,,2.23525,1.83854,3.47665
2003-10-24,,,,0.33244,0.90121,1.24294,,,,,,,2.23202,1.83616,3.46397
2003-10-27,,,,0.33254,0.90145,1.24319,,,,,,,2.22688,1.83236,3.44355
2003-10-28,,,,0.34372,0.92872,1.27054,,,,,,,2.22743,1.83278,3.44540
2003-10-29,,,,0.34333,0.92778,1.26968,,,,,,,2.23952,1.84173,3.49513
2003-10-30,,,,0.34401,0.92944,1.27123,,,,,,,2.21814,1.82591,3.40226
2003-10-31,,,,0.34197,0.92448,1.26666,,,,,,,2.23137,1.83572,3.45837
2003-11-03,,,,0.34761,0.93820,1.27939,,,,,,,2.20659,1.81739,3.35127
2003-11-04,,,,0.34527,0.93254,1.27418,,,,,,,,,
2003-11-05,,,,0.34838,0.94010,1.28118,,,,,,,2.24444,1.84545,3.50122
2003-11-06,,,,0.34936,0.94247,1.28337,,,,,,,2.22414,1.83043,3.42833
2003-11-07,,,,0.34634,0.93515,1.27649,,,,,,,2.24094,1.84288,3.48550
2003-11-10,,,,0.34207,0.92476,1.26666,,,,,,,2.24065,1.84268,3.48435
2003-11-11,,,,0.34080,0.92169,1.26376,,,,,,,2.25899,1.85626,3.54731
2003-11-12,,,,0.34809,0.93944,1.28066,,,,,,,2.26553,1.86110,3.56978
2003-11-13,,,,0.34770,0.93850,1.27979,,,,,,,2.27898,1.87105,3.61755
2003-11-14,,,,0.34061,0.92126,1.26349,,,,,,,2.30764,1.89223,3.72810
2003-11-17,,,,0.33711,0.91275,1.25540,,,,,,,2.26620,1.86166,3.56062
2003-11-18,,,,0.32933,0.89378,1.23730,,,,,,,2.29251,1.88112,3.65564
2003-11-19,,,,0.33254,0.90117,1.24441,,,,,,,2.25331,1.85218,3.51098
2003-11-20,,,,0.32933,0.89433,1.23783,,,,,,,2.24012,1.84242,3.46995
2003-11-21,,,,0.33273,0.90100,1.24436,,,,,,,2.23831,1.84109,3.46439
2003-11-24,,,,0.34197,0.91805,1.26106,,,,,,,2.20168,1.81398,3.35411
2003-11-25,,,,0.34197,0.91807,1.26109,,,,,,,2.20589,1.81711,3.36436
2003-11-26,,,,0.34352,0.92088,1.26371,,,,,,,2.22424,1.83072,3.40777
2003-11-28,,,,0.34391,0.92159,1.26439,,,,,,,,,
2003-12-01,,,,0.34897,0.93070,1.27283,,,,,,,2.27639,1.86936,3.52724
2003-12-02,,,,0.34702,0.92723,1.26964,,,,,,,2.31361,1.89688,3.60265
2003-12-03,,,,0.34265,0.91939,1.26237,,,,,,,2.33060,1.90942,3.63719
2003-12-04,,,,0.34634,0.92606,1.26860,,,,,,,2.34259,1.91827,3.66151
2003-12-05,,,,0.34061,0.91577,1.25901,,,,,,,2.32544,1.90564,3.62054
2003-12-08,,,,0.34255,0.91929,1.26232,,,,,,,2.38208,1.94742,3.76205
2003-12-09,,,,0.33468,0.90511,1.24907,,,,,,,2.37849,1.94478,3.75271
2003-12-10,,,,0.33594,0.90742,1.25125,,,,,,,2.37768,1.94420,3.75018
2003-12-11,,,,0.34314,0.92048,1.26354,,,,,,,2.36321,1.93355,3.70777
2003-12-12,,,,0.34255,0.91944,1.26258,,,,,,,2.41102,1.96876,3.85132
2003-12-15,,,,0.33808,0.91138,1.25506,,,,,,,2.40585,1.96497,3.83520
2003-12-16,,,,0.33876,0.91262,1.25624,,,,,,,2.39603,1.95776,3.80356
2003-12-17,,,,0.33934,0.91367,1.25726,,,,,,,2.41418,1.97111,3.86360
2003-12-18,,,,0.34566,0.92473,1.26799,,,,,,,2.42361,1.97805,3.89670
2003-12-19,,,,0.34469,0.92305,1.26638,,,,,,,2.41389,1.97092,3.85936
2003-12-22,,,,0.34576,0.92492,1.26820,,,,,,,2.36321,1.93368,3.65953
2003-12-23,,,,0.34838,0.92949,1.27264,,,,,,,2.35961,1.93103,3.64683
2003-12-24,,,,0.34910,0.93075,1.27386,,,,,,,2.37719,1.94399,3.70773
2003-12-26,,,,0.34862,0.92991,1.27307,,,,,,,,,
2003-12-29,,,,0.35435,0.93986,1.28269,,,,,,,2.38482,1.94962,3.73431
2003-12-30,,,,0.35552,0.94188,1.28463,,,,,,,2.39890,1.95998,3.78369
2003-12-31,,,,0.35455,0.94018,1.28297,,,,,,,2.38799,1.95196,3.74483
2004-01-02,,,,0.35358,0.93841,1.28124,,,,,,,,,
2004-01-05,,,,0.36068,0.95160,1.29427,,,,,,,2.47901,2.01894,4.06435
2004-01-06,,,,0.36311,0.95632,1.29894,,,,,,,2.47307,2.01459,4.04779
2004-01-07,,,,0.36641,0.96318,1.30571,,,,,,,2.45798,2.00353,4.00588
2004-01-08,,,,0.36933,0.96965,1.31210,,,,,,,2.49292,2.02917,4.10305
2004-01-09,,,,0.36690,0.96391,1.30635,,,,,,,2.51111,2.04250,4.15603
2004-01-12,,,,0.37273,0.97771,1.32075,,,,,,,2.51281,2.04375,4.16104
2004-01-13,,,,0.36904,0.96899,1.31126,,,,,,,2.48378,2.02251,4.05940
2004-01-14,,,,0.37030,0.97198,1.31461,,,,,,,2.48290,2.02187,4.05611
2004-01-15,,,,0.37128,0.97428,1.31724,,,,,,,2.42663,1.98064,3.85717
2004-01-16,,,,0.37507,0.98324,1.32764,,,,,,,2.47147,2.01359,3.99965
2004-01-20,,,,0.37478,0.98255,1.32680,,,,,,,2.51075,2.04239,4.11895
2004-01-21,,,,0.37322,0.97888,1.32225,,,,,,,2.50618,2.03906,4.10476
2004-01-22,,,,0.37098,0.97361,1.31556,,,,,,,2.49563,2.03134,4.07217
2004-01-23,,,,0.36962,0.97040,1.31148,,,,,,,2.49403,2.03018,4.06707
2004-01-26,,,,0.37526,0.98372,1.32840,,,,,,,2.47047,2.01292,3.99346
2004-01-27,,,,0.36700,0.96423,1.30369,,,,,,,2.45964,2.00499,3.95984
2004-01-28,,,,0.36077,0.94951,1.28501,,,,,,,2.44761,1.99617,3.92265
2004-01-29,,,,0.36213,0.95274,1.28912,,,,,,,2.41686,1.97360,3.82826
2004-01-30,,,,0.36048,0.94883,1.28415,,,,,,,2.43111,1.98408,3.87130
2004-02-02,,,,0.35951,0.94653,1.28121,,,,,,,2.44614,1.99513,3.91695
2004-02-03,,,,0.35912,0.94562,1.28008,,,,,,,2.44720,1.99592,3.92009
2004-02-04,,,,0.35329,0.93179,1.26416,,,,,,,2.42661,1.98081,3.85685
2004-02-05,,,,0.35465,0.93500,1.26761,,,,,,,2.43314,1.98562,3.87659
2004-02-06,,,,0.36106,0.94940,1.28281,,,,,,,2.42585,1.98027,3.85423
2004-02-09,,,,0.36097,0.94919,1.28260,,,,,,,2.43916,1.99006,3.89457
2004-02-10,,,,0.36155,0.95047,1.28397,,,,,,,2.44561,1.99480,3.91413
2004-02-11,,,,0.36544,0.95899,1.29299,,,,,,,2.46277,2.00740,3.96653
2004-02-12,,,,0.36223,0.95199,1.28560,,,,,,,2.47425,2.01583,4.00167
2004-02-13,,,,0.35922,0.94539,1.27864,,,,,,,2.48297,2.02223,4.02892
2004-02-17,,,,0.36408,0.95602,1.28994,,,,,,,2.51000,2.04205,4.12075
2004-02-18,,,,0.36515,0.95836,1.29243,,,,,,,2.49161,2.02859,4.05472
2004-02-19,,,,0.35961,0.94629,1.27966,,,,,,,2.50749,2.04023,4.11175
2004-02-20,,,,0.35844,0.94374,1.27695,,,,,,,2.49118,2.02830,4.04885
2004-02-23,,,,0.35445,0.93542,1.26792,,,,,,,2.50241,2.03654,4.09170
2004-02-24,,,,0.35358,0.93370,1.26607,,,,,,,2.53010,2.05683,4.20348
2004-02-25,,,,0.35572,0.93757,1.27031,,,,,,,2.54251,2.06591,4.25451
2004-02-26,,,,0.35659,0.93908,1.27198,,,,,,,2.57407,2.08900,4.39678
2004-02-27,,,,0.35562,0.93746,1.27021,,,,,,,2.58881,2.09977,4.46588
2004-03-01,,,,0.36029,0.94504,1.27856,,,,,,,2.62874,2.12893,4.67003
2004-03-02,,,,0.35611,0.93830,1.27117,,,,,,,2.59490,2.10427,4.49124
2004-03-03,,,,0.35416,0.93517,1.26773,,,,,,,2.54736,2.06959,4.24595
2004-03-04,,,,0.35747,0.94027,1.27337,,,,,,,2.56055,2.07924,4.30377
2004-03-05,,,,0.35620,0.93836,1.27127,,,,,,,2.58251,2.09529,4.40100
2004-03-08,,,,0.34784,0.92580,1.25735,,,,,,,2.54552,2.06829,4.23393
2004-03-09,,,,0.34677,0.92436,1.25574,,,,,,,2.55154,2.07270,4.25889
2004-03-10,,,,0.34220,0.91903,1.24982,,,,,,,2.54435,2.06745,4.22843
2004-03-11,,,,0.33909,0.91610,1.24656,,,,,,,2.59468,2.10427,4.43832
2004-03-12,,,,0.34531,0.92035,1.25131,,,,,,,2.57573,2.09045,4.36237
2004-03-15,,,,0.33928,0.91679,1.24744,,,,,,,2.62253,2.12464,4.54717
2004-03-16,,,,0.33987,0.91704,1.24772,,,,,,,2.63995,2.13735,4.61535
2004-03-17,,,,0.34521,0.91863,1.24947,,,,,,,2.65689,2.14969,4.68195
2004-03-18,,,,0.34366,0.91822,1.24902,,,,,,,2.67362,2.16189,4.75108
2004-03-19,,,,0.33792,0.91660,1.24726,,,,,,,2.67548,2.16325,4.75916
2004-03-22,,,,0.33364,0.91547,1.24656,,,,,,,2.68314,2.16883,4.79443
2004-03-23,,,,0.33092,0.91476,1.24670,,,,,,,2.67884,2.16571,4.77341
2004-03-24,,,,0.33471,0.91584,1.24562,,,,,,,2.65463,2.14811,4.65520
2004-03-25,,,,0.34366,0.91831,1.24243,,,,,,,2.61224,2.11724,4.45171
2004-03-26,,,,0.34249,0.91803,1.24289,,,,,,,2.61946,2.12251,4.48504
2004-03-29,,,,0.34803,0.91955,1.24099,,,,,,,2.61838,2.12173,4.47969
2004-03-30,,,,0.34920,0.91989,1.24062,,,,,,,2.66116,2.15294,4.67947
2004-03-31,,,,0.34852,0.91974,1.24085,,,,,,,2.66873,2.15846,4.71557
2004-04-01,,,,0.35163,0.92059,1.24032,,,,,,,2.65342,2.14733,4.64131
2004-04-02,,,,0.36077,0.92302,1.24010,,,,,,,2.65553,2.14887,4.65112
2004-04-05,,,,0.36418,0.92387,1.24086,,,,,,,2.63065,2.13076,4.53168
2004-04-06,,,,0.35961,0.92164,1.23863,,,,,,,2.64924,2.14431,4.61892
2004-04-07,,,,0.35922,0.92140,1.23840,,,,,,,2.66982,2.15932,4.71673
2004-04-08,,,,0.35922,0.92141,1.23842,,,,,,,2.68224,2.16837,4.77635
2004-04-12,,,,0.36145,0.92325,1.24033,,,,,,,2.68071,2.16726,4.76831
2004-04-13,,,,0.35620,0.91844,1.23532,,,,,,,2.63008,2.13043,4.51048
2004-04-14,,,,0.35795,0.92009,1.23705,,,,,,,2.65183,2.14630,4.61049
2004-04-15,,,,0.35153,0.91416,1.23087,,,,,,,2.62814,2.12904,4.50043
2004-04-16,,,,0.35095,0.91364,1.23033,,,,,,,2.63456,2.13373,4.52839
2004-04-19,,,,0.35523,0.91767,1.23456,,,,,,,2.62809,2.12903,4.49960
2004-04-20,,,,0.34696,0.91000,1.22656,,,,,,,2.61314,2.11813,4.43355
2004-04-21,,,,0.34998,0.91287,1.22958,,,,,,,2.55252,2.07392,4.17247
2004-04-22,,,,0.35902,0.92140,1.23850,,,,,,,2.56960,2.08642,4.22577
2004-04-23,,,,0.36184,0.92403,1.24126,,,,,,,2.57558,2.09080,4.24327
2004-04-26,,,,0.35922,0.92163,1.23877,,,,,,,2.59603,2.10574,4.30246
2004-04-27,,,,0.35854,0.92103,1.23815,,,,,,,2.63095,2.13125,4.40230
2004-04-28,,,,0.35202,0.91502,1.23189,,,,,,,2.59691,2.10643,4.30580
2004-04-29,,,,0.34658,0.90994,1.22659,,,,,,,2.61554,2.12004,4.35541
2004-04-30,,,,0.33812,0.90192,1.21819,,,,,,,2.62142,2.12434,4.37106
2004-05-03,,,,0.34132,0.90424,1.22042,,,,,,,2.66359,2.15510,4.48411
2004-05-04,,,,0.34278,0.90504,1.22121,,,,,,,2.69042,2.17465,4.55669
2004-05-05,,,,0.34551,0.90624,1.22239,,,,,,,2.69826,2.18036,4.57764
2004-05-06,,,,0.34288,0.90523,1.22140,,,,,,,2.67387,2.16263,4.50521
2004-05-07,,,,0.34006,0.90435,1.22053,,,,,,,2.67800,2.16565,4.51717
2004-05-10,,,,0.33714,0.90361,1.21995,,,,,,,2.62564,2.12755,4.34966
2004-05-11,,,,0.34220,0.90500,1.22027,,,,,,,2.65844,2.15148,4.44832
2004-05-12,,,,0.34288,0.90521,1.22035,,,,,,,2.65351,2.14790,4.43366
2004-05-13,,,,0.34045,0.90460,1.22028,,,,,,,2.65779,2.15102,4.44612
2004-05-14,,,,0.33792,0.90396,1.22033,,,,,,,2.64074,2.13861,4.39578
2004-05-17,,,,0.33471,0.90313,1.22070,,,,,,,2.62576,2.12770,4.35174
2004-05-18,,,,0.33773,0.90398,1.21996,,,,,,,2.60240,2.11068,4.28345
2004-05-19,,,,0.33734,0.90391,1.22012,,,,,,,2.66824,2.15875,4.47319
2004-05-20,,,,0.33889,0.90436,1.21963,,,,,,,2.62856,2.12986,4.37910
2004-05-21,,,,0.34055,0.90483,1.21912,,,,,,,2.62800,2.12946,4.37780
2004-05-24,,,,0.34288,0.90549,1.21837,,,,,,,2.68650,2.17213,4.50706
2004-05-25,,,,0.34969,0.90732,1.21610,,,,,,,2.68279,2.16944,4.49927
2004-05-26,,,,0.35192,0.90793,1.21540,,,,,,,2.67757,2.16565,4.48835
2004-05-27,,,,0.35416,0.90854,1.21476,,,,,,,2.65086,2.14621,4.43266
2004-05-28,,,,0.35542,0.90890,1.21469,,,,,,,2.66590,2.15719,4.46388
2004-06-01,,,,0.35494,0.90882,1.21465,,,,,,,2.74679,2.21610,4.63213
2004-06-02,,,,0.35416,0.90864,1.21446,,,,,,,2.67814,2.16626,4.48809
2004-06-03,,,,0.34988,0.90719,1.21287,,,,,,,2.64014,2.13861,4.41867
2004-06-04,,,,0.35192,0.90794,1.21371,,,,,,,2.62614,2.12841,4.39438
2004-06-07,,,,0.36029,0.91095,1.21705,,,,,,,2.63337,2.13370,4.40656
2004-06-08,,,,0.36077,0.91120,1.21734,,,,,,,2.59197,2.10346,4.33714
2004-06-09,,,,0.35572,0.90789,1.21370,,,,,,,2.58021,2.09535,4.31941
2004-06-10,,,,0.35824,0.90963,1.21560,,,,,,,2.58429,2.09785,4.32504
2004-06-14,,,,0.35319,0.90594,1.21157,,,,,,,2.56848,2.08873,4.30413
2004-06-15,,,,0.35776,0.90938,1.21535,,,,,,,2.55560,2.08199,4.28833
2004-06-16,,,,0.35718,0.90898,1.21492,,,,,,,2.57411,2.09054,4.30879
2004-06-17,,,,0.35387,0.90656,1.21229,,,,,,,2.61040,2.10610,4.34649
2004-06-18,,,,0.35435,0.90695,1.21273,,,,,,,,,
2004-06-21,,,,0.35153,0.90489,1.21048,,,,,,,2.58944,2.09725,4.32496
2004-06-22,,,,0.35669,0.90878,1.21476,,,,,,,2.57981,2.09319,4.31509
2004-06-23,,,,0.36097,0.91199,1.21828,,,,,,,2.59601,2.09998,4.33191
2004-06-24,,,,0.36029,0.91152,1.21777,,,,,,,2.61916,2.10964,4.35587
2004-06-25,,,,0.36301,0.91363,1.22012,,,,,,,2.60777,2.10498,4.34424
2004-06-28,,,,0.36000,0.91107,1.21729,,,,,,,2.55858,2.08465,4.29366
2004-06-29,,,,0.36340,0.91411,1.22068,,,,,,,2.54168,2.07778,4.27656
2004-06-30,,,,0.36700,0.91752,1.22448,,,,,,,2.55501,2.08241,4.28824
2004-07-01,,,,0.36019,0.91040,1.21657,,,,,,,2.58550,2.09193,4.31267
2004-07-02,,,,0.35805,0.90815,1.21408,,,,,,,2.57548,2.08891,4.30484
2004-07-06,,,,0.35037,0.90000,1.20499,,,,,,,2.60722,2.09877,4.33018
2004-07-07,,,,0.35105,0.90076,1.20585,,,,,,,2.61370,2.10082,4.33541
2004-07-08,,,,0.34716,0.89657,1.20120,,,,,,,2.61683,2.10184,4.33799
2004-07-09,,,,0.34765,0.89701,1.20170,,,,,,,2.61012,2.09985,4.33276
2004-07-12,,,,0.34619,0.89590,1.20049,,,,,,,2.58946,2.09360,4.31582
2004-07-13,,,,0.34570,0.89562,1.20018,,,,,,,2.57559,2.08940,4.30443
2004-07-14,,,,0.34220,0.89392,1.19828,,,,,,,2.62303,2.10411,4.34399
2004-07-15,,,,0.34103,0.89359,1.19790,,,,,,,2.59948,2.09699,4.32469
2004-07-16,,,,0.33714,0.89262,1.19731,,,,,,,2.60288,2.09810,4.32763
2004-07-19,,,,0.33646,0.89248,1.19740,,,,,,,2.60439,2.09863,4.32895
2004-07-20,,,,0.34453,0.89466,1.19499,,,,,,,2.58126,2.09161,4.30933
2004-07-21,,,,0.33452,0.89210,1.19804,,,,,,,2.56033,2.08523,4.29150
2004-07-22,,,,0.33909,0.89337,1.19643,,,,,,,2.58020,2.09145,4.30871
2004-07-23,,,,0.33267,0.89172,1.19895,,,,,,,2.57841,2.09097,4.30729
2004-07-26,,,,0.33121,0.89137,1.19980,,,,,,,2.56306,2.08631,4.29425
2004-07-27,,,,0.33578,0.89265,1.19651,,,,,,,2.56288,2.08632,4.29421
2004-07-28,,,,0.33432,0.89231,1.19764,,,,,,,2.58797,2.09417,4.31591
2004-07-29,,,,0.33821,0.89339,1.19462,,,,,,,2.59217,2.09554,4.31963
2004-07-30,,,,0.33928,0.89372,1.19386,,,,,,,2.60012,2.09805,4.32654
2004-08-02,,,,0.33996,0.89394,1.19341,,,,,,,2.59298,2.09594,4.32056
2004-08-03,,,,0.33286,0.89212,1.19905,,,,,,,2.59622,2.09701,4.32346
2004-08-04,,,,0.33296,0.89220,1.19905,,,,,,,2.55994,2.08594,4.29256
2004-08-05,,,,0.32674,0.89057,1.20414,,,,,,,2.58904,2.09503,4.31774
2004-08-06,,,,0.31818,0.88829,1.21281,,,,,,,2.57229,2.08995,4.30351
2004-08-09,,,,0.31896,0.88855,1.21183,,,,,,,2.58358,2.09351,4.31333
2004-08-10,,,,0.32295,0.88971,1.20561,,,,,,,2.57857,2.09205,4.30917
2004-08-11,,,,0.32013,0.88898,1.21016,,,,,,,2.56066,2.08658,4.29391
2004-08-12,,,,0.31575,0.88781,1.21811,,,,,,,2.57553,2.09121,4.30684
2004-08-13,,,,0.31624,0.88799,1.21717,,,,,,,2.60976,2.10160,4.33634
2004-08-16,,,,0.31983,0.88905,1.20908,,,,,,,2.59710,2.09789,4.32566
2004-08-17,,,,0.32343,0.89009,1.20113,,,,,,,2.61273,2.10265,4.33915
2004-08-18,,,,0.32917,0.89172,1.18861,,,,,,,2.60990,2.10189,4.33676
2004-08-19,,,,0.32742,0.89129,1.19247,,,,,,,2.65002,2.11391,4.37378
2004-08-20,,,,0.33073,0.89224,1.18541,,,,,,,2.63914,2.11028,4.36212
2004-08-23,,,,0.33150,0.89249,1.18397,,,,,,,2.62727,2.10571,4.34734
2004-08-24,,,,0.33141,0.89252,1.18425,,,,,,,2.59686,2.09323,4.30681
2004-08-25,,,,0.33598,0.89380,1.17614,,,,,,,2.55864,2.07744,4.25568
2004-08-26,,,,0.33452,0.89346,1.17843,,,,,,,2.54347,2.07108,4.23563
2004-08-27,,,,0.33607,0.89392,1.17629,,,,,,,2.53595,2.06844,4.22749
2004-08-30,,,,0.33043,0.89247,1.18373,,,,,,,2.54332,2.07040,4.23345
2004-08-31,,,,0.33082,0.89263,1.18332,,,,,,,2.55267,2.07238,4.23959
2004-09-01,,,,0.33325,0.89333,1.18023,,,,,,,2.58520,2.07819,4.25814
2004-09-02,,,,0.33821,0.89471,1.17398,,,,,,,2.56389,2.07459,4.24638
2004-09-03,,,,0.33199,0.89312,1.18060,,,,,,,2.53978,2.07043,4.23282
2004-09-07,,,,0.33481,0.89393,1.17773,,,,,,,2.51868,2.06746,4.22342
2004-09-08,,,,0.33355,0.89364,1.17908,,,,,,,2.50786,2.06669,4.22098
2004-09-09,,,,0.33637,0.89445,1.17637,,,,,,,2.54274,2.06968,4.22041
2004-09-10,,,,0.34152,0.89587,1.17174,,,,,,,2.51997,2.06795,4.22111
2004-09-13,,,,0.34599,0.89710,1.16868,,,,,,,2.55198,2.07070,4.21762
2004-09-14,,,,0.34648,0.89728,1.16852,,,,,,,2.56052,2.07151,4.21691
2004-09-15,,,,0.34278,0.89637,1.16956,,,,,,,2.54459,2.07034,4.21906
2004-09-16,,,,0.34346,0.89660,1.16949,,,,,,,2.54655,2.07062,4.21912
2004-09-17,,,,0.34453,0.89693,1.16943,,,,,,,2.57886,2.07338,4.21564
2004-09-20,,,,0.34453,0.89699,1.16950,,,,,,,2.59132,2.07450,4.21443
2004-09-21,,,,0.34589,0.89740,1.16960,,,,,,,2.63755,2.07832,4.21159
2004-09-22,,,,0.33987,0.89589,1.16903,,,,,,,2.67165,2.08122,4.21983
2004-09-23,,,,0.33957,0.89586,1.16908,,,,,,,2.67624,2.08214,4.22230
2004-09-24,,,,0.33841,0.89561,1.16902,,,,,,,2.65839,2.07633,4.20521
2004-09-27,,,,0.33549,0.89489,1.16878,,,,,,,2.67644,2.08332,4.22546
2004-09-28,,,,0.33617,0.89513,1.16893,,,,,,,2.68656,2.08796,4.23904
2004-09-29,,,,0.34113,0.89650,1.16956,,,,,,,2.71982,2.10587,4.29335
2004-09-30,,,,0.34171,0.89671,1.16969,,,,,,,2.72745,2.11057,4.30724
2004-10-01,,,,0.35105,0.89921,1.17078,,,,,,,2.73017,2.11248,4.31279
2004-10-04,,,,0.35309,0.89979,1.17106,,,,,,,2.70698,2.09634,4.25303
2004-10-05,,,,0.35358,0.89995,1.17120,,,,,,,2.75290,2.12836,4.37019
2004-10-06,,,,0.35640,0.90100,1.17236,,,,,,,2.77331,2.14258,4.42234
2004-10-07,,,,0.35241,0.89883,1.16997,,,,,,,2.78575,2.15124,4.45732
2004-10-08,,,,0.34599,0.89487,1.16567,,,,,,,2.80977,2.16795,4.53193
2004-10-11,,,,0.34765,0.89596,1.16687,,,,,,,2.80881,2.16729,4.52798
2004-10-12,,,,0.34706,0.89564,1.16653,,,,,,,2.75676,2.13116,4.33848
2004-10-13,,,,0.34628,0.89519,1.16606,,,,,,,2.72765,2.11092,4.23767
2004-10-14,,,,0.34473,0.89426,1.16505,,,,,,,2.74595,2.12369,4.29614
2004-10-15,,,,0.34648,0.89541,1.16633,,,,,,,2.76155,2.13456,4.34627
2004-10-18,,,,0.35144,0.89859,1.16981,,,,,,,2.72863,2.11167,4.23861
2004-10-19,,,,0.34891,0.89706,1.16815,,,,,,,2.75327,2.12885,4.31293
2004-10-20,,,,0.35056,0.89815,1.16935,,,,,,,2.78662,2.15207,4.41402
2004-10-21,,,,0.35591,0.90154,1.17307,,,,,,,2.80096,2.16205,4.45780
2004-10-22,,,,0.34813,0.89678,1.16789,,,,,,,2.81875,2.17443,4.51240
2004-10-25,,,,0.34648,0.89579,1.16682,,,,,,,2.80336,2.16376,4.46343
2004-10-26,,,,0.34833,0.89701,1.16817,,,,,,,2.83992,2.18917,4.58111
2004-10-27,,,,0.35718,0.90262,1.17431,,,,,,,2.78121,2.14846,4.38491
2004-10-28,,,,0.35941,0.90405,1.17588,,,,,,,2.74649,2.12433,4.28078
2004-10-29,,,,0.35883,0.90372,1.17554,,,,,,,2.77378,2.14335,4.35422
2004-11-01,,,,0.36019,0.90476,1.17666,,,,,,,2.73304,2.11503,4.24550
2004-11-02,,,,0.36136,0.90578,1.17777,,,,,,,2.71899,2.10526,4.21219
2004-11-03,,,,0.36379,0.90816,1.18037,,,,,,,2.75072,2.12739,4.28282
2004-11-04,,,,0.36583,0.91040,1.18287,,,,,,,2.71443,2.10215,4.20484
2004-11-05,,,,0.36914,0.91444,1.18737,,,,,,,2.71627,2.10345,4.20824
2004-11-08,,,,0.36952,0.91497,1.18798,,,,,,,2.69623,2.08947,4.17025
2004-11-09,,,,0.36875,0.91384,1.18673,,,,,,,2.66897,2.07092,4.12198
2004-11-10,,,,0.36748,0.91190,1.18459,,,,,,,2.71167,2.09626,4.18776
2004-11-11,,,,0.37234,0.91963,1.19322,,,,,,,2.68335,2.08077,4.14870
2004-11-12,,,,0.37594,0.92562,1.19989,,,,,,,2.68781,2.08304,4.15435
2004-11-15,,,,0.37760,0.92856,1.20318,,,,,,,2.70543,2.09147,4.17601
2004-11-16,,,,0.37526,0.92411,1.19823,,,,,,,2.67599,2.07770,4.13992
2004-11-17,,,,0.38032,0.93410,1.20940,,,,,,,2.72217,2.09757,4.19156
2004-11-18,,,,0.38207,0.93771,1.21344,,,,,,,2.69991,2.08817,4.16793
2004-11-19,,,,0.37614,0.92480,1.19905,,,,,,,2.73246,2.10198,4.20273
2004-11-22,,,,0.37974,0.93270,1.20790,,,,,,,2.71408,2.09435,4.18333
2004-11-23,,,,0.37915,0.93142,1.20648,,,,,,,2.73105,2.10157,4.20149
2004-11-24,,,,0.38246,0.93874,1.21470,,,,,,,2.78987,2.12634,4.26408
2004-11-26,,,,0.38129,0.93617,1.21177,,,,,,,,,
2004-11-29,,,,0.38119,0.93596,1.21154,,,,,,,2.76363,2.11551,4.23650
2004-11-30,,,,0.38042,0.93425,1.20957,,,,,,,2.74005,2.10575,4.21166
2004-12-01,,,,0.38820,0.95145,1.22950,,,,,,,2.67735,2.07956,4.14522
2004-12-02,,,,0.38965,0.95468,1.23329,,,,,,,2.59534,2.04474,4.05770
2004-12-03,,,,0.39024,0.95598,1.23487,,,,,,,2.59453,2.04447,4.05712
2004-12-06,,,,0.39160,0.95899,1.23869,,,,,,,2.60289,2.04609,4.06055
2004-12-07,,,,0.38489,0.94420,1.21923,,,,,,,2.55228,2.04066,4.04855
2004-12-08,,,,0.38713,0.94915,1.22574,,,,,,,2.54466,2.04021,4.04878
2004-12-09,,,,0.38946,0.95431,1.23253,,,,,,,2.55449,2.04116,4.04639
2004-12-10,,,,0.38829,0.95174,1.22915,,,,,,,2.52507,2.03897,4.05922
2004-12-13,,,,0.39170,0.95926,1.23904,,,,,,,2.56504,2.04235,4.03308
2004-12-14,,,,0.39364,0.96356,1.24468,,,,,,,2.57315,2.04316,4.02824
2004-12-15,,,,0.39218,0.96035,1.24040,,,,,,,2.62621,2.04753,3.99274
2004-12-16,,,,0.38849,0.95222,1.22942,,,,,,,2.60963,2.04640,4.00415
2004-12-17,,,,0.38750,0.95003,1.22647,,,,,,,2.67338,2.05155,3.96205
2004-12-20,,,,0.38485,0.94420,1.21859,,,,,,,2.65828,2.05055,3.96987
2004-12-21,,,,0.38956,0.95461,1.23262,,,,,,,2.65806,2.05070,3.97030
2004-12-22,,,,0.39005,0.95570,1.23409,,,,,,,2.62767,2.04851,3.98112
2004-12-23,,,,0.39034,0.95636,1.23498,,,,,,,2.63203,2.04901,3.98003
2004-12-27,,,,0.38867,0.95268,1.23002,,,,,,,2.57779,2.04495,3.99926
2004-12-28,,,,0.39240,0.96092,1.24112,,,,,,,2.58655,2.04580,3.99658
2004-12-29,,,,0.39290,0.96201,1.24259,,,,,,,2.61581,2.04828,3.98664
2004-12-30,,,,0.39260,0.96137,1.24172,,,,,,,2.60546,2.04763,3.99068
2004-12-31,,,,0.39191,0.95987,1.23968,,,,,,,,,
2005-01-03,,,,0.38779,0.95079,1.22743,,,,,,,2.56438,2.04457,4.00555
2005-01-04,,,,0.38072,0.93520,1.20640,,,,,,,2.54846,2.04347,4.01157
2005-01-05,,,,0.37837,0.93000,1.19946,,,,,,,2.54488,2.04335,4.01353
2005-01-06,,,,0.37650,0.92584,1.19445,,,,,,,2.58642,2.04685,3.98871
2005-01-07,,,,0.37846,0.92981,1.19917,,,,,,,2.58172,2.04664,3.99201
2005-01-10,,,,0.37827,0.92944,1.19874,,,,,,,2.58840,2.04734,3.98853
2005-01-11,,,,0.37562,0.92480,1.19321,,,,,,,2.60135,2.04853,3.98133
2005-01-12,,,,0.37876,0.92986,1.19929,,,,,,,2.59935,2.04855,3.98301
2005-01-13,,,,0.37375,0.92222,1.19012,,,,,,,2.64284,2.05214,3.95777
2005-01-14,,,,0.37729,0.92717,1.19608,,,,,,,2.62914,2.05125,3.96615
2005-01-18,,,,0.38013,0.93098,1.20068,,,,,,,2.61652,2.05044,3.97342
2005-01-19,,,,0.37385,0.92271,1.19072,,,,,,,2.62541,2.05130,3.96921
2005-01-20,,,,0.36668,0.91397,1.18028,,,,,,,2.61691,2.05081,3.97373
2005-01-21,,,,0.36374,0.91113,1.17702,,,,,,,2.63375,2.05230,3.96616
2005-01-24,,,,0.35863,0.90744,1.17273,,,,,,,2.64961,2.05370,3.96012
2005-01-25,,,,0.36040,0.90822,1.17364,,,,,,,2.65772,2.05451,3.95805
2005-01-26,,,,0.36472,0.90939,1.17479,,,,,,,2.65558,2.05452,3.95872
2005-01-27,,,,0.36423,0.90934,1.17480,,,,,,,2.63507,2.05310,3.96088
2005-01-28,,,,0.36246,0.90898,1.17473,,,,,,,2.61300,2.05156,3.96320
2005-01-31,,,,0.36717,0.91024,1.17479,,,,,,,2.63209,2.05324,3.96194
2005-02-01,,,,0.36835,0.91061,1.17489,,,,,,,2.60932,2.05165,3.96433
2005-02-02,,,,0.36894,0.91084,1.17500,,,,,,,2.59296,2.05054,3.96618
2005-02-03,,,,0.36472,0.90988,1.17516,,,,,,,2.57414,2.04923,3.96815
2005-02-04,,,,0.37061,0.91142,1.17520,,,,,,,2.56874,2.04898,3.96921
2005-02-07,,,,0.36982,0.91131,1.17533,,,,,,,2.55431,2.04801,3.97458
2005-02-08,,,,0.37051,0.91156,1.17544,,,,,,,2.56668,2.04918,3.96761
2005-02-09,,,,0.36433,0.91012,1.17563,,,,,,,2.57166,2.04976,3.96453
2005-02-10,,,,0.36472,0.91030,1.17574,,,,,,,2.61296,2.05323,3.93229
2005-02-11,,,,0.37012,0.91173,1.17579,,,,,,,2.61869,2.05387,3.92843
2005-02-14,,,,0.37179,0.91222,1.17589,,,,,,,2.63422,2.05527,3.91691
2005-02-15,,,,0.37424,0.91291,1.17598,,,,,,,2.64489,2.05629,3.90998
2005-02-16,,,,0.37287,0.91265,1.17611,,,,,,,2.64723,2.05666,3.90913
2005-02-17,,,,0.36786,0.91151,1.17626,,,,,,,2.65122,2.05716,3.90801
2005-02-18,,,,0.36668,0.91130,1.17639,,,,,,,2.66547,2.05845,3.90523
2005-02-22,,,,0.36217,0.91027,1.17655,,,,,,,2.74516,2.06474,3.90389
2005-02-23,,,,0.36266,0.91048,1.17667,,,,,,,2.76556,2.06707,3.90959
2005-02-24,,,,0.36727,0.91172,1.17676,,,,,,,2.75082,2.06349,3.90026
2005-02-25,,,,0.36933,0.91232,1.17687,,,,,,,2.78635,2.07527,3.93046
2005-02-28,,,,0.36541,0.91144,1.17702,,,,,,,2.81790,2.08872,3.96496
2005-03-01,,,,0.36943,0.91253,1.17712,,,,,,,2.79832,2.07808,3.93710
2005-03-02,,,,0.36923,0.91257,1.17725,,,,,,,2.82538,2.09454,3.97943
2005-03-03,,,,0.36619,0.91190,1.17740,,,,,,,2.83823,2.10314,4.00221
2005-03-04,,,,0.36835,0.91253,1.17751,,,,,,,2.85205,2.11238,4.02934
2005-03-07,,,,0.37365,0.91393,1.17760,,,,,,,2.84743,2.10932,4.01869
2005-03-08,,,,0.36992,0.91311,1.17775,,,,,,,2.88643,2.13535,4.11067
2005-03-09,,,,0.36884,0.91293,1.17788,,,,,,,2.90008,2.14446,4.14401
2005-03-10,,,,0.36835,0.91289,1.17801,,,,,,,2.88924,2.13727,4.11374
2005-03-11,,,,0.36492,0.91213,1.17816,,,,,,,2.91976,2.15761,4.20067
2005-03-14,,,,0.36658,0.91264,1.17828,,,,,,,2.92030,2.15799,4.20149
2005-03-15,,,,0.36364,0.91199,1.17843,,,,,,,2.95450,2.18076,4.31294
2005-03-16,,,,0.35952,0.91105,1.17859,,,,,,,2.97187,2.19232,4.37167
2005-03-17,,,,0.36040,0.91136,1.17869,,,,,,,2.95880,2.18367,4.32336
2005-03-18,,,,0.35844,0.91096,1.17901,,,,,,,2.94543,2.17481,4.27347
2005-03-21,,,,0.35912,0.91122,1.17895,,,,,,,2.91608,2.15533,4.16399
2005-03-22,,,,0.35471,0.91019,1.18067,,,,,,,2.90261,2.14640,4.11414
2005-03-23,,,,0.35598,0.91061,1.18006,,,,,,,2.84596,2.10871,3.90807
2005-03-24,,,,0.35608,0.91073,1.18013,,,,,,,2.85505,2.11480,3.93760
2005-03-28,,,,0.35677,0.91099,1.17975,,,,,,,2.84848,2.11044,3.91550
2005-03-29,,,,0.35392,0.91036,1.18224,,,,,,,2.86629,2.12234,3.97127
2005-03-30,,,,0.36060,0.91216,1.17603,,,,,,,2.88898,2.13749,4.04199
2005-03-31,,,,0.35903,0.91185,1.17766,,,,,,,2.91840,2.15710,4.13476
2005-04-01,,,,0.35539,0.91102,1.18123,,,,,,,2.92404,2.16087,4.15229
2005-04-04,,,,0.35795,0.91176,1.17897,,,,,,,2.90449,2.14790,4.08878
2005-04-05,,,,0.35893,0.91210,1.17821,,,,,,,2.88747,2.13660,4.03392
2005-04-06,,,,0.35834,0.91204,1.17892,,,,,,,2.88982,2.13818,4.04079
2005-04-07,,,,0.36266,0.91323,1.17502,,,,,,,2.85152,2.11270,3.91857
2005-04-08,,,,0.35971,0.91258,1.17792,,,,,,,2.82365,2.09414,3.83615
2005-04-11,,,,0.35814,0.91227,1.17955,,,,,,,2.83844,2.10403,3.87422
2005-04-12,,,,0.35991,0.91281,1.17805,,,,,,,2.80576,2.08226,3.79169
2005-04-13,,,,0.35402,0.91140,1.18373,,,,,,,2.76774,2.05688,3.70819
2005-04-14,,,,0.34901,0.91020,1.18868,,,,,,,2.76392,2.05423,3.70105
2005-04-15,,,,0.34106,0.90821,1.19655,,,,,,,2.75588,2.04946,3.68824
2005-04-18,,,,0.34116,0.90833,1.19655,,,,,,,2.73955,2.04128,3.66586
2005-04-19,,,,0.34351,0.90905,1.19296,,,,,,,2.80781,2.06888,3.74137
2005-04-20,,,,0.34067,0.90839,1.19805,,,,,,,2.83022,2.07693,3.76024
2005-04-21,,,,0.34970,0.91089,1.18004,,,,,,,2.82656,2.07576,3.75735
2005-04-22,,,,0.34449,0.90963,1.19032,,,,,,,2.84394,2.08202,3.77198
2005-04-25,,,,0.34734,0.91047,1.18489,,,,,,,2.84457,2.08237,3.77263
2005-04-26,,,,0.34410,0.90972,1.19144,,,,,,,2.84508,2.08265,3.77308
2005-04-27,,,,0.34459,0.90994,1.19068,,,,,,,2.78065,2.05897,3.71159
2005-04-28,,,,0.34116,0.90912,1.19770,,,,,,,2.76950,2.05492,3.70087
2005-04-29,,,,0.34342,0.90982,1.19337,,,,,,,2.74834,2.04705,3.68205
2005-05-02,,,,0.34479,0.91028,1.19084,,,,,,,2.75364,2.04872,3.68596
2005-05-03,,,,0.34656,0.91084,1.18755,,,,,,,2.70829,2.03732,3.65778
2005-05-04,,,,0.35078,0.91204,1.17946,,,,,,,2.71905,2.03905,3.66178
2005-05-05,,,,0.35107,0.91220,1.17910,,,,,,,2.72897,2.04010,3.66408
2005-05-06,,,,0.35205,0.91255,1.17740,,,,,,,2.73231,2.04055,3.66476
2005-05-09,,,,0.35372,0.91307,1.17448,,,,,,,2.74634,2.04181,3.66590
2005-05-10,,,,0.35117,0.91251,1.17905,,,,,,,2.75621,2.04275,3.66677
2005-05-11,,,,0.35294,0.91306,1.17624,,,,,,,2.73545,2.04141,3.66616
2005-05-12,,,,0.35196,0.91290,1.17800,,,,,,,2.68257,2.03767,3.66494
2005-05-13,,,,0.35579,0.91398,1.17210,,,,,,,2.66167,2.03629,3.66863
2005-05-16,,,,0.35814,0.91468,1.16901,,,,,,,2.65085,2.03567,3.67335
2005-05-17,,,,0.36030,0.91532,1.16659,,,,,,,2.66419,2.03690,3.66481
2005-05-18,,,,0.36521,0.91666,1.16187,,,,,,,2.65876,2.03668,3.66958
2005-05-19,,,,0.36825,0.91752,1.15997,,,,,,,2.64258,2.03565,3.68565
2005-05-20,,,,0.36973,0.91798,1.15955,,,,,,,2.64061,2.03570,3.68853
2005-05-23,,,,0.37159,0.91853,1.15949,,,,,,,2.66899,2.03810,3.65136
2005-05-24,,,,0.37277,0.91890,1.15979,,,,,,,2.67736,2.03895,3.64119
2005-05-25,,,,0.37120,0.91844,1.15923,,,,,,,2.71038,2.04168,3.59895
2005-05-26,,,,0.37493,0.92019,1.16136,,,,,,,2.71916,2.04255,3.58848
2005-05-27,,,,0.37513,0.92037,1.16158,,,,,,,2.72613,2.04328,3.58083
2005-05-31,,,,0.37385,0.91949,1.16052,,,,,,,,,
2005-06-01,,,,0.37689,0.92200,1.16358,,,,,,,2.78233,2.04771,3.52135
2005-06-02,,,,0.37954,0.92444,1.16658,,,,,,,2.77129,2.04711,3.52818
2005-06-03,,,,0.37405,0.91882,1.15969,,,,,,,2.80592,2.04988,3.51370
2005-06-06,,,,0.37414,0.91899,1.15990,,,,,,,2.81301,2.05062,3.51267
2005-06-07,,,,0.37100,0.91575,1.15592,,,,,,,2.79328,2.04939,3.51212
2005-06-08,,,,0.37022,0.91498,1.15497,,,,,,,2.76031,2.04719,3.50746
2005-06-09,,,,0.37257,0.91753,1.15812,,,,,,,2.78223,2.04903,3.51115
2005-06-10,,,,0.36865,0.91346,1.15311,,,,,,,2.75884,2.04745,3.50719
2005-06-13,,,,0.37041,0.91539,1.15549,,,,,,,2.79799,2.05066,3.51475
2005-06-14,,,,0.36894,0.91390,1.15365,,,,,,,2.79113,2.05017,3.51343
2005-06-15,,,,0.37012,0.91521,1.15527,,,,,,,2.82615,2.05455,3.52378
2005-06-16,,,,0.37208,0.91734,1.15790,,,,,,,2.85206,2.05910,3.53441
2005-06-17,,,,0.37213,0.91746,1.15804,,,,,,,2.89560,2.06979,3.55990
2005-06-20,,,,0.37213,0.91752,1.15812,,,,,,,2.92404,2.07928,3.58206
2005-06-21,,,,0.37193,0.91737,1.15795,,,,,,,2.89232,2.06522,3.54842
2005-06-22,,,,0.37154,0.91702,1.15752,,,,,,,2.87901,2.05878,3.53331
2005-06-23,,,,0.36742,0.91275,1.15221,,,,,,,2.88284,2.06078,3.53781
2005-06-24,,,,0.36329,0.90888,1.14737,,,,,,,2.89709,2.06859,3.55633
2005-06-27,,,,0.36162,0.90763,1.14582,,,,,,,2.86507,2.04987,3.51024
2005-06-28,,,,0.36506,0.90972,1.14844,,,,,,,2.80723,2.01594,3.42700
2005-06-29,,,,0.36427,0.90939,1.14803,,,,,,,2.80376,2.01386,3.42236
2005-06-30,,,,0.36142,0.90823,1.14656,,,,,,,2.77240,1.99705,3.38468
2005-07-01,,,,0.36093,0.90816,1.14647,,,,,,,2.80492,2.01161,3.41685
2005-07-05,,,,0.36466,0.90921,1.14752,,,,,,,2.87407,2.03946,3.47800
2005-07-06,,,,0.36289,0.90887,1.14721,,,,,,,2.90566,2.05212,3.50388
2005-07-07,,,,0.36417,0.90929,1.14758,,,,,,,2.88759,2.04509,3.48935
2005-07-08,,,,0.37115,0.91113,1.14898,,,,,,,2.86941,2.03800,3.47470
2005-07-11,,,,0.37459,0.91207,1.14973,,,,,,,2.86534,2.03649,3.47153
2005-07-12,,,,0.37636,0.91261,1.15016,,,,,,,2.89772,2.04947,3.49801
2005-07-13,,,,0.37724,0.91291,1.15045,,,,,,,2.90558,2.05268,3.50473
2005-07-14,,,,0.38098,0.91421,1.15211,,,,,,,2.89227,2.04691,3.49193
2005-07-15,,,,0.38215,0.91489,1.15297,,,,,,,2.89703,2.04914,3.49673
2005-07-18,,,,0.38058,0.91386,1.15165,,,,,,,2.87087,2.03678,3.46843
2005-07-19,,,,0.38500,0.91746,1.15624,,,,,,,2.84296,2.02355,3.43821
2005-07-20,,,,0.38776,0.92012,1.15963,,,,,,,2.83615,2.02038,3.43086
2005-07-21,,,,0.38785,0.92026,1.15982,,,,,,,2.79949,2.00282,3.39092
2005-07-22,,,,0.38736,0.91968,1.15907,,,,,,,2.82841,2.01524,3.41894
2005-07-25,,,,0.38589,0.91772,1.15654,,,,,,,2.82835,2.01531,3.41898
2005-07-26,,,,0.38736,0.91983,1.15926,,,,,,,2.83678,2.01851,3.42624
2005-07-27,,,,0.39031,0.92412,1.16478,,,,,,,2.85087,2.02365,3.43822
2005-07-28,,,,0.39218,0.92699,1.16849,,,,,,,2.88628,2.03635,3.46809
2005-07-29,,,,0.38893,0.92175,1.16167,,,,,,,2.89664,2.04014,3.47689
2005-08-01,,,,0.38962,0.92292,1.16319,,,,,,,2.92883,2.05158,3.50385
2005-08-02,,,,0.39385,0.92998,1.17240,,,,,,,2.96189,2.06364,3.53290
2005-08-03,,,,0.39365,0.92966,1.17198,,,,,,,2.93872,2.05337,3.50777
2005-08-04,,,,0.38982,0.92282,1.16299,,,,,,,2.94375,2.05584,3.51348
2005-08-05,,,,0.38795,0.91949,1.15862,,,,,,,2.95159,2.06003,3.52358
2005-08-08,,,,0.38510,0.91439,1.15193,,,,,,,2.96159,2.06583,3.53794
2005-08-09,,,,0.38766,0.91903,1.15800,,,,,,,2.93022,2.04617,3.48663
2005-08-10,,,,0.38432,0.91304,1.15014,,,,,,,2.98554,2.08096,3.57628
2005-08-11,,,,0.38746,0.91874,1.15762,,,,,,,3.01802,2.10137,3.62920
2005-08-12,,,,0.38530,0.91487,1.15254,,,,,,,3.02402,2.10516,3.63857
2005-08-15,,,,0.38766,0.91908,1.15813,,,,,,,2.99556,2.08736,3.58597
2005-08-16,,,,0.38137,0.90813,1.14353,,,,,,,3.00889,2.09574,3.60993
2005-08-17,,,,0.38363,0.91167,1.14805,,,,,,,2.95601,2.06262,3.50663
2005-08-18,,,,0.38166,0.90881,1.14437,,,,,,,2.92938,2.04593,3.45547
2005-08-19,,,,0.38147,0.90858,1.14407,,,,,,,2.96183,2.06635,3.51233
2005-08-22,,,,0.38166,0.90888,1.14446,,,,,,,2.99655,2.08818,3.57119
2005-08-23,,,,0.38058,0.90759,1.14273,,,,,,,2.99923,2.08989,3.57556
2005-08-24,,,,0.37832,0.90503,1.13932,,,,,,,3.02097,2.10355,3.61253
2005-08-25,,,,0.37921,0.90600,1.14061,,,,,,,3.00423,2.09309,3.58360
2005-08-26,,,,0.37793,0.90485,1.13906,,,,,,,2.99684,2.08849,3.57072
2005-08-29,,,,0.38088,0.90745,1.14253,,,,,,,3.07419,2.13703,3.70381
2005-08-30,,,,0.37950,0.90637,1.14107,,,,,,,3.13925,2.17776,3.81697
2005-08-31,,,,0.38304,0.90927,1.14495,,,,,,,3.11522,2.16279,3.77446
2005-09-01,,,,0.38245,0.90889,1.14442,,,,,,,3.17454,2.19988,3.87819
2005-09-02,,,,0.38098,0.90780,1.14296,,,,,,,3.13718,2.17661,3.81148
2005-09-06,,,,0.38658,0.91233,1.14902,,,,,,,3.12956,2.17189,3.79740
2005-09-07,,,,0.38726,0.91296,1.14985,,,,,,,3.07747,2.13938,3.69807
2005-09-08,,,,0.38717,0.91296,1.14984,,,,,,,3.08737,2.14560,3.71642
2005-09-09,,,,0.38933,0.91475,1.15223,,,,,,,3.08101,2.14165,3.70415
2005-09-12,,,,0.39041,0.91568,1.15346,,,,,,,3.05605,2.12606,3.65683
2005-09-13,,,,0.38943,0.91498,1.15252,,,,,,,3.03529,2.11310,3.61763
2005-09-14,,,,0.38500,0.91140,1.14768,,,,,,,3.07278,2.13661,3.68732
2005-09-15,,,,0.38481,0.91132,1.14756,,,,,,,3.06225,2.13006,3.66758
2005-09-16,,,,0.38717,0.91336,1.15030,,,,,,,3.03008,2.10995,3.60775
2005-09-19,,,,0.38412,0.91092,1.14699,,,,,,,3.18025,2.20408,3.87000
2005-09-20,,,,0.38255,0.90968,1.14532,,,,,,,3.15450,2.18805,3.84222
2005-09-21,,,,0.37832,0.90622,1.14065,,,,,,,3.17565,2.20129,3.86517
2005-09-22,,,,0.37970,0.90745,1.14229,,,,,,,3.19195,2.21149,3.88271
2005-09-23,,,,0.38078,0.90836,1.14352,,,,,,,3.13982,2.17901,3.82163
2005-09-26,,,,0.38088,0.90851,1.14371,,,,,,,3.18950,2.21007,3.87991
2005-09-27,,,,0.37999,0.90800,1.14300,,,,,,,3.17961,2.20393,3.86821
2005-09-28,,,,0.38009,0.90814,1.14318,,,,,,,3.26197,2.25534,3.97109
2005-09-29,,,,0.38520,0.91111,1.14724,,,,,,,3.27457,2.26321,3.98662
2005-09-30,,,,0.38776,0.91263,1.14930,,,,,,,3.26001,2.25419,3.96625
2005-10-03,,,,0.38874,0.91327,1.15017,,,,,,,3.27084,2.26096,3.98206
2005-10-04,,,,0.38618,0.91196,1.14835,,,,,,,3.25180,2.24914,3.95105
2005-10-05,,,,0.38088,0.90911,1.14443,,,,,,,3.23968,2.24163,3.93040
2005-10-06,,,,0.37587,0.90639,1.14069,,,,,,,3.17862,2.20364,3.82438
2005-10-07,,,,0.37675,0.90696,1.14146,,,,,,,3.18024,2.20468,3.82692
2005-10-10,,,,0.37469,0.90610,1.14031,,,,,,,3.16995,2.19829,3.80901
2005-10-11,,,,0.37282,0.90564,1.13965,,,,,,,3.22725,2.23408,3.90708
2005-10-12,,,,0.36840,0.90468,1.13893,,,,,,,3.24104,2.24270,3.93040
2005-10-13,,,,0.37125,0.90550,1.13869,,,,,,,3.20124,2.21795,3.86207
2005-10-14,,,,0.37400,0.90629,1.13811,,,,,,,3.18845,2.21001,3.84005
2005-10-17,,,,0.37518,0.90670,1.13794,,,,,,,3.24789,2.24712,3.94082
2005-10-18,,,,0.37252,0.90618,1.13890,,,,,,,3.20227,2.21875,3.86285
2005-10-19,,,,0.37999,0.90812,1.13630,,,,,,,3.17979,2.20477,3.82591
2005-10-20,,,,0.37645,0.90740,1.13779,,,,,,,3.13170,2.17479,3.74796
2005-10-21,,,,0.37881,0.90809,1.13710,,,,,,,3.12248,2.16906,3.73428
2005-10-24,,,,0.38481,0.90965,1.13510,,,,,,,3.11055,2.16163,3.71737
2005-10-25,,,,0.38333,0.90942,1.13580,,,,,,,3.21752,2.22856,3.85949
2005-10-26,,,,0.38137,0.90908,1.13650,,,,,,,3.16620,2.19679,3.80565
2005-10-27,,,,0.37370,0.90738,1.13835,,,,,,,3.14799,2.18573,3.78710
2005-10-28,,,,0.37655,0.90819,1.13790,,,,,,,3.11728,2.16744,3.75571
2005-10-31,,,,0.38196,0.90962,1.13690,,,,,,,3.05487,2.13238,3.69458
2005-11-01,,,,0.38166,0.90968,1.13715,,,,,,,3.04020,2.12538,3.68264
2005-11-02,,,,0.38667,0.91100,1.13622,,,,,,,3.03556,2.12354,3.67943
2005-11-03,,,,0.39247,0.91249,1.13586,,,,,,,3.07636,2.13772,3.70487
2005-11-04,,,,0.39385,0.91292,1.13618,,,,,,,3.05218,2.13026,3.69154
2005-11-07,,,,0.39434,0.91316,1.13647,,,,,,,3.06753,2.13476,3.69973
2005-11-08,,,,0.39444,0.91330,1.13663,,,,,,,3.07087,2.13584,3.70171
2005-11-09,,,,0.39463,0.91350,1.13688,,,,,,,3.05444,2.13180,3.69399
2005-11-10,,,,0.39896,0.91662,1.14064,,,,,,,3.02533,2.12504,3.68082
2005-11-11,,,,0.40004,0.91759,1.14181,,,,,,,3.05193,2.13047,3.69142
2005-11-14,,,,0.40004,0.91765,1.14188,,,,,,,3.05027,2.13040,3.69121
2005-11-15,,,,0.39817,0.91565,1.13941,,,,,,,3.03465,2.12794,3.68612
2005-11-16,,,,0.40063,0.91855,1.14301,,,,,,,3.07895,2.13486,3.70034
2005-11-17,,,,0.40593,0.92511,1.15129,,,,,,,3.05253,2.13119,3.69263
2005-11-18,,,,0.40731,0.92698,1.15362,,,,,,,3.02294,2.12699,3.68381
2005-11-21,,,,0.40829,0.92847,1.15549,,,,,,,3.02069,2.12692,3.68357
2005-11-22,,,,0.40977,0.93088,1.15857,,,,,,,3.03585,2.12875,3.68733
2005-11-23,,,,0.41075,0.93261,1.16082,,,,,,,3.02766,2.12823,3.68609
2005-11-25,,,,0.41163,0.93428,1.16301,,,,,,,,,
2005-11-28,,,,0.40820,0.92743,1.15381,1.00648,1.00584,1.01181,,,,3.01170,2.12722,3.68363
2005-11-29,,,,0.40623,0.92352,1.14855,1.00769,1.00695,1.01408,,,,3.00573,2.12709,3.68333
2005-11-30,,,,0.40525,0.92158,1.14593,0.99352,0.99423,0.98209,,,,3.06220,2.13138,3.68706
2005-12-01,,,,0.41281,0.93673,1.16622,1.01518,1.01374,1.02958,,,,3.12778,2.13624,3.69124
2005-12-02,,,,0.41380,0.93870,1.16886,1.01821,1.01649,1.03579,,,,3.17908,2.13998,3.69432
2005-12-05,,,,0.41075,0.93264,1.16071,1.02752,1.02487,1.05524,,,,3.19267,2.14155,3.69734
2005-12-06,,,,0.41213,0.93541,1.16440,1.02975,1.02688,1.05980,,,,3.17207,2.13757,3.68910
2005-12-07,,,,0.41134,0.93386,1.16231,1.03845,1.03470,1.07973,,,,3.18196,2.14025,3.69450
2005-12-08,,,,0.40839,0.92799,1.15442,1.05018,1.04524,1.10859,,,,3.27222,2.16892,3.75514
2005-12-09,,,,0.40996,0.93115,1.15864,1.06030,1.05432,1.13469,,,,3.22925,2.15309,3.72455
2005-12-12,,,,0.41144,0.93411,1.16260,1.06354,1.05724,1.14323,,,,3.28162,2.17491,3.76590
2005-12-13,,,,0.41311,0.93746,1.16709,1.04512,1.04078,1.08967,,,,3.32142,2.19382,3.80161
2005-12-14,,,,0.41173,0.93473,1.16341,1.01882,1.01722,1.01658,,,,3.26316,2.16134,3.73925
2005-12-15,,,,0.41242,0.93612,1.16526,1.01659,1.01523,1.01151,,,,3.20984,2.13126,3.68212
2005-12-16,,,,0.40957,0.93046,1.15765,1.01356,1.01252,1.00478,,,,3.19733,2.12423,3.66874
2005-12-19,,,,0.40307,0.91749,1.14022,1.01619,1.01490,1.01014,,,,3.21364,2.13352,3.68628
2005-12-20,,,,0.40337,0.91807,1.14098,0.99231,0.99346,0.95948,,,,3.21209,2.13269,3.68466
2005-12-21,,,,0.40514,0.92141,1.14538,0.99899,0.99949,0.96999,,,,3.22636,2.14082,3.70001
2005-12-22,,,,0.40780,0.92619,1.15174,1.01457,1.01353,0.99354,,,,3.18329,2.11649,3.65383
2005-12-23,,,,0.40780,0.92622,1.15177,1.01416,1.01318,0.99289,,,,3.16082,2.10380,3.62973
2005-12-27,,,,0.40425,0.92003,1.14344,1.02469,1.02266,1.00793,,,,3.10725,2.07331,3.57201
2005-12-28,,,,0.40376,0.91924,1.14237,1.04148,1.03776,1.03210,,,,3.15644,2.09756,3.61871
2005-12-29,,,,0.40110,0.91507,1.13666,1.04148,1.03778,1.03203,,,,3.13552,2.08822,3.60097
2005-12-30,,,,0.39805,0.91065,1.13062,1.04371,1.03979,1.03513,,,,3.15976,2.09849,3.62073
2006-01-03,,,,0.40691,0.92210,1.14618,1.07487,1.06775,1.08360,,,,3.17282,2.10393,3.63131
2006-01-04,,,,0.41115,0.92721,1.15247,1.07851,1.07102,1.08926,,,,,,
2006-01-05,,,,0.41292,0.92938,1.15515,1.05909,1.05368,1.05834,,,,3.12164,2.08322,3.59065
2006-01-06,,,,0.42041,0.93830,1.16612,1.08701,1.07870,1.10208,,,,3.14658,2.09251,3.60878
2006-01-09,,,,0.42208,0.94031,1.16861,1.10482,1.09462,1.13034,,,,3.12462,2.08491,3.59363
2006-01-10,,,,0.42238,0.94072,1.16910,1.09389,1.08489,1.11267,,,,3.11492,2.08187,3.58743
2006-01-11,,,,0.42563,0.94539,1.17487,1.10340,1.09340,1.12770,,,,3.10412,2.07877,3.58095
2006-01-12,,,,0.42356,0.94212,1.17079,1.10138,1.09161,1.12401,,,,3.08682,2.07429,3.57141
2006-01-13,,,,0.42336,0.94181,1.17039,1.12181,1.10986,1.16153,,,,3.10323,2.07819,3.57962
2006-01-17,,,,0.42061,0.93694,1.16421,1.11817,1.10664,1.15444,,,,3.13563,2.08500,3.59431
2006-01-18,,,,0.41578,0.92839,1.15335,1.09409,1.08521,1.10660,,,,3.09456,2.07695,3.57658
2006-01-19,,,,0.41883,0.93387,1.16030,1.12485,1.11268,1.16598,,,,3.12336,2.08247,3.58832
2006-01-20,,,,0.40632,0.91161,1.13198,1.11696,1.10568,1.15152,,,,3.15279,2.08808,3.60024
2006-01-23,,,,0.40642,0.91178,1.13219,1.12849,1.11597,1.17218,,,,3.14347,2.08666,3.59701
2006-01-24,,,,0.40819,0.91444,1.13517,1.12768,1.11527,1.17053,,,,3.14850,2.08783,3.59938
2006-01-25,,,,0.40642,0.91205,1.13251,1.13598,1.12267,1.18576,,,,3.14856,2.08810,3.59981
2006-01-26,,,,0.40928,0.91570,1.13669,1.13072,1.11801,1.17513,,,,3.14560,2.08782,3.59907
2006-01-27,,,,0.41479,0.92236,1.14435,1.12566,1.11353,1.16465,,,,3.17693,2.09376,3.61168
2006-01-30,,,,0.41558,0.92337,1.14552,1.14690,1.13247,1.20827,,,,3.22627,2.10282,3.63114
2006-01-31,,,,0.41371,0.92122,1.14307,1.14731,1.13285,1.20887,,,,3.21655,2.10083,3.62634
2006-02-01,,,,0.41519,0.92305,1.14519,1.14731,1.13287,1.20861,,,,3.17525,2.08985,3.60037
2006-02-02,,,,0.40810,0.91471,1.13563,1.15297,1.13792,1.22106,,,,3.16507,2.08728,3.59414
2006-02-03,,,,0.40307,0.90882,1.12890,1.14326,1.12931,1.19836,,,,3.19758,2.09639,3.61522
2006-02-06,,,,0.40199,0.90778,1.12773,1.14771,1.13329,1.20828,,,,3.16213,2.08696,3.59291
2006-02-07,,,,0.40022,0.90631,1.12604,1.10482,1.09519,1.10670,,,,3.09652,2.06920,3.55113
2006-02-08,,,,0.40485,0.90972,1.13006,1.10947,1.09936,1.11469,,,,3.09333,2.06846,3.54922
2006-02-09,,,,0.40100,0.90731,1.12727,1.13679,1.12374,1.16155,,,,3.11038,2.07267,3.55827
2006-02-10,,,,0.40347,0.90878,1.12900,1.10866,1.09873,1.11682,,,,3.04702,2.06002,3.53000
2006-02-13,,,,0.39884,0.90652,1.12635,1.08701,1.07944,1.08690,,,,3.01230,2.05629,3.52186
2006-02-14,,,,0.40288,0.90826,1.12840,1.10259,1.09339,1.10607,,,,3.00272,2.05596,3.52187
2006-02-15,,,,0.40544,0.90935,1.12968,1.08782,1.08022,1.08869,,,,2.96405,2.05364,3.52870
2006-02-16,,,,0.40918,0.91087,1.13147,1.10320,1.09399,1.10574,,,,2.98372,2.05533,3.52116
2006-02-17,,,,0.40593,0.90980,1.13024,1.11210,1.10195,1.11528,,,,3.01685,2.05794,3.50374
2006-02-21,,,,0.40140,0.90826,1.12846,1.11534,1.10486,1.11874,,,,3.07241,2.06206,3.47384
2006-02-22,,,,0.40642,0.91027,1.13082,1.11979,1.10885,1.12351,,,,3.02743,2.05937,3.49904
2006-02-23,,,,0.40534,0.91001,1.13052,1.10563,1.09624,1.10828,,,,3.01354,2.05875,3.50763
2006-02-24,,,,0.40642,0.91055,1.13116,1.12586,1.11432,1.12998,,,,3.04476,2.06121,3.49119
2006-02-27,,,,0.41095,0.91236,1.13329,1.11736,1.10677,1.12084,,,,2.98480,2.05749,3.52495
2006-02-28,,,,0.40485,0.91025,1.13084,1.13456,1.12212,1.13929,,,,3.01486,2.05989,3.50893
2006-03-01,,,,0.41036,0.91244,1.13340,1.13517,1.12268,1.13992,,,,3.01736,2.06039,3.50846
2006-03-02,,,,0.41066,0.91268,1.13370,1.14812,1.13423,1.15400,,,,3.06138,2.06373,3.48494
2006-03-03,,,,0.40829,0.91195,1.13286,1.13881,1.12597,1.14310,,,,3.07717,2.06512,3.47728
2006-03-06,,,,0.40475,0.91078,1.13150,1.11756,1.10709,1.11731,,,,3.02062,2.06166,3.50872
2006-03-07,,,,0.40238,0.91004,1.13065,1.11190,1.10205,1.11043,,,,2.98498,2.05956,3.52941
2006-03-08,,,,0.40258,0.91024,1.13090,1.09207,1.08439,1.08645,,,,2.95384,2.05774,3.54788
2006-03-09,,,,0.39913,0.90908,1.12956,1.09753,1.08929,1.09268,,,,2.97010,2.05920,3.53894
2006-03-10,,,,0.39953,0.90933,1.12987,1.08924,1.08190,1.08346,,,,2.97472,2.05985,3.53671
2006-03-13,,,,0.40071,0.90975,1.13038,1.09895,1.09060,1.09363,,,,2.99973,2.06191,3.51915
2006-03-14,,,,0.40750,0.91144,1.13210,1.11028,1.10074,1.10512,,,,3.02751,2.06415,3.49979
2006-03-15,,,,0.41095,0.91235,1.13306,1.11534,1.10527,1.11025,,,,3.01597,2.06370,3.50915
2006-03-16,,,,0.40750,0.91173,1.13248,1.11979,1.10926,1.11477,,,,3.02403,2.06458,3.50430
2006-03-17,,,,0.40858,0.91212,1.13291,1.11534,1.10531,1.11024,,,,3.02096,2.06471,3.50755
2006-03-20,,,,0.40956,0.91249,1.13331,1.11635,1.10624,1.11127,,,,2.97943,2.06220,3.53873
2006-03-21,,,,0.40523,0.91167,1.13254,1.10947,1.10012,1.10428,,,,2.99560,2.06366,3.52776
2006-03-22,,,,0.40621,0.91204,1.13295,1.10785,1.09869,1.10264,,,,2.97963,2.06290,3.54052
2006-03-23,,,,0.40503,0.91193,1.13287,1.10684,1.09781,1.10160,,,,3.03170,2.06684,3.50167
2006-03-24,,,,0.40710,0.91254,1.13352,1.12728,1.11607,1.12247,,,,3.03834,2.06762,3.49776
2006-03-27,,,,0.40720,0.91271,1.13373,1.14104,1.12836,1.13650,,,,3.04388,2.06833,3.49467
2006-03-28,,,,0.40552,0.91248,1.13355,1.13436,1.12243,1.12943,,,,3.06947,2.07041,3.47662
2006-03-29,,,,0.41321,0.91436,1.13546,1.15480,1.14065,1.15246,,,,3.08026,2.07147,3.47053
2006-03-30,,,,0.41449,0.91479,1.13591,1.18575,1.16819,1.18820,,,,3.12220,2.07462,3.44856
2006-03-31,,,,0.41331,0.91466,1.13575,1.17564,1.15925,1.17637,,,,3.08252,2.07232,3.46241
2006-04-03,,,,0.41380,0.91493,1.13609,1.18312,1.16591,1.18558,,,,3.10887,2.07443,3.45586
2006-04-04,,,,0.41607,0.91587,1.13729,1.18029,1.16342,1.18146,,,,3.07485,2.07250,3.46255
2006-04-05,,,,0.42001,0.91775,1.13973,1.18697,1.16936,1.19142,,,,3.11314,2.07541,3.45656
2006-04-06,,,,0.42120,0.91852,1.14072,1.19951,1.18051,1.21201,,,,3.14744,2.07804,3.45401
2006-04-07,,,,0.41716,0.91578,1.13709,1.18555,1.16816,1.18675,,,,3.12268,2.07674,3.45356
2006-04-10,,,,0.41656,0.91546,1.13666,1.20599,1.18631,1.22296,,,,3.16179,2.07964,3.45755
2006-04-11,,,,0.41321,0.91310,1.13353,1.19405,1.17576,1.20126,,,,3.17660,2.08125,3.46081
2006-04-12,,,,0.41331,0.91329,1.13376,1.20255,1.18331,1.21624,,,,3.18220,2.08229,3.46288
2006-04-13,,,,0.41499,0.91464,1.13553,1.20397,1.18459,1.21865,,,,3.20057,2.08613,3.47127
2006-04-17,,,,0.41065,0.91155,1.13144,1.23614,1.21310,1.28283,,,,3.25170,2.09930,3.50122
2006-04-18,,,,0.41854,0.91752,1.13931,1.25152,1.22671,1.31417,,,,3.32006,2.12153,3.55095
2006-04-19,,,,0.42041,0.91901,1.14126,1.28996,1.26064,1.39377,,,,3.34602,2.13213,3.57349
2006-04-20,,,,0.41893,0.91804,1.13997,1.23351,1.21101,1.27244,,,,3.30706,2.11167,3.52848
2006-04-21,,,,0.41400,0.91453,1.13532,1.27883,1.25108,1.33473,,,,3.36758,2.14583,3.60057
2006-04-24,,,,0.41361,0.91435,1.13507,1.24747,1.22349,1.29486,,,,3.30893,2.11224,3.52723
2006-04-25,,,,0.41272,0.91381,1.13434,1.27034,1.24370,1.32228,,,,3.32868,2.12362,3.55166
2006-04-26,,,,0.41262,0.91385,1.13438,1.28794,1.25923,1.34343,,,,3.32666,2.12250,3.54881
2006-04-27,,,,0.41656,0.91688,1.13838,1.27398,1.24697,1.32655,,,,3.25098,2.07909,3.44542
2006-04-28,,,,0.41252,0.91402,1.13458,1.31708,1.28496,1.37843,,,,3.29118,2.10226,3.49754
2006-05-01,,,,0.40848,0.91112,1.13074,1.31849,1.28623,1.38007,,,,3.33703,2.12866,3.55629
2006-05-02,,,,0.40956,0.91198,1.13183,1.34662,1.31095,1.41521,,,,3.34913,2.13565,3.57173
2006-05-03,,,,0.40897,0.91172,1.13149,1.34480,1.30937,1.41266,,,,3.31636,2.11688,3.52936
2006-05-04,,,,0.41232,0.91366,1.13404,1.36544,1.32749,1.44186,,,,3.32861,2.12395,3.54498
2006-05-05,,,,0.41558,0.91554,1.13650,1.37576,1.33654,1.45719,,,,3.35309,2.13805,3.57634
2006-05-08,,,,0.41597,0.91588,1.13693,1.36706,1.32896,1.44300,,,,3.33931,2.13018,3.55836
2006-05-09,,,,0.41440,0.91517,1.13599,1.40996,1.36651,1.51376,,,,3.39162,2.16025,3.62775
2006-05-10,,,,0.41075,0.91335,1.13358,1.42412,1.37889,1.53740,,,,3.45040,2.19399,3.70710
2006-05-11,,,,0.40158,0.90851,1.12718,1.43727,1.39038,1.55960,,,,3.51741,2.23238,3.80261
2006-05-12,,,,0.39616,0.90667,1.12487,1.43909,1.39199,1.56263,,,,3.47602,2.20878,3.73838
2006-05-15,,,,0.39586,0.90675,1.12499,1.36402,1.32667,1.42581,,,,3.37385,2.15039,3.57792
2006-05-16,,,,0.39291,0.90623,1.12569,1.38830,1.34795,1.46185,,,,3.39600,2.16314,3.60799
2006-05-17,,,,0.38758,0.90515,1.12852,1.37900,1.33984,1.44777,,,,3.37034,2.14847,3.57267
2006-05-18,,,,0.38492,0.90468,1.13106,1.36503,1.32765,1.42678,,,,3.35359,2.13890,3.54966
2006-05-19,,,,0.38788,0.90553,1.12751,1.32699,1.29438,1.37000,,,,3.27800,2.09555,3.44793
2006-05-22,,,,0.38413,0.90481,1.13317,1.32133,1.28943,1.36199,,,,3.30723,2.11240,3.47984
2006-05-23,,,,0.38039,0.90408,1.14002,1.34318,1.30865,1.39181,,,,3.39991,2.16572,3.57529
2006-05-24,,,,0.38295,0.90484,1.13490,1.29624,1.26751,1.32897,,,,3.29796,2.10720,3.48164
2006-05-25,,,,0.38798,0.90618,1.12409,1.30919,1.27893,1.34355,,,,3.32997,2.12355,3.50576
2006-05-26,,,,0.38926,0.90663,1.12168,1.31728,1.28607,1.35240,,,,3.36989,2.14321,3.53516
2006-05-30,,,,0.38088,0.90483,1.14015,1.31748,1.28627,1.35260,,,,3.35836,2.13767,3.52696
2006-05-31,,,,0.38265,0.90541,1.13654,1.29968,1.27065,1.33312,,,,3.32190,2.11991,3.50055
2006-06-01,,,,0.39172,0.90770,1.11669,1.26588,1.24094,1.29659,,,,3.29018,2.10462,3.47749
2006-06-02,,,,0.39074,0.90763,1.11901,1.28490,1.25774,1.31484,,,,3.36515,2.13847,3.53124
2006-06-05,,,,0.38226,0.90581,1.13615,1.28066,1.25402,1.31103,,,,3.35032,2.13211,3.52151
2006-06-06,,,,0.38197,0.90589,1.13711,1.26568,1.24085,1.29768,,,,3.29783,2.10922,3.48635
2006-06-07,,,,0.37911,0.90537,1.14330,1.26022,1.23605,1.29301,,,,3.29173,2.10679,3.48259
2006-06-08,,,,0.37851,0.90538,1.14488,1.23250,1.21160,1.26998,,,,3.23000,2.08273,3.44393
2006-06-09,,,,0.37605,0.90495,1.15032,1.22319,1.20342,1.26320,,,,3.22346,2.08070,3.44075
2006-06-12,,,,0.36866,0.90332,1.16731,1.21469,1.19688,1.25765,,,,3.20892,2.07687,3.43453
2006-06-13,,,,0.36718,0.90311,1.17137,1.13153,1.14149,1.20901,,,,3.11424,2.05608,3.39983
2006-06-14,,,,0.37093,0.90419,1.16098,1.12546,1.13945,1.20767,,,,3.12525,2.05753,3.40206
2006-06-15,,,,0.38098,0.90679,1.13290,1.15985,1.14420,1.21111,,,,3.19073,2.06219,3.40567
2006-06-16,,,,0.37818,0.90628,1.14028,1.16714,1.14511,1.21151,,,,3.21328,2.06400,3.40679
2006-06-19,,,,0.37512,0.90570,1.14842,1.14043,1.14269,1.21203,,,,3.15342,2.06051,3.40605
2006-06-20,,,,0.37561,0.90598,1.14755,1.15945,1.14479,1.21105,,,,3.14356,2.06022,3.40699
2006-06-21,,,,0.38153,0.90756,1.13276,1.18029,1.14704,1.20923,,,,3.17306,2.06250,3.40466
2006-06-22,,,,0.37670,0.90657,1.14469,1.16815,1.14606,1.21066,,,,3.15869,2.06192,3.40700
2006-06-23,,,,0.37630,0.90663,1.14605,1.17341,1.14677,1.21034,,,,3.14564,2.06143,3.40968
2006-06-26,,,,0.37729,0.90702,1.14403,1.17928,1.14755,1.20995,,,,3.17119,2.06346,3.40525
2006-06-27,,,,0.37019,0.90548,1.16174,1.16714,1.14657,1.21156,,,,3.16558,2.06346,3.40715
2006-06-28,,,,0.37295,0.90631,1.15518,1.16431,1.14649,1.21217,,,,3.17339,2.06433,3.40621
2006-06-29,,,,0.38429,0.90922,1.12726,1.20437,1.15064,1.20662,,,,3.22028,2.06774,3.39645
2006-06-30,,,,0.38242,0.90894,1.13117,1.23897,1.15414,1.20203,,,,3.27081,2.07134,3.38606
2006-07-03,,,,0.38469,0.90964,1.12728,1.25820,1.15614,1.20014,,,,3.28648,2.07270,3.38334
2006-07-05,,,,0.37630,0.90781,1.14236,1.26467,1.15693,1.20017,,,,3.29679,2.07371,3.38247
2006-07-06,,,,0.37591,0.90788,1.14341,1.27519,1.15804,1.20091,,,,3.34665,2.07721,3.38076
2006-07-07,,,,0.37177,0.90704,1.15116,1.26730,1.15680,1.20002,,,,3.30606,2.07502,3.37747
2006-07-10,,,,0.36851,0.90640,1.15744,1.25496,1.15386,1.19780,,,,3.30612,2.07533,3.37795
2006-07-11,,,,0.37127,0.90724,1.15270,1.29118,1.16445,1.20620,,,,3.34995,2.08052,3.38738
2006-07-12,,,,0.36427,0.90569,1.16580,1.31364,1.17234,1.21230,,,,3.36921,2.08378,3.39325
2006-07-13,,,,0.35815,0.90433,1.17843,1.32639,1.17803,1.21676,,,,3.38280,2.08683,3.39887
2006-07-14,,,,0.35451,0.90356,1.18732,1.33246,1.18138,1.21945,,,,3.40377,2.09255,3.40969
2006-07-17,,,,0.35539,0.90395,1.18525,1.29401,1.15655,1.19939,,,,3.31772,2.06499,3.35553
2006-07-18,,,,0.35658,0.90441,1.18210,1.27276,1.14274,1.18821,,,,3.26272,2.04722,3.32059
2006-07-19,,,,0.36121,0.90575,1.16779,1.29563,1.15779,1.20054,,,,3.27939,2.05288,3.33080
2006-07-20,,,,0.35589,0.90457,1.18479,1.26548,1.13818,1.18463,,,,3.25176,2.04427,3.31555
2006-07-21,,,,0.35214,0.90378,1.19718,1.24868,1.12721,1.17572,,,,3.23540,2.03992,3.30772
2006-07-24,,,,0.35914,0.90574,1.17299,1.23715,1.11964,1.16959,,,,3.26796,2.04762,3.32170
2006-07-25,,,,0.36121,0.90642,1.16646,1.24545,1.12488,1.17382,,,,3.26251,2.04672,3.31997
2006-07-26,,,,0.36092,0.90651,1.16792,1.25455,1.13024,1.17824,,,,3.26519,2.04751,3.32136
2006-07-27,,,,0.35855,0.90608,1.17632,1.27276,1.14056,1.18683,,,,3.29034,2.05245,3.33075
2006-07-28,,,,0.36605,0.90813,1.15127,1.27701,1.14302,1.18891,,,,3.30378,2.05520,3.33594
2006-07-31,,,,0.36595,0.90827,1.15200,1.27803,1.14367,1.18950,,,,3.37459,2.06849,3.36141
2006-08-01,,,,0.35983,0.90691,1.17074,1.30150,1.15686,1.20044,,,,3.36360,2.06679,3.35801
2006-08-02,,,,0.36388,0.90809,1.15874,1.31020,1.16177,1.20452,,,,3.40440,2.07439,3.37253
2006-08-03,,,,0.36614,0.90882,1.15259,1.29745,1.15478,1.19837,,,,3.34344,2.06043,3.34543
2006-08-04,,,,0.36447,0.90857,1.15771,1.30069,1.15673,1.20014,,,,3.36686,2.06618,3.35643
2006-08-07,,,,0.36210,0.90814,1.16482,1.30514,1.15951,1.20273,,,,3.36265,2.06537,3.35478
2006-08-08,,,,0.35983,0.90773,1.17174,1.29442,1.15261,1.19622,,,,3.35091,2.06253,3.34918
2006-08-09,,,,0.36032,0.90801,1.17075,1.30777,1.16143,1.20468,,,,3.39449,2.07429,3.37209
2006-08-10,,,,0.36289,0.90882,1.16378,1.27985,1.14255,1.18638,,,,3.34339,2.05992,3.34387
2006-08-11,,,,0.36032,0.90834,1.17151,1.26892,1.13516,1.17921,,,,3.29556,2.04637,3.31729
2006-08-14,,,,0.36269,0.90910,1.16511,1.25961,1.12886,1.17310,,,,3.26363,2.03731,3.29947
2006-08-15,,,,0.37187,0.91156,1.13930,1.25476,1.12556,1.16992,,,,3.26906,2.03900,3.30257
2006-08-16,,,,0.38064,0.91387,1.11859,1.26447,1.13187,1.17621,,,,3.26846,2.03905,3.30255
2006-08-17,,,,0.38203,0.91436,1.11645,1.23493,1.11383,1.15802,,,,3.21195,2.02770,3.27997
2006-08-18,,,,0.38262,0.91467,1.11584,1.23513,1.11399,1.15819,,,,3.22851,2.03006,3.28437
2006-08-21,,,,0.37897,0.91396,1.12103,1.26346,1.12654,1.17066,,,,3.26190,2.03305,3.29008
2006-08-22,,,,0.37907,0.91414,1.12121,1.25556,1.12337,1.16767,,,,3.28011,2.03464,3.29305
2006-08-23,,,,0.37621,0.91362,1.12489,1.25111,1.12166,1.16603,,,,3.26573,2.03403,3.29172
2006-08-24,,,,0.37729,0.91404,1.12391,1.24949,1.12114,1.16553,,,,3.27919,2.03526,3.29406
2006-08-25,,,,0.37798,0.91437,1.12341,1.24990,1.12141,1.16582,,,,3.28462,2.03597,3.29533
2006-08-28,,,,0.38084,0.91523,1.12041,1.23432,1.11587,1.16006,,,,3.24611,2.03383,3.29082
2006-08-29,,,,0.38203,0.91567,1.11945,1.23310,1.11561,1.15978,,,,3.21561,2.03228,3.28800
2006-08-30,,,,0.38380,0.91626,1.11801,1.24282,1.11839,1.16275,,,,3.21481,2.03259,3.28850
2006-08-31,,,,0.38341,0.91632,1.11862,1.26042,1.12306,1.16779,,,,3.25367,2.03540,3.28607
2006-09-01,,,,0.38548,0.91698,1.11725,1.25739,1.12245,1.16712,,,,3.22442,2.03393,3.28902
2006-09-05,,,,0.38923,0.91803,1.11497,1.28207,1.12889,1.17407,,,,3.25057,2.03593,3.28671
2006-09-06,,,,0.38143,0.91635,1.11897,1.27195,1.12651,1.17148,,,,3.24778,2.03611,3.28773
2006-09-07,,,,0.37966,0.91608,1.12010,1.23938,1.11842,1.16275,,,,3.22126,2.03480,3.29140
2006-09-08,,,,0.38193,0.91679,1.11922,1.22703,1.11540,1.15947,,,,3.18229,2.03268,3.29824
2006-09-11,,,,0.38429,0.91751,1.11831,1.18373,1.10422,1.14749,,,,3.10075,2.02782,3.32159
2006-09-12,,,,0.39140,0.91937,1.11506,1.18009,1.10399,1.14725,,,,3.08270,2.02699,3.33027
2006-09-13,,,,0.39406,0.92015,1.11435,1.18616,1.10475,1.14728,,,,3.07689,2.02695,3.33500
2006-09-14,,,,0.39445,0.92040,1.11448,1.15722,1.10224,1.15067,,,,3.02794,2.02408,3.38064
2006-09-15,,,,0.39586,0.92089,1.11468,1.16147,1.10284,1.14984,,,,3.00389,2.02282,3.40938
2006-09-18,,,,0.39596,0.92106,1.11487,1.17827,1.10462,1.14424,,,,3.03961,2.02557,3.36304
2006-09-19,,,,0.39330,0.92052,1.11423,1.15176,1.10233,1.15405,,,,3.00823,2.02383,3.40559
2006-09-20,,,,0.39902,0.92231,1.11638,1.15864,1.10318,1.15121,,,,2.98907,2.02289,3.43514
2006-09-21,,,,0.39656,0.92147,1.11539,1.17260,1.10469,1.14443,,,,3.03226,2.02616,3.36513
2006-09-22,,,,0.39350,0.92024,1.11393,1.18373,1.10593,1.13919,,,,3.00913,2.02496,3.40367
2006-09-25,,,,0.40041,0.92349,1.11779,1.18373,1.10612,1.13951,,,,3.00280,2.02488,3.41565
2006-09-26,,,,0.40238,0.92458,1.11906,1.18859,1.10676,1.13744,,,,3.01800,2.02625,3.38975
2006-09-27,,,,0.40189,0.92439,1.11884,1.21024,1.10897,1.12714,,,,3.03307,2.02760,3.36352
2006-09-28,,,,0.40297,0.92525,1.11986,1.20983,1.10912,1.12766,,,,3.05208,2.02922,3.32957
2006-09-29,,,,0.40119,0.92397,1.11832,1.20336,1.10871,1.13104,,,,3.05743,2.02992,3.32125
2006-10-02,,,,0.39616,0.92002,1.11350,1.19688,1.10830,1.13435,,,,3.03464,2.02875,3.36587
2006-10-03,,,,0.39784,0.92150,1.11530,1.15561,1.10467,1.15391,,,,2.98438,2.02574,3.46669
2006-10-04,,,,0.40761,0.92956,1.12512,1.14063,1.10343,1.16159,,,,3.00020,2.02716,3.43578
2006-10-05,,,,0.40958,0.93124,1.12718,1.15176,1.10470,1.15635,,,,3.05081,2.03093,3.33218
2006-10-06,,,,0.40870,0.93057,1.12642,1.15318,1.10502,1.15593,,,,3.06830,2.03244,3.30016
2006-10-09,,,,0.41008,0.93198,1.12805,1.15743,1.10562,1.15388,,,,3.11611,2.03596,3.21403
2006-10-10,,,,0.41077,0.93279,1.12900,1.15338,1.10542,1.15660,,,,3.08349,2.03418,3.26335
2006-10-11,,,,0.40998,0.93196,1.12802,1.15095,1.10538,1.15852,,,,3.09576,2.03535,3.24707
2006-10-12,,,,0.41649,0.93986,1.13758,1.16329,1.10676,1.15018,,,,3.10443,2.03627,3.23644
2006-10-13,,,,0.41876,0.94282,1.14109,1.18515,1.10904,1.13538,,,,3.14626,2.03938,3.18138
2006-10-16,,,,0.41916,0.94342,1.14182,1.19729,1.11037,1.12756,,,,3.21513,2.04420,3.10583
2006-10-17,,,,0.41452,0.93623,1.13299,1.18677,1.10959,1.13437,,,,3.19651,2.04338,3.12032
2006-10-18,,,,0.41254,0.93319,1.12926,1.18555,1.10967,1.13545,,,,3.17187,2.04217,3.13665
2006-10-19,,,,0.41353,0.93479,1.13123,1.20214,1.11142,1.12606,,,,3.20507,2.04467,3.11834
2006-10-20,,,,0.41452,0.93640,1.13320,1.18940,1.11044,1.13260,,,,3.18861,2.04398,3.12681
2006-10-23,,,,0.41876,0.94311,1.14142,1.16876,1.10871,1.14282,,,,3.19258,2.04460,3.12596
2006-10-24,,,,0.41590,0.93869,1.13596,1.17705,1.10970,1.13908,,,,3.20742,2.04591,3.12107
2006-10-25,,,,0.41876,0.94324,1.14156,1.18899,1.11102,1.13361,,,,3.25051,2.04903,3.10785
2006-10-26,,,,0.42261,0.94934,1.14925,1.19972,1.11222,1.12878,,,,3.24500,2.04904,3.10947
2006-10-27,,,,0.41659,0.93944,1.13669,1.20194,1.11263,1.12812,,,,3.25793,2.05023,3.10869
2006-10-30,,,,0.41925,0.94391,1.14234,1.21206,1.11376,1.12439,,,,3.20988,2.04757,3.10972
2006-10-31,,,,0.42024,0.94560,1.14446,1.21894,1.11459,1.12240,,,,3.20224,2.04744,3.11041
2006-11-01,,,,0.41452,0.93617,1.13250,1.24160,1.11686,1.11685,,,,3.21642,2.04871,3.11090
2006-11-02,,,,0.41491,0.93688,1.13338,1.25293,1.11808,1.11570,,,,3.24266,2.05074,3.11126
2006-11-03,,,,0.41383,0.93512,1.13115,1.26062,1.11894,1.11589,,,,3.26006,2.05220,3.11186
2006-11-06,,,,0.41985,0.94518,1.14388,1.25233,1.11810,1.11495,,,,3.26938,2.05314,3.11302
2006-11-07,,,,0.42271,0.94997,1.14994,1.25536,1.11880,1.11570,,,,3.27792,2.05406,3.11473
2006-11-08,,,,0.42468,0.95328,1.15413,1.23654,1.11425,1.11052,,,,3.27763,2.05431,3.11501
2006-11-09,,,,0.42271,0.95007,1.15005,1.27378,1.12381,1.12132,,,,3.31377,2.05953,3.12634
2006-11-10,,,,0.42468,0.95338,1.15424,1.26447,1.12135,1.11883,,,,3.23409,2.04511,3.09400
2006-11-13,,,,0.42903,0.96061,1.16338,1.25840,1.11950,1.11697,,,,3.21612,2.04201,3.08686
2006-11-14,,,,0.43357,0.96811,1.17295,1.24707,1.11567,1.11306,,,,3.22754,2.04445,3.09192
2006-11-15,,,,0.43534,0.97127,1.17697,1.25132,1.11730,1.11471,,,,3.24562,2.04813,3.09919
2006-11-16,,,,0.43722,0.97491,1.18166,1.24059,1.11367,1.11100,,,,3.19722,2.03927,3.08098
2006-11-17,,,,0.43722,0.97493,1.18162,1.25010,1.11716,1.11456,,,,3.20772,2.04103,3.08423
2006-11-20,,,,0.43811,0.97673,1.18420,1.24990,1.11722,1.11461,,,,3.22340,2.04313,3.08822
2006-11-21,,,,0.43870,0.97794,1.18597,1.26002,1.12091,1.11836,,,,3.26888,2.04822,3.09828
2006-11-22,,,,0.44146,0.98351,1.19462,1.26467,1.12266,1.12021,,,,3.25058,2.04666,3.09493
2006-11-24,,,,0.44067,0.98194,1.19199,1.28490,1.13025,1.12879,,,,,,
2006-11-27,,,,0.43070,0.96197,1.15883,1.28895,1.13203,1.13076,,,,3.31998,2.05419,3.10995
2006-11-28,,,,0.43199,0.96457,1.16289,1.28632,1.13079,1.12930,,,,3.31714,2.05422,3.10983
2006-11-29,,,,0.43495,0.97054,1.17218,1.27803,1.12632,1.12405,,,,3.33728,2.05672,3.11445
2006-11-30,,,,0.43465,0.96996,1.17121,1.30291,1.14039,1.14052,,,,3.37662,2.06329,3.12709
2006-12-01,,,,0.43090,0.96245,1.15937,1.29745,1.13721,1.13688,,,,3.36525,2.06090,3.12222
2006-12-04,,,,0.43682,0.97437,1.17711,1.29745,1.13725,1.13688,,,,3.30657,2.04512,3.09067
2006-12-05,,,,0.43840,0.97756,1.18164,1.29118,1.13305,1.13192,,,,3.32227,2.04966,3.09949
2006-12-06,,,,0.43682,0.97441,1.17708,1.26851,1.11753,1.11350,,,,3.27485,2.03685,3.07389
2006-12-07,,,,0.43130,0.96333,1.16113,1.26932,1.11813,1.11418,,,,3.27257,2.03643,3.07288
2006-12-08,,,,0.43327,0.96732,1.16657,1.25556,1.10867,1.10295,,,,3.26244,2.03383,3.06752
2006-12-11,,,,0.43485,0.97051,1.17087,1.26609,1.11570,1.11098,,,,3.26248,2.03401,3.06774
2006-12-12,,,,0.43228,0.96537,1.16386,1.26507,1.11512,1.11027,,,,3.24697,2.03043,3.06047
2006-12-13,,,,0.43307,0.96698,1.16597,1.26427,1.11468,1.10973,,,,3.25006,2.03129,3.06201
2006-12-14,,,,0.43791,0.97672,1.17891,1.25698,1.11049,1.10464,,,,3.27611,2.03623,3.07197
2006-12-15,,,,0.43904,0.97900,1.18189,1.23432,1.09821,1.08960,,,,3.25071,2.03200,3.06299
2006-12-18,,,,0.43469,0.97029,1.17040,1.23513,1.09862,1.09005,,,,3.21755,2.02713,3.05264
2006-12-19,,,,0.43330,0.96753,1.16674,1.25051,1.10415,1.09658,,,,3.23656,2.02939,3.05710
2006-12-20,,,,0.43172,0.96437,1.16260,1.24686,1.10310,1.09531,,,,3.21836,2.02825,3.05442
2006-12-21,,,,0.42866,0.95845,1.15479,1.24201,1.10177,1.09368,,,,3.20513,2.02777,3.05356
2006-12-22,,,,0.42421,0.95044,1.14420,1.24747,1.10336,1.09557,,,,3.21817,2.02894,3.05411
2006-12-26,,,,0.42599,0.95331,1.14793,1.25415,1.10519,1.09778,,,,3.20482,2.02845,3.05521
2006-12-27,,,,0.42817,0.95655,1.15219,1.25900,1.10656,1.09942,,,,,,
2006-12-28,,,,0.42609,0.95370,1.14838,1.27276,1.11014,1.10381,,,,3.21541,2.02948,3.05457
2006-12-29,,,,0.42649,0.95428,1.14913,1.27904,1.11185,1.10587,,,,3.22064,2.03016,3.05443
2007-01-03,,,,0.42728,0.95533,1.15049,1.26022,1.10736,1.10025,,,,3.11804,2.02405,3.07192
2007-01-04,,,,0.43538,0.96500,1.16332,1.24747,1.10433,1.09646,,,,3.08069,2.02198,3.08252
2007-01-05,,,,0.43330,0.96266,1.16018,1.21752,1.09692,1.08723,,,,3.05699,2.02078,3.09456
2007-01-08,,,,0.43360,0.96309,1.16074,1.22380,1.09828,1.08872,,,,3.04044,2.02004,3.10719
2007-01-09,,,,0.43577,0.96574,1.16423,1.23128,1.09933,1.08989,,,,3.01804,2.01891,3.12973
2007-01-10,,,,0.44091,0.97185,1.17233,1.22602,1.09905,1.08958,,,,3.04621,2.02115,3.09696
2007-01-11,,,,0.44546,0.97723,1.17947,1.22683,1.09932,1.08979,,,,3.03705,2.02091,3.10937
2007-01-12,,,,0.44773,0.98004,1.18311,1.25799,1.10231,1.08968,,,,3.09112,2.02486,3.03761
2007-01-16,,,,0.44744,0.97966,1.18259,1.25395,1.10215,1.08994,,,,3.06707,2.02365,3.07025
2007-01-17,,,,0.44378,0.97408,1.17514,1.26750,1.10354,1.09003,,,,3.07398,2.02446,3.06252
2007-01-18,,,,0.43558,0.96124,1.15812,1.25981,1.10307,1.09031,,,,3.05048,2.02328,3.09485
2007-01-19,,,,0.43647,0.96270,1.16003,1.27479,1.10457,1.09056,,,,3.10994,2.02758,3.01555
2007-01-22,,,,0.43172,0.95526,1.15014,1.26912,1.10428,1.09034,,,,3.12785,2.02911,2.99435
2007-01-23,,,,0.43064,0.95358,1.14806,1.29968,1.10736,1.09382,,,,3.19795,2.03402,2.91248
2007-01-24,,,,0.43775,0.96387,1.16097,1.30170,1.10783,1.09430,,,,3.18091,2.03330,2.92742
2007-01-25,,,,0.43212,0.95623,1.15173,1.29624,1.10656,1.09290,,,,3.15068,2.03173,2.95134
2007-01-26,,,,0.43054,0.95428,1.14942,1.29846,1.10735,1.09374,,,,3.17407,2.03361,2.93490
2007-01-29,,,,0.43093,0.95482,1.15007,1.29037,1.10459,1.09060,,,,3.11739,2.03034,2.97458
2007-01-30,,,,0.43113,0.95512,1.15045,1.29947,1.10810,1.09455,,,,3.19761,2.03593,2.91951
2007-01-31,,,,0.43548,0.95980,1.15627,1.31182,1.11318,1.10038,,,,3.22533,2.03805,2.90670
2007-02-01,,,,0.43479,0.95917,1.15548,1.31971,1.11683,1.10459,,,,3.20119,2.03689,2.91728
2007-02-02,,,,0.43637,0.96093,1.15766,1.30069,1.10703,1.09289,,,,3.20742,2.03765,2.91570
2007-02-05,,,,0.43597,0.96062,1.15726,1.30130,1.10744,1.09333,,,,3.21305,2.03838,2.91451
2007-02-06,,,,0.43538,0.96010,1.15661,1.31101,1.11259,1.09940,,,,3.21589,2.03892,2.91435
2007-02-07,,,,0.43933,0.96434,1.16189,1.30777,1.11094,1.09739,,,,3.19764,2.03813,2.92039
2007-02-08,,,,0.43923,0.96434,1.16188,1.32578,1.12086,1.10935,,,,3.23443,2.04084,2.91036
2007-02-09,,,,0.43360,0.95856,1.15467,1.33792,1.12789,1.11773,,,,3.25502,2.04250,2.90619
2007-02-12,,,,0.43192,0.95690,1.15259,1.32881,1.12209,1.11064,,,,3.18709,2.03861,2.91815
2007-02-13,,,,0.43340,0.95855,1.15465,1.33225,1.12442,1.11341,,,,3.24273,2.04253,2.90933
2007-02-14,,,,0.44072,0.96614,1.16434,1.34298,1.13204,1.12280,,,,3.22384,2.04171,2.91267
2007-02-15,,,,0.44328,0.96884,1.16780,1.34379,1.13267,1.12349,,,,3.24513,2.04343,2.91036
2007-02-16,,,,0.44180,0.96745,1.16600,1.34278,1.13193,1.12234,,,,3.27540,2.04570,2.90765
2007-02-20,,,,0.44516,0.97095,1.17048,1.32153,1.11583,1.09881,,,,3.25359,2.04471,2.90924
2007-02-21,,,,0.44654,0.97245,1.17238,1.36281,1.14722,1.14395,,,,3.30722,2.04845,2.90834
2007-02-22,,,,0.44882,0.97482,1.17544,1.35876,1.14418,1.14022,,,,3.35362,2.05163,2.91106
2007-02-23,,,,0.44724,0.97315,1.17319,1.37030,1.15294,1.15075,,,,3.37771,2.05420,2.91518
2007-02-26,,,,0.44506,0.97069,1.16989,1.37798,1.15879,1.15773,,,,3.38062,2.05488,2.91621
2007-02-27,,,,0.42678,0.94920,1.14121,1.32355,1.11761,1.10465,,,,3.35164,2.04846,2.90508
2007-02-28,,,,0.42817,0.95076,1.14284,1.34520,1.13409,1.12024,,,,3.33344,2.04407,2.89745
2007-03-01,,,,0.42619,0.94907,1.14112,1.33185,1.12396,1.11108,,,,3.30968,2.03810,2.88699
2007-03-02,,,,0.41977,0.94455,1.13636,1.28915,1.09251,1.08250,,,,3.27762,2.02992,2.87272
2007-03-05,,,,0.41651,0.94312,1.13487,1.27337,1.08315,1.07468,,,,3.23640,2.01928,2.85422
2007-03-06,,,,0.42342,0.94485,1.13664,1.29806,1.09511,1.08489,,,,3.26702,2.02760,2.86846
2007-03-07,,,,0.42174,0.94464,1.13662,1.30109,1.09646,1.08606,,,,3.30133,2.03605,2.88295
2007-03-08,,,,0.42461,0.94545,1.13691,1.30473,1.09797,1.08739,,,,3.31113,2.03862,2.88729
2007-03-09,,,,0.42421,0.94553,1.13713,1.30008,1.09636,1.08601,,,,3.27618,2.03057,2.87322
2007-03-12,,,,0.42698,0.94632,1.13723,1.30251,1.09732,1.08690,,,,3.26510,2.02823,2.86894
2007-03-13,,,,0.41868,0.94464,1.13781,1.28936,1.09305,1.08299,,,,3.24383,2.02403,2.86124
2007-03-14,,,,0.42481,0.94619,1.13715,1.29381,1.09449,1.08435,,,,3.24615,2.02466,2.86223
2007-03-15,,,,0.42382,0.94614,1.13752,1.29462,1.09485,1.08470,,,,3.25385,2.02601,2.86457
2007-03-16,,,,0.42349,0.94623,1.13780,1.30757,1.09831,1.08807,,,,3.25761,2.02676,2.86581
2007-03-19,,,,0.42784,0.94737,1.13732,1.31000,1.09908,1.08881,,,,3.25492,2.02678,2.86564
2007-03-20,,,,0.43091,0.94821,1.13705,1.32072,1.10195,1.09161,,,,3.25679,2.02727,2.86641
2007-03-21,,,,0.43921,0.95021,1.13594,1.33185,1.10491,1.09448,,,,3.26831,2.02859,2.86884
2007-03-22,,,,0.43763,0.95003,1.13642,1.33064,1.10476,1.09434,,,,3.31839,2.03315,2.87788
2007-03-23,,,,0.43625,0.94990,1.13677,1.31829,1.10181,1.09144,,,,3.30473,2.03236,2.87602
2007-03-26,,,,0.43803,0.95045,1.13695,1.33225,1.10548,1.09509,,,,3.31484,2.03354,2.87819
2007-03-27,,,,0.43496,0.94996,1.13688,1.32942,1.10487,1.09442,,,,3.31854,2.03420,2.87927
2007-03-28,,,,0.43031,0.94911,1.13653,1.33650,1.10701,1.09673,,,,3.34321,2.03654,2.88378
2007-03-29,,,,0.43081,0.94938,1.13680,1.32841,1.10459,1.09401,,,,3.37293,2.04020,2.89114
2007-03-30,,,,0.43041,0.94946,1.13697,1.33023,1.10530,1.09478,,,,3.36644,2.03934,2.88907
2007-04-02,,,,0.43101,0.94976,1.13725,1.33246,1.10617,1.09573,,,,3.35736,2.03772,2.88542
2007-04-03,,,,0.43664,0.95117,1.13815,1.33205,1.10614,1.09566,,,,3.34557,2.03533,2.88018
2007-04-04,,,,0.43842,0.95172,1.13857,1.35188,1.11337,1.10426,,,,3.38682,2.04487,2.89985
2007-04-05,,,,0.44060,0.95236,1.13905,1.35289,1.11385,1.10477,,,,3.39882,2.04813,2.90640
2007-04-09,,,,0.43951,0.95227,1.13894,1.34622,1.11102,1.10133,,,,3.37489,2.04132,2.89186
2007-04-10,,,,0.44178,0.95307,1.13990,1.35896,1.11693,1.10845,,,,3.40748,2.05131,2.91250
2007-04-11,,,,0.43714,0.95149,1.13796,1.35735,1.11619,1.10750,,,,,,
2007-04-12,,,,0.44060,0.95294,1.13973,1.35552,1.11529,1.10631,,,,3.40942,2.05209,2.91386
2007-04-13,,,,0.44149,0.95343,1.14033,1.37272,1.12484,1.11837,,,,3.41849,2.05541,2.92054
2007-04-16,,,,0.44554,0.95538,1.14274,1.38406,1.13150,1.12669,,,,3.38353,2.04246,2.89311
2007-04-17,,,,0.44653,0.95603,1.14354,1.37596,1.12624,1.11993,,,,3.37598,2.03978,2.88722
2007-04-18,,,,0.44505,0.95519,1.14247,1.38365,1.13153,1.12662,,,,3.37193,2.03840,2.88408
2007-04-19,,,,0.44643,0.95627,1.14383,1.36645,1.11894,1.11014,,,,3.36743,2.03685,2.88059
2007-04-20,,,,0.44890,0.95826,1.14639,1.39013,1.13634,1.13268,,,,3.38146,2.04229,2.89167
2007-04-23,,,,0.44959,0.95894,1.14726,1.38122,1.12984,1.12413,,,,3.40551,2.05148,2.91063
2007-04-24,,,,0.45187,0.96111,1.15012,1.37050,1.12200,1.11384,,,,3.37089,2.03864,2.88346
2007-04-25,,,,0.45790,0.96721,1.15816,1.37374,1.12440,1.11690,,,,3.41396,2.05501,2.91739
2007-04-26,,,,0.46027,0.96998,1.16180,1.35310,1.10927,1.09716,,,,3.37269,2.03969,2.88500
2007-04-27,,,,0.46047,0.97028,1.16217,1.36706,1.11956,1.11024,,,,3.40957,2.05373,2.91406
2007-04-30,,,,0.45444,0.96175,1.15082,1.35755,1.11259,1.10153,,,,3.40340,2.05156,2.90925
2007-05-01,,,,0.45404,0.96124,1.15013,1.34945,1.10671,1.09437,,,,3.40189,2.05114,2.90810
2007-05-02,,,,0.45899,0.96837,1.15956,1.34885,1.10630,1.09383,,,,3.38883,2.04638,2.89789
2007-05-03,,,,0.46067,0.97082,1.16278,1.36564,1.11719,1.10739,,,,3.41577,2.05666,2.91912
2007-05-04,,,,0.46107,0.97146,1.16360,1.37981,1.12618,1.11845,,,,3.42483,2.06020,2.92628
2007-05-07,,,,0.46107,0.97150,1.16363,1.38102,1.12700,1.11941,,,,3.39952,2.05087,2.90644
2007-05-08,,,,0.46205,0.97312,1.16575,1.37353,1.12233,1.11357,,,,3.38349,2.04499,2.89387
2007-05-09,,,,0.46304,0.97476,1.16791,1.36483,1.11689,1.10679,,,,3.37944,2.04360,2.89074
2007-05-10,,,,0.45671,0.96430,1.15394,1.33549,1.09834,1.08381,,,,3.36703,2.03909,2.88093
2007-05-11,,,,0.46255,0.97404,1.16690,1.34460,1.10353,1.08987,,,,3.41365,2.05509,2.91520
2007-05-14,,,,0.45938,0.96883,1.15992,1.34116,1.10181,1.08780,,,,3.39164,2.04783,2.89916
2007-05-15,,,,0.45582,0.96296,1.15207,1.34642,1.10436,1.09085,,,,3.41076,2.05447,2.91325
2007-05-16,,,,0.46027,0.97040,1.16196,1.32740,1.09592,1.08040,,,,3.40309,2.05205,2.90771
2007-05-17,,,,0.45810,0.96682,1.15717,1.31647,1.09190,1.07551,,,,3.41672,2.05682,2.91777
2007-05-18,,,,0.46186,0.97311,1.16552,1.32578,1.09472,1.07889,,,,3.41340,2.05587,2.91542
2007-05-21,,,,0.46482,0.97807,1.17211,1.32881,1.09559,1.07991,,,,3.44460,2.06658,2.93834
2007-05-22,,,,0.46522,0.97877,1.17301,1.31930,1.09364,1.07743,,,,3.38729,2.04747,2.89651
2007-05-23,,,,0.46304,0.97520,1.16823,1.32618,1.09497,1.07905,,,,3.38207,2.04585,2.89274
2007-05-24,,,,0.45642,0.96425,1.15360,1.31020,1.09270,1.07609,,,,3.36091,2.03904,2.87752
2007-05-25,,,,0.45928,0.96906,1.15998,1.31404,1.09323,1.07668,,,,3.39885,2.05003,2.90141
2007-05-29,,,,0.46284,0.97502,1.16789,1.31667,1.09363,1.07703,,,,3.35445,2.03803,2.87523
2007-05-30,,,,0.46660,0.98129,1.17623,1.30959,1.09323,1.07690,,,,3.38178,2.04449,2.88838
2007-05-31,,,,0.46878,0.98493,1.18107,1.32618,1.09479,1.07691,,,,3.40779,2.05035,2.90030
2007-06-01,,,,0.46907,0.98546,1.18175,1.34439,1.09648,1.07690,,,,3.43419,2.05627,2.91235
2007-06-04,,,,0.47046,0.98780,1.18484,1.34642,1.09682,1.07708,,,,3.46509,2.06312,2.92637
2007-06-05,,,,0.47046,0.98783,1.18486,1.34298,1.09673,1.07732,,,,3.45096,2.06035,2.92032
2007-06-06,,,,0.46542,0.97953,1.17375,1.34379,1.09698,1.07749,,,,3.43030,2.05606,2.91089
2007-06-07,,,,0.45820,0.96760,1.15781,1.32052,1.09526,1.07691,,,,3.41780,2.05349,2.90513
2007-06-08,,,,0.46383,0.97701,1.17031,1.29947,1.09370,1.07639,,,,3.35421,2.03942,2.87480
2007-06-11,,,,0.46294,0.97557,1.16846,1.30919,1.09469,1.07690,,,,3.40316,2.05080,2.89870
2007-06-12,,,,0.46017,0.97108,1.16265,1.29705,1.09386,1.07684,,,,3.38450,2.04681,2.89040
2007-06-13,,,,0.46522,0.97894,1.17283,1.30575,1.09477,1.07644,,,,3.40257,2.05099,2.89832
2007-06-14,,,,0.46828,0.98365,1.17886,1.30716,1.09506,1.07649,,,,3.45516,2.06251,2.92080
2007-06-15,,,,0.47261,0.99026,1.18734,1.31222,1.09566,1.07604,,,,3.48899,2.06994,2.93525
2007-06-18,,,,0.47271,0.99046,1.18758,1.31425,1.09601,1.07599,,,,3.48202,2.06870,2.93260
2007-06-19,,,,0.47261,0.99035,1.18744,1.32497,1.09708,1.07477,,,,3.43256,2.05833,2.91221
2007-06-20,,,,0.46815,0.98367,1.17882,1.30939,1.09597,1.07708,,,,,,
2007-06-21,,,,0.47241,0.99017,1.18717,1.30635,1.09589,1.07772,,,,3.41003,2.05369,2.90299
2007-06-22,,,,0.46796,0.98348,1.17855,1.31081,1.09645,1.07732,,,,3.38082,2.04759,2.89092
2007-06-25,,,,0.46598,0.98053,1.17474,1.30372,1.09604,1.07858,,,,3.36891,2.04521,2.88610
2007-06-26,,,,0.46331,0.97652,1.16957,1.28733,1.09484,1.08184,,,,3.33526,2.03838,2.87269
2007-06-27,,,,0.47043,0.98741,1.18355,1.28834,1.09511,1.08178,,,,3.34425,2.03986,2.87536
2007-06-28,,,,0.47023,0.98716,1.18321,1.30028,1.09631,1.07787,,,,3.33831,2.03956,2.87453
2007-06-29,,,,0.47102,0.98842,1.18480,1.30049,1.09651,1.07808,,,,3.35986,2.04121,2.87723
2007-07-02,,,,0.47528,0.99492,1.19311,1.31566,1.09798,1.07309,,,,3.37648,2.04257,2.87898
2007-07-03,,,,0.47805,0.99916,1.19853,1.31000,1.09769,1.07532,,,,3.36972,2.04252,2.87897
2007-07-05,,,,0.48151,1.00444,1.20528,1.30352,1.09734,1.07785,,,,3.38490,2.04379,2.88055
2007-07-06,,,,0.48349,1.00746,1.20914,1.31445,1.09845,1.07434,,,,3.40134,2.04513,2.88222
2007-07-09,,,,0.48379,1.00795,1.20977,1.32295,1.09935,1.07172,,,,3.40415,2.04565,2.88292
2007-07-10,,,,0.47973,1.00128,1.20077,1.32760,1.09992,1.07040,,,,3.43572,2.04790,2.88565
2007-07-11,,,,0.48300,1.00677,1.20811,1.32416,1.09983,1.07171,,,,3.43608,2.04827,2.88615
2007-07-12,,,,0.49042,1.01944,1.22518,1.33590,1.10099,1.06877,,,,3.44110,2.04891,2.88698
2007-07-13,,,,0.49378,1.02547,1.23315,1.33610,1.10120,1.06894,,,,3.46213,2.05068,2.89059
2007-07-16,,,,0.49329,1.02456,1.23179,1.33185,1.10104,1.06965,,,,3.39467,2.04349,2.87432
2007-07-17,,,,0.49705,1.03161,1.24224,1.33043,1.10111,1.06998,,,,3.36941,2.04095,2.86837
2007-07-18,,,,0.49645,1.03052,1.24040,1.34804,1.10276,1.06903,,,,3.42991,2.04815,2.88400
2007-07-19,,,,0.49794,1.03332,1.24490,1.35593,1.10359,1.06936,,,,3.45928,2.05177,2.89170
2007-07-20,,,,0.49527,1.02835,1.23627,1.36746,1.10476,1.07094,,,,3.44446,2.05044,2.88842
2007-07-23,,,,0.49547,1.02874,1.23684,1.36524,1.10449,1.07044,,,,3.38000,2.04354,2.87282
2007-07-24,,,,0.48814,1.01507,1.21308,1.36524,1.10460,1.07050,,,,3.36598,2.04227,2.86964
2007-07-25,,,,0.48884,1.01639,1.21524,1.35370,1.10133,1.06554,,,,3.36896,2.04289,2.87062
2007-07-26,,,,0.48468,1.00863,1.20178,1.32841,1.09394,1.05449,,,,3.35289,2.04173,2.86821
2007-07-27,,,,0.47488,0.99030,1.17007,1.32355,1.09261,1.05239,,,,3.38451,2.04400,2.87172
2007-07-30,,,,0.48042,1.00072,1.18402,1.33084,1.09483,1.05527,,,,3.40831,2.04579,2.87424
2007-07-31,,,,0.47033,0.98175,1.16089,1.33124,1.09506,1.05551,,,,3.42854,2.04736,2.87645
2007-08-01,,,,0.47399,0.98751,1.16748,1.33408,1.09584,1.05650,,,,3.39686,2.04581,2.87427
2007-08-02,,,,0.47835,0.99373,1.17461,1.33327,1.09581,1.05637,,,,3.38891,2.04568,2.87408
2007-08-03,,,,0.46924,0.98149,1.16056,1.34945,1.09916,1.06104,,,,3.37382,2.04511,2.87328
2007-08-06,,,,0.47468,0.98786,1.16761,1.34601,1.09864,1.06021,,,,3.33305,2.04299,2.87012
2007-08-07,,,,0.47805,0.99155,1.17169,1.34520,1.09864,1.06012,,,,3.34011,2.04377,2.87049
2007-08-08,,,,0.48329,0.99721,1.17796,1.35107,1.09995,1.06189,,,,3.34931,2.04468,2.87025
2007-08-09,,,,0.47211,0.98547,1.16499,1.32456,1.09494,1.05463,,,,3.33492,2.04415,2.87262
2007-08-10,,,,0.46786,0.98135,1.16070,1.34703,1.09953,1.06079,,,,3.33716,2.04461,2.87270
2007-08-13,,,,0.47102,0.98416,1.16370,1.34075,1.09846,1.05929,,,,3.34852,2.04564,2.87041
2007-08-14,,,,0.46301,0.97794,1.15708,1.34136,1.09873,1.05957,,,,3.34239,2.04560,2.87274
2007-08-15,,,,0.45420,0.97249,1.15136,1.33812,1.09823,1.05884,,,,3.33357,2.04536,2.87607
2007-08-16,,,,0.44975,0.97090,1.14971,1.30878,1.09254,1.05138,,,,3.22146,2.03875,2.91605
2007-08-17,,,,0.45826,0.97286,1.15085,1.31546,1.09335,1.05228,,,,3.27244,2.04224,2.89654
2007-08-20,,,,0.46044,0.97343,1.15105,1.31769,1.09366,1.05251,,,,3.22276,2.03936,2.91677
2007-08-21,,,,0.46528,0.97458,1.15119,1.31667,1.09371,1.05261,,,,3.21049,2.03884,2.92355
2007-08-22,,,,0.47162,0.97603,1.15133,1.32335,1.09441,1.05262,,,,3.22865,2.04026,2.91226
2007-08-23,,,,0.47033,0.97589,1.15151,1.32153,1.09440,1.05283,,,,3.25282,2.04206,2.89578
2007-08-24,,,,0.47696,0.97741,1.15167,1.33772,1.09590,1.05229,,,,3.27874,2.04399,2.87816
2007-08-27,,,,0.47379,0.97692,1.15188,1.33509,1.09587,1.05260,,,,3.27089,2.04383,2.88460
2007-08-28,,,,0.46251,0.97475,1.15199,1.32720,1.09539,1.05314,,,,3.26244,2.04361,2.89142
2007-08-29,,,,0.47577,0.97767,1.15227,1.33691,1.09634,1.05288,,,,3.28082,2.04505,2.87884
2007-08-30,,,,0.47825,0.97831,1.15245,1.33144,1.09604,1.05328,,,,3.29456,2.04618,2.86972
2007-08-31,,,,0.48359,0.97954,1.15302,1.34601,1.09739,1.05281,,,,3.30443,2.04707,2.86347
2007-09-04,,,,0.49161,0.98138,1.15480,1.36463,1.09908,1.05216,,,,3.33432,2.04924,2.84308
2007-09-05,,,,0.48666,0.97955,1.15311,1.36706,1.09944,1.05228,,,,3.33248,2.04944,2.84524
2007-09-06,,,,0.48626,0.97946,1.15305,1.39336,1.10165,1.05486,,,,3.33170,2.04970,2.84661
2007-09-07,,,,0.47726,0.97439,1.14818,1.40409,1.10356,1.05715,,,,3.33767,2.05036,2.84331
2007-09-10,,,,0.47696,0.97432,1.14814,1.40874,1.10493,1.05879,,,,3.36764,2.05248,2.82480
2007-09-11,,,,0.48419,0.97865,1.15237,1.42695,1.11204,1.06776,,,,3.40109,2.05481,2.80782
2007-09-12,,,,0.48428,0.97881,1.15256,1.42574,1.11143,1.06693,,,,3.44629,2.05783,2.79121
2007-09-13,,,,0.48666,0.98028,1.15401,1.41805,1.10688,1.06102,,,,3.43211,2.05728,2.79418
2007-09-14,,,,0.48705,0.98062,1.15437,1.41623,1.10570,1.05945,,,,3.44421,2.05829,2.79354
2007-09-17,,,,0.48300,0.97798,1.15171,1.43606,1.11933,1.07714,,,,3.48902,2.06121,2.79523
2007-09-18,,,,0.49517,0.98634,1.16026,1.45083,1.12971,1.09095,,,,3.50103,2.06246,2.79747
2007-09-19,,,,0.49645,0.98733,1.16126,1.44537,1.12589,1.08504,,,,3.51546,2.06495,2.80223
2007-09-20,,,,0.49507,0.98623,1.16019,1.47147,1.14421,1.11443,,,,3.54351,2.07161,2.81556
2007-09-21,,,,0.49859,0.98954,1.16356,1.46378,1.13885,1.10556,,,,3.54468,2.07200,2.81612
2007-09-24,,,,0.50087,0.99191,1.16601,1.46257,1.13801,1.10398,,,,3.55765,2.07686,2.82608
2007-09-25,,,,0.50562,0.99727,1.17165,1.46358,1.13874,1.10509,,,,3.53563,2.06728,2.80528
2007-09-26,,,,0.50810,1.00036,1.17493,1.45690,1.13408,1.09607,,,,3.54985,2.07381,2.81888
2007-09-27,,,,0.51067,1.00392,1.17877,1.47106,1.14402,1.11521,,,,3.59678,2.09666,2.86770
2007-09-28,,,,0.50899,1.00138,1.17599,1.48745,1.15551,1.13826,,,,3.56799,2.08167,2.83542
2007-10-01,,,,0.51483,1.01078,1.18644,1.49535,1.16104,1.14967,,,,3.56521,2.08024,2.83199
2007-10-02,,,,0.51493,1.01096,1.18662,1.46398,1.13914,1.09987,,,,3.53383,2.06379,2.79442
2007-10-03,,,,0.51137,1.00467,1.17923,1.45488,1.13278,1.08662,,,,3.53653,2.06524,2.79741
2007-10-04,,,,0.51255,1.00679,1.18173,1.47450,1.14655,1.11378,,,,3.54949,2.07209,2.81255
2007-10-05,,,,0.52295,1.02518,1.20473,1.48523,1.15408,1.12831,,,,3.52015,2.05671,2.77750
2007-10-08,,,,0.52622,1.03096,1.21191,1.46762,1.14178,1.10393,,,,3.44854,2.01899,2.69210
2007-10-09,,,,0.52849,1.03499,1.21725,1.47896,1.14974,1.11894,,,,3.47330,2.03081,2.71386
2007-10-10,,,,0.52978,1.03728,1.22050,1.48442,1.15358,1.12615,,,,3.51591,2.04921,2.74813
2007-10-11,,,,0.52137,1.02247,1.19688,1.49555,1.16138,1.14102,,,,3.55220,2.06435,2.77594
2007-10-12,,,,0.52998,1.03769,1.22089,1.50931,1.17101,1.15951,,,,3.54723,2.06239,2.77214
2007-10-15,,,,0.52592,1.03055,1.20947,1.52044,1.17881,1.17473,,,,3.58851,2.07955,2.80377
2007-10-16,,,,0.52344,1.02620,1.20250,1.52003,1.17854,1.17386,,,,3.58533,2.07834,2.80135
2007-10-17,,,,0.53018,1.03810,1.22127,1.50749,1.16981,1.15345,,,,3.58046,2.07641,2.79751
2007-10-18,,,,0.53245,1.04212,1.22762,1.53784,1.19102,1.20172,,,,3.61357,2.09044,2.82474
2007-10-19,,,,0.51919,1.01877,1.19031,1.53177,1.18681,1.19163,,,,3.59230,2.08082,2.80562
2007-10-22,,,,0.52543,1.02980,1.20620,1.50951,1.17130,1.15526,,,,3.55859,2.06512,2.77451
2007-10-23,,,,0.53642,1.04920,1.23375,1.52226,1.18023,1.17477,,,,3.54455,2.05861,2.76153
2007-10-24,,,,0.53236,1.04207,1.22386,1.52813,1.18434,1.18373,,,,3.54239,2.05766,2.75947
2007-10-25,,,,0.52523,1.02953,1.20650,1.53845,1.19155,1.19968,,,,3.59803,2.08380,2.81048
2007-10-26,,,,0.53394,1.04492,1.22728,1.57204,1.21499,1.25237,,,,3.62634,2.09709,2.83647
2007-10-29,,,,0.53612,1.04877,1.23239,1.58074,1.22106,1.26616,,,,3.67080,2.11789,2.87737
2007-10-30,,,,0.53721,1.05070,1.23494,1.56516,1.21024,1.24077,,,,3.62384,2.09567,2.83392
2007-10-31,,,,0.54483,1.06414,1.25282,1.59085,1.22815,1.28170,,,,3.68664,2.12557,2.89171
2007-11-01,,,,0.53463,1.04623,1.22888,1.57689,1.21846,1.25880,,,,3.66720,2.11614,2.87366
2007-11-02,,,,0.53879,1.05357,1.23864,1.61534,1.24522,1.32057,,,,3.70100,2.13350,2.90475
2007-11-05,,,,0.53533,1.04748,1.23050,1.61372,1.24411,1.31770,,,,3.66307,2.11386,2.86649
2007-11-06,,,,0.54136,1.05813,1.24466,1.64771,1.26772,1.37354,,,,3.71678,2.14178,2.92022
2007-11-07,,,,0.52820,1.03498,1.21373,1.66410,1.27908,1.40093,,,,3.69222,2.12907,2.89535
2007-11-08,,,,0.51216,1.00671,1.17829,1.66390,1.27896,1.40037,,,,3.69051,2.12821,2.89340
2007-11-09,,,,0.49503,0.97635,1.14851,1.66289,1.27828,1.39837,,,,3.71042,2.13857,2.91448
2007-11-12,,,,0.48246,0.95746,1.13239,1.58438,1.22398,1.25634,,,,3.66026,2.11258,2.85747
2007-11-13,,,,0.50236,0.97924,1.15086,1.60097,1.23553,1.27544,,,,3.62467,2.09412,2.81722
2007-11-14,,,,0.49592,0.97391,1.14689,1.62444,1.25185,1.30222,,,,3.68312,2.12454,2.88246
2007-11-15,,,,0.49325,0.97206,1.14553,1.57730,1.21916,1.24791,,,,3.62920,2.09657,2.82536
2007-11-16,,,,0.49780,0.97475,1.14769,1.57325,1.21637,1.24396,,,,3.65722,2.11117,2.85164
2007-11-19,,,,0.49206,0.97197,1.14554,1.56293,1.20920,1.23411,,,,3.62170,2.09275,2.81824
2007-11-20,,,,0.49404,0.97283,1.14628,1.60805,1.24064,1.27576,,,,3.66985,2.11781,2.86059
2007-11-21,,,,0.48820,0.97103,1.14484,1.60583,1.23911,1.27390,,,,3.66041,2.11297,2.85247
2007-11-23,,,,0.49345,0.97223,1.14588,1.64407,1.26568,1.30569,,,,3.70893,2.13801,2.89400
2007-11-26,,,,0.48493,0.97066,1.14478,1.64508,1.26640,1.30652,,,,3.70495,2.13599,2.89056
2007-11-27,,,,0.49463,0.97271,1.14536,1.62080,1.24959,1.28630,,,,3.65002,2.10773,2.84340
2007-11-28,,,,0.50968,0.97577,1.14616,1.61008,1.24216,1.27738,,,,3.61229,2.08824,2.81096
2007-11-29,,,,0.51186,0.97629,1.14639,1.58397,1.22405,1.25567,,,,3.60925,2.08676,2.80845
2007-11-30,,,,0.50800,0.97566,1.14636,1.56455,1.21056,1.23952,,,,3.57028,2.06920,2.77857
2007-12-03,,,,0.50374,0.97495,1.14631,1.58397,1.22410,1.25563,,,,3.55610,2.06362,2.76906
2007-12-04,,,,0.50166,0.97465,1.14635,1.60664,1.23988,1.27403,,,,3.55736,2.06408,2.76977
2007-12-05,,,,0.51067,0.97651,1.14687,1.59106,1.22907,1.26141,,,,3.55078,2.06217,2.76632
2007-12-06,,,,0.51800,0.97801,1.14758,1.60603,1.23949,1.27353,,,,3.58925,2.07223,2.78434
2007-12-07,,,,0.51810,0.97811,1.14770,1.59045,1.22869,1.26091,,,,3.59433,2.07362,2.78672
2007-12-10,,,,0.52018,0.97884,1.14838,1.61878,1.24840,1.28384,,,,3.59252,2.07332,2.78607
2007-12-11,,,,0.50810,0.97384,1.14396,1.59531,1.23212,1.26482,,,,3.61968,2.08011,2.79809
2007-12-12,,,,0.51265,0.97588,1.14580,1.62869,1.25534,1.29172,,,,3.69540,2.09872,2.83125
2007-12-13,,,,0.50988,0.97478,1.14486,1.58843,1.22742,1.25989,,,,3.64901,2.08767,2.81134
2007-12-14,,,,0.50463,0.97261,1.14296,1.58883,1.22772,1.26019,,,,3.64317,2.08638,2.80893
2007-12-17,,,,0.49236,0.96740,1.13835,1.58094,1.22224,1.25458,,,,3.63247,2.08393,2.80443
2007-12-18,,,,0.49394,0.96819,1.13909,1.60360,1.23803,1.27075,,,,3.62524,2.08231,2.80142
2007-12-19,,,,0.49384,0.96820,1.13914,1.60340,1.23790,1.27062,,,,3.65891,2.09065,2.81624
2007-12-20,,,,0.50394,0.97167,1.14234,1.59187,1.22990,1.26249,,,,3.64775,2.08808,2.81152
2007-12-21,,,,0.51388,0.97503,1.14544,1.62080,1.25004,1.28296,,,,3.69310,2.09921,2.83141
2007-12-24,,,,0.51775,0.97639,1.14672,1.62161,1.25061,1.28355,,,,3.69253,2.09915,2.83115
2007-12-26,,,,0.52032,0.97732,1.14760,1.64953,1.27001,1.30326,,,,3.74156,2.11355,2.85785
2007-12-27,,,,0.51408,0.97541,1.14589,1.65034,1.27059,1.30382,,,,3.74581,2.11498,2.86031
2007-12-28,,,,0.51358,0.97533,1.14584,1.67948,1.29079,1.32528,,,,3.73016,2.10903,2.84899
2007-12-31,,,,0.50764,0.97312,1.14380,1.66856,1.28325,1.31667,,,,3.73457,2.11086,2.85228
2008-01-02,,,,0.49961,0.97008,1.14097,1.71712,1.31688,1.35774,,,,3.82826,2.15187,2.93175
2008-01-03,,,,0.50169,0.97100,1.14187,1.73149,1.32681,1.36983,,,,3.85586,2.16393,2.95507
2008-01-04,,,,0.47969,0.96238,1.13379,1.72258,1.32069,1.36146,,,,3.83440,2.15312,2.93520
2008-01-07,,,,0.47741,0.96186,1.13336,1.71530,1.31568,1.35399,,,,3.79166,2.13154,2.89236
2008-01-08,,,,0.46502,0.95947,1.13318,1.75597,1.34377,1.39767,,,,3.85487,2.16355,2.95521
2008-01-09,,,,0.47493,0.96162,1.13075,1.75132,1.34059,1.39249,,,,3.83989,2.15601,2.94004
2008-01-10,,,,0.47563,0.96187,1.13066,1.78571,1.36430,1.43240,,,,3.82126,2.14662,2.92061
2008-01-11,,,,0.46631,0.96009,1.13489,1.79239,1.36891,1.44034,,,,3.84443,2.15836,2.94495
2008-01-14,,,,0.47444,0.96187,1.13006,1.81182,1.38228,1.46611,,,,3.89072,2.18178,2.99648
2008-01-15,,,,0.46135,0.95932,1.13823,1.78045,1.36076,1.42135,,,,3.84172,2.15707,2.93876
2008-01-16,,,,0.45640,0.95840,1.14217,1.75435,1.34282,1.38458,,,,3.79381,2.13289,2.88271
2008-01-17,,,,0.45006,0.95717,1.14851,1.75030,1.34005,1.37884,,,,3.79535,2.13370,2.88431
2008-01-18,,,,0.44946,0.95714,1.14939,1.76892,1.35289,1.40451,,,,3.80544,2.13882,2.89583
2008-01-22,,,,0.43786,0.95475,1.16629,1.78410,1.36335,1.42560,,,,3.74799,2.10978,2.82885
2008-01-23,,,,0.43618,0.95445,1.16925,1.77843,1.35947,1.41750,,,,3.66419,2.06733,2.74077
2008-01-24,,,,0.44510,0.95648,1.15265,1.82274,1.38996,1.48169,,,,3.74952,2.10977,2.80660
2008-01-25,,,,0.43598,0.95460,1.16938,1.82720,1.39303,1.48815,,,,3.79671,2.13037,2.83639
2008-01-28,,,,0.43935,0.95542,1.16288,1.85654,1.41318,1.53186,,,,3.83104,2.14532,2.85804
2008-01-29,,,,0.44014,0.95567,1.16142,1.84439,1.40487,1.51274,,,,3.86595,2.16050,2.88003
2008-01-30,,,,0.43975,0.95565,1.16243,1.86281,1.41751,1.54140,,,,3.86748,2.16120,2.88098
2008-01-31,,,,0.44728,0.95736,1.14541,1.84945,1.40837,1.51982,,,,3.89131,2.17149,2.89634
2008-02-01,,,,0.45184,0.95840,1.13550,1.80797,1.37995,1.45322,,,,3.84223,2.14874,2.86082
2008-02-04,,,,0.44550,0.95713,1.14945,1.80291,1.37649,1.44516,,,,3.88201,2.16725,2.88960
2008-02-05,,,,0.43281,0.95448,1.17789,1.77418,1.35676,1.40010,,,,3.84576,2.15000,2.86279
2008-02-06,,,,0.42429,0.95267,1.19806,1.79988,1.37446,1.43883,,,,3.86049,2.15704,2.87363
2008-02-07,,,,0.42726,0.95341,1.19068,1.81809,1.38698,1.46559,,,,3.90458,2.17834,2.90740
2008-02-08,,,,0.43212,0.95457,1.17811,1.84136,1.40297,1.50010,,,,3.99007,2.22124,2.97584
2008-02-11,,,,0.43677,0.95567,1.16634,1.84804,1.40757,1.51002,,,,4.00675,2.22961,2.98896
2008-02-12,,,,0.43430,0.95521,1.17278,1.80757,1.37984,1.44885,,,,3.97120,2.21183,2.95601
2008-02-13,,,,0.44381,0.95738,1.14872,1.80979,1.38138,1.45194,,,,3.97208,2.21229,2.95664
2008-02-14,,,,0.43578,0.95572,1.16854,1.81526,1.38514,1.45967,,,,4.04840,2.25057,3.03500
2008-02-15,,,,0.43430,0.95547,1.17250,1.80393,1.37737,1.44328,,,,4.04255,2.24766,3.02865
2008-02-19,,,,0.43350,0.95537,1.17472,1.85310,1.41117,1.51341,,,,4.15803,2.30547,3.15899
2008-02-20,,,,0.43549,0.95588,1.16985,1.88669,1.43421,1.55848,,,,4.16147,2.30720,3.16271
2008-02-21,,,,0.43132,0.95504,1.18060,1.88689,1.43436,1.55867,,,,4.18778,2.32035,3.19357
2008-02-22,,,,0.43291,0.95547,1.17669,1.88972,1.43631,1.56237,,,,4.20898,2.33094,3.22105
2008-02-25,,,,0.43509,0.95602,1.17120,1.87657,1.42732,1.54335,,,,4.23540,2.34413,3.25805
2008-02-26,,,,0.43677,0.95646,1.16703,1.89620,1.44077,1.57208,,,,4.29134,2.37201,3.34304
2008-02-27,,,,0.43895,0.95701,1.16160,1.91785,1.45559,1.60523,,,,4.31080,2.38171,3.37411
2008-02-28,,,,0.43727,0.95670,1.16606,1.94233,1.47232,1.64494,,,,4.38759,2.41992,3.50493
2008-02-29,,,,0.42567,0.95423,1.19596,1.94618,1.47496,1.65125,,,,4.36883,2.41062,3.47185
2008-03-03,,,,0.42290,0.95366,1.20358,1.96762,1.48960,1.68800,,,,4.41854,2.43532,3.55965
2008-03-04,,,,0.42528,0.95426,1.19689,1.92594,1.46121,1.61434,,,,4.33571,2.39425,3.40496
2008-03-05,,,,0.42736,0.95477,1.19091,1.97734,1.49631,1.70281,,,,4.44208,2.44713,3.59776
2008-03-06,,,,0.41794,0.95272,1.21892,1.95265,1.47951,1.65981,,,,4.39476,2.42368,3.51332
2008-03-07,,,,0.41695,0.95254,1.22213,1.94435,1.47386,1.64562,,,,4.35985,2.40637,3.45206
2008-03-10,,,,0.40893,0.95075,1.24963,1.93990,1.47083,1.63801,,,,4.36401,2.40845,3.45905
2008-03-11,,,,0.42448,0.95442,1.19078,1.94233,1.47249,1.64201,,,,4.38720,2.41998,3.49900
2008-03-12,,,,0.42330,0.95420,1.19428,1.96297,1.48658,1.67678,,,,4.41864,2.43560,3.55357
2008-03-13,,,,0.42657,0.95498,1.18510,1.98988,1.50493,1.72262,,,,4.44102,2.44672,3.59274
2008-03-14,,,,0.41874,0.95327,1.20715,1.99737,1.51004,1.73549,,,,4.37760,2.41528,3.47740
2008-03-17,,,,0.41111,0.95157,1.22945,2.00668,1.51638,1.75156,,,,4.18075,2.31754,3.12512
2008-03-18,,,,0.42944,0.95584,1.17407,1.95265,1.47964,1.65499,,,,4.26373,2.35895,3.22231
2008-03-19,,,,0.41884,0.95350,1.19605,1.88264,1.43189,1.53369,,,,4.08511,2.27002,3.02793
2008-03-20,,,,0.42739,0.95547,1.17764,1.81930,1.38854,1.45215,,,,4.00296,2.22894,2.96413
2008-03-24,,,,0.44217,0.95882,1.14911,1.82315,1.39119,1.45590,,,,4.04742,2.25123,2.99400
2008-03-25,,,,0.44465,0.95940,1.14557,1.87637,1.42775,1.50500,,,,4.12440,2.28978,3.04060
2008-03-26,,,,0.44336,0.95917,1.14736,1.89802,1.44258,1.52199,,,,4.18803,2.32158,3.07605
2008-03-27,,,,0.43355,0.95709,1.15988,1.89114,1.43788,1.51660,,,,4.21847,2.33678,3.09289
2008-03-28,,,,0.43136,0.95665,1.16278,1.85917,1.41601,1.49151,,,,4.16123,2.30825,3.06140
2008-03-31,,,,0.43364,0.95720,1.15991,1.82942,1.39563,1.46840,,,,4.09070,2.27306,3.02244
2008-04-01,,,,0.45219,0.96134,1.13604,1.75759,1.34631,1.41600,,,,4.04969,2.25249,2.99992
2008-04-02,,,,0.45120,0.96118,1.13701,1.80635,1.37945,1.44222,,,,4.12210,2.28625,3.03746
2008-04-03,,,,0.45219,0.96144,1.13625,1.80939,1.38122,1.44358,,,,4.11072,2.28122,3.03196
2008-04-04,,,,0.45487,0.96205,1.13428,1.82618,1.39053,1.45081,,,,4.15457,2.30045,3.05345
2008-04-07,,,,0.45388,0.96189,1.13501,1.84480,1.40060,1.45872,,,,4.20812,2.32387,3.07960
2008-04-08,,,,0.45041,0.96120,1.13722,1.82821,1.39169,1.45177,,,,4.17829,2.31090,3.06518
2008-04-09,,,,0.44535,0.96017,1.14035,1.86746,1.41288,1.46842,,,,4.28241,2.35636,3.11587
2008-04-10,,,,0.45170,0.96158,1.13653,1.85694,1.40727,1.46404,,,,4.27674,2.35392,3.11316
2008-04-11,,,,0.43920,0.95896,1.14396,1.84743,1.40218,1.46008,,,,4.24734,2.34116,3.09858
2008-04-14,,,,0.43722,0.95856,1.14523,1.84359,1.40013,1.45849,,,,4.27426,2.35311,3.11282
2008-04-15,,,,0.43781,0.95873,1.14493,1.85471,1.40613,1.46321,,,,4.31925,2.37421,3.13850
2008-04-16,,,,0.45001,0.96144,1.13751,1.88729,1.42365,1.47693,,,,4.36532,2.39702,3.16698
2008-04-17,,,,0.44902,0.96127,1.13817,1.87293,1.41599,1.47090,,,,4.35321,2.39104,3.15856
2008-04-18,,,,0.46330,0.96437,1.12973,1.83367,1.39499,1.45315,,,,4.35171,2.39031,3.15729
2008-04-21,,,,0.46657,0.96510,1.12829,1.82618,1.39097,1.44976,,,,4.31015,2.36978,3.12355
2008-04-22,,,,0.45963,0.96371,1.13055,1.82659,1.39121,1.44998,,,,4.37043,2.39962,3.17310
2008-04-23,,,,0.46469,0.96481,1.12924,1.80534,1.37977,1.44028,,,,4.36196,2.39544,3.16580
2008-04-24,,,,0.46886,0.96572,1.12851,1.76487,1.35780,1.42165,,,,4.29700,2.36335,3.10747
2008-04-25,,,,0.46766,0.96552,1.12865,1.76588,1.35823,1.42206,,,,4.32492,2.37719,3.13240
2008-04-28,,,,0.46856,0.96575,1.12869,1.77438,1.36155,1.42518,,,,4.34572,2.38749,3.15096
2008-04-29,,,,0.47213,0.96654,1.12895,1.73634,1.34839,1.41265,,,,4.25063,2.34048,3.06433
2008-04-30,,,,0.46826,0.96579,1.12842,1.75334,1.35283,1.41683,,,,4.23658,2.33354,3.05157
2008-05-01,,,,0.48304,0.96893,1.13122,1.69951,1.34141,1.40604,,,,4.14441,2.28786,2.96788
2008-05-02,,,,0.48373,0.96918,1.13145,1.71145,1.34271,1.40719,,,,4.22836,2.32958,3.03178
2008-05-05,,,,0.48235,0.96852,1.13089,1.74565,1.34546,1.40842,,,,4.28722,2.35878,3.07173
2008-05-06,,,,0.48532,0.97031,1.13248,1.75293,1.34610,1.40871,,,,4.32246,2.37624,3.09563
2008-05-07,,,,0.47649,0.96412,1.12695,1.73654,1.34492,1.40833,,,,4.34144,2.38565,3.10850
2008-05-08,,,,0.48006,0.96671,1.12930,1.76528,1.34723,1.40894,,,,4.35184,2.39081,3.11554
2008-05-09,,,,0.47818,0.96540,1.12814,1.76892,1.34758,1.40909,,,,4.40016,2.41472,3.14861
2008-05-12,,,,0.48691,0.97176,1.13394,1.76022,1.34701,1.40903,,,,4.37157,2.40061,3.12732
2008-05-13,,,,0.48820,0.97278,1.13489,1.72784,1.34461,1.40855,,,,4.39515,2.41228,3.14569
2008-05-14,,,,0.48711,0.97186,1.13405,1.72400,1.34440,1.40857,,,,4.36933,2.39954,3.12381
2008-05-15,,,,0.49564,0.97980,1.14153,1.76042,1.34733,1.40907,,,,4.36423,2.39704,3.11923
2008-05-16,,,,0.49603,0.98020,1.14193,1.80291,1.35067,1.40963,,,,4.39768,2.41359,3.14955
2008-05-19,,,,0.49246,0.97619,1.13810,1.80878,1.35119,1.40978,,,,4.36101,2.39550,3.11456
2008-05-20,,,,0.48869,0.97178,1.13385,1.83934,1.35354,1.41046,,,,4.41437,2.42190,3.16536
2008-05-21,,,,0.47788,0.95902,1.12152,1.86079,1.35578,1.41253,,,,4.48196,2.45528,3.23072
2008-05-22,,,,0.47957,0.96106,1.12352,1.84096,1.35196,1.40899,,,,4.42536,2.42740,3.17392
2008-05-23,,,,0.47808,0.95931,1.12184,1.84601,1.35323,1.41018,,,,4.46522,2.44709,3.21349
2008-05-27,,,,0.48651,0.96940,1.13163,1.80817,1.34206,1.39949,,,,4.40946,2.41961,3.15564
2008-05-28,,,,0.48849,0.97178,1.13395,1.80372,1.34079,1.39828,,,,4.42510,2.42735,3.17164
2008-05-29,,,,0.49286,0.97698,1.13899,1.75051,1.32483,1.38299,,,,4.29262,2.36197,3.03439
2008-05-30,,,,0.49603,0.98075,1.14265,1.76953,1.33071,1.38863,,,,4.35246,2.39162,3.08673
2008-06-02,,,,0.48998,0.97366,1.13582,1.77985,1.33385,1.39148,,,,4.38795,2.40918,3.11612
2008-06-03,,,,0.48730,0.97052,1.13280,1.75799,1.32768,1.38581,,,,4.34603,2.38849,3.08127
2008-06-04,,,,0.49355,0.97795,1.14000,1.75334,1.32656,1.38478,,,,4.33320,2.38216,3.07062
2008-06-05,,,,0.50139,0.98722,1.14897,1.74929,1.32574,1.38401,,,,4.42703,2.42860,3.14792
2008-06-06,,,,0.48631,0.96959,1.13198,1.80210,1.33519,1.39324,,,,4.55309,2.49085,3.24551
2008-06-09,,,,0.48373,0.96656,1.12906,1.78045,1.33151,1.38966,,,,4.49963,2.46456,3.20575
2008-06-10,,,,0.48145,0.96387,1.12647,1.73108,1.32291,1.38127,,,,4.46689,2.44844,3.18140
2008-06-11,,,,0.46985,0.95042,1.11358,1.76083,1.32748,1.38527,,,,4.58598,2.50720,3.26988
2008-06-12,,,,0.47034,0.95088,1.11403,1.73209,1.32354,1.38188,,,,4.59460,2.51146,3.27628
2008-06-13,,,,0.47977,0.95812,1.12087,1.73675,1.32407,1.38236,,,,4.60155,2.51490,3.28130
2008-06-16,,,,0.48403,0.96116,1.12370,1.76062,1.32599,1.38400,,,,4.64201,2.53482,3.31378
2008-06-17,,,,0.48145,0.95941,1.12210,1.76548,1.32645,1.38441,,,,4.66265,2.54499,3.33177
2008-06-18,,,,0.47629,0.95583,1.11883,1.78632,1.32810,1.38583,,,,4.71855,2.57246,3.38593
2008-06-19,,,,0.48373,0.96077,1.12358,1.78915,1.32840,1.38610,,,,4.63832,2.53312,3.30085
2008-06-20,,,,0.47067,0.95229,1.11547,1.79988,1.32928,1.38687,,,,4.68717,2.55715,3.35204
2008-06-23,,,,0.46700,0.95034,1.11372,1.76224,1.32659,1.38461,,,,4.68900,2.55806,3.35369
2008-06-24,,,,0.46462,0.94941,1.11288,1.76993,1.32726,1.38519,,,,4.66505,2.54633,3.32656
2008-06-25,,,,0.47216,0.95140,1.11477,1.76892,1.32727,1.38522,,,,4.64314,2.53558,3.30100
2008-06-26,,,,0.45310,0.94715,1.11078,1.83347,1.33218,1.38939,,,,4.76191,2.59397,3.44083
2008-06-27,,,,0.45310,0.94720,1.11082,1.85087,1.33369,1.39073,,,,4.76974,2.59782,3.45006
2008-06-30,,,,0.44834,0.94627,1.11162,1.84945,1.33349,1.39056,,,,4.74807,2.58722,3.42382
2008-07-01,,,,0.45469,0.94767,1.10948,1.87495,1.33916,1.39574,,,,4.79189,2.60873,3.47748
2008-07-02,,,,0.44377,0.94546,1.11393,1.88527,1.34214,1.39850,,,,4.84898,2.63672,3.55158
2008-07-03,,,,0.44298,0.94535,1.11445,1.86281,1.33401,1.39084,,,,4.84613,2.63535,3.54716
2008-07-07,,,,0.44566,0.94598,1.11254,1.84601,1.32740,1.38462,,,,4.72256,2.57489,3.36311
2008-07-08,,,,0.45628,0.94830,1.10378,1.83853,1.32441,1.38177,,,,4.59197,2.51083,3.19005
2008-07-09,,,,0.44417,0.94584,1.11368,1.85148,1.32970,1.38690,,,,4.60005,2.51482,3.19831
2008-07-10,,,,0.44943,0.94702,1.10937,1.89255,1.34678,1.40384,,,,4.68692,2.55757,3.28659
2008-07-11,,,,0.44228,0.94557,1.11535,1.92554,1.36127,1.41784,,,,4.71024,2.56905,3.30892
2008-07-14,,,,0.43901,0.94492,1.11825,1.94071,1.36885,1.42514,,,,4.68145,2.55493,3.28115
2008-07-15,,,,0.43911,0.94498,1.11821,1.94597,1.37188,1.42809,,,,4.57129,2.50083,3.17513
2008-07-16,,,,0.45003,0.94738,1.10607,1.91097,1.34967,1.40486,,,,4.53051,2.48077,3.13976
2008-07-17,,,,0.45300,0.94805,1.10294,1.90652,1.34685,1.40190,,,,4.40706,2.41994,3.03847
2008-07-18,,,,0.44258,0.94592,1.11419,1.90550,1.34622,1.40122,,,,4.35277,2.39307,3.00328
2008-07-21,,,,0.44447,0.94637,1.11219,1.92473,1.35845,1.41443,,,,4.35037,2.39180,3.00183
2008-07-22,,,,0.44447,0.94643,1.11229,1.88304,1.33198,1.38451,,,,4.28035,2.36391,2.96845
2008-07-23,,,,0.45032,0.94773,1.10594,1.83266,1.29991,1.34823,,,,4.20424,2.34034,2.94006
2008-07-24,,,,0.44357,0.94636,1.11334,1.84804,1.30971,1.35765,,,,4.16890,2.33303,2.93125
2008-07-25,,,,0.44933,0.94765,1.10709,1.85532,1.31417,1.36184,,,,4.15625,2.33176,2.92967
2008-07-28,,,,0.44089,0.94592,1.11634,1.85613,1.31465,1.36231,,,,4.17956,2.33321,2.93115
2008-07-29,,,,0.45003,0.94794,1.10628,1.83306,1.30155,1.34951,,,,4.14516,2.33143,2.93105
2008-07-30,,,,0.45231,0.94848,1.10392,1.81141,1.29021,1.33838,,,,4.20223,2.33478,2.92856
2008-07-31,,,,0.45122,0.94830,1.10519,1.82274,1.29542,1.34355,,,,4.18494,2.33396,2.93031
2008-08-01,,,,0.44546,0.94715,1.11150,1.81242,1.29109,1.33920,,,,4.16977,2.33325,2.93241
2008-08-04,,,,0.44099,0.94626,1.11651,1.78349,1.28012,1.32792,,,,4.02374,2.32522,2.95724
2008-08-05,,,,0.45588,0.94951,1.10000,1.74180,1.26735,1.31487,,,,3.99096,2.32347,2.96501
2008-08-06,,,,0.46283,0.95101,1.09375,1.75314,1.26947,1.31698,,,,3.97403,2.32262,2.97027
2008-08-07,,,,0.45926,0.95033,1.09649,1.74201,1.26828,1.31575,,,,3.99337,2.32388,2.96315
2008-08-08,,,,0.46968,0.95255,1.08933,1.70842,1.26591,1.31457,,,,3.86403,2.31650,3.01929
2008-08-11,,,,0.47395,0.95348,1.08730,1.64164,1.26105,1.31963,,,,3.84733,2.31565,3.02777
2008-08-12,,,,0.47444,0.95364,1.08719,1.62930,1.26018,1.32237,,,,3.82686,2.31457,3.04008
2008-08-13,,,,0.47345,0.95350,1.08746,1.65034,1.26189,1.31524,,,,3.93228,2.32109,2.97165
2008-08-14,,,,0.47891,0.95466,1.08689,1.60563,1.25855,1.33256,,,,3.89335,2.31895,2.99621
2008-08-15,,,,0.47802,0.95455,1.08693,1.57082,1.25591,1.34866,,,,3.82159,2.31482,3.04273
2008-08-18,,,,0.47246,0.95350,1.08635,1.59450,1.25788,1.33554,,,,3.84575,2.31644,3.02628
2008-08-19,,,,0.46660,0.95238,1.08561,1.62748,1.26056,1.31654,,,,3.88378,2.31887,2.99932
2008-08-20,,,,0.46740,0.95260,1.08579,1.61999,1.26006,1.32085,,,,3.91568,2.32092,2.97648
2008-08-21,,,,0.46521,0.95221,1.08555,1.66532,1.26366,1.29328,,,,4.05317,2.32921,2.87534
2008-08-22,,,,0.47137,0.95352,1.08649,1.64063,1.26186,1.30782,,,,3.94071,2.32288,2.95313
2008-08-25,,,,0.46144,0.95157,1.08517,1.63760,1.26170,1.30978,,,,3.93714,2.32281,2.95596
2008-08-26,,,,0.46084,0.95151,1.08515,1.64367,1.26225,1.30622,,,,3.95824,2.32420,2.94188
2008-08-27,,,,0.46382,0.95218,1.08564,1.64630,1.26252,1.30474,,,,3.97815,2.32550,2.92873
2008-08-28,,,,0.46759,0.95301,1.08625,1.66289,1.26387,1.29455,,,,3.90000,2.32108,2.98164
2008-08-29,,,,0.45777,0.95107,1.08493,1.65338,1.26323,1.30053,,,,3.88010,2.32003,2.99591
2008-09-02,,,,0.45211,0.94995,1.08416,1.60259,1.25942,1.33213,,,,3.75539,2.31271,3.08422
2008-09-03,,,,0.44784,0.94911,1.08415,1.59632,1.25900,1.33635,,,,3.73287,2.31147,3.10135
2008-09-04,,,,0.43335,0.94609,1.08666,1.58620,1.25828,1.34361,,,,3.71730,2.31064,3.11463
2008-09-05,,,,0.43127,0.94569,1.08762,1.59814,1.25930,1.33421,,,,3.65004,2.30659,3.17602
2008-09-08,,,,0.43047,0.94558,1.08825,1.59571,1.25919,1.33632,,,,3.65331,2.30694,3.17318
2008-09-09,,,,0.42134,0.94363,1.09749,1.54775,1.25548,1.37812,,,,3.59756,2.30355,3.23079
2008-09-10,,,,0.42482,0.94446,1.09290,1.50182,1.25182,1.42126,,,,3.56347,2.30150,3.26908
2008-09-11,,,,0.43276,0.94628,1.08106,1.47875,1.24997,1.44505,,,,3.53765,2.29997,3.30054
2008-09-12,,,,0.43107,0.94596,1.08362,1.52873,1.25426,1.38948,,,,3.59356,2.30372,3.22823
2008-09-15,,,,0.41767,0.94305,1.10365,1.56941,1.25764,1.34734,,,,3.52689,2.29953,3.31206
2008-09-16,,,,0.42094,0.94382,1.09830,1.55382,1.25643,1.36150,,,,3.42265,2.29281,3.45066
2008-09-17,,,,0.39911,0.93893,1.13620,1.72926,1.27062,1.19940,,,,3.54096,2.30073,3.28201
2008-09-18,,,,0.41261,0.94211,1.11066,1.67544,1.26668,1.21119,,,,3.51380,2.29899,3.31622
2008-09-19,,,,0.42609,0.94522,1.08653,1.73978,1.27158,1.19810,,,,3.58609,2.30380,3.22401
2008-09-22,,,,0.40603,0.94081,1.11608,1.80453,1.27638,1.18864,,,,3.71569,2.31223,3.06614
2008-09-23,,,,0.40295,0.94013,1.12092,1.78713,1.27518,1.19023,,,,3.66770,2.30931,3.11345
2008-09-24,,,,0.40573,0.94079,1.11658,1.75455,1.27288,1.19224,,,,3.64910,2.30818,3.13231
2008-09-25,,,,0.41219,0.94232,1.10657,1.74929,1.27253,1.19251,,,,3.66696,2.30937,3.11433
2008-09-26,,,,0.40802,0.94139,1.11297,1.75314,1.27285,1.19241,,,,3.61561,2.30621,3.16630
2008-09-29,,,,0.37564,0.93395,1.16346,1.81242,1.27720,1.19115,,,,3.42667,2.29424,3.36271
2008-09-30,,,,0.38646,0.93667,1.14438,1.72137,1.27082,1.19062,,,,3.43152,2.29463,3.35773
2008-10-01,,,,0.38239,0.93571,1.15133,1.73958,1.27221,1.19078,,,,3.42566,2.29431,3.36422
2008-10-02,,,,0.36501,0.93148,1.18123,1.66592,1.26685,1.19033,,,,3.27005,2.28394,3.53660
2008-10-03,,,,0.35935,0.93005,1.19245,1.67119,1.26727,1.19039,,,,3.25263,2.28276,3.55792
2008-10-06,,,,0.34624,0.92668,1.22210,1.70538,1.26989,1.19064,,,,3.08595,2.27111,3.77094
2008-10-07,,,,0.32429,0.92083,1.27945,1.76588,1.27443,1.19109,,,,3.11133,2.27304,3.73499
2008-10-08,,,,0.32171,0.92012,1.28702,1.80939,1.27760,1.19140,,,,3.09925,2.27221,3.75209
2008-10-09,,,,0.31306,0.91767,1.31428,1.81910,1.27831,1.19147,,,,3.10050,2.27235,3.75038
2008-10-10,,,,0.31108,0.91709,1.32128,1.68393,1.26882,1.18753,,,,2.90826,2.25828,4.03811
2008-10-13,,,,0.34892,0.92826,1.17735,1.65904,1.26696,1.18676,,,,2.98848,2.26453,3.90095
2008-10-14,,,,0.33382,0.92425,1.20756,1.66329,1.26730,1.18691,,,,2.96356,2.26267,3.93981
2008-10-15,,,,0.30393,0.91598,1.27164,1.68575,1.26902,1.18748,,,,2.83614,2.25296,4.14170
2008-10-16,,,,0.32042,0.92097,1.23080,1.60441,1.26292,1.18608,,,,2.77140,2.24785,4.25449
2008-10-17,,,,0.32081,0.92111,1.22998,1.56232,1.25964,1.18681,,,,2.82433,2.25221,4.15798
2008-10-20,,,,0.32975,0.92371,1.21026,1.58843,1.26180,1.18517,,,,2.83458,2.25313,4.14046
2008-10-21,,,,0.31267,0.91896,1.24659,1.53845,1.25788,1.18963,,,,2.79429,2.25001,4.21093
2008-10-22,,,,0.30403,0.91646,1.26658,1.45103,1.25078,1.20167,,,,2.67334,2.24036,4.43080
2008-10-23,,,,0.30284,0.91613,1.26958,1.42958,1.24897,1.20624,,,,2.65124,2.23858,4.47527
2008-10-24,,,,0.29310,0.91321,1.29505,1.46115,1.25177,1.19679,,,,2.58233,2.23283,4.61591
2008-10-27,,,,0.28496,0.91070,1.31877,1.46054,1.25176,1.19701,,,,2.61201,2.23547,4.55120
2008-10-28,,,,0.31644,0.92079,1.21706,1.49312,1.25458,1.18511,,,,2.62042,2.23625,4.53347
2008-10-29,,,,0.31565,0.92058,1.21890,1.49737,1.25497,1.18363,,,,2.77271,2.24929,4.20447
2008-10-30,,,,0.32618,0.92366,1.19500,1.47127,1.25280,1.19334,,,,2.68617,2.24230,4.35905
2008-10-31,,,,0.32667,0.92382,1.19399,1.44355,1.25046,1.20495,,,,2.70085,2.24356,4.33119
2008-11-03,,,,0.32598,0.92364,1.19548,1.43869,1.25006,1.20730,,,,2.68762,2.24250,4.35634
2008-11-04,,,,0.33521,0.92627,1.17605,1.52732,1.25778,1.15997,,,,2.81671,2.25331,4.11022
2008-11-05,,,,0.31773,0.92145,1.21029,1.47309,1.25333,1.18224,,,,2.72758,2.24622,4.25968
2008-11-06,,,,0.30353,0.91735,1.24049,1.46135,1.25235,1.18735,,,,2.63148,2.23833,4.43210
2008-11-07,,,,0.30979,0.91925,1.22625,1.46702,1.25284,1.18489,,,,2.61373,2.23684,4.46645
2008-11-10,,,,0.30562,0.91802,1.23546,1.48887,1.25472,1.17538,,,,2.67244,2.24189,4.35169
2008-11-11,,,,0.29896,0.91603,1.25132,1.45791,1.25213,1.18859,,,,2.57742,2.23394,4.52896
2008-11-12,,,,0.28516,0.91180,1.28808,1.41643,1.24857,1.20684,,,,2.51950,2.22893,4.64558
2008-11-13,,,,0.30254,0.91737,1.23476,1.45994,1.25242,1.18494,,,,2.52846,2.22974,4.62673
2008-11-14,,,,0.28784,0.91292,1.27473,1.48321,1.25442,1.17378,,,,2.54012,2.23078,4.60236
2008-11-17,,,,0.28178,0.91100,1.29260,1.47005,1.25331,1.17995,,,,2.51729,2.22879,4.64974
2008-11-18,,,,0.28148,0.91091,1.29352,1.46722,1.25308,1.18130,,,,2.50428,2.22765,4.67748
2008-11-19,,,,0.26678,0.90615,1.34077,1.46216,1.25265,1.18371,,,,2.49181,2.22654,4.70509
2008-11-20,,,,0.25387,0.90177,1.38616,1.48624,1.25471,1.17209,,,,2.40406,2.21870,4.90695
2008-11-21,,,,0.26489,0.90568,1.34406,1.59551,1.26394,1.12060,,,,2.40918,2.21918,4.89420
2008-11-24,,,,0.28108,0.91122,1.28662,1.63719,1.26725,1.10859,,,,2.53061,2.23037,4.59065
2008-11-25,,,,0.27979,0.91081,1.29077,1.63638,1.26719,1.10875,,,,2.47620,2.22558,4.71070
2008-11-26,,,,0.29151,0.91462,1.25295,1.62647,1.26642,1.11061,,,,2.53945,2.23127,4.56442
2008-11-28,,,,0.28923,0.91391,1.25982,1.62505,1.26631,1.11083,,,,2.51255,2.22891,4.62320
2008-12-01,,,,0.26748,0.90704,1.32609,1.53076,1.25897,1.12463,,,,2.41939,2.22065,4.83165
2008-12-02,,,,0.27642,0.91007,1.29510,1.55706,1.26113,1.12050,,,,2.38153,2.21718,4.92360
2008-12-03,,,,0.28426,0.91265,1.26939,1.54148,1.25987,1.12290,,,,2.34796,2.21406,5.00798
2008-12-04,,,,0.27622,0.91007,1.29452,1.52772,1.25875,1.12505,,,,2.26337,2.20608,5.22736
2008-12-05,,,,0.28744,0.91377,1.25772,1.50789,1.25712,1.12817,,,,2.17155,2.19713,5.48519
2008-12-08,,,,0.29876,0.91737,1.22381,1.54189,1.25995,1.12273,,,,2.24624,2.20469,5.25578
2008-12-09,,,,0.29807,0.91716,1.22562,1.54452,1.26017,1.12233,,,,2.22647,2.20276,5.31134
2008-12-10,,,,0.29707,0.91685,1.22822,1.61372,1.26581,1.11157,,,,2.28147,2.20820,5.15380
2008-12-11,,,,0.28893,0.91434,1.24964,1.63193,1.26724,1.10887,,,,2.33978,2.21384,4.99562
2008-12-12,,,,0.29479,0.91619,1.23352,1.63517,1.26750,1.10843,,,,2.30566,2.21062,5.08310
2008-12-15,,,,0.28962,0.91459,1.24727,1.67139,1.27030,1.10447,,,,,,
2008-12-16,,,,0.30353,0.91898,1.20916,1.70902,1.27317,1.10183,,,,2.32710,2.21267,5.02637
2008-12-17,,,,0.29986,0.91787,1.21809,1.72865,1.27463,1.10133,,,,2.33212,2.21316,5.01338
2008-12-18,,,,0.29459,0.91626,1.23112,1.69709,1.27230,1.10068,,,,2.29820,2.20994,5.10093
2008-12-19,,,,0.29701,0.91701,1.22497,1.67200,1.27019,1.09960,,,,2.27769,2.20797,5.15554
2008-12-22,,,,0.29054,0.91502,1.24122,1.68879,1.27182,1.10044,,,,2.26736,2.20697,5.18406
2008-12-23,,,,0.28905,0.91455,1.24510,1.67200,1.26977,1.09936,,,,2.28114,2.20831,5.14447
2008-12-24,,,,0.28985,0.91480,1.24296,1.68879,1.27192,1.10051,,,,2.27080,2.20731,5.17425
2008-12-26,,,,0.28975,0.91477,1.24322,1.73209,1.27823,1.10398,,,,2.30421,2.21056,5.07413
2008-12-29,,,,0.28736,0.91402,1.25009,1.74727,1.28105,1.10553,,,,2.32200,2.21227,5.02219
2008-12-30,,,,0.29333,0.91592,1.23198,1.73816,1.27880,1.10426,,,,2.32256,2.21233,5.02051
2008-12-31,,,,0.29581,0.91670,1.22470,1.75071,1.28233,1.10629,,,,2.39986,2.21970,4.78900
2009-01-02,,,,0.30865,0.92068,1.18764,1.74484,1.28040,1.10515,,,,2.45231,2.22456,4.64398
2009-01-05,,,,0.30855,0.92065,1.18792,1.70943,1.26785,1.09762,,,,2.46768,2.22596,4.60371
2009-01-06,,,,0.31163,0.92158,1.17969,1.72258,1.27257,1.10046,,,,2.52709,2.23134,4.45037
2009-01-07,,,,0.30278,0.91896,1.20228,1.67442,1.25537,1.09013,,,,2.43432,2.22315,4.66343
2009-01-08,,,,0.30596,0.91993,1.19380,1.70902,1.26791,1.09770,,,,2.39490,2.21956,4.75538
2009-01-09,,,,0.29910,0.91787,1.21177,1.69810,1.26400,1.09535,,,,2.42088,2.22197,4.69261
2009-01-12,,,,0.29363,0.91620,1.22665,1.63416,1.24096,1.08147,,,,2.31971,2.21270,4.93134
2009-01-13,,,,0.29373,0.91623,1.22638,1.63658,1.24171,1.08190,,,,2.32255,2.21298,4.92406
2009-01-14,,,,0.28477,0.91344,1.25146,1.61453,1.23573,1.07840,,,,2.28788,2.20968,5.01349
2009-01-15,,,,0.28945,0.91495,1.23741,1.62667,1.23812,1.07982,,,,2.28036,2.20896,5.03347
2009-01-16,,,,0.29263,0.91596,1.22784,1.67361,1.24522,1.08414,,,,2.30960,2.21181,4.95206
2009-01-20,,,,0.27811,0.91141,1.27157,1.71024,1.25064,1.08743,,,,2.25965,2.20703,5.08933
2009-01-21,,,,0.28995,0.91530,1.23275,1.70275,1.24955,1.08677,,,,2.27587,2.20863,5.04121
2009-01-22,,,,0.28607,0.91408,1.24459,1.71145,1.25083,1.08755,,,,2.25770,2.20687,5.09559
2009-01-23,,,,0.28746,0.91452,1.24026,1.79138,1.26241,1.09457,,,,2.31795,2.21277,4.90532
2009-01-26,,,,0.28955,0.91519,1.23380,1.79988,1.26381,1.09536,,,,2.33871,2.21476,4.84393
2009-01-27,,,,0.29164,0.91586,1.22743,1.78834,1.26085,1.09365,,,,2.25813,2.20714,5.07757
2009-01-28,,,,0.30188,0.91908,1.19651,1.76892,1.25482,1.09009,,,,2.27747,2.20905,5.01679
2009-01-29,,,,0.29422,0.91676,1.21831,1.81101,1.26907,1.09861,,,,2.26918,2.20826,5.04246
2009-01-30,,,,0.28905,0.91515,1.23369,1.84763,1.28279,1.10677,,,,2.27086,2.20844,5.03735
2009-02-02,,,,0.29253,0.91626,1.22305,1.79765,1.26095,1.09370,,,,2.24034,2.20550,5.13214
2009-02-03,,,,0.29711,0.91771,1.20936,1.79017,1.25762,1.09171,,,,2.24729,2.20621,5.10938
2009-02-04,,,,0.29751,0.91784,1.20822,1.80453,1.26416,1.09560,,,,2.25691,2.20717,5.07718
2009-02-05,,,,0.30407,0.91988,1.18911,1.82355,1.27312,1.10104,,,,2.28781,2.21022,4.97277
2009-02-06,,,,0.31203,0.92229,1.16699,1.81283,1.26776,1.09772,,,,2.31629,2.21299,4.87979
2009-02-09,,,,0.31332,0.92268,1.16388,1.78713,1.25445,1.08933,,,,2.30965,2.21238,4.90100
2009-02-10,,,,0.30178,0.91930,1.19014,1.82537,1.27435,1.10192,,,,2.26339,2.20798,5.04881
2009-02-11,,,,0.30039,0.91888,1.19337,1.86746,1.29610,1.11562,,,,2.24849,2.20655,5.09890
2009-02-12,,,,0.30407,0.92002,1.18486,1.88527,1.30567,1.12163,,,,2.23269,2.20502,5.15347
2009-02-13,,,,0.30268,0.91961,1.18804,1.87272,1.29814,1.11679,,,,2.21441,2.20324,5.22019
2009-02-17,,,,0.29064,0.91596,1.21564,1.93140,1.33475,1.14125,,,,2.11942,2.19381,5.58933
2009-02-18,,,,0.29084,0.91603,1.21517,1.96095,1.35312,1.15360,,,,2.09963,2.19179,5.67552
2009-02-19,,,,0.28636,0.91463,1.22609,1.93788,1.33880,1.14260,,,,2.13049,2.19503,5.53826
2009-02-20,,,,0.28716,0.91490,1.22399,1.97896,1.36434,1.16340,,,,2.10650,2.19258,5.64118
2009-02-23,,,,0.27712,0.91171,1.25232,1.97754,1.36346,1.16259,,,,2.10036,2.19197,5.66844
2009-02-24,,,,0.28627,0.91473,1.22316,1.91684,1.32580,1.12712,,,,2.12794,2.19487,5.54597
2009-02-25,,,,0.28438,0.91413,1.22888,1.88486,1.30590,1.10842,,,,2.15602,2.19779,5.42557
2009-02-26,,,,0.27642,0.91158,1.25316,1.88304,1.30476,1.10737,,,,2.18450,2.20071,5.30762
2009-02-27,,,,0.27383,0.91074,1.26186,1.87434,1.29934,1.10235,,,,2.17017,2.19929,5.36514
2009-03-02,,,,0.26498,0.90780,1.29502,1.83994,1.27788,1.08263,,,,2.08852,2.19104,5.69791
2009-03-03,,,,0.26478,0.90774,1.29585,1.82193,1.26662,1.07304,,,,2.11477,2.19381,5.58006
2009-03-04,,,,0.27184,0.91017,1.26269,1.80069,1.25333,1.06235,,,,2.18712,2.20134,5.26547
2009-03-05,,,,0.26369,0.90745,1.29909,1.86139,1.29136,1.09048,,,,2.14446,2.19706,5.42662
2009-03-06,,,,0.26160,0.90674,1.30894,1.86746,1.29515,1.09287,,,,2.16712,2.19940,5.33686
2009-03-09,,,,0.25603,0.90481,1.33771,1.83266,1.27342,1.07916,,,,2.14665,2.19734,5.41543
2009-03-10,,,,0.27184,0.91041,1.24567,1.78349,1.24273,1.05993,,,,2.14521,2.19721,5.42118
2009-03-11,,,,0.27602,0.91182,1.22841,1.80534,1.25465,1.06727,,,,2.10274,2.19288,5.58826
2009-03-12,,,,0.28517,0.91485,1.19258,1.84338,1.27376,1.07914,,,,2.17296,2.20022,5.29782
2009-03-13,,,,0.28587,0.91508,1.19031,1.84743,1.27574,1.08036,,,,2.16941,2.19987,5.31044
2009-03-16,,,,0.28109,0.91356,1.20557,1.83731,1.27080,1.07733,,,,2.19918,2.20291,5.20493
2009-03-17,,,,0.29174,0.91702,1.17061,1.82193,1.26328,1.07271,,,,2.21710,2.20472,5.14477
2009-03-18,,,,0.29542,0.91819,1.16090,1.88365,1.29356,1.09135,,,,2.18006,2.20106,5.26448
2009-03-19,,,,0.29522,0.91813,1.16139,1.90915,1.30595,1.09893,,,,2.30341,2.21353,4.85210
2009-03-20,,,,0.29072,0.91674,1.17202,1.89377,1.29851,1.09440,,,,2.31009,2.21419,4.83786
2009-03-23,,,,0.30786,0.92215,1.13059,1.86321,1.28369,1.08534,,,,2.33874,2.21695,4.77961
2009-03-24,,,,0.30218,0.92046,1.13936,1.84035,1.27255,1.07852,,,,2.32317,2.21549,4.80875
2009-03-25,,,,0.30358,0.92089,1.13727,1.86119,1.28275,1.08479,,,,2.30244,2.21353,4.84673
2009-03-26,,,,0.31294,0.92373,1.12390,1.86018,1.28226,1.08449,,,,2.31225,2.21448,4.82875
2009-03-27,,,,0.30706,0.92200,1.13061,1.83509,1.27002,1.07698,,,,2.25643,2.20915,4.92988
2009-03-30,,,,0.29949,0.91974,1.13899,1.82072,1.26299,1.07266,,,,2.19448,2.20310,5.04732
2009-03-31,,,,0.30208,0.92054,1.13605,1.82679,1.26596,1.07450,,,,2.24828,2.20851,4.94010
2009-04-01,,,,0.30657,0.92191,1.13100,1.84197,1.27316,1.07909,,,,2.22587,2.20633,4.98287
2009-04-02,,,,0.31643,0.92489,1.12019,1.79684,1.25200,1.06551,,,,2.29978,2.21367,4.83947
2009-04-03,,,,0.32231,0.92661,1.11516,1.77236,1.24182,1.05846,,,,2.32806,2.21641,4.78788
2009-04-06,,,,0.32151,0.92639,1.11568,1.72541,1.22524,1.04683,,,,2.28986,2.21279,4.85414
2009-04-07,,,,0.31304,0.92395,1.12033,1.75516,1.23250,1.05180,,,,2.26713,2.21061,4.89458
2009-04-08,,,,0.31832,0.92552,1.11746,1.75253,1.23198,1.05145,,,,2.28085,2.21196,4.86984
2009-04-09,,,,0.32819,0.92839,1.11280,1.74646,1.23107,1.05082,,,,2.31679,2.21546,4.80564
2009-04-13,,,,0.32769,0.92826,1.11293,1.77823,1.23444,1.05320,,,,2.31752,2.21555,4.80443
2009-04-14,,,,0.32370,0.92713,1.11365,1.76791,1.23336,1.05245,,,,2.32149,2.21594,4.79760
2009-04-15,,,,0.32281,0.92688,1.11377,1.77054,1.23362,1.05263,,,,2.32998,2.21676,4.78295
2009-04-16,,,,0.33118,0.92929,1.11283,1.73634,1.23039,1.05027,,,,2.31985,2.21581,4.80041
2009-04-17,,,,0.33187,0.92949,1.11282,1.72440,1.22955,1.04979,,,,2.32616,2.21642,4.78954
2009-04-20,,,,0.32121,0.92651,1.11173,1.75941,1.23205,1.04990,,,,2.24535,2.20873,4.92892
2009-04-21,,,,0.32570,0.92781,1.11221,1.75820,1.23197,1.04991,,,,2.24841,2.20905,4.92334
2009-04-22,,,,0.32669,0.92810,1.11232,1.76811,1.23268,1.04994,,,,2.25297,2.20950,4.91503
2009-04-23,,,,0.32988,0.92900,1.11265,1.79684,1.23468,1.05003,,,,2.24745,2.20897,4.92504
2009-04-24,,,,0.33566,0.93063,1.11337,1.81546,1.23597,1.05009,,,,2.27409,2.21160,4.87345
2009-04-27,,,,0.33606,0.93074,1.11345,1.80109,1.23499,1.05005,,,,2.22439,2.20677,4.96797
2009-04-28,,,,0.33357,0.92963,1.11262,1.77560,1.23325,1.04974,,,,2.20169,2.20453,5.01431
2009-04-29,,,,0.33815,0.93192,1.11436,1.78733,1.23407,1.04989,,,,2.25038,2.20942,4.90321
2009-04-30,,,,0.34154,0.93394,1.11593,1.76588,1.23260,1.04961,,,,2.26473,2.21084,4.87193
2009-05-01,,,,0.34243,0.93459,1.11644,1.75941,1.23215,1.04952,,,,2.33762,2.21796,4.71467
2009-05-04,,,,0.34921,0.94053,1.12123,1.79361,1.23455,1.05000,,,,2.37060,2.22111,4.65271
2009-05-05,,,,0.34891,0.94019,1.12095,1.78571,1.23402,1.04990,,,,2.36080,2.22020,4.66894
2009-05-06,,,,0.34901,0.94029,1.12104,1.81182,1.23583,1.05025,,,,2.42679,2.22643,4.56396
2009-05-07,,,,0.34084,0.92915,1.11166,1.80979,1.23570,1.05016,,,,2.44439,2.22805,4.54199
2009-05-08,,,,0.34104,0.92942,1.11190,1.82072,1.23649,1.05080,,,,2.47505,2.23086,4.50907
2009-05-11,,,,0.34223,0.93108,1.11330,1.81485,1.23583,1.05025,,,,2.46507,2.22998,4.51761
2009-05-12,,,,0.33805,0.92531,1.10844,1.83529,1.23855,1.05252,,,,2.48285,2.23160,4.50432
2009-05-13,,,,0.32898,0.91275,1.09782,1.84318,1.23987,1.05363,,,,2.45206,2.22885,4.52281
2009-05-14,,,,0.33267,0.91791,1.10219,1.84197,1.23958,1.05338,,,,2.46217,2.22978,4.51719
2009-05-15,,,,0.33247,0.91764,1.10197,1.85249,1.24220,1.05566,,,,2.41087,2.22515,4.54252
2009-05-18,,,,0.34114,0.92774,1.11062,1.82841,1.23520,1.04943,,,,2.45499,2.22924,4.52022
2009-05-19,,,,0.34273,0.92958,1.11218,1.84055,1.23875,1.05259,,,,2.45534,2.22928,4.52009
2009-05-20,,,,0.34154,0.92821,1.11102,1.86665,1.24665,1.05963,,,,2.48514,2.23200,4.50542
2009-05-21,,,,0.33526,0.92102,1.10494,1.89903,1.25742,1.06919,,,,2.44786,2.22867,4.52096
2009-05-22,,,,0.33416,0.91974,1.10387,1.90510,1.25971,1.07118,,,,2.47151,2.23084,4.51097
2009-05-26,,,,0.34662,0.93359,1.11601,1.89721,1.25608,1.06794,,,,2.48567,2.23213,4.50519
2009-05-27,,,,0.34423,0.93099,1.11380,1.89093,1.25293,1.06508,,,,2.48785,2.23234,4.50439
2009-05-28,,,,0.34821,0.93535,1.11751,1.90692,1.26135,1.07279,,,,2.52202,2.23542,4.49372
2009-05-29,,,,0.35250,0.94000,1.12147,1.94658,1.28368,1.09358,,,,2.55923,2.23873,4.48555
2009-06-01,,,,0.36256,0.95083,1.13066,1.93707,1.27804,1.08842,,,,2.64563,2.24629,4.47899
2009-06-02,,,,0.36306,0.95136,1.13110,1.94982,1.28561,1.09585,,,,2.63215,2.24509,4.47782
2009-06-03,,,,0.36196,0.94979,1.12978,1.91036,1.26220,1.07023,,,,2.54428,2.23319,4.45606
2009-06-04,,,,0.36605,0.95622,1.13528,1.94719,1.28409,1.09407,,,,2.62222,2.24408,4.47597
2009-06-05,,,,0.36645,0.95689,1.13587,1.89620,1.25383,1.06087,,,,2.60292,2.24146,4.47120
2009-06-08,,,,0.36535,0.95475,1.13396,1.89316,1.25203,1.05920,,,,2.57682,2.23791,4.46470
2009-06-09,,,,0.36814,0.96048,1.13912,1.89862,1.25528,1.06218,,,,2.62709,2.24484,4.47742
2009-06-10,,,,0.36684,0.95763,1.13650,1.89923,1.25564,1.06251,,,,2.62828,2.24499,4.47766
2009-06-11,,,,0.36684,0.95762,1.13648,1.89599,1.25372,1.06074,,,,2.68607,2.25547,4.49510
2009-06-12,,,,0.36515,0.95364,1.13269,1.86503,1.23529,1.04385,,,,2.64053,2.24439,4.47675
2009-06-15,,,,0.35768,0.93607,1.11556,1.84338,1.22234,1.03298,,,,2.58191,2.22917,4.45190
2009-06-16,,,,0.35419,0.92786,1.10753,1.86018,1.23143,1.04052,,,,2.57492,2.22734,4.44890
2009-06-17,,,,0.35758,0.93585,1.11535,1.86868,1.23571,1.04409,,,,2.59070,2.23152,4.45575
2009-06-18,,,,0.35688,0.93421,1.11375,1.85370,1.22836,1.03785,,,,2.58668,2.23047,4.45404
2009-06-19,,,,0.36071,0.94320,1.12250,1.85957,1.23106,1.04018,,,,2.55535,2.22223,4.44056
2009-06-22,,,,0.34994,0.91811,1.09787,1.83205,1.21877,1.02941,,,,2.47822,2.20159,4.40679
2009-06-23,,,,0.34914,0.91648,1.09639,1.83974,1.22178,1.03202,,,,2.51604,2.20723,4.41596
2009-06-24,,,,0.35502,0.92728,1.10646,1.85047,1.22568,1.03546,,,,2.52689,2.20823,4.41756
2009-06-25,,,,0.36201,0.93942,1.11769,1.86787,1.23180,1.04092,,,,2.55770,2.21094,4.42051
2009-06-26,,,,0.36281,0.94080,1.11897,1.86746,1.23166,1.04080,,,,2.53883,2.20932,4.41874
2009-06-29,,,,0.36360,0.94218,1.12024,1.86240,1.22990,1.03922,,,,2.55740,2.21096,4.41999
2009-06-30,,,,0.36291,0.94098,1.11914,1.84500,1.22380,1.03378,,,,2.51054,2.20692,4.41686
2009-07-01,,,,0.36310,0.94133,1.11946,1.86949,1.23243,1.04148,,,,2.53229,2.20885,4.41659
2009-07-02,,,,0.35512,0.92756,1.10677,1.84642,1.22435,1.03427,,,,2.47949,2.20425,4.41864
2009-07-06,,,,0.35323,0.92426,1.10373,1.83650,1.22097,1.03117,,,,2.41989,2.19897,4.42804
2009-07-07,,,,0.34445,0.90892,1.08954,1.83549,1.22064,1.03086,,,,2.38182,2.19553,4.44170
2009-07-08,,,,0.34625,0.91152,1.09198,1.80635,1.21210,1.02273,,,,2.32010,2.18985,4.48028
2009-07-09,,,,0.34684,0.91225,1.09268,1.81121,1.21319,1.02375,,,,2.35221,2.19290,4.44946
2009-07-10,,,,0.34834,0.91391,1.09429,1.81263,1.21343,1.02398,,,,2.33554,2.19136,4.46729
2009-07-13,,,,0.35502,0.92075,1.10102,1.82497,1.21541,1.02588,,,,2.33732,2.19154,4.46474
2009-07-14,,,,0.35632,0.92206,1.10231,1.83752,1.21732,1.02774,,,,2.36857,2.19448,4.41703
2009-07-15,,,,0.36829,0.93414,1.11418,1.86645,1.22169,1.03198,,,,2.40731,2.19808,4.35910
2009-07-16,,,,0.37268,0.93848,1.11844,1.86119,1.22091,1.03123,,,,2.42515,2.19973,4.33322
2009-07-17,,,,0.37468,0.94044,1.12033,1.86018,1.22076,1.03108,,,,2.46471,2.20333,4.27654
2009-07-20,,,,0.37827,0.94490,1.12448,1.88749,1.22483,1.03503,,,,2.49209,2.20579,4.23837
2009-07-21,,,,0.38086,0.94875,1.12812,1.88446,1.22426,1.03449,,,,2.47678,2.20445,4.25712
2009-07-22,,,,0.38405,0.95429,1.13345,1.89073,1.22559,1.03578,,,,2.49196,2.20582,4.23905
2009-07-23,,,,0.39253,0.97114,1.14997,1.88709,1.22463,1.03482,,,,2.52280,2.20856,4.20498
2009-07-24,,,,0.38954,0.96450,1.14354,1.89013,1.22548,1.03567,,,,2.52683,2.20893,4.20113
2009-07-27,,,,0.39253,0.97117,1.15051,1.89620,1.22737,1.03763,,,,2.53494,2.20965,4.19423
2009-07-28,,,,0.38984,0.96518,1.14349,1.86382,1.21621,1.02582,,,,2.51033,2.20752,4.21261
2009-07-29,,,,0.39243,0.97096,1.15054,1.84541,1.20982,1.01907,,,,2.44820,2.20208,4.25772
2009-07-30,,,,0.39473,0.97607,1.15721,1.85391,1.21279,1.02220,,,,2.54418,2.21072,4.18534
2009-07-31,,,,0.39353,0.97340,1.15343,1.88891,1.22499,1.03505,,,,2.59166,2.21486,4.16196
2009-08-03,,,,0.39942,0.98651,1.17271,1.89943,1.22863,1.03876,,,,2.68944,2.22323,4.12885
2009-08-04,,,,0.39942,0.98651,1.17267,1.91582,1.23427,1.04451,,,,2.70020,2.22414,4.12774
2009-08-05,,,,0.39632,0.97963,1.16162,1.91785,1.23495,1.04521,,,,2.72374,2.22597,4.12958
2009-08-06,,,,0.39283,0.97187,1.14907,1.91420,1.23360,1.04385,,,,2.67212,2.21712,4.11627
2009-08-07,,,,0.39782,0.98297,1.16697,1.89701,1.22680,1.03692,,,,2.66892,2.21639,4.11519
2009-08-10,,,,0.39503,0.97676,1.15691,1.88041,1.22022,1.03022,,,,2.65964,2.21403,4.11161
2009-08-11,,,,0.39163,0.96922,1.14473,1.87758,1.21909,1.02907,,,,2.64019,2.20868,4.10336
2009-08-12,,,,0.39772,0.98277,1.16654,1.88082,1.22039,1.03038,,,,2.66978,2.21685,4.11617
2009-08-13,,,,0.39991,0.98765,1.17444,1.89640,1.22660,1.03669,,,,2.68379,2.22096,4.12269
2009-08-14,,,,0.39533,0.97745,1.15790,1.88183,1.22082,1.03081,,,,2.61307,2.19789,4.08505
2009-08-17,,,,0.38385,0.95193,1.11660,1.85370,1.20961,1.01942,,,,2.56512,2.18200,4.05908
2009-08-18,,,,0.38934,0.96417,1.13366,1.86281,1.21319,1.02307,,,,2.58401,2.18833,4.06941
2009-08-19,,,,0.39203,0.97017,1.14161,1.87232,1.21667,1.02665,,,,2.60802,2.19601,4.08149
2009-08-20,,,,0.39662,0.98040,1.15517,1.86706,1.21479,1.02469,,,,2.58142,2.18793,4.06859
2009-08-21,,,,0.40191,0.99216,1.17079,1.89498,1.22442,1.03490,,,,2.61474,2.19686,4.08306
2009-08-24,,,,0.40151,0.99127,1.16961,1.86847,1.21534,1.02526,,,,2.63859,2.20314,4.09332
2009-08-25,,,,0.40271,0.99393,1.17315,1.87697,1.21818,1.02809,,,,2.60115,2.19336,4.07736
2009-08-26,,,,0.40201,0.99238,1.17107,1.87758,1.21839,1.02829,,,,2.59288,2.19117,4.07379
2009-08-27,,,,0.40301,0.99460,1.17410,1.88567,1.22108,1.03098,,,,2.59714,2.19219,4.07555
2009-08-28,,,,0.40341,0.99549,1.17533,1.89943,1.22565,1.03554,,,,2.62007,2.19742,4.08466
2009-08-31,,,,0.39931,0.98640,1.16254,1.88992,1.22251,1.03240,,,,2.57653,2.18754,4.06746
2009-09-01,,,,0.39183,0.96977,1.13917,1.90004,1.22587,1.03575,,,,2.53078,2.17841,4.05148
2009-09-02,,,,0.39153,0.96910,1.13823,1.94638,1.24119,1.05105,,,,2.53295,2.17863,4.05181
2009-09-03,,,,0.39413,0.97488,1.14632,1.97208,1.24955,1.05942,,,,2.53317,2.17866,4.05173
2009-09-04,,,,0.40261,0.99376,1.17276,1.97349,1.25001,1.05985,,,,2.51945,2.17750,4.05154
2009-09-08,,,,0.40640,1.00218,1.18418,1.97147,1.24904,1.05889,,,,2.57113,2.18197,4.04614
2009-09-09,,,,0.40989,1.00993,1.19470,1.96439,1.24542,1.05524,,,,2.56930,2.18183,4.04635
2009-09-10,,,,0.41378,1.01856,1.20642,1.97693,1.25221,1.06212,,,,2.57961,2.18271,4.04532
2009-09-11,,,,0.41418,1.01944,1.20759,1.99879,1.26467,1.07525,,,,2.53715,2.17913,4.04968
2009-09-14,,,,0.41577,1.02298,1.21258,1.98219,1.25522,1.06436,,,,2.54356,2.17969,4.04900
2009-09-15,,,,0.41707,1.02585,1.21677,2.00121,1.26606,1.07699,,,,2.59436,2.18406,4.04225
2009-09-16,,,,0.42316,1.03932,1.23728,2.02165,1.27770,1.09139,,,,2.65498,2.18917,4.03435
2009-09-17,,,,0.42306,1.03910,1.23689,2.01012,1.27114,1.08253,,,,2.64282,2.18817,4.03583
2009-09-18,,,,0.42377,1.04067,1.23949,1.99656,1.26342,1.07177,,,,2.61341,2.18575,4.03758
2009-09-21,,,,0.42506,1.04354,1.24442,1.99029,1.25985,1.06679,,,,2.56610,2.18180,4.03917
2009-09-22,,,,0.42586,1.04530,1.24752,2.01679,1.27495,1.08787,,,,2.61026,2.18556,4.03770
2009-09-23,,,,0.42387,1.04089,1.23960,1.99980,1.26528,1.07426,,,,2.58520,2.18347,4.03855
2009-09-24,,,,0.42007,1.03251,1.22450,1.97390,1.25053,1.05361,,,,2.53488,2.17923,4.04025
2009-09-25,,,,0.41638,1.02433,1.20985,1.96277,1.24419,1.04480,,,,2.52855,2.17869,4.04048
2009-09-28,,,,0.42347,1.04003,1.23787,1.96378,1.24477,1.04558,,,,2.53738,2.17946,4.04013
2009-09-29,,,,0.42157,1.03584,1.23032,1.97147,1.24915,1.05157,,,,2.54397,2.18004,4.03948
2009-09-30,,,,0.42187,1.03650,1.23151,2.00020,1.26554,1.07353,,,,2.61705,2.18631,4.02931
2009-10-01,,,,0.40939,1.00890,1.18191,1.98078,1.25448,1.05888,,,,2.57123,2.18249,4.03553
2009-10-02,,,,0.40819,1.00624,1.17740,1.99049,1.26001,1.06596,,,,2.54515,2.18029,4.03914
2009-10-05,,,,0.41148,1.01356,1.18926,2.01983,1.27673,1.08739,,,,2.57326,2.18270,4.03523
2009-10-06,,,,0.41877,1.02972,1.21467,2.06961,1.30505,1.12391,,,,2.61342,2.18611,4.02971
2009-10-07,,,,0.41997,1.03237,1.21864,2.07123,1.30597,1.12505,,,,2.60644,2.18554,4.03067
2009-10-08,,,,0.42177,1.03634,1.22461,2.09713,1.32067,1.14325,,,,2.67425,2.19123,4.02135
2009-10-09,,,,0.42416,1.04164,1.23256,2.08094,1.31149,1.13128,,,,2.64774,2.18906,4.02244
2009-10-12,,,,0.42506,1.04363,1.23555,2.09551,1.31976,1.14244,,,,2.70200,2.19354,4.02370
2009-10-13,,,,0.42516,1.04385,1.23588,2.10967,1.32778,1.15420,,,,2.69336,2.19267,4.02226
2009-10-14,,,,0.43096,1.05665,1.25513,2.10805,1.32687,1.15266,,,,2.70720,2.19468,4.02565
2009-10-15,,,,0.42996,1.05444,1.25180,2.08134,1.31174,1.12665,,,,2.73262,2.19990,4.03470
2009-10-16,,,,0.42716,1.04827,1.24249,2.08782,1.31541,1.13289,,,,2.75321,2.20548,4.04453
2009-10-19,,,,0.43145,1.05776,1.25677,2.10907,1.32746,1.15341,,,,2.79930,2.22145,4.07332
2009-10-20,,,,0.43155,1.05798,1.25710,2.09268,1.31817,1.13745,,,,2.78442,2.21491,4.06151
2009-10-21,,,,0.43076,1.05622,1.25442,2.09935,1.32196,1.14389,,,,2.84721,2.24635,4.11895
2009-10-22,,,,0.43245,1.05996,1.26017,2.10279,1.32391,1.14726,,,,2.82736,2.23491,4.09850
2009-10-23,,,,0.43066,1.05600,1.25402,2.09409,1.31898,1.13830,,,,2.81468,2.22676,4.08382
2009-10-26,,,,0.42926,1.05291,1.24923,2.06111,1.30028,1.10448,,,,2.77004,2.19633,4.02825
2009-10-27,,,,0.42277,1.03859,1.22705,2.06091,1.30017,1.10426,,,,2.76455,2.19257,4.02140
2009-10-28,,,,0.41328,1.01761,1.19471,2.03824,1.28730,1.08148,,,,2.69921,2.14791,3.93980
2009-10-29,,,,0.42027,1.03310,1.21841,2.07790,1.30985,1.11769,,,,2.76251,2.19129,4.01660
2009-10-30,,,,0.40899,1.00814,1.18140,2.07467,1.30801,1.11505,,,,2.70288,2.15185,3.95072
2009-11-02,,,,0.41069,1.01191,1.18577,2.10340,1.32431,1.13842,,,,2.72941,2.16764,3.97634
2009-11-03,,,,0.41198,1.01478,1.18892,2.15419,1.35309,1.17996,,,,2.75905,2.18457,4.00420
2009-11-04,,,,0.41268,1.01632,1.19055,2.16714,1.36041,1.19011,,,,2.76471,2.18780,4.00951
2009-11-05,,,,0.42287,1.03841,1.21387,2.16471,1.35904,1.18816,,,,2.74089,2.17424,3.98722
2009-11-06,,,,0.42536,1.04362,1.21905,2.17382,1.36419,1.19556,,,,2.69383,2.14733,3.94300
2009-11-09,,,,0.43445,1.06257,1.23787,2.18919,1.37287,1.20923,,,,2.73726,2.17012,3.98195
2009-11-10,,,,0.43555,1.06486,1.24013,2.19324,1.37516,1.21306,,,,2.71942,2.16111,3.96666
2009-11-11,,,,0.43834,1.07064,1.24584,2.21773,1.38898,1.23862,,,,2.73462,2.16855,3.97954
2009-11-12,,,,0.43585,1.06516,1.24014,2.18960,1.37312,1.20728,,,,2.69491,2.14919,3.94591
2009-11-13,,,,0.43944,1.07306,1.24884,2.22056,1.39060,1.24133,,,,2.69912,2.15104,3.94918
2009-11-16,,,,0.44393,1.08294,1.26050,2.25880,1.41215,1.28397,,,,2.78949,2.18900,4.01747
2009-11-17,,,,0.44533,1.08601,1.26437,2.26568,1.41602,1.29172,,,,2.79632,2.19183,4.02219
2009-11-18,,,,0.44284,1.08053,1.25672,2.27135,1.41921,1.29832,,,,2.79013,2.18927,4.01792
2009-11-19,,,,0.43595,1.06540,1.23477,2.27236,1.41978,1.29954,,,,2.76145,2.17741,3.99812
2009-11-20,,,,0.43375,1.06057,1.22778,2.28531,1.42706,1.31606,,,,2.76532,2.17902,4.00081
2009-11-23,,,,0.44074,1.07595,1.24999,2.31263,1.44241,1.35186,,,,2.77287,2.18216,4.00605
2009-11-24,,,,0.43924,1.07266,1.24522,2.32153,1.44741,1.36375,,,,2.74604,2.17103,3.98747
2009-11-25,,,,0.44114,1.07683,1.25126,2.35977,1.46887,1.41571,,,,2.81331,2.19907,4.03431
2009-11-27,,,,0.43445,1.06213,1.22996,2.32821,1.45119,1.37190,,,,2.77394,2.18285,4.00725
2009-11-30,,,,0.43495,1.06323,1.23154,2.33994,1.45777,1.38789,,,,2.79793,2.19280,4.02387
2009-12-01,,,,0.43944,1.07312,1.24583,2.37515,1.47751,1.43619,,,,2.82011,2.20194,4.03906
2009-12-02,,,,0.44004,1.07443,1.24773,2.41157,1.49790,1.48712,,,,2.80096,2.19378,4.02442
2009-12-03,,,,0.43824,1.07048,1.24201,2.40186,1.49248,1.47327,,,,2.79041,2.18911,4.01594
2009-12-04,,,,0.44054,1.07553,1.24932,2.30170,1.43646,1.33078,,,,2.76303,2.17690,3.99332
2009-12-07,,,,0.43844,1.07093,1.24264,2.28875,1.42919,1.31735,,,,2.76214,2.17650,3.99259
2009-12-08,,,,0.43575,1.06500,1.23406,2.24504,1.40462,1.27270,,,,2.74131,2.16718,3.97531
2009-12-09,,,,0.44014,1.07466,1.24803,2.24282,1.40337,1.27065,,,,2.69742,2.14743,3.93878
2009-12-10,,,,0.44234,1.07949,1.25502,2.24241,1.40314,1.27027,,,,2.71432,2.15485,3.95285
2009-12-11,,,,0.44064,1.07576,1.24962,2.21206,1.38605,1.24379,,,,2.72951,2.16082,3.96442
2009-12-14,,,,0.44483,1.08498,1.26297,2.23068,1.39655,1.25882,,,,2.75603,2.17067,3.98384
2009-12-15,,,,0.44234,1.07950,1.25501,2.23007,1.39621,1.25834,,,,2.76155,2.17271,3.98787
2009-12-16,,,,0.44294,1.08081,1.25692,2.25799,1.41194,1.28007,,,,2.80274,2.18791,4.01785
2009-12-17,,,,0.43755,1.06897,1.23974,2.17200,1.36354,1.21394,,,,2.76874,2.17546,3.99328
2009-12-18,,,,0.44468,1.08465,1.26243,2.20457,1.38195,1.23165,,,,2.77744,2.17867,3.99961
2009-12-21,,,,0.44968,1.09563,1.27836,2.16410,1.35912,1.21108,,,,2.76616,2.17453,3.99143
2009-12-22,,,,0.45238,1.10155,1.28698,2.14832,1.35020,1.20373,,,,2.76440,2.17388,3.99016
2009-12-23,,,,0.45568,1.10879,1.29751,2.15601,1.35452,1.20705,,,,2.81459,2.19240,4.02669
2009-12-24,,,,0.45988,1.11799,1.31111,2.19263,1.37418,1.22215,,,,2.82949,2.19784,4.03735
2009-12-28,,,,0.46228,1.12324,1.31938,2.19648,1.37616,1.22365,,,,2.87086,2.21315,4.06940
2009-12-29,,,,0.46038,1.11908,1.31241,2.17463,1.36490,1.21512,,,,2.86252,2.20941,4.06161
2009-12-30,,,,0.46178,1.12215,1.31766,2.16370,1.35933,1.21084,,,,2.85913,2.20765,4.05786
2009-12-31,,,,0.45758,1.11296,1.30134,2.17139,1.36309,1.21386,,,,2.85329,2.20445,4.05099
2010-01-04,,,,0.46428,1.12763,1.32737,2.22177,1.38717,1.23359,,,,2.91714,2.24042,4.12824
2010-01-05,,,,0.46428,1.12763,1.32735,2.21975,1.38621,1.23283,,,,2.91326,2.23799,4.12315
2010-01-06,,,,0.46148,1.12151,1.31596,2.25637,1.40363,1.24659,,,,2.97306,2.27795,4.20781
2010-01-07,,,,0.46178,1.12216,1.31718,2.24241,1.39702,1.24137,,,,2.92832,2.24710,4.14135
2010-01-08,,,,0.46558,1.13048,1.33275,2.25354,1.40229,1.24551,,,,2.91941,2.24094,4.12804
2010-01-11,,,,0.46368,1.12633,1.32493,2.28349,1.41665,1.25740,,,,2.91117,2.23526,4.11530
2010-01-12,,,,0.45788,1.11364,1.30102,2.23573,1.39188,1.23681,,,,2.85301,2.19506,4.02256
2010-01-13,,,,0.46358,1.12612,1.32438,2.25698,1.40294,1.24601,,,,2.86990,2.20676,4.04941
2010-01-14,,,,0.46398,1.12700,1.32603,2.26690,1.40807,1.25028,,,,2.85888,2.19913,4.03187
2010-01-15,,,,0.45858,1.11519,1.30376,2.24322,1.39532,1.23970,,,,2.83079,2.17968,3.98706
2010-01-19,,,,0.46598,1.13139,1.33411,2.25658,1.40251,1.24569,,,,2.83895,2.18535,3.99920
2010-01-20,,,,0.45928,1.11675,1.30644,2.20437,1.37394,1.22138,,,,2.79464,2.15455,3.93433
2010-01-21,,,,0.45498,1.10734,1.28875,2.17260,1.35650,1.20652,,,,2.78027,2.14549,3.91609
2010-01-22,,,,0.44168,1.07820,1.23630,2.16856,1.35423,1.20465,,,,2.76540,2.13715,3.89898
2010-01-25,,,,0.44318,1.08149,1.24058,2.17483,1.35741,1.20730,,,,2.76979,2.13918,3.90324
2010-01-26,,,,0.44358,1.08237,1.24163,2.17645,1.35816,1.20795,,,,2.73898,2.12611,3.87573
2010-01-27,,,,0.44708,1.09006,1.25056,2.15561,1.34863,1.19969,,,,2.68410,2.10716,3.83588
2010-01-28,,,,0.43557,1.06477,1.22219,2.15459,1.34818,1.19930,,,,2.66614,2.10311,3.82755
2010-01-29,,,,0.42797,1.04978,1.20719,2.14407,1.34406,1.19562,,,,2.64561,2.10110,3.82306
2010-02-01,,,,0.43267,1.05742,1.21479,2.19243,1.36115,1.21123,,,,2.67862,2.10373,3.82122
2010-02-02,,,,0.43657,1.06291,1.22022,2.20822,1.36654,1.21588,,,,2.72664,2.10751,3.81351
2010-02-03,,,,0.43898,1.06606,1.22336,2.19951,1.36359,1.21333,,,,2.68926,2.10463,3.81940
2010-02-04,,,,0.42627,1.04970,1.20688,2.11190,1.33366,1.18749,,,,2.63110,2.10009,3.82938
2010-02-05,,,,0.42987,1.05339,1.21037,2.11817,1.33542,1.18884,,,,2.59457,2.09718,3.84125
2010-02-08,,,,0.42677,1.05057,1.20769,2.10522,1.33224,1.18637,,,,2.62374,2.09954,3.82487
2010-02-09,,,,0.43117,1.05396,1.21097,2.13294,1.33770,1.19070,,,,2.65138,2.10176,3.80767
2010-02-10,,,,0.43027,1.05331,1.21034,2.12707,1.33664,1.18987,,,,2.66296,2.10269,3.80057
2010-02-11,,,,0.43678,1.05773,1.21470,2.16775,1.34338,1.19533,,,,2.69971,2.10560,3.77803
2010-02-12,,,,0.43767,1.05833,1.21530,2.16592,1.34309,1.19509,,,,2.68566,2.10451,3.78651
2010-02-16,,,,0.44328,1.06209,1.21901,2.21813,1.35163,1.20200,,,,2.75400,2.10987,3.74496
2010-02-17,,,,0.44578,1.06375,1.22065,2.21064,1.35043,1.20103,,,,2.74575,2.10925,3.74900
2010-02-18,,,,0.44858,1.06559,1.22245,2.22541,1.35279,1.20292,,,,2.75132,2.10969,3.74657
2010-02-19,,,,0.44838,1.06541,1.22227,2.21510,1.35064,1.20119,,,,2.76441,2.11070,3.74205
2010-02-22,,,,0.44748,1.06459,1.22140,2.20700,1.34873,1.19961,,,,2.75486,2.10998,3.74430
2010-02-23,,,,0.44168,1.05881,1.21529,2.18312,1.34269,1.19454,,,,2.71151,2.10667,3.75234
2010-02-24,,,,0.44618,1.06333,1.22008,2.17240,1.33996,1.19225,,,,2.73393,2.10842,3.74814
2010-02-25,,,,0.44608,1.06322,1.21996,2.19162,1.34488,1.19638,,,,2.69882,2.10572,3.75471
2010-02-26,,,,0.44768,1.06490,1.22176,2.21429,1.35064,1.20120,,,,2.74386,2.10924,3.74621
2010-03-01,,,,0.45418,1.07216,1.22972,2.21429,1.35062,1.20118,,,,2.72607,2.10789,3.74953
2010-03-02,,,,0.45558,1.07384,1.23152,2.24646,1.35941,1.20905,,,,2.75523,2.11015,3.74403
2010-03-03,,,,0.45608,1.07450,1.23224,2.25880,1.36314,1.21237,,,,2.78536,2.11247,3.73983
2010-03-04,,,,0.45758,1.07672,1.23474,2.24261,1.35741,1.20716,,,,2.74623,2.10951,3.74113
2010-03-05,,,,0.46448,1.08796,1.24757,2.24221,1.35724,1.20699,,,,2.76130,2.11068,3.74070
2010-03-08,,,,0.46538,1.08951,1.24931,2.22339,1.34973,1.19997,,,,2.75812,2.11045,3.74066
2010-03-09,,,,0.46798,1.09456,1.25509,2.22015,1.34844,1.19876,,,,2.74600,2.10953,3.74029
2010-03-10,,,,0.47178,1.10256,1.26452,2.19486,1.33832,1.18917,,,,2.73944,2.10904,3.74009
2010-03-11,,,,0.47358,1.10635,1.26938,2.19749,1.33938,1.19017,,,,2.72052,2.10760,3.73949
2010-03-12,,,,0.47368,1.10656,1.26964,2.18434,1.33410,1.18517,,,,2.71557,2.10722,3.73934
2010-03-15,,,,0.47248,1.10404,1.26592,2.19263,1.33744,1.18834,,,,2.69331,2.10551,3.73862
2010-03-16,,,,0.47548,1.11035,1.27541,2.23391,1.35404,1.20405,,,,2.72497,2.10800,3.73971
2010-03-17,,,,0.47678,1.11308,1.27962,2.21752,1.34750,1.19785,,,,2.75167,2.11007,3.74063
2010-03-18,,,,0.47838,1.11645,1.28501,2.23270,1.35357,1.20361,,,,2.73847,2.10907,3.74021
2010-03-19,,,,0.47549,1.11037,1.27492,2.19102,1.33693,1.18783,,,,2.71438,2.10723,3.73944
2010-03-22,,,,0.47979,1.11942,1.29004,2.18029,1.33260,1.18373,,,,2.70805,2.10675,3.73925
2010-03-23,,,,0.48310,1.12635,1.30185,2.19183,1.33702,1.18798,,,,2.70235,2.10632,3.73907
2010-03-24,,,,0.48079,1.12152,1.29324,2.15095,1.32186,1.17320,,,,2.67772,2.10441,3.73816
2010-03-25,,,,0.48009,1.12005,1.29058,2.16066,1.32485,1.17602,,,,2.66155,2.10315,3.73876
2010-03-26,,,,0.48059,1.12111,1.29248,2.19729,1.33508,1.18576,,,,2.65951,2.10300,3.73898
2010-03-29,,,,0.48290,1.12594,1.30121,2.20053,1.33598,1.18660,,,,2.70813,2.10685,3.72686
2010-03-30,,,,0.48450,1.12930,1.30734,2.18474,1.33162,1.18256,,,,2.72048,2.10783,3.72386
2010-03-31,,,,0.48220,1.12447,1.29843,2.20457,1.33713,1.18766,,,,2.70978,2.10701,3.72649
2010-04-01,,,,0.48220,1.12447,1.29843,2.23108,1.34445,1.19444,,,,2.74474,2.10974,3.71798
2010-04-05,,,,0.48670,1.13393,1.31582,2.24383,1.34795,1.19768,,,,2.77718,2.11225,3.71010
2010-04-06,,,,0.48810,1.13687,1.32127,2.24666,1.34871,1.19836,,,,2.77026,2.11173,3.71114
2010-04-07,,,,0.48690,1.13435,1.31651,2.27620,1.35725,1.20687,,,,2.77000,2.11173,3.71108
2010-04-08,,,,0.48800,1.13666,1.32088,2.27944,1.35828,1.20789,,,,2.74669,2.10996,3.71092
2010-04-09,,,,0.49091,1.14275,1.33243,2.29947,1.36600,1.21569,,,,2.76281,2.11121,3.71116
2010-04-12,,,,0.49131,1.14359,1.33402,2.28673,1.36033,1.20988,,,,2.76120,2.11110,3.71105
2010-04-13,,,,0.49381,1.14883,1.34417,2.28025,1.35722,1.20666,,,,2.77499,2.11217,3.71224
2010-04-14,,,,0.49972,1.16120,1.36875,2.28713,1.36064,1.21023,,,,2.80044,2.11406,3.71573
2010-04-15,,,,0.50192,1.16581,1.37826,2.29968,1.36722,1.21723,,,,2.80435,2.11446,3.71655
2010-04-16,,,,0.49591,1.15325,1.35120,2.25091,1.34113,1.18790,,,,2.77107,2.10942,3.70612
2010-04-19,,,,0.49561,1.15262,1.34983,2.24909,1.34015,1.18680,,,,2.73232,2.10348,3.69376
2010-04-20,,,,0.49812,1.15787,1.36122,2.25536,1.34352,1.19051,,,,2.75796,2.10747,3.70206
2010-04-21,,,,0.50092,1.16373,1.37401,2.27256,1.35274,1.20069,,,,2.76832,2.10908,3.70540
2010-04-22,,,,0.50372,1.16959,1.38703,2.26305,1.34765,1.19505,,,,2.77623,2.11030,3.70794
2010-04-23,,,,0.50583,1.17399,1.39715,2.29037,1.36229,1.21123,,,,2.79006,2.11243,3.71238
2010-04-26,,,,0.50472,1.17169,1.39155,2.28146,1.35752,1.20595,,,,2.78411,2.11153,3.71050
2010-04-27,,,,0.49401,1.14931,1.33664,2.31951,1.37790,1.22849,,,,2.73495,2.10403,3.69487
2010-04-28,,,,0.49431,1.14994,1.33814,2.31303,1.37443,1.22465,,,,2.74591,2.10574,3.69843
2010-04-29,,,,0.50292,1.16797,1.38144,2.31242,1.37411,1.22429,,,,2.73787,2.10451,3.69586
2010-04-30,,,,0.49301,1.14725,1.33157,2.33428,1.38580,1.23722,,,,2.76249,2.10833,3.70381
2010-05-03,,,,0.49992,1.16172,1.36037,2.34176,1.38980,1.24188,,,,2.76969,2.10945,3.70614
2010-05-04,,,,0.48490,1.13031,1.29965,2.32436,1.38051,1.23015,,,,2.70879,2.10012,3.68669
2010-05-05,,,,0.48240,1.12506,1.29215,2.32881,1.38289,1.23319,,,,2.66979,2.09393,3.67376
2010-05-06,,,,0.46628,1.09122,1.24603,2.39761,1.41966,1.28057,,,,2.63146,2.09093,3.66845
2010-05-07,,,,0.45466,1.06667,1.22206,2.39316,1.41728,1.27748,,,,2.63863,2.09151,3.66728
2010-05-10,,,,0.47829,1.10742,1.25912,2.37900,1.40973,1.26764,,,,2.67093,2.09408,3.65680
2010-05-11,,,,0.47779,1.10675,1.25863,2.44152,1.44308,1.31097,,,,2.67237,2.09421,3.65624
2010-05-12,,,,0.48680,1.11867,1.26756,2.45650,1.45105,1.32140,,,,2.69263,2.09581,3.64796
2010-05-13,,,,0.47909,1.10856,1.26002,2.43950,1.44201,1.30903,,,,2.68603,2.09531,3.65067
2010-05-14,,,,0.46988,1.09637,1.25091,2.43565,1.43997,1.30605,,,,2.62194,2.09032,3.67673
2010-05-17,,,,0.47138,1.09822,1.25233,2.41522,1.42909,1.28957,,,,2.56577,2.08585,3.70456
2010-05-18,,,,0.46488,1.09061,1.24639,2.41785,1.43050,1.29165,,,,2.57947,2.08698,3.69453
2010-05-19,,,,0.46117,1.08671,1.24331,2.35998,1.39968,1.24361,,,,2.54453,2.08417,3.72491
2010-05-20,,,,0.44405,1.07123,1.23079,2.34399,1.39115,1.23148,,,,2.52281,2.08240,3.74892
2010-05-21,,,,0.44896,1.07396,1.23290,2.33144,1.38445,1.22237,,,,2.52979,2.08299,3.73890
2010-05-24,,,,0.44715,1.07330,1.23238,2.36423,1.40197,1.24496,,,,2.54536,2.08428,3.71409
2010-05-25,,,,0.44755,1.07340,1.23242,2.37475,1.40759,1.25184,,,,2.51032,2.08143,3.77163
2010-05-26,,,,0.44255,1.07221,1.23228,2.39721,1.41957,1.26653,,,,2.55020,2.08474,3.69928
2010-05-27,,,,0.45927,1.07627,1.23013,2.40166,1.42194,1.26944,,,,2.59769,2.08864,3.61590
2010-05-28,,,,0.45656,1.07564,1.23047,2.40550,1.42399,1.27196,,,,2.57125,2.08653,3.65736
2010-06-01,,,,0.45236,1.07466,1.23101,2.42635,1.43510,1.28562,,,,2.54254,2.08421,3.70333
2010-06-02,,,,0.46307,1.07721,1.22966,2.42372,1.43370,1.28380,,,,,,
2010-06-03,,,,0.46748,1.07824,1.22913,2.38689,1.41409,1.25753,,,,2.55653,2.08537,3.68045
2010-06-04,,,,0.45146,1.07455,1.23109,2.41178,1.42736,1.27518,,,,2.50281,2.08099,3.76749
2010-06-07,,,,0.44325,1.07260,1.23213,2.45832,1.45215,1.30832,,,,2.50852,2.08148,3.75787
2010-06-08,,,,0.44245,1.07241,1.23224,2.44840,1.44688,1.30121,,,,2.51927,2.08238,3.73980
2010-06-09,,,,0.43874,1.07152,1.23270,2.43950,1.44215,1.29484,,,,2.53595,2.08376,3.71197
2010-06-10,,,,0.45126,1.07458,1.22944,2.40732,1.42503,1.27184,,,,2.54711,2.08469,3.69363
2010-06-11,,,,0.45556,1.07560,1.22836,2.42837,1.43624,1.28681,,,,2.56518,2.08617,3.66418
2010-06-14,,,,0.45546,1.07558,1.22838,2.42007,1.43183,1.28089,,,,2.60823,2.08968,3.59492
2010-06-15,,,,0.46768,1.07847,1.22533,2.44820,1.44681,1.30093,,,,2.64161,2.09236,3.54543
2010-06-16,,,,0.46958,1.07891,1.22485,2.43484,1.43970,1.29137,,,,2.64141,2.09235,3.54555
2010-06-17,,,,0.47108,1.07926,1.22462,2.46661,1.45661,1.31406,,,,2.64226,2.09243,3.54451
2010-06-18,,,,0.47147,1.07936,1.22459,2.48543,1.46661,1.32753,,,,2.63477,2.09184,3.55200
2010-06-21,,,,0.46746,1.07844,1.22423,2.43606,1.44039,1.29063,,,,2.63361,2.09176,3.55308
2010-06-22,,,,0.46385,1.07761,1.22373,2.45751,1.45181,1.30652,,,,2.62175,2.09083,3.56387
2010-06-23,,,,0.46194,1.07718,1.22345,2.44739,1.44643,1.29899,,,,2.59636,2.08881,3.58691
2010-06-24,,,,0.45492,1.07554,1.22238,2.45447,1.45020,1.30425,,,,2.60722,2.08970,3.57694
2010-06-25,,,,0.45501,1.07557,1.22240,2.48401,1.46591,1.32622,,,,2.64096,2.09241,3.54602
2010-06-28,,,,0.45341,1.07520,1.22216,2.45022,1.44796,1.30097,,,,2.61748,2.09056,3.56545
2010-06-29,,,,0.43592,1.07106,1.21943,2.45386,1.44990,1.30367,,,,2.54822,2.08504,3.62300
2010-06-30,,,,0.42928,1.06943,1.21897,2.46216,1.45431,1.30983,,,,2.57940,2.08760,3.59602
2010-07-01,,,,0.42808,1.06914,1.21920,2.36827,1.40440,1.23965,,,,2.55804,2.08589,3.61421
2010-07-02,,,,0.42687,1.06884,1.21974,2.39761,1.42006,1.25425,,,,2.54333,2.08470,3.62693
2010-07-06,,,,0.42818,1.06918,1.21877,2.35755,1.39867,1.23569,,,,,,
2010-07-07,,,,0.44185,1.07260,1.20657,2.38223,1.41109,1.24580,,,,2.58176,2.08786,3.59355
2010-07-08,,,,0.44426,1.07319,1.20451,2.37171,1.40611,1.24174,,,,2.59187,2.08869,3.58500
2010-07-09,,,,0.44848,1.07421,1.20093,2.39498,1.41648,1.25041,,,,2.60405,2.08969,3.57477
2010-07-12,,,,0.44979,1.07453,1.19983,2.37434,1.40750,1.24285,,,,2.57989,2.08776,3.59502
2010-07-13,,,,0.45562,1.07593,1.19521,2.39498,1.41612,1.25021,,,,2.60776,2.09003,3.57138
2010-07-14,,,,0.45793,1.07648,1.19374,2.39377,1.41562,1.24978,,,,2.61073,2.09028,3.56893
2010-07-15,,,,0.45833,1.07658,1.19353,2.39235,1.41504,1.24928,,,,2.64463,2.09300,3.54058
2010-07-16,,,,0.44567,1.07361,1.19833,2.36079,1.40197,1.23805,,,,2.61673,2.09080,3.56057
2010-07-19,,,,0.44948,1.07454,1.19685,2.34176,1.39454,1.23138,,,,2.60614,2.08997,3.56796
2010-07-20,,,,0.45491,1.07584,1.19474,2.36038,1.40109,1.23735,,,,2.61596,2.09077,3.56114
2010-07-21,,,,0.44868,1.07438,1.19686,2.34419,1.39568,1.23238,,,,2.62466,2.09148,3.55511
2010-07-22,,,,0.46004,1.07710,1.19294,2.36463,1.40201,1.23829,,,,2.67289,2.09533,3.52237
2010-07-23,,,,0.46295,1.07779,1.19228,2.34905,1.39729,1.23387,,,,2.66484,2.09471,3.52596
2010-07-26,,,,0.46677,1.07869,1.19187,2.33752,1.39393,1.23068,,,,2.66219,2.09452,3.52690
2010-07-27,,,,0.46657,1.07865,1.19184,2.29684,1.38292,1.22000,,,,2.64211,2.09295,3.53316
2010-07-28,,,,0.46285,1.07779,1.19125,2.30231,1.38403,1.22106,,,,2.66550,2.09481,3.52588
2010-07-29,,,,0.45944,1.07699,1.19054,2.31263,1.38578,1.22274,,,,2.70424,2.09787,3.51636
2010-07-30,,,,0.46044,1.07723,1.19076,2.33691,1.38939,1.22626,,,,2.75412,2.10175,3.51158
2010-08-02,,,,0.46909,1.07942,1.19278,2.33792,1.38955,1.22641,,,,2.78179,2.10374,3.51450
2010-08-03,,,,0.46707,1.07869,1.19211,2.34703,1.39090,1.22773,,,,2.77620,2.10269,3.51240
2010-08-04,,,,0.47180,1.08074,1.19401,2.36180,1.39307,1.22985,,,,2.81076,2.11133,3.52979
2010-08-05,,,,0.47069,1.08011,1.19342,2.36706,1.39385,1.23061,,,,2.80761,2.11013,3.52735
2010-08-06,,,,0.46999,1.07965,1.19298,2.38446,1.39639,1.23309,,,,2.77609,2.09671,3.49976
2010-08-09,,,,0.47321,1.08192,1.19518,2.37556,1.39508,1.23173,,,,2.76936,2.09373,3.49375
2010-08-10,,,,0.46909,1.07864,1.19194,2.38223,1.39617,1.23289,,,,2.74169,2.08111,3.46800
2010-08-11,,,,0.45632,1.06824,1.18161,2.37434,1.39467,1.23126,,,,2.71434,2.06859,3.44249
2010-08-12,,,,0.45270,1.06524,1.17863,2.40328,1.40042,1.23746,,,,2.72426,2.07316,3.45177
2010-08-13,,,,0.44948,1.06253,1.17593,2.40267,1.40025,1.23727,,,,2.72376,2.07293,3.45132
2010-08-16,,,,0.45029,1.06305,1.17643,2.42270,1.40537,1.24281,,,,2.70898,2.06613,3.43750
2010-08-17,,,,0.45602,1.06610,1.17940,2.42311,1.40546,1.24291,,,,2.72870,2.07485,3.45583
2010-08-18,,,,0.45783,1.06698,1.18026,2.43262,1.40850,1.24620,,,,2.72710,2.07415,3.45436
2010-08-19,,,,0.45089,1.06359,1.17697,2.43606,1.40968,1.24748,,,,2.71072,2.06731,3.43990
2010-08-20,,,,0.45150,1.06382,1.17719,2.42756,1.40644,1.24395,,,,2.69567,2.06143,3.42744
2010-08-23,,,,0.44707,1.06243,1.17580,2.42372,1.40492,1.24230,,,,2.68752,2.05855,3.42136
2010-08-24,,,,0.43873,1.06045,1.17422,2.43545,1.40959,1.24738,,,,2.65371,2.04822,3.39934
2010-08-25,,,,0.44295,1.06148,1.17396,2.45569,1.41786,1.25637,,,,2.64215,2.04549,3.39348
2010-08-26,,,,0.43762,1.06021,1.17484,2.44759,1.41433,1.25252,,,,2.67044,2.04971,3.40252
2010-08-27,,,,0.44295,1.06150,1.17290,2.44860,1.41477,1.25300,,,,2.69981,2.05332,3.41024
2010-08-30,,,,0.43833,1.06040,1.17469,2.44658,1.41384,1.25197,,,,2.71166,2.05476,3.41334
2010-08-31,,,,0.43682,1.06004,1.17546,2.47025,1.42484,1.26402,,,,2.68402,2.05143,3.40619
2010-09-01,,,,0.44989,1.06322,1.16668,2.46236,1.42100,1.25979,,,,2.71782,2.05556,3.41503
2010-09-02,,,,0.45491,1.06441,1.16343,2.47450,1.42702,1.26641,,,,2.74032,2.05828,3.42087
2010-09-03,,,,0.46245,1.06618,1.15857,2.46580,1.42255,1.26148,,,,2.76973,2.06178,3.42837
2010-09-07,,,,0.45934,1.06547,1.15983,2.48280,1.43138,1.27120,,,,2.77837,2.06293,3.43085
2010-09-08,,,,0.46486,1.06675,1.15819,2.48300,1.43148,1.27130,,,,2.77873,2.06294,3.43087
2010-09-09,,,,0.46667,1.06717,1.15796,2.45973,1.41941,1.25718,,,,2.77112,2.06096,3.42654
2010-09-10,,,,0.46838,1.06757,1.15802,2.46317,1.42120,1.25926,,,,2.78270,2.06425,3.43372
2010-09-13,,,,0.47491,1.06902,1.15939,2.46095,1.42004,1.25791,,,,2.80800,2.07230,3.45135
2010-09-14,,,,0.47692,1.06984,1.16018,2.50951,1.44526,1.28733,,,,2.83077,2.08063,3.46965
2010-09-15,,,,0.47994,1.07172,1.16203,2.50789,1.44443,1.28632,,,,2.82364,2.07750,3.46275
2010-09-16,,,,0.48185,1.07328,1.16359,2.52185,1.45166,1.29510,,,,2.82034,2.07590,3.45922
2010-09-17,,,,0.48348,1.07493,1.16527,2.52003,1.45072,1.29385,,,,2.84018,2.08583,3.48109
2010-09-20,,,,0.49194,1.08514,1.17590,2.52671,1.45418,1.29845,,,,2.83582,2.08344,3.47577
2010-09-21,,,,0.49184,1.08495,1.17570,2.54978,1.46613,1.31489,,,,2.81640,2.07240,3.45127
2010-09-22,,,,0.49053,1.08281,1.17345,2.55362,1.46812,1.31779,,,,2.83235,2.08147,3.47135
2010-09-23,,,,0.49033,1.08243,1.17304,2.55565,1.46917,1.31936,,,,2.84309,2.08764,3.48507
2010-09-24,,,,0.50031,1.10108,1.19313,2.56354,1.47325,1.32612,,,,2.87744,2.10796,3.53032
2010-09-27,,,,0.49759,1.09573,1.18749,2.56414,1.47357,1.32663,,,,2.86899,2.10256,3.51821
2010-09-28,,,,0.49738,1.09533,1.18701,2.58701,1.48540,1.34869,,,,2.86627,2.10077,3.51407
2010-09-29,,,,0.49658,1.09373,1.18507,2.58903,1.48644,1.35071,,,,2.87682,2.10773,3.53022
2010-09-30,,,,0.49436,1.08934,1.17955,2.58822,1.48603,1.34978,,,,2.87890,2.10910,3.53347
2010-10-01,,,,0.49376,1.08814,1.17801,2.60846,1.49648,1.37229,,,,2.85515,2.09344,3.49485
2010-10-04,,,,0.48842,1.07755,1.16421,2.59935,1.49178,1.36173,,,,2.84158,2.08449,3.47286
2010-10-05,,,,0.50031,1.10116,1.19491,2.65055,1.51822,1.42171,,,,2.89300,2.11844,3.55607
2010-10-06,,,,0.49597,1.09258,1.18370,2.66714,1.52678,1.44278,,,,2.90234,2.12459,3.57121
2010-10-07,,,,0.49779,1.09617,1.18839,2.63800,1.51177,1.40362,,,,2.87074,2.10378,3.51851
2010-10-08,,,,0.50121,1.10296,1.19724,2.66410,1.52523,1.43810,,,,2.96314,2.16472,3.67185
2010-10-11,,,,0.50141,1.10336,1.19777,2.67685,1.53180,1.45519,,,,2.97776,2.17433,3.69498
2010-10-12,,,,0.50484,1.11015,1.20662,2.67017,1.52836,1.44562,,,,2.99681,2.18685,3.72500
2010-10-13,,,,0.50897,1.11832,1.21742,2.71287,1.55036,1.50772,,,,3.01325,2.19765,3.75254
2010-10-14,,,,0.50796,1.11633,1.21457,2.72663,1.55744,1.52826,,,,3.01508,2.19886,3.75574
2010-10-15,,,,0.51874,1.13765,1.24626,2.70498,1.54631,1.49563,,,,2.98948,2.18205,3.70203
2010-10-18,,,,0.51683,1.13387,1.24059,2.71712,1.55255,1.51366,,,,3.00052,2.18930,3.72485
2010-10-19,,,,0.51199,1.12433,1.22590,2.63274,1.50916,1.38675,,,,2.94420,2.15232,3.60036
2010-10-20,,,,0.51572,1.13169,1.23716,2.65722,1.52179,1.41153,,,,3.00241,2.19062,3.72205
2010-10-21,,,,0.51673,1.13369,1.24028,2.61979,1.50250,1.37397,,,,2.96480,2.16593,3.64803
2010-10-22,,,,0.52025,1.14065,1.25184,2.62505,1.50522,1.37873,,,,2.97234,2.17089,3.66207
2010-10-25,,,,0.52277,1.14562,1.26051,2.64771,1.51691,1.39912,,,,3.00164,2.19015,3.71670
2010-10-26,,,,0.52418,1.14840,1.26564,2.64832,1.51723,1.39966,,,,3.01837,2.20113,3.74802
2010-10-27,,,,0.52579,1.15158,1.27185,2.62080,1.50304,1.37495,,,,2.99665,2.18688,3.70721
2010-10-28,,,,0.52690,1.15376,1.27636,2.65561,1.52100,1.40518,,,,3.01400,2.19828,3.73968
2010-10-29,,,,0.52569,1.15138,1.27108,2.68353,1.53540,1.42881,,,,3.02236,2.20377,3.75524
2010-11-01,,,,0.52610,1.15218,1.27287,2.66936,1.52811,1.41674,,,,,,
2010-11-02,,,,0.53174,1.16330,1.29797,2.68090,1.53405,1.42653,,,,3.04564,2.21905,3.80075
2010-11-03,,,,0.53416,1.16806,1.30892,2.66228,1.52446,1.41068,,,,3.04078,2.21586,3.79051
2010-11-04,,,,0.54071,1.18095,1.33934,2.75253,1.57097,1.48698,,,,3.12274,2.26961,3.96861
2010-11-05,,,,0.54071,1.18095,1.33929,2.75961,1.57461,1.49212,,,,3.14441,2.28379,4.01609
2010-11-08,,,,0.54141,1.18234,1.34287,2.78794,1.58916,1.51267,,,,3.15644,2.29166,4.04232
2010-11-09,,,,0.53849,1.17659,1.32771,2.74363,1.56643,1.47932,,,,3.19906,2.31951,4.14314
2010-11-10,,,,0.54121,1.18194,1.34204,2.77701,1.58358,1.50429,,,,3.16442,2.29690,4.05613
2010-11-11,,,,0.53778,1.17521,1.32378,2.78551,1.58795,1.51060,,,,3.15521,2.29089,4.03311
2010-11-12,,,,0.52902,1.15797,1.27729,2.70518,1.54673,1.44597,,,,3.03333,2.21125,3.72105
2010-11-15,,,,0.52700,1.15400,1.26678,2.67948,1.53351,1.42744,,,,3.05527,2.22564,3.75859
2010-11-16,,,,0.51834,1.13693,1.22264,2.65014,1.51840,1.40705,,,,2.93792,2.14871,3.56094
2010-11-17,,,,0.51985,1.13991,1.22903,2.63820,1.51224,1.39921,,,,2.93740,2.14836,3.56019
2010-11-18,,,,0.52821,1.15642,1.26342,2.67280,1.53009,1.42086,,,,3.00797,2.19481,3.63501
2010-11-19,,,,0.52862,1.15721,1.26494,2.67503,1.53124,1.42219,,,,2.97810,2.17518,3.60709
2010-11-22,,,,0.53305,1.16595,1.28176,2.70093,1.54458,1.43765,,,,2.97600,2.17379,3.60517
2010-11-23,,,,0.52459,1.14929,1.24941,2.71975,1.55427,1.44890,,,,2.97879,2.17548,3.60763
2010-11-24,,,,0.53516,1.17015,1.28657,2.71510,1.55188,1.44612,,,,3.01904,2.19950,3.64296
2010-11-26,,,,0.53164,1.16321,1.27516,2.69344,1.54074,1.43316,,,,3.00365,2.19039,3.62951
2010-11-29,,,,0.53123,1.16241,1.27386,2.70154,1.54491,1.43800,,,,3.01133,2.19495,3.63625
2010-11-30,,,,0.52479,1.14972,1.25305,2.74019,1.56480,1.46111,,,,3.01165,2.19513,3.63653
2010-12-01,,,,0.53587,1.17157,1.28807,2.73938,1.56439,1.46060,,,,3.09362,2.24372,3.70826
2010-12-02,,,,0.54131,1.18228,1.30382,2.73573,1.56252,1.45830,,,,3.11621,2.25704,3.72789
2010-12-03,,,,0.54272,1.18505,1.30791,2.79381,1.59237,1.49600,,,,3.15701,2.28105,3.76318
2010-12-06,,,,0.54252,1.18465,1.30732,2.81485,1.60316,1.50967,,,,3.16526,2.28589,3.77053
2010-12-07,,,,0.54282,1.18525,1.30816,2.76204,1.57609,1.47319,,,,3.15215,2.27737,3.75657
2010-12-08,,,,0.54484,1.18921,1.31432,2.72744,1.55832,1.44943,,,,3.16524,2.28588,3.77149
2010-12-09,,,,0.54534,1.19020,1.31590,2.73917,1.56436,1.45745,,,,3.15813,2.28126,3.76239
2010-12-10,,,,0.54897,1.19732,1.32822,2.73998,1.56478,1.45801,,,,3.14910,2.27539,3.75009
2010-12-13,,,,0.54705,1.19357,1.32134,2.75293,1.57143,1.46688,,,,3.20191,2.30974,3.82486
2010-12-14,,,,0.54806,1.19555,1.32501,2.75556,1.57279,1.46868,,,,3.19112,2.30273,3.80912
2010-12-15,,,,0.54564,1.19080,1.31570,2.72562,1.55740,1.44812,,,,3.17364,2.29138,3.78213
2010-12-16,,,,0.54987,1.19911,1.33210,2.70761,1.54814,1.43580,,,,3.15104,2.27670,3.74624
2010-12-17,,,,0.55036,1.20006,1.33397,2.71550,1.55221,1.44119,,,,3.18543,2.29906,3.80090
2010-12-20,,,,0.55076,1.20085,1.33559,2.73391,1.56168,1.45377,,,,3.22202,2.32283,3.86004
2010-12-21,,,,0.55409,1.20739,1.34981,2.73816,1.56386,1.45668,,,,3.24020,2.33463,3.89060
2010-12-22,,,,0.55399,1.20720,1.34935,2.73270,1.56106,1.45293,,,,3.25721,2.34566,3.92145
2010-12-23,,,,0.55258,1.20443,1.34300,2.72481,1.55700,1.44753,,,,3.26154,2.34847,3.92977
2010-12-27,,,,0.55288,1.20502,1.34433,2.73209,1.56075,1.45251,,,,3.26506,2.35075,3.93701
2010-12-28,,,,0.55187,1.20304,1.33975,2.77661,1.58364,1.48298,,,,3.29636,2.37103,4.00775
2010-12-29,,,,0.55308,1.20542,1.34523,2.78652,1.58873,1.48978,,,,3.29781,2.37197,4.01095
2010-12-30,,,,0.55177,1.20285,1.33927,2.77276,1.58167,1.48008,,,,3.27803,2.35917,3.96014
2010-12-31,,,,0.54975,1.19888,1.33012,2.80696,1.59922,1.50503,,,,3.33354,2.39512,4.10377
2011-01-03,,,,0.55833,1.21573,1.36885,2.79239,1.59175,1.49408,,,,3.33461,2.39582,4.10640
2011-01-04,,,,0.55793,1.21493,1.36699,2.72663,1.55802,1.44280,,,,3.28471,2.36355,3.96976
2011-01-05,,,,0.56267,1.22423,1.38867,2.71894,1.55406,1.43732,,,,3.29944,2.37309,4.00930
2011-01-06,,,,0.56449,1.22779,1.39701,2.70801,1.54844,1.42972,,,,3.26210,2.34892,3.90838
2011-01-07,,,,0.56399,1.22681,1.39460,2.70295,1.54584,1.42630,,,,3.24055,2.33496,3.85119
2011-01-10,,,,0.56611,1.23096,1.40472,2.71388,1.55147,1.43341,,,,3.25799,2.34627,3.89607
2011-01-11,,,,0.56691,1.23254,1.40862,2.72987,1.55969,1.44366,,,,3.29220,2.36845,3.98466
2011-01-12,,,,0.57095,1.24044,1.42894,2.74100,1.56542,1.45080,,,,3.33811,2.39817,4.10457
2011-01-13,,,,0.57115,1.24083,1.42995,2.71246,1.55075,1.43245,,,,3.32314,2.38850,4.06497
2011-01-14,,,,0.57539,1.24913,1.45225,2.68495,1.53659,1.41495,,,,3.31892,2.38577,4.05383
2011-01-18,,,,0.57701,1.25228,1.46095,2.69992,1.54429,1.42371,,,,3.32724,2.39115,4.07566
2011-01-19,,,,0.57045,1.23946,1.42405,2.70579,1.54724,1.42705,,,,3.32220,2.38789,4.06220
2011-01-20,,,,0.56641,1.23157,1.40155,2.65480,1.52183,1.39787,,,,3.30454,2.37647,4.01414
2011-01-21,,,,0.56207,1.22308,1.37756,2.65136,1.52031,1.39623,,,,3.32394,2.38903,4.06651
2011-01-24,,,,0.56984,1.23830,1.42007,2.63780,1.51502,1.39039,,,,3.30268,2.37528,4.00744
2011-01-25,,,,0.57065,1.23988,1.42455,2.63254,1.51317,1.38831,,,,3.24610,2.33865,3.85128
2011-01-26,,,,0.57368,1.24580,1.44141,2.65399,1.51965,1.39574,,,,3.29468,2.37016,3.97449
2011-01-27,,,,0.57721,1.25271,1.46121,2.58863,1.50106,1.37446,,,,3.27370,2.35657,3.92454
2011-01-28,,,,0.56257,1.22412,1.37813,2.63618,1.51069,1.38442,,,,3.31128,2.38092,4.01259
2011-01-31,,,,0.56530,1.22946,1.38966,2.62788,1.50919,1.38296,,,,3.36693,2.41694,4.14185
2011-02-01,,,,0.57590,1.25021,1.43419,2.64670,1.51233,1.38610,,,,3.37893,2.42469,4.16928
2011-02-02,,,,0.57499,1.24843,1.43063,2.63962,1.51116,1.38493,,,,3.39444,2.43471,4.20477
2011-02-03,,,,0.57600,1.25040,1.43457,2.67503,1.51704,1.39082,,,,3.37223,2.42037,4.15248
2011-02-04,,,,0.57923,1.25672,1.44718,2.66410,1.51525,1.38903,,,,3.36654,2.41670,4.13870
2011-02-07,,,,0.58195,1.26204,1.45781,2.66451,1.51533,1.38910,,,,3.34161,2.40059,4.07680
2011-02-08,,,,0.58579,1.26953,1.47328,2.69405,1.52020,1.39399,,,,3.34399,2.40214,4.08260
2011-02-09,,,,0.58478,1.26756,1.46890,2.69263,1.51997,1.39375,,,,3.36306,2.41447,4.12992
2011-02-10,,,,0.58569,1.26933,1.47290,2.68818,1.51923,1.39298,,,,3.35195,2.40729,4.10146
2011-02-11,,,,0.58993,1.27760,1.49272,2.67746,1.51734,1.39091,,,,3.33546,2.39663,4.05870
2011-02-14,,,,0.59134,1.28036,1.49954,2.69021,1.51966,1.39348,,,,3.34609,2.40350,4.08606
2011-02-15,,,,0.59053,1.27878,1.49530,2.71085,1.52371,1.39803,,,,3.31876,2.38584,4.01536
2011-02-16,,,,0.59437,1.28626,1.51581,2.71348,1.52426,1.39865,,,,3.32033,2.38686,4.01935
2011-02-17,,,,0.59417,1.28587,1.51460,2.73250,1.52900,1.40413,,,,3.34757,2.40448,4.08919
2011-02-18,,,,0.59286,1.28331,1.50694,2.73998,1.53109,1.40656,,,,3.34623,2.40362,4.08571
2011-02-22,,,,0.57570,1.24988,1.40615,2.75779,1.53679,1.41335,,,,3.32346,2.38889,4.02678
2011-02-23,,,,0.57095,1.24061,1.38637,2.78248,1.54574,1.42414,,,,3.35634,2.41017,4.11114
2011-02-24,,,,0.57398,1.24653,1.39816,2.76163,1.53708,1.41364,,,,3.33341,2.39535,4.05164
2011-02-25,,,,0.58195,1.26212,1.42825,2.77985,1.54499,1.42316,,,,3.39476,2.43503,4.20932
2011-02-28,,,,0.58317,1.26449,1.43261,2.78551,1.54762,1.42633,,,,3.41128,2.44570,4.25036
2011-03-01,,,,0.57378,1.24617,1.39872,2.83347,1.57160,1.45662,,,,3.42856,2.45684,4.29344
2011-03-02,,,,0.57681,1.25209,1.40879,2.83124,1.57049,1.45509,,,,3.44694,2.46870,4.33944
2011-03-03,,,,0.58821,1.27437,1.44642,2.79421,1.55200,1.42880,,,,3.45469,2.47370,4.36034
2011-03-04,,,,0.58518,1.26847,1.43709,2.81971,1.56475,1.44681,,,,3.47573,2.48726,4.42058
2011-03-07,,,,0.57731,1.25311,1.41285,2.82720,1.56849,1.45208,,,,3.45880,2.47636,4.36961
2011-03-08,,,,0.57963,1.25764,1.41985,2.81991,1.56485,1.44669,,,,3.43737,2.46255,4.30394
2011-03-09,,,,0.57570,1.24996,1.40797,2.82092,1.56536,1.44741,,,,3.42316,2.45338,4.26036
2011-03-10,,,,0.56671,1.23240,1.38097,2.78774,1.54879,1.42088,,,,3.37550,2.42265,4.11522
2011-03-11,,,,0.57024,1.23932,1.39042,2.79684,1.55334,1.42811,,,,3.35404,2.40878,4.05100
2011-03-14,,,,0.56823,1.23537,1.38518,2.80979,1.55981,1.43841,,,,3.34971,2.40598,4.03841
2011-03-15,,,,0.56015,1.21957,1.36464,2.75739,1.53363,1.39650,,,,3.23551,2.33216,3.71941
2011-03-16,,,,0.54662,1.19295,1.33384,2.75678,1.53333,1.39604,,,,3.23979,2.33494,3.72553
2011-03-17,,,,0.55167,1.20083,1.34239,2.77155,1.54072,1.40622,,,,3.34450,2.40281,3.86465
2011-03-18,,,,0.55043,1.19911,1.34053,2.79988,1.55489,1.42550,,,,3.38405,2.42717,3.90317
2011-03-21,,,,0.56104,1.21182,1.35455,2.81546,1.56268,1.43606,,,,3.39883,2.43625,3.91754
2011-03-22,,,,0.56003,1.21069,1.35335,2.81364,1.56177,1.43483,,,,3.42506,2.45237,3.94303
2011-03-23,,,,0.56316,1.21422,1.35708,2.83974,1.57481,1.45255,,,,3.44108,2.46218,3.95842
2011-03-24,,,,0.57317,1.22548,1.36896,2.81708,1.56350,1.43711,,,,3.45672,2.47197,3.97477
2011-03-25,,,,0.57459,1.22706,1.37062,2.81789,1.56391,1.43766,,,,3.46476,2.47714,3.98399
2011-03-28,,,,0.57145,1.22357,1.36695,2.80332,1.55663,1.42776,,,,3.42140,2.44924,3.92801
2011-03-29,,,,0.57701,1.22977,1.37347,2.79664,1.55329,1.42323,,,,3.41992,2.44829,3.92606
2011-03-30,,,,0.57974,1.23284,1.37686,2.80595,1.55795,1.42953,,,,3.42048,2.44865,3.92671
2011-03-31,,,,0.58055,1.23384,1.37797,2.83003,1.56998,1.44586,,,,3.48170,2.48810,4.00987
2011-04-01,,,,0.58085,1.23423,1.37841,2.81667,1.56331,1.43672,,,,3.49111,2.49415,4.02254
2011-04-04,,,,0.57893,1.23132,1.37500,2.82962,1.56978,1.44565,,,,3.50828,2.50519,4.04721
2011-04-05,,,,0.57742,1.22893,1.37215,2.87434,1.59211,1.47778,,,,3.51644,2.51043,4.05984
2011-04-06,,,,0.57883,1.23119,1.37488,2.88102,1.59544,1.48255,,,,3.52035,2.51295,4.06630
2011-04-07,,,,0.57843,1.23052,1.37403,2.88365,1.59675,1.48447,,,,3.51961,2.51247,4.06472
2011-04-08,,,,0.57570,1.22591,1.36826,2.90692,1.60835,1.50382,,,,3.57052,2.54518,4.16410
2011-04-11,,,,0.57378,1.22266,1.36418,2.88628,1.59807,1.48530,,,,3.54960,2.53176,4.12218
2011-04-12,,,,0.56984,1.21600,1.35579,2.86544,1.58769,1.46661,,,,3.47527,2.48404,3.96843
2011-04-13,,,,0.57469,1.22421,1.36612,2.87131,1.59061,1.47184,,,,3.47851,2.48613,3.97471
2011-04-14,,,,0.57368,1.22250,1.36397,2.90996,1.60988,1.50649,,,,3.48875,2.49272,3.99457
2011-04-15,,,,0.57267,1.22080,1.36182,2.93505,1.62238,1.52917,,,,3.50455,2.50287,4.02528
2011-04-18,,,,0.56862,1.21395,1.35321,2.95285,1.63123,1.54566,,,,3.48722,2.49174,3.99147
2011-04-19,,,,0.57216,1.21995,1.36075,2.95285,1.63124,1.54554,,,,3.50740,2.50472,4.03071
2011-04-20,,,,0.58510,1.24185,1.38830,2.96439,1.63697,1.55808,,,,3.54658,2.52990,4.10718
2011-04-21,,,,0.58975,1.24968,1.39818,2.96924,1.63938,1.56364,,,,3.57753,2.54977,4.16806
2011-04-25,,,,0.59127,1.25223,1.40138,2.97187,1.64069,1.56674,,,,3.58376,2.55377,4.18012
2011-04-26,,,,0.59460,1.25787,1.40852,2.96196,1.63577,1.55451,,,,3.56693,2.54297,4.14421
2011-04-27,,,,0.59865,1.26547,1.41824,3.01902,1.66413,1.62571,,,,3.55449,2.53499,4.11683
2011-04-28,,,,0.59774,1.26374,1.41571,3.03157,1.67035,1.64173,,,,3.55293,2.53399,4.11320
2011-04-29,,,,0.59723,1.26278,1.41415,3.08316,1.69594,1.70976,,,,3.60227,2.56566,4.22732
2011-05-02,,,,0.59612,1.26067,1.41059,3.04350,1.67631,1.65620,,,,3.57705,2.54950,4.16819
2011-05-03,,,,0.59329,1.25528,1.40121,3.03278,1.67099,1.64199,,,,3.53595,2.52313,4.07248
2011-05-04,,,,0.59238,1.25355,1.39815,2.98928,1.64942,1.58448,,,,3.46854,2.47984,3.91682
2011-05-05,,,,0.58914,1.24739,1.38714,2.90308,1.60661,1.48174,,,,3.30655,2.37561,3.59800
2011-05-06,,,,0.59106,1.25105,1.39366,2.94011,1.62505,1.51117,,,,3.27543,2.35531,3.56876
2011-05-09,,,,0.59329,1.25528,1.40122,2.98219,1.64599,1.54245,,,,3.33837,2.38902,3.61609
2011-05-10,,,,0.59834,1.26491,1.41844,2.99272,1.65122,1.55004,,,,3.38013,2.40724,3.64086
2011-05-11,,,,0.59400,1.25664,1.40354,2.96520,1.63755,1.53016,,,,3.27858,2.36652,3.58541
2011-05-12,,,,0.59753,1.26337,1.41562,2.96621,1.63806,1.53089,,,,3.28305,2.36779,3.58706
2011-05-13,,,,0.59046,1.24991,1.39134,2.94678,1.62840,1.51691,,,,3.28234,2.36754,3.58673
2011-05-16,,,,0.58025,1.23046,1.35641,2.94152,1.62578,1.51313,,,,3.26969,2.36504,3.58336
2011-05-17,,,,0.58187,1.23355,1.36139,2.92877,1.61944,1.50398,,,,3.26330,2.36406,3.58202
2011-05-18,,,,0.58672,1.24280,1.37578,2.94618,1.62810,1.51644,,,,3.34478,2.37195,3.59319
2011-05-19,,,,0.58844,1.24608,1.38072,2.94719,1.62861,1.51717,,,,3.30323,2.36802,3.58762
2011-05-20,,,,0.58399,1.23760,1.36791,2.98442,1.64712,1.54386,,,,3.33396,2.37096,3.59180
2011-05-23,,,,0.57540,1.22120,1.34358,2.99130,1.65054,1.54881,,,,3.30120,2.36786,3.58740
2011-05-24,,,,0.57186,1.21455,1.33499,3.00668,1.65818,1.55990,,,,3.31635,2.36931,3.58946
2011-05-25,,,,0.57408,1.21825,1.33982,3.00648,1.65808,1.55974,,,,3.36401,2.37386,3.59591
2011-05-26,,,,0.57762,1.22370,1.34704,2.99919,1.65446,1.55436,,,,3.35731,2.37323,3.59502
2011-05-27,,,,0.58055,1.22805,1.35281,3.02914,1.66933,1.57714,,,,3.39549,2.37684,3.60013
2011-05-31,,,,0.58995,1.24194,1.37131,3.02792,1.66873,1.57611,,,,3.42004,2.37911,3.60334
2011-06-01,,,,0.57711,1.22303,1.34619,3.03339,1.67144,1.58059,,,,3.38808,2.37563,3.59817
2011-06-02,,,,0.57833,1.22467,1.34815,3.02509,1.66733,1.57320,,,,3.40227,2.37743,3.60087
2011-06-03,,,,0.56963,1.21304,1.33417,3.03966,1.67455,1.58647,,,,3.40658,2.37807,3.60182
2011-06-06,,,,0.56498,1.20752,1.32768,3.04492,1.67716,1.59142,,,,3.38212,2.37358,3.59479
2011-06-07,,,,0.56397,1.20646,1.32643,3.04371,1.67656,1.59013,,,,3.39375,2.37576,3.59824
2011-06-08,,,,0.55993,1.20296,1.32219,3.03136,1.67044,1.57715,,,,3.41369,2.37973,3.60467
2011-06-09,,,,0.56094,1.20361,1.32299,3.04654,1.67797,1.59314,,,,3.42424,2.38205,3.60847
2011-06-10,,,,0.55235,1.19886,1.31708,3.01983,1.66473,1.56406,,,,3.40076,2.37611,3.59846
2011-06-13,,,,0.55235,1.19884,1.31702,2.99008,1.64997,1.53198,,,,3.36141,2.36586,3.58100
2011-06-14,,,,0.55942,1.20038,1.31817,3.00830,1.65902,1.55138,,,,3.37312,2.36894,3.58624
2011-06-15,,,,0.54881,1.19810,1.31683,3.01740,1.66354,1.56100,,,,3.31290,2.35318,3.55939
2011-06-16,,,,0.54669,1.19764,1.31695,3.01437,1.66203,1.55778,,,,3.28356,2.34537,3.54609
2011-06-17,,,,0.54497,1.19727,1.31740,3.03399,1.67177,1.57856,,,,3.26524,2.34094,3.53858
2011-06-20,,,,0.54781,1.19789,1.31595,3.03582,1.67267,1.58050,,,,3.26355,2.34056,3.53794
2011-06-21,,,,0.55956,1.20046,1.30897,3.05059,1.68000,1.59626,,,,3.28803,2.34318,3.54257
2011-06-22,,,,0.55551,1.19959,1.31131,3.05524,1.68231,1.60125,,,,3.27705,2.34226,3.54088
2011-06-23,,,,0.56068,1.20071,1.30830,3.00162,1.65573,1.54353,,,,3.20297,2.33696,3.53337
2011-06-24,,,,0.55095,1.19863,1.31391,2.95953,1.63484,1.50236,,,,3.19358,2.33628,3.53363
2011-06-27,,,,0.55977,1.20055,1.30871,2.94881,1.62951,1.49344,,,,3.17618,2.33501,3.53669
2011-06-28,,,,0.56807,1.20233,1.30386,2.95913,1.63464,1.50137,,,,3.22857,2.33886,3.51905
2011-06-29,,,,0.57040,1.20282,1.30289,2.97815,1.64410,1.51536,,,,3.26581,2.34156,3.50678
2011-06-30,,,,0.57800,1.20443,1.30105,2.95427,1.63223,1.49820,,,,3.24751,2.34025,3.51273
2011-07-01,,,,0.58672,1.20623,1.30096,2.93262,1.62146,1.48353,,,,3.22147,2.33838,3.52125
2011-07-05,,,,0.58965,1.20691,1.30169,2.98725,1.64844,1.51740,,,,3.27418,2.34221,3.50383
2011-07-06,,,,0.59158,1.20781,1.30266,3.01315,1.66028,1.53114,,,,3.25967,2.34117,3.50853
2011-07-07,,,,0.59968,1.21362,1.30906,3.01801,1.66250,1.53372,,,,3.30824,2.34466,3.49272
2011-07-08,,,,0.59806,1.21201,1.30728,3.04027,1.67266,1.54553,,,,3.30289,2.34428,3.49436
2011-07-11,,,,0.58722,1.19943,1.29321,3.06738,1.68499,1.55987,,,,3.28585,2.34308,3.49897
2011-07-12,,,,0.58276,1.19422,1.28738,3.09126,1.69625,1.57336,,,,3.32629,2.34596,3.48858
2011-07-13,,,,0.58520,1.19707,1.29057,3.11898,1.70994,1.59097,,,,3.38161,2.34986,3.47914
2011-07-14,,,,0.57841,1.18913,1.28168,3.12707,1.71393,1.59663,1.00190,1.00149,1.00019,3.35499,2.34802,3.47981
2011-07-15,,,,0.58611,1.19819,1.29181,3.14043,1.72052,1.60732,0.98819,0.99074,0.99882,3.37917,2.34970,3.48063
2011-07-18,,,,0.58297,1.19451,1.28770,3.16815,1.73419,1.63224,0.97560,0.98085,0.99753,3.36889,2.34886,3.47921
2011-07-19,,,,0.59624,1.21008,1.30511,3.12950,1.71515,1.59401,0.98950,0.99181,0.99899,3.38900,2.35103,3.48294
2011-07-20,,,,0.59371,1.20714,1.30182,3.15702,1.72872,1.62092,0.97902,0.98357,0.99791,3.37886,2.34942,3.48009
2011-07-21,,,,0.59766,1.21171,1.30695,3.13294,1.71686,1.59718,0.97426,0.97982,0.99741,3.35893,2.34574,3.47353
2011-07-22,,,,0.60384,1.21931,1.31514,3.15904,1.72973,1.62273,0.98047,0.98472,0.99807,3.39424,2.35245,3.48563
2011-07-25,,,,0.60262,1.21761,1.31328,3.18373,1.74190,1.64699,1.00444,1.00359,1.00064,3.38025,2.34938,3.48006
2011-07-26,,,,0.60414,1.21984,1.31574,3.19243,1.74618,1.65594,0.99331,0.99488,0.99947,3.40551,2.35529,3.49088
2011-07-27,,,,0.58854,1.19492,1.28758,3.18070,1.74041,1.64274,0.99333,0.99489,0.99948,3.38918,2.35092,3.48277
2011-07-28,,,,0.58955,1.19654,1.28941,3.18333,1.74170,1.64567,0.96565,0.97316,0.99635,3.36913,2.34529,3.47220
2011-07-29,,,,0.58763,1.19345,1.28595,3.20295,1.75137,1.66917,0.96714,0.97433,0.99653,3.34371,2.33812,3.45876
2011-08-01,,,,0.58489,1.18905,1.28111,3.19142,1.74569,1.65459,0.93184,0.94645,0.99230,3.33695,2.33620,3.45518
2011-08-02,,,,0.57010,1.16569,1.25578,3.26831,1.78355,1.75268,0.87422,0.90057,0.98508,3.35677,2.34184,3.46572
2011-08-03,,,,0.57557,1.17259,1.26276,3.26771,1.78325,1.75194,0.66467,0.73130,0.95726,3.32292,2.33226,3.44778
2011-08-04,,,,0.54882,1.14254,1.23216,3.25051,1.77480,1.73117,0.77075,0.82082,0.97380,3.23033,2.30574,3.39809
2011-08-05,,,,0.54538,1.14020,1.23019,3.27297,1.78584,1.75806,0.69643,0.77605,0.96672,3.20686,2.30111,3.39030
2011-08-08,,,,0.51255,1.12906,1.22049,3.38163,1.83920,1.89323,0.55652,0.69801,0.95374,3.14341,2.29553,3.38042
2011-08-09,,,,0.53727,1.13451,1.21673,3.41178,1.85396,1.92606,0.70161,0.76325,0.96499,3.13877,2.29520,3.38049
2011-08-10,,,,0.51529,1.12987,1.22076,3.53258,1.91304,2.05859,0.71941,0.76793,0.96565,3.17870,2.29812,3.36914
2011-08-11,,,,0.53798,1.13484,1.21218,3.45508,1.87526,1.97688,0.67555,0.75761,0.96417,3.23031,2.30185,3.35167
2011-08-12,,,,0.54275,1.13585,1.21046,3.43930,1.86755,1.96189,0.67659,0.75781,0.96420,3.22499,2.30148,3.35344
2011-08-15,,,,0.55075,1.13752,1.20761,3.47633,1.88565,1.99695,0.79667,0.77876,0.96737,3.25298,2.30347,3.34415
2011-08-16,,,,0.54609,1.13656,1.20924,3.51922,1.90659,2.03781,0.78674,0.77725,0.96715,3.25272,2.30346,3.34423
2011-08-17,,,,0.54285,1.13589,1.21039,3.52934,1.91153,2.04766,0.78474,0.77694,0.96710,3.27987,2.30538,3.33532
2011-08-18,,,,0.51620,1.13031,1.21987,3.59611,1.94408,2.11763,0.77719,0.77578,0.96693,3.22619,2.30161,3.35276
2011-08-19,,,,0.50688,1.12827,1.22393,3.64124,1.96603,2.16581,0.83531,0.78482,0.96827,3.26550,2.30442,3.33971
2011-08-22,,,,0.50870,1.12868,1.22276,3.73513,2.01165,2.27077,0.78166,0.77697,0.96712,3.28353,2.30569,3.33382
2011-08-23,,,,0.52968,1.13333,1.20686,3.59510,1.94378,2.11046,0.78140,0.77693,0.96711,3.30012,2.30686,3.32846
2011-08-24,,,,0.53383,1.13422,1.20387,3.47329,1.88451,1.99586,0.77805,0.77641,0.96704,3.25258,2.30353,3.34061
2011-08-25,,,,0.52512,1.13237,1.21007,3.48766,1.89152,2.00741,0.68326,0.76167,0.96486,3.27125,2.30486,3.33574
2011-08-26,,,,0.53829,1.13521,1.20050,3.59106,1.94199,2.09055,0.58168,0.74404,0.96220,3.30943,2.30755,3.32604
2011-08-29,,,,0.55328,1.13838,1.18993,3.51862,1.90674,2.03544,0.64139,0.75592,0.96403,3.31499,2.30794,3.32496
2011-08-30,,,,0.55693,1.13913,1.18769,3.62404,1.95815,2.11212,0.63057,0.75443,0.96379,3.35650,2.31083,3.31973
2011-08-31,,,,0.55784,1.13931,1.18720,3.59611,1.94457,2.09270,0.58685,0.74920,0.96318,3.37702,2.31224,3.31919
2011-09-01,,,,0.55278,1.13828,1.18950,3.59915,1.94605,2.09481,0.58936,0.74952,0.96318,3.34578,2.31008,3.31620
2011-09-02,,,,0.53981,1.13561,1.19506,3.70781,1.99893,2.17026,0.61707,0.75305,0.96282,3.33764,2.30939,3.31502
2011-09-05,,,,,,,,,,0.54378,0.74410,0.96392,,,
2011-09-06,,,,0.53991,1.13563,1.19502,3.70093,1.99559,2.16546,0.49004,0.73675,0.96606,3.31111,2.30677,3.31051
2011-09-07,,,,0.55359,1.13851,1.18898,3.58316,1.93844,2.08324,0.51269,0.74016,0.96419,3.33262,2.30891,3.31419
2011-09-08,,,,0.55105,1.13799,1.19003,3.67887,1.98504,2.14917,0.47799,0.73515,0.96738,3.34241,2.30985,3.31583
2011-09-09,,,,0.53879,1.13546,1.19489,3.65641,1.97413,2.13414,0.35693,0.71653,0.98267,3.29835,2.30476,3.30670
2011-09-12,,,,0.54568,1.13691,1.19208,3.57487,1.93451,2.07959,0.43593,0.73239,0.96750,3.28052,2.30268,3.30297
2011-09-13,,,,0.55298,1.13843,1.18915,3.61271,1.95294,2.10460,0.41531,0.72893,0.97069,3.28997,2.30379,3.30495
2011-09-14,,,,0.56088,1.14006,1.18608,3.58580,1.93984,2.08678,0.40063,0.72635,0.97325,3.27943,2.30255,3.30275
2011-09-15,,,,0.56919,1.14175,1.18354,3.52894,1.91216,2.04918,0.34841,0.71688,0.98392,3.25066,2.29915,3.29666
2011-09-16,,,,0.57441,1.14279,1.18250,3.56192,1.92824,2.07079,0.34579,0.71634,0.98460,3.23425,2.29741,3.29337
2011-09-19,,,,0.57461,1.14284,1.18245,3.50688,1.90143,2.03473,0.39512,0.72656,0.97078,3.17738,2.29337,3.28781
2011-09-20,,,,0.57207,1.14233,1.18239,3.55686,1.92582,2.06641,0.43994,0.73481,0.95952,3.18853,2.29417,3.28670
2011-09-21,,,,0.56212,1.14035,1.18156,3.51255,1.90422,2.03869,0.40061,0.72824,0.96829,3.16270,2.29232,3.29168
2011-09-22,,,,0.54385,1.13664,1.18001,3.42068,1.85940,1.98183,0.39187,0.72665,0.97054,3.02332,2.28221,3.34080
2011-09-23,,,,0.54964,1.13785,1.18052,3.23351,1.76783,1.87838,0.39820,0.72782,0.96877,2.93864,2.27582,3.37753
2011-09-26,,,,0.55603,1.13917,1.18107,3.18859,1.74563,1.86191,0.34884,0.71880,0.98297,2.94227,2.27611,3.37468
2011-09-27,,,,0.56182,1.14036,1.18157,3.25030,1.77219,1.88065,0.35151,0.71935,0.98206,3.02060,2.28217,3.30343
2011-09-28,,,,0.55350,1.13867,1.18086,3.16107,1.74026,1.85837,0.34094,0.71719,0.98579,2.94166,2.27620,3.37190
2011-09-29,,,,0.54690,1.13731,1.18029,3.19102,1.74855,1.86417,0.34196,0.71740,0.98540,2.95652,2.27735,3.35832
2011-09-30,,,,0.53279,1.13438,1.17903,3.19830,1.75011,1.86528,0.36816,0.72290,0.97488,2.87941,2.27142,3.43187
2011-10-03,,,,0.51909,1.13146,1.17927,3.25698,1.76082,1.87304,0.35951,0.72120,0.97813,2.88139,2.27157,3.42962
2011-10-04,,,,0.52974,1.13379,1.17663,3.18980,1.74950,1.86488,0.35478,0.72025,0.98003,2.84144,2.26843,3.47594
2011-10-05,,,,0.54335,1.13670,1.17239,3.22663,1.75458,1.86857,0.34965,0.71921,0.98223,2.88352,2.27178,3.42046
2011-10-06,,,,0.55248,1.13861,1.16962,3.24747,1.75717,1.87048,0.33856,0.71693,0.98726,2.93259,2.27565,3.35764
2011-10-07,,,,0.54883,1.13786,1.17071,3.22096,1.75389,1.86806,0.30606,0.71005,1.00331,2.91248,2.27409,3.38242
2011-10-10,,,,0.56781,1.14179,1.16501,3.30372,1.76334,1.87532,0.29166,0.70671,1.01162,2.96395,2.27811,3.31543
2011-10-11,,,,0.57167,1.14257,1.16398,3.28005,1.76069,1.87329,0.28694,0.70556,1.01467,2.99655,2.28062,3.27456
2011-10-12,,,,0.57451,1.14314,1.16355,3.30352,1.76334,1.87531,0.29820,0.70833,1.00685,2.99988,2.28087,3.27049
2011-10-13,,,,0.57979,1.14419,1.16338,3.28410,1.76116,1.87365,0.28894,0.70614,1.01313,2.98958,2.28009,3.28308
2011-10-14,,,,0.59054,1.14627,1.16442,3.30635,1.76367,1.87557,0.28532,0.70525,1.01582,3.04388,2.28424,3.21613
2011-10-17,,,,0.58141,1.14307,1.16209,3.29057,1.76190,1.87422,0.18475,0.68039,1.09551,3.02225,2.28262,3.23999
2011-10-18,,,,0.58862,1.14631,1.16444,3.27479,1.76013,1.87286,0.17337,0.67620,1.10911,3.01670,2.28220,3.24614
2011-10-19,,,,0.57725,1.13966,1.15953,3.23493,1.75564,1.86942,0.15870,0.67048,1.12802,2.97659,2.27917,3.29074
2011-10-20,,,,0.57441,1.13794,1.15827,3.19243,1.75081,1.86571,0.16864,0.67468,1.11379,2.94607,2.27683,3.32561
2011-10-21,,,,0.58161,1.14231,1.16153,3.22784,1.75488,1.86884,0.18395,0.68081,1.09341,2.97691,2.27922,3.28964
2011-10-24,,,,0.59369,1.15008,1.16741,3.25820,1.75834,1.87150,0.18058,0.67956,1.09746,3.03562,2.28371,3.22252
2011-10-25,,,,0.58202,1.14137,1.16084,3.35067,1.76881,1.87952,0.20055,0.68707,1.07301,3.05438,2.28513,3.20317
2011-10-26,,,,0.58131,1.14083,1.16043,3.38729,1.77285,1.88260,0.19880,0.68648,1.07489,3.02387,2.28285,3.23255
2011-10-27,,,,0.59735,1.15323,1.16990,3.43080,1.77789,1.88694,0.21797,0.69310,1.05359,3.09827,2.28846,3.15991
2011-10-28,,,,0.59826,1.15396,1.17043,3.43221,1.77805,1.88707,0.22758,0.69615,1.04403,3.09865,2.28849,3.15955
2011-10-31,,,,0.58821,1.14441,1.16317,3.38608,1.76775,1.87788,0.23370,0.69802,1.03812,3.06997,2.28638,3.17918
2011-11-01,,,,0.57288,1.12968,1.15198,3.38689,1.76792,1.87802,0.22696,0.69601,1.04458,3.02385,2.28294,3.21034
2011-11-02,,,,0.57776,1.13443,1.15560,3.42088,1.77678,1.88613,0.23303,0.69788,1.03837,3.03060,2.28345,3.20567
2011-11-03,,,,0.58973,1.14604,1.16445,3.47471,1.79211,1.90038,0.22677,0.69600,1.04473,3.07084,2.28649,3.17789
2011-11-04,,,,0.58669,1.14312,1.16223,3.45710,1.78641,1.89506,0.22332,0.69494,1.04845,3.07008,2.28643,3.17839
2011-11-07,,,,0.59085,1.14712,1.16527,3.54067,1.81591,1.92305,0.21599,0.69266,1.05672,3.07406,2.28673,3.17575
2011-11-08,,,,0.59765,1.15364,1.17022,3.51133,1.80460,1.91262,0.21877,0.69355,1.05335,3.09526,2.28830,3.16194
2011-11-09,,,,0.57664,1.13362,1.15503,3.48179,1.79218,1.90104,0.20897,0.69044,1.06520,3.05355,2.28522,3.18703
2011-11-10,,,,0.57633,1.13332,1.15481,3.46297,1.78395,1.89327,0.20447,0.68896,1.07119,3.04268,2.28441,3.19371
2011-11-11,,,,0.58719,1.14387,1.16284,3.52003,1.80928,1.91756,0.21958,0.69405,1.04972,3.05872,2.28561,3.18380
2011-11-14,,,,0.58354,1.14035,1.16017,3.50465,1.80226,1.91081,0.15920,0.67497,1.12800,3.03730,2.28401,3.19693
2011-11-15,,,,0.59004,1.14662,1.16494,3.50789,1.80376,1.91226,0.16622,0.67794,1.11517,3.05891,2.28564,3.18354
2011-11-16,,,,0.58029,1.13727,1.15784,3.47046,1.78643,1.89387,0.18228,0.68450,1.08741,3.06398,2.28602,3.18043
2011-11-17,,,,0.56669,1.12409,1.14780,3.38122,1.74509,1.84998,0.16313,0.67730,1.11686,2.98758,2.28032,3.22714
2011-11-18,,,,0.56233,1.12009,1.14476,3.39174,1.74998,1.85514,0.15067,0.67213,1.13884,2.97593,2.27943,3.23455
2011-11-21,,,,0.55157,1.11197,1.13846,3.30838,1.71119,1.81539,0.16318,0.67771,1.11447,2.93865,2.27658,3.25826
2011-11-22,,,,0.55340,1.11288,1.13917,3.34500,1.72643,1.82957,0.16623,0.67898,1.10911,2.96444,2.27858,3.23873
2011-11-23,,,,0.54091,1.10852,1.13569,3.33529,1.72272,1.82611,0.16679,0.67921,1.10814,2.92520,2.27556,3.26968
2011-11-24,,,,,,,,,,0.17456,0.68237,1.09476,,,
2011-11-25,,,,0.53675,1.10767,1.13535,3.30635,1.71252,1.81637,0.17866,0.68398,1.08806,2.91100,2.27446,3.28253
2011-11-28,,,,0.55543,1.11152,1.13276,3.37171,1.73312,1.83638,0.18189,0.68521,1.08293,2.93742,2.27653,3.25423
2011-11-29,,,,0.55197,1.11083,1.13323,3.37677,1.73463,1.83781,0.19738,0.69105,1.05887,2.96583,2.27873,3.22376
2011-11-30,,,,0.57238,1.11494,1.13045,3.44253,1.75426,1.85640,0.21229,0.69627,1.03800,3.00185,2.28150,3.18586
2011-12-01,,,,0.57633,1.11571,1.12993,3.43242,1.75126,1.85357,0.22063,0.69901,1.02746,2.99645,2.28109,3.19142
2011-12-02,,,,0.57471,1.11540,1.13014,3.43626,1.75240,1.85465,0.22191,0.69941,1.02597,3.00450,2.28170,3.18312
2011-12-05,,,,0.58100,1.11662,1.12940,3.38567,1.73741,1.84047,0.20576,0.69432,1.04473,2.98842,2.28048,3.19962
2011-12-06,,,,0.57938,1.11631,1.12941,3.40308,1.74260,1.84538,0.21654,0.69796,1.03098,2.99535,2.28101,3.19244
2011-12-07,,,,0.57938,1.11631,1.12939,3.42776,1.74995,1.85233,0.21369,0.69704,1.03439,2.97001,2.27909,3.21858
2011-12-08,,,,0.56964,1.11443,1.12834,3.35856,1.72942,1.83292,0.21414,0.69719,1.03384,2.94681,2.27731,3.24293
2011-12-09,,,,0.57877,1.11622,1.12934,3.36706,1.73196,1.83532,0.21156,0.69635,1.03697,2.93664,2.27652,3.25368
2011-12-12,,,,0.57227,1.11497,1.12850,3.27782,1.70523,1.81002,0.22813,0.70180,1.01657,2.89113,2.27299,3.30501
2011-12-13,,,,0.56598,1.11374,1.12768,3.20619,1.68607,1.79159,0.23198,0.70299,1.01227,2.90911,2.27441,3.28227
2011-12-14,,,,0.55715,1.11200,1.12652,3.09369,1.66471,1.77139,0.22582,0.70112,1.01896,2.80411,2.26620,3.41974
2011-12-15,,,,0.55563,1.11170,1.12632,3.08236,1.66389,1.77055,0.22926,0.70219,1.01509,2.79864,2.26576,3.42746
2011-12-16,,,,0.55849,1.11227,1.12670,3.14104,1.66705,1.76903,0.22969,0.70232,1.01462,2.81388,2.26699,3.40542
2011-12-19,,,,0.55299,1.11118,1.12595,3.13375,1.66667,1.76941,0.25236,0.70925,0.98968,2.81915,2.26742,3.39715
2011-12-20,,,,0.56938,1.11447,1.12681,3.17645,1.66894,1.76522,0.28290,0.71784,0.96321,2.86653,2.27123,3.31916
2011-12-21,,,,0.56124,1.11288,1.12639,3.18009,1.66913,1.76484,0.27835,0.71668,0.96599,2.88315,2.27255,3.29288
2011-12-22,,,,0.56602,1.11383,1.12664,3.15743,1.66794,1.76729,0.27936,0.71694,0.96538,2.89766,2.27369,3.27023
2011-12-23,,,,0.57091,1.11479,1.12689,3.16289,1.66823,1.76657,0.28186,0.71758,0.96396,2.89997,2.27387,3.26668
2011-12-26,,,,,,,,,,0.28624,0.71870,0.96162,,,
2011-12-27,,,,0.57304,1.11520,1.12700,3.13456,1.66674,1.77056,0.29313,0.72043,0.95818,2.91911,2.27538,3.23719
2011-12-28,,,,0.56641,1.11392,1.12667,3.05605,1.66256,1.78385,0.30114,0.72240,0.95457,2.88964,2.27308,3.28105
2011-12-29,,,,0.57049,1.11472,1.12688,3.04209,1.66181,1.78686,0.29871,0.72181,0.95554,2.87492,2.27192,3.30349
2011-12-30,,,,0.56886,1.11440,1.12680,3.07548,1.66363,1.77730,0.30853,0.72419,0.95183,2.88934,2.27306,3.28125
2012-01-02,,,,,,,,,,0.37254,0.73921,0.93134,,,
2012-01-03,,,,0.57976,1.11654,1.12735,3.15500,1.66793,1.75385,0.34860,0.73447,0.93432,2.96079,2.27869,3.17190
2012-01-04,,,,0.58221,1.11701,1.12747,3.17098,1.66878,1.74932,0.39979,0.74525,0.92884,2.96769,2.27922,3.16399
2012-01-05,,,,0.58700,1.11789,1.12822,3.19263,1.66992,1.74320,0.49200,0.76244,0.92511,2.92334,2.27581,3.21103
2012-01-06,,,,0.58904,1.11851,1.12878,3.18090,1.66931,1.74628,0.47836,0.76030,0.92495,2.92775,2.27616,3.20641
2012-01-09,,,,0.58710,1.11760,1.12794,3.16673,1.66857,1.74988,0.45010,0.75316,0.92371,2.93872,2.27701,3.19496
2012-01-10,,,,0.59138,1.11991,1.13009,3.21004,1.67085,1.73882,0.46727,0.75980,0.92486,2.96193,2.27881,3.17081
2012-01-11,,,,0.59260,1.12068,1.13082,3.23088,1.67193,1.73430,0.49309,0.77184,0.92698,2.94052,2.27717,3.19142
2012-01-12,,,,0.59494,1.12242,1.13250,3.24524,1.67268,1.73163,0.48481,0.76736,0.92619,2.90841,2.27468,3.22270
2012-01-13,,,,0.59280,1.12055,1.13065,3.22258,1.67151,1.73500,0.46197,0.75275,0.92356,2.88578,2.27292,3.24519
2012-01-16,,,,,,,,,,0.48067,0.76614,0.92602,,,
2012-01-17,,,,0.59820,1.12557,1.13569,3.24767,1.67282,1.73155,0.40079,0.70824,0.91533,2.90581,2.27450,3.22500
2012-01-18,,,,0.60615,1.13368,1.14394,3.26993,1.67396,1.72910,0.42231,0.72553,0.91874,2.89903,2.27397,3.23175
2012-01-19,,,,0.60992,1.13798,1.14832,3.26224,1.67357,1.72962,0.45204,0.74877,0.92324,2.90797,2.27467,3.22283
2012-01-20,,,,0.60901,1.13673,1.14701,3.27944,1.67446,1.72872,0.46534,0.75879,0.92513,2.90092,2.27413,3.22982
2012-01-23,,,,0.60921,1.13699,1.14728,3.30150,1.67559,1.72824,0.45628,0.75207,0.92388,2.94791,2.27781,3.18215
2012-01-24,,,,0.60809,1.13521,1.14536,3.27823,1.67441,1.72777,0.44909,0.74668,0.92287,2.95729,2.27854,3.17293
2012-01-25,,,,0.61573,1.14773,1.15904,3.36746,1.67892,1.73101,0.41588,0.72157,0.91813,2.99047,2.28110,3.14035
2012-01-26,,,,0.61359,1.14415,1.15495,3.38466,1.68019,1.73230,0.38416,0.69653,0.91326,3.00389,2.28213,3.12874
2012-01-27,,,,0.61542,1.14722,1.15860,3.41906,1.68462,1.73690,0.37957,0.69275,0.91251,3.01147,2.28271,3.12292
2012-01-30,,,,0.61593,1.14808,1.15966,3.40004,1.68099,1.73307,0.39391,0.70464,0.91490,2.97926,2.28027,3.14407
2012-01-31,,,,0.61675,1.14945,1.16149,3.42594,1.68678,1.73923,0.39640,0.70646,0.91528,2.96081,2.27886,3.15564
2012-02-01,,,,0.62174,1.15782,1.17355,3.43100,1.68807,1.74062,0.43483,0.73273,0.92072,2.96420,2.27913,3.15351
2012-02-02,,,,0.62368,1.16107,1.17846,3.46115,1.69724,1.75076,0.43657,0.73384,0.92094,2.96694,2.27935,3.15179
2012-02-03,,,,0.63224,1.17541,1.20199,3.39215,1.67322,1.72374,0.42598,0.72711,0.91961,2.98935,2.28108,3.13768
2012-02-06,,,,0.63173,1.17455,1.20046,3.38284,1.66996,1.72008,0.39242,0.70544,0.91527,2.99553,2.28155,3.13380
2012-02-07,,,,0.63305,1.17677,1.20446,3.43383,1.68783,1.74015,0.40526,0.71416,0.91706,2.99962,2.28187,3.13134
2012-02-08,,,,0.63641,1.18240,1.21549,3.40955,1.67936,1.73063,0.40214,0.71218,0.91665,2.99645,2.28164,3.13308
2012-02-09,,,,0.64100,1.19006,1.23152,3.39984,1.67597,1.72681,0.41769,0.72166,0.91871,3.00997,2.28267,3.12578
2012-02-10,,,,0.63652,1.18257,1.21492,3.38203,1.66973,1.71981,0.42500,0.72596,0.91964,2.97590,2.28010,3.14223
2012-02-13,,,,0.64243,1.19246,1.23666,3.38952,1.67236,1.72276,0.38281,0.70139,0.91434,2.98404,2.28073,3.13825
2012-02-14,,,,0.64406,1.19518,1.24284,3.38163,1.66960,1.71966,0.32092,0.66556,0.90644,2.97658,2.28017,3.14192
2012-02-15,,,,0.63957,1.18769,1.22494,3.40166,1.67662,1.72755,0.30960,0.66114,0.90550,2.97216,2.27984,3.14411
2012-02-16,,,,0.64834,1.20234,1.25984,3.39943,1.67585,1.72666,0.30457,0.66007,0.90539,2.98259,2.28065,3.13900
2012-02-17,,,,0.64630,1.19894,1.25158,3.38628,1.67124,1.72142,0.31432,0.66219,0.90501,2.99382,2.28152,3.13353
2012-02-20,,,,,,,,,,0.31243,0.66179,0.90515,,,
2012-02-21,,,,0.64813,1.20200,1.25903,3.46054,1.69727,1.75112,0.30885,0.66103,0.90554,3.03416,2.28460,3.11383
2012-02-22,,,,0.64518,1.19707,1.24649,3.49939,1.71078,1.76655,0.31631,0.66263,0.90444,3.04593,2.28549,3.10887
2012-02-23,,,,0.64946,1.20421,1.26473,3.50101,1.71130,1.76714,0.36070,0.67193,0.89733,3.05202,2.28595,3.10697
2012-02-24,,,,0.65170,1.20795,1.27435,3.48503,1.70478,1.75947,0.35971,0.67175,0.89748,3.06772,2.28714,3.10394
2012-02-27,,,,0.65261,1.20949,1.27833,3.47430,1.70017,1.75397,0.35447,0.67078,0.89821,3.06144,2.28668,3.10425
2012-02-28,,,,0.65924,1.22053,1.30728,3.51052,1.71613,1.77322,0.34766,0.66949,0.89918,3.05473,2.28619,3.10413
2012-02-29,,,,0.65628,1.21561,1.29399,3.32436,1.63408,1.66866,0.34876,0.66970,0.89902,3.04074,2.28515,3.10339
2012-03-01,,,,0.66148,1.22427,1.31740,3.37131,1.65100,1.68281,0.35229,0.67038,0.89852,3.05151,2.28596,3.10394
2012-03-02,,,,0.66097,1.22342,1.31503,3.36584,1.64919,1.68130,0.33746,0.66756,0.90064,3.03369,2.28463,3.10261
2012-03-05,,,,0.65414,1.21205,1.28331,3.35188,1.64491,1.67764,0.35661,0.67135,0.89778,3.00685,2.28262,3.10058
2012-03-06,,,,0.64772,1.20135,1.25389,3.29219,1.62801,1.66282,0.35700,0.67143,0.89773,2.95699,2.27884,3.09677
2012-03-07,,,,0.65272,1.20968,1.27646,3.31101,1.63242,1.66668,0.35423,0.67091,0.89812,2.95171,2.27844,3.09613
2012-03-08,,,,0.65975,1.22141,1.30856,3.34439,1.63931,1.67281,0.35322,0.67072,0.89827,2.96238,2.27927,3.09500
2012-03-09,,,,0.66250,1.22599,1.32129,3.36665,1.64365,1.67670,0.34873,0.66987,0.89890,2.98661,2.28114,3.09024
2012-03-12,,,,0.66280,1.22650,1.32271,3.34015,1.63850,1.67209,0.35149,0.67040,0.89851,2.97590,2.28033,3.09245
2012-03-13,,,,0.67513,1.24704,1.38016,3.28410,1.62783,1.66223,0.37869,0.67559,0.89469,2.99866,2.28208,3.08661
2012-03-14,,,,0.67748,1.25093,1.39134,3.22885,1.61906,1.65412,0.38583,0.67687,0.89395,2.97091,2.27998,3.09366
2012-03-15,,,,0.67941,1.25415,1.40056,3.25941,1.62226,1.65707,0.38227,0.67624,0.89423,2.99036,2.28148,3.08815
2012-03-16,,,,0.67893,1.25335,1.39813,3.26386,1.62258,1.65737,0.38218,0.67623,0.89423,3.00366,2.28250,3.08443
2012-03-19,,,,0.68373,1.26132,1.42238,3.26973,1.62291,1.65767,0.33487,0.66786,0.89679,3.00885,2.28290,3.08299
2012-03-20,,,,0.68495,1.26336,1.42864,3.24019,1.62145,1.65636,0.34576,0.67004,0.89612,2.96475,2.27956,3.09531
2012-03-21,,,,0.68506,1.26353,1.42916,3.24180,1.62153,1.65637,0.34479,0.66985,0.89618,2.96534,2.27961,3.09512
2012-03-22,,,,0.68363,1.26116,1.42181,3.22885,1.62089,1.65633,0.33852,0.66863,0.89656,2.93618,2.27738,3.10404
2012-03-23,,,,0.68322,1.26048,1.41972,3.26851,1.62288,1.65542,0.33580,0.66810,0.89673,2.95921,2.27917,3.09418
2012-03-26,,,,0.69516,1.28031,1.48090,3.32659,1.62577,1.65410,0.33158,0.66726,0.89699,2.96766,2.27983,3.09043
2012-03-27,,,,0.69618,1.28200,1.48625,3.30312,1.62463,1.65463,0.34437,0.66984,0.89604,2.95804,2.27910,3.09477
2012-03-28,,,,0.69343,1.27743,1.47172,3.26811,1.62291,1.65543,0.34288,0.66955,0.89615,2.92162,2.27630,3.11290
2012-03-29,,,,0.69077,1.27303,1.45775,3.26346,1.62269,1.65554,0.34313,0.66960,0.89613,2.87471,2.27265,3.14069
2012-03-30,,,,0.68945,1.27083,1.45079,3.28045,1.62354,1.65516,0.34795,0.67054,0.89579,2.91495,2.27584,3.11044
2012-04-02,,,,0.69659,1.28269,1.48813,3.29705,1.62436,1.65478,0.35666,0.67222,0.89517,2.95325,2.27883,3.08233
2012-04-03,,,,0.69639,1.28235,1.48703,3.23533,1.62133,1.65619,0.35474,0.67186,0.89530,2.94984,2.27858,3.08479
2012-04-04,,,,0.68689,1.26662,1.43636,3.18110,1.61861,1.65742,0.35199,0.67134,0.89550,2.89346,2.27423,3.12539
2012-04-05,,,,0.69118,1.27373,1.45876,3.20336,1.61975,1.65652,0.35221,0.67139,0.89549,2.91010,2.27554,3.11304
2012-04-06,,,,,,,,,,0.35423,0.67177,0.89535,,,
2012-04-09,,,,0.68598,1.26510,1.43129,3.22481,1.62084,1.65514,0.34732,0.67047,0.89583,2.89982,2.27475,3.12062
2012-04-10,,,,0.67495,1.24681,1.37371,3.25981,1.62260,1.65262,0.34652,0.67031,0.89589,2.86323,2.27188,3.14763
2012-04-11,,,,0.67822,1.25224,1.38954,3.25921,1.62258,1.65267,0.35181,0.67134,0.89552,2.86824,2.27229,3.14331
2012-04-12,,,,0.68598,1.26513,1.42660,3.29219,1.62423,1.65033,0.35080,0.67115,0.89559,2.90376,2.27511,3.11015
2012-04-13,,,,0.67557,1.24785,1.37806,3.25476,1.62239,1.65297,0.35318,0.67161,0.89543,2.86491,2.27207,3.14564
2012-04-16,,,,0.66801,1.23529,1.34731,3.24686,1.62200,1.65354,0.35435,0.67183,0.89535,2.83988,2.27009,3.16898
2012-04-17,,,,0.68159,1.25788,1.39760,3.24261,1.62179,1.65385,0.35564,0.67208,0.89526,2.84432,2.27046,3.16427
2012-04-18,,,,0.67985,1.25500,1.39198,3.22359,1.62084,1.65522,0.36677,0.67418,0.89449,2.81780,2.26834,3.19402
2012-04-19,,,,0.67220,1.24228,1.36720,3.22602,1.62097,1.65505,0.36724,0.67427,0.89446,2.82510,2.26894,3.18454
2012-04-20,,,,0.67036,1.23923,1.36145,3.22825,1.62108,1.65489,0.38411,0.67737,0.89333,2.83903,2.27006,3.16544
2012-04-23,,,,0.66424,1.22904,1.34252,3.21874,1.62061,1.65556,0.36581,0.67414,0.89440,2.83309,2.26960,3.17356
2012-04-24,,,,0.66066,1.22309,1.33209,3.22339,1.62085,1.65517,0.36416,0.67384,0.89450,2.83779,2.26998,3.16661
2012-04-25,,,,0.67822,1.25234,1.38065,3.22987,1.62118,1.65458,0.36852,0.67465,0.89424,2.85144,2.27108,3.14600
2012-04-26,,,,0.68220,1.25896,1.38956,3.25840,1.62262,1.65192,0.36485,0.67398,0.89445,2.86700,2.27232,3.12276
2012-04-27,,,,0.68628,1.26574,1.39871,3.26548,1.62298,1.65127,0.36474,0.67396,0.89446,2.88909,2.27408,3.09017
2012-04-30,,,,0.68138,1.25761,1.38773,3.27560,1.62349,1.65034,0.35373,0.67193,0.89508,2.90260,2.27515,3.07061
2012-05-01,,,,0.68251,1.25947,1.39024,3.26427,1.62293,1.65139,0.35695,0.67255,0.89490,2.90752,2.27555,3.06351
2012-05-02,,,,0.68444,1.26269,1.39458,3.24949,1.62220,1.65276,0.36170,0.67344,0.89463,2.85977,2.27182,3.12806
2012-05-03,,,,0.67720,1.25066,1.37740,3.21671,1.62057,1.65581,0.36638,0.67432,0.89437,2.84288,2.27048,3.14995
2012-05-04,,,,0.66036,1.22267,1.33747,3.22683,1.62108,1.65487,0.36399,0.67388,0.89450,2.81728,2.26844,3.18354
2012-05-07,,,,0.66097,1.22369,1.33875,3.21894,1.62069,1.65561,0.36271,0.67364,0.89458,2.82090,2.26874,3.17870
2012-05-08,,,,0.65852,1.21961,1.33371,3.15662,1.61756,1.66142,0.35955,0.67306,0.89476,2.79958,2.26704,3.20728
2012-05-09,,,,0.65648,1.21617,1.32972,3.12566,1.61598,1.66509,0.36083,0.67330,0.89469,2.79207,2.26643,3.21842
2012-05-10,,,,0.65515,1.21407,1.32725,3.13173,1.61630,1.66374,0.35268,0.67178,0.89515,2.79422,2.26662,3.21464
2012-05-11,,,,0.65505,1.21389,1.32705,3.10724,1.61504,1.67028,0.35528,0.67228,0.89501,2.76838,2.26453,3.26128
2012-05-14,,,,0.64893,1.20550,1.31681,3.06212,1.61270,1.68610,0.35869,0.67293,0.89481,2.73484,2.26179,3.32811
2012-05-15,,,,0.64678,1.20283,1.31354,3.02995,1.61101,1.70042,0.36028,0.67323,0.89473,2.75046,2.26309,3.29324
2012-05-16,,,,0.64239,1.19798,1.30746,3.02428,1.61071,1.70354,0.36416,0.67395,0.89451,2.75951,2.26385,3.27276
2012-05-17,,,,0.62882,1.18510,1.29107,3.09187,1.61432,1.65648,0.36429,0.67398,0.89451,2.77445,2.26508,3.23825
2012-05-18,,,,0.62065,1.17976,1.28462,3.12728,1.61617,1.63471,0.36634,0.67436,0.89440,2.79404,2.26669,3.19373
2012-05-21,,,,0.63801,1.18554,1.29160,3.12930,1.61628,1.63361,0.36462,0.67405,0.89449,2.78832,2.26623,3.20652
2012-05-22,,,,0.63729,1.18534,1.29139,3.07730,1.61360,1.66175,0.36425,0.67398,0.89452,2.76215,2.26411,3.26519
2012-05-23,,,,0.63852,1.18562,1.29169,3.06799,1.61312,1.66695,0.36710,0.67451,0.89436,2.71924,2.26060,3.36406
2012-05-24,,,,0.63433,1.18474,1.29072,3.06374,1.61290,1.66935,0.36640,0.67438,0.89440,2.71990,2.26066,3.36240
2012-05-25,,,,0.63351,1.18460,1.29057,3.08944,1.61426,1.65491,0.36770,0.67463,0.89434,2.72451,2.26105,3.35084
2012-05-28,,,,,,,,,,0.36763,0.67462,0.89434,,,
2012-05-29,,,,0.64158,1.18611,1.29152,3.05585,1.61251,1.67349,0.36850,0.67478,0.89430,2.69407,2.25853,3.42968
2012-05-30,,,,0.63617,1.18511,1.29090,3.07386,1.61346,1.66332,0.36777,0.67464,0.89434,2.65900,2.25560,3.52793
2012-05-31,,,,0.63341,1.18460,1.29057,3.06799,1.61316,1.66661,0.37087,0.67522,0.89417,2.63754,2.25378,3.59390
2012-06-01,,,,0.61657,1.18145,1.28878,3.18697,1.61942,1.59959,0.37698,0.67633,0.89384,2.60536,2.25104,3.70411
2012-06-04,,,,0.62127,1.18236,1.28820,3.18333,1.61924,1.60075,0.37639,0.67623,0.89386,2.62051,2.25236,3.64793
2012-06-05,,,,0.62382,1.18284,1.28760,3.17968,1.61906,1.60179,0.38836,0.67838,0.89352,2.62297,2.25257,3.63889
2012-06-06,,,,0.63811,1.18556,1.28340,3.18110,1.61914,1.60138,0.38981,0.67863,0.89351,2.65928,2.25570,3.50367
2012-06-07,,,,0.63556,1.18509,1.28414,3.12626,1.61635,1.61499,0.39990,0.68039,0.89375,2.65537,2.25537,3.51756
2012-06-08,,,,0.64168,1.18623,1.28238,3.13092,1.61660,1.61382,0.40243,0.68081,0.89389,2.64630,2.25461,3.54988
2012-06-11,,,,0.63086,1.18424,1.28547,3.14367,1.61726,1.61063,0.39989,0.68024,0.89367,2.63671,2.25380,3.58444
2012-06-12,,,,0.63852,1.18568,1.28325,3.16592,1.61841,1.60507,0.40994,0.68303,0.89476,2.63383,2.25356,3.59495
2012-06-13,,,,0.63413,1.18487,1.28451,3.17928,1.61910,1.60186,0.42296,0.68748,0.89653,2.61638,2.25208,3.66001
2012-06-14,,,,0.63647,1.18531,1.28384,3.19203,1.61976,1.59904,0.42673,0.68909,0.89717,2.64688,2.25471,3.54200
2012-06-15,,,,0.64438,1.18679,1.28155,3.19385,1.61985,1.59866,0.46691,0.71018,0.90567,2.64607,2.25465,3.54505
2012-06-18,,,,0.65042,1.18790,1.28046,3.19567,1.61995,1.59833,0.45170,0.70100,0.90221,2.67354,2.25700,3.44327
2012-06-19,,,,0.65717,1.18914,1.28022,3.18009,1.61917,1.60081,0.46486,0.71045,0.90572,2.70070,2.25930,3.34602
2012-06-20,,,,0.65768,1.18920,1.28025,3.15601,1.61795,1.60460,0.47909,0.72185,0.90996,2.67939,2.25752,3.41208
2012-06-21,,,,0.64131,1.18449,1.27505,3.07608,1.61385,1.61727,0.47756,0.72046,0.90945,2.62650,2.25307,3.57661
2012-06-22,,,,0.64806,1.18648,1.27725,3.08863,1.61452,1.61522,0.46980,0.71268,0.90654,2.63553,2.25386,3.54955
2012-06-25,,,,0.63558,1.18284,1.27323,3.11129,1.61571,1.61153,0.45217,0.69388,0.89946,2.68260,2.25789,3.40942
2012-06-26,,,,0.63957,1.18403,1.27454,3.08822,1.61451,1.61522,0.46043,0.70279,0.90288,2.69644,2.25906,3.37627
2012-06-27,,,,0.64346,1.18518,1.27581,3.09247,1.61474,1.61437,0.47352,0.71684,0.90823,2.71174,2.26035,3.34120
2012-06-28,,,,0.63630,1.18308,1.27350,3.05645,1.61287,1.62214,0.47168,0.71488,0.90749,2.68130,2.25782,3.40669
2012-06-29,,,,0.65635,1.18903,1.28006,3.14023,1.61729,1.60007,0.47660,0.72024,0.90952,2.78244,2.26635,3.18736
2012-07-02,,,,0.65829,1.18959,1.28068,3.13820,1.61719,1.60059,0.48266,0.72702,0.91210,2.78766,2.26678,3.18163
2012-07-03,,,,0.66382,1.19114,1.28241,3.18616,1.61967,1.58839,0.46166,0.70286,0.90283,2.86245,2.27287,3.10833
2012-07-04,,,,,,,,,,0.46630,0.70825,0.90496,,,
2012-07-05,,,,0.66423,1.19127,1.28254,3.15014,1.61784,1.59578,0.47543,0.71884,0.90910,2.87844,2.27414,3.09801
2012-07-06,,,,0.65594,1.18682,1.27807,3.11028,1.61580,1.60367,0.47756,0.72130,0.91005,2.81255,2.26895,3.12968
2012-07-09,,,,0.65471,1.18613,1.27737,3.11696,1.61615,1.60233,0.50334,0.75104,0.92153,2.86918,2.27352,3.10641
2012-07-10,,,,0.64827,1.18242,1.27358,3.07871,1.61418,1.61001,0.51380,0.76296,0.92601,2.82520,2.27004,3.11899
2012-07-11,,,,0.64469,1.18034,1.27145,3.09571,1.61507,1.60655,0.51427,0.76348,0.92621,2.84321,2.27150,3.11426
2012-07-12,,,,0.63865,1.17683,1.26786,3.08762,1.61466,1.60820,0.54081,0.79561,0.93807,2.85189,2.27220,3.11229
2012-07-13,,,,0.64837,1.18253,1.27369,3.11898,1.61630,1.60183,0.54618,0.80213,0.94037,2.88365,2.27474,3.10634
2012-07-16,,,,0.64653,1.18147,1.27260,3.12040,1.61638,1.60156,0.60791,0.88364,0.96926,2.91185,2.27697,3.10304
2012-07-17,,,,0.64991,1.18343,1.27461,3.10542,1.61561,1.60457,0.62642,0.90783,0.97700,2.90641,2.27655,3.10308
2012-07-18,,,,0.65870,1.18853,1.27983,3.09692,1.61517,1.60629,0.65098,0.93987,0.98705,2.94549,2.27959,3.10460
2012-07-19,,,,0.66597,1.19270,1.28409,3.10360,1.61553,1.60494,0.63555,0.91981,0.98076,2.99673,2.28462,3.11149
2012-07-20,,,,0.65717,1.18769,1.27893,3.10947,1.61584,1.60377,0.61071,0.88746,0.96968,3.00391,2.28587,3.11319
2012-07-23,,,,0.64919,1.18311,1.27407,3.09652,1.61517,1.60636,0.61062,0.88734,0.96964,2.95227,2.27153,3.09319
2012-07-24,,,,0.64408,1.18015,1.27092,3.10643,1.61569,1.60426,0.61372,0.89140,0.97112,2.92013,2.26225,3.08060
2012-07-25,,,,0.63978,1.17765,1.26827,3.14994,1.61796,1.59496,0.62766,0.90962,0.97799,2.93695,2.26715,3.08724
2012-07-26,,,,0.64827,1.18262,1.27355,3.17220,1.61911,1.59030,0.63528,0.91956,0.98177,2.92642,2.26410,3.08311
2012-07-27,,,,0.66361,1.19153,1.28301,3.18778,1.61991,1.58704,0.63640,0.92102,0.98234,2.94815,2.27042,3.09165
2012-07-30,,,,0.66310,1.19124,1.28270,3.18555,1.61981,1.58740,0.65049,0.93937,0.98982,2.99223,2.28313,3.10965
2012-07-31,,,,0.66290,1.19113,1.28258,3.16653,1.61885,1.59020,0.66715,0.96102,0.99878,2.96241,2.27345,3.09591
2012-08-01,,,,0.66095,1.18999,1.28135,3.13921,1.61746,1.59390,0.68483,0.98394,1.00843,2.94619,2.26802,3.08821
2012-08-02,,,,0.65860,1.18851,1.27971,3.11878,1.61641,1.59670,0.75519,1.07492,1.04764,2.89191,2.24978,3.06238
2012-08-03,,,,0.67108,1.19662,1.28879,3.14751,1.61790,1.59275,0.78130,1.10837,1.06063,2.93685,2.26505,3.08400
2012-08-06,,,,0.67620,1.20024,1.29273,3.16269,1.61869,1.59069,0.77798,1.10413,1.05902,2.93874,2.26569,3.08491
2012-08-07,,,,0.68182,1.20500,1.29798,3.16228,1.61867,1.59075,0.78312,1.11070,1.06153,2.95191,2.27013,3.09120
2012-08-08,,,,0.68152,1.20464,1.29757,3.16633,1.61889,1.59021,0.79236,1.12250,1.06634,2.95888,2.27247,3.09451
2012-08-09,,,,0.68356,1.20694,1.30019,3.17665,1.61942,1.58884,0.79474,1.12554,1.06763,2.97422,2.27762,3.10181
2012-08-10,,,,0.68397,1.20743,1.30074,3.18049,1.61962,1.58839,0.81935,1.15691,1.08149,2.94261,2.26706,3.08684
2012-08-13,,,,0.68561,1.20965,1.30338,3.15641,1.61840,1.59058,0.85782,1.20579,1.10337,2.91076,2.25635,3.07167
2012-08-14,,,,0.68592,1.21008,1.30388,3.13901,1.61752,1.59217,0.87229,1.22409,1.11140,2.91468,2.25768,3.07356
2012-08-15,,,,0.68765,1.21281,1.30722,3.14913,1.61804,1.59125,0.94264,1.31295,1.15188,2.92362,2.26071,3.07785
2012-08-16,,,,0.69584,1.22580,1.32432,3.16795,1.61902,1.58954,0.96273,1.33814,1.16297,2.93279,2.26381,3.08224
2012-08-17,,,,0.69891,1.23066,1.33105,3.17119,1.61919,1.58925,0.86441,1.21514,1.10931,2.94090,2.26655,3.08612
2012-08-20,,,,0.69993,1.23228,1.33348,3.18211,1.61975,1.58826,0.71430,1.02523,1.03164,2.96087,2.27327,3.09564
2012-08-21,,,,0.69717,1.22791,1.32605,3.21388,1.62137,1.58552,0.70880,1.01812,1.02939,2.99666,2.28528,3.11265
2012-08-22,,,,0.70003,1.23245,1.33396,3.24848,1.62313,1.58436,0.69947,1.00606,1.02575,3.00266,2.28728,3.11540
2012-08-23,,,,0.69430,1.22337,1.31702,3.27580,1.62443,1.58543,0.72209,1.03534,1.03429,2.99977,2.28629,3.11378
2012-08-24,,,,0.69860,1.23019,1.32965,3.27742,1.62450,1.58552,0.75826,1.08202,1.04681,2.98704,2.28181,3.10612
2012-08-27,,,,0.69973,1.23197,1.33296,3.26507,1.62273,1.58300,0.78019,1.11018,1.05373,2.97336,2.27679,3.09747
2012-08-28,,,,0.69973,1.23197,1.33291,3.27074,1.62365,1.58431,0.78252,1.11317,1.05445,2.96756,2.27466,3.09379
2012-08-29,,,,0.69973,1.23197,1.33288,3.24949,1.61954,1.57848,0.77786,1.10720,1.05302,2.98441,2.28087,3.10448
2012-08-30,,,,0.69267,1.22079,1.30954,3.24808,1.61926,1.57809,0.76783,1.09436,1.04992,2.98055,2.27946,3.10194
2012-08-31,,,,0.69727,1.22809,1.32464,3.32295,1.63411,1.59912,0.72308,1.03695,1.03596,3.00088,2.28691,3.11557
2012-09-03,,,,,,,,,,0.75133,1.07341,1.04520,,,
2012-09-04,,,,0.69655,1.22695,1.32228,3.32821,1.63517,1.60048,0.74180,1.06116,1.04217,3.01197,2.29114,3.12341
2012-09-05,,,,0.69584,1.22582,1.31991,3.32477,1.63422,1.59922,0.78915,1.12212,1.05736,2.99321,2.28331,3.10860
2012-09-06,,,,0.71129,1.25031,1.37072,3.33650,1.63763,1.60373,0.79883,1.13451,1.06021,3.00023,2.28625,3.11411
2012-09-07,,,,0.71026,1.24869,1.36744,3.40834,1.66118,1.63574,0.79277,1.12676,1.05845,3.02628,2.29737,3.13556
2012-09-10,,,,0.70116,1.23429,1.33837,3.38507,1.65294,1.62533,0.79629,1.13126,1.05948,3.03810,2.30267,3.14579
2012-09-11,,,,0.70003,1.23251,1.33484,3.39741,1.65763,1.63116,0.80651,1.14433,1.06247,3.05529,2.31114,3.16245
2012-09-12,,,,0.70208,1.23575,1.34124,3.39781,1.65778,1.63129,0.80989,1.14865,1.06345,3.07217,2.32030,3.18076
2012-09-13,,,,0.71159,1.25082,1.37107,3.46641,1.68790,1.67175,0.81454,1.15459,1.06479,3.09300,2.33276,3.20596
2012-09-14,,,,0.71793,1.26085,1.39113,3.47633,1.69225,1.67752,0.83958,1.18653,1.07218,3.12400,2.35324,3.24730
2012-09-17,,,,0.71824,1.26134,1.39210,3.44800,1.67984,1.65895,0.85233,1.20275,1.07593,3.05590,2.30708,3.14490
2012-09-18,,,,0.71886,1.26231,1.39399,3.47471,1.69155,1.67662,0.87748,1.23469,1.08363,3.02969,2.28927,3.10914
2012-09-19,,,,0.72019,1.26441,1.39836,3.47511,1.69173,1.67683,0.89503,1.25692,1.08909,3.02174,2.28387,3.09890
2012-09-20,,,,0.71947,1.26328,1.39576,3.46965,1.68933,1.67267,0.88517,1.24446,1.08588,3.00671,2.27361,3.08010
2012-09-21,,,,0.71967,1.26361,1.39650,3.47956,1.69368,1.68038,0.88278,1.24143,1.08504,3.03448,2.29196,3.11274
2012-09-24,,,,0.71547,1.25696,1.38078,3.46115,1.68561,1.66505,0.86702,1.22149,1.07929,3.00721,2.27445,3.08150
2012-09-25,,,,0.70541,1.24106,1.34341,3.45548,1.68313,1.66024,0.87195,1.22774,1.08116,3.01881,2.28137,3.09379
2012-09-26,,,,0.69967,1.23197,1.32227,3.43606,1.67462,1.64346,0.88178,1.24020,1.08496,2.99121,2.26527,3.06475
2012-09-27,,,,0.70931,1.24725,1.35535,3.48725,1.69707,1.68745,0.88171,1.24011,1.08493,3.01943,2.28026,3.09159
2012-09-28,,,,0.70346,1.23800,1.33672,3.47815,1.69308,1.67953,0.88620,1.24579,1.08674,3.05206,2.29702,3.12157
2012-10-01,,,,0.70244,1.23637,1.33359,3.48624,1.69663,1.68655,0.88676,1.24651,1.08697,3.06809,2.30523,3.13629
2012-10-02,,,,0.70449,1.23962,1.33975,3.48240,1.69495,1.68318,0.91667,1.28434,1.09964,3.06180,2.30202,3.13052
2012-10-03,,,,0.70901,1.24677,1.35332,3.48867,1.69770,1.68863,0.92728,1.29772,1.10403,3.02668,2.28406,3.09830
2012-10-04,,,,0.71147,1.25067,1.36074,3.51295,1.70833,1.71070,0.92062,1.28933,1.10120,3.05857,2.30043,3.12760
2012-10-05,,,,0.70767,1.24466,1.34926,3.49292,1.69956,1.69179,0.91273,1.27939,1.09771,3.03737,2.28959,3.10815
2012-10-08,,,,0.70121,1.23443,1.32976,3.48138,1.69451,1.68096,0.83981,1.18739,1.06439,3.02145,2.28143,3.09353
2012-10-09,,,,0.69003,1.21672,1.29666,3.45994,1.68512,1.66089,0.84663,1.19608,1.06756,3.03782,2.28984,3.10857
2012-10-10,,,,0.68654,1.21118,1.28815,3.45690,1.68379,1.65807,0.86671,1.22161,1.07661,3.02320,2.28235,3.09515
2012-10-11,,,,0.68438,1.20772,1.28331,3.46661,1.68805,1.66708,0.86373,1.21783,1.07533,3.05762,2.30002,3.12676
2012-10-12,,,,0.68408,1.20722,1.28264,3.44112,1.67687,1.64331,0.86090,1.21424,1.07411,3.01953,2.28050,3.09173
2012-10-15,,,,0.68910,1.21389,1.29198,3.40652,1.66170,1.61153,0.85233,1.20336,1.07041,2.98804,2.26515,3.06442
2012-10-16,,,,0.69885,1.22603,1.30896,3.42817,1.67121,1.62973,0.84802,1.19788,1.06853,2.99345,2.26741,3.06842
2012-10-17,,,,0.69844,1.22552,1.30828,3.43059,1.67227,1.63162,0.85312,1.20437,1.07076,3.01678,2.27650,3.08473
2012-10-18,,,,0.69033,1.21553,1.29481,3.41542,1.66561,1.61979,0.85359,1.20497,1.07097,3.03447,2.28320,3.09679
2012-10-19,,,,0.67382,1.19537,1.26758,3.37859,1.64945,1.59251,0.84154,1.18965,1.06573,3.00836,2.27334,3.07903
2012-10-22,,,,0.67730,1.19857,1.27146,3.39093,1.65488,1.60072,0.84036,1.18816,1.06522,2.98280,2.26374,3.06158
2012-10-23,,,,0.67084,1.19339,1.26512,3.34743,1.63569,1.57325,0.83798,1.18513,1.06421,2.96312,2.25715,3.04963
2012-10-24,,,,0.66848,1.19186,1.26323,3.33590,1.63107,1.56699,0.83272,1.17844,1.06201,2.95532,2.25494,3.04558
2012-10-25,,,,0.66848,1.19182,1.26318,3.35937,1.63915,1.57811,0.76969,1.09815,1.03608,2.94980,2.25365,3.04319
2012-10-26,,,,0.67043,1.19247,1.26402,3.35755,1.63854,1.57728,0.72509,1.04085,1.01923,2.93913,2.25178,3.03963
2012-10-29,,,,,,,,,,0.76089,1.08334,1.03111,2.92908,2.25060,3.03726
2012-10-30,,,,,,,,,,0.77725,1.09973,1.03543,2.92316,2.25015,3.03647
2012-10-31,,,,0.66633,1.19136,1.26256,3.37576,1.64388,1.58467,0.79777,1.11895,1.04048,2.93387,2.25098,3.03646
2012-11-01,,,,0.67577,1.19305,1.26453,3.36038,1.63946,1.57854,0.75966,1.08436,1.03148,2.94092,2.25153,3.03610
2012-11-02,,,,0.66858,1.19178,1.26304,3.29017,1.62029,1.55191,0.75372,1.07912,1.03011,2.88506,2.24726,3.03988
2012-11-05,,,,0.67300,1.19257,1.26370,3.30291,1.62279,1.55507,0.76877,1.09159,1.03345,2.88227,2.24705,3.04028
2012-11-06,,,,0.67423,1.19280,1.26389,3.36503,1.63286,1.56794,0.77789,1.09876,1.03538,2.92824,2.25065,3.02425
2012-11-07,,,,0.65833,1.18999,1.26148,3.36888,1.63348,1.56866,0.78403,1.10352,1.03666,2.89789,2.24832,3.03464
2012-11-08,,,,0.64796,1.18812,1.26152,3.39923,1.63832,1.57437,0.77964,1.10013,1.03575,2.90940,2.24922,3.03067
2012-11-09,,,,0.65073,1.18863,1.26069,3.39579,1.63778,1.57373,0.77414,1.09588,1.03461,2.89383,2.24803,3.03597
2012-11-12,,,,0.65063,1.18862,1.26069,3.38830,1.63659,1.57233,0.78956,1.10786,1.03784,2.88654,2.24747,3.03882
2012-11-13,,,,0.64612,1.18780,1.26341,3.38122,1.63548,1.57101,0.78718,1.10602,1.03736,2.89733,2.24832,3.03369
2012-11-14,,,,0.63853,1.18640,1.26953,3.38203,1.63561,1.57117,0.78438,1.10387,1.03678,2.90854,2.24919,3.02817
2012-11-15,,,,0.63637,1.18601,1.27180,3.36079,1.63224,1.56719,0.79985,1.11582,1.03999,2.89084,2.24783,3.03683
2012-11-16,,,,0.63914,1.18653,1.26798,3.35654,1.63157,1.56639,0.83778,1.14485,1.04771,2.89710,2.24832,3.03352
2012-11-19,,,,0.65432,1.18935,1.24542,3.39680,1.63799,1.57397,0.84104,1.14729,1.04835,2.93326,2.25114,3.01393
2012-11-20,,,,0.65453,1.18939,1.24513,3.38709,1.63646,1.57216,0.83736,1.14454,1.04763,2.93288,2.25111,3.01414
2012-11-21,,,,0.65586,1.18964,1.24332,3.39053,1.63701,1.57279,0.83951,1.14615,1.04806,2.94157,2.25179,3.00953
2012-11-22,,,,,,,,,,0.87979,1.17632,1.05661,,,
2012-11-23,,,,0.66581,1.19144,1.23037,3.43201,1.64357,1.58100,0.87896,1.17565,1.05642,2.96151,2.25332,2.99888
2012-11-26,,,,0.66869,1.19196,1.22744,3.42837,1.64291,1.58012,0.87211,1.16987,1.05479,2.94574,2.25213,3.00598
2012-11-27,,,,0.66643,1.19156,1.22932,3.41380,1.64004,1.57630,0.87029,1.16824,1.05433,2.96053,2.25327,2.99978
2012-11-28,,,,0.67217,1.19260,1.22495,3.37009,1.63101,1.56417,0.88263,1.17960,1.05757,2.94353,2.25198,3.00539
2012-11-29,,,,0.67618,1.19331,1.22258,3.38284,1.63367,1.56773,0.89451,1.19085,1.06079,2.95082,2.25255,3.00306
2012-11-30,,,,0.67505,1.19311,1.22299,3.35998,1.62892,1.56136,0.90085,1.19700,1.06253,2.93536,2.25138,3.00739
2012-12-03,,,,0.67371,1.19288,1.22334,3.36159,1.62927,1.56182,0.90592,1.20207,1.06397,2.94715,2.25229,3.00408
2012-12-04,,,,0.67330,1.19281,1.22340,3.32699,1.62203,1.55211,0.95692,1.25487,1.07891,2.92086,2.25029,3.01118
2012-12-05,,,,0.66581,1.19149,1.22427,3.32092,1.62082,1.55051,0.95285,1.25047,1.07769,2.94386,2.25207,3.00492
2012-12-06,,,,0.67012,1.19227,1.22377,3.32861,1.62201,1.55212,0.96468,1.26401,1.08146,2.92835,2.25089,3.00913
2012-12-07,,,,0.66612,1.19156,1.22424,3.34197,1.62383,1.55461,0.96463,1.26395,1.08144,2.90890,2.24940,3.01443
2012-12-10,,,,0.66807,1.19191,1.22402,3.35492,1.62550,1.55692,0.96570,1.26522,1.08181,2.90195,2.24887,3.01635
2012-12-11,,,,0.67679,1.19347,1.22297,3.35188,1.62511,1.55638,0.97452,1.27561,1.08499,2.89054,2.24799,3.01950
2012-12-12,,,,0.67535,1.19322,1.22300,3.35431,1.62543,1.55682,0.97830,1.28007,1.08637,2.89632,2.24845,3.01788
2012-12-13,,,,0.67002,1.19228,1.22276,3.32598,1.62177,1.55176,0.98453,1.28740,1.08869,2.87025,2.24643,3.02541
2012-12-14,,,,0.66366,1.19115,1.22247,3.32113,1.62119,1.55096,0.97348,1.27440,1.08448,2.88886,2.24789,3.01774
2012-12-17,,,,0.67248,1.19274,1.22288,3.32740,1.62177,1.55177,0.95338,1.25072,1.07661,2.88734,2.24777,3.01837
2012-12-18,,,,0.68274,1.19456,1.22332,3.27964,1.61764,1.54600,0.94994,1.24666,1.07524,2.88469,2.24757,3.01957
2012-12-19,,,,0.67977,1.19404,1.22291,3.27175,1.61725,1.54543,0.96901,1.26919,1.08288,2.86853,2.24632,3.02746
2012-12-20,,,,0.67977,1.19402,1.22289,3.23209,1.61529,1.54502,0.97127,1.27185,1.08377,2.85540,2.24529,3.03478
2012-12-21,,,,0.67262,1.19224,1.22067,3.24423,1.61590,1.54398,0.96117,1.25995,1.07979,2.86270,2.24587,3.02992
2012-12-24,,,,0.67128,1.19191,1.22026,3.25010,1.61620,1.54317,0.96101,1.25975,1.07973,2.85043,2.24492,3.03846
2012-12-25,,,,,,,,,,0.95663,1.25460,1.07799,,,
2012-12-26,,,,0.66540,1.19044,1.21842,3.25334,1.61636,1.54261,0.96301,1.26213,1.08054,2.86005,2.24568,3.03098
2012-12-27,,,,0.66436,1.19018,1.21810,3.26103,1.61675,1.54119,0.95905,1.25745,1.07896,2.85984,2.24567,3.03115
2012-12-28,,,,0.65797,1.18855,1.21607,3.24848,1.61613,1.54355,0.96307,1.26220,1.08057,2.85906,2.24561,3.03175
2012-12-31,,,,0.67190,1.19170,1.22011,3.27843,1.61762,1.53724,0.96952,1.26980,1.08312,2.85880,2.24559,3.03197
2013-01-01,,,,,,,,,,0.95419,1.25173,1.07707,,,
2013-01-02,,,,0.69325,1.19644,1.22619,3.30170,1.61878,1.53241,0.95055,1.24744,1.07562,2.87153,2.24660,3.02150
2013-01-03,,,,0.68964,1.19566,1.22519,3.26184,1.61683,1.54063,0.95796,1.25619,1.07859,2.85083,2.24499,3.03843
2013-01-04,,,,0.68737,1.19509,1.22454,3.24646,1.61607,1.54386,0.96280,1.26190,1.08052,2.83135,2.24346,3.05446
2013-01-07,,,,0.68758,1.19513,1.22458,3.22602,1.61505,1.54815,0.97027,1.27071,1.08348,2.83608,2.24384,3.05008
2013-01-08,,,,0.68624,1.19457,1.22397,3.24889,1.61620,1.54299,0.98632,1.28963,1.08983,2.83510,2.24377,3.05097
2013-01-09,,,,0.68881,1.19574,1.22526,3.24747,1.61614,1.54331,0.98923,1.29305,1.09096,2.82249,2.24277,3.06354
2013-01-10,,,,0.69294,1.19788,1.22765,3.27762,1.61764,1.53643,1.01086,1.31850,1.09941,2.84602,2.24465,3.03797
2013-01-11,,,,0.69387,1.19842,1.22826,3.25900,1.61672,1.54063,1.01833,1.32728,1.10228,2.84806,2.24482,3.03580
2013-01-14,,,,0.69077,1.19627,1.22575,3.26872,1.61721,1.53843,1.02480,1.33486,1.10476,2.87010,2.24656,3.01228
2013-01-15,,,,0.68737,1.19378,1.22282,3.28936,1.61824,1.53377,1.02449,1.33450,1.10465,2.87638,2.24706,3.00570
2013-01-16,,,,0.69015,1.19582,1.22523,3.29118,1.61833,1.53337,1.05270,1.36758,1.11541,2.87839,2.24722,3.00361
2013-01-17,,,,0.69346,1.19828,1.22821,3.30534,1.61903,1.53017,1.11646,1.44212,1.13931,2.89542,2.24856,2.98577
2013-01-18,,,,0.69191,1.19704,1.22667,3.30008,1.61878,1.53120,1.12485,1.45187,1.14237,2.90838,2.24957,2.97388
2013-01-21,,,,,,,,,,1.20109,1.54044,1.17217,,,
2013-01-22,,,,0.69304,1.19797,1.22783,3.31182,1.61936,1.52906,1.23825,1.58333,1.18611,2.91688,2.25023,2.96724
2013-01-23,,,,0.69727,1.20158,1.23246,3.30251,1.61891,1.53038,1.25516,1.60279,1.19280,2.91086,2.24977,2.97091
2013-01-24,,,,0.68768,1.19277,1.22100,3.26629,1.61714,1.53503,1.20969,1.55053,1.17292,2.89983,2.24893,2.97694
2013-01-25,,,,0.69119,1.19602,1.22521,3.25071,1.61637,1.53707,1.24591,1.59232,1.18908,2.89136,2.24828,2.98135
2013-01-28,,,,0.69273,1.19745,1.22707,3.24342,1.61601,1.53803,1.34519,1.70651,1.23266,2.88896,2.24810,2.98261
2013-01-29,,,,0.69284,1.19754,1.22719,3.25759,1.61672,1.53617,1.39676,1.76539,1.25402,2.89816,2.24882,2.97783
2013-01-30,,,,0.69139,1.19621,1.22547,3.28187,1.61793,1.53301,1.41270,1.78352,1.26050,2.93901,2.25199,2.95646
2013-01-31,,,,0.68985,1.19479,1.22361,3.26184,1.61695,1.53560,1.46811,1.84649,1.28306,2.92733,2.25110,2.96050
2013-02-01,,,,0.69800,1.20232,1.23339,3.26690,1.61720,1.53495,1.46320,1.84093,1.28103,2.93749,2.25189,2.95755
2013-02-04,,,,0.68582,1.19113,1.21884,3.27803,1.61776,1.53351,1.46302,1.84072,1.28094,2.92812,2.25118,2.95913
2013-02-05,,,,0.69593,1.20050,1.23099,3.27722,1.61772,1.53362,1.47868,1.85846,1.28798,2.93689,2.25186,2.95791
2013-02-06,,,,0.69366,1.19841,1.22828,3.28592,1.61816,1.53250,1.51799,1.90293,1.30637,2.92788,2.25117,2.95843
2013-02-07,,,,0.69428,1.19899,1.22902,3.27479,1.61761,1.53394,1.58307,1.97635,1.33737,2.90234,2.24921,2.95942
2013-02-08,,,,0.70140,1.20554,1.23754,3.26932,1.61735,1.53465,1.63099,2.03020,1.35979,2.90296,2.24927,2.95941
2013-02-11,,,,0.70161,1.20573,1.23779,3.23149,1.61548,1.53958,1.75338,2.16731,1.41814,2.88865,2.24817,2.95997
2013-02-12,,,,0.69872,1.20309,1.23434,3.23533,1.61568,1.53908,1.78791,2.20572,1.43411,2.88347,2.24777,2.96018
2013-02-13,,,,0.70119,1.20536,1.23730,3.21833,1.61483,1.54127,1.76371,2.17886,1.42301,2.88828,2.24815,2.95998
2013-02-14,,,,0.70099,1.20515,1.23701,3.20417,1.61413,1.54353,1.95272,2.38901,1.51017,2.87018,2.24675,2.96093
2013-02-15,,,,0.69892,1.20307,1.23420,3.15176,1.61149,1.55469,1.94477,2.38025,1.50706,2.86169,2.24610,2.96226
2013-02-18,,,,,,,,,,1.92742,2.36114,1.50028,,,
2013-02-19,,,,0.70398,1.20817,1.24108,3.14306,1.61106,1.55743,2.10527,2.55722,1.57016,2.86262,2.24618,2.96187
2013-02-20,,,,0.69315,1.19695,1.22582,3.06435,1.60703,1.59082,2.13434,2.58900,1.58082,2.84545,2.24484,2.96835
2013-02-21,,,,0.68572,1.18922,1.21532,3.08822,1.60829,1.57938,2.13421,2.58887,1.58078,2.81312,2.24230,2.98515
2013-02-22,,,,0.69263,1.19645,1.22509,3.09531,1.60866,1.57558,2.18107,2.64002,1.59783,2.81020,2.24208,2.98718
2013-02-25,,,,0.68407,1.18749,1.21346,3.12303,1.61011,1.55939,2.17243,2.63061,1.59472,2.81904,2.24279,2.97842
2013-02-26,,,,0.68665,1.18986,1.21644,3.16107,1.61208,1.53758,2.22994,2.69329,1.61594,2.81822,2.24274,2.97920
2013-02-27,,,,0.69366,1.19588,1.22412,3.12768,1.61039,1.55625,2.23601,2.69988,1.61821,2.80809,2.24194,2.99102
2013-02-28,,,,0.69222,1.19465,1.22255,3.09591,1.60876,1.57443,2.38882,2.86595,1.67700,2.80771,2.24192,2.99143
2013-03-01,,,,0.69511,1.19712,1.22568,3.08458,1.60817,1.58104,2.47693,2.96108,1.70988,2.79125,2.24062,3.01400
2013-03-04,,,,0.69820,1.19976,1.22903,3.08175,1.60803,1.58269,2.60361,3.09739,1.75637,2.79499,2.24093,3.00819
2013-03-05,,,,0.70852,1.20854,1.24017,3.08337,1.60812,1.58157,2.91115,3.42666,1.86663,2.80636,2.24184,2.98996
2013-03-06,,,,0.70676,1.20706,1.23829,3.10057,1.60902,1.56959,3.09810,3.62472,1.92679,2.78517,2.24016,3.02350
2013-03-07,,,,0.70862,1.20861,1.24024,3.08964,1.60846,1.57709,3.00237,3.52392,1.89691,2.81204,2.24233,2.97704
2013-03-08,,,,0.70945,1.20932,1.24118,3.09004,1.60849,1.57677,3.14233,3.67177,1.94093,2.82188,2.24312,2.96045
2013-03-11,,,,0.71151,1.21135,1.24394,3.09571,1.60879,1.57256,3.45526,4.00086,2.03711,2.82518,2.24339,2.95496
2013-03-12,,,,0.70893,1.20859,1.24017,3.11999,1.61006,1.55432,3.17888,3.71284,1.95901,2.83243,2.24397,2.94291
2013-03-13,,,,0.70800,1.20757,1.23877,3.10927,1.60951,1.56224,3.36516,3.90865,2.00892,2.82272,2.24321,2.95902
2013-03-14,,,,0.71038,1.21020,1.24236,3.10967,1.60954,1.56195,3.35867,3.90187,2.00724,2.84210,2.24476,2.92660
2013-03-15,,,,0.70840,1.20796,1.23930,3.11615,1.60988,1.55716,3.35702,3.90015,2.00682,2.84481,2.24498,2.92238
2013-03-18,,,,0.70685,1.20620,1.23689,3.14407,1.61132,1.53652,3.67646,4.23415,2.08984,2.82745,2.24362,2.94667
2013-03-19,,,,0.70550,1.20467,1.23480,3.15824,1.61205,1.52623,4.25858,4.83754,2.23363,2.82452,2.24339,2.95082
2013-03-20,,,,0.71047,1.21032,1.24252,3.14387,1.61132,1.53594,4.55840,5.14406,2.29075,2.84017,2.24464,2.92873
2013-03-21,,,,0.70240,1.20117,1.22999,3.16168,1.61224,1.52402,5.07589,5.66964,2.38521,2.83742,2.24443,2.93232
2013-03-22,,,,0.70923,1.20894,1.24060,3.14751,1.61152,1.53267,4.99920,5.59255,2.37232,,,
2013-03-25,,,,0.70664,1.20601,1.23659,3.14124,1.61121,1.53647,5.31899,5.91453,2.42662,2.83309,2.24409,2.93785
2013-03-26,,,,0.71047,1.21036,1.24253,3.13072,1.61067,1.54288,5.62677,6.22254,2.47686,2.84773,2.24526,2.91929
2013-03-27,,,,0.71140,1.21142,1.24398,3.14367,1.61134,1.53494,6.35954,6.95187,2.59228,2.86473,2.24660,2.89939
2013-03-28,,,,0.71316,1.21341,1.24671,3.12525,1.61040,1.54591,6.27516,6.86885,2.57998,2.82660,2.24362,2.93806
2013-03-29,,,,,,,,,,6.46287,7.05377,2.60759,,,
2013-04-01,,,,0.70830,1.20790,1.23917,3.12970,1.61064,1.54323,7.41371,7.98778,2.74486,2.80359,2.24180,2.96034
2013-04-02,,,,0.71388,1.21425,1.24784,3.08438,1.60831,1.57048,8.35131,8.89696,2.86906,2.78641,2.24043,2.97723
2013-04-03,,,,0.70737,1.20687,1.23773,3.04998,1.60652,1.59183,9.40380,9.90609,2.99424,2.75368,2.23780,3.00971
2013-04-04,,,,0.70757,1.20710,1.23805,3.04108,1.60605,1.59743,9.51992,10.01618,3.00672,2.74781,2.23733,3.01570
2013-04-05,,,,0.70168,1.20041,1.22890,3.09207,1.60875,1.56248,10.20839,10.66811,3.08011,2.75691,2.23808,3.00355
2013-04-08,,,,0.70540,1.20465,1.23469,3.07892,1.60807,1.57115,13.33799,13.61160,3.39860,2.76533,2.23877,2.99139
2013-04-09,,,,0.71016,1.21006,1.24208,3.10279,1.60932,1.55528,16.51102,16.52591,3.58357,2.78187,2.24011,2.96671
2013-04-10,,,,0.72401,1.22579,1.26359,3.05038,1.60660,1.58918,11.53730,12.04553,3.36547,2.77626,2.23967,2.97498
2013-04-11,,,,0.72370,1.22544,1.26311,3.05645,1.60693,1.58526,5.93364,6.78008,3.10014,,,
2013-04-12,,,,0.72319,1.22483,1.26225,2.91279,1.59938,1.67754,7.97887,8.88336,3.25363,2.75221,2.23773,3.01054
2013-04-15,,,,0.70892,1.20756,1.23796,2.65702,1.58534,1.80805,5.78857,6.68863,3.16750,2.67167,2.23119,3.13593
2013-04-16,,,,0.71833,1.21902,1.25398,2.68717,1.58714,1.79591,4.88733,5.75140,3.11994,2.69571,2.23320,3.09809
2013-04-17,,,,0.70426,1.20195,1.23009,2.68859,1.58723,1.79524,6.64670,7.61477,3.22822,2.67957,2.23187,3.12299
2013-04-18,,,,0.69454,1.19039,1.21657,2.71752,1.58894,1.78142,7.77502,8.77776,3.26537,2.70599,2.23407,3.08169
2013-04-19,,,,0.70406,1.19989,1.22750,2.74120,1.59033,1.76963,8.51825,9.44350,3.28417,2.70405,2.23392,3.08467
2013-04-22,,,,0.71129,1.20649,1.23497,2.79037,1.59318,1.74423,9.04088,9.88566,3.29614,2.69273,2.23298,3.10187
2013-04-23,,,,0.71812,1.21269,1.24199,2.76973,1.59201,1.75458,10.17269,10.82998,3.32065,2.67481,2.23150,3.13119
2013-04-24,,,,0.71781,1.21241,1.24167,2.79988,1.59374,1.73817,11.03201,11.51549,3.33732,2.68555,2.23240,3.11173
2013-04-25,,,,0.72164,1.21587,1.24559,2.86584,1.59750,1.70296,10.09263,10.78076,3.32045,2.72683,2.23584,3.03584
2013-04-26,,,,0.71936,1.21382,1.24327,2.85127,1.59669,1.71041,9.82071,10.56313,3.31514,2.71245,2.23466,3.06094
2013-04-29,,,,0.72598,1.21979,1.25000,2.87940,1.59827,1.69591,10.29316,10.94390,3.32474,2.76315,2.23884,2.97079
2013-04-30,,,,0.73125,1.22463,1.25586,2.88891,1.59880,1.69110,9.95814,10.67700,3.31809,2.74769,2.23760,2.99142
2013-05-01,,,,0.72784,1.22106,1.25147,2.85532,1.59694,1.70801,8.31079,9.35317,3.28158,2.70032,2.23374,3.05373
2013-05-02,,,,0.73704,1.23125,1.26413,2.87171,1.59786,1.69959,7.61130,8.70969,3.26127,2.70587,2.23421,3.04642
2013-05-03,,,,0.74573,1.24161,1.27692,2.87515,1.59806,1.69784,6.89383,8.03010,3.23802,2.73714,2.23679,3.00535
2013-05-06,,,,0.74862,1.24545,1.28163,2.87637,1.59813,1.69723,8.02483,9.12059,3.27864,2.72851,2.23609,3.01598
2013-05-07,,,,0.74821,1.24483,1.28076,2.84055,1.59614,1.71541,7.98837,9.08629,3.27750,2.71473,2.23496,3.03308
2013-05-08,,,,0.75183,1.25025,1.28838,2.88264,1.59851,1.69356,8.09766,9.18919,3.28093,2.73345,2.23651,3.00963
2013-05-09,,,,0.75079,1.24870,1.28587,2.84925,1.59666,1.71043,8.01452,9.11110,3.27836,2.74263,2.23726,2.99830
2013-05-10,,,,0.75534,1.25551,1.29731,2.82477,1.59529,1.72307,8.42368,9.49605,3.29116,2.71303,2.23485,3.03455
2013-05-13,,,,0.75627,1.25690,1.29977,2.80109,1.59395,1.73545,8.40317,9.47723,3.29056,2.71825,2.23529,3.02803
2013-05-14,,,,0.76020,1.26278,1.31125,2.78855,1.59324,1.74248,7.72042,8.85029,3.27012,2.71253,2.23482,3.03517
2013-05-15,,,,0.76176,1.26510,1.31611,2.72420,1.58957,1.78214,7.80068,8.92520,3.27273,2.69977,2.23377,3.05117
2013-05-16,,,,0.76093,1.26386,1.31330,2.71327,1.58893,1.78957,8.08204,9.18731,3.28176,2.69167,2.23310,3.06143
2013-05-17,,,,0.76827,1.27484,1.33844,2.65217,1.58536,1.83687,8.39459,9.47657,3.29146,2.70803,2.23446,3.04059
2013-05-20,,,,0.76713,1.27314,1.33432,2.73412,1.59026,1.76401,8.43281,9.51149,3.29262,2.72443,2.23582,3.01999
2013-05-21,,,,0.76796,1.27438,1.33732,2.68879,1.58762,1.79937,8.39226,9.47448,3.29141,2.72218,2.23564,3.02280
2013-05-22,,,,0.76124,1.26434,1.31209,2.66977,1.58650,1.81475,8.51580,9.58735,3.29517,2.72068,2.23552,3.02467
2013-05-23,,,,0.75948,1.26171,1.30555,2.72380,1.58972,1.76986,8.85564,9.89694,3.30575,2.72579,2.23594,3.01833
2013-05-24,,,,0.75907,1.26109,1.30402,2.70660,1.58871,1.78353,9.23104,10.23644,3.31734,2.71372,2.23496,3.03330
2013-05-27,,,,,,,,,,9.04651,10.07086,3.31161,,,
2013-05-28,,,,0.76403,1.26852,1.32240,2.70113,1.58840,1.78793,9.01156,10.03938,3.31041,2.72294,2.23572,3.02177
2013-05-29,,,,0.76041,1.26311,1.30889,2.72825,1.58999,1.76569,9.27354,10.27555,3.31997,2.71107,2.23475,3.03653
2013-05-30,,,,0.76444,1.26914,1.32385,2.76609,1.59220,1.73534,9.05511,10.07971,3.31192,2.70010,2.23385,3.05022
2013-05-31,,,,0.75741,1.25863,1.29760,2.70983,1.58897,1.77909,9.14840,10.16374,3.31566,2.68606,2.23269,3.06868
2013-06-03,,,,0.75876,1.26064,1.30256,2.76224,1.59204,1.73641,8.80003,9.85054,3.30126,2.71047,2.23472,3.03340
2013-06-04,,,,0.75483,1.25476,1.28801,2.73634,1.59055,1.75598,8.60254,9.67070,3.29236,2.71698,2.23526,3.02418
2013-06-05,,,,0.74500,1.24007,1.25178,2.74221,1.59090,1.75146,8.65121,9.71558,3.29467,2.71788,2.23534,3.02293
2013-06-06,,,,0.74862,1.24549,1.26395,2.76265,1.59208,1.73579,8.52123,9.59585,3.28848,2.70915,2.23463,3.03524
2013-06-07,,,,0.75886,1.26082,1.29723,2.69688,1.58830,1.78544,7.88735,9.01032,3.25721,2.69983,2.23386,3.04846
2013-06-10,,,,0.75917,1.26128,1.29817,2.71024,1.58909,1.77483,7.46934,8.61863,3.23503,2.68528,2.23266,3.06918
2013-06-11,,,,0.75162,1.25000,1.27520,2.69628,1.58827,1.78582,7.69480,8.83203,3.24758,2.67203,2.23156,3.08905
2013-06-12,,,,0.74294,1.23700,1.24962,2.71651,1.58946,1.76973,7.61396,8.75592,3.24320,2.67546,2.23185,3.08320
2013-06-13,,,,0.75234,1.25110,1.27404,2.70619,1.58886,1.77779,7.25221,8.41468,3.22340,2.67483,2.23181,3.08419
2013-06-14,,,,0.74738,1.24367,1.26204,2.72015,1.58969,1.76658,7.10114,8.27089,3.21478,2.68083,2.23231,3.07285
2013-06-17,,,,0.75462,1.25451,1.27899,2.70680,1.58891,1.77727,7.16649,8.33283,3.21858,2.68887,2.23298,3.05747
2013-06-18,,,,0.76082,1.26379,1.29332,2.67361,1.58696,1.80526,7.46445,8.59858,3.23579,2.69163,2.23322,3.05224
2013-06-19,,,,0.75234,1.25112,1.27367,2.64245,1.58512,1.83357,7.47361,8.60624,3.23631,2.71377,2.23506,3.01024
2013-06-20,,,,0.73446,1.22432,1.23295,2.50101,1.57663,1.97556,7.46690,8.60066,3.23594,2.63332,2.22844,3.15885
2013-06-21,,,,0.73056,1.21870,1.22645,2.53035,1.57849,1.94629,7.25886,8.42787,3.22436,2.61719,2.22707,3.18185
2013-06-24,,,,0.72330,1.20947,1.21557,2.50769,1.57708,1.96826,7.08915,8.28651,3.21467,2.59955,2.22558,3.20722
2013-06-25,,,,0.72859,1.21503,1.22216,2.49838,1.57649,1.97782,7.00233,8.21539,3.20962,2.59933,2.22556,3.20732
2013-06-26,,,,0.73512,1.22107,1.22933,2.39336,1.56987,2.09972,7.06095,8.26171,3.21308,2.58560,2.22439,3.23126
2013-06-27,,,,0.73823,1.22379,1.23255,2.34601,1.56677,2.16063,6.92870,8.16097,3.20535,2.57716,2.22367,3.24788
2013-06-28,,,,0.73927,1.22469,1.23363,2.41016,1.57106,2.07403,6.40052,7.76718,3.17393,2.55944,2.22215,3.28741
2013-07-01,,,,0.74383,1.22867,1.23835,2.45103,1.57372,2.02247,5.93121,7.43636,3.14639,2.57850,2.22380,3.23911
2013-07-02,,,,0.74414,1.22894,1.23868,2.42918,1.57232,2.04892,6.28542,7.65187,3.16490,2.59047,2.22484,3.20943
2013-07-03,,,,0.74715,1.23156,1.24178,2.44314,1.57323,2.03166,5.56072,7.29532,3.13528,2.60750,2.22631,3.16781
2013-07-04,,,,,,,,,,5.66404,7.33524,3.13859,,,
2013-07-05,,,,0.75286,1.23651,1.24766,2.38952,1.56978,2.09704,4.82753,7.11166,3.11987,2.58150,2.22409,3.23018
2013-07-08,,,,0.75358,1.23712,1.24836,2.41825,1.57167,2.06008,5.29569,7.18064,3.12369,2.61002,2.22655,3.15975
2013-07-09,,,,0.75815,1.24118,1.25371,2.44071,1.57313,2.03204,5.36035,7.18942,3.12348,2.61719,2.22716,3.14264
2013-07-10,,,,0.76251,1.24549,1.25948,2.44739,1.57356,2.02389,6.08481,7.28660,3.11770,2.63836,2.22897,3.09238
2013-07-11,,,,0.77765,1.26252,1.28260,2.51396,1.57784,1.94299,6.26259,7.30790,3.11645,2.64464,2.22950,3.07884
2013-07-12,,,,0.78107,1.26662,1.28781,2.51174,1.57771,1.94552,6.44505,7.32920,3.11521,2.64135,2.22923,3.08562
2013-07-15,,,,0.78284,1.26915,1.29098,2.51275,1.57777,1.94438,6.71341,7.35973,3.11342,2.63979,2.22910,3.08879
2013-07-16,,,,0.78180,1.26764,1.28865,2.52711,1.57868,1.92805,6.56918,7.34392,3.11386,2.65392,2.23030,3.05993
2013-07-17,,,,0.78377,1.27051,1.29325,2.49535,1.57669,1.96367,6.51552,7.33793,3.11383,2.64075,2.22919,3.08507
2013-07-18,,,,0.78180,1.26764,1.28804,2.50931,1.57758,1.94753,6.08109,7.28901,3.11241,2.66274,2.23105,3.04264
2013-07-19,,,,0.77371,1.25583,1.26570,2.53157,1.57898,1.92215,6.17250,7.29998,3.11273,2.66632,2.23135,3.03641
2013-07-22,,,,0.77599,1.25916,1.27195,2.60704,1.58369,1.83772,6.13029,7.29500,3.11259,2.67050,2.23171,3.02940
2013-07-23,,,,0.77028,1.25083,1.25628,2.62465,1.58476,1.82214,6.22534,7.30631,3.11292,2.66676,2.23139,3.03536
2013-07-24,,,,0.77277,1.25447,1.26308,2.57952,1.58204,1.85940,6.30942,7.31619,3.11322,2.64235,2.22935,3.07390
2013-07-25,,,,0.77765,1.26159,1.27644,2.60360,1.58351,1.83946,6.45359,7.33291,3.11374,2.62772,2.22812,3.09720
2013-07-26,,,,0.78180,1.26765,1.28785,2.60583,1.58365,1.83770,6.44056,7.33144,3.11366,2.60372,2.22609,3.13592
2013-07-29,,,,0.78035,1.26553,1.28380,2.59955,1.58327,1.84261,6.67781,7.35837,3.11571,2.59452,2.22531,3.15105
2013-07-30,,,,0.78450,1.27159,1.29565,2.59247,1.58284,1.84817,6.91836,7.39071,3.11858,2.57599,2.22372,3.18217
2013-07-31,,,,0.78595,1.27371,1.29986,2.58924,1.58265,1.85074,7.01605,7.40865,3.12019,2.59428,2.22530,3.14693
2013-08-01,,,,0.79393,1.28536,1.32359,2.56192,1.58098,1.87237,6.91181,7.38327,3.11788,2.59643,2.22549,3.14275
2013-08-02,,,,0.79840,1.29186,1.33748,2.55686,1.58067,1.87647,6.87649,7.37291,3.11692,2.58458,2.22448,3.16613
2013-08-05,,,,0.79891,1.29261,1.33913,2.54350,1.57985,1.88730,6.98046,7.40651,3.12011,2.57088,2.22330,3.19519
2013-08-06,,,,0.79414,1.28566,1.32257,2.50850,1.57767,1.91685,6.99077,7.41003,3.12045,2.55561,2.22198,3.23055
2013-08-07,,,,0.79269,1.28355,1.31747,2.51214,1.57791,1.91340,6.94661,7.39303,3.11878,2.54448,2.22102,3.25887
2013-08-08,,,,0.79663,1.28929,1.33129,2.56698,1.58135,1.85911,6.74642,7.31100,3.11056,2.57101,2.22334,3.18319
2013-08-09,,,,0.79342,1.28461,1.31990,2.56698,1.58136,1.85912,6.61869,7.25715,3.10507,2.58233,2.22432,3.15199
2013-08-12,,,,0.79528,1.28733,1.32647,2.61291,1.58419,1.81579,6.83153,7.34797,3.11440,2.61651,2.22727,3.05851
2013-08-13,,,,0.79974,1.29383,1.34223,2.58478,1.58249,1.83910,6.99706,7.41726,3.12145,2.61283,2.22696,3.06658
2013-08-14,,,,0.79673,1.28945,1.33151,2.61028,1.58405,1.81766,7.09456,7.45738,3.12563,2.63219,2.22862,3.02446
2013-08-15,,,,0.78325,1.26981,1.28352,2.66471,1.58736,1.77448,7.02191,7.42558,3.12225,2.66375,2.23129,2.96307
2013-08-16,,,,0.78294,1.26935,1.28243,2.68272,1.58843,1.76293,7.03513,7.43168,3.12291,2.66527,2.23142,2.96058
2013-08-19,,,,0.78159,1.26739,1.27770,2.67119,1.58775,1.76957,7.35672,7.58773,3.14012,2.67755,2.23246,2.94318
2013-08-20,,,,0.78501,1.27238,1.28935,2.68009,1.58828,1.76462,7.47955,7.64813,3.14666,2.66286,2.23124,2.96111
2013-08-21,,,,0.78232,1.26845,1.28032,2.67240,1.58783,1.76861,7.93057,7.89056,3.17319,2.65427,2.23052,2.97094
2013-08-22,,,,0.78999,1.27965,1.30491,2.68737,1.58872,1.76096,7.83907,7.83893,3.16775,2.65280,2.23040,2.97259
2013-08-23,,,,0.79528,1.28736,1.32193,2.72966,1.59122,1.74064,7.70840,7.75586,3.15886,2.67711,2.23244,2.94520
2013-08-26,,,,0.79570,1.28797,1.32327,2.74079,1.59188,1.73626,8.02480,7.97237,3.18246,2.70315,2.23462,2.92019
2013-08-27,,,,0.77941,1.26424,1.27027,2.76710,1.59341,1.72732,8.42860,8.25510,3.21277,2.72002,2.23602,2.90751
2013-08-28,,,,0.78242,1.26863,1.27796,2.76629,1.59336,1.72747,8.46851,8.28388,3.21577,2.72212,2.23619,2.90616
2013-08-29,,,,0.78792,1.27666,1.29180,2.74929,1.59238,1.73111,8.50560,8.31335,3.21888,2.70682,2.23494,2.91229
2013-08-30,,,,0.78284,1.26925,1.27901,2.72400,1.59092,1.73596,8.93861,8.68703,3.25893,2.68255,2.23294,2.92040
2013-09-02,,,,,,,,,,9.27358,8.98001,3.28960,,,
2013-09-03,,,,0.78730,1.27575,1.28995,2.76042,1.59305,1.72886,9.24620,8.95615,3.28692,2.70741,2.23501,2.91193
2013-09-04,,,,0.79570,1.28801,1.31061,2.72481,1.59099,1.73441,8.76997,8.54099,3.23637,2.67942,2.23270,2.91978
2013-09-05,,,,0.79705,1.28997,1.31394,2.67503,1.58809,1.74230,8.75858,8.53101,3.23512,2.66876,2.23181,2.92281
2013-09-06,,,,0.79798,1.29133,1.31625,2.71449,1.59043,1.73591,8.43585,8.24810,3.19937,2.68926,2.23353,2.91696
2013-09-09,,,,0.80732,1.30493,1.33935,2.70963,1.59015,1.73668,8.67907,8.46213,3.22703,2.68042,2.23279,2.91946
2013-09-10,,,,0.81126,1.31066,1.34910,2.66572,1.58757,1.74369,8.74752,8.52219,3.23467,2.65892,2.23100,2.92557
2013-09-11,,,,0.80970,1.30840,1.34488,2.66491,1.58753,1.74381,9.09628,8.82799,3.27334,2.66167,2.23124,2.92478
2013-09-12,,,,0.80918,1.30765,1.34333,2.58337,1.58267,1.75775,9.07427,8.80877,3.27096,2.67148,2.23206,2.92197
2013-09-13,,,,0.80970,1.30840,1.34483,2.58640,1.58286,1.75693,9.11915,8.84797,3.27590,2.65945,2.23106,2.92539
2013-09-16,,,,0.80752,1.30523,1.33788,2.55868,1.58116,1.76556,9.03304,8.77278,3.26599,2.65070,2.23032,2.92786
2013-09-17,,,,0.81292,1.31308,1.35508,2.55969,1.58122,1.76504,9.08261,8.81611,3.27190,2.63275,2.22881,2.93450
2013-09-18,,,,0.82267,1.32725,1.38681,2.67119,1.58811,1.70965,9.08308,8.81652,3.27194,2.65132,2.23039,2.92506
2013-09-19,,,,0.82464,1.33012,1.39343,2.66592,1.58780,1.71154,8.88819,8.64627,3.24743,2.67346,2.23225,2.91365
2013-09-20,,,,0.82181,1.32601,1.38316,2.58924,1.58323,1.73884,8.79806,8.56736,3.23592,2.63835,2.22932,2.93154
2013-09-23,,,,0.82014,1.32359,1.37700,2.58094,1.58273,1.74193,8.79405,8.56385,3.23541,2.62381,2.22809,2.93901
2013-09-24,,,,0.82014,1.32359,1.37700,2.58316,1.58286,1.74109,8.86074,8.62229,3.24401,2.60874,2.22681,2.94769
2013-09-25,,,,0.81734,1.31951,1.36657,2.60603,1.58427,1.73255,8.84762,8.61081,3.24232,2.62092,2.22786,2.93858
2013-09-26,,,,0.82368,1.32873,1.39003,2.58580,1.58304,1.74001,8.92432,8.67799,3.25229,2.62841,2.22849,2.93253
2013-09-27,,,,0.82264,1.32722,1.38615,2.60967,1.58450,1.73111,9.06172,8.79823,3.27020,2.63249,2.22884,2.92910
2013-09-30,,,,0.82066,1.32435,1.37878,2.59369,1.58353,1.73696,9.02485,8.76602,3.26538,2.61402,2.22728,2.94491
2013-10-01,,,,0.82899,1.33644,1.40970,2.52104,1.57910,1.76537,9.13115,8.85895,3.27963,2.59697,2.22583,2.96079
2013-10-02,,,,0.82868,1.33599,1.40850,2.57102,1.58223,1.74383,7.45127,7.39213,3.05160,2.61638,2.22749,2.93986
2013-10-03,,,,0.81900,1.32195,1.37145,2.57345,1.58238,1.74282,8.41541,8.25229,3.13125,2.60992,2.22694,2.94668
2013-10-04,,,,0.82607,1.33222,1.39813,2.56030,1.58157,1.74827,8.72710,8.47123,3.14799,2.61711,2.22756,2.93867
2013-10-07,,,,0.81921,1.32226,1.37195,2.58276,1.58296,1.73824,8.86857,8.56764,3.15532,2.63450,2.22904,2.91913
2013-10-08,,,,0.80339,1.29929,1.31199,2.57790,1.58267,1.74037,8.93010,8.60938,3.15846,2.64297,2.22976,2.90975
2013-10-09,,,,0.80090,1.29565,1.30454,2.55180,1.58107,1.75222,9.01363,8.66593,3.16271,2.62008,2.22784,2.93499
2013-10-10,,,,0.81785,1.32034,1.35187,2.51457,1.57876,1.77058,9.06882,8.70319,3.16549,2.63587,2.22918,2.91729
2013-10-11,,,,0.82431,1.32972,1.36677,2.48078,1.57664,1.78934,9.10824,8.72975,3.16747,2.62791,2.22852,2.92613
2013-10-14,,,,0.83013,1.33818,1.38027,2.48543,1.57694,1.78625,9.68684,9.11913,3.19634,2.63900,2.22946,2.91378
2013-10-15,,,,0.82691,1.33350,1.37277,2.50364,1.57811,1.77326,10.12736,9.41031,3.21721,2.62739,2.22849,2.92665
2013-10-16,,,,0.83627,1.34709,1.39450,2.49980,1.57787,1.77601,9.90075,9.26247,3.20667,2.63763,2.22937,2.91526
2013-10-17,,,,0.84106,1.35403,1.40558,2.57831,1.58283,1.71494,10.28863,9.51850,3.22700,2.63633,2.22926,2.91671
2013-10-18,,,,0.85468,1.37377,1.43989,2.56677,1.58212,1.72229,10.93484,9.96023,3.26176,2.64664,2.23014,2.90530
2013-10-21,,,,0.85656,1.37648,1.44460,2.56941,1.58229,1.72061,12.87701,11.32295,3.36507,2.63482,2.22915,2.91830
2013-10-22,,,,0.85781,1.37829,1.44808,2.61716,1.58523,1.69025,13.62799,11.83151,3.39911,,,
2013-10-23,,,,0.85260,1.37077,1.43159,2.60401,1.58444,1.69718,14.64417,12.52569,3.44306,2.61417,2.22740,2.94120
2013-10-24,,,,0.85635,1.37619,1.44359,2.62849,1.58593,1.68450,13.91480,11.97614,3.41249,2.61579,2.22754,2.93938
2013-10-25,,,,0.86249,1.38506,1.46452,2.63982,1.58661,1.67916,13.28736,11.49012,3.38180,2.62243,2.22811,2.93192
2013-10-28,,,,0.86270,1.38537,1.46518,2.64185,1.58674,1.67825,14.04826,12.08231,3.42313,2.60996,2.22705,2.94589
2013-10-29,,,,0.86415,1.38747,1.47070,2.62586,1.58578,1.68476,14.63185,12.53403,3.45407,2.60143,2.22633,2.95552
2013-10-30,,,,0.86332,1.38627,1.46723,2.62242,1.58558,1.68615,14.16464,12.17383,3.42868,2.60435,2.22658,2.95204
2013-10-31,,,,0.86134,1.38341,1.45879,2.58478,1.58330,1.70135,14.54993,12.47186,3.45151,2.57542,2.22411,2.98774
2013-11-01,,,,0.86155,1.38371,1.45963,2.56880,1.58232,1.70796,14.53228,12.45825,3.45042,2.54743,2.22170,3.02460
2013-11-04,,,,0.86280,1.38552,1.46514,2.56597,1.58215,1.70915,16.37561,13.88047,3.56861,2.53370,2.22051,3.04521
2013-11-05,,,,0.86374,1.38687,1.46941,2.56091,1.58184,1.71126,17.43853,14.69135,3.63116,2.52530,2.21977,3.06034
2013-11-06,,,,0.86353,1.38657,1.46842,2.57386,1.58265,1.70566,18.83910,15.75328,3.70992,2.52954,2.22015,3.05091
2013-11-07,,,,0.84730,1.36312,1.39145,2.55281,1.58136,1.71498,20.76550,17.20306,3.81236,2.52326,2.21960,3.06544
2013-11-08,,,,0.85874,1.37969,1.43695,2.51477,1.57900,1.73360,23.88804,19.53123,3.96716,2.53493,2.22063,3.03491
2013-11-11,,,,0.85739,1.37773,1.43187,2.50648,1.57849,1.73814,24.52842,20.00246,3.99527,2.54058,2.22113,3.02030
2013-11-12,,,,0.85874,1.37969,1.43693,2.47774,1.57668,1.75661,25.38358,20.63009,4.03209,2.53197,2.22039,3.04259
2013-11-13,,,,0.86915,1.39473,1.47597,2.48584,1.57720,1.75043,28.23647,22.71688,4.15322,2.52615,2.21988,3.05848
2013-11-14,,,,0.87185,1.39864,1.48626,2.51457,1.57903,1.72687,29.82555,23.86749,4.21568,2.53432,2.22061,3.03462
2013-11-15,,,,0.87352,1.40104,1.49262,2.51558,1.57910,1.72607,29.23094,23.43926,4.19227,2.53404,2.22059,3.03547
2013-11-18,,,,0.86499,1.38873,1.45986,2.48685,1.57730,1.74907,47.08017,36.31921,4.94195,2.51766,2.21916,3.08281
2013-11-19,,,,0.86249,1.38512,1.45038,2.48786,1.57737,1.74814,39.14255,31.56846,4.87714,2.50918,2.21842,3.10835
2013-11-20,,,,0.86041,1.38211,1.44252,2.43059,1.57374,1.80085,42.61110,33.73882,4.91078,2.51790,2.21920,3.08084
2013-11-21,,,,0.86915,1.39475,1.47543,2.42695,1.57351,1.80428,51.58836,39.25360,4.99128,2.53566,2.22077,3.02550
2013-11-22,,,,0.87383,1.40151,1.49328,2.42655,1.57348,1.80461,57.46839,42.72485,5.03554,2.54639,2.22171,2.99290
2013-11-25,,,,0.87591,1.40451,1.50124,2.43747,1.57420,1.79178,58.42222,43.27349,5.04204,2.54810,2.22187,2.98781
2013-11-26,,,,0.88049,1.41112,1.51907,2.42452,1.57337,1.80724,65.56920,47.76897,5.09634,2.54682,2.22176,2.99157
2013-11-27,,,,0.88662,1.41998,1.54430,2.41724,1.57290,1.81665,68.91985,49.86875,5.12009,2.54110,2.22127,3.00823
2013-11-28,,,,,,,,,,72.10324,51.94184,5.14383,,,
2013-11-29,,,,0.89193,1.42763,1.56730,2.44233,1.57453,1.78128,80.78797,57.57254,5.21158,2.55481,2.22247,2.96842
2013-12-02,,,,0.88933,1.42388,1.55510,2.37920,1.57047,1.86764,74.49534,53.53662,5.16626,2.54806,2.22189,2.98673
2013-12-03,,,,0.88860,1.42283,1.55159,2.38689,1.57098,1.85656,75.41241,54.12979,5.17416,2.55461,2.22247,2.96906
2013-12-04,,,,0.88943,1.42403,1.55559,2.42736,1.57364,1.79862,81.23222,57.88943,5.22687,2.57192,2.22398,2.92452
2013-12-05,,,,0.88829,1.42238,1.55002,2.39377,1.57147,1.84155,73.53649,52.95358,5.16055,2.57551,2.22429,2.91599
2013-12-06,,,,0.89474,1.43168,1.58134,2.39883,1.57180,1.83485,59.01903,43.54498,5.01383,2.57872,2.22457,2.90891
2013-12-09,,,,0.89838,1.43692,1.59935,2.42250,1.57336,1.80364,64.13644,46.94311,5.07809,2.59116,2.22565,2.88377
2013-12-10,,,,0.89776,1.43602,1.59618,2.46499,1.57612,1.74893,69.94013,50.76621,5.14600,2.60223,2.22661,2.86370
2013-12-11,,,,0.88621,1.41940,1.53790,2.44557,1.57489,1.77005,62.66091,46.01095,5.06687,2.61332,2.22756,2.84594
2013-12-12,,,,0.88392,1.41610,1.52663,2.39357,1.57154,1.82755,62.50779,45.90977,5.06505,2.59825,2.22628,2.86623
2013-12-13,,,,0.88277,1.41445,1.52101,2.41562,1.57299,1.80272,62.92517,46.18568,5.07006,2.59382,2.22591,2.87188
2013-12-16,,,,0.88767,1.42150,1.54491,2.42189,1.57340,1.79588,48.51994,36.66988,4.89856,2.59847,2.22631,2.86605
2013-12-17,,,,0.88590,1.41895,1.53617,2.40085,1.57204,1.81874,48.85868,36.90030,4.90362,2.59235,2.22580,2.87316
2013-12-18,,,,0.89620,1.43380,1.58685,2.37981,1.57067,1.84209,37.65685,29.28619,4.73750,2.59211,2.22578,2.87342
2013-12-19,,,,0.89370,1.43020,1.57429,2.32335,1.56695,1.90609,49.06612,37.27202,4.94949,2.60658,2.22703,2.85696
2013-12-20,,,,0.90280,1.44331,1.61978,2.34601,1.56848,1.87888,42.96023,33.09764,4.89063,2.62414,2.22853,2.83879
2013-12-23,,,,0.91230,1.45698,1.66813,2.33853,1.56798,1.88758,47.09078,35.96164,4.93558,2.61902,2.22810,2.84304
2013-12-24,,,,0.91272,1.45758,1.67029,2.34925,1.56870,1.87398,46.57101,35.60545,4.93072,2.62209,2.22837,2.84060
2013-12-25,,,,,,,,,,48.54829,36.93725,4.94944,,,
2013-12-26,,,,0.91574,1.46193,1.68596,2.36220,1.56957,1.85728,53.68064,40.23789,4.99580,,,
2013-12-27,,,,0.91345,1.45863,1.67379,2.36989,1.57009,1.84741,51.71763,39.06128,4.98027,2.62468,2.22860,2.83878
2013-12-30,,,,0.91209,1.45668,1.66661,2.33488,1.56777,1.89250,52.66037,39.63068,4.98801,2.61495,2.22778,2.84443
2013-12-31,,,,0.91804,1.46523,1.69804,2.34966,1.56877,1.87241,52.21773,39.36432,4.98445,2.58646,2.22535,2.86069
2014-01-01,,,,,,,,,,53.85299,40.35011,4.99774,,,
2014-01-02,,,,0.91084,1.45489,1.65950,2.38770,1.57131,1.82117,56.18276,41.74603,5.01614,2.57929,2.22474,2.86487
2014-01-03,,,,0.90426,1.44544,1.62479,2.41380,1.57303,1.78743,57.77659,42.69307,5.02826,2.56911,2.22387,2.87078
2014-01-06,,,,0.90092,1.44063,1.60735,2.41805,1.57331,1.78240,65.45202,47.22845,5.08508,2.57215,2.22414,2.86879
2014-01-07,,,,0.90927,1.45265,1.65062,2.40429,1.57242,1.79824,57.49951,42.63977,5.03253,2.56834,2.22381,2.87140
2014-01-08,,,,0.91125,1.45550,1.66108,2.39013,1.57150,1.81478,58.74048,43.37569,5.04234,2.54389,2.22170,2.89129
2014-01-09,,,,0.90823,1.45115,1.64504,2.39701,1.57195,1.80664,59.50238,43.82559,5.04843,2.51605,2.21927,2.92003
2014-01-10,,,,0.91115,1.45535,1.66042,2.43343,1.57434,1.76370,61.07445,44.75152,5.06139,2.54297,2.22165,2.88607
2014-01-13,,,,0.89769,1.43600,1.58893,2.44881,1.57534,1.74777,58.89702,43.47540,5.04317,2.56109,2.22323,2.86371
2014-01-14,,,,0.91480,1.46064,1.66967,2.42594,1.57387,1.76981,58.35424,43.14954,5.03815,2.56693,2.22374,2.85662
2014-01-15,,,,0.92232,1.47144,1.70023,2.42129,1.57357,1.77430,60.20059,44.27855,5.05607,2.56916,2.22394,2.85393
2014-01-16,,,,0.92242,1.47159,1.70065,2.42392,1.57374,1.77176,58.39441,43.17954,5.03879,2.57404,2.22437,2.84804
2014-01-17,,,,0.91720,1.46410,1.67921,2.44699,1.57524,1.74948,56.74638,42.14689,5.02171,2.57441,2.22440,2.84762
2014-01-20,,,,,,,,,,59.32705,43.79830,5.05016,,,
2014-01-21,,,,0.92420,1.47414,1.70773,2.42210,1.57364,1.77219,58.96437,43.56762,5.04631,2.57006,2.22403,2.85286
2014-01-22,,,,0.92660,1.47759,1.71753,2.41178,1.57298,1.78174,58.61783,43.34703,5.04251,2.58699,2.22550,2.83243
2014-01-23,,,,0.92347,1.47310,1.70400,2.46439,1.57641,1.73243,58.04137,42.97957,5.03593,2.59110,2.22585,2.82751
2014-01-24,,,,0.90531,1.44703,1.62403,2.47450,1.57706,1.72499,55.90273,41.60092,5.01048,2.61225,2.22767,2.80272
2014-01-27,,,,0.89654,1.43441,1.59096,2.44759,1.57535,1.74341,53.15849,39.79743,4.97570,2.58165,2.22507,2.83095
2014-01-28,,,,0.89602,1.43366,1.58911,2.44739,1.57534,1.74356,56.55649,42.04405,5.02119,2.59955,2.22662,2.81560
2014-01-29,,,,0.88641,1.41984,1.55675,2.47815,1.57732,1.72260,56.78610,42.19480,5.02411,2.62436,2.22874,2.79651
2014-01-30,,,,0.90280,1.44346,1.60597,2.42351,1.57384,1.75569,57.22199,42.48084,5.02963,2.59847,2.22655,2.81138
2014-01-31,,,,0.90040,1.44000,1.59977,2.42999,1.57426,1.75189,57.49134,42.65743,5.03302,2.59415,2.22618,2.81372
2014-02-03,,,,0.87973,1.41026,1.54626,2.45488,1.57588,1.73735,57.76044,42.83378,5.03642,2.59994,2.22668,2.81059
2014-02-04,,,,0.88621,1.41960,1.55926,2.44820,1.57545,1.74119,57.26521,42.50946,5.02996,2.63980,2.23010,2.78880
2014-02-05,,,,0.88391,1.41629,1.55487,2.45427,1.57585,1.73770,56.14832,41.77728,5.01475,2.63432,2.22964,2.79054
2014-02-06,,,,0.89518,1.43253,1.57565,2.45326,1.57579,1.73829,54.65210,40.79414,4.99337,,,
2014-02-07,,,,0.91115,1.45502,1.60389,2.47208,1.57700,1.72749,50.93036,38.34081,4.93798,2.64270,2.23036,2.78831
2014-02-10,,,,0.91637,1.46235,1.61298,2.48725,1.57797,1.71886,49.06128,37.09822,4.90846,2.63096,2.22937,2.79010
2014-02-11,,,,0.92681,1.47701,1.63118,2.51639,1.57982,1.70338,48.09089,36.45021,4.89265,2.65029,2.23101,2.78772
2014-02-12,,,,0.92858,1.47948,1.63418,2.51781,1.57992,1.70271,46.79296,35.58142,4.87114,2.66018,2.23185,2.78735
2014-02-13,,,,0.93547,1.48936,1.64736,2.53926,1.58126,1.69431,43.86933,33.61960,4.82155,2.67576,2.23312,2.78850
2014-02-14,,,,0.93735,1.49205,1.65129,2.57285,1.58336,1.68379,47.86822,36.09454,4.89244,2.68750,2.23432,2.79091
2014-02-17,,,,,,,,,,45.18746,34.69793,4.85595,,,
2014-02-18,,,,0.94194,1.49863,1.66217,2.57790,1.58367,1.68269,44.89667,34.54977,4.85194,2.73232,2.24240,2.80749
2014-02-19,,,,0.93547,1.48937,1.64505,2.55504,1.58227,1.68529,44.62958,34.42289,4.84843,2.75033,2.24723,2.81668
2014-02-20,,,,0.93985,1.49565,1.65688,2.58195,1.58394,1.68311,40.35146,32.52837,4.79443,2.74299,2.24421,2.81082
2014-02-21,,,,0.93860,1.49385,1.65318,2.58155,1.58392,1.68305,41.53643,32.99952,4.80815,2.74988,2.24740,2.81702
2014-02-24,,,,0.94361,1.50103,1.66834,2.61008,1.58564,1.68395,38.81247,32.09592,4.78187,2.75409,2.24967,2.82148
2014-02-25,,,,0.94257,1.49954,1.66491,2.61453,1.58594,1.68433,38.19986,31.92541,4.77680,2.75556,2.25053,2.82319
2014-02-26,,,,0.94173,1.49834,1.66202,2.59227,1.58305,1.68041,42.05565,32.71798,4.80104,2.74564,2.24386,2.80948
2014-02-27,,,,0.94784,1.50709,1.68338,2.59409,1.58329,1.68073,41.89928,32.69105,4.80028,2.74256,2.24167,2.80496
2014-02-28,,,,0.94679,1.50559,1.67947,2.58236,1.58146,1.67821,39.45865,32.27341,4.78828,2.75587,2.25131,2.82491
2014-03-03,,,,0.93977,1.49554,1.65268,2.63638,1.58992,1.68980,48.42057,33.60727,4.82767,2.78398,2.27198,2.86964
2014-03-04,,,,0.95172,1.51265,1.69785,2.60380,1.58406,1.68224,48.27782,33.58930,4.82717,2.79700,2.28154,2.89096
2014-03-05,,,,0.95434,1.51640,1.70790,2.60805,1.58482,1.68322,47.97917,33.55156,4.82610,2.79028,2.27661,2.87887
2014-03-06,,,,0.95350,1.51520,1.70459,2.63395,1.58972,1.68950,47.79122,33.52764,4.82542,2.81321,2.29345,2.92148
2014-03-07,,,,0.94878,1.50846,1.68564,2.61210,1.58502,1.68344,45.21865,33.19339,4.81603,2.80042,2.28406,2.89637
2014-03-10,,,,0.94962,1.50966,1.68895,2.61291,1.58520,1.68365,44.95962,33.15560,4.81504,2.78462,2.27247,2.86494
2014-03-11,,,,0.94554,1.50381,1.67208,2.62768,1.58842,1.68786,45.35919,33.21445,4.81659,2.78054,2.26947,2.85680
2014-03-12,,,,0.94910,1.50891,1.68666,2.66613,1.59732,1.69971,45.42453,33.22410,4.81685,2.77760,2.26731,2.85084
2014-03-13,,,,0.93568,1.48972,1.63042,2.67523,1.59967,1.70276,46.05334,33.32016,4.81942,2.76834,2.26051,2.83214
2014-03-14,,,,0.92929,1.48056,1.60479,2.69324,1.60516,1.71009,44.97088,33.14788,4.81474,2.77483,2.26528,2.84520
2014-03-17,,,,0.93746,1.49228,1.63554,2.66370,1.59460,1.69574,44.57376,33.08207,4.81292,2.75894,2.25361,2.81312
2014-03-18,,,,0.94878,1.50850,1.67662,2.64306,1.58719,1.68569,43.96890,32.98109,4.81010,2.77181,2.26307,2.83894
2014-03-19,,,,0.94365,1.50115,1.65844,2.59187,1.56874,1.66069,43.69704,32.93527,4.80882,2.77468,2.26518,2.84474
2014-03-20,,,,0.94627,1.50490,1.66766,2.58721,1.56702,1.65843,41.98615,32.64514,4.80066,2.74133,2.24068,2.77711
2014-03-21,,,,0.93488,1.48860,1.62739,2.59955,1.57118,1.66361,40.77561,32.43339,4.79466,2.73468,2.23579,2.76512
2014-03-24,,,,0.92669,1.47686,1.60009,2.55322,1.55674,1.64532,41.87275,32.62983,4.80027,2.73750,2.23786,2.76977
2014-03-25,,,,0.92973,1.48123,1.60948,2.55787,1.55778,1.64658,41.78314,32.61417,4.79984,2.74949,2.24668,2.78919
2014-03-26,,,,0.91776,1.46406,1.57293,2.53764,1.55392,1.64182,41.45909,32.55730,4.79823,2.74496,2.24334,2.78195
2014-03-27,,,,0.91261,1.45667,1.55916,2.52104,1.55170,1.63906,34.58223,31.34048,4.76366,2.76882,2.26065,2.81939
2014-03-28,,,,0.91440,1.45924,1.56352,2.52044,1.55166,1.63893,35.69144,31.46719,4.76734,2.77176,2.26278,2.82392
2014-03-31,,,,0.92091,1.46859,1.57875,2.50121,1.55048,1.63855,32.59184,31.19397,4.76440,2.76720,2.25949,2.81689
2014-04-01,,,,0.93709,1.49181,1.61506,2.49676,1.55020,1.63877,34.28480,31.35605,4.75935,2.75005,2.24711,2.79048
2014-04-02,,,,0.93950,1.49527,1.62004,2.51558,1.55137,1.63596,31.42203,31.09425,4.77164,2.74402,2.24272,2.78121
2014-04-03,,,,0.93205,1.48459,1.60467,2.50749,1.55088,1.63732,32.16853,31.16814,4.76519,2.76223,2.25531,2.80888
2014-04-04,,,,0.90726,1.44898,1.55345,2.54087,1.55294,1.62997,32.18848,31.17011,4.76495,2.77179,2.26184,2.82321
2014-04-07,,,,0.89864,1.43778,1.53983,2.52752,1.55213,1.63286,32.11228,31.16276,4.76587,2.76907,2.25999,2.81912
2014-04-08,,,,0.90694,1.44700,1.55113,2.55140,1.55360,1.62766,32.40916,31.19161,4.76165,2.79838,2.27998,2.86304
2014-04-09,,,,0.92249,1.46258,1.57020,2.55605,1.55388,1.62666,31.69591,31.12301,4.77239,2.80735,2.28609,2.87655
2014-04-10,,,,0.89392,1.43459,1.53713,2.57001,1.55473,1.62366,26.26154,30.58944,4.86755,2.81785,2.29323,2.89232
2014-04-11,,,,0.88352,1.42652,1.52867,2.56839,1.55464,1.62401,30.20040,31.04828,4.77900,2.80587,2.28492,2.87357
2014-04-14,,,,0.89045,1.43064,1.53304,2.58701,1.55577,1.62000,33.00360,31.33651,4.72517,2.82579,2.29910,2.90536
2014-04-15,,,,0.89339,1.43207,1.53458,2.53926,1.55290,1.62828,37.33436,31.74776,4.65586,2.81452,2.29085,2.88628
2014-04-16,,,,0.90526,1.43726,1.54022,2.54027,1.55296,1.62811,38.04055,31.80785,4.64887,2.81950,2.29450,2.89473
2014-04-17,,,,0.90547,1.43735,1.54032,2.52428,1.55198,1.63095,35.77563,31.61851,4.66760,2.83218,2.30379,2.91764
2014-04-18,,,,,,,,,,34.57192,31.51216,4.67796,,,
2014-04-21,,,,0.91219,1.44026,1.54349,2.51396,1.55135,1.63280,35.65016,31.61048,4.66834,2.81639,2.29223,2.88721
2014-04-22,,,,0.91944,1.44338,1.54689,2.50465,1.55078,1.63445,35.03597,31.55606,4.67345,2.82634,2.29952,2.90626
2014-04-23,,,,0.91135,1.43992,1.54312,2.50425,1.55076,1.63447,35.11681,31.56336,4.67277,2.83090,2.30285,2.91495
2014-04-24,,,,0.92007,1.44368,1.54721,2.52044,1.55176,1.63047,36.02286,31.64481,4.66511,2.84190,2.31091,2.93713
2014-04-25,,,,0.90536,1.43739,1.54037,2.53804,1.55284,1.62608,33.38422,31.41305,4.68537,2.83972,2.30932,2.93236
2014-04-28,,,,0.90831,1.43867,1.54175,2.52691,1.55216,1.62883,31.60357,31.24553,4.70019,2.83498,2.30584,2.92185
2014-04-29,,,,0.91555,1.44180,1.54516,2.52651,1.55214,1.62893,32.04462,31.28916,4.69631,2.85252,2.31869,2.96058
2014-04-30,,,,0.91797,1.44283,1.54626,2.51356,1.55135,1.63213,32.12806,31.29734,4.69559,2.83460,2.30558,2.91969
2014-05-01,,,,0.92070,1.44401,1.54766,2.50506,1.55082,1.63436,32.93821,31.37629,4.68858,2.80335,2.28270,2.84871
2014-05-02,,,,0.91902,1.44315,1.54661,2.53055,1.55240,1.62644,32.36884,31.32208,4.69338,2.81154,2.28870,2.86572
2014-05-05,,,,0.92385,1.44576,1.54982,2.55403,1.55384,1.61926,30.94439,31.18427,4.70577,2.81451,2.29088,2.87177
2014-05-06,,,,0.91188,1.43850,1.54074,2.54917,1.55355,1.62073,30.78622,31.16837,4.70749,2.82229,2.29657,2.88759
2014-05-07,,,,0.90925,1.43690,1.53873,2.51255,1.55132,1.63182,31.64902,31.25575,4.69671,2.80968,2.28734,2.86178
2014-05-08,,,,0.90841,1.43639,1.53809,2.51255,1.55132,1.63182,31.52161,31.24320,4.69826,2.80346,2.28279,2.84943
2014-05-09,,,,0.91177,1.43845,1.54066,2.51113,1.55124,1.63226,32.40164,31.33046,4.68704,2.79277,2.27495,2.82875
2014-05-12,,,,0.92679,1.44763,1.55215,2.52813,1.55229,1.62701,31.58447,31.25148,4.69716,2.79877,2.27935,2.83956
2014-05-13,,,,0.92742,1.44800,1.55260,2.52125,1.55187,1.62912,31.42162,31.23540,4.69923,2.80393,2.28313,2.84868
2014-05-14,,,,0.92259,1.44492,1.54863,2.54573,1.55338,1.62159,31.83979,31.27700,4.69359,2.81021,2.28774,2.85968
2014-05-15,,,,0.91534,1.44004,1.54229,2.52469,1.55209,1.62797,31.99105,31.29189,4.69158,2.79338,2.27537,2.83022
2014-05-16,,,,0.92133,1.44409,1.54755,2.51922,1.55176,1.62965,32.11850,31.30439,4.68990,2.78195,2.26734,2.81117
2014-05-19,,,,0.92774,1.44839,1.55316,2.52084,1.55186,1.62916,32.02278,31.29510,4.69117,2.79193,2.27374,2.82632
2014-05-20,,,,0.92438,1.44595,1.54990,2.52307,1.55200,1.62848,35.09553,31.59542,4.65052,2.78948,2.27220,2.82264
2014-05-21,,,,0.93320,1.45259,1.55891,2.51700,1.55163,1.63034,35.35305,31.61865,4.64743,2.79030,2.27265,2.82372
2014-05-22,,,,0.93730,1.45590,1.56339,2.52266,1.55198,1.62860,37.70647,31.82917,4.62162,2.78950,2.27217,2.82257
2014-05-23,,,,0.94413,1.46208,1.57193,2.51943,1.55178,1.62960,37.48352,31.81039,4.62312,2.79180,2.27343,2.82557
2014-05-26,,,,,,,,,,41.86021,32.18187,4.60131,,,
2014-05-27,,,,0.95589,1.47409,1.58872,2.46560,1.54847,1.64618,41.07863,32.12183,4.60197,2.77290,2.26315,2.80104
2014-05-28,,,,0.95295,1.47062,1.58389,2.45245,1.54765,1.65025,41.45519,32.15088,4.60240,,,
2014-05-29,,,,0.95904,1.47840,1.59479,2.44719,1.54732,1.65228,40.82247,32.08767,4.60040,2.77181,2.26255,2.79963
2014-05-30,,,,0.95915,1.47855,1.59489,2.43687,1.54667,1.65745,44.43677,32.60340,4.61702,2.75313,2.25389,2.77900
2014-06-02,,,,0.95820,1.47724,1.59270,2.42210,1.54573,1.66656,47.49010,33.15095,4.63399,2.75620,2.25503,2.78172
2014-06-03,,,,0.95778,1.47665,1.59162,2.42837,1.54613,1.66175,48.12583,33.29864,4.63850,2.74811,2.25217,2.77490
2014-06-04,,,,0.96135,1.48161,1.60065,2.42331,1.54581,1.66581,46.08592,32.68075,4.61932,2.74190,2.25028,2.77040
2014-06-05,,,,0.96944,1.49283,1.62259,2.44152,1.54698,1.64907,47.34679,33.12790,4.63331,,,
2014-06-06,,,,0.97501,1.50055,1.63854,2.44051,1.54691,1.64998,46.53297,32.81500,4.62345,2.75071,2.25235,2.77532
2014-06-09,,,,0.97427,1.49953,1.63612,2.44132,1.54697,1.64922,46.40435,32.76068,4.62170,2.75242,2.25269,2.77614
2014-06-10,,,,0.97595,1.50186,1.64166,2.45629,1.54792,1.63520,46.59047,32.84231,4.62437,2.74197,2.25061,2.77114
2014-06-11,,,,0.97574,1.50156,1.64081,2.45670,1.54795,1.63484,45.19852,32.20590,4.60320,2.73269,2.24905,2.76739
2014-06-12,,,,0.96692,1.48934,1.60743,2.48159,1.54952,1.61188,42.37033,30.87938,4.55822,2.76231,2.25253,2.77578
2014-06-13,,,,0.96976,1.49328,1.61803,2.48806,1.54992,1.60600,42.73320,31.05348,4.56433,2.77252,2.25373,2.77865
2014-06-16,,,,0.97060,1.49444,1.62118,2.47713,1.54925,1.61529,42.26958,30.83172,4.55660,2.77123,2.25358,2.77830
2014-06-17,,,,0.97112,1.49517,1.62315,2.47430,1.54907,1.61765,43.59460,31.46794,4.57891,2.77022,2.25347,2.77802
2014-06-18,,,,0.97658,1.50274,1.64368,2.48219,1.54957,1.61105,43.49080,31.41863,4.57721,2.77449,2.25396,2.77922
2014-06-19,,,,0.97595,1.50187,1.64127,2.56860,1.55496,1.54307,42.64062,31.01434,4.56324,2.80329,2.25727,2.78721
2014-06-20,,,,0.97710,1.50346,1.64565,2.55969,1.55442,1.54563,42.33858,30.86974,4.55820,2.80919,2.25802,2.78895
2014-06-23,,,,0.97731,1.50375,1.64645,2.56677,1.55486,1.54392,42.19692,30.80176,4.55582,2.80089,2.25622,2.78468
2014-06-24,,,,0.97636,1.50244,1.64282,2.56941,1.55502,1.54342,41.51133,30.47200,4.54427,2.80476,2.25713,2.78683
2014-06-25,,,,0.98258,1.51104,1.66661,2.56961,1.55503,1.54334,40.24182,29.87879,4.52257,2.81066,2.25878,2.79079
2014-06-26,,,,0.98311,1.51177,1.66863,2.56435,1.55471,1.54363,41.56684,30.45978,4.54580,2.80522,2.25699,2.78643
2014-06-27,,,,0.98742,1.51775,1.68544,2.56293,1.55463,1.54364,42.99039,31.03891,4.56873,2.79546,2.25362,2.77822
2014-06-30,,,,0.98911,1.52008,1.69211,2.59085,1.55633,1.54344,45.73225,32.13429,4.61165,2.76955,2.24468,2.75641
2014-07-01,,,,0.99996,1.53508,1.73616,2.58397,1.55591,1.54307,46.01930,32.24590,4.61592,2.76143,2.24186,2.74957
2014-07-02,,,,1.00164,1.53741,1.74327,2.58397,1.55588,1.54303,46.61636,32.47740,4.62474,2.76257,2.24225,2.75051
2014-07-03,,,,1.00796,1.54614,1.77128,2.57305,1.55491,1.54175,46.26672,32.34262,4.61963,2.76110,2.24170,2.74919
2014-07-04,,,,,,,,,,45.13743,31.90582,4.60303,,,
2014-07-07,,,,1.00491,1.54193,1.75696,2.57021,1.55464,1.54139,44.58054,31.68803,4.59459,2.72910,2.23170,2.72479
2014-07-08,,,,0.99280,1.52520,1.69915,2.57123,1.55474,1.54152,44.72651,31.74546,4.59686,2.72298,2.23032,2.72167
2014-07-09,,,,1.00017,1.53539,1.73359,2.58681,1.55625,1.54360,44.51499,31.66241,4.59353,2.70623,2.22813,2.71647
2014-07-10,,,,0.99701,1.53103,1.71864,2.60097,1.55784,1.54581,44.12732,31.50985,4.58734,2.69786,2.22744,2.71558
2014-07-11,,,,1.00343,1.53991,1.74886,2.60583,1.55849,1.54672,45.41362,32.01809,4.60805,2.67826,2.22582,2.71812
2014-07-14,,,,1.00944,1.54820,1.77742,2.54391,1.54789,1.53149,44.31875,31.59099,4.59085,2.67783,2.22579,2.71801
2014-07-15,,,,1.00596,1.54340,1.76071,2.51983,1.54369,1.52542,44.51466,31.66827,4.59400,2.66371,2.22462,2.72650
2014-07-16,,,,1.00996,1.54893,1.77983,2.52873,1.54510,1.52715,44.11508,31.51099,4.58762,2.66968,2.22512,2.72109
2014-07-17,,,,0.99659,1.53046,1.71490,2.57163,1.55049,1.53385,44.68105,31.73469,4.59673,2.67403,2.22548,2.71654
2014-07-18,,,,1.01239,1.55230,1.78953,2.55221,1.54808,1.53084,45.14563,31.91728,4.60413,2.65983,2.22430,2.73219
2014-07-21,,,,1.01112,1.55056,1.78400,2.55645,1.54861,1.53147,44.46962,31.65285,4.59320,2.66149,2.22444,2.72990
2014-07-22,,,,1.01755,1.55943,1.81204,2.54431,1.54713,1.52967,44.36355,31.61108,4.59145,2.64991,2.22348,2.74599
2014-07-23,,,,1.02408,1.56843,1.84081,2.54189,1.54685,1.52934,44.35994,31.60968,4.59140,2.65706,2.22408,2.73483
2014-07-24,,,,1.02292,1.56684,1.83556,2.51619,1.54448,1.52633,43.15081,31.13296,4.57126,2.65486,2.22390,2.73828
2014-07-25,,,,1.01892,1.56132,1.81700,2.54533,1.54627,1.52824,43.05769,31.09580,4.56968,2.66011,2.22434,2.72965
2014-07-28,,,,1.01923,1.56175,1.81839,2.54108,1.54601,1.52797,42.04952,30.69296,4.55246,2.66081,2.22440,2.72850
2014-07-29,,,,1.01744,1.55928,1.80975,2.53339,1.54554,1.52750,41.80756,30.59514,4.54825,2.64624,2.22319,2.75230
2014-07-30,,,,1.02144,1.56481,1.82916,2.52590,1.54509,1.52716,40.29034,29.98714,4.52168,2.64259,2.22288,2.75854
2014-07-31,,,,1.00080,1.53634,1.72507,2.49676,1.54331,1.52653,41.65462,30.46400,4.54537,2.63152,2.22195,2.77838
2014-08-01,,,,0.99711,1.53125,1.71070,2.51679,1.54455,1.52571,42.69468,30.78516,4.56090,2.61455,2.22052,2.81102
2014-08-04,,,,1.00396,1.54071,1.73626,2.50890,1.54407,1.52612,42.05778,30.59345,4.55171,2.63152,2.22197,2.77451
2014-08-05,,,,0.99627,1.53009,1.70809,2.50648,1.54392,1.52629,41.64792,30.47095,4.54575,2.61739,2.22078,2.80426
2014-08-06,,,,0.99553,1.52907,1.70552,2.54290,1.54616,1.52213,41.67414,30.47829,4.54612,2.63773,2.22251,2.75850
2014-08-07,,,,0.99237,1.52471,1.69476,2.55322,1.54679,1.52098,41.94600,30.55348,4.54990,2.62779,2.22167,2.78036
2014-08-08,,,,0.99954,1.53461,1.71838,2.55342,1.54681,1.52095,42.15913,30.61130,4.55284,2.61957,2.22098,2.79863
2014-08-11,,,,1.00543,1.54276,1.73742,2.54877,1.54653,1.52148,41.04379,30.30946,4.53755,2.62676,2.22159,2.78250
2014-08-12,,,,1.00501,1.54218,1.73605,2.54937,1.54657,1.52141,40.67633,30.21479,4.53268,2.61016,2.22019,2.81944
2014-08-13,,,,1.01565,1.55687,1.77056,2.55362,1.54683,1.52094,39.24933,29.87937,4.51515,2.59771,2.21913,2.84763
2014-08-14,,,,1.02092,1.56414,1.78780,2.55585,1.54696,1.52067,36.15282,29.29152,4.48461,2.58499,2.21805,2.87747
2014-08-15,,,,1.02587,1.57096,1.80406,2.53905,1.54595,1.52229,35.81038,29.26342,4.48320,2.58627,2.21816,2.87393
2014-08-18,,,,1.03377,1.58185,1.83029,2.52853,1.54531,1.52331,33.56543,29.08000,4.48513,2.57436,2.21714,2.90654
2014-08-19,,,,1.03956,1.58983,1.85085,2.52287,1.54496,1.52386,34.84207,29.19064,4.47509,2.57124,2.21688,2.91561
2014-08-20,,,,1.03956,1.58983,1.85068,2.51356,1.54440,1.52477,36.86949,29.36053,4.45513,2.57712,2.21739,2.89740
2014-08-21,,,,1.04167,1.59273,1.85941,2.48644,1.54273,1.52740,37.16920,29.38442,4.45236,2.58169,2.21778,2.88323
2014-08-22,,,,1.04325,1.59490,1.86645,2.49272,1.54312,1.52657,36.94385,29.36664,4.45444,2.58030,2.21766,2.88755
2014-08-25,,,,1.04693,1.59997,1.88399,2.48361,1.54256,1.52811,35.90251,29.28390,4.46406,2.57994,2.21764,2.88868
2014-08-26,,,,1.04799,1.60142,1.88914,2.49595,1.54333,1.52505,36.63558,29.34373,4.45683,2.58993,2.21850,2.85783
2014-08-27,,,,1.04820,1.60171,1.89018,2.49535,1.54329,1.52518,36.51462,29.33408,4.45800,2.59242,2.21871,2.85028
2014-08-28,,,,1.04704,1.60012,1.88417,2.50911,1.54415,1.52112,36.23711,29.31182,4.46076,2.59892,2.21927,2.83059
2014-08-29,,,,1.05093,1.60548,1.90436,2.50627,1.54397,1.52195,36.42188,29.32680,4.45877,2.60403,2.21971,2.81523
2014-09-01,,,,,,,,,,33.96507,29.12901,4.48555,,,
2014-09-02,,,,1.05399,1.60968,1.92041,2.46155,1.54122,1.53505,33.95714,29.12836,4.48562,2.57782,2.21748,2.89319
2014-09-03,,,,1.04777,1.60114,1.88717,2.47167,1.54186,1.53188,33.92340,29.12549,4.48615,2.57523,2.21726,2.90120
2014-09-04,,,,1.04683,1.59983,1.88215,2.45811,1.54101,1.53652,35.03967,29.22137,4.46523,2.56492,2.21637,2.93312
2014-09-05,,,,1.05209,1.60708,1.90994,2.46985,1.54175,1.53161,34.26628,29.15690,4.47920,2.56861,2.21670,2.92154
2014-09-08,,,,1.05410,1.60983,1.92061,2.44294,1.54007,1.54323,33.56669,29.09739,4.49227,2.55608,2.21562,2.96070
2014-09-09,,,,1.04535,1.59782,1.87373,2.44577,1.54025,1.54176,33.89139,29.12556,4.48529,2.54029,2.21425,3.01087
2014-09-10,,,,1.05399,1.60969,1.91928,2.43343,1.53947,1.54847,34.19676,29.15182,4.47858,2.52307,2.21275,3.06776
2014-09-11,,,,1.05315,1.60854,1.91476,2.41744,1.53846,1.55847,34.16041,29.14875,4.47937,2.50231,2.21093,3.14374
2014-09-12,,,,1.04777,1.60115,1.88602,2.39539,1.53706,1.57449,33.92612,29.12878,4.48464,2.49552,2.21033,3.17057
2014-09-15,,,,1.03766,1.58725,1.83245,2.40065,1.53740,1.56990,33.83009,29.12055,4.48691,2.49671,2.21044,3.16533
2014-09-16,,,,1.04672,1.59972,1.87950,2.40449,1.53765,1.56624,33.22329,29.06834,4.50186,2.51532,2.21209,3.08378
2014-09-17,,,,1.04830,1.60189,1.88779,2.37839,1.53598,1.59204,32.66230,29.01928,4.51706,2.51082,2.21169,3.10286
2014-09-18,,,,1.05620,1.61275,1.92934,2.38325,1.53629,1.58668,30.55373,28.83196,4.58111,2.47876,2.20887,3.23987
2014-09-19,,,,1.05555,1.61186,1.92584,2.36928,1.53540,1.60264,28.19276,28.60919,4.66573,2.45821,2.20704,3.33281
2014-09-22,,,,1.04573,1.59836,1.87341,2.36443,1.53508,1.60875,28.69291,28.65995,4.64301,2.44052,2.20545,3.41576
2014-09-23,,,,1.04288,1.59444,1.85900,2.37960,1.53607,1.58794,31.38484,28.92884,4.51335,2.44001,2.20541,3.41821
2014-09-24,,,,1.05407,1.60984,1.91435,2.36847,1.53535,1.60287,30.32613,28.83128,4.55167,2.45915,2.20714,3.32551
2014-09-25,,,,1.03190,1.57936,1.80814,2.37535,1.53580,1.59327,29.31246,28.73492,4.58996,2.44994,2.20631,3.36860
2014-09-26,,,,1.04288,1.59449,1.84424,2.36868,1.53537,1.60250,29.00902,28.70518,4.60191,2.45204,2.20650,3.35863
2014-09-29,,,,1.04150,1.59260,1.83995,2.36807,1.53533,1.60335,26.70191,28.47691,4.69647,2.47754,2.20880,3.23764
2014-09-30,,,,1.04298,1.59464,1.84457,2.35148,1.53425,1.62686,27.86138,28.60058,4.63816,2.44191,2.20563,3.39393
2014-10-01,,,,1.02630,1.57168,1.79216,2.36281,1.53499,1.60977,27.40655,28.55391,4.65979,2.43912,2.20538,3.40598
2014-10-02,,,,1.02630,1.57168,1.79212,2.36220,1.53495,1.61068,26.66334,28.47649,4.69724,2.43214,2.20475,3.43628
2014-10-03,,,,1.03644,1.58565,1.81848,2.31910,1.53215,1.67476,25.59975,28.36291,4.75870,2.42804,2.20438,3.45422
2014-10-06,,,,1.03422,1.58260,1.81294,2.34783,1.53405,1.62947,23.39080,28.11819,4.90624,2.46023,2.20730,3.31032
2014-10-07,,,,1.01954,1.56239,1.77614,2.35451,1.53449,1.61965,23.87512,28.17643,4.86945,2.46588,2.20781,3.28790
2014-10-08,,,,1.03939,1.58976,1.81948,2.37697,1.53595,1.58677,25.36653,28.35245,4.75722,2.44419,2.20587,3.37281
2014-10-09,,,,1.02261,1.56663,1.78750,2.38041,1.53618,1.58228,25.88968,28.41094,4.72103,2.44480,2.20592,3.37036
2014-10-10,,,,0.99706,1.53403,1.74402,2.37940,1.53611,1.58357,25.68740,28.38875,4.73464,2.43188,2.20476,3.42230
2014-10-13,,,,0.98143,1.51818,1.72462,2.39822,1.53733,1.55952,28.05679,28.65062,4.57338,2.44909,2.20632,3.35171
2014-10-14,,,,0.98154,1.51817,1.72462,2.39964,1.53742,1.55787,28.69283,28.71559,4.54086,2.43601,2.20514,3.40391
2014-10-15,,,,0.97520,1.51444,1.72000,2.40773,1.53794,1.54883,28.24515,28.67080,4.56173,2.40709,2.20252,3.52175
2014-10-16,,,,0.96908,1.51199,1.71691,2.41238,1.53824,1.54390,27.36447,28.58144,4.60351,2.41835,2.20356,3.47372
2014-10-17,,,,0.98185,1.51446,1.72006,2.40773,1.53794,1.54855,27.35583,28.58056,4.60395,2.41627,2.20337,3.48245
2014-10-20,,,,0.99653,1.51672,1.72225,2.42412,1.53899,1.53224,27.28355,28.57303,4.60752,2.39901,2.20180,3.55502
2014-10-21,,,,1.02271,1.52071,1.72612,2.42857,1.53927,1.52823,27.57083,28.60313,4.59328,2.41675,2.20343,3.47837
2014-10-22,,,,1.01743,1.51993,1.72536,2.41481,1.53840,1.53973,27.25405,28.57029,4.60879,2.39999,2.20190,3.54872
2014-10-23,,,,1.03274,1.52217,1.72751,2.39822,1.53735,1.55337,25.57678,28.39447,4.69210,2.41206,2.20301,3.49665
2014-10-24,,,,1.04119,1.52401,1.72959,2.39478,1.53713,1.55625,25.58706,28.39562,4.69154,2.39848,2.20177,3.55407
2014-10-27,,,,1.04193,1.52422,1.72983,2.38891,1.53675,1.56117,25.05220,28.33629,4.72090,2.40369,2.20225,3.53157
2014-10-28,,,,1.05766,1.53223,1.73925,2.38972,1.53680,1.56049,25.38417,28.37386,4.70051,2.42283,2.20400,3.44957
2014-10-29,,,,1.05375,1.52957,1.73613,2.35552,1.53461,1.58929,23.87721,28.20544,4.79317,2.44991,2.20647,3.33662
2014-10-30,,,,1.05597,1.53127,1.73814,2.33084,1.53300,1.61076,24.66525,28.29854,4.73647,2.42664,2.20438,3.41863
2014-10-31,,,,1.07054,1.54444,1.75416,2.27964,1.52963,1.65687,24.13370,28.23757,4.77303,2.42228,2.20398,3.43390
2014-11-03,,,,1.07371,1.54763,1.75802,2.26932,1.52894,1.66643,23.28762,28.13859,4.83530,2.42200,2.20396,3.43491
2014-11-04,,,,1.07012,1.54334,1.75268,2.27074,1.52904,1.66463,23.59509,28.17577,4.80934,2.39645,2.20163,3.52495
2014-11-05,,,,1.07022,1.54347,1.75277,2.22157,1.52573,1.72889,24.24986,28.25399,4.75395,2.39281,2.20130,3.53826
2014-11-06,,,,1.07360,1.54786,1.75865,2.22339,1.52586,1.72621,25.02888,28.34479,4.69056,2.40701,2.20261,3.48611
2014-11-07,,,,1.07265,1.54662,1.75676,2.28592,1.53015,1.63001,24.48802,28.28357,4.73265,2.42105,2.20390,3.43560
2014-11-10,,,,1.07645,1.55156,1.76446,2.23513,1.52675,1.68526,26.16064,28.47677,4.59833,2.39760,2.20176,3.51829
2014-11-11,,,,1.07983,1.55594,1.77178,2.26710,1.52894,1.64910,26.32693,28.49489,4.58787,2.41859,2.20369,3.44157
2014-11-12,,,,1.08173,1.55840,1.77615,2.25617,1.52820,1.66032,30.24677,28.91918,4.34986,2.41378,2.20326,3.45775
2014-11-13,,,,1.08637,1.56443,1.78772,2.25961,1.52843,1.65675,30.19832,28.91457,4.35110,2.38537,2.20066,3.55399
2014-11-14,,,,1.08975,1.56880,1.79667,2.31627,1.53227,1.59795,28.51449,28.75336,4.39067,2.40465,2.20244,3.48619
2014-11-17,,,,1.08648,1.56456,1.78720,2.30777,1.53171,1.60497,27.73520,28.67481,4.40943,2.41699,2.20358,3.44567
2014-11-18,,,,1.09461,1.57510,1.81135,2.32800,1.53305,1.58818,26.75917,28.57392,4.43369,2.40273,2.20228,3.49071
2014-11-19,,,,1.08965,1.56868,1.79579,2.30028,1.53123,1.60939,27.02749,28.60258,4.42674,2.40927,2.20288,3.46967
2014-11-20,,,,1.09450,1.57497,1.81117,2.32416,1.53282,1.59077,25.49350,28.44026,4.46601,2.42600,2.20441,3.41618
2014-11-21,,,,1.09662,1.57770,1.81814,2.33488,1.53352,1.58302,25.10468,28.39690,4.47665,2.43008,2.20478,3.40382
2014-11-24,,,,1.10517,1.58877,1.84815,2.32922,1.53315,1.58693,26.98318,28.60940,4.42309,2.41178,2.20312,3.45824
2014-11-25,,,,1.10686,1.59096,1.85426,2.33468,1.53351,1.58316,26.96610,28.60761,4.42354,2.42137,2.20400,3.42932
2014-11-26,,,,1.11404,1.60025,1.88232,2.33023,1.53322,1.58616,26.30579,28.53758,4.44087,2.41724,2.20363,3.44152
2014-11-27,,,,,,,,,,26.44894,28.55313,4.43701,,,
2014-11-28,,,,1.11921,1.60694,1.90375,2.26851,1.52916,1.62790,27.04779,28.61780,4.42095,2.32374,2.19510,3.71806
2014-12-01,,,,1.10654,1.59057,1.84701,2.35896,1.53526,1.56706,27.13475,28.62703,4.41868,2.36185,2.19871,3.64061
2014-12-02,,,,1.11097,1.59630,1.86650,2.32983,1.53337,1.57858,27.40923,28.65602,4.41154,2.31487,2.19434,3.72828
2014-12-03,,,,1.11298,1.59890,1.87537,2.35391,1.53495,1.56894,26.90600,28.60342,4.42449,2.30767,2.19365,3.74232
2014-12-04,,,,1.11245,1.59821,1.87300,2.34480,1.53436,1.57231,26.39994,28.54964,4.43780,2.30841,2.19373,3.74065
2014-12-05,,,,1.11256,1.59835,1.87340,2.31546,1.53244,1.58318,27.08582,28.62384,4.41937,,,
2014-12-08,,,,1.10464,1.58811,1.83706,2.34278,1.53425,1.57287,25.99698,28.50880,4.44778,2.27699,2.19074,3.80831
2014-12-09,,,,1.10812,1.59262,1.85285,2.39154,1.53745,1.55470,25.13030,28.41380,4.47147,2.30418,2.19336,3.74165
2014-12-10,,,,1.09070,1.57009,1.77317,2.38689,1.53715,1.55604,24.89944,28.38773,4.47849,2.28125,2.19118,3.79609
2014-12-11,,,,1.09588,1.57679,1.79341,2.38142,1.53680,1.55750,24.95037,28.39356,4.47671,2.27720,2.19079,3.80630
2014-12-12,,,,1.08395,1.56134,1.74695,2.37576,1.53643,1.55895,25.27944,28.43103,4.46452,2.27901,2.19097,3.80106
2014-12-15,,,,1.07276,1.54683,1.70801,2.31465,1.53248,1.57428,24.84317,28.38201,4.48079,2.25860,2.18901,3.86126
2014-12-16,,,,1.05555,1.52450,1.65463,2.32598,1.53324,1.57133,23.52034,28.23091,4.53512,2.22744,2.18599,3.96254
2014-12-17,,,,1.07476,1.54948,1.70168,2.31222,1.53233,1.57489,22.92514,28.15950,4.56401,2.23959,2.18719,3.91845
2014-12-18,,,,1.10063,1.58304,1.75371,2.33003,1.53351,1.57026,22.43944,28.09988,4.59175,2.23282,2.18653,3.94306
2014-12-19,,,,1.10547,1.58931,1.76216,2.32234,1.53301,1.57224,22.77808,28.14233,4.56914,2.23562,2.18681,3.93181
2014-12-22,,,,1.10822,1.59287,1.76696,2.27742,1.53005,1.58383,23.75147,28.26264,4.50293,2.20193,2.18352,4.06962
2014-12-23,,,,1.10430,1.58780,1.76010,2.28126,1.53031,1.58264,24.05506,28.29879,4.48342,2.21380,2.18470,4.01862
2014-12-24,,,,1.10526,1.58904,1.76174,2.28187,1.53035,1.58239,23.12088,28.18891,4.54247,2.18429,2.18178,4.14322
2014-12-25,,,,,,,,,,22.83199,28.15370,4.56171,,,
2014-12-26,,,,1.11310,1.59918,1.77648,2.32355,1.53314,1.56630,23.56307,28.24385,4.51158,2.19090,2.18244,4.11405
2014-12-29,,,,1.11289,1.59891,1.77598,2.30008,1.53160,1.57511,22.40751,28.10537,4.58753,2.18323,2.18168,4.14770
2014-12-30,,,,1.10547,1.58932,1.76015,2.33104,1.53366,1.56331,22.21973,28.08185,4.60068,,,
2014-12-31,,,,1.09413,1.57465,1.73581,2.29826,1.53150,1.57555,22.95125,28.17434,4.54559,2.14651,2.17802,4.31464
2015-01-01,,,,,,,,,,22.52997,28.12267,4.57595,,,
2015-01-02,,,,1.09085,1.57039,1.72879,2.30838,1.53218,1.57169,22.61345,28.13311,4.56978,2.13691,2.17704,4.36086
2015-01-05,,,,1.07485,1.54966,1.69457,2.34318,1.53449,1.55851,19.68327,27.76860,4.78837,2.13715,2.17707,4.35961
2015-01-06,,,,1.06043,1.53096,1.66470,2.36989,1.53624,1.54861,20.58122,27.89531,4.70773,2.14146,2.17751,4.33809
2015-01-07,,,,1.07410,1.54867,1.68856,2.35593,1.53534,1.55348,21.29596,27.99221,4.64845,2.13000,2.17635,4.39540
2015-01-08,,,,1.09466,1.57342,1.72036,2.34601,1.53469,1.55680,20.35167,27.86812,4.72111,2.13229,2.17659,4.38340
2015-01-09,,,,1.08746,1.56504,1.71010,2.37272,1.53644,1.54784,20.93562,27.94810,4.67336,2.13200,2.17656,4.38484
2015-01-12,,,,1.07612,1.55181,1.69393,2.39903,1.53815,1.54016,19.22615,27.71992,4.80788,2.09646,2.17293,4.57530
2015-01-13,,,,1.07580,1.55143,1.69348,2.39093,1.53763,1.54199,16.04043,27.26064,5.08868,2.08403,2.17165,4.64599
2015-01-14,,,,1.06986,1.54499,1.68534,2.38709,1.53739,1.54275,12.57118,26.67108,5.47663,2.10582,2.17392,4.51946
2015-01-15,,,,1.05598,1.53074,1.66703,2.44719,1.54126,1.53168,15.19820,27.22846,5.07297,2.09282,2.17258,4.59218
2015-01-16,,,,1.06838,1.54172,1.68100,2.47916,1.54327,1.52880,14.85852,27.16764,5.10194,2.12551,2.17598,4.40531
2015-01-19,,,,,,,,,,15.52413,27.28937,5.04358,,,
2015-01-20,,,,1.07686,1.54869,1.68977,2.51315,1.54536,1.52854,15.16806,27.22680,5.07309,2.08833,2.17217,4.60600
2015-01-21,,,,1.08237,1.55321,1.69545,2.51376,1.54532,1.52849,16.31213,27.43220,4.96961,2.10990,2.17442,4.48411
2015-01-22,,,,1.10240,1.56959,1.71607,2.53399,1.54845,1.53173,16.72320,27.50135,4.93575,2.09017,2.17239,4.58996
2015-01-23,,,,1.10483,1.57157,1.71857,2.51376,1.54369,1.52670,16.68637,27.49532,4.93869,2.08076,2.17141,4.64211
2015-01-26,,,,1.10356,1.57050,1.71722,2.48867,1.53680,1.51944,19.60800,27.97676,4.70465,2.07282,2.17058,4.68684
2015-01-27,,,,1.07495,1.54559,1.68520,2.51720,1.54485,1.52787,18.94962,27.88285,4.73564,2.08468,2.17183,4.61920
2015-01-28,,,,1.06944,1.54075,1.67897,2.49737,1.53872,1.52138,16.87268,27.57726,4.83744,2.06267,2.16954,4.74231
2015-01-29,,,,1.07972,1.54981,1.69025,2.44355,1.52166,1.50328,16.74538,27.55649,4.84460,2.03205,2.16632,4.92003
2015-01-30,,,,1.07135,1.54244,1.68131,2.49798,1.53910,1.52177,16.38313,27.49689,4.86513,2.07481,2.17088,4.65840
2015-02-02,,,,1.08067,1.55041,1.69085,2.47713,1.53249,1.51476,17.18450,27.63141,4.81492,2.08471,2.17192,4.60489
2015-02-03,,,,1.09106,1.55920,1.70142,2.44941,1.52367,1.50538,16.30293,27.48968,4.86702,2.14014,2.17769,4.30957
2015-02-04,,,,1.09010,1.55839,1.70045,2.46014,1.52710,1.50889,16.23175,27.47769,4.87168,2.09065,2.17266,4.52818
2015-02-05,,,,1.09954,1.56634,1.71003,2.46439,1.52846,1.51025,15.53247,27.35933,4.92042,2.10857,2.17452,4.44864
2015-02-06,,,,1.09286,1.56074,1.70327,2.40065,1.50828,1.48979,15.94143,27.43139,4.88725,2.11201,2.17488,4.43405
2015-02-09,,,,1.08936,1.55779,1.69972,2.41137,1.51084,1.49221,15.80140,27.40730,4.89828,2.13089,2.17682,4.35411
2015-02-10,,,,1.10632,1.57209,1.71694,2.39721,1.50791,1.48941,15.80996,27.40879,4.89753,2.10118,2.17379,4.47388
2015-02-11,,,,1.11034,1.57543,1.72093,2.36888,1.50332,1.48491,15.71031,27.39153,4.90622,2.09094,2.17273,4.51655
2015-02-12,,,,1.12327,1.58690,1.73563,2.37434,1.50382,1.48539,15.93129,27.43008,4.88580,2.11944,2.17569,4.39601
2015-02-13,,,,1.13292,1.59644,1.74786,2.38729,1.50464,1.48604,16.93133,27.60227,4.79393,2.14953,2.17878,4.27559
2015-02-16,,,,,,,,,,16.82617,27.58514,4.80285,,,
2015-02-17,,,,1.13398,1.59758,1.74931,2.34743,1.50213,1.48486,17.45744,27.68865,4.74887,2.13945,2.17776,4.31158
2015-02-18,,,,1.13557,1.59959,1.75189,2.35411,1.50256,1.48462,16.89124,27.59887,4.79470,2.12356,2.17615,4.36899
2015-02-19,,,,1.14118,1.60671,1.76239,2.34601,1.50204,1.48514,17.31189,27.66762,4.75918,2.12378,2.17617,4.36822
2015-02-20,,,,1.14881,1.61638,1.77823,2.33266,1.50119,1.48665,17.57374,27.70948,4.73776,2.11366,2.17513,4.40555
2015-02-23,,,,1.14998,1.61786,1.78079,2.33569,1.50138,1.48608,17.11103,27.63655,4.77489,2.09314,2.17302,4.48222
2015-02-24,,,,1.15082,1.61893,1.78282,2.33225,1.50116,1.48677,17.16852,27.64585,4.77012,2.09798,2.17353,4.46365
2015-02-25,,,,1.14796,1.61531,1.77494,2.34116,1.50174,1.48445,17.05163,27.62705,4.77979,2.11486,2.17528,4.39929
2015-02-26,,,,1.15379,1.62269,1.79147,2.34864,1.50222,1.48236,16.96634,27.61326,4.78691,2.10079,2.17383,4.45175
2015-02-27,,,,1.14871,1.61625,1.77603,2.35047,1.50234,1.48183,18.25986,27.82380,4.67829,2.12827,2.17668,4.34724
2015-03-02,,,,1.15909,1.62940,1.80789,2.34075,1.50172,1.48468,19.77766,28.05510,4.56791,2.09634,2.17341,4.46434
2015-03-03,,,,1.15369,1.62257,1.79069,2.33650,1.50145,1.48602,20.23454,28.11993,4.54365,2.10070,2.17387,4.44766
2015-03-04,,,,1.14924,1.61693,1.77635,2.32922,1.50098,1.48853,19.57187,28.02785,4.57496,2.09980,2.17378,4.45110
2015-03-05,,,,1.15125,1.61948,1.78280,2.32699,1.50084,1.48936,19.77380,28.05679,4.56521,2.09247,2.17302,4.47894
2015-03-06,,,,1.13821,1.60298,1.73942,2.26346,1.49674,1.51629,19.56261,28.02683,4.57493,2.07337,2.17104,4.55341
2015-03-09,,,,1.14150,1.60715,1.75021,2.26568,1.49689,1.51521,20.76592,28.19925,4.51898,2.06462,2.17012,4.58950
2015-03-10,,,,1.12031,1.58029,1.68002,2.25455,1.49615,1.52096,20.92269,28.22055,4.51317,2.03976,2.16751,4.69937
2015-03-11,,,,1.11384,1.57208,1.66288,2.24100,1.49525,1.52934,21.23568,28.26280,4.50241,2.04475,2.16804,4.67526
2015-03-12,,,,1.12115,1.58137,1.68079,2.24039,1.49522,1.52969,21.17176,28.25433,4.50439,2.03687,2.16721,4.71421
2015-03-13,,,,1.11628,1.57518,1.66932,2.24363,1.49543,1.52695,20.46394,28.15989,4.52547,2.00771,2.16411,4.86914
2015-03-16,,,,1.13069,1.59349,1.70172,2.24221,1.49534,1.52814,20.85625,28.21393,4.51334,2.00261,2.16356,4.89817
2015-03-17,,,,1.13249,1.59577,1.70553,2.23007,1.49453,1.53969,20.41651,28.15449,4.52636,1.99506,2.16275,4.94366
2015-03-18,,,,1.14362,1.60988,1.72907,2.27378,1.49747,1.49352,18.41513,27.87853,4.58702,2.02025,2.16548,4.78649
2015-03-19,,,,1.14531,1.61203,1.73267,2.27216,1.49736,1.49504,18.75917,27.93065,4.57531,2.01617,2.16505,4.81087
2015-03-20,,,,1.15273,1.62142,1.74843,2.29806,1.49907,1.47074,18.82170,27.93996,4.57323,2.04821,2.16849,4.61834
2015-03-23,,,,1.15050,1.61860,1.74360,2.31263,1.50002,1.45866,19.09450,27.98049,4.56418,2.06021,2.16976,4.55013
2015-03-24,,,,1.14635,1.61335,1.73420,2.31829,1.50039,1.45433,17.66710,27.77134,4.61078,2.05764,2.16949,4.56420
2015-03-25,,,,1.12012,1.58013,1.67301,2.32153,1.50060,1.45198,17.65880,27.77008,4.61108,2.06392,2.17016,4.52974
2015-03-26,,,,1.11630,1.57527,1.66534,2.33671,1.50158,1.44162,17.86020,27.80178,4.60173,2.07909,2.17176,4.44813
2015-03-27,,,,1.12076,1.58094,1.67371,2.32821,1.50104,1.44677,17.70602,27.77782,4.60924,2.04451,2.16815,4.62165
2015-03-30,,,,1.13361,1.59725,1.69705,2.30170,1.49933,1.46230,17.77459,27.78862,4.60552,2.04292,2.16798,4.62968
2015-03-31,,,,1.12161,1.58202,1.67591,2.29988,1.49921,1.46338,17.51518,27.74809,4.62026,2.01896,2.16544,4.75017
2015-04-01,,,,1.11577,1.57466,1.66620,2.33913,1.50178,1.44004,17.69220,27.77617,4.60911,2.05545,2.16936,4.55935
2015-04-02,,,,1.11651,1.57551,1.66736,2.33266,1.50136,1.44313,18.15345,27.84860,4.57948,2.05115,2.16891,4.57915
2015-04-03,,,,,,,,,,18.23956,27.86183,4.57413,2.05152,2.16895,4.57748
2015-04-06,,,,1.12564,1.58591,1.68155,2.36119,1.50320,1.42978,18.34937,27.87863,4.56734,2.07717,2.17166,4.45838
2015-04-07,,,,1.12373,1.58377,1.67861,2.34945,1.50245,1.43417,18.23947,27.86196,4.57409,2.08603,2.17259,4.42041
2015-04-08,,,,1.13265,1.59379,1.69232,2.33650,1.50163,1.43872,17.59482,27.76351,4.61416,2.04164,2.16797,4.60232
2015-04-09,,,,1.13977,1.60178,1.70325,2.32032,1.50059,1.44438,17.45421,27.74135,4.62385,2.03284,2.16704,4.63728
2015-04-10,,,,1.14444,1.60701,1.71043,2.34662,1.50229,1.43505,16.88242,27.65049,4.66644,2.04672,2.16852,4.58150
2015-04-13,,,,1.14158,1.60380,1.70600,2.32983,1.50122,1.44056,16.14046,27.52900,4.72951,2.03827,2.16762,4.61486
2015-04-14,,,,1.13828,1.60011,1.70079,2.31566,1.50030,1.44525,15.72902,27.45885,4.77070,2.05081,2.16896,4.56484
2015-04-15,,,,1.14540,1.60807,1.71240,2.33569,1.50160,1.43856,15.98358,27.50331,4.74088,2.08730,2.17282,4.42150
2015-04-16,,,,1.14381,1.60622,1.70960,2.32760,1.50108,1.44123,16.35433,27.56712,4.69694,2.10513,2.17468,4.35807
2015-04-17,,,,1.12596,1.58490,1.67713,2.33913,1.50183,1.43740,15.94573,27.49826,4.74378,2.09503,2.17363,4.39070
2015-04-20,,,,1.14285,1.60512,1.70772,2.32133,1.50069,1.44327,16.09674,27.52433,4.72472,2.08159,2.17224,4.43353
2015-04-21,,,,1.14774,1.61096,1.71633,2.33468,1.50155,1.43882,16.81567,27.64729,4.63324,2.07282,2.17133,4.46178
2015-04-22,,,,1.15400,1.61844,1.72738,2.30332,1.49954,1.44917,16.73572,27.63418,4.64280,2.07082,2.17112,4.46829
2015-04-23,,,,1.15836,1.62363,1.73508,2.32011,1.50063,1.44352,16.88681,27.65915,4.62464,2.09082,2.17322,4.40308
2015-04-24,,,,1.17408,1.64268,1.76280,2.28754,1.49853,1.45438,16.56654,27.60673,4.66267,2.09034,2.17317,4.40460
2015-04-27,,,,1.17111,1.63894,1.75723,2.33367,1.50155,1.43867,16.27075,27.55745,4.69877,2.09393,2.17355,4.39316
2015-04-28,,,,1.16876,1.63599,1.75241,2.35391,1.50285,1.43194,16.14359,27.53594,4.71468,2.10003,2.17418,4.37388
2015-04-29,,,,1.16144,1.62677,1.73658,2.33731,1.50179,1.43667,16.15217,27.53741,4.71355,2.12065,2.17632,4.30990
2015-04-30,,,,1.14317,1.60373,1.69698,2.29603,1.49914,1.44816,16.91506,27.66748,4.61285,2.13472,2.17776,4.27054
2015-05-01,,,,1.15825,1.62278,1.72938,2.28814,1.49863,1.45041,16.65872,27.62557,4.64426,2.12757,2.17703,4.28849
2015-05-04,,,,1.16016,1.62518,1.73333,2.30878,1.49998,1.44449,17.10464,27.69953,4.58837,2.13368,2.17766,4.27355
2015-05-05,,,,1.14126,1.60135,1.69406,2.31526,1.50040,1.44266,16.89326,27.66531,4.61281,2.15492,2.17983,4.22443
2015-05-06,,,,1.13340,1.59143,1.67951,2.31404,1.50032,1.44300,16.42501,27.58865,4.66792,2.15149,2.17949,4.23109
2015-05-07,,,,1.14020,1.60001,1.69120,2.29502,1.49909,1.44837,16.97251,27.68062,4.60083,2.12150,2.17645,4.28651
2015-05-08,,,,1.15443,1.61793,1.71490,2.30615,1.49982,1.44519,17.49163,27.76529,4.54204,2.14198,2.17855,4.24858
2015-05-11,,,,1.14997,1.61237,1.70764,2.29725,1.49924,1.44772,17.33891,27.74107,4.55729,2.12749,2.17708,4.27367
2015-05-12,,,,1.14476,1.60588,1.69918,2.31688,1.50052,1.44212,17.33600,27.74064,4.55757,2.15334,2.17972,4.22822
2015-05-13,,,,1.14710,1.60878,1.70297,2.35836,1.50321,1.43043,16.93097,27.67584,4.59716,2.16018,2.18042,4.21727
2015-05-14,,,,1.16388,1.62951,1.73025,2.37110,1.50402,1.42689,16.95950,27.68052,4.59428,2.17068,2.18148,4.20165
2015-05-15,,,,1.16388,1.62951,1.73025,2.37819,1.50447,1.42515,16.99784,27.68679,4.59043,2.16762,2.18117,4.20558
2015-05-18,,,,1.16898,1.63581,1.73856,2.37798,1.50446,1.42513,16.66855,27.63318,4.62349,2.16233,2.18064,4.21206
2015-05-19,,,,1.16770,1.63423,1.73645,2.34500,1.50238,1.42946,16.60346,27.62241,4.63021,2.11535,2.17591,4.26818
2015-05-20,,,,1.16845,1.63515,1.73764,2.34885,1.50262,1.42896,16.76206,27.64881,4.61377,2.11819,2.17620,4.26472
2015-05-21,,,,1.17450,1.64262,1.74831,2.34096,1.50212,1.43000,16.85965,27.66493,4.60379,2.13481,2.17791,4.24452
2015-05-22,,,,1.17334,1.64115,1.74603,2.33913,1.50200,1.43024,17.20102,27.72096,4.56912,2.10916,2.17529,4.27532
2015-05-25,,,,,,,,,,16.96341,27.68269,4.59195,,,
2015-05-26,,,,1.15985,1.62417,1.71882,2.30494,1.49981,1.43478,16.94858,27.68029,4.59339,2.07353,2.17162,4.31890
2015-05-27,,,,1.17853,1.64772,1.75635,2.30453,1.49978,1.43483,16.97773,27.68506,4.59056,2.05768,2.16996,4.33914
2015-05-28,,,,1.17589,1.64439,1.75101,2.30716,1.49996,1.43446,16.96007,27.68219,4.59224,2.06086,2.17030,4.33344
2015-05-29,,,,1.16887,1.63555,1.73684,2.30878,1.50006,1.43419,16.93786,27.67858,4.59434,2.07712,2.17201,4.30090
2015-06-01,,,,1.17281,1.64051,1.74477,2.30676,1.49993,1.43452,15.98135,27.52229,4.68464,2.07938,2.17225,4.29615
2015-06-02,,,,1.16909,1.63583,1.73727,2.31607,1.50054,1.43259,16.12723,27.54742,4.66976,2.10019,2.17442,4.25076
2015-06-03,,,,1.17259,1.64024,1.74432,2.29947,1.49946,1.43606,16.11951,27.54613,4.67054,2.07805,2.17213,4.29807
2015-06-04,,,,1.16367,1.62901,1.72634,2.28329,1.49841,1.43999,15.99977,27.52568,4.68262,2.05871,2.17011,4.34018
2015-06-05,,,,1.16091,1.62554,1.72079,2.27115,1.49761,1.44362,16.08502,27.54038,4.67390,2.06271,2.17054,4.33064
2015-06-08,,,,1.14912,1.61068,1.69709,2.27782,1.49805,1.44102,16.37441,27.58995,4.64440,2.07009,2.17131,4.31204
2015-06-09,,,,1.14720,1.60826,1.69323,2.28288,1.49839,1.43884,16.41708,27.59716,4.64015,2.10241,2.17471,4.22855
2015-06-10,,,,1.16292,1.62808,1.72360,2.30231,1.49966,1.43003,16.36111,27.58777,4.64571,2.11346,2.17585,4.20095
2015-06-11,,,,1.16463,1.63018,1.72663,2.29178,1.49898,1.43474,16.43239,27.59980,4.63861,2.08841,2.17327,4.26160
2015-06-12,,,,1.15507,1.61838,1.70966,2.29118,1.49894,1.43501,16.44863,27.60254,4.63701,2.06962,2.17132,4.30712
2015-06-15,,,,1.14933,1.61139,1.69947,2.30130,1.49960,1.43046,16.94820,27.68640,4.58759,2.06321,2.17065,4.32296
2015-06-16,,,,1.15560,1.61862,1.71013,2.29300,1.49906,1.43417,17.99617,27.85760,4.48796,2.06838,2.17119,4.31010
2015-06-17,,,,1.15879,1.62222,1.71548,2.30372,1.49977,1.42934,17.74828,27.81924,4.50720,,,
2015-06-18,,,,1.17567,1.64127,1.74386,2.33347,1.50170,1.41607,17.82295,27.83095,4.50153,2.07008,2.17137,4.30588
2015-06-19,,,,1.16986,1.63473,1.73408,2.32942,1.50144,1.41782,17.52169,27.78392,4.52244,2.05428,2.16972,4.34490
2015-06-22,,,,1.17848,1.64444,1.74858,2.29947,1.49951,1.43043,17.68018,27.80906,4.51136,2.05861,2.17017,4.33312
2015-06-23,,,,1.17943,1.64552,1.75020,2.28430,1.49852,1.43677,17.47740,27.77718,4.52464,2.07255,2.17164,4.29384
2015-06-24,,,,1.17337,1.63870,1.73998,2.27823,1.49813,1.43934,17.21020,27.73472,4.54238,2.06730,2.17109,4.30838
2015-06-25,,,,1.17103,1.63606,1.73602,2.27519,1.49793,1.44063,17.34593,27.75660,4.53319,2.07621,2.17203,4.28327
2015-06-26,,,,1.16326,1.62730,1.72284,2.27762,1.49809,1.43958,17.39032,27.76371,4.53022,2.08096,2.17253,4.27001
2015-06-29,,,,1.13579,1.59627,1.67608,2.28794,1.49877,1.43508,18.36961,27.92008,4.46471,2.07280,2.17168,4.29267
2015-06-30,,,,1.13984,1.60037,1.68152,2.27378,1.49784,1.44118,18.88525,27.99846,4.43703,2.11301,2.17589,4.17907
2015-07-01,,,,1.14889,1.60856,1.69254,2.26588,1.49732,1.44484,18.46928,27.93680,4.45507,2.09066,2.17359,4.23310
2015-07-02,,,,1.14920,1.60881,1.69289,2.26143,1.49703,1.44715,18.23340,27.90113,4.46483,2.09605,2.17415,4.22037
2015-07-03,,,,,,,,,,18.32930,27.91582,4.46087,,,
2015-07-06,,,,1.14654,1.60662,1.68989,2.26750,1.49743,1.44368,19.26342,28.05810,4.42436,2.03932,2.16827,4.35180
2015-07-07,,,,1.14942,1.60886,1.69304,2.24120,1.49569,1.45885,19.07245,28.03031,4.42970,2.00828,2.16497,4.41770
2015-07-08,,,,1.12940,1.59343,1.67105,2.24788,1.49614,1.45440,19.36635,28.07352,4.42221,2.01332,2.16552,4.40661
2015-07-09,,,,1.12876,1.59298,1.67045,2.25334,1.49651,1.45057,19.30224,28.06426,4.42353,2.03789,2.16816,4.35156
2015-07-10,,,,1.14601,1.60203,1.68282,2.25597,1.49668,1.44871,20.43873,28.22951,4.40267,2.04398,2.16881,4.33824
2015-07-13,,,,1.16613,1.61226,1.69618,2.24585,1.49601,1.45585,20.94622,28.29962,4.39806,2.04899,2.16934,4.32727
2015-07-14,,,,1.17380,1.61612,1.70122,2.24079,1.49567,1.45957,20.59492,28.25217,4.39871,2.04542,2.16897,4.33512
2015-07-15,,,,1.17507,1.61674,1.70204,2.22906,1.49489,1.46862,20.46479,28.23434,4.39842,2.02647,2.16696,4.37878
2015-07-16,,,,1.19169,1.62546,1.71331,2.22096,1.49435,1.47532,19.93584,28.16138,4.39586,2.01816,2.16607,4.39925
2015-07-17,,,,1.20925,1.63682,1.72777,2.19850,1.49284,1.49539,20.04550,28.17690,4.39641,2.00764,2.16494,4.42776
2015-07-20,,,,1.21340,1.64009,1.73185,2.13881,1.48879,1.55719,19.97748,28.16738,4.39607,1.97956,2.16192,4.51259
2015-07-21,,,,1.21266,1.63927,1.73078,2.13213,1.48833,1.56451,19.80126,28.14257,4.39517,1.98280,2.16227,4.50143
2015-07-22,,,,1.19891,1.62362,1.71037,2.12060,1.48752,1.57818,19.88085,28.15392,4.39559,1.96140,2.15994,4.57931
2015-07-23,,,,1.19445,1.61844,1.70371,2.11109,1.48686,1.59131,19.81266,28.14429,4.39525,1.94227,2.15784,4.65751
2015-07-24,,,,1.18274,1.60464,1.68588,2.13173,1.48831,1.55962,20.70693,28.27136,4.39985,1.91958,2.15532,4.76374
2015-07-27,,,,1.17294,1.59309,1.67098,2.12181,1.48762,1.57436,21.07345,28.32124,4.40164,1.89617,2.15270,4.88972
2015-07-28,,,,1.18306,1.60504,1.68636,2.12505,1.48785,1.56926,21.14383,28.33160,4.40222,1.91157,2.15445,4.79706
2015-07-29,,,,1.18753,1.61031,1.69316,2.12809,1.48807,1.56430,20.74629,28.24808,4.39760,1.91461,2.15480,4.77910
2015-07-30,,,,1.19318,1.61697,1.70176,2.10987,1.48680,1.59474,20.63037,28.22129,4.39612,1.90596,2.15383,4.83150
2015-07-31,,,,1.19179,1.61534,1.69965,2.12323,1.48774,1.57081,20.36991,28.16073,4.39276,1.88864,2.15188,4.94313
2015-08-03,,,,1.18806,1.61094,1.69397,2.10643,1.48657,1.60024,20.19726,28.12019,4.39051,1.86088,2.14872,5.13011
2015-08-04,,,,1.18583,1.60832,1.69057,2.11068,1.48688,1.59229,20.41925,28.17286,4.39345,1.87493,2.15035,5.03054
2015-08-05,,,,1.19498,1.61910,1.70449,2.10299,1.48634,1.60689,20.20827,28.12340,4.39071,1.86900,2.14968,5.07150
2015-08-06,,,,1.17582,1.59653,1.67510,2.11230,1.48700,1.58825,19.96898,28.06677,4.38755,1.86293,2.14898,5.11378
2015-08-07,,,,1.17433,1.59477,1.67282,2.11756,1.48737,1.57777,20.00427,28.07526,4.38803,1.86186,2.14886,5.12140
2015-08-10,,,,1.18774,1.61046,1.69335,2.13921,1.48890,1.53433,18.96215,27.82638,4.37415,1.90596,2.15396,4.79884
2015-08-11,,,,1.17252,1.59294,1.66994,2.15014,1.48967,1.51318,19.42688,27.93659,4.38040,1.87500,2.15047,4.99553
2015-08-12,,,,1.17657,1.59725,1.67560,2.18029,1.49176,1.45828,19.19227,27.89550,4.37808,1.86912,2.14980,5.03440
2015-08-13,,,,1.17465,1.59525,1.67294,2.16228,1.49053,1.48371,18.94517,27.85969,4.37653,1.86135,2.14892,5.08624
2015-08-14,,,,1.17645,1.59706,1.67542,2.16208,1.49052,1.48399,19.06430,27.87730,4.37672,1.85933,2.14869,5.09996
2015-08-17,,,,1.18625,1.60680,1.68888,2.16775,1.49092,1.47619,18.46690,27.79004,4.37740,1.84822,2.14741,5.17550
2015-08-18,,,,1.18018,1.60079,1.68055,2.16734,1.49090,1.47674,15.59508,27.35794,4.39875,1.83750,2.14617,5.24981
2015-08-19,,,,1.17241,1.59304,1.66987,2.19648,1.49290,1.43776,16.26303,27.47517,4.38608,1.82171,2.14433,5.36147
2015-08-20,,,,1.13994,1.56136,1.62502,2.23472,1.49550,1.39662,16.85751,27.57562,4.37151,1.83619,2.14604,5.25461
2015-08-21,,,,1.09012,1.52681,1.58334,2.24868,1.49644,1.38578,16.66259,27.54376,4.37655,1.80687,2.14261,5.46514
2015-08-24,,,,1.04818,1.51485,1.57175,2.23654,1.49563,1.39356,15.17064,27.29720,4.42357,1.76671,2.13786,5.76994
2015-08-25,,,,1.04424,1.51429,1.57203,2.20882,1.49378,1.40962,15.93643,27.43506,4.38973,1.77540,2.13891,5.69878
2015-08-26,,,,1.09683,1.52192,1.54929,2.17867,1.49175,1.42612,16.18419,27.47777,4.37938,1.75201,2.13610,5.88721
2015-08-27,,,,1.12461,1.52578,1.53801,2.17989,1.49183,1.42545,16.09996,27.46353,4.38298,1.80517,2.14259,5.43797
2015-08-28,,,,1.12440,1.52575,1.53809,2.19951,1.49318,1.41445,16.61751,27.55187,4.35882,1.83885,2.14659,5.22020
2015-08-31,,,,1.11045,1.52386,1.54330,2.20194,1.49335,1.41312,16.51149,27.53437,4.36361,1.87127,2.15038,5.02900
2015-09-01,,,,1.07575,1.51910,1.55645,2.20963,1.49387,1.40889,16.31581,27.50177,4.37247,1.82610,2.14519,5.25850
2015-09-02,,,,1.10609,1.52339,1.54448,2.19790,1.49308,1.41531,16.42651,27.52046,4.36712,1.83002,2.14565,5.23876
2015-09-03,,,,1.10066,1.52264,1.54655,2.18211,1.49201,1.42403,16.25508,27.49176,4.37548,1.84013,2.14684,5.18802
2015-09-04,,,,1.08757,1.52083,1.55157,2.17503,1.49153,1.42799,16.54642,27.54105,4.36028,1.82099,2.14461,5.28262
2015-09-07,,,,,,,,,,17.22323,27.65372,4.32572,,,
2015-09-08,,,,1.11823,1.52512,1.53965,2.17564,1.49157,1.42766,17.47670,27.69448,4.31339,1.83871,2.14670,5.19254
2015-09-09,,,,1.10566,1.52341,1.54437,2.14751,1.48965,1.44347,17.08644,27.63267,4.33207,1.81546,2.14399,5.30768
2015-09-10,,,,1.11769,1.52507,1.53979,2.15257,1.49000,1.44042,17.08845,27.63301,4.33197,1.83452,2.14624,5.21002
2015-09-11,,,,1.12387,1.52591,1.53747,2.14812,1.48969,1.44324,17.23836,27.65729,4.32461,1.83000,2.14572,5.23250
2015-09-14,,,,1.12046,1.52546,1.53873,2.14933,1.48978,1.44232,16.53005,27.54372,4.35907,1.82271,2.14487,5.26910
2015-09-15,,,,1.13366,1.52726,1.53395,2.14286,1.48933,1.44728,16.49067,27.53723,4.36110,,,
2015-09-16,,,,1.14005,1.52812,1.53197,2.17139,1.49132,1.42310,16.39366,27.52109,4.36608,1.84096,2.14702,5.17664
2015-09-17,,,,1.14048,1.52818,1.53184,2.19365,1.49285,1.40475,16.69137,27.57108,4.35072,1.83217,2.14599,5.22000
2015-09-18,,,,1.12425,1.52600,1.53531,2.20983,1.49395,1.39227,16.68940,27.57074,4.35081,1.80533,2.14285,5.35403
2015-09-21,,,,1.12778,1.52648,1.53455,2.19607,1.49302,1.40149,16.23120,27.49506,4.37396,1.82250,2.14489,5.26479
2015-09-22,,,,1.11092,1.52420,1.53820,2.18110,1.49200,1.41119,16.50696,27.54176,4.35936,1.80413,2.14273,5.35775
2015-09-23,,,,1.11177,1.52432,1.53801,2.18980,1.49260,1.40547,16.47162,27.53587,4.36118,1.79419,2.14155,5.40932
2015-09-24,,,,1.10771,1.52376,1.53891,2.23573,1.49573,1.37573,16.77133,27.58599,4.34518,1.80827,2.14323,5.33159
2015-09-25,,,,1.09832,1.52247,1.54098,2.22197,1.49481,1.38149,16.85853,27.60032,4.34062,1.82111,2.14475,5.26230
2015-09-28,,,,1.06706,1.51814,1.54793,2.19385,1.49292,1.39232,17.17912,27.65281,4.32398,1.79724,2.14194,5.38855
2015-09-29,,,,1.06151,1.51735,1.54955,2.18495,1.49231,1.39575,16.98722,27.62194,4.33372,1.80192,2.14250,5.36276
2015-09-30,,,,1.08594,1.52084,1.53828,2.16228,1.49076,1.40455,16.94454,27.61498,4.33591,1.80727,2.14313,5.33295
2015-10-01,,,,1.09085,1.52153,1.53609,2.15965,1.49058,1.40559,17.05118,27.63234,4.33041,1.79305,2.14144,5.41254
2015-10-02,,,,1.10995,1.52419,1.52760,2.20538,1.49374,1.38750,17.03022,27.62895,4.33148,1.80871,2.14331,5.31983
2015-10-05,,,,1.12585,1.52637,1.52069,2.20093,1.49344,1.38920,17.24668,27.66408,4.32038,1.82742,2.14553,5.21189
2015-10-06,,,,1.12052,1.52565,1.52296,2.22299,1.49493,1.38070,17.67464,27.73272,4.29876,1.85760,2.14908,5.04265
2015-10-07,,,,1.12724,1.52657,1.52009,2.21975,1.49471,1.38176,17.44518,27.69672,4.31001,1.85434,2.14870,5.05855
2015-10-08,,,,1.13172,1.52717,1.51844,2.20842,1.49395,1.38533,17.39473,27.68870,4.31252,1.85920,2.14926,5.03505
2015-10-09,,,,1.13685,1.52786,1.51688,2.24342,1.49632,1.37426,17.49631,27.70488,4.30745,1.87285,2.15084,4.97138
2015-10-12,,,,1.13962,1.52824,1.51622,2.25233,1.49691,1.37215,17.61403,27.72353,4.30186,1.85318,2.14858,5.05610
2015-10-13,,,,1.13226,1.52725,1.51738,2.26346,1.49765,1.37007,17.92736,27.77285,4.28796,1.85173,2.14841,5.06232
2015-10-14,,,,1.13044,1.52701,1.51760,2.30291,1.50026,1.36507,18.11854,27.80247,4.28050,1.85493,2.14879,5.04856
2015-10-15,,,,1.14901,1.52951,1.51547,2.29239,1.49958,1.36525,18.22953,27.81951,4.27667,1.84879,2.14807,5.07484
2015-10-16,,,,1.15381,1.53015,1.51529,2.27620,1.49852,1.36464,18.80530,27.90739,4.25939,1.84765,2.14794,5.07976
2015-10-19,,,,1.16043,1.53102,1.51562,2.26669,1.49790,1.36403,18.92163,27.92467,4.25675,1.82163,2.14492,5.19213
2015-10-20,,,,1.15446,1.53006,1.51467,2.28106,1.49882,1.36504,19.38468,27.99303,4.24893,1.82801,2.14567,5.16359
2015-10-21,,,,1.14741,1.52855,1.51314,2.26083,1.49709,1.36307,19.18485,27.96418,4.25087,1.81474,2.14412,5.22246
2015-10-22,,,,1.17078,1.53392,1.51864,2.26002,1.49702,1.36299,19.71269,28.04112,4.24762,,,
2015-10-23,,,,1.20355,1.54384,1.52851,2.25617,1.49669,1.36261,19.94157,28.07369,4.24747,1.79956,2.14232,5.29089
2015-10-26,,,,1.20430,1.54408,1.52873,2.25476,1.49657,1.36247,20.52065,28.15465,4.25017,1.78958,2.14114,5.33909
2015-10-27,,,,1.20674,1.54545,1.53003,2.25981,1.49701,1.36297,21.15477,28.27669,4.25702,1.78262,2.14031,5.37610
2015-10-28,,,,1.21678,1.55263,1.53703,2.24160,1.49543,1.36118,21.79029,28.47482,4.26811,1.80359,2.14283,5.25199
2015-10-29,,,,1.21485,1.55092,1.53531,2.22015,1.49357,1.35906,22.53734,28.80185,4.28637,1.78765,2.14094,5.34316
2015-10-30,,,,1.20941,1.54564,1.52995,2.21166,1.49281,1.35818,23.51168,29.35766,4.31734,1.79921,2.14233,5.27535
2015-11-02,,,,1.22307,1.55966,1.54433,2.19729,1.49184,1.35723,26.09726,31.18857,4.41818,1.78768,2.14096,5.34164
2015-11-03,,,,1.22735,1.56438,1.54918,2.16471,1.48963,1.35770,28.69587,33.02833,4.51162,1.80466,2.14300,5.23979
2015-11-04,,,,1.22745,1.56450,1.54925,2.14427,1.48823,1.36021,29.02215,33.28489,4.52245,1.78041,2.14012,5.38123
2015-11-05,,,,1.22414,1.56069,1.54456,2.13760,1.48777,1.36182,27.50903,31.84723,4.46479,1.76624,2.13843,5.46728
2015-11-06,,,,1.22499,1.56168,1.54577,2.10643,1.48560,1.37379,26.69553,31.01553,4.43233,1.75408,2.13696,5.54320
2015-11-09,,,,1.21198,1.54674,1.52546,2.11251,1.48604,1.37048,27.23379,31.57837,4.45524,1.73356,2.13447,5.68397
2015-11-10,,,,1.20888,1.54319,1.52065,2.10805,1.48573,1.37320,24.18005,28.39158,4.31891,1.72961,2.13399,5.71343
2015-11-11,,,,1.20739,1.54148,1.51833,2.10097,1.48524,1.37844,22.11095,26.20506,4.22045,1.72084,2.13292,5.78598
2015-11-12,,,,1.19565,1.52799,1.50006,2.10138,1.48528,1.37800,24.15804,28.38808,4.31027,1.70543,2.13102,5.92295
2015-11-13,,,,1.17217,1.50098,1.46353,2.09551,1.48487,1.38360,24.14058,28.37020,4.30969,1.69647,2.12991,6.00595
2015-11-16,,,,1.18903,1.52042,1.48617,2.09854,1.48509,1.38028,23.70066,27.93374,4.29477,1.69704,2.12999,6.00053
2015-11-17,0.99155,1.00001,1.01250,1.18978,1.52127,1.48709,2.07082,1.48314,1.41186,24.03828,28.26193,4.30637,1.68227,2.12815,6.14475
2015-11-18,0.99487,1.00001,1.00682,1.21261,1.54693,1.51477,2.07264,1.48327,1.40959,24.03075,28.25470,4.30613,1.67868,2.12771,6.18128
2015-11-19,0.99638,1.00001,1.00407,1.21347,1.54788,1.51576,2.09551,1.48492,1.38019,23.34991,27.61968,4.28320,1.68227,2.12817,6.14377
2015-11-20,0.99819,1.00002,1.00062,1.22169,1.55701,1.52529,2.08600,1.48425,1.39206,23.04273,27.33821,4.27269,1.67573,2.12735,6.21211
2015-11-23,1.00181,1.00002,0.99351,1.21817,1.55310,1.52121,2.06920,1.48306,1.41325,23.11947,27.40547,4.27530,1.67732,2.12756,6.19497
2015-11-24,1.01721,1.00003,0.96303,1.21710,1.55193,1.51997,2.08296,1.48406,1.39504,22.90108,27.22066,4.26810,1.69060,2.12926,6.04995
2015-11-25,1.01721,1.00004,0.96305,1.21817,1.55311,1.52119,2.07325,1.48337,1.40766,23.54518,27.74565,4.28914,1.69316,2.12960,6.02301
2015-11-26,,,,,,,,,,25.49880,29.27639,4.35033,,,
2015-11-27,1.00235,1.00005,0.99077,1.21987,1.55500,1.52328,2.04877,1.48163,1.44062,25.71449,29.43844,4.35633,1.66904,2.12658,6.27708
2015-11-30,1.00235,1.00005,0.99080,1.21678,1.55154,1.51920,2.06232,1.48262,1.42116,27.01149,30.40975,4.39206,1.66868,2.12655,6.28128
2015-12-01,1.00030,1.00006,0.99480,1.22894,1.56527,1.53556,2.06961,1.48316,1.41094,25.94808,29.62675,4.36400,1.68260,2.12834,6.12649
2015-12-02,0.98490,1.00007,1.02486,1.22136,1.55659,1.52502,2.03743,1.48086,1.45582,25.71117,29.44991,4.35756,1.65416,2.12475,6.43322
2015-12-03,0.99879,1.00008,0.99654,1.20066,1.53284,1.49586,2.05909,1.48245,1.42422,25.85343,29.55658,4.36149,1.67325,2.12722,6.21329
2015-12-04,0.99457,1.00009,1.00484,1.22873,1.56510,1.53524,2.10482,1.48575,1.35923,25.99884,29.66538,4.36561,1.68157,2.12830,6.12527
2015-12-07,0.97168,1.00010,1.05022,1.22318,1.55873,1.52807,2.07750,1.48384,1.38637,28.29674,31.38475,4.43329,1.63641,2.12260,6.59404
2015-12-08,0.96075,1.00011,1.07343,1.22329,1.55887,1.52822,2.08094,1.48410,1.38298,29.61744,32.34475,4.46959,1.62948,2.12173,6.66491
2015-12-09,0.96437,1.00012,1.06549,1.20472,1.53757,1.50423,2.07689,1.48382,1.38703,29.89185,32.55182,4.47695,1.63110,2.12196,6.64845
2015-12-10,0.96232,1.00013,1.07003,1.21016,1.54381,1.51106,2.07507,1.48371,1.38887,29.75567,32.43529,4.47279,1.62922,2.12173,6.66808
2015-12-11,0.95211,1.00014,1.09451,1.18231,1.51197,1.47617,2.08640,1.48453,1.37760,32.48491,34.96046,4.56533,1.61416,2.11979,6.82415
2015-12-14,0.94173,1.00015,1.12054,1.19127,1.52050,1.48488,2.05969,1.48264,1.40392,31.70691,34.24895,4.54069,1.60468,2.11856,6.92583
2015-12-15,0.94324,1.00016,1.11660,1.19853,1.52686,1.49145,2.05423,1.48226,1.40951,33.25480,35.75377,4.59266,1.59682,2.11754,7.01184
2015-12-16,0.93599,1.00017,1.13579,1.21635,1.54192,1.50723,2.07912,1.48407,1.38409,32.50503,35.02830,4.56708,1.58660,2.11621,7.12665
2015-12-17,0.93056,1.00018,1.15079,1.19864,1.52702,1.49159,2.03359,1.48083,1.42924,32.65516,35.17395,4.57268,1.57681,2.11492,7.24112
2015-12-18,0.93116,1.00019,1.14907,1.17565,1.50808,1.47228,2.06475,1.48311,1.39849,33.15158,35.65521,4.59235,1.59427,2.11727,7.02874
2015-12-21,0.93116,1.00020,1.14908,1.18871,1.51719,1.48128,2.08721,1.48474,1.37902,31.32388,33.88609,4.51668,1.59936,2.11797,6.96958
2015-12-22,0.92228,1.00020,1.17536,1.19651,1.52222,1.48627,2.07628,1.48397,1.38768,31.15412,33.72084,4.50938,1.58847,2.11654,7.09554
2015-12-23,0.94263,1.00021,1.11249,1.20540,1.52790,1.49192,2.07021,1.48355,1.39255,31.68358,34.23664,4.53232,1.60776,2.11913,6.86734
2015-12-24,0.94263,1.00022,1.11252,1.20519,1.52777,1.49179,2.08519,1.48463,1.38053,32.62930,35.15639,4.57280,1.61559,2.12017,6.77893
2015-12-25,,,,,,,,,,32.61785,35.14532,4.57232,,,
2015-12-28,0.92814,1.00023,1.15323,1.20454,1.52736,1.49139,2.06941,1.48352,1.39305,30.13665,32.73924,4.46438,1.60312,2.11856,6.91776
2015-12-29,0.94746,1.00024,1.09608,1.22349,1.53941,1.50340,2.06799,1.48343,1.39422,30.87295,33.45917,4.49827,1.62708,2.12174,6.64403
2015-12-30,0.93539,1.00025,1.12725,1.21246,1.53247,1.49647,2.05221,1.48231,1.40697,30.49386,33.08944,4.48115,1.60746,2.11920,6.85658
2015-12-31,0.94263,1.00025,1.10781,1.19737,1.52291,1.48694,2.05301,1.48238,1.40632,30.75393,33.34344,4.49303,1.61716,2.12049,6.74707
2016-01-01,,,,,,,,,,31.11186,33.69273,4.50928,,,
2016-01-04,0.93237,1.00026,1.13473,1.17211,1.50679,1.47089,2.08195,1.48448,1.38265,31.02390,33.60702,4.50535,1.60372,2.11874,6.89588
2016-01-05,0.92391,1.00027,1.15769,1.17008,1.50549,1.46959,2.08782,1.48491,1.37802,30.96811,33.55265,4.50286,1.59874,2.11810,6.95286
2016-01-06,0.90700,1.00028,1.20494,1.15883,1.49966,1.46364,2.11797,1.48706,1.35414,30.82556,33.41368,4.49645,1.57773,2.11533,7.19531
2016-01-07,0.90278,1.00029,1.21748,1.12255,1.48556,1.44906,2.14792,1.48918,1.33427,32.86765,35.40590,4.58894,1.57859,2.11546,7.18506
2016-01-08,0.90097,1.00029,1.22296,1.11334,1.48432,1.44778,2.13841,1.48853,1.33918,32.50445,35.05380,4.57329,1.57950,2.11560,7.17427
2016-01-11,0.87802,1.00030,1.29241,1.11677,1.48479,1.44739,2.11938,1.48722,1.34814,32.13932,34.69944,4.55744,1.54649,2.11119,7.57199
2016-01-12,0.86842,1.00031,1.32382,1.12972,1.48653,1.44404,2.10866,1.48647,1.35303,31.61934,34.19421,4.53468,1.53233,2.10928,7.75595
2016-01-13,0.86292,1.00032,1.34246,1.09076,1.48141,1.45627,2.11898,1.48721,1.34832,30.94242,33.53540,4.50470,1.53638,2.10985,7.70183
2016-01-14,0.86715,1.00033,1.32790,1.11399,1.48458,1.44577,2.08458,1.48481,1.36381,30.76439,33.36177,4.49672,1.53495,2.10967,7.72122
2016-01-15,0.84662,1.00034,1.39775,1.07941,1.47998,1.46095,2.10603,1.48635,1.35391,26.32676,29.03043,4.29607,1.51290,2.10666,8.01548
2016-01-18,,,,,,,,,,27.54654,30.21314,4.33854,,,
2016-01-19,0.84420,1.00035,1.40665,1.08177,1.48032,1.45958,2.10401,1.48622,1.35484,27.06674,29.81863,4.32489,1.51543,2.10703,7.98026
2016-01-20,0.83515,1.00036,1.44021,1.07845,1.47988,1.46181,2.13213,1.48822,1.34220,30.10588,32.08527,4.40582,1.50033,2.10495,8.19125
2016-01-21,0.84420,1.00037,1.40558,1.07952,1.48004,1.46092,2.13456,1.48841,1.34125,29.29534,31.57588,4.39009,1.51920,2.10762,7.91854
2016-01-22,0.87198,1.00038,1.30273,1.11078,1.48434,1.43294,2.12465,1.48773,1.34491,27.27321,30.28997,4.34981,1.54895,2.11177,7.50723
2016-01-25,0.85085,1.00039,1.36336,1.09429,1.48216,1.44705,2.14650,1.48928,1.33694,28.05621,30.77723,4.36563,1.53374,2.10972,7.69064
2016-01-26,0.86836,1.00041,1.31087,1.10414,1.48351,1.43846,2.17098,1.49100,1.32932,27.99586,30.74256,4.36455,1.55441,2.11259,7.43336
2016-01-27,0.87621,1.00042,1.28952,1.07663,1.47983,1.46221,2.17908,1.49157,1.32740,28.24527,30.88039,4.36917,1.56721,2.11435,7.28379
2016-01-28,0.88889,1.00043,1.25586,1.09183,1.48193,1.44858,2.15581,1.48999,1.33136,27.11965,30.27607,4.34886,1.56692,2.11434,7.28738
2016-01-29,0.89553,1.00045,1.23896,1.11463,1.48505,1.42856,2.16410,1.49058,1.33010,27.12674,30.27944,4.34902,1.58997,2.11747,7.02473
2016-02-01,0.87681,1.00046,1.28578,1.11763,1.48546,1.42617,2.18636,1.49214,1.32723,26.57014,30.01222,4.33967,1.56383,2.11402,7.29165
2016-02-02,0.86172,1.00047,1.32581,1.09344,1.48227,1.44485,2.18717,1.49221,1.32715,26.69211,30.06597,4.34165,1.54115,2.11098,7.52326
2016-02-03,0.88527,1.00049,1.26029,1.08819,1.48157,1.44907,2.21064,1.49383,1.32636,26.34645,29.92577,4.33655,1.57044,2.11501,7.21107
2016-02-04,0.88358,1.00050,1.26420,1.08808,1.48157,1.44918,2.23735,1.49560,1.32724,27.89424,30.49950,4.35812,1.56779,2.11468,7.23547
2016-02-05,0.88043,1.00051,1.27148,1.05030,1.47644,1.47962,2.27276,1.49934,1.33144,27.51313,30.36380,4.35323,1.55658,2.11319,7.33818
2016-02-08,0.87621,1.00052,1.28135,1.03424,1.47420,1.49326,2.30332,1.50536,1.33811,26.54086,30.01384,4.34052,1.55471,2.11296,7.35590
2016-02-09,0.85048,1.00053,1.34198,1.03103,1.47376,1.49635,2.29826,1.50374,1.33631,26.73391,30.08225,4.34314,1.52380,2.10878,7.64573
2016-02-10,0.85447,1.00055,1.33190,1.03499,1.47434,1.49173,2.31607,1.51043,1.34376,27.13265,30.21564,4.34829,1.52203,2.10856,7.66358
2016-02-11,0.86413,1.00056,1.30768,1.03349,1.47415,1.49360,2.40915,1.55012,1.38891,27.02934,30.18190,4.34703,1.52291,2.10870,7.65499
2016-02-12,0.87681,1.00057,1.27681,1.04923,1.47640,1.47168,2.39498,1.54360,1.38209,27.36254,30.29172,4.35130,1.55342,2.11295,7.34765
2016-02-15,,,,,,,,,,28.57738,30.68807,4.36656,,,
2016-02-16,0.86655,1.00058,1.30092,1.07288,1.47975,1.43966,2.32234,1.50659,1.34705,29.13335,30.86416,4.37330,1.53857,2.11095,7.48860
2016-02-17,0.88527,1.00059,1.25564,1.09718,1.48312,1.40875,2.33671,1.51394,1.35401,29.72662,31.04953,4.38037,1.56561,2.11468,7.22481
2016-02-18,0.87802,1.00060,1.27127,1.08466,1.48144,1.42151,2.39357,1.54408,1.38156,30.15360,31.18096,4.38535,1.55979,2.11392,7.27490
2016-02-19,0.87440,1.00062,1.27927,1.08787,1.48189,1.41830,2.37920,1.53612,1.37463,30.03456,31.14272,4.38382,1.54664,2.11216,7.38912
2016-02-22,0.88647,1.00063,1.25250,1.10553,1.48432,1.40110,2.33691,1.51155,1.35421,31.31637,31.61673,4.40362,1.56452,2.11463,7.23055
2016-02-23,0.87325,1.00064,1.28076,1.08733,1.48189,1.41620,2.37191,1.53193,1.37117,30.06363,31.10083,4.38245,1.54811,2.11243,7.36865
2016-02-24,0.88466,1.00065,1.25550,1.09772,1.48332,1.40763,2.37981,1.53652,1.37498,30.34724,31.22886,4.38775,1.56047,2.11414,7.26193
2016-02-25,0.88406,1.00067,1.25680,1.10853,1.48480,1.39931,2.38608,1.54017,1.37801,30.35410,31.23195,4.38791,1.55987,2.11409,7.26729
2016-02-26,0.88164,1.00068,1.26189,1.10714,1.48463,1.40028,2.36969,1.53065,1.36943,30.90317,31.50533,4.39955,1.55407,2.11332,7.31639
2016-02-29,0.89432,1.00069,1.23519,1.09718,1.48331,1.40688,2.40065,1.54865,1.38591,31.33359,31.72862,4.40914,1.56407,2.11471,7.23156
2016-03-01,0.89432,1.00071,1.23523,1.13240,1.48809,1.38329,2.38304,1.53843,1.37617,30.97801,31.53211,4.40067,1.56694,2.11512,7.20784
2016-03-02,0.90036,1.00072,1.22317,1.13283,1.48817,1.38309,2.40146,1.54913,1.38652,30.28173,31.12572,4.38281,1.57470,2.11620,7.14357
2016-03-03,0.90459,1.00073,1.21506,1.13069,1.48790,1.38388,2.44294,1.57321,1.41101,30.00896,30.96433,4.37563,1.58313,2.11735,7.07459
2016-03-04,0.92089,1.00074,1.18474,1.13111,1.48797,1.38373,2.43909,1.57099,1.40860,29.20170,30.48458,4.35417,1.61432,2.12154,6.82439
2016-03-07,0.93961,1.00076,1.15523,1.12416,1.48707,1.38566,2.45123,1.57803,1.41654,29.57669,30.71028,4.36443,1.63315,2.12404,6.70405
2016-03-08,0.92935,1.00077,1.16796,1.11484,1.48586,1.38808,2.43990,1.57146,1.40843,29.44761,30.63321,4.36099,1.61521,2.12173,6.80199
2016-03-09,0.94082,1.00078,1.15453,1.12202,1.48683,1.38623,2.41967,1.55974,1.39342,29.52740,30.68118,4.36319,1.63625,2.12452,6.69294
2016-03-10,0.93841,1.00079,1.15699,1.12030,1.48662,1.38669,2.45852,1.58228,1.42215,29.79940,30.84418,4.37058,1.63493,2.12437,6.69878
2016-03-11,0.94384,1.00080,1.15176,1.13989,1.48924,1.38159,2.41623,1.55778,1.39073,30.02636,30.97969,4.37671,1.64664,2.12592,6.64943
2016-03-14,0.93418,1.00082,1.16026,1.14182,1.48951,1.38123,2.38507,1.53970,1.36769,29.70535,30.78905,4.36821,1.63600,2.12457,6.68950
2016-03-15,0.92512,1.00083,1.16805,1.14139,1.48947,1.38127,2.38689,1.54076,1.36901,29.72249,30.79946,4.36871,1.62348,2.12297,6.73479
2016-03-16,0.94082,1.00084,1.15436,1.15156,1.49081,1.38049,2.44011,1.57168,1.40773,29.84830,30.87473,4.37214,1.63955,2.12509,6.67627
2016-03-17,0.95411,1.00085,1.14407,1.15092,1.49074,1.38047,2.43080,1.56629,1.40139,29.96147,30.94232,4.37521,1.67436,2.12963,6.55825
2016-03-18,0.95048,1.00087,1.14641,1.15272,1.49099,1.38056,2.42412,1.56242,1.39685,29.26693,30.52923,4.35672,1.66340,2.12825,6.58641
2016-03-21,0.95592,1.00088,1.14314,1.15723,1.49156,1.38107,2.40712,1.55256,1.38529,29.46019,30.64554,4.36202,1.66409,2.12837,6.58475
2016-03-22,0.96075,1.00089,1.14054,1.16077,1.49220,1.38170,2.41420,1.55667,1.39010,29.81663,30.85930,4.37170,1.67321,2.12956,6.56516
2016-03-23,0.94263,1.00090,1.14892,1.15122,1.48980,1.37928,2.35957,1.52497,1.35289,29.87365,30.89346,4.37327,1.63915,2.12524,6.62907
2016-03-24,0.93599,1.00091,1.15199,1.15154,1.48989,1.37937,2.35391,1.52168,1.34943,29.60037,30.73079,4.36600,1.63250,2.12440,6.64204
2016-03-25,,,,,,,,,,29.80171,30.85137,4.37147,,,
2016-03-28,0.93780,1.00093,1.15117,1.14993,1.48945,1.37891,2.35937,1.52486,1.35257,30.27011,31.13088,4.38406,1.63729,2.12505,6.63284
2016-03-29,0.93659,1.00093,1.15174,1.16839,1.49465,1.38438,2.40308,1.55028,1.37700,29.76525,30.83187,4.37074,1.63367,2.12460,6.63992
2016-03-30,0.93357,1.00094,1.15315,1.17409,1.49652,1.38630,2.36949,1.53076,1.35925,29.54436,30.70015,4.36484,1.62590,2.12360,6.65508
2016-03-31,0.93056,1.00095,1.15456,1.17237,1.49577,1.38551,2.38041,1.53695,1.36472,29.77190,30.83648,4.37101,1.62381,2.12334,6.65911
2016-04-01,0.91606,1.00096,1.16148,1.18481,1.50173,1.39188,2.36605,1.52891,1.35753,29.86093,30.88973,4.37343,1.60559,2.12098,6.69773
2016-04-04,0.90519,1.00097,1.16783,1.18031,1.49915,1.38910,2.35026,1.52032,1.34968,30.02842,30.98967,4.37795,1.58995,2.11893,6.73749
2016-04-05,0.89915,1.00098,1.17236,1.16894,1.49204,1.38132,2.38082,1.53600,1.36424,30.24033,31.11578,4.38362,1.58565,2.11837,6.75068
2016-04-06,0.91184,1.00099,1.16019,1.18815,1.50412,1.39453,2.36625,1.52869,1.35749,30.19780,31.09069,4.38253,1.59958,2.12025,6.69836
2016-04-07,0.90821,1.00100,1.16357,1.17107,1.49304,1.38277,2.40004,1.54535,1.37314,30.16631,31.07213,4.38173,1.59556,2.11974,6.71379
2016-04-08,0.92935,1.00101,1.14169,1.17022,1.49249,1.38218,2.39640,1.54356,1.37146,29.96420,30.95231,4.37640,1.62806,2.12407,6.57733
2016-04-11,0.93841,1.00101,1.13269,1.16592,1.48968,1.37921,2.42877,1.55948,1.38641,30.29556,31.14964,4.38527,1.63330,2.12477,6.55630
2016-04-12,0.95652,1.00102,1.11591,1.17569,1.49609,1.38599,2.42918,1.55968,1.38660,30.59293,31.32590,4.39317,1.66645,2.12910,6.42295
2016-04-13,0.96135,1.00103,1.11251,1.19073,1.50591,1.39640,2.40328,1.54700,1.37467,30.41004,31.21813,4.38840,1.67375,2.13005,6.39926
2016-04-14,0.95531,1.00104,1.11598,1.19083,1.50595,1.39643,2.36969,1.53050,1.35917,30.48048,31.25991,4.39029,1.66143,2.12850,6.43330
2016-04-15,0.95169,1.00105,1.11784,1.18783,1.50382,1.39409,2.38608,1.53858,1.36676,30.82889,31.46589,4.39949,1.65623,2.12785,6.44669
2016-04-18,0.95471,1.00106,1.11638,1.19416,1.50849,1.39927,2.38244,1.53679,1.36508,30.75248,31.42107,4.39753,1.66212,2.12863,6.43205
2016-04-19,0.97585,1.00107,1.10698,1.18686,1.50272,1.39272,2.41967,1.55512,1.38229,31.31877,31.75453,4.41235,1.70285,2.13386,6.33654
2016-04-20,0.99396,1.00108,1.10208,1.18783,1.50349,1.39359,2.40732,1.54907,1.37661,31.68329,31.96759,4.42178,1.73424,2.13781,6.29126
2016-04-21,0.99034,1.00108,1.10237,1.18793,1.50357,1.39367,2.41643,1.55354,1.38081,32.36347,32.36310,4.44028,1.72211,2.13633,6.29918
2016-04-22,0.98611,1.00097,1.10224,1.17001,1.48874,1.37610,2.38547,1.53836,1.36654,32.07500,32.19703,4.43194,1.71112,2.13499,6.30218
2016-04-25,0.98551,1.00090,1.10216,1.17001,1.48874,1.37610,2.39235,1.54175,1.36972,33.30476,32.90769,4.46999,1.70757,2.13456,6.30237
2016-04-26,0.99819,1.00259,1.10415,1.16432,1.48401,1.37051,2.40186,1.54643,1.37412,33.61202,33.09455,4.47994,1.72733,2.13705,6.30354
2016-04-27,1.00725,1.00446,1.10637,1.15498,1.47616,1.36125,2.40874,1.54981,1.37729,31.90370,31.96184,4.41995,1.73704,2.13821,6.30671
2016-04-28,1.01329,1.00626,1.10853,1.14102,1.46578,1.34909,2.45427,1.57217,1.39830,32.28440,32.22660,4.43434,1.74794,2.14027,6.31390
2016-04-29,1.02355,1.01035,1.11355,1.13501,1.46221,1.34497,2.50202,1.59551,1.42026,32.71026,32.52170,4.45030,1.76203,2.14438,6.32854
2016-05-02,1.00966,1.00349,1.10500,1.14574,1.46682,1.35037,2.49373,1.59142,1.41638,31.84587,31.92537,4.41830,1.74555,2.13752,6.30365
2016-05-03,0.99517,0.99585,1.09580,1.13511,1.46302,1.34594,2.48806,1.58836,1.41334,32.32511,32.25887,4.43644,1.72202,2.12685,6.26538
2016-05-04,0.99336,0.99489,1.09464,1.12781,1.46114,1.34376,2.47289,1.57964,1.40453,32.09172,32.09730,4.42774,1.71743,2.12475,6.25786
2016-05-05,0.98370,0.98976,1.08847,1.12749,1.46111,1.34365,2.47005,1.57802,1.40279,32.16101,32.14547,4.43037,1.70411,2.11864,6.23601
2016-05-06,0.99155,0.99395,1.09351,1.13350,1.46190,1.34383,2.49251,1.59093,1.41691,33.04551,32.75908,4.46357,1.71826,2.12519,6.25939
2016-05-09,0.96981,0.98236,1.07954,1.13672,1.46233,1.34375,2.44132,1.56153,1.38311,33.17208,32.84625,4.46826,1.68458,2.10968,6.20382
2016-05-10,0.99336,0.99328,1.09189,1.15229,1.46434,1.34295,2.44800,1.56537,1.38750,32.28581,32.23733,4.43578,1.71763,2.12257,6.24725
2016-05-11,1.01268,1.00168,1.10087,1.14188,1.46303,1.34350,2.47106,1.57865,1.40268,32.48741,32.37713,4.44336,1.74553,2.13289,6.28066
2016-05-12,1.01691,1.00350,1.10281,1.13683,1.46240,1.34378,2.45164,1.56748,1.38987,32.60987,32.46193,4.44795,1.74630,2.13319,6.28162
2016-05-13,1.01570,1.00299,1.10227,1.13264,1.46188,1.34401,2.46277,1.57389,1.39720,32.72686,32.54287,4.45233,1.74047,2.13107,6.27477
2016-05-16,1.02597,1.00738,1.10695,1.14682,1.46372,1.34310,2.46459,1.57494,1.39840,32.58244,32.44331,4.44702,1.75437,2.13618,6.29130
2016-05-17,1.03503,1.01149,1.11152,1.13243,1.46190,1.34404,2.47309,1.57983,1.40400,32.46232,32.36042,4.44259,1.76627,2.14048,6.30518
2016-05-18,1.02476,1.00598,1.10529,1.13651,1.46244,1.34379,2.43019,1.55516,1.37568,32.52963,32.40710,4.44514,1.75975,2.13782,6.29599
2016-05-19,1.02416,1.00564,1.10489,1.13060,1.46170,1.34419,2.42554,1.55249,1.37269,31.32989,31.57776,4.40053,1.74501,2.13120,6.27283
2016-05-20,1.02717,1.00741,1.10692,1.14306,1.46332,1.34271,2.42230,1.55062,1.37066,31.66433,31.81182,4.41337,1.74882,2.13294,6.27888
2016-05-23,1.02114,1.00368,1.10253,1.14155,1.46315,1.34291,2.41542,1.54665,1.36648,31.79376,31.90219,4.41832,1.73874,2.12840,6.26289
2016-05-24,1.02234,1.00443,1.10342,1.16442,1.46610,1.34022,2.37353,1.52378,1.34183,31.89893,31.97556,4.42235,1.73458,2.12653,6.25631
2016-05-25,1.03382,1.01159,1.11211,1.17279,1.46717,1.33922,2.36706,1.52075,1.33871,32.24786,32.21834,4.43556,1.75553,2.13607,6.28983
2016-05-26,1.03261,1.01080,1.11112,1.17623,1.46762,1.33902,2.35896,1.51747,1.33526,32.52587,32.40982,4.44601,1.75895,2.13763,6.29528
2016-05-27,1.03865,1.01489,1.11621,1.18236,1.46835,1.33950,2.33954,1.51078,1.32808,33.77029,33.26426,4.49237,1.76131,2.13870,6.29897
2016-05-30,,,,,,,,,,38.18451,36.25926,4.65212,,,
2016-05-31,1.03201,1.01011,1.11014,1.18461,1.46875,1.33995,2.34844,1.51315,1.33065,38.00203,36.14845,4.64795,1.75867,2.13748,6.29426
2016-06-01,1.03986,1.01580,1.11739,1.18471,1.46874,1.33994,2.34601,1.51258,1.33002,38.47944,36.43923,4.65905,1.77045,2.14313,6.31619
2016-06-02,1.04348,1.01851,1.12089,1.18718,1.46967,1.34104,2.34055,1.51154,1.32886,38.56229,36.48915,4.66103,1.78691,2.15167,6.34985
2016-06-03,1.05254,1.02568,1.13035,1.18160,1.46702,1.33779,2.40550,1.52099,1.33964,40.81007,38.05989,4.72358,1.79589,2.15691,6.37064
2016-06-06,1.06401,1.03537,1.14329,1.18589,1.46919,1.34045,2.40631,1.52111,1.33979,41.93244,38.87970,4.75471,1.81595,2.17053,6.42579
2016-06-07,1.07307,1.04331,1.15444,1.18289,1.46750,1.33832,2.40429,1.52084,1.33947,41.40365,38.44736,4.73829,1.81958,2.17330,6.43691
2016-06-08,1.09360,1.06127,1.18294,1.18493,1.46869,1.33982,2.43990,1.52591,1.34527,41.73492,38.72425,4.74972,1.85356,2.20408,6.56452
2016-06-09,1.09118,1.05916,1.17935,1.18299,1.46749,1.33825,2.45346,1.52777,1.34741,41.30577,38.36591,4.73361,1.85235,2.20280,6.55909
2016-06-10,1.07790,1.04756,1.15850,1.16957,1.45896,1.32702,2.46338,1.52966,1.34932,41.49997,38.52829,4.74138,1.83311,2.18221,6.47011
2016-06-13,1.07548,1.04545,1.15471,1.15980,1.45271,1.31882,2.48159,1.53415,1.35398,50.41149,45.97438,5.11620,1.83604,2.18535,6.48337
2016-06-14,1.07126,1.04175,1.14797,1.15980,1.45271,1.31881,2.48422,1.53490,1.35476,49.02484,44.83630,5.08837,1.82966,2.17851,6.45240
2016-06-15,1.06522,1.03647,1.13824,1.15648,1.45057,1.31605,2.50263,1.54149,1.36183,49.74439,45.42861,5.10319,1.82341,2.17182,6.42144
2016-06-16,1.04710,1.02060,1.10912,1.15992,1.45247,1.31853,2.47633,1.53052,1.34987,54.92771,49.68892,5.21107,1.79797,2.14455,6.29475
2016-06-17,1.07246,1.04285,1.14825,1.14632,1.44548,1.30925,2.50809,1.54415,1.36450,53.68193,48.67470,5.18710,1.82864,2.17748,6.44630
2016-06-20,1.08333,1.05236,1.16275,1.15353,1.44830,1.31288,2.49312,1.53725,1.35713,51.71240,47.06752,5.14491,1.84376,2.19369,6.51763
2016-06-21,1.07367,1.04392,1.14983,1.15719,1.44955,1.31449,2.44516,1.51414,1.33231,47.92659,43.96638,5.05577,1.82584,2.17450,6.43279
2016-06-22,1.06643,1.03758,1.14015,1.15439,1.44865,1.31330,2.44638,1.51473,1.33294,42.57488,39.54788,4.92215,1.81423,2.16206,6.37796
2016-06-23,1.07548,1.04551,1.15222,1.17087,1.45347,1.31971,2.43039,1.50700,1.32466,44.92573,41.51327,4.98652,1.82098,2.16930,6.40947
2016-06-24,1.05435,1.02702,1.12393,1.12264,1.43946,1.30102,2.54958,1.56470,1.38566,47.53456,43.68291,5.05266,1.79235,2.13861,6.27497
2016-06-27,1.05193,1.02491,1.12101,1.10035,1.43633,1.29807,2.56333,1.57055,1.39018,46.68410,42.97957,5.03293,1.78619,2.13194,6.25014
2016-06-28,1.06824,1.03920,1.14000,1.12447,1.43949,1.29667,2.53582,1.55888,1.38118,46.32437,42.68154,5.02448,1.82013,2.16612,6.37687
2016-06-29,1.08213,1.05136,1.15550,1.14438,1.44205,1.29483,2.54634,1.56336,1.38462,45.70650,42.16924,5.00986,1.84070,2.18567,6.44592
2016-06-30,1.07730,1.04714,1.15011,1.15762,1.44373,1.29364,2.55909,1.56878,1.38901,48.26160,44.29090,5.07117,1.83132,2.17678,6.41444
2016-07-01,1.09179,1.05982,1.16628,1.16343,1.44447,1.29313,2.59834,1.58693,1.40407,48.49262,44.48176,5.07652,1.84858,2.19317,6.47239
2016-07-04,,,,,,,,,,48.65939,44.61948,5.08038,,,
2016-07-05,1.05918,1.03133,1.12977,1.15633,1.44361,1.29379,2.61979,1.59770,1.41301,47.82365,43.92982,5.06134,1.80221,2.14921,6.31645
2016-07-06,1.06522,1.03663,1.13548,1.16580,1.44480,1.29295,2.63517,1.60614,1.42028,48.50256,44.49113,5.07710,1.80427,2.15108,6.32257
2016-07-07,1.03321,1.00852,1.10534,1.16925,1.44524,1.29263,2.62525,1.60071,1.41485,45.81150,42.26954,5.01552,1.76319,2.11469,6.20209
2016-07-08,1.04650,1.01812,1.11472,1.18733,1.44749,1.29184,2.64104,1.60937,1.42405,47.60075,43.75540,5.05842,1.78112,2.12736,6.24147
2016-07-11,1.04167,1.01491,1.11160,1.19411,1.44831,1.29214,2.61615,1.59572,1.40808,46.54294,42.88034,5.03388,1.77453,2.12317,6.22842
2016-07-12,1.06099,1.02673,1.12342,1.20014,1.44925,1.29298,2.57285,1.57195,1.37995,47.95658,44.05254,5.06737,1.80356,2.13956,6.28063
2016-07-13,1.04831,1.01918,1.11599,1.19723,1.44843,1.29222,2.59652,1.58497,1.39527,47.11991,43.36089,5.04808,1.79302,2.13375,6.26252
2016-07-14,1.05193,1.02126,1.11805,1.20542,1.45126,1.29486,2.57649,1.57397,1.38227,47.30402,43.51343,5.05244,1.79599,2.13537,6.26766
2016-07-15,1.04650,1.01820,1.11498,1.20348,1.45038,1.29402,2.56657,1.56852,1.37585,47.72292,43.86029,5.06227,1.78733,2.13071,6.25280
2016-07-18,1.04288,1.01623,1.11295,1.21144,1.45438,1.29789,2.57062,1.57075,1.37846,48.32128,44.35527,5.07632,1.78381,2.12889,6.24679
2016-07-19,1.03684,1.01312,1.10967,1.20703,1.45179,1.29532,2.57406,1.57264,1.38069,48.28848,44.32823,5.07557,1.76779,2.12103,6.22024
2016-07-20,1.02899,1.00938,1.10566,1.22113,1.46071,1.30427,2.53723,1.55239,1.35684,47.76205,43.89336,5.06258,1.75561,2.11583,6.20251
2016-07-21,1.02476,1.00760,1.10372,1.21833,1.45870,1.30223,2.57588,1.57368,1.38176,47.72959,43.86656,5.06178,1.75142,2.11437,6.19745
2016-07-22,1.02234,1.00672,1.10274,1.22340,1.46257,1.30618,2.55666,1.56311,1.36972,46.56372,42.90226,5.03123,1.74491,2.11266,6.19141
2016-07-25,1.01147,1.00346,1.09903,1.22350,1.46262,1.30623,2.53885,1.55331,1.35867,46.88986,43.17276,5.04002,1.73026,2.11019,6.18227
2016-07-26,1.00664,1.00240,1.09781,1.22490,1.46385,1.30752,2.54958,1.55922,1.36513,46.85456,43.14356,5.03912,1.72611,2.10971,6.18119
2016-07-27,0.99698,1.00119,1.09633,1.23341,1.47190,1.31626,2.59065,1.58183,1.38986,46.97257,43.24141,5.04233,1.71388,2.10824,6.18328
2016-07-28,0.99396,1.00089,1.09622,1.23770,1.47623,1.32101,2.58316,1.57772,1.38544,46.96694,43.23679,5.04221,1.71949,2.10895,6.17926
2016-07-29,1.00302,1.00181,1.09532,1.24040,1.47912,1.32424,2.60987,1.59240,1.40120,47.06436,43.31755,5.04492,1.73770,2.11120,6.16120
2016-08-01,0.98672,1.00020,1.09761,1.24697,1.48617,1.33297,2.61473,1.59507,1.40406,43.41060,40.29101,4.94297,1.70920,2.10776,6.18913
2016-08-02,0.98490,1.00002,1.09803,1.23750,1.47601,1.31916,2.63598,1.60674,1.41657,37.71842,35.53323,4.77402,1.70576,2.10736,6.19313
2016-08-03,0.99940,1.00150,1.09272,1.24158,1.48040,1.32505,2.62343,1.59986,1.40879,40.82231,37.72539,4.84627,1.72263,2.10947,6.16638
2016-08-04,1.00362,1.00194,1.09121,1.24514,1.48422,1.33041,2.62788,1.60230,1.41163,41.76674,38.24087,4.86177,1.73009,2.11040,6.15478
2016-08-05,1.00664,1.00225,1.09014,1.25708,1.49703,1.34956,2.58094,1.57654,1.37925,41.60482,38.16017,4.85939,1.72900,2.11029,6.15657
2016-08-08,1.01449,1.00304,1.08736,1.25568,1.49554,1.34713,2.57871,1.57532,1.37772,42.34558,38.50760,4.87015,1.73857,2.11148,6.14175
2016-08-09,1.01268,1.00287,1.08801,1.25859,1.49866,1.35226,2.58924,1.58111,1.38493,42.08095,38.38911,4.86651,1.72694,2.11009,6.15986
2016-08-10,0.99879,1.00151,1.09295,1.25536,1.49520,1.34605,2.60138,1.58778,1.39326,42.22672,38.45320,4.86859,1.71618,2.10879,6.17672
2016-08-11,1.01631,1.00327,1.08665,1.26074,1.50097,1.35653,2.58337,1.57789,1.38088,42.19932,38.44152,4.86826,1.73156,2.11070,6.15146
2016-08-12,1.02416,1.00406,1.08388,1.26161,1.50190,1.35824,2.57790,1.57489,1.37713,42.02795,38.36869,4.86591,1.73325,2.11093,6.14881
2016-08-15,1.03925,1.00555,1.07893,1.26699,1.50766,1.36976,2.58681,1.57979,1.38323,40.55157,37.74728,4.84527,1.75767,2.11393,6.10925
2016-08-16,1.04710,1.00632,1.07738,1.25999,1.50017,1.35384,2.59955,1.58680,1.39197,41.39976,38.08716,4.85705,1.76767,2.11515,6.09330
2016-08-17,1.05375,1.00697,1.07687,1.26226,1.50260,1.35893,2.60016,1.58713,1.39238,41.05970,37.95874,4.85263,1.77077,2.11554,6.08865
2016-08-18,1.06522,1.00804,1.07747,1.26258,1.50295,1.35965,2.61251,1.59391,1.40086,41.03103,37.94824,4.85231,1.78870,2.11771,6.06844
2016-08-19,1.05978,1.00710,1.07633,1.26226,1.50260,1.35890,2.58944,1.58125,1.38498,41.08079,37.96600,4.85299,1.77832,2.11650,6.07430
2016-08-22,1.05133,1.00501,1.07378,1.26323,1.50364,1.36108,2.58559,1.57914,1.38234,41.86908,38.23923,4.86310,1.76667,2.11514,6.07798
2016-08-23,1.05737,1.00669,1.07583,1.26548,1.50606,1.36616,2.58519,1.57892,1.38206,41.70130,38.18210,4.86105,1.77500,2.11616,6.07588
2016-08-24,1.04288,1.00196,1.06994,1.25730,1.49730,1.34759,2.55645,1.56313,1.36233,41.42030,38.08600,4.85756,1.75433,2.11372,6.07762
2016-08-25,1.04952,1.00416,1.07267,1.25526,1.49511,1.34296,2.55423,1.56190,1.36081,41.22931,38.02051,4.85520,1.75402,2.11370,6.07773
2016-08-26,1.04469,1.00259,1.07070,1.25708,1.49707,1.34705,2.55059,1.55990,1.35831,41.43267,38.09108,4.85785,1.75262,2.11356,6.07793
2016-08-29,1.04106,1.00140,1.06923,1.25880,1.49892,1.35090,2.55565,1.56268,1.36173,41.04292,37.95715,4.85296,1.74181,2.11228,6.07889
2016-08-30,1.03080,0.99802,1.06502,1.25471,1.49454,1.34163,2.52995,1.54863,1.34443,41.20514,38.01367,4.85509,1.72525,2.11030,6.08031
2016-08-31,1.01268,0.99201,1.05753,1.25342,1.49315,1.33873,2.52489,1.54609,1.34135,40.96014,37.92925,4.85203,1.70707,2.10810,6.08194
2016-09-01,1.00060,0.98809,1.05274,1.25665,1.49662,1.34558,2.53521,1.55075,1.34711,40.95649,37.92821,4.85204,1.69323,2.10642,6.09119
2016-09-02,1.01268,0.99032,1.05546,1.26074,1.50101,1.35411,2.56111,1.56186,1.36098,41.28752,38.04118,4.85633,1.71157,2.10872,6.06537
2016-09-05,,,,,,,,,,43.48344,38.78509,4.88429,,,
2016-09-06,1.01993,0.99121,1.05653,1.26861,1.50943,1.37047,2.60441,1.58025,1.38358,43.87485,38.91371,4.88910,1.71980,2.10976,6.05302
2016-09-07,1.02536,0.99178,1.05722,1.26936,1.51024,1.37202,2.59551,1.57650,1.37900,44.06555,38.97620,4.89145,1.73104,2.11116,6.03536
2016-09-08,1.04589,0.99388,1.05977,1.26193,1.50229,1.35645,2.58175,1.57069,1.37192,45.13132,39.32300,4.90425,1.75617,2.11425,5.99609
2016-09-09,1.02838,0.99214,1.05766,1.23018,1.46827,1.28994,2.56475,1.56349,1.36316,44.58934,39.14891,4.89692,1.73302,2.11149,6.03174
2016-09-12,1.02959,0.99228,1.05782,1.25224,1.49197,1.32417,2.56151,1.56213,1.36150,43.49636,38.75432,4.87996,1.73426,2.11167,6.02991
2016-09-13,1.01389,0.99070,1.05590,1.24104,1.47997,1.30945,2.54452,1.55491,1.35275,43.56700,38.78104,4.88116,1.71235,2.10903,6.06429
2016-09-14,1.00906,0.99021,1.05528,1.24697,1.48633,1.31674,2.55322,1.55862,1.35723,43.61844,38.80079,4.88207,1.70520,2.10818,6.07577
2016-09-15,1.01208,0.99052,1.05550,1.26634,1.50711,1.34032,2.53683,1.55164,1.34878,43.45076,38.73610,4.87920,1.71369,2.10925,6.06228
2016-09-16,1.01449,0.99077,1.05558,1.26574,1.50647,1.33962,2.53055,1.54904,1.34555,43.50345,38.75690,4.88017,1.71687,2.10966,6.05732
2016-09-19,1.01389,0.99072,1.05558,1.26023,1.50058,1.33315,2.53582,1.55104,1.34808,43.57966,38.78704,4.88160,1.72453,2.11062,6.04513
2016-09-20,1.01932,0.99126,1.05551,1.26261,1.50313,1.33594,2.53824,1.55192,1.34921,43.54391,38.77303,4.88097,1.73860,2.11237,6.02280
2016-09-21,1.02959,0.99227,1.05537,1.27502,1.51641,1.35048,2.57527,1.56507,1.36637,42.72610,38.44575,4.86538,1.75142,2.11394,6.00269
2016-09-22,1.03684,0.99297,1.05527,1.28517,1.52727,1.36238,2.58134,1.56722,1.36909,42.62725,38.40591,4.86349,1.76381,2.11545,5.98328
2016-09-23,1.02416,0.99176,1.05546,1.27696,1.51849,1.35250,2.58296,1.56779,1.36981,43.11497,38.60366,4.87301,1.73936,2.11253,6.01687
2016-09-26,1.03019,0.99236,1.05538,1.26627,1.50707,1.33925,2.58094,1.56709,1.36891,43.42990,38.73067,4.87911,1.75050,2.11390,6.00251
2016-09-27,1.02174,0.99155,1.05552,1.27879,1.52047,1.35475,2.56212,1.56046,1.36049,43.31343,38.68419,4.87692,1.73571,2.11214,6.01912
2016-09-28,1.04288,0.99361,1.05521,1.28095,1.52278,1.35740,2.55403,1.55760,1.35687,43.28014,38.67104,4.87633,1.75633,2.11467,5.99572
2016-09-29,1.04891,0.99420,1.05509,1.27168,1.51286,1.34544,2.55099,1.55653,1.35551,43.31708,38.68610,4.87707,1.75803,2.11489,5.99410
2016-09-30,1.05314,0.99459,1.05532,1.28117,1.52303,1.35765,2.54229,1.55346,1.35161,43.57927,38.79164,4.88224,1.76049,2.11521,5.99220
2016-10-03,1.06160,0.99560,1.05657,1.27933,1.52107,1.35523,2.53582,1.55117,1.34871,43.84585,38.89862,4.88761,1.76593,2.11589,5.98895
2016-10-04,1.06099,0.99545,1.05637,1.27739,1.51899,1.35258,2.44779,1.51971,1.30891,43.66101,38.82516,4.88390,1.75659,2.11479,5.99242
2016-10-05,1.06824,0.99742,1.05888,1.28192,1.52384,1.35882,2.44395,1.51886,1.30805,43.81418,38.88668,4.88710,1.76827,2.11622,5.98858
2016-10-06,1.07005,0.99802,1.05965,1.28127,1.52315,1.35785,2.42129,1.51631,1.30537,43.78648,38.87590,4.88656,1.76410,2.11575,5.98909
2016-10-07,1.06582,0.99622,1.05727,1.27847,1.52015,1.35364,2.42291,1.51643,1.30532,44.22630,39.05162,4.89588,1.76678,2.11609,5.98900
2016-10-10,1.07850,1.00203,1.06498,1.28656,1.52881,1.36590,2.43140,1.51698,1.30476,44.23914,39.05689,4.89620,1.78981,2.11888,5.99113
2016-10-11,1.07126,0.99824,1.05992,1.26823,1.50920,1.33734,2.41906,1.51623,1.30610,46.02108,39.79107,4.93519,1.77786,2.11746,5.98553
2016-10-12,1.06703,0.99591,1.05680,1.26714,1.50804,1.33566,2.42291,1.51649,1.30540,45.56418,39.58975,4.92462,1.76700,2.11589,5.97899
2016-10-13,1.07307,0.99928,1.06129,1.26261,1.50320,1.32864,2.42877,1.51687,1.30410,45.48160,39.55018,4.92255,1.78007,2.11782,5.98695
2016-10-14,1.07367,0.99962,1.06175,1.26411,1.50481,1.33091,2.41522,1.51604,1.30741,45.77806,39.69735,4.93042,1.78131,2.11803,5.98775
2016-10-17,1.07307,0.99926,1.06126,1.26066,1.50111,1.32568,2.42169,1.51647,1.30550,45.74596,39.68079,4.92957,1.78231,2.11823,5.98855
2016-10-18,1.07428,0.99999,1.06223,1.27189,1.51314,1.34191,2.43667,1.51742,1.30079,45.49108,39.54657,4.92247,1.78576,2.11905,5.99205
2016-10-19,1.08092,1.00405,1.06770,1.27178,1.51303,1.34175,2.45063,1.51831,1.29643,45.06622,39.32009,4.91043,1.79282,2.12092,6.00015
2016-10-20,1.07186,0.99830,1.05993,1.27027,1.51141,1.33959,2.44314,1.51786,1.29879,44.99166,39.28036,4.90834,1.77483,2.11535,5.97586
2016-10-21,1.07730,1.00176,1.06460,1.27502,1.51650,1.34635,2.44496,1.51799,1.29825,45.15680,39.36906,4.91313,1.77658,2.11592,5.97830
2016-10-24,1.07790,1.00215,1.06512,1.29034,1.53290,1.36820,2.43950,1.51767,1.29998,46.52538,40.10160,4.95234,1.77753,2.11624,5.97963
2016-10-25,1.07367,0.99947,1.06148,1.28624,1.52852,1.36232,2.45791,1.51884,1.29424,46.93803,40.31971,4.96391,1.77467,2.11536,5.97580
2016-10-26,1.06763,0.99563,1.05628,1.27750,1.51918,1.34981,2.44415,1.51801,1.29853,48.32066,41.07204,5.00413,1.76500,2.11235,5.96268
2016-10-27,1.07307,0.99910,1.06097,1.27168,1.51295,1.34149,2.44860,1.51830,1.29716,49.13757,41.54512,5.02925,1.77896,2.11676,5.98178
2016-10-28,1.06703,0.99526,1.05576,1.26369,1.50439,1.33010,2.46014,1.51903,1.29359,49.41437,41.71817,5.03840,1.77270,2.11482,5.97332
2016-10-31,1.05133,0.98525,1.04223,1.26250,1.50310,1.32836,2.46742,1.51950,1.29137,50.02326,42.12965,5.06008,1.75187,2.10831,5.94499
2016-11-01,1.05556,0.98794,1.04587,1.25301,1.49324,1.31541,2.48341,1.52050,1.28642,52.29080,43.77232,5.14658,1.74389,2.10574,5.93378
2016-11-02,1.04529,0.98166,1.03720,1.24297,1.48372,1.30291,2.50182,1.52165,1.28164,52.99141,44.30021,5.17349,1.73103,2.10270,5.92047
2016-11-03,1.04046,0.97905,1.03358,1.23078,1.47362,1.28968,2.51518,1.52248,1.27915,49.38206,41.58464,5.01882,1.72521,2.10202,5.91742
2016-11-04,1.03321,0.97577,1.02903,1.22646,1.47066,1.28577,2.51700,1.52261,1.27890,50.49095,42.42512,5.06293,1.71881,2.10127,5.91748
2016-11-07,1.03907,0.97780,1.03184,1.25559,1.48581,1.30560,2.47167,1.51989,1.28071,50.54457,42.46574,5.06509,1.72974,2.10263,5.91104
2016-11-08,1.03744,0.97731,1.03115,1.26379,1.48964,1.30988,2.46135,1.51928,1.28115,50.94930,42.77185,5.08099,1.72892,2.10256,5.91165
2016-11-09,1.04469,0.97906,1.03360,1.26962,1.49236,1.31292,2.45973,1.51920,1.28124,51.64112,43.29462,5.10801,1.73158,2.10292,5.90911
2016-11-10,1.03382,0.97657,1.03007,1.24911,1.48289,1.30231,2.42311,1.51697,1.28274,51.06180,42.85759,5.08567,1.73019,2.10279,5.91065
2016-11-11,1.01389,0.97303,1.02502,1.24966,1.48316,1.30261,2.36949,1.51363,1.28486,51.22611,42.98179,5.09213,1.70000,2.09915,5.94550
2016-11-14,1.01510,0.97317,1.02506,1.23703,1.47727,1.29601,2.34945,1.51238,1.28740,50.50609,42.43815,5.06422,1.69937,2.09912,5.94645
2016-11-15,1.03321,0.97492,1.02394,1.25419,1.48484,1.30439,2.36989,1.51373,1.28220,50.98590,42.80108,5.08308,1.71872,2.10154,5.90320
2016-11-16,1.02295,0.97397,1.02458,1.26164,1.48809,1.30788,2.36281,1.51330,1.28428,53.11187,44.40738,5.16599,1.70817,2.10029,5.92650
2016-11-17,1.02355,0.97404,1.02453,1.27081,1.49207,1.31215,2.35067,1.51254,1.28873,52.63003,44.04487,5.14772,1.70739,2.10023,5.92836
2016-11-18,1.03019,0.97469,1.02369,1.26607,1.49004,1.30997,2.33003,1.51124,1.29799,53.65073,44.81373,5.18680,1.71350,2.10101,5.91286
2016-11-21,1.05978,0.97750,1.01991,1.27923,1.49573,1.31608,2.33873,1.51183,1.29321,52.71513,44.11046,5.15150,1.75199,2.10576,5.81361
2016-11-22,1.05918,0.97746,1.01998,1.28311,1.49738,1.31783,2.33792,1.51180,1.29367,53.53757,44.72992,5.18296,1.75725,2.10643,5.80186
2016-11-23,1.06341,0.97787,1.01963,1.27794,1.49488,1.31500,2.29158,1.50883,1.32401,53.05391,44.36633,5.16443,1.76181,2.10702,5.79338
2016-11-24,,,,,,,,,,52.77582,44.15712,5.15347,,,
2016-11-25,1.05375,0.97700,1.01952,1.28204,1.49702,1.31743,2.27863,1.50801,1.33307,52.94261,44.28280,5.16024,1.75512,2.10625,5.80320
2016-11-28,1.05978,0.97758,1.01978,1.27912,1.49533,1.31544,2.30271,1.50963,1.31391,52.25530,43.76548,5.13213,1.77650,2.10885,5.77577
2016-11-29,1.03623,0.97542,1.01752,1.28355,1.49802,1.31862,2.29199,1.50895,1.32226,52.36723,43.84994,5.13681,1.73961,2.10451,5.80389
2016-11-30,1.06643,0.97828,1.02052,1.26801,1.48792,1.30643,2.26123,1.50695,1.34790,53.12292,44.41953,5.16803,1.77523,2.10886,5.77637
2016-12-01,1.08454,0.97993,1.02225,1.24610,1.47361,1.28918,2.25698,1.50669,1.35171,53.94391,45.03744,5.20166,1.79420,2.11114,5.76817
2016-12-02,1.09420,0.98133,1.02367,1.24858,1.47523,1.29103,2.26912,1.50753,1.33992,55.27716,46.03934,5.25643,1.79677,2.11148,5.76784
2016-12-05,1.10085,0.98291,1.02530,1.25829,1.48116,1.29766,2.25698,1.50675,1.35190,53.87204,44.98616,5.19905,1.82377,2.11461,5.77443
2016-12-06,1.09662,0.98145,1.02376,1.26131,1.48291,1.29962,2.25476,1.50663,1.35428,54.33345,45.33302,5.21825,1.81717,2.11318,5.76970
2016-12-07,1.08696,0.97749,1.01953,1.27728,1.49204,1.30996,2.26285,1.50719,1.34539,54.75362,45.64862,5.23563,1.80577,2.10967,5.75801
2016-12-08,1.08998,0.97880,1.02093,1.27955,1.49335,1.31143,2.25759,1.50687,1.35130,54.94483,45.79219,5.24370,1.80774,2.11036,5.76025
2016-12-09,1.09601,0.98161,1.02399,1.28959,1.49905,1.31790,2.23391,1.50532,1.37914,55.24853,46.02008,5.25690,1.81969,2.11510,5.77642
2016-12-12,1.10326,0.98525,1.02807,1.28376,1.49577,1.31417,2.24241,1.50592,1.36870,55.72123,46.37454,5.27807,1.82041,2.11540,5.77741
2016-12-13,1.10628,0.98691,1.02994,1.29995,1.50491,1.32454,2.23493,1.50545,1.37807,55.75158,46.39738,5.27947,1.81521,2.11270,5.76776
2016-12-14,1.09541,0.98028,1.02222,1.29725,1.50323,1.32260,2.20214,1.50327,1.42115,55.61081,46.29204,5.27311,1.80914,2.10938,5.75571
2016-12-15,1.09360,0.97917,1.02092,1.29930,1.50460,1.32417,2.17200,1.50123,1.46263,55.55447,46.24992,5.27058,1.79285,2.10030,5.72243
2016-12-16,1.09965,0.98291,1.02534,1.29449,1.50101,1.31989,2.18636,1.50225,1.44214,55.98774,46.57465,5.29061,1.79903,2.10379,5.73515
2016-12-19,1.09321,0.97883,1.02041,1.29979,1.50511,1.32478,2.19729,1.50303,1.42689,56.56383,47.00606,5.31713,1.78741,2.09730,5.71138
2016-12-20,1.09514,0.98006,1.02189,1.30476,1.50916,1.32970,2.18110,1.50195,1.44953,57.24368,47.51463,5.34828,1.77894,2.09256,5.69404
2016-12-21,1.09128,0.97761,1.01884,1.30379,1.50829,1.32860,2.18231,1.50207,1.44777,59.29831,49.04961,5.44257,1.78406,2.09547,5.70461
2016-12-22,1.08999,0.97680,1.01782,1.30011,1.50490,1.32430,2.17705,1.50173,1.45585,61.44682,50.64916,5.54165,1.78260,2.09465,5.70164
2016-12-23,1.09064,0.97721,1.01833,1.30098,1.50570,1.32530,2.18393,1.50223,1.44485,65.53093,53.67906,5.73328,1.78182,2.09422,5.70006
2016-12-26,,,,,,,,,,64.64619,53.02691,5.69313,,,
2016-12-27,1.10995,0.98952,1.03381,1.30768,1.51211,1.33361,2.19668,1.50314,1.42425,66.27447,54.22908,5.76766,1.80886,2.10799,5.75505
2016-12-28,1.10802,0.98829,1.03225,1.29751,1.50203,1.32032,2.20275,1.50358,1.41463,70.14023,57.07603,5.94246,1.81207,2.10964,5.76158
2016-12-29,1.11060,0.98996,1.03437,1.29567,1.50021,1.31792,2.23169,1.50558,1.36802,69.67510,56.73549,5.92202,1.81034,2.10879,5.75813
2016-12-30,1.11253,0.99127,1.03608,1.28236,1.48699,1.30057,2.21793,1.50468,1.38924,68.79618,56.09148,5.88268,1.80722,2.10724,5.75187
2017-01-02,,,,,,,,,,72.79685,59.02726,6.07108,,,
2017-01-03,1.10609,0.98657,1.02977,1.29384,1.49841,1.31547,2.23533,1.50589,1.36202,73.90849,59.83862,6.12218,1.77738,2.09221,5.69158
2017-01-04,1.10802,0.98799,1.03166,1.30087,1.50540,1.32461,2.24322,1.50645,1.35064,81.20103,65.15258,6.45464,1.80022,2.10387,5.73801
2017-01-05,1.11124,0.99039,1.03495,1.30823,1.51271,1.33420,2.27803,1.50881,1.30143,71.61016,58.22691,6.07755,1.80765,2.10765,5.75242
2017-01-06,1.11124,0.99039,1.03494,1.31971,1.52410,1.34918,2.26123,1.50773,1.32003,63.87767,52.56840,5.84247,1.80433,2.10600,5.74607
2017-01-09,1.09450,0.97743,1.01676,1.32404,1.52838,1.35482,2.27985,1.50899,1.29996,64.66819,53.15401,5.86434,1.78322,2.09537,5.70523
2017-01-10,1.08871,0.97294,1.01048,1.32696,1.53131,1.35866,2.28956,1.50967,1.29058,64.88222,53.31245,5.87006,1.79381,2.10074,5.72518
2017-01-11,1.10351,0.98444,1.02648,1.33053,1.53502,1.36371,2.29664,1.51016,1.28423,56.42323,47.05703,5.65136,1.80120,2.10437,5.73881
2017-01-12,1.11832,0.99592,1.04199,1.32847,1.53289,1.36053,2.30494,1.51073,1.27727,57.76849,48.06688,5.68180,1.82758,2.11726,5.78727
2017-01-13,1.11703,0.99493,1.04064,1.33301,1.53761,1.36763,2.31101,1.51116,1.27257,59.17401,49.11781,5.70984,1.82880,2.11788,5.78955
2017-01-16,,,,,,,,,,59.46682,49.31844,5.71523,,,
2017-01-17,1.11768,0.99543,1.04131,1.32901,1.53346,1.36105,2.34419,1.51336,1.24863,64.84843,52.81537,5.80910,1.83722,2.12197,5.80493
2017-01-18,1.10609,0.98646,1.02915,1.33172,1.53627,1.36548,2.32436,1.51211,1.25929,63.07574,51.76887,5.78350,1.82559,2.11637,5.78353
2017-01-19,1.10416,0.98497,1.02712,1.33107,1.53561,1.36435,2.32234,1.51200,1.26029,64.57909,52.66378,5.80591,1.82096,2.11405,5.77449
2017-01-20,1.11478,0.99320,1.03825,1.33399,1.53864,1.36934,2.32800,1.51240,1.25769,64.07168,52.36404,5.79862,1.82550,2.11640,5.78362
2017-01-23,1.11639,0.99445,1.03993,1.33508,1.53977,1.37120,2.34298,1.51340,1.25125,65.78526,53.37973,5.82382,1.83008,2.11886,5.79334
2017-01-24,1.11832,0.99595,1.04195,1.34405,1.54909,1.38693,2.33246,1.51274,1.25517,63.53978,52.05896,5.79174,1.83330,2.12068,5.80067
2017-01-25,1.11253,0.99147,1.03587,1.35758,1.56313,1.41142,2.31323,1.51152,1.26190,64.10857,52.39713,5.80023,1.82543,2.11594,5.78089
2017-01-26,1.11510,0.99347,1.03857,1.35899,1.56459,1.41405,2.29178,1.51015,1.26951,65.61002,53.28716,5.82231,1.82344,2.11475,5.77585
2017-01-27,1.10738,0.98749,1.03047,1.36159,1.56729,1.41923,2.29644,1.51048,1.26789,65.88108,53.44708,5.82631,1.81744,2.11113,5.76063
2017-01-30,1.10158,0.98300,1.02439,1.35098,1.55630,1.39627,2.30615,1.51115,1.26446,65.87097,53.44143,5.82624,1.79790,2.09927,5.71097
2017-01-31,1.10738,0.98750,1.03046,1.34828,1.55350,1.39036,2.33812,1.51327,1.25315,69.31985,55.47049,5.87782,1.80956,2.10642,5.74072
2017-02-01,1.11832,0.99597,1.04192,1.35758,1.56315,1.41053,2.33104,1.51284,1.25558,70.68216,56.26119,5.89750,1.82923,2.11842,5.79077
2017-02-02,1.11961,0.99697,1.04327,1.35639,1.56192,1.40781,2.34399,1.51371,1.25140,72.12595,57.09395,5.91999,1.82632,2.11668,5.78343
2017-02-03,1.11768,0.99548,1.04124,1.36029,1.56596,1.41660,2.34986,1.51412,1.24974,72.66975,57.41680,5.92913,1.81692,2.11099,5.75955
2017-02-06,1.11060,0.99001,1.03381,1.36191,1.56765,1.42026,2.38163,1.51619,1.24190,73.24345,57.78305,5.93966,1.81462,2.10962,5.75375
2017-02-07,1.10673,0.98702,1.02976,1.36689,1.57281,1.43187,2.37677,1.51591,1.24258,75.41265,59.25904,5.98251,1.81533,2.11007,5.75557
2017-02-08,1.11060,0.98997,1.03380,1.36917,1.57517,1.43727,2.39154,1.51688,1.24114,75.32270,59.19555,5.98070,1.82684,2.11710,5.78488
2017-02-09,1.11382,0.99239,1.03717,1.37414,1.58033,1.44937,2.37333,1.51576,1.24166,70.33999,55.67138,5.86976,1.82915,2.11851,5.79075
2017-02-10,1.12766,1.00274,1.05168,1.37869,1.58504,1.46091,2.37960,1.51619,1.24161,71.33475,56.38008,5.89314,1.84634,2.12895,5.83442
2017-02-13,1.11317,0.99194,1.03647,1.38649,1.59311,1.48149,2.36342,1.51518,1.24127,71.57116,56.54837,5.89871,1.83150,2.12002,5.79685
2017-02-14,1.11768,0.99531,1.04119,1.39114,1.59792,1.49443,2.36605,1.51538,1.24136,72.44868,57.17249,5.91910,1.83130,2.11992,5.79636
2017-02-15,1.11639,0.99435,1.03984,1.39936,1.60643,1.51847,2.37657,1.51608,1.24160,72.56967,57.25854,5.92196,1.83935,2.12482,5.81683
2017-02-16,1.11060,0.99002,1.03376,1.39892,1.60598,1.51699,2.38932,1.51692,1.24205,74.20894,58.42272,5.95989,1.82837,2.11821,5.78900
2017-02-17,1.10802,0.98809,1.03106,1.40499,1.61224,1.53617,2.38122,1.51644,1.24151,75.77378,59.53160,5.99630,1.82076,2.11361,5.76969
2017-02-20,,,,,,,,,,77.92234,61.05094,6.04754,,,
2017-02-21,1.10866,0.98854,1.03171,1.41192,1.61940,1.55907,2.38264,1.51655,1.24163,80.79726,63.07828,6.11766,1.81572,2.11057,5.75690
2017-02-22,1.10480,0.98587,1.02775,1.41246,1.61997,1.56084,2.38588,1.51680,1.24193,80.85785,63.12098,6.11916,1.80930,2.10668,5.74059
2017-02-23,1.10545,0.98628,1.02835,1.40716,1.61450,1.54210,2.40672,1.51850,1.24401,85.09220,66.09606,6.23310,1.80562,2.10440,5.73108
2017-02-24,1.10609,0.98667,1.02892,1.40986,1.61729,1.55146,2.42210,1.52023,1.24613,84.85079,65.92743,6.22680,1.80796,2.10566,5.73644
2017-02-27,1.10287,0.98473,1.02605,1.41159,1.61908,1.55752,2.41036,1.51836,1.24381,85.47088,66.36118,6.24439,1.80006,2.10168,5.71912
2017-02-28,1.10545,0.98620,1.02821,1.40726,1.61462,1.54203,2.41259,1.51877,1.24429,85.05914,66.07361,6.23191,1.81331,2.10750,5.74431
2017-03-01,1.10931,0.98835,1.03140,1.42263,1.63049,1.59634,2.40915,1.51811,1.24346,87.92640,68.07832,6.32423,1.82544,2.11273,5.76697
2017-03-02,1.09257,0.97906,1.01757,1.41548,1.62312,1.57027,2.37920,1.51207,1.23595,90.39370,69.79781,6.40387,1.79785,2.10098,5.71566
2017-03-03,1.09836,0.98194,1.02184,1.41808,1.62581,1.57949,2.37778,1.51181,1.23561,92.28554,71.11271,6.46681,1.80210,2.10268,5.72295
2017-03-06,1.09836,0.98194,1.02183,1.41495,1.62259,1.56798,2.36180,1.50857,1.23158,91.77675,70.76006,6.44902,1.80052,2.10212,5.72040
2017-03-07,1.09257,0.97937,1.01798,1.41256,1.62012,1.55920,2.34278,1.50463,1.22670,88.35705,68.38734,6.32224,1.78488,2.09703,5.69801
2017-03-08,1.06746,0.96925,1.00281,1.41506,1.62270,1.56809,2.32821,1.50227,1.22372,82.46381,64.28236,6.09961,1.76300,2.09170,5.67439
2017-03-09,1.05716,0.96646,0.99886,1.41614,1.62383,1.57197,2.31627,1.50125,1.22235,85.42099,66.35722,6.20914,1.74833,2.09001,5.66791
2017-03-10,1.04879,0.96544,0.99732,1.42209,1.62997,1.59372,2.32133,1.50162,1.22237,78.62676,61.60727,5.97402,1.74195,2.08931,5.66946
2017-03-13,1.04621,0.96523,0.99736,1.42447,1.63243,1.60243,2.32173,1.50169,1.22234,88.70918,68.71745,6.28379,1.74411,2.08962,5.66703
2017-03-14,1.04299,0.96496,0.99805,1.42100,1.62886,1.58933,2.30919,1.50092,1.22361,89.22024,69.07396,6.29403,1.73452,2.08853,5.68155
2017-03-15,1.05265,0.96588,0.99398,1.42978,1.63792,1.62218,2.35229,1.50376,1.21631,90.08735,69.67834,6.31124,1.74720,2.09011,5.65474
2017-03-16,1.05201,0.96585,0.99428,1.42880,1.63691,1.61827,2.36200,1.50442,1.21475,84.31626,65.66123,6.19850,1.75468,2.09106,5.63798
2017-03-17,1.05330,0.96599,0.99362,1.42830,1.63640,1.61620,2.36726,1.50479,1.21392,76.73378,60.34706,6.04298,1.76035,2.09179,5.62533
2017-03-20,1.05394,0.96608,0.99329,1.42961,1.63776,1.62119,2.37778,1.50550,1.21222,74.27690,58.60825,5.99181,1.75963,2.09176,5.62726
2017-03-21,1.04815,0.96557,0.99675,1.40791,1.61539,1.53573,2.39862,1.50686,1.20906,79.57785,62.37287,6.09840,1.75589,2.09137,5.63602
2017-03-22,1.04750,0.96554,0.99720,1.41746,1.62525,1.57012,2.40449,1.50727,1.20857,74.24442,58.60964,6.01080,1.75049,2.09079,5.64861
2017-03-23,1.04428,0.96527,0.99946,1.41388,1.62157,1.55738,2.40125,1.50711,1.20861,73.59097,58.16246,6.00029,1.74907,2.09067,5.65210
2017-03-24,1.05008,0.96583,0.99516,1.41680,1.62459,1.56744,2.40510,1.50739,1.20870,66.92671,53.93402,5.89683,1.74781,2.09058,5.65527
2017-03-27,1.04879,0.96574,0.99617,1.41909,1.62695,1.57533,2.41866,1.50824,1.20963,74.64643,58.26100,6.00539,1.74387,2.09017,5.66502
2017-03-28,1.05233,0.96609,0.99357,1.42776,1.63590,1.60564,2.40874,1.50727,1.20839,74.80702,58.33293,6.00711,1.75578,2.09165,5.63493
2017-03-29,1.06263,0.96706,0.98595,1.43438,1.64273,1.62904,2.41461,1.50798,1.20927,74.41520,58.16231,6.00347,1.76610,2.09294,5.60922
2017-03-30,1.06553,0.96735,0.98388,1.43677,1.64520,1.63751,2.39721,1.50556,1.20621,74.29346,58.11034,6.00244,1.76505,2.09287,5.61215
2017-03-31,1.07068,0.96785,0.98016,1.43579,1.64419,1.63386,2.40227,1.50631,1.20713,77.42526,59.44205,6.03319,,,
2017-04-03,1.06617,0.96746,0.98325,1.43492,1.64331,1.63057,2.41501,1.50815,1.20940,81.92882,61.32143,6.07579,1.75252,2.09144,5.64375
2017-04-04,1.07583,0.96837,0.97712,1.43719,1.64566,1.63882,2.42048,1.50899,1.21044,81.73250,61.24246,6.07419,1.76401,2.09287,5.61499
2017-04-05,1.07905,0.96869,0.97544,1.43134,1.63963,1.61695,2.42048,1.50900,1.21044,81.29516,61.06530,6.07043,1.77087,2.09375,5.59816
2017-04-06,1.08162,0.96894,0.97437,1.43210,1.64042,1.61964,2.41157,1.50739,1.20838,85.50266,62.78331,6.10858,1.77355,2.09412,5.59162
2017-04-07,1.08484,0.96926,0.97336,1.43134,1.63964,1.61671,2.41724,1.50847,1.20972,85.29759,62.70237,6.10695,1.77539,2.09440,5.58758
2017-04-10,1.09064,0.96981,0.97212,1.43188,1.64020,1.61859,2.41724,1.50850,1.20973,86.72325,63.27301,6.12065,1.77685,2.09463,5.58474
2017-04-11,1.09386,0.97012,0.97179,1.42570,1.63384,1.59571,2.45225,1.51518,1.21820,88.02125,63.83230,6.13426,1.77894,2.09494,5.58107
2017-04-12,1.09257,0.97003,0.97175,1.41995,1.62791,1.57462,2.46904,1.51908,1.22313,87.04279,63.37739,6.12329,1.77653,2.09471,5.58514
2017-04-13,1.09643,0.97039,0.97212,1.41431,1.62209,1.55402,2.48078,1.52242,1.22737,83.92529,61.82130,6.08455,1.78520,2.09580,5.57207
2017-04-14,,,,,,,,,,84.05232,61.88753,6.08637,,,
2017-04-17,1.09193,0.96986,0.97128,1.42603,1.63420,1.59453,2.47349,1.51987,1.22409,85.30974,62.53992,6.10350,1.78010,2.09526,5.57866
2017-04-18,1.08613,0.96903,0.96999,1.42386,1.63196,1.58703,2.48523,1.52433,1.22978,86.04197,62.92003,6.11365,1.76576,2.09363,5.59565
2017-04-19,1.06875,0.96649,0.96604,1.42613,1.63431,1.59464,2.46317,1.51507,1.21786,86.57373,63.20109,6.12130,1.75095,2.09194,5.61337
2017-04-20,1.06424,0.96584,0.96502,1.43806,1.64662,1.63493,2.46783,1.51707,1.22039,88.45200,64.21840,6.14910,1.74708,2.09153,5.61824
2017-04-21,1.05394,0.96429,0.96258,1.43774,1.64629,1.63375,2.47491,1.52011,1.22427,89.27747,64.67406,6.16168,1.73595,2.09026,5.63147
2017-04-24,1.05008,0.96396,0.96219,1.45509,1.66419,1.69171,2.45811,1.51275,1.21479,89.98630,65.08157,6.17310,1.73213,2.08986,5.63747
2017-04-25,1.05716,0.96464,0.96161,1.46561,1.67502,1.72585,2.43323,1.50182,1.20075,91.60569,66.05277,6.20056,1.73862,2.09070,5.62409
2017-04-26,1.04815,0.96384,0.96299,1.46355,1.67290,1.71893,2.44516,1.50710,1.20746,92.79531,66.79236,6.22163,1.73583,2.09043,5.63058
2017-04-27,1.04235,0.96334,0.96462,1.47233,1.68195,1.74765,2.43606,1.50310,1.20233,96.33141,69.08327,6.28770,1.73022,2.08981,5.64498
2017-04-28,1.04364,0.96348,0.96406,1.47494,1.68463,1.75633,2.44375,1.50650,1.20665,96.48138,69.18028,6.29058,1.73847,2.09087,5.62143
2017-05-01,1.04299,0.96345,0.96441,1.48806,1.69813,1.80464,2.42149,1.49672,1.19403,102.84838,73.28932,6.42109,1.74253,2.09142,5.60996
2017-05-02,1.03141,0.96241,0.97145,1.49056,1.70069,1.81383,2.42108,1.49654,1.19378,104.77213,74.52333,6.45889,1.73521,2.09060,5.63142
2017-05-03,1.02947,0.96226,0.97295,1.48579,1.69580,1.79400,2.38729,1.48433,1.17797,108.75095,77.07066,6.54112,1.73288,2.09038,5.63864
2017-05-04,1.00243,0.95976,0.99785,1.48633,1.69636,1.79604,2.36321,1.47766,1.16985,110.21258,78.00317,6.57270,1.70139,2.08664,5.73705
2017-05-05,1.01724,0.96121,0.98360,1.49175,1.70193,1.81834,2.36766,1.47843,1.17075,109.49829,77.54846,6.55586,1.71114,2.08791,5.70109
2017-05-08,1.01273,0.96081,0.98787,1.49500,1.70528,1.83195,2.36240,1.47780,1.16995,120.60924,84.63079,6.84025,1.70276,2.08695,5.73365
2017-05-09,1.00823,0.96042,0.99245,1.50021,1.71064,1.85429,2.34824,1.47696,1.16890,123.05290,86.17433,6.89695,1.69790,2.08642,5.75523
2017-05-10,1.02368,0.96192,0.97450,1.50108,1.71153,1.85794,2.34804,1.47699,1.16886,127.58149,89.02888,7.00063,1.71310,2.08836,5.67871
2017-05-11,1.02947,0.96249,0.96804,1.49989,1.71032,1.85250,2.35735,1.47762,1.16806,131.37412,91.41110,7.08828,1.72063,2.08934,5.64185
2017-05-12,1.02947,0.96252,0.96811,1.50325,1.71377,1.86720,2.36402,1.47809,1.16727,122.01032,85.54755,6.86272,1.72811,2.09031,5.60564
2017-05-15,1.03720,0.96328,0.95956,1.50802,1.71867,1.88835,2.37030,1.47853,1.16643,124.31654,87.00316,6.92080,1.73012,2.09062,5.59638
2017-05-16,1.03656,0.96325,0.96031,1.51431,1.72513,1.91664,2.38062,1.47922,1.16503,125.75834,87.91161,6.95680,1.72851,2.09049,5.60467
2017-05-17,1.04299,0.96388,0.95358,1.47581,1.68566,1.73924,2.42392,1.48195,1.15900,129.46011,90.24088,7.04837,1.73847,2.09176,5.55664
2017-05-18,1.04042,0.96367,0.95612,1.48872,1.69894,1.77710,2.40409,1.48079,1.16176,135.57982,94.08040,7.20122,1.72704,2.09046,5.60848
2017-05-19,1.06102,0.96561,0.93657,1.49500,1.70540,1.79499,2.41603,1.48157,1.16028,140.82611,97.35715,7.32992,1.75392,2.09378,5.48748
2017-05-22,1.06875,0.96634,0.93161,1.50759,1.71833,1.83114,2.42614,1.48224,1.15942,148.79936,102.31843,7.52670,1.76523,2.09520,5.45239
2017-05-23,1.06488,0.96603,0.93357,1.50910,1.71989,1.83546,2.41076,1.48135,1.16004,161.56431,110.21857,7.83280,1.75382,2.09391,5.48135
2017-05-24,1.06295,0.96588,0.93442,1.51604,1.72701,1.85561,2.42028,1.48198,1.15982,172.85296,117.14994,8.09228,1.74895,2.09340,5.49280
2017-05-25,1.03849,0.96369,0.94359,1.52895,1.74025,1.89339,2.41764,1.48187,1.15984,166.02433,112.98512,7.94095,1.73327,2.09159,5.52814
2017-05-26,1.04815,0.96462,0.93995,1.53167,1.74304,1.90127,2.43909,1.48323,1.16021,163.14827,111.22400,7.87592,1.73955,2.09242,5.51425
2017-05-29,,,,,,,,,,163.52741,111.45703,7.88473,,,
2017-05-30,1.03849,0.96376,0.94363,1.53296,1.74437,1.90516,2.43100,1.48278,1.15973,155.12089,106.30069,7.69077,1.72302,2.09050,5.55183
2017-05-31,1.02561,0.96260,0.94858,1.53243,1.74383,1.90312,2.44071,1.48348,1.16055,164.58076,112.13546,7.91553,1.71530,2.08963,5.56986
2017-06-01,1.01950,0.96206,0.95100,1.53839,1.74994,1.92388,2.44274,1.48370,1.16078,171.77078,116.54485,8.08128,1.70781,2.08879,5.58739
2017-06-02,1.01595,0.96176,0.95245,1.55596,1.76794,1.98890,2.46074,1.48593,1.16353,177.46355,120.02154,8.20970,1.70502,2.08852,5.59424
2017-06-05,1.00887,0.96112,0.95617,1.55563,1.76761,1.98748,2.46317,1.48632,1.16398,192.20038,128.99208,8.53635,1.69834,2.08777,5.61377
2017-06-06,1.01724,0.96195,0.95066,1.54945,1.76130,1.96392,2.49089,1.49186,1.17098,205.51487,137.03479,8.81971,1.70829,2.08907,5.57978
2017-06-07,0.99986,0.96034,0.96257,1.55553,1.76752,1.98657,2.47774,1.48857,1.16689,193.73502,129.96612,8.57779,1.69764,2.08784,5.61687
2017-06-08,1.00276,0.96065,0.96033,1.55715,1.76919,1.99263,2.46155,1.48406,1.16131,200.59211,134.10667,8.72336,1.70217,2.08847,5.59974
2017-06-09,1.00630,0.96102,0.95729,1.51821,1.72938,1.83902,2.43909,1.47777,1.15355,200.75736,134.20663,8.72698,1.70732,2.08918,5.57950
2017-06-12,0.99921,0.96038,0.96385,1.51008,1.72105,1.81608,2.43545,1.47677,1.15230,190.77708,128.20250,8.51939,1.69018,2.08715,5.64920
2017-06-13,1.00308,0.96079,0.95991,1.52234,1.73362,1.84872,2.43788,1.47749,1.15316,193.76206,130.00832,8.58340,1.69074,2.08729,5.64703
2017-06-14,0.98569,0.95916,0.97862,1.51572,1.72685,1.83138,2.42452,1.47374,1.14854,174.91554,118.62794,8.18372,1.67581,2.08552,5.71638
2017-06-15,0.98795,0.95941,0.97604,1.50900,1.71997,1.81408,2.41441,1.47087,1.14501,172.48646,117.14575,8.13054,1.67640,2.08567,5.71347
2017-06-16,0.99310,0.95994,0.96964,1.50245,1.71326,1.79766,2.41481,1.47097,1.14511,177.24419,120.05435,8.23570,1.68378,2.08667,5.67264
2017-06-19,0.98505,0.95920,0.97994,1.52757,1.73904,1.85785,2.39640,1.46675,1.13975,185.35237,124.99762,8.40909,1.67245,2.08534,5.73650
2017-06-20,0.97668,0.95842,0.99168,1.51560,1.72679,1.83194,2.39134,1.46585,1.13858,195.62935,131.23563,8.61679,1.66031,2.08390,5.81025
2017-06-21,0.96380,0.95719,1.01185,1.53062,1.74219,1.86354,2.39822,1.46673,1.13967,188.90383,127.17558,8.48866,1.65004,2.08268,5.87909
2017-06-22,0.96831,0.95767,1.00396,1.53018,1.74175,1.86257,2.40631,1.46756,1.14069,192.29548,129.23107,8.55486,1.64443,2.08204,5.92147
2017-06-23,0.97089,0.95796,0.99931,1.53606,1.74777,1.87489,2.41663,1.46849,1.14185,192.23986,129.19792,8.55397,1.65031,2.08286,5.87199
2017-06-26,0.97475,0.95837,0.99207,1.52887,1.74042,1.85967,2.39498,1.46666,1.13950,173.66589,117.96377,8.19610,1.65515,2.08354,5.83080
2017-06-27,0.98376,0.95929,0.97497,1.50115,1.71202,1.80114,2.40409,1.46730,1.14027,181.10824,122.51398,8.34155,1.66660,2.08506,5.73202
2017-06-28,0.99084,0.96002,0.96191,1.52279,1.73424,1.84184,2.40591,1.46746,1.14043,183.43060,123.92837,8.38386,1.67541,2.08623,5.65798
2017-06-29,0.99600,0.96055,0.95262,1.49635,1.70716,1.79531,2.39417,1.46680,1.13967,181.83096,122.95621,8.35528,1.68563,2.08758,5.57312
2017-06-30,1.01595,0.96251,0.91751,1.49691,1.70773,1.79610,2.38810,1.46648,1.13942,175.55166,119.13518,8.24191,1.71206,2.09093,5.37068
2017-07-03,1.02432,0.96334,0.90715,1.48113,1.69154,1.77277,2.34905,1.46414,1.13894,182.65295,123.47292,8.37334,1.72257,2.09229,5.31576
2017-07-04,,,,,,,,,,186.07545,125.55567,8.43501,,,
2017-07-05,1.00758,0.96180,0.92493,1.49571,1.70652,1.79228,2.35775,1.46473,1.13826,186.67383,125.91957,8.44585,1.70631,2.09039,5.38804
2017-07-06,1.01145,0.96220,0.92123,1.48222,1.69275,1.77514,2.35674,1.46472,1.13839,186.32244,125.70675,8.43983,1.70846,2.09073,5.37969
2017-07-07,1.00050,0.96120,0.93150,1.49821,1.70798,1.79415,2.33266,1.46328,1.14277,178.63429,121.03898,8.30361,1.69582,2.08926,5.42874
2017-07-10,1.00630,0.96179,0.92608,1.50799,1.71699,1.80532,2.33650,1.46357,1.14179,166.00755,113.33941,8.07388,1.70740,2.09077,5.38462
2017-07-11,1.01595,0.96275,0.91720,1.51223,1.72090,1.81017,2.33954,1.46382,1.14085,165.99327,113.33110,8.07377,1.72113,2.09252,5.33633
2017-07-12,1.01273,0.96248,0.91993,1.53018,1.73740,1.83067,2.34783,1.46439,1.13793,169.98132,115.78210,8.14771,1.71355,2.09168,5.35950
2017-07-13,1.01145,0.96239,0.92106,1.53355,1.74051,1.83452,2.34359,1.46418,1.13957,167.75192,114.41588,8.10878,1.69850,2.08992,5.40349
2017-07-14,1.02110,0.96335,0.91317,1.54563,1.75156,1.84822,2.36281,1.46543,1.13217,158.52503,108.75243,7.94555,1.71479,2.09200,5.35569
2017-07-17,1.01853,0.96314,0.91510,1.54639,1.75225,1.84907,2.37333,1.46614,1.12821,158.59095,108.79359,7.94687,1.71459,2.09205,5.35656
2017-07-18,1.02368,0.96366,0.91151,1.55672,1.76279,1.86335,2.38992,1.46722,1.12198,164.89057,112.68343,8.05281,1.72412,2.09330,5.33269
2017-07-19,1.03269,0.96455,0.90567,1.56585,1.77210,1.87720,2.38932,1.46724,1.12226,161.54834,110.62830,8.00199,1.73426,2.09461,5.30997
2017-07-20,1.03141,0.96447,0.90641,1.56792,1.77422,1.88054,2.39255,1.46750,1.12117,202.11911,135.62442,8.63016,1.73553,2.09485,5.30775
2017-07-21,1.01724,0.96318,0.91335,1.56727,1.77357,1.87918,2.41319,1.46883,1.11487,190.82764,130.03301,8.56425,1.72107,2.09319,5.33131
2017-07-24,1.01853,0.96334,0.91279,1.57444,1.78088,1.89341,2.41420,1.46895,1.11465,197.19919,133.23952,8.60388,1.71405,2.09242,5.34265
2017-07-25,1.03012,0.96448,0.90722,1.57042,1.77680,1.88457,2.40631,1.46853,1.11604,183.13720,126.22754,8.51992,1.72381,2.09370,5.32768
2017-07-26,1.03978,0.96542,0.90310,1.57554,1.78201,1.89596,2.42574,1.46977,1.11328,180.53415,124.90458,8.50359,1.73577,2.09523,5.30920
2017-07-27,1.04621,0.96606,0.90098,1.56564,1.77195,1.87216,2.42392,1.46972,1.11344,190.75663,130.12684,8.57160,1.74713,2.09668,5.29416
2017-07-28,1.05136,0.96657,0.89978,1.56434,1.77063,1.86894,2.44213,1.47088,1.11268,199.96726,134.76639,8.63008,1.75240,2.09740,5.28919
2017-07-31,1.05780,0.96720,0.89895,1.55770,1.76387,1.85277,2.44334,1.47101,1.11269,204.89000,137.21451,8.66100,1.75064,2.09726,5.29022
2017-08-01,1.04686,0.96623,0.89906,1.56129,1.76754,1.86133,2.44132,1.47091,1.11254,195.21154,132.19910,8.59712,1.73289,2.09522,5.29582
2017-08-02,1.04879,0.96645,0.89912,1.56553,1.77186,1.87155,2.43626,1.47049,1.11199,192.54586,130.71256,8.57771,1.74113,2.09629,5.29355
2017-08-03,1.04364,0.96601,0.89882,1.55944,1.76567,1.85620,2.44011,1.47092,1.11250,199.67472,134.79933,8.63373,1.72893,2.09490,5.29750
2017-08-04,1.04493,0.96617,0.89894,1.56227,1.76856,1.86315,2.42108,1.46868,1.10965,204.72262,137.67613,8.67279,1.72781,2.09485,5.29809
2017-08-07,1.04943,0.96662,0.89931,1.57217,1.77865,1.88820,2.41825,1.46838,1.10925,242.82099,159.77059,8.97350,1.73699,2.09604,5.29551
2017-08-08,1.04815,0.96653,0.89919,1.56944,1.77588,1.88100,2.42533,1.46929,1.11036,245.19112,161.11628,8.98888,1.74176,2.09669,5.29430
2017-08-09,1.05523,0.96723,0.90013,1.56737,1.77379,1.87537,2.45467,1.47289,1.11484,239.57530,157.93204,8.95373,1.75164,2.09796,5.29147
2017-08-10,1.03978,0.96519,0.89730,1.53377,1.73957,1.78391,2.47289,1.47513,1.11764,246.00389,161.74673,8.99661,1.73353,2.09586,5.29567
2017-08-11,1.04493,0.96593,0.89829,1.54541,1.75145,1.80793,2.48462,1.47716,1.12017,261.99996,171.21301,9.10931,1.73685,2.09634,5.29516
2017-08-14,1.03269,0.96430,0.89604,1.56531,1.77176,1.84718,2.46702,1.47314,1.11505,308.09991,198.32675,9.42979,1.72482,2.09496,5.29805
2017-08-15,1.02819,0.96372,0.89521,1.56639,1.77287,1.84918,2.44800,1.46844,1.10909,297.75214,192.33270,9.36683,1.71260,2.09356,5.30101
2017-08-16,1.02626,0.96347,0.89485,1.56912,1.77565,1.85428,2.46601,1.47298,1.11477,312.39973,200.84889,9.45915,1.71398,2.09380,5.30087
2017-08-17,1.02819,0.96368,0.89505,1.53704,1.74299,1.79341,2.47855,1.47611,1.11870,308.37998,198.52372,9.43456,1.71605,2.09413,5.30033
2017-08-18,1.04686,0.96547,0.89597,1.53595,1.74189,1.79162,2.47471,1.47509,1.11739,294.06438,190.23024,9.33609,1.72755,2.09561,5.29481
2017-08-21,1.03463,0.96437,0.89543,1.53399,1.73989,1.78853,2.48401,1.47777,1.12074,285.77025,185.40206,9.27320,1.72356,2.09520,5.29704
2017-08-22,1.03784,0.96471,0.89562,1.55737,1.76377,1.82360,2.47289,1.47435,1.11637,291.61820,188.81742,9.32108,1.72253,2.09514,5.29773
2017-08-23,1.04493,0.96540,0.89599,1.55183,1.75812,1.81584,2.48219,1.47727,1.12004,296.81343,191.84559,9.36405,1.72861,2.09596,5.29453
2017-08-24,1.04364,0.96531,0.89596,1.54726,1.75347,1.80945,2.47450,1.47482,1.11690,309.61819,199.29508,9.47183,1.73364,2.09664,5.29195
2017-08-25,1.04171,0.96517,0.89590,1.54399,1.75014,1.80488,2.48361,1.47778,1.12062,311.57327,200.42848,9.48822,1.72917,2.09618,5.29471
2017-08-28,1.04171,0.96520,0.89594,1.54878,1.75504,1.81154,2.52307,1.49070,1.13713,313.47945,201.53284,9.50500,1.73193,2.09658,5.29340
2017-08-29,1.04364,0.96542,0.89606,1.55487,1.76125,1.82002,2.51760,1.48874,1.13471,329.27544,210.67322,9.64921,1.73366,2.09687,5.29267
2017-08-30,1.03205,0.96438,0.89555,1.57314,1.77988,1.84551,2.51639,1.48825,1.13407,328.28599,210.10431,9.64057,1.72481,2.09587,5.29790
2017-08-31,1.06102,0.96712,0.89696,1.59000,1.79706,1.86909,2.54593,1.50074,1.14964,339.28867,216.44272,9.74508,1.75776,2.09995,5.27950
2017-09-01,1.06424,0.96745,0.89713,1.58783,1.79486,1.86596,2.55079,1.50289,1.15223,352.01534,223.75044,9.86741,1.76450,2.10083,5.27573
2017-09-04,,,,,,,,,,313.12083,201.50117,9.48957,,,
2017-09-05,1.06553,0.96759,0.89720,1.57358,1.78037,1.84476,2.57912,1.51728,1.17004,318.79662,204.78924,9.54947,1.77270,2.10188,5.27374
2017-09-06,1.07583,0.96874,0.89853,1.57836,1.78524,1.85178,2.56597,1.51032,1.16095,329.78073,211.14049,9.66384,1.78014,2.10279,5.27539
2017-09-07,1.07647,0.96886,0.89865,1.58206,1.78902,1.85740,2.59268,1.52448,1.18001,331.75586,212.27946,9.68417,1.77893,2.10257,5.27428
2017-09-08,1.06295,0.96536,0.89447,1.56836,1.77508,1.83508,2.58944,1.52277,1.17742,311.02400,200.34126,9.47455,1.76031,2.09761,5.25292
2017-09-11,1.06682,0.96640,0.89570,1.58640,1.79347,1.86430,2.55342,1.50371,1.14754,301.51102,194.82722,9.37431,1.76296,2.09840,5.25613
2017-09-12,1.07004,0.96730,0.89675,1.59022,1.79736,1.87047,2.56091,1.50769,1.15359,298.05912,192.82054,9.33733,1.76118,2.09798,5.25419
2017-09-13,1.07519,0.96885,0.89860,1.59239,1.79957,1.87392,2.54168,1.49751,1.13786,278.21860,181.26961,9.12203,1.76473,2.09901,5.25843
2017-09-14,1.07712,0.96950,0.89939,1.58303,1.79007,1.85756,2.55281,1.50341,1.14655,232.43598,154.42420,8.60137,1.76755,2.09983,5.26179
2017-09-15,1.08291,0.97168,0.90211,1.58847,1.79561,1.86696,2.54006,1.49666,1.13647,264.77007,173.75854,8.92999,1.76966,2.10050,5.26453
2017-09-18,1.08098,0.97086,0.90104,1.58639,1.79350,1.86312,2.51639,1.48412,1.11821,292.05466,189.87452,9.11049,1.76741,2.09983,5.26137
2017-09-19,1.07776,0.96939,0.89911,1.58912,1.79628,1.86809,2.52165,1.48691,1.12176,280.98264,183.39683,9.05120,1.76248,2.09827,5.25412
2017-09-20,1.08613,0.97337,0.90433,1.58421,1.79130,1.85857,2.50142,1.47618,1.10820,278.83833,182.13794,9.03958,1.77811,2.10348,5.27755
2017-09-21,1.08227,0.97141,0.90172,1.57451,1.78143,1.83966,2.48240,1.46601,1.09674,258.90243,170.41871,8.92835,1.76138,2.09777,5.25175
2017-09-22,1.08484,0.97277,0.90351,1.57299,1.77989,1.83666,2.49373,1.47130,1.10261,259.04345,170.50294,8.92949,1.76300,2.09839,5.25437
2017-09-25,1.10351,0.98306,0.91760,1.55641,1.76302,1.80455,2.51983,1.48252,1.11520,280.48175,183.19941,9.05727,1.77285,2.10187,5.26978
2017-09-26,1.09366,0.97734,0.91016,1.56046,1.76715,1.81223,2.49170,1.47083,1.10225,278.43135,182.05637,9.04689,1.76164,2.09806,5.25251
2017-09-27,1.09064,0.97554,0.90783,1.57451,1.78148,1.83859,2.46823,1.46196,1.09271,301.17032,194.75940,9.16657,1.76282,2.09853,5.25444
2017-09-28,1.08871,0.97436,0.90629,1.57397,1.78093,1.83756,2.47289,1.46344,1.09427,299.73757,193.97381,9.15985,1.75868,2.09715,5.24812
2017-09-29,1.08484,0.97198,0.90315,1.58531,1.79249,1.85810,2.46014,1.45978,1.09030,297.39281,192.68647,9.14859,1.75511,2.09597,5.24267
2017-10-02,1.07519,0.96602,0.89529,1.58672,1.79393,1.86062,2.44375,1.45578,1.08590,313.98848,201.81862,9.23137,1.73953,2.09058,5.21836
2017-10-03,1.07325,0.96483,0.89372,1.59010,1.79738,1.86674,2.44496,1.45599,1.08612,308.24025,198.68239,9.20438,1.74028,2.09082,5.21926
2017-10-04,1.07647,0.96684,0.89634,1.59162,1.79894,1.86947,2.45184,1.45699,1.08722,301.80715,195.16242,9.17306,1.74486,2.09196,5.22426
2017-10-05,1.08806,0.97405,0.90577,1.60721,1.81480,1.89816,2.43869,1.45546,1.08546,309.16043,199.20151,9.21237,1.75800,2.09464,5.23630
2017-10-06,1.07068,0.96328,0.89158,1.60939,1.81702,1.90207,2.45022,1.45641,1.08652,312.48827,201.02211,9.23052,1.74437,2.09200,5.22407
2017-10-09,1.07004,0.96290,0.89110,1.60754,1.81515,1.89810,2.47025,1.45772,1.08801,341.94970,217.40310,9.39619,1.74738,2.09259,5.22650
2017-10-10,1.08484,0.97076,0.90116,1.60874,1.81638,1.90056,2.47673,1.45818,1.08851,339.34032,215.96667,9.38285,1.76312,2.09509,5.23760
2017-10-11,1.08613,0.97146,0.90201,1.61353,1.82125,1.91145,2.48462,1.45872,1.08911,344.62891,218.99683,9.41195,1.76215,2.09502,5.23710
2017-10-12,1.08420,0.97046,0.90076,1.61059,1.81827,1.90408,2.48665,1.45890,1.08930,386.04921,242.68650,9.65355,1.76971,2.09626,5.24249
2017-10-13,1.09579,0.97655,0.90833,1.61680,1.82459,1.91963,2.50546,1.46012,1.09068,401.82484,251.61302,9.73801,1.78568,2.09877,5.25365
2017-10-16,1.09901,0.97825,0.91043,1.62237,1.83025,1.93417,2.48826,1.45912,1.08949,411.99353,257.34476,9.79079,1.78783,2.09910,5.25495
2017-10-17,1.09579,0.97659,0.90834,1.62443,1.83236,1.93972,2.47127,1.45802,1.08817,400.13130,250.67727,9.72410,1.77733,2.09666,5.24381
2017-10-18,1.09579,0.97660,0.90832,1.62247,1.83037,1.93370,2.46196,1.45744,1.08746,399.66279,250.41416,9.72136,1.77372,2.09578,5.23969
2017-10-19,1.09128,0.97426,0.90513,1.61648,1.82429,1.91523,2.47653,1.45849,1.08867,408.56970,255.43791,9.78205,1.77555,2.09633,5.24200
2017-10-20,1.09772,0.97764,0.90973,1.62084,1.82874,1.92833,2.46074,1.45748,1.08745,429.51026,267.22186,9.92989,1.77304,2.09569,5.23887
2017-10-23,1.09772,0.97765,0.90971,1.61026,1.81800,1.89532,2.46459,1.45779,1.08779,421.44860,262.70896,9.87393,1.78025,2.09779,5.24827
2017-10-24,1.10866,0.98380,0.91839,1.61299,1.82078,1.90357,2.45508,1.45720,1.08707,394.93206,247.83399,9.67413,1.78924,2.10052,5.26061
2017-10-25,1.10995,0.98455,0.91942,1.60688,1.81458,1.88459,2.45548,1.45729,1.08714,410.55266,256.65731,9.79766,1.78621,2.09950,5.25572
2017-10-26,1.11317,0.98663,0.92236,1.60176,1.80939,1.86879,2.43484,1.45592,1.08548,422.31235,263.27484,9.88832,1.78680,2.09976,5.25672
2017-10-27,1.11961,0.99114,0.92893,1.64841,1.85682,2.00984,2.44638,1.45666,1.08607,413.12413,258.12072,9.81858,1.78583,2.09942,5.25495
2017-10-30,1.12219,0.99310,0.93179,1.65211,1.86058,2.01678,2.45103,1.45700,1.08624,437.98277,272.10040,10.01888,1.79179,2.10192,5.26635
2017-10-31,1.12412,0.99464,0.93406,1.65833,1.86689,2.02841,2.44172,1.45650,1.08606,460.11778,284.47802,10.19059,1.79271,2.10236,5.26822
2017-11-01,1.12476,0.99516,0.93483,1.65778,1.86635,2.02717,2.45063,1.45709,1.08610,481.43963,296.34376,10.35074,1.80007,2.10581,5.28413
2017-11-02,1.13184,1.00080,0.94415,1.65462,1.86315,2.02038,2.45225,1.45725,1.08614,504.15495,308.92902,10.51968,1.80336,2.10752,5.29197
2017-11-03,1.13764,1.00542,0.95219,1.67053,1.87929,2.05536,2.44071,1.45663,1.08620,515.23856,315.04293,10.60344,1.80730,2.10973,5.30222
2017-11-06,1.15824,1.02181,0.98279,1.67620,1.88503,2.06818,2.46155,1.45793,1.08586,499.96683,306.64028,10.48088,1.83394,2.12585,5.37832
2017-11-07,1.15502,1.01926,0.97744,1.67718,1.88604,2.07038,2.45265,1.45747,1.08608,509.48185,311.89393,10.56283,1.82121,2.11657,5.33421
2017-11-08,1.15373,1.01824,0.97505,1.68394,1.89288,2.08817,2.46115,1.45803,1.08597,533.31690,325.02760,10.77520,1.82349,2.11830,5.34184
2017-11-09,1.15566,1.01978,0.97859,1.67512,1.88397,2.06278,2.47127,1.45870,1.08584,509.44861,311.93739,10.56540,1.81970,2.11516,5.32692
2017-11-10,1.15566,1.01978,0.97850,1.67500,1.88386,2.06223,2.45103,1.45757,1.08627,473.86386,292.32908,10.24163,1.81612,2.11211,5.31230
2017-11-13,1.14923,1.01467,0.96567,1.67708,1.88597,2.06815,2.45467,1.45785,1.08626,466.62609,288.31198,10.17322,1.81459,2.11081,5.30593
2017-11-14,1.13442,1.00291,0.93618,1.67097,1.87980,2.04924,2.45973,1.45821,1.08622,471.84596,291.21606,10.22347,1.79298,2.09212,5.21707
2017-11-15,1.13313,1.00189,0.93359,1.66313,1.87187,2.02510,2.45670,1.45809,1.08633,519.44293,317.65598,10.67635,1.78975,2.08933,5.20358
2017-11-16,1.12927,0.99882,0.92605,1.68438,1.89340,2.08949,2.45650,1.45815,1.08639,560.69355,340.36102,11.00918,1.78281,2.08327,5.17619
2017-11-17,1.14601,1.01215,0.95704,1.67795,1.88690,2.06943,2.48604,1.45997,1.08590,553.20176,336.26972,10.95437,1.80584,2.10102,5.25601
2017-11-20,1.13667,1.00474,0.94112,1.67664,1.88559,2.06526,2.45467,1.45819,1.08653,591.91219,357.44893,11.24210,1.79402,2.09248,5.21959
2017-11-21,1.14343,1.01012,0.95195,1.69484,1.90402,2.12103,2.45872,1.45850,1.08651,579.18079,350.53123,11.15180,1.79994,2.09657,5.23665
2017-11-22,1.14923,1.01473,0.96128,1.69691,1.90612,2.12732,2.48138,1.45991,1.08615,590.46088,356.67723,11.23350,1.81183,2.10466,5.27087
2017-11-23,,,,,,,,,,577.72581,349.75549,11.13962,,,
2017-11-24,1.15373,1.01832,0.96856,1.70312,1.91241,2.14653,2.47511,1.45961,1.08632,589.23159,356.02628,11.23000,1.81108,2.10419,5.26871
2017-11-27,1.15180,1.01679,0.96536,1.70236,1.91165,2.14379,2.48543,1.46028,1.08618,696.47212,414.34536,12.08777,1.80916,2.10294,5.26320
2017-11-28,1.14794,1.01373,0.95903,1.70672,1.91607,2.15814,2.48503,1.46032,1.08620,710.89192,422.06824,12.16480,1.80554,2.10055,5.25277
2017-11-29,1.14021,1.00759,0.94644,1.67696,1.88602,2.05237,2.46945,1.45947,1.08568,701.43216,417.01559,12.11560,1.79967,2.09663,5.23590
2017-11-30,1.13506,1.00350,0.93809,1.69103,1.90026,2.09334,2.45042,1.45841,1.08503,715.50997,424.55025,12.19330,1.78445,2.08632,5.19195
2017-12-01,1.14601,1.01221,0.95562,1.68383,1.89299,2.07237,2.46034,1.45907,1.08544,773.64589,455.59798,12.53044,1.80069,2.09648,5.23648
2017-12-04,1.13184,1.00096,0.93253,1.66443,1.87338,2.01643,2.45204,1.45864,1.08519,827.55368,484.17183,12.82763,1.78550,2.08744,5.19729
2017-12-05,1.12895,0.99866,0.92831,1.66552,1.87448,2.01904,2.43464,1.45768,1.08459,840.05241,490.75559,12.89409,1.77069,2.07959,5.16399
2017-12-06,1.11124,0.98457,0.90356,1.67304,1.88211,2.03769,2.42958,1.45744,1.08441,1001.48000,575.63296,13.79970,1.75158,2.07149,5.13002
2017-12-07,1.11092,0.98428,0.90315,1.67871,1.88786,2.05167,2.39761,1.45559,1.08434,1219.07804,688.20021,14.70281,1.74530,2.06980,5.12300
2017-12-08,1.11832,0.98973,0.91041,1.68612,1.89537,2.07005,2.39741,1.45564,1.08433,1166.55623,661.51876,14.55567,1.74974,2.07042,5.12499
2017-12-11,1.12379,0.99347,0.91541,1.69920,1.90862,2.10270,2.38790,1.45513,1.08582,1207.71232,682.52673,14.67594,1.75415,2.07104,5.12531
2017-12-12,1.11382,0.98683,0.90636,1.69691,1.90631,2.09679,2.39073,1.45537,1.08516,1247.82504,702.93268,14.79359,1.73779,2.06920,5.12842
2017-12-13,1.10802,0.98328,0.90156,1.70019,1.90963,2.10495,2.41137,1.45670,1.07913,1182.06394,669.59579,14.59462,1.73871,2.06941,5.12780
2017-12-14,1.11253,0.98575,0.90491,1.69899,1.90843,2.10172,2.40652,1.45647,1.08064,1188.34390,672.80088,14.61574,1.74649,2.07043,5.11992
2017-12-15,1.11156,0.98526,0.90422,1.71827,1.92793,2.15207,2.41157,1.45684,1.07924,1267.01212,712.88972,14.88869,1.75107,2.07107,5.11485
2017-12-18,1.11853,0.98864,0.90896,1.73268,1.94250,2.19006,2.42270,1.45759,1.07604,1358.62912,759.28740,15.19782,1.75986,2.07221,5.10442
2017-12-19,1.12389,0.99122,0.91258,1.72242,1.93215,2.16164,2.42452,1.45777,1.07560,1263.52815,711.45790,14.88855,1.76234,2.07260,5.10178
2017-12-20,1.13125,0.99476,0.91755,1.72056,1.93028,2.15625,2.43100,1.45823,1.07379,1177.66030,667.94690,14.58932,1.77217,2.07386,5.09018
2017-12-21,1.13259,0.99542,0.91846,1.72078,1.93051,2.15664,2.43444,1.45850,1.07288,1118.98397,637.99832,14.36963,1.77695,2.07451,5.08477
2017-12-22,1.13762,0.99783,0.92185,1.71881,1.92854,2.15054,2.44719,1.45933,1.06925,1023.92477,589.22270,13.99090,1.78680,2.07576,5.07308
2017-12-25,,,,,,,,,,1007.83653,580.89351,13.92311,,,
2017-12-26,1.15470,1.00592,0.93332,1.70953,1.91918,2.12187,2.46398,1.46041,1.06441,1125.66272,642.01790,14.42925,1.80745,2.07827,5.05259
2017-12-27,1.15704,1.00710,0.93495,1.70975,1.91941,2.12237,2.47329,1.46104,1.06234,1101.46016,629.59805,14.33812,1.81472,2.07921,5.05020
2017-12-28,1.16541,1.01220,0.94222,1.71182,1.92151,2.12848,2.48584,1.46185,1.06039,1022.76053,589.11502,14.03584,1.82780,2.08071,5.05369
2017-12-29,1.16876,1.01454,0.94555,1.70123,1.91082,2.09592,2.50202,1.46287,1.05907,1042.96557,599.59260,14.11834,1.83768,2.08286,5.06254
2018-01-01,,,,,,,,,,963.72597,558.59707,13.80181,,,
2018-01-02,1.17546,1.01978,0.95345,1.73104,1.94097,2.18586,2.53238,1.46468,1.05916,1056.03337,606.75330,14.19292,1.84284,2.08475,5.07040
2018-01-03,1.18216,1.02501,0.96233,1.74787,1.95796,2.23286,2.52570,1.46405,1.05834,1074.35386,616.23023,14.25908,1.84708,2.08692,5.07955
2018-01-04,1.18283,1.02554,0.96323,1.75092,1.96105,2.24135,2.53865,1.46604,1.06076,1078.64938,618.45108,14.27484,1.84635,2.08639,5.07695
2018-01-05,1.17814,1.02189,0.95561,1.76850,1.97879,2.29114,2.53602,1.46545,1.05998,1216.56821,689.62348,14.76137,1.83283,2.07613,5.03055
2018-01-08,1.17747,1.02137,0.95442,1.77539,1.98573,2.31070,2.53561,1.46535,1.05981,1069.13815,614.41245,14.32601,1.82826,2.07268,5.01486
2018-01-09,1.18551,1.02765,0.96791,1.77549,1.98584,2.31064,2.52388,1.46184,1.05537,1029.14025,593.72851,14.19760,1.83686,2.07927,5.04410
2018-01-10,1.19019,1.03132,0.97608,1.77134,1.98168,2.29619,2.52995,1.46376,1.05773,1049.93279,604.52783,14.26725,1.83989,2.08167,5.05446
2018-01-11,1.19019,1.03132,0.97598,1.78347,1.99390,2.33863,2.53824,1.46648,1.06109,943.83551,549.55161,13.92079,1.84139,2.08291,5.05976
2018-01-12,1.19890,1.03812,0.99242,1.79658,2.00710,2.38692,2.56900,1.47706,1.07434,986.97266,572.15977,14.07434,1.85088,2.09116,5.09739
2018-01-15,,,,,,,,,,972.81898,564.77842,14.02897,,,
2018-01-16,1.19153,1.03238,0.97752,1.79144,2.00194,2.36634,2.57325,1.47870,1.07636,818.17108,483.97768,13.52132,1.84461,2.08542,5.07068
2018-01-17,1.19287,1.03343,0.98015,1.81077,2.02140,2.44277,2.55241,1.46959,1.06481,798.74351,473.63750,13.45609,1.85192,2.09222,5.10174
2018-01-18,1.19220,1.03292,0.97870,1.81110,2.02175,2.44384,2.54674,1.46713,1.06166,804.92977,476.94168,13.47667,1.84990,2.09028,5.09250
2018-01-19,1.18885,1.03031,0.97181,1.81679,2.02747,2.46657,2.55807,1.47212,1.06787,818.83068,484.35735,13.51881,1.84684,2.08730,5.07841
2018-01-22,1.19287,1.03345,0.97987,1.83622,2.04700,2.54711,2.56273,1.47423,1.07048,768.52060,457.56949,13.38006,1.85251,2.09286,5.10391
2018-01-23,1.20292,1.04129,1.00021,1.85141,2.06224,2.61133,2.57548,1.48014,1.07791,776.53990,461.71460,13.40296,1.85985,2.10011,5.13745
2018-01-24,1.21431,1.05017,1.02378,1.83938,2.05021,2.55909,2.60684,1.49532,1.09712,803.48801,474.42526,13.47286,1.88724,2.12795,5.26764
2018-01-25,1.20962,1.04652,1.01336,1.83874,2.04957,2.55604,2.58944,1.48635,1.08570,796.65757,471.46455,13.45746,,,
2018-01-26,1.21832,1.05331,1.03284,1.86692,2.07785,2.67573,2.59146,1.48740,1.08694,789.86440,468.61204,13.44219,1.89435,2.13518,5.30148
2018-01-29,1.21431,1.05019,1.02325,1.85785,2.06878,2.63562,2.57689,1.47988,1.07686,796.80711,471.44126,13.45902,1.89086,2.13166,5.28131
2018-01-30,1.20593,1.04368,1.00325,1.84256,2.05347,2.56888,2.56576,1.47414,1.06918,712.84967,438.45090,13.26739,1.88376,2.12446,5.23822
2018-01-31,1.20560,1.04342,1.00236,1.85021,2.06115,2.60122,2.58296,1.48304,1.08091,719.33067,440.86367,13.28247,1.87381,2.11437,5.17731
2018-02-01,1.21431,1.05021,1.02267,1.83448,2.04539,2.53317,2.59146,1.48744,1.08672,647.02391,417.13069,13.13849,1.87529,2.11589,5.18591
2018-02-02,1.19488,1.03510,0.97634,1.79788,2.00868,2.37778,2.55747,1.46989,1.06322,628.85918,412.04539,13.10736,1.85986,2.10024,5.09221
2018-02-05,1.18216,1.02518,0.94853,1.72700,1.93742,2.13131,2.56394,1.47325,1.06746,490.25265,382.56318,12.91790,1.84729,2.08747,5.01617
2018-02-06,1.17747,1.02153,0.93956,1.77276,1.98364,2.21056,2.53703,1.45932,1.04968,553.88964,395.33916,12.99296,1.84017,2.08024,4.97595
2018-02-07,1.16072,1.00846,0.90955,1.74983,1.96055,2.17862,2.52509,1.45330,1.04291,545.72667,394.77813,12.99197,1.81901,2.05869,4.86605
2018-02-08,1.15101,1.00088,0.89565,1.67599,1.88602,2.08313,2.52894,1.45500,1.04480,588.24089,397.87518,12.99222,1.81621,2.05585,4.85435
2018-02-09,1.13326,0.98695,0.87386,1.70494,1.91249,2.10694,2.52469,1.45323,1.04274,619.86771,400.03610,12.98269,1.78784,2.03168,4.75387
2018-02-12,1.13795,0.99023,0.87796,1.73519,1.93574,2.12758,2.53683,1.45784,1.04808,637.56212,401.20102,12.97503,1.80218,2.04012,4.78557
2018-02-13,1.14197,0.99253,0.88087,1.74415,1.94210,2.13320,2.55119,1.46306,1.05419,610.09875,399.49532,12.98867,1.81197,2.04468,4.80241
2018-02-14,1.15938,1.00114,0.89189,1.77681,1.96478,2.15346,2.59470,1.47877,1.07265,677.61742,403.93873,12.95374,1.83724,2.05499,4.84078
2018-02-15,1.16407,1.00330,0.89449,1.80979,1.98753,2.17374,2.59773,1.47989,1.07390,723.38446,406.68948,12.93279,1.84244,2.05716,4.84857
2018-02-16,1.16675,1.00455,0.89598,1.80170,1.98205,2.16890,2.58924,1.47689,1.07042,729.29533,407.04489,12.93095,1.84186,2.05701,4.84785
2018-02-19,,,,,,,,,,797.29392,410.86324,12.90995,,,
2018-02-20,1.16742,1.00488,0.89637,1.80532,1.98458,2.17114,2.55443,1.46445,1.05616,804.92209,411.28040,12.91060,1.83778,2.05546,4.84199
2018-02-21,1.16608,1.00430,0.89565,1.80018,1.98107,2.16791,2.54270,1.46026,1.05136,748.58814,408.42135,12.89828,1.84355,2.05786,4.85064
2018-02-22,1.17881,1.01010,0.90266,1.79996,1.98093,2.16778,2.55565,1.46496,1.05662,707.02438,405.68836,12.88365,1.85189,2.06128,4.86305
2018-02-23,1.18618,1.01345,0.90670,1.83676,2.00891,2.19494,2.55241,1.46383,1.05533,727.13013,407.13644,12.89256,1.85252,2.06161,4.86397
2018-02-26,1.19153,1.01585,0.90973,1.86113,2.02834,2.21352,2.55868,1.46613,1.05781,738.10251,407.94970,12.89795,1.85991,2.06470,4.87586
2018-02-27,1.17881,1.00936,0.90113,1.83808,2.00778,2.19368,2.53197,1.45650,1.04719,762.56250,409.94371,12.91042,1.85065,2.06043,4.85864
2018-02-28,1.16541,1.00251,0.89207,1.82628,1.99670,2.18297,2.52934,1.45567,1.04625,737.72025,407.61813,12.89713,1.84136,2.05605,4.84095
2018-03-01,1.16742,1.00357,0.89344,1.79646,1.96795,2.15470,2.52367,1.45402,1.04441,781.85352,412.36968,12.92693,1.84277,2.05680,4.84374
2018-03-02,1.16608,1.00290,0.89253,1.81296,1.98392,2.17044,2.53723,1.45762,1.04841,788.32583,413.13302,12.93227,1.84174,2.05638,4.84184
2018-03-05,1.17479,1.00742,0.89845,1.83306,2.00333,2.18957,2.53298,1.45659,1.04722,826.01724,418.32115,12.96540,1.85345,2.06210,4.86439
2018-03-06,1.17747,1.00883,0.90027,1.84081,2.01081,2.19691,2.56030,1.46319,1.05474,764.20356,408.65808,12.90541,1.85994,2.06527,4.87674
2018-03-07,1.16340,1.00162,0.89075,1.84507,2.01494,2.20110,2.54391,1.45934,1.05028,708.80845,398.90044,12.84451,1.83979,2.05539,4.83492
2018-03-08,1.15804,0.99888,0.88712,1.85523,2.02494,2.21189,2.53784,1.45795,1.04863,667.82420,391.30630,12.79631,1.83052,2.05086,4.81568
2018-03-09,1.16876,1.00445,0.89438,1.89127,2.06036,2.25321,2.54027,1.45858,1.04932,664.07826,390.59904,12.79235,1.83831,2.05482,4.83198
2018-03-12,1.16340,1.00177,0.89088,1.90132,2.07023,2.26497,2.54027,1.45864,1.04934,654.75575,388.80345,12.78130,1.83240,2.05196,4.81974
2018-03-13,1.16206,1.00114,0.89003,1.87544,2.04488,2.23063,2.54512,1.45983,1.05069,655.66136,388.97930,12.78320,1.83693,2.05429,4.82924
2018-03-14,1.16273,1.00148,0.89046,1.87510,2.04457,2.23011,2.54350,1.45951,1.05027,588.49472,378.59050,12.71092,1.83281,2.05231,4.82071
2018-03-15,1.16072,1.00058,0.88920,1.87346,2.04297,2.22774,2.52732,1.45577,1.04588,591.82021,378.91896,12.71384,1.82548,2.04877,4.80545
2018-03-16,1.16742,1.00357,0.89334,1.86790,2.03752,2.21957,2.52125,1.45451,1.04430,599.57283,379.43901,12.71650,1.82657,2.04930,4.80749
2018-03-19,1.16072,1.00065,0.88923,1.82804,1.99841,2.15991,2.52671,1.45560,1.04559,611.03270,380.18823,12.71678,1.80915,2.04229,4.77670
2018-03-20,1.16608,1.00299,0.89248,1.83406,2.00435,2.16882,2.51538,1.45363,1.04310,636.69442,381.80909,12.71241,1.81344,2.04363,4.78207
2018-03-21,1.19086,1.01364,0.90747,1.82607,1.99650,2.15687,2.55929,1.46034,1.05145,635.55260,381.76393,12.71351,1.82793,2.04721,4.79705
2018-03-22,1.18149,1.00970,0.90203,1.78100,1.95216,2.09060,2.54917,1.45891,1.04960,623.46157,381.06069,12.71675,1.82163,2.04580,4.79089
2018-03-23,1.19220,1.01429,0.90829,1.73407,1.90580,2.03526,2.58215,1.46392,1.05581,627.83344,381.35117,12.71660,1.82884,2.04752,4.79788
2018-03-26,1.19086,1.01375,0.90753,1.79851,1.96340,2.09215,2.59571,1.46599,1.05836,584.84851,378.76420,12.72820,1.82502,2.04679,4.79451
2018-03-27,1.18618,1.01173,0.90481,1.74030,1.92042,2.05484,2.57972,1.46351,1.05543,560.94842,377.23990,12.74338,,,
2018-03-28,1.18149,1.00959,0.90202,1.72029,1.90821,2.04479,2.54411,1.45715,1.04848,567.84658,377.72671,12.73644,1.81489,2.04460,4.78507
2018-03-29,1.19019,1.01366,0.90731,1.75179,1.92367,2.05785,2.54533,1.45744,1.04875,508.79247,373.82142,12.82009,1.82987,2.04754,4.79745
2018-03-30,,,,,,,,,,489.00772,372.39048,12.86777,,,
2018-04-02,1.17613,1.00685,0.89831,1.70125,1.90223,2.03999,2.57507,1.46292,1.05467,503.40210,373.50979,12.81878,1.81661,2.04516,4.78689
2018-04-03,1.17881,1.00819,0.90004,1.72040,1.90811,2.04481,2.55565,1.45948,1.05089,531.14015,375.59081,12.71770,1.82041,2.04594,4.78986
2018-04-04,1.17747,1.00756,0.89919,1.74752,1.91463,2.05019,2.55868,1.46010,1.05153,485.31408,372.37280,12.87717,1.81244,2.04472,4.78445
2018-04-05,1.18216,1.00988,0.90221,1.75748,1.91698,2.05215,2.54553,1.45778,1.04897,486.59376,372.49347,12.87268,1.82415,2.04630,4.79093
2018-04-06,1.17278,1.00533,0.89620,1.71350,1.90716,2.04413,2.55747,1.46002,1.05137,473.14275,371.48639,12.93534,1.81930,2.04582,4.78862
2018-04-09,1.18885,1.01324,0.90654,1.72553,1.90939,2.04600,2.56617,1.46167,1.05312,482.18980,372.21967,12.88881,1.84193,2.04876,4.80088
2018-04-10,1.20895,1.02305,0.91943,1.76361,1.91512,2.05083,2.57224,1.46284,1.05435,487.90329,372.68344,12.85877,1.85852,2.05092,4.80985
2018-04-11,1.21699,1.02694,0.92456,1.75343,1.91376,2.04972,2.59227,1.46652,1.05833,497.06964,373.40624,12.80802,1.86804,2.05213,4.81479
2018-04-12,1.21431,1.02548,0.92271,1.77454,1.91694,2.05242,2.56212,1.46117,1.05246,565.74856,378.58844,12.41651,1.86493,2.05153,4.81214
2018-04-13,1.21565,1.02628,0.92368,1.76536,1.91573,2.05144,2.57892,1.46428,1.05581,566.80317,378.68241,12.41352,1.86886,2.05270,4.81662
2018-04-16,1.21029,1.02269,0.91901,1.77882,1.91780,2.05320,2.58256,1.46501,1.05656,575.95880,379.31790,12.38290,1.86392,2.05090,4.80892
2018-04-17,1.21163,1.02362,0.92018,1.81711,1.92339,2.05791,2.58499,1.46550,1.05705,564.56097,378.59123,12.41887,1.86367,2.05085,4.80841
2018-04-18,1.23507,1.04072,0.94289,1.82083,1.92408,2.05854,2.58701,1.46595,1.05751,584.25090,379.93570,12.35992,1.89396,2.06483,4.86777
2018-04-19,1.23105,1.03775,0.93894,1.80408,1.91981,2.05473,2.58195,1.46494,1.05632,592.13358,380.47259,12.34058,1.88392,2.05971,4.84768
2018-04-20,1.22904,1.03624,0.93685,1.77554,1.91129,2.04701,2.56232,1.46076,1.05147,632.68295,383.10226,12.24961,1.88153,2.05838,4.84224
2018-04-23,1.22971,1.03675,0.93750,1.77104,1.91002,2.04587,2.54189,1.45639,1.04640,639.21653,383.52306,12.24067,1.86795,2.05007,4.80936
2018-04-24,1.22234,1.03117,0.92896,1.73353,1.89864,2.03554,2.55423,1.45915,1.04952,690.85246,386.64636,12.18391,1.86570,2.04874,4.80391
2018-04-25,1.22435,1.03270,0.93122,1.73560,1.89938,2.03624,2.53764,1.45559,1.04539,633.82871,383.48007,12.20980,1.86934,2.05106,4.81276
2018-04-26,1.22904,1.03627,0.93673,1.77214,1.91082,2.04668,2.52873,1.45374,1.04325,663.11832,385.27667,12.20130,1.87266,2.05318,4.82084
2018-04-27,1.22904,1.03628,0.93665,1.77324,1.91126,2.04710,2.53946,1.45564,1.04539,642.83434,384.12265,12.20339,1.87243,2.05310,4.82023
2018-04-30,1.23440,1.04035,0.94353,1.76065,1.90751,2.04371,2.52104,1.45285,1.04210,660.54157,385.20598,12.20522,1.87696,2.05597,4.83145
2018-05-01,1.22569,1.03375,0.93157,1.78078,1.91379,2.04945,2.50324,1.45081,1.03969,649.33603,384.57754,12.20354,1.87237,2.05319,4.81936
2018-05-02,1.22435,1.03274,0.92969,1.77028,1.91069,2.04665,2.50202,1.45082,1.03960,658.78092,385.16123,12.20756,1.87516,2.05498,4.82668
2018-05-03,1.23306,1.03936,0.94147,1.77006,1.91072,2.04670,2.51477,1.45165,1.03994,697.90158,387.52995,12.22645,1.87902,2.05744,4.83708
2018-05-04,1.24177,1.04598,0.95329,1.80364,1.92110,2.05617,2.52003,1.45205,1.04002,694.03246,387.20836,12.22465,1.88581,2.06186,4.85638
2018-05-07,1.24110,1.04548,0.95223,1.81863,1.92573,2.06038,2.52064,1.45218,1.04008,668.47090,384.25219,12.20225,1.88245,2.05962,4.84595
2018-05-08,1.24512,1.04853,0.95814,1.81677,1.92522,2.05987,2.52104,1.45230,1.04015,659.37084,383.08923,12.19376,1.87757,2.05630,4.83071
2018-05-09,1.25516,1.05615,0.97408,1.83658,1.93238,2.06723,2.51578,1.45209,1.04031,665.14494,383.87602,12.20074,1.88855,2.06394,4.86471
2018-05-10,1.25851,1.05870,0.97955,1.85561,1.94068,2.07585,2.53298,1.45318,1.03985,646.85681,381.44669,12.18153,1.89819,2.07068,4.89480
2018-05-11,1.25315,1.05465,0.96963,1.85387,1.93975,2.07486,2.52934,1.45307,1.04005,602.64009,375.41338,12.13260,1.88751,2.06275,4.85849
2018-05-14,1.26052,1.06023,0.98314,1.85703,1.94168,2.07693,2.51902,1.45258,1.04046,620.62788,378.03732,12.15511,1.89460,2.06815,4.88270
2018-05-15,1.26186,1.06126,0.98558,1.83646,1.92756,2.06138,2.47835,1.45033,1.04177,607.55760,376.21024,12.14066,1.88958,2.06431,4.86483
2018-05-16,1.26856,1.06634,0.99860,1.84861,1.93611,2.07074,2.47450,1.45020,1.04206,596.05506,374.57318,12.12774,1.89095,2.06541,4.86953
2018-05-17,1.26990,1.06736,1.00117,1.84150,1.93090,2.06490,2.47592,1.45038,1.04191,576.21175,371.98709,12.10625,1.89374,2.06761,4.87922
2018-05-18,1.27124,1.06838,1.00385,1.83198,1.92375,2.05674,2.47693,1.45054,1.04178,589.27912,373.13138,12.11685,1.89610,2.06948,4.88744
2018-05-21,1.28195,1.07649,1.02678,1.84226,1.93156,2.06570,2.47835,1.45072,1.04155,601.12733,373.90693,12.12381,1.90798,2.07876,4.92968
2018-05-22,1.28329,1.07751,1.02966,1.83986,1.92975,2.06353,2.47693,1.45073,1.04200,573.13478,372.19114,12.11234,1.91745,2.08654,4.96522
2018-05-23,1.28865,1.08157,1.04208,1.85539,1.94188,2.07807,2.47956,1.45099,1.04136,538.30241,369.95413,12.10850,1.92084,2.08951,4.97869
2018-05-24,1.28061,1.07551,1.02191,1.85485,1.94144,2.07750,2.50081,1.45233,1.03521,542.22160,370.24819,12.10728,1.91970,2.08842,4.97321
2018-05-25,1.26387,1.06286,0.98034,1.85671,1.94300,2.07939,2.49312,1.45198,1.03758,531.46762,369.53846,12.11861,1.90742,2.07642,4.91632
2018-05-28,,,,,,,,,,508.95373,367.99758,12.15483,,,
2018-05-29,1.25181,1.05374,0.95108,1.84850,1.93583,2.07025,2.49272,1.45205,1.03784,533.49018,369.79665,12.09534,1.89408,2.06336,4.85485
2018-05-30,1.26588,1.06440,0.98044,1.86174,1.94753,2.08525,2.49636,1.45236,1.03690,527.83832,369.42998,12.10949,1.90353,2.07265,4.89770
2018-05-31,1.26186,1.06137,0.97241,1.86053,1.94642,2.08375,2.49089,1.45214,1.03863,535.28728,369.97626,12.09049,,,
2018-06-01,1.25248,1.05428,0.95393,1.88975,1.97375,2.12005,2.47855,1.45152,1.04239,538.22855,370.20440,12.08339,1.89805,2.06729,4.87232
2018-06-04,1.23909,1.04414,0.92938,1.90681,1.98981,2.14127,2.47612,1.45148,1.04324,535.85353,370.06629,12.09110,1.87674,2.04636,4.77423
2018-06-05,1.23775,1.04313,0.92715,1.91271,1.99536,2.14924,2.48584,1.45214,1.04049,544.76432,370.70692,12.06541,1.88246,2.05162,4.79699
2018-06-06,1.24110,1.04568,0.93209,1.92388,2.00586,2.16631,2.48725,1.45233,1.04021,547.60052,370.92521,12.05810,1.88406,2.05299,4.80280
2018-06-07,1.24846,1.05127,0.94271,1.90823,1.99120,2.13937,2.48604,1.45235,1.04070,548.68646,371.02394,12.05595,1.89008,2.05795,4.82485
2018-06-08,1.24780,1.05078,0.94169,1.90834,1.99131,2.13937,2.48907,1.45263,1.03994,545.58402,370.83920,12.06604,1.88876,2.05691,4.81980
2018-06-11,1.24512,1.04875,0.93781,1.91349,1.99616,2.14854,2.49352,1.45299,1.03877,490.24621,367.10312,12.22969,1.88200,2.05163,4.79508
2018-06-12,1.24512,1.04876,0.93775,1.92355,2.00562,2.16762,2.48523,1.45260,1.04133,467.14533,365.39808,12.31014,1.88742,2.05565,4.81327
2018-06-13,1.25047,1.05283,0.94531,1.92344,2.00554,2.16717,2.49272,1.45314,1.03926,451.38558,364.19016,12.38617,1.88903,2.05684,4.81842
2018-06-14,1.23708,1.04269,0.92603,1.94291,2.02382,2.20866,2.49656,1.45346,1.03826,474.52254,366.08162,12.24086,1.87339,2.04583,4.76708
2018-06-15,1.20627,1.01923,0.88648,1.93613,2.01748,2.19329,2.45528,1.45116,1.05048,458.05353,364.83592,12.33988,1.84175,2.02548,4.67264
2018-06-18,1.21632,1.02537,0.89381,1.93501,2.01645,2.19044,2.45063,1.45098,1.05201,479.82210,366.59466,12.19428,1.84028,2.02484,4.66986
2018-06-19,1.20560,1.01971,0.88703,1.92953,2.01132,2.17701,2.44435,1.45071,1.05402,481.87601,366.77659,12.18237,1.81840,2.01840,4.64345
2018-06-20,1.20292,1.01853,0.88560,1.94324,2.02419,2.21027,2.43343,1.45016,1.05811,483.35746,366.91424,12.17415,1.82274,2.01902,4.64515
2018-06-21,1.19488,1.01566,0.88207,1.92635,2.00838,2.16740,2.42918,1.45000,1.06005,481.00742,366.76074,12.19011,1.81535,2.01834,4.64555
2018-06-22,1.21899,1.02206,0.88995,1.92207,2.00437,2.15648,2.43505,1.45045,1.05730,433.71117,363.17923,12.49118,1.83441,2.02059,4.63465
2018-06-25,1.20560,1.01883,0.88632,1.87876,1.96375,2.04781,2.42594,1.45001,1.06215,446.87798,364.30643,12.39418,1.81043,2.01809,4.64930
2018-06-26,1.21699,1.02127,0.88902,1.88644,1.97099,2.06225,2.41319,1.44934,1.06945,436.32742,363.47105,12.47158,1.81803,2.01907,4.64249
2018-06-27,1.22368,1.02272,0.89061,1.86079,1.94688,2.01482,2.39943,1.44862,1.07821,439.40949,363.75232,12.44707,1.83107,2.02066,4.62833
2018-06-28,1.22368,1.02277,0.89066,1.87680,1.96197,2.04004,2.39215,1.44827,1.08350,419.32898,362.11457,12.62207,1.82381,2.01999,4.63685
2018-06-29,1.23641,1.02546,0.89364,1.88183,1.96672,2.04746,2.40085,1.44890,1.07684,445.25885,364.37821,12.35717,1.83697,2.02159,4.62172
2018-07-02,1.21297,1.02071,0.88832,1.89445,1.97860,2.06597,2.37677,1.44755,1.09642,472.99064,366.67302,12.09569,1.80182,2.01786,4.66358
2018-07-03,1.20627,1.01938,0.88681,1.87252,1.95800,2.03345,2.40085,1.44911,1.07472,465.11320,366.08775,12.15563,1.80606,2.01847,4.65885
2018-07-04,,,,,,,,,,470.91256,366.56957,12.11263,,,
2018-07-05,1.21632,1.02154,0.88920,1.89576,1.97989,2.06501,2.40894,1.44970,1.06781,467.76078,366.34937,12.13722,1.79790,2.01770,4.67020
2018-07-06,1.22033,1.02243,0.89018,1.92526,2.00763,2.10360,2.40510,1.44957,1.07142,472.28147,366.72868,12.10454,1.81228,2.01945,4.64698
2018-07-09,1.22837,1.02416,0.89208,1.94258,2.02390,2.12619,2.41097,1.45002,1.06650,476.97425,367.11862,12.07117,1.81076,2.01942,4.65001
2018-07-10,1.22770,1.02408,0.89197,1.94400,2.02525,2.12802,2.40652,1.44986,1.07064,451.56959,365.18883,12.25323,1.80321,2.01872,4.66318
2018-07-11,1.18618,1.01555,0.88242,1.93414,2.01602,2.11503,2.38041,1.44838,1.09382,456.50054,365.61278,12.21679,1.75460,2.01342,4.75436
2018-07-12,1.19019,1.01625,0.88308,1.96746,2.04730,2.16037,2.39033,1.44909,1.08507,440.86080,364.38552,12.33574,1.76661,2.01494,4.73140
2018-07-13,1.19287,1.01659,0.88339,1.96910,2.04885,2.16244,2.37981,1.44855,1.09476,444.40509,364.70371,12.30905,1.76299,2.01466,4.73933
2018-07-16,1.16742,1.01449,0.88185,1.96439,2.04445,2.15517,2.37859,1.44858,1.09607,480.32275,367.67710,12.03024,1.74234,2.01245,4.78989
2018-07-17,1.16943,1.01474,0.88180,1.97634,2.05566,2.17424,2.35289,1.44712,1.12067,523.96798,371.04405,11.75786,1.74208,2.01256,4.79106
2018-07-18,1.17680,1.01545,0.88103,1.97261,2.05219,2.16758,2.35350,1.44725,1.12024,527.93632,371.35104,11.74327,1.74844,2.01343,4.77069
2018-07-19,1.17613,1.01546,0.88119,1.96275,2.04297,2.14935,2.34338,1.44673,1.13134,534.44931,371.83516,11.72204,1.74745,2.01346,4.77476
2018-07-20,1.18484,1.01628,0.87963,1.96231,2.04257,2.14835,2.35856,1.44777,1.11363,524.44480,371.16501,11.75192,1.76057,2.01511,4.72621
2018-07-23,1.18952,1.01676,0.87884,1.96856,2.04844,2.16016,2.34723,1.44718,1.12708,552.28027,373.16099,11.67750,1.75973,2.01516,4.73018
2018-07-24,1.19555,1.01734,0.87781,1.97667,2.05605,2.17615,2.34804,1.44733,1.12638,601.05528,376.48297,11.58516,1.76907,2.01637,4.69645
2018-07-25,1.21096,1.01873,0.87505,2.00430,2.08194,2.23388,2.36099,1.44823,1.11087,587.10569,375.63570,11.59787,1.78721,2.01858,4.63091
2018-07-26,1.21096,1.01880,0.87513,1.97393,2.05356,2.16931,2.34257,1.44720,1.13324,566.43571,374.33938,11.60789,1.78784,2.01879,4.62951
2018-07-27,1.20694,1.01853,0.87594,1.94729,2.02863,2.11327,2.34379,1.44738,1.13205,585.03391,375.59468,11.60404,1.78559,2.01868,4.63840
2018-07-30,1.21364,1.01917,0.87488,1.91977,2.00285,2.06094,2.34015,1.44726,1.13684,584.89540,375.61275,11.60488,1.79716,2.02013,4.59795
2018-07-31,1.20560,1.01857,0.87592,1.93446,2.01665,2.08499,2.34703,1.44778,1.12849,552.92261,373.58619,11.59606,1.79756,2.02032,4.59735
2018-08-01,1.18919,1.01725,0.87779,1.94180,2.02356,2.09650,2.32983,1.44683,1.15024,543.72993,372.99163,11.59400,1.77359,2.01777,4.67218
2018-08-02,1.19488,1.01781,0.87724,1.96822,2.04836,2.13797,2.31728,1.44615,1.16693,539.86467,372.75285,11.59364,1.77921,2.01855,4.65576
2018-08-03,1.20024,1.01834,0.87672,1.97425,2.05402,2.14717,2.32537,1.44676,1.15599,530.46333,372.12996,11.59144,1.78757,2.01964,4.63110
2018-08-06,1.20158,1.01853,0.87666,1.98588,2.06492,2.16502,2.31344,1.44612,1.17282,496.01070,369.73989,11.58081,1.79115,2.02019,4.62113
2018-08-07,1.21163,1.01945,0.87564,1.99311,2.07171,2.17609,2.31870,1.44655,1.16548,481.16525,368.65994,11.57626,1.80011,2.02135,4.59549
2018-08-08,1.19488,1.01812,0.87754,1.99552,2.07398,2.17969,2.32517,1.44706,1.15641,448.58527,366.19032,11.58600,1.79276,2.02067,4.61620
2018-08-09,1.19220,1.01796,0.87791,1.99432,2.07287,2.17746,2.32173,1.44695,1.16173,469.39257,367.91528,11.55819,1.78792,2.02027,4.63013
2018-08-10,1.19153,1.01798,0.87807,1.97908,2.05863,2.15013,2.32072,1.44699,1.16356,439.16343,365.57230,11.60926,1.77419,2.01886,4.66836
2018-08-13,1.18417,1.01742,0.87896,1.97689,2.05659,2.14612,2.28571,1.44491,1.21480,448.47500,366.37393,11.58507,1.75980,2.01737,4.70906
2018-08-14,1.18752,1.01778,0.87867,1.98928,2.06821,2.16803,2.28794,1.44516,1.21174,442.67611,365.92689,11.60406,1.76479,2.01809,4.69576
2018-08-15,1.16005,1.01550,0.88178,1.96495,2.04546,2.12363,2.24990,1.44286,1.27112,448.78755,366.45861,11.58163,1.73120,2.01440,4.79080
2018-08-16,1.17077,1.01651,0.88007,1.97141,2.05154,2.13518,2.24808,1.44285,1.27453,450.25738,366.60519,11.57660,1.74908,2.01662,4.73942
2018-08-17,1.17546,1.01699,0.87918,1.97185,2.05196,2.13586,2.26892,1.44429,1.24033,469.74911,368.21855,11.49137,1.75626,2.01759,4.71967
2018-08-20,1.17814,1.01730,0.87864,1.97010,2.05034,2.13257,2.28025,1.44512,1.22259,448.98351,366.61751,11.57994,1.75603,2.01771,4.72103
2018-08-21,1.18015,1.01755,0.87824,1.97732,2.05712,2.14553,2.28693,1.44564,1.21249,463.30724,367.81383,11.51742,1.75858,2.01816,4.71429
2018-08-22,1.19689,1.01907,0.87413,1.98500,2.06433,2.15932,2.29199,1.44607,1.20502,455.57245,367.22670,11.55163,1.76185,2.01868,4.70528
2018-08-23,1.19488,1.01897,0.87472,1.98215,2.06168,2.15401,2.27034,1.44481,1.23874,466.40878,368.12695,11.50541,1.75184,2.01768,4.73619
2018-08-24,1.20359,1.01979,0.87266,2.00057,2.07894,2.18757,2.31000,1.44744,1.17533,479.38687,369.17823,11.45137,1.76424,2.01925,4.69735
2018-08-27,1.20761,1.02020,0.87174,2.02096,2.09803,2.22515,2.31870,1.44809,1.16579,489.50945,369.98520,11.41083,1.76587,2.01959,4.69303
2018-08-28,1.20292,1.01988,0.87273,2.02392,2.10081,2.23053,2.30028,1.44705,1.18589,507.67612,371.38591,11.33896,1.75762,2.01880,4.71987
2018-08-29,1.21565,1.02104,0.87068,2.04727,2.12264,2.27935,2.31081,1.44782,1.17475,503.41416,371.10185,11.35550,1.76746,2.02008,4.68943
2018-08-30,1.21364,1.02094,0.87090,2.04366,2.11928,2.27107,2.29947,1.44722,1.18692,498.65701,370.77860,11.37287,1.76324,2.01975,4.70352
2018-08-31,1.21632,1.02125,0.87085,2.04629,2.12176,2.27689,2.29684,1.44716,1.19002,502.82100,371.11563,11.35997,1.76593,2.02020,4.69588
2018-09-03,,,,,,,,,,519.44987,372.37039,11.30897,,,
2018-09-04,1.20895,1.02070,0.87077,2.03751,2.11358,2.25438,2.28511,1.44653,1.20286,526.70332,372.91815,11.29162,1.75324,2.01890,4.73669
2018-09-05,1.20493,1.02044,0.87070,2.01121,2.08904,2.18653,2.29300,1.44714,1.19460,486.05514,370.06813,11.37749,1.74431,2.01803,4.76593
2018-09-06,1.19689,1.01984,0.87049,1.99323,2.07225,2.14103,2.29745,1.44752,1.19012,464.38085,368.44554,11.42792,1.73882,2.01754,4.78547
2018-09-07,1.20024,1.02020,0.87067,1.98555,2.06508,2.12305,2.29118,1.44724,1.19713,458.69624,368.02215,11.44259,1.74224,2.01809,4.77309
2018-09-10,1.20292,1.02050,0.87084,1.99223,2.07136,2.13762,2.28956,1.44724,1.19917,450.58935,367.39945,11.46324,1.74972,2.01911,4.74379
2018-09-11,1.21498,1.02160,0.87132,2.00759,2.08575,2.17083,2.29098,1.44744,1.19792,449.37516,367.32813,11.46766,1.75081,2.01939,4.74033
2018-09-12,1.22435,1.02247,0.87167,2.00167,2.08023,2.15792,2.31020,1.44877,1.17693,452.89031,367.64328,11.45653,1.76136,2.02076,4.69838
2018-09-13,1.21163,1.02148,0.87043,2.02304,2.10024,2.20350,2.30190,1.44836,1.18620,464.58386,368.62023,11.41330,1.74568,2.01911,4.76227
2018-09-14,1.20493,1.02099,0.86980,2.01713,2.09473,2.19078,2.28693,1.44752,1.20286,464.85464,368.66963,11.41340,1.74030,2.01864,4.78536
2018-09-17,1.20292,1.02090,0.86965,1.98808,2.06759,2.12888,2.29887,1.44839,1.18987,447.95586,367.35745,11.47713,1.73370,2.01803,4.81342
2018-09-18,1.21297,1.02183,0.87077,2.00452,2.08300,2.15906,2.29543,1.44828,1.19395,453.80728,367.86526,11.45295,1.74644,2.01966,4.75826
2018-09-19,1.22100,1.02258,0.87165,2.00298,2.08158,2.15617,2.30433,1.44895,1.18446,456.92822,368.14610,11.44030,1.75982,2.02136,4.70133
2018-09-20,1.22100,1.02263,0.87168,2.02513,2.10232,2.19598,2.31222,1.44956,1.17617,465.13461,368.83529,11.40458,1.77093,2.02279,4.65499
2018-09-21,1.22435,1.02313,0.87228,2.01406,2.09199,2.17574,2.29644,1.44868,1.19350,482.49399,370.24002,11.32938,1.78207,2.02422,4.61080
2018-09-24,1.24043,1.02590,0.87596,2.01966,2.09724,2.18575,2.29603,1.44877,1.19426,470.71298,369.36483,11.38015,1.79171,2.02547,4.57778
2018-09-25,1.24579,1.02719,0.87757,2.02241,2.09983,2.19060,2.29968,1.44911,1.19057,459.25383,368.49427,11.43100,1.79678,2.02620,4.56329
2018-09-26,1.23909,1.02507,0.87474,2.02383,2.10117,2.19305,2.28754,1.44846,1.20420,462.60398,368.79150,11.41720,1.78875,2.02545,4.58412
2018-09-27,1.24311,1.02654,0.87663,2.04097,2.11720,2.22402,2.26730,1.44729,1.22709,477.96745,370.04448,11.35033,1.79009,2.02576,4.58163
2018-09-28,1.25717,1.03231,0.88435,2.04053,2.11681,2.22301,2.28167,1.44832,1.21094,474.04700,369.76937,11.36817,1.79970,2.02700,4.56169
2018-10-01,1.28061,1.04337,0.89901,2.04470,2.12072,2.23069,2.27782,1.44819,1.21560,469.65860,369.45598,11.38821,1.82442,2.02995,4.51804
2018-10-02,1.28597,1.04625,0.90255,2.04009,2.11644,2.22112,2.30413,1.44997,1.18615,465.85851,369.18595,11.40591,1.84117,2.03197,4.50184
2018-10-03,1.29870,1.05475,0.91327,2.04228,2.11851,2.22545,2.29502,1.44951,1.19614,462.69033,368.96375,11.42099,1.85246,2.03337,4.49839
2018-10-04,1.28396,1.04399,0.89829,2.00308,2.08192,2.13933,2.29624,1.44970,1.19515,468.47561,369.45381,11.39654,1.83389,2.03146,4.49177
2018-10-05,1.28128,1.04204,0.89553,1.97858,2.05903,2.09375,2.30271,1.45022,1.18851,471.32885,369.70759,11.38526,1.83637,2.03193,4.49323
2018-10-08,1.27793,1.03959,0.89198,1.96650,2.04774,2.07443,2.27722,1.44873,1.21593,472.72711,369.84605,11.38036,1.83708,2.03217,4.49386
2018-10-09,1.28463,1.04451,0.89913,1.97287,2.05370,2.08330,2.27843,1.44892,1.21497,471.70669,369.79541,11.38594,1.84380,2.03405,4.50069
2018-10-10,1.26253,1.02834,0.87379,1.88611,1.97351,1.96844,2.28410,1.44940,1.20932,467.31730,369.48076,11.40613,1.82606,2.02831,4.47822
2018-10-11,1.24244,1.01362,0.85184,1.86271,1.96182,1.95669,2.34278,1.45324,1.14774,440.84541,367.41707,11.52321,1.81639,2.02521,4.46600
2018-10-12,1.25248,1.02101,0.86067,1.91455,1.97652,1.97162,2.33165,1.45266,1.15434,443.16626,367.63976,11.51350,1.82313,2.02759,4.47487
2018-10-15,1.25516,1.02298,0.86288,1.89137,1.97215,1.96761,2.34723,1.45375,1.14599,461.13419,369.16014,11.42865,1.84214,2.03406,4.49946
2018-10-16,1.26119,1.02741,0.86784,1.94640,1.97805,1.97303,2.34318,1.45362,1.14811,462.50998,369.30008,11.42358,1.84019,2.03354,4.49717
2018-10-17,1.24980,1.01906,0.85839,1.94717,1.97828,1.97326,2.34298,1.45372,1.14838,461.13529,369.22025,11.43106,1.83351,2.03146,4.48882
2018-10-18,1.23641,1.00980,0.84788,1.90203,1.97386,1.96920,2.34561,1.45400,1.14741,457.82490,368.98513,11.44741,1.81349,2.02492,4.46336
2018-10-19,1.24311,1.01390,0.85243,1.90028,1.97384,1.96920,2.34743,1.45423,1.14682,456.86566,368.93760,11.45305,1.81786,2.02652,4.46919
2018-10-22,1.24445,1.01467,0.85330,1.91005,1.97501,1.96965,2.34136,1.45398,1.14941,458.65186,369.11215,11.44603,1.81448,2.02551,4.46502
2018-10-23,1.21699,0.99962,0.83581,1.90301,1.97445,1.96973,2.35512,1.45495,1.14415,457.78968,369.07295,11.45123,1.80122,2.02115,4.44793
2018-10-24,1.20962,0.99657,0.83259,1.81592,1.96557,1.97129,2.36058,1.45541,1.14234,459.06485,369.20594,11.44658,1.79396,2.01914,4.44021
2018-10-25,1.21297,0.99764,0.83371,1.87874,1.97253,1.96320,2.35532,1.45520,1.14423,458.24326,369.17006,11.45159,1.79055,2.01858,4.43777
2018-10-26,1.22368,1.00028,0.83655,1.83042,1.96762,1.96950,2.36281,1.45578,1.14200,458.37093,369.21041,11.45223,1.79858,2.01965,4.44102
2018-10-29,1.21029,0.99747,0.83349,1.79274,1.96373,1.97625,2.35350,1.45533,1.14489,448.27414,368.42746,11.49997,1.78605,2.01841,4.43841
2018-10-30,1.20426,0.99659,0.83252,1.82229,1.96713,1.96819,2.34318,1.45481,1.14808,448.92733,368.51127,11.49806,1.76898,2.01665,4.44009
2018-10-31,1.18818,0.99528,0.83099,1.86513,1.97191,1.95553,2.33003,1.45411,1.15213,451.37154,368.74205,11.48732,1.76084,2.01588,4.44480
2018-11-01,1.17948,0.99463,0.83116,1.88972,1.97467,1.94856,2.35998,1.45610,1.14338,453.99550,368.98631,11.47578,1.76935,2.01702,4.43567
2018-11-02,1.17747,0.99455,0.83147,1.86030,1.97176,1.95725,2.36038,1.45624,1.14341,454.36705,369.04655,11.47522,1.77586,2.01793,4.42725
2018-11-05,1.17613,0.99451,0.83186,1.85568,1.97143,1.95883,2.35471,1.45601,1.14516,458.28778,369.39558,11.45752,1.78265,2.01887,4.41773
2018-11-06,1.17278,0.99431,0.83313,1.86974,1.97309,1.95492,2.34804,1.45572,1.14720,461.02181,369.64642,11.44569,1.77160,2.01778,4.43477
2018-11-07,1.17144,0.99428,0.83383,1.92838,1.97944,1.93805,2.34783,1.45583,1.14742,465.29657,370.01980,11.42663,1.77298,2.01811,4.43299
2018-11-08,1.16273,0.99362,0.83885,1.91609,1.97834,1.94155,2.34278,1.45563,1.14901,458.56020,369.51450,11.45954,1.76353,2.01720,4.45090
2018-11-09,1.14867,0.99250,0.84855,1.88380,1.97517,1.94949,2.31647,1.45412,1.15661,453.16533,369.11026,11.48659,1.75570,2.01647,4.46801
2018-11-12,1.14599,0.99236,0.85073,1.82680,1.96936,1.96362,2.29988,1.45320,1.16153,452.39785,369.07819,11.49157,1.75911,2.01703,4.46001
2018-11-13,1.11183,0.98948,0.88099,1.82833,1.96969,1.96346,2.30069,1.45337,1.16136,448.62459,368.80121,11.51119,1.74652,2.01575,4.49528
2018-11-14,1.12255,0.99052,0.87109,1.81438,1.96835,1.96721,2.31971,1.45469,1.15407,398.97481,364.75033,11.75628,1.79501,2.02151,4.34245
2018-11-15,1.12054,0.99042,0.87309,1.84613,1.97196,1.95904,2.32234,1.45498,1.15323,396.41976,364.54697,11.77175,1.75547,2.01723,4.41733
2018-11-16,1.12857,0.99121,0.86538,1.83965,1.97143,1.96092,2.33954,1.45618,1.14661,393.37466,364.29702,11.79363,1.77808,2.01999,4.37777
2018-11-19,1.12590,0.99106,0.86819,1.77990,1.96519,1.97756,2.34055,1.45636,1.14641,342.99936,359.66230,12.21431,1.79767,2.02239,4.34737
2018-11-20,1.08705,0.98772,0.91059,1.74805,1.96184,1.98872,2.34055,1.45648,1.14660,309.02514,356.12988,12.55127,1.75887,2.01819,4.39922
2018-11-21,1.09709,0.98872,0.89894,1.76133,1.96349,1.98267,2.34439,1.45684,1.14529,325.61549,358.07182,12.32631,1.76698,2.01929,4.38907
2018-11-22,,,,,,,,,,308.02917,356.16808,12.55148,,,
2018-11-23,1.06428,0.98585,0.93703,1.74860,1.96224,1.98969,2.34257,1.45685,1.14619,307.04698,356.08453,12.56753,1.72725,2.01492,4.44214
2018-11-26,1.06896,0.98636,0.93142,1.78901,1.96694,1.96413,2.33994,1.45681,1.14741,264.84615,351.22061,13.25826,1.72688,2.01505,4.44329
2018-11-27,1.06428,0.98601,0.93739,1.79505,1.96777,1.96069,2.32598,1.45607,1.15306,270.30514,351.97414,13.15095,1.72029,2.01445,4.45279
2018-11-28,1.05892,0.98560,0.94421,1.85283,1.97427,1.92546,2.33468,1.45673,1.14982,301.21955,356.02916,12.54588,1.74857,2.01793,4.40953
2018-11-29,1.06495,0.98624,0.93644,1.84679,1.97379,1.92898,2.34197,1.45731,1.14715,303.40717,356.31723,12.51343,1.75233,2.01853,4.40451
2018-11-30,1.06059,0.98592,0.94246,1.86018,1.97538,1.92227,2.33792,1.45718,1.14892,284.38943,354.11334,12.80803,1.75090,2.01854,4.40730
2018-12-03,1.08504,0.98828,0.90777,1.89269,1.97900,1.90722,2.35552,1.45840,1.14221,275.13074,352.99007,12.96532,1.75945,2.01969,4.39505
2018-12-04,1.08504,0.98836,0.90799,1.82010,1.97158,1.93434,2.36989,1.45941,1.13682,278.63610,353.46980,12.90220,1.76905,2.02096,4.38134
2018-12-05,,,,,,,,,,265.50713,351.83435,13.14966,1.76834,2.02105,4.38304
2018-12-06,1.07566,0.98759,0.92083,1.83294,1.97314,1.92994,2.37030,1.45956,1.13681,251.36746,349.99029,13.45096,1.74542,2.01860,4.41778
2018-12-07,1.08906,0.98890,0.90262,1.77243,1.96679,1.95186,2.38952,1.46086,1.13089,241.42051,348.63471,13.69017,1.77142,2.02178,4.37897
2018-12-10,1.07030,0.98728,0.92782,1.79099,1.96901,1.94515,2.38122,1.46048,1.13281,244.32621,349.08383,13.61713,1.75547,2.02013,4.40327
2018-12-11,1.07834,0.98811,0.91685,1.79692,1.96983,1.94320,2.37839,1.46043,1.13342,239.95814,348.48928,13.73103,1.75334,2.02006,4.40714
2018-12-12,1.07432,0.98782,0.92255,1.81273,1.97173,1.93763,2.38345,1.46087,1.13278,245.00047,349.25132,13.59720,1.74425,2.01918,4.42151
2018-12-13,1.08772,0.98914,0.90374,1.81329,1.97196,1.93768,2.37819,1.46067,1.13348,233.35735,347.62127,13.90544,1.75140,2.02018,4.41131
2018-12-14,1.07164,0.98776,0.92607,1.76914,1.96733,1.95397,2.36868,1.46021,1.13452,228.96310,346.99610,14.03298,1.72506,2.01731,4.45177
2018-12-17,1.05959,0.98673,0.94354,1.72904,1.96304,1.96934,2.38507,1.46134,1.13304,250.45041,350.28177,13.38951,1.70398,2.01502,4.48482
2018-12-18,1.03748,0.98476,0.97638,1.73992,1.96443,1.96428,2.39073,1.46181,1.13266,261.92888,351.91643,13.09061,1.69172,2.01374,4.50813
2018-12-19,1.04284,0.98535,0.96804,1.69720,1.95978,1.98780,2.37616,1.46104,1.13348,264.66287,352.31330,13.02546,1.69775,2.01462,4.49446
2018-12-20,1.03347,0.98455,0.98351,1.67260,1.95710,2.00444,2.41279,1.46342,1.13175,291.14633,355.86816,12.38831,1.67355,2.01192,4.55882
2018-12-21,1.02074,0.98342,1.00590,1.62076,1.95120,2.04803,2.40227,1.46290,1.13171,274.78063,353.89752,12.71263,1.67128,2.01182,4.56630
2018-12-24,1.01404,0.98286,1.01867,1.58056,1.94653,2.08996,2.42857,1.46461,1.13279,289.16429,355.78049,12.40594,1.63996,2.00822,4.67906
2018-12-25,,,,,,,,,,269.23353,353.35888,12.78399,,,
2018-12-26,1.03366,0.98484,0.97959,1.67925,1.95885,1.96791,2.42129,1.46412,1.13207,272.53121,353.82185,12.71682,1.66139,2.01102,4.59273
2018-12-27,1.02351,0.98396,0.99908,1.68575,1.95977,1.96293,2.43970,1.46620,1.13475,256.62758,351.78694,13.04515,1.65280,2.01015,4.62747
2018-12-28,1.01337,0.98306,1.01914,1.68487,1.95983,1.96395,2.44962,1.46778,1.13677,277.78460,354.71668,12.57342,1.64848,2.00979,4.64671
2018-12-31,1.01946,0.98374,1.00719,1.69908,1.96165,1.95277,2.45346,1.46861,1.13780,263.90953,352.97531,12.83777,1.63001,2.00771,4.73496
2019-01-01,,,,,,,,,,272.56416,354.16311,12.66343,,,
2019-01-02,1.02284,0.98415,1.00072,1.70590,1.96261,1.94763,2.45508,1.46906,1.13832,279.01157,355.03085,12.53985,1.63589,2.00860,4.70544
2019-01-03,1.03028,0.98495,0.98599,1.65017,1.95636,1.99214,2.47734,1.47567,1.14747,270.86576,354.02425,12.69458,1.64602,2.01002,4.65205
2019-01-04,1.04516,0.98645,0.95660,1.72078,1.96490,1.93316,2.45730,1.46880,1.13786,273.95319,354.45775,12.63577,1.66489,2.01249,4.55138
2019-01-07,1.05328,0.98730,0.94140,1.74126,1.96740,1.91951,2.46580,1.47179,1.14189,286.37092,356.09494,12.39797,1.67013,2.01330,4.52527
2019-01-08,1.06207,0.98821,0.92529,1.75701,1.96935,1.90980,2.45913,1.46934,1.13846,285.77002,356.05087,12.41033,1.67826,2.01445,4.48447
2019-01-09,1.08440,0.99038,0.88517,1.77133,1.97113,1.90160,2.47491,1.47541,1.14669,286.60288,356.18516,12.39714,1.69889,2.01710,4.37996
2019-01-10,1.08304,0.99034,0.88729,1.77640,1.97186,1.89908,2.46034,1.46954,1.13850,259.66541,352.86769,12.87713,1.69006,2.01622,4.42088
2019-01-11,1.07899,0.99005,0.89304,1.76990,1.97130,1.90267,2.46459,1.47131,1.14085,259.39757,352.86129,12.88430,1.69388,2.01685,4.40474
2019-01-14,1.06749,0.98908,0.90872,1.75427,1.96973,1.91077,2.47046,1.47373,1.14410,262.45980,353.30809,12.82359,1.69916,2.01765,4.38255
2019-01-15,1.07696,0.99004,0.89603,1.78852,1.97375,1.89360,2.46621,1.47198,1.14154,256.32929,352.51312,12.94823,1.70362,2.01835,4.36459
2019-01-16,1.08372,0.99075,0.88759,1.78818,1.97388,1.89398,2.47410,1.47534,1.14624,258.16829,352.79599,12.91113,1.70708,2.01893,4.35137
2019-01-17,1.08372,0.99083,0.88778,1.80228,1.97560,1.88823,2.47086,1.47397,1.14416,260.54046,353.15002,12.86179,1.71130,2.01961,4.33549
2019-01-18,1.09387,0.99184,0.87581,1.82012,1.97772,1.88158,2.44881,1.46445,1.13021,258.34295,352.88192,12.91102,1.73122,2.02213,4.25966
2019-01-21,,,,,,,,,,253.06051,352.19011,13.03287,,,
2019-01-22,1.08710,0.99131,0.88335,1.78367,1.97393,1.89386,2.45751,1.46827,1.13564,256.04409,352.63528,12.96114,1.70394,2.01911,4.34692
2019-01-23,1.08575,0.99127,0.88500,1.78599,1.97435,1.89332,2.45407,1.46681,1.13344,254.22506,352.41448,13.00760,1.70380,2.01927,4.34822
2019-01-24,1.08778,0.99154,0.88300,1.79755,1.97579,1.88971,2.45022,1.46518,1.13098,255.34843,352.59940,12.98047,1.70682,2.01979,4.34013
2019-01-25,1.09319,0.99212,0.87733,1.81903,1.97832,1.88300,2.48604,1.48078,1.15342,254.90191,352.56721,12.99381,1.72527,2.02214,4.28637
2019-01-28,1.07966,0.99097,0.89161,1.79655,1.97604,1.88947,2.49474,1.48459,1.15863,245.86220,351.34673,13.23529,1.69985,2.01933,4.35507
2019-01-29,1.08846,0.99186,0.88253,1.77959,1.97434,1.89446,2.50870,1.49066,1.16702,243.05442,350.97522,13.31811,1.71349,2.02113,4.31990
2019-01-30,1.09725,0.99275,0.87382,1.82486,1.97953,1.88179,2.52307,1.49686,1.17560,246.06571,351.43977,13.22796,1.72178,2.02227,4.29986
2019-01-31,1.09387,0.99253,0.87717,1.85218,1.98266,1.87545,2.52428,1.49739,1.17625,244.07850,351.18557,13.29012,1.71860,2.02207,4.30825
2019-02-01,1.10402,0.99353,0.86778,1.84436,1.98199,1.87694,2.51922,1.49479,1.17239,246.57776,351.57464,13.21296,1.72386,2.02286,4.29638
2019-02-04,1.10402,0.99362,0.86793,1.86727,1.98462,1.87410,2.50830,1.48897,1.16373,244.16842,351.26087,13.29044,1.72691,2.02339,4.29003
2019-02-05,1.09793,0.99315,0.87309,1.88379,1.98655,1.87313,2.51477,1.49245,1.16869,245.24755,351.44585,13.25715,1.72239,2.02303,4.30098
2019-02-06,1.09996,0.99342,0.87159,1.87817,1.98612,1.87323,2.49777,1.48338,1.15474,241.02762,350.87087,13.39759,1.72479,2.02348,4.29632
2019-02-07,1.08981,0.99259,0.88007,1.85295,1.98362,1.87191,2.50384,1.48664,1.15958,240.40973,350.81062,13.42097,1.70479,2.02131,4.34215
2019-02-08,1.09049,0.99273,0.87968,1.85658,1.98418,1.87230,2.51335,1.49174,1.16723,258.56146,353.48917,12.77697,1.70552,2.02157,4.34127
2019-02-11,1.08440,0.99226,0.88493,1.85482,1.98416,1.87232,2.50101,1.48516,1.15708,256.99676,353.30556,12.82396,1.69694,2.02072,4.36179
2019-02-12,1.09049,0.99290,0.87996,1.88225,1.98723,1.87484,2.50627,1.48798,1.16127,256.80236,353.30886,12.83150,1.70652,2.02204,4.34032
2019-02-13,1.09793,0.99367,0.87391,1.88357,1.98754,1.87513,2.49636,1.48270,1.15313,255.95656,353.22266,12.85793,1.70810,2.02240,4.33745
2019-02-14,1.10131,0.99406,0.87130,1.88589,1.98810,1.87563,2.51032,1.49018,1.16437,254.94242,353.11273,12.88938,1.70394,2.02207,4.34779
2019-02-15,1.12160,0.99597,0.85476,1.89381,1.99005,1.87740,2.52529,1.49819,1.17647,255.16362,353.17338,12.88482,1.72532,2.02478,4.29906
2019-02-18,,,,,,,,,,276.71630,356.18652,12.25514,,,
2019-02-19,1.12499,0.99636,0.85271,1.89755,1.99119,1.87846,2.56374,1.51873,1.20783,278.81386,356.48717,12.21230,1.73267,2.02582,4.28321
2019-02-20,1.12905,0.99681,0.85060,1.89723,1.99118,1.87844,2.55929,1.51637,1.20406,281.40333,356.84881,12.16127,1.74110,2.02698,4.26495
2019-02-21,1.13175,0.99713,0.84948,1.89029,1.98881,1.87612,2.53035,1.50096,1.18008,278.58673,356.52223,12.21775,1.74352,2.02744,4.26046
2019-02-22,1.13513,0.99751,0.84833,1.90427,1.99412,1.88137,2.53946,1.50583,1.18745,282.59767,357.06621,12.14142,1.75087,2.02847,4.24719
2019-02-25,1.11687,0.99599,0.85341,1.91121,1.99702,1.88427,2.53683,1.50444,1.18520,273.55911,355.95504,12.31152,1.73348,2.02663,4.27522
2019-02-26,1.12228,0.99656,0.85210,1.91320,1.99798,1.88524,2.54108,1.50673,1.18860,271.70937,355.74486,12.34893,1.73165,2.02659,4.27864
2019-02-27,1.12769,0.99713,0.85082,1.91199,1.99746,1.88466,2.52307,1.49713,1.17373,271.93890,355.80541,12.34614,1.74039,2.02778,4.26607
2019-02-28,1.12566,0.99703,0.85138,1.90758,1.99525,1.88224,2.50890,1.48958,1.16205,271.47837,355.77565,12.35679,1.73588,2.02743,4.27330
2019-03-01,1.11349,0.99604,0.85407,1.92080,2.00236,1.89002,2.46621,1.46667,1.12804,272.74416,355.97190,12.33374,1.72699,2.02657,4.28697
2019-03-04,1.11619,0.99637,0.85359,1.92113,2.00261,1.89025,2.45973,1.46370,1.12441,264.69412,354.95189,12.49169,1.72401,2.02639,4.29203
2019-03-05,1.12093,0.99688,0.85267,1.92256,2.00352,1.89123,2.46297,1.46491,1.12584,274.85528,356.34504,12.28755,1.73218,2.02752,4.28058
2019-03-06,1.11551,0.99648,0.85394,1.91165,1.99678,1.88332,2.46074,1.46420,1.12489,275.70490,356.48586,12.27292,1.72268,2.02659,4.29520
2019-03-07,1.11281,0.99633,0.85462,1.88820,1.98218,1.86624,2.45872,1.46366,1.12414,275.98581,356.55274,12.26922,1.71814,2.02623,4.30260
2019-03-08,1.11010,0.99617,0.85531,1.88533,1.98045,1.86419,2.48563,1.47007,1.13236,274.79126,356.42910,12.29370,1.71716,2.02629,4.30470
2019-03-11,1.11281,0.99650,0.85483,1.92454,2.00521,1.89297,2.47349,1.46740,1.12896,275.67416,356.57430,12.27842,1.71285,2.02595,4.31163
2019-03-12,1.12093,0.99731,0.85318,1.93512,2.01189,1.90073,2.48847,1.47066,1.13301,276.19993,356.67300,12.27005,1.72592,2.02767,4.28918
2019-03-13,1.12972,0.99818,0.85141,1.94966,2.02102,1.91136,2.50587,1.47442,1.13769,275.70197,356.63926,12.28121,1.74036,2.02954,4.26462
2019-03-14,1.12296,0.99767,0.85294,1.94635,2.01901,1.90896,2.47693,1.46843,1.13005,275.83265,356.68674,12.28039,1.73662,2.02928,4.27176
2019-03-15,1.12296,0.99775,0.85305,1.96441,2.03086,1.92281,2.48826,1.47092,1.13311,279.27759,357.16279,12.21622,1.74183,2.03006,4.26343
2019-03-18,1.12769,0.99826,0.85214,1.96909,2.03422,1.92673,2.48968,1.47131,1.13354,284.11073,357.81137,12.12703,1.74825,2.03098,4.25299
2019-03-19,1.13040,0.99858,0.85167,1.97572,2.03948,1.93304,2.49656,1.47285,1.13541,286.02376,358.08310,12.09477,1.75304,2.03171,4.24567
2019-03-20,1.14122,0.99963,0.84946,1.98355,2.04629,1.94137,2.51275,1.47635,1.13977,288.49217,358.42308,12.05480,1.75933,2.03262,4.23748
2019-03-21,1.13446,0.99912,0.85061,2.01455,2.07510,1.97854,2.50263,1.47432,1.13713,284.59985,357.97060,12.11924,1.75880,2.03274,4.23840
2019-03-22,1.12566,0.99843,0.85182,1.97030,2.03410,1.92216,2.50850,1.47564,1.13873,285.14480,358.06996,12.11195,1.74623,2.03146,4.24902
2019-03-25,1.12837,0.99876,0.85157,1.96655,2.03063,1.91750,2.52772,1.47977,1.14388,279.73028,357.42085,12.19978,1.74992,2.03206,4.24655
2019-03-26,1.13243,0.99920,0.85115,1.97572,2.03917,1.92872,2.51518,1.47724,1.14059,280.41199,357.53872,12.19024,1.75175,2.03245,4.24561
2019-03-27,1.12634,0.99875,0.85202,1.96303,2.02740,1.91306,2.50202,1.47457,1.13702,288.23112,358.56621,12.06435,1.74275,2.03158,4.25271
2019-03-28,1.12228,0.99848,0.85263,1.96754,2.03162,1.91856,2.46661,1.46722,1.12730,287.08088,358.45360,12.08382,1.73272,2.03058,4.26060
2019-03-29,1.12363,0.99868,0.85255,1.98244,2.04548,1.93681,2.46884,1.46778,1.12795,292.70117,359.18544,11.99772,,,
2019-04-01,1.13378,0.99967,0.85134,2.00871,2.06990,1.96909,2.45913,1.46576,1.12535,296.20522,359.64597,11.94838,1.74539,2.03224,4.25174
2019-04-02,1.13649,0.99999,0.85109,2.01632,2.07697,1.97843,2.46823,1.46735,1.12730,350.98131,366.32720,11.20554,1.74959,2.03290,4.24918
2019-04-03,1.13716,1.00013,0.85110,2.02790,2.08773,1.99273,2.46459,1.46691,1.12667,355.02586,366.78061,11.19486,1.75664,2.03389,4.24455
2019-04-04,1.13852,1.00034,0.85101,2.02713,2.08703,1.99147,2.47086,1.46774,1.12769,351.52172,366.44990,11.20230,1.75785,2.03421,4.24416
2019-04-05,1.14393,1.00090,0.85057,2.03762,2.09677,2.00694,2.46823,1.46756,1.12738,360.25064,367.39114,11.19364,1.76096,2.03474,4.24236
2019-04-08,1.14799,1.00134,0.85050,2.04280,2.10159,2.01510,2.47896,1.46868,1.12881,378.15841,369.24864,11.18930,1.76976,2.03593,4.23803
2019-04-09,1.14596,1.00125,0.85046,2.03563,2.09497,2.00225,2.49191,1.47000,1.13052,371.87094,368.65588,11.18639,1.76669,2.03575,4.23901
2019-04-10,1.15610,1.00220,0.85140,2.04655,2.10511,2.02189,2.49960,1.47083,1.13157,380.18530,369.94597,11.19782,1.77625,2.03702,4.23861
2019-04-11,1.14934,1.00142,0.85018,2.04170,2.10064,2.01226,2.46762,1.46800,1.12763,361.49894,365.78423,11.16360,1.75876,2.03519,4.23490
2019-04-12,1.15204,1.00188,0.85080,2.05053,2.10883,2.02959,2.46520,1.46789,1.12740,363.80331,366.39089,11.16938,1.76903,2.03655,4.23768
2019-04-15,1.14934,1.00149,0.85016,2.05086,2.10916,2.02998,2.46054,1.46754,1.12685,360.94293,365.64157,11.16382,1.76097,2.03580,4.23615
2019-04-16,1.14596,1.00096,0.84931,2.05792,2.11571,2.04520,2.43849,1.46605,1.12468,372.61424,368.94832,11.19294,1.75347,2.03510,4.23476
2019-04-17,1.14460,1.00079,0.84900,2.06509,2.12236,2.06150,2.43383,1.46589,1.12456,374.07359,369.39991,11.19760,1.74713,2.03454,4.23363
2019-04-18,1.14528,1.00099,0.84923,2.06774,2.12484,2.06765,2.43565,1.46612,1.12455,377.80621,370.63101,11.20917,1.74826,2.03485,4.23425
2019-04-19,,,,,,,,,,378.62566,370.93701,11.21264,,,
2019-04-22,1.15340,1.00252,0.85145,2.07359,2.13027,2.08225,2.43565,1.46625,1.12462,385.34284,373.49735,11.23672,1.75379,2.03566,4.23592
2019-04-23,1.15272,1.00247,0.85132,2.09996,2.15467,2.15291,2.43059,1.46607,1.12537,396.87083,378.17752,11.28071,1.74725,2.03508,4.23472
2019-04-24,1.15069,1.00218,0.85083,2.09335,2.14858,2.13437,2.43768,1.46662,1.12421,388.78901,374.64552,11.24864,1.74293,2.03475,4.23402
2019-04-25,1.14799,1.00178,0.85016,2.10183,2.15644,2.15720,2.43970,1.46687,1.12394,367.01069,364.38852,11.15319,1.73848,2.03440,4.23432
2019-04-26,1.13446,0.99943,0.84660,2.10372,2.15820,2.16212,2.45589,1.46797,1.12066,368.62051,365.18856,11.16156,1.72886,2.03345,4.23730
2019-04-29,1.13378,0.99938,0.84647,2.10779,2.16199,2.17378,2.44496,1.46744,1.12311,368.52287,365.15888,11.16200,1.72419,2.03307,4.24077
2019-04-30,1.13716,1.00006,0.84742,2.09146,2.14693,2.12433,2.45245,1.46801,1.12169,376.95561,369.26758,11.20195,1.72517,2.03336,4.23998
2019-05-01,1.13581,0.99989,0.84711,2.08473,2.14073,2.10403,2.43626,1.46717,1.12525,380.43107,370.95231,11.21864,1.72213,2.03318,4.24472
2019-05-02,1.12093,0.99799,0.84411,2.07569,2.13240,2.07706,2.42695,1.46673,1.12737,386.01059,373.63416,11.24471,1.70678,2.03154,4.27169
2019-05-03,1.12160,0.99814,0.84415,2.10879,2.16302,2.17310,2.44132,1.46773,1.12429,404.99938,382.65126,11.33020,1.70992,2.03208,4.26481
2019-05-06,1.12499,0.99852,0.84397,2.09588,2.15112,2.13468,2.44456,1.46805,1.12372,407.37980,383.77011,11.34124,1.70229,2.03135,4.28580
2019-05-07,1.10943,0.99723,0.84605,2.05505,2.11343,2.01615,2.45265,1.46866,1.12207,416.97483,388.24341,11.38535,1.69162,2.03025,4.32006
2019-05-08,1.11416,0.99774,0.84484,2.04987,2.10865,2.00491,2.44658,1.46842,1.12358,424.56572,392.13610,11.42408,1.69245,2.03052,4.31755
2019-05-09,1.10740,0.99722,0.84729,2.03883,2.09845,1.98205,2.45245,1.46890,1.12242,440.19328,401.00130,11.51228,1.68317,2.02958,4.35762
2019-05-10,1.11010,0.99754,0.84607,2.04137,2.10083,1.98672,2.45710,1.46930,1.12155,455.03233,410.16161,11.60247,1.68551,2.03004,4.34706
2019-05-13,1.10402,0.99708,0.84957,1.97052,2.03523,1.85257,2.48219,1.47092,1.11613,558.20285,480.70076,12.28759,1.67881,2.02940,4.38295
2019-05-14,1.12025,0.99863,0.83860,1.99215,2.05524,1.87340,2.47794,1.47080,1.11712,569.41514,487.65914,12.32736,1.70033,2.03217,4.26131
2019-05-15,1.12837,0.99944,0.83334,2.02029,2.07815,1.89671,2.47653,1.47084,1.11744,587.99940,499.10261,12.39142,1.70724,2.03317,4.22468
2019-05-16,1.13716,1.00030,0.82771,2.04060,2.09349,1.91209,2.45872,1.46990,1.11977,562.72392,482.01785,12.29547,1.72132,2.03502,4.14936
2019-05-17,1.12634,0.99943,0.83356,2.01974,2.07785,1.89637,2.44132,1.46899,1.12208,524.42075,452.61838,12.12698,1.70865,2.03369,4.20739
2019-05-20,1.13040,0.99988,0.83163,1.98565,2.05300,1.87113,2.44112,1.46910,1.12224,571.24613,488.99534,12.34963,1.71362,2.03445,4.18654
2019-05-21,1.12972,0.99990,0.83207,2.00639,2.06614,1.88417,2.43545,1.46888,1.12308,571.43717,489.14706,12.35135,1.71051,2.03425,4.20081
2019-05-22,1.11551,0.99873,0.83876,1.99745,2.06094,1.87899,2.43302,1.46885,1.12351,548.82633,471.73230,12.24891,1.69300,2.03234,4.27645
2019-05-23,1.09116,0.99663,0.85038,1.96689,2.04408,1.86185,2.45184,1.47011,1.12108,565.25763,484.44751,12.33051,1.67198,2.02999,4.36892
2019-05-24,1.10402,0.99789,0.84422,1.96589,2.04366,1.86142,2.45447,1.47039,1.12086,571.67279,489.40016,12.36299,1.68801,2.03210,4.29780
2019-05-27,,,,,,,,,,631.05718,535.15888,12.66949,,,
2019-05-28,1.11281,0.99876,0.84012,1.95850,2.04088,1.85855,2.44496,1.46994,1.12227,624.06715,529.82879,12.63698,1.70276,2.03404,4.23560
2019-05-29,1.11078,0.99866,0.84121,1.94239,2.03598,1.85339,2.44577,1.47011,1.12230,619.51234,526.35337,12.61575,,,
2019-05-30,1.09860,0.99765,0.84712,1.95056,2.03780,1.85530,2.46236,1.47123,1.12018,592.03728,505.34908,12.47346,1.69674,2.03349,4.25969
2019-05-31,1.06884,0.99503,0.86164,1.91943,2.03326,1.85029,2.49555,1.47334,1.11586,612.40740,521.00240,12.58645,1.66701,2.03010,4.37569
2019-06-03,1.06410,0.99467,0.86417,1.87718,2.02896,1.84873,2.53157,1.47558,1.11107,585.00718,500.02762,12.43859,1.66190,2.02964,4.39655
2019-06-04,1.07222,0.99551,0.85865,1.93004,2.03484,1.84105,2.53238,1.47573,1.11104,547.54065,471.21054,12.22727,1.66734,2.03047,4.37621
2019-06-05,1.04922,0.99346,0.87597,1.94438,2.03651,1.83918,2.53885,1.47625,1.11165,558.17699,479.45306,12.29135,1.64132,2.02747,4.47835
2019-06-06,1.06546,0.99508,0.86220,1.95983,2.03830,1.83716,2.54715,1.47748,1.11321,556.61444,478.24944,12.28300,1.65477,2.02930,4.42425
2019-06-07,1.06951,0.99554,0.85898,1.99767,2.04240,1.83198,2.56151,1.48053,1.11727,574.31029,491.93770,12.38779,1.65582,2.02959,4.42077
2019-06-10,1.06681,0.99536,0.86134,2.02095,2.04494,1.82887,2.53602,1.47342,1.10739,572.11671,490.25101,12.37600,1.65332,2.02944,4.43229
2019-06-11,1.07357,0.99607,0.85548,2.02371,2.04538,1.82877,2.53298,1.47260,1.10622,567.04788,486.34616,12.34760,1.66299,2.03079,4.38866
2019-06-12,1.05869,0.99477,0.86867,2.01201,2.04436,1.82868,2.54614,1.47655,1.11134,583.10007,498.74128,12.44147,1.65482,2.02995,4.42676
2019-06-13,1.07222,0.99612,0.85603,2.02393,2.04569,1.82958,2.56172,1.48155,1.11796,589.25700,503.48508,12.47724,1.66629,2.03151,4.37327
2019-06-14,1.07594,0.99654,0.85276,2.01533,2.04460,1.82854,2.56091,1.48127,1.11749,622.55543,529.09575,12.66579,1.67115,2.03226,4.35161
2019-06-17,1.07222,0.99627,0.85632,2.02747,2.04687,1.83071,2.55929,1.48065,1.11655,668.54687,564.27871,12.91578,1.67040,2.03233,4.35614
2019-06-18,1.08440,0.99748,0.84527,2.05692,2.05370,1.83741,2.57224,1.48600,1.12392,647.54409,548.32914,12.80851,1.68037,2.03370,4.31095
2019-06-19,1.08034,0.99718,0.84907,2.06465,2.05611,1.83974,2.58782,1.49291,1.13360,664.57330,561.31182,12.89998,1.67033,2.03264,4.35773
2019-06-20,1.10063,0.99913,0.83077,2.08385,2.06376,1.84735,2.65297,1.52467,1.17892,683.30178,575.55308,13.00418,1.70037,2.03645,4.21857
2019-06-21,1.10266,0.99939,0.82934,2.08076,2.06223,1.84577,2.67058,1.53319,1.19089,721.72058,604.68235,13.22582,1.69353,2.03578,4.24284
2019-06-24,1.10943,1.00008,0.82467,2.08083,2.06227,1.84577,2.71024,1.55369,1.21797,787.62071,654.37939,13.59949,1.70743,2.03760,4.19710
2019-06-25,1.11349,1.00052,0.82221,2.04511,2.03924,1.82143,2.71550,1.55642,1.22167,839.30158,693.02901,13.87579,1.71531,2.03869,4.17486
2019-06-26,1.12160,1.00132,0.81776,2.05461,2.04548,1.82798,2.69061,1.54359,1.20130,920.69588,753.52288,14.29714,1.72201,2.03964,4.15828
2019-06-27,1.12160,1.00140,0.81783,2.06247,2.05063,1.83339,2.68798,1.54225,1.19903,795.17833,661.07481,13.68870,1.72306,2.03992,4.15640
2019-06-28,1.10740,1.00020,0.82365,2.06512,2.05241,1.83522,2.69527,1.54602,1.20507,884.53267,727.93686,14.14737,1.71175,2.03873,4.17891
2019-07-01,1.10943,1.00046,0.82297,2.09299,2.07053,1.85470,2.64306,1.51908,1.15721,756.51048,633.12143,13.59281,1.69880,2.03734,4.20342
2019-07-02,1.09116,0.99889,0.83007,2.10129,2.07623,1.86074,2.69951,1.54830,1.20544,770.57713,643.72193,13.65501,1.67806,2.03501,4.24279
2019-07-03,1.10131,0.99990,0.82619,2.11710,2.08819,1.87378,2.70397,1.55061,1.20882,855.46032,707.54592,14.02074,1.70239,2.03812,4.19697
2019-07-04,,,,,,,,,,799.98903,666.26003,13.82074,,,
2019-07-05,1.10402,1.00022,0.82526,2.11279,2.08455,1.86966,2.67382,1.53506,1.18532,787.20502,656.68350,13.77285,1.70076,2.03809,4.20060
2019-07-08,1.10131,1.00006,0.82641,2.09797,2.07140,1.85447,2.65662,1.52619,1.17198,881.77096,727.68716,14.13940,1.69898,2.03803,4.20452
2019-07-09,1.10672,1.00063,0.82442,2.10847,2.08076,1.86528,2.66592,1.53102,1.17898,900.34345,741.48790,14.20294,1.70144,2.03849,4.20062
2019-07-10,1.12972,1.00278,0.81563,2.12949,2.09945,1.88825,2.70801,1.55278,1.21094,866.53705,716.43675,14.09187,1.73186,2.04229,4.14469
2019-07-11,1.13040,1.00292,0.81550,2.12794,2.09809,1.88630,2.68515,1.54100,1.19359,808.41104,673.19102,13.89426,1.73234,2.04250,4.14440
2019-07-12,1.13446,1.00335,0.81468,2.14022,2.10900,1.90153,2.70194,1.54968,1.20602,845.53285,701.01795,14.02919,1.74252,2.04385,4.13357
2019-07-15,1.11890,1.00205,0.81706,2.14707,2.11509,1.91061,2.70194,1.54970,1.20596,782.05031,653.65468,13.80887,1.73259,2.04284,4.14162
2019-07-16,1.10807,1.00116,0.81869,2.13602,2.10531,1.89418,2.67908,1.53791,1.18880,677.89226,575.30832,13.42346,1.71321,2.04071,4.15449
2019-07-17,1.09725,1.00026,0.82033,2.12551,2.09601,1.87824,2.72319,1.56071,1.22151,692.47496,586.45144,13.48492,1.71189,2.04071,4.15579
2019-07-18,1.08846,0.99953,0.82169,2.12794,2.09819,1.88176,2.76163,1.58055,1.25031,764.40793,641.28362,13.76331,1.69778,2.03917,4.16539
2019-07-19,1.09590,1.00028,0.82059,2.11234,2.08436,1.85744,2.72096,1.55961,1.21938,753.83724,633.30751,13.73171,1.70789,2.04053,4.15916
2019-07-22,1.09387,1.00017,0.82104,2.12916,2.09931,1.88327,2.72056,1.55942,1.21903,738.54593,621.75087,13.68504,1.70355,2.04016,4.16243
2019-07-23,1.09894,1.00070,0.81986,2.14309,2.11169,1.90479,2.70518,1.55150,1.20779,706.20056,597.24866,13.58356,1.70867,2.04092,4.15950
2019-07-24,1.09387,1.00032,0.82127,2.15813,2.12504,1.92805,2.71894,1.55861,1.21769,700.91396,593.22963,13.56710,1.70712,2.04089,4.16093
2019-07-25,1.09184,1.00020,0.82197,2.13767,2.10693,1.89435,2.69972,1.54871,1.20366,708.38629,598.91614,13.59273,1.70020,2.04021,4.16578
2019-07-26,1.09319,1.00040,0.82157,2.15968,2.12647,1.93003,2.70417,1.55102,1.20682,704.05674,595.74850,13.57947,1.69484,2.03972,4.17040
2019-07-29,1.09725,1.00085,0.82007,2.15226,2.11992,1.91774,2.72218,1.56033,1.21980,680.25551,578.72531,13.50196,1.70079,2.04059,4.16471
2019-07-30,1.10334,1.00148,0.81774,2.14298,2.11170,1.90242,2.73128,1.56504,1.22636,686.33578,582.97551,13.52331,1.70249,2.04094,4.16326
2019-07-31,1.09793,1.00106,0.81998,2.11334,2.08543,1.85397,2.69547,1.54658,1.20021,719.96828,605.44010,13.63414,1.70004,2.04079,4.16654
2019-08-01,1.06681,0.99829,0.83249,2.10284,2.07612,1.83687,2.76022,1.58003,1.24680,744.39687,620.99766,13.70954,1.65809,2.03591,4.22072
2019-08-02,1.06884,0.99855,0.83170,2.07187,2.04862,1.78892,2.74970,1.57462,1.23998,753.65771,626.85619,13.73792,1.66291,2.03664,4.21443
2019-08-05,1.06004,0.99780,0.83607,1.99867,1.98327,1.69620,2.78814,1.59445,1.26467,843.86518,683.64761,14.00357,1.65311,2.03559,4.23141
2019-08-06,1.05260,0.99718,0.84071,2.02665,2.00213,1.71383,2.81081,1.60613,1.27929,817.63119,667.57749,13.93442,1.64689,2.03497,4.24521
2019-08-07,1.03975,0.99603,0.85059,2.03759,2.00790,1.71912,2.85350,1.62809,1.30709,856.55173,691.63814,14.04213,1.63636,2.03381,4.27376
2019-08-08,1.04651,0.99675,0.84435,2.08194,2.02787,1.73769,2.86787,1.63549,1.31700,854.47328,690.38132,14.03754,1.65944,2.03683,4.19911
2019-08-09,1.05294,0.99743,0.83806,2.06236,2.01952,1.73032,2.85836,1.63062,1.30925,848.75494,686.87994,14.02279,1.66783,2.03800,4.17329
2019-08-12,1.04381,0.99663,0.84747,2.03869,2.00972,1.72157,2.88608,1.64486,1.33286,814.85405,664.67896,13.92231,1.65506,2.03658,4.21399
2019-08-13,1.06816,0.99903,0.81990,2.08337,2.02604,1.73622,2.86888,1.63605,1.31667,777.80411,639.23184,13.80328,1.67165,2.03876,4.16190
2019-08-14,1.05057,0.99745,0.83693,2.02111,2.00375,1.71669,2.88851,1.64614,1.33529,717.49005,597.44453,13.60040,1.65600,2.03699,4.21134
2019-08-15,1.04381,0.99688,0.84378,2.01879,2.00314,1.71622,2.90773,1.65601,1.35466,737.93934,611.80892,13.67500,1.65279,2.03674,4.22225
2019-08-16,1.04516,0.99707,0.84256,2.05120,2.01048,1.72217,2.88911,1.64648,1.33438,742.46542,614.97988,13.69176,1.65443,2.03707,4.21770
2019-08-19,1.04922,0.99753,0.83863,2.08382,2.01766,1.72794,2.85532,1.62916,1.29756,779.06203,640.54607,13.82106,1.65211,2.03692,4.22575
2019-08-20,1.04922,0.99759,0.83876,2.06766,2.01432,1.72527,2.87758,1.64060,1.32120,770.95712,634.93484,13.79453,1.65295,2.03717,4.22355
2019-08-21,1.05328,0.99805,0.83479,2.08602,2.01840,1.72855,2.86847,1.63594,1.31124,722.67567,601.41503,13.63095,1.65535,2.03760,4.21593
2019-08-22,1.04854,0.99767,0.83970,2.07928,2.01708,1.72750,2.86119,1.63222,1.30327,724.31360,602.55903,13.63769,1.64732,2.03676,4.24506
2019-08-23,1.04043,0.99697,0.84846,2.01348,2.00309,1.71630,2.91724,1.66101,1.36315,745.38726,616.66229,13.71404,1.63981,2.03597,4.27411
2019-08-26,1.03975,0.99697,0.84936,2.04389,2.00990,1.72176,2.91764,1.66123,1.36346,741.70112,614.30798,13.70220,1.64607,2.03689,4.24891
2019-08-27,1.04719,0.99775,0.84038,2.03958,2.00907,1.72112,2.94557,1.67555,1.39399,727.78547,605.42673,13.65486,1.65125,2.03767,4.22799
2019-08-28,1.05869,0.99892,0.82666,2.04688,2.01066,1.72239,2.93727,1.67132,1.38455,696.04779,585.34715,13.54405,1.66398,2.03938,4.17548
2019-08-29,1.06004,0.99912,0.82523,2.07817,2.01692,1.72744,2.91623,1.66055,1.36019,678.69181,574.78219,13.48307,1.67099,2.04038,4.14753
2019-08-30,1.04449,0.99772,0.84361,2.07320,2.01608,1.72677,2.90874,1.65673,1.35150,685.51766,578.65092,13.50719,1.66070,2.03927,4.19021
2019-09-02,,,,,,,,,,742.75290,608.50077,13.69040,,,
2019-09-03,1.03704,0.99708,0.85281,2.05307,2.01230,1.72373,2.94921,1.67749,1.39766,760.03407,616.72593,13.73734,,,
2019-09-04,1.06207,0.99955,0.82189,2.08271,2.01822,1.72851,2.96762,1.68692,1.41896,757.06084,615.34749,13.73047,1.69135,2.04317,4.06342
2019-09-05,1.06072,0.99949,0.82328,2.12086,2.02573,1.73456,2.89640,1.65050,1.33267,757.27153,615.46655,13.73192,1.68313,2.04232,4.08747
2019-09-06,1.06072,0.99956,0.82341,2.11876,2.02541,1.73430,2.87171,1.63785,1.30825,739.42550,607.07991,13.68604,1.68009,2.04209,4.09631
2019-09-09,1.07087,1.00059,0.81420,2.11434,2.02445,1.73350,2.86099,1.63236,1.29809,739.54107,607.15435,13.68725,1.69241,2.04373,4.06405
2019-09-10,1.07425,1.00097,0.81152,2.10825,2.02281,1.73209,2.83650,1.61980,1.27555,721.89706,598.77817,13.64094,1.69915,2.04468,4.04877
2019-09-11,1.06613,1.00028,0.81794,2.12805,2.02906,1.73755,2.85370,1.62865,1.29017,725.91927,600.73096,13.65281,1.68736,2.04341,4.07347
2019-09-12,1.06207,0.99997,0.82120,2.13689,2.03227,1.74039,2.85957,1.63168,1.29501,744.61538,609.71730,13.70452,1.69533,2.04451,4.05816
2019-09-13,1.06207,1.00004,0.82133,2.12927,2.02915,1.73753,2.83590,1.61953,1.27501,740.46254,607.76597,13.69436,1.69824,2.04500,4.05333
2019-09-16,1.10807,1.00444,0.78533,2.11976,2.02489,1.73358,2.85957,1.63171,1.29386,734.19863,604.80591,13.67851,1.75665,2.05218,3.95499
2019-09-17,1.08575,1.00249,0.79261,2.12993,2.02973,1.73811,2.86524,1.63463,1.29824,729.74587,602.69967,13.66726,1.72441,2.04855,3.96991
2019-09-18,1.08102,1.00212,0.79405,2.12904,2.02933,1.73770,2.84723,1.62540,1.28397,727.29141,601.54398,13.66132,1.71612,2.04771,3.97264
2019-09-19,1.08778,1.00281,0.79221,2.13259,2.03122,1.73952,2.85876,1.63134,1.29295,734.95516,605.23673,13.68371,1.71387,2.04758,3.97350
2019-09-20,1.08507,1.00263,0.79299,2.11002,2.01902,1.72725,2.89255,1.64870,1.31947,727.92171,601.89865,13.66468,1.70967,2.04721,3.97474
2019-09-23,1.08913,1.00307,0.79203,2.11096,2.01960,1.72780,2.90874,1.65702,1.33225,693.75318,585.54284,13.56657,1.72425,2.04910,3.97179
2019-09-24,1.07560,1.00189,0.79532,2.08292,2.00436,1.71249,2.92412,1.66492,1.34443,616.51929,547.74494,13.33418,1.71344,2.04795,3.97355
2019-09-25,1.07154,1.00158,0.79638,2.10630,2.01726,1.72539,2.86989,1.63714,1.30094,602.95495,542.18800,13.29771,1.70381,2.04694,3.97516
2019-09-26,1.07087,1.00158,0.79662,2.09854,2.01308,1.72118,2.86908,1.63674,1.30026,579.15912,535.39703,13.25176,1.69804,2.04637,3.97625
2019-09-27,1.06884,1.00146,0.79718,2.07250,1.99885,1.70690,2.85431,1.62916,1.28892,585.96473,536.41445,13.25943,1.69179,2.04575,3.97739
2019-09-30,1.05666,1.00038,0.80022,2.09223,2.00903,1.71722,2.81000,1.60641,1.25516,592.80624,537.07600,13.26199,1.67981,2.04443,3.97934
2019-10-01,1.05531,1.00032,0.80060,2.07516,2.00075,1.70875,2.82537,1.61434,1.26496,595.10993,537.31885,13.26219,1.68180,2.04481,3.97925
2019-10-02,1.04719,0.99961,0.80319,2.03948,1.98482,1.69235,2.85836,1.63131,1.28512,598.54403,537.66250,13.26073,1.67444,2.04404,3.98139
2019-10-03,1.04719,0.99967,0.80323,2.06187,1.99241,1.69989,2.87131,1.63797,1.29274,590.80033,536.99896,13.26898,1.67927,2.04475,3.97914
2019-10-04,1.05328,1.00031,0.80047,2.09223,2.00130,1.70867,2.87131,1.63798,1.29271,584.45498,536.45443,13.27835,1.68358,2.04540,3.97662
2019-10-07,1.05328,1.00037,0.80053,2.08591,1.99958,1.70695,2.84682,1.62542,1.27822,588.77359,536.88358,13.27163,1.67893,2.04496,3.98025
2019-10-08,1.05193,1.00030,0.80132,2.05466,1.99067,1.69810,2.87171,1.63822,1.29286,586.20347,536.68144,13.27759,1.68269,2.04554,3.97731
2019-10-09,1.05598,1.00075,0.79909,2.07472,1.99601,1.70329,2.87434,1.63958,1.29439,615.42139,539.38822,13.21284,1.68372,2.04578,3.97668
2019-10-10,1.06275,1.00145,0.79527,2.09078,2.00017,1.70734,2.84925,1.62671,1.27953,613.97261,539.29302,13.21688,1.68427,2.04597,3.97646
2019-10-11,1.07493,1.00266,0.78838,2.11771,2.00705,1.71404,2.83347,1.61861,1.27020,593.34223,537.51270,13.26193,1.70352,2.04843,3.95687
2019-10-14,1.06816,1.00208,0.79227,2.11749,2.00709,1.71407,2.84480,1.62445,1.27684,597.38722,537.91081,13.25391,1.69833,2.04793,3.96254
2019-10-15,1.06546,1.00189,0.79390,2.14442,2.01387,1.72068,2.82497,1.61427,1.26513,584.09900,536.74579,13.28413,1.69459,2.04760,3.96675
2019-10-16,1.06681,1.00207,0.79322,2.13910,2.01243,1.71920,2.84116,1.62260,1.27461,572.87206,535.74536,13.31034,1.69315,2.04754,3.96859
2019-10-17,1.07154,1.00258,0.79061,2.14475,2.01437,1.72115,2.84520,1.62469,1.27695,577.78447,536.23596,13.29856,1.69858,2.04832,3.96338
2019-10-18,1.07154,1.00264,0.79071,2.12414,2.00617,1.71258,2.84217,1.62314,1.27515,569.68528,535.51550,13.32165,1.70056,2.04868,3.96172
2019-10-21,1.07087,1.00263,0.79118,2.14298,2.01392,1.72060,2.82861,1.61619,1.26722,587.74514,537.24452,13.26540,1.69157,2.04771,3.97128
2019-10-22,1.07087,1.00269,0.79127,2.12591,2.00645,1.71274,2.83691,1.62032,1.27203,574.68643,536.08194,13.30631,1.69659,2.04844,3.96647
2019-10-23,1.08304,1.00389,0.78444,2.13001,2.00833,1.71468,2.84359,1.62362,1.27590,533.80526,532.29946,13.43545,1.70828,2.04997,3.95485
2019-10-24,1.08913,1.00451,0.78143,2.15074,2.01779,1.72483,2.86382,1.63359,1.28768,533.54296,532.30448,13.43728,1.71570,2.05098,3.94760
2019-10-25,1.09454,1.00507,0.77918,2.16791,2.02616,1.73384,2.87050,1.63688,1.29156,619.59585,540.92078,13.04389,1.71907,2.05150,3.94465
2019-10-28,1.09049,1.00475,0.78059,2.18930,2.03781,1.74656,2.84581,1.62477,1.27709,667.01560,545.09193,12.94082,1.71882,2.05159,3.94500
2019-10-29,1.08981,1.00475,0.78083,2.17235,2.02723,1.73485,2.83792,1.62090,1.27246,675.03402,545.77835,12.93109,1.72150,2.05203,3.94378
2019-10-30,1.08169,1.00406,0.78297,2.18287,2.03417,1.74244,2.85350,1.62858,1.28152,657.25834,544.37214,12.94703,,,
2019-10-31,1.07560,1.00355,0.78460,2.18387,2.03486,1.74316,2.88203,1.64262,1.29816,655.28448,544.23801,12.94896,1.71374,2.05121,3.94645
2019-11-01,1.09454,1.00537,0.77972,2.20370,2.04990,1.76035,2.88466,1.64393,1.29968,662.16308,544.83827,12.94694,1.73597,2.05398,3.94011
2019-11-04,1.10131,1.00604,0.77833,2.21734,2.06105,1.77311,2.87637,1.63987,1.29475,674.11450,545.85084,12.94561,1.74416,2.05506,3.94047
2019-11-05,1.10402,1.00634,0.77798,2.21855,2.06207,1.77423,2.82983,1.61703,1.26620,667.84652,545.37313,12.94576,1.74614,2.05533,3.94123
2019-11-06,1.09251,1.00535,0.77880,2.21356,2.05791,1.76829,2.84197,1.62301,1.27349,669.57477,545.54406,12.94696,1.73396,2.05272,3.93175
2019-11-07,1.09116,1.00528,0.77894,2.22099,2.06414,1.77733,2.79786,1.60147,1.24727,659.25478,544.73273,12.94303,1.73118,2.05215,3.92955
2019-11-08,1.09387,1.00559,0.77882,2.22985,2.07157,1.78894,2.78005,1.59415,1.23889,629.23541,542.25359,12.92743,1.72883,2.05167,3.92766
2019-11-11,1.08744,1.00505,0.77928,2.22686,2.06908,1.78448,2.77337,1.59179,1.23615,623.64358,541.79562,12.92500,1.70998,2.04714,3.91138
2019-11-12,1.08981,1.00532,0.77918,2.23328,2.07446,1.79397,2.78086,1.59396,1.23867,629.06537,542.30215,12.92889,,,
2019-11-13,1.09184,1.00557,0.77910,2.23385,2.07495,1.79468,2.79199,1.59679,1.24200,627.47436,542.19322,12.92876,1.70862,2.04691,3.91034
2019-11-14,1.08778,1.00525,0.77941,2.23207,2.07347,1.79149,2.80372,1.59955,1.24530,618.79282,541.46431,12.92456,1.70780,2.04679,3.90974
2019-11-15,1.09251,1.00574,0.77916,2.24847,2.08720,1.81983,2.79664,1.59799,1.24336,605.94105,540.35669,12.91787,1.71157,2.04776,3.91298
2019-11-18,1.08102,1.00474,0.77995,2.25025,2.08870,1.82284,2.80494,1.59987,1.24565,585.73239,538.56343,12.90662,1.69508,2.04450,3.90086
2019-11-19,1.07154,1.00391,0.78062,2.25357,2.09149,1.82877,2.80635,1.60024,1.24606,580.95746,538.15401,12.90530,1.68516,2.04342,3.89737
2019-11-20,1.08507,1.00524,0.77978,2.24005,2.08020,1.80335,2.80777,1.60061,1.24648,578.07544,537.91664,12.90605,1.69440,2.04465,3.89638
2019-11-21,1.09387,1.00611,0.77926,2.23506,2.07605,1.79395,2.79239,1.59730,1.24232,544.84502,534.85423,12.92119,1.70159,2.04563,3.89433
2019-11-22,1.09319,1.00610,0.77936,2.23651,2.07727,1.79648,2.78713,1.59620,1.24091,520.88523,532.53179,12.95221,1.70426,2.04607,3.89361
2019-11-25,1.09251,1.00609,0.77946,2.26299,2.09941,1.84533,2.77378,1.59355,1.23728,510.97362,531.54852,12.97696,1.70072,2.04576,3.89519
2019-11-26,1.09928,1.00677,0.77907,2.26730,2.10303,1.85329,2.78713,1.59589,1.24042,512.86269,531.77484,12.97078,1.70305,2.04615,3.89437
2019-11-27,1.09522,1.00646,0.77939,2.28316,2.11628,1.88294,2.77236,1.59354,1.23715,538.73158,534.48732,12.85566,1.69616,2.04544,3.89796
2019-11-28,,,,,,,,,,532.25213,533.87483,12.88405,,,
2019-11-29,1.07425,1.00459,0.78079,2.27274,2.10761,1.86253,2.78956,1.59601,1.24048,554.54055,536.14021,12.78926,1.66970,2.04236,3.91512
2019-12-02,1.07154,1.00439,0.78101,2.24947,2.08820,1.81685,2.78814,1.59589,1.24025,523.80463,533.19867,12.91597,1.67034,2.04256,3.91449
2019-12-03,1.07290,1.00457,0.78094,2.23185,2.07349,1.78273,2.81485,1.59965,1.24538,522.95530,533.14154,12.92058,1.67495,2.04323,3.90812
2019-12-04,1.08643,1.00589,0.77920,2.24316,2.08295,1.80413,2.81101,1.59920,1.24469,516.41154,532.50336,12.95093,1.68594,2.04468,3.89021
2019-12-05,1.08981,1.00626,0.77881,2.24758,2.08666,1.81247,2.81263,1.59949,1.24504,529.94388,533.92747,12.88306,1.69175,2.04550,3.88103
2019-12-06,1.09657,1.00694,0.77798,2.27163,2.10677,1.85863,2.78470,1.59573,1.23980,539.25727,534.89442,12.83808,1.69465,2.04596,3.87667
2019-12-09,1.09522,1.00687,0.77821,2.26132,2.09818,1.83833,2.78389,1.59569,1.23969,525.37318,533.54609,12.90602,1.69262,2.04583,3.88039
2019-12-10,1.09996,1.00736,0.77765,2.25944,2.09662,1.83452,2.79178,1.59686,1.24123,517.63342,532.78923,12.94542,1.70085,2.04693,3.86732
2019-12-11,1.09522,1.00698,0.77832,2.27140,2.10663,1.85755,2.81101,1.59959,1.24493,515.36971,532.58553,12.95853,1.69692,2.04657,3.87411
2019-12-12,1.10266,1.00772,0.77739,2.28837,2.12080,1.89051,2.80109,1.59830,1.24310,514.82464,532.55830,12.96259,1.71314,2.04864,3.84805
2019-12-13,1.10875,1.00833,0.77692,2.29590,2.12709,1.90520,2.81364,1.60010,1.24552,518.55043,532.97301,12.94072,1.72061,2.04965,3.83622
2019-12-16,1.11754,1.00919,0.77683,2.31895,2.14632,1.95070,2.81344,1.60015,1.24553,492.60410,530.33552,13.10195,1.73756,2.05178,3.81523
2019-12-17,1.12431,1.00981,0.77742,2.32027,2.14744,1.95312,2.81283,1.60014,1.24545,473.03321,528.25751,13.24210,1.73987,2.05216,3.81370
2019-12-18,1.12499,1.00993,0.77754,2.32205,2.14894,1.95657,2.81303,1.60023,1.24550,521.39349,533.68699,12.82655,1.73663,2.05189,3.81426
2019-12-19,1.12769,1.01060,0.77834,2.33657,2.16104,1.98744,2.82032,1.60132,1.24706,511.48344,532.70197,12.88618,1.74125,2.05254,3.81481
2019-12-20,1.12634,1.01018,0.77776,2.34598,2.16889,2.00830,2.82315,1.60181,1.24774,514.20696,533.01511,12.87065,1.74238,2.05273,3.81527
2019-12-23,1.12716,1.01049,0.77814,2.35218,2.17406,2.02258,2.83185,1.60335,1.24998,524.05057,534.06517,12.81235,1.73876,2.05205,3.81247
2019-12-24,1.13402,1.01336,0.78188,2.35341,2.17509,2.02529,2.85856,1.60855,1.25782,517.88660,533.46656,12.84934,1.74846,2.05453,3.82159
2019-12-25,,,,,,,,,,514.70476,533.16833,12.86919,,,
2019-12-26,1.14020,1.01630,0.78574,2.37417,2.19238,2.07730,2.88102,1.61395,1.26598,514.95281,533.22354,12.86868,1.76164,2.05880,3.83760
2019-12-27,1.14363,1.01817,0.78822,2.37217,2.19073,2.07168,2.88001,1.61361,1.26538,517.99549,533.56793,12.85149,1.76356,2.05962,3.84041
2019-12-30,1.14226,1.01729,0.78697,2.35663,2.17782,2.02932,2.88608,1.61575,1.26858,517.44055,533.54012,12.85575,1.76455,2.06015,3.84220
2019-12-31,1.13608,1.01308,0.78106,2.36106,2.18153,2.04091,2.89154,1.61791,1.27183,513.00278,533.11149,12.88306,1.75371,2.05361,3.81687
2020-01-01,,,,,,,,,,513.23446,533.16451,12.88263,,,
2020-01-02,1.14157,1.01684,0.78625,2.40049,2.21432,2.14660,2.91279,1.62724,1.28610,497.21561,531.52917,12.97968,1.75628,2.05525,3.82287
2020-01-03,1.15117,1.02365,0.79571,2.37850,2.19608,2.08520,2.95144,1.64633,1.31548,523.58968,534.37688,12.81610,1.76431,2.06035,3.84224
2020-01-06,1.15255,1.02468,0.79709,2.39382,2.20883,2.12670,2.98240,1.66188,1.34094,555.83316,537.69685,12.62809,1.77042,2.06447,3.85785
2020-01-07,1.15049,1.02304,0.79470,2.39349,2.20856,2.12551,2.99413,1.66778,1.35170,582.33642,540.28970,12.51820,1.76902,2.06346,3.85372
2020-01-08,1.13471,1.01042,0.77612,2.41148,2.22352,2.17491,2.97167,1.65653,1.32683,576.86904,539.81158,12.53508,1.74758,2.04712,3.79024
2020-01-09,1.12853,1.00547,0.76888,2.43192,2.24049,2.23204,2.95488,1.64811,1.30840,559.50768,538.21608,12.57962,1.74496,2.04515,3.78245
2020-01-10,1.12853,1.00547,0.76883,2.42570,2.23535,2.21393,2.97268,1.65706,1.32751,581.88773,540.39794,12.52633,1.75050,2.04945,3.79867
2020-01-13,1.12167,1.00003,0.76170,2.45369,2.25858,2.29349,2.95063,1.64601,1.30278,581.32284,540.37520,12.52807,1.74163,2.04266,3.77229
2020-01-14,1.12510,1.00245,0.76481,2.44402,2.25058,2.26496,2.94800,1.64469,1.29976,632.01493,545.11706,12.45437,1.74297,2.04366,3.77584
2020-01-15,1.12030,0.99925,0.76057,2.44503,2.25143,2.26757,2.96520,1.65334,1.31858,630.67508,545.03148,12.45562,1.73618,2.03893,3.75763
2020-01-16,1.11824,0.99800,0.75888,2.46846,2.27086,2.33528,2.96054,1.65102,1.31328,624.03574,544.48730,12.45589,1.72720,2.03331,3.73590
2020-01-17,1.12236,1.00025,0.76189,2.48066,2.28098,2.37120,2.96601,1.65377,1.31920,637.91081,545.71685,12.46256,1.73176,2.03570,3.74476
2020-01-20,,,,,,,,,,618.13598,543.37261,12.44656,,,
2020-01-21,1.11619,0.99707,0.75750,2.47955,2.28008,2.36756,2.96924,1.65540,1.32277,624.90756,544.38876,12.45423,1.71865,2.02971,3.72165
2020-01-22,1.09972,0.98945,0.74705,2.48611,2.28552,2.38693,2.97025,1.65592,1.32380,618.96923,543.39395,12.44761,1.70717,2.02574,3.70641
2020-01-23,1.09217,0.98702,0.74398,2.49410,2.29214,2.41073,2.97693,1.65928,1.33195,598.81987,539.63634,12.42076,1.69760,2.02388,3.69896
2020-01-24,1.07639,0.98401,0.74011,2.47312,2.27480,2.34666,2.99433,1.66802,1.35450,602.90007,540.44819,12.42721,1.67798,2.02165,3.69588
2020-01-27,1.05650,0.98224,0.73965,2.42203,2.23252,2.19354,3.01477,1.67828,1.38181,637.15337,547.04105,12.47590,1.65451,2.01893,3.71047
2020-01-28,1.06199,0.98281,0.73842,2.45923,2.26340,2.29386,2.98786,1.66480,1.34350,665.45601,552.25066,12.51419,1.65648,2.01929,3.70732
2020-01-29,1.05787,0.98248,0.73994,2.46324,2.26673,2.30427,3.00405,1.67293,1.36583,666.49807,552.48604,12.51637,1.64661,2.01819,3.72900
2020-01-30,1.04964,0.98177,0.74443,2.47200,2.27400,2.32742,3.00425,1.67304,1.36594,680.59635,556.35973,12.54484,1.63109,2.01640,3.77645
2020-01-31,1.03798,0.98073,0.75288,2.43281,2.24157,2.22149,3.02165,1.68177,1.39023,669.74307,552.85016,12.51972,1.62461,2.01571,3.79972
2020-02-03,1.02151,0.97923,0.76682,2.46957,2.27206,2.30818,3.00202,1.67195,1.36210,664.19803,550.83743,12.50536,1.60821,2.01379,3.86815
2020-02-04,1.02288,0.97942,0.76554,2.52609,2.31888,2.43497,2.96297,1.65239,1.30680,655.73897,547.55715,12.48123,1.60881,2.01397,3.86560
2020-02-05,1.03729,0.98085,0.75001,2.53442,2.32577,2.45193,2.96661,1.65423,1.31095,689.12916,560.93036,12.58371,1.62282,2.01584,3.79256
2020-02-06,1.04209,0.98136,0.74509,2.55629,2.34385,2.49685,2.98260,1.66226,1.32947,697.08422,564.10009,12.60755,1.62774,2.01656,3.76807
2020-02-07,1.03729,0.98096,0.75015,2.54530,2.33479,2.47276,2.99049,1.66623,1.33853,701.45019,566.01317,12.62234,1.62332,2.01612,3.79103
2020-02-10,1.02837,0.98017,0.76011,2.57606,2.36021,2.54181,2.99818,1.67009,1.34739,706.60946,568.47409,12.64151,1.61134,2.01475,3.85774
2020-02-11,1.02974,0.98036,0.75853,2.57651,2.36059,2.54260,2.98786,1.66493,1.33514,735.22929,583.14357,12.75505,1.61547,2.01537,3.83358
2020-02-12,1.04690,0.98204,0.73661,2.60160,2.38130,2.60304,2.98543,1.66372,1.33217,741.52159,586.51670,12.78102,1.63234,2.01759,3.72990
2020-02-13,1.05033,0.98242,0.73252,2.59827,2.37856,2.59447,3.00243,1.67226,1.35186,732.60070,581.23601,12.74107,1.63598,2.01815,3.70900
2020-02-14,1.04895,0.98234,0.73431,2.60572,2.38471,2.61289,3.01497,1.67856,1.36648,741.62756,586.93178,12.78574,1.63748,2.01845,3.70094
2020-02-17,,,,,,,,,,693.06167,554.78781,12.53412,,,
2020-02-18,1.05376,0.98285,0.72857,2.60671,2.38555,2.61514,3.05362,1.69793,1.41211,729.72386,579.34159,12.73430,1.65327,2.02051,3.60840
2020-02-19,1.06405,0.98386,0.71622,2.63170,2.40614,2.68054,3.07143,1.70685,1.43349,689.69213,552.76303,12.52972,1.66342,2.02186,3.55348
2020-02-20,1.06062,0.98360,0.71991,2.60726,2.38605,2.61445,3.08397,1.71314,1.44846,688.11949,551.71430,12.52258,1.65581,2.02104,3.59092
2020-02-21,1.05410,0.98305,0.72675,2.55718,2.34482,2.48133,3.13031,1.73632,1.51073,694.40139,555.92673,12.55325,1.65672,2.02127,3.58724
2020-02-24,1.03592,0.98141,0.74592,2.45857,2.26345,2.23042,3.15844,1.75037,1.54939,690.55143,553.41697,12.53566,1.62749,2.01781,3.72390
2020-02-25,1.01534,0.97951,0.76790,2.39172,2.20808,2.12889,3.10198,1.72222,1.46550,668.81277,539.52251,12.43373,1.61257,2.01607,3.78805
2020-02-26,1.00470,0.97854,0.77989,2.40404,2.21833,2.14306,3.11554,1.72900,1.48180,629.77616,515.79459,12.25655,1.60009,2.01461,3.84316
2020-02-27,0.98927,0.97708,0.79760,2.28367,2.11829,2.01658,3.11615,1.72932,1.48241,628.35473,515.02854,12.25135,1.57728,2.01184,3.94766
2020-02-28,0.97074,0.97530,0.82294,2.28545,2.11946,2.01749,3.00243,1.67253,1.34263,626.31943,514.08860,12.24466,1.54264,2.00752,4.12622
2020-03-02,0.99201,0.97747,0.79116,2.40337,2.18787,2.07028,3.01902,1.68085,1.35307,637.45795,518.50604,12.27919,1.57515,2.01183,3.94787
2020-03-03,0.99476,0.97777,0.78746,2.32630,2.15289,2.04778,3.11392,1.72841,1.41040,627.62332,515.04520,12.25259,1.59082,2.01389,3.87525
2020-03-04,0.99682,0.97800,0.78471,2.42336,2.18964,2.07103,3.11938,1.73115,1.41308,626.73285,514.76188,12.25059,1.59169,2.01405,3.87176
2020-03-05,0.98241,0.97661,0.80433,2.34973,2.16333,2.05558,3.18677,1.76481,1.44624,648.65228,520.91075,12.30044,1.57986,2.01260,3.92380
2020-03-06,0.95291,0.97369,0.84606,2.31009,2.15053,2.04813,3.18798,1.76541,1.44682,654.69812,522.52800,12.31344,1.53881,2.00741,4.10753
2020-03-09,0.87813,0.96606,0.96040,2.14962,2.10856,2.02312,3.19324,1.76804,1.44939,565.17990,498.78711,12.12513,1.47482,1.99908,4.41468
2020-03-10,0.90557,0.96910,0.92902,2.26667,2.12007,2.02760,3.12586,1.73446,1.41183,566.14921,498.93084,12.12619,1.50633,2.00338,4.26883
2020-03-11,0.88773,0.96720,0.94705,2.16795,2.11087,2.02609,3.11473,1.72891,1.40566,568.25446,499.12367,12.12722,1.48469,2.00053,4.35740
2020-03-12,0.84932,0.96303,0.98740,1.96916,2.09154,2.03322,2.99049,1.66684,1.33656,354.96042,480.39497,12.13035,1.43828,1.99430,4.55387
2020-03-13,0.85823,0.96405,0.97721,2.13597,2.10928,2.01122,2.89923,1.62094,1.30118,402.79932,486.87401,12.04807,1.41962,1.99174,4.63903
2020-03-16,0.82050,0.95982,1.02064,1.88010,2.08403,2.04203,2.86605,1.60686,1.29168,358.79782,481.55961,12.13163,1.36028,1.98343,4.92821
2020-03-17,0.79992,0.95742,1.04660,2.02270,2.09985,2.01956,2.90490,1.61910,1.30012,387.70156,485.44218,12.03535,1.34798,1.98165,4.99471
2020-03-18,0.77522,0.95446,1.08151,1.96117,2.09346,2.02846,2.84703,1.60481,1.29028,385.96467,485.22505,12.04101,1.29300,1.97357,5.29839
2020-03-19,0.79169,0.95649,1.05518,1.97294,2.09472,2.02639,2.79320,1.59586,1.28411,444.01616,492.52383,11.82426,1.33535,1.98003,5.03957
2020-03-20,0.78620,0.95583,1.06354,1.89565,2.08652,2.04161,2.83509,1.59859,1.28596,441.91172,492.29128,11.83099,1.32823,1.97898,5.07744
2020-03-23,0.79512,0.95691,1.04908,1.89702,2.08667,2.04123,2.96034,1.60566,1.28690,464.26152,494.78141,11.75938,1.34798,1.98193,4.97098
2020-03-24,0.81433,0.95923,1.01805,2.04392,2.10283,1.99907,3.10401,1.61345,1.28794,484.92142,496.98339,11.69675,1.38620,1.98754,4.77222
2020-03-25,0.84657,0.96302,0.96868,2.02878,2.10127,2.00301,3.06151,1.61124,1.28761,478.83125,496.35851,11.71431,1.39094,1.98822,4.74937
2020-03-26,0.81707,0.95967,1.00887,2.13562,2.11233,1.97485,3.10077,1.61324,1.28861,483.44718,496.83612,11.70077,1.37661,1.98617,4.81780
2020-03-27,0.81982,0.95999,1.00484,2.06217,2.10507,1.99104,3.08074,1.61129,1.28753,464.57550,494.89721,11.75545,1.36333,1.98426,4.88267
2020-03-30,0.81433,0.95935,1.01286,2.13718,2.11273,1.97377,3.09429,1.61298,1.28849,460.71837,494.48845,11.76720,1.34920,1.98221,4.95559
2020-03-31,0.81090,0.95895,1.01794,2.11892,2.11094,1.97748,2.99575,1.59732,1.27943,460.39467,494.45565,11.76825,1.34472,1.98156,4.98048
2020-04-01,0.78826,0.95628,1.05217,2.02890,2.10198,1.99579,3.02408,1.60193,1.28210,475.47734,496.07709,11.72215,1.31064,1.97654,5.17697
2020-04-02,0.80335,0.95811,1.02782,2.07007,2.10625,1.98698,3.07365,1.60994,1.28675,486.18719,497.19607,11.69059,1.33801,1.98068,5.00876
2020-04-03,0.82805,0.96106,0.98963,2.04069,2.10327,1.99313,3.08883,1.61235,1.28814,483.26411,496.89892,11.69905,1.35208,1.98277,4.92683
2020-04-06,0.82599,0.96082,0.99262,2.18658,2.11831,1.96208,3.17442,1.62734,1.29700,522.36320,500.92180,11.58580,1.36562,1.98476,4.85014
2020-04-07,0.82942,0.96123,0.98764,2.18569,2.11824,1.96223,3.15743,1.62371,1.29489,514.44847,500.16532,11.60591,1.37435,1.98604,4.80190
2020-04-08,0.82736,0.96100,0.99065,2.23211,2.12275,1.95498,3.12930,1.61670,1.29073,527.66122,501.45384,11.57271,1.37279,1.98583,4.81047
2020-04-09,0.83011,0.96133,0.98651,2.23533,2.12308,1.95457,3.21105,1.63867,1.30400,522.46380,500.96439,11.58459,1.37995,1.98688,4.77002
2020-04-10,,,,,,,,,,490.98844,497.95085,11.65491,,,
2020-04-13,0.84383,0.96292,0.96547,2.25949,2.12539,1.95180,3.26609,1.65480,1.31360,491.25705,497.98272,11.65440,1.37799,1.98662,4.78126
2020-04-14,0.84108,0.96262,0.96954,2.35775,2.13465,1.94245,3.29178,1.66353,1.31884,492.11329,498.07307,11.65246,1.37076,1.98559,4.82368
2020-04-15,0.82256,0.96050,0.99736,2.33070,2.13221,1.94389,3.27499,1.65676,1.31467,474.21518,496.26407,11.69516,1.34716,1.98218,4.96768
2020-04-16,0.81776,0.95995,1.00501,2.37322,2.13611,1.94247,3.27216,1.65549,1.31384,510.16823,500.02903,11.60604,1.34909,1.98248,4.95524
2020-04-17,0.82119,0.96035,0.99922,2.39592,2.13817,1.94231,3.20862,1.62656,1.29436,506.84739,499.70568,11.61370,1.34995,1.98261,4.94961
2020-04-20,0.81296,0.95939,1.01327,2.36754,2.13563,1.94170,3.23149,1.63699,1.30140,490.51968,498.09806,11.65139,1.34744,1.98225,4.96633
2020-04-21,0.78346,0.95592,1.06600,2.28018,2.12682,1.93825,3.20943,1.62694,1.29455,491.74720,498.22467,11.64852,1.29374,1.97436,5.33655
2020-04-22,0.79169,0.95692,1.04995,2.34785,2.13388,1.94103,3.27256,1.65574,1.31457,509.87225,500.06318,11.60539,1.31927,1.97826,5.14247
2020-04-23,0.79032,0.95676,1.05257,2.34284,2.13330,1.94081,3.30514,1.67058,1.32495,535.99324,502.62699,11.54565,1.32132,1.97858,5.12821
2020-04-24,0.78003,0.95552,1.07223,2.37978,2.13821,1.94280,3.29098,1.66414,1.31999,537.27000,502.74887,11.54291,1.30967,1.97684,5.20950
2020-04-27,0.77042,0.95435,1.09138,2.39893,2.14137,1.94412,3.26912,1.65419,1.31183,556.67014,504.56639,11.50430,1.29475,1.97460,5.31622
2020-04-28,0.76974,0.95427,1.09281,2.35374,2.13198,1.94012,3.25455,1.64756,1.30619,556.12676,504.51912,11.50516,1.29668,1.97490,5.30203
2020-04-29,0.77385,0.95478,1.08394,2.43721,2.15048,1.94813,3.27256,1.65576,1.31332,627.12419,510.96182,11.40584,1.30178,1.97569,5.26457
2020-04-30,0.78757,0.95648,1.05427,2.43620,2.15017,1.94800,3.21327,1.62877,1.28882,619.29207,510.32533,11.40999,1.32402,1.97907,5.10169
2020-05-01,0.78208,0.95581,1.06562,2.36754,2.12952,1.93885,3.23310,1.63781,1.29701,633.83059,511.52556,11.40687,1.31985,1.97845,5.13077
2020-05-04,0.78483,0.95615,1.05977,2.39514,2.13798,1.94262,3.24444,1.64298,1.30169,635.72152,511.67994,11.40708,1.32561,1.97932,5.08988
2020-05-05,0.80267,0.95833,1.02130,2.42230,2.14641,1.94646,3.25820,1.64925,1.30737,643.15992,512.27852,11.41020,1.35470,1.98368,4.88152
2020-05-06,0.79100,0.95694,1.04502,2.43721,2.15135,1.94876,3.21631,1.63017,1.29007,663.26760,514.92961,11.42421,1.33627,1.98099,5.00549
2020-05-07,0.79032,0.95686,1.04647,2.46860,2.16275,1.95421,3.26568,1.65269,1.31046,715.29798,524.39289,11.47486,1.34790,1.98272,4.92423
2020-05-08,0.80815,0.95903,1.00846,2.50243,2.17636,1.96087,3.24605,1.64376,1.30235,705.67625,522.15024,11.46320,1.35496,1.98377,4.87616
2020-05-11,0.79992,0.95805,1.02501,2.52480,2.18647,1.96591,3.22582,1.63453,1.29399,614.94334,495.26777,11.32054,1.34329,1.98207,4.95465
2020-05-12,0.78826,0.95666,1.04909,2.47193,2.15931,1.95202,3.23837,1.64026,1.29917,631.09039,500.47689,11.34937,1.33828,1.98134,4.98917
2020-05-13,0.78208,0.95592,1.06232,2.44100,2.14276,1.94349,3.26953,1.65446,1.31203,667.28895,511.97379,11.41246,1.31808,1.97836,5.12980
2020-05-14,0.79649,0.95768,1.03014,2.46871,2.15766,1.95128,3.29846,1.66764,1.32424,701.52105,522.49259,11.46919,1.33253,1.98053,5.02489
2020-05-15,0.80610,0.95884,1.00972,2.48473,2.16629,1.95590,3.31708,1.67611,1.33256,667.56656,512.36721,11.41549,1.34063,1.98174,4.96801
2020-05-18,0.83148,0.96187,0.95737,2.53102,2.19218,1.97014,3.29199,1.66470,1.32028,696.19452,521.16368,11.46295,1.37040,1.98615,4.76213
2020-05-19,0.82805,0.96147,0.96338,2.52468,2.18837,1.96801,3.32376,1.67916,1.33622,698.15218,521.76465,11.46608,1.37496,1.98683,4.73288
2020-05-20,0.84108,0.96299,0.94080,2.57510,2.22031,1.98622,3.33165,1.68275,1.34032,681.08174,516.02742,11.43704,1.38295,1.98799,4.68329
2020-05-21,0.83560,0.96237,0.94936,2.54705,2.20123,1.97524,3.28308,1.66068,1.31272,649.09500,504.68023,11.37835,1.37011,1.98615,4.75930
2020-05-22,0.83148,0.96190,0.95573,2.55584,2.20749,1.97889,3.30251,1.66952,1.32369,655.75241,507.10537,11.39116,1.36416,1.98530,4.79493
2020-05-25,,,,,,,,,,637.67109,500.55903,11.35685,,,
2020-05-26,0.84040,0.96293,0.94186,2.54895,2.20227,1.97575,3.25556,1.64816,1.29710,632.37061,498.61216,11.34658,1.37744,1.98724,4.71464
2020-05-27,0.83079,0.96184,0.95601,2.56285,2.21309,1.98238,3.26143,1.65084,1.30040,656.27079,507.43817,11.39355,1.36265,1.98512,4.80082
2020-05-28,0.83285,0.96208,0.95294,2.55951,2.21049,1.98065,3.27236,1.65582,1.30655,684.84365,517.78521,11.44786,1.36485,1.98545,4.78772
2020-05-29,0.84657,0.96367,0.93244,2.59702,2.23965,2.00080,3.29644,1.66678,1.32013,675.12035,514.34430,11.43014,1.38149,1.98788,4.68843
2020-06-01,0.85000,0.96407,0.92771,2.60481,2.24570,2.00516,3.31161,1.67369,1.32872,729.99809,533.92362,11.53182,1.38098,1.98781,4.69138
2020-06-02,0.85961,0.96516,0.91488,2.62229,2.25926,2.01580,3.29017,1.66393,1.31655,680.84153,517.08951,11.44695,1.38688,1.98867,4.65791
2020-06-03,0.85892,0.96509,0.91572,2.63408,2.26840,2.02353,3.22946,1.63631,1.28218,690.14099,520.39854,11.46411,1.38947,1.98906,4.64358
2020-06-04,0.87058,0.96640,0.90163,2.61560,2.25408,2.01028,3.26346,1.65181,1.30126,702.38647,524.72403,11.48641,1.39929,1.99047,4.58963
2020-06-05,0.88568,0.96809,0.88504,2.66746,2.29431,2.04902,3.19729,1.62167,1.26446,690.11366,520.43236,11.46411,1.40673,1.99154,4.55070
2020-06-08,0.88087,0.96757,0.88959,2.68817,2.31034,2.06486,3.23189,1.63746,1.28046,699.23588,523.65559,11.48179,1.40559,1.99139,4.55637
2020-06-09,0.88499,0.96803,0.88587,2.70764,2.32540,2.08108,3.26305,1.65167,1.29421,699.95734,523.90806,11.48327,1.40746,1.99167,4.54726
2020-06-10,0.88979,0.96856,0.88189,2.74013,2.35052,2.11067,3.30979,1.67297,1.31485,707.76054,526.69962,11.49960,1.41348,1.99254,4.51832
2020-06-11,0.86166,0.96550,0.90290,2.60436,2.24570,1.97563,3.28592,1.66211,1.30429,664.02901,510.64173,11.40437,1.39368,1.98976,4.61008
2020-06-12,0.86647,0.96604,0.89942,2.62507,2.26177,1.99134,3.29057,1.66423,1.30634,676.82012,515.49741,11.43390,1.38528,1.98857,4.64992
2020-06-15,0.87264,0.96674,0.89498,2.65700,2.28653,2.01556,3.28470,1.66156,1.30375,675.76237,515.10171,11.43157,1.38399,1.98840,4.65618
2020-06-16,0.88156,0.96773,0.88865,2.70264,2.32188,2.05018,3.28308,1.66082,1.30303,681.39591,517.22255,11.44442,1.39044,1.98933,4.62525
2020-06-17,0.87882,0.96744,0.89058,2.71121,2.32851,2.05668,3.28936,1.66368,1.30577,676.28560,515.31010,11.43298,1.39329,1.98975,4.61174
2020-06-18,0.88156,0.96774,0.88866,2.71855,2.33419,2.06222,3.28288,1.66073,1.30277,672.08398,513.73189,11.42351,1.39431,1.98991,4.60696
2020-06-19,0.88911,0.96858,0.88350,2.71810,2.33384,2.06181,3.31910,1.67722,1.31994,664.64029,510.92563,11.40660,1.40420,1.99133,4.56029
2020-06-22,0.89665,0.96941,0.87870,2.75070,2.35903,2.08875,3.34055,1.68698,1.33028,693.17194,521.75067,11.47234,1.40983,1.99214,4.53420
2020-06-23,0.89357,0.96908,0.88044,2.77411,2.37710,2.10913,3.36868,1.69976,1.34497,687.95457,519.81442,11.46082,1.40719,1.99178,4.54640
2020-06-24,0.86990,0.96652,0.89316,2.71692,2.33300,2.05538,3.35694,1.69444,1.33818,665.13787,511.30838,11.40990,1.38541,1.98871,4.64718
2020-06-25,0.87607,0.96721,0.88972,2.74279,2.35300,2.07957,3.35492,1.69352,1.33687,661.85818,510.06588,11.40242,1.37975,1.98791,4.67442
2020-06-26,0.86441,0.96592,0.89618,2.67802,2.30299,2.01885,3.36989,1.70032,1.34657,655.58226,507.68058,11.38797,1.37479,1.98720,4.69830
2020-06-29,0.88225,0.96792,0.88611,2.70722,2.32559,2.04607,3.37171,1.70115,1.34775,657.35800,508.36060,11.39216,1.39707,1.99043,4.58304
2020-06-30,0.88773,0.96853,0.88311,2.76028,2.36662,2.09564,3.38669,1.70795,1.35880,654.47499,507.25669,11.38553,1.41301,1.99272,4.50376
2020-07-01,0.89460,0.96928,0.87940,2.79250,2.39148,2.12588,3.37151,1.70106,1.34670,661.44435,509.80785,11.40184,1.41753,1.99337,4.48229
2020-07-02,0.89871,0.96973,0.87719,2.81145,2.40609,2.14369,3.37879,1.70437,1.35255,650.92631,506.06514,11.37758,1.42730,1.99475,4.43835
2020-07-03,,,,,,,,,,648.94394,505.38047,11.37299,,,
2020-07-06,0.90283,0.97018,0.87514,2.88058,2.45933,2.20998,3.39903,1.71356,1.36976,668.43023,511.75687,11.41885,1.43922,1.99642,4.38973
2020-07-07,0.90351,0.97026,0.87483,2.86073,2.44408,2.19044,3.42048,1.72329,1.38894,662.21872,509.76098,11.40468,1.44709,1.99753,4.36177
2020-07-08,0.91552,0.97156,0.86993,2.89841,2.47305,2.22966,3.44172,1.73293,1.40916,675.27457,513.98443,11.43489,1.45256,1.99829,4.34488
2020-07-09,0.90694,0.97065,0.87254,2.92283,2.49181,2.25690,3.43242,1.72871,1.39947,660.74025,509.33888,11.40193,1.44286,1.99697,4.36988
2020-07-10,0.91312,0.97132,0.87083,2.94279,2.50712,2.28118,3.42351,1.72467,1.38981,664.58514,510.58543,11.41088,1.44917,1.99785,4.35470
2020-07-13,0.90351,0.97030,0.87301,2.88225,2.46071,2.20222,3.42776,1.72660,1.39442,661.10672,509.46450,11.40293,1.44599,1.99742,4.36140
2020-07-14,0.90694,0.97067,0.87223,2.90265,2.47638,2.22843,3.44375,1.73385,1.41287,662.80551,510.01617,11.40691,1.43918,1.99649,4.37500
2020-07-15,0.91723,0.97178,0.86991,2.90856,2.48092,2.23600,3.44678,1.73523,1.41645,658.25112,508.54593,11.39647,1.44983,1.99798,4.35356
2020-07-16,0.90969,0.97099,0.87117,2.88871,2.46569,2.20960,3.41420,1.72047,1.37464,653.66081,507.05542,11.38585,1.44566,1.99741,4.36116
2020-07-17,0.91037,0.97106,0.87106,2.89206,2.46826,2.21403,3.44233,1.73322,1.40998,655.36975,507.59996,11.38989,1.44613,1.99749,4.36032
2020-07-20,0.91037,0.97107,0.87106,2.97410,2.53128,2.32744,3.45892,1.74074,1.43118,656.13717,507.83833,11.39173,1.44212,1.99694,4.36735
2020-07-21,0.92341,0.97246,0.86899,2.94312,2.50755,2.28365,3.50061,1.75962,1.48501,671.98260,512.67945,11.42867,1.46337,1.99989,4.32996
2020-07-22,0.92890,0.97304,0.86848,2.95348,2.51549,2.29815,3.55382,1.78370,1.55548,682.19507,515.75565,11.45202,1.47322,2.00125,4.31530
2020-07-23,0.92547,0.97269,0.86850,2.87634,2.45637,2.18967,3.58519,1.79787,1.59832,687.77139,517.42075,11.46462,1.48161,2.00240,4.30610
2020-07-24,0.92821,0.97298,0.86857,2.84903,2.43538,2.15365,3.61594,1.81175,1.64112,683.40062,516.12456,11.45489,1.48217,2.00248,4.30550
2020-07-27,0.93713,0.97390,0.86926,2.89986,2.47448,2.21897,3.68737,1.84396,1.74230,790.64841,548.08811,11.69599,1.48984,2.00353,4.30354
2020-07-28,0.93233,0.97320,0.86847,2.86296,2.44614,2.17263,3.71813,1.85780,1.78743,783.35530,546.09453,11.68209,1.49047,2.00361,4.30346
2020-07-29,0.93782,0.97416,0.86955,2.89596,2.47152,2.21294,3.74605,1.87036,1.82912,795.60587,549.44587,11.70573,1.50053,2.00501,4.30867
2020-07-30,0.92547,0.97133,0.86628,2.91112,2.48317,2.23158,3.71833,1.85791,1.78706,797.01013,549.87917,11.70836,1.48443,2.00156,4.29566
2020-07-31,0.93027,0.97245,0.86757,2.96308,2.52305,2.29568,3.75212,1.87310,1.83750,811.52591,555.35156,11.74212,1.49365,2.00395,4.30418
2020-08-03,0.93987,0.97466,0.87012,3.00309,2.55372,2.34558,3.75637,1.87501,1.84395,804.21803,552.23974,11.72271,1.52037,2.01229,4.33452
2020-08-04,0.94536,0.97597,0.87162,3.01425,2.56226,2.35949,3.83630,1.91092,1.96574,801.82431,551.10925,11.71552,1.53427,2.01817,4.35444
2020-08-05,0.95291,0.97824,0.87427,3.02171,2.56797,2.36924,3.87191,1.92689,2.02066,838.95621,569.63170,11.83563,1.54837,2.02554,4.37966
2020-08-06,0.96045,0.98110,0.87765,3.06173,2.59858,2.42630,3.92331,1.94991,2.10140,842.38252,571.36623,11.84662,1.55159,2.02751,4.38642
2020-08-07,0.94673,0.97452,0.86973,3.02639,2.57159,2.37405,3.86099,1.92203,2.00063,830.19052,564.58900,11.80300,1.53225,2.01319,4.33588
2020-08-10,0.95222,0.97717,0.87292,3.01346,2.56170,2.35510,3.84763,1.91605,1.98148,849.61587,575.98837,11.87776,1.54211,2.02095,4.36149
2020-08-11,0.93713,0.96969,0.86418,2.95638,2.51803,2.27106,3.64104,1.82346,1.68626,815.42291,555.23528,11.74141,1.52011,2.00211,4.29825
2020-08-12,0.94605,0.97415,0.86938,3.03074,2.57503,2.37858,3.62404,1.81580,1.67300,828.51162,563.25433,11.79521,1.52836,2.00925,4.32194
2020-08-13,0.95359,0.97790,0.87376,3.03765,2.58032,2.38850,3.70963,1.85439,1.73708,842.67877,571.92280,11.85304,1.54070,2.02034,4.35727
2020-08-14,0.95359,0.97791,0.87376,3.03408,2.57759,2.38336,3.69365,1.84720,1.72604,842.74749,571.96500,11.85328,1.54003,2.01968,4.35508
2020-08-17,0.96869,0.98537,0.88248,3.06932,2.60453,2.43391,3.77378,1.88327,1.78122,881.49465,595.63283,12.02267,1.56639,2.04576,4.44105
2020-08-18,0.96937,0.98570,0.88285,3.09886,2.62709,2.47736,3.80777,1.89854,1.80426,858.37133,581.57090,11.92466,1.57631,2.05596,4.47334
2020-08-19,0.96800,0.98485,0.88186,3.07801,2.61119,2.44579,3.68758,1.84460,1.72234,840.05921,570.40487,11.84400,1.57329,2.05255,4.46224
2020-08-20,0.96731,0.98438,0.88130,3.12071,2.64379,2.51059,3.71307,1.85608,1.73756,849.41194,576.12062,11.88626,1.56128,2.03851,4.41611
2020-08-21,0.95634,0.97678,0.87223,3.14233,2.66028,2.54403,3.68333,1.84270,1.71976,824.87467,561.14250,11.77446,1.55425,2.03024,4.38868
2020-08-24,0.96114,0.98012,0.87621,3.16195,2.67523,2.57521,3.66248,1.83332,1.70732,842.53275,571.95391,11.85659,1.55849,2.03523,4.40548
2020-08-25,0.97006,0.98631,0.88358,3.18682,2.69416,2.61586,3.66694,1.83532,1.70997,812.97579,553.89587,11.72115,1.56640,2.04452,4.43827
2020-08-26,0.97006,0.98630,0.88357,3.25482,2.74591,2.73039,3.71024,1.85483,1.73578,821.10629,558.88162,11.75936,1.57251,2.05171,4.46472
2020-08-27,0.96869,0.98533,0.88237,3.24467,2.73820,2.71290,3.66734,1.83553,1.71013,809.84222,551.98173,11.70686,1.57945,2.05985,4.49618
2020-08-28,0.97623,0.99078,0.88913,3.26117,2.75074,2.74117,3.73108,1.86424,1.74811,825.10257,561.34314,11.77874,1.59076,2.07313,4.55011
2020-08-31,0.97486,0.98972,0.88779,3.28738,2.77063,2.78689,3.73998,1.86825,1.75338,835.87204,567.93751,11.82885,1.59467,2.07772,4.56949
2020-09-01,0.97761,0.99189,0.89054,3.34356,2.81324,2.88798,3.74444,1.87025,1.75602,856.77299,580.71891,11.92522,1.59875,2.08251,4.59076
2020-09-02,0.96526,0.98160,0.87711,3.37522,2.83722,2.94597,3.69527,1.84815,1.72685,816.98873,556.45007,11.74490,1.58421,2.06546,4.51022
2020-09-03,0.95565,0.97358,0.86669,3.20409,2.70776,2.62265,3.66532,1.83467,1.70915,734.46143,505.83958,11.35804,1.57255,2.05177,4.44616
2020-09-04,0.94879,0.96781,0.85929,3.16140,2.67529,2.56320,3.67544,1.83923,1.71512,749.52586,514.31641,11.41449,1.57460,2.05418,4.45732
2020-09-07,,,,,,,,,,742.07580,510.62772,11.39001,,,
2020-09-08,0.92409,0.94853,0.83559,3.00945,2.55957,2.35308,3.66835,1.83604,1.71093,723.52062,502.34142,11.33359,1.55296,2.02878,4.33915
2020-09-09,0.93233,0.95276,0.84010,3.09785,2.62723,2.43907,3.70397,1.85208,1.73194,731.71418,505.55773,11.35609,1.55967,2.03667,4.37485
2020-09-10,0.92204,0.94857,0.83563,3.03609,2.58010,2.38619,3.69203,1.84671,1.72488,739.69612,508.31513,11.37561,1.55500,2.03118,4.35015
2020-09-11,0.92821,0.95020,0.83737,3.01502,2.56398,2.36915,3.69183,1.84662,1.72474,743.44591,509.49595,11.38410,1.55648,2.03292,4.35756
2020-09-14,0.93095,0.95070,0.83790,3.06753,2.60417,2.41015,3.72096,1.85974,1.74215,763.17894,515.37900,11.42687,1.56059,2.03775,4.37811
2020-09-15,0.93576,0.95135,0.83862,3.11101,2.63739,2.44255,3.71206,1.85573,1.73660,771.52891,517.81837,11.44458,1.56171,2.03907,4.38370
2020-09-16,0.95016,0.95303,0.84049,3.06140,2.59954,2.40560,3.72258,1.86047,1.74331,785.05216,521.74416,11.47296,1.57262,2.05189,4.43828
2020-09-17,0.96045,0.95422,0.84181,3.01358,2.56299,2.37029,3.70214,1.85128,1.72952,782.75979,521.08648,11.46827,1.57457,2.05418,4.44807
2020-09-18,0.96526,0.95476,0.84241,2.97511,2.53355,2.34279,3.70700,1.85346,1.73280,781.60172,520.75432,11.46591,1.58720,2.06901,4.51166
2020-09-21,0.94056,0.95176,0.83912,2.98225,2.53902,2.34765,3.63254,1.81995,1.68008,748.33869,511.17309,11.39701,1.54785,2.02280,4.31096
2020-09-22,0.93816,0.95147,0.83879,3.03765,2.58148,2.38444,3.61493,1.81202,1.66773,752.95232,512.53687,11.40698,1.54434,2.01882,4.29894
2020-09-23,0.92821,0.95023,0.83743,2.94490,2.51054,2.32526,3.53683,1.77678,1.61476,732.44339,506.49996,11.36313,1.53935,2.01366,4.28295
2020-09-24,0.93233,0.95074,0.83799,2.95861,2.52106,2.33293,3.54998,1.78273,1.62182,768.64171,517.13111,11.44249,1.54152,2.01560,4.28914
2020-09-25,0.93095,0.95060,0.83782,3.02740,2.57380,2.37022,3.53986,1.77815,1.61670,764.67562,516.03401,11.43431,1.53763,2.01224,4.27831
2020-09-28,0.93987,0.95151,0.83844,3.09028,2.62134,2.40259,3.57548,1.79401,1.63332,767.80660,516.90503,11.44087,1.54420,2.01733,4.29507
2020-09-29,0.92615,0.95013,0.83748,3.07634,2.61083,2.39547,3.60563,1.80663,1.64656,775.94947,519.16254,11.45778,1.52854,2.00568,4.25611
2020-09-30,0.93782,0.95133,0.83768,3.09740,2.62673,2.40626,3.58397,1.79762,1.63706,771.02579,517.80780,11.44771,1.54123,2.01368,4.28245
2020-10-01,0.92547,0.95008,0.83746,3.14657,2.66382,2.43134,3.61594,1.81074,1.65109,759.16343,514.52979,11.42324,1.52811,2.00584,4.25669
2020-10-02,0.91243,0.94874,0.83771,3.05806,2.59717,2.38430,3.61271,1.80942,1.64967,756.55013,513.80184,11.41781,1.51842,2.00076,4.24008
2020-10-05,0.93782,0.95138,0.83470,3.12327,2.64643,2.41927,3.63031,1.81663,1.65740,771.04611,517.85522,11.44828,1.54546,2.01188,4.27677
2020-10-06,0.93987,0.95160,0.83446,3.06753,2.60442,2.38958,3.58762,1.79916,1.63866,758.43024,514.36881,11.42226,1.55309,2.01499,4.28628
2020-10-07,0.94330,0.95195,0.83407,3.12059,2.64449,2.41801,3.58600,1.79849,1.63795,763.49920,515.78503,11.43292,1.56191,2.01856,4.29726
2020-10-08,0.95222,0.95285,0.83305,3.13721,2.65700,2.42685,3.59875,1.80372,1.64355,780.34319,520.46981,11.46804,1.56966,2.02169,4.30687
2020-10-09,0.95702,0.95333,0.83248,3.18514,2.69354,2.45279,3.66410,1.83052,1.67224,792.62354,523.84237,11.49319,1.59346,2.03118,4.33601
2020-10-12,0.94605,0.95224,0.83304,3.28347,2.76838,2.50970,3.65358,1.82622,1.66763,826.57117,533.07837,11.56171,1.58318,2.02595,4.31984
2020-10-13,0.94742,0.95239,0.83298,3.28336,2.76830,2.50950,3.59611,1.80273,1.64242,818.45228,530.92452,11.54587,1.57866,2.02324,4.31140
2020-10-14,0.95291,0.95294,0.83283,3.25593,2.74749,2.49106,3.60724,1.80729,1.64730,817.17391,530.57635,11.54305,1.58793,2.02920,4.33013
2020-10-15,0.95565,0.95322,0.83284,3.23408,2.73089,2.47519,3.62040,1.81269,1.65307,823.29161,532.32858,11.55759,1.59752,2.03605,4.35203
2020-10-16,0.95222,0.95288,0.83266,3.21636,2.71742,2.46159,3.60785,1.80755,1.64757,811.58244,528.72773,11.52778,1.59639,2.03506,4.34877
2020-10-19,0.95016,0.95268,0.83253,3.16385,2.67750,2.41981,3.60967,1.80830,1.64837,840.70073,538.11903,11.60659,1.60041,2.03862,4.36051
2020-10-20,0.95908,0.95357,0.83317,3.17065,2.68268,2.42522,3.62707,1.81543,1.65601,853.84505,542.51408,11.64311,1.60829,2.04626,4.38644
2020-10-21,0.95497,0.95313,0.83269,3.16820,2.68082,2.42327,3.65439,1.82661,1.66799,919.62441,566.33559,11.84022,1.61257,2.05079,4.40198
2020-10-22,0.95565,0.95321,0.83278,3.16809,2.68073,2.42315,3.61858,1.81197,1.65213,930.28964,570.23491,11.87019,1.60628,2.04360,4.37577
2020-10-23,0.94673,0.95197,0.83140,3.17433,2.68549,2.42820,3.61473,1.81040,1.65043,927.13537,568.83778,11.85962,1.60038,2.03685,4.35016
2020-10-26,0.93576,0.95043,0.82969,3.12672,2.64924,2.38845,3.61291,1.80965,1.64960,936.24155,573.29166,11.89387,1.59306,2.02846,4.31798
2020-10-27,0.94125,0.95121,0.83056,3.15115,2.66786,2.40881,3.62242,1.81355,1.65388,978.81891,596.17917,12.07209,1.60079,2.03732,4.35182
2020-10-28,0.91792,0.94791,0.82687,3.02829,2.57425,2.30610,3.56394,1.78960,1.62656,951.24876,581.06622,11.95575,1.56931,2.00126,4.21265
2020-10-29,0.90694,0.94678,0.82604,3.08125,2.61477,2.34243,3.54917,1.78351,1.61966,964.48206,588.34158,12.01470,1.55794,1.98812,4.16985
2020-10-30,0.90763,0.94685,0.82592,3.00309,2.55508,2.29303,3.56536,1.78954,1.62719,973.64924,593.37464,12.05791,1.56294,1.99321,4.18608
2020-11-02,0.92204,0.94836,0.82288,3.00979,2.56013,2.29666,3.59996,1.80178,1.64278,973.09587,593.07133,12.05501,1.56907,1.99890,4.20453
2020-11-03,0.92752,0.94893,0.82174,3.06185,2.59717,2.32347,3.62040,1.80897,1.65188,1001.82235,608.82866,12.20823,1.57199,2.00145,4.21296
2020-11-04,0.93644,0.94984,0.81990,3.19852,2.68938,2.38965,3.61837,1.80826,1.65098,1011.28685,614.00550,12.25928,1.58141,2.00948,4.23998
2020-11-05,0.94056,0.95027,0.81906,3.28191,2.74386,2.42429,3.70154,1.83747,1.68803,1117.02520,671.78514,12.85584,1.59229,2.01875,4.27122
2020-11-06,0.93713,0.94992,0.81977,3.28436,2.74543,2.42528,3.70680,1.83930,1.69037,1117.92029,672.26988,12.86005,1.58427,2.01194,4.24817
2020-11-09,0.94673,0.95090,0.81781,3.21725,2.70104,2.39678,3.54270,1.78150,1.61700,1096.50860,660.68170,12.76016,1.58266,2.01057,4.24357
2020-11-10,0.96388,0.95263,0.81431,3.15961,2.66118,2.37131,3.55443,1.78514,1.62021,1096.46964,660.66084,12.75984,1.60913,2.03309,4.31952
2020-11-11,0.96457,0.95270,0.81421,3.23030,2.71022,2.40279,3.53905,1.78070,1.61624,1125.95586,676.65092,12.90912,1.60995,2.03379,4.32190
2020-11-12,0.95634,0.95189,0.81422,3.21513,2.69971,2.39606,3.56050,1.78622,1.62130,1165.93551,698.27463,13.11730,1.60381,2.02860,4.30426
2020-11-13,0.95222,0.95148,0.81406,3.24333,2.71984,2.40919,3.58478,1.79210,1.62680,1168.81623,699.82761,13.13240,,,
2020-11-16,0.96114,0.95237,0.81453,3.26865,2.73874,2.42171,3.58458,1.79206,1.62676,1198.37587,715.75678,13.29930,1.60496,2.02954,4.30739
2020-11-17,0.96320,0.95256,0.81472,3.25828,2.73092,2.41608,3.57143,1.78888,1.62380,1265.59258,751.88905,13.68961,1.60746,2.03172,4.31489
2020-11-18,0.96526,0.95284,0.81502,3.23420,2.71276,2.40217,3.55099,1.78394,1.61918,1274.36195,756.57822,13.73915,1.61405,2.03783,4.33652
2020-11-19,0.96526,0.95283,0.81500,3.25950,2.73186,2.41729,3.54431,1.78239,1.61766,1275.36246,757.11303,13.74479,1.59982,2.02368,4.28530
2020-11-20,0.97006,0.95394,0.81625,3.23720,2.71504,2.40327,3.55504,1.78469,1.62005,1335.85103,789.43112,14.11502,1.61288,2.03669,4.33215
2020-11-23,0.97349,0.95490,0.81733,3.23732,2.71513,2.40330,3.48503,1.76998,1.60447,1315.05691,778.37177,13.99016,1.61339,2.03718,4.33390
2020-11-24,0.99544,0.96243,0.82608,3.28280,2.74947,2.43390,3.43161,1.76117,1.59549,1370.66982,807.99721,14.33461,1.62590,2.04986,4.37978
2020-11-25,1.00265,0.96539,0.82925,3.30298,2.76467,2.44777,3.42999,1.76093,1.59524,1341.90708,792.73766,14.15835,1.62747,2.05150,4.38560
2020-11-26,,,,,,,,,,1224.90589,730.53086,13.42755,,,
2020-11-27,1.00093,0.96440,0.82817,3.33342,2.78761,2.47027,3.39518,1.75914,1.59342,1224.03884,730.06573,13.42237,1.62770,2.05177,4.38631
2020-11-30,0.99476,0.96038,0.82371,3.34022,2.79273,2.47558,3.37252,1.75798,1.59366,1407.47032,828.53125,14.51843,1.61782,2.04056,4.34043
2020-12-01,0.99064,0.95751,0.82051,3.38303,2.82494,2.51257,3.44355,1.76168,1.58750,1347.07577,796.53449,14.30614,1.62199,2.04529,4.35959
2020-12-02,0.99544,0.96095,0.82436,3.38737,2.82820,2.51645,3.46945,1.76301,1.58531,1375.29505,811.55239,14.40831,1.62082,2.04397,4.35396
2020-12-03,0.99750,0.96249,0.82611,3.39216,2.83181,2.52114,3.49676,1.76441,1.58303,1393.57797,821.26242,14.47363,1.61145,2.03333,4.30825
2020-12-04,1.00093,0.96521,0.82929,3.40599,2.84219,2.53603,3.48685,1.76391,1.58386,1340.80293,793.27149,14.28685,1.61651,2.03908,4.33281
2020-12-07,1.00025,0.96462,0.82856,3.42527,2.85668,2.55843,3.53885,1.76655,1.57952,1372.95489,810.39187,14.40364,1.60872,2.03024,4.29490
2020-12-08,1.00093,0.96522,0.82927,3.43686,2.86538,2.57282,3.55119,1.76717,1.57845,1312.74651,778.40775,14.18832,1.60292,2.02365,4.26677
2020-12-09,1.00162,0.96581,0.83002,3.35905,2.80700,2.46786,3.49049,1.76415,1.58119,1329.47480,787.33531,14.24998,1.60888,2.03042,4.29553
2020-12-10,1.01671,0.97891,0.84816,3.37254,2.81714,2.48530,3.48381,1.76382,1.58150,1309.44469,776.65963,14.17657,1.62933,2.05365,4.39465
2020-12-11,1.01465,0.97713,0.84563,3.36507,2.81153,2.47560,3.49029,1.76415,1.58121,1292.76161,767.75430,14.11390,1.62890,2.05317,4.39253
2020-12-14,1.01808,0.98010,0.84999,3.38948,2.82988,2.50722,3.47106,1.76319,1.58209,1380.43976,814.61839,14.44892,1.63581,2.06101,4.42634
2020-12-15,1.02631,0.98723,0.86145,3.42572,2.85711,2.55440,3.51963,1.76566,1.57986,1390.87798,820.16243,14.48719,1.64719,2.07391,4.48211
2020-12-16,1.03249,0.99258,0.87071,3.44457,2.87126,2.57905,3.53905,1.76664,1.57895,1529.59882,893.78259,14.99278,1.65399,2.08162,4.51599
2020-12-17,1.04347,1.00208,0.88884,3.46709,2.88816,2.60964,3.57628,1.76850,1.57826,1631.13063,947.17768,15.32867,1.67224,2.10229,4.61903
2020-12-18,1.04895,1.00682,0.89830,3.45660,2.88030,2.59425,3.57021,1.76819,1.57803,1649.70401,956.88478,15.38760,1.68230,2.11367,4.67869
2020-12-21,1.03599,0.99562,0.87399,3.45013,2.87545,2.58432,3.55888,1.76751,1.57728,1641.73446,952.72477,15.36239,1.67456,2.10492,4.62538
2020-12-22,1.02570,0.98672,0.85497,3.45952,2.88249,2.59893,3.53076,1.76533,1.57484,1700.38765,983.35876,15.55900,1.66560,2.09478,4.56163
2020-12-23,1.03804,0.99741,0.87751,3.44210,2.86942,2.57046,3.55423,1.76715,1.57687,1668.20648,966.60936,15.44731,1.67599,2.10654,4.63458
2020-12-24,1.03942,0.99860,0.88004,3.45728,2.88082,2.59527,3.56839,1.76838,1.57826,1696.86220,981.55330,15.55404,,,
2020-12-25,,,,,,,,,,1765.68333,1017.38239,15.82163,,,
2020-12-28,1.03393,0.99385,0.86986,3.49213,2.90696,2.65422,3.55544,1.76697,1.57661,1935.32813,1105.35687,16.48420,1.66456,2.09361,4.54962
2020-12-29,1.03804,0.99741,0.87744,3.49525,2.90929,2.65957,3.56839,1.76847,1.57839,1949.06002,1112.41594,16.53522,1.67772,2.10852,4.64629
2020-12-30,1.04285,1.00157,0.88633,3.49537,2.90938,2.65970,3.59571,1.77207,1.58271,2064.53907,1171.73445,16.96223,1.68824,2.12041,4.72435
2020-12-31,1.04696,1.00512,0.89394,3.50397,2.91583,2.67525,3.60907,1.77414,1.58522,2077.28346,1178.24467,17.00771,1.69830,2.13178,4.80158
2021-01-01,,,,,,,,,,2102.90873,1191.32639,17.10370,,,
2021-01-04,1.04353,1.00216,0.88720,3.45449,2.87877,2.58318,3.68940,1.78943,1.60425,2276.22304,1279.69324,17.78655,1.71100,2.14613,4.90732
2021-01-05,1.07303,1.02766,0.94560,3.48297,2.90014,2.63507,3.70032,1.79183,1.60698,2434.47625,1359.76669,18.38559,1.74788,2.18777,5.23779
2021-01-06,1.07578,1.03003,0.95039,3.43473,2.86398,2.54610,3.64023,1.77430,1.58645,2622.72462,1454.39799,19.07428,1.74663,2.18635,5.22687
2021-01-07,1.07990,1.03357,0.95756,3.51781,2.92633,2.69495,3.63173,1.77180,1.58354,2806.84098,1546.28793,19.72294,1.74747,2.18731,5.23414
2021-01-08,1.08881,1.04126,0.97403,3.56305,2.96020,2.76845,3.50749,1.73466,1.54080,2918.47957,1601.63992,20.10296,1.73323,2.17127,5.11083
2021-01-11,1.07990,1.03358,0.95666,3.51156,2.92170,2.68353,3.50061,1.73258,1.53888,2524.39813,1406.99836,18.78740,1.72954,2.16710,5.07930
2021-01-12,1.09842,1.04954,0.99238,3.50598,2.91752,2.67460,3.52327,1.73805,1.54409,2412.95339,1351.09551,18.44322,1.75428,2.19501,5.28991
2021-01-13,1.09499,1.04659,0.98563,3.52965,2.93525,2.71239,3.50809,1.73476,1.54092,2669.48208,1480.37130,19.25675,1.75404,2.19474,5.28774
2021-01-14,1.10528,1.05544,1.00577,3.51078,2.92113,2.68203,3.50627,1.73439,1.54055,2794.66381,1542.84982,19.60762,1.76715,2.20949,5.40204
2021-01-15,1.08950,1.04188,0.97371,3.48297,2.90031,2.63756,3.46277,1.72731,1.53339,2627.52295,1459.80428,19.15207,1.75065,2.19093,5.25138
2021-01-18,,,,,,,,,,2619.21880,1455.65253,19.12859,,,
2021-01-19,1.09156,1.04365,0.97781,3.53379,2.93839,2.71808,3.49211,1.73073,1.53685,2594.58642,1443.33236,19.05874,1.74179,2.18095,5.17193
2021-01-20,1.09293,1.04483,0.98053,3.61598,2.99991,2.85026,3.54897,1.73624,1.54247,2542.00305,1417.00656,18.90866,1.74727,2.18713,5.22046
2021-01-21,1.09293,1.04483,0.98049,3.64491,3.02151,2.89583,3.54674,1.73604,1.54226,2220.45249,1255.68731,17.96606,1.74701,2.18684,5.21783
2021-01-22,1.07647,1.03067,0.94580,3.63441,3.01368,2.87908,3.51882,1.73337,1.53954,2360.98795,1327.21444,18.40081,1.72141,2.15800,4.97854
2021-01-25,1.08676,1.03953,0.96702,3.66445,3.03609,2.92755,3.52185,1.73366,1.53984,2320.42454,1306.69270,18.29018,1.74021,2.17921,5.14072
2021-01-26,1.08813,1.04072,0.96989,3.66982,3.04010,2.93672,3.51315,1.73283,1.53899,2336.23773,1314.70741,18.33385,1.75117,2.19156,5.23394
2021-01-27,1.08333,1.03658,0.95983,3.56752,2.96382,2.75605,3.49089,1.73068,1.53680,2172.92585,1231.99510,17.88518,1.75056,2.19088,5.22869
2021-01-28,1.08058,1.03422,0.95412,3.58863,2.97961,2.78848,3.49413,1.73095,1.53711,2398.55396,1347.12843,18.52408,1.74056,2.17961,5.14261
2021-01-29,1.08058,1.03422,0.95412,3.51313,2.92319,2.67149,3.49272,1.73083,1.53697,2445.42538,1370.82120,18.62937,1.74287,2.18222,5.16229
2021-02-01,1.10185,1.05254,0.99815,3.60090,2.98892,2.78962,3.52550,1.73301,1.53947,2402.77573,1349.30446,18.53493,1.77548,2.21896,5.43995
2021-02-02,1.10940,1.05903,1.01338,3.65966,3.03282,2.86093,3.48260,1.73017,1.53622,2547.77689,1422.58909,18.86021,1.76828,2.21087,5.38045
2021-02-03,1.11832,1.06669,1.03152,3.64513,3.02198,2.84313,3.47734,1.72984,1.53582,2689.65362,1493.88640,19.16562,1.78011,2.22418,5.47752
2021-02-04,1.12380,1.07140,1.04276,3.68824,3.05415,2.89581,3.40247,1.72611,1.53188,2657.50448,1477.81600,19.09903,1.78379,2.22832,5.50777
2021-02-05,1.13135,1.07788,1.05937,3.70076,3.06348,2.91110,3.43606,1.72782,1.53137,2723.08181,1510.63648,19.23605,1.79453,2.24039,5.60011
2021-02-08,1.14782,1.09200,1.09837,3.72555,3.08195,2.94288,3.47066,1.72956,1.53005,3301.15479,1799.25548,20.43889,1.81784,2.26658,5.81412
2021-02-09,1.15193,1.09552,1.10834,3.72476,3.08137,2.94163,3.48199,1.73013,1.52963,3331.66185,1814.22052,20.48071,1.82288,2.27224,5.86144
2021-02-10,1.15125,1.09494,1.10657,3.71628,3.07505,2.92902,3.49474,1.73077,1.52915,3226.44491,1762.65561,20.33749,1.81761,2.26633,5.80962
2021-02-11,1.14782,1.09200,1.09772,3.73672,3.09027,2.96029,3.46439,1.72927,1.53029,3427.90658,1861.71136,20.63395,1.81637,2.26494,5.79728
2021-02-12,1.16085,1.10316,1.13139,3.75760,3.10581,2.99385,3.45386,1.72874,1.53069,3401.59352,1848.84998,20.59548,1.82916,2.27930,5.92510
2021-02-15,,,,,,,,,,3443.46694,1869.33359,20.66227,,,
2021-02-16,1.17732,1.11725,1.17476,3.74743,3.09825,2.97682,3.40429,1.72627,1.53252,3517.19877,1905.35760,20.78733,1.85065,2.30340,6.14621
2021-02-17,1.18212,1.12135,1.18770,3.72945,3.08487,2.94632,3.36564,1.72431,1.53536,3737.97438,2012.99777,21.17901,1.85394,2.30708,6.18072
2021-02-18,1.17732,1.11725,1.17453,3.71315,3.07273,2.91847,3.36544,1.72430,1.53529,3696.82841,1993.05564,21.10777,1.85479,2.30803,6.18967
2021-02-19,1.17526,1.11549,1.16891,3.69696,3.06068,2.89055,3.37940,1.72502,1.53244,3995.32520,2137.89055,21.66714,1.85611,2.30952,6.20389
2021-02-22,1.20408,1.14010,1.24789,3.60113,2.98928,2.72371,3.42999,1.72760,1.52070,3861.59889,2073.48979,21.42900,1.88657,2.34363,6.54269
2021-02-23,1.20957,1.14478,1.26357,3.59041,2.98126,2.70742,3.42210,1.72721,1.52250,3475.69317,1886.99887,20.69713,1.88481,2.34165,6.52225
2021-02-24,1.22672,1.15939,1.31295,3.62000,3.00338,2.75053,3.41967,1.72709,1.52305,3547.75844,1922.21175,20.84381,1.90579,2.36511,6.76388
2021-02-25,1.21711,1.15122,1.28461,3.49381,2.90915,2.56991,3.35532,1.72384,1.53772,3404.66564,1852.43583,20.55650,1.89568,2.35382,6.64443
2021-02-26,1.19241,1.13020,1.21264,3.50844,2.92012,2.58433,3.27418,1.71967,1.55670,3309.01607,1805.59856,20.35915,1.85564,2.30908,6.17614
2021-03-01,1.18144,1.12083,1.18502,3.61397,2.99917,2.68284,3.26851,1.71938,1.55816,3552.56119,1925.20252,20.87130,1.84486,2.29700,6.07015
2021-03-02,1.18487,1.12376,1.19348,3.55602,2.95589,2.63778,3.28632,1.72032,1.55158,3457.38559,1878.78306,20.68022,1.85512,2.30851,6.16986
2021-03-03,1.19379,1.13138,1.21559,3.45281,2.87868,2.56037,3.25010,1.71842,1.56619,3628.14531,1962.29695,21.02933,1.84679,2.29917,6.08798
2021-03-04,1.21162,1.14659,1.26028,3.39630,2.83621,2.52534,3.21813,1.71674,1.58157,3469.41654,1885.03308,20.71491,1.84486,2.29701,6.06923
2021-03-05,1.23769,1.16880,1.32700,3.44745,2.87262,2.55286,3.22015,1.71685,1.58032,3492.89455,1896.51402,20.76284,1.86831,2.32329,6.29695
2021-03-08,1.22123,1.15480,1.28387,3.34984,2.81036,2.50613,3.18677,1.71507,1.60137,3728.20704,2011.50387,21.24093,1.85764,2.31135,6.19076
2021-03-09,1.22191,1.15539,1.28557,3.48196,2.87882,2.55593,3.25455,1.71872,1.55358,3917.92674,2103.62890,21.61038,1.85877,2.31262,6.20189
2021-03-10,1.22946,1.16181,1.30434,3.47203,2.87435,2.55302,3.27115,1.71960,1.54247,4016.47809,2151.25236,21.79618,1.85706,2.31069,6.18494
2021-03-11,1.24593,1.17581,1.34562,3.55199,2.91042,2.57650,3.26831,1.71945,1.54435,4140.38888,2210.98340,22.02597,1.87737,2.33344,6.38467
2021-03-12,1.24318,1.17348,1.33861,3.52317,2.89756,2.56816,3.26771,1.71942,1.54476,4103.69883,2193.35039,21.95807,1.87048,2.32574,6.31552
2021-03-15,1.23975,1.17057,1.32988,3.56081,2.91443,2.57912,3.28207,1.72018,1.53524,4016.84176,2151.56960,21.78536,,,
2021-03-16,1.23426,1.16590,1.31596,3.58036,2.92315,2.58477,3.28511,1.72034,1.53325,4043.99169,2164.65804,21.84262,,,
2021-03-17,1.23426,1.16590,1.31595,3.59511,2.92969,2.58896,3.30858,1.72157,1.51788,4200.21164,2239.91714,22.18498,1.86470,2.31926,6.25782
2021-03-18,1.17663,1.11691,1.16949,3.48498,2.87940,2.55317,3.28936,1.72057,1.53025,4132.10233,2207.22762,22.03719,1.82047,2.26975,5.81794
2021-03-19,1.19790,1.13508,1.20524,3.49726,2.88508,2.55723,3.30312,1.72129,1.52126,4163.35478,2222.25229,22.10865,1.83919,2.29076,5.96375
2021-03-22,1.19790,1.13508,1.20524,3.56285,2.91541,2.57888,3.29826,1.72104,1.52436,3897.45658,2094.51816,21.47832,1.84242,2.29439,5.98820
2021-03-23,1.16291,1.10524,1.15015,3.54731,2.90828,2.57380,3.27418,1.71979,1.53975,3905.36374,2098.34267,21.49778,1.81004,2.25809,5.74174
2021-03-24,1.19379,1.13165,1.18981,3.48748,2.88079,2.55421,3.28551,1.72038,1.53238,3764.49075,2030.22119,21.15161,1.83539,2.28655,5.90397
2021-03-25,1.16703,1.10882,1.15935,3.48144,2.87799,2.55221,3.27357,1.71976,1.54008,3689.46016,1993.80319,20.96342,1.80597,2.25357,5.72694
2021-03-26,1.19516,1.13287,1.18849,3.53366,2.90219,2.56949,3.28288,1.72025,1.53403,3923.56122,2107.66182,21.55718,1.83075,2.28140,5.85737
2021-03-29,1.19447,1.13229,1.18783,3.53265,2.90173,2.56916,3.24383,1.71820,1.55927,4120.63277,2202.93882,22.03463,1.82642,2.27654,5.83573
2021-03-30,1.18006,1.12000,1.17399,3.51488,2.89355,2.56333,3.18839,1.71527,1.59612,4200.31775,2241.27947,22.21791,1.80074,2.24773,5.70725
2021-03-31,1.18247,1.12205,1.17629,3.56866,2.91837,2.58103,3.23675,1.71787,1.56265,4208.02249,2244.97984,22.23546,1.81580,2.26465,5.77681
2021-04-01,1.20270,1.13933,1.19576,3.62949,2.94623,2.60084,3.27762,1.72004,1.53530,4209.93942,2245.90043,22.23975,1.82427,2.27416,5.81513
2021-04-02,,,,,,,,,,4225.15307,2253.20512,22.27462,,,
2021-04-05,1.18418,1.12354,1.17795,3.70196,2.97985,2.62649,3.27641,1.71998,1.53603,4205.42131,2243.73502,22.22702,1.80632,2.25402,5.73374
2021-04-06,1.19173,1.12998,1.18521,3.69939,2.97833,2.62531,3.30271,1.72136,1.52006,4157.33855,2220.64679,22.10627,1.81930,2.26860,5.79149
2021-04-07,1.19310,1.13116,1.18653,3.70833,2.98372,2.62947,3.29340,1.72088,1.52519,4027.27108,2158.11886,21.76735,1.82277,2.27250,5.80699
2021-04-08,1.19927,1.13642,1.19247,3.74703,3.01043,2.65056,3.32881,1.72273,1.50563,4148.69794,2216.68174,22.09017,1.83653,2.28793,5.86834
2021-04-09,1.19653,1.13408,1.18983,3.76972,3.02684,2.66438,3.30372,1.72143,1.51749,4155.02641,2219.72513,22.10670,1.82850,2.27893,5.83242
2021-04-12,1.19584,1.13350,1.18916,3.76480,3.02328,2.66082,3.28369,1.72039,1.52683,4287.73799,2283.53354,22.45715,1.81880,2.26805,5.78907
2021-04-13,1.20751,1.14345,1.20055,3.80875,3.05505,2.69447,3.30696,1.72161,1.51583,4541.09042,2404.96961,23.11573,1.83479,2.28600,5.86036
2021-04-14,1.23769,1.16918,1.23119,3.76302,3.02204,2.65615,3.29259,1.72086,1.52239,4499.85329,2385.31447,23.01156,1.86882,2.32415,6.01259
2021-04-15,1.24661,1.17676,1.24019,3.82005,3.06325,2.70456,3.34581,1.72365,1.49777,4525.73946,2397.66439,23.07703,1.88363,2.34073,6.07929
2021-04-16,1.24593,1.17618,1.23936,3.82452,3.06648,2.70838,3.36605,1.72469,1.49037,4406.92198,2341.01175,22.75986,1.88289,2.33990,6.07538
2021-04-19,1.24730,1.17734,1.24097,3.78951,3.04122,2.67470,3.35674,1.72421,1.49321,3993.72427,2143.46575,21.61704,1.88850,2.34618,6.10360
2021-04-20,1.24387,1.17443,1.23635,3.76190,3.02128,2.64774,3.36868,1.72483,1.48977,4042.12558,2166.84566,21.74670,1.89271,2.35089,6.12691
2021-04-21,1.23907,1.17035,1.22950,3.79410,3.04455,2.67933,3.40206,1.72654,1.48132,3866.87009,2082.29227,21.28988,1.89899,2.35791,6.16540
2021-04-22,1.24936,1.17910,1.24467,3.74837,3.01152,2.63299,3.38001,1.72542,1.48533,3713.43297,2007.92984,20.89443,1.91432,2.37504,6.26883
2021-04-23,1.25691,1.18551,1.25633,3.79555,3.04564,2.68055,3.36706,1.72476,1.48735,3647.07268,1975.63593,20.72696,1.92371,2.38553,6.33711
2021-04-26,1.26720,1.19424,1.27330,3.82027,3.06349,2.70555,3.37596,1.72522,1.48600,3860.96880,2079.91782,21.25119,1.94811,2.41276,6.53380
2021-04-27,1.28023,1.20530,1.29630,3.80372,3.05155,2.68831,3.36746,1.72479,1.48713,3938.53273,2117.52348,21.41100,1.96015,2.42618,6.63605
2021-04-28,1.28160,1.20646,1.29881,3.79087,3.04227,2.67448,3.37738,1.72530,1.48582,3921.37974,2109.22360,21.37626,1.96259,2.42889,6.65897
2021-04-29,1.28984,1.21344,1.31561,3.80450,3.05212,2.68940,3.36342,1.72458,1.48746,3834.03754,2066.94219,21.19887,1.96211,2.42836,6.65401
2021-04-30,1.27817,1.20356,1.28978,3.77957,3.03412,2.66095,3.35208,1.72400,1.48879,4132.81554,2211.90725,21.81397,1.96634,2.43307,6.69665
2021-05-03,1.29327,1.21635,1.32298,3.75943,3.01957,2.63797,3.39559,1.72624,1.48362,4097.14261,2194.72447,21.75131,1.97949,2.44771,6.83312
2021-05-04,1.31385,1.23378,1.36930,3.69178,2.97067,2.56103,3.37070,1.72498,1.48596,3845.27673,2073.29890,21.30622,1.99446,2.46438,6.99334
2021-05-05,1.31728,1.23668,1.37714,3.67937,2.96168,2.54701,3.38466,1.72570,1.48464,4104.22734,2198.95812,21.78358,2.00690,2.47822,7.13033
2021-05-06,1.32483,1.24305,1.39474,3.70711,2.98177,2.57720,3.44112,1.72858,1.48005,4045.91754,2170.84125,21.68856,2.02096,2.49384,7.29008
2021-05-07,1.33512,1.25174,1.41944,3.73719,3.00355,2.60919,3.47208,1.73013,1.47949,4104.15883,2198.96590,21.78444,2.03977,2.51472,7.51077
2021-05-10,1.32894,1.24653,1.40416,3.64281,2.93528,2.50820,3.48260,1.73057,1.47998,4001.22461,2149.33010,21.61669,2.02715,2.50073,7.35840
2021-05-11,1.34404,1.25927,1.44147,3.63777,2.93163,2.50392,3.48321,1.73055,1.47995,4051.98346,2173.86961,21.70090,2.04260,2.51788,7.54234
2021-05-12,1.34129,1.25696,1.43449,3.54361,2.86333,2.42769,3.44860,1.72549,1.47347,3648.32130,1978.96326,21.03693,2.04287,2.51818,7.54548
2021-05-13,1.30562,1.22687,1.34304,3.57102,2.88300,2.44442,3.46277,1.72760,1.47610,3533.53435,1922.92580,20.84386,1.99551,2.46564,6.96626
2021-05-14,1.31728,1.23673,1.37050,3.64985,2.93334,2.48753,3.49433,1.73286,1.48280,3578.53907,1944.96802,20.91674,2.00164,2.47245,7.02942
2021-05-17,1.33237,1.24949,1.40645,3.62770,2.92020,2.47682,3.53501,1.74087,1.49305,3112.94686,1717.07062,20.21463,2.02923,2.50313,7.31563
2021-05-18,1.32757,1.24544,1.39484,3.60322,2.90585,2.46495,3.54189,1.74247,1.49506,3062.65961,1696.24163,20.15431,2.02708,2.50074,7.29274
2021-05-19,1.29670,1.21937,1.32051,3.60736,2.90814,2.46691,3.54431,1.74311,1.49588,2694.24489,1573.63395,19.78747,1.98986,2.45942,6.89667
2021-05-20,1.28298,1.20775,1.28994,3.67713,2.94602,2.49971,3.56050,1.74850,1.50299,2920.19718,1623.66809,19.93554,1.97784,2.44604,6.78048
2021-05-21,1.29738,1.21996,1.32019,3.65678,2.93504,2.49039,3.56212,1.74904,1.50371,2660.73450,1590.02492,19.84293,,,
2021-05-24,1.31454,1.23448,1.35562,3.71829,2.96829,2.51862,3.56839,1.75163,1.50724,2764.95257,1596.79191,19.86145,1.99294,2.46285,6.92476
2021-05-25,1.30768,1.22868,1.34141,3.72343,2.97105,2.52097,3.60077,1.76594,1.52756,2739.14008,1595.30235,19.86063,1.98874,2.45818,6.88410
2021-05-26,1.31248,1.23274,1.35131,3.73641,2.97802,2.52686,3.59450,1.76317,1.52327,2805.35279,1599.15978,19.85670,1.99342,2.46339,6.92923
2021-05-27,1.33169,1.24898,1.39103,3.72242,2.97043,2.52015,3.59591,1.76379,1.52419,2756.39569,1596.37018,19.86405,2.01950,2.49240,7.18194
2021-05-28,1.32826,1.24608,1.38383,3.73416,2.97710,2.52612,3.60947,1.76978,1.53446,2547.81762,1584.29092,19.91086,2.01999,2.49294,7.18675
2021-05-31,,,,,,,,,,2670.65786,1591.92997,19.86969,,,
2021-06-01,1.35159,1.26578,1.43264,3.72175,2.96951,2.51913,3.59976,1.76549,1.52643,2624.02014,1589.15112,19.88958,2.04858,2.52469,7.47029
2021-06-02,1.35845,1.27156,1.44721,3.72903,2.97406,2.52336,3.61736,1.77326,1.54135,2694.02557,1593.39190,19.85286,2.05526,2.53211,7.53822
2021-06-03,1.34815,1.26289,1.42453,3.69021,2.94864,2.49907,3.54654,1.74202,1.47706,2802.86855,1599.83060,19.78907,2.02952,2.50356,7.27499
2021-06-04,1.36325,1.27562,1.45810,3.75284,2.98973,2.53830,3.58478,1.75892,1.50583,2639.98093,1590.53439,19.88783,2.06045,2.53791,7.58410
2021-06-07,1.36599,1.27793,1.46439,3.76403,2.99702,2.54526,3.59915,1.76527,1.51636,2413.84372,1576.91122,20.04700,2.04903,2.52524,7.46687
2021-06-08,1.37903,1.28891,1.49527,3.76582,2.99815,2.54632,3.58802,1.76035,1.50818,2395.96020,1575.74406,20.06244,2.06240,2.54007,7.60264
2021-06-09,1.37149,1.28256,1.47692,3.76671,2.99879,2.54685,3.58114,1.75732,1.50314,2674.95334,1594.09421,19.77910,2.06305,2.54079,7.60931
2021-06-10,1.37697,1.28718,1.49023,3.80596,3.02691,2.57598,3.59652,1.76411,1.51439,2635.80303,1591.76282,19.81424,2.06794,2.54622,7.65963
2021-06-11,1.37217,1.28313,1.47818,3.81591,3.03404,2.58367,3.55605,1.74624,1.48464,2661.52626,1593.31795,19.79081,2.06712,2.54530,7.65099
2021-06-14,1.36668,1.27852,1.46433,3.85247,3.06020,2.61504,3.53521,1.73703,1.46976,2895.58943,1607.33181,19.57964,2.05241,2.52900,7.49747
2021-06-15,1.36120,1.27390,1.45036,3.82732,3.04222,2.59154,3.52185,1.73113,1.46081,2881.20692,1606.53516,19.59050,2.03561,2.51038,7.32456
2021-06-16,1.35159,1.26581,1.42572,3.81334,3.03221,2.57791,3.46236,1.70470,1.42327,2738.83751,1598.59906,19.69010,2.03283,2.50729,7.29621
2021-06-17,1.31865,1.23805,1.34166,3.86176,3.06687,2.62654,3.35593,1.66392,1.37399,2721.16573,1597.56989,19.70321,1.96075,2.42728,6.55242
2021-06-18,1.33306,1.25022,1.37485,3.83146,3.04521,2.59545,3.33731,1.65965,1.36976,2556.23436,1587.88978,19.82609,1.97884,2.44743,6.66674
2021-06-21,1.35021,1.26470,1.41325,3.85527,3.06224,2.61995,3.37819,1.66447,1.37464,2269.99700,1570.11203,20.05446,1.99248,2.46261,6.74738
2021-06-22,1.35159,1.26586,1.41630,3.89120,3.08793,2.65881,3.36402,1.66358,1.37368,2318.62442,1573.47774,20.00897,1.99173,2.46178,6.74302
2021-06-23,1.35982,1.27280,1.43463,3.89311,3.08930,2.66083,3.36180,1.66347,1.37359,2405.65481,1579.38665,19.91588,2.00754,2.47937,6.83452
2021-06-24,1.36531,1.27743,1.44696,3.91718,3.10648,2.69018,3.35977,1.66337,1.37359,2480.69897,1584.31635,19.83719,2.00983,2.48191,6.84780
2021-06-25,1.36051,1.27338,1.43613,3.91236,3.10305,2.68369,3.37090,1.66393,1.37270,2267.73119,1570.71840,20.05287,2.01159,2.48387,6.85807
2021-06-28,1.35982,1.27280,1.43456,3.95994,3.13701,2.74982,3.37070,1.66392,1.37269,2460.45882,1584.07027,19.80378,2.02529,2.49910,6.93792
2021-06-29,1.36462,1.27685,1.44537,3.97427,3.14723,2.77023,3.33529,1.66217,1.37702,2571.94254,1591.24998,19.67264,2.02817,2.50230,6.95473
2021-06-30,1.37834,1.28840,1.47721,3.96800,3.14276,2.76023,3.35148,1.66298,1.37426,2509.79353,1587.40769,19.74218,2.05739,2.53474,7.12733
2021-07-01,1.38726,1.29591,1.49852,3.96957,3.14388,2.76263,3.36301,1.66356,1.37208,2398.10969,1580.34668,19.87065,2.06062,2.53832,7.14598
2021-07-02,1.39686,1.30398,1.52267,4.01514,3.17636,2.84202,3.38507,1.66465,1.36771,2417.99777,1581.66012,19.84661,2.06685,2.54523,7.18606
2021-07-05,,,,,,,,,,2427.21714,1582.26600,19.83559,,,
2021-07-06,1.35982,1.27285,1.42332,4.03249,3.18872,2.87313,3.40186,1.66548,1.36443,2442.40723,1583.25905,19.81749,2.01945,2.49270,6.84932
2021-07-07,1.34335,1.25898,1.38597,4.04100,3.19478,2.88930,3.41481,1.66612,1.36191,2428.63895,1582.36936,19.83386,2.01244,2.48491,6.80525
2021-07-08,1.35433,1.26824,1.40916,4.01659,3.17741,2.84161,3.41259,1.66601,1.36235,2349.05102,1577.18724,19.92891,2.01466,2.48737,6.81910
2021-07-09,1.36874,1.28039,1.43939,4.04167,3.19527,2.89004,3.42392,1.66657,1.36016,2427.44097,1582.45383,19.83023,2.03469,2.50963,6.94445
2021-07-12,1.37149,1.28270,1.44519,4.05746,3.20650,2.92104,3.41967,1.66637,1.36098,2371.63825,1578.81887,19.89792,2.04490,2.52097,7.00891
2021-07-13,1.38521,1.29425,1.47423,4.05746,3.20650,2.92096,3.42412,1.66659,1.36010,2336.33341,1576.47142,19.94274,2.05610,2.53340,7.07985
2021-07-14,1.37011,1.28155,1.44194,4.06474,3.21167,2.93581,3.46095,1.66838,1.35343,2347.52112,1577.22970,19.92701,2.05455,2.53168,7.06987
2021-07-15,1.36325,1.27578,1.42746,4.03619,3.19137,2.87591,3.46155,1.66841,1.35330,2269.46235,1571.98798,20.04054,2.04846,2.52493,7.03024
2021-07-16,1.35982,1.27289,1.42022,4.00350,3.16811,2.80825,3.42796,1.66680,1.35613,2251.42755,1570.74157,20.07090,2.05503,2.53222,7.07397
2021-07-19,1.30836,1.22954,1.31178,3.97069,3.14475,2.74140,3.43201,1.66700,1.35580,2210.46919,1567.88685,20.14736,2.00411,2.47574,6.71429
2021-07-20,1.32551,1.24405,1.33467,4.01681,3.17762,2.83387,3.42756,1.66678,1.35615,2130.53392,1562.21984,20.31733,2.03070,2.50530,6.86801
2021-07-21,1.35570,1.26954,1.37159,4.04783,3.19971,2.89742,3.41481,1.66617,1.35717,2298.94870,1574.57169,19.88833,2.06091,2.53885,7.03414
2021-07-22,1.36805,1.27995,1.38534,4.07459,3.21874,2.95303,3.42149,1.66650,1.35664,2312.35491,1575.49271,19.85812,2.07845,2.55830,7.12968
2021-07-23,1.37217,1.28342,1.38992,4.12216,3.25257,3.05317,3.41076,1.66598,1.35749,2393.42265,1581.01896,19.67650,2.08244,2.56272,7.15151
2021-07-26,1.38384,1.29325,1.40292,4.12541,3.25487,3.06014,3.40267,1.66558,1.35814,2680.09193,1599.95825,19.11353,2.10318,2.58569,7.26484
2021-07-27,1.37834,1.28862,1.39672,4.07996,3.22260,2.96221,3.40834,1.66587,1.35769,2800.46292,1607.14700,18.99151,2.08561,2.56625,7.16157
2021-07-28,1.38521,1.29440,1.40485,4.09563,3.23374,2.99524,3.42554,1.66671,1.35632,2858.62821,1610.48790,18.94998,2.09315,2.57460,7.20635
2021-07-29,1.40579,1.31171,1.43098,4.10291,3.23892,3.01070,3.46358,1.66856,1.35331,2869.14754,1611.08398,18.94460,2.12199,2.60653,7.39057
2021-07-30,1.39756,1.30480,1.42001,4.08153,3.22372,2.96511,3.43626,1.66725,1.35538,2991.07491,1617.93390,18.90467,2.09523,2.57694,7.21380
2021-08-02,1.37834,1.28865,1.39305,4.08186,3.22396,2.96580,3.43201,1.66705,1.35565,2813.17784,1608.31397,18.92489,2.08374,2.56422,7.13880
2021-08-03,1.37628,1.28692,1.39018,4.10661,3.24156,3.01802,3.42958,1.66693,1.35581,2740.50388,1604.16202,18.92835,2.07504,2.55460,7.08233
2021-08-04,1.35364,1.26787,1.35860,4.11253,3.24576,3.03061,3.43039,1.66697,1.35576,2846.79818,1610.38686,18.92527,2.06429,2.54268,7.01271
2021-08-05,1.37080,1.28233,1.38237,4.13862,3.26429,3.08688,3.41684,1.66632,1.35662,2930.37853,1615.11773,18.92851,2.07406,2.55351,7.07562
2021-08-06,1.36325,1.27598,1.37187,4.12049,3.25143,3.04685,3.33144,1.66216,1.36203,3062.69882,1622.37031,18.94650,2.06064,2.53865,6.98884
2021-08-09,1.34335,1.25921,1.34417,4.12810,3.25683,3.06344,3.27236,1.65921,1.36579,3311.44065,1642.63099,19.01128,2.02667,2.50097,6.77015
2021-08-10,1.36531,1.27774,1.37312,4.10694,3.24181,3.01601,3.27337,1.65927,1.36551,3255.83791,1635.56785,18.98953,2.05404,2.53138,6.93710
2021-08-11,1.37766,1.28814,1.38850,4.09989,3.23680,3.00029,3.31849,1.66156,1.35555,3269.26064,1637.84794,18.99667,2.06667,2.54538,7.00895
2021-08-12,1.37286,1.28410,1.38250,4.11467,3.24730,3.03334,3.31930,1.66160,1.35533,3178.31964,1618.54163,18.93507,2.06706,2.54582,7.01119
2021-08-13,1.36668,1.27890,1.37480,4.12910,3.25755,3.06632,3.36686,1.66399,1.34378,3415.35559,1674.91876,19.11752,2.07121,2.55042,7.03493
2021-08-16,1.36187,1.27485,1.36881,4.13089,3.25883,3.07048,3.38365,1.66482,1.33980,3291.33376,1644.62018,19.02389,2.06806,2.54693,7.01687
2021-08-17,1.34747,1.26272,1.35088,4.09452,3.23300,2.98548,3.37859,1.66458,1.34100,3200.38953,1619.76959,18.94631,2.04560,2.52204,6.88843
2021-08-18,1.33100,1.24883,1.33042,4.05510,3.20499,2.89502,3.38122,1.66471,1.34038,3217.58652,1624.67651,18.96192,2.03472,2.50996,6.82664
2021-08-19,1.31248,1.23319,1.30770,4.07470,3.21893,2.93763,3.37131,1.66422,1.34273,3338.72622,1659.77143,19.07574,2.00039,2.47186,6.63178
2021-08-20,1.28160,1.20698,1.27445,4.11691,3.24894,3.02852,3.37313,1.66432,1.34230,3524.38864,1714.06012,19.25130,1.98398,2.45360,6.55152
2021-08-23,1.32277,1.23584,1.30689,4.17848,3.29268,3.15921,3.41420,1.66635,1.33252,3549.44264,1721.57754,19.27501,2.02698,2.50139,6.73538
2021-08-24,1.35536,1.25461,1.32539,4.19124,3.30173,3.18548,3.41259,1.66627,1.33280,3430.27006,1681.57981,19.14651,2.05407,2.52927,6.82874
2021-08-25,1.36943,1.26263,1.33313,4.19606,3.30514,3.19540,3.38891,1.66512,1.33691,3507.31676,1709.05186,19.23601,2.06238,2.53781,6.85741
2021-08-26,1.36051,1.25756,1.32824,4.16941,3.28625,3.13963,3.39276,1.66531,1.33625,3377.62578,1661.46051,19.07977,2.06649,2.54204,6.87160
2021-08-27,1.37560,1.26616,1.33653,4.20994,3.31500,3.22346,3.44375,1.66782,1.32757,3510.62057,1711.31749,19.24590,2.09696,2.57330,6.97664
2021-08-30,1.37972,1.26846,1.33874,4.25718,3.34848,3.32278,3.42675,1.66700,1.32935,3373.00375,1660.19437,19.07866,2.09323,2.56940,6.96313
2021-08-31,1.37422,1.26502,1.33526,4.25372,3.34603,3.31507,3.43363,1.66733,1.32872,3379.69424,1662.70461,19.08706,2.08902,2.56476,6.94622
2021-09-01,1.36737,1.26045,1.33055,4.26076,3.35102,3.33087,3.43383,1.66735,1.32868,3484.85818,1702.13391,19.21973,2.09077,2.56669,6.95335
2021-09-02,1.38590,1.27317,1.34390,4.25875,3.34960,3.32614,3.42473,1.66691,1.32908,3533.60391,1720.27091,19.28011,2.10488,2.58228,7.01842
2021-09-03,1.38590,1.27314,1.34385,4.27185,3.35887,3.35672,3.46135,1.66869,1.32766,3568.74326,1733.45395,19.32544,2.11365,2.59195,7.06177
2021-09-06,,,,,,,,,,3767.72428,1811.09899,19.59674,,,
2021-09-07,1.37011,1.26100,1.33078,4.27790,3.36315,3.37113,3.39357,1.66543,1.32764,3353.58073,1649.03914,19.05329,2.08483,2.56015,6.90374
2021-09-08,1.37972,1.26839,1.33873,4.26300,3.35261,3.33460,3.38507,1.66501,1.32764,3305.88169,1629.94584,18.98633,2.10434,2.58172,7.00979
2021-09-09,1.36874,1.25977,1.32925,4.24834,3.34223,3.29873,3.40004,1.66575,1.32764,3324.54826,1637.43859,19.01213,2.10168,2.57878,6.99522
2021-09-10,1.38590,1.27325,1.34417,4.21609,3.31940,3.22008,3.38284,1.66491,1.32764,3204.05263,1589.11278,18.84972,2.11342,2.59174,7.05902
2021-09-13,1.39617,1.28140,1.35321,4.21318,3.31734,3.21308,3.39417,1.66547,1.32765,3220.24611,1595.48418,18.87096,2.12579,2.60540,7.13009
2021-09-14,1.39550,1.28084,1.35251,4.20121,3.30886,3.18439,3.41603,1.66655,1.32766,3365.62079,1649.38842,19.05337,2.12981,2.60984,7.15451
2021-09-15,1.41951,1.30067,1.37723,4.23245,3.33100,3.25875,3.39599,1.66557,1.32765,3447.54294,1678.06114,19.14807,2.16736,2.65125,7.40619
2021-09-16,1.41196,1.29445,1.36915,4.23536,3.33306,3.26577,3.31910,1.66180,1.32757,3421.07031,1668.85966,19.11808,2.14575,2.62745,7.25878
2021-09-17,1.39892,1.28369,1.35422,4.18519,3.29753,3.14408,3.31384,1.66154,1.32766,3379.30414,1654.30981,19.07046,2.12304,2.60242,7.10546
2021-09-20,1.38246,1.27009,1.33518,4.09872,3.23621,2.94616,3.33752,1.66273,1.32554,3067.36212,1545.20138,18.71090,2.09051,2.56654,6.88782
2021-09-21,1.38109,1.26896,1.33360,4.10376,3.23979,2.95426,3.35977,1.66384,1.32311,2900.66359,1490.22690,18.52642,2.08430,2.55967,6.84909
2021-09-22,1.39961,1.28428,1.35497,4.14209,3.26703,3.01404,3.34723,1.66322,1.32446,3119.04336,1550.63398,18.73327,2.11434,2.59288,7.03087
2021-09-23,1.41951,1.30071,1.37797,4.18031,3.29416,3.07065,3.30858,1.66131,1.32922,3210.92539,1571.31237,18.79925,2.13804,2.61904,7.16683
2021-09-24,1.42774,1.30750,1.38746,4.18423,3.29694,3.07641,3.30433,1.66109,1.32984,3063.62574,1539.39377,18.69710,2.15419,2.63685,7.26027
2021-09-27,1.44763,1.32389,1.41203,4.15084,3.27326,3.02735,3.31121,1.66144,1.32840,3041.68654,1534.83863,18.68233,2.19441,2.68115,7.49416
2021-09-28,1.43461,1.31317,1.39469,4.03337,3.18989,2.85559,3.27904,1.65983,1.33574,2950.57227,1517.63782,18.62506,2.19639,2.68333,7.50555
2021-09-29,1.43666,1.31487,1.39745,4.02677,3.18519,2.84908,3.26427,1.65909,1.33976,2967.04591,1520.29929,18.63416,2.16770,2.65179,7.32871
2021-09-30,1.44421,1.32108,1.40849,4.01196,3.17465,2.83575,3.32295,1.66207,1.31978,3133.64267,1543.56450,18.71496,2.19296,2.67960,7.48273
2021-10-01,1.46685,1.33972,1.44424,4.03685,3.19231,2.85603,3.33043,1.66245,1.31731,3441.16867,1584.84820,18.85553,2.19664,2.68365,7.50485
2021-10-04,1.48674,1.35607,1.47666,3.95212,3.13474,2.79113,3.34601,1.66323,1.31220,3527.80029,1595.72332,18.89188,2.22116,2.71060,7.66699
2021-10-05,1.50870,1.37410,1.51533,4.00547,3.16369,2.82172,3.33043,1.66245,1.31728,3690.24208,1615.71554,18.95840,2.26034,2.75364,7.94349
2021-10-06,1.47989,1.35048,1.45996,4.03113,3.17600,2.83442,3.33934,1.66290,1.31436,3966.64501,1653.74109,19.07737,2.21114,2.69969,7.58386
2021-10-07,1.49841,1.36570,1.49492,4.06812,3.19324,2.85237,3.32173,1.66203,1.32009,3851.07770,1633.71788,19.01689,2.22744,2.71761,7.69439
2021-10-08,1.50115,1.36794,1.50013,4.04783,3.18382,2.84256,3.32315,1.66210,1.31963,3860.26577,1635.65535,19.02283,2.23352,2.72428,7.73585
2021-10-11,1.51419,1.37864,1.52519,4.01679,3.16938,2.82751,3.31688,1.66179,1.32170,4100.44540,1695.47346,19.21002,2.23554,2.72650,7.74933
2021-10-12,1.51007,1.37526,1.51658,4.00278,3.16281,2.82070,3.33185,1.66254,1.31677,4022.21409,1674.61496,19.14670,2.23588,2.72688,7.75135
2021-10-13,1.52036,1.38370,1.53877,4.03483,3.17693,2.83619,3.39114,1.66551,1.29726,4104.71886,1699.43067,19.22360,2.24781,2.73997,7.84078
2021-10-14,1.53683,1.39719,1.57621,4.10914,3.20935,2.87187,3.39943,1.66592,1.29520,4107.23428,1700.19554,19.22598,2.27250,2.76706,8.03772
2021-10-15,1.54986,1.40785,1.60657,4.13503,3.22055,2.88423,3.34541,1.66327,1.30575,4397.97330,1802.41043,19.55262,2.27943,2.77466,8.09536
2021-10-18,1.53889,1.39888,1.58023,4.17661,3.23847,2.90405,3.33711,1.66286,1.30730,4435.97747,1815.83864,19.59295,2.25525,2.74816,7.87610
2021-10-19,1.54162,1.40112,1.58670,4.20822,3.25233,2.91886,3.34783,1.66340,1.30530,4601.58945,1876.85197,19.79082,2.26154,2.75506,7.93210
2021-10-20,1.55809,1.41459,1.62661,4.20272,3.24927,2.91551,3.37718,1.66486,1.29983,4728.34066,1923.38060,19.95123,2.28850,2.78462,8.17456
2021-10-21,1.53408,1.39497,1.56692,4.22839,3.26458,2.93244,3.37414,1.66472,1.30034,4464.38025,1826.74532,19.58890,2.24596,2.73803,7.78402
2021-10-22,1.53889,1.39890,1.57861,4.19286,3.24057,2.90537,3.39478,1.66574,1.29698,4348.22067,1783.96835,19.42306,2.25824,2.75151,7.88950
2021-10-25,1.54643,1.40508,1.59703,4.23579,3.27043,2.93913,3.41825,1.66689,1.29387,4511.46105,1844.24495,19.66358,2.30364,2.80130,8.28211
2021-10-26,1.54918,1.40732,1.60376,4.24912,3.27969,2.95014,3.39296,1.66566,1.29599,4322.66950,1774.78672,19.39206,2.30012,2.79744,8.25223
2021-10-27,1.52173,1.38488,1.53541,4.25898,3.28655,2.95911,3.40186,1.66610,1.29533,4191.64203,1726.37002,19.19812,2.28706,2.78315,8.14176
2021-10-28,1.52723,1.38939,1.54874,4.30628,3.31940,3.00711,3.40105,1.66607,1.29535,4334.87952,1779.46486,19.41464,2.27011,2.76458,7.99948
2021-10-29,1.51831,1.38208,1.52697,4.32747,3.33410,3.02994,3.37212,1.66465,1.29649,4454.13936,1823.52568,19.59093,2.24964,2.74215,7.82943
2021-11-01,1.52723,1.38939,1.54856,4.34227,3.34436,3.04759,3.38972,1.66552,1.29580,4372.63672,1793.49556,19.47266,2.25584,2.74896,7.88030
2021-11-02,1.53135,1.39276,1.55858,4.36042,3.35694,3.07162,3.38244,1.66517,1.29609,4510.96535,1844.55952,19.67597,2.26837,2.76269,7.98340
2021-11-03,1.49566,1.36355,1.47061,4.40670,3.38901,3.13943,3.35431,1.66379,1.29720,4506.04349,1842.74857,19.66873,2.24474,2.73679,7.78734
2021-11-04,1.48537,1.35511,1.44809,4.46320,3.42811,3.22848,3.39235,1.66568,1.29569,4394.23754,1801.59808,19.49944,2.23260,2.72348,7.68808
2021-11-05,1.50526,1.37144,1.48955,4.46746,3.43106,3.23543,3.43667,1.66786,1.29391,4366.46311,1791.34989,19.45598,2.23613,2.72734,7.71667
2021-11-08,1.51694,1.38102,1.51275,4.46141,3.42688,3.22420,3.44901,1.66846,1.29360,4834.26800,1964.07639,20.20239,2.23710,2.72841,7.72453
2021-11-09,1.52585,1.38832,1.53059,4.43069,3.40564,3.16559,3.46601,1.66925,1.29398,4802.33361,1952.39977,20.15830,2.23037,2.72103,7.66980
2021-11-10,1.51007,1.37540,1.49881,4.36557,3.36059,3.04258,3.50364,1.67168,1.29688,4634.88450,1891.13102,19.92597,2.22049,2.71018,7.58964
2021-11-11,1.52036,1.38383,1.51932,4.37768,3.36899,3.06470,3.52327,1.67397,1.29960,4649.68992,1896.56823,19.94704,2.24909,2.74160,7.81981
2021-11-12,1.51967,1.38327,1.51793,4.42375,3.40089,3.14919,3.52995,1.67510,1.30094,4586.42069,1873.34233,19.85734,2.23748,2.72886,7.72767
2021-11-15,1.51967,1.38327,1.51793,4.42273,3.40019,3.14729,3.52448,1.67374,1.29925,4563.12570,1864.77926,19.82398,2.24531,2.73745,7.78932
2021-11-16,1.51900,1.38271,1.51656,4.45423,3.42199,3.20602,3.49899,1.66667,1.29043,4317.55318,1774.45893,19.46564,2.24927,2.74180,7.82065
2021-11-17,1.50596,1.37203,1.49041,4.45658,3.42361,3.21034,3.53096,1.67569,1.30153,4305.51510,1770.00654,19.44744,2.22902,2.71959,7.66010
2021-11-18,1.51007,1.37541,1.49859,4.50276,3.45554,3.29935,3.51963,1.67219,1.29720,4065.01381,1681.02335,19.08257,2.23210,2.72297,7.68419
2021-11-19,1.48743,1.35685,1.45343,4.52786,3.47288,3.34888,3.49272,1.66349,1.28637,4152.32880,1713.52067,19.22009,2.22692,2.71728,7.64350
2021-11-22,1.49703,1.36473,1.47180,4.47530,3.43659,3.24217,3.41441,1.63809,1.25473,4035.62605,1670.17778,19.04933,2.22218,2.71208,7.60638
2021-11-23,1.52517,1.38782,1.52475,4.45490,3.42250,3.20161,3.38486,1.62892,1.24510,4125.71688,1703.73455,19.17765,2.24719,2.73955,7.80159
2021-11-24,1.52105,1.38445,1.51744,4.46925,3.43242,3.22988,3.38163,1.62805,1.24419,4089.89846,1690.42141,19.12990,2.25473,2.74783,7.86098
2021-11-25,,,,,,,,,,4223.51555,1740.01326,19.30640,,,
2021-11-26,1.43186,1.31138,1.35861,4.38452,3.37386,3.06131,3.37616,1.62693,1.24299,3850.75282,1607.05417,18.84052,2.17888,2.66463,7.25722
2021-11-29,1.42980,1.30962,1.35709,4.47967,3.43976,3.22165,3.37151,1.62619,1.24219,4145.64644,1701.34651,19.16177,2.14877,2.63149,7.11972
2021-11-30,1.39069,1.28081,1.33202,4.41389,3.39429,3.12427,3.34885,1.62379,1.23949,4086.69067,1684.89714,19.11063,2.08518,2.56111,6.87100
2021-12-01,1.37697,1.27296,1.32534,4.33879,3.34232,3.02319,3.36220,1.62448,1.24023,4092.67408,1686.56297,19.11592,2.07224,2.55010,6.83855
2021-12-02,1.39206,1.27913,1.33072,4.37006,3.36400,3.05957,3.34359,1.62359,1.23970,4049.89285,1674.73926,19.07843,2.07040,2.54880,6.83465
2021-12-03,1.39206,1.27908,1.33068,4.29407,3.31135,2.97278,3.37171,1.62496,1.23911,3841.51958,1617.74482,18.89405,2.08511,2.55443,6.85206
2021-12-06,1.41635,1.28468,1.33570,4.32848,3.33523,3.00664,3.36342,1.62456,1.23932,3617.04826,1560.08286,18.69816,2.08299,2.55378,6.85004
2021-12-07,1.43597,1.28877,1.33930,4.45882,3.42562,3.12964,3.37535,1.62514,1.23876,3619.84307,1560.62842,18.70009,2.10469,2.55706,6.86046
2021-12-08,1.45559,1.29281,1.34287,4.47877,3.43942,3.14531,3.37718,1.62523,1.23867,3614.55955,1559.61882,18.69660,2.11689,2.55854,6.86503
2021-12-09,1.43597,1.28882,1.33935,4.41287,3.39387,3.09353,3.35654,1.62424,1.23971,3431.12614,1532.19012,18.59823,2.10162,2.55670,6.85929
2021-12-10,1.45092,1.29189,1.34206,4.46084,3.42708,3.13115,3.37070,1.62493,1.23867,3395.29638,1528.31095,18.58423,2.10914,2.55762,6.86150
2021-12-13,1.44345,1.29037,1.34072,4.39640,3.38252,3.08055,3.37920,1.62534,1.23804,3348.63688,1525.45170,18.57349,2.10050,2.55658,6.85903
2021-12-14,1.43130,1.28788,1.33853,4.35089,3.35101,3.04487,3.34763,1.62383,1.24038,3456.52503,1530.36921,18.58008,2.08928,2.55522,6.85664
2021-12-15,1.43597,1.28885,1.33938,4.45008,3.41976,3.12241,3.36200,1.62453,1.23903,3495.02783,1532.07719,18.57981,2.07914,2.55399,6.85605
2021-12-16,1.44812,1.29135,1.34159,4.33565,3.34062,3.03846,3.40267,1.62650,1.23500,3411.48941,1528.41795,18.58316,2.11217,2.55805,6.84970
2021-12-17,1.43130,1.28791,1.33856,4.31402,3.32563,3.02485,3.39539,1.62615,1.23572,3316.36793,1524.15904,18.59480,2.09882,2.55644,6.85224
2021-12-20,1.41938,1.28546,1.33639,4.27217,3.29651,2.99931,3.38102,1.62547,1.23712,3360.76415,1526.20324,18.58328,2.07617,2.55368,6.85654
2021-12-21,1.45103,1.29203,1.34219,4.36779,3.35932,3.05370,3.37960,1.62540,1.23727,3513.02453,1533.12156,18.53494,2.11458,2.55841,6.84739
2021-12-22,1.46792,1.29547,1.34521,4.42098,3.39230,3.08120,3.41137,1.62694,1.23415,3485.11307,1531.90785,18.54347,2.14898,2.56258,6.83937
2021-12-23,1.47531,1.29703,1.34672,4.45430,3.41292,3.09838,3.41906,1.62731,1.23339,3629.75599,1538.27012,18.49929,2.15277,2.56304,6.83833
2021-12-24,,,,,,,,,,3634.82802,1538.48947,18.49787,,,
2021-12-27,1.49431,1.30229,1.35197,4.52792,3.45839,3.13625,3.42715,1.62770,1.23264,3635.72580,1538.53076,18.49765,2.18493,2.56687,6.83611
2021-12-28,1.49114,1.30111,1.35078,4.50694,3.44542,3.12541,3.41238,1.62700,1.23339,3412.17473,1529.07404,18.56308,2.17800,2.56587,6.83291
2021-12-29,1.49852,1.30420,1.35395,4.50627,3.44490,3.12492,3.41137,1.62695,1.23341,3326.09046,1525.21914,18.59004,2.18081,2.56643,6.83471
2021-12-30,1.49008,1.30001,1.34954,4.49279,3.43567,3.11663,3.43586,1.62812,1.23261,3371.33567,1527.29664,18.57554,2.16432,2.56092,6.81629
2021-12-31,1.48375,1.29659,1.34588,4.46474,3.41637,3.09840,3.45933,1.62924,1.23260,3317.84477,1524.87664,18.59253,2.15868,2.55879,6.80911
2022-01-03,1.49008,1.30013,1.34972,4.50772,3.44597,3.12702,3.40611,1.62674,1.22979,3324.88162,1525.20496,18.59023,2.16510,2.56131,6.81774
2022-01-04,1.50908,1.31131,1.36214,4.44926,3.40575,3.08651,3.43120,1.62794,1.23114,3285.69664,1523.41180,18.60501,2.18939,2.57171,6.85429
2022-01-05,1.50063,1.30593,1.35613,4.31256,3.31158,2.99163,3.42088,1.62746,1.23059,3115.70595,1515.53509,18.68580,2.20198,2.57786,6.87584
2022-01-06,1.51224,1.31369,1.36489,4.30954,3.30944,2.98967,3.37900,1.62547,1.22836,3088.07971,1514.19671,18.70488,2.19387,2.57300,6.85839
2022-01-07,1.51646,1.31667,1.36831,4.26285,3.27797,2.96257,3.39437,1.62622,1.22919,2971.25718,1508.47389,18.81120,2.20481,2.58010,6.88417
2022-01-10,1.51014,1.31179,1.36254,4.26566,3.27950,2.96393,3.40469,1.62672,1.22975,2993.02775,1509.58616,18.78396,2.19550,2.57326,6.85869
2022-01-11,1.53969,1.33489,1.39087,4.32974,3.31340,2.99419,3.44577,1.62869,1.23196,3061.11139,1513.02655,18.68748,2.23702,2.60536,6.97981
2022-01-12,1.55235,1.34477,1.40293,4.34691,3.32192,3.00172,3.45488,1.62912,1.23245,3146.48890,1517.25302,18.56857,2.27301,2.63474,7.08521
2022-01-13,1.53652,1.33243,1.38584,4.23817,3.26789,2.95398,3.44314,1.62858,1.23182,3050.99697,1512.65485,18.69735,2.24320,2.60648,6.98566
2022-01-14,1.55552,1.34726,1.40676,4.26454,3.27892,2.96346,3.43323,1.62809,1.23122,3085.05085,1514.35023,18.64935,2.25399,2.61707,7.02156
2022-01-17,,,,,,,,,,3021.25096,1511.22554,18.73919,,,
2022-01-18,1.56924,1.35795,1.42271,4.15838,3.23800,2.92775,3.42756,1.62780,1.23085,3036.99460,1512.02221,18.71450,2.26665,2.63030,7.06841
2022-01-19,1.57556,1.36288,1.43072,4.11271,3.22452,2.91644,3.48199,1.63067,1.23441,2990.93569,1509.73826,18.78912,2.29535,2.66029,7.18745
2022-01-20,1.56924,1.35796,1.42165,4.05928,3.21385,2.90733,3.47329,1.62994,1.23356,2917.09973,1506.02094,18.91911,2.30166,2.66687,7.21543
2022-01-21,1.57135,1.35960,1.42475,3.94673,3.20439,2.89887,3.46196,1.62876,1.23213,2611.91755,1490.27434,19.52314,2.29357,2.65843,7.17325
2022-01-24,1.56607,1.35549,1.41620,3.96480,3.20588,2.89755,3.48098,1.63092,1.23474,2623.90184,1490.96877,19.49572,2.27741,2.64158,7.08379
2022-01-25,1.58084,1.36700,1.44074,3.87289,3.19847,2.91237,3.49211,1.63239,1.23653,2644.86326,1492.17050,19.44352,2.29921,2.66434,7.20475
2022-01-26,1.58718,1.37194,1.45168,3.86683,3.19799,2.91370,3.43565,1.62331,1.22518,2635.79032,1491.66875,19.46729,2.32125,2.68732,7.33280
2022-01-27,1.59456,1.37768,1.46535,3.82789,3.19479,2.92540,3.39134,1.61610,1.21618,2649.82698,1492.47378,19.42750,2.31172,2.67740,7.27265
2022-01-28,1.59773,1.38014,1.47158,3.94796,3.20484,2.87955,3.38122,1.61438,1.21422,2703.28672,1495.49495,19.27083,2.33261,2.69917,7.40902
2022-01-31,1.59984,1.38179,1.47599,4.07422,3.21511,2.83354,3.40125,1.61687,1.21701,2752.94690,1498.25503,19.12661,2.34819,2.71540,7.51744
2022-02-01,1.60828,1.38835,1.49507,4.10193,3.21732,2.82393,3.40409,1.61715,1.21732,2776.22949,1499.53286,19.05972,2.36369,2.73153,7.63381
2022-02-02,1.61778,1.39573,1.51795,4.13526,3.21996,2.81252,3.41643,1.61823,1.21856,2644.12919,1492.40840,19.43642,2.40061,2.76993,7.93224
2022-02-03,1.61673,1.39491,1.51526,3.96761,3.20693,2.86199,3.41157,1.61782,1.21809,2652.38327,1492.88547,19.41064,2.38041,2.74897,7.76509
2022-02-04,1.63044,1.40557,1.54996,4.01765,3.21100,2.84733,3.41684,1.61824,1.21858,2940.27412,1509.10158,18.48255,2.38552,2.75428,7.80618
2022-02-07,1.63360,1.40802,1.55804,3.98533,3.20845,2.85666,3.44213,1.62018,1.22094,3141.33221,1519.43602,18.09988,2.38169,2.75030,7.77243
2022-02-08,1.62199,1.39901,1.52809,4.03011,3.21209,2.84368,3.45265,1.62100,1.22192,3161.26318,1520.41471,18.07358,2.37119,2.73939,7.67712
2022-02-09,1.63677,1.41048,1.56570,4.11551,3.21892,2.81921,3.46439,1.62190,1.22301,3178.27132,1521.24738,18.05380,2.38929,2.75821,7.84318
2022-02-10,1.63044,1.40558,1.54928,4.02237,3.21168,2.84184,3.45123,1.62093,1.22182,3121.67517,1518.56074,18.11233,2.38386,2.75257,7.79140
2022-02-11,1.65260,1.42277,1.60624,3.89477,3.20154,2.87378,3.51700,1.62588,1.22786,3031.70451,1514.20412,18.20128,2.39272,2.76179,7.87565
2022-02-14,1.66210,1.43014,1.63122,3.89959,3.20199,2.87259,3.53582,1.62760,1.22982,3052.37810,1515.26101,18.18063,2.41902,2.78911,8.13401
2022-02-15,1.63571,1.40971,1.56101,3.99656,3.21000,2.84739,3.50223,1.62263,1.22400,3185.91800,1521.91239,18.04886,2.39263,2.76174,7.86866
2022-02-16,1.63677,1.41053,1.56370,3.99554,3.20996,2.84771,3.53824,1.62846,1.23065,3153.98151,1520.40798,18.07412,2.43152,2.80214,8.25048
2022-02-17,1.65048,1.42117,1.59916,3.87670,3.20045,2.87772,3.58660,1.63779,1.24126,2906.64255,1508.50485,18.25853,2.42856,2.79907,8.22019
2022-02-18,1.65682,1.42608,1.61576,3.83248,3.19684,2.88934,3.58397,1.63708,1.24046,2866.14543,1506.42197,18.29186,2.43064,2.80123,8.24102
2022-02-21,,,,,,,,,,2655.27372,1495.35756,18.46693,,,
2022-02-22,1.67898,1.44325,1.67424,3.79399,3.19368,2.90036,3.59146,1.63916,1.24280,2734.33192,1499.83067,18.39435,2.47227,2.84442,8.66247
2022-02-23,1.69481,1.45549,1.71696,3.69681,3.18554,2.93511,3.60765,1.64444,1.24889,2670.32102,1496.33884,18.45721,2.48969,2.86246,8.84459
2022-02-24,1.70642,1.46448,1.74880,3.82104,3.19628,2.87859,3.58438,1.63572,1.23857,2740.14351,1500.26904,18.37264,2.50993,2.88341,9.05915
2022-02-25,1.67688,1.44166,1.66660,3.88029,3.20127,2.85304,3.57244,1.63109,1.23311,2814.57955,1504.36220,18.28278,2.44748,2.81884,8.38398
2022-02-28,1.70748,1.46534,1.74902,3.89185,3.20227,2.84823,3.60947,1.64567,1.25039,3090.53395,1519.13155,17.95911,2.49444,2.86752,8.80957
2022-03-01,1.77818,1.51995,1.93908,3.83226,3.19740,2.87330,3.67503,1.67253,1.28218,3173.21704,1523.21314,17.88348,2.59776,2.97442,9.74374
2022-03-02,1.83305,1.56216,2.05816,3.89656,3.20281,2.84571,3.63679,1.65687,1.26350,3148.17508,1522.02902,17.90222,2.65886,3.03739,10.17426
2022-03-03,1.85944,1.58241,2.11428,3.84090,3.19827,2.86909,3.65844,1.66575,1.27396,3041.39948,1516.88692,17.97359,2.67691,3.05595,10.30388
2022-03-04,1.93752,1.64221,2.28233,3.78524,3.19368,2.89300,3.71671,1.68963,1.30409,2799.02176,1504.81630,18.13707,2.76628,3.14778,10.95008
2022-03-07,1.97763,1.67281,2.36559,3.64564,3.18194,2.95428,3.77195,1.71223,1.33366,2730.33378,1501.14390,18.18810,2.84986,3.23338,11.57157
2022-03-08,2.01141,1.69852,2.43678,3.62869,3.18050,2.96208,3.87515,1.75440,1.39399,2771.75703,1503.44066,18.15694,2.88841,3.27274,11.86547
2022-03-09,1.85311,1.57822,2.09779,3.75932,3.19200,2.89014,3.76002,1.70749,1.32527,3005.37090,1516.13262,17.98286,2.74049,3.12190,10.72084
2022-03-10,1.82884,1.55962,2.06960,3.71757,3.18849,2.91189,3.77175,1.71228,1.33087,2825.92327,1507.10052,18.10552,2.72498,3.10601,10.63528
2022-03-11,1.86050,1.58392,2.10636,3.64048,3.18193,2.95274,3.74524,1.70146,1.31818,2778.90640,1504.61404,18.14016,2.75260,3.13435,10.78714
2022-03-14,1.80350,1.54025,2.04013,3.57057,3.17587,2.99102,3.68879,1.67838,1.29123,2837.86096,1507.83027,18.09667,2.69618,3.07654,10.47552
2022-03-15,1.75601,1.50375,1.98584,3.68256,3.18588,2.92155,3.61979,1.65012,1.25836,2816.94464,1506.74370,18.11223,2.65485,3.03410,10.24918
2022-03-16,1.74546,1.49563,1.97452,3.81913,3.19774,2.84111,3.64245,1.65943,1.26770,2941.83891,1513.44725,18.02107,2.62815,3.00663,10.10384
2022-03-17,1.82673,1.55830,2.05949,3.86537,3.20166,2.81984,3.66026,1.66673,1.27479,2932.15118,1512.97048,18.02815,2.70829,3.08916,10.53792
2022-03-18,1.83411,1.56396,2.06614,3.94449,3.20826,2.78705,3.62809,1.65355,1.26200,2993.68373,1516.16768,17.98537,2.68683,3.06713,10.42015
2022-03-21,1.90692,1.61985,2.13158,3.93352,3.20743,2.79081,3.65581,1.66492,1.27251,2939.16640,1513.43640,18.02313,2.73715,3.11884,10.69507
2022-03-22,1.89954,1.61421,2.12501,4.01082,3.21379,2.76669,3.62930,1.65406,1.26253,3033.55456,1518.32420,17.95758,2.73461,3.11623,10.68097
2022-03-23,1.94492,1.64892,2.16551,3.95318,3.20923,2.78085,3.67887,1.67440,1.28064,3058.67939,1519.60884,17.94096,2.80643,3.18990,11.07616
2022-03-24,1.93120,1.63845,2.15318,4.04105,3.21642,2.76094,3.70558,1.68534,1.29025,3147.45995,1524.04676,17.88545,2.81330,3.19694,11.11390
2022-03-25,1.94492,1.64893,2.16636,4.03768,3.21622,2.76151,3.69041,1.67913,1.28478,3174.11721,1525.36639,17.87251,2.82840,3.21239,11.20119
2022-03-28,1.86154,1.58532,2.07983,4.10015,3.22126,2.75293,3.62323,1.65163,1.26059,3380.00978,1535.29353,17.79059,2.74914,3.13137,10.70938
2022-03-29,1.86154,1.58532,2.07984,4.17071,3.22687,2.74667,3.62485,1.65226,1.26114,3397.19172,1536.10469,17.78774,2.69296,3.07379,10.36617
2022-03-30,1.89848,1.61364,2.11816,4.12465,3.22337,2.74802,3.65399,1.66365,1.27103,3372.82686,1535.03316,17.78879,2.75466,3.13718,10.72459
2022-03-31,1.86154,1.58538,2.07990,4.07352,3.21943,2.74786,3.65540,1.66420,1.27151,3261.09287,1529.97591,17.78104,2.71021,3.09163,10.47349
2022-04-01,1.86894,1.59105,2.08757,4.06576,3.21888,2.74777,3.63213,1.65524,1.26364,3310.34512,1532.31504,17.78652,2.69864,3.07976,10.40965
2022-04-04,1.90798,1.62097,2.12807,4.14947,3.22557,2.74990,3.64974,1.66183,1.26960,3339.88162,1533.70346,17.79137,2.73548,3.11760,10.61220
2022-04-05,1.89215,1.60887,2.11168,4.05734,3.21793,2.74494,3.62687,1.65333,1.26186,3270.45656,1529.90254,17.77729,2.74951,3.13200,10.68970
2022-04-06,1.87737,1.59757,2.09637,3.96925,3.21047,2.74010,3.63537,1.65638,1.26474,3099.52963,1519.85244,17.73917,2.71269,3.09426,10.48539
2022-04-07,1.88371,1.60243,2.10295,3.97869,3.21137,2.74070,3.64913,1.66126,1.26940,3118.43317,1521.05748,17.74412,2.72177,3.10359,10.53536
2022-04-08,1.90692,1.62020,2.12698,3.92307,3.20661,2.73762,3.67200,1.66934,1.27714,3022.02386,1515.16235,17.72181,2.75429,3.13697,10.71473
2022-04-11,1.89110,1.60811,2.11008,3.83026,3.19851,2.73226,3.69021,1.67578,1.28330,2830.34419,1503.06151,17.67542,2.74404,3.12648,10.65763
2022-04-12,1.94703,1.65092,2.17168,3.81408,3.19725,2.73218,3.71854,1.68577,1.29288,2869.87779,1505.20068,17.67885,2.80654,3.19058,11.00911
2022-04-13,1.99135,1.68474,2.22047,3.89161,3.20383,2.72776,3.73634,1.69204,1.29883,2945.48827,1509.20664,17.67272,2.85472,3.23987,11.28250
2022-04-14,2.01035,1.69922,2.24153,3.80262,3.19659,2.73380,3.72400,1.68759,1.29411,2857.00364,1504.71491,17.68641,2.88575,3.27158,11.46347
2022-04-15,,,,,,,,,,2900.72389,1507.05947,17.67390,,,
2022-04-18,2.03356,1.71688,2.26981,3.80554,3.19693,2.73349,3.73553,1.69194,1.29875,2921.59120,1508.18776,17.66694,2.94164,3.32862,11.82068
2022-04-19,1.97975,1.67599,2.19778,3.89059,3.20417,2.72024,3.67908,1.66906,1.27365,2969.60232,1510.71036,17.64820,2.86179,3.24732,11.27420
2022-04-20,1.98080,1.67680,2.19918,3.83386,3.19959,2.72901,3.69709,1.67638,1.28161,2962.87294,1510.41226,17.65147,2.85544,3.24084,11.23139
2022-04-21,1.97658,1.67359,2.19348,3.75452,3.19307,2.74182,3.68393,1.67105,1.27577,2895.72541,1507.03345,17.67894,2.86143,3.24696,11.27118
2022-04-22,1.93964,1.64544,2.14229,3.65621,3.18480,2.76269,3.64812,1.65651,1.25991,2844.22595,1504.39738,17.70449,2.81208,3.19657,10.94018
2022-04-25,1.92592,1.63498,2.12336,3.70318,3.18900,2.74899,3.58256,1.62975,1.23078,2896.88867,1507.23284,17.67279,2.76431,3.14772,10.62373
2022-04-26,1.95441,1.65675,2.16255,3.56341,3.17705,2.79422,3.58802,1.63157,1.23259,2725.04204,1498.33698,17.77943,2.79625,3.18047,10.83225
2022-04-27,1.96918,1.66803,2.18294,3.55913,3.17677,2.79590,3.56091,1.62334,1.22420,2807.04758,1502.88986,17.71279,2.82598,3.21091,11.02603
2022-04-28,1.98186,1.67770,2.20041,3.68554,3.18814,2.73451,3.58013,1.62813,1.22912,2844.94283,1504.96224,17.68276,2.81553,3.20023,10.95708
2022-04-29,1.96813,1.66724,2.18044,3.51970,3.17389,2.81091,3.57972,1.62803,1.22901,2763.45644,1500.69626,17.74938,2.82240,3.20727,11.00189
2022-05-02,2.00084,1.69219,2.22918,3.57845,3.17929,2.78199,3.51335,1.61497,1.21508,2760.34702,1500.57564,17.75294,2.81135,3.19598,10.92903
2022-05-03,1.96709,1.66650,2.17791,3.58228,3.17973,2.78031,3.52266,1.61617,1.21627,2698.67430,1497.27123,17.81892,2.80380,3.18826,10.87927
2022-05-04,2.03039,1.71477,2.27337,3.70340,3.19058,2.72220,3.55726,1.61936,1.21951,2837.34611,1505.01204,17.64481,2.86544,3.25136,11.28315
2022-05-05,2.02196,1.70837,2.26048,3.51688,3.17461,2.80580,3.54371,1.61832,1.21844,2612.61449,1493.13676,17.91239,2.88650,3.27287,11.42284
2022-05-06,2.02724,1.71239,2.26848,3.47475,3.17090,2.82562,3.54958,1.61870,1.21883,2579.76000,1491.30388,17.95605,2.84166,3.22713,11.11803
2022-05-09,1.93858,1.64500,2.13147,3.33879,3.15860,2.89046,3.49818,1.61612,1.21603,2180.01080,1468.24424,18.50824,2.72002,3.10281,10.29872
2022-05-10,1.92381,1.63372,2.11211,3.37936,3.16254,2.86892,3.46864,1.61480,1.21560,2218.14666,1470.85937,18.44434,2.71706,3.09978,10.28361
2022-05-11,1.96918,1.66841,2.17045,3.27913,3.15326,2.92579,3.49696,1.61617,1.21451,2061.09942,1460.49280,18.75417,2.77804,3.16242,10.57827
2022-05-12,1.97869,1.67566,2.18203,3.27137,3.15262,2.93114,3.44334,1.61375,1.21758,2077.85861,1461.72991,18.70973,2.77241,3.15666,10.55302
2022-05-13,2.00190,1.69336,2.21031,3.39261,3.16442,2.84151,3.41542,1.61250,1.22046,2096.12640,1463.06774,18.65765,2.79789,3.18278,10.66681
2022-05-16,2.03251,1.71667,2.24766,3.35329,3.16087,2.86897,3.44800,1.61410,1.21504,2139.33434,1466.13950,18.52612,2.85313,3.23934,10.91397
2022-05-17,2.01668,1.70464,2.22827,3.44014,3.16918,2.80773,3.42635,1.61315,1.21893,2178.59883,1468.88590,18.40535,2.87045,3.25706,10.99170
2022-05-18,1.97024,1.66932,2.17033,3.27127,3.15374,2.92193,3.42817,1.61329,1.21856,2059.28598,1460.89493,18.77920,2.82705,3.21275,10.79650
2022-05-19,1.99452,1.68784,2.20052,3.25374,3.15216,2.93510,3.47855,1.61572,1.20594,2165.69329,1468.49792,18.39398,2.85938,3.24583,10.94123
2022-05-20,1.99979,1.69186,2.20707,3.24362,3.15130,2.94281,3.48098,1.61589,1.20543,2091.71106,1463.53435,18.64509,2.84718,3.23338,10.88490
2022-05-23,2.01141,1.70072,2.22150,3.29756,3.15666,2.90077,3.49717,1.61671,1.20154,2081.97733,1462.90923,18.68121,2.88664,3.27372,11.07460
2022-05-24,2.01141,1.70072,2.22142,3.22744,3.15006,2.95419,3.52347,1.61798,1.19521,2121.73212,1465.75747,18.52878,2.87760,3.26452,11.02888
2022-05-25,2.02407,1.71037,2.23840,3.27262,3.15459,2.91630,3.50223,1.61707,1.20021,2116.97786,1465.48400,18.54790,2.88155,3.26856,11.04916
2022-05-26,2.04834,1.72883,2.27261,3.36329,3.16345,2.84192,3.49575,1.61683,1.20176,2099.45829,1464.32668,18.61932,2.90689,3.29444,11.19115
2022-05-27,2.07577,1.74967,2.31308,3.47307,3.17390,2.75633,3.49757,1.61698,1.20143,2047.89281,1460.78554,18.84044,2.92032,3.30816,11.27030
2022-05-30,,,,,,,,,,2271.48540,1476.78996,17.80613,,,
2022-05-31,2.05888,1.73687,2.28652,3.46385,3.17318,2.76249,3.46297,1.61544,1.20928,2278.31751,1477.29374,17.78641,2.86530,3.25207,10.91797
2022-06-01,2.07262,1.74731,2.30879,3.43823,3.17096,2.77908,3.48503,1.61653,1.20434,2134.77574,1468.04538,18.21658,2.89727,3.28474,11.11958
2022-06-02,2.11588,1.78014,2.38367,3.53239,3.17977,2.71821,3.52792,1.61859,1.19468,2183.32801,1471.44347,18.05907,2.91983,3.30778,11.26280
2022-06-03,2.13592,1.79532,2.41874,3.44048,3.17163,2.76842,3.49211,1.61701,1.20152,2123.09112,1467.44532,18.25101,2.91968,3.30764,11.26106
2022-06-06,2.14648,1.80332,2.43880,3.45195,3.17283,2.76223,3.47673,1.61637,1.20452,2242.69255,1475.77644,17.85837,2.97426,3.36330,11.62493
2022-06-07,2.16020,1.81370,2.46647,3.48172,3.17571,2.74590,3.49939,1.61750,1.20030,2231.33764,1475.09460,17.89227,2.97650,3.36560,11.63904
2022-06-08,2.18026,1.82887,2.50815,3.45666,3.17356,2.75985,3.49616,1.61742,1.20100,2163.58752,1470.68162,18.08996,2.96856,3.35754,11.58015
2022-06-09,2.18341,1.83126,2.51475,3.36408,3.16520,2.81139,3.48503,1.61698,1.20319,2151.85080,1469.95000,18.12668,2.98118,3.37040,11.67543
2022-06-10,2.16126,1.81455,2.46601,3.24542,3.15419,2.88047,3.53177,1.61922,1.19439,2080.69961,1465.15995,18.34470,2.95569,3.34448,11.46901
2022-06-13,2.13487,1.79461,2.40847,3.09453,3.13972,2.97372,3.43849,1.61505,1.20902,1597.27514,1431.20722,19.91455,2.90810,3.29604,11.08679
2022-06-14,2.11377,1.77867,2.36296,3.10014,3.14049,2.97001,3.41097,1.61386,1.21351,1579.85457,1429.73727,19.98534,2.81706,3.20320,10.36688
2022-06-15,2.11166,1.77708,2.35829,3.17756,3.14852,2.90835,3.45548,1.61606,1.20647,1611.91456,1432.72493,19.85247,2.82556,3.21192,10.41846
2022-06-16,2.12326,1.78588,2.38312,3.04935,3.13599,3.00676,3.49433,1.61797,1.20045,1453.69095,1418.74027,20.55298,2.84491,3.23174,10.53256
2022-06-17,2.04517,1.72677,2.20991,3.08643,3.13998,2.97520,3.46560,1.61673,1.20502,1464.76725,1419.90133,20.49493,2.76764,3.15276,10.08342
2022-06-20,,,,,,,,,,1472.40426,1420.72176,20.45415,,,
2022-06-21,2.03884,1.72198,2.19786,3.16430,3.14809,2.90678,3.45265,1.61622,1.20717,1480.76674,1421.61289,20.40825,2.75808,3.14297,10.03776
2022-06-22,2.00296,1.69471,2.13246,3.15969,3.14780,2.91100,3.46641,1.61695,1.20511,1431.71696,1416.98357,20.69332,2.72337,3.10740,9.88315
2022-06-23,1.95969,1.66178,2.06096,3.20674,3.15267,2.87163,3.44516,1.61605,1.20855,1510.01478,1424.81324,20.21042,2.64012,3.02184,9.55126
2022-06-24,1.97552,1.67387,2.08336,3.31662,3.16366,2.78173,3.44172,1.61599,1.20921,1524.47098,1426.26176,20.12940,2.64908,3.03029,9.57660
2022-06-27,1.97763,1.67549,2.08605,3.29230,3.16154,2.79975,3.43788,1.61591,1.20994,1485.24634,1422.68113,20.35550,2.66086,3.03945,9.60457
2022-06-28,1.99558,1.68918,2.10862,3.19199,3.15210,2.87395,3.43221,1.61574,1.21094,1450.33000,1419.42550,20.56916,2.67970,3.05183,9.64296
2022-06-29,1.96603,1.66669,2.07247,3.19492,3.15259,2.87204,3.42958,1.61572,1.21151,1437.28400,1418.23640,20.65481,2.67071,3.04666,9.62679
2022-06-30,1.90377,1.61919,2.00141,3.15529,3.14886,2.90323,3.40874,1.61483,1.21575,1383.74370,1413.03740,21.01279,2.55665,2.98797,9.43791
2022-07-01,1.91009,1.62400,2.00699,3.17612,3.15113,2.88698,3.40591,1.61479,1.21649,1384.38436,1413.18660,21.01013,2.55857,2.98849,9.43943
2022-07-04,,,,,,,,,,1447.68739,1419.73238,20.55000,,,
2022-07-05,1.78662,1.53478,1.90817,3.23049,3.15673,2.84415,3.33367,1.61148,1.23566,1445.32860,1419.59537,20.56828,2.44391,2.97196,9.39175
2022-07-06,1.75707,1.52210,1.89722,3.25121,3.15897,2.82859,3.28086,1.60903,1.25118,1471.63230,1422.27270,20.38768,2.41966,2.96920,9.39419
2022-07-07,1.82567,1.53842,1.91173,3.32078,3.16594,2.77603,3.28268,1.60923,1.25055,1549.68970,1429.91264,19.85374,2.51567,2.98119,9.35424
2022-07-08,1.85733,1.54287,1.91537,3.32494,3.16655,2.77339,3.28410,1.60941,1.25000,1561.31111,1431.08250,19.78211,2.53278,2.98342,9.34388
2022-07-11,1.86154,1.54345,1.91590,3.25391,3.16003,2.82566,3.26649,1.60867,1.25937,1429.43810,1419.10401,20.62146,2.54329,2.98488,9.33667
2022-07-12,1.77396,1.53471,1.90866,3.22238,3.15721,2.85006,3.25435,1.60819,1.26690,1384.19042,1414.72143,20.95105,2.44688,2.97380,9.42110
2022-07-13,1.78135,1.53548,1.90882,3.21574,3.15682,2.85569,3.26993,1.60910,1.25681,1442.62201,1420.81119,20.51100,2.48432,2.97860,9.38255
2022-07-14,1.76552,1.53425,1.90979,3.22724,3.15821,2.84726,3.22400,1.60697,1.28846,1471.06366,1423.73059,20.31131,2.44202,2.97377,9.43256
2022-07-15,1.78873,1.53639,1.90761,3.28577,3.16420,2.80257,3.21752,1.60678,1.29343,1491.02033,1425.77848,20.17600,2.48048,2.97870,9.38124
2022-07-18,1.82250,1.53942,1.90331,3.25796,3.16180,2.82382,3.22056,1.60707,1.29131,1596.52000,1435.99107,19.45381,2.56097,2.98862,9.26744
2022-07-19,1.83094,1.54027,1.90241,3.35815,3.17180,2.74831,3.22825,1.60760,1.28521,1672.78236,1442.97665,18.98460,2.53732,2.98613,9.30103
2022-07-20,1.82778,1.54014,1.90303,3.41140,3.17710,2.71269,3.19790,1.60622,1.31166,1666.32154,1442.54508,19.02423,2.57054,2.99030,9.25626
2022-07-21,1.79401,1.53743,1.90764,3.46038,3.18194,2.68385,3.24302,1.60863,1.27087,1657.12233,1441.87234,19.07976,2.53364,2.98626,9.30769
2022-07-22,1.77607,1.53602,1.91019,3.39970,3.17663,2.71562,3.25111,1.60917,1.26420,1625.17679,1439.21684,19.26744,2.54849,2.98827,9.28830
2022-07-25,1.80562,1.53872,1.90514,3.38034,3.17511,2.72581,3.24221,1.60887,1.27232,1539.57668,1431.76738,19.78063,2.58261,2.99254,9.24249
2022-07-26,1.81195,1.53939,1.90424,3.31391,3.16915,2.75996,3.23837,1.60883,1.27604,1516.06686,1429.70784,19.93543,2.61057,2.99604,9.20804
2022-07-27,1.84994,1.54275,1.89782,3.45396,3.18281,2.68677,3.27135,1.61060,1.24664,1638.94282,1441.41652,19.12547,2.62390,2.99783,9.19480
2022-07-28,1.85205,1.54305,1.89767,3.48773,3.18619,2.67444,3.31121,1.61270,1.21207,1706.23301,1447.45553,18.76305,2.63183,2.99899,9.18872
2022-07-29,1.85944,1.54380,1.89662,3.55134,3.19227,2.65350,3.32052,1.61329,1.20527,1714.26249,1448.25766,18.72692,2.66574,3.00310,9.16576
2022-08-01,1.82039,1.54069,1.90345,3.54920,3.19236,2.65436,3.33934,1.61434,1.19191,1669.93656,1444.64115,18.93872,2.62172,2.99841,9.18542
2022-08-02,1.81090,1.54003,1.90532,3.53861,3.19169,2.65708,3.31951,1.61353,1.20535,1648.46307,1442.91146,19.04658,2.57778,2.99365,9.20195
2022-08-03,1.79612,1.53890,1.90811,3.63498,3.20066,2.63768,3.32760,1.61406,1.20036,1632.59648,1441.64839,19.12841,2.57990,2.99415,9.20217
2022-08-04,1.77713,1.53741,1.91168,3.65198,3.20243,2.63572,3.38264,1.61687,1.16561,1619.61176,1440.62587,19.19674,2.58400,2.99489,9.20167
2022-08-05,1.76974,1.53691,1.91320,3.62215,3.20010,2.63820,3.34460,1.61520,1.18356,1664.03372,1444.70475,18.97202,2.58001,2.99469,9.20410
2022-08-08,1.79190,1.53897,1.90900,3.61044,3.19936,2.63896,3.37293,1.61671,1.17128,1703.73460,1448.28416,18.77927,2.56820,2.99360,9.20938
2022-08-09,1.81090,1.54075,1.90544,3.56957,3.19603,2.64020,3.38325,1.61736,1.16745,1659.54745,1444.66142,18.99240,2.59818,2.99737,9.19957
2022-08-10,1.82990,1.54250,1.90193,3.66921,3.20525,2.63805,3.37475,1.61710,1.17075,1712.28117,1449.38405,18.73448,2.64344,3.00286,9.18443
2022-08-11,1.86788,1.54584,1.89476,3.64838,3.20372,2.63798,3.36584,1.61682,1.17409,1713.09573,1449.58345,18.73332,2.70773,3.01043,9.16236
2022-08-12,1.86154,1.54546,1.89615,3.71942,3.21018,2.64077,3.39680,1.61845,1.16350,1746.15383,1452.51173,18.57986,2.69855,3.00967,9.16242
2022-08-15,1.83411,1.54333,1.90034,3.74948,3.21398,2.64330,3.35310,1.61652,1.17685,1723.79718,1450.78846,18.68539,2.65891,3.00509,9.14955
2022-08-16,1.81617,1.54196,1.90301,3.74069,3.21243,2.64231,3.34723,1.61639,1.17881,1708.39903,1449.62775,18.76026,2.66275,3.00590,9.15190
2022-08-17,1.82145,1.54255,1.90250,3.69802,3.20202,2.63528,3.32558,1.61549,1.18544,1670.28772,1446.52798,18.94379,2.65903,3.00544,9.15058
2022-08-18,1.84888,1.54502,1.89895,3.70692,3.20457,2.63706,3.31688,1.61522,1.18827,1662.04389,1445.94887,18.98699,2.66180,3.00624,9.15296
2022-08-19,1.85205,1.54543,1.89876,3.63465,3.18443,2.62303,3.29259,1.61419,1.19578,1496.39154,1431.67374,19.80726,2.68050,3.01081,9.16682
2022-08-22,1.86788,1.54690,1.89761,3.53896,3.15733,2.60411,3.27074,1.61328,1.20306,1524.61464,1434.51409,19.64898,2.70401,3.01747,9.18739
2022-08-23,1.89848,1.54959,1.89688,3.53603,3.15662,2.60365,3.29361,1.61456,1.19439,1541.32230,1436.22496,19.55891,2.71623,3.02176,9.20085
2022-08-24,1.91748,1.55123,1.89814,3.54627,3.15924,2.60547,3.30332,1.61519,1.19077,1533.48191,1435.63441,19.60552,2.73469,3.02951,9.22579
2022-08-25,1.89320,1.54792,1.89432,3.60897,3.17097,2.61361,3.31344,1.61585,1.18688,1545.13902,1436.86828,19.53976,2.72186,3.02322,9.20489
2022-08-26,1.89743,1.54878,1.89531,3.46106,3.14538,2.59601,3.27317,1.61404,1.20384,1449.10936,1428.08087,20.12061,2.73197,3.02891,9.22384
2022-08-29,1.92381,1.55463,1.90224,3.42694,3.14261,2.59467,3.27519,1.61431,1.20320,1450.88404,1428.40316,20.11176,2.75438,3.04271,9.27111
2022-08-30,1.87527,1.54137,1.88650,3.38878,3.13943,2.59572,3.24788,1.61313,1.21638,1418.99780,1425.41087,20.34242,2.68800,2.99727,9.11173
2022-08-31,1.83305,1.52966,1.87259,3.36908,3.13793,2.59789,3.22278,1.61205,1.22990,1433.25604,1426.98924,20.23376,2.66808,2.98359,9.06377
2022-09-01,1.79718,1.51953,1.86054,3.37054,3.13838,2.59788,3.19446,1.61080,1.24735,1439.03862,1427.71174,20.19091,2.62063,2.95066,8.94838
2022-09-02,1.80456,1.52137,1.86255,3.32292,3.13427,2.60980,3.22258,1.61238,1.22794,1427.82963,1426.74499,20.28628,2.61295,2.94574,8.93257
2022-09-05,,,,,,,,,,1417.01759,1425.80983,20.38301,,,
2022-09-06,1.79507,1.51985,1.86090,3.29905,3.13235,2.61806,3.20376,1.61161,1.24119,1348.90397,1419.10693,21.00413,2.57742,2.92661,8.86966
2022-09-07,1.75286,1.51588,1.85636,3.36569,3.13901,2.58984,3.23634,1.61342,1.21729,1380.88035,1422.62202,20.68635,2.53941,2.91158,8.82013
2022-09-08,1.76024,1.51668,1.85632,3.38314,3.14097,2.58302,3.21692,1.61262,1.23180,1382.75688,1422.96625,20.67204,2.54964,2.91395,8.82773
2022-09-09,1.80984,1.52111,1.85064,3.45711,3.14817,2.55255,3.23391,1.61365,1.21968,1529.06869,1438.17433,19.23267,2.60140,2.92018,8.84390
2022-09-12,1.83622,1.52350,1.84783,3.49821,3.15226,2.53641,3.25030,1.61464,1.20820,1600.77925,1445.07783,18.75267,2.65137,2.92611,8.85683
2022-09-13,1.82567,1.52280,1.84930,3.30637,3.13534,2.61303,3.20801,1.61273,1.23895,1443.30300,1431.02654,19.64364,2.63693,2.92485,8.85449
2022-09-14,1.83200,1.52350,1.84883,3.33260,3.13817,2.60361,3.19567,1.61229,1.24860,1449.12371,1431.76414,19.61204,2.66542,2.92834,8.86223
2022-09-15,1.78135,1.51945,1.85488,3.27710,3.13330,2.62480,3.13598,1.60945,1.29402,1409.79379,1428.03781,19.85156,2.58597,2.91994,8.84471
2022-09-16,1.77501,1.51908,1.85588,3.25706,3.13173,2.63287,3.15338,1.61053,1.28063,1412.99373,1428.52005,19.83511,2.56404,2.91778,8.84045
2022-09-19,1.78135,1.51980,1.85538,3.28242,3.13453,2.62246,3.15581,1.61084,1.27912,1399.85260,1427.35934,19.92055,2.56727,2.91849,8.84205
2022-09-20,1.78241,1.52007,1.85548,3.25627,3.13240,2.63485,3.13780,1.61011,1.29467,1350.82212,1422.52614,20.23986,2.57747,2.91999,8.84351
2022-09-21,1.76974,1.51916,1.85780,3.19796,3.12715,2.66548,3.15237,1.61104,1.28168,1324.61232,1419.92911,20.42949,2.57060,2.91955,8.84492
2022-09-22,1.77184,1.51952,1.85760,3.15859,3.12366,2.68976,3.15055,1.61113,1.28383,1389.58615,1427.05581,19.93086,2.54933,2.91747,8.84997
2022-09-23,1.71169,1.51453,1.87305,3.10717,3.11892,2.72703,3.09611,1.60853,1.33776,1383.31086,1426.57037,19.97970,2.47028,2.90875,8.88415
2022-09-26,1.67265,1.51125,1.88657,3.09431,3.11800,2.73854,3.06010,1.60684,1.37575,1374.31158,1425.81043,20.04881,2.43103,2.90447,8.91957
2022-09-27,1.69165,1.51314,1.87715,3.09555,3.11849,2.73795,3.06637,1.60736,1.36924,1367.55546,1425.27551,20.10202,2.42809,2.90445,8.92506
2022-09-28,1.73703,1.51738,1.85112,3.15713,3.12506,2.67391,3.13011,1.61089,1.29503,1392.47758,1428.04038,19.91842,2.47894,2.91088,8.81687
2022-09-29,1.72858,1.51682,1.85621,3.06612,3.11641,2.76641,3.12950,1.61105,1.29614,1398.62792,1428.83739,19.87726,2.47528,2.91079,8.82627
2022-09-30,1.70748,1.51514,1.86845,3.01413,3.11149,2.82295,3.12970,1.61124,1.29649,1391.06452,1428.22903,19.93618,2.45180,2.90836,8.87839
2022-10-03,1.74863,1.51898,1.84522,3.08484,3.11916,2.74189,3.20579,1.61535,1.22557,1405.25330,1429.85618,19.83429,2.47995,2.91205,8.81005
2022-10-04,1.79507,1.52319,1.81985,3.18183,3.12933,2.63590,3.25172,1.61786,1.19629,1455.82346,1435.17127,19.46646,2.54525,2.92006,8.65194
2022-10-05,1.82673,1.52606,1.80509,3.18014,3.12954,2.63817,3.23371,1.61715,1.20613,1442.59137,1434.03752,19.56254,2.56262,2.92240,8.61347
2022-10-06,1.83939,1.52730,1.80080,3.15510,3.12745,2.66177,3.23007,1.61716,1.20832,1427.95067,1432.75216,19.66988,2.56829,2.92339,8.60344
2022-10-07,1.85733,1.52897,1.79613,3.03488,3.11590,2.77415,3.19466,1.61558,1.22610,1398.50464,1429.96703,19.88509,2.57767,2.92481,8.58750
2022-10-10,1.84150,1.52784,1.79917,3.00455,3.11315,2.80535,3.14609,1.61332,1.25056,1370.96708,1427.32037,20.09302,2.55318,2.92237,8.62957
2022-10-11,1.81407,1.52576,1.80285,2.96326,3.10927,2.84835,3.13962,1.61319,1.25429,1362.72727,1426.64246,20.16015,2.54122,2.92137,8.65065
2022-10-12,1.80984,1.52560,1.80360,2.96225,3.10956,2.85024,3.15641,1.61426,1.24602,1371.14654,1427.70526,20.09887,2.52329,2.91968,8.68160
2022-10-13,1.83305,1.52775,1.80129,3.03172,3.11725,2.76470,3.13456,1.61335,1.25758,1387.67468,1429.61186,19.97566,2.55406,2.92362,8.63292
2022-10-14,1.80035,1.52523,1.80399,2.94059,3.10829,2.87313,3.09551,1.61155,1.27831,1372.63404,1428.24870,20.09415,2.50309,2.91817,8.71702
2022-10-17,1.79296,1.52481,1.80484,3.03770,3.11898,2.75117,3.10441,1.61223,1.27356,1399.78424,1431.26857,19.88939,2.49148,2.91721,8.73827
2022-10-18,1.77184,1.52323,1.80674,3.06172,3.12188,2.72716,3.11109,1.61280,1.26987,1384.35175,1429.88946,20.00961,2.46285,2.91427,8.78820
2022-10-19,1.77184,1.52344,1.80704,3.05055,3.12118,2.73943,3.06941,1.61087,1.29745,1369.37456,1428.54215,20.12841,2.44993,2.91315,8.81170
2022-10-20,1.77290,1.52374,1.80726,3.03499,3.12002,2.75633,3.06455,1.61084,1.30132,1362.30455,1428.00408,20.18793,2.45578,2.91425,8.80098
2022-10-21,1.77607,1.52423,1.80730,3.10616,3.12777,2.68329,3.11918,1.61393,1.25922,1372.43236,1429.26461,20.11363,2.45224,2.91423,8.81153
2022-10-24,1.78241,1.52499,1.80700,3.14033,3.13166,2.65162,3.10907,1.61364,1.26709,1384.35552,1430.71048,20.02644,2.46049,2.91563,8.79087
2022-10-25,1.78979,1.52584,1.80655,3.20528,3.13858,2.59434,3.11615,1.61424,1.26248,1438.28698,1436.48707,19.62020,2.48736,2.91923,8.71411
2022-10-26,1.82250,1.52884,1.80346,3.13446,3.13209,2.64907,3.13598,1.61549,1.24865,1488.53727,1441.70794,19.26348,2.51121,2.92244,8.64758
2022-10-27,1.82356,1.52914,1.80367,3.07740,3.12683,2.69366,3.13112,1.61547,1.25265,1451.54358,1438.32834,19.50821,2.49740,2.92124,8.68935
2022-10-28,1.80773,1.52803,1.80559,3.17156,3.13684,2.61946,3.09915,1.61405,1.27611,1474.76512,1440.83431,19.35870,2.46487,2.91785,8.78534
2022-10-31,1.79401,1.52710,1.80732,3.13469,3.13365,2.64453,3.07386,1.61297,1.29534,1466.62312,1440.24777,19.41331,2.50049,2.92249,8.68306
2022-11-01,1.81828,1.52938,1.80513,3.10266,3.13090,2.66687,3.10522,1.61485,1.27225,1466.12985,1440.40816,19.42074,2.50450,2.92339,8.67412
2022-11-02,1.83305,1.53085,1.80392,2.99631,3.12062,2.74061,3.08357,1.61395,1.28871,1442.10358,1438.25552,19.56721,2.53957,2.92790,8.57595
2022-11-03,1.82990,1.53080,1.80446,2.93778,3.11498,2.78412,3.07183,1.61357,1.29803,1445.66989,1438.81974,19.55015,2.50717,2.92459,8.65898
2022-11-04,1.89532,1.53650,1.80184,2.98503,3.12043,2.74824,3.16613,1.61876,1.22434,1514.31942,1445.85874,19.14361,2.59350,2.93508,8.44730
2022-11-07,1.88265,1.53564,1.80111,3.01785,3.12432,2.72376,3.15358,1.61835,1.23122,1472.18495,1442.04853,19.36818,2.60820,2.93718,8.42960
2022-11-08,1.85416,1.53191,1.79699,3.03984,3.12706,2.70765,3.22643,1.62233,1.19447,1325.62942,1427.90414,20.16735,2.56895,2.93319,8.46778
2022-11-09,1.81301,1.52579,1.79033,2.96969,3.12030,2.76256,3.21024,1.62175,1.20073,1127.89196,1406.81441,21.40792,2.52997,2.92917,8.50054
2022-11-10,1.82673,1.52814,1.79291,3.18883,3.14378,2.57841,3.30797,1.62693,1.16725,1255.52857,1422.93996,20.50456,2.56211,2.93332,8.47612
2022-11-11,1.86050,1.53359,1.79889,3.24758,3.15003,2.55287,3.32983,1.62824,1.16299,1210.81528,1418.08028,20.73032,2.58202,2.93602,8.46244
2022-11-14,1.83728,1.53024,1.79525,3.21916,3.14774,2.56431,3.33711,1.62884,1.16208,1190.24676,1415.88202,20.84128,2.57683,2.93587,8.46710
2022-11-15,1.85733,1.53355,1.79889,3.26370,3.15256,2.54859,3.34885,1.62965,1.16096,1206.43085,1418.01658,20.75210,2.59717,2.93862,8.45809
2022-11-16,1.83728,1.53068,1.79577,3.21916,3.14873,2.56355,3.34116,1.62952,1.16168,1192.40315,1416.57746,20.84047,2.58244,2.93739,8.46431
2022-11-17,1.80562,1.52598,1.79065,3.21205,3.14850,2.56639,3.31688,1.62857,1.16282,1193.51775,1416.91882,20.83768,2.54486,2.93355,8.47535
2022-11-18,1.79401,1.52436,1.78891,3.21217,3.14898,2.56695,3.29401,1.62769,1.16360,1192.54033,1417.01279,20.84898,2.53804,2.93320,8.47861
2022-11-21,1.78662,1.52336,1.78783,3.17913,3.14621,2.57798,3.27560,1.62703,1.16425,1129.30385,1409.71291,21.31000,2.55040,2.93507,8.47695
2022-11-22,1.80562,1.52567,1.79043,3.22491,3.15122,2.56391,3.27944,1.62747,1.16437,1157.56662,1413.45291,21.07800,2.57381,2.93820,8.47245
2022-11-23,1.77924,1.52355,1.78799,3.25728,3.15485,2.55433,3.29988,1.62872,1.16407,1186.28033,1417.17154,20.84819,2.57726,2.93904,8.47309
2022-11-24,,,,,,,,,,1186.95762,1417.46553,20.84780,,,
2022-11-25,1.76552,1.52260,1.78771,3.23585,3.15325,2.56117,3.30271,1.62911,1.16421,1182.58187,1417.15661,20.88798,2.54248,2.93551,8.48348
2022-11-28,1.75391,1.52183,1.78846,3.18836,3.14911,2.57570,3.27661,1.62807,1.16506,1160.40756,1414.71697,21.07807,2.53130,2.93468,8.48792
2022-11-29,1.77396,1.52380,1.78604,3.16423,3.14721,2.58352,3.29280,1.62912,1.16488,1176.90229,1416.94368,20.93507,2.54932,2.93721,8.48479
2022-11-30,1.81722,1.52775,1.77944,3.30847,3.16203,2.54039,3.33488,1.63146,1.16405,1229.42809,1423.48366,20.47463,2.56890,2.93992,8.48130
2022-12-01,1.80773,1.52719,1.78127,3.31254,3.16290,2.53996,3.39620,1.63470,1.16309,1213.99614,1421.91142,20.60788,2.56991,2.94047,8.48257
2022-12-02,1.78873,1.52581,1.78460,3.29934,3.16211,2.54323,3.38446,1.63435,1.16288,1222.14256,1423.07989,20.54412,2.53468,2.93689,8.49310
2022-12-05,1.74124,1.52199,1.79251,3.24397,3.15729,2.55464,3.32639,1.63060,1.15954,1214.00043,1422.34883,20.61756,2.46123,2.92882,8.51341
2022-12-06,1.71486,1.51992,1.79709,3.17675,3.15123,2.56867,3.33549,1.63147,1.16026,1221.81379,1423.48117,20.55665,2.43611,2.92628,8.52726
2022-12-07,1.70642,1.51940,1.79975,3.16378,3.15042,2.57188,3.36564,1.63380,1.16226,1205.90535,1421.84127,20.69520,2.45304,2.92875,8.50945
2022-12-08,1.70220,1.51925,1.80182,3.20123,3.15461,2.56466,3.36847,1.63420,1.16257,1233.33303,1425.28692,20.46570,2.46374,2.93047,8.49512
2022-12-09,1.70220,1.51948,1.80218,3.18081,3.15307,2.56935,3.38041,1.63543,1.16360,1226.51145,1424.71188,20.52722,2.47619,2.93239,8.47527
2022-12-12,1.72120,1.52141,1.79042,3.22073,3.15751,2.56154,3.35249,1.63272,1.16109,1230.76126,1425.42382,20.49701,2.49886,2.93552,8.43494
2022-12-13,1.75180,1.52434,1.77127,3.25537,3.16139,2.55494,3.40975,1.63895,1.16669,1272.23093,1430.44356,20.15793,2.54859,2.94181,8.34512
2022-12-14,1.76658,1.52586,1.76253,3.23123,3.15952,2.56039,3.40146,1.63812,1.16591,1274.72226,1430.93977,20.14332,2.53988,2.94125,8.36291
2022-12-15,1.74124,1.52390,1.77861,3.12274,3.14939,2.58321,3.34581,1.63049,1.15899,1241.39218,1427.41397,20.41092,2.52347,2.93979,8.39445
2022-12-16,1.71909,1.52219,1.79305,3.09296,3.14686,2.59046,3.37495,1.63483,1.16284,1188.57419,1421.55480,20.84892,2.49993,2.93749,8.43863
2022-12-19,1.71765,1.52229,1.79446,3.04949,3.14292,2.60390,3.36544,1.63368,1.16175,1175.54914,1420.21428,20.96811,2.47666,2.93520,8.48297
2022-12-20,1.72483,1.52316,1.79033,3.04712,3.14315,2.60533,3.42129,1.64179,1.16899,1209.73925,1424.56045,20.66941,2.48298,2.93640,8.47356
2022-12-21,1.74637,1.52529,1.77701,3.09132,3.14818,2.58554,3.41562,1.64118,1.16840,1202.48990,1423.92149,20.73634,2.51054,2.94010,8.42527
2022-12-22,1.72603,1.52375,1.79027,3.01569,3.14096,2.62131,3.37434,1.63533,1.16317,1203.46973,1424.25314,20.73307,2.46995,2.93579,8.50053
2022-12-23,1.75715,1.52673,1.77084,3.02248,3.14214,2.61827,3.38446,1.63702,1.16461,1201.05727,1424.18280,20.75932,2.49862,2.93964,8.44978
2022-12-26,,,,,,,,,,1208.17329,1425.24175,20.70239,,,
2022-12-27,1.77271,1.52831,1.76166,2.97974,3.13819,2.64453,3.41299,1.64142,1.16846,1195.21638,1423.93469,20.81998,2.51683,2.94224,8.41898
2022-12-28,1.75356,1.52690,1.77381,2.94040,3.13453,2.67273,3.39761,1.63936,1.16659,1183.57714,1422.76925,20.92813,2.50184,2.94095,8.44812
2022-12-29,1.75117,1.52693,1.77575,3.01207,3.14266,2.61444,3.41663,1.64234,1.16918,1190.32654,1423.80112,20.87215,2.49632,2.94076,8.46036
2022-12-30,1.76912,1.52873,1.76526,3.01026,3.14295,2.61672,3.43262,1.64496,1.17155,1187.68513,1423.70383,20.90154,2.50589,2.94233,8.44518
2023-01-02,,,,,,,,,,1194.48689,1424.73781,20.84497,,,
2023-01-03,1.72483,1.52514,1.79048,2.98991,3.14132,2.63362,3.46135,1.65003,1.17630,1193.15261,1424.80255,20.86255,2.45102,2.93635,8.54666
2023-01-04,1.69012,1.52231,1.81094,3.00416,3.14331,2.62272,3.49393,1.65665,1.18259,1205.91353,1426.55080,20.75255,2.41254,2.93221,8.62061
2023-01-05,1.68293,1.52191,1.81571,2.95713,3.13890,2.66336,3.45042,1.64637,1.17253,1204.22682,1426.58104,20.77322,2.38625,2.92948,8.68024
2023-01-06,1.69371,1.52313,1.80959,3.03875,3.14807,2.58825,3.51497,1.66205,1.18769,1213.75067,1427.93906,20.69379,2.40333,2.93205,8.63265
2023-01-09,1.71765,1.52553,1.79411,3.05842,3.15061,2.57201,3.52287,1.66415,1.18952,1229.81611,1430.06115,20.55763,2.42892,2.93565,8.55289
2023-01-10,1.71884,1.52589,1.79386,3.08431,3.15380,2.55087,3.53582,1.66803,1.19303,1247.82388,1432.38855,20.40742,2.41623,2.93460,8.59571
2023-01-11,1.74996,1.52890,1.77405,3.13767,3.15977,2.50842,3.53339,1.66726,1.19222,1276.43909,1435.90710,20.17047,2.43925,2.93787,8.51853
2023-01-12,1.76792,1.53071,1.76316,3.15462,3.16198,2.49732,3.57426,1.68210,1.20647,1350.58984,1444.47932,19.59665,2.46799,2.94180,8.42318
2023-01-13,1.78587,1.53251,1.75266,3.17633,3.16467,2.48389,3.61716,1.69914,1.22287,1422.09422,1452.35951,19.14463,2.48260,2.94402,8.37731
2023-01-16,,,,,,,,,,1515.97759,1462.18158,18.67948,,,
2023-01-17,1.79784,1.53379,1.74707,3.18278,3.16582,2.48077,3.59348,1.68917,1.21248,1515.82638,1462.40513,18.68382,2.49281,2.94571,8.34648
2023-01-18,1.77749,1.53230,1.75564,3.14140,3.16222,2.50475,3.58316,1.68483,1.20763,1482.28437,1459.40625,18.77967,2.48387,2.94513,8.37812
2023-01-19,1.79665,1.53420,1.74905,3.11054,3.15963,2.52279,3.64002,1.70892,1.23500,1508.20613,1462.19557,18.72155,2.48994,2.94633,8.36171
2023-01-20,1.80623,1.53527,1.74665,3.19566,3.16879,2.47494,3.62788,1.70382,1.22883,1621.92969,1473.45965,18.50088,2.49665,2.94760,8.34399
2023-01-23,1.81580,1.53634,1.74492,3.26666,3.17635,2.44338,3.63476,1.70676,1.23227,1641.13370,1475.44527,18.48601,2.50581,2.94917,8.31999
2023-01-24,1.80502,1.53567,1.74670,3.25998,3.17622,2.44624,3.64792,1.71235,1.23949,1618.38031,1473.64046,18.49882,2.49280,2.94812,8.35793
2023-01-25,1.79784,1.53531,1.74770,3.25276,3.17603,2.44898,3.66471,1.71948,1.24938,1654.02138,1477.12581,18.49905,2.48936,2.94819,8.36996
2023-01-26,1.80742,1.53638,1.74728,3.31618,3.18274,2.43237,3.63153,1.70550,1.22782,1646.83566,1476.69575,18.49995,2.50427,2.95044,8.33217
2023-01-27,1.78348,1.53460,1.74858,3.34918,3.18643,2.42659,3.62647,1.70339,1.22438,1651.25946,1477.44128,18.50553,2.48740,2.94893,8.37829
2023-01-30,1.75834,1.53269,1.74994,3.28146,3.18051,2.43507,3.61716,1.69949,1.21817,1631.85782,1474.42654,18.49322,2.46974,2.94732,8.42703
2023-01-31,1.78946,1.53565,1.74898,3.33065,3.18580,2.43060,3.63031,1.70508,1.22644,1655.52211,1479.31579,18.51879,2.49252,2.95052,8.36959
2023-02-01,1.75356,1.53282,1.75078,3.40186,3.19312,2.42675,3.67604,1.72444,1.25664,1698.26288,1489.32734,18.56975,2.44247,2.94507,8.50234
2023-02-02,1.73561,1.53150,1.75182,3.52396,3.20499,2.42806,3.59976,1.69226,1.20494,1682.40213,1485.22053,18.55171,2.44016,2.94527,8.51127
2023-02-03,1.69490,1.52815,1.75551,3.46133,3.19557,2.42236,3.50992,1.65428,1.15269,1678.12257,1484.09554,18.54822,2.38840,2.93951,8.65371
2023-02-06,1.70089,1.52894,1.75442,3.43205,3.18915,2.41859,3.51720,1.65740,1.15555,1627.97402,1468.31794,18.47247,2.38001,2.93895,8.67924
2023-02-07,1.73440,1.53221,1.74316,3.50316,3.20901,2.43075,3.52044,1.65879,1.15670,1665.27180,1480.58789,18.53541,2.41254,2.94345,8.56815
2023-02-08,1.73799,1.53278,1.74237,3.44087,3.18821,2.41819,3.52914,1.66240,1.15974,1641.74603,1473.23784,18.50115,2.41252,2.94393,8.57108
2023-02-09,1.72124,1.53155,1.74844,3.41045,3.17774,2.41200,3.50121,1.65150,1.15020,1561.62688,1447.55406,18.37597,2.40872,2.94396,8.58751
2023-02-10,1.74637,1.53404,1.73918,3.38807,3.17009,2.40751,3.50789,1.65389,1.15225,1547.48146,1443.00965,18.35527,2.42641,2.94661,8.52193
2023-02-13,1.74518,1.53420,1.74007,3.44234,3.18996,2.41953,3.49008,1.64813,1.14703,1560.23238,1447.42411,18.37942,2.42432,2.94685,8.53316
2023-02-14,1.75117,1.53498,1.73825,3.46778,3.19935,2.42523,3.49272,1.64898,1.14774,1590.55845,1456.40590,18.42621,2.42917,2.94793,8.51741
2023-02-15,1.72842,1.53324,1.74728,3.49434,3.20947,2.43173,3.45791,1.63969,1.13900,1739.59075,1496.26536,18.62814,2.39929,2.94479,8.63931
2023-02-16,1.72364,1.53307,1.74954,3.42877,3.18268,2.41438,3.45508,1.63915,1.13844,1699.35412,1486.40291,18.58221,2.40068,2.94546,8.63654
2023-02-17,1.70927,1.53205,1.75591,3.40458,3.17290,2.40808,3.46540,1.64124,1.14035,1761.25797,1502.33946,18.66227,2.38078,2.94351,8.73004
2023-02-20,,,,,,,,,,1774.89344,1505.91424,18.68179,,,
2023-02-21,1.71286,1.53263,1.75457,3.32397,3.13940,2.38634,3.45245,1.63927,1.13836,1746.44589,1498.91011,18.65080,2.39266,2.94548,8.67365
2023-02-22,1.68892,1.53075,1.76824,3.32647,3.14072,2.38726,3.43302,1.63677,1.13580,1729.50776,1494.26264,18.63263,2.37273,2.94352,8.78020
2023-02-23,1.70089,1.53209,1.76088,3.35551,3.15222,2.39472,3.43120,1.63677,1.13571,1711.34896,1488.99840,18.61135,2.36979,2.94365,8.80053
2023-02-24,1.69371,1.53170,1.76633,3.29933,3.13302,2.38224,3.40652,1.63528,1.13405,1658.79824,1473.30723,18.54258,2.36057,2.94300,8.86175
2023-02-27,1.69611,1.53218,1.76499,3.32296,3.13979,2.38672,3.41987,1.63620,1.13456,1682.30082,1480.73495,18.57864,2.37042,2.94473,8.79837
2023-02-28,1.70328,1.53308,1.75955,3.31866,3.13920,2.38639,3.43545,1.63722,1.13477,1656.65995,1473.08103,18.54610,2.37510,2.94580,8.77041
2023-03-01,1.73321,1.53604,1.73454,3.29198,3.13457,2.38330,3.45528,1.63844,1.13482,1689.92134,1483.52904,18.59594,2.40090,2.94950,8.59572
2023-03-02,1.72722,1.53577,1.74010,3.31923,3.13864,2.38615,3.45326,1.63862,1.13505,1679.85555,1480.64355,18.58508,2.39342,2.94908,8.65085
2023-03-03,1.75595,1.53858,1.71663,3.38784,3.14656,2.39173,3.49029,1.64066,1.13495,1599.69717,1456.29754,18.47668,2.42459,2.95342,8.44281
2023-03-06,1.74758,1.53811,1.72305,3.39169,3.14749,2.39242,3.47268,1.64011,1.13532,1604.32139,1457.90026,18.48631,2.40301,2.95129,8.58019
2023-03-07,1.70808,1.53490,1.75005,3.35009,3.14363,2.38975,3.41198,1.63753,1.13608,1587.13958,1453.45671,18.46746,2.36872,2.94760,8.79627
2023-03-08,1.69849,1.53431,1.75705,3.36683,3.14596,2.39142,3.41036,1.63774,1.13629,1553.26595,1446.32114,18.43519,2.35292,2.94615,8.90092
2023-03-09,1.67694,1.53263,1.77223,3.30849,3.14028,2.38748,3.44395,1.63963,1.13576,1456.52796,1432.33769,18.36866,2.33435,2.94433,9.02516
2023-03-10,1.69611,1.53464,1.75951,3.26202,3.13576,2.38430,3.51821,1.64345,1.13432,1448.69717,1431.81470,18.37133,2.34275,2.94590,8.97303
2023-03-13,1.68533,1.53392,1.76735,3.28621,3.13862,2.38538,3.59895,1.64750,1.13271,1728.84141,1459.74300,18.22427,2.35614,2.94808,8.88316
2023-03-14,1.66378,1.53222,1.78365,3.36173,3.14636,2.38563,3.57811,1.64680,1.13260,1772.83028,1463.70273,18.21222,2.33590,2.94604,9.02937
2023-03-15,1.62549,1.52895,1.81687,3.37937,3.14852,2.38602,3.60603,1.64865,1.13412,1747.11958,1461.81992,18.21931,2.29023,2.94076,9.38000
2023-03-16,1.63147,1.52976,1.81143,3.46845,3.15734,2.38622,3.61331,1.64960,1.13487,1792.45753,1465.85195,18.22158,2.30429,2.94305,9.27208
2023-03-17,1.62549,1.52944,1.81867,3.45206,3.15634,2.38662,3.71854,1.66618,1.14934,1964.76525,1480.13854,18.24739,2.30096,2.94308,9.30269
2023-03-20,1.63266,1.53036,1.81001,3.46431,3.15795,2.38738,3.71995,1.66651,1.14957,1992.22895,1483.29290,18.25939,2.30083,2.94356,9.30854
2023-03-21,1.63865,1.53118,1.80248,3.51378,3.16382,2.39152,3.64974,1.64776,1.13452,2016.45398,1487.84879,18.27584,2.30433,2.94449,9.28112
2023-03-22,1.64463,1.53199,1.79467,3.46601,3.15510,2.38542,3.71186,1.66468,1.14802,1956.95853,1473.31693,18.23287,2.30171,2.94464,9.31192
2023-03-23,1.63984,1.53179,1.80233,3.50711,3.16447,2.39199,3.75840,1.67851,1.15836,2031.84928,1495.51909,18.30582,2.30167,2.94512,9.31813
2023-03-24,1.64583,1.53260,1.79386,3.52002,3.16824,2.39467,3.71611,1.66413,1.14744,1965.73126,1474.11747,18.23997,2.31270,2.94701,9.21151
2023-03-27,1.67694,1.53576,1.74619,3.49590,3.16080,2.38931,3.68171,1.65185,1.13821,1943.60554,1466.27413,18.21706,2.32941,2.94964,9.04987
2023-03-28,1.68414,1.53667,1.73658,3.47733,3.15470,2.38486,3.71186,1.66273,1.14636,1952.83629,1469.87672,18.23143,2.34361,2.95192,8.91669
2023-03-29,1.67575,1.53616,1.74876,3.54074,3.17733,2.40168,3.69344,1.65593,1.14113,2031.94963,1500.50599,18.33753,2.33948,2.95189,8.96181
2023-03-30,1.68653,1.53742,1.73470,3.57425,3.19032,2.41123,3.72683,1.66853,1.15088,2005.62928,1490.30141,18.30561,2.34516,2.95312,8.91360
2023-03-31,1.70209,1.53909,1.71520,3.63370,3.21680,2.43099,3.70741,1.66100,1.14489,2040.92432,1505.16026,18.35925,2.37066,2.95682,8.68684
2023-04-03,1.73081,1.54195,1.68240,3.62486,3.21231,2.42764,3.73412,1.67158,1.15331,1993.42022,1484.63354,18.28995,2.39416,2.96026,8.50114
2023-04-04,1.72962,1.54210,1.68400,3.61263,3.20513,2.42218,3.80372,1.69966,1.17650,2012.24278,1493.22002,18.32298,2.39423,2.96077,8.50467
2023-04-05,1.73561,1.54290,1.67967,3.57696,3.18227,2.40457,3.80069,1.69847,1.17538,2017.70772,1495.80883,18.33476,2.39732,2.96165,8.48870
2023-04-06,1.72962,1.54263,1.68445,3.60109,3.19803,2.41666,3.77357,1.68760,1.16510,2007.59874,1491.20673,18.32010,2.38891,2.96111,8.54265
2023-04-07,,,,,,,,,,1999.56305,1487.50937,18.30850,,,
2023-04-10,1.73321,1.54322,1.68258,3.59904,3.19678,2.41565,3.74565,1.67639,1.15424,2124.87291,1547.21434,18.54176,2.38962,2.96172,8.54263
2023-04-11,1.74278,1.54434,1.67722,3.57595,3.18101,2.40300,3.76932,1.68596,1.16330,2164.92104,1565.93442,18.61469,2.41005,2.96477,8.43507
2023-04-12,1.75356,1.54557,1.67192,3.54436,3.15935,2.38565,3.78774,1.69340,1.17053,2141.00855,1554.21982,18.57355,2.42133,2.96668,8.38400
2023-04-13,1.75356,1.54584,1.67233,3.61377,3.20747,2.42410,3.83893,1.71404,1.19193,2173.77668,1571.59074,18.64193,2.42405,2.96753,8.37558
2023-04-14,1.75475,1.54622,1.67230,3.60698,3.20294,2.42045,3.77094,1.68675,1.16208,2180.08583,1575.12403,18.65795,2.42681,2.96840,8.36800
2023-04-17,1.74877,1.54597,1.67445,3.61002,3.20519,2.42221,3.75415,1.68002,1.15469,2109.26536,1533.90648,18.49909,2.43212,2.96958,8.35254
2023-04-18,1.75356,1.54667,1.67360,3.61026,3.20549,2.42239,3.76872,1.68592,1.16091,2173.49399,1571.84763,18.65199,2.44878,2.97215,8.30349
2023-04-19,1.72962,1.54484,1.67925,3.60856,3.20446,2.42146,3.75071,1.67871,1.15300,2061.11282,1505.98993,18.39611,2.41724,2.96886,8.38777
2023-04-20,1.71286,1.54362,1.68340,3.58104,3.18557,2.40526,3.76548,1.68469,1.15931,2022.07124,1482.90954,18.30534,2.39652,2.96684,8.44540
2023-04-21,1.70927,1.54357,1.68462,3.58478,3.18830,2.40753,3.72825,1.66973,1.14306,1953.41302,1442.12723,18.14133,2.37865,2.96516,8.49624
2023-04-24,1.72005,1.54482,1.68259,3.57731,3.18327,2.40317,3.73958,1.67433,1.14786,1969.74478,1451.95760,18.18465,2.38861,2.96693,8.47216
2023-04-25,1.69969,1.54327,1.68757,3.50982,3.13664,2.36332,3.75860,1.68203,1.15600,2025.75145,1485.29061,18.32549,2.35795,2.96365,8.55725
2023-04-26,1.67216,1.54104,1.69705,3.53111,3.15151,2.37591,3.73816,1.67383,1.14704,2031.58762,1488.63594,18.34173,2.33224,2.96095,8.64434
2023-04-27,1.67575,1.54165,1.69571,3.62713,3.21389,2.42927,3.73837,1.67395,1.14704,2108.98238,1531.73813,18.52361,2.33006,2.96120,8.65608
2023-04-28,1.69371,1.54357,1.68520,3.65215,3.22959,2.44151,3.73938,1.67439,1.14738,2100.76995,1527.29284,18.50783,2.35251,2.96458,8.55029
2023-05-01,1.68055,1.54265,1.69367,3.64796,3.22719,2.43962,3.72258,1.66765,1.14002,2012.31398,1478.65306,18.31079,2.33842,2.96334,8.62130
2023-05-02,1.63984,1.53920,1.72258,3.61615,3.20771,2.42439,3.79442,1.69665,1.17088,2053.51425,1501.63338,18.40965,2.30873,2.96012,8.78203
2023-05-03,1.61590,1.53723,1.74152,3.59248,3.19323,2.41307,3.82659,1.70963,1.18380,2078.88468,1515.41912,18.47044,2.29144,2.95844,8.88774
2023-05-04,1.62309,1.53819,1.73490,3.57979,3.18554,2.40705,3.85350,1.72049,1.19462,2065.34383,1508.20664,18.44254,2.29442,2.95936,8.87124
2023-05-05,1.66019,1.54199,1.69324,3.65588,3.23307,2.44413,3.79320,1.69629,1.17008,2115.23929,1535.20560,18.55898,2.32431,2.96376,8.64930
2023-05-08,1.67096,1.54327,1.68222,3.66495,3.23887,2.44865,3.79786,1.69820,1.17189,1984.56684,1465.18587,18.26915,2.34156,2.96650,8.52823
2023-05-09,1.67336,1.54378,1.68039,3.64174,3.22473,2.43759,3.82477,1.70906,1.18268,1978.49322,1462.12414,18.25865,2.33864,2.96668,8.55431
2023-05-10,1.66858,1.54362,1.68614,3.68136,3.24945,2.45687,3.81930,1.70690,1.18039,1978.74923,1462.32301,18.26196,2.32070,2.96494,8.68850
2023-05-11,1.63746,1.54102,1.71992,3.69337,3.25703,2.46276,3.78652,1.69375,1.16700,1931.52911,1440.92431,18.16971,2.28471,2.96087,8.95874
2023-05-12,1.62668,1.54028,1.73255,3.68011,3.24880,2.45569,3.78005,1.69118,1.16430,1916.28898,1434.61807,18.14368,2.28661,2.96166,8.94940
2023-05-15,1.64583,1.54237,1.71180,3.70004,3.26201,2.46699,3.78814,1.69447,1.16750,1949.08995,1447.17714,18.20382,2.31285,2.96559,8.75276
2023-05-16,1.62908,1.54108,1.73085,3.70423,3.26498,2.46949,3.74079,1.67544,1.14824,1934.35251,1442.15946,18.18293,2.28713,2.96283,8.94941
2023-05-17,1.64941,1.54329,1.70882,3.74906,3.29748,2.49855,3.72784,1.67026,1.14295,1961.21628,1451.16445,18.22781,2.29342,2.96418,8.90638
2023-05-18,1.63266,1.54200,1.72780,3.81870,3.35082,2.54633,3.67948,1.65070,1.12325,1921.29138,1438.67116,18.17050,2.28353,2.96345,8.98711
2023-05-19,1.63027,1.54206,1.73115,3.81009,3.34409,2.53996,3.71590,1.66371,1.13539,1924.60302,1439.81616,18.17835,2.28644,2.96437,8.96916
2023-05-22,1.63027,1.54235,1.73185,3.82289,3.35427,2.54992,3.70720,1.66095,1.13273,1922.40092,1439.37381,18.17849,2.28240,2.96440,9.00784
2023-05-23,1.63746,1.54331,1.72372,3.77443,3.31607,2.50684,3.71166,1.66238,1.13401,1948.74885,1446.46503,18.21625,2.27427,2.96389,9.08503
2023-05-24,1.63984,1.54383,1.72150,3.75507,3.30083,2.48960,3.68171,1.65386,1.12562,1885.37497,1430.50660,18.13879,2.27662,2.96475,9.06943
2023-05-25,1.61352,1.54163,1.75574,3.84645,3.37319,2.56986,3.64630,1.64488,1.11674,1895.63913,1433.04255,18.15383,2.24804,2.96158,9.34156
2023-05-26,1.63984,1.54443,1.72136,3.94472,3.45082,2.65683,3.66087,1.64804,1.11973,1912.49836,1436.67861,18.17440,2.26628,2.96453,9.15873
2023-05-29,,,,,,,,,,1987.27146,1451.17978,18.24967,,,
2023-05-30,1.60034,1.54100,1.77309,3.96261,3.46498,2.67251,3.68353,1.65226,1.12380,1983.50798,1450.70776,18.24961,2.22711,2.95996,9.56125
2023-05-31,1.58359,1.53968,1.79670,3.94008,3.44732,2.65228,3.68919,1.65341,1.12484,1948.09232,1444.34760,18.22005,2.21933,2.95949,9.65137
2023-06-01,1.60753,1.54230,1.76418,3.98560,3.48324,2.69366,3.71833,1.65833,1.12972,1920.01279,1439.27822,18.19687,2.24760,2.96381,9.34388
2023-06-02,1.63147,1.54488,1.73270,4.01548,3.50682,2.72291,3.66350,1.64972,1.12084,1950.77957,1445.36508,18.22978,2.26232,2.96631,9.19402
2023-06-05,1.62908,1.54494,1.73655,4.01831,3.50911,2.72549,3.68555,1.65314,1.12406,1845.60966,1425.75711,18.13358,2.26828,2.96764,9.13954
2023-06-06,1.62908,1.54523,1.73733,4.01763,3.50865,2.72420,3.68960,1.65394,1.12474,1947.81227,1444.10273,18.22781,2.27700,2.96933,9.05717
2023-06-07,1.63386,1.54597,1.73199,3.94948,3.45515,2.64122,3.64529,1.64804,1.11880,1885.24244,1433.70056,18.18145,2.28317,2.97068,9.00183
2023-06-08,1.63506,1.54636,1.73123,3.99850,3.49382,2.69935,3.69344,1.65350,1.12405,1898.27720,1435.91830,18.19419,2.29971,2.97337,8.84464
2023-06-09,1.62787,1.54596,1.74115,4.01379,3.50591,2.71735,3.68353,1.65269,1.12317,1894.62576,1435.63110,18.19513,2.29046,2.97272,8.93443
2023-06-12,1.60513,1.54409,1.77115,4.08161,3.55930,2.79892,3.68029,1.65260,1.12299,1854.26305,1430.58271,18.17290,2.26768,2.97031,9.14911
2023-06-13,1.62549,1.54633,1.74496,4.11297,3.58399,2.83680,3.65318,1.64993,1.12029,1852.40985,1430.62069,18.17535,2.29476,2.97440,8.89991
2023-06-14,1.62908,1.54695,1.74111,4.14286,3.60750,2.87429,3.65520,1.65035,1.12060,1796.34736,1426.55155,18.15714,2.29913,2.97551,8.87008
2023-06-15,1.66499,1.55064,1.69559,4.19222,3.64626,2.93946,3.68090,1.65252,1.12270,1829.38314,1429.43336,18.16462,2.35016,2.98265,8.46424
2023-06-16,1.68772,1.55304,1.67300,4.16585,3.62569,2.90236,3.67523,1.65239,1.12245,1884.68710,1434.01452,18.16878,2.38773,2.98796,8.27193
2023-06-19,,,,,,,,,,1916.62675,1436.70542,18.17272,,,
2023-06-20,1.67336,1.55200,1.68563,4.15988,3.62108,2.89337,3.63719,1.64984,1.11974,2025.94658,1445.16378,18.17736,2.35376,2.98426,8.40581
2023-06-21,1.69611,1.55440,1.66814,4.10319,3.57675,2.81143,3.63193,1.64985,1.11961,2154.35804,1454.58954,18.18184,2.38021,2.98816,8.31855
2023-06-22,1.66259,1.55161,1.69046,4.15161,3.61481,2.87924,3.59591,1.64852,1.11863,2143.83629,1454.08049,18.18238,2.34545,2.98435,8.41982
2023-06-23,1.64463,1.55022,1.70209,4.11044,3.58262,2.81973,3.60583,1.64928,1.11868,2192.92513,1460.60580,18.21419,2.32615,2.98244,8.47454
2023-06-26,1.64703,1.55074,1.70116,4.05535,3.53948,2.74117,3.61210,1.64987,1.11864,2165.55020,1455.42538,18.19293,2.32963,2.98344,8.46815
2023-06-27,1.62069,1.54855,1.71823,4.12507,3.59432,2.83767,3.59551,1.64942,1.11991,2194.98093,1462.84610,18.22958,2.30162,2.98041,8.54718
2023-06-28,1.61471,1.54826,1.72262,4.13312,3.60071,2.84812,3.58721,1.64935,1.12093,2154.68212,1451.24613,18.17746,2.28175,2.97839,8.60526
2023-06-29,1.61590,1.54866,1.72231,4.12484,3.59429,2.83617,3.58337,1.64947,1.12170,2180.21631,1459.58224,18.21927,2.28042,2.97877,8.61163
2023-06-30,1.62848,1.55016,1.71314,4.18845,3.64424,2.92273,3.60724,1.65088,1.11838,2181.91336,1460.28600,18.22492,2.30882,2.98303,8.52032
2023-07-03,1.63027,1.55061,1.71232,4.19832,3.65205,2.93586,3.61129,1.65137,1.11811,2228.49794,1477.60498,18.31196,2.30416,2.98298,8.53880
2023-07-04,,,,,,,,,,2204.49112,1468.28511,18.26837,,,
2023-07-05,1.63984,1.55181,1.70510,4.19821,3.65204,2.93504,3.59854,1.65110,1.12038,2182.86665,1459.38363,18.22619,2.32225,2.98588,8.48283
2023-07-06,1.63865,1.55199,1.70669,4.16623,3.62708,2.88905,3.58782,1.65091,1.12236,2145.78445,1443.82234,18.15040,2.30822,2.98463,8.53149
2023-07-07,1.65062,1.55341,1.69746,4.15240,3.61631,2.86895,3.61473,1.65246,1.11816,2170.84649,1454.59291,18.20703,2.32061,2.98679,8.49432
2023-07-10,1.65421,1.55404,1.69518,4.15376,3.61746,2.87021,3.61756,1.65290,1.11805,2175.48255,1456.66818,18.21974,2.32660,2.98812,8.47825
2023-07-11,1.67456,1.55625,1.67931,4.17428,3.63362,2.89891,3.63112,1.65383,1.11614,2191.34286,1463.49336,18.25629,2.34863,2.99151,8.41057
2023-07-12,1.68772,1.55776,1.66946,4.22701,3.67500,2.97552,3.68029,1.65638,1.10832,2174.83503,1456.63572,18.22421,2.35566,2.99297,8.39161
2023-07-13,1.71167,1.56026,1.65236,4.29877,3.73123,3.08166,3.68292,1.65680,1.10817,2249.92576,1488.54127,18.38679,2.38187,2.99686,8.31197
2023-07-14,1.69969,1.55946,1.65930,4.29786,3.73060,3.07944,3.67119,1.65659,1.10988,2169.47147,1455.00589,18.22272,2.38421,2.99771,8.30811
2023-07-17,1.68174,1.55811,1.66815,4.33799,3.76203,3.14180,3.67382,1.65702,1.10989,2157.52384,1450.05202,18.20008,2.36179,2.99546,8.36588
2023-07-18,1.70447,1.56051,1.65835,4.37349,3.78981,3.19969,3.71590,1.65923,1.10687,2135.47898,1440.79677,18.15569,2.39235,2.99989,8.29687
2023-07-19,1.71286,1.56157,1.65578,4.37246,3.78909,3.19695,3.71651,1.65956,1.10704,2141.01040,1443.26667,18.17046,2.40677,3.00227,8.27285
2023-07-20,1.72005,1.56252,1.65413,4.27167,3.71056,3.01918,3.69769,1.65904,1.10703,2133.32166,1440.10091,18.15672,2.41918,3.00438,8.25735
2023-07-21,1.73081,1.56379,1.65228,4.25887,3.70063,2.99775,3.68636,1.65884,1.10694,2141.48738,1443.69640,18.17720,2.42325,3.00545,8.25519
2023-07-24,1.76074,1.56679,1.64929,4.26567,3.70602,3.00785,3.67058,1.65844,1.10670,2088.42677,1421.18569,18.06569,2.45696,3.01020,8.23738
2023-07-25,1.76912,1.56778,1.64986,4.29457,3.72870,3.05349,3.69102,1.65968,1.10750,2091.49697,1422.56397,18.07510,2.47089,3.01240,8.23947
2023-07-26,1.75955,1.56664,1.64828,4.28029,3.71762,3.02953,3.70902,1.66080,1.10820,2101.54152,1426.60835,18.09846,2.45523,3.01004,8.22900
2023-07-27,1.75715,1.56635,1.64782,4.27008,3.70971,3.01225,3.65075,1.65850,1.10591,2090.09638,1422.48157,18.07915,2.44195,3.00705,8.21602
2023-07-28,1.76433,1.56837,1.65041,4.34787,3.77061,3.13642,3.67989,1.66014,1.10737,2098.30072,1425.49905,18.09721,2.44933,3.00962,8.22559
2023-07-31,1.77031,1.57036,1.65301,4.35013,3.77246,3.13927,3.68980,1.66090,1.10800,2091.39429,1423.30544,18.08788,2.45235,3.01103,8.23053
2023-08-01,1.76193,1.56754,1.64898,4.34004,3.76466,3.12213,3.65156,1.65949,1.10656,2111.41850,1429.92246,18.12499,2.43742,3.00589,8.20774
2023-08-02,1.73561,1.55777,1.63524,4.24480,3.69039,2.96742,3.63416,1.65901,1.10600,2085.90680,1422.02620,18.08558,2.40027,2.99239,8.14948
2023-08-03,1.74996,1.56343,1.64301,4.23800,3.68515,2.95731,3.63294,1.65927,1.10612,2089.42776,1423.25276,18.09430,2.41288,2.99761,8.17064
2023-08-04,1.75535,1.56567,1.64602,4.21816,3.66970,2.92929,3.64609,1.66018,1.10666,2079.75864,1420.56995,18.08220,2.42222,3.00158,8.18649
2023-08-07,1.75475,1.56563,1.64585,4.25388,3.69774,2.97672,3.63780,1.66012,1.10673,2087.42465,1422.88749,18.09679,2.41873,3.00069,8.18175
2023-08-08,1.75475,1.56582,1.64600,4.21770,3.66951,2.92798,3.61473,1.65938,1.10696,2131.45391,1435.01050,18.16401,2.41817,3.00089,8.18172
2023-08-09,1.76552,1.57010,1.65184,4.17133,3.63329,2.86798,3.59753,1.65891,1.10774,2117.38471,1431.42227,18.14706,2.43763,3.00806,8.21136
2023-08-10,1.75595,1.56666,1.64695,4.17905,3.63941,2.87664,3.59369,1.65904,1.10826,2106.44925,1428.66106,18.13450,2.42288,3.00346,8.19070
2023-08-11,1.75475,1.56640,1.64647,4.15240,3.61859,2.84519,3.59369,1.65935,1.10853,2104.27516,1428.25452,18.13452,2.41685,3.00179,8.18263
2023-08-14,1.74398,1.56250,1.64092,4.19899,3.65522,2.89649,3.58276,1.65916,1.11032,2104.93272,1428.61263,18.13864,2.40617,2.99888,8.16901
2023-08-15,1.72483,1.55539,1.63092,4.15444,3.62039,2.84887,3.57325,1.65904,1.11225,2087.65645,1424.11951,18.11681,2.37706,2.99199,8.13809
2023-08-16,1.71765,1.55276,1.62715,4.11044,3.58596,2.80457,3.55261,1.65839,1.11678,2058.07437,1416.47227,18.07713,2.36911,2.99156,8.13491
2023-08-17,1.72124,1.55401,1.62881,4.06554,3.55078,2.76301,3.54715,1.65845,1.11851,1908.21669,1379.72348,17.87530,2.37714,2.99313,8.13573
2023-08-18,1.73561,1.55775,1.63399,4.06045,3.54685,2.75860,3.54775,1.65879,1.11873,1863.61168,1372.42071,17.83617,2.38864,2.99515,8.13268
2023-08-21,1.72962,1.55660,1.63224,4.12587,3.59826,2.80790,3.55747,1.65956,1.11602,1870.16355,1373.16299,17.84156,2.38950,2.99582,8.13408
2023-08-22,1.72962,1.55683,1.63245,4.11997,3.59400,2.80397,3.56333,1.66015,1.11452,1859.37761,1372.63095,17.84653,2.38257,2.99552,8.14044
2023-08-23,1.73440,1.55797,1.63395,4.18494,3.64142,2.84734,3.59955,1.66215,1.10269,1893.30277,1375.39520,17.83115,2.39920,2.99818,8.12865
2023-08-24,1.73440,1.55822,1.63419,4.09548,3.57644,2.78883,3.59875,1.66243,1.10344,1870.01248,1373.96410,17.85222,2.40540,2.99952,8.12564
2023-08-25,1.75117,1.56130,1.63850,4.12723,3.59750,2.80653,3.59409,1.66253,1.10548,1863.86329,1373.77433,17.86241,2.41939,3.00184,8.11621
2023-08-28,1.74996,1.56137,1.63847,4.15830,3.61767,2.82362,3.60441,1.66332,1.10252,1868.32921,1374.36550,17.86107,2.42398,3.00298,8.11458
2023-08-29,1.75475,1.56243,1.63988,4.24911,3.67612,2.87327,3.63962,1.66526,1.09123,1980.62572,1382.88778,17.71263,2.42745,3.00398,8.11387
2023-08-30,1.75955,1.56349,1.64128,4.27281,3.69144,2.88626,3.64873,1.66600,1.08891,1953.91237,1381.28538,17.75089,2.43580,3.00558,8.10905
2023-08-31,1.76552,1.56475,1.64297,4.28562,3.69976,2.89330,3.64265,1.66604,1.09080,1857.70684,1374.74674,17.87953,2.43415,3.00595,8.11207
2023-09-01,1.78708,1.56854,1.64832,4.28109,3.69683,2.89073,3.64448,1.66643,1.09075,1846.82192,1374.20145,17.89874,2.45060,3.00855,8.10497
2023-09-04,,,,,,,,,,1846.58839,1374.44419,17.90336,,,
2023-09-05,1.79426,1.57017,1.65058,4.28652,3.70075,2.89404,3.61473,1.66539,1.09703,1845.35992,1374.61390,17.90922,2.44917,3.00895,8.10677
2023-09-06,1.79665,1.57099,1.65165,4.24877,3.67174,2.86828,3.59834,1.66495,1.10070,1843.38647,1374.72758,17.91650,2.44387,3.00887,8.10812
2023-09-07,1.79426,1.57037,1.65059,4.21838,3.64820,2.84735,3.60219,1.66545,1.10031,1876.01116,1377.42082,17.86552,2.43580,3.00844,8.10854
2023-09-08,1.79904,1.57229,1.65329,4.22428,3.65287,2.85140,3.60340,1.66582,1.10045,1854.11606,1376.07444,17.90635,2.43795,3.00928,8.11050
2023-09-11,1.80742,1.57583,1.65840,4.27405,3.69164,2.88569,3.61008,1.66644,1.09948,1799.02811,1372.24742,18.00527,2.45224,3.01162,8.11410
2023-09-12,1.81699,1.58026,1.66488,4.22666,3.65491,2.85288,3.59146,1.66590,1.10362,1850.89546,1376.46444,17.90412,2.45587,3.01263,8.11652
2023-09-13,1.82059,1.58217,1.66759,4.24276,3.66751,2.86400,3.58316,1.66583,1.10570,1877.17512,1378.67983,17.85689,2.45953,3.01364,8.11944
2023-09-14,1.83615,1.59078,1.68037,4.27746,3.69455,2.88797,3.58499,1.66623,1.10571,1900.73674,1380.67175,17.81578,2.47747,3.01656,8.13146
2023-09-15,1.83017,1.58717,1.67475,4.20421,3.63775,2.83645,3.60866,1.66765,1.10127,1909.07940,1381.54008,17.80438,2.47243,3.01598,8.12766
2023-09-18,1.83255,1.58878,1.67705,4.20860,3.64124,2.83950,3.62991,1.66895,1.09736,1915.66539,1382.27869,17.79638,2.47135,3.01618,8.12737
2023-09-19,1.83017,1.58721,1.67450,4.19963,3.63434,2.83318,3.62647,1.66910,1.09843,1947.90388,1384.86705,17.73976,2.47334,3.01719,8.13082
2023-09-20,1.81699,1.57804,1.66040,4.13910,3.58724,2.79055,3.62910,1.66954,1.09829,1942.06005,1384.71520,17.75401,2.46884,3.01631,8.12559
2023-09-21,1.80981,1.57307,1.65270,4.06326,3.53143,2.74003,3.60279,1.66865,1.10395,1901.84889,1382.11168,17.82066,2.44228,3.00869,8.08950
2023-09-22,1.80862,1.57230,1.65138,4.06382,3.53181,2.74031,3.61433,1.66950,1.10200,1902.53259,1382.42396,17.82398,2.44636,3.01042,8.09621
2023-09-25,1.80143,1.56731,1.64367,4.08313,3.54177,2.74908,3.59571,1.66896,1.10614,1881.60864,1381.16772,17.86160,2.43601,3.00772,8.08267
2023-09-26,1.80143,1.56737,1.64361,4.02181,3.51481,2.72473,3.56698,1.66795,1.11235,1874.86119,1380.93585,17.87688,2.42852,3.00585,8.07297
2023-09-27,1.81101,1.57416,1.65373,4.03123,3.51834,2.72779,3.52287,1.66620,1.12253,1884.99219,1381.94541,17.86495,2.43742,3.00874,8.08522
2023-09-28,1.80981,1.57340,1.65241,4.06497,3.52787,2.73629,3.50526,1.66569,1.12836,1934.90416,1385.86718,17.78924,2.44079,3.01000,8.08991
2023-09-29,1.78946,1.55951,1.63064,4.06791,3.52907,2.73728,3.46924,1.66429,1.14370,1926.15962,1385.50417,17.80717,2.41702,3.00552,8.06711
2023-10-02,1.77749,1.55202,1.61869,4.10186,3.53698,2.74444,3.43282,1.66286,1.16301,1973.01500,1389.13925,17.74154,2.39238,3.00303,8.05428
2023-10-03,1.76912,1.54744,1.61124,4.02987,3.52197,2.73052,3.42291,1.66270,1.16992,1963.94314,1388.76595,17.75663,2.38629,3.00284,8.05658
2023-10-04,1.71884,1.52403,1.57368,4.08472,3.53207,2.73941,3.42250,1.66300,1.17091,1989.57461,1390.84329,17.73344,2.34451,2.99815,8.09677
2023-10-05,1.71046,1.52206,1.57086,4.07268,3.53060,2.73805,3.41623,1.66301,1.17684,1963.02719,1389.25271,17.75948,2.34540,2.99884,8.09650
2023-10-06,1.71406,1.52267,1.57142,4.14093,3.54274,2.74874,3.43383,1.66418,1.16197,1999.93231,1392.13046,17.73484,2.36733,3.00222,8.03279
2023-10-09,1.74877,1.52605,1.56965,4.16204,3.54687,2.75232,3.49696,1.66756,1.10594,1974.83710,1390.65011,17.75331,2.39510,3.00631,7.95073
2023-10-10,1.74996,1.52644,1.56992,4.18509,3.55130,2.75617,3.49110,1.66760,1.11085,1962.55853,1390.05068,17.76376,2.39213,3.00651,7.96286
2023-10-11,1.73920,1.52579,1.57097,4.21495,3.55672,2.76090,3.51659,1.66914,1.09338,1920.21328,1387.31654,17.79010,2.37948,3.00550,8.00420
2023-10-12,1.73561,1.52577,1.57170,4.20031,3.55391,2.75827,3.50587,1.66895,1.10100,1913.99833,1387.13259,17.79745,2.38741,3.00707,7.98331
2023-10-13,1.77989,1.52995,1.56475,4.14751,3.54009,2.74554,3.61858,1.67463,1.02801,1921.23495,1387.92210,17.79753,2.43250,3.01333,7.84968
2023-10-16,1.77749,1.53004,1.56553,4.19441,3.55342,2.75762,3.60097,1.67413,1.03322,2040.35977,1396.79251,17.73711,2.41958,3.01230,7.88627
2023-10-17,1.78228,1.53074,1.56514,4.18066,3.55000,2.75445,3.60765,1.67477,1.03194,2035.09270,1396.69882,17.74335,2.42304,3.01331,7.88052
2023-10-18,1.79904,1.53247,1.56301,4.12582,3.53400,2.73973,3.65985,1.67751,1.02081,2027.56807,1396.44877,17.74902,2.44817,3.01701,7.82489
2023-10-19,1.81580,1.53419,1.56219,4.08722,3.52277,2.72939,3.70478,1.67989,1.01408,2053.49830,1398.50049,17.74984,2.45290,3.01816,7.81873
2023-10-20,1.80143,1.53327,1.56195,4.02625,3.50459,2.71270,3.71489,1.68066,1.01333,2126.11975,1403.70842,17.75997,2.44730,3.01805,7.82871
2023-10-23,1.79067,1.53265,1.56136,4.03839,3.50837,2.71598,3.70235,1.68042,1.01411,2358.67848,1419.92361,17.85676,2.42576,3.01596,7.85662
2023-10-24,1.77390,1.53150,1.56009,4.07768,3.51725,2.72389,3.70194,1.68072,1.01429,2425.01284,1428.34097,17.89687,2.41981,3.01580,7.86606
2023-10-25,1.78708,1.53293,1.56162,3.97787,3.49886,2.70726,3.71752,1.68173,1.01465,2468.50883,1437.72096,17.94175,2.43140,3.01781,7.85432
2023-10-26,1.76912,1.53168,1.56024,3.90203,3.49271,2.70188,3.72339,1.68229,1.01503,2446.52353,1431.29314,17.91454,2.42122,3.01712,7.86883
2023-10-27,1.79426,1.53415,1.56291,3.92077,3.49505,2.70163,3.76669,1.68611,1.01824,2426.15674,1423.96793,17.88274,2.44559,3.02073,7.84164
2023-10-30,1.76552,1.53198,1.56052,3.96493,3.49966,2.69719,3.74545,1.68360,1.01598,2468.97021,1441.60449,17.96850,2.41934,3.01807,7.87513
2023-10-31,1.75715,1.53155,1.56002,3.98389,3.50200,2.69527,3.72501,1.68069,1.01338,2479.08522,1446.18336,17.99269,2.42314,3.01912,7.87282
2023-11-01,1.75955,1.53205,1.56054,4.05304,3.50874,2.68570,3.71327,1.67903,1.01183,2536.02654,1474.18394,18.13114,2.41307,3.01843,7.88724
2023-11-02,1.77870,1.53400,1.56265,4.12662,3.51577,2.67570,3.72562,1.68124,1.01367,2496.72769,1453.65496,18.03218,2.43416,3.02164,7.86393
2023-11-03,1.77031,1.53357,1.56216,4.17510,3.52056,2.66935,3.73917,1.68371,1.01579,2484.22395,1447.13338,18.00001,2.43883,3.02279,7.86059
2023-11-06,1.77870,1.53459,1.56324,4.19213,3.52266,2.66859,3.71004,1.67866,1.01103,2506.37577,1458.77744,18.06617,2.43402,3.02276,7.86861
2023-11-07,1.73920,1.53147,1.55975,4.23176,3.52664,2.66885,3.69466,1.67608,1.00855,2535.06010,1473.83354,18.15478,2.38859,3.01769,7.92535
2023-11-08,1.71884,1.52996,1.55956,4.23448,3.52737,2.66940,3.65783,1.66959,1.00249,2562.21674,1488.07392,18.24243,2.37361,3.01637,7.94607
2023-11-09,1.71765,1.53015,1.55995,4.20190,3.52220,2.66516,3.67240,1.67246,1.00501,2625.01849,1520.93141,18.45263,2.36984,3.01646,7.95238
2023-11-10,1.72364,1.53097,1.55908,4.29636,3.54303,2.68214,3.63234,1.66535,0.99834,2674.56007,1546.79704,18.62405,2.35744,3.01545,7.97647
2023-11-13,1.74758,1.53338,1.55302,4.28297,3.53960,2.67944,3.65257,1.66829,1.00089,2615.56648,1516.12309,18.41174,2.39316,3.02058,7.89241
2023-11-14,1.74518,1.53346,1.55408,4.37517,3.57213,2.70524,3.68515,1.67221,1.00435,2547.38571,1480.58561,18.16264,2.39986,3.02200,7.87935
2023-11-15,1.73561,1.53291,1.55704,4.37846,3.57369,2.70641,3.67544,1.67138,1.00349,2708.41904,1564.85240,18.76464,2.39974,3.02255,7.88246
2023-11-16,1.69371,1.52949,1.56909,4.38220,3.57572,2.70797,3.71692,1.67612,1.00777,2588.16320,1502.35244,18.34179,2.36341,3.01854,7.97112
2023-11-17,1.72005,1.53216,1.56013,4.38323,3.57640,2.70845,3.71651,1.67635,1.00787,2617.45919,1517.68865,18.44251,2.36714,3.01958,7.96483
2023-11-20,1.73860,1.53410,1.55410,4.43659,3.61130,2.73696,3.71044,1.67596,1.00740,2685.19289,1553.06719,18.67146,2.38552,3.02249,7.92167
2023-11-21,1.74758,1.53518,1.55145,4.41081,3.59280,2.72157,3.75051,1.68053,1.01151,2579.18981,1497.92036,18.32294,2.39179,3.02386,7.90902
2023-11-22,1.73321,1.53421,1.55682,4.42886,3.60610,2.73291,3.73452,1.67909,1.01007,2677.10385,1549.13082,18.64905,2.37475,3.02227,7.95380
2023-11-23,,,,,,,,,,2670.56799,1545.75938,18.63061,,,
2023-11-24,1.72364,1.53365,1.56059,4.42263,3.60161,2.72841,3.75395,1.68140,1.01209,2699.70346,1560.96936,18.72461,2.35747,3.02064,8.00098
2023-11-27,1.71167,1.53287,1.56518,4.41876,3.59885,2.72536,3.77924,1.68472,1.01516,2664.66495,1542.76871,18.61693,2.34749,3.01993,8.03313
2023-11-28,1.72962,1.53477,1.55848,4.43034,3.60742,2.73411,3.82962,1.69266,1.02276,2707.55386,1565.14934,18.75449,2.37138,3.02358,7.95373
2023-11-29,1.74518,1.53644,1.55283,4.42603,3.60433,2.73038,3.83529,1.69389,1.02379,2708.86994,1565.86665,18.76075,2.38021,3.02527,7.92708
2023-11-30,1.71645,1.53420,1.56445,4.41490,3.59625,2.72102,3.81930,1.69006,1.01995,2699.26881,1560.90432,18.73279,2.36846,3.02434,7.97003
2023-12-01,1.70568,1.53352,1.56918,4.42750,3.60556,2.73120,3.88527,1.70809,1.03740,2770.18786,1597.84599,18.95976,2.36113,3.02397,7.99818
2023-12-04,1.69611,1.53295,1.57365,4.38640,3.57551,2.69715,3.80130,1.68301,1.01414,2999.70912,1717.02854,19.68468,2.32722,3.02020,8.12179
2023-12-05,1.68055,1.53183,1.58206,4.39742,3.58367,2.70601,3.78693,1.67878,1.01018,3154.07429,1796.58685,20.13461,2.31791,3.01955,8.16054
2023-12-06,1.63984,1.52841,1.60818,4.37198,3.56509,2.68491,3.80089,1.68312,1.01397,3131.08663,1784.83971,20.07210,2.27132,3.01405,8.37764
2023-12-07,1.64224,1.52892,1.60685,4.43307,3.60999,2.73483,3.80716,1.68512,1.01567,3097.93216,1767.86743,19.98024,2.27811,3.01552,8.34712
2023-12-08,1.65181,1.53009,1.59880,4.45283,3.62455,2.75092,3.75637,1.66989,1.00183,3163.95492,1801.81311,20.18175,2.27959,3.01628,8.34241
2023-12-11,1.64583,1.52983,1.60518,4.49086,3.65249,2.78212,3.71489,1.65745,0.99159,2949.57799,1691.97544,19.50037,2.26703,3.01518,8.42559
2023-12-12,1.61830,1.52755,1.63602,4.52663,3.67875,2.81151,3.71287,1.65702,0.99118,2967.99975,1701.52136,19.56241,2.24565,3.01290,8.58450
2023-12-13,1.63865,1.52976,1.61129,4.58419,3.72093,2.85898,3.79664,1.67536,1.00621,3073.34220,1755.90923,19.90640,2.24698,3.01365,8.57879
2023-12-14,1.66737,1.53273,1.57705,4.58022,3.71810,2.85513,3.81890,1.68016,1.00978,3080.07567,1759.40803,19.92997,2.29843,3.02111,8.14622
2023-12-15,1.66858,1.53313,1.57638,4.60236,3.73435,2.87532,3.78389,1.67311,1.00440,3004.56169,1720.62287,19.69145,2.30611,3.02268,8.10017
2023-12-18,1.67854,1.53433,1.56544,4.63136,3.75561,2.90321,3.80109,1.67687,1.00718,3051.63168,1744.91881,19.84545,2.31147,3.02395,8.07017
2023-12-19,1.69477,1.53610,1.54756,4.65502,3.77295,2.92698,3.82699,1.68242,1.01132,3025.58785,1731.55238,19.76414,2.32286,3.02601,8.00171
2023-12-20,1.67481,1.53458,1.56886,4.58585,3.72257,2.85193,3.80615,1.67830,1.00815,3121.01761,1780.74163,20.07321,2.31292,3.02528,8.06704
2023-12-21,1.67730,1.53509,1.56694,4.63920,3.76163,2.90906,3.83306,1.68406,1.01244,3139.99077,1790.52139,20.13541,2.31078,3.02556,8.08491
2023-12-22,1.67231,1.53492,1.57282,4.64614,3.76677,2.91625,3.85006,1.68776,1.01515,3149.95848,1795.67413,20.16892,2.31913,3.02722,8.03778
2023-12-25,,,,,,,,,,3122.34852,1781.54600,20.08226,,,
2023-12-26,1.68852,1.53670,1.55649,4.67458,3.78760,2.94782,3.87940,1.69394,1.02012,3041.28127,1739.95338,19.81476,2.33262,3.02955,7.95933
2023-12-27,1.68354,1.53653,1.56222,4.68410,3.79462,2.95834,3.89701,1.69811,1.02355,3108.97905,1774.84720,20.04475,2.33811,3.03083,7.93134
2023-12-28,1.66982,1.53557,1.57689,4.68182,3.79304,2.95507,3.87434,1.69221,1.01837,3054.13296,1746.70480,19.86398,2.32550,3.02977,8.00770
2023-12-29,1.65860,1.53482,1.58922,4.66157,3.77835,2.93021,3.86827,1.69062,1.01689,3006.02942,1721.98082,19.70423,2.30451,3.02759,8.13359
2024-01-01,,,,,,,,,,3152.81945,1797.69514,20.20357,,,
2024-01-02,1.64488,1.53384,1.60435,4.58268,3.72088,2.83541,3.85917,1.68810,1.01456,3216.64150,1830.48380,20.41700,2.29217,3.02654,8.21129
2024-01-03,1.66733,1.53622,1.58099,4.53418,3.68552,2.77783,3.82699,1.67884,1.00615,3061.50312,1751.06617,19.90988,2.29796,3.02787,8.18100
2024-01-04,1.65984,1.53582,1.58948,4.51085,3.66853,2.75006,3.83084,1.68008,1.00716,3167.22537,1805.52487,20.25642,2.29818,3.02846,8.18422
2024-01-05,1.66858,1.53691,1.58099,4.51620,3.67252,2.75546,3.83144,1.68038,1.00732,3159.75134,1801.72780,20.23533,2.30611,3.03008,8.14103
2024-01-08,1.64114,1.53467,1.61024,4.60954,3.74091,2.85468,3.80150,1.67174,0.99948,3362.66523,1905.89885,20.86925,2.27781,3.02693,8.31644
2024-01-09,1.65610,1.53636,1.59481,4.61865,3.74764,2.86348,3.80271,1.67220,0.99980,3298.44010,1873.17699,20.69100,2.29874,3.03027,8.19051
2024-01-10,1.64488,1.53561,1.60739,4.64995,3.77058,2.89462,3.79401,1.66979,0.99751,3350.98677,1900.07289,20.84272,2.28080,3.02848,8.30436
2024-01-11,1.65486,1.53682,1.59737,4.65963,3.77772,2.90403,3.80150,1.67188,0.99940,3319.68806,1884.14006,20.75687,2.28539,3.02965,8.28023
2024-01-12,1.66109,1.53769,1.59145,4.66202,3.77954,2.90608,3.83873,1.68130,1.00852,3064.63658,1753.89653,20.03626,2.29275,3.03119,8.23780
2024-01-15,,,,,,,,,,3043.98652,1743.29661,19.98115,,,
2024-01-16,1.64862,1.53682,1.60526,4.66157,3.77929,2.90525,3.80231,1.67239,0.99963,3089.97515,1767.03671,20.10872,2.28092,3.03019,8.31851
2024-01-17,1.64363,1.53664,1.61147,4.63527,3.76018,2.87825,3.76042,1.66273,0.99031,3055.46600,1749.31246,20.02040,2.26286,3.02836,8.44684
2024-01-18,1.65610,1.53810,1.59730,4.70106,3.80829,2.94423,3.79138,1.66881,0.99584,2953.30079,1696.70632,19.75428,2.27639,3.03073,8.35163
2024-01-19,1.65235,1.53804,1.60244,4.79429,3.87634,3.03882,3.80271,1.67100,0.99775,2977.99012,1709.50735,19.81925,2.26748,3.03011,8.42133
2024-01-22,1.66109,1.53913,1.59277,4.80054,3.88097,3.04467,3.78834,1.66872,0.99550,2832.71150,1634.48563,19.46845,2.27031,3.03106,8.40427
2024-01-23,1.66858,1.54012,1.58468,4.82046,3.89555,3.06630,3.80312,1.67131,0.99786,2844.17877,1640.41414,19.49641,2.28730,3.03389,8.27197
2024-01-24,1.68229,1.54167,1.56941,4.84722,3.91509,3.09809,3.77175,1.66648,0.99308,2870.27072,1652.85994,19.55282,2.30845,3.03726,8.10967
2024-01-25,1.69352,1.54298,1.55726,4.85313,3.91947,3.10489,3.78673,1.66877,0.99516,2857.08700,1647.06785,19.53007,2.31440,3.03861,8.06943
2024-01-26,1.70224,1.54407,1.54813,4.82423,3.89854,3.06570,3.78410,1.66866,0.99493,2996.16128,1705.37192,19.79341,2.31630,3.03942,8.06053
2024-01-29,1.68852,1.54311,1.56258,4.87363,3.93455,3.13119,3.81081,1.67217,0.99829,3093.33198,1743.65615,19.95818,2.29636,3.03737,8.20737
2024-01-30,1.69975,1.54442,1.55228,4.84118,3.91106,3.08561,3.81607,1.67306,0.99904,3074.12904,1736.29664,19.93005,2.31906,3.04094,8.05033
2024-01-31,1.68603,1.54346,1.56507,4.74636,3.84219,2.95369,3.81323,1.67296,0.99881,3048.32047,1726.34677,19.89100,2.31255,3.04065,8.09525
2024-02-01,1.66109,1.54147,1.58776,4.80225,3.88299,3.02542,3.85289,1.67803,1.00373,3079.16113,1738.51286,19.94477,2.29033,3.03830,8.23836
2024-02-02,1.64363,1.54014,1.60430,4.88341,3.94214,3.12778,3.81647,1.67389,0.99945,3088.82551,1742.39087,19.96364,2.26915,3.03606,8.37800
2024-02-05,1.64986,1.54101,1.59916,4.87704,3.93759,3.11928,3.79543,1.67159,0.99701,3050.45364,1727.56260,19.90419,2.26495,3.03606,8.41026
2024-02-06,1.65486,1.54176,1.59518,4.86726,3.93056,3.10656,3.81526,1.67425,0.99953,3085.05505,1741.19909,19.96558,2.26921,3.03720,8.38684
2024-02-07,1.65984,1.54251,1.59112,4.91734,3.96704,3.16783,3.81425,1.67438,0.99952,3167.38901,1773.38495,20.11111,2.27020,3.03790,8.38461
2024-02-08,1.67231,1.54396,1.57971,4.92644,3.97373,3.17843,3.81081,1.67422,0.99921,3244.62220,1803.31197,20.24974,2.27864,3.03959,8.32921
2024-02-09,1.67605,1.54459,1.57680,4.97494,4.00902,3.24082,3.79603,1.67267,0.99753,3376.66822,1856.79299,20.49828,2.27808,3.04009,8.33807
2024-02-12,1.67730,1.54500,1.57627,4.95547,3.99499,3.21330,3.78612,1.67172,0.99643,3577.99567,1943.01625,20.88515,2.27318,3.04000,8.37946
2024-02-13,1.66982,1.54460,1.58403,4.87818,3.93899,3.10341,3.73391,1.66549,0.99008,3552.10648,1931.38562,20.83948,2.26324,3.03924,8.46264
2024-02-14,1.64862,1.54293,1.60502,4.93134,3.97770,3.17568,3.73169,1.66558,0.98999,3710.72982,2009.04910,21.18377,2.24314,3.03711,8.63317
2024-02-15,1.65486,1.54380,1.59953,4.94603,3.98845,3.19519,3.75678,1.66701,0.99086,3717.51897,2012.39898,21.20103,2.24879,3.03844,8.58783
2024-02-16,1.65984,1.54455,1.59520,4.90117,3.95598,3.13239,3.77054,1.66794,0.99122,3733.13404,2020.04841,21.24234,2.26406,3.04108,8.45069
2024-02-19,,,,,,,,,,3707.90350,2007.80310,21.17421,,,
2024-02-20,1.65111,1.54403,1.60479,4.86419,3.92919,3.08097,3.79340,1.66926,0.99162,3743.92323,2025.39883,21.28351,2.25468,3.04038,8.54281
2024-02-21,1.65984,1.54513,1.59585,4.84472,3.91512,3.05430,3.79361,1.66958,0.99182,3703.57444,2005.79573,21.15743,2.27207,3.04330,8.38706
2024-02-22,1.66233,1.54566,1.59382,4.98655,4.01836,3.23837,3.79522,1.66996,0.99203,3671.22301,1990.06861,21.05196,2.26930,3.04350,8.41826
2024-02-23,1.63739,1.54363,1.62218,4.97186,4.00779,3.22263,3.81667,1.67122,0.99242,3635.20799,1972.53968,20.93045,2.24600,3.04094,8.63668
2024-02-26,1.65235,1.54533,1.60577,4.96925,4.00598,3.21950,3.80817,1.67116,0.99255,3904.52017,2104.10182,21.87139,2.25566,3.04282,8.55160
2024-02-27,1.66358,1.54667,1.59388,4.98120,4.01473,3.23153,3.80413,1.67130,0.99271,4083.31775,2190.86245,22.43451,2.27644,3.04620,8.36398
2024-02-28,1.65735,1.54638,1.60150,4.95467,3.99557,3.20331,3.81101,1.67191,0.99297,4470.59685,2377.91959,23.62773,,,
2024-02-29,1.65361,1.54632,1.60639,4.99714,4.02648,3.24780,3.83064,1.67309,0.99332,4394.30138,2341.44558,23.43759,2.27787,3.04696,8.35735
2024-03-01,1.66358,1.54754,1.59592,5.07237,4.08112,3.32924,3.90308,1.67652,0.99489,4475.15337,2380.26701,23.64599,2.29051,3.04922,8.25175
2024-03-04,1.66858,1.54829,1.59109,5.05428,4.06810,3.30873,3.96621,1.68085,0.99907,4873.63994,2571.07063,24.69705,2.30134,3.05123,8.16855
2024-03-05,1.65735,1.54754,1.60418,4.96355,4.00247,3.20357,3.99008,1.68414,1.00203,4577.22739,2430.38979,23.95146,2.29336,3.05075,8.23404
2024-03-06,1.66982,1.54900,1.59094,4.99475,4.02519,3.23853,4.02287,1.69097,1.00845,4731.34142,2504.08784,24.34794,2.30727,3.05317,8.13444
2024-03-07,1.67481,1.54975,1.58617,5.07056,4.08026,3.32462,4.04573,1.69736,1.01450,4800.52947,2537.09624,24.52446,2.31780,3.05513,8.06671
2024-03-08,1.66982,1.54958,1.59234,4.99736,4.02733,3.23950,4.07993,1.70949,1.02625,4891.66785,2580.49925,24.75441,2.31148,3.05487,8.10978
2024-03-11,1.68354,1.55114,1.57792,4.97881,4.01396,3.21908,4.08741,1.71235,1.02920,5167.54268,2711.53181,25.45061,2.31892,3.05642,8.07034
2024-03-12,1.67854,1.55097,1.58400,5.05018,4.06582,3.29526,4.04270,1.69552,1.00782,5112.76247,2685.71828,25.31894,2.31669,3.05670,8.08656
2024-03-13,1.69975,1.55322,1.56193,5.01136,4.03779,3.25341,4.07102,1.70625,1.02091,5230.77793,2741.56807,25.62514,2.33623,3.05986,7.98760
2024-03-14,1.70724,1.55420,1.55618,4.99873,4.02871,3.23957,4.05403,1.69987,1.01255,5117.95481,2688.40538,25.32579,2.33876,3.06076,7.97947
2024-03-15,1.71596,1.55528,1.55035,4.93930,3.98569,3.17607,4.04108,1.69502,1.00590,4969.05416,2618.06709,24.91363,2.34188,3.06174,7.96997
2024-03-18,1.73092,1.55693,1.54185,4.98642,4.01999,3.22332,4.04755,1.69750,1.00893,4850.66794,2561.98444,24.57707,2.35391,3.06389,7.92824
2024-03-19,1.73217,1.55733,1.54169,4.99883,4.02908,3.23535,4.04290,1.69578,1.00615,4435.42277,2364.64913,23.35691,2.35233,3.06426,7.93590
2024-03-20,1.72469,1.55695,1.54417,5.05811,4.07216,3.29424,4.09106,1.71399,1.03259,4856.19500,2566.59130,24.56891,2.34475,3.06384,7.95944
2024-03-21,1.72220,1.55702,1.54506,5.08205,4.08959,3.31795,4.08681,1.71243,1.02990,4684.89058,2485.16090,24.19520,2.34983,3.06508,7.94886
2024-03-22,1.71097,1.55630,1.54733,5.08786,4.09388,3.32343,4.05403,1.70010,1.01057,4544.01400,2417.95575,23.88187,2.33284,3.06344,7.99203
2024-03-25,1.72594,1.55795,1.54514,5.06939,4.08060,3.30434,4.06698,1.70502,1.01774,5013.22323,2642.71352,24.95199,2.34700,3.06587,7.96077
2024-03-26,1.71222,1.55700,1.54732,5.05298,4.06879,3.28684,4.08013,1.71002,1.02505,5015.30081,2643.75393,24.95898,2.33320,3.06464,7.99648
2024-03-27,1.71347,1.55740,1.54752,5.07019,4.08135,3.30456,4.10967,1.72120,1.04191,4957.81508,2616.53610,24.86160,2.32499,3.06413,8.01905
2024-03-28,1.72968,1.55917,1.54570,5.06085,4.07466,3.29379,4.16269,1.74122,1.07382,5069.40038,2669.59162,25.06196,2.35335,3.06844,7.95317
2024-03-29,,,,,,,,,,5004.27804,2638.78242,24.95188,,,
2024-04-01,1.74215,1.56058,1.54461,5.07156,4.08251,3.30532,4.20518,1.75725,1.09970,4995.30150,2634.57714,24.93893,2.36366,3.07036,7.93110
2024-04-02,1.75960,1.56244,1.54454,5.02780,4.05089,3.25565,4.26730,1.78065,1.14059,4690.54634,2489.97361,24.37448,2.38294,3.07344,7.89408
2024-04-03,1.77956,1.56441,1.54707,5.03908,4.05915,3.26776,4.30473,1.79475,1.16555,4733.23777,2510.42163,24.46042,2.41208,3.07777,7.85594
2024-04-04,1.78579,1.56575,1.54893,4.96202,4.00337,3.18113,4.28005,1.78552,1.14724,4898.42592,2589.32500,24.78210,2.42087,3.07946,7.85336
2024-04-05,1.79203,1.56774,1.55183,5.02050,4.04592,3.24513,4.35330,1.81306,1.19944,4860.26057,2571.22183,24.71328,2.43644,3.08185,7.86011
2024-04-08,1.79203,1.56786,1.55182,5.02198,4.04707,3.24626,4.38041,1.82326,1.21904,5132.80827,2701.04242,25.23358,2.43747,3.08245,7.86152
2024-04-09,1.78330,1.56388,1.54539,5.04056,4.06063,3.26543,4.40449,1.83232,1.23650,4943.97643,2611.66624,24.89049,2.43528,3.08184,7.85705
2024-04-10,1.78954,1.56713,1.55030,4.99656,4.02882,3.21851,4.36281,1.81675,1.20308,5051.68918,2662.93019,25.09607,2.43736,3.08319,7.86212
2024-04-11,1.78205,1.56321,1.54391,5.07634,4.08680,3.30174,4.44759,1.84856,1.26846,5013.54769,2644.89048,25.02865,2.42551,3.07623,7.82586
2024-04-12,1.78704,1.56606,1.54822,4.99542,4.02825,3.22094,4.38871,1.82658,1.22061,4802.51455,2544.74835,24.63884,2.43966,3.08537,7.86929
2024-04-15,1.78704,1.56617,1.54820,4.91324,3.96870,3.14777,4.47086,1.85739,1.28010,4537.34613,2418.34507,24.13446,2.43751,3.08414,7.86154
2024-04-16,1.78704,1.56628,1.54818,4.91369,3.96911,3.14790,4.47633,1.85947,1.28366,4565.36721,2431.83682,24.19322,2.43853,3.08512,7.86489
2024-04-17,1.75960,1.55067,1.52309,4.85375,3.92552,3.10411,4.44334,1.84718,1.25925,4389.25083,2347.45668,23.84803,2.42458,3.07492,7.81166
2024-04-18,1.75586,1.54863,1.51967,4.82604,3.90625,3.08631,4.45852,1.85289,1.26976,4545.70746,2422.81402,24.15878,2.42200,3.07324,7.80159
2024-04-19,1.76460,1.55376,1.52758,4.72620,3.84529,3.02915,4.47248,1.85815,1.27940,4563.77902,2431.53325,24.19437,2.44530,3.09104,7.88964
2024-04-22,1.76584,1.55456,1.52865,4.77373,3.86712,3.04847,4.36200,1.81688,1.19696,4791.52661,2540.79098,24.60230,2.43934,3.08683,7.86672
2024-04-23,1.77332,1.55872,1.53504,4.84497,3.89368,3.07180,4.35127,1.81290,1.18968,4751.49529,2521.73933,24.54034,2.44388,3.09050,7.88366
2024-04-24,1.77207,1.55817,1.53398,4.86138,3.89967,3.07688,4.34318,1.80990,1.18412,4594.36545,2446.73845,24.28541,2.43806,3.08639,7.86126
2024-04-25,1.78205,1.56355,1.54242,4.83790,3.89223,3.07047,4.36908,1.81965,1.20045,4617.65719,2457.95318,24.32807,2.44651,3.09300,7.89302
2024-04-26,1.78205,1.56368,1.54243,4.91256,3.91688,3.09230,4.38325,1.82500,1.20929,4564.84122,2432.70210,24.24291,2.44461,3.09183,7.88552
2024-04-29,1.78205,1.56381,1.54244,4.93250,3.92376,3.09834,4.37434,1.82170,1.20315,4574.21157,2437.24708,24.26220,2.45600,3.10064,7.92843
2024-04-30,1.75836,1.55147,1.52235,4.83950,3.89449,3.07221,4.28713,1.78905,1.14605,4340.01528,2324.99111,23.87003,2.41605,3.07089,7.77378
2024-05-01,1.73217,1.53882,1.50228,4.80451,3.88361,3.06244,4.32598,1.80368,1.16725,4161.46917,2238.90974,23.56378,2.38942,3.05085,7.67442
2024-05-02,1.73467,1.53981,1.50358,4.86582,3.90300,3.07906,4.31263,1.79871,1.15980,4235.07150,2272.96192,23.68607,2.39729,3.05598,7.69548
2024-05-03,1.73966,1.54130,1.50562,4.96362,3.93299,3.10452,4.30919,1.79745,1.15772,4508.02423,2387.10622,24.08907,2.40961,3.06269,7.72371
2024-05-06,1.75711,1.54512,1.51121,5.01799,3.94969,3.11869,4.35451,1.81451,1.18170,4525.52045,2393.88329,24.11437,2.43868,3.07658,7.78391
2024-05-07,1.75711,1.54537,1.51141,5.01879,3.95040,3.11926,4.33448,1.80703,1.17083,4466.03463,2371.48645,24.04559,,,
2024-05-08,1.75088,1.54437,1.50978,5.01582,3.94985,3.11874,4.32173,1.80229,1.16386,4371.71909,2335.75460,23.93306,2.42777,3.07196,7.76223
2024-05-09,1.75836,1.54596,1.51203,5.02677,3.95414,3.12234,4.38992,1.82792,1.19951,4509.08603,2388.46186,24.10927,2.43796,3.07707,7.78364
2024-05-10,1.75337,1.54533,1.51089,5.03862,3.95925,3.12671,4.42554,1.84130,1.21759,4358.64725,2331.52538,23.92878,2.44605,3.08121,7.80075
2024-05-13,1.76709,1.54789,1.51472,5.05024,3.96474,3.13151,4.37596,1.82278,1.19171,4501.10183,2386.19371,24.11188,2.45810,3.08715,7.82592
2024-05-14,1.75711,1.54649,1.51232,5.08273,3.98095,3.14617,4.41299,1.83670,1.21046,4405.80950,2350.71981,23.99874,2.45515,3.08621,7.82050
2024-05-15,1.76335,1.54780,1.51418,5.16217,4.02407,3.18604,4.46965,1.85796,1.23948,4744.06814,2478.09632,24.42479,2.47416,3.09529,7.85956
2024-05-16,1.76958,1.54910,1.51604,5.15168,4.01785,3.18023,4.45225,1.85149,1.23017,4671.61527,2452.32116,24.34681,2.47956,3.09824,7.87167
2024-05-17,1.78579,1.55207,1.52050,5.14918,4.01622,3.17854,4.52570,1.87902,1.26812,4792.37440,2495.92667,24.48904,2.51903,3.12142,7.97871
2024-05-20,1.80326,1.55522,1.52525,5.18508,4.04150,3.20256,4.54391,1.88586,1.27740,5096.26270,2604.55841,24.83419,2.55521,3.14596,8.08433
2024-05-21,1.79826,1.55456,1.52403,5.19523,4.04871,3.20974,4.53723,1.88341,1.27325,5025.76554,2580.02037,24.76267,2.54965,3.14129,8.06355
2024-05-22,1.77457,1.54933,1.51558,5.19420,4.04807,3.20854,4.45386,1.85230,1.22224,4944.00308,2550.81644,24.67500,2.53642,3.12812,8.00655
2024-05-23,1.76335,1.54696,1.51164,5.17084,4.03177,3.18784,4.36503,1.81909,1.17080,4849.79789,2514.42641,24.56242,2.50635,3.09596,7.86996
2024-05-24,1.77207,1.54923,1.51504,5.21973,4.06616,3.23123,4.36908,1.82065,1.17249,4910.65538,2539.02141,24.64593,2.50457,3.09413,7.86126
2024-05-27,,,,,,,,,,4963.53584,2560.78203,24.72113,,,
2024-05-28,1.80451,1.55704,1.52713,5.23946,4.08008,3.24916,4.41501,1.83791,1.19331,4891.60383,2530.44696,24.62278,2.54374,3.13629,8.03652
2024-05-29,1.78579,1.55297,1.52051,5.20253,4.05428,3.21296,4.37394,1.82256,1.17478,4837.31047,2506.92343,24.54542,2.51715,3.10787,7.91555
2024-05-30,1.76211,1.54771,1.51202,5.14679,4.01527,3.15825,4.38223,1.82571,1.17817,4893.94114,2531.82035,24.63595,2.48277,3.07104,7.76006
2024-05-31,1.75213,1.54560,1.50846,5.13721,4.00863,3.14860,4.35654,1.81611,1.16704,4822.53029,2500.61459,24.52834,2.45808,3.04477,7.66541
2024-06-03,1.72594,1.53970,1.50058,5.16480,4.02809,3.17490,4.39539,1.83072,1.18302,4926.70987,2546.53312,24.69824,2.45260,3.03974,7.64704
2024-06-04,1.70848,1.53789,1.49807,5.17892,4.03809,3.18822,4.35593,1.81597,1.16669,5049.87432,2600.61949,24.89670,2.41830,3.01199,7.54612
2024-06-05,1.71471,1.53874,1.49820,5.28334,4.11144,3.28927,4.40753,1.83537,1.18684,5088.04886,2617.55791,24.96116,2.43293,3.02114,7.57748
2024-06-06,1.73841,1.54115,1.49548,5.28151,4.11025,3.28708,4.44011,1.84762,1.19928,5066.65224,2607.70566,24.92773,2.47129,3.04057,7.64531
2024-06-07,1.71471,1.53934,1.49881,5.27684,4.10706,3.28208,4.28167,1.78830,1.13770,4962.84458,2559.67511,24.74228,2.43260,3.02264,7.58409
2024-06-10,1.73966,1.54187,1.49411,5.29816,4.12208,3.30261,4.32092,1.80266,1.14733,4971.99029,2563.97380,24.76249,2.44667,3.02836,7.60226
2024-06-11,1.73592,1.54183,1.49524,5.33451,4.14762,3.33887,4.33327,1.80690,1.15019,4821.85039,2494.34500,24.47923,2.45484,3.03157,7.61237
2024-06-12,1.74215,1.54267,1.49437,5.40438,4.19660,3.41170,4.34480,1.81075,1.15285,4882.37174,2522.57391,24.60007,2.47023,3.03703,7.63025
2024-06-13,1.74339,1.54307,1.49451,5.43367,4.21716,3.44390,4.30939,1.79937,1.14482,4779.99554,2475.02124,24.40564,2.45763,3.03342,7.61753
2024-06-14,1.73841,1.54292,1.49589,5.46182,4.23691,3.47679,4.36524,1.81661,1.15718,4722.64261,2448.34585,24.29660,2.44998,3.03138,7.61019
2024-06-17,1.74215,1.54354,1.49552,5.52873,4.28371,3.56067,4.34257,1.80984,1.15231,4758.55097,2465.15114,24.37049,2.43780,3.02805,7.59778
2024-06-18,1.75586,1.54504,1.49315,5.53044,4.28499,3.56196,4.35998,1.81520,1.15613,4660.36825,2419.42549,24.18100,2.45798,3.03367,7.61727
2024-06-19,,,,,,,,,,4643.66212,2411.66671,24.15090,,,
2024-06-20,1.76085,1.54577,1.49255,5.48782,4.25536,3.49957,4.41441,1.83170,1.16797,4645.02111,2412.30655,24.15664,2.45894,3.03442,7.61926
2024-06-21,1.75088,1.54518,1.49490,5.47311,4.24518,3.47713,4.34601,1.81127,1.15322,4586.92750,2386.38265,24.04538,2.43496,3.02880,7.59845
2024-06-24,1.75836,1.54613,1.49380,5.41081,4.20178,3.38477,4.36321,1.81656,1.15700,4313.00516,2269.74846,23.52389,2.45549,3.03344,7.61465
2024-06-25,1.74713,1.54543,1.49641,5.47268,4.24511,3.47324,4.34156,1.81014,1.15235,4418.98628,2306.99956,23.68567,2.42860,3.02854,7.59605
2024-06-26,1.74839,1.54583,1.49654,5.48398,4.25309,3.48886,4.30150,1.79816,1.14369,4351.33478,2286.72440,23.60339,2.42132,3.02810,7.59351
2024-06-27,1.75586,1.54678,1.49543,5.49813,4.26305,3.50870,4.35026,1.81189,1.15413,4406.83705,2301.81020,23.67101,2.42749,3.02943,7.59623
2024-06-28,1.75213,1.54674,1.49655,5.46960,4.24323,3.46569,4.35067,1.81213,1.15426,4316.18015,2280.04405,23.57986,2.41991,3.02905,7.59691
2024-07-01,1.77457,1.54901,1.49246,5.50168,4.26571,3.51170,4.36200,1.81534,1.15667,4497.41290,2319.26594,23.75473,2.42845,3.03069,7.59725
2024-07-02,1.77332,1.54919,1.49307,5.55944,4.30611,3.59589,4.36180,1.81542,1.15668,4439.66782,2307.98151,23.71059,2.42680,3.03105,7.59920
2024-07-03,1.78330,1.55036,1.49164,5.60579,4.33851,3.66415,4.41097,1.82893,1.16694,4309.95871,2282.40618,23.60483,2.44988,3.03450,7.59310
2024-07-04,,,,,,,,,,4109.68249,2246.79682,23.45538,,,
2024-07-05,1.79079,1.55130,1.49118,5.66424,4.37931,3.75124,4.47046,1.84518,1.17932,4059.77689,2240.66899,23.43258,2.45820,3.03610,7.59204
2024-07-08,1.76834,1.54964,1.49175,5.67771,4.38878,3.77132,4.41501,1.83036,1.16792,4057.69598,2240.88042,23.43613,2.43071,3.03327,7.60302
2024-07-09,1.75337,1.54862,1.49224,5.68262,4.39229,3.77818,4.42250,1.83252,1.16950,4149.99254,2246.39610,23.45225,2.41577,3.03197,7.60985
2024-07-10,1.75337,1.54891,1.49256,5.74187,4.43360,3.87560,4.43869,1.83701,1.17301,4131.42463,2245.81061,23.45594,2.41030,3.03185,7.61315
2024-07-11,1.75836,1.54964,1.49281,5.61595,4.34618,3.66123,4.51740,1.85926,1.19144,4101.77141,2244.61657,23.46129,2.41847,3.03344,7.60982
2024-07-12,1.75213,1.54938,1.49320,5.64895,4.36925,3.71403,4.51457,1.85843,1.19071,4141.23814,2247.19397,23.46177,,,
2024-07-15,1.74215,1.54878,1.49361,5.66413,4.37991,3.73792,4.52914,1.86331,1.19463,4633.35876,2274.31565,23.39820,2.39117,3.03058,7.63209
2024-07-16,1.73341,1.54829,1.49413,5.66629,4.38151,3.74033,4.61938,1.89653,1.22248,4660.84806,2276.08735,23.39944,2.39130,3.03116,7.63362
2024-07-17,1.73716,1.54892,1.49394,5.49997,4.26585,3.46254,4.59794,1.88864,1.21556,4595.18160,2273.30329,23.40375,2.38273,3.03064,7.64853
2024-07-18,1.72718,1.54831,1.49621,5.47394,4.24776,3.43189,4.56860,1.87784,1.20515,4579.64503,2272.94162,23.40651,2.37761,3.03055,7.66067
2024-07-19,1.70349,1.54648,1.50357,5.42541,4.21396,3.37760,4.48665,1.84756,1.17503,4778.01243,2284.51236,23.45077,2.34220,3.02660,7.74952
2024-07-22,1.70349,1.54676,1.50391,5.50624,4.27055,3.45987,4.48806,1.84812,1.17546,4833.79863,2289.71578,23.47221,2.35713,3.02909,7.70777
2024-07-23,1.69101,1.54592,1.51162,5.48684,4.25709,3.44112,4.50384,1.85401,1.18110,4717.93456,2275.60009,23.42481,2.34335,3.02788,7.75471
2024-07-24,1.68728,1.54586,1.51491,5.29001,4.11974,3.25491,4.48806,1.84820,1.17526,4677.63651,2269.96725,23.40755,2.33912,3.02789,7.77368
2024-07-25,1.69101,1.54649,1.51192,5.23169,4.07892,3.21951,4.41785,1.82221,1.14956,4704.02427,2274.47666,23.42723,2.32715,3.02690,7.82957
2024-07-26,1.67605,1.54541,1.52828,5.28534,4.11602,3.24755,4.46439,1.83953,1.16484,4860.78548,2301.48863,23.53182,2.30799,3.02497,7.93141
2024-07-29,1.66483,1.54466,1.54257,5.29596,4.12253,3.25253,4.45811,1.83724,1.16282,4785.98468,2287.90497,23.48405,2.29513,3.02384,8.01083
2024-07-30,1.65860,1.54436,1.55221,5.22323,4.08203,3.22126,4.50263,1.85379,1.17680,4737.29593,2278.27355,23.45044,2.29601,3.02451,8.00916
2024-07-31,1.69601,1.54813,1.49101,5.37781,4.15671,3.27907,4.58418,1.88404,1.20251,4630.20038,2255.85392,23.36660,2.32112,3.02837,7.83633
2024-08-01,1.67730,1.54670,1.51466,5.24755,4.10002,3.23913,4.56839,1.87824,1.19745,4665.08733,2263.59513,23.39973,2.29985,3.02615,7.98688
2024-08-02,1.64862,1.54434,1.55148,5.12300,4.05212,3.20648,4.55969,1.87506,1.19465,4402.31687,2207.70340,23.18525,2.28072,3.02418,8.12637
2024-08-05,1.64612,1.54438,1.55550,4.97025,4.00737,3.17658,4.50182,1.85368,1.17627,3889.61848,2094.58883,22.74093,2.26130,3.02216,8.27528
2024-08-06,1.62991,1.54314,1.57751,5.01775,4.01508,3.18165,4.46580,1.84037,1.16485,4011.57025,2115.06744,22.81207,2.26774,3.02357,8.22774
2024-08-07,1.64737,1.54508,1.55280,4.96340,4.01146,3.17999,4.46277,1.83928,1.16384,3945.88416,2108.99838,22.79514,2.28339,3.02620,8.10081
2024-08-08,1.66109,1.54665,1.53407,5.11524,4.02446,3.17668,4.53278,1.86529,1.18583,4431.09123,2135.31514,22.86182,2.29493,3.02828,8.01073
2024-08-09,1.66982,1.54774,1.52267,5.14195,4.02730,3.17667,4.54391,1.86945,1.18917,4346.07153,2131.60626,22.85661,2.30186,3.02975,7.95936
2024-08-12,1.69477,1.55033,1.48899,5.15302,4.02889,3.17705,4.62181,1.89833,1.21276,4251.10806,2127.33459,22.85002,2.32925,3.03390,7.73814
2024-08-13,1.67854,1.54913,1.50918,5.28089,4.03962,3.17449,4.61473,1.89575,1.21057,4332.85208,2131.80965,22.86426,2.30313,3.03105,7.94632
2024-08-14,1.66608,1.54826,1.52486,5.28260,4.04048,3.17511,4.57709,1.88187,1.19909,4211.49041,2126.22454,22.85455,2.30034,3.03123,7.97313
2024-08-15,1.67980,1.54982,1.50879,5.41606,4.05142,3.17240,4.59146,1.88723,1.20338,4125.85444,2122.28761,22.84865,2.31802,3.03411,7.84060
2024-08-16,1.67231,1.54941,1.51835,5.42302,4.05265,3.17298,4.69425,1.92529,1.23567,4217.69089,2127.39661,22.86008,2.30896,3.03347,7.91239
2024-08-19,1.66358,1.54888,1.52950,5.49425,4.05934,3.17731,4.68656,1.92249,1.23315,4252.35031,2129.52928,22.86681,2.32250,3.03580,7.81614
2024-08-20,1.65610,1.54846,1.53926,5.48273,4.05791,3.17651,4.70376,1.92888,1.23871,4231.72120,2128.87951,22.87003,2.32196,3.03628,7.82490
2024-08-21,1.64612,1.54780,1.55217,5.50829,4.06411,3.18065,4.69749,1.92660,1.23624,4375.56631,2136.49770,22.88365,2.31630,3.03608,7.87030
2024-08-22,1.64612,1.54808,1.55282,5.42097,4.03960,3.16442,4.64124,1.90588,1.21374,4322.70482,2134.30115,22.88493,2.29948,3.03442,7.99677
2024-08-23,1.67481,1.55106,1.51475,5.47976,4.05765,3.17646,4.69486,1.92573,1.23481,4588.41295,2147.80216,22.90591,2.32928,3.03890,7.78031
2024-08-26,1.69226,1.55295,1.49326,5.42656,4.04064,3.16512,4.70983,1.93130,1.24061,4508.00900,2144.42052,22.90568,2.34757,3.04182,7.66939
2024-08-27,1.68603,1.55265,1.50082,5.44277,4.04652,3.16918,4.72258,1.93604,1.24562,4262.11942,2133.10516,22.89551,2.34732,3.04233,7.67466
2024-08-28,1.66608,1.55109,1.52330,5.38101,4.02531,3.15451,4.68940,1.92384,1.23090,4230.10895,2131.88097,22.89795,2.32662,3.04019,7.79088
2024-08-29,1.68354,1.55299,1.50446,5.37312,4.02295,3.15293,4.71368,1.93284,1.24133,4247.21642,2133.12232,22.90351,2.34434,3.04305,7.69850
2024-08-30,1.66358,1.55143,1.52535,5.43717,4.04596,3.16901,4.68009,1.92048,1.22579,4233.12690,2132.79408,22.90709,2.32263,3.04077,7.81052
2024-09-02,,,,,,,,,,4234.27810,2133.23141,22.91164,,,
2024-09-03,1.63116,1.54868,1.55974,5.27209,3.98851,3.12914,4.65985,1.91305,1.21642,4125.39549,2128.12455,22.90920,2.30179,3.03858,7.91990
2024-09-04,1.61620,1.54753,1.57664,5.25840,3.98404,3.12609,4.66269,1.91413,1.21752,4153.71205,2129.96227,22.91546,2.29417,3.03811,7.96331
2024-09-05,1.61993,1.54816,1.57311,5.26330,3.98610,3.12759,4.70154,1.92852,1.23496,4016.25707,2123.28956,22.91355,2.30148,3.03962,7.92899
2024-09-06,1.59748,1.54629,1.59994,5.12232,3.94170,3.09650,4.66673,1.91571,1.21891,3853.49667,2115.05870,22.93003,2.26708,3.03561,8.11139
2024-09-09,1.60497,1.54729,1.59056,5.18818,3.95667,3.10666,4.68636,1.92300,1.22764,4089.46551,2128.37964,22.86692,2.27980,3.03784,8.04651
2024-09-10,1.58003,1.54515,1.62673,5.23613,3.96541,3.11264,4.70700,1.93066,1.23681,4127.30827,2130.71785,22.86132,2.25865,3.03555,8.16736
2024-09-11,1.59499,1.54688,1.60367,5.34984,3.98352,3.12506,4.69951,1.92793,1.23307,4109.03496,2130.14661,22.87085,2.27921,3.03884,8.04479
2024-09-12,1.62367,1.54993,1.55965,5.40235,3.99208,3.13097,4.78207,1.95845,1.27293,4160.24271,2133.17022,22.86171,2.31586,3.04426,7.82766
2024-09-13,1.62742,1.55055,1.55485,5.42656,3.99631,3.13393,4.82962,1.97602,1.29613,4332.89758,2142.38728,22.82045,2.32905,3.04651,7.76006
2024-09-16,1.64114,1.55212,1.53534,5.40258,3.99331,3.13195,4.82922,1.97591,1.29561,4167.60217,2134.57774,22.86699,2.34306,3.04886,7.69322
2024-09-17,1.65235,1.55345,1.52058,5.40544,3.99428,3.13269,4.80251,1.96611,1.28082,4311.52087,2142.31114,22.83339,2.35027,3.05031,7.66354
2024-09-18,1.64239,1.55277,1.53402,5.38204,3.99052,3.13002,4.76548,1.95250,1.25997,4387.96359,2146.46521,22.81821,2.35306,3.05118,7.65473
2024-09-19,1.67107,1.55574,1.49746,5.51812,4.01754,3.14991,4.83954,1.97984,1.30055,4508.80827,2152.72998,22.79490,2.37133,3.05405,7.58516
2024-09-20,1.67231,1.55611,1.49672,5.50761,4.01547,3.14851,4.90105,2.00253,1.33476,4520.21310,2153.62509,22.79780,2.37897,3.05554,7.56176
2024-09-23,1.67231,1.55636,1.49725,5.52221,4.01987,3.15169,4.91056,2.00606,1.33982,4533.24402,2154.59437,22.80190,2.40120,3.05889,7.49788
2024-09-24,1.69850,1.55904,1.47307,5.54885,4.02874,3.15821,4.97916,2.03132,1.38070,4605.30355,2158.33960,22.81414,2.43002,3.06305,7.43430
2024-09-25,1.68603,1.55815,1.48275,5.55399,4.03086,3.15982,4.97228,2.02883,1.37590,4513.46185,2153.30712,22.79685,2.42939,3.06346,7.43644
2024-09-26,1.67231,1.55713,1.49278,5.59572,4.04806,3.17298,4.99757,2.03815,1.39269,4656.47911,2163.94561,22.84173,2.42335,3.06319,7.44262
2024-09-27,1.67854,1.55796,1.48890,5.56462,4.03419,3.16215,4.95791,2.02363,1.36268,4707.29180,2168.90137,22.86397,2.43214,3.06480,7.43983
2024-09-30,1.67481,1.55787,1.49192,5.57972,4.04160,3.16799,4.91825,2.00910,1.33307,4527.80650,2147.86492,22.78126,2.43452,3.06559,7.44069
2024-10-01,1.70349,1.56079,1.47263,5.50198,4.00229,3.13621,4.96985,2.02811,1.37013,4355.89928,2127.12108,22.69919,2.45805,3.06893,7.44958
2024-10-02,1.71720,1.56229,1.46561,5.50975,4.00647,3.13957,4.97086,2.02851,1.37045,4343.57777,2125.85014,22.69646,2.46450,3.07063,7.45549
2024-10-03,1.74464,1.56504,1.45382,5.50564,4.00458,3.13803,4.96742,2.02729,1.36741,4349.24200,2126.84547,22.70303,2.48357,3.07740,7.48227
2024-10-04,1.74964,1.56574,1.45270,5.57114,4.03824,3.16519,4.95751,2.02368,1.35928,4441.37795,2138.74761,22.75438,2.47842,3.07511,7.47183
2024-10-07,1.77457,1.56823,1.44883,5.51147,4.00810,3.14083,4.94071,2.01755,1.34560,4467.43098,2142.26935,22.77131,2.48094,3.07679,7.47782
2024-10-08,1.73092,1.56462,1.44960,5.59377,4.05033,3.17491,4.90429,2.00420,1.31652,4446.66139,2139.98688,22.76450,2.43195,3.04526,7.34257
2024-10-09,1.71845,1.56375,1.44995,5.63779,4.07289,3.19308,4.87758,1.99441,1.29538,4338.50735,2126.85109,22.71332,2.41498,3.03439,7.29650
2024-10-10,1.74964,1.56684,1.44998,5.63139,4.06969,3.19034,4.91340,2.00763,1.32239,4310.29691,2123.56929,22.70236,2.44303,3.05286,7.36202
2024-10-11,1.75213,1.56732,1.45025,5.64019,4.07464,3.19448,4.96702,2.02738,1.36357,4470.72564,2144.23408,22.78979,2.44977,3.05731,7.37713
2024-10-14,1.72718,1.56534,1.44895,5.68752,4.10231,3.21851,4.95892,2.02444,1.35678,4730.34204,2176.62871,22.92466,2.41764,3.03764,7.30679
2024-10-15,1.69226,1.56243,1.44702,5.61150,4.05514,3.17676,4.97612,2.03080,1.36974,4790.76640,2184.08811,22.95739,2.39244,3.02430,7.26002
2024-10-16,1.68852,1.56233,1.44702,5.61218,4.05567,3.17715,5.00101,2.03998,1.38880,4842.94268,2190.45635,22.98559,2.38941,3.02331,7.25610
2024-10-17,1.68852,1.56259,1.44722,5.61607,4.05819,3.17930,5.03096,2.05101,1.41209,4819.67768,2187.41127,22.97532,2.39133,3.02419,7.25860
2024-10-18,1.67980,1.56203,1.44731,5.65288,4.08122,3.19953,5.08438,2.07065,1.45665,4895.01916,2200.26578,23.03247,2.38948,3.02416,7.25789
2024-10-21,1.68852,1.56310,1.44706,5.66374,4.08804,3.20564,5.08337,2.07031,1.45516,4827.01800,2187.24371,22.97871,2.40242,3.02636,7.26513
2024-10-22,1.71471,1.56577,1.44487,5.66992,4.09211,3.20924,5.13820,2.09045,1.50408,4825.96534,2187.19384,22.98085,2.43495,3.03095,7.27871
2024-10-23,1.70973,1.56557,1.44562,5.58303,4.03574,3.15388,5.07628,2.06781,1.44637,4770.24683,2174.73978,22.92781,2.42406,3.03008,7.27573
2024-10-24,1.70973,1.56582,1.44590,5.62830,4.06527,3.18256,5.11534,2.08217,1.48088,4876.44252,2199.62742,23.04247,2.42991,3.03130,7.27909
2024-10-25,1.71596,1.56664,1.44561,5.66260,4.08763,3.20429,5.12586,2.08606,1.48991,4742.63704,2167.92280,22.90148,2.44034,3.03309,7.28418
2024-10-28,1.67481,1.56314,1.44973,5.66351,4.08830,3.20480,5.12606,2.08617,1.48953,5000.37562,2230.35613,23.18843,2.39261,3.02765,7.26729
2024-10-29,1.67231,1.56316,1.45020,5.71793,4.12373,3.23935,5.18191,2.10667,1.54011,5201.94848,2278.00698,23.40478,2.39771,3.02878,7.27036
2024-10-30,1.69101,1.56515,1.44735,5.67472,4.09576,3.21176,5.21044,2.11714,1.56625,5185.59354,2274.03755,23.39081,2.40881,3.03066,7.27546
2024-10-31,1.70099,1.56633,1.44594,5.53147,4.00278,3.12034,5.12970,2.08765,1.48915,5036.48935,2232.09489,23.21778,2.38988,3.02876,7.27062
2024-11-01,1.68728,1.56531,1.44858,5.57239,4.02942,3.14337,5.10866,2.07998,1.46938,4973.25335,2213.64249,23.14311,2.38969,3.02921,7.27161
2024-11-04,1.71097,1.56776,1.44436,5.55616,4.01933,3.13463,5.11594,2.08269,1.47542,4851.25560,2177.52630,22.99214,2.41048,3.03233,7.27035
2024-11-05,1.71970,1.56880,1.44304,5.62704,4.06142,3.17156,5.12748,2.08695,1.48532,4977.14995,2215.37217,23.15688,2.41543,3.03343,7.27108
2024-11-06,1.70349,1.56757,1.44637,5.77989,4.15015,3.24881,4.97167,2.02991,1.34201,5417.90667,2346.45177,23.71590,2.39232,3.03101,7.27519
2024-11-07,1.71970,1.56931,1.44362,5.87090,4.20277,3.29140,5.05160,2.05932,1.38532,5437.67977,2352.30496,23.74241,2.42176,3.03522,7.27145
2024-11-08,1.69601,1.56740,1.44836,5.87776,4.20681,3.29464,5.01740,2.04681,1.36807,5475.98300,2363.43114,23.79080,2.39335,3.03214,7.27766
2024-11-11,1.66858,1.56511,1.45388,5.87433,4.20476,3.29289,4.89964,2.00361,1.31059,6360.11077,2641.39068,24.83475,2.37102,3.02979,7.28252
2024-11-12,1.65860,1.56442,1.45606,5.86369,4.19798,3.28698,4.85735,1.98808,1.29459,6302.04599,2623.95832,24.78890,2.36185,3.02910,7.28786
2024-11-13,1.65361,1.56420,1.45764,5.85615,4.19319,3.28236,4.80838,1.97008,1.27793,6468.14416,2674.30594,24.93400,2.36022,3.02937,7.29045
2024-11-14,1.65111,1.56421,1.45884,5.81544,4.16703,3.25649,4.79583,1.96540,1.27415,6241.60189,2596.61467,24.72987,2.34217,3.02753,7.31324
2024-11-15,1.64363,1.56375,1.46256,5.67689,4.07776,3.16759,4.78733,1.96252,1.27189,6523.23524,2702.10803,25.02137,2.34587,3.02848,7.30863
2024-11-18,1.67854,1.56732,1.44337,5.71633,4.10332,3.19168,4.87839,1.98865,1.29255,6483.76992,2687.44254,24.98265,2.38476,3.03398,7.23196
2024-11-19,1.68354,1.56803,1.44107,5.75566,4.12880,3.21511,4.92210,2.00001,1.30106,6603.04469,2731.98370,25.12410,2.39076,3.03522,7.22220
2024-11-20,1.68603,1.56851,1.44014,5.75235,4.12674,3.21309,4.94982,2.00724,1.30646,6739.45870,2782.82830,25.29603,2.40574,3.03760,7.19487
2024-11-21,1.69477,1.56957,1.43584,5.77303,4.14016,3.22540,4.99110,2.01792,1.31447,7053.35072,2899.52707,25.71311,2.41600,3.03938,7.17675
2024-11-22,1.69975,1.57028,1.43358,5.78229,4.14621,3.23089,5.05544,2.03444,1.32688,7081.46381,2909.97923,25.75321,2.41807,3.04012,7.17492
2024-11-25,1.67605,1.56834,1.44631,5.79144,4.15219,3.23631,4.90652,1.99680,1.29818,6680.98149,2761.91743,25.17041,2.39893,3.03819,7.20570
2024-11-26,1.67605,1.56858,1.44672,5.82253,4.17233,3.25484,4.91603,1.99937,1.30009,6575.94883,2722.88720,25.01396,2.40408,3.03932,7.19982
2024-11-27,1.66608,1.56790,1.45243,5.77669,4.14283,3.22742,4.92695,2.00230,1.30228,6870.37130,2832.65447,25.46680,2.38935,3.03794,7.22338
2024-11-28,,,,,,,,,,6852.39609,2826.03386,25.44265,,,
2024-11-29,1.67107,1.56861,1.45016,5.82745,4.17567,3.25768,4.96945,2.01331,1.31060,6971.28145,2870.21024,25.62353,2.39940,3.03969,7.21032
2024-12-02,1.65610,1.56745,1.45858,5.89090,4.21666,3.29551,4.92594,2.00234,1.30222,6851.57308,2825.90252,25.44118,2.37284,3.03680,7.25143
2024-12-03,1.67481,1.56947,1.44883,5.90896,4.22837,3.30623,4.93586,2.00500,1.30421,6871.93143,2833.50845,25.47623,2.38415,3.03872,7.23632
2024-12-04,1.66483,1.56878,1.45456,5.98201,4.27549,3.35425,4.95083,2.00896,1.30718,7080.16854,2910.83367,25.82359,2.38071,3.03876,7.24331
2024-12-05,1.66733,1.56926,1.45361,5.96544,4.26490,3.34228,4.91420,1.99973,1.30012,6939.12465,2858.69580,25.59316,2.38244,3.03945,7.24258
2024-12-06,1.65361,1.56821,1.46141,6.01883,4.29933,3.38242,4.91603,2.00032,1.30054,7154.09448,2938.44928,25.96324,2.38536,3.04029,7.24007
2024-12-09,1.66733,1.56975,1.45349,5.97195,4.26927,3.34380,4.96479,2.01295,1.31009,6970.65568,2870.68887,25.65422,2.41059,3.04397,7.20426
2024-12-10,1.67107,1.57034,1.45167,5.95161,4.25625,3.32665,5.03015,2.02978,1.32284,6930.95351,2856.02244,25.58718,2.41925,3.04553,7.19337
2024-12-11,1.69352,1.57269,1.43867,6.05815,4.32489,3.41660,5.07811,2.04210,1.33215,7251.22798,2974.84802,26.16187,2.44130,3.04877,7.16256
2024-12-12,1.68603,1.57223,1.44345,6.01906,4.29985,3.38290,5.00364,2.02336,1.31711,7163.95636,2942.67475,26.01168,2.42518,3.04722,7.18208
2024-12-13,1.68603,1.57247,1.44386,6.06512,4.32954,3.42175,4.94314,2.00806,1.30486,7249.76944,2974.44795,26.16458,2.41654,3.04659,7.19176
2024-12-16,1.67356,1.57154,1.45162,6.15247,4.38573,3.49845,4.95508,2.01124,1.30735,7576.56778,3095.16957,26.75715,2.40472,3.04556,7.20415
2024-12-17,1.66358,1.57085,1.45798,6.12538,4.36842,3.47322,4.93606,2.00650,1.30352,7595.19422,3102.07021,26.79201,2.38832,3.04395,7.22083
2024-12-18,1.64737,1.56955,1.46817,5.90439,4.22665,3.26038,4.84136,1.98235,1.28423,7191.07452,2953.57506,26.04608,2.38171,3.04357,7.22857
2024-12-19,1.64488,1.56955,1.47003,5.87809,4.20978,3.24269,4.84824,1.98412,1.28557,6992.61810,2880.26420,25.67095,2.36607,3.04203,7.24453
2024-12-20,1.65486,1.57074,1.46339,5.92942,4.24294,3.27534,4.89883,1.99533,1.29438,6986.92051,2878.20039,25.66202,2.39145,3.04575,7.21790
2024-12-23,1.66072,1.57154,1.45956,5.98720,4.28022,3.31113,4.87576,1.99072,1.29070,6785.31760,2803.50513,25.27550,2.38988,3.04601,7.22127
2024-12-24,1.66854,1.57252,1.45425,6.06838,4.33252,3.36151,4.88547,1.99276,1.29230,7059.94733,2905.67520,25.81403,2.40798,3.04879,7.20287
2024-12-25,,,,,,,,,,7102.72275,2921.56919,25.89394,,,
2024-12-26,1.66332,1.57226,1.45852,6.06425,4.32995,3.35888,4.91845,1.99909,1.29745,6844.54886,2826.04294,25.42847,2.40439,3.04879,7.20847
2024-12-27,1.66985,1.57312,1.45415,5.98364,4.27821,3.30864,4.88466,1.99299,1.29237,6743.74898,2788.63263,25.24646,2.40874,3.04980,7.20532
2024-12-30,1.68549,1.57483,1.44314,5.90406,4.22708,3.25906,4.86908,1.99030,1.29006,6622.29999,2743.48070,25.02747,2.42530,3.05236,7.18880
2024-12-31,1.69330,1.57580,1.43796,5.85391,4.19483,3.22883,4.89943,1.99572,1.29467,6684.32427,2766.65258,25.14093,2.42315,3.05255,7.19278
2025-01-01,,,,,,,,,,6760.62728,2795.12277,25.27657,,,
2025-01-02,1.71156,1.57773,1.42527,5.84245,4.18752,3.22228,4.96601,2.00734,1.30462,6932.09097,2858.97073,25.57443,2.44430,3.05568,7.17106
2025-01-03,1.70113,1.57701,1.43177,5.93807,4.24924,3.27366,4.92695,2.00088,1.29897,7022.93985,2892.73993,25.72966,2.41735,3.05276,7.19429
2025-01-06,1.70504,1.57761,1.43004,6.00632,4.29273,3.30802,4.92088,2.00004,1.29816,7313.45188,3000.48364,26.21761,2.43664,3.05566,7.18044
2025-01-07,1.71286,1.57857,1.42664,5.89914,4.22466,3.25415,4.94860,2.00498,1.30236,6940.93773,2862.98581,25.61044,2.44261,3.05687,7.17824
2025-01-08,1.71026,1.57856,1.42799,5.90017,4.22534,3.25471,4.97491,2.00967,1.30634,6802.38988,2811.60047,25.38998,2.44239,3.05730,7.17944
2025-01-09,,,,,,,,,,6609.63173,2739.94278,25.07951,2.46709,3.06085,7.17612
2025-01-10,1.75328,1.58277,1.41307,5.80765,4.16981,3.21091,5.02246,2.01794,1.31339,6782.33748,2804.42243,25.35621,2.51759,3.06745,7.18859
2025-01-13,1.76239,1.58384,1.41219,5.78899,4.15975,3.20310,4.97248,2.00926,1.30541,6754.89655,2794.25764,25.31765,2.53156,3.07081,7.19993
2025-01-14,1.76371,1.58417,1.41235,5.78349,4.15713,3.20102,4.99858,2.01417,1.30974,6911.91283,2852.76122,25.55605,2.52427,3.06797,7.18890
2025-01-15,1.78586,1.58693,1.41562,5.91655,4.21756,3.25000,5.03602,2.02167,1.31652,7169.79079,2948.59970,25.94073,2.55901,3.08699,7.25810
2025-01-16,1.78065,1.58582,1.41420,5.87509,4.19983,3.23646,5.07082,2.02942,1.32359,7155.85694,2943.49165,25.92320,2.56177,3.08891,7.26430
2025-01-17,1.77282,1.58344,1.41120,5.97425,4.24328,3.26967,5.04391,2.02272,1.31719,7464.97710,3057.97890,26.37309,2.54931,3.07845,7.22521
2025-01-20,,,,,,,,,,7342.75723,3012.96996,26.20326,,,
2025-01-21,1.76892,1.58214,1.40950,6.00930,4.25872,3.28148,5.12202,2.04381,1.33709,7586.03111,3102.86122,26.55266,2.54326,3.07292,7.20419
2025-01-22,1.76501,1.58071,1.40762,6.08613,4.29216,3.30704,5.14832,2.05143,1.34398,7428.79911,3045.03282,26.33544,2.54772,3.07730,7.21962
2025-01-23,1.76109,1.57923,1.40565,6.09907,4.29788,3.31137,5.14104,2.04900,1.34157,7456.96281,3055.47358,26.37815,2.54500,3.07452,7.20825
2025-01-24,1.76109,1.57937,1.40572,6.06460,4.28185,3.29856,5.17301,2.06050,1.35256,7495.00524,3069.55364,26.43768,2.54446,3.07398,7.20524
2025-01-27,1.72981,1.56655,1.38887,5.88803,4.19313,3.22693,5.11918,2.04124,1.33144,7293.97545,2995.50685,26.12325,2.50525,3.03139,7.03565
2025-01-28,1.73372,1.56833,1.39105,5.97506,4.23754,3.26229,5.16350,2.05717,1.34852,7238.91302,2975.20492,26.03753,2.50967,3.03626,7.05317
2025-01-29,1.73762,1.57008,1.39313,5.96383,4.23206,3.25808,5.14367,2.05010,1.34054,7437.93678,3048.87369,26.36025,2.52748,3.05570,7.12400
2025-01-30,1.73762,1.57020,1.39320,5.98925,4.24513,3.26813,5.22157,2.07808,1.37232,7514.42495,3077.14222,26.48386,2.52903,3.05744,7.12972
2025-01-31,1.73502,1.56938,1.39207,5.98056,4.24094,3.26490,5.23189,2.08181,1.37635,7319.42716,3005.32741,26.17317,2.51860,3.04613,7.08758
2025-02-03,1.75066,1.57479,1.39893,5.93269,4.21693,3.24646,5.25981,2.09184,1.38870,7270.71104,2987.37536,26.09620,2.55574,3.08561,7.23483
2025-02-04,1.75718,1.57713,1.40183,6.00551,4.25405,3.27498,5.31161,2.11042,1.41421,7003.43329,2888.58869,25.66154,2.56670,3.09726,7.27648
2025-02-05,1.74284,1.57252,1.39579,6.03276,4.26803,3.28572,5.34460,2.12225,1.43172,6911.18685,2854.39446,25.50989,2.56585,3.09643,7.27278
2025-02-06,1.74545,1.57356,1.39702,6.06425,4.28413,3.29809,5.33043,2.11722,1.42271,6909.89621,2853.96251,25.51005,2.57047,3.10137,7.28999
2025-02-07,1.74675,1.57416,1.39769,5.98777,4.24579,3.26864,5.33994,2.12066,1.42840,6898.64544,2849.82836,25.49345,2.56829,3.09913,7.28063
2025-02-10,1.77282,1.58296,1.40902,6.06025,4.28265,3.29697,5.43039,2.15302,1.49038,6969.58396,2876.25041,25.61491,2.60188,3.13485,7.42015
2025-02-11,1.78586,1.58740,1.41470,6.04582,4.27559,3.29154,5.41056,2.14598,1.47595,6857.28590,2834.58923,25.43339,2.60455,3.13779,7.43021
2025-02-12,1.76761,1.58161,1.40703,6.04937,4.27758,3.29306,5.41623,2.14804,1.47946,6996.87334,2886.56782,25.66050,2.60138,3.13441,7.41405
2025-02-13,1.77282,1.58349,1.40937,6.13639,4.32169,3.32714,5.46965,2.16714,1.51839,6909.42668,2854.14756,25.52821,2.61110,3.14500,7.46164
2025-02-14,1.77673,1.58494,1.41116,6.16216,4.33474,3.33758,5.38830,2.13817,1.45488,6972.38493,2877.60148,25.62814,,,
2025-02-17,,,,,,,,,,6856.15881,2834.46728,25.45159,,,
2025-02-18,1.80020,1.59276,1.42125,6.17613,4.34223,3.34386,5.47754,2.17008,1.52098,6831.35974,2825.33390,25.41611,2.64613,3.18303,7.65207
2025-02-19,1.81584,1.59861,1.42862,6.17785,4.34324,3.34463,5.48057,2.17120,1.52280,6917.52696,2856.26342,25.54913,2.65300,3.19051,7.68832
2025-02-20,1.82105,1.60102,1.43162,6.15163,4.32710,3.33022,5.48341,2.17224,1.52446,7042.37483,2900.12224,25.73745,2.65736,3.19528,7.71341
2025-02-21,1.79499,1.58705,1.41312,6.02395,4.24635,3.25746,5.47835,2.17048,1.52024,6874.65958,2841.51216,25.49299,2.63608,3.17232,7.56706
2025-02-24,1.78977,1.58432,1.40943,5.95284,4.20127,3.21681,5.50809,2.18112,1.54245,6575.52542,2737.88932,25.05510,2.61310,3.14747,7.41082
2025-02-25,1.76761,1.57237,1.39368,5.87784,4.15425,3.17766,5.43545,2.15527,1.48391,6353.65026,2669.37536,24.77450,2.59611,3.12911,7.29611
2025-02-26,1.75458,1.56533,1.38435,5.89204,4.16187,3.18395,5.44375,2.15826,1.48992,6011.39241,2579.19714,24.40373,2.58304,3.11498,7.21050
2025-02-27,1.75458,1.56538,1.38434,5.72841,4.08393,3.11800,5.36079,2.12870,1.42442,6057.02284,2587.98130,24.44122,2.57479,3.10608,7.15907
2025-02-28,1.74154,1.55945,1.37695,5.81887,4.11429,3.14141,5.32720,2.11673,1.40122,6029.70706,2584.47435,24.42942,2.53751,3.06566,6.94299
2025-03-03,1.72851,1.55463,1.37092,5.69153,4.08063,3.11605,5.39741,2.14187,1.44586,6178.02036,2597.87496,24.48684,2.55357,3.08317,7.01243
2025-03-04,1.73176,1.55564,1.37208,5.67436,4.07796,3.11413,5.44435,2.15867,1.47411,6250.15030,2602.86259,24.50939,2.55990,3.09007,7.03716
2025-03-05,1.72720,1.55487,1.37101,5.74834,4.08522,3.11953,5.45569,2.16275,1.48076,6486.03973,2616.20570,24.56626,2.58005,3.11151,7.11459
2025-03-06,1.72328,1.55456,1.37048,5.59020,4.07460,3.11332,5.42796,2.15290,1.46336,6457.60033,2615.07014,24.56395,2.58124,3.11281,7.11863
2025-03-07,1.73632,1.55597,1.37163,5.63131,4.07820,3.11281,5.43080,2.15395,1.46479,6195.03088,2601.41446,24.51057,2.59019,3.12217,7.15213
2025-03-10,1.72590,1.55527,1.37132,5.41306,4.06301,3.12638,5.38325,2.13701,1.43535,5654.81282,2571.80771,24.39122,2.58546,3.11734,7.13373
2025-03-11,1.73502,1.55633,1.37140,5.40012,4.06265,3.12850,5.44638,2.15960,1.47328,5922.58738,2584.37186,24.39606,2.59254,3.12476,7.16013
2025-03-12,1.73632,1.55668,1.37159,5.46104,4.06784,3.11656,5.47005,2.16808,1.48751,5985.78752,2587.51823,24.39637,2.58300,3.11494,7.12347
2025-03-13,1.73111,1.55645,1.37203,5.36279,4.06113,3.14024,5.56718,2.20277,1.54716,5805.42913,2580.10988,24.41785,2.59548,3.12796,7.17035
2025-03-14,1.73632,1.55715,1.37188,5.49241,4.07156,3.10335,5.56941,2.20360,1.54823,6019.83376,2590.02570,24.37962,2.59524,3.12778,7.16897
2025-03-17,1.75066,1.55867,1.37096,5.52803,4.07481,3.09414,5.59955,2.21437,1.56674,6013.25706,2590.13124,24.38513,2.60782,3.14090,7.21629
2025-03-18,1.74675,1.55855,1.37153,5.43379,4.06847,3.12107,5.66491,2.23767,1.60895,5917.83815,2586.40971,24.40753,2.61008,3.14331,7.22412
2025-03-19,1.75718,1.55972,1.37093,5.50649,4.07453,3.10065,5.68818,2.24598,1.62453,6210.82328,2599.60268,24.34660,2.62519,3.15903,7.28426
2025-03-20,1.75979,1.56018,1.37097,5.48783,4.07375,3.10675,5.68090,2.24343,1.61836,6021.20353,2592.05497,24.39098,2.61829,3.15196,7.25344
2025-03-21,1.74936,1.55949,1.37207,5.50593,4.07571,3.10224,5.63517,2.22721,1.58083,6017.22663,2592.27165,24.39613,2.60738,3.14060,7.20317
2025-03-24,1.75588,1.56031,1.37179,5.62675,4.08526,3.06739,5.61008,2.21832,1.56034,6250.07022,2602.69066,24.34945,2.60166,3.13468,7.17657
2025-03-25,1.75718,1.56065,1.37193,5.65885,4.08820,3.05900,5.63476,2.22714,1.57935,6257.24705,2603.37900,24.35221,2.60437,3.13759,7.18805
2025-03-26,1.75588,1.56077,1.37229,5.55473,4.08129,3.08925,5.63011,2.22553,1.57505,6215.29247,2602.02395,24.36530,2.60552,3.13885,7.19236
2025-03-27,1.76109,1.56147,1.37210,5.52307,4.07958,3.09925,5.70558,2.25241,1.63659,6242.10771,2603.53687,24.36390,2.61449,3.14832,7.23261
2025-03-28,1.75458,1.56113,1.37268,5.37767,4.06945,3.14276,5.74788,2.26748,1.67170,6034.38090,2595.26327,24.41195,2.62137,3.15560,7.26390
2025-03-31,1.77673,1.56333,1.37170,5.37744,4.07005,3.14363,5.83043,2.29683,1.74172,5902.13778,2589.96598,24.44512,2.63685,3.17183,7.33649
2025-04-01,1.77935,1.56380,1.37191,5.42078,4.07394,3.13114,5.81890,2.29278,1.73103,6100.06021,2599.03967,24.40517,2.64008,3.17536,7.35137
2025-04-02,1.78977,1.56491,1.37310,5.46035,4.07752,3.11967,5.83084,2.29705,1.74089,5908.87879,2591.28483,24.45075,2.65242,3.18878,7.41493
2025-04-03,1.71807,1.55535,1.35885,5.16803,4.05631,3.21095,5.79563,2.28460,1.70931,5935.79554,2592.85393,24.44903,2.58584,3.11672,7.03786
2025-04-04,1.65421,1.54651,1.34993,4.84706,4.03172,3.31981,5.66006,2.23654,1.59057,5996.09580,2595.87410,24.43989,2.47191,2.99876,6.62720
2025-04-07,1.62944,1.54443,1.35100,4.85876,4.03329,3.31616,5.53845,2.19333,1.49795,5684.57667,2582.77418,24.51269,2.43311,2.97885,6.58037
2025-04-08,1.59163,1.54108,1.35911,4.77126,4.02663,3.35487,5.56860,2.20411,1.51497,5464.81609,2573.17591,24.56775,2.41417,2.97468,6.57006
2025-04-09,1.65681,1.54762,1.33282,5.34395,4.07557,3.06554,5.77459,2.27753,1.62842,5920.68659,2595.03078,24.37334,2.47375,2.98247,6.56658
2025-04-10,1.63074,1.54542,1.34318,5.11667,4.05885,3.10838,5.91562,2.32763,1.68445,5694.39321,2585.50347,24.46825,2.47654,2.98326,6.56695
2025-04-11,1.65421,1.54788,1.33427,5.21092,4.06694,3.09056,6.02853,2.36765,1.72918,5966.44389,2598.24636,24.35928,2.51869,2.98879,6.55196
2025-04-14,1.65159,1.54786,1.33561,5.24625,4.07031,3.08447,5.99413,2.35554,1.71528,6054.41848,2602.46904,24.32888,2.50829,2.98800,6.55715
2025-04-15,1.64768,1.54773,1.33742,5.25210,4.07138,3.08404,6.02550,2.36667,1.72784,5988.73538,2600.03791,24.35898,2.51163,2.98885,6.55713
2025-04-16,1.66724,1.54980,1.32950,5.09372,4.05972,3.11479,6.22157,2.43602,1.81612,6023.10487,2601.92101,24.34983,2.54393,2.99315,6.54613
2025-04-17,1.68028,1.55125,1.32443,5.09281,4.06026,3.11567,6.19425,2.42643,1.80337,6079.58060,2604.75378,24.33269,2.55596,2.99501,6.54289
2025-04-18,,,,,,,,,,6043.37742,2603.59618,24.34940,,,
2025-04-21,1.66724,1.55028,1.33011,4.96678,4.05082,3.14129,6.38588,2.49403,1.89273,6252.80065,2613.01091,24.28523,2.53770,2.99333,6.55094
2025-04-22,1.67115,1.55087,1.32883,5.09716,4.06207,3.11532,6.29522,2.46221,1.84941,6691.90245,2631.75455,24.18841,2.55248,2.99552,6.54665
2025-04-23,1.65942,1.55002,1.33401,5.21276,4.07189,3.09316,6.14427,2.40911,1.77805,6706.22664,2632.71453,24.19138,2.53771,2.99424,6.55341
2025-04-24,1.67245,1.55147,1.32872,5.35944,4.08396,3.06570,6.23371,2.44071,1.81941,6717.25923,2633.50360,24.19573,2.55789,2.99707,6.54709
2025-04-25,1.67636,1.55207,1.32739,5.41918,4.08913,3.05531,6.16613,2.41694,1.78757,6783.21736,2637.15953,24.21020,2.55093,2.99670,6.55089
2025-04-28,1.66854,1.55157,1.33106,5.41746,4.08961,3.05626,6.25395,2.44796,1.82825,6804.30381,2639.09282,24.21917,2.56344,2.99862,6.54778
2025-04-29,1.64768,1.54987,1.34047,5.45324,4.09292,3.05094,6.19304,2.42654,1.79949,6735.36461,2632.19943,24.19839,2.54567,2.99699,6.55326
2025-04-30,1.62161,1.54765,1.35342,5.45255,4.09349,3.05167,6.14670,2.41024,1.77769,6744.94788,2633.61879,24.20576,2.51000,2.99324,6.56313
2025-05-01,1.62683,1.54838,1.35079,5.52377,4.09945,3.04205,6.01902,2.36523,1.71824,6900.62313,2654.81181,24.28254,2.50813,2.99347,6.56479
2025-05-02,1.63465,1.54936,1.34625,5.60576,4.10615,3.03236,6.02954,2.36899,1.72289,6931.42593,2659.62674,24.30201,2.52396,2.99581,6.56208
2025-05-05,1.62291,1.54848,1.35430,5.57251,4.10433,3.03631,6.20963,2.43271,1.80508,6789.10916,2635.86543,24.21894,2.51755,2.99550,6.56486
2025-05-06,1.64638,1.55095,1.33762,5.52067,4.10113,3.04155,6.38365,2.49410,1.87717,6919.67499,2659.22559,24.30618,2.54564,2.99930,6.55914
2025-05-07,1.62944,1.54959,1.35006,5.54235,4.10336,3.04025,6.28794,2.46049,1.83794,6952.55999,2665.48863,24.33151,2.52649,2.99749,6.56500
2025-05-08,1.64768,1.55156,1.33728,5.59957,4.10822,3.03625,6.16410,2.41692,1.78748,7377.15169,2749.53153,24.64747,2.52988,2.99835,6.56538
2025-05-09,1.66332,1.55326,1.32661,5.59589,4.10857,3.03704,6.20882,2.43274,1.80491,7367.93745,2747.78315,24.64384,2.55865,3.00221,6.55953
2025-05-12,1.67376,1.55448,1.31976,5.82387,4.12594,3.02436,6.03379,2.37106,1.73587,7366.45383,2747.53181,24.64546,2.54722,3.00133,6.56352
2025-05-13,1.69592,1.55677,1.30487,5.91264,4.13286,3.02306,6.05949,2.38019,1.74480,7454.17821,2769.94547,24.72838,2.57124,3.00462,6.55890
2025-05-14,1.68549,1.55605,1.31158,5.94807,4.13586,3.02399,5.93201,2.33516,1.70022,7413.16657,2758.69884,24.68986,2.55077,3.00269,6.56505
2025-05-15,1.66854,1.55473,1.32186,5.95461,4.13697,3.02468,6.02671,2.36875,1.73024,7423.44212,2761.76480,24.70359,2.53271,3.00102,6.57066
2025-05-16,1.66072,1.55423,1.32689,5.98052,4.14161,3.02702,5.95386,2.34303,1.70812,7412.70489,2758.49383,24.69360,2.51583,2.99947,6.57601
2025-05-19,1.65551,1.55398,1.33041,5.98626,4.14321,3.02796,6.03055,2.37023,1.73067,7559.40112,2805.39125,24.87582,2.51299,2.99959,6.57794
2025-05-20,1.67898,1.55642,1.31667,5.96631,4.13824,3.02568,6.14286,2.40999,1.76316,7650.83765,2835.52465,24.99390,2.54759,3.00418,6.57060
2025-05-21,1.67636,1.55642,1.31859,5.88339,4.11376,3.01358,6.18818,2.42604,1.77625,7852.07120,2902.69474,25.26716,2.55706,3.00575,6.56950
2025-05-22,1.66594,1.55568,1.32513,5.89441,4.11750,3.01561,6.13335,2.40673,1.76040,7978.91262,2944.94450,25.44679,2.54086,3.00430,6.57464
2025-05-23,1.67636,1.55689,1.31930,5.83982,4.10088,3.00717,6.26771,2.45422,1.79923,7679.36429,2845.48953,24.99560,2.56143,3.00719,6.57083
2025-05-26,,,,,,,,,,7828.24616,2895.18704,25.22782,,,
2025-05-27,1.66332,1.55592,1.32738,5.97720,4.14426,3.02977,6.16147,2.41682,1.76852,7806.37016,2887.95422,25.19658,2.54263,3.00544,6.57659
2025-05-28,1.65551,1.55542,1.33244,5.95070,4.13634,3.02577,6.14751,2.41194,1.76449,7722.56047,2860.09808,25.07033,2.52150,3.00340,6.58297
2025-05-29,1.64768,1.55492,1.33756,5.96240,4.14052,3.02812,6.18393,2.42484,1.77500,7567.78457,2808.55632,24.83073,2.51642,3.00325,6.58544
2025-05-30,1.63465,1.55393,1.34585,5.95300,4.13757,3.02663,6.14326,2.41053,1.76316,7442.41072,2766.72782,24.63494,2.49545,3.00120,6.59176
2025-06-02,1.66854,1.55739,1.32448,6.00003,4.15472,3.03631,6.30656,2.46823,1.81177,7579.71883,2812.71453,24.85582,2.54681,3.00783,6.57705
2025-06-03,1.68028,1.55872,1.31759,6.04692,4.17262,3.04662,6.25071,2.44860,1.79511,7549.96449,2802.82463,24.81103,2.55325,3.00905,6.57633
2025-06-04,1.67245,1.55823,1.32278,6.06378,4.17964,3.05079,6.29098,2.46284,1.80705,7499.78069,2786.10483,24.73384,2.55668,3.00991,6.57653
2025-06-05,1.68028,1.55919,1.31833,6.01814,4.16002,3.03918,6.25921,2.45169,1.79699,7276.92241,2711.64086,24.38231,2.56742,3.01163,6.57453
2025-06-06,1.69200,1.56052,1.31173,6.07697,4.18647,3.05524,6.17523,2.42213,1.76931,7473.88551,2777.74252,24.70175,2.58064,3.01364,6.57160
2025-06-09,1.69330,1.56088,1.31138,6.08592,4.19079,3.05796,6.20437,2.43245,1.77884,7887.37912,2916.10041,25.32869,2.57878,3.01388,6.57284
2025-06-10,1.68809,1.56063,1.31437,6.12616,4.21063,3.07050,6.20619,2.43314,1.77936,7878.50105,2913.19557,25.31971,2.56797,3.01308,6.57372
2025-06-11,1.71547,1.56340,1.30107,6.10553,4.20004,3.06373,6.23978,2.44503,1.79063,7776.26878,2879.22307,25.18935,2.57883,3.01481,6.57544
2025-06-12,1.71677,1.56376,1.30087,6.11986,4.20786,3.06888,6.31728,2.47240,1.81769,7586.82538,2816.14328,24.94364,2.58101,3.01552,6.57674
2025-06-13,1.76501,1.56839,1.28611,6.04303,4.16502,3.04024,6.40004,2.50160,1.84757,7588.67460,2816.80865,24.94861,2.63267,3.02190,6.59421
2025-06-16,1.76501,1.56863,1.28628,6.12709,4.21228,3.07195,6.30878,2.46953,1.81238,7675.93189,2846.00585,25.06716,2.64287,3.02422,6.60083
2025-06-17,1.80020,1.57196,1.28575,6.06734,4.17900,3.04971,6.31202,2.47072,1.81347,7488.72613,2783.58435,24.82235,2.67047,3.03342,6.62917
2025-06-18,1.80736,1.57293,1.28660,6.06631,4.17855,3.04946,6.27803,2.45878,1.79985,7501.96530,2788.06002,24.84259,2.68577,3.04067,6.65142
2025-06-19,,,,,,,,,,7494.54687,2785.62551,24.83513,,,
2025-06-20,1.81193,1.57414,1.28769,6.04153,4.16480,3.04028,6.27539,2.45790,1.79862,7391.85449,2751.30714,24.69994,2.67039,3.03129,6.62082
2025-06-23,1.74936,1.55197,1.26654,6.10366,4.19976,3.06375,6.29462,2.46471,1.80644,7550.89224,2804.06754,24.91732,2.62896,3.00241,6.52782
2025-06-24,1.70504,1.53595,1.25122,6.19700,4.25214,3.09883,6.19567,2.42988,1.76374,7584.32595,2814.85958,24.96405,2.56454,2.95706,6.38227
2025-06-25,1.70113,1.53470,1.25032,6.21283,4.26103,3.10492,6.21449,2.43657,1.77162,7680.30737,2845.70529,25.09324,2.55831,2.95299,6.37137
2025-06-26,1.70764,1.53653,1.25173,6.27093,4.29483,3.12937,6.20761,2.43418,1.76853,7659.39027,2839.07283,25.06834,2.56687,2.95785,6.38423
2025-06-27,1.69852,1.53483,1.25042,6.29240,4.30814,3.13914,6.09510,2.39452,1.72030,7664.98283,2840.92841,25.07819,2.57604,2.96238,6.39639
2025-06-30,1.69983,1.53519,1.25071,6.33315,4.33332,3.15964,6.16815,2.42038,1.74975,7669.43062,2842.41787,25.08655,2.55477,2.95366,6.37164
2025-07-01,1.70896,1.53626,1.25157,6.27976,4.30052,3.12984,6.22319,2.43986,1.77096,7555.86016,2806.11132,24.94009,2.55901,2.95538,6.37619
2025-07-02,1.73632,1.53895,1.25329,6.32351,4.32755,3.15447,6.25759,2.45204,1.78422,7796.40619,2883.37074,25.26104,2.59803,2.96678,6.40872
2025-07-03,1.73632,1.53919,1.25349,6.38574,4.36595,3.19162,6.21489,2.43703,1.76749,7846.86798,2899.56348,25.32917,2.59039,2.96503,6.40328
2025-07-04,,,,,,,,,,7735.87285,2864.18862,25.18804,,,
2025-07-07,1.73241,1.53908,1.25347,6.33763,4.33642,3.16061,6.21955,2.43871,1.76918,7747.89775,2868.10161,25.20629,2.57227,2.96033,6.38935
2025-07-08,1.73632,1.53966,1.25388,6.34119,4.33869,3.16267,6.15459,2.41583,1.74385,7798.51744,2884.35954,25.27489,2.59106,2.96599,6.40527
2025-07-09,1.73502,1.53978,1.25400,6.38608,4.36641,3.19289,6.18211,2.42559,1.75439,7974.60326,2940.70309,25.50633,2.57645,2.96227,6.39423
2025-07-10,1.72720,1.53932,1.25377,6.37689,4.36083,3.18600,6.19587,2.43049,1.75961,8293.61779,3042.42438,25.91813,2.58500,2.96497,6.40179
2025-07-11,1.75066,1.54164,1.25526,6.36255,4.35207,3.17500,6.25536,2.45153,1.78257,8418.49393,3082.06553,26.07690,2.60353,2.97036,6.41727
2025-07-14,1.73632,1.54061,1.25467,6.38562,4.36635,3.19226,6.23250,2.44351,1.77356,8579.71488,3133.60609,26.29276,2.60245,2.97045,6.41715
2025-07-15,1.73241,1.54050,1.25465,6.39148,4.37003,3.19650,6.20660,2.43441,1.76339,8425.09925,3082.83511,26.07379,2.60026,2.97024,6.41614
2025-07-16,1.73632,1.54108,1.25506,6.39802,4.37413,3.20146,6.23756,2.44538,1.77527,8498.05492,3106.91272,26.18786,2.61008,2.97327,6.42466
2025-07-17,1.74805,1.54235,1.25590,6.44979,4.40606,3.24537,6.22400,2.44064,1.76977,8553.27293,3125.13407,26.27704,2.62081,2.97653,6.43389
2025-07-18,1.75328,1.54305,1.25639,6.44359,4.40232,3.23931,6.24019,2.44639,1.77615,8442.82254,3088.86663,26.09949,2.63807,2.98152,6.44807
2025-07-21,1.74805,1.54282,1.25630,6.47700,4.42293,3.26966,6.33610,2.48028,1.81606,8405.16894,3076.52035,26.03848,2.62863,2.97925,6.43993
2025-07-22,1.74675,1.54294,1.25642,6.44349,4.40241,3.23652,6.39620,2.50149,1.84109,8593.80858,3138.71462,26.35922,2.62824,2.97945,6.43996
2025-07-23,1.74284,1.54283,1.25638,6.47288,4.42056,3.26451,6.31688,2.47361,1.80503,8492.35754,3105.41991,26.19015,2.61573,2.97545,6.42558
2025-07-24,1.74024,1.54283,1.25642,6.48665,4.42910,3.27782,6.27823,2.46004,1.78749,8472.78154,3099.02972,26.15845,2.61765,2.97646,6.42842
2025-07-25,1.72328,1.54157,1.25560,6.50227,4.43877,3.29329,6.22015,2.43960,1.76133,8411.44873,3078.89205,26.05483,2.59899,2.97031,6.40641
2025-07-28,1.74154,1.54343,1.25689,6.52258,4.45132,3.31389,6.17989,2.42542,1.74324,8447.41234,3090.79142,26.11887,2.59158,2.96805,6.39796
2025-07-29,1.76371,1.54563,1.25841,6.51248,4.44519,3.30260,6.19688,2.43147,1.75061,8436.58552,3087.27818,26.10216,2.60889,2.97448,6.41955
2025-07-30,1.75979,1.54552,1.25836,6.52121,4.45063,3.31124,6.08984,2.39371,1.70274,8426.65618,3084.06007,26.08698,2.59459,2.96983,6.40278
2025-07-31,1.74284,1.54427,1.25735,6.48665,4.42948,3.27394,6.13031,2.40807,1.71809,8291.78807,3039.68779,25.85614,2.54325,2.95201,6.34035
2025-08-01,1.71547,1.54207,1.25557,6.35886,4.35102,3.13833,6.25476,2.45210,1.76292,8108.11388,2979.13850,25.53872,2.52954,2.94897,6.33001
2025-08-04,1.71026,1.54183,1.25538,6.47620,4.42335,3.25385,6.29118,2.46499,1.77463,8245.37871,3024.57898,25.78164,2.52502,2.94889,6.32909
2025-08-05,1.69592,1.54077,1.25444,6.43223,4.39639,3.21485,6.29624,2.46682,1.77623,8167.46466,2998.90644,25.64749,2.52232,2.94901,6.33013
2025-08-06,1.69200,1.54064,1.25461,6.51317,4.44625,3.28384,6.28288,2.46215,1.77187,8233.55067,3020.79445,25.76166,2.52656,2.94994,6.32861
2025-08-07,1.69592,1.54123,1.25440,6.53521,4.45987,3.30209,6.33590,2.48089,1.78892,8406.06207,3077.80727,26.04698,2.53418,2.95127,6.32316
2025-08-08,1.69330,1.54122,1.25502,6.59617,4.49739,3.35329,6.33448,2.48043,1.78828,8355.65743,3061.24813,25.96777,2.53590,2.95190,6.32264
2025-08-11,1.69983,1.54204,1.25376,6.57666,4.48549,3.33631,6.24342,2.44838,1.75421,8498.90345,3108.53127,26.20146,2.52992,2.95164,6.33109
2025-08-12,1.69330,1.54167,1.25571,6.65932,4.53630,3.40615,6.23776,2.44642,1.75201,8599.98683,3141.85708,26.36567,2.52294,2.95127,6.34217
2025-08-13,1.68940,1.54155,1.25720,6.66264,4.53841,3.40844,6.25678,2.45317,1.75898,8835.34922,3219.29535,26.74319,2.52612,2.95207,6.33841
2025-08-14,1.69592,1.54237,1.25502,6.65748,4.53532,3.40314,6.21712,2.43922,1.74415,8482.31450,3103.57772,26.18927,2.51789,2.95154,6.35489
2025-08-15,1.69070,1.54212,1.25738,6.62821,4.51745,3.37454,6.22076,2.44055,1.74541,8396.49227,3075.36726,26.05345,2.52759,2.95311,6.33649
2025-08-18,1.69330,1.54259,1.25652,6.62556,4.51590,3.37138,6.21105,2.43716,1.74171,8325.03976,3051.86409,25.94014,2.52604,2.95337,6.34154
2025-08-19,1.68158,1.54174,1.26241,6.53567,4.46083,3.28111,6.17705,2.42519,1.72902,8079.76731,2970.99132,25.54417,2.50635,2.95150,6.38749
2025-08-20,1.69852,1.54352,1.25357,6.49686,4.43706,3.24230,6.23958,2.44732,1.75207,8179.34315,3003.99321,25.70133,2.52377,2.95399,6.34571
2025-08-21,1.71156,1.54494,1.24697,6.46679,4.41865,3.21293,6.21793,2.43972,1.74394,8041.18870,2958.33354,25.49975,2.54551,2.95697,6.29379
2025-08-22,1.71547,1.54552,1.24526,6.56655,4.48007,3.30388,6.28450,2.46327,1.76853,8359.97260,3060.45308,25.94772,2.56118,2.95922,6.25757
2025-08-25,1.72328,1.54645,1.24151,6.54762,4.46852,3.28756,6.26932,2.45796,1.76279,7879.60431,2918.34983,25.37183,2.56359,2.95994,6.25351
2025-08-26,1.71156,1.54562,1.24795,6.57390,4.48473,3.30929,6.31485,2.47406,1.77962,8008.85085,2951.57437,25.49950,2.55159,2.95898,6.28193
2025-08-27,1.71286,1.54596,1.24762,6.58400,4.49101,3.31745,6.32760,2.47860,1.78424,7962.82929,2940.80079,25.46119,2.55903,2.96028,6.26767
2025-08-28,1.72460,1.54725,1.24196,6.62522,4.51639,3.35186,6.37454,2.49519,1.80203,8050.78331,2960.73378,25.54032,2.57123,2.96212,6.24468
2025-08-29,1.72720,1.54771,1.24109,6.54853,4.46941,3.28653,6.43606,2.51690,1.82735,7763.92539,2898.75056,25.30150,2.59242,2.96499,6.20905
2025-09-01,,,,,,,,,,7801.07214,2906.15354,25.33233,,,
2025-09-02,1.75458,1.55038,1.23020,6.49365,4.43577,3.23999,6.58822,2.57049,1.89614,7954.85874,2933.62638,25.44200,2.61459,2.96795,6.18252
2025-09-03,1.73762,1.54911,1.23437,6.54474,4.46725,3.28114,6.63982,2.58865,1.91954,8000.65186,2941.60871,25.47535,2.60944,2.96780,6.18663
2025-09-04,1.72590,1.54828,1.23686,6.60398,4.50371,3.32808,6.61048,2.57840,1.90456,7937.65840,2931.25926,25.43732,2.59471,2.96655,6.19164
2025-09-05,1.71026,1.54710,1.24011,6.61351,4.50963,3.33541,6.69870,2.60941,1.95238,7924.10191,2929.22174,25.43153,2.58493,2.96584,6.19399
2025-09-08,1.72328,1.54849,1.23782,6.64577,4.52950,3.36099,6.77499,2.63619,1.99710,8024.38367,2946.00682,25.50088,2.60327,2.96837,6.19240
2025-09-09,1.72720,1.54906,1.23731,6.66460,4.54112,3.37582,6.75961,2.63085,1.98635,7979.58413,2938.92832,25.47478,2.60143,2.96857,6.19305
2025-09-10,1.74024,1.55045,1.23505,6.66678,4.54253,3.37727,6.78389,2.63940,2.00295,8154.53740,2967.91700,25.59280,2.60726,2.96966,6.19488
2025-09-11,1.72590,1.54939,1.23803,6.70558,4.56639,3.40816,6.77378,2.63590,1.99461,8262.97740,2985.77394,25.66597,2.60368,2.96966,6.19421
2025-09-12,1.73502,1.55043,1.23651,6.73520,4.58462,3.43229,6.78713,2.64061,2.00464,8313.32012,2994.14452,25.70131,2.62140,2.97212,6.20322
2025-09-15,1.75328,1.55228,1.23344,6.79284,4.62000,3.48122,6.85775,2.66538,2.06334,8261.19654,2986.03050,25.67134,2.64447,2.97653,6.22016
2025-09-16,1.77022,1.55399,1.23180,6.78710,4.61656,3.47551,6.87151,2.67024,2.07452,8359.82158,3002.18318,25.73731,2.66157,2.98152,6.23908
2025-09-17,1.75458,1.55284,1.23205,6.77355,4.60834,3.46227,6.81849,2.65174,2.02722,8343.85407,2999.85747,25.72932,2.63372,2.97046,6.19399
2025-09-18,1.74350,1.55207,1.23195,6.83463,4.64581,3.52017,6.79118,2.64222,2.00292,8375.25016,3005.29381,25.75499,2.61218,2.96192,6.15905
2025-09-19,1.72851,1.55095,1.23176,6.88089,4.67418,3.56557,6.86321,2.66748,2.06431,8274.89882,2988.09714,25.68191,2.60283,2.95835,6.14402
2025-09-22,1.72720,1.55105,1.23191,6.92163,4.69916,3.60721,6.98199,2.70907,2.16792,8068.43035,2951.72009,25.52356,,,
2025-09-23,1.74545,1.55290,1.23255,6.87566,4.67114,3.55635,7.01052,2.71907,2.19312,8020.09505,2943.26731,25.48800,2.62195,2.96654,6.17568
2025-09-24,1.75718,1.55416,1.23303,6.85151,4.65645,3.52901,6.94699,2.69694,2.13450,8111.15431,2959.90660,25.56377,2.63012,2.97020,6.18936
2025-09-25,1.77022,1.55553,1.23352,6.82197,4.63845,3.49562,6.97592,2.70709,2.15980,7813.52778,2906.80799,25.33061,2.64159,2.97520,6.20841
2025-09-26,1.77152,1.55585,1.23371,6.85002,4.65569,3.52595,7.01619,2.72119,2.19553,7849.51216,2913.55951,25.36266,2.65828,2.98229,6.23589
2025-09-29,1.75718,1.55460,1.23215,6.88174,4.67516,3.56049,7.13193,2.76164,2.30054,8183.91108,2970.52972,25.61846,2.65662,2.98175,6.23299
2025-09-30,1.75066,1.55414,1.23153,6.90059,4.68676,3.58086,7.19284,2.78291,2.35718,8157.47155,2966.52190,25.60398,2.64708,2.97719,6.21431
2025-10-01,1.74805,1.55408,1.23137,6.93370,4.70707,3.61723,7.20417,2.78689,2.36732,8473.94022,3017.87012,25.81796,2.66566,2.98703,6.25211
2025-10-02,1.73372,1.55280,1.22979,6.96220,4.72455,3.64853,7.17908,2.77820,2.34257,8628.92219,3042.63257,25.92132,2.65352,2.98036,6.22503
2025-10-03,1.74024,1.55369,1.23074,6.93289,4.70672,3.61407,7.23675,2.79833,2.39677,8757.00719,3062.91812,26.00605,2.66666,2.98812,6.25462
2025-10-06,1.75849,1.55581,1.23311,6.98496,4.73861,3.67377,7.37313,2.84583,2.52815,8934.24901,3091.63021,26.12451,2.68333,2.99851,6.29507
2025-10-07,1.76371,1.55656,1.23390,6.94818,4.71623,3.62947,7.41117,2.85909,2.56555,8702.57990,3047.80713,25.94851,2.69423,3.00601,6.32419
2025-10-08,1.76761,1.55717,1.23452,7.02784,4.76496,3.72262,7.53339,2.90157,2.68851,8831.60396,3074.23769,26.05661,2.70806,3.01667,6.36672
2025-10-09,1.75196,1.55577,1.23280,7.01932,4.75984,3.71142,7.39437,2.85343,2.54238,8703.69886,3046.55470,25.94670,2.67690,2.98966,6.25399
2025-10-10,1.71547,1.55219,1.22855,6.77565,4.61120,3.40427,7.46904,2.87940,2.61171,8141.94772,2919.39832,25.42982,2.63665,2.95460,6.10853
2025-10-13,1.73567,1.55453,1.23117,6.91945,4.69935,3.51771,7.65055,2.94242,2.78392,8254.84940,2945.76890,25.53720,2.68032,2.99142,6.23312
2025-10-14,1.71677,1.55288,1.22932,6.87335,4.67124,3.48539,7.70518,2.96138,2.83504,8111.33009,2912.69028,25.41645,2.67176,2.98482,6.21157
2025-10-15,1.72198,1.55357,1.22963,6.92186,4.70099,3.51866,7.83873,3.00762,2.96239,7934.95568,2874.95296,25.27710,2.67598,2.98828,6.22208
2025-10-16,1.71938,1.55355,1.22981,6.89622,4.68539,3.50074,8.02206,3.07097,3.14215,7739.71310,2838.22579,25.13960,2.69385,3.00250,6.26684
2025-10-17,1.71938,1.55376,1.22998,6.94151,4.71315,3.53183,7.87110,3.01901,2.98931,7631.67990,2821.63981,25.07798,2.67737,2.98966,6.22539
2025-10-20,1.73632,1.55551,1.22851,7.02898,4.76667,3.59218,8.15763,3.11796,3.24246,7919.02155,2855.84434,25.21414,2.72708,3.02899,6.35008
2025-10-21,1.71938,1.55420,1.23038,7.02714,4.76562,3.59071,7.63335,2.93766,2.80119,7780.17649,2842.29624,25.16536,2.68310,2.99463,6.23911
2025-10-22,1.74545,1.55677,1.22776,6.95944,4.72437,3.54344,7.63416,2.93799,2.80145,7706.25779,2836.31739,25.14471,2.68621,2.99720,6.24615
2025-10-23,1.77022,1.55919,1.22533,7.01795,4.76019,3.58379,7.66471,2.94861,2.81624,7877.55753,2848.00987,25.19231,2.73501,3.03550,6.35619
2025-10-24,1.77282,1.55963,1.22524,7.09288,4.80601,3.63565,7.63901,2.93976,2.80352,7946.55581,2852.57619,25.21212,2.72410,3.02714,6.33162
2025-10-27,1.77152,1.55972,1.22549,7.21921,4.88311,3.72356,7.42635,2.86615,2.69932,8165.77641,2866.21514,25.26702,2.70781,3.01459,6.29495
2025-10-28,1.75196,1.55820,1.22606,7.27472,4.91698,3.76204,7.37313,2.84770,2.67453,8086.53714,2861.87127,25.25235,2.69361,3.00365,6.26298
2025-10-29,1.75979,1.55911,1.22609,7.30748,4.93698,3.78698,7.34520,2.83804,2.66174,7887.96527,2850.36054,25.20998,2.70750,3.01464,6.29432
2025-10-30,1.76501,1.55978,1.22620,7.19575,4.86912,3.69009,7.48948,2.88825,2.72596,7731.45872,2841.16436,25.17646,2.71150,3.01789,6.30336
2025-10-31,1.77022,1.56045,1.22642,7.23047,4.89033,3.71940,7.44881,2.87418,2.70841,7841.29093,2848.31419,25.20634,2.72418,3.02792,6.33197
2025-11-03,1.78847,1.56226,1.22740,7.26506,4.91147,3.74860,7.46216,2.87886,2.71407,7622.38481,2836.01170,25.15896,2.74949,3.04777,6.38902
2025-11-04,1.77282,1.56085,1.22580,7.11760,4.82182,3.61764,7.33144,2.83352,2.65788,7254.05770,2822.24104,25.10519,2.72982,3.03263,6.34473
2025-11-05,1.77022,1.56075,1.22562,7.16392,4.85013,3.65640,7.41623,2.86305,2.69387,7437.72845,2829.76990,25.10485,,,
2025-11-06,1.77282,1.56126,1.22610,7.03048,4.76890,3.54251,7.40732,2.86000,2.69004,7246.31594,2822.86839,25.12548,2.71847,3.02393,6.31899
2025-11-07,1.77673,1.56195,1.22680,7.00830,4.75543,3.52581,7.45265,2.87579,2.70910,7402.84210,2829.34609,25.09517,2.72593,3.02988,6.33589
2025-11-10,1.79629,1.56496,1.23015,7.16334,4.85018,3.63683,7.65641,2.94660,2.79511,7592.80131,2836.98925,25.05250,2.77285,3.06656,6.44635
2025-11-11,1.80671,1.56710,1.23248,7.14426,4.83863,3.62436,7.68656,2.95709,2.80781,7370.34254,2829.06127,25.10974,2.79589,3.08443,6.50019
2025-11-12,1.78456,1.56152,1.22600,7.13864,4.83527,3.62058,7.81040,3.00001,2.86019,7277.84831,2825.89387,25.13786,2.79910,3.08716,6.50799
2025-11-13,1.77805,1.55998,1.22416,6.99289,4.74650,3.52620,7.74727,2.97823,2.83321,7159.97822,2821.70064,25.18223,2.80107,3.08909,6.51318
2025-11-14,1.78065,1.56083,1.22504,6.99818,4.74980,3.52920,7.60745,2.92990,2.77021,6763.97346,2806.47729,25.36679,2.77353,3.06180,6.41987
2025-11-17,1.77805,1.56031,1.22437,6.93841,4.71336,3.49439,7.52023,2.89971,2.73105,6578.51845,2799.16336,25.49183,2.76839,3.05674,6.40217
2025-11-18,1.79369,1.56458,1.22916,6.85392,4.66178,3.44781,7.57487,2.91872,2.75536,6644.72276,2802.35824,25.43413,2.77464,3.06299,6.42266
2025-11-19,1.77543,1.55998,1.22382,6.89485,4.68684,3.46795,7.58721,2.92304,2.76078,6536.21862,2798.16149,25.55503,2.76441,3.05288,6.38762
2025-11-20,1.75849,1.55570,1.21884,6.73163,4.58946,3.39185,7.58499,2.92231,2.75963,6220.63350,2785.02901,25.97518,2.74118,3.02983,6.30871
2025-11-21,1.74936,1.55343,1.21617,6.78220,4.61401,3.41000,7.57325,2.91829,2.75403,6080.11472,2779.11086,26.19480,2.73554,3.02427,6.28933
2025-11-24,1.75588,1.55518,1.21806,6.95565,4.68807,3.46511,7.69324,2.95994,2.81105,6325.58352,2790.70300,25.76341,2.73560,3.02437,6.28909
2025-11-25,1.74805,1.55371,1.21629,6.99853,4.70548,3.47721,7.69081,2.95915,2.80966,6258.08505,2788.09788,25.88222,2.73097,3.01981,6.27310
2025-11-26,1.77152,1.55743,1.22054,7.06035,4.73041,3.49450,7.75233,2.98049,2.84052,6473.86261,2798.08559,25.50782,2.76389,3.05262,6.38309
2025-11-27,,,,,,,,,,6537.34369,2801.20507,25.40676,,,
2025-11-28,1.79237,1.56073,1.22430,7.11760,4.75342,3.51047,7.84864,3.01386,2.89174,6512.57365,2800.51685,25.45308,2.81071,3.09920,6.53741
2025-12-01,1.79369,1.56111,1.22466,7.09369,4.74423,3.50407,7.88648,3.02699,2.91272,6191.52692,2787.08236,25.99504,2.82784,3.11625,6.59219
2025-12-02,1.78586,1.56015,1.22345,7.14920,4.76667,3.52063,7.83569,3.00949,2.88114,6551.07344,2803.63346,25.33186,2.80871,3.09731,6.53006
2025-12-03,1.79369,1.56150,1.22493,7.16668,4.77444,3.52642,7.82841,3.00701,2.87604,6700.02495,2810.37254,25.09804,2.81967,3.10824,6.56481
2025-12-04,1.79890,1.56242,1.22592,7.16001,4.77131,3.52397,7.83347,3.00880,2.87899,6599.57006,2806.52324,25.24869,2.83059,3.11912,6.60056
2025-12-05,1.81063,1.56464,1.22844,7.18921,4.78636,3.53568,7.81951,3.00402,2.86875,6390.16033,2797.98075,25.56377,2.85333,3.14172,6.68317
2025-12-08,1.78847,1.55967,1.22246,7.17542,4.77883,3.52961,7.79887,2.99693,2.85342,6489.88581,2802.71105,25.41449,2.80878,3.09762,6.50392
2025-12-09,1.78326,1.55861,1.22112,7.18426,4.78392,3.53365,7.83893,3.01083,2.88228,6642.74802,2809.67688,25.18785,2.79083,3.07985,6.43200
2025-12-10,1.79629,1.56183,1.22483,7.21369,4.80157,3.54813,7.87232,3.02241,2.90691,6592.22202,2807.90103,25.26585,2.79524,3.08427,6.44837
2025-12-11,1.79499,1.56169,1.22458,7.19035,4.78765,3.53568,7.95710,3.05175,2.97252,6629.49729,2809.84775,25.21635,2.81395,3.10289,6.51996
2025-12-12,1.77673,1.55758,1.21964,7.05288,4.70534,3.45994,8.00162,3.06716,3.00796,6465.44053,2803.24961,25.45911,2.77830,3.06755,6.38061
2025-12-15,1.76892,1.55590,1.21757,7.01749,4.68416,3.44043,8.00890,3.06972,3.01350,6180.64355,2791.25795,25.89157,2.77082,3.06016,6.35420
2025-12-16,1.75196,1.55203,1.21291,7.03139,4.69258,3.44790,8.01072,3.07039,3.01446,6280.83704,2796.13771,25.73662,2.74189,3.03140,6.25687
2025-12-17,1.77282,1.55647,1.21796,6.90105,4.61415,3.37830,8.07952,3.09416,3.07711,6159.67021,2791.09805,25.93086,2.77196,3.05995,6.34333
2025-12-18,1.76239,1.55470,1.21590,7.00104,4.66856,3.42192,8.06495,3.08918,3.06264,6114.91042,2789.42175,26.00771,2.75766,3.04729,6.30490
2025-12-19,1.77543,1.55678,1.21818,7.09231,4.71440,3.45796,8.07406,3.09237,3.07063,6310.58661,2798.70052,25.66511,2.77570,3.06251,6.35082
2025-12-22,1.79696,1.56008,1.22184,7.12630,4.73153,3.47133,8.26042,3.15665,3.25286,6332.51621,2800.02892,25.63298,2.80165,3.08395,6.41630
2025-12-23,1.81457,1.56278,1.22483,7.15968,4.74832,3.48444,8.36989,3.19434,3.36339,6253.17812,2796.87685,25.77232,2.83764,3.11358,6.50729
2025-12-24,1.81728,1.56334,1.22538,7.18063,4.75892,3.49270,8.33529,3.18250,3.32675,6271.76438,2798.06776,25.74553,2.84236,3.11755,6.51914
2025-12-25,,,,,,,,,,6243.53782,2797.16822,25.79905,,,
2025-12-26,1.82134,1.56410,1.22616,7.18016,4.75885,3.49257,8.43262,3.21599,3.42626,6250.94600,2797.85576,25.79106,2.87099,3.14097,6.59130
2025-12-29,1.80644,1.56096,1.22247,7.14542,4.74174,3.47856,8.06556,3.09005,3.03935,6236.53824,2797.56761,25.82211,2.81653,3.09302,6.44200
2025-12-30,1.81728,1.56361,1.22540,7.12884,4.73365,3.47167,8.07143,3.09212,3.04310,6329.22593,2802.08006,25.65454,2.85903,3.13073,6.55777
2025-12-31,1.79426,1.55768,1.21850,7.06992,4.70446,3.44648,8.01922,3.07416,3.00605,6263.98475,2799.54896,25.77891,2.80109,3.07967,6.39852
2026-01-01,,,,,,,,,,6347.52936,2803.63974,25.62935,,,
2026-01-02,1.79832,1.55892,1.21984,7.05622,4.69778,3.44066,8.05909,3.08796,3.03353,6437.42425,2807.96477,25.47110,2.79687,3.07601,6.38858
2026-01-05,1.83217,1.56807,1.23028,7.11226,4.72595,3.46476,8.27115,3.16113,3.18165,6724.32366,2820.83415,24.96422,2.85530,3.12789,6.52271
2026-01-06,1.83353,1.56855,1.23077,7.17476,4.75728,3.49160,8.36058,3.19194,3.23975,6697.53367,2820.06594,25.00753,2.87884,3.14854,6.57325
2026-01-07,1.81592,1.56346,1.22527,7.18166,4.76088,3.49457,8.28066,3.16452,3.18685,6528.23628,2813.29202,25.24393,2.85460,3.12749,6.52135
2026-01-08,1.83623,1.56965,1.23182,7.14081,4.74072,3.47657,8.32639,3.18029,3.21638,6520.21706,2813.30011,25.25980,2.84592,3.11999,6.50278
2026-01-09,1.83623,1.56976,1.23187,7.21193,4.77632,3.50840,8.38669,3.20107,3.25609,6480.32766,2811.93266,25.31984,2.86567,3.13735,6.54520
2026-01-12,1.86332,1.57962,1.24238,7.21791,4.77936,3.51105,8.54371,3.25505,3.36679,6523.38307,2814.15843,25.26455,2.90889,3.17518,6.63791
2026-01-13,1.87686,1.58527,1.24823,7.20721,4.77382,3.50566,8.53157,3.25093,3.35735,6821.37269,2827.37238,24.85583,2.92649,3.19047,6.67584
2026-01-14,1.87957,1.58664,1.24961,7.13022,4.73209,3.46553,8.61878,3.28089,3.42468,6945.87615,2832.89338,24.73243,2.94265,3.20580,6.71544
2026-01-15,1.86467,1.57806,1.24025,7.15589,4.74619,3.47885,8.56597,3.26284,3.38191,6838.66806,2828.88206,24.82801,2.91405,3.17781,6.63432
2026-01-16,1.85925,1.57487,1.23675,7.14990,4.74305,3.47570,8.52469,3.24874,3.34822,6834.58761,2829.07396,24.83544,2.90524,3.16921,6.60878
2026-01-19,,,,,,,,,,6622.52036,2820.65646,25.00101,,,
2026-01-20,1.88634,1.59152,1.25480,6.99798,4.66040,3.39640,8.84723,3.35941,3.60903,6315.48870,2807.94105,25.24797,2.96849,3.23135,6.79579
2026-01-21,1.90665,1.60444,1.26849,7.09258,4.71029,3.44020,8.97612,3.40351,3.71174,6413.03035,2812.63789,25.17068,3.00322,3.26542,6.89882
2026-01-22,1.90800,1.60539,1.26939,7.14415,4.73568,3.46197,9.14185,3.46011,3.84575,6398.45340,2812.36019,25.18701,3.01221,3.27426,6.92586
2026-01-23,1.94186,1.63105,1.29820,7.16670,4.74686,3.47151,9.26750,3.50296,3.94898,6401.60777,2812.85942,25.18875,3.06016,3.32122,7.09428
2026-01-26,1.95269,1.63926,1.30761,7.19824,4.76241,3.48484,9.40308,3.54913,4.06184,6322.70995,2809.75331,25.25776,3.10990,3.36985,7.28285
2026-01-27,1.97977,1.65974,1.33533,7.26349,4.79438,3.51231,9.63375,3.62754,4.25688,6388.76793,2813.04811,25.20013,3.10681,3.36689,7.26875
2026-01-28,2.00686,1.68020,1.36517,7.28755,4.80624,3.52242,10.00728,3.75418,4.58023,6382.85650,2813.14850,25.21009,3.14609,3.40524,7.44264
2026-01-29,2.03394,1.70063,1.39699,7.24393,4.78524,3.50342,10.03440,3.76339,4.60366,6049.50595,2798.81726,25.55243,3.19018,3.44825,7.65132
2026-01-30,1.96623,1.64971,1.31027,7.15692,4.74288,3.46402,9.00344,3.41545,3.68427,6013.47797,2797.50826,25.59779,3.09096,3.35177,7.14378
2026-02-02,1.89175,1.59349,1.23652,7.20607,4.76716,3.48634,8.64286,3.29239,3.55536,5634.10214,2780.21914,26.11570,2.94806,3.21236,6.55261
2026-02-03,1.94050,1.63047,1.26851,7.09534,4.71313,3.43617,9.19243,3.48086,3.73254,5417.09998,2769.86835,26.47006,3.01813,3.28112,6.72580
2026-02-04,1.94457,1.63357,1.27091,6.97140,4.65217,3.37965,9.18596,3.47870,3.73107,5231.75245,2760.74730,26.86375,3.04453,3.30700,6.78524
2026-02-05,1.91207,1.60902,1.25179,6.87105,4.60812,3.34250,8.94132,3.39537,3.66831,4544.60116,2724.84093,28.72426,3.01554,3.27871,6.71995
2026-02-06,1.93102,1.62340,1.26255,7.01629,4.65709,3.38302,9.21611,3.48933,3.73992,5056.57432,2755.88802,27.10758,3.02284,3.28589,6.73636
2026-02-09,1.94998,1.63777,1.27324,7.07003,4.67269,3.39505,9.45022,3.56916,3.80027,5027.68711,2754.66797,27.16845,3.03579,3.29861,6.76552
2026-02-10,1.94186,1.63165,1.26870,7.03724,4.66385,3.38816,9.35654,3.53736,3.77662,4916.36665,2748.92290,27.38947,3.01814,3.28140,6.72577
2026-02-11,1.96217,1.64703,1.28014,7.05610,4.66937,3.39250,9.46236,3.57342,3.80386,4794.75609,2742.47761,27.65068,3.04705,3.30974,6.79086
2026-02-12,1.91748,1.61330,1.25508,6.91259,4.63079,3.36161,9.13375,3.46178,3.72042,4739.77453,2739.68639,27.78666,3.00186,3.26560,6.68907
2026-02-13,1.91884,1.61434,1.25584,6.92732,4.63427,3.36427,9.36099,3.53934,3.77922,4928.68091,2750.95781,27.29790,3.00933,3.27297,6.70589
2026-02-16,,,,,,,,,,4920.56413,2750.85847,27.32341,,,
2026-02-17,1.89988,1.59998,1.24551,6.92019,4.63338,3.36354,9.06920,3.44010,3.70483,4829.20735,2746.10580,27.56253,2.96075,3.22546,6.59640
2026-02-18,1.95134,1.63700,1.27220,6.97186,4.64147,3.37000,9.27317,3.50978,3.75778,4751.16652,2742.02209,27.78725,3.02195,3.28551,6.73099
2026-02-19,1.96759,1.64823,1.27992,6.94516,4.63825,3.36734,9.29907,3.51866,3.76463,4790.65026,2744.65433,27.67222,3.04114,3.30433,6.77070
2026-02-20,1.98248,1.65851,1.28698,7.00662,4.64645,3.37405,9.48240,3.58114,3.81182,4865.44255,2749.29221,27.44482,3.07115,3.33373,6.83275
2026-02-23,1.99196,1.66505,1.29147,6.92146,4.63639,3.36567,9.73857,3.66826,3.87719,4630.14872,2736.35005,28.18287,3.08044,3.34285,6.85199
2026-02-24,1.99061,1.66414,1.29081,6.99580,4.64523,3.37288,9.60360,3.62256,3.84229,4589.62601,2734.30703,28.32862,3.07613,3.33869,6.84299
2026-02-25,1.99196,1.66510,1.29152,7.09719,4.65698,3.38248,9.57952,3.61444,3.83570,4869.82383,2751.35160,27.30949,3.10019,3.36224,6.89531
2026-02-26,1.99332,1.66614,1.29228,7.01156,4.64819,3.37518,9.66168,3.64239,3.85998,4832.65822,2749.60557,27.43913,3.08815,3.35054,6.86682
2026-02-27,2.02040,1.68654,1.30888,6.98913,4.64627,3.37354,9.78855,3.68549,3.89954,4714.19319,2743.21788,27.84368,3.12458,3.38616,6.95688
2026-03-02,2.07998,1.73133,1.34756,6.99833,4.64784,3.37477,9.91501,3.72839,3.94125,4933.10301,2756.31005,27.08411,3.17961,3.43988,7.10055
2026-03-03,2.08811,1.73744,1.35276,6.92341,4.64012,3.36835,9.47268,3.57875,3.78509,4897.92769,2754.69906,27.20139,3.20367,3.46336,7.16605
2026-03-04,2.10706,1.75166,1.36643,7.02894,4.65243,3.37842,9.54674,3.60398,3.81144,5201.13800,2772.10643,26.23682,3.20015,3.45998,7.15428
2026-03-05,2.13956,1.77600,1.39310,7.00776,4.65065,3.37689,9.43201,3.56505,3.77080,5080.89026,2766.05288,26.53674,3.25756,3.51590,7.34849
2026-03-06,2.21811,1.83470,1.46501,6.90234,4.63957,3.36770,9.58134,3.61590,3.82391,4883.29295,2755.64928,27.04318,3.37870,3.63361,7.78133
2026-03-09,2.19238,1.81557,1.44100,6.99453,4.65043,3.37657,9.56151,3.60922,3.81694,4904.89651,2757.22365,26.99088,3.40962,3.66360,7.89291
2026-03-10,2.22623,1.84083,1.47224,6.99465,4.65100,3.37697,9.66936,3.64591,3.85525,5002.47299,2763.06329,26.73602,3.33434,3.59085,7.61765
2026-03-11,2.26956,1.87311,1.51245,6.99372,4.65145,3.37728,9.63658,3.63484,3.84367,5031.58603,2765.02755,26.66620,3.39231,3.64709,7.82572
2026-03-12,2.33050,1.91840,1.57219,6.87369,4.63864,3.36667,9.44719,3.57059,3.77554,5048.73042,2766.32619,26.62778,3.47297,3.72518,8.11826
2026-03-13,2.31967,1.91040,1.56124,6.83295,4.63559,3.36410,9.32497,3.52907,3.73150,5076.78089,2768.21980,26.56165,3.46999,3.72236,8.10636
2026-03-16,2.28852,1.88734,1.52916,6.90960,4.64139,3.36702,9.31667,3.52630,3.72856,5348.33059,2783.38351,25.87714,3.40377,3.65848,7.85146
2026-03-17,2.32508,1.91451,1.56627,6.94332,4.64426,3.36833,9.29320,3.51835,3.72013,5302.67006,2781.36610,25.97834,3.43968,3.69327,7.98679
2026-03-18,2.36435,1.94363,1.60750,6.84653,4.63838,3.36626,8.99919,3.41822,3.61394,5099.96707,2771.09348,26.40972,3.45924,3.71222,8.06082
2026-03-19,2.33185,1.91962,1.57161,6.82489,4.63752,3.36654,8.62829,3.29148,3.47958,5006.55853,2766.37634,26.62267,3.43984,3.69354,7.98158
2026-03-20,2.34675,1.93068,1.58767,6.69875,4.62955,3.36980,8.36463,3.20096,3.40358,5046.74868,2768.95569,26.53646,3.45094,3.70432,8.02628
2026-03-23,2.24654,1.85651,1.47377,6.77565,4.63546,3.36407,8.17564,3.13745,3.35957,5062.19384,2770.16208,26.50708,3.31446,3.57252,7.43340
2026-03-24,2.28581,1.88575,1.51182,6.72933,4.63289,3.36901,8.17746,3.13778,3.35998,5053.87743,2770.06612,26.53122,3.36753,3.62406,7.62156
2026-03-25,2.27904,1.88075,1.50509,6.77358,4.63654,3.36368,8.42351,3.18287,3.39292,5101.92387,2773.05870,26.42847,3.35707,3.61398,7.58443
2026-03-26,2.30477,1.89988,1.53014,6.61190,4.62607,3.38736,8.10684,3.13833,3.36208,4918.81298,2763.46554,26.84072,3.39811,3.65379,7.72680
2026-03-27,2.35623,1.93809,1.58063,6.48274,4.61763,3.41158,8.39134,3.16393,3.37973,4739.24683,2753.73451,27.27611,3.45505,3.70895,7.92584
2026-03-30,2.36977,1.94814,1.59395,6.43319,4.61470,3.42504,8.38891,3.16409,3.38003,4770.52922,2755.90819,27.19577,3.47716,3.73036,8.00344
2026-03-31,2.34540,1.93013,1.56906,6.65097,4.63092,3.34789,8.70680,3.18329,3.39302,4882.44570,2762.72886,26.87985,3.48377,3.73680,8.02593
2026-04-01,2.31560,1.90810,1.53831,6.73313,4.63724,3.32260,8.85917,3.19242,3.39928,4875.42773,2762.68794,26.90502,3.46651,3.72019,7.96036
2026-04-02,2.37248,1.95030,1.59631,6.74086,4.63837,3.32111,8.68899,3.18318,3.39332,4788.93002,2758.14269,27.15493,3.53583,3.78720,8.22879
2026-04-03,,,,,,,,,,4787.74362,2758.43095,27.16425,,,
2026-04-06,2.37654,1.95334,1.60037,6.78141,4.64176,3.31050,8.65338,3.18152,3.39240,4920.24028,2766.42326,26.74351,3.55398,3.80475,8.29894
2026-04-07,2.37248,1.95036,1.59590,6.78245,4.64243,3.31092,8.73756,3.18676,3.39607,5157.45331,2780.11831,26.01657,3.55242,3.80329,8.29100
2026-04-08,2.30342,1.89929,1.52006,6.98410,4.65683,3.26134,8.79259,3.19025,3.39856,5087.87816,2776.72631,26.20150,3.38922,3.64610,7.56747
2026-04-09,2.31831,1.91037,1.53553,7.03136,4.66058,3.25461,8.86099,3.19527,3.40225,5138.23952,2779.83181,26.07501,3.41542,3.67152,7.64894
2026-04-10,2.29800,1.89533,1.51406,7.04150,4.66185,3.25397,8.84520,3.19418,3.40162,5221.00763,2784.66704,25.87160,3.40718,3.66360,7.62288
2026-04-13,2.33863,1.92552,1.55638,7.11432,4.66728,3.24931,8.80939,3.19082,3.39928,5341.80213,2791.46973,25.59335,3.44911,3.70423,7.75274
2026-04-14,2.32644,1.91651,1.54339,7.24349,4.67636,3.24663,9.00627,3.21304,3.41625,5308.93246,2790.11295,25.66674,3.42921,3.68505,7.69019
2026-04-15,2.33321,1.92156,1.55038,7.34491,4.68320,3.25037,8.91259,3.20119,3.40745,5351.05093,2792.68722,25.58583,3.44162,3.69710,7.72840
2026-04-16,2.34946,1.93363,1.56738,7.38028,4.68864,3.25393,8.90490,3.20032,3.40690,5374.94103,2794.29508,25.54447,3.46718,3.72187,7.80770
2026-04-17,2.28040,1.88251,1.49409,7.47684,4.71154,3.26920,9.02327,3.21876,3.42157,5519.43116,2802.16702,25.27964,3.39267,3.64994,7.57421
2026-04-20,2.31560,1.90869,1.52799,7.45310,4.70389,3.26404,8.94557,3.20579,3.41129,5426.36024,2797.80417,25.43223,3.43154,3.68762,7.69402
2026-04-21,2.35623,1.93886,1.56641,7.42476,4.69273,3.25640,8.69223,3.16026,3.37420,5447.35290,2799.24626,25.40403,3.45392,3.70932,7.76281
2026-04-22,2.38196,1.95794,1.59080,7.54898,4.74811,3.29481,8.80737,3.18158,3.39179,5605.55396,2807.73569,25.16768,3.49846,3.75243,7.90047
2026-04-23,2.41581,1.98301,1.62306,7.50646,4.72688,3.28009,8.72197,3.16626,3.37936,5599.53752,2807.79533,25.17971,3.52194,3.77514,7.97317
2026-04-24,2.40904,1.97804,1.61640,7.65004,4.80492,3.33451,8.76669,3.17467,3.38636,5543.03556,2805.32313,25.25150,3.51474,3.76825,7.94998
2026-04-27,2.43071,1.99408,1.63787,7.65407,4.80727,3.33601,8.69870,3.16248,3.37650,5529.58155,2805.00291,25.27178,3.54340,3.79596,8.04295
2026-04-28,2.44696,2.00610,1.65499,7.57709,4.76382,3.30108,8.53723,3.13310,3.35253,5460.81519,2801.87523,25.35651,3.56440,3.81626,8.11492
2026-04-29,2.50519,2.04909,1.72142,7.62342,4.79011,3.32250,8.44618,3.11692,3.33889,5424.99063,2800.39735,25.40350,3.62090,3.87076,8.32487
2026-04-30,2.50925,2.05211,1.72589,7.69452,4.83038,3.35763,8.57264,3.13588,3.35572,5461.10758,2802.62077,25.36489,3.63022,3.87978,8.35991
2026-05-01,2.48758,2.03620,1.69925,7.76838,4.87218,3.39642,8.56293,3.13484,3.35489,5592.30563,2809.71315,25.21393,3.62339,3.87327,8.32917
2026-05-04,2.52956,2.06715,1.75016,7.75375,4.86399,3.38789,8.39154,3.11365,3.33577,5713.51449,2816.16523,25.07858,3.67634,3.92426,8.56888
2026-05-05,2.51737,2.05822,1.73482,7.85434,4.92086,3.44774,8.46358,3.12093,3.34242,5793.00850,2820.44654,25.00560,3.64714,3.89627,8.42771
2026-05-06,2.44154,2.00245,1.63970,8.01751,5.01293,3.55004,8.72036,3.14240,3.36219,5823.63275,2822.30118,24.98479,3.56225,3.81471,8.02110
2026-05-07,2.44425,2.00447,1.64282,8.00795,5.00763,3.54356,8.73493,3.14392,3.36366,5725.17332,2817.89343,25.05558,3.55067,3.80360,7.96740
2026-05-08,2.44696,2.00650,1.64593,8.19566,5.11334,3.67069,8.77722,3.14767,3.36716,5738.82212,2818.92751,25.05082,3.57876,3.83073,8.09317
2026-05-11,2.51196,2.05450,1.72510,8.21939,5.12674,3.68653,8.79502,3.14944,3.36885,5848.69256,2824.68782,24.98778,3.65162,3.90098,8.42355
2026-05-12,2.56071,2.09041,1.78377,8.14968,5.08768,3.63504,8.76022,3.14697,3.36663,5763.57765,2820.94129,25.03317,3.70217,3.94964,8.65099
2026-05-13,2.53227,2.06955,1.74875,8.23576,5.13611,3.69836,8.71105,3.14282,3.36272,5675.27961,2816.98331,25.07874,3.70214,3.94967,8.64962
2026-05-14,2.51873,2.05962,1.73212,8.29429,5.16904,3.74317,8.64448,3.13680,3.35690,5810.11998,2824.03843,25.01803,3.66051,3.90976,8.45706
2026-05-15,2.52008,2.06064,1.73357,8.16916,5.09893,3.64093,8.44375,3.11789,3.33853,5658.92509,2817.05262,25.08893,3.64634,3.89619,8.39132
2026-05-18,2.53498,2.07164,1.75137,8.13401,5.07926,3.61227,8.46682,3.12047,3.34108,5509.51306,2809.97698,25.16101,3.70442,3.95210,8.65742
2026-05-19,2.55123,2.08362,1.77116,8.08389,5.05116,3.57173,8.32659,3.10705,3.32805,5497.45632,2809.72233,25.17062,3.69674,3.94478,8.62001
2026-05-20,2.49435,2.04184,1.69896,8.21779,5.12653,3.67798,8.44597,3.11626,3.33722,5540.45193,2812.27806,25.15431,3.62681,3.87767,8.28103
2026-05-21,2.47946,2.03090,1.68026,8.23346,5.13540,3.69009,8.43768,3.11609,3.33709,5553.85168,2813.31879,25.15194,3.59660,3.84866,8.13694
2026-05-22,2.46456,2.01995,1.66166,8.26837,5.15507,3.71866,8.37353,3.11322,3.33420,5408.70980,2806.32730,25.22650,3.59074,3.84307,8.10841
2026-05-25,,,,,,,,,,5541.37008,2813.57023,25.14475,,,
2026-05-26,2.42529,1.99101,1.61312,8.41518,5.23753,3.84610,8.37718,3.11376,3.33470,5436.51342,2808.60799,25.21464,3.54592,3.79995,7.89868
2026-05-27,2.38331,1.96002,1.56397,8.40562,5.23224,3.83702,8.26568,3.11001,3.33284,5363.50742,2805.19647,25.27106,3.49247,3.74846,7.66473
2026-05-28,2.39956,1.97207,1.58095,8.47649,5.27202,3.90059,8.35229,3.11367,3.33243,5243.11910,2799.26064,25.38143,3.52838,3.78320,7.80474
2026-05-29,2.38602,1.96209,1.56694,8.50771,5.28958,3.92938,8.44031,3.11735,3.33135,5261.22745,2800.58734,25.36513,3.50071,3.75655,7.70002
2026-06-01,2.41987,1.98717,1.60045,8.55875,5.31821,3.97908,8.32173,3.11338,3.33393,5089.37705,2791.80270,25.59040,3.54202,3.79650,7.84837
2026-06-02,2.43477,1.99821,1.61471,8.59817,5.34033,4.01893,8.33569,3.11430,3.33408,4809.80702,2776.82868,26.03375,3.55635,3.81038,7.89778
2026-06-03,2.44425,2.00524,1.62377,8.57569,5.32785,3.99439,8.25314,3.11162,3.33718,4657.56804,2768.39952,26.32943,3.55514,3.80927,7.89290
2026-06-04,2.41717,1.98527,1.59743,8.53421,5.30473,3.94954,8.32193,3.11462,3.33389,4549.84840,2762.35571,26.60551,3.51492,3.77053,7.75148
2026-06-05,2.36435,1.94626,1.54635,8.12456,5.07564,3.51361,8.01781,3.10364,3.35207,4278.50944,2746.23999,27.48422,3.43886,3.69715,7.48552
2026-06-08,2.38602,1.96234,1.56524,8.25143,5.14704,3.59748,8.03865,3.10485,3.35055,4536.82184,2763.17823,26.49885,3.44375,3.70194,7.49916
2026-06-09,2.35352,1.93831,1.53762,8.15648,5.09381,3.53727,7.90732,3.10018,3.36839,4436.68910,2757.43880,26.83130,3.39703,3.65679,7.36894
2026-06-10,2.36029,1.94336,1.54292,7.99354,5.00230,3.43860,7.57952,3.08774,3.43097,4419.36807,2756.72075,26.89558,3.39914,3.65889,7.37368
2026-06-11,2.33456,1.92432,1.52291,8.26353,5.15444,3.58272,7.81708,3.09781,3.37322,4546.19810,2764.98957,26.45782,3.36749,3.62809,7.30128
2026-06-12,2.31019,1.90627,1.50503,8.31216,5.18181,3.60434,7.82153,3.09839,3.37292,4550.56414,2765.61357,26.44910,3.35828,3.62013,7.28234
2026-06-15,2.28717,1.88919,1.48943,8.57328,5.32839,3.72048,8.02408,3.10682,3.32589,4764.07091,2778.94901,25.73024,3.33392,3.60182,7.23785
2026-06-16,2.25738,1.86726,1.47125,8.41034,5.23732,3.64977,8.04593,3.10807,3.32167,4705.30823,2775.88257,25.91375,3.31326,3.58873,7.20539
2026-06-17,2.23977,1.85632,1.46211,8.32565,5.18994,3.61328,7.86321,3.10142,3.36370,4595.58451,2769.77428,26.25803,3.32806,3.59641,7.22447
2026-06-18,2.23436,1.85357,1.45976,8.53433,5.30709,3.70318,7.83327,3.10064,3.37146,4512.62965,2765.13760,26.52940,3.29523,3.58269,7.18928
2026-06-19,,,,,,,,,,4505.68693,2765.07461,26.55804,,,
2026-06-22,2.21540,1.84588,1.45305,8.51291,5.29518,3.69411,7.78207,3.09903,3.38420,4608.32477,2771.73873,26.21437,3.27041,3.57401,7.16668
2026-06-23,2.19102,1.83725,1.44537,8.23258,5.13832,3.57507,7.63497,3.09358,3.42328,4452.86494,2762.75466,26.73180,3.22997,3.56242,7.13601
2026-06-24,2.13686,1.82138,1.43107,8.19763,5.11876,3.56159,7.40429,3.08464,3.49524,4269.77735,2751.76017,27.37304,3.17405,3.55124,7.10617
2026-06-25,2.18154,1.82973,1.43819,8.26407,5.15618,3.58698,7.47592,3.08803,3.46980,4240.36022,2750.22696,27.49506,3.22354,3.55725,7.11722
2026-06-26,2.14904,1.82725,1.43658,8.15034,5.09239,3.54394,7.56030,3.09192,3.43838,4283.66280,2753.39597,27.31310,3.19542,3.55461,7.12067
2026-06-29,2.14498,1.82714,1.43672,8.35290,5.20637,3.61811,7.45811,3.08816,3.47891,4315.08401,2755.78339,27.18146,3.18518,3.55394,7.12439
2026-06-30,2.15040,1.82785,1.43667,8.49502,5.28617,3.66708,7.45407,3.08840,3.48155,4197.12922,2748.61843,27.71289,3.20136,3.55622,7.11779
2026-07-01,2.13686,1.82694,1.43801,8.36547,5.21370,3.62281,7.49899,3.09067,3.46202,4306.13720,2756.12134,27.17846,3.20263,3.55684,7.11808
2026-07-02,2.14904,1.82822,1.43662,8.22047,5.13244,3.57308,7.65136,3.09736,3.39181,4409.56236,2763.10325,26.69422,3.19960,3.55697,7.12165
2026-07-03,,,,,,,,,,4448.35575,2765.89725,26.52453,,,
2026-07-06,2.18019,1.83112,1.43152,8.33837,5.19877,3.61386,7.73229,3.10105,3.35650,4564.87905,2773.51188,26.01407,3.26642,3.56487,7.06017
2026-07-07,2.20998,1.83386,1.42610,8.18391,5.11217,3.56078,7.63841,3.09769,3.39876,4561.37190,2773.66827,26.03419,3.28185,3.56703,7.04754
2026-07-08,2.25061,1.83748,1.41849,8.20708,5.12528,3.56853,7.57689,3.09561,3.42749,4445.77906,2767.00882,26.48957,3.31857,3.57150,7.01564
2026-07-09,2.22352,1.83551,1.42390,8.34367,5.20212,3.61344,7.65237,3.09910,3.39393,4519.78711,2771.97966,26.19588,3.31304,3.57137,7.02205
2026-07-10,2.22623,1.83598,1.42365,8.36940,5.21663,3.62195,7.62869,3.09856,3.40557,4569.10194,2775.37142,26.01126,3.30003,3.57044,7.03506
2026-07-13,2.28852,1.84136,1.41183,8.21055,5.12760,3.57043,7.42877,3.09085,3.49696,4436.47438,2767.68802,26.51156,3.35514,3.57688,6.99081
2026-07-14,2.31290,1.84356,1.40971,8.30226,5.17922,3.60053,7.53035,3.09549,3.44958,4621.13661,2779.57487,25.79501,3.38481,3.58052,6.97753
2026-07-15,2.32508,1.84478,1.40966,8.27977,5.16667,3.59333,7.53440,3.09606,3.44872,4643.46786,2781.28538,25.73039,3.39986,3.58259,6.97565
2026-07-16,2.29665,1.84271,1.40811,8.14364,5.09029,3.54905,7.38486,3.09033,3.51899,4596.72970,2778.85344,25.88023,3.37696,3.58062,6.97328
2026-07-17,2.33592,1.84781,1.41198,8.02124,5.02156,3.50979,7.45467,3.09366,3.48456,4599.16324,2779.36875,25.87855,3.42051,3.58626,6.98705
2026-07-20,2.35352,1.85138,1.41465,8.02966,5.02586,3.51238,7.43828,3.09339,3.49380,4658.85638,2783.34638,25.69772,3.43649,3.59006,6.99613
2026-07-21,2.39008,1.86164,1.42250,8.17860,5.09656,3.55421,7.58418,3.09987,3.41655,4743.60060,2788.78104,25.44629,3.47418,3.60277,7.02783
2026-07-22,2.41175,1.86970,1.42866,8.13684,5.07778,3.54337,7.67139,3.10385,3.37267,4714.18347,2787.42510,25.53369,3.51946,3.62349,7.08000
2026-07-23,2.44560,1.88577,1.44117,7.98237,5.00823,3.50257,7.51760,3.09805,3.44960,4639.96071,2783.41571,25.74620,3.54994,3.64169,7.12563
2026-07-24,2.43071,1.87706,1.43432,7.89320,4.97177,3.48111,7.52529,3.09879,3.44681,4588.49863,2780.70735,25.89889,3.51579,3.61578,7.05876
2026-07-27,2.34810,1.82214,1.39073,7.86886,4.96313,3.47602,7.58053,3.10149,3.42000,4646.83186,2784.62181,25.73557,3.43542,3.54883,6.88912
2026-07-28,2.31019,1.79681,1.37205,7.79238,4.93924,3.46141,7.47410,3.09755,3.47403,4564.16330,2780.04281,25.97677,3.39977,3.51906,6.81371
2026-07-29,2.37925,1.84210,1.40307,7.63364,4.89815,3.43576,7.50870,3.09939,3.45737,4612.47610,2783.35291,25.84119,3.44723,3.55901,6.90691
2026-07-30,2.36977,1.83629,1.39935,7.88535,4.94243,3.46325,7.63173,3.10488,3.39594,4635.95253,2785.13638,25.77930,3.44465,3.55694,6.90206
2026-07-31,2.37790,1.84138,1.40267,7.93657,4.95067,3.46798,7.51801,3.10066,3.45232,4508.69306,2777.85807,26.14880,3.44321,3.55583,6.89939
2026-08-03,2.33592,1.81544,1.38597,8.07592,4.97205,3.48008,7.52145,3.10122,3.45167,4572.68067,2782.17246,25.96392,3.40574,3.52448,6.82843
2026-08-04,2.28852,1.78599,1.36696,8.35024,5.01307,3.50319,7.57102,3.10368,3.42786,4601.23890,2784.28165,25.88640,3.36072,3.48835,6.74319
2026-08-05,2.29935,1.79195,1.37093,8.27469,5.00266,3.49748,7.88426,3.11693,3.27315,4640.81960,2787.04864,25.77774,3.38278,3.50390,6.77918
2026-08-06,2.33321,1.80903,1.38248,8.24412,4.99784,3.49498,7.88486,3.11737,3.27368,4592.86468,2784.54098,25.92046,3.39877,3.51443,6.80382
2026-08-07,2.33592,1.81045,1.38346,8.34079,5.01801,3.50621,8.06293,3.12483,3.22759,4633.23270,2787.35834,25.80914,3.43730,3.53885,6.86226
2026-08-10,2.41446,1.84873,1.40932,8.31588,5.01222,3.50306,8.14529,3.12844,3.21258,4564.73590,2783.60987,26.01109,3.51486,3.58759,6.97932
2026-08-11,2.42529,1.85404,1.41292,8.28795,5.00474,3.49886,8.11331,3.12763,3.21750,4527.66030,2781.72079,26.12554,3.51748,3.58942,6.98350
2026-08-12,2.43342,1.85803,1.41563,8.34852,5.02328,3.50976,8.19344,3.13113,3.20956,4536.03452,2782.60486,26.10653,3.54615,3.60727,7.02644
2026-08-13,2.40633,1.84495,1.40689,8.44507,5.05510,3.52878,8.07285,3.12694,3.21771,4518.21247,2781.88027,26.16508,3.50909,3.58163,6.96585
2026-08-14,2.42529,1.85471,1.41349,8.43354,5.05106,3.52639,8.12384,3.12933,3.21574,4503.39654,2781.33664,26.21494,3.53534,3.60083,7.01043
2026-08-17,2.46592,1.87690,1.42879,8.41969,5.04569,3.52312,8.20498,3.13287,3.21389,4606.75013,2788.08937,25.90800,3.58234,3.63781,7.09814
2026-08-18,2.46456,1.87609,1.42824,8.27711,4.98539,3.48519,8.06455,3.12792,3.21429,4632.37381,2790.00958,25.83887,3.57912,3.63502,7.09103
2026-08-19,2.48217,1.88752,1.43628,8.26062,4.97857,3.48094,8.37394,3.14034,3.21515,4881.52468,2805.38525,25.12078,3.61624,3.66900,7.17599
2026-08-20,2.51196,1.90794,1.45142,8.20121,4.95342,3.46513,8.40267,3.14168,3.21636,5201.03328,2824.11894,24.42889,3.64159,3.69220,7.23987
2026-08-21,2.52550,1.91723,1.45897,8.23016,4.96602,3.47313,8.56657,3.15388,3.22727,5543.15944,2843.07132,24.02632,3.67133,3.71939,7.32473
2026-08-24,2.50112,1.90060,1.44347,8.14803,4.93113,3.45118,8.63395,3.16189,3.23446,5655.31669,2849.20156,23.96569,3.64248,3.69315,7.22982
2026-08-25,2.46050,1.87285,1.41676,8.19878,4.95310,3.46509,8.66188,3.16653,3.23873,5672.35143,2850.43730,23.96441,3.61933,3.67208,7.15153
2026-08-26,2.46185,1.87380,1.41762,8.20629,4.95652,3.46730,8.52529,3.13860,3.21264,5616.59488,2848.01115,23.96752,3.63414,3.68566,7.20063
2026-08-27,2.49435,1.89609,1.43889,8.31864,5.00480,3.49781,8.55119,3.14435,3.21796,,,,3.66304,3.71208,7.30272
2026-08-28,2.49029,1.89334,1.43617,8.26465,4.98201,3.48350,8.27378,3.07968,3.15698,5771.69685,2856.15308,23.99834,3.66619,3.71501,7.31323
2026-08-31,2.52550,1.91746,1.45968,8.26846,4.98385,3.48471,8.26427,3.07760,3.15503,5650.87907,2843.80221,23.95640,3.69743,3.74356,7.43811
2026-09-01,2.57966,1.95450,1.49712,8.16325,4.93916,3.45657,8.02813,3.02169,3.10345,5537.21875,2828.54050,23.90446,3.74744,3.78919,7.65246
2026-09-02,2.58102,1.95545,1.49793,8.18171,4.94724,3.46176,8.15014,3.04567,3.12370,5531.63594,2827.98687,23.90456,3.74546,3.78744,7.64152
2026-09-03,2.58508,1.95825,1.50094,8.27896,4.98800,3.48823,8.30069,3.07131,3.14545,5833.32250,2875.56367,24.07787,3.74842,3.79019,7.65370
2026-09-04,2.57425,1.95090,1.49150,8.29384,4.99441,3.49242,8.23088,3.06007,3.13606,5711.57426,2855.14010,24.01022,3.73889,3.78158,7.60291
2026-09-07,,,,,,,,,,5671.13466,2847.71898,23.98697,,,
2026-09-08,2.61352,1.97771,1.52665,8.28691,4.99177,3.49075,8.08822,3.03763,3.11686,5620.74621,2837.90378,23.95501,3.76459,3.80503,7.73672
2026-09-09,2.65414,2.00541,1.56452,8.26326,4.98218,3.48457,8.16168,3.04776,3.12564,5599.63173,2833.88982,23.94297,3.79530,3.83302,7.90603
2026-09-10,2.71508,2.04688,1.62527,8.17536,4.94589,3.46109,8.02023,3.03067,3.11078,5528.98769,2819.82620,23.89526,3.85231,3.88490,8.24079
2026-09-11,2.67987,2.02302,1.58935,8.24677,4.97591,3.48060,8.06900,3.03561,3.11518,5539.79544,2822.29747,23.90620,3.80274,3.83997,7.93757
2026-09-14,2.67852,2.02213,1.58775,8.18102,4.94875,3.46307,7.94901,3.02641,3.10705,5654.31465,2845.93866,23.99238,3.80609,3.84307,7.95511
2026-09-15,2.72185,2.05161,1.63317,8.12750,4.92722,3.44879,7.97552,3.02809,3.10858,5420.69545,2799.09742,23.82894,3.85325,3.88599,8.23244
2026-09-16,2.68123,2.02408,1.58863,8.12956,4.92821,3.44955,7.92675,3.02667,3.10768,5448.03692,2805.01949,23.85227,3.83473,3.86924,8.11780
2026-09-17,2.66904,2.01583,1.57528,8.27031,4.97867,3.48789,8.06070,3.03222,3.10863,5473.37429,2810.51091,23.87404,3.82581,3.86120,8.06186
2026-09-18,2.66227,2.01126,1.56769,8.32256,4.99748,3.50217,8.11756,3.03479,3.10931,5800.04035,2877.98126,24.11664,3.81146,3.84823,7.97375
2026-09-21,2.63248,1.99104,1.53407,8.56242,5.08244,3.56685,8.06111,3.03311,3.10961,6202.00280,2958.16642,24.40072,3.78732,3.82635,7.82810
2026-09-22,2.62164,1.98370,1.52183,8.63160,5.10682,3.58546,8.09531,3.03484,3.11022,6179.74312,2954.16321,24.38924,3.78583,3.82506,7.81707
2026-09-23,2.65550,2.00678,1.55902,8.55942,5.08040,3.56628,7.94982,3.02982,3.11019,6034.80474,2925.12838,24.29621,3.79701,3.83529,7.88009
2026-09-24,2.68123,2.02431,1.58754,8.55815,5.07996,3.56591,7.92574,3.02934,3.11076,6041.38960,2926.82047,24.30399,3.82706,3.86267,8.05744
2026-09-25,2.64060,1.99674,1.54153,8.59741,5.09769,3.57900,7.96054,3.03112,3.11031,6010.89886,2919.56150,24.28272,3.78529,3.82479,7.79912
2026-09-28,2.62300,1.98479,1.52174,8.50538,5.05285,3.54502,7.64690,3.01962,3.12286,5973.25066,2910.09041,24.25368,,,
2026-09-29,2.58508,1.95900,1.47955,8.52154,5.06088,3.55101,7.74767,3.02403,3.11544,,,,,,
2026-09-30,2.61352,1.97843,1.50831,8.54279,5.07162,3.55916,7.70619,3.02285,3.12009,5995.43876,2916.13324,24.27632,,,
2026-10-01,2.64873,2.00245,1.54317,8.56889,5.08515,3.56966,7.74504,3.02481,3.11552,6063.36297,2934.49928,24.34164,,,
2026-10-02,,,,,,,,,,6042.82109,2929.03912,24.32479,,,
