,margin_B_ewm_only
2000-01-03,0.31413774877654416
2000-01-04,0.3324722797360878
2000-01-05,0.19551534558639558
2000-01-06,0.17001111088138787
2000-01-07,0.1569126533104528
2000-01-10,0.15247539451161665
2000-01-11,0.14940382423770832
2000-01-12,0.14552640993204013
2000-01-13,0.14542933614626238
2000-01-14,0.14550873135324147
2000-01-17,0.14238346663374893
2000-01-18,0.14417714058700506
2000-01-19,0.14699985047089842
2000-01-20,0.1505051451970694
2000-01-21,0.15572281404864471
2000-01-24,0.16056856662992727
2000-01-25,0.15783681092902288
2000-01-26,0.15999081108209826
2000-01-27,0.1630587455076969
2000-01-28,0.16180062257581326
2000-01-31,0.1655135367993141
2000-02-01,0.16957380930699587
2000-02-02,0.17121626641729637
2000-02-03,0.1779357885848295
2000-02-04,0.18153843905731282
2000-02-07,0.182851408080888
2000-02-08,0.18889044991213283
2000-02-09,0.1924077034004797
2000-02-10,0.19868030868925765
2000-02-11,0.20437967441244295
2000-02-14,0.20974340752933257
2000-02-15,0.217376702851246
2000-02-16,0.22075638111604506
2000-02-17,0.22334386016774127
2000-02-18,0.22768357568534986
2000-02-21,0.2258789013865508
2000-02-22,0.21258808871716872
2000-02-23,0.2022350416129949
2000-02-24,0.19591273239024423
2000-02-25,0.19748394027406463
2000-02-28,0.18437325971378565
2000-02-29,0.18486911096580302
2000-03-01,0.1866788767066173
2000-03-02,0.18955958293170777
2000-03-03,0.19206243307342627
2000-03-06,0.1956272801028519
2000-03-07,0.20412976838754404
2000-03-08,0.18859154306806675
2000-03-09,0.14121767752047637
2000-03-10,0.13561619523290122
2000-03-13,0.1309045507483846
2000-03-14,0.12317029128248076
2000-03-15,0.11688029474030974
2000-03-16,0.11234726269664264
2000-03-17,0.11156839110269601
2000-03-20,0.11348236886200969
2000-03-21,0.11475213340879627
2000-03-22,0.11688860443548074
2000-03-23,0.12002858458254304
2000-03-24,0.1209460546135201
2000-03-27,0.12364527090697841
2000-03-28,0.125631466938542
2000-03-29,0.12991201388161586
2000-03-30,0.13416636835308351
2000-03-31,0.133646369016557
2000-04-03,0.13553189880174302
2000-04-04,0.14010860657007518
2000-04-05,0.13977437888010727
2000-04-06,0.1419474663320127
2000-04-07,0.14571026648507734
2000-04-10,0.14717983750497737
2000-04-11,0.1511118257363022
2000-04-12,0.15388414586901694
2000-04-13,0.15621315493248702
2000-04-14,0.1593055300337191
2000-04-17,0.16281983229842764
2000-04-18,0.16470524265300263
2000-04-19,0.16808255062267438
2000-04-20,0.17087077105794587
2000-04-21,0.17339313612732443
2000-04-24,0.18047162301224728
2000-04-25,0.18944996490195004
2000-04-26,0.1948852075411236
2000-04-27,0.19979281424144557
2000-04-28,0.20724979567345497
2000-05-01,0.20969819407474163
2000-05-02,0.2076848520626705
2000-05-03,0.21459221198903844
2000-05-04,0.21402773946950912
2000-05-05,0.2195954429378521
2000-05-08,0.22188431397546884
2000-05-09,0.2143990435469285
2000-05-10,0.21557833827715042
2000-05-11,0.21976840741783912
2000-05-12,0.20604312452073634
2000-05-15,0.2009244922480105
2000-05-16,0.2016865192789463
2000-05-17,0.21093175724744287
2000-05-18,0.19963529200661015
2000-05-19,0.1927531670217568
2000-05-22,0.1855662192835341
2000-05-23,0.16822635219287513
2000-05-24,0.16557255579275526
2000-05-25,0.1613361394029047
2000-05-26,0.15871100876341002
2000-05-29,0.15121515390709378
2000-05-30,0.15281559938414663
2000-05-31,0.15429779457024048
2000-06-01,0.15358240049439761
2000-06-02,0.14860257639201865
2000-06-05,0.13329045991122154
2000-06-06,0.1275856191075925
2000-06-07,0.12551389656855041
2000-06-08,0.12542295134929635
2000-06-09,0.12441252967427954
2000-06-12,0.12709608747113804
2000-06-13,0.12497233870826749
2000-06-14,0.12739116286097837
2000-06-15,0.132622435544965
2000-06-16,0.1376596939379586
2000-06-19,0.14068971899371593
2000-06-20,0.14326676752557235
2000-06-21,0.1445235647138806
2000-06-22,0.14643120091422435
2000-06-23,0.14860584218509035
2000-06-26,0.1508784157603932
2000-06-27,0.1551329176100362
2000-06-28,0.1601391019489086
2000-06-29,0.1644324465936037
2000-06-30,0.16884068760404053
2000-07-03,0.17361197843185475
2000-07-04,0.18102661600120953
2000-07-05,0.19120677285589752
2000-07-06,0.17773751851395705
2000-07-07,0.1776413775867339
2000-07-10,0.17881458460989863
2000-07-11,0.18214663917598786
2000-07-12,0.18933939955817847
2000-07-13,0.1961198771361948
2000-07-14,0.19843458395365488
2000-07-17,0.20299899127440132
2000-07-18,0.2098879845000512
2000-07-19,0.2157147359265728
2000-07-20,0.2235954735152904
2000-07-21,0.23208572420696302
2000-07-24,0.2395193366104497
2000-07-25,0.24468270702936104
2000-07-26,0.24952636153814128
2000-07-27,0.2607393270059697
2000-07-28,0.2614833643982747
2000-07-31,0.26686500649371353
2000-08-01,0.2736460911875425
2000-08-02,0.27834220912917884
2000-08-03,0.2713880864827624
2000-08-04,0.28057212008564386
2000-08-07,0.27291435849501927
2000-08-08,0.25748817344935965
2000-08-09,0.2598993715040639
2000-08-10,0.2518188718366112
2000-08-11,0.254146140202672
2000-08-14,0.255769714448819
2000-08-15,0.26118693030438
2000-08-16,0.2678551905065048
2000-08-17,0.26207414214501656
2000-08-18,0.2645172191891517
2000-08-21,0.2638588057744653
2000-08-22,0.2588142964146726
2000-08-23,0.2616386817071439
2000-08-24,0.2519585151396388
2000-08-25,0.23369071751574033
2000-08-28,0.22964429516439872
2000-08-29,0.23324493137520855
2000-08-30,0.2416200117884564
2000-08-31,0.24618458733999207
2000-09-01,0.24926021428278067
2000-09-04,0.2511657570881103
2000-09-05,0.25708755958677776
2000-09-06,0.2682986513722995
2000-09-07,0.23722413294185868
2000-09-08,0.23442230635540984
2000-09-11,0.2104239950585445
2000-09-12,0.2005235507232263
2000-09-13,0.194677416261294
2000-09-14,0.19031498978337158
2000-09-15,0.18680487416101885
2000-09-18,0.17807320849959765
2000-09-19,0.17586071310132764
2000-09-20,0.17636942923349516
2000-09-21,0.1799665818433774
2000-09-22,0.17549510639399607
2000-09-25,0.15343491439721246
2000-09-26,0.1483085001298937
2000-09-27,0.14220778153799804
2000-09-28,0.14144090887793062
2000-09-29,0.13975865783463612
2000-10-02,0.1384876881878637
2000-10-03,0.13753207005837806
2000-10-04,0.13890195882176085
2000-10-05,0.14232112901026292
2000-10-06,0.14716026078582897
2000-10-09,0.15391849599140736
2000-10-10,0.15751965866059964
2000-10-11,0.16819179291902378
2000-10-12,0.17081448635515414
2000-10-13,0.17121709201912652
2000-10-16,0.17452251827632098
2000-10-17,0.17719783008600737
2000-10-18,0.18330408482361688
2000-10-19,0.18189156553207927
2000-10-20,0.1774205084327156
2000-10-23,0.17924034003831474
2000-10-24,0.17879068277415436
2000-10-25,0.17795776591604245
2000-10-26,0.1747575556068498
2000-10-27,0.17654217439611547
2000-10-30,0.16968188770019135
2000-10-31,0.1700754782083796
2000-11-01,0.16933784934277565
2000-11-02,0.1710639568185901
2000-11-03,0.1740992710450243
2000-11-06,0.16639130659942636
2000-11-07,0.16571985399607955
2000-11-08,0.16670005326436427
2000-11-09,0.1712698926831534
2000-11-10,0.17520548332568625
2000-11-13,0.17709049825611461
2000-11-14,0.17667628545831124
2000-11-15,0.1799853484059566
2000-11-16,0.19002365590362527
2000-11-17,0.2001538923295417
2000-11-20,0.21194526883582507
2000-11-21,0.22040833134234586
2000-11-22,0.23674503356533724
2000-11-23,0.24910398714261645
2000-11-24,0.2598572911627586
2000-11-27,0.2712211484960031
2000-11-28,0.22604107637747337
2000-11-29,0.22506011633406942
2000-11-30,0.2066407619646807
2000-12-01,0.20347508100547246
2000-12-04,0.19483603403849348
2000-12-05,0.19177905395940822
2000-12-06,0.1863372483096309
2000-12-07,0.18582772769709088
2000-12-08,0.17788665295633208
2000-12-11,0.17371630390297357
2000-12-12,0.171813426227149
2000-12-13,0.1776155130284138
2000-12-14,0.1790107727240682
2000-12-15,0.17961254941000082
2000-12-18,0.17826702073582332
2000-12-19,0.1846275551493679
2000-12-20,0.18538722577380676
2000-12-21,0.18269276310354415
2000-12-22,0.18239692906850982
2000-12-25,0.18309590665501457
2000-12-26,0.1866278393622164
2000-12-27,0.19390895095199892
2000-12-28,0.19652352247604585
2000-12-29,0.2004031271633125
2001-01-01,0.20085899917024255
2001-01-02,0.2216175753988059
2001-01-03,0.1787170365162813
2001-01-04,0.17317022056619819
2001-01-05,0.17135614810859054
2001-01-08,0.17106359901003462
2001-01-09,0.17350363977561678
2001-01-10,0.1751057191699717
2001-01-11,0.17722663965825428
2001-01-12,0.17811719292047248
2001-01-15,0.17028264091137688
2001-01-16,0.1722410598080163
2001-01-17,0.17235103408080288
2001-01-18,0.16646417997317567
2001-01-19,0.16281009473447047
2001-01-22,0.16166292327025542
2001-01-23,0.15890091853633692
2001-01-24,0.15887221477861824
2001-01-25,0.15780189782474802
2001-01-26,0.15891714209393737
2001-01-29,0.15849331765838462
2001-01-30,0.16228077895732834
2001-01-31,0.1654274688483013
2001-02-01,0.1685160439107363
2001-02-02,0.1725111380086326
2001-02-05,0.17825591076390496
2001-02-06,0.17835179326560405
2001-02-07,0.18617670066407138
2001-02-08,0.19724572133101467
2001-02-09,0.2107659001901859
2001-02-12,0.21949775766705057
2001-02-13,0.22707132128248883
2001-02-14,0.2356459377901747
2001-02-15,0.2392754993930583
2001-02-16,0.2424327450125714
2001-02-19,0.23597270431853135
2001-02-20,0.24226308635912272
2001-02-21,0.24715152105277902
2001-02-22,0.254949525385842
2001-02-23,0.26797173938292657
2001-02-26,0.2747362542452417
2001-02-27,0.2806097408108573
2001-02-28,0.28458728367879405
2001-03-01,0.29738107785046525
2001-03-02,0.3031807424217575
2001-03-05,0.3029059231694247
2001-03-06,0.3055712999575528
2001-03-07,0.2969042182764559
2001-03-08,0.2775389218459141
2001-03-09,0.27564415748792787
2001-03-12,0.28421699265678885
2001-03-13,0.2488203135331563
2001-03-14,0.25056438711478835
2001-03-15,0.21665193330941207
2001-03-16,0.21656654309620232
2001-03-19,0.2121935808535459
2001-03-20,0.21176440968415847
2001-03-21,0.2059186113725075
2001-03-22,0.20581624968998616
2001-03-23,0.18313153383047834
2001-03-26,0.14852698976471584
2001-03-27,0.13135453235518552
2001-03-28,0.12502801118057186
2001-03-29,0.12185738539903329
2001-03-30,0.12262640552211596
2001-04-02,0.1200385283113003
2001-04-03,0.12122826389737955
2001-04-04,0.12015683257052055
2001-04-05,0.11965203937886053
2001-04-06,0.11876042363661336
2001-04-09,0.11813245646926387
2001-04-10,0.11710198694447536
2001-04-11,0.11053960471694427
2001-04-12,0.10299671191215813
2001-04-13,0.09796693654422557
2001-04-16,0.09739221556812608
2001-04-17,0.09810295442664015
2001-04-18,0.09696427617917541
2001-04-19,0.09421701726900855
2001-04-20,0.09238040005305118
2001-04-23,0.09299318025845012
2001-04-24,0.09228607890346122
2001-04-25,0.09248230271952228
2001-04-26,0.09272285069388175
2001-04-27,0.094109016816556
2001-04-30,0.09485533761184851
2001-05-01,0.09589083867676859
2001-05-02,0.09701689219835359
2001-05-03,0.10007362555031021
2001-05-04,0.10044306834553528
2001-05-07,0.10380355642710651
2001-05-08,0.10685633147091009
2001-05-09,0.1102148798053248
2001-05-10,0.11556488503062297
2001-05-11,0.12036922758957536
2001-05-14,0.12742648509157595
2001-05-15,0.13330930410521208
2001-05-16,0.13842339704086523
2001-05-17,0.1412777401208356
2001-05-18,0.14312294779025425
2001-05-21,0.14776509754827757
2001-05-22,0.15072599617211568
2001-05-23,0.15491869591732071
2001-05-24,0.1586895799753527
2001-05-25,0.1627445121036958
2001-05-28,0.16657624477220903
2001-05-29,0.1734213327484855
2001-05-30,0.1799221626837479
2001-05-31,0.18755950597849513
2001-06-01,0.19488735700701795
2001-06-04,0.19514205362073783
2001-06-05,0.19975884158803875
2001-06-06,0.20536264080586028
2001-06-07,0.2085078413446005
2001-06-08,0.21544720640289536
2001-06-11,0.22684065094093617
2001-06-12,0.23343428848803544
2001-06-13,0.24339873757056185
2001-06-14,0.25876336388757065
2001-06-15,0.2726206585735139
2001-06-18,0.27929617696702863
2001-06-19,0.2774214007771859
2001-06-20,0.28024209382235804
2001-06-21,0.28059782997455673
2001-06-22,0.28333097845797983
2001-06-25,0.28949613426362875
2001-06-26,0.29295464161767265
2001-06-27,0.2988258114118702
2001-06-28,0.30599196278288726
2001-06-29,0.3091161139543895
2001-07-02,0.2980550790142475
2001-07-03,0.2942150818369157
2001-07-04,0.29439908476726956
2001-07-05,0.3001964684832698
2001-07-06,0.29560675031930805
2001-07-09,0.289436685171587
2001-07-10,0.29211326031887097
2001-07-11,0.29472419618017576
2001-07-12,0.2968200284766868
2001-07-13,0.2802406105890288
2001-07-16,0.2819071543109915
2001-07-17,0.26690036799678996
2001-07-18,0.27207210166598705
2001-07-19,0.2730684810129215
2001-07-20,0.2766780201233841
2001-07-23,0.27861566427493145
2001-07-24,0.2776867280481496
2001-07-25,0.28231374112845303
2001-07-26,0.2789424056911167
2001-07-27,0.2851770743385349
2001-07-30,0.29661614624060473
2001-07-31,0.2993173000935261
2001-08-01,0.2786861590240036
2001-08-02,0.2625132824245268
2001-08-03,0.22255103059165965
2001-08-06,0.2159958387004752
2001-08-07,0.21080654364687107
2001-08-08,0.20965312773082767
2001-08-09,0.20777240746890155
2001-08-10,0.21125154951044486
2001-08-13,0.21382722684842004
2001-08-14,0.22337700894427268
2001-08-15,0.21786508761510243
2001-08-16,0.22236525714668487
2001-08-17,0.2326809442098827
2001-08-20,0.24357963078193515
2001-08-21,0.24867408882506173
2001-08-22,0.24607887859431454
2001-08-23,0.24849548076848121
2001-08-24,0.2544705100693914
2001-08-27,0.24775078430386432
2001-08-28,0.2531763786167945
2001-08-29,0.2415637286096884
2001-08-30,0.24689466823925504
2001-08-31,0.20945939995373145
2001-09-03,0.20506610756989072
2001-09-04,0.20695716896183264
2001-09-05,0.1605807102156694
2001-09-06,0.15891234004559368
2001-09-07,0.15093681703008013
2001-09-10,0.14553255980351926
2001-09-11,0.14655609957625948
2001-09-12,0.1386739793376235
2001-09-13,0.1379196993961358
2001-09-14,0.14154588025878717
2001-09-17,0.1441304741882663
2001-09-18,0.14652232002331064
2001-09-19,0.1446931023248155
2001-09-20,0.1470196506775944
2001-09-21,0.14915531983098484
2001-09-24,0.1513222282576141
2001-09-25,0.14517848444988168
2001-09-26,0.147145794360047
2001-09-27,0.1485043669325932
2001-09-28,0.15221854995599612
2001-10-01,0.15580605795892452
2001-10-02,0.15684924107357973
2001-10-03,0.16216182259630216
2001-10-04,0.16330618820298506
2001-10-05,0.16400916602242677
2001-10-08,0.16766309991934453
2001-10-09,0.1711135727232597
2001-10-10,0.1721129067570672
2001-10-11,0.16836693968741887
2001-10-12,0.15418199482761194
2001-10-15,0.149183228596427
2001-10-16,0.14858768567790653
2001-10-17,0.14983877938704415
2001-10-18,0.153704949622587
2001-10-19,0.15410718409121402
2001-10-22,0.15584596435783585
2001-10-23,0.16046865474497524
2001-10-24,0.1592848781057694
2001-10-25,0.16250770339533335
2001-10-26,0.1675179377010829
2001-10-29,0.16872282024705365
2001-10-30,0.17215714296000928
2001-10-31,0.1729794392118629
2001-11-01,0.1720837847541244
2001-11-02,0.17577824486709748
2001-11-05,0.1769945881991824
2001-11-06,0.17859084516026127
2001-11-07,0.18323249687084786
2001-11-08,0.1860852715413874
2001-11-09,0.16666334984246933
2001-11-12,0.1532547205696412
2001-11-13,0.15236920307791124
2001-11-14,0.14357981188185917
2001-11-15,0.13702461562971133
2001-11-16,0.12477871142550984
2001-11-19,0.11403393011408858
2001-11-20,0.11061442910582082
2001-11-21,0.10740290882625622
2001-11-22,0.10520008733769959
2001-11-23,0.10416951168007789
2001-11-26,0.1065133377407741
2001-11-27,0.1047306343744455
2001-11-28,0.10653501374957493
2001-11-29,0.10748086139625194
2001-11-30,0.10789430505513116
2001-12-03,0.10411337698041695
2001-12-04,0.10363636437862343
2001-12-05,0.10389889686352372
2001-12-06,0.10298081924259087
2001-12-07,0.10135011433501191
2001-12-10,0.10191863058317327
2001-12-11,0.1039650267047216
2001-12-12,0.10392680797997213
2001-12-13,0.1063441508567181
2001-12-14,0.10770646465164989
2001-12-17,0.10465757807238645
2001-12-18,0.104133973418508
2001-12-19,0.10585735427886425
2001-12-20,0.10777918612435326
2001-12-21,0.11060051360328854
2001-12-24,0.10994547797146863
2001-12-25,0.11370169498051265
2001-12-26,0.11964195692341995
2001-12-27,0.1270652886920893
2001-12-28,0.1314373204329384
2001-12-31,0.13687765817614453
2002-01-01,0.13637127196705962
2002-01-02,0.13825492142302173
2002-01-03,0.1442796239937522
2002-01-04,0.1479223183339844
2002-01-07,0.14460874856957123
2002-01-08,0.14804028963484853
2002-01-09,0.15058058576119604
2002-01-10,0.1552687357273794
2002-01-11,0.16103989561258875
2002-01-14,0.16526694036396958
2002-01-15,0.16836153273142418
2002-01-16,0.17113244367864325
2002-01-17,0.17352613154364882
2002-01-18,0.17339299102851877
2002-01-21,0.1735080933459404
2002-01-22,0.17802886618303734
2002-01-23,0.1795690042507622
2002-01-24,0.18113747425712184
2002-01-25,0.18344854224505502
2002-01-28,0.1891201673227744
2002-01-29,0.19460681334404314
2002-01-30,0.1987711923045556
2002-01-31,0.2035026305927764
2002-02-01,0.2066951562845165
2002-02-04,0.21220182080600156
2002-02-05,0.21765570875402165
2002-02-06,0.2228721000430726
2002-02-07,0.22949924758281992
2002-02-08,0.23481707358273532
2002-02-11,0.23477029407688468
2002-02-12,0.22656182919787976
2002-02-13,0.22586763366381502
2002-02-14,0.22436514250255005
2002-02-15,0.22393100913212635
2002-02-18,0.22285521402548725
2002-02-19,0.22896414890984937
2002-02-20,0.23076121175128783
2002-02-21,0.22853870397192041
2002-02-22,0.22733868680434266
2002-02-25,0.22853151846468522
2002-02-26,0.22693100350658457
2002-02-27,0.22477400527431807
2002-02-28,0.22221904933683248
2002-03-01,0.21613772259360056
2002-03-04,0.20464003299161257
2002-03-05,0.19795676234673848
2002-03-06,0.19378425914113376
2002-03-07,0.18694518385902772
2002-03-08,0.18524607457473918
2002-03-11,0.1830454041023438
2002-03-12,0.18275653691179192
2002-03-13,0.18360532623448342
2002-03-14,0.1847481423457513
2002-03-15,0.18849223716335098
2002-03-18,0.19369722839464984
2002-03-19,0.19791727380611435
2002-03-20,0.20402448111450092
2002-03-21,0.20670529648779482
2002-03-22,0.21071471261570926
2002-03-25,0.21504120469654592
2002-03-26,0.21609525178957145
2002-03-27,0.21836091637792393
2002-03-28,0.22293088250224025
2002-03-29,0.22472118946222155
2002-04-01,0.22929617947690542
2002-04-02,0.23868082153724754
2002-04-03,0.24688877906813497
2002-04-04,0.2378910213424051
2002-04-05,0.23109941755469288
2002-04-08,0.2321175952429167
2002-04-09,0.23292278683698506
2002-04-10,0.23151217412398503
2002-04-11,0.22855760715612725
2002-04-12,0.222210172247634
2002-04-15,0.21390711382830951
2002-04-16,0.20962952131461657
2002-04-17,0.2093263992409863
2002-04-18,0.20803923026687546
2002-04-19,0.20560260577562506
2002-04-22,0.20661313942182638
2002-04-23,0.20704977449411074
2002-04-24,0.20956039708364488
2002-04-25,0.21622195828642696
2002-04-26,0.22188114832989378
2002-04-29,0.23115972585103828
2002-04-30,0.23448275572635963
2002-05-01,0.23447317308607465
2002-05-02,0.23811850815901273
2002-05-03,0.2443169623865657
2002-05-06,0.2455396041710637
2002-05-07,0.250200690741031
2002-05-08,0.2584544665613492
2002-05-09,0.22075399170316481
2002-05-10,0.20924389926071993
2002-05-13,0.19915592376970156
2002-05-14,0.19273628226939502
2002-05-15,0.1819229539099021
2002-05-16,0.17969280690847456
2002-05-17,0.1780944201541332
2002-05-20,0.17942343973981906
2002-05-21,0.18225968989108227
2002-05-22,0.1882509174310203
2002-05-23,0.18603891172934608
2002-05-24,0.18674762964223612
2002-05-27,0.18829190235617885
2002-05-28,0.1963307633256461
2002-05-29,0.191681155033726
2002-05-30,0.1952935939087069
2002-05-31,0.20362656312522123
2002-06-03,0.21243815728337867
2002-06-04,0.22147379482589005
2002-06-05,0.22415840161129233
2002-06-06,0.21194160633180464
2002-06-07,0.21160789165964036
2002-06-10,0.21363659747130231
2002-06-11,0.20057985843287637
2002-06-12,0.20297775361171155
2002-06-13,0.20570578577420273
2002-06-14,0.21084905719914684
2002-06-17,0.20760430927943047
2002-06-18,0.18797610125247863
2002-06-19,0.18561007238306737
2002-06-20,0.17517344671269122
2002-06-21,0.17476269570180136
2002-06-24,0.17186618311569035
2002-06-25,0.17168479746460852
2002-06-26,0.1778932860152581
2002-06-27,0.1729907881821271
2002-06-28,0.165688269153623
2002-07-01,0.16399138732652996
2002-07-02,0.1657611158456979
2002-07-03,0.16627149838051905
2002-07-04,0.16724557896244516
2002-07-05,0.166321241889798
2002-07-08,0.156774590339641
2002-07-09,0.15275596677913053
2002-07-10,0.15352693976499804
2002-07-11,0.15285582677036622
2002-07-12,0.15340041527636736
2002-07-15,0.15932786457963355
2002-07-16,0.15866917069645775
2002-07-17,0.15904002813478815
2002-07-18,0.15919275793311558
2002-07-19,0.16495085446511815
2002-07-22,0.16544406011217352
2002-07-23,0.16843052263668054
2002-07-24,0.15372957857456646
2002-07-25,0.15257603619086962
2002-07-26,0.1513104512227209
2002-07-29,0.14546513329582675
2002-07-30,0.11949448258897447
2002-07-31,0.11635289591128922
2002-08-01,0.11543772840705219
2002-08-02,0.11558799983128472
2002-08-05,0.11653571497584383
2002-08-06,0.11777187245689094
2002-08-07,0.11402198389719895
2002-08-08,0.11280100599219602
2002-08-09,0.11045118893869678
2002-08-12,0.11170275438347876
2002-08-13,0.11332164695921997
2002-08-14,0.11823494878755454
2002-08-15,0.12367367237690195
2002-08-16,0.12104066686126401
2002-08-19,0.1215359869368714
2002-08-20,0.1241555986563129
2002-08-21,0.1251862060009174
2002-08-22,0.12624324449269972
2002-08-23,0.12270021478575958
2002-08-26,0.12220497228116863
2002-08-27,0.12243805671137134
2002-08-28,0.12505995890863736
2002-08-29,0.1276307467134761
2002-08-30,0.1308848081974647
2002-09-02,0.13726609450438848
2002-09-03,0.14683218493052358
2002-09-04,0.15459640048849901
2002-09-05,0.16217968587064716
2002-09-06,0.16732741259532405
2002-09-09,0.17073331575765693
2002-09-10,0.17096519902379778
2002-09-11,0.16891101672192524
2002-09-12,0.1703810559729192
2002-09-13,0.1723701064558959
2002-09-16,0.17487017802862234
2002-09-17,0.17854102228109497
2002-09-18,0.18158521903757532
2002-09-19,0.1811726058466703
2002-09-20,0.18406173989184121
2002-09-23,0.19112708599713066
2002-09-24,0.19229388014565438
2002-09-25,0.19814027900441086
2002-09-26,0.18876419011663728
2002-09-27,0.18532854468002377
2002-09-30,0.18461751131953408
2002-10-01,0.17684037616946058
2002-10-02,0.17306900049015622
2002-10-03,0.17203169055238432
2002-10-04,0.1712210105076177
2002-10-07,0.17420041742124825
2002-10-08,0.17726855437768488
2002-10-09,0.18389805723877417
2002-10-10,0.18762204862833498
2002-10-11,0.17097430316885467
2002-10-14,0.15683372792063782
2002-10-15,0.14570827739785813
2002-10-16,0.11998608623288289
2002-10-17,0.11210646863537102
2002-10-18,0.10482604442697283
2002-10-21,0.1010930097832234
2002-10-22,0.09632262153500255
2002-10-23,0.09352345887703484
2002-10-24,0.09237113983481185
2002-10-25,0.09027264317793686
2002-10-28,0.09077864421874356
2002-10-29,0.09302603077642914
2002-10-30,0.09421441239024683
2002-10-31,0.09802827185215215
2002-11-01,0.10195134046492281
2002-11-04,0.1054109532222744
2002-11-05,0.10838343671115985
2002-11-06,0.11109109096938653
2002-11-07,0.11602518736850435
2002-11-08,0.1190620348702639
2002-11-11,0.12545291574604464
2002-11-12,0.12945970835029355
2002-11-13,0.135190807715063
2002-11-14,0.14081264976313612
2002-11-15,0.14055575547464658
2002-11-18,0.14404601207112755
2002-11-19,0.14406009647803122
2002-11-20,0.1453025137047743
2002-11-21,0.14535312779333506
2002-11-22,0.14285652219323977
2002-11-25,0.1435508267574597
2002-11-26,0.14408378749079706
2002-11-27,0.14242059657093495
2002-11-28,0.1379887960677187
2002-11-29,0.13910958988768787
2002-12-02,0.13884289764728067
2002-12-03,0.14104046523805477
2002-12-04,0.14414832588131118
2002-12-05,0.14119171995701027
2002-12-06,0.14555237680672456
2002-12-09,0.1498665036905543
2002-12-10,0.15626543068217696
2002-12-11,0.1643556828762388
2002-12-12,0.1798289083024625
2002-12-13,0.17646302415840362
2002-12-16,0.18123642259169803
2002-12-17,0.18936804767814044
2002-12-18,0.2008674152216619
2002-12-19,0.21205321626413287
2002-12-20,0.2173728150710394
2002-12-23,0.21972084607258277
2002-12-24,0.22666715994205316
2002-12-25,0.23368558404122827
2002-12-26,0.24371936981940903
2002-12-27,0.25954018680160457
2002-12-30,0.2482975028049915
2002-12-31,0.24745990545175836
2003-01-01,0.2471959194171071
2003-01-02,0.2646239097647046
2003-01-03,0.2015172132079065
2003-01-06,0.19454247563027868
2003-01-07,0.19201632715508452
2003-01-08,0.18889604393573964
2003-01-09,0.18262510766310017
2003-01-10,0.18119629506209642
2003-01-13,0.18055641478196827
2003-01-14,0.18013450956960167
2003-01-15,0.1842865032453995
2003-01-16,0.19001111570103002
2003-01-17,0.1909665522546077
2003-01-20,0.19043279821166428
2003-01-21,0.19660110170793074
2003-01-22,0.20615627240178275
2003-01-23,0.21171874128590493
2003-01-24,0.22430070445709543
2003-01-27,0.21356985484705962
2003-01-28,0.21170324374587682
2003-01-29,0.21480603111313534
2003-01-30,0.21747437600269376
2003-01-31,0.22326749402357565
2003-02-03,0.22690970144349318
2003-02-04,0.23419597619924182
2003-02-05,0.20259596688479672
2003-02-06,0.19386385410782417
2003-02-07,0.1897521465424296
2003-02-10,0.18431773353533357
2003-02-11,0.16715111292640325
2003-02-12,0.16511188051411171
2003-02-13,0.167292662512565
2003-02-14,0.16640253671424848
2003-02-17,0.154844956647137
2003-02-18,0.1464120067931663
2003-02-19,0.14376122755199572
2003-02-20,0.1373618700353276
2003-02-21,0.13748282150577928
2003-02-24,0.13777393159093634
2003-02-25,0.11754752892319396
2003-02-26,0.1156214967087829
2003-02-27,0.11727949860742502
2003-02-28,0.11870904169067532
2003-03-03,0.12109621164591648
2003-03-04,0.12395592379532289
2003-03-05,0.1280511237035831
2003-03-06,0.13191693827167575
2003-03-07,0.13799308879368422
2003-03-10,0.14249668453619965
2003-03-11,0.14823615764856707
2003-03-12,0.1472283208153799
2003-03-13,0.1515990740886514
2003-03-14,0.10648694752416928
2003-03-17,0.09772420962365573
2003-03-18,0.08810343861249925
2003-03-19,0.07940362179382751
2003-03-20,0.07260675488316097
2003-03-21,0.06446607347125706
2003-03-24,0.061191277659511836
2003-03-25,0.058958529746230386
2003-03-26,0.057120636562419294
2003-03-27,0.05598901342201578
2003-03-28,0.05532442748925478
2003-03-31,0.05672338523501474
2003-04-01,0.05667797593102581
2003-04-02,0.05815157903274827
2003-04-03,0.057909562267468684
2003-04-04,0.058782627968196714
2003-04-07,0.058295221605611736
2003-04-08,0.05892889212451309
2003-04-09,0.059060442310233774
2003-04-10,0.060119646074704276
2003-04-11,0.061122712469817715
2003-04-14,0.06293330321654088
2003-04-15,0.06463525523677022
2003-04-16,0.06883657109613983
2003-04-17,0.06994657450592724
2003-04-18,0.0711898667903725
2003-04-21,0.07386154789416705
2003-04-22,0.07650797153755898
2003-04-23,0.07904473682239269
2003-04-24,0.08284161064620503
2003-04-25,0.08802177619065715
2003-04-28,0.09405456348950361
2003-04-29,0.09939150740866827
2003-04-30,0.10312607048052731
2003-05-01,0.10617996961361517
2003-05-02,0.11105591085968171
2003-05-05,0.11643949422626738
2003-05-06,0.12370197284339401
2003-05-07,0.12767169643435441
2003-05-08,0.1350563396878268
2003-05-09,0.13860691792822716
2003-05-12,0.14519207273425594
2003-05-13,0.1514726066432371
2003-05-14,0.15969902897640875
2003-05-15,0.16768884561092526
2003-05-16,0.17235347164418593
2003-05-19,0.16688333331849756
2003-05-20,0.1673069924222129
2003-05-21,0.1674289921605611
2003-05-22,0.1679172195234004
2003-05-23,0.1679696325576383
2003-05-26,0.17083083784323871
2003-05-27,0.1768141245302375
2003-05-28,0.18142386006049466
2003-05-29,0.17185862172002173
2003-05-30,0.1587917580178405
2003-06-02,0.1598888386230376
2003-06-03,0.1630852914224509
2003-06-04,0.16326396443078378
2003-06-05,0.16790393697613132
2003-06-06,0.16461231426213407
2003-06-09,0.16346296050344225
2003-06-10,0.1652002740958839
2003-06-11,0.16601914626073708
2003-06-12,0.16749400913419119
2003-06-13,0.16975761788334798
2003-06-16,0.17440760935385585
2003-06-17,0.17982370757263655
2003-06-18,0.1809663486351964
2003-06-19,0.16804043735191543
2003-06-20,0.16495124005230347
2003-06-23,0.16083992643049488
2003-06-24,0.15901168878495864
2003-06-25,0.15934777884029092
2003-06-26,0.15527608887807673
2003-06-27,0.12125838118074969
2003-06-30,0.11679023650279176
2003-07-01,0.11235739164741795
2003-07-02,0.10993508480077466
2003-07-03,0.10834309677491608
2003-07-04,0.10901938254508879
2003-07-07,0.11173222314640603
2003-07-08,0.1147557749083751
2003-07-09,0.11625093869886506
2003-07-10,0.12021974400597323
2003-07-11,0.12505900806113113
2003-07-14,0.1299635399978045
2003-07-15,0.1330159896495955
2003-07-16,0.12948456571038844
2003-07-17,0.12926097399829942
2003-07-18,0.12914144145488654
2003-07-21,0.12947764384157234
2003-07-22,0.13194539469992433
2003-07-23,0.13554647197380534
2003-07-24,0.13472952860627585
2003-07-25,0.1371327040342065
2003-07-28,0.14360015800596837
2003-07-29,0.1500691134402296
2003-07-30,0.1561401008345751
2003-07-31,0.1578027374160244
2003-08-01,0.16238190284568751
2003-08-04,0.16496111288384466
2003-08-05,0.1698052468461559
2003-08-06,0.1726496067292753
2003-08-07,0.17246289635792997
2003-08-08,0.1732083202898024
2003-08-11,0.17597198399877875
2003-08-12,0.1756150253882671
2003-08-13,0.18154383266745044
2003-08-14,0.18752944783688807
2003-08-15,0.1922652133128184
2003-08-18,0.2005567115623964
2003-08-19,0.21091758674954578
2003-08-20,0.21959596963949587
2003-08-21,0.22590125681990367
2003-08-22,0.22755178133294915
2003-08-25,0.23549197658450696
2003-08-26,0.23239335057879051
2003-08-27,0.2361230547984297
2003-08-28,0.2350254443874811
2003-08-29,0.24267053911872177
2003-09-01,0.24759800730391104
2003-09-02,0.2501963089331196
2003-09-03,0.25274663281080223
2003-09-04,0.2504708679167606
2003-09-05,0.2420084035799075
2003-09-08,0.23630785371169308
2003-09-09,0.23544873049579673
2003-09-10,0.23941399273711178
2003-09-11,0.21247449861625667
2003-09-12,0.20519037125032172
2003-09-15,0.1988765835516412
2003-09-16,0.20022527512086075
2003-09-17,0.19699728565071897
2003-09-18,0.20248620717247018
2003-09-19,0.20875128765703072
2003-09-22,0.22383158934600683
2003-09-23,0.22676811023486973
2003-09-24,0.23907231631271172
2003-09-25,0.24420993604427904
2003-09-26,0.24022537267424857
2003-09-29,0.22424263666059965
2003-09-30,0.21733285422975174
2003-10-01,0.21899647714820034
2003-10-02,0.21029453630473613
2003-10-03,0.20521191733617766
2003-10-06,0.1785967227848775
2003-10-07,0.16638634050381
2003-10-08,0.16321314854271415
2003-10-09,0.16331621939405916
2003-10-10,0.16974457095759488
2003-10-13,0.16486820557935158
2003-10-14,0.16796685947894355
2003-10-15,0.17167699752986865
2003-10-16,0.17393158533222944
2003-10-17,0.18006631921194766
2003-10-20,0.18474444311203134
2003-10-21,0.18996577045135932
2003-10-22,0.19860194159033281
2003-10-23,0.19817032955125297
2003-10-24,0.19491919426347665
2003-10-27,0.19699410953918456
2003-10-28,0.20100411019792036
2003-10-29,0.20229881234446584
2003-10-30,0.20436111656564407
2003-10-31,0.20881175864739093
2003-11-03,0.2137011672997638
2003-11-04,0.2135696175048486
2003-11-05,0.21425183907897563
2003-11-06,0.21570835051231735
2003-11-07,0.2145909475197536
2003-11-10,0.21318454532844827
2003-11-11,0.21479718368472211
2003-11-12,0.21874017863954645
2003-11-13,0.22127722743664036
2003-11-14,0.22343264085140235
2003-11-17,0.23219379766480847
2003-11-18,0.19054662839012873
2003-11-19,0.16871252179481006
2003-11-20,0.15722636111164118
2003-11-21,0.15477868972117897
2003-11-24,0.15661051982454707
2003-11-25,0.15156255150953962
2003-11-26,0.15148710903875767
2003-11-27,0.14843068118252253
2003-11-28,0.1489542010744475
2003-12-01,0.15524759459290252
2003-12-02,0.16006172890400377
2003-12-03,0.16392542643694089
2003-12-04,0.16928427279137298
2003-12-05,0.17321484253767616
2003-12-08,0.17529866231034263
2003-12-09,0.17563479611630192
2003-12-10,0.18016191607546803
2003-12-11,0.18361582101274976
2003-12-12,0.1884286402916103
2003-12-15,0.18494490626651441
2003-12-16,0.18914891936940495
2003-12-17,0.19570617645246133
2003-12-18,0.20437842664795272
2003-12-19,0.2115727040167471
2003-12-22,0.2161392455037852
2003-12-23,0.20950261866982775
2003-12-24,0.2130513973952738
2003-12-25,0.19868642982367254
2003-12-26,0.1962061715040988
2003-12-29,0.20001625037701676
2003-12-30,0.19991990055347883
2003-12-31,0.19938368128579978
2004-01-01,0.20315938899389258
2004-01-02,0.21160151512834902
2004-01-05,0.2292985525645973
2004-01-06,0.14463202809625156
2004-01-07,0.1441770797956719
2004-01-08,0.14124290394118497
2004-01-09,0.13945289866317273
2004-01-12,0.13775455043645998
2004-01-13,0.13837902740097566
2004-01-14,0.14247573861310925
2004-01-15,0.14394721484788517
2004-01-16,0.12896598297022557
2004-01-19,0.1265798418783518
2004-01-20,0.1288677540087684
2004-01-21,0.12471718490288965
2004-01-22,0.12544644039161654
2004-01-23,0.1263269623703184
2004-01-26,0.12568866617849525
2004-01-27,0.1241830107918026
2004-01-28,0.123011062085907
2004-01-29,0.11937495475656713
2004-01-30,0.09638686228238394
2004-02-02,0.09203026338203779
2004-02-03,0.09069704170096374
2004-02-04,0.08905508698249062
2004-02-05,0.08698907446255057
2004-02-06,0.0885799616374852
2004-02-09,0.0881890845790546
2004-02-10,0.08824349376956546
2004-02-11,0.09182114768601414
2004-02-12,0.09203945460373611
2004-02-13,0.09607127005150431
2004-02-16,0.10014515809022383
2004-02-17,0.1072923694957379
2004-02-18,0.11057818090336387
2004-02-19,0.1131236146366139
2004-02-20,0.11798256485376987
2004-02-23,0.11036490128299968
2004-02-24,0.11098322542166891
2004-02-25,0.11028172764718445
2004-02-26,0.11084248867578352
2004-02-27,0.11277896694717564
2004-03-01,0.11509649119801285
2004-03-02,0.115831669329699
2004-03-03,0.1098728449415333
2004-03-04,0.10657173001111842
2004-03-05,0.10788824302181346
2004-03-08,0.10453271872158795
2004-03-09,0.10446106815793271
2004-03-10,0.10488600132661566
2004-03-11,0.10553362827709306
2004-03-12,0.10562330680682223
2004-03-15,0.10533240731402525
2004-03-16,0.10538366259624493
2004-03-17,0.10758277320486041
2004-03-18,0.10658469987204663
2004-03-19,0.10899232746621239
2004-03-22,0.11128879069823722
2004-03-23,0.11460143719706212
2004-03-24,0.11872526841136222
2004-03-25,0.12318871183367276
2004-03-26,0.126170124351289
2004-03-29,0.12848915963244742
2004-03-30,0.1257475527332111
2004-03-31,0.12609044298597322
2004-04-01,0.12929746621935384
2004-04-02,0.1307069103556497
2004-04-05,0.11426209018855438
2004-04-06,0.11115857356109016
2004-04-07,0.11012612226880202
2004-04-08,0.11006723820383027
2004-04-09,0.11181321620237288
2004-04-12,0.11567953856569466
2004-04-13,0.11835830915125031
2004-04-14,0.1067688438956753
2004-04-15,0.10313350330055557
2004-04-16,0.10262293450808
2004-04-19,0.10288045317989987
2004-04-20,0.10421929325426339
2004-04-21,0.10104061282111028
2004-04-22,0.09476919564702656
2004-04-23,0.09439698072401745
2004-04-26,0.09500076109821755
2004-04-27,0.09639003328241547
2004-04-28,0.09726599471618029
2004-04-29,0.09691590322675984
2004-04-30,0.09665423168213759
2004-05-03,0.09738539345664735
2004-05-04,0.09905294118364433
2004-05-05,0.09913194151711546
2004-05-06,0.10095849239294433
2004-05-07,0.10471209249344839
2004-05-10,0.10330770126420814
2004-05-11,0.09919482371320291
2004-05-12,0.10011963427302431
2004-05-13,0.1018019979197663
2004-05-14,0.10385846705490911
2004-05-17,0.10853744630695727
2004-05-18,0.11196860373313051
2004-05-19,0.11492407064131062
2004-05-20,0.11362379949879392
2004-05-21,0.11171266217737207
2004-05-24,0.10958650483811472
2004-05-25,0.10153566561083584
2004-05-26,0.09744844393373803
2004-05-27,0.09378635476130306
2004-05-28,0.08961627590178889
2004-05-31,0.08823078795816326
2004-06-01,0.09052498478514505
2004-06-02,0.08547253334889418
2004-06-03,0.08435624097920583
2004-06-04,0.08379035334884193
2004-06-07,0.08581188177221276
2004-06-08,0.08912924577565426
2004-06-09,0.09344185839452725
2004-06-10,0.09761090764378655
2004-06-11,0.10302954040186947
2004-06-14,0.10762280467963257
2004-06-15,0.11039230389768312
2004-06-16,0.1107896763608135
2004-06-17,0.1108860404997431
2004-06-18,0.11095574513284913
2004-06-21,0.11178508935322623
2004-06-22,0.11419206443637422
2004-06-23,0.11663190002381132
2004-06-24,0.11845480635625769
2004-06-25,0.12017838302079324
2004-06-28,0.1272150080029432
2004-06-29,0.1314255953893149
2004-06-30,0.13565924143834143
2004-07-01,0.13774830527688892
2004-07-02,0.13793550514807068
2004-07-05,0.14209243131312058
2004-07-06,0.1472891318713426
2004-07-07,0.15269099796526997
2004-07-08,0.15541875208618705
2004-07-09,0.16022899462801352
2004-07-12,0.16504991036579872
2004-07-13,0.17007507862573867
2004-07-14,0.17216633898670192
2004-07-15,0.17305436966779156
2004-07-16,0.18027156119289148
2004-07-19,0.18725754820685347
2004-07-20,0.19309925477395767
2004-07-21,0.19020809065371397
2004-07-22,0.190652474995813
2004-07-23,0.17958055841885887
2004-07-26,0.17841073004384525
2004-07-27,0.17473929777977268
2004-07-28,0.1737703889674894
2004-07-29,0.16244714949855651
2004-07-30,0.16447409662225443
2004-08-02,0.16117383607713756
2004-08-03,0.1649890051890019
2004-08-04,0.172175607554097
2004-08-05,0.1811828524349286
2004-08-06,0.19325717423736113
2004-08-09,0.20024942668074958
2004-08-10,0.2123951030211032
2004-08-11,0.2152429891871614
2004-08-12,0.22618801206352707
2004-08-13,0.22653809679112918
2004-08-16,0.2205661403869848
2004-08-17,0.20558720236379002
2004-08-18,0.20315158648708212
2004-08-19,0.20415852391431283
2004-08-20,0.20391163142609575
2004-08-23,0.19913876696196495
2004-08-24,0.16313732354656196
2004-08-25,0.15562680925987574
2004-08-26,0.1500623330832386
2004-08-27,0.1470963173088696
2004-08-30,0.14686937875154546
2004-08-31,0.15002185215658498
2004-09-01,0.1543681185696995
2004-09-02,0.1533172532423546
2004-09-03,0.1569496751380648
2004-09-06,0.14680038282172383
2004-09-07,0.1455390275299907
2004-09-08,0.14575828204066416
2004-09-09,0.1476991631028482
2004-09-10,0.1426541943970027
2004-09-13,0.14574824832992256
2004-09-14,0.15152406486343975
2004-09-15,0.1551416201273464
2004-09-16,0.1588958551227714
2004-09-17,0.16342460746650933
2004-09-20,0.16686760222447905
2004-09-21,0.17162972094978252
2004-09-22,0.18189828521859847
2004-09-23,0.19046102890455532
2004-09-24,0.19729286100774598
2004-09-27,0.2064362284693984
2004-09-28,0.2180899406444707
2004-09-29,0.23078869987638026
2004-09-30,0.2328362697690547
2004-10-01,0.23231487122120772
2004-10-04,0.2370086054511973
2004-10-05,0.23722915612447346
2004-10-06,0.23083214305583288
2004-10-07,0.23409500830776106
2004-10-08,0.2457201475471078
2004-10-11,0.21529425581719863
2004-10-12,0.216028183784692
2004-10-13,0.20793213232093768
2004-10-14,0.20027826994162842
2004-10-15,0.19303635033973846
2004-10-18,0.19500559997764055
2004-10-19,0.1916200319467704
2004-10-20,0.1976783984497055
2004-10-21,0.17975884985314772
2004-10-22,0.1784404498646826
2004-10-25,0.18104169321228936
2004-10-26,0.18418801035028903
2004-10-27,0.19588860979428452
2004-10-28,0.16808456591203563
2004-10-29,0.16416373313106794
2004-11-01,0.16270041304874588
2004-11-02,0.16071103133183198
2004-11-03,0.15676404685450998
2004-11-04,0.1417990133315091
2004-11-05,0.14217907760947923
2004-11-08,0.13989750273317803
2004-11-09,0.138466014353367
2004-11-10,0.13958505707422636
2004-11-11,0.14190042677813025
2004-11-12,0.1475394654464298
2004-11-15,0.14238929874555245
2004-11-16,0.1407237527431724
2004-11-17,0.1430090150015973
2004-11-18,0.14263712515772625
2004-11-19,0.14380494151135365
2004-11-22,0.1443349522264306
2004-11-23,0.14511654202024332
2004-11-24,0.14630815071818015
2004-11-25,0.14763200888287187
2004-11-26,0.15026901277453755
2004-11-29,0.15751677738123224
2004-11-30,0.16427630564206697
2004-12-01,0.16960263102995346
2004-12-02,0.173068911983474
2004-12-03,0.16946947313104682
2004-12-06,0.16331690657181092
2004-12-07,0.1615871459544936
2004-12-08,0.15982221904040328
2004-12-09,0.1324109289317246
2004-12-10,0.1290428278714495
2004-12-13,0.12717768938570467
2004-12-14,0.12461410109589947
2004-12-15,0.1263740644173631
2004-12-16,0.12584289731951856
2004-12-17,0.12414972491079919
2004-12-20,0.12298808827302263
2004-12-21,0.12245710238308032
2004-12-22,0.12185172149300932
2004-12-23,0.12320380458561107
2004-12-24,0.1246487904906729
2004-12-27,0.1302410096306683
2004-12-28,0.13418430028317613
2004-12-29,0.1394559383885022
2004-12-30,0.1407046515036032
2004-12-31,0.14113186234456615
2005-01-03,0.146571770366335
2005-01-04,0.15031036113578206
2005-01-05,0.13263248984763168
2005-01-06,0.12612502850377427
2005-01-07,0.12024410967648824
2005-01-10,0.11818649168224475
2005-01-11,0.1181037804659889
2005-01-12,0.1196797511849732
2005-01-13,0.11926940601380942
2005-01-14,0.12241610636625472
2005-01-17,0.12273483480554309
2005-01-18,0.12560443741270647
2005-01-19,0.1275236890369857
2005-01-20,0.12805478324900033
2005-01-21,0.12840508551315263
2005-01-24,0.1283964356558056
2005-01-25,0.13069734854762555
2005-01-26,0.13348156054308472
2005-01-27,0.13589336177781866
2005-01-28,0.14104139055857876
2005-01-31,0.1461731315503505
2005-02-01,0.1516558936592853
2005-02-02,0.15675717060915936
2005-02-03,0.16323879484827186
2005-02-04,0.1749114968356228
2005-02-07,0.17444419121301627
2005-02-08,0.1789707201822035
2005-02-09,0.1876184165998566
2005-02-10,0.19796987208053365
2005-02-11,0.20166074699467035
2005-02-14,0.2056706865582837
2005-02-15,0.2067750089353552
2005-02-16,0.21301234983002396
2005-02-17,0.21710402571776616
2005-02-18,0.21893537577314925
2005-02-21,0.21347570063504387
2005-02-22,0.218070344050621
2005-02-23,0.21253274633864142
2005-02-24,0.21515819792357455
2005-02-25,0.22403789908234575
2005-02-28,0.22574712138195552
2005-03-01,0.2313530073606763
2005-03-02,0.2373024074082456
2005-03-03,0.24183808705828475
2005-03-04,0.25104616428515963
2005-03-07,0.2430441837336728
2005-03-08,0.24855550335378276
2005-03-09,0.24000319273754334
2005-03-10,0.24567646550622058
2005-03-11,0.24361791244410247
2005-03-14,0.2434998121247825
2005-03-15,0.23130699248449732
2005-03-16,0.2318922249457238
2005-03-17,0.22979765979238537
2005-03-18,0.2278993958430673
2005-03-21,0.2275719860857864
2005-03-22,0.18841404748716592
2005-03-23,0.17854714172999483
2005-03-24,0.12860099921985713
2005-03-25,0.12045392055686341
2005-03-28,0.11528521315538202
2005-03-29,0.11418681801814425
2005-03-30,0.11419631462717238
2005-03-31,0.11820415582148763
2005-04-01,0.11626926718251182
2005-04-04,0.1164736501243744
2005-04-05,0.11926401291951712
2005-04-06,0.12258741682263996
2005-04-07,0.1281810317100513
2005-04-08,0.13309486920834845
2005-04-11,0.13539161065823993
2005-04-12,0.13734042021720946
2005-04-13,0.13605426481039348
2005-04-14,0.1342212639594329
2005-04-15,0.13683082622993753
2005-04-18,0.13423624407206072
2005-04-19,0.1326468250354334
2005-04-20,0.12918645560905595
2005-04-21,0.1320219311463188
2005-04-22,0.13437785165614857
2005-04-25,0.13372203462875065
2005-04-26,0.13669879032547022
2005-04-27,0.13987637543173737
2005-04-28,0.1439359237695073
2005-04-29,0.14370562107850693
2005-05-02,0.14495362608832274
2005-05-03,0.14901412158482794
2005-05-04,0.15281000391897884
2005-05-05,0.15653728140601642
2005-05-06,0.16841938108020868
2005-05-09,0.16416192433996363
2005-05-10,0.16530391087036875
2005-05-11,0.16381764091830048
2005-05-12,0.16301900115003856
2005-05-13,0.16363288338630133
2005-05-16,0.16625815288359705
2005-05-17,0.16854306060684718
2005-05-18,0.1740393368385099
2005-05-19,0.18265969633272652
2005-05-20,0.19337156151359108
2005-05-23,0.2013193039371433
2005-05-24,0.20825483954208995
2005-05-25,0.2048265083182976
2005-05-26,0.20726866062013938
2005-05-27,0.20945854984325468
2005-05-30,0.21260643425018275
2005-05-31,0.22496037489333154
2005-06-01,0.2177221448947455
2005-06-02,0.20866299095186636
2005-06-03,0.21176275586616458
2005-06-06,0.2128569217264612
2005-06-07,0.214021781390339
2005-06-08,0.2125876014145211
2005-06-09,0.21655740470083015
2005-06-10,0.22291748246721146
2005-06-13,0.2259898972912108
2005-06-14,0.23111411255933234
2005-06-15,0.24239026282632056
2005-06-16,0.2148444934347035
2005-06-17,0.21728816729821485
2005-06-20,0.22115317863235862
2005-06-21,0.22653915057254348
2005-06-22,0.23125890958946796
2005-06-23,0.22868388953685595
2005-06-24,0.22882464271133868
2005-06-27,0.2347517789766182
2005-06-28,0.23868074661833158
2005-06-29,0.2352729243030804
2005-06-30,0.23582356705028898
2005-07-01,0.23861976703167992
2005-07-04,0.23822015323376183
2005-07-05,0.2399986966468792
2005-07-06,0.23964532010957404
2005-07-07,0.24898539803942038
2005-07-08,0.24667420905582899
2005-07-11,0.24841991703659994
2005-07-12,0.23783286125916125
2005-07-13,0.23437664559198285
2005-07-14,0.2264964827363638
2005-07-15,0.22453352812290397
2005-07-18,0.22417423857436922
2005-07-19,0.22405143047933734
2005-07-20,0.22365276875425766
2005-07-21,0.22159815687889883
2005-07-22,0.21567964002182322
2005-07-25,0.19767543987250105
2005-07-26,0.19513837163602785
2005-07-27,0.1935717935169414
2005-07-28,0.19599600598779898
2005-07-29,0.20108821711242247
2005-08-01,0.20560575775342368
2005-08-02,0.21079579877001828
2005-08-03,0.21381308289162393
2005-08-04,0.21535730924005156
2005-08-05,0.21485012660461345
2005-08-08,0.21633809955520378
2005-08-09,0.22144588458586512
2005-08-10,0.23154475497697907
2005-08-11,0.2149289715749953
2005-08-12,0.21409458583643828
2005-08-15,0.217573437210056
2005-08-16,0.22512451859816227
2005-08-17,0.23184573648494744
2005-08-18,0.204153211236106
2005-08-19,0.1982964939550626
2005-08-22,0.19512059305416793
2005-08-23,0.1935845252299447
2005-08-24,0.19111668273742327
2005-08-25,0.19445568877465247
2005-08-26,0.19713540637155705
2005-08-29,0.2016767568355699
2005-08-30,0.20419388791344212
2005-08-31,0.19211960791802446
2005-09-01,0.1899260050964736
2005-09-02,0.19034533016913321
2005-09-05,0.1909979041084763
2005-09-06,0.19809010098893048
2005-09-07,0.20132784289120098
2005-09-08,0.19597946576981626
2005-09-09,0.19893545450192096
2005-09-12,0.20195110711398903
2005-09-13,0.20047984716708675
2005-09-14,0.20140356118176944
2005-09-15,0.2023722255935383
2005-09-16,0.20595641774071538
2005-09-19,0.20311412879054178
2005-09-20,0.17527994107016354
2005-09-21,0.17530274862374226
2005-09-22,0.17722436763539673
2005-09-23,0.18185337139768196
2005-09-26,0.1848937671563056
2005-09-27,0.1823084377689154
2005-09-28,0.18618678279602502
2005-09-29,0.18393717302762685
2005-09-30,0.18754667493102048
2005-10-03,0.19448249501548978
2005-10-04,0.20105698728386578
2005-10-05,0.20917560089410417
2005-10-06,0.1996584313946897
2005-10-07,0.15881254877736217
2005-10-10,0.15195911185479374
2005-10-11,0.15211940597967902
2005-10-12,0.15186991155034402
2005-10-13,0.14586771586181504
2005-10-14,0.1416415484388471
2005-10-17,0.14027572548703526
2005-10-18,0.1365359496836145
2005-10-19,0.135470376546024
2005-10-20,0.1261772808722154
2005-10-21,0.12470191820898681
2005-10-24,0.12371943556197282
2005-10-25,0.12692431759335296
2005-10-26,0.12401460911813093
2005-10-27,0.12241535254010925
2005-10-28,0.12427578610566892
2005-10-31,0.12878402901577568
2005-11-01,0.13014967875190148
2005-11-02,0.1315306451571796
2005-11-03,0.1345071077776437
2005-11-04,0.13800916923513368
2005-11-07,0.14176859714724532
2005-11-08,0.14948946587220477
2005-11-09,0.1545220942162377
2005-11-10,0.1623725678419504
2005-11-11,0.17013088677728253
2005-11-14,0.17871770954786437
2005-11-15,0.18905825013230407
2005-11-16,0.19781407930372027
2005-11-17,0.20480083359408963
2005-11-18,0.21676547364535975
2005-11-21,0.2152102036691287
2005-11-22,0.22128581984905707
2005-11-23,0.21308372402793788
2005-11-24,0.20761243671677282
2005-11-25,0.21004742306461135
2005-11-28,0.21831519538039526
2005-11-29,0.22315282429262706
2005-11-30,0.2235154755124386
2005-12-01,0.22214688314795952
2005-12-02,0.19250294156707107
2005-12-05,0.18956477362032312
2005-12-06,0.18915429248091276
2005-12-07,0.19219536611795823
2005-12-08,0.19144419377228683
2005-12-09,0.1879473730975388
2005-12-12,0.1892466864183375
2005-12-13,0.18582722160087592
2005-12-14,0.17298973157687814
2005-12-15,0.13836724226019873
2005-12-16,0.13465117491116735
2005-12-19,0.1316982118653765
2005-12-20,0.13003528275419013
2005-12-21,0.1307981010270888
2005-12-22,0.13198574202333774
2005-12-23,0.13479941035899617
2005-12-26,0.1379679094413229
2005-12-27,0.1430703261758761
2005-12-28,0.1469062869150004
2005-12-29,0.15102020186051163
2005-12-30,0.15585227050163777
2006-01-02,0.15481098614673194
2006-01-03,0.15903434436403996
2006-01-04,0.15548946238372174
2006-01-05,0.1530680487746188
2006-01-06,0.1497123195460228
2006-01-09,0.14949300708278693
2006-01-10,0.15279905453671674
2006-01-11,0.1538441086242206
2006-01-12,0.15863045847666304
2006-01-13,0.1660094906504203
2006-01-16,0.17062887117587683
2006-01-17,0.18133032728045342
2006-01-18,0.18802272319684835
2006-01-19,0.1815017162649762
2006-01-20,0.17047566652885238
2006-01-23,0.16348126327173743
2006-01-24,0.16128780569211326
2006-01-25,0.16255931003147775
2006-01-26,0.16231220466898694
2006-01-27,0.16580049204173233
2006-01-30,0.16662264975799326
2006-01-31,0.1725326793186709
2006-02-01,0.1799061596383717
2006-02-02,0.19103739156727367
2006-02-03,0.19706084358854584
2006-02-06,0.2004151264947016
2006-02-07,0.20568978970838567
2006-02-08,0.17304698252056588
2006-02-09,0.17103146399357677
2006-02-10,0.16290143673406673
2006-02-13,0.14528825847778362
2006-02-14,0.14146538446217188
2006-02-15,0.14045151728146704
2006-02-16,0.14169401365771786
2006-02-17,0.14290476617838074
2006-02-20,0.14213589658111295
2006-02-21,0.1445411081546301
2006-02-22,0.14492899096538517
2006-02-23,0.1470051141646118
2006-02-24,0.15020088701126572
2006-02-27,0.15436935630163415
2006-02-28,0.16089874603578974
2006-03-01,0.1574398389766224
2006-03-02,0.15857696464286547
2006-03-03,0.1594827066963986
2006-03-06,0.16306345983276305
2006-03-07,0.16699551318630249
2006-03-08,0.17035079696743338
2006-03-09,0.1680358765582735
2006-03-10,0.17087631341939133
2006-03-13,0.1693613695738872
2006-03-14,0.17420282606483642
2006-03-15,0.16585781971546054
2006-03-16,0.16167380240265875
2006-03-17,0.15718152853255937
2006-03-20,0.15503875808948675
2006-03-21,0.1569856183066687
2006-03-22,0.1597084352864194
2006-03-23,0.16531120764564716
2006-03-24,0.173227378586305
2006-03-27,0.1808615305232401
2006-03-28,0.19362563973521982
2006-03-29,0.19818982658657086
2006-03-30,0.20418936475062766
2006-03-31,0.20928112734760312
2006-04-03,0.21532891924900877
2006-04-04,0.20119102914651285
2006-04-05,0.1999021905694461
2006-04-06,0.20259073268816222
2006-04-07,0.2044827562889845
2006-04-10,0.20699408753754936
2006-04-11,0.2071796763618864
2006-04-12,0.19955694685999398
2006-04-13,0.20295619296278036
2006-04-14,0.2019451864462875
2006-04-17,0.20727272550985518
2006-04-18,0.2133865003396988
2006-04-19,0.2201251944231797
2006-04-20,0.21281018708042546
2006-04-21,0.20153871558452274
2006-04-24,0.19688048973757483
2006-04-25,0.1857634301384958
2006-04-26,0.17720739847366762
2006-04-27,0.1781193234346924
2006-04-28,0.1769646833145433
2006-05-01,0.17655271352097865
2006-05-02,0.17802941835338973
2006-05-03,0.17951203531369642
2006-05-04,0.1811391602110623
2006-05-05,0.18556527395690495
2006-05-08,0.19047009226331246
2006-05-09,0.19649566962171805
2006-05-10,0.19148901646688368
2006-05-11,0.19361275688251245
2006-05-12,0.18975863742660337
2006-05-15,0.17942700452961793
2006-05-16,0.12418859288824013
2006-05-17,0.11995431551273003
2006-05-18,0.11553482153683153
2006-05-19,0.10838472962439126
2006-05-22,0.10167833435626808
2006-05-23,0.09631102761702318
2006-05-24,0.09130183421459094
2006-05-25,0.08628621676358134
2006-05-26,0.0844492280019329
2006-05-29,0.08228300451291208
2006-05-30,0.08360718763530521
2006-05-31,0.08350829190802465
2006-06-01,0.0822314855700525
2006-06-02,0.08289214238980035
2006-06-05,0.08324572719089422
2006-06-06,0.08394139245272852
2006-06-07,0.08388802941381836
2006-06-08,0.08338248947799934
2006-06-09,0.07776528907572612
2006-06-12,0.07654346802274362
2006-06-13,0.07349606506457507
2006-06-14,0.073757460775876
2006-06-15,0.07505074548530005
2006-06-16,0.0754231577591928
2006-06-19,0.07808242909724447
2006-06-20,0.0811595906977966
2006-06-21,0.08438750529541625
2006-06-22,0.0887633078328679
2006-06-23,0.09300456369582029
2006-06-26,0.09773524674328826
2006-06-27,0.1021744822167427
2006-06-28,0.10798331843261187
2006-06-29,0.11398284234569167
2006-06-30,0.11491178226089524
2006-07-03,0.11367172605639127
2006-07-04,0.11503795026914365
2006-07-05,0.12065079405094867
2006-07-06,0.11697039016442197
2006-07-07,0.11870754468756924
2006-07-10,0.11825296583822532
2006-07-11,0.11901933500249931
2006-07-12,0.12200945889021299
2006-07-13,0.12732502975875518
2006-07-14,0.12977732624508517
2006-07-17,0.13210423402345292
2006-07-18,0.1313693239317504
2006-07-19,0.13074201890035075
2006-07-20,0.12782992833064863
2006-07-21,0.12443571968016756
2006-07-24,0.12304982049930102
2006-07-25,0.12265971919848422
2006-07-26,0.12238929008832508
2006-07-27,0.12414779505723444
2006-07-28,0.12563728166988677
2006-07-31,0.12460823461515413
2006-08-01,0.12677367759722694
2006-08-02,0.1284208667766256
2006-08-03,0.13364456602846764
2006-08-04,0.13919852844543423
2006-08-07,0.14436986008089933
2006-08-08,0.14901624933441365
2006-08-09,0.15651585316242797
2006-08-10,0.16179432331557578
2006-08-11,0.1658117079985271
2006-08-14,0.16971471914456532
2006-08-15,0.1722829364222547
2006-08-16,0.17532325287314438
2006-08-17,0.18333552771297934
2006-08-18,0.1861104243393946
2006-08-21,0.1905960386132916
2006-08-22,0.19319102218718334
2006-08-23,0.19396503770481655
2006-08-24,0.19421218496583473
2006-08-25,0.19343673435568068
2006-08-28,0.19482309295282071
2006-08-29,0.1975028657439942
2006-08-30,0.20113893792242588
2006-08-31,0.20540028096054952
2006-09-01,0.21189051063364017
2006-09-04,0.2190408754085789
2006-09-05,0.23463626954782732
2006-09-06,0.24284045853421232
2006-09-07,0.24800657258951495
2006-09-08,0.24669315157071603
2006-09-11,0.23776223253872822
2006-09-12,0.2334260178863273
2006-09-13,0.22145050179529385
2006-09-14,0.22398261186760401
2006-09-15,0.21768822815644176
2006-09-18,0.22351050152567337
2006-09-19,0.23031573626582424
2006-09-20,0.23411964211945946
2006-09-21,0.2352318553973354
2006-09-22,0.23925462232593897
2006-09-25,0.2393155465738554
2006-09-26,0.24250995253572738
2006-09-27,0.2499128277295647
2006-09-28,0.2511463298323942
2006-09-29,0.25434998293913
2006-10-02,0.25690775189439
2006-10-03,0.2620232253986867
2006-10-04,0.25844237096351486
2006-10-05,0.26130877114775547
2006-10-06,0.26167870850994374
2006-10-09,0.2624859875171043
2006-10-10,0.25366725361452697
2006-10-11,0.2407112114295164
2006-10-12,0.2400023896722879
2006-10-13,0.2408445417144202
2006-10-16,0.2411759590835236
2006-10-17,0.23709357353883231
2006-10-18,0.23358355059430763
2006-10-19,0.22905801983690507
2006-10-20,0.21171127729060224
2006-10-23,0.2052868816104212
2006-10-24,0.20352057512281388
2006-10-25,0.20457148083564378
2006-10-26,0.19453939745401247
2006-10-27,0.19575033366952244
2006-10-30,0.20032552324280378
2006-10-31,0.19164662877489277
2006-11-01,0.1919056704389602
2006-11-02,0.19168706407942981
2006-11-03,0.19216402860914483
2006-11-06,0.19410678321950375
2006-11-07,0.19384450024454808
2006-11-08,0.1902542561839976
2006-11-09,0.18822935617623993
2006-11-10,0.18295490863536296
2006-11-13,0.1823114225814466
2006-11-14,0.18226301749852336
2006-11-15,0.18336086816694364
2006-11-16,0.18696027998884415
2006-11-17,0.18851031588829786
2006-11-20,0.1945103635441566
2006-11-21,0.19881870348658276
2006-11-22,0.20593812634360475
2006-11-23,0.2028415517473725
2006-11-24,0.212836145077864
2006-11-27,0.2244161291205738
2006-11-28,0.21572592497517318
2006-11-29,0.21474515129779662
2006-11-30,0.21574554252140035
2006-12-01,0.21233000583646552
2006-12-04,0.21650741625406567
2006-12-05,0.21986362127522774
2006-12-06,0.22350183510154328
2006-12-07,0.21835675117842832
2006-12-08,0.2213721735063026
2006-12-11,0.20941805723864193
2006-12-12,0.20274585927330516
2006-12-13,0.20352856727436072
2006-12-14,0.20549482456018922
2006-12-15,0.20831197059532913
2006-12-18,0.19460080068058735
2006-12-19,0.19425876150725502
2006-12-20,0.19397891264626058
2006-12-21,0.19500487999078017
2006-12-22,0.19609790102706876
2006-12-25,0.19807212461117235
2006-12-26,0.20627672514895604
2006-12-27,0.20258927830230325
2006-12-28,0.19531598381299786
2006-12-29,0.19657555730119927
2007-01-01,0.19859838690558682
2007-01-02,0.20939298475166096
2007-01-03,0.21622331698900352
2007-01-04,0.2193231493591086
2007-01-05,0.22361230931016282
2007-01-08,0.20260219288466905
2007-01-09,0.19729890240221257
2007-01-10,0.19483427371262096
2007-01-11,0.19880222568114714
2007-01-12,0.17220798950090557
2007-01-15,0.16904488898891748
2007-01-16,0.1692488560166508
2007-01-17,0.17121826352339167
2007-01-18,0.1746495606233717
2007-01-19,0.17904388114711717
2007-01-22,0.17625424618422103
2007-01-23,0.17758854019696732
2007-01-24,0.17901724077672804
2007-01-25,0.18071158605770143
2007-01-26,0.1809960068074494
2007-01-29,0.17817537422593924
2007-01-30,0.1720593009131531
2007-01-31,0.1670759808562736
2007-02-01,0.16147661522054058
2007-02-02,0.1596272109088757
2007-02-05,0.15944885619469218
2007-02-06,0.1592372967782974
2007-02-07,0.16045522291363634
2007-02-08,0.16180883494828627
2007-02-09,0.1673779346816657
2007-02-12,0.17139026673773647
2007-02-13,0.1743405467479214
2007-02-14,0.18124808603132103
2007-02-15,0.18696022544221572
2007-02-16,0.18023582609452207
2007-02-19,0.1801173317952722
2007-02-20,0.1821392551188121
2007-02-21,0.1849175473569312
2007-02-22,0.18706145168039423
2007-02-23,0.19019890392788824
2007-02-26,0.19364774434478915
2007-02-27,0.2010872858403477
2007-02-28,0.12531359433515676
2007-03-01,0.11298632409581974
2007-03-02,0.09823922285492392
2007-03-05,0.08374548498763092
2007-03-06,0.07451245453091733
2007-03-07,0.07136621097912621
2007-03-08,0.07048102457396062
2007-03-09,0.07135212189106971
2007-03-12,0.07138425672673815
2007-03-13,0.07221154717445201
2007-03-14,0.07172344241986335
2007-03-15,0.07288503334168743
2007-03-16,0.07458412429714523
2007-03-19,0.0778653732080605
2007-03-20,0.08047947780854085
2007-03-21,0.08487498605838387
2007-03-22,0.0898945050681883
2007-03-23,0.09674345049015796
2007-03-26,0.10338680160616442
2007-03-27,0.10813866675562876
2007-03-28,0.11254011446939123
2007-03-29,0.11890790199411194
2007-03-30,0.12399919810120553
2007-04-02,0.12924513797584156
2007-04-03,0.13734292587819855
2007-04-04,0.1467697103619956
2007-04-05,0.15655885496295605
2007-04-06,0.16320291335612225
2007-04-09,0.1735513481307415
2007-04-10,0.18839139243382408
2007-04-11,0.1865955085226535
2007-04-12,0.19485053031908112
2007-04-13,0.2073606607218467
2007-04-16,0.205449208537231
2007-04-17,0.21223015582118104
2007-04-18,0.21915103346304063
2007-04-19,0.22163765392056753
2007-04-20,0.22657621943234496
2007-04-23,0.20813866746953194
2007-04-24,0.20670370862984583
2007-04-25,0.19683593482901546
2007-04-26,0.19395831752443946
2007-04-27,0.19039046441976756
2007-04-30,0.1901929294764628
2007-05-01,0.18757721626741103
2007-05-02,0.18924408288507594
2007-05-03,0.19080969996755426
2007-05-04,0.19508291437204947
2007-05-07,0.19963530947853986
2007-05-08,0.20552385692446087
2007-05-09,0.20216484114524988
2007-05-10,0.20614034759122565
2007-05-11,0.19992902957390665
2007-05-14,0.1939556249523935
2007-05-15,0.19293422398531213
2007-05-16,0.19032782873877185
2007-05-17,0.1846285781696094
2007-05-18,0.18808160736928267
2007-05-21,0.18868623337438428
2007-05-22,0.1921878319423831
2007-05-23,0.19573104546819317
2007-05-24,0.19478296021967978
2007-05-25,0.18302512370329946
2007-05-28,0.1797049856565368
2007-05-29,0.18057435069943245
2007-05-30,0.18096130369394475
2007-05-31,0.18341655455164166
2007-06-01,0.18185224045310375
2007-06-04,0.17157654345128895
2007-06-05,0.1725404439963116
2007-06-06,0.17846229023382074
2007-06-07,0.17130856319863447
2007-06-08,0.17066773972907276
2007-06-11,0.1691958057659458
2007-06-12,0.16956541803556416
2007-06-13,0.1714079345911165
2007-06-14,0.17650650696253017
2007-06-15,0.17991470077022204
2007-06-18,0.18025892929088208
2007-06-19,0.18886436194290476
2007-06-20,0.18945841853101464
2007-06-21,0.19158100646682394
2007-06-22,0.19679899656515157
2007-06-25,0.20202799304456331
2007-06-26,0.198842843526348
2007-06-27,0.1990486461596768
2007-06-28,0.19125528530837707
2007-06-29,0.1636945096609039
2007-07-02,0.16501906237236752
2007-07-03,0.16677167275610624
2007-07-04,0.16757465117975273
2007-07-05,0.17339919047716365
2007-07-06,0.1738367077987388
2007-07-09,0.17407335476195962
2007-07-10,0.18071292464845265
2007-07-11,0.1671667968395307
2007-07-12,0.1671911100758014
2007-07-13,0.16262148943929083
2007-07-16,0.16308580200776987
2007-07-17,0.1586161367285607
2007-07-18,0.15840521614672945
2007-07-19,0.15783229460950696
2007-07-20,0.15694071584765082
2007-07-23,0.1507950184810528
2007-07-24,0.14824735384258605
2007-07-25,0.14684535927416517
2007-07-26,0.133031428397115
2007-07-27,0.10834006128363849
2007-07-30,0.09159421914678686
2007-07-31,0.08868876939057176
2007-08-01,0.0814976668389457
2007-08-02,0.0784587462469939
2007-08-03,0.0767146908858256
2007-08-06,0.07458008510781758
2007-08-07,0.0713491605324662
2007-08-08,0.07147629701155307
2007-08-09,0.06977912452273087
2007-08-10,0.06736461082312163
2007-08-13,0.06577970342925954
2007-08-14,0.06314191051113625
2007-08-15,0.06158965149909813
2007-08-16,0.062029924688408886
2007-08-17,0.06494922940019884
2007-08-20,0.06832279052350702
2007-08-21,0.0712131468560944
2007-08-22,0.07440568435702571
2007-08-23,0.07660847633379554
2007-08-24,0.07918932667130808
2007-08-27,0.08161406091934259
2007-08-28,0.08498700371468088
2007-08-29,0.08815818794352949
2007-08-30,0.09208185217103346
2007-08-31,0.09598989226271755
2007-09-03,0.09909726090052236
2007-09-04,0.1039982213044106
2007-09-05,0.11008482425813117
2007-09-06,0.1125426789744088
2007-09-07,0.12049130978712988
2007-09-10,0.12597159120714038
2007-09-11,0.13321863260581704
2007-09-12,0.14228080153368136
2007-09-13,0.15199683530842192
2007-09-14,0.15865893864631167
2007-09-17,0.1617866483997165
2007-09-18,0.1692951801935271
2007-09-19,0.17450256890497579
2007-09-20,0.1771924743021342
2007-09-21,0.17828010318995127
2007-09-24,0.18615492035338868
2007-09-25,0.1973634425784427
2007-09-26,0.2017917382334317
2007-09-27,0.2143478754905968
2007-09-28,0.18661027365326335
2007-10-01,0.18322317074767322
2007-10-02,0.18827551373781154
2007-10-03,0.1515117057047925
2007-10-04,0.14853105802011704
2007-10-05,0.14866795648600525
2007-10-08,0.1519654738232099
2007-10-09,0.14509568716952959
2007-10-10,0.1461437557171524
2007-10-11,0.14871224165311459
2007-10-12,0.1441079978801472
2007-10-15,0.1463552282039707
2007-10-16,0.14844652716972598
2007-10-17,0.15026635049054357
2007-10-18,0.1544354999661846
2007-10-19,0.15302320849548945
2007-10-22,0.15385715746459847
2007-10-23,0.13532970555922658
2007-10-24,0.13141626988615296
2007-10-25,0.13347852834042395
2007-10-26,0.13088636619314012
2007-10-29,0.12788992654542145
2007-10-30,0.1283534922275486
2007-10-31,0.12559712815965687
2007-11-01,0.12247007050359703
2007-11-02,0.12163435062136585
2007-11-05,0.11866458205303974
2007-11-06,0.11998539985668037
2007-11-07,0.11710887240783305
2007-11-08,0.11611535190613188
2007-11-09,0.11844348689298007
2007-11-12,0.12024721941929116
2007-11-13,0.10367697053426143
2007-11-14,0.10093114153959316
2007-11-15,0.09640117437627405
2007-11-16,0.09369105546199352
2007-11-19,0.09334925382106593
2007-11-20,0.096261541078879
2007-11-21,0.0972748559105752
2007-11-22,0.10041002864170841
2007-11-23,0.10427596784808318
2007-11-26,0.10816294055744145
2007-11-27,0.11236722071929955
2007-11-28,0.11163157120045904
2007-11-29,0.10409785596548167
2007-11-30,0.10243726202115608
2007-12-03,0.09791010108223433
2007-12-04,0.09743538118094301
2007-12-05,0.09650198028042216
2007-12-06,0.09476846418862825
2007-12-07,0.0928855456875718
2007-12-10,0.09102365205183255
2007-12-11,0.09068974148388734
2007-12-12,0.0908929845471833
2007-12-13,0.09061886376314877
2007-12-14,0.0901623760847031
2007-12-17,0.09017216882534844
2007-12-18,0.09155616638056689
2007-12-19,0.09300741401433987
2007-12-20,0.09440281782559821
2007-12-21,0.09800048151242362
2007-12-24,0.10090417804811905
2007-12-25,0.10382331276632062
2007-12-26,0.1077940216849769
2007-12-27,0.11114072832275212
2007-12-28,0.11794545692680161
2007-12-31,0.1212745234700756
2008-01-01,0.12401236413167772
2008-01-02,0.1334575945756206
2008-01-03,0.12990830929562072
2008-01-04,0.13310275246243405
2008-01-07,0.13780479300454543
2008-01-08,0.13223072781828596
2008-01-09,0.12831992121107222
2008-01-10,0.13087612020402797
2008-01-11,0.13681998253616207
2008-01-14,0.13882738419776547
2008-01-15,0.14153013868492725
2008-01-16,0.14797611617132617
2008-01-17,0.14481371114001562
2008-01-18,0.14811962063802722
2008-01-21,0.1547795826362148
2008-01-22,0.15780591251851547
2008-01-23,0.1601875471527774
2008-01-24,0.16117803290280644
2008-01-25,0.15868272299754668
2008-01-28,0.15646248747814712
2008-01-29,0.15277013344854168
2008-01-30,0.15295138383004375
2008-01-31,0.15534081799131977
2008-02-01,0.158539941960561
2008-02-04,0.16060724539741406
2008-02-05,0.16439969894245376
2008-02-06,0.16187623485231634
2008-02-07,0.16237995399345165
2008-02-08,0.1668907728851783
2008-02-11,0.16203467679318911
2008-02-12,0.16342180016678684
2008-02-13,0.1563206750721316
2008-02-14,0.15643087798279245
2008-02-15,0.15645016154268754
2008-02-18,0.15816503860480274
2008-02-19,0.16538038903947563
2008-02-20,0.15154140423240975
2008-02-21,0.1496083409102715
2008-02-22,0.1501630643040511
2008-02-25,0.15280044867407636
2008-02-26,0.1586347353497257
2008-02-27,0.16269654325633875
2008-02-28,0.17028551920364493
2008-02-29,0.1631820194402416
2008-03-03,0.16295694596471175
2008-03-04,0.1655267569430453
2008-03-05,0.14893636488007284
2008-03-06,0.14482654522361818
2008-03-07,0.13647819931803626
2008-03-10,0.1283618580606286
2008-03-11,0.12633032635106045
2008-03-12,0.12617843623268649
2008-03-13,0.12722569600300174
2008-03-14,0.12799079516679537
2008-03-17,0.13251453692664825
2008-03-18,0.1222370524196763
2008-03-19,0.11594940749760264
2008-03-20,0.0906773819639379
2008-03-21,0.08194459071036712
2008-03-24,0.07835800094096743
2008-03-25,0.07623587093849649
2008-03-26,0.07516493815948311
2008-03-27,0.0730996979501252
2008-03-28,0.07153474075936768
2008-03-31,0.07022381182984327
2008-04-01,0.07035438287510509
2008-04-02,0.06602916481623772
2008-04-03,0.06455453138665364
2008-04-04,0.06368976843256675
2008-04-07,0.06323498598351457
2008-04-08,0.06307145381324518
2008-04-09,0.06436387036406925
2008-04-10,0.06462224551525754
2008-04-11,0.0662855541583927
2008-04-14,0.06849535154458172
2008-04-15,0.07095611954540243
2008-04-16,0.07476436205704712
2008-04-17,0.07845172550365109
2008-04-18,0.08228916224674988
2008-04-21,0.08584276123264918
2008-04-22,0.08886871916118669
2008-04-23,0.09111454247313913
2008-04-24,0.09259006519540304
2008-04-25,0.09013203569945845
2008-04-28,0.09070402847685403
2008-04-29,0.09303921258349303
2008-04-30,0.09010365670779738
2008-05-01,0.08821620496638362
2008-05-02,0.08647361775241831
2008-05-05,0.08464886809974607
2008-05-06,0.08246690937949608
2008-05-07,0.08173395816030084
2008-05-08,0.08173015844540872
2008-05-09,0.0821618610692285
2008-05-12,0.08183708495155967
2008-05-13,0.0838739283535934
2008-05-14,0.08559623854402718
2008-05-15,0.08738808535695024
2008-05-16,0.09102207827792334
2008-05-19,0.09442545998535218
2008-05-20,0.10008485484551519
2008-05-21,0.10440388947112363
2008-05-22,0.10666273535187838
2008-05-23,0.11073741825448821
2008-05-26,0.11602462217017663
2008-05-27,0.12229912576018409
2008-05-28,0.1210817804468267
2008-05-29,0.12441453483965796
2008-05-30,0.12080718445070952
2008-06-02,0.12105593355666616
2008-06-03,0.12352800475896057
2008-06-04,0.12593989294997282
2008-06-05,0.1261293370824625
2008-06-06,0.11384298957731342
2008-06-09,0.09636737829089337
2008-06-10,0.09328230482416938
2008-06-11,0.09100785173803419
2008-06-12,0.0906634469275937
2008-06-13,0.09282521119865693
2008-06-16,0.0957384258970606
2008-06-17,0.09840395140202016
2008-06-18,0.10141685414177419
2008-06-19,0.10715861623730367
2008-06-20,0.11296705144749664
2008-06-23,0.11705165919400647
2008-06-24,0.12192693788521672
2008-06-25,0.12609858969223528
2008-06-26,0.132867949965252
2008-06-27,0.13243075303756782
2008-06-30,0.13722298672436983
2008-07-01,0.145357172045549
2008-07-02,0.1521507762330044
2008-07-03,0.15934186507215217
2008-07-04,0.16121148381545325
2008-07-07,0.16844532132294654
2008-07-08,0.1407192650495429
2008-07-09,0.13339179631474202
2008-07-10,0.13144191250484533
2008-07-11,0.12851778066394812
2008-07-14,0.12684793700686128
2008-07-15,0.12907895569425598
2008-07-16,0.12796219814837304
2008-07-17,0.12174794439340253
2008-07-18,0.1114208416942249
2008-07-21,0.10847291172484308
2008-07-22,0.10723524218239235
2008-07-23,0.1044809504838474
2008-07-24,0.10108796990799314
2008-07-25,0.10039689530660177
2008-07-28,0.10069093742803292
2008-07-29,0.1004016875435675
2008-07-30,0.09995986457626417
2008-07-31,0.09934497092437458
2008-08-01,0.10133010823968874
2008-08-04,0.10236869768785951
2008-08-05,0.10071845246226786
2008-08-06,0.09813324296635374
2008-08-07,0.10066597350056324
2008-08-08,0.10655994298512711
2008-08-11,0.1120808348670685
2008-08-12,0.12247283067126845
2008-08-13,0.1299417769341969
2008-08-14,0.13611004670201793
2008-08-15,0.1479875261341917
2008-08-18,0.14523307330882648
2008-08-19,0.1492822444798793
2008-08-20,0.15406530203473492
2008-08-21,0.1615976410260632
2008-08-22,0.15300473295910036
2008-08-25,0.14931610696525355
2008-08-26,0.14800031361674498
2008-08-27,0.1503585571451834
2008-08-28,0.15296320727536833
2008-08-29,0.1554946040078291
2008-09-01,0.15890540572585377
2008-09-02,0.167715566139942
2008-09-03,0.1557158100172356
2008-09-04,0.15631293660204013
2008-09-05,0.16232387932505854
2008-09-08,0.15255338069664365
2008-09-09,0.1558714553503217
2008-09-10,0.1551984604627309
2008-09-11,0.1535194940918877
2008-09-12,0.1575593771284432
2008-09-15,0.12432716323198681
2008-09-16,0.11882187766973991
2008-09-17,0.11062529290683341
2008-09-18,0.10065536828340803
2008-09-19,0.09142090140742393
2008-09-22,0.07102539991292278
2008-09-23,0.06690559801166934
2008-09-24,0.06354298608848337
2008-09-25,0.06086262380928221
2008-09-26,0.059639264412582375
2008-09-29,0.062221921538942765
2008-09-30,0.062349776891003156
2008-10-01,0.06208289955961144
2008-10-02,0.06488410453716219
2008-10-03,0.06584669003984854
2008-10-06,0.07243588615246434
2008-10-07,0.07399625717723657
2008-10-08,0.07780826922057228
2008-10-09,0.08026897920810418
2008-10-10,0.08696218605055554
2008-10-13,0.08520234183817144
2008-10-14,0.08229771834716955
2008-10-15,0.08443361491835234
2008-10-16,0.08719547700363471
2008-10-17,0.0879495321884561
2008-10-20,0.08829060415062738
2008-10-21,0.08936851556575973
2008-10-22,0.09247610065755188
2008-10-23,0.09437634646787052
2008-10-24,0.09819652232577702
2008-10-27,0.10277643794771037
2008-10-28,0.10459022451445936
2008-10-29,0.10233932305043558
2008-10-30,0.10010125292703353
2008-10-31,0.09878645408075903
2008-11-03,0.09683195495320025
2008-11-04,0.09339625037415797
2008-11-05,0.09189214983946534
2008-11-06,0.09218637719336957
2008-11-07,0.09126130579250481
2008-11-10,0.09027138971301694
2008-11-11,0.09125955300498081
2008-11-12,0.0929737409228131
2008-11-13,0.09450843451612227
2008-11-14,0.09590166153442883
2008-11-17,0.09671735666329259
2008-11-18,0.09833987426024589
2008-11-19,0.10217813939255599
2008-11-20,0.10788537151626645
2008-11-21,0.1106771568382462
2008-11-24,0.10934729520042125
2008-11-25,0.10731329787769148
2008-11-26,0.10484789017365072
2008-11-27,0.10292183294461947
2008-11-28,0.10163704125860046
2008-12-01,0.10463968029472938
2008-12-02,0.10486895001167726
2008-12-03,0.10574871347889218
2008-12-04,0.10868362603480565
2008-12-05,0.11227258601262985
2008-12-08,0.11322042584731941
2008-12-09,0.1103826060112683
2008-12-10,0.10780230013476125
2008-12-11,0.10534699663847437
2008-12-12,0.10346881786076066
2008-12-15,0.10156377288739364
2008-12-16,0.09854140673506409
2008-12-17,0.09563457732741065
2008-12-18,0.09465118803834398
2008-12-19,0.09420121110859088
2008-12-22,0.09378392863856282
2008-12-23,0.09429254286528284
2008-12-24,0.09505382285108203
2008-12-25,0.09713325050019193
2008-12-26,0.10063768386347383
2008-12-29,0.10369541438099038
2008-12-30,0.10480598504984896
2008-12-31,0.10741238438470575
2009-01-01,0.10323751287308752
2009-01-02,0.10317030341289846
2009-01-05,0.10091860858455066
2009-01-06,0.09472162201227358
2009-01-07,0.08903704101064015
2009-01-08,0.08648037509200339
2009-01-09,0.08453428428951892
2009-01-12,0.0858229082765746
2009-01-13,0.08474237809612024
2009-01-14,0.08648695841166582
2009-01-15,0.08858616904861213
2009-01-16,0.09089737307722513
2009-01-19,0.09208661858337247
2009-01-20,0.09638912832177281
2009-01-21,0.09887193732774328
2009-01-22,0.10193549152614713
2009-01-23,0.1058967084071927
2009-01-26,0.10624964297038898
2009-01-27,0.10582829957650168
2009-01-28,0.10513526107266015
2009-01-29,0.10470806303269913
2009-01-30,0.10465004104746378
2009-02-02,0.10729796315532417
2009-02-03,0.10872185874018225
2009-02-04,0.10964854012535352
2009-02-05,0.11050457910569995
2009-02-06,0.11073941209932062
2009-02-09,0.10842609952755874
2009-02-10,0.11109475828211574
2009-02-11,0.10773502497671748
2009-02-12,0.10779766430999739
2009-02-13,0.10912283390870123
2009-02-16,0.11078464393309156
2009-02-17,0.1185065767376418
2009-02-18,0.11226594174716541
2009-02-19,0.11263875393748646
2009-02-20,0.11259261437850018
2009-02-23,0.11452994478197254
2009-02-24,0.1173642338787934
2009-02-25,0.11894323875751649
2009-02-26,0.12126875582550214
2009-02-27,0.12205397737647443
2009-03-02,0.12771323980019375
2009-03-03,0.11747285919950128
2009-03-04,0.11574156549191396
2009-03-05,0.10985195518676526
2009-03-06,0.10578155881333356
2009-03-09,0.10482886653405182
2009-03-10,0.10392723116310963
2009-03-11,0.10185652911474313
2009-03-12,0.10035055493860687
2009-03-13,0.09729725660366988
2009-03-16,0.09365461257808985
2009-03-17,0.09039983822757303
2009-03-18,0.08844184480978458
2009-03-19,0.08651480009952009
2009-03-20,0.08270399179495021
2009-03-23,0.07757278950429232
2009-03-24,0.07393749879124255
2009-03-25,0.07184930317411256
2009-03-26,0.06897034105236285
2009-03-27,0.0687730080118958
2009-03-30,0.06954165089437744
2009-03-31,0.06819562611276299
2009-04-01,0.0678781444350302
2009-04-02,0.06601874919821653
2009-04-03,0.05988072976337059
2009-04-06,0.0583295396790475
2009-04-07,0.05727501342226896
2009-04-08,0.05585024166620634
2009-04-09,0.05501550072920519
2009-04-10,0.05482987315171714
2009-04-13,0.05620975010986211
2009-04-14,0.057791063006012985
2009-04-15,0.060278151419048666
2009-04-16,0.0620573194274369
2009-04-17,0.06441937389455667
2009-04-20,0.0689996085986826
2009-04-21,0.06976929479665929
2009-04-22,0.07098994574412247
2009-04-23,0.07148206030539225
2009-04-24,0.07185335283233225
2009-04-27,0.07455209750664303
2009-04-28,0.074646875937626
2009-04-29,0.07527916887752353
2009-04-30,0.07677029439014893
2009-05-01,0.07860380528587206
2009-05-04,0.07891481850215398
2009-05-05,0.07975111846056633
2009-05-06,0.08249102880983039
2009-05-07,0.08411259495492039
2009-05-08,0.0848050948808157
2009-05-11,0.08810421575162805
2009-05-12,0.09118250232818119
2009-05-13,0.09487133026887719
2009-05-14,0.09747793314577922
2009-05-15,0.10112543520188526
2009-05-18,0.10378665510093867
2009-05-19,0.10676680523802196
2009-05-20,0.11305229175798095
2009-05-21,0.1219715227765946
2009-05-22,0.12941331753934893
2009-05-25,0.13838327189834781
2009-05-26,0.14682199557247674
2009-05-27,0.15661176850809722
2009-05-28,0.16484065279871327
2009-05-29,0.17264598863055303
2009-06-01,0.1733393192339307
2009-06-02,0.18282473012951989
2009-06-03,0.19528672605355749
2009-06-04,0.17056192160662595
2009-06-05,0.16292983777520756
2009-06-08,0.14718090722203597
2009-06-09,0.14331299870711942
2009-06-10,0.14079966775379305
2009-06-11,0.14181710504113026
2009-06-12,0.14098404182237734
2009-06-15,0.1357995856059288
2009-06-16,0.12240865424148453
2009-06-17,0.11779791735456811
2009-06-18,0.11484781996616399
2009-06-19,0.11515160581273255
2009-06-22,0.11191548091466062
2009-06-23,0.10173456676557084
2009-06-24,0.09875093920760743
2009-06-25,0.09798349936507116
2009-06-26,0.0965494627568327
2009-06-29,0.0977958977550418
2009-06-30,0.09966691838712627
2009-07-01,0.10355555013362983
2009-07-02,0.10661315775628726
2009-07-03,0.10952109658452831
2009-07-06,0.1159089756760483
2009-07-07,0.12135628225055228
2009-07-08,0.13073185294637685
2009-07-09,0.13641960384230462
2009-07-10,0.143401911493546
2009-07-13,0.15085798330329234
2009-07-14,0.15573212397242508
2009-07-15,0.16037208854100454
2009-07-16,0.15977874802418437
2009-07-17,0.16054591306974778
2009-07-20,0.16238202640447655
2009-07-21,0.17262917346728346
2009-07-22,0.17855124333297462
2009-07-23,0.185263144163778
2009-07-24,0.19093449997793718
2009-07-27,0.19622433085240015
2009-07-28,0.20232567294556514
2009-07-29,0.2099956255243518
2009-07-30,0.2132255759214078
2009-07-31,0.2212372202967571
2009-08-03,0.22598048934304707
2009-08-04,0.23382519829564757
2009-08-05,0.24376323247815232
2009-08-06,0.25216215276448073
2009-08-07,0.2559434483935349
2009-08-10,0.2560260070930033
2009-08-11,0.2559187155882365
2009-08-12,0.25704970332211585
2009-08-13,0.26100886119717814
2009-08-14,0.26670267288915284
2009-08-17,0.2636489536652572
2009-08-18,0.2085655114900055
2009-08-19,0.20064810922570267
2009-08-20,0.19770807553672004
2009-08-21,0.197907002589151
2009-08-24,0.19185246529200173
2009-08-25,0.1911588112783509
2009-08-26,0.1951037561792694
2009-08-27,0.19664821592004517
2009-08-28,0.20198287282642793
2009-08-31,0.2013613466402388
2009-09-01,0.20674783191511453
2009-09-02,0.2055478314460079
2009-09-03,0.20936458221939902
2009-09-04,0.21495578445494395
2009-09-07,0.2185380178366368
2009-09-08,0.22502697965200502
2009-09-09,0.2250423136192742
2009-09-10,0.23447961453019758
2009-09-11,0.24775381339156752
2009-09-14,0.25328261779195466
2009-09-15,0.2542168269456299
2009-09-16,0.26229113577075563
2009-09-17,0.25372832011927726
2009-09-18,0.2530478585577184
2009-09-21,0.24897867607834537
2009-09-22,0.2416635979426219
2009-09-23,0.2209042831224021
2009-09-24,0.2210458164292517
2009-09-25,0.18729225319454815
2009-09-28,0.18387946467817462
2009-09-29,0.18131073535548578
2009-09-30,0.18485502204334
2009-10-01,0.18726131798304976
2009-10-02,0.1817971812180628
2009-10-05,0.18333978540951484
2009-10-06,0.1770974930276294
2009-10-07,0.1733958153692351
2009-10-08,0.17541233466563405
2009-10-09,0.1800949656074669
2009-10-12,0.16703870078623106
2009-10-13,0.1644689791349445
2009-10-14,0.16792364049405703
2009-10-15,0.1683625534980966
2009-10-16,0.1663003159904435
2009-10-19,0.16814653961798645
2009-10-20,0.1677339359644083
2009-10-21,0.17194972699734878
2009-10-22,0.17565590924905422
2009-10-23,0.1773991258168141
2009-10-26,0.18131167308974636
2009-10-27,0.16479002691698197
2009-10-28,0.16255312770467692
2009-10-29,0.14164824799597903
2009-10-30,0.12540286419761373
2009-11-02,0.11697271029727402
2009-11-03,0.11277475675111737
2009-11-04,0.11082237271553504
2009-11-05,0.10878538314173213
2009-11-06,0.10997714321511357
2009-11-09,0.1148052989201937
2009-11-10,0.111645633781231
2009-11-11,0.11356771434886866
2009-11-12,0.11497787541836942
2009-11-13,0.11575782295719188
2009-11-16,0.12447730582861306
2009-11-17,0.11941074199810257
2009-11-18,0.11910610862418586
2009-11-19,0.12145352736173486
2009-11-20,0.1224660760892134
2009-11-23,0.12492267855769001
2009-11-24,0.12524987016408365
2009-11-25,0.1290314170032414
2009-11-26,0.1322119692075295
2009-11-27,0.13784157795493918
2009-11-30,0.13403071233238747
2009-12-01,0.13607229444901905
2009-12-02,0.13247050649526818
2009-12-03,0.13150944824857394
2009-12-04,0.13491342191021505
2009-12-07,0.11606326534343452
2009-12-08,0.11342552565340704
2009-12-09,0.11058694094084702
2009-12-10,0.10851403097029684
2009-12-11,0.10713540816923187
2009-12-14,0.10702768747112854
2009-12-15,0.10616554378144322
2009-12-16,0.10629103987294783
2009-12-17,0.1067783335693771
2009-12-18,0.10479469916682627
2009-12-21,0.1044286592296099
2009-12-22,0.1053742756568652
2009-12-23,0.10628810952397957
2009-12-24,0.10767201656058961
2009-12-25,0.10722238854007611
2009-12-28,0.10912401670568478
2009-12-29,0.11140080388638017
2009-12-30,0.11316488225723269
2009-12-31,0.11632183764286255
2010-01-01,0.1189143278588705
2010-01-04,0.1280826335073185
2010-01-05,0.1279614443835172
2010-01-06,0.13207137284475257
2010-01-07,0.136928958436542
2010-01-08,0.1418332881539625
2010-01-11,0.14903041414386076
2010-01-12,0.15705634352294934
2010-01-13,0.15124294793607124
2010-01-14,0.1500584607410441
2010-01-15,0.14959334821869893
2010-01-18,0.14621017335893802
2010-01-19,0.15001775403433734
2010-01-20,0.15032210800767196
2010-01-21,0.1360323425975023
2010-01-22,0.12606802750098156
2010-01-25,0.11836510649001779
2010-01-26,0.11596719669591014
2010-01-27,0.11307276352150637
2010-01-28,0.10752507310708377
2010-01-29,0.10521792348462503
2010-02-01,0.1046303989725487
2010-02-02,0.10563633389532291
2010-02-03,0.10538984900338029
2010-02-04,0.1068247796321116
2010-02-05,0.10859293635865658
2010-02-08,0.10795917007419775
2010-02-09,0.1104312909627634
2010-02-10,0.11341983913012393
2010-02-11,0.11415295458718924
2010-02-12,0.1162242224087053
2010-02-15,0.11432249687219076
2010-02-16,0.11731362963191025
2010-02-17,0.1192219990971331
2010-02-18,0.12267264540187862
2010-02-19,0.1271397820129855
2010-02-22,0.13295418370945353
2010-02-23,0.14023052746934206
2010-02-24,0.13975755639294463
2010-02-25,0.14365190238643458
2010-02-26,0.14360014008539873
2010-03-01,0.14948699708104882
2010-03-02,0.15114389061516623
2010-03-03,0.1603322140350395
2010-03-04,0.16933607425473227
2010-03-05,0.17764447951112294
2010-03-08,0.1899317694670038
2010-03-09,0.20259330570180112
2010-03-10,0.21360906811779803
2010-03-11,0.2227979725216241
2010-03-12,0.23289942786881043
2010-03-15,0.24129510029091358
2010-03-16,0.2520322557684861
2010-03-17,0.24765856209309692
2010-03-18,0.24779547530677257
2010-03-19,0.25194827581111373
2010-03-22,0.2471752351773916
2010-03-23,0.24695066955603426
2010-03-24,0.24487440216180334
2010-03-25,0.22577706292810348
2010-03-26,0.22261159784974224
2010-03-29,0.22643467274586923
2010-03-30,0.20276124840023682
2010-03-31,0.20296049183652204
2010-04-01,0.20416476612485254
2010-04-02,0.2003221214200648
2010-04-05,0.20666764690966852
2010-04-06,0.2102016349894318
2010-04-07,0.21751019232893384
2010-04-08,0.22338068937130015
2010-04-09,0.23152076783684872
2010-04-12,0.23514499817659415
2010-04-13,0.23817796223297574
2010-04-14,0.23657689537487064
2010-04-15,0.22602792762506582
2010-04-16,0.24126619125233265
2010-04-19,0.1851304556912244
2010-04-20,0.18345119382387598
2010-04-21,0.17732647200781915
2010-04-22,0.17484091308846422
2010-04-23,0.17496031314351324
2010-04-26,0.1745684664849414
2010-04-27,0.18425903531776275
2010-04-28,0.16493489465557795
2010-04-29,0.16324279776183942
2010-04-30,0.15877934665511023
2010-05-03,0.15965059082837668
2010-05-04,0.16747311348582797
2010-05-05,0.13903451049237583
2010-05-06,0.12955037289197002
2010-05-07,0.12099604864346152
2010-05-10,0.11802415567144496
2010-05-11,0.11675352486611824
2010-05-12,0.11675965167501445
2010-05-13,0.11681484265497558
2010-05-14,0.12087247460488915
2010-05-17,0.12517438960369626
2010-05-18,0.1277447659187807
2010-05-19,0.1303682154588402
2010-05-20,0.12895192987982781
2010-05-21,0.13218755293259274
2010-05-24,0.13786643981789695
2010-05-25,0.14524463207318877
2010-05-26,0.14595778064907938
2010-05-27,0.1461923776263771
2010-05-28,0.1287633327645283
2010-05-31,0.12488210679313672
2010-06-01,0.1225388706535699
2010-06-02,0.12320937392698722
2010-06-03,0.12500152197893583
2010-06-04,0.12735029577975096
2010-06-07,0.11600198035998219
2010-06-08,0.11402189926693534
2010-06-09,0.11478795818150919
2010-06-10,0.11207186318946304
2010-06-11,0.10561669344627188
2010-06-14,0.10230471312310375
2010-06-15,0.09496356963027272
2010-06-16,0.09092954268133516
2010-06-17,0.08843987404544153
2010-06-18,0.08896648218660795
2010-06-21,0.08811020668879553
2010-06-22,0.08950913669410251
2010-06-23,0.0894106767915456
2010-06-24,0.09138252398921307
2010-06-25,0.09310670116112936
2010-06-28,0.09665855054055106
2010-06-29,0.10355915622773587
2010-06-30,0.10762092985795493
2010-07-01,0.11165772192110814
2010-07-02,0.1138060735881727
2010-07-05,0.11892589568438819
2010-07-06,0.12295692827618425
2010-07-07,0.12671607314678568
2010-07-08,0.12833998929377735
2010-07-09,0.1261451064815039
2010-07-12,0.12750904949727615
2010-07-13,0.1260725154861316
2010-07-14,0.12549397640663393
2010-07-15,0.1277747309882316
2010-07-16,0.12635453471156774
2010-07-19,0.12699600340485087
2010-07-20,0.1273221606234458
2010-07-21,0.12973811048459083
2010-07-22,0.12959415164129034
2010-07-23,0.13171840865692455
2010-07-26,0.13268740278067093
2010-07-27,0.13308666895103405
2010-07-28,0.1334386983941785
2010-07-29,0.13481740936905826
2010-07-30,0.1393856705703838
2010-08-02,0.13378871751020543
2010-08-03,0.1385314525198334
2010-08-04,0.1460411708253122
2010-08-05,0.1547874656023649
2010-08-06,0.15926593350416152
2010-08-09,0.16547115742912888
2010-08-10,0.17112342010386608
2010-08-11,0.17808674046493733
2010-08-12,0.17904888665149793
2010-08-13,0.17970935994149956
2010-08-16,0.18695735454242024
2010-08-17,0.1824307055317686
2010-08-18,0.18223543619977628
2010-08-19,0.18491319238897433
2010-08-20,0.19163119531804448
2010-08-23,0.19712222584481345
2010-08-24,0.20573120080797414
2010-08-25,0.20724152125968556
2010-08-26,0.2139923318092317
2010-08-27,0.22459684853833486
2010-08-30,0.2220612898913576
2010-08-31,0.22462413944267642
2010-09-01,0.22502212295660082
2010-09-02,0.2086335447906818
2010-09-03,0.20557426522565736
2010-09-06,0.19844179908910858
2010-09-07,0.19986641224166632
2010-09-08,0.1878044864606326
2010-09-09,0.18806096477555764
2010-09-10,0.18428791233809533
2010-09-13,0.18164712312168735
2010-09-14,0.1883730347572992
2010-09-15,0.16929327601558228
2010-09-16,0.16694348217415927
2010-09-17,0.1669201055392445
2010-09-20,0.1669686128882735
2010-09-21,0.1732518155158993
2010-09-22,0.18369485334289984
2010-09-23,0.1857224982394581
2010-09-24,0.19331613587356591
2010-09-27,0.193106154303905
2010-09-28,0.19972817628718237
2010-09-29,0.20648386678092653
2010-09-30,0.21275120252520663
2010-10-01,0.21411296006627314
2010-10-04,0.22115391968277107
2010-10-05,0.23155139976450254
2010-10-06,0.19088112894562725
2010-10-07,0.19072042849483364
2010-10-08,0.18866609204508503
2010-10-11,0.17308548146911004
2010-10-12,0.17172085660531214
2010-10-13,0.17558579893214082
2010-10-14,0.17378156106822196
2010-10-15,0.1773014862070521
2010-10-18,0.1722117783563451
2010-10-19,0.17774037895915293
2010-10-20,0.1331034273864013
2010-10-21,0.12731326170258955
2010-10-22,0.12340263512614989
2010-10-25,0.12279402554899056
2010-10-26,0.11992876599446052
2010-10-27,0.11949368782945123
2010-10-28,0.1139054805135237
2010-10-29,0.11275218947870243
2010-11-01,0.11221754816279438
2010-11-02,0.1125681833489271
2010-11-03,0.11488073515892683
2010-11-04,0.12351707406513733
2010-11-05,0.10701395826452843
2010-11-08,0.10570478953361107
2010-11-09,0.10787103536811843
2010-11-10,0.10979607636824278
2010-11-11,0.10594216782227638
2010-11-12,0.10677960295662817
2010-11-15,0.09479558663640508
2010-11-16,0.08685566611874633
2010-11-17,0.0797520300775983
2010-11-18,0.07406094005462745
2010-11-19,0.07016946731478367
2010-11-22,0.06750478118196014
2010-11-23,0.06376999310882901
2010-11-24,0.061145020034947824
2010-11-25,0.05894670067879004
2010-11-26,0.057243545708796965
2010-11-29,0.05641965728403839
2010-11-30,0.05674166109519262
2010-12-01,0.05926479776398185
2010-12-02,0.06065548273185686
2010-12-03,0.06450845315921629
2010-12-06,0.06846572594858137
2010-12-07,0.07254679771679623
2010-12-08,0.07614409939113784
2010-12-09,0.07789671958510377
2010-12-10,0.08037926499453386
2010-12-13,0.0848536530713122
2010-12-14,0.0877392053550745
2010-12-15,0.09217347875945854
2010-12-16,0.09536489747243848
2010-12-17,0.09839901463078128
2010-12-20,0.10283236970082979
2010-12-21,0.10796130996607488
2010-12-22,0.11053008646176582
2010-12-23,0.11584311309623538
2010-12-24,0.12120211925376671
2010-12-27,0.12651820267793468
2010-12-28,0.13310197964265294
2010-12-29,0.13652982516773235
2010-12-30,0.1434771836144164
2010-12-31,0.14618912450689148
2011-01-03,0.1471003570853614
2011-01-04,0.1531597707900314
2011-01-05,0.125733920157299
2011-01-06,0.12411074537688735
2011-01-07,0.1218047881603808
2011-01-10,0.11938676034932387
2011-01-11,0.11964292333230803
2011-01-12,0.11911162733728997
2011-01-13,0.115584253997509
2011-01-14,0.11509772343514833
2011-01-17,0.1153160668240107
2011-01-18,0.11920876901078431
2011-01-19,0.12272984800767622
2011-01-20,0.12751976653067681
2011-01-21,0.12400415593721731
2011-01-24,0.12421750011227356
2011-01-25,0.12775489714843108
2011-01-26,0.12367792287344141
2011-01-27,0.11695071407137111
2011-01-28,0.11829190949833268
2011-01-31,0.11892175109980208
2011-02-01,0.12163286167803385
2011-02-02,0.11895837866879452
2011-02-03,0.12035379389673034
2011-02-04,0.1235290420947762
2011-02-07,0.1272720941485179
2011-02-08,0.13215015916387438
2011-02-09,0.1361325350926268
2011-02-10,0.14174912982223906
2011-02-11,0.14118108489194084
2011-02-14,0.14254309379146016
2011-02-15,0.14379636622598052
2011-02-16,0.14258254762275238
2011-02-17,0.14355633729519948
2011-02-18,0.14418544399601282
2011-02-21,0.14779645851159853
2011-02-22,0.15645273428157427
2011-02-23,0.12675829848496634
2011-02-24,0.12298709593601086
2011-02-25,0.12372873486250646
2011-02-28,0.1235098762237431
2011-03-01,0.12331344375144924
2011-03-02,0.12330240193098888
2011-03-03,0.12671535929232228
2011-03-04,0.12788336595322358
2011-03-07,0.13056489742275165
2011-03-08,0.13061194368638807
2011-03-09,0.12998389868391738
2011-03-10,0.13206249655901983
2011-03-11,0.11374019092088718
2011-03-14,0.10703784051865514
2011-03-15,0.10329342904710323
2011-03-16,0.07644373870074571
2011-03-17,0.0747549537305504
2011-03-18,0.07092838973618643
2011-03-21,0.07034892054464699
2011-03-22,0.06888451398670124
2011-03-23,0.0690251651545618
2011-03-24,0.0707151608885584
2011-03-25,0.07286907956086393
2011-03-28,0.07385581901234599
2011-03-29,0.0762465842651702
2011-03-30,0.07984815193172928
2011-03-31,0.08541787579661149
2011-04-01,0.08713158328576907
2011-04-04,0.0918271262681243
2011-04-05,0.09714019039145612
2011-04-06,0.10276117997753913
2011-04-07,0.10872396001326987
2011-04-08,0.11820824629114646
2011-04-11,0.11753131721520767
2011-04-12,0.12045355698871035
2011-04-13,0.11076178663131532
2011-04-14,0.10945456859144802
2011-04-15,0.10768173185796441
2011-04-18,0.10634274924192204
2011-04-19,0.09880505155527626
2011-04-20,0.09946321873369189
2011-04-21,0.09631862057434469
2011-04-22,0.09475923807870021
2011-04-25,0.09583440170460893
2011-04-26,0.10047582803492285
2011-04-27,0.10395389885226447
2011-04-28,0.10708875632326038
2011-04-29,0.11134730072772052
2011-05-02,0.11282336927690448
2011-05-03,0.11761413272839559
2011-05-04,0.11145969877976958
2011-05-05,0.10117219567652969
2011-05-06,0.07542754618483791
2011-05-09,0.07038321225210449
2011-05-10,0.06885170427908889
2011-05-11,0.06585435718900026
2011-05-12,0.06323902008285916
2011-05-13,0.06167204778969041
2011-05-16,0.06074933637535016
2011-05-17,0.06062840269533209
2011-05-18,0.06137422282701489
2011-05-19,0.061977344966684056
2011-05-20,0.06315918295088206
2011-05-23,0.06448579514696026
2011-05-24,0.06493518028132511
2011-05-25,0.06655559954970858
2011-05-26,0.0696814885015448
2011-05-27,0.07197170511663059
2011-05-30,0.07456781719277535
2011-05-31,0.08006602594273161
2011-06-01,0.08571314784067705
2011-06-02,0.09011688422602677
2011-06-03,0.093720541829993
2011-06-06,0.09687532426442176
2011-06-07,0.10031146430770958
2011-06-08,0.10298745453330042
2011-06-09,0.1073940351908211
2011-06-10,0.11111609792008165
2011-06-13,0.11466602425302105
2011-06-14,0.11911145046693217
2011-06-15,0.119189039023077
2011-06-16,0.1170558779896534
2011-06-17,0.11496746721704741
2011-06-20,0.11396849729805499
2011-06-21,0.11457144520471044
2011-06-22,0.11558742180363638
2011-06-23,0.1199914193497557
2011-06-24,0.12128039844150486
2011-06-27,0.12302045741588535
2011-06-28,0.12586213133110938
2011-06-29,0.1240187360017161
2011-06-30,0.1188135370204445
2011-07-01,0.1134885579832339
2011-07-04,0.11237272041560128
2011-07-05,0.11571546363368791
2011-07-06,0.1184428217586379
2011-07-07,0.12353953343802591
2011-07-08,0.13062741894340724
2011-07-11,0.13616940885494755
2011-07-12,0.13951330021966918
2011-07-13,0.1456700070939479
2011-07-14,0.1473466929381956
2011-07-15,0.15484920938432975
2011-07-18,0.1626118322654069
2011-07-19,0.17267622627097629
2011-07-20,0.17776159946928885
2011-07-21,0.18382294390487522
2011-07-22,0.19028194515928262
2011-07-25,0.19550830038230865
2011-07-26,0.20464954930731666
2011-07-27,0.20461833834116752
2011-07-28,0.203545102123682
2011-07-29,0.21243520839032312
2011-08-01,0.20989671016899894
2011-08-02,0.21609109490995831
2011-08-03,0.2228390925077618
2011-08-04,0.22570168699186083
2011-08-05,0.18291511275637073
2011-08-08,0.17891206953078018
2011-08-09,0.16503645705024
2011-08-10,0.1657511502110783
2011-08-11,0.1613237513438719
2011-08-12,0.14729463831117787
2011-08-15,0.14479643821119215
2011-08-16,0.14246502156328575
2011-08-17,0.1418257777412186
2011-08-18,0.1489341414144242
2011-08-19,0.14588818185565977
2011-08-22,0.1461449895030166
2011-08-23,0.1498470501786115
2011-08-24,0.14683009127885116
2011-08-25,0.1387971214831583
2011-08-26,0.13675789818957504
2011-08-29,0.13848286983029082
2011-08-30,0.13877462123378512
2011-08-31,0.13995598122448957
2011-09-01,0.13846237967375868
2011-09-02,0.14180939932155423
2011-09-05,0.13853716939755428
2011-09-06,0.1358349041092886
2011-09-07,0.1358637038347697
2011-09-08,0.13311880201192355
2011-09-09,0.1346479490147197
2011-09-12,0.13550156538718694
2011-09-13,0.1379031409050715
2011-09-14,0.13952561348037254
2011-09-15,0.14210249770042513
2011-09-16,0.13814377897378327
2011-09-19,0.14053167532575203
2011-09-20,0.13870864875062658
2011-09-21,0.1422463666669047
2011-09-22,0.1524314893805634
2011-09-23,0.14540326776330234
2011-09-26,0.1494641746521818
2011-09-27,0.15037120792747066
2011-09-28,0.12649476643114532
2011-09-29,0.12363882231845331
2011-09-30,0.1254898946916178
2011-10-03,0.12585911312099385
2011-10-04,0.12612611940135038
2011-10-05,0.12735794626256766
2011-10-06,0.12354266266781874
2011-10-07,0.11445817582287689
2011-10-10,0.10985761594850929
2011-10-11,0.1024178617148471
2011-10-12,0.0982805742589287
2011-10-13,0.09519543686985406
2011-10-14,0.09205917286317108
2011-10-17,0.09013745154744834
2011-10-18,0.08926331516172001
2011-10-19,0.0882728318383568
2011-10-20,0.08967245162975979
2011-10-21,0.08929036263500204
2011-10-24,0.08742381516280684
2011-10-25,0.08702860397590506
2011-10-26,0.0879390886080821
2011-10-27,0.08642599572423747
2011-10-28,0.0815933777583707
2011-10-31,0.08142386838383212
2011-11-01,0.08365982657565232
2011-11-02,0.0822445687637564
2011-11-03,0.08179767633440171
2011-11-04,0.08258051061656438
2011-11-07,0.08516529703179516
2011-11-08,0.08885925227629465
2011-11-09,0.09418190083477845
2011-11-10,0.09741535140547258
2011-11-11,0.1003112001696017
2011-11-14,0.10360119046590653
2011-11-15,0.10815249960625051
2011-11-16,0.11324887485446067
2011-11-17,0.12116083270808485
2011-11-18,0.12662609486691012
2011-11-21,0.13686163472351587
2011-11-22,0.14488410479981104
2011-11-23,0.15746814451817484
2011-11-24,0.16976751830212197
2011-11-25,0.1848228867478226
2011-11-28,0.19310905289438315
2011-11-29,0.1920732534623753
2011-11-30,0.18868351470335812
2011-12-01,0.18137672936508664
2011-12-02,0.1720159581341217
2011-12-05,0.16823647817210494
2011-12-06,0.16614546313661846
2011-12-07,0.16726140684094656
2011-12-08,0.17108909246760867
2011-12-09,0.17176030693255226
2011-12-12,0.1769258714609512
2011-12-13,0.1782344698272916
2011-12-14,0.18588110127935142
2011-12-15,0.17936636185461763
2011-12-16,0.18443040622786333
2011-12-19,0.19495382342085218
2011-12-20,0.20292134689524358
2011-12-21,0.1892435861646375
2011-12-22,0.18280924982009572
2011-12-23,0.18221091346139542
2011-12-26,0.1836512426118357
2011-12-27,0.18734759022225664
2011-12-28,0.19631740136408382
2011-12-29,0.19019400335676348
2011-12-30,0.18633613102325722
2012-01-02,0.1838264510564929
2012-01-03,0.1863384096001788
2012-01-04,0.17609907581639467
2012-01-05,0.17792100444039924
2012-01-06,0.17413850548924145
2012-01-09,0.17477034128409605
2012-01-10,0.17287577851497563
2012-01-11,0.1676503021750544
2012-01-12,0.1667042572101134
2012-01-13,0.168215508507639
2012-01-16,0.16465638010172293
2012-01-17,0.16433463189073128
2012-01-18,0.16444173385792835
2012-01-19,0.16417277899394875
2012-01-20,0.16115785545856479
2012-01-23,0.1538726179700066
2012-01-24,0.14930156690177884
2012-01-25,0.15100372666448095
2012-01-26,0.155692780479559
2012-01-27,0.15299729658157407
2012-01-30,0.15493596406263216
2012-01-31,0.1588622596409699
2012-02-01,0.16073171533508746
2012-02-02,0.16622887290875005
2012-02-03,0.17598962870694582
2012-02-06,0.18419381159145212
2012-02-07,0.1931471385723006
2012-02-08,0.19999743373094658
2012-02-09,0.2083308891059134
2012-02-10,0.2174341183334886
2012-02-13,0.21353959582316767
2012-02-14,0.21395616736554232
2012-02-15,0.21645818137263798
2012-02-16,0.2151029935793172
2012-02-17,0.21849100173812186
2012-02-20,0.2218217076614245
2012-02-21,0.23109595972400854
2012-02-22,0.2334836456171402
2012-02-23,0.24205621146865544
2012-02-24,0.24495034232899143
2012-02-27,0.2534673712039708
2012-02-28,0.27045661794211184
2012-02-29,0.2823652322961433
2012-03-01,0.2759370955476829
2012-03-02,0.2678716202318756
2012-03-05,0.261600540242936
2012-03-06,0.23015928531255747
2012-03-07,0.15755286784819508
2012-03-08,0.14824617362695228
2012-03-09,0.1357273440757176
2012-03-12,0.1319898654597551
2012-03-13,0.13153423659601762
2012-03-14,0.12735932369071348
2012-03-15,0.12084687106781873
2012-03-16,0.1186789660401273
2012-03-19,0.11834862945406827
2012-03-20,0.11976559054655654
2012-03-21,0.11710399942202472
2012-03-22,0.11646017032863197
2012-03-23,0.11502192527956794
2012-03-26,0.11563697391073818
2012-03-27,0.1155744655870903
2012-03-28,0.11614738327757755
2012-03-29,0.11786029434241906
2012-03-30,0.1199233759580907
2012-04-02,0.12114486332023493
2012-04-03,0.12014814108101905
2012-04-04,0.12178183761529521
2012-04-05,0.11670388001612934
2012-04-06,0.11555684457101204
2012-04-09,0.1166144956554811
2012-04-10,0.11677414362949726
2012-04-11,0.11905957043351435
2012-04-12,0.12311627730325704
2012-04-13,0.12669633057961094
2012-04-16,0.13189100805614065
2012-04-17,0.13324104138094808
2012-04-18,0.13644189401392265
2012-04-19,0.1400127947589397
2012-04-20,0.14420167280093432
2012-04-23,0.1513814665920751
2012-04-24,0.15537635845230374
2012-04-25,0.1626767005341938
2012-04-26,0.1678353123247765
2012-04-27,0.1702908080640989
2012-04-30,0.17563297138104367
2012-05-01,0.18023522237958303
2012-05-02,0.18820253397755252
2012-05-03,0.19223334362954117
2012-05-04,0.19441989415215352
2012-05-07,0.2027123694725336
2012-05-08,0.21459700278411634
2012-05-09,0.22625040040226024
2012-05-10,0.23377259425130398
2012-05-11,0.24368295016547326
2012-05-14,0.2559658977486102
2012-05-15,0.2599794997529549
2012-05-16,0.2753523691259313
2012-05-17,0.2901460885963828
2012-05-18,0.2965246374641602
2012-05-21,0.29940870492041116
2012-05-22,0.30232318884451825
2012-05-23,0.32178178752864073
2012-05-24,0.1801865582366334
2012-05-25,0.17687074253052365
2012-05-28,0.17393995380328678
2012-05-29,0.17713946194453292
2012-05-30,0.1887692843880719
2012-05-31,0.16065406783023564
2012-06-01,0.16142357841957097
2012-06-04,0.16201617754740766
2012-06-05,0.16122991524629376
2012-06-06,0.1644522225198093
2012-06-07,0.11849263517596362
2012-06-08,0.11621041828170925
2012-06-11,0.11260130233941616
2012-06-12,0.11068696936151726
2012-06-13,0.10736979636044716
2012-06-14,0.10426962596114989
2012-06-15,0.1015559223504046
2012-06-18,0.09932472251552851
2012-06-19,0.09756642186604725
2012-06-20,0.09372075821595656
2012-06-21,0.09594721789462532
2012-06-22,0.09127364901770406
2012-06-25,0.0924480409408466
2012-06-26,0.09339434815198226
2012-06-27,0.0953261069456222
2012-06-28,0.10077218363843839
2012-06-29,0.09810009021352704
2012-07-02,0.06582892468550314
2012-07-03,0.0606760680203145
2012-07-04,0.057952144386921804
2012-07-05,0.05781122055445976
2012-07-06,0.058405039865320654
2012-07-09,0.05922726715873284
2012-07-10,0.061674215672359825
2012-07-11,0.06424438249168818
2012-07-12,0.0684102341615775
2012-07-13,0.0715074117841992
2012-07-16,0.07485025568155175
2012-07-17,0.07741779384796621
2012-07-18,0.08177093502522946
2012-07-19,0.08436272140736123
2012-07-20,0.08821183160394683
2012-07-23,0.09310561595601448
2012-07-24,0.0973442601652044
2012-07-25,0.10048432058304492
2012-07-26,0.10425795900043054
2012-07-27,0.10573826074729417
2012-07-30,0.10565523614788166
2012-07-31,0.1058481949070578
2012-08-01,0.10756673756656152
2012-08-02,0.11062706810103531
2012-08-03,0.1115228266500392
2012-08-06,0.10971577572334745
2012-08-07,0.11027792565955341
2012-08-08,0.10970797519329334
2012-08-09,0.11082888777439541
2012-08-10,0.1129749558673763
2012-08-13,0.11638147465416841
2012-08-14,0.11859771699421638
2012-08-15,0.1213877146655167
2012-08-16,0.12241517002418778
2012-08-17,0.12428200421020752
2012-08-20,0.12564771062696214
2012-08-21,0.12733137196318747
2012-08-22,0.13012321860744017
2012-08-23,0.12930739952323697
2012-08-24,0.13026583148881385
2012-08-27,0.1379437877760614
2012-08-28,0.14579302273646544
2012-08-29,0.15246594547088557
2012-08-30,0.15837937330006627
2012-08-31,0.1678868316833345
2012-09-03,0.16918180289555226
2012-09-04,0.17732819148695422
2012-09-05,0.18665704233434197
2012-09-06,0.19940648705022176
2012-09-07,0.19927963151930425
2012-09-10,0.19905731109564134
2012-09-11,0.1984752758366731
2012-09-12,0.2040792454611452
2012-09-13,0.21506535681618508
2012-09-14,0.20584949118099252
2012-09-17,0.20725624089821024
2012-09-18,0.16772592699353323
2012-09-19,0.16207079334621713
2012-09-20,0.15983752265323126
2012-09-21,0.1597981522195867
2012-09-24,0.1585803782267653
2012-09-25,0.1550868796391715
2012-09-26,0.15763257719212978
2012-09-27,0.1577358744723197
2012-09-28,0.15105095618402795
2012-10-01,0.1496852977605025
2012-10-02,0.15110980406779914
2012-10-03,0.1545710612104507
2012-10-04,0.15765181180722526
2012-10-05,0.15168499552374756
2012-10-08,0.15064935366753204
2012-10-09,0.1488679220694337
2012-10-10,0.14775393532941472
2012-10-11,0.14961625352949576
2012-10-12,0.14849003740375272
2012-10-15,0.14782037096744777
2012-10-16,0.14852026628354695
2012-10-17,0.1499542041550797
2012-10-18,0.14832083579854274
2012-10-19,0.14340219396307796
2012-10-22,0.13196484476534667
2012-10-23,0.12753594449024855
2012-10-24,0.11766127826393187
2012-10-25,0.11383718149766033
2012-10-26,0.11323968441162402
2012-10-29,0.11370938150727786
2012-10-30,0.1162217392520664
2012-10-31,0.1189991280183965
2012-11-01,0.12282970010328481
2012-11-02,0.12464693048213157
2012-11-05,0.124799321960616
2012-11-06,0.12953178704240695
2012-11-07,0.13445658505252697
2012-11-08,0.13995660710807423
2012-11-09,0.14465541550472918
2012-11-12,0.15003717622930549
2012-11-13,0.15414723483046305
2012-11-14,0.1567871061420711
2012-11-15,0.15924798333623313
2012-11-16,0.16124665584574213
2012-11-19,0.16635726511316531
2012-11-20,0.16864767450285803
2012-11-21,0.17089400178615854
2012-11-22,0.17305857254634355
2012-11-23,0.17855345099465858
2012-11-26,0.18270481922981496
2012-11-27,0.18730279496890542
2012-11-28,0.19698028356313346
2012-11-29,0.2031993812134446
2012-11-30,0.20850888469840528
2012-12-03,0.21370724058367008
2012-12-04,0.2160018953604289
2012-12-05,0.21893757069868744
2012-12-06,0.2264100064568999
2012-12-07,0.231577014270484
2012-12-10,0.235803787357119
2012-12-11,0.24018126473578114
2012-12-12,0.24648474616095215
2012-12-13,0.2471170906456147
2012-12-14,0.2440184240512842
2012-12-17,0.24011393904287492
2012-12-18,0.23607970564045722
2012-12-19,0.23607337908327541
2012-12-20,0.2363398383619672
2012-12-21,0.2398967458676665
2012-12-24,0.23295808241584787
2012-12-25,0.23063421663817585
2012-12-26,0.22999834741630545
2012-12-27,0.23192309278093756
2012-12-28,0.2314888242312065
2012-12-31,0.23446471745361058
2013-01-01,0.22995366849551924
2013-01-02,0.251528196232072
2013-01-03,0.2487129633928239
2013-01-04,0.248282977435311
2013-01-07,0.25009902175879084
2013-01-08,0.2483809033170345
2013-01-09,0.24432492330741787
2013-01-10,0.24790321787572298
2013-01-11,0.24512252188035089
2013-01-14,0.2462186101130866
2013-01-15,0.25106920578634384
2013-01-16,0.2364167864597503
2013-01-17,0.2370912992523602
2013-01-18,0.2234503738993331
2013-01-21,0.21960522636201063
2013-01-22,0.22349174227942492
2013-01-23,0.2218140160164916
2013-01-24,0.22614128728225383
2013-01-25,0.22317440303516078
2013-01-28,0.22419146709930238
2013-01-29,0.23017837898996302
2013-01-30,0.228915182630221
2013-01-31,0.23362330658591463
2013-02-01,0.23991524297590017
2013-02-04,0.2376138763871969
2013-02-05,0.2062712571491678
2013-02-06,0.20306922624686516
2013-02-07,0.20066141125984152
2013-02-08,0.19055480545794348
2013-02-11,0.1874249978715807
2013-02-12,0.1872808719815076
2013-02-13,0.18498751888007753
2013-02-14,0.1870935405215617
2013-02-15,0.1891906732087524
2013-02-18,0.18530033038152968
2013-02-19,0.19083595028408382
2013-02-20,0.19569285177966173
2013-02-21,0.18409944266117445
2013-02-22,0.15019525633582093
2013-02-25,0.1469929023419481
2013-02-26,0.1435926628101606
2013-02-27,0.12439000213683947
2013-02-28,0.12244960068793564
2013-03-01,0.12086341879669858
2013-03-04,0.12199663337268754
2013-03-05,0.12609967042943523
2013-03-06,0.1285688702434516
2013-03-07,0.13182112349648764
2013-03-08,0.13768193115376356
2013-03-11,0.13899481904530792
2013-03-12,0.14399096273660927
2013-03-13,0.14837150994686737
2013-03-14,0.1536212820666085
2013-03-15,0.15994923101675737
2013-03-18,0.16818035648510948
2013-03-19,0.1756483884301778
2013-03-20,0.1798202389741137
2013-03-21,0.18602991886551137
2013-03-22,0.18835499746702047
2013-03-25,0.19323956478812496
2013-03-26,0.19968286497796695
2013-03-27,0.2051508625876375
2013-03-28,0.2118211253664579
2013-03-29,0.2092248639408484
2013-04-01,0.21341520067341013
2013-04-02,0.2209757804517072
2013-04-03,0.22443295806684313
2013-04-04,0.230957142193516
2013-04-05,0.23050755750518842
2013-04-08,0.2282532743461766
2013-04-09,0.23500389742814679
2013-04-10,0.232947739844584
2013-04-11,0.22221518582450903
2013-04-12,0.22653249064951617
2013-04-15,0.21112427669398254
2013-04-16,0.1928527663037226
2013-04-17,0.19036962841785218
2013-04-18,0.18746472460083874
2013-04-19,0.18701600083939793
2013-04-22,0.18835022783438307
2013-04-23,0.1951374632761616
2013-04-24,0.19779485784218742
2013-04-25,0.201812518403592
2013-04-26,0.1849797729328904
2013-04-29,0.18110904240911535
2013-04-30,0.17985634701087266
2013-05-01,0.18433263952866263
2013-05-02,0.1848330644409514
2013-05-03,0.1876380811239286
2013-05-06,0.1723039512241516
2013-05-07,0.1712014540537332
2013-05-08,0.17060708798859436
2013-05-09,0.1709391081453502
2013-05-10,0.17223762371565154
2013-05-13,0.17228418484993344
2013-05-14,0.17450001156970688
2013-05-15,0.1776200893388489
2013-05-16,0.17937766361001967
2013-05-17,0.18884173118123826
2013-05-20,0.18818222605602863
2013-05-21,0.19216984496364448
2013-05-22,0.20153484503523994
2013-05-23,0.2119823490424919
2013-05-24,0.17920256321046685
2013-05-27,0.17373494285454852
2013-05-28,0.17499703222155397
2013-05-29,0.171500086304419
2013-05-30,0.16314029043779224
2013-05-31,0.1641031922465789
2013-06-03,0.1614876384053471
2013-06-04,0.15006600855097052
2013-06-05,0.1468550952595074
2013-06-06,0.13954237684255325
2013-06-07,0.13564553104279778
2013-06-10,0.12574481814876656
2013-06-11,0.12601247098365825
2013-06-12,0.12747559418871987
2013-06-13,0.13142338599362915
2013-06-14,0.13496729374303665
2013-06-17,0.13694531159452927
2013-06-18,0.13976295670862338
2013-06-19,0.14485649187120997
2013-06-20,0.15597843365984015
2013-06-21,0.14056381369659882
2013-06-24,0.14196402351902246
2013-06-25,0.1426691343850617
2013-06-26,0.14860026691310388
2013-06-27,0.1537173850967371
2013-06-28,0.15903027817839469
2013-07-01,0.16134889125529844
2013-07-02,0.15825844373375947
2013-07-03,0.1605815765787009
2013-07-04,0.1608645824294945
2013-07-05,0.17006035466534553
2013-07-08,0.1470848404457514
2013-07-09,0.143630880404161
2013-07-10,0.14342303666793113
2013-07-11,0.1433848250416106
2013-07-12,0.13061791641342796
2013-07-15,0.12959965056864656
2013-07-16,0.1282218178175299
2013-07-17,0.12756814727552254
2013-07-18,0.12937057915209627
2013-07-19,0.132254084110804
2013-07-22,0.1353777741351919
2013-07-23,0.13572450980652853
2013-07-24,0.1393327226122626
2013-07-25,0.1399256902528714
2013-07-26,0.14289549679263358
2013-07-29,0.14792832727384247
2013-07-30,0.1537343949673453
2013-07-31,0.16013112382211078
2013-08-01,0.1682987797468771
2013-08-02,0.16339993570062286
2013-08-05,0.16445129721336116
2013-08-06,0.1673807903547102
2013-08-07,0.17007292783948055
2013-08-08,0.17169854128388953
2013-08-09,0.16453960054652506
2013-08-12,0.1633920155549153
2013-08-13,0.16503082575812342
2013-08-14,0.161039292249997
2013-08-15,0.16650661128349187
2013-08-16,0.1627906033153358
2013-08-19,0.16670218693193858
2013-08-20,0.1698292841481139
2013-08-21,0.17282867723089557
2013-08-22,0.18096253043130078
2013-08-23,0.18167323089695747
2013-08-26,0.18398551324885712
2013-08-27,0.1822959977479621
2013-08-28,0.18063659004160904
2013-08-29,0.17895510125236394
2013-08-30,0.1788022860714983
2013-09-02,0.1737203086819722
2013-09-03,0.17406876924376052
2013-09-04,0.17187226525261745
2013-09-05,0.1765513921842848
2013-09-06,0.16901670274298156
2013-09-09,0.16810489354323788
2013-09-10,0.17068075046897163
2013-09-11,0.17539691692934453
2013-09-12,0.18015165468811628
2013-09-13,0.18974303563225184
2013-09-16,0.19843653684295112
2013-09-17,0.20585989539549643
2013-09-18,0.21373298083493533
2013-09-19,0.2146902364671152
2013-09-20,0.2146478937745835
2013-09-23,0.21768139179387877
2013-09-24,0.21696833410764296
2013-09-25,0.216874895429691
2013-09-26,0.2150304430339885
2013-09-27,0.21522358317836018
2013-09-30,0.21959789438298372
2013-10-01,0.21818160498244632
2013-10-02,0.2125456221646646
2013-10-03,0.21083831717559146
2013-10-04,0.21334880336549877
2013-10-07,0.21354719112095705
2013-10-08,0.21262277017834427
2013-10-09,0.21039843917164505
2013-10-10,0.2142417148177975
2013-10-11,0.20756967239804525
2013-10-14,0.20122824959054136
2013-10-15,0.205609281478893
2013-10-16,0.20946876703301942
2013-10-17,0.21923846708605962
2013-10-18,0.2228535406158896
2013-10-21,0.22697619058980228
2013-10-22,0.23400359141593918
2013-10-23,0.23830977613628077
2013-10-24,0.23115147036133166
2013-10-25,0.23303172057529106
2013-10-28,0.2399698965363444
2013-10-29,0.24277000661205705
2013-10-30,0.24291380564960444
2013-10-31,0.2474395391225151
2013-11-01,0.24240467658903272
2013-11-04,0.23848956096436705
2013-11-05,0.2367475014883797
2013-11-06,0.23666448933773265
2013-11-07,0.23903650661670703
2013-11-08,0.24336907316041081
2013-11-11,0.24225036803103178
2013-11-12,0.24660034381415072
2013-11-13,0.2535646470127677
2013-11-14,0.2563596641508507
2013-11-15,0.26036988527424576
2013-11-18,0.2646517245870966
2013-11-19,0.2689274887686815
2013-11-20,0.27345114815983246
2013-11-21,0.27822991091248483
2013-11-22,0.28292606412858895
2013-11-25,0.28694212837889044
2013-11-26,0.2924171512208142
2013-11-27,0.29610501657678784
2013-11-28,0.2960556272820486
2013-11-29,0.2975487788962484
2013-12-02,0.3072698113021428
2013-12-03,0.3082436241234283
2013-12-04,0.30515710850885314
2013-12-05,0.2839159596705845
2013-12-06,0.2800597781739901
2013-12-09,0.26841943286106046
2013-12-10,0.2641151450652676
2013-12-11,0.24247078494184937
2013-12-12,0.23612877595542048
2013-12-13,0.22740752070123055
2013-12-16,0.22182691050106643
2013-12-17,0.22312179656383524
2013-12-18,0.22946230262496864
2013-12-19,0.23215289665384298
2013-12-20,0.23150070656506305
2013-12-23,0.23473741003848678
2013-12-24,0.24091479639714802
2013-12-25,0.24775387154548914
2013-12-26,0.2566897133735405
2013-12-27,0.26859244270303745
2013-12-30,0.2794328746766625
2013-12-31,0.2875733309749647
2014-01-01,0.2872907451996242
2014-01-02,0.2978553521825879
2014-01-03,0.2561001163714761
2014-01-06,0.2478996494740814
2014-01-07,0.2442268812315341
2014-01-08,0.23956294932409625
2014-01-09,0.22852146328530887
2014-01-10,0.22341723510789865
2014-01-13,0.21567201407633796
2014-01-14,0.21050853817764456
2014-01-15,0.209305874662542
2014-01-16,0.1986876026411853
2014-01-17,0.196844966409917
2014-01-20,0.1968657094369695
2014-01-21,0.20125816830465673
2014-01-22,0.20767231379529522
2014-01-23,0.2130599431965304
2014-01-24,0.21345926873647206
2014-01-27,0.19757222884962802
2014-01-28,0.1911083947795022
2014-01-29,0.18886428276530373
2014-01-30,0.1890438006009256
2014-01-31,0.19583917361895045
2014-02-03,0.19804655474294686
2014-02-04,0.1934444147324526
2014-02-05,0.18858427231224456
2014-02-06,0.19241100265414432
2014-02-07,0.19407409733810504
2014-02-10,0.185064751563357
2014-02-11,0.18153167376551885
2014-02-12,0.18303170137199218
2014-02-13,0.18417811039271226
2014-02-14,0.17193047987441476
2014-02-17,0.17002063507447046
2014-02-18,0.17341160080648158
2014-02-19,0.17919948281456202
2014-02-20,0.18318724906669548
2014-02-21,0.19102929867367857
2014-02-24,0.1990757022791897
2014-02-25,0.20787988271947136
2014-02-26,0.21626915628693136
2014-02-27,0.21994831827906886
2014-02-28,0.23159903948634375
2014-03-03,0.23978132426388318
2014-03-04,0.24686281154223555
2014-03-05,0.25171429549500296
2014-03-06,0.25884935098114503
2014-03-07,0.2675408267611056
2014-03-10,0.2699745078315672
2014-03-11,0.26983469486337835
2014-03-12,0.27271311574973384
2014-03-13,0.2761946893381404
2014-03-14,0.27205329743810536
2014-03-17,0.26901927249859553
2014-03-18,0.27058282234263636
2014-03-19,0.2729527875771952
2014-03-20,0.26931082095667275
2014-03-21,0.2649957270451289
2014-03-24,0.25932822934320643
2014-03-25,0.25702938714329326
2014-03-26,0.25397849615424517
2014-03-27,0.25358086369216626
2014-03-28,0.2517042245284148
2014-03-31,0.25397412267631103
2014-04-01,0.2568856061862037
2014-04-02,0.25581643466386383
2014-04-03,0.2235327003117021
2014-04-04,0.22186521990425068
2014-04-07,0.21857944902416182
2014-04-08,0.2169258369667487
2014-04-09,0.21804206791055744
2014-04-10,0.21438351425814148
2014-04-11,0.2174634938297554
2014-04-14,0.2241201846210938
2014-04-15,0.2352490997610794
2014-04-16,0.23780534138602225
2014-04-17,0.24531357378669585
2014-04-18,0.24628046976915846
2014-04-21,0.24814327085405188
2014-04-22,0.251230120247743
2014-04-23,0.2525345940929441
2014-04-24,0.25294662198607065
2014-04-25,0.2537292370015709
2014-04-28,0.25091003618768176
2014-04-29,0.25106266857506204
2014-04-30,0.2550457459808167
2014-05-01,0.25734904315361123
2014-05-02,0.25958111787646
2014-05-05,0.25648769513307657
2014-05-06,0.2544084889925209
2014-05-07,0.25701334304777407
2014-05-08,0.2585740755224415
2014-05-09,0.25960164316834466
2014-05-12,0.25889776474558307
2014-05-13,0.25634661011635596
2014-05-14,0.25814942821858644
2014-05-15,0.26292940512402796
2014-05-16,0.258349958368667
2014-05-19,0.2555198090536775
2014-05-20,0.25371391310488
2014-05-21,0.2545960132824954
2014-05-22,0.2558595756151697
2014-05-23,0.25582276677335397
2014-05-26,0.2542842479781002
2014-05-27,0.2573259911986058
2014-05-28,0.26477993981789183
2014-05-29,0.2679971102130562
2014-05-30,0.2734190178978866
2014-06-02,0.2788211217648987
2014-06-03,0.2787919084501375
2014-06-04,0.27426712767147754
2014-06-05,0.27665162442168195
2014-06-06,0.27719585708017647
2014-06-09,0.2757645053862973
2014-06-10,0.2770780645392873
2014-06-11,0.2798820725172338
2014-06-12,0.28946415735894315
2014-06-13,0.28496456453660624
2014-06-16,0.27698745152562243
2014-06-17,0.2728846229973752
2014-06-18,0.26909759200287336
2014-06-19,0.2672409716526689
2014-06-20,0.26269423419430576
2014-06-23,0.2588598868835865
2014-06-24,0.2546683357529522
2014-06-25,0.25630780238041295
2014-06-26,0.25696671433622326
2014-06-27,0.2592811469102429
2014-06-30,0.26310020698331194
2014-07-01,0.2682334539478566
2014-07-02,0.2740278168627111
2014-07-03,0.27756970769883654
2014-07-04,0.2760108079400265
2014-07-07,0.2795488454475698
2014-07-08,0.28340159797646935
2014-07-09,0.2835877867663881
2014-07-10,0.28192354713489254
2014-07-11,0.28159555680889303
2014-07-14,0.2832397951595545
2014-07-15,0.27776047816125565
2014-07-16,0.2766144655764356
2014-07-17,0.2796198832056726
2014-07-18,0.2780989162485963
2014-07-21,0.27625107169685825
2014-07-22,0.27852690760326587
2014-07-23,0.27768158853129726
2014-07-24,0.2782089515950869
2014-07-25,0.2782022248665067
2014-07-28,0.27333143798842063
2014-07-29,0.2711310360891396
2014-07-30,0.2703424406576151
2014-07-31,0.26969568279325873
2014-08-01,0.2577193338882602
2014-08-04,0.2556471365252006
2014-08-05,0.25812875792787277
2014-08-06,0.2584147445728428
2014-08-07,0.2566209582327804
2014-08-08,0.24773077661466902
2014-08-11,0.24942055552093984
2014-08-12,0.24783098985458035
2014-08-13,0.24919456591919303
2014-08-14,0.24648140233471705
2014-08-15,0.2500962794141171
2014-08-18,0.2527182423218284
2014-08-19,0.2612191788538094
2014-08-20,0.2729330670711833
2014-08-21,0.2821512932673681
2014-08-22,0.28221179543695346
2014-08-25,0.2888456028038638
2014-08-26,0.2803892097173288
2014-08-27,0.2820241064714468
2014-08-28,0.28598976799028863
2014-08-29,0.29163670318412477
2014-09-01,0.2878310902902466
2014-09-02,0.3130871682050005
2014-09-03,0.3206446456876448
2014-09-04,0.3315828601214564
2014-09-05,0.30839527368824077
2014-09-08,0.30906636298153234
2014-09-09,0.30747552444776205
2014-09-10,0.2885731650843655
2014-09-11,0.27961376832852375
2014-09-12,0.2780978913783357
2014-09-15,0.27339898454402106
2014-09-16,0.27045973416817004
2014-09-17,0.2605563936846172
2014-09-18,0.26078551251549137
2014-09-19,0.264860006352809
2014-09-22,0.19764921892369555
2014-09-23,0.19383802624815888
2014-09-24,0.19358938181590576
2014-09-25,0.19619079376767531
2014-09-26,0.20243928802020533
2014-09-29,0.20244506937486642
2014-09-30,0.20436560239682328
2014-10-01,0.19864774758921905
2014-10-02,0.20172633201830678
2014-10-03,0.20827785276349006
2014-10-06,0.17670063274022926
2014-10-07,0.14759960060703992
2014-10-08,0.14415628205165396
2014-10-09,0.14600301136502597
2014-10-10,0.14725494911145945
2014-10-13,0.14736341064543654
2014-10-14,0.15166487649531654
2014-10-15,0.15760934807124372
2014-10-16,0.1591659857966397
2014-10-17,0.15571573595105181
2014-10-20,0.1526121954699379
2014-10-21,0.15337043268240055
2014-10-22,0.1510188376570959
2014-10-23,0.150573952594817
2014-10-24,0.14935754257771683
2014-10-27,0.14941630162010325
2014-10-28,0.14975921311142085
2014-10-29,0.14649383255312248
2014-10-30,0.14862275359938693
2014-10-31,0.14340916691653777
2014-11-03,0.14002481624355526
2014-11-04,0.1439945824228385
2014-11-05,0.14503790234681635
2014-11-06,0.1451388676310324
2014-11-07,0.1504096941908007
2014-11-10,0.14543209281230682
2014-11-11,0.14552596589202457
2014-11-12,0.14474154831952177
2014-11-13,0.14990433477169582
2014-11-14,0.14902089676141786
2014-11-17,0.14508392390272762
2014-11-18,0.144237880144719
2014-11-19,0.14447795994385892
2014-11-20,0.1465085524092252
2014-11-21,0.1520096889006801
2014-11-24,0.1567379434359818
2014-11-25,0.16284607910080678
2014-11-26,0.16785558553601912
2014-11-27,0.17497862738349657
2014-11-28,0.18548471109284245
2014-12-01,0.1349772970023861
2014-12-02,0.1193099890114768
2014-12-03,0.11622949046843004
2014-12-04,0.11544191008977478
2014-12-05,0.11658816312907833
2014-12-08,0.11942532132130344
2014-12-09,0.12063510788167692
2014-12-10,0.11978118246452088
2014-12-11,0.1200215626621758
2014-12-12,0.12194408128402112
2014-12-15,0.1226224745411936
2014-12-16,0.12441350240854734
2014-12-17,0.12842788578946282
2014-12-18,0.13290411776479563
2014-12-19,0.13668295019273408
2014-12-22,0.139194041184443
2014-12-23,0.1415439422859504
2014-12-24,0.14172419226404448
2014-12-25,0.14469223158975328
2014-12-26,0.14914179644746567
2014-12-29,0.1546238387660665
2014-12-30,0.15532227339041033
2014-12-31,0.15393678402684813
2015-01-01,0.15119001096232812
2015-01-02,0.1568476664502726
2015-01-05,0.16062124530031932
2015-01-06,0.15823924076101378
2015-01-07,0.15727709596569517
2015-01-08,0.16007972038400178
2015-01-09,0.16058600909654688
2015-01-12,0.16274883020931777
2015-01-13,0.16039051397337778
2015-01-14,0.16462270366331777
2015-01-15,0.16225744367775324
2015-01-16,0.14223764590694887
2015-01-19,0.1374922541406044
2015-01-20,0.13865277016870425
2015-01-21,0.13991956182540435
2015-01-22,0.14164500238063477
2015-01-23,0.14617214453589433
2015-01-26,0.14635348254511918
2015-01-27,0.1493907526943115
2015-01-28,0.14971537206757066
2015-01-29,0.15219251311655035
2015-01-30,0.15542441090835948
2015-02-02,0.15475564959616242
2015-02-03,0.1556395595098313
2015-02-04,0.1258983744463292
2015-02-05,0.12227635566238736
2015-02-06,0.11990029732832973
2015-02-09,0.11712377972339508
2015-02-10,0.11563101694141639
2015-02-11,0.11604063816742675
2015-02-12,0.11743565800700902
2015-02-13,0.11584763195752845
2015-02-16,0.11571174795634845
2015-02-17,0.11885524452015828
2015-02-18,0.12187285418311253
2015-02-19,0.12456938135248204
2015-02-20,0.128178723928511
2015-02-23,0.13357202722656308
2015-02-24,0.1370534398387393
2015-02-25,0.14214854904804983
2015-02-26,0.1457329710380786
2015-02-27,0.14510944354267435
2015-03-02,0.14847329255501404
2015-03-03,0.15272154575823474
2015-03-04,0.153190072544326
2015-03-05,0.15731812061418854
2015-03-06,0.16197471010034378
2015-03-09,0.16468055251456418
2015-03-10,0.17108268214804376
2015-03-11,0.17033472753748574
2015-03-12,0.16907115313811816
2015-03-13,0.1706255809294256
2015-03-16,0.17123997002918
2015-03-17,0.1747937129948273
2015-03-18,0.18304813087217073
2015-03-19,0.1887583503432226
2015-03-20,0.18855578929153807
2015-03-23,0.16469835413943684
2015-03-24,0.15706535554463683
2015-03-25,0.1557592462648459
2015-03-26,0.1536327281956955
2015-03-27,0.15146658151286832
2015-03-30,0.15260410911378808
2015-03-31,0.14687418474694572
2015-04-01,0.1443071194667804
2015-04-02,0.14520353597018137
2015-04-03,0.14533853996995408
2015-04-06,0.1450972596454847
2015-04-07,0.14628373528929572
2015-04-08,0.1477077181153724
2015-04-09,0.1481058015543834
2015-04-10,0.14706343130395252
2015-04-13,0.1507101742502206
2015-04-14,0.15582416102438518
2015-04-15,0.15804030099099078
2015-04-16,0.1606028864909634
2015-04-17,0.15629969372299482
2015-04-20,0.15622821807661197
2015-04-21,0.15567928085103522
2015-04-22,0.15861805851967264
2015-04-23,0.1598865690531539
2015-04-24,0.16191519127564427
2015-04-27,0.16380255869039118
2015-04-28,0.1643038576545262
2015-04-29,0.1591630766691325
2015-04-30,0.12895733516489005
2015-05-01,0.12179204152905908
2015-05-04,0.11710741680646339
2015-05-05,0.11337580157384813
2015-05-06,0.10682025815329871
2015-05-07,0.10373330606126781
2015-05-08,0.10249259948265682
2015-05-11,0.1014864942036605
2015-05-12,0.10096730469949242
2015-05-13,0.10180935258575653
2015-05-14,0.10222276133373864
2015-05-15,0.10335283535122142
2015-05-18,0.10456123341041441
2015-05-19,0.10899995871407822
2015-05-20,0.10950222175751781
2015-05-21,0.1124518159707957
2015-05-22,0.1166861878396252
2015-05-25,0.11953671419599511
2015-05-26,0.12681261879390904
2015-05-27,0.1316911679583032
2015-05-28,0.13586747375063438
2015-05-29,0.1445029802996816
2015-06-01,0.15043763360658705
2015-06-02,0.15558864541559578
2015-06-03,0.1544870103514781
2015-06-04,0.1572171604439752
2015-06-05,0.16529119924356583
2015-06-08,0.16994852426852677
2015-06-09,0.16820275801493728
2015-06-10,0.16913979067195706
2015-06-11,0.17245191950355881
2015-06-12,0.16951694788356672
2015-06-15,0.1691992310598017
2015-06-16,0.17094049307713788
2015-06-17,0.17432328108480616
2015-06-18,0.18023258577681414
2015-06-19,0.18492588841437727
2015-06-22,0.1930999549777294
2015-06-23,0.18960304832879693
2015-06-24,0.1890148516300776
2015-06-25,0.19019843312416138
2015-06-26,0.192540120669756
2015-06-29,0.200813847352588
2015-06-30,0.20289171245270965
2015-07-01,0.2124004667084035
2015-07-02,0.21714154372113637
2015-07-03,0.22153587502906508
2015-07-06,0.23641755510710724
2015-07-07,0.2279330690628832
2015-07-08,0.19233995103939286
2015-07-09,0.18400541401700182
2015-07-10,0.18284813198444588
2015-07-13,0.1776670385214604
2015-07-14,0.17656141530598365
2015-07-15,0.18271667070937622
2015-07-16,0.17802969727353501
2015-07-17,0.1834340456623753
2015-07-20,0.1898737907257579
2015-07-21,0.1943958621248377
2015-07-22,0.19337702896700168
2015-07-23,0.19480221122702654
2015-07-24,0.19941222415122192
2015-07-27,0.2039766767633434
2015-07-28,0.20762495198967437
2015-07-29,0.20573253173410305
2015-07-30,0.2109635983393367
2015-07-31,0.21498742806269058
2015-08-03,0.2251671733565983
2015-08-04,0.21497719441019325
2015-08-05,0.21226854685323926
2015-08-06,0.2143773491863242
2015-08-07,0.21540210811845084
2015-08-10,0.22697146749705052
2015-08-11,0.16749653464434097
2015-08-12,0.15114995616519314
2015-08-13,0.13161459952341997
2015-08-14,0.12761165379686398
2015-08-17,0.12514306532200642
2015-08-18,0.12683642598580175
2015-08-19,0.12990565523050743
2015-08-20,0.13078937161700804
2015-08-21,0.13186006575224096
2015-08-24,0.13935765346942047
2015-08-25,0.11813486440017847
2015-08-26,0.11758947491461676
2015-08-27,0.11768142423743401
2015-08-28,0.08378003201520125
2015-08-31,0.07717287857290255
2015-09-01,0.07563657606052199
2015-09-02,0.07365473281128937
2015-09-03,0.07256960644933295
2015-09-04,0.07354955115107958
2015-09-07,0.07404489179940137
2015-09-08,0.07527416909941995
2015-09-09,0.07449484780856386
2015-09-10,0.07497383014091918
2015-09-11,0.07627391414823538
2015-09-14,0.07905396205773643
2015-09-15,0.08101175885283586
2015-09-16,0.08167350689440553
2015-09-17,0.07944647524926139
2015-09-18,0.08067469211790625
2015-09-21,0.08054818378865704
2015-09-22,0.08375656948995779
2015-09-23,0.08381696521463693
2015-09-24,0.08651602588584567
2015-09-25,0.08838871625705813
2015-09-28,0.09239287026605673
2015-09-29,0.09352293134792014
2015-09-30,0.09633628614358924
2015-10-01,0.09915580636253167
2015-10-02,0.10137559532226878
2015-10-05,0.10141394500602391
2015-10-06,0.0982233376305416
2015-10-07,0.09279783663579161
2015-10-08,0.0896362946342446
2015-10-09,0.08512418106729708
2015-10-12,0.08132160352349335
2015-10-13,0.0805857637733561
2015-10-14,0.07914373864943465
2015-10-15,0.07950736179656372
2015-10-16,0.0806040346189753
2015-10-19,0.0823973419535121
2015-10-20,0.08350612647894064
2015-10-21,0.08539276172168546
2015-10-22,0.08814862040893656
2015-10-23,0.09127542695459182
2015-10-26,0.09719858662368115
2015-10-27,0.10174805921491731
2015-10-28,0.10731904231246547
2015-10-29,0.1129775177939677
2015-10-30,0.11234214976717999
2015-11-02,0.11217371513671633
2015-11-03,0.11348023734952736
2015-11-04,0.11709982685002242
2015-11-05,0.12386956972331864
2015-11-06,0.1315989611178393
2015-11-09,0.14273522426900057
2015-11-10,0.15745519401472224
2015-11-11,0.1664602664996626
2015-11-12,0.1788823776465169
2015-11-13,0.19115842441036865
2015-11-16,0.1977976658520744
2015-11-17,0.2083826691533541
2015-11-18,0.21774657737887973
2015-11-19,0.2252845164388762
2015-11-20,0.21737677387595872
2015-11-23,0.21755009386472968
2015-11-24,0.21998086018589139
2015-11-25,0.2160712668955147
2015-11-26,0.21678266481300032
2015-11-27,0.2239354925244301
2015-11-30,0.21777639938156998
2015-12-01,0.21661425522792843
2015-12-02,0.2189677214511538
2015-12-03,0.2008740169644584
2015-12-04,0.10646403189943172
2015-12-07,0.10480026765201444
2015-12-08,0.09358538454485685
2015-12-09,0.09027189194290192
2015-12-10,0.0895940535186117
2015-12-11,0.09161032617808355
2015-12-14,0.09211402111534153
2015-12-15,0.09463815630718082
2015-12-16,0.09504180805933674
2015-12-17,0.09718307041369917
2015-12-18,0.09505243279044501
2015-12-21,0.09244714799460045
2015-12-22,0.09211730890424699
2015-12-23,0.09335455419199042
2015-12-24,0.09164569965645579
2015-12-25,0.09117680987464068
2015-12-28,0.09393979208174309
2015-12-29,0.094793350131718
2015-12-30,0.09451395021876255
2015-12-31,0.09265028202377974
2016-01-01,0.0919341422455667
2016-01-04,0.09703972089557009
2016-01-05,0.0965812260167947
2016-01-06,0.10272385154584515
2016-01-07,0.10375719089025472
2016-01-08,0.10913145934604282
2016-01-11,0.1180260990341016
2016-01-12,0.11842533854540092
2016-01-13,0.12377735278253366
2016-01-14,0.1291248073132141
2016-01-15,0.1392171485933262
2016-01-18,0.13510204360780215
2016-01-19,0.138063372029441
2016-01-20,0.14288854247056237
2016-01-21,0.13582090094521193
2016-01-22,0.1274819691064696
2016-01-25,0.1059093190337054
2016-01-26,0.10338108649059337
2016-01-27,0.10049507583698
2016-01-28,0.100077646894184
2016-01-29,0.10097111764772171
2016-02-01,0.10107684985788047
2016-02-02,0.10330001116932752
2016-02-03,0.09845179438055718
2016-02-04,0.09329972864161833
2016-02-05,0.09322831300934989
2016-02-08,0.09404910348677521
2016-02-09,0.09539815775950652
2016-02-10,0.09542178800041506
2016-02-11,0.1008142709785067
2016-02-12,0.10144756058264112
2016-02-15,0.09269678705622107
2016-02-16,0.09280101826862767
2016-02-17,0.09056664827443003
2016-02-18,0.0884076051341913
2016-02-19,0.08767808309008115
2016-02-22,0.08778465688675899
2016-02-23,0.08805550549709691
2016-02-24,0.08891519675963616
2016-02-25,0.09036220837635585
2016-02-26,0.0926838782335444
2016-02-29,0.09321584798775062
2016-03-01,0.092736292410082
2016-03-02,0.09066229854775125
2016-03-03,0.08785260778412629
2016-03-04,0.08584707115920605
2016-03-07,0.08132312686883852
2016-03-08,0.08108584329442434
2016-03-09,0.07963693786738207
2016-03-10,0.0780344313541583
2016-03-11,0.07438592687026485
2016-03-14,0.07335665073387938
2016-03-15,0.0730070277917485
2016-03-16,0.07301332036165727
2016-03-17,0.07525412120706713
2016-03-18,0.07577015090939897
2016-03-21,0.07845968551732001
2016-03-22,0.08129550622838477
2016-03-23,0.08464180529671428
2016-03-24,0.08656605827723467
2016-03-25,0.08778953671227242
2016-03-28,0.08986612027669438
2016-03-29,0.0943862679842253
2016-03-30,0.09882364152418012
2016-03-31,0.10521699993202527
2016-04-01,0.11000548737469834
2016-04-04,0.1165060507176201
2016-04-05,0.12473452112165624
2016-04-06,0.12999795995468938
2016-04-07,0.1390354477787597
2016-04-08,0.1463619427310226
2016-04-11,0.15112372206194774
2016-04-12,0.15549288803399205
2016-04-13,0.15445121852397445
2016-04-14,0.1533021512762418
2016-04-15,0.1551766614154735
2016-04-18,0.15316543838120972
2016-04-19,0.15402246714584913
2016-04-20,0.1565277965331525
2016-04-21,0.1582823833663391
2016-04-22,0.1532540328579864
2016-04-25,0.14848104601433815
2016-04-26,0.14735792753779065
2016-04-27,0.14888464254996922
2016-04-28,0.15299903101589057
2016-04-29,0.14882534707518214
2016-05-02,0.15302155343695403
2016-05-03,0.15833101648120576
2016-05-04,0.15607201335849824
2016-05-05,0.1530891539297522
2016-05-06,0.15977539228590057
2016-05-09,0.16603656604654812
2016-05-10,0.16717151824471418
2016-05-11,0.17052676819726284
2016-05-12,0.1692508304821677
2016-05-13,0.1692683184301172
2016-05-16,0.1727080213046388
2016-05-17,0.17762428605659386
2016-05-18,0.181981465578794
2016-05-19,0.17608006741968146
2016-05-20,0.17411350192369746
2016-05-23,0.17590618370180316
2016-05-24,0.1791731591624157
2016-05-25,0.18459986235000997
2016-05-26,0.18906673668596904
2016-05-27,0.19515852069477688
2016-05-30,0.19996847771699497
2016-05-31,0.19982893804827448
2016-06-01,0.19992348667094875
2016-06-02,0.20310769958444663
2016-06-03,0.20716052813515698
2016-06-06,0.20642856903939452
2016-06-07,0.2111880604401288
2016-06-08,0.21649224396153682
2016-06-09,0.22413380264452704
2016-06-10,0.23592903408054602
2016-06-13,0.2427030986587752
2016-06-14,0.24779361134016978
2016-06-15,0.2505518030974165
2016-06-16,0.25409503875169653
2016-06-17,0.2598547250166884
2016-06-20,0.2659807661430103
2016-06-21,0.2570050699354825
2016-06-22,0.23190893311046326
2016-06-23,0.22711150996082563
2016-06-24,0.22393030207830988
2016-06-27,0.12981754988325217
2016-06-28,0.12489013049754763
2016-06-29,0.1228057656872611
2016-06-30,0.12038866469899459
2016-07-01,0.12337543046546513
2016-07-04,0.12386228664802944
2016-07-05,0.12975166296432333
2016-07-06,0.13576286184207487
2016-07-07,0.14304091783104284
2016-07-08,0.15074983551438134
2016-07-11,0.15955523008364894
2016-07-12,0.16837263461776922
2016-07-13,0.16367749486014996
2016-07-14,0.16622828160330175
2016-07-15,0.16569339347194056
2016-07-18,0.16579469966618887
2016-07-19,0.1700215388972356
2016-07-20,0.17475863944383105
2016-07-21,0.18089880327809252
2016-07-22,0.187604587396265
2016-07-25,0.1925920344857047
2016-07-26,0.20164907903019894
2016-07-27,0.2114294203153447
2016-07-28,0.20896337049357083
2016-07-29,0.21358296481184305
2016-08-01,0.22089903458988172
2016-08-02,0.22841847384623754
2016-08-03,0.23122206585444613
2016-08-04,0.22553334219605953
2016-08-05,0.22816857954573577
2016-08-08,0.21871899810665063
2016-08-09,0.21816998884688013
2016-08-10,0.22187347700915455
2016-08-11,0.21461459130485103
2016-08-12,0.1965016802926445
2016-08-15,0.1897614642660098
2016-08-16,0.18661548534449057
2016-08-17,0.18489725764676404
2016-08-18,0.18253523363843208
2016-08-19,0.17738844144759006
2016-08-22,0.17009786624927772
2016-08-23,0.1685543898602225
2016-08-24,0.1660352560777162
2016-08-25,0.1618414936604059
2016-08-26,0.16323347636905644
2016-08-29,0.16512997257922518
2016-08-30,0.1629075147547256
2016-08-31,0.16305990233144882
2016-09-01,0.16300445467591523
2016-09-02,0.16601940925449704
2016-09-05,0.16668839831187401
2016-09-06,0.17691348493970382
2016-09-07,0.16773061173605452
2016-09-08,0.16883403459080829
2016-09-09,0.16333336118077296
2016-09-12,0.1362552635019179
2016-09-13,0.12600694542647461
2016-09-14,0.12041318774695431
2016-09-15,0.11558100975746893
2016-09-16,0.1143086219056631
2016-09-19,0.11471240282379759
2016-09-20,0.11548383216812368
2016-09-21,0.11833402586107594
2016-09-22,0.12267428369449308
2016-09-23,0.12523912607120294
2016-09-26,0.13153822500357484
2016-09-27,0.1392357896491343
2016-09-28,0.14647191769585635
2016-09-29,0.15257943103733723
2016-09-30,0.1590038406256683
2016-10-03,0.16438802236510217
2016-10-04,0.16528688824029739
2016-10-05,0.1638353940186451
2016-10-06,0.15849431065490874
2016-10-07,0.16140423132105478
2016-10-10,0.16386489309627794
2016-10-11,0.16892533953715522
2016-10-12,0.17217202247720056
2016-10-13,0.1745765516339528
2016-10-14,0.17769133803384024
2016-10-17,0.1807947581049529
2016-10-18,0.18802455340461494
2016-10-19,0.19212757345258377
2016-10-20,0.2001020779446178
2016-10-21,0.20638980550360228
2016-10-24,0.2100389018415336
2016-10-25,0.2141936076976268
2016-10-26,0.21337234071534103
2016-10-27,0.2093484923267355
2016-10-28,0.20706961195742685
2016-10-31,0.20258856338851752
2016-11-01,0.19615848509467573
2016-11-02,0.18102061646695877
2016-11-03,0.1671107794915787
2016-11-04,0.16405310869908546
2016-11-07,0.16751173020920693
2016-11-08,0.16115645905149473
2016-11-09,0.1642206955544417
2016-11-10,0.1729777300946313
2016-11-11,0.18271356925917528
2016-11-14,0.19727693967623142
2016-11-15,0.20376178545776952
2016-11-16,0.20785825590617676
2016-11-17,0.2157070859491802
2016-11-18,0.22071795426666074
2016-11-21,0.22772857507011707
2016-11-22,0.2311404383172171
2016-11-23,0.24362081337568914
2016-11-24,0.23142242355547715
2016-11-25,0.23282750689174075
2016-11-28,0.2363624879383009
2016-11-29,0.2359851057664978
2016-11-30,0.23865008492297446
2016-12-01,0.22499285280996498
2016-12-02,0.22496660685467101
2016-12-05,0.21377505233923935
2016-12-06,0.21111517916830583
2016-12-07,0.21260929373692267
2016-12-08,0.216983016571952
2016-12-09,0.21537237959789848
2016-12-12,0.20001676916289304
2016-12-13,0.19800464545410612
2016-12-14,0.20024071949023756
2016-12-15,0.2094554155005077
2016-12-16,0.18941785519083087
2016-12-19,0.18636618833409385
2016-12-20,0.1815809524577792
2016-12-21,0.18274296659598868
2016-12-22,0.18164076332528784
2016-12-23,0.18497342840065245
2016-12-26,0.188679790986527
2016-12-27,0.1953615485930185
2016-12-28,0.20288507144457907
2016-12-29,0.21211802991111792
2016-12-30,0.20532327319721236
2017-01-02,0.1997994574824928
2017-01-03,0.20420277115192134
2017-01-04,0.20538168019053318
2017-01-05,0.20611684992685245
2017-01-06,0.1757820522585371
2017-01-09,0.16859331055678606
2017-01-10,0.16197906000724385
2017-01-11,0.15793458531853455
2017-01-12,0.15655861307586597
2017-01-13,0.15579821273828742
2017-01-16,0.1557829813394739
2017-01-17,0.15848899071126912
2017-01-18,0.14897507314690892
2017-01-19,0.14864000419896103
2017-01-20,0.14735304397002935
2017-01-23,0.14723400473628992
2017-01-24,0.14628487516013164
2017-01-25,0.14390263718463941
2017-01-26,0.14539432350366246
2017-01-27,0.14666606433894988
2017-01-30,0.15139276765324067
2017-01-31,0.15078651163842777
2017-02-01,0.15267053457984853
2017-02-02,0.1525158410450386
2017-02-03,0.1572640877078815
2017-02-06,0.1607107822092966
2017-02-07,0.1597532279647916
2017-02-08,0.1602900882765619
2017-02-09,0.16582818785350828
2017-02-10,0.17123768740329148
2017-02-13,0.16457434802828397
2017-02-14,0.16380168493813707
2017-02-15,0.16839859449305183
2017-02-16,0.17307292176160388
2017-02-17,0.17213400545817248
2017-02-20,0.17359888948920937
2017-02-21,0.1778083127741292
2017-02-22,0.1783129971547515
2017-02-23,0.18258138446078842
2017-02-24,0.18741372073845328
2017-02-27,0.1872337803335492
2017-02-28,0.1901440257440594
2017-03-01,0.20043912953213605
2017-03-02,0.19610085180316303
2017-03-03,0.18743916088852103
2017-03-06,0.18240148499707604
2017-03-07,0.18044650344596416
2017-03-08,0.1810435124116723
2017-03-09,0.18644550391766798
2017-03-10,0.1932706593122149
2017-03-13,0.20710303674087865
2017-03-14,0.21793795630492635
2017-03-15,0.22872130224878226
2017-03-16,0.2254631994106374
2017-03-17,0.22313928488826806
2017-03-20,0.2248909715382072
2017-03-21,0.22653009882300412
2017-03-22,0.2150467530438722
2017-03-23,0.2134890875017117
2017-03-24,0.2082611957368544
2017-03-27,0.2047962056158667
2017-03-28,0.20446947788028805
2017-03-29,0.20277890180626607
2017-03-30,0.20605199310594138
2017-03-31,0.20937137825017044
2017-04-03,0.2144939428585113
2017-04-04,0.2175266360301502
2017-04-05,0.22331154841932582
2017-04-06,0.22641733982909404
2017-04-07,0.226509902687535
2017-04-10,0.225921175798992
2017-04-11,0.22575419410412664
2017-04-12,0.22523048746886074
2017-04-13,0.22871912030899397
2017-04-14,0.227207742321469
2017-04-17,0.22719555071920938
2017-04-18,0.2295709700734711
2017-04-19,0.22743369144620756
2017-04-20,0.2252126735072872
2017-04-21,0.21165312899238514
2017-04-24,0.2224716157870797
2017-04-25,0.22326115608085076
2017-04-26,0.22474693937710585
2017-04-27,0.2293294339288583
2017-04-28,0.23341441282503375
2017-05-01,0.23651057705657205
2017-05-02,0.2394791180203541
2017-05-03,0.2420187009611279
2017-05-04,0.24667302579064207
2017-05-05,0.24279614444682168
2017-05-08,0.2406439282818994
2017-05-09,0.2495732855621241
2017-05-10,0.256431933446166
2017-05-11,0.24816094316868753
2017-05-12,0.2463070276951065
2017-05-15,0.2468965484639886
2017-05-16,0.24759835322506593
2017-05-17,0.25178893426369103
2017-05-18,0.20916396580789598
2017-05-19,0.2019931395445525
2017-05-22,0.19264124979542607
2017-05-23,0.189805581979822
2017-05-24,0.1845022914796701
2017-05-25,0.18911642048508615
2017-05-26,0.18766702927212492
2017-05-29,0.19103510036830887
2017-05-30,0.19873937724564633
2017-05-31,0.209228820715939
2017-06-01,0.21600688018973677
2017-06-02,0.22173331230973148
2017-06-05,0.22337717435071222
2017-06-06,0.2325387582190323
2017-06-07,0.24137020650552363
2017-06-08,0.2501162329293428
2017-06-09,0.2603347073028969
2017-06-12,0.2718638646027618
2017-06-13,0.2730598079721388
2017-06-14,0.27686969731820144
2017-06-15,0.27731073410326285
2017-06-16,0.2346439164070982
2017-06-19,0.23369454685526372
2017-06-20,0.2297296979624885
2017-06-21,0.2277694976343905
2017-06-22,0.2248093475882311
2017-06-23,0.22672207237413738
2017-06-26,0.2279814935326677
2017-06-27,0.2371319833337872
2017-06-28,0.20171732568781223
2017-06-29,0.19614040070409924
2017-06-30,0.18225187588353575
2017-07-03,0.1698408243492587
2017-07-04,0.16889662307157782
2017-07-05,0.17047881492820155
2017-07-06,0.16734752467951228
2017-07-07,0.17028665835858378
2017-07-10,0.1687775671380818
2017-07-11,0.17080559977951848
2017-07-12,0.17771498955994997
2017-07-13,0.18209205705186723
2017-07-14,0.18623803892430965
2017-07-17,0.19026834759162714
2017-07-18,0.19427427129949607
2017-07-19,0.19456937244006975
2017-07-20,0.19664763453853495
2017-07-21,0.19940109547782867
2017-07-24,0.20111439046339302
2017-07-25,0.20598289812569334
2017-07-26,0.2056476837876687
2017-07-27,0.19978342153134848
2017-07-28,0.1981344688538758
2017-07-31,0.19674840321259485
2017-08-01,0.20197014875501568
2017-08-02,0.20458918627027373
2017-08-03,0.2113818292759211
2017-08-04,0.21409697805354763
2017-08-07,0.21778207681220585
2017-08-08,0.22522623966074218
2017-08-09,0.23465023377895916
2017-08-10,0.23987550570883265
2017-08-11,0.2325994028278837
2017-08-14,0.23530735487415938
2017-08-15,0.23605512353348218
2017-08-16,0.24051389286293032
2017-08-17,0.2115821745737179
2017-08-18,0.2076870043026194
2017-08-21,0.20576918310653625
2017-08-22,0.2078696067541278
2017-08-23,0.21300478174463433
2017-08-24,0.21359180657954496
2017-08-25,0.2210158340320958
2017-08-28,0.22172225700810894
2017-08-29,0.22466696762520166
2017-08-30,0.23464326940769809
2017-08-31,0.23753170249386274
2017-09-01,0.23838837156399137
2017-09-04,0.23543575868965538
2017-09-05,0.2449989042185023
2017-09-06,0.2489564640825384
2017-09-07,0.25499521889721627
2017-09-08,0.2375266898707783
2017-09-11,0.2377828814254901
2017-09-12,0.22489200573121398
2017-09-13,0.21687684820162073
2017-09-14,0.19759559503757726
2017-09-15,0.19291577106391586
2017-09-18,0.19179597369274445
2017-09-19,0.18882805378962658
2017-09-20,0.1903904469997669
2017-09-21,0.18984868564104923
2017-09-22,0.19117107127342353
2017-09-25,0.197931816977077
2017-09-26,0.19952386154295715
2017-09-27,0.19734854940785
2017-09-28,0.19550699427688176
2017-09-29,0.197107512731768
2017-10-02,0.20374243991034274
2017-10-03,0.2056138242836631
2017-10-04,0.20557462817876251
2017-10-05,0.21005161974492162
2017-10-06,0.2120533001111719
2017-10-09,0.20645987909465516
2017-10-10,0.21019973035035855
2017-10-11,0.21085538333871187
2017-10-12,0.20965872817278566
2017-10-13,0.2162686808872001
2017-10-16,0.22450586646807977
2017-10-17,0.21828397708193317
2017-10-18,0.22133714962132892
2017-10-19,0.22458986199460326
2017-10-20,0.22461093538526142
2017-10-23,0.22418657009582577
2017-10-24,0.22177735043080563
2017-10-25,0.22277892419293271
2017-10-26,0.2280514380233968
2017-10-27,0.22939106683349492
2017-10-30,0.22689536383860467
2017-10-31,0.22852328861898927
2017-11-01,0.23113443861751767
2017-11-02,0.2309055767744354
2017-11-03,0.22689906197011164
2017-11-06,0.22325809239084005
2017-11-07,0.22750912650649902
2017-11-08,0.22855226203399268
2017-11-09,0.23512948488966745
2017-11-10,0.22851927456656576
2017-11-13,0.2220763797914326
2017-11-14,0.22252096396202675
2017-11-15,0.2128349154832494
2017-11-16,0.21177273626165277
2017-11-17,0.2073896888939478
2017-11-20,0.2068670035133731
2017-11-21,0.20997326738511848
2017-11-22,0.20707974988625533
2017-11-23,0.2053096901134485
2017-11-24,0.20746128724974264
2017-11-27,0.2067298035386946
2017-11-28,0.2088768964976072
2017-11-29,0.21510144365525985
2017-11-30,0.21111159159023107
2017-12-01,0.21293705004929261
2017-12-04,0.21995510830017995
2017-12-05,0.21871412839733229
2017-12-06,0.22389071585066497
2017-12-07,0.22335267556971752
2017-12-08,0.19840759063892802
2017-12-11,0.19649604947428725
2017-12-12,0.19847315395800344
2017-12-13,0.20207772219863335
2017-12-14,0.19465685161456692
2017-12-15,0.19497024822059572
2017-12-18,0.197972184546482
2017-12-19,0.20076227584196563
2017-12-20,0.20010197850132655
2017-12-21,0.20326516207969486
2017-12-22,0.20468141062975292
2017-12-25,0.20892728592957832
2017-12-26,0.21677794837146955
2017-12-27,0.21502881597362797
2017-12-28,0.210743452363546
2017-12-29,0.2136503556344266
2018-01-01,0.21605816001977352
2018-01-02,0.2229408702516824
2018-01-03,0.22847072188225806
2018-01-04,0.22681133992958782
2018-01-05,0.2205913322697017
2018-01-08,0.22308655855298848
2018-01-09,0.2266894149106709
2018-01-10,0.23269030892059045
2018-01-11,0.23988253545400678
2018-01-12,0.24845255014050507
2018-01-15,0.23994865767160448
2018-01-16,0.24539962523097408
2018-01-17,0.2524827014916175
2018-01-18,0.26024229892526174
2018-01-19,0.2694103318253814
2018-01-22,0.2752262468438514
2018-01-23,0.2852587691793639
2018-01-24,0.3019447069270619
2018-01-25,0.28352095634103414
2018-01-26,0.26967003258951966
2018-01-29,0.27050975868992594
2018-01-30,0.2413021316138695
2018-01-31,0.2005665676861682
2018-02-01,0.19702850479582154
2018-02-02,0.19842340929329266
2018-02-05,0.1688202599922539
2018-02-06,0.12430423737723546
2018-02-07,0.10804483249961495
2018-02-08,0.09812778070041273
2018-02-09,0.09162912043838461
2018-02-12,0.0853855150728708
2018-02-13,0.08268202223583782
2018-02-14,0.08412212578338626
2018-02-15,0.08137586110141795
2018-02-16,0.08208083297855136
2018-02-19,0.08288103484420327
2018-02-20,0.08438882044916031
2018-02-21,0.08438367475908311
2018-02-22,0.08574316812149894
2018-02-23,0.08795756921524576
2018-02-26,0.08998204312149465
2018-02-27,0.09225042992536883
2018-02-28,0.0938727768614945
2018-03-01,0.09117871425038374
2018-03-02,0.09119729825522987
2018-03-05,0.0919192932472955
2018-03-06,0.09211470398919727
2018-03-07,0.09301832370670039
2018-03-08,0.09271203910421495
2018-03-09,0.09408826762950408
2018-03-12,0.09457623468781937
2018-03-13,0.09659647400633307
2018-03-14,0.09898303505382923
2018-03-15,0.1008105328612742
2018-03-16,0.1033696624557476
2018-03-19,0.10595541023606016
2018-03-20,0.11036105127328473
2018-03-21,0.11611661355311763
2018-03-22,0.1238867732504995
2018-03-23,0.13208446809456562
2018-03-26,0.13847965140049318
2018-03-27,0.14327606031500675
2018-03-28,0.14370812543045408
2018-03-29,0.14748365652614148
2018-03-30,0.15032592533234582
2018-04-02,0.15442315511853885
2018-04-03,0.1595432538466028
2018-04-04,0.16285947654585317
2018-04-05,0.16543866092404305
2018-04-06,0.16458366901344124
2018-04-09,0.16545268198090268
2018-04-10,0.165670950061688
2018-04-11,0.1605381283383058
2018-04-12,0.15928193967670776
2018-04-13,0.16143549841933633
2018-04-16,0.16517727259608564
2018-04-17,0.16785714640673408
2018-04-18,0.17210963524563908
2018-04-19,0.17820021331658448
2018-04-20,0.18470455651981482
2018-04-23,0.1902681525672045
2018-04-24,0.19368722438442837
2018-04-25,0.1948869323014807
2018-04-26,0.19764748551453015
2018-04-27,0.19856441876966818
2018-04-30,0.20198377000960457
2018-05-01,0.2054366897545752
2018-05-02,0.20967566546423355
2018-05-03,0.214171263352506
2018-05-04,0.2189582332604868
2018-05-07,0.22582926662290467
2018-05-08,0.23479358823428875
2018-05-09,0.24164597229410292
2018-05-10,0.23021942574571203
2018-05-11,0.22606133937209
2018-05-14,0.22827184573659634
2018-05-15,0.2338991008997859
2018-05-16,0.22250675090325941
2018-05-17,0.22212632207652033
2018-05-18,0.22851803185162098
2018-05-21,0.22946910913640678
2018-05-22,0.228759419175989
2018-05-23,0.24028309090418043
2018-05-24,0.23945638652934492
2018-05-25,0.22025881970197064
2018-05-28,0.2078870669061619
2018-05-29,0.20511272499663694
2018-05-30,0.1973635126003333
2018-05-31,0.19243097865217484
2018-06-01,0.1902467487342055
2018-06-04,0.1888105280237646
2018-06-05,0.18407440680879883
2018-06-06,0.18519744293062784
2018-06-07,0.1895495471487689
2018-06-08,0.1842790572565176
2018-06-11,0.18451772970270405
2018-06-12,0.1874174753342945
2018-06-13,0.19096946152781638
2018-06-14,0.20121109643814275
2018-06-15,0.20871304610128757
2018-06-18,0.2039448219437981
2018-06-19,0.20524935385784118
2018-06-20,0.20971927184748249
2018-06-21,0.2138422747724231
2018-06-22,0.21171631573977326
2018-06-25,0.21758011811599226
2018-06-26,0.224815798946574
2018-06-27,0.22626627086919074
2018-06-28,0.2144183737886739
2018-06-29,0.2158879739945441
2018-07-02,0.2197851816784344
2018-07-03,0.18355183670456066
2018-07-04,0.17171276848063238
2018-07-05,0.16996913403260266
2018-07-06,0.17089512041500662
2018-07-09,0.1643732006963172
2018-07-10,0.16545779171300498
2018-07-11,0.17098366251055658
2018-07-12,0.17224173895923886
2018-07-13,0.17637869199981135
2018-07-16,0.17578885618254986
2018-07-17,0.17254238052384913
2018-07-18,0.171191190738435
2018-07-19,0.1766738322578712
2018-07-20,0.1829963559296249
2018-07-23,0.1620127191805834
2018-07-24,0.16017887040302078
2018-07-25,0.15780693454405087
2018-07-26,0.15880728598435098
2018-07-27,0.15856368338078758
2018-07-30,0.16082063824636897
2018-07-31,0.16120990976879088
2018-08-01,0.16574131602433217
2018-08-02,0.16667656888402665
2018-08-03,0.16624444540850628
2018-08-06,0.16966084585201346
2018-08-07,0.17081610195773422
2018-08-08,0.17577460637433215
2018-08-09,0.1802442834198425
2018-08-10,0.18836723041794123
2018-08-13,0.1921428359179699
2018-08-14,0.19585460319834114
2018-08-15,0.20666987280358806
2018-08-16,0.2017592252807259
2018-08-17,0.20013419578956848
2018-08-20,0.19949885679596138
2018-08-21,0.20038131445515947
2018-08-22,0.1891923020986121
2018-08-23,0.1889418125006814
2018-08-24,0.18108275706765983
2018-08-27,0.1711926626540344
2018-08-28,0.16742435394233135
2018-08-29,0.16650792684976126
2018-08-30,0.1685902046977009
2018-08-31,0.16935791213269266
2018-09-03,0.17091416117273384
2018-09-04,0.17662752087248815
2018-09-05,0.18094959984604342
2018-09-06,0.17769785745537625
2018-09-07,0.17905369880461874
2018-09-10,0.18225440432962373
2018-09-11,0.18785512572530988
2018-09-12,0.19068652301546407
2018-09-13,0.18734141488118877
2018-09-14,0.18776476068999998
2018-09-17,0.18381981044501305
2018-09-18,0.18397587610083724
2018-09-19,0.18594270808471094
2018-09-20,0.18838601309136188
2018-09-21,0.18276539799818312
2018-09-24,0.18577415373440956
2018-09-25,0.18332531139552563
2018-09-26,0.18543965114373026
2018-09-27,0.19067084779380677
2018-09-28,0.19067017602408973
2018-10-01,0.19305794422896766
2018-10-02,0.19146505348012355
2018-10-03,0.1906922351583963
2018-10-04,0.17744782425558944
2018-10-05,0.17431448381988035
2018-10-08,0.1769340588831451
2018-10-09,0.18134444804165598
2018-10-10,0.18600791263195476
2018-10-11,0.1874198665368504
2018-10-12,0.12907340788399047
2018-10-15,0.1239604980535047
2018-10-16,0.12090351005245686
2018-10-17,0.12138653060663918
2018-10-18,0.12230897215413139
2018-10-19,0.12462909145829684
2018-10-22,0.1290264271735913
2018-10-23,0.13177854600535796
2018-10-24,0.13702264913021428
2018-10-25,0.14197339066573922
2018-10-26,0.1489998041555155
2018-10-29,0.15705578676259016
2018-10-30,0.16463992761506538
2018-10-31,0.17220041450373233
2018-11-01,0.1765274762990748
2018-11-02,0.12997584995183148
2018-11-05,0.1255882114465136
2018-11-06,0.1216978229503925
2018-11-07,0.12085003938025944
2018-11-08,0.12266152573786367
2018-11-09,0.12372530056985627
2018-11-12,0.1257439979425928
2018-11-13,0.12869782596864643
2018-11-14,0.12897656301931099
2018-11-15,0.13140028519817956
2018-11-16,0.13426960856248943
2018-11-19,0.13540961765320092
2018-11-20,0.14391530815731085
2018-11-21,0.14326561981317154
2018-11-22,0.14064368956603798
2018-11-23,0.14630171506788636
2018-11-26,0.14526173204376064
2018-11-27,0.1454292371842074
2018-11-28,0.14887468832558295
2018-11-29,0.14891468552076068
2018-11-30,0.1525375109402396
2018-12-03,0.1553136335133942
2018-12-04,0.14730606662081555
2018-12-05,0.14765385113965523
2018-12-06,0.1535560410125474
2018-12-07,0.15097559349476905
2018-12-10,0.14882355805912525
2018-12-11,0.14296818867231
2018-12-12,0.14239588227080915
2018-12-13,0.13787111067780972
2018-12-14,0.1399571649430521
2018-12-17,0.13829766705670943
2018-12-18,0.14371972042481035
2018-12-19,0.1434364032998931
2018-12-20,0.14868693298113916
2018-12-21,0.1575049078723762
2018-12-24,0.16416995092036865
2018-12-25,0.1678796669269635
2018-12-26,0.1745438266011307
2018-12-27,0.1708062705304033
2018-12-28,0.17150799066899963
2018-12-31,0.17116847273883964
2019-01-01,0.1729915412614256
2019-01-02,0.18291349722164893
2019-01-03,0.19250795575679888
2019-01-04,0.19615482949166743
2019-01-07,0.14184348985174433
2019-01-08,0.13629411676086722
2019-01-09,0.12844208533662577
2019-01-10,0.12265150779350328
2019-01-11,0.11889670135214138
2019-01-14,0.11826492555345952
2019-01-15,0.11625473106985525
2019-01-16,0.11706531732586152
2019-01-17,0.1174518461403254
2019-01-18,0.11733187691498731
2019-01-21,0.11307512497434787
2019-01-22,0.11631150956968775
2019-01-23,0.11466307565352916
2019-01-24,0.11721543391985935
2019-01-25,0.11933190865064755
2019-01-28,0.12132787250496821
2019-01-29,0.12269662534473867
2019-01-30,0.12346195184585704
2019-01-31,0.1268985675632648
2019-02-01,0.13111979507654276
2019-02-04,0.13499440282125869
2019-02-05,0.13614032182547248
2019-02-06,0.13655023636653268
2019-02-07,0.14315312274972325
2019-02-08,0.1434851322306535
2019-02-11,0.14858277301696265
2019-02-12,0.1508948717404423
2019-02-13,0.15028101605620595
2019-02-14,0.1541385028866513
2019-02-15,0.15709701466212572
2019-02-18,0.16061398087965342
2019-02-19,0.1709035774919847
2019-02-20,0.1716715789880024
2019-02-21,0.1788640497946558
2019-02-22,0.17823193938932455
2019-02-25,0.18008752708846243
2019-02-26,0.18333364936873012
2019-02-27,0.1900323319549326
2019-02-28,0.18740827845709587
2019-03-01,0.186994601380682
2019-03-04,0.18905955674970942
2019-03-05,0.1933057389468874
2019-03-06,0.20356880997631147
2019-03-07,0.21432555282459873
2019-03-08,0.21045166366614165
2019-03-11,0.19587948065532632
2019-03-12,0.19387582199694742
2019-03-13,0.19328483463526472
2019-03-14,0.19614280502680007
2019-03-15,0.20058711859529194
2019-03-18,0.20787225182388616
2019-03-19,0.21322282131672857
2019-03-20,0.22072690343307674
2019-03-21,0.22819603625111737
2019-03-22,0.24308194320387427
2019-03-25,0.24829125700160992
2019-03-26,0.25366269073867703
2019-03-27,0.26569050482227907
2019-03-28,0.2696908964807685
2019-03-29,0.2694170100354413
2019-04-01,0.27265822306601595
2019-04-02,0.27451245560832077
2019-04-03,0.2733319831270461
2019-04-04,0.2679968228132779
2019-04-05,0.2719274912984642
2019-04-08,0.2765616809650988
2019-04-09,0.2821605845160195
2019-04-10,0.2901095500839752
2019-04-11,0.2922651975757685
2019-04-12,0.29642734960342687
2019-04-15,0.2899546279340814
2019-04-16,0.2910491980718331
2019-04-17,0.2872494739601754
2019-04-18,0.2941433944679915
2019-04-19,0.2874960863714209
2019-04-22,0.2936682045267387
2019-04-23,0.3022541532731414
2019-04-24,0.3007326538498534
2019-04-25,0.2888965866356359
2019-04-26,0.2809096423953272
2019-04-29,0.2760875948847217
2019-04-30,0.2766964817219777
2019-05-01,0.27525996395213365
2019-05-02,0.27746864069914906
2019-05-03,0.26960185999486747
2019-05-06,0.2708322679329035
2019-05-07,0.2745494455786087
2019-05-08,0.2602232700663028
2019-05-09,0.2573577608122875
2019-05-10,0.24751184882289184
2019-05-13,0.24332912567982537
2019-05-14,0.24163529863274988
2019-05-15,0.23468786717758683
2019-05-16,0.22382581153245965
2019-05-17,0.21997307734088647
2019-05-20,0.21873975597782244
2019-05-21,0.20177480776981438
2019-05-22,0.20154159871685098
2019-05-23,0.20109402466739526
2019-05-24,0.19945579128538973
2019-05-27,0.19665433992923423
2019-05-28,0.1991376183122422
2019-05-29,0.20097030198812052
2019-05-30,0.2016025203456106
2019-05-31,0.20597578237245875
2019-06-03,0.2158680193503038
2019-06-04,0.21408254811005553
2019-06-05,0.21646606555603692
2019-06-06,0.20621505462875309
2019-06-07,0.20374872691271434
2019-06-10,0.20994686380504482
2019-06-11,0.21170563380657514
2019-06-12,0.21658092994643532
2019-06-13,0.21545566539476718
2019-06-14,0.21794957747948557
2019-06-17,0.21950431148879956
2019-06-18,0.23398877001271762
2019-06-19,0.22793025102476738
2019-06-20,0.2256236373925561
2019-06-21,0.2268020735147949
2019-06-24,0.21696351075404094
2019-06-25,0.2153155338260839
2019-06-26,0.21846912030620178
2019-06-27,0.20866426021200665
2019-06-28,0.2061184257285338
2019-07-01,0.21045336313127516
2019-07-02,0.2084196216173535
2019-07-03,0.20238175499546587
2019-07-04,0.19967918330414297
2019-07-05,0.2042327390289375
2019-07-08,0.18226873704415994
2019-07-09,0.18054524261026178
2019-07-10,0.1798140208510217
2019-07-11,0.17844233114244126
2019-07-12,0.1751945850001116
2019-07-15,0.17503948927501134
2019-07-16,0.17390006375174977
2019-07-17,0.17698684650313476
2019-07-18,0.17945943227484462
2019-07-19,0.18207799145598486
2019-07-22,0.18665122620585364
2019-07-23,0.1924031994744368
2019-07-24,0.20032031217853377
2019-07-25,0.20712558873974515
2019-07-26,0.21002952279092277
2019-07-29,0.21749405427642893
2019-07-30,0.2240804835493543
2019-07-31,0.23262529491650596
2019-08-01,0.2409418609233325
2019-08-02,0.24424479171657412
2019-08-05,0.2452829100965054
2019-08-06,0.2448790863071565
2019-08-07,0.25822059227015953
2019-08-08,0.21128280347576064
2019-08-09,0.19066922565407995
2019-08-12,0.1878441806919555
2019-08-13,0.17414088674377007
2019-08-14,0.17197466024996927
2019-08-15,0.16600852730732574
2019-08-16,0.16570682919323867
2019-08-19,0.16598879410540396
2019-08-20,0.16416681078020004
2019-08-21,0.1645350884147806
2019-08-22,0.16696944810505093
2019-08-23,0.17161008752586404
2019-08-26,0.17112894410965165
2019-08-27,0.17385945786741566
2019-08-28,0.1742824088683221
2019-08-29,0.17873900513086538
2019-08-30,0.18609158007551685
2019-09-02,0.19098339487921315
2019-09-03,0.1999969246100978
2019-09-04,0.19819897396523148
2019-09-05,0.16966364254561658
2019-09-06,0.13971039059894233
2019-09-09,0.1356938063867545
2019-09-10,0.13131846234580632
2019-09-11,0.12610032912734717
2019-09-12,0.12456927879649382
2019-09-13,0.11764392044461318
2019-09-16,0.11212085266943884
2019-09-17,0.11168222432729527
2019-09-18,0.11293403654609162
2019-09-19,0.11400070796549613
2019-09-20,0.1169022229013885
2019-09-23,0.12042802331921271
2019-09-24,0.12403474854177199
2019-09-25,0.1294878736570172
2019-09-26,0.13096940352860229
2019-09-27,0.13234054848412122
2019-09-30,0.13368670486401574
2019-10-01,0.13313274217119847
2019-10-02,0.13295495652984204
2019-10-03,0.1346466062525176
2019-10-04,0.1369705749126745
2019-10-07,0.1405651729570104
2019-10-08,0.14217360807518087
2019-10-09,0.1448257225690946
2019-10-10,0.14999746373244957
2019-10-11,0.14725881245171957
2019-10-14,0.13778788885557874
2019-10-15,0.133694755117173
2019-10-16,0.13368256640640264
2019-10-17,0.13345282024893074
2019-10-18,0.13224467463935555
2019-10-21,0.12987139262657674
2019-10-22,0.13056228007621234
2019-10-23,0.13209620804225908
2019-10-24,0.13654573282034085
2019-10-25,0.1376284680264239
2019-10-28,0.14201742303951917
2019-10-29,0.14641510237759053
2019-10-30,0.1521377893371151
2019-10-31,0.16065526733435323
2019-11-01,0.16833234408108594
2019-11-04,0.1777353840769914
2019-11-05,0.1824251932443555
2019-11-06,0.18704684451018136
2019-11-07,0.18866234183444133
2019-11-08,0.1945497912598155
2019-11-11,0.1930973908586747
2019-11-12,0.18832677949080243
2019-11-13,0.18847453232927058
2019-11-14,0.19085207160869042
2019-11-15,0.19405752425250142
2019-11-18,0.19507553214084797
2019-11-19,0.19963647325731954
2019-11-20,0.2024054147617451
2019-11-21,0.20404405787013652
2019-11-22,0.20502147731037715
2019-11-25,0.2092405349460657
2019-11-26,0.2104266707484872
2019-11-27,0.21253534703158025
2019-11-28,0.21368926449123682
2019-11-29,0.2175984719314653
2019-12-02,0.2313795919951624
2019-12-03,0.22217560863090857
2019-12-04,0.21045194640653223
2019-12-05,0.20189319975872963
2019-12-06,0.20378139430519968
2019-12-09,0.19640441163598737
2019-12-10,0.19292657675909794
2019-12-11,0.19468286426296616
2019-12-12,0.20079119770549386
2019-12-13,0.20748019400755516
2019-12-16,0.21540449337646256
2019-12-17,0.21766304091243616
2019-12-18,0.22249811869833114
2019-12-19,0.22730563212110622
2019-12-20,0.23526069223721316
2019-12-23,0.2335068123768319
2019-12-24,0.23579672472426813
2019-12-25,0.23782076840511335
2019-12-26,0.24276000827353153
2019-12-27,0.25069363881848095
2019-12-30,0.2631709299577526
2019-12-31,0.2685020220801192
2020-01-01,0.2680315534799037
2020-01-02,0.27829777542691786
2020-01-03,0.2870983290372635
2020-01-06,0.2910671840192103
2020-01-07,0.2879984416353885
2020-01-08,0.28688522119606413
2020-01-09,0.2847095415993497
2020-01-10,0.27970795061054
2020-01-13,0.27700772621798925
2020-01-14,0.2759905827996874
2020-01-15,0.2781654963380078
2020-01-16,0.2812680824197804
2020-01-17,0.28558795567114525
2020-01-20,0.28440461683034335
2020-01-21,0.28793765401768556
2020-01-22,0.28086568322302974
2020-01-23,0.28033392444842886
2020-01-24,0.2545325742017323
2020-01-27,0.2593956854360718
2020-01-28,0.19963009742877016
2020-01-29,0.19700927101136753
2020-01-30,0.19647364895261205
2020-01-31,0.1988257439689355
2020-02-03,0.2011757657705438
2020-02-04,0.21213677517455254
2020-02-05,0.2159990317588944
2020-02-06,0.21684446135667995
2020-02-07,0.22224005670765593
2020-02-10,0.22157130102920983
2020-02-11,0.21481344142640954
2020-02-12,0.21465335495312626
2020-02-13,0.21249350799308617
2020-02-14,0.21274798809873977
2020-02-17,0.21485375272624874
2020-02-18,0.22366687503557586
2020-02-19,0.2234243631570636
2020-02-20,0.22943155790782332
2020-02-21,0.23900043091147438
2020-02-24,0.24472045282365193
2020-02-25,0.23880917038799132
2020-02-26,0.22851087937771145
2020-02-27,0.2301157002662174
2020-02-28,0.23595636640307022
2020-03-02,0.23807431352113703
2020-03-03,0.2211610761400153
2020-03-04,0.21959652938729457
2020-03-05,0.22392278670345722
2020-03-06,0.21439286494362048
2020-03-09,0.1559064206275935
2020-03-10,0.08762007944897925
2020-03-11,0.0862329955046501
2020-03-12,0.0890021003958825
2020-03-13,0.08666557153527306
2020-03-16,0.0885410536116864
2020-03-17,0.08869126629036789
2020-03-18,0.089470240000562
2020-03-19,0.08833438966223538
2020-03-20,0.08770775818372514
2020-03-23,0.08869576252778813
2020-03-24,0.08686885438291657
2020-03-25,0.08242312529172721
2020-03-26,0.07938973086637172
2020-03-27,0.07702293955161647
2020-03-30,0.0754200129880627
2020-03-31,0.07411060374157256
2020-04-01,0.0748396394260275
2020-04-02,0.07329226941474498
2020-04-03,0.07110007721907108
2020-04-06,0.06965508173951501
2020-04-07,0.06695626021082636
2020-04-08,0.0654987515889226
2020-04-09,0.06490184242342921
2020-04-10,0.06506578167513016
2020-04-13,0.06567787124375467
2020-04-14,0.06720371532438697
2020-04-15,0.06950545570235568
2020-04-16,0.07074255019265141
2020-04-17,0.0722994433133905
2020-04-20,0.0741514359784053
2020-04-21,0.07955149248093805
2020-04-22,0.0751812122127258
2020-04-23,0.07421604267004533
2020-04-24,0.0746174049692309
2020-04-27,0.07543496439935328
2020-04-28,0.07567908587517275
2020-04-29,0.07646504835704963
2020-04-30,0.0745841534602513
2020-05-01,0.07370123866719294
2020-05-04,0.07424099262820123
2020-05-05,0.07297434291970561
2020-05-06,0.07271454674113874
2020-05-07,0.07304728654094932
2020-05-08,0.07368893979326531
2020-05-11,0.07347107310953654
2020-05-12,0.07448325613304256
2020-05-13,0.07736781375198604
2020-05-14,0.07900153944167158
2020-05-15,0.08136619885564975
2020-05-18,0.08252600519489198
2020-05-19,0.07981416881912592
2020-05-20,0.07864847151354486
2020-05-21,0.07831066402732988
2020-05-22,0.07962751629001219
2020-05-25,0.0808503865308465
2020-05-26,0.08117757290098734
2020-05-27,0.07938398120532968
2020-05-28,0.08009258289179925
2020-05-29,0.08383217225406041
2020-06-01,0.08345664340887346
2020-06-02,0.08351949916458881
2020-06-03,0.084861960013704
2020-06-04,0.08809431949149582
2020-06-05,0.09120852802471545
2020-06-08,0.09643630345151548
2020-06-09,0.09996763732097091
2020-06-10,0.10419471035111418
2020-06-11,0.1098842779846216
2020-06-12,0.10967868570738788
2020-06-15,0.11023729642778109
2020-06-16,0.11198197674578396
2020-06-17,0.11397316231284142
2020-06-18,0.11664774159248857
2020-06-19,0.11988091190022952
2020-06-22,0.1260235888867869
2020-06-23,0.1319188865993825
2020-06-24,0.13821654115865756
2020-06-25,0.14569927036029398
2020-06-26,0.15181522910096767
2020-06-29,0.15762206387584604
2020-06-30,0.15880174192253133
2020-07-01,0.16236417362427613
2020-07-02,0.16655346965831538
2020-07-03,0.16802189005565196
2020-07-06,0.17575094001578725
2020-07-07,0.17564732907222164
2020-07-08,0.18379994477576306
2020-07-09,0.18628550662185572
2020-07-10,0.1939349445497784
2020-07-13,0.20530000936317983
2020-07-14,0.20868444985022416
2020-07-15,0.21752996130307434
2020-07-16,0.22407327597481053
2020-07-17,0.22905339723241397
2020-07-20,0.23973734050404005
2020-07-21,0.24820586995044
2020-07-22,0.23533638518151914
2020-07-23,0.23553470831920642
2020-07-24,0.24135224268306912
2020-07-27,0.2429757244172513
2020-07-28,0.22886039265436142
2020-07-29,0.227584877775517
2020-07-30,0.23033599747456232
2020-07-31,0.23428027803006451
2020-08-03,0.23834147369956488
2020-08-04,0.2472116624441943
2020-08-05,0.242622739963088
2020-08-06,0.2434529539151469
2020-08-07,0.24490495146119187
2020-08-10,0.18286891417523568
2020-08-11,0.1817042467642745
2020-08-12,0.1584398684082636
2020-08-13,0.15281627673853504
2020-08-14,0.15013259614625835
2020-08-17,0.15082895176139954
2020-08-18,0.1513175096542998
2020-08-19,0.15074752931763508
2020-08-20,0.14753195825610158
2020-08-21,0.14799491069633483
2020-08-24,0.14795615080081076
2020-08-25,0.15039171103290683
2020-08-26,0.15295369302513714
2020-08-27,0.1541821599189575
2020-08-28,0.15897322619252555
2020-08-31,0.15656277452761347
2020-09-01,0.15820261026091373
2020-09-02,0.16416670265723693
2020-09-03,0.17032015168451042
2020-09-04,0.1745586010439064
2020-09-07,0.17665843920905047
2020-09-08,0.18300239128706255
2020-09-09,0.17912237910762888
2020-09-10,0.1788008465257779
2020-09-11,0.18077900526932597
2020-09-14,0.18196016811145477
2020-09-15,0.18279477370583663
2020-09-16,0.18886430834814127
2020-09-17,0.19132837315593662
2020-09-18,0.19284672931381458
2020-09-21,0.20222972789631363
2020-09-22,0.16651082944391393
2020-09-23,0.15559166644433245
2020-09-24,0.13765685369904498
2020-09-25,0.13363023874549396
2020-09-28,0.13204328847551317
2020-09-29,0.13267893560162908
2020-09-30,0.13549412911209555
2020-10-01,0.1334766288791849
2020-10-02,0.13375051404475993
2020-10-05,0.13592670082400132
2020-10-06,0.13484441201359873
2020-10-07,0.13743928198953517
2020-10-08,0.14129896771709147
2020-10-09,0.1493773166343878
2020-10-12,0.14856183013307897
2020-10-13,0.15303108488877987
2020-10-14,0.15563186019762046
2020-10-15,0.16051313538778766
2020-10-16,0.16516387975695862
2020-10-19,0.16830346733493967
2020-10-20,0.17426796224013252
2020-10-21,0.18319808244059324
2020-10-22,0.18864746718737355
2020-10-23,0.18551658750308767
2020-10-26,0.18853133095585267
2020-10-27,0.1913398852992192
2020-10-28,0.19631565078723043
2020-10-29,0.1829128355979382
2020-10-30,0.18031162590854222
2020-11-02,0.17816852924419843
2020-11-03,0.17847820578759857
2020-11-04,0.17934214948607974
2020-11-05,0.18486076641652355
2020-11-06,0.18151176179385006
2020-11-09,0.1803089488600163
2020-11-10,0.15436135339458565
2020-11-11,0.15482087123388583
2020-11-12,0.15807897445058036
2020-11-13,0.16113094761257843
2020-11-16,0.16654306468402716
2020-11-17,0.1666054209519085
2020-11-18,0.17186627108513253
2020-11-19,0.17892567538228893
2020-11-20,0.18605840145080582
2020-11-23,0.18992760294732597
2020-11-24,0.19585997576536568
2020-11-25,0.19788758002751025
2020-11-26,0.2059398466783246
2020-11-27,0.21701340925238505
2020-11-30,0.22145485419227157
2020-12-01,0.20637268789188698
2020-12-02,0.2041725993546193
2020-12-03,0.2053153698217787
2020-12-04,0.2026056770453478
2020-12-07,0.2020038476656865
2020-12-08,0.20426097485270847
2020-12-09,0.20402297169361594
2020-12-10,0.21108519929094172
2020-12-11,0.21034557432387876
2020-12-14,0.21266525778273337
2020-12-15,0.21688621504081187
2020-12-16,0.21573130838254306
2020-12-17,0.22183286856209963
2020-12-18,0.20606781507636454
2020-12-21,0.2076936739428519
2020-12-22,0.20090588541168702
2020-12-23,0.1825058254645833
2020-12-24,0.1763908971244357
2020-12-25,0.1722156278132147
2020-12-28,0.17242447333116118
2020-12-29,0.17796371736592143
2020-12-30,0.17849934195843703
2020-12-31,0.18088153848733474
2021-01-01,0.18575697762239324
2021-01-04,0.19480816011697435
2021-01-05,0.20891997274933166
2021-01-06,0.17058169866250028
2021-01-07,0.16904162327900818
2021-01-08,0.1686997347212201
2021-01-11,0.17270528107936764
2021-01-12,0.16559488363025543
2021-01-13,0.1542035758269048
2021-01-14,0.15242470770542546
2021-01-15,0.1530486549535548
2021-01-18,0.1333557155551919
2021-01-19,0.13262679822700957
2021-01-20,0.1318757462538788
2021-01-21,0.13254611215837847
2021-01-22,0.13690341238960815
2021-01-25,0.13027173392356114
2021-01-26,0.12877432494068483
2021-01-27,0.13003083192952528
2021-01-28,0.12331612016918211
2021-01-29,0.119930104448564
2021-02-01,0.11603728278507346
2021-02-02,0.1157159526453438
2021-02-03,0.11537058299274404
2021-02-04,0.11563300940921993
2021-02-05,0.1194502114832312
2021-02-08,0.12135360279014244
2021-02-09,0.12113434670460578
2021-02-10,0.12447030393147922
2021-02-11,0.1274416200676512
2021-02-12,0.13345963654686388
2021-02-15,0.13740981664230117
2021-02-16,0.14551283786235736
2021-02-17,0.14619984691304766
2021-02-18,0.14978966736508592
2021-02-19,0.1563158575999906
2021-02-22,0.15991795156433278
2021-02-23,0.16110155738874216
2021-02-24,0.16576870274135488
2021-02-25,0.16705468575480956
2021-02-26,0.17086396025404765
2021-03-01,0.11950871207385075
2021-03-02,0.11799621312183503
2021-03-03,0.11640885694970471
2021-03-04,0.11640108845888902
2021-03-05,0.11559297814662073
2021-03-08,0.11514241652463647
2021-03-09,0.11744998086987503
2021-03-10,0.11677004236348107
2021-03-11,0.11913621634492505
2021-03-12,0.11815064528316303
2021-03-15,0.11976589747153946
2021-03-16,0.1204440397488902
2021-03-17,0.12403787067644281
2021-03-18,0.13027790383434093
2021-03-19,0.12532336892678164
2021-03-22,0.12385802925026515
2021-03-23,0.1228139205849599
2021-03-24,0.11597261743144177
2021-03-25,0.11344935341100591
2021-03-26,0.1113627401246784
2021-03-29,0.10830712134597374
2021-03-30,0.10849188175917264
2021-03-31,0.11109826861663712
2021-04-01,0.1119287791575327
2021-04-02,0.11240736039630851
2021-04-05,0.11686620277328064
2021-04-06,0.12095320379274486
2021-04-07,0.1235173069641021
2021-04-08,0.12654303781388043
2021-04-09,0.13011327216585125
2021-04-12,0.1334650496358218
2021-04-13,0.13574455067291963
2021-04-14,0.1401849883248592
2021-04-15,0.1417907582063383
2021-04-16,0.1480785551524068
2021-04-19,0.15479358556635722
2021-04-20,0.16488022808146904
2021-04-21,0.16423707394720322
2021-04-22,0.16452827463351863
2021-04-23,0.1675443611189118
2021-04-26,0.17050738554953665
2021-04-27,0.17395132084272372
2021-04-28,0.18228132750999365
2021-04-29,0.19080279001758138
2021-04-30,0.2025090517282473
2021-05-03,0.2008873125653232
2021-05-04,0.20356339445210528
2021-05-05,0.20819190812160931
2021-05-06,0.20672742569026825
2021-05-07,0.2100460514543617
2021-05-10,0.20207904897252713
2021-05-11,0.20331771285443315
2021-05-12,0.2039080393309182
2021-05-13,0.20249857430501658
2021-05-14,0.16850756948518344
2021-05-17,0.16435100232587077
2021-05-18,0.1612596719907853
2021-05-19,0.16441480643970738
2021-05-20,0.14069264008879995
2021-05-21,0.1381189775279606
2021-05-24,0.13449986904010894
2021-05-25,0.13284161354445662
2021-05-26,0.13335031460063268
2021-05-27,0.1367941005425189
2021-05-28,0.13456399262095683
2021-05-31,0.1369573613965602
2021-06-01,0.14241148388766844
2021-06-02,0.14163040689501052
2021-06-03,0.14732491012501361
2021-06-04,0.1413162147743802
2021-06-07,0.1405915889631065
2021-06-08,0.14130154291977823
2021-06-09,0.1426463476840411
2021-06-10,0.14312897110165873
2021-06-11,0.14652999137368283
2021-06-14,0.14710139318725254
2021-06-15,0.1479504439521636
2021-06-16,0.14790557818748343
2021-06-17,0.13616492582241704
2021-06-18,0.09625766262721233
2021-06-21,0.09285229932053617
2021-06-22,0.08956210535297483
2021-06-23,0.0894126449656855
2021-06-24,0.09037039180706113
2021-06-25,0.09154126038923999
2021-06-28,0.09475688114230413
2021-06-29,0.09677198609478356
2021-06-30,0.0994996702742202
2021-07-01,0.10207243485537837
2021-07-02,0.10481323975396063
2021-07-05,0.1081642124128069
2021-07-06,0.11440744440913687
2021-07-07,0.10793490068620525
2021-07-08,0.10982492257903936
2021-07-09,0.11198391889519581
2021-07-12,0.11083727814012294
2021-07-13,0.11225559282384133
2021-07-14,0.11419013101183603
2021-07-15,0.1160724610685333
2021-07-16,0.11823478247152855
2021-07-19,0.12100284589971441
2021-07-20,0.10539916899250988
2021-07-21,0.10374048155951356
2021-07-22,0.10317461918822152
2021-07-23,0.1028628414339985
2021-07-26,0.10381398432752866
2021-07-27,0.10771146223194362
2021-07-28,0.11040458852204585
2021-07-29,0.11472912630917653
2021-07-30,0.12067845648143295
2021-08-02,0.12258422417033484
2021-08-03,0.12678631323092032
2021-08-04,0.13020093003707156
2021-08-05,0.1332477514035292
2021-08-06,0.13957676749095593
2021-08-09,0.1440463496441898
2021-08-10,0.14791673016399573
2021-08-11,0.1504553253109598
2021-08-12,0.15516268812520956
2021-08-13,0.15965586482247543
2021-08-16,0.16353870679180507
2021-08-17,0.16972946598795485
2021-08-18,0.17481858979407222
2021-08-19,0.1828058964226672
2021-08-20,0.18545139222301446
2021-08-23,0.1913902928370271
2021-08-24,0.19230725319668293
2021-08-25,0.19709681675122073
2021-08-26,0.19933176718313694
2021-08-27,0.1987759200287103
2021-08-30,0.20074227714475334
2021-08-31,0.20259223902894055
2021-09-01,0.19466312031728344
2021-09-02,0.19446390640722122
2021-09-03,0.18658799651278585
2021-09-06,0.185406543741339
2021-09-07,0.18750960657919596
2021-09-08,0.1928882541540999
2021-09-09,0.199366004698876
2021-09-10,0.20367978045582943
2021-09-13,0.20770612375613431
2021-09-14,0.20527505574049446
2021-09-15,0.20576763981223856
2021-09-16,0.20779158101968687
2021-09-17,0.2167553991915716
2021-09-20,0.21665689333227584
2021-09-21,0.20180007478238382
2021-09-22,0.20122866425028496
2021-09-23,0.20358978585503393
2021-09-24,0.19738796817053017
2021-09-27,0.19852301928524574
2021-09-28,0.20289930522219674
2021-09-29,0.21382515721663967
2021-09-30,0.2203054630394976
2021-10-01,0.22451028113919563
2021-10-04,0.22423416976287203
2021-10-05,0.22511926855670236
2021-10-06,0.201728325548136
2021-10-07,0.196599087682511
2021-10-08,0.19444078231992912
2021-10-11,0.19665542617303342
2021-10-12,0.20251806289874374
2021-10-13,0.2103427827545236
2021-10-14,0.20564551374379622
2021-10-15,0.20770024798166672
2021-10-18,0.2002916338207297
2021-10-19,0.19702995302976467
2021-10-20,0.19865793980691548
2021-10-21,0.20552873115677267
2021-10-22,0.20674096499707634
2021-10-25,0.21271120280372985
2021-10-26,0.21792722449560908
2021-10-27,0.2256043238524651
2021-10-28,0.20802829314483873
2021-10-29,0.206503205086996
2021-11-01,0.20451808295215745
2021-11-02,0.19617020879860672
2021-11-03,0.19088937582323678
2021-11-04,0.18461320491137084
2021-11-05,0.17545951723718725
2021-11-08,0.17351472562232967
2021-11-09,0.17442814949538651
2021-11-10,0.17778830170900167
2021-11-11,0.17918527545971955
2021-11-12,0.1820630886639736
2021-11-15,0.18713603191376307
2021-11-16,0.19346202802812648
2021-11-17,0.19923550029732223
2021-11-18,0.19585645645080052
2021-11-19,0.19687660917412778
2021-11-22,0.19428915175172032
2021-11-23,0.1934558116907781
2021-11-24,0.19370686108260154
2021-11-25,0.19597793643181047
2021-11-26,0.2001544230352651
2021-11-29,0.09680407429095914
2021-11-30,0.09090142215691874
2021-12-01,0.08435177530468342
2021-12-02,0.0828929342240545
2021-12-03,0.08234300128974607
2021-12-06,0.08452821901933966
2021-12-07,0.08535477300271872
2021-12-08,0.08604242896196439
2021-12-09,0.08744716142605215
2021-12-10,0.08796165681963004
2021-12-13,0.08981365616593595
2021-12-14,0.09338340990033944
2021-12-15,0.09573423059247899
2021-12-16,0.09657509305798288
2021-12-17,0.09446891327124131
2021-12-20,0.09429709293672932
2021-12-21,0.09571568564070318
2021-12-22,0.09546757929787734
2021-12-23,0.09337890613564997
2021-12-24,0.09348481050055481
2021-12-27,0.09636464462604298
2021-12-28,0.09974442993530246
2021-12-29,0.1035157788457575
2021-12-30,0.10749777590422635
2021-12-31,0.1108195568003279
2022-01-03,0.1153100288706138
2022-01-04,0.11723456547433071
2022-01-05,0.12179901754570911
2022-01-06,0.12757084123634402
2022-01-07,0.13370814960790628
2022-01-10,0.13868370656734366
2022-01-11,0.1421934845030702
2022-01-12,0.14426989182342564
2022-01-13,0.14256975834608773
2022-01-14,0.14513848080360736
2022-01-17,0.14460025706530735
2022-01-18,0.14988088680297684
2022-01-19,0.15445661195104737
2022-01-20,0.15830192562344178
2022-01-21,0.1618504837175655
2022-01-24,0.1484141650294886
2022-01-25,0.13817241690887724
2022-01-26,0.13526612708135613
2022-01-27,0.13155579745381019
2022-01-28,0.13170188792284934
2022-01-31,0.1360187190466012
2022-02-01,0.1388922089337063
2022-02-02,0.1420098015386505
2022-02-03,0.1447590620763578
2022-02-04,0.13784971905185667
2022-02-07,0.12942432339303306
2022-02-08,0.12890525055094446
2022-02-09,0.12923750242326057
2022-02-10,0.13076435630024624
2022-02-11,0.13180219081355712
2022-02-14,0.13301037229183113
2022-02-15,0.13785931494414325
2022-02-16,0.13676209644288814
2022-02-17,0.13900506676369281
2022-02-18,0.13516982809136452
2022-02-21,0.1352445195819852
2022-02-22,0.13926742385651508
2022-02-23,0.13984896586549334
2022-02-24,0.14669785530513518
2022-02-25,0.15152305038871797
2022-02-28,0.13368487577290722
2022-03-01,0.1254157780060764
2022-03-02,0.11920028519843552
2022-03-03,0.11313405188820627
2022-03-04,0.11417101836409897
2022-03-07,0.11475928237678489
2022-03-08,0.11768204351221404
2022-03-09,0.11646263337863356
2022-03-10,0.0976806818335831
2022-03-11,0.09619095594470298
2022-03-14,0.0959728070928482
2022-03-15,0.09489866678087269
2022-03-16,0.09171741700525088
2022-03-17,0.0862655660311953
2022-03-18,0.08529513871793117
2022-03-21,0.08662201616149409
2022-03-22,0.0870238893730139
2022-03-23,0.08852985966617151
2022-03-24,0.0921613751564656
2022-03-25,0.09657570909687908
2022-03-28,0.10133725541237411
2022-03-29,0.10550899761997257
2022-03-30,0.10723863684692186
2022-03-31,0.11005596230043167
2022-04-01,0.11072462394006682
2022-04-04,0.11389294317858613
2022-04-05,0.1184839200978192
2022-04-06,0.12054302661129973
2022-04-07,0.12446549026295595
2022-04-08,0.13031946359735747
2022-04-11,0.13439875684652405
2022-04-12,0.1397967385692795
2022-04-13,0.14459644990345838
2022-04-14,0.15125045661646944
2022-04-15,0.1558617528806884
2022-04-18,0.16394519458730739
2022-04-19,0.1700953883305553
2022-04-20,0.17528208716604468
2022-04-21,0.17665084563790037
2022-04-22,0.17898349464051594
2022-04-25,0.1826084263352998
2022-04-26,0.17086322147540955
2022-04-27,0.1715030354648108
2022-04-28,0.1737693362562049
2022-04-29,0.17552068834618542
2022-05-02,0.17886909444387133
2022-05-03,0.18196737101597155
2022-05-04,0.18473830087929596
2022-05-05,0.19304808101224769
2022-05-06,0.17212937518832047
2022-05-09,0.17269966839263404
2022-05-10,0.17216311453301913
2022-05-11,0.174458628602362
2022-05-12,0.18056423955856946
2022-05-13,0.18509699853784184
2022-05-16,0.18598642438799318
2022-05-17,0.18923955316213495
2022-05-18,0.19304914498151668
2022-05-19,0.19465426978823258
2022-05-20,0.18356834208735257
2022-05-23,0.17925311771910477
2022-05-24,0.17755692794762634
2022-05-25,0.1746554660096445
2022-05-26,0.17430861350141683
2022-05-27,0.17362375108675684
2022-05-30,0.17277833651142885
2022-05-31,0.17664185498195212
2022-06-01,0.1800898412389231
2022-06-02,0.17979117480511633
2022-06-03,0.18131811983450385
2022-06-06,0.18095586481806508
2022-06-07,0.17775572483472868
2022-06-08,0.17955315719433762
2022-06-09,0.182582216690841
2022-06-10,0.18063014016630566
2022-06-13,0.18722288276021276
2022-06-14,0.17785675177683907
2022-06-15,0.17705168873952726
2022-06-16,0.16107679287418508
2022-06-17,0.1587833247447746
2022-06-20,0.15836518330192473
2022-06-21,0.15978352239265164
2022-06-22,0.16054644743778024
2022-06-23,0.15328585105123174
2022-06-24,0.14682037925993582
2022-06-27,0.1459697031768968
2022-06-28,0.14727515410490635
2022-06-29,0.14942939571587266
2022-06-30,0.15145321677410237
2022-07-01,0.14725133725878237
2022-07-04,0.1489277698058545
2022-07-05,0.1516631805174547
2022-07-06,0.15362311141781565
2022-07-07,0.1562668862526154
2022-07-08,0.15607201433423118
2022-07-11,0.15881635727287152
2022-07-12,0.15676152962825277
2022-07-13,0.15903525984436276
2022-07-14,0.167538914422518
2022-07-15,0.15901348782713337
2022-07-18,0.15546884741411907
2022-07-19,0.1470125980136346
2022-07-20,0.14187505444817383
2022-07-21,0.14065028411114383
2022-07-22,0.13972904820123924
2022-07-25,0.13684886907783542
2022-07-26,0.1360340233370427
2022-07-27,0.1346013720798892
2022-07-28,0.1313504432858607
2022-07-29,0.11841796988216667
2022-08-01,0.1133627577422872
2022-08-02,0.11287607082228424
2022-08-03,0.10982297047453655
2022-08-04,0.10459445309208804
2022-08-05,0.10460022815099254
2022-08-08,0.10091952931609617
2022-08-09,0.09885306183025253
2022-08-10,0.09704951193714302
2022-08-11,0.09510263319328618
2022-08-12,0.09600830784196365
2022-08-15,0.09940611518202148
2022-08-16,0.10212879629115391
2022-08-17,0.10715829391314907
2022-08-18,0.1124181083291731
2022-08-19,0.12072365566901273
2022-08-22,0.13364541300560917
2022-08-23,0.1423325913060833
2022-08-24,0.152408836526557
2022-08-25,0.1577754822034737
2022-08-26,0.16386277596466575
2022-08-29,0.17139245772299386
2022-08-30,0.1830637548833091
2022-08-31,0.19538893830415327
2022-09-01,0.2134652780827509
2022-09-02,0.2001019454909731
2022-09-05,0.19557739351496417
2022-09-06,0.19956889360438448
2022-09-07,0.20285510379455982
2022-09-08,0.2004020015774903
2022-09-09,0.20215001510461142
2022-09-12,0.18237210127198558
2022-09-13,0.17175752693087845
2022-09-14,0.14415721142518015
2022-09-15,0.14130508653515012
2022-09-16,0.13845362927820207
2022-09-19,0.1410132926155882
2022-09-20,0.1478388970860384
2022-09-21,0.147825830273803
2022-09-22,0.15640714605709063
2022-09-23,0.16196070430153747
2022-09-26,0.1444390921112494
2022-09-27,0.14061377296019553
2022-09-28,0.14132144494864274
2022-09-29,0.11878973866172621
2022-09-30,0.11695576719677553
2022-10-03,0.112839652242169
2022-10-04,0.09702787883800715
2022-10-05,0.08572062014116628
2022-10-06,0.0837477302512094
2022-10-07,0.08211594786621568
2022-10-10,0.08256759707725257
2022-10-11,0.08412236656724
2022-10-12,0.08702479514148048
2022-10-13,0.09065613676560932
2022-10-14,0.09454773303746358
2022-10-17,0.09726791610302224
2022-10-18,0.0968824192107174
2022-10-19,0.09979034419310608
2022-10-20,0.10172370127521112
2022-10-21,0.10575231019309352
2022-10-24,0.10677981489463811
2022-10-25,0.10799199050968519
2022-10-26,0.10255946470073941
2022-10-27,0.09893841665192148
2022-10-28,0.09936611593465261
2022-10-31,0.0998688087680032
2022-11-01,0.09929809956292351
2022-11-02,0.09997632692312752
2022-11-03,0.10325839592631804
2022-11-04,0.09642058060101362
2022-11-07,0.08990450947858035
2022-11-08,0.08880113797955677
2022-11-09,0.08806098331494387
2022-11-10,0.08282205898359633
2022-11-11,0.07098192754668156
2022-11-14,0.06877946902991632
2022-11-15,0.06644610867883022
2022-11-16,0.06455019130741232
2022-11-17,0.0646195725224141
2022-11-18,0.064422011533077
2022-11-21,0.06489321161982393
2022-11-22,0.06584197953305355
2022-11-23,0.06715773688513227
2022-11-24,0.06909391556195126
2022-11-25,0.0720774066294357
2022-11-28,0.07498961754835064
2022-11-29,0.07841212519153574
2022-11-30,0.08137200785632563
2022-12-01,0.0849866778671257
2022-12-02,0.0892432825596247
2022-12-05,0.09215384550142822
2022-12-06,0.09458710763720718
2022-12-07,0.0983129835319076
2022-12-08,0.10301202438519318
2022-12-09,0.10855842936799025
2022-12-12,0.11121378388254936
2022-12-13,0.11303933107556792
2022-12-14,0.11613549922916047
2022-12-15,0.11992133847855414
2022-12-16,0.11813952845966437
2022-12-19,0.11835813751485151
2022-12-20,0.12025399735870512
2022-12-21,0.12303288704656315
2022-12-22,0.12812045425079582
2022-12-23,0.13282810136114395
2022-12-26,0.13799253545574114
2022-12-27,0.145853416587081
2022-12-28,0.1558009894268381
2022-12-29,0.1644236378624568
2022-12-30,0.1725033649068143
2023-01-02,0.181145536819954
2023-01-03,0.191351526449323
2023-01-04,0.1978813436252411
2023-01-05,0.19939813186910912
2023-01-06,0.20096947891927947
2023-01-09,0.20420555573923127
2023-01-10,0.20842308585311997
2023-01-11,0.21175119351976363
2023-01-12,0.21378404131729872
2023-01-13,0.21734322902865885
2023-01-16,0.22335004075433018
2023-01-17,0.2264589904910468
2023-01-18,0.22721208081428754
2023-01-19,0.22894463385744399
2023-01-20,0.22881852641537753
2023-01-23,0.23198974897635435
2023-01-24,0.2336314891514656
2023-01-25,0.23651849259266847
2023-01-26,0.23951691134337005
2023-01-27,0.24232738901513348
2023-01-30,0.24540234098087976
2023-01-31,0.24415361516402087
2023-02-01,0.2499468648851943
2023-02-02,0.25213653234229016
2023-02-03,0.249832363579947
2023-02-06,0.2417355229796024
2023-02-07,0.23252901400501877
2023-02-08,0.22443886002770597
2023-02-09,0.2208715156107569
2023-02-10,0.2182074075406065
2023-02-13,0.21424158067530993
2023-02-14,0.21618751711912162
2023-02-15,0.22019362193788009
2023-02-16,0.2216550523358123
2023-02-17,0.22279621582852058
2023-02-20,0.22335127310256678
2023-02-21,0.2267537373081095
2023-02-22,0.22744659236604597
2023-02-23,0.22789889854527495
2023-02-24,0.23399769292904296
2023-02-27,0.2384459971111367
2023-02-28,0.24510486521618668
2023-03-01,0.2519655070706916
2023-03-02,0.2584221682761177
2023-03-03,0.26250547199876584
2023-03-06,0.2644888115723637
2023-03-07,0.2741712625547455
2023-03-08,0.27345082759325495
2023-03-09,0.2793919507026002
2023-03-10,0.27523217589153565
2023-03-13,0.1312334648274317
2023-03-14,0.08770168614873271
2023-03-15,0.08068832951712465
2023-03-16,0.07839924512791949
2023-03-17,0.07593578482759698
2023-03-20,0.07649034747155517
2023-03-21,0.07746851236792503
2023-03-22,0.07776883901353507
2023-03-23,0.07813354604717701
2023-03-24,0.08011623461136264
2023-03-27,0.0817314539209737
2023-03-28,0.08210016113959362
2023-03-29,0.08292989461923073
2023-03-30,0.08474968205183707
2023-03-31,0.08635403746548068
2023-04-03,0.08844413159187205
2023-04-04,0.08757575543815921
2023-04-05,0.08873598576506474
2023-04-06,0.09102446342090621
2023-04-07,0.09271483053315037
2023-04-10,0.09594533942953153
2023-04-11,0.10066002722860731
2023-04-12,0.10415704399287562
2023-04-13,0.11048574811305356
2023-04-14,0.11718378164974301
2023-04-17,0.12400181001457196
2023-04-18,0.1275242910933788
2023-04-19,0.13489376701623618
2023-04-20,0.14072437165207277
2023-04-21,0.14574365338197232
2023-04-24,0.15437418642807554
2023-04-25,0.16081268713492936
2023-04-26,0.16640272512696452
2023-04-27,0.17378847530902478
2023-04-28,0.17852363180453423
2023-05-01,0.18784708325175248
2023-05-02,0.20180340504192085
2023-05-03,0.2124089815976936
2023-05-04,0.2204002033738589
2023-05-05,0.22627924343361877
2023-05-08,0.22358127285474214
2023-05-09,0.2174049920058908
2023-05-10,0.2140848079419889
2023-05-11,0.21628127637853634
2023-05-12,0.21670136364174775
2023-05-15,0.2142979048405281
2023-05-16,0.21389574172293155
2023-05-17,0.21632483405875183
2023-05-18,0.22056041020865683
2023-05-19,0.22366720327582856
2023-05-22,0.22670436047909057
2023-05-23,0.2308750029193257
2023-05-24,0.23541649758832103
2023-05-25,0.24056043339557803
2023-05-26,0.24859581334135955
2023-05-29,0.25253452252513375
2023-05-30,0.25968426793058474
2023-05-31,0.2619882174655296
2023-06-01,0.2633760910466117
2023-06-02,0.25918787511050084
2023-06-05,0.25691014043267885
2023-06-06,0.2525011629212867
2023-06-07,0.25364480860398064
2023-06-08,0.2557543063686434
2023-06-09,0.2553813826554185
2023-06-12,0.25688698342821914
2023-06-13,0.25798140265501185
2023-06-14,0.25951751808674606
2023-06-15,0.25521421131022953
2023-06-16,0.25298120150160786
2023-06-19,0.2528087618728507
2023-06-20,0.2560458409667121
2023-06-21,0.25140638226562595
2023-06-22,0.2571985244348741
2023-06-23,0.25959909772038636
2023-06-26,0.25589171091544183
2023-06-27,0.2560904898166138
2023-06-28,0.2606405363940146
2023-06-29,0.2641951494532569
2023-06-30,0.2676512746687729
2023-07-03,0.2669618563008005
2023-07-04,0.26544190168424153
2023-07-05,0.2669922160392954
2023-07-06,0.26968308931376206
2023-07-07,0.2701966395287268
2023-07-10,0.26606644552461167
2023-07-11,0.26167330012043377
2023-07-12,0.26021900334845877
2023-07-13,0.2410538499511896
2023-07-14,0.23732239496256274
2023-07-17,0.22874158665997693
2023-07-18,0.2276657519333305
2023-07-19,0.2284976648952202
2023-07-20,0.23654489689819547
2023-07-21,0.23796338986628204
2023-07-24,0.23846041591100617
2023-07-25,0.2384798414109445
2023-07-26,0.23950721654054824
2023-07-27,0.24384790223963465
2023-07-28,0.2432986548300954
2023-07-31,0.24314228686705766
2023-08-01,0.244482501664317
2023-08-02,0.2474149062217502
2023-08-03,0.2129022119211135
2023-08-04,0.20870967067912577
2023-08-07,0.20648135666149223
2023-08-08,0.2055211602837815
2023-08-09,0.20970303074282598
2023-08-10,0.211176841818657
2023-08-11,0.21584268146054328
2023-08-14,0.21851823466785406
2023-08-15,0.22877037060283983
2023-08-16,0.23987457712973317
2023-08-17,0.24899137139623642
2023-08-18,0.2523942541134512
2023-08-21,0.25709101610321944
2023-08-22,0.2639704222838777
2023-08-23,0.26656204889421214
2023-08-24,0.23172372105771577
2023-08-25,0.22212163981158403
2023-08-28,0.2018498079012358
2023-08-29,0.1974166579870816
2023-08-30,0.19016179532700409
2023-08-31,0.18963285608891478
2023-09-01,0.19221421537281463
2023-09-04,0.18887016343276694
2023-09-05,0.19584351749702236
2023-09-06,0.18581982267942387
2023-09-07,0.18548447490084907
2023-09-08,0.18812476586931554
2023-09-11,0.195789077314438
2023-09-12,0.20246436988246305
2023-09-13,0.21155160816855295
2023-09-14,0.21849937668053926
2023-09-15,0.22255744332867292
2023-09-18,0.23029508116635497
2023-09-19,0.23538394681220437
2023-09-20,0.24056447111298881
2023-09-21,0.24207119643222036
2023-09-22,0.22434829716653515
2023-09-25,0.2247386625238255
2023-09-26,0.22700001714822432
2023-09-27,0.23777726979601707
2023-09-28,0.2389204865634604
2023-09-29,0.23459040052947625
2023-10-02,0.2379323389452667
2023-10-03,0.2103330078137034
2023-10-04,0.20812680300759734
2023-10-05,0.19402794878907223
2023-10-06,0.1812503719591089
2023-10-09,0.17611528993547737
2023-10-10,0.167003905447096
2023-10-11,0.1615307986322192
2023-10-12,0.1618227223608271
2023-10-13,0.14676045803403417
2023-10-16,0.14335553948571522
2023-10-17,0.14204015573889997
2023-10-18,0.14047452273198716
2023-10-19,0.14175896917198513
2023-10-20,0.14615452503724463
2023-10-23,0.15061135647589582
2023-10-24,0.15226869566946286
2023-10-25,0.15671841281602839
2023-10-26,0.15880916380591475
2023-10-27,0.1635548623554245
2023-10-30,0.1670365160982483
2023-10-31,0.16741910701330256
2023-11-01,0.169590722908886
2023-11-02,0.1696063231571755
2023-11-03,0.145112641600553
2023-11-06,0.12162272053543366
2023-11-07,0.11822077872925933
2023-11-08,0.1140075926117627
2023-11-09,0.11329606720156357
2023-11-10,0.11178860010259395
2023-11-13,0.11082815543235428
2023-11-14,0.10756916579437834
2023-11-15,0.0908158430766072
2023-11-16,0.08850981080825795
2023-11-17,0.08674794887560144
2023-11-20,0.08641555222204142
2023-11-21,0.08592021271693756
2023-11-22,0.0880885336303953
2023-11-23,0.08950602320869039
2023-11-24,0.09269345383053018
2023-11-27,0.09704703671035594
2023-11-28,0.10129684446643998
2023-11-29,0.1054532326537524
2023-11-30,0.11046904590343043
2023-12-01,0.11622094362317381
2023-12-04,0.1221590163111623
2023-12-05,0.12549210782128775
2023-12-06,0.12974082362273007
2023-12-07,0.13263283202076948
2023-12-08,0.13395304306254494
2023-12-11,0.1367167292767772
2023-12-12,0.1405726284510424
2023-12-13,0.1465766552730993
2023-12-14,0.14652292252981453
2023-12-15,0.14663057389379144
2023-12-18,0.15056065571854416
2023-12-19,0.15663725082158672
2023-12-20,0.16077214035649373
2023-12-21,0.17029584358055988
2023-12-22,0.17863089001376478
2023-12-25,0.1887218432385203
2023-12-26,0.19956114027694877
2023-12-27,0.21229360656625593
2023-12-28,0.21578992327111338
2023-12-29,0.21644901314425044
2024-01-01,0.2177853790717102
2024-01-02,0.23018884947058682
2024-01-03,0.2362601445328438
2024-01-04,0.22405963926382608
2024-01-05,0.21714038188054544
2024-01-08,0.21550157623965088
2024-01-09,0.20774778083975545
2024-01-10,0.19683275763303945
2024-01-11,0.1953876827041223
2024-01-12,0.19824005409841627
2024-01-15,0.19434932551773534
2024-01-16,0.19692544128405887
2024-01-17,0.1852947888841312
2024-01-18,0.17851668939980772
2024-01-19,0.17737822120316743
2024-01-22,0.17425525035178602
2024-01-23,0.17151025839122616
2024-01-24,0.1670037014593448
2024-01-25,0.16604293074747145
2024-01-26,0.1684942456528399
2024-01-29,0.17261656016259933
2024-01-30,0.17230430000436245
2024-01-31,0.18003338569503924
2024-02-01,0.18473246314069605
2024-02-02,0.18777106912053593
2024-02-05,0.1901225712013314
2024-02-06,0.19246892652730113
2024-02-07,0.1984314111576893
2024-02-08,0.19691062059642278
2024-02-09,0.1911124707228994
2024-02-12,0.1924655344551484
2024-02-13,0.2033670934068908
2024-02-14,0.20703105710026182
2024-02-15,0.21028334458490716
2024-02-16,0.21229497958803306
2024-02-19,0.21281851072771107
2024-02-20,0.21770873356979903
2024-02-21,0.2106065523565873
2024-02-22,0.21432008343678227
2024-02-23,0.20508924596755693
2024-02-26,0.2073634323332087
2024-02-27,0.2104474134297894
2024-02-28,0.21609978979680877
2024-02-29,0.21357856300000372
2024-03-01,0.22222459232413577
2024-03-04,0.22265298653219673
2024-03-05,0.2180314520686577
2024-03-06,0.21324323423632904
2024-03-07,0.21528762032183513
2024-03-08,0.21731206625361696
2024-03-11,0.22061192309597447
2024-03-12,0.21956487597666022
2024-03-13,0.21893917780320624
2024-03-14,0.22073050182588508
2024-03-15,0.22556806434021173
2024-03-18,0.23665263065992553
2024-03-19,0.2439153427088018
2024-03-20,0.2508294812583679
2024-03-21,0.2602065262123253
2024-03-22,0.25660783992056035
2024-03-25,0.25417902692953376
2024-03-26,0.25317919377127385
2024-03-27,0.2564546863911336
2024-03-28,0.2572380713140034
2024-03-29,0.2596588238863667
2024-04-01,0.2648070402373274
2024-04-02,0.2753088072601443
2024-04-03,0.28150020707724277
2024-04-04,0.2813077475770771
2024-04-05,0.2875191841854472
2024-04-08,0.2866367270616669
2024-04-09,0.284141581848871
2024-04-10,0.29093144649018693
2024-04-11,0.29321408491557965
2024-04-12,0.297519301152269
2024-04-15,0.2986080015160844
2024-04-16,0.2964994819059619
2024-04-17,0.2761631403132712
2024-04-18,0.2603461623210015
2024-04-19,0.2561336513995796
2024-04-22,0.25853651095785024
2024-04-23,0.22507599239354878
2024-04-24,0.22069549037773944
2024-04-25,0.21276311986220903
2024-04-26,0.21490707378121207
2024-04-29,0.2148561752422845
2024-04-30,0.20900490666260146
2024-05-01,0.206321511545014
2024-05-02,0.19232542951288054
2024-05-03,0.17219240899825508
2024-05-06,0.1643277067305956
2024-05-07,0.16165354776121169
2024-05-08,0.16149020735727915
2024-05-09,0.16210360313527974
2024-05-10,0.16568279955977472
2024-05-13,0.16534781714131772
2024-05-14,0.17007577668089563
2024-05-15,0.17355301610866708
2024-05-16,0.1758623901859399
2024-05-17,0.1835434712326234
2024-05-20,0.18124249835996373
2024-05-21,0.18506399031462545
2024-05-22,0.19108706213349796
2024-05-23,0.19220127373288393
2024-05-24,0.19294609125912068
2024-05-27,0.19551222565455958
2024-05-28,0.20120911373991118
2024-05-29,0.20864025269410127
2024-05-30,0.21094305631049104
2024-05-31,0.2073107330140363
2024-06-03,0.20709288016221142
2024-06-04,0.19600438285355062
2024-06-05,0.18049918700532994
2024-06-06,0.1767528491922007
2024-06-07,0.17466138906020587
2024-06-10,0.17385680219030952
2024-06-11,0.17281622956292125
2024-06-12,0.17488251777940492
2024-06-13,0.16847763318968315
2024-06-14,0.15760448594311918
2024-06-17,0.15475750875246877
2024-06-18,0.1545235638971779
2024-06-19,0.1548614763440135
2024-06-20,0.16204374184638912
2024-06-21,0.16600899381457235
2024-06-24,0.17050676525792782
2024-06-25,0.17565386146089854
2024-06-26,0.1794867176636683
2024-06-27,0.18263078721238407
2024-06-28,0.1849127602707517
2024-07-01,0.1870149008833181
2024-07-02,0.18449052926110998
2024-07-03,0.1842656113590262
2024-07-04,0.18355456298987793
2024-07-05,0.1871122715125727
2024-07-08,0.18784523930443905
2024-07-09,0.1883086553787466
2024-07-10,0.1879173181072126
2024-07-11,0.19291110160008068
2024-07-12,0.19677069805219483
2024-07-15,0.19990802897125495
2024-07-16,0.20224679565918283
2024-07-17,0.20664132499213483
2024-07-18,0.20731397621058303
2024-07-19,0.20577909721393417
2024-07-22,0.20249980970130008
2024-07-23,0.19958030991977796
2024-07-24,0.19495634734941836
2024-07-25,0.1863664087596582
2024-07-26,0.18467700195897588
2024-07-29,0.17826684758723815
2024-07-30,0.1832434139431152
2024-07-31,0.1868469139784237
2024-08-01,0.190395732632495
2024-08-02,0.18713338619675138
2024-08-05,0.18797402433345303
2024-08-06,0.19085295266021562
2024-08-07,0.192038958208215
2024-08-08,0.18897817660602095
2024-08-09,0.18674682306999937
2024-08-12,0.18419539781193114
2024-08-13,0.18259081400343202
2024-08-14,0.18393448936881962
2024-08-15,0.18811835747676814
2024-08-16,0.1867023667921157
2024-08-19,0.18588687168542886
2024-08-20,0.18649649561877651
2024-08-21,0.19235955095622279
2024-08-22,0.19767128599512798
2024-08-23,0.20116603599807711
2024-08-26,0.20344625423274096
2024-08-27,0.20876692508881506
2024-08-28,0.21304487789557547
2024-08-29,0.21351450858509602
2024-08-30,0.21548619717691198
2024-09-02,0.21672952822712252
2024-09-03,0.22075503252870532
2024-09-04,0.2223064487110734
2024-09-05,0.22463746386691502
2024-09-06,0.22762911660491586
2024-09-09,0.22876903407260474
2024-09-10,0.23096717214046625
2024-09-11,0.2344093550395357
2024-09-12,0.23556831511530432
2024-09-13,0.23171221100378653
2024-09-16,0.2318848337142739
2024-09-17,0.233744039751538
2024-09-18,0.23118111625167065
2024-09-19,0.23735089751049349
2024-09-20,0.2423197889835557
2024-09-23,0.24400887043760514
2024-09-24,0.24531484229084033
2024-09-25,0.24785757392437632
2024-09-26,0.24558394101108594
2024-09-27,0.22958354556607022
2024-09-30,0.22366906610393494
2024-10-01,0.1973120088116083
2024-10-02,0.19332880835406854
2024-10-03,0.18295825475326852
2024-10-04,0.1538339674695581
2024-10-07,0.13545996567608942
2024-10-08,0.12466210741950783
2024-10-09,0.11652544437936903
2024-10-10,0.11160124299022034
2024-10-11,0.11287920305959048
2024-10-14,0.11407326262602438
2024-10-15,0.11702088880933567
2024-10-16,0.11968788095832465
2024-10-17,0.12350778796699713
2024-10-18,0.13131856732140415
2024-10-21,0.1334520670266091
2024-10-22,0.1399217528231333
2024-10-23,0.14748194988863464
2024-10-24,0.15218646417378517
2024-10-25,0.15930524759696416
2024-10-28,0.16741466456815207
2024-10-29,0.16692012137663437
2024-10-30,0.17176392674541477
2024-10-31,0.17539341940573705
2024-11-01,0.17266304369567229
2024-11-04,0.17134789893355631
2024-11-05,0.16882601790511245
2024-11-06,0.17544977451770172
2024-11-07,0.16816817890817198
2024-11-08,0.16434177287521726
2024-11-11,0.16012440508562634
2024-11-12,0.16184550603933795
2024-11-13,0.1640710813527429
2024-11-14,0.1700386413466735
2024-11-15,0.17853829313327546
2024-11-18,0.18401464707753545
2024-11-19,0.17974514357862637
2024-11-20,0.1811960826131181
2024-11-21,0.18244288697068078
2024-11-22,0.18601767683686943
2024-11-25,0.18881932312417488
2024-11-26,0.18158905344479742
2024-11-27,0.17970058930407337
2024-11-28,0.17699851665966382
2024-11-29,0.1777004460813841
2024-12-02,0.1803078753363608
2024-12-03,0.17721786837901599
2024-12-04,0.1765716391801049
2024-12-05,0.17856675064667693
2024-12-06,0.17884412821652537
2024-12-09,0.17606317231098823
2024-12-10,0.17403198921495014
2024-12-11,0.17397857163604494
2024-12-12,0.17879999349034528
2024-12-13,0.18508114039138093
2024-12-16,0.18985214380732235
2024-12-17,0.19524246817190696
2024-12-18,0.2026161303023545
2024-12-19,0.19166820097574644
2024-12-20,0.1932603202155144
2024-12-23,0.18806303458260917
2024-12-24,0.18858999654809008
2024-12-25,0.19200470826017874
2024-12-26,0.19864477744543566
2024-12-27,0.2079363388385388
2024-12-30,0.21663824474158372
2024-12-31,0.2233484147925589
2025-01-01,0.22778378586453643
2025-01-02,0.236842071059494
2025-01-03,0.2444702023896253
2025-01-06,0.2536354010427398
2025-01-07,0.24291808896708028
2025-01-08,0.24183139998967534
2025-01-09,0.23487192674117557
2025-01-10,0.24443281435378106
2025-01-13,0.22491040064528076
2025-01-14,0.22531942136025124
2025-01-15,0.22322258127940575
2025-01-16,0.20193534634917107
2025-01-17,0.20082387045295008
2025-01-20,0.19978159858800756
2025-01-21,0.205714651680762
2025-01-22,0.16478915640621583
2025-01-23,0.16119658095037456
2025-01-24,0.15945416463357862
2025-01-27,0.16055665176626174
2025-01-28,0.15609704672882246
2025-01-29,0.15198803493351526
2025-01-30,0.15162244290059185
2025-01-31,0.15229808039511414
2025-02-03,0.1546903563059836
2025-02-04,0.15725700813263865
2025-02-05,0.1447857256252612
2025-02-06,0.1448417934748005
2025-02-07,0.1457530325903872
2025-02-10,0.1466662933963697
2025-02-11,0.14436620649350893
2025-02-12,0.14785944692114075
2025-02-13,0.1497620729455544
2025-02-14,0.15334366947711595
2025-02-17,0.14609567779589072
2025-02-18,0.1488039457461612
2025-02-19,0.14981684633381637
2025-02-20,0.1488303072124797
2025-02-21,0.14858759008984831
2025-02-24,0.14571124389143228
2025-02-25,0.14403217571685314
2025-02-26,0.13931905987997778
2025-02-27,0.13755266507793756
2025-02-28,0.13604679957606278
2025-03-03,0.13950478019652027
2025-03-04,0.13525921442222125
2025-03-05,0.1393356131285805
2025-03-06,0.1403644506357167
2025-03-07,0.14538738303602503
2025-03-10,0.15351350120060447
2025-03-11,0.15856885995234699
2025-03-12,0.1643562263486927
2025-03-13,0.17087950272716548
2025-03-14,0.17751696236301936
2025-03-17,0.18151717906759357
2025-03-18,0.1860993734258833
2025-03-19,0.18816183166933623
2025-03-20,0.19287408395428715
2025-03-21,0.19615468248245643
2025-03-24,0.19851122564136442
2025-03-25,0.20129357777119644
2025-03-26,0.20006302996071862
2025-03-27,0.2006560731919472
2025-03-28,0.2009966840922412
2025-03-31,0.19982475141141204
2025-04-01,0.19641928462637862
2025-04-02,0.19487479918100303
2025-04-03,0.19374442769243752
2025-04-04,0.19352572746603774
2025-04-07,0.1812779359923246
2025-04-08,0.17981425082860136
2025-04-09,0.1789666546585071
2025-04-10,0.18004420154967654
2025-04-11,0.17492753477974135
2025-04-14,0.17330576660595068
2025-04-15,0.16939223409708196
2025-04-16,0.16818040972249518
2025-04-17,0.1677762127909555
2025-04-18,0.1671096438057634
2025-04-21,0.17002821778500002
2025-04-22,0.17099314403519578
2025-04-23,0.1723000903353954
2025-04-24,0.17096595065790474
2025-04-25,0.16949158633906294
2025-04-28,0.16938169082590854
2025-04-29,0.16890721855292057
2025-04-30,0.16919867878240616
2025-05-01,0.169833825568199
2025-05-02,0.16985202837519847
2025-05-05,0.17040762207034704
2025-05-06,0.17185708347770146
2025-05-07,0.16859794325341784
2025-05-08,0.16788909507746846
2025-05-09,0.16237542861142634
2025-05-12,0.15314130813253868
2025-05-13,0.14560903207769857
2025-05-14,0.14042677243492058
2025-05-15,0.13957786805927136
2025-05-16,0.1387508935640294
2025-05-19,0.14026000791515655
2025-05-20,0.14205853950294148
2025-05-21,0.14584214292930048
2025-05-22,0.1503479277324571
2025-05-23,0.15426223934425182
2025-05-26,0.15681384010690044
2025-05-27,0.16033537780076657
2025-05-28,0.16226417180995784
2025-05-29,0.16520289910737787
2025-05-30,0.16753697164715903
2025-06-02,0.17312253859260107
2025-06-03,0.1750538099666399
2025-06-04,0.17940533959885688
2025-06-05,0.1859242272492933
2025-06-06,0.19010207107494834
2025-06-09,0.19601104530078908
2025-06-10,0.203146000614654
2025-06-11,0.2069753464399493
2025-06-12,0.21009416548950674
2025-06-13,0.21634266187997742
2025-06-16,0.22274838866823124
2025-06-17,0.2269487622074787
2025-06-18,0.21965025013780554
2025-06-19,0.22061403401098284
2025-06-20,0.22586246571580804
2025-06-23,0.22267007873440067
2025-06-24,0.2243422846925361
2025-06-25,0.2225671671994419
2025-06-26,0.22838722279614856
2025-06-27,0.2179445666778375
2025-06-30,0.21476767668442867
2025-07-01,0.21649070799239334
2025-07-02,0.22616586487521276
2025-07-03,0.23099131699060013
2025-07-04,0.22959499857701854
2025-07-07,0.2373212406531398
2025-07-08,0.24198489905210951
2025-07-09,0.2390758776403546
2025-07-10,0.24518894064563448
2025-07-11,0.25436780033983875
2025-07-14,0.2551750484308251
2025-07-15,0.24733588322858785
2025-07-16,0.23819521365808086
2025-07-17,0.2379927079126949
2025-07-18,0.24137874289933295
2025-07-21,0.24855072652659677
2025-07-22,0.2414584228536684
2025-07-23,0.24717270961792268
2025-07-24,0.2421242519587993
2025-07-25,0.24160281326388772
2025-07-28,0.23650278590146404
2025-07-29,0.22830002673480015
2025-07-30,0.22185937885285667
2025-07-31,0.209572310159934
2025-08-01,0.17653528470807295
2025-08-04,0.17015731067477846
2025-08-05,0.1661268216543277
2025-08-06,0.16287091628222833
2025-08-07,0.1620223280193649
2025-08-08,0.16328657610426356
2025-08-11,0.16492092475592768
2025-08-12,0.166817361203711
2025-08-13,0.16600691694388237
2025-08-14,0.16862806683010562
2025-08-15,0.16973182971722708
2025-08-18,0.17205867272142328
2025-08-19,0.1761544524244982
2025-08-20,0.17948888538442512
2025-08-21,0.18295074500647324
2025-08-22,0.19317219242978131
2025-08-25,0.18607318612094398
2025-08-26,0.18520908526757643
2025-08-27,0.18837392804993447
2025-08-28,0.19354103702593986
2025-08-29,0.20290866361073878
2025-09-01,0.20948769787157948
2025-09-02,0.21879972878295859
2025-09-03,0.22478479237288823
2025-09-04,0.2328145906455207
2025-09-05,0.23708147246103853
2025-09-08,0.24304551429414542
2025-09-09,0.24862964055315867
2025-09-10,0.2534221789640723
2025-09-11,0.2578187990172094
2025-09-12,0.25858340635217697
2025-09-15,0.2662841136085439
2025-09-16,0.26571108222534234
2025-09-17,0.2720885464035133
2025-09-18,0.2719682055307948
2025-09-19,0.2708904834602883
2025-09-22,0.2760251575398191
2025-09-23,0.25009410324982895
2025-09-24,0.24945241531099785
2025-09-25,0.23692351845652856
2025-09-26,0.23500175068858864
2025-09-29,0.2207833084075372
2025-09-30,0.21971507283252317
2025-10-01,0.22198236713221445
2025-10-02,0.22576170619000122
2025-10-03,0.2268470984330165
2025-10-06,0.22210471131742507
2025-10-07,0.22127406872561403
2025-10-08,0.22220389106539554
2025-10-09,0.22041323202306934
2025-10-10,0.21648304391852985
2025-10-13,0.20117310197333066
2025-10-14,0.18102328705353332
2025-10-15,0.1771141472790907
2025-10-16,0.17958305356357357
2025-10-17,0.17723314702360124
2025-10-20,0.14614450178655877
2025-10-21,0.14014312069935356
2025-10-22,0.13616628368519207
2025-10-23,0.13316601181009358
2025-10-24,0.13118100129421198
2025-10-27,0.13137244994981195
2025-10-28,0.13198630788693017
2025-10-29,0.13538925854342268
2025-10-30,0.13676328647277788
2025-10-31,0.1374324797837197
2025-11-03,0.13613728651039592
2025-11-04,0.1374937400344567
2025-11-05,0.1340813070896761
2025-11-06,0.1339629318155621
2025-11-07,0.13284726803546995
2025-11-10,0.13515955896370418
2025-11-11,0.1328231107407716
2025-11-12,0.13402503149036302
2025-11-13,0.13697222889442803
2025-11-14,0.13969641572548153
2025-11-17,0.1354733286680662
2025-11-18,0.1325527485284958
2025-11-19,0.130679122794324
2025-11-20,0.12703553455059063
2025-11-21,0.12672261946405122
2025-11-24,0.1261378269107902
2025-11-25,0.128812925019832
2025-11-26,0.1331239419979459
2025-11-27,0.13580334453748125
2025-11-28,0.14120431010832907
2025-12-01,0.148406386507712
2025-12-02,0.1533295110905414
2025-12-03,0.1599121495014695
2025-12-04,0.16758985445921348
2025-12-05,0.17383189222875678
2025-12-08,0.1847545052666799
2025-12-09,0.19112984100793096
2025-12-10,0.19859357305219302
2025-12-11,0.21064033155442655
2025-12-12,0.21305526001180647
2025-12-15,0.22163277582348506
2025-12-16,0.2292594309908934
2025-12-17,0.2385102731245918
2025-12-18,0.24547669305390024
2025-12-19,0.2540681498781461
2025-12-22,0.25480573658876177
2025-12-23,0.2627950277192678
2025-12-24,0.2640569393252486
2025-12-25,0.2578400533564676
2025-12-26,0.2638048385178972
2025-12-29,0.2189642876406583
2025-12-30,0.1528722216241272
2025-12-31,0.14868457510888008
2026-01-01,0.14442161164187223
2026-01-02,0.1467124663041499
2026-01-05,0.14924128508172055
2026-01-06,0.15140382042863032
2026-01-07,0.15537802858519317
2026-01-08,0.15363245835861028
2026-01-09,0.14896791437620924
2026-01-12,0.14825672134492152
2026-01-13,0.14502074952131663
2026-01-14,0.1440503839803984
2026-01-15,0.14799560421914576
2026-01-16,0.15220704008352381
2026-01-19,0.15377269573106522
2026-01-20,0.15725665751715598
2026-01-21,0.157385779793596
2026-01-22,0.16086373909436455
2026-01-23,0.16460364872044944
2026-01-26,0.17130631429311746
2026-01-27,0.18169957704831216
2026-01-28,0.1875892967266339
2026-01-29,0.19337643972292018
2026-01-30,0.19973908559982473
2026-02-02,0.14591589176088138
2026-02-03,0.14173486140560895
2026-02-04,0.13705839438369882
2026-02-05,0.13638133563468718
2026-02-06,0.12429940513233147
2026-02-09,0.11987637583918027
2026-02-10,0.11564538882933884
2026-02-11,0.11471158638274224
2026-02-12,0.11534741980195623
2026-02-13,0.11361561236708523
2026-02-16,0.11500100292097433
2026-02-17,0.11861727876094506
2026-02-18,0.123412868242058
2026-02-19,0.12567946019461268
2026-02-20,0.12974971727830314
2026-02-23,0.1346901318359428
2026-02-24,0.1390875072156215
2026-02-25,0.14391795234715762
2026-02-26,0.14686484855185836
2026-02-27,0.15297396226286147
2026-03-02,0.16229234145041202
2026-03-03,0.1483440456725235
2026-03-04,0.1293133125112027
2026-03-05,0.12141372601532828
2026-03-06,0.1156750570806247
2026-03-09,0.1104731523183362
2026-03-10,0.10973096056881577
2026-03-11,0.10423246301868974
2026-03-12,0.09959400286071833
2026-03-13,0.10169458019215669
2026-03-16,0.10509231021473246
2026-03-17,0.10297100232847883
2026-03-18,0.1045318460754262
2026-03-19,0.10826567751366675
2026-03-20,0.11390768525149224
2026-03-23,0.1148584100548911
2026-03-24,0.10881525847322514
2026-03-25,0.11003027650265494
2026-03-26,0.11084285861673668
2026-03-27,0.1101360585551257
2026-03-30,0.11299429872714749
2026-03-31,0.1156328404095039
2026-04-01,0.11497081392385917
2026-04-02,0.11431770002818963
2026-04-03,0.11209826680544645
2026-04-06,0.11193252014947011
2026-04-07,0.1150652250464133
2026-04-08,0.11381564398611482
2026-04-09,0.08310357270209709
2026-04-10,0.08043334586179213
2026-04-13,0.07982184930710313
2026-04-14,0.08097257579978294
2026-04-15,0.0827328581030236
2026-04-16,0.08588406472642751
2026-04-17,0.08961222323968729
2026-04-20,0.09162129749220951
2026-04-21,0.09411505260928045
2026-04-22,0.09664864061499397
2026-04-23,0.09904098045675908
2026-04-24,0.10208668500688532
2026-04-27,0.10663576279565404
2026-04-28,0.11043191966333658
2026-04-29,0.11712678892390482
2026-04-30,0.12451880725745151
2026-05-01,0.1292153456919438
2026-05-04,0.13599823610884149
2026-05-05,0.14215953663717393
2026-05-06,0.14904877378359618
2026-05-07,0.1505880858420798
2026-05-08,0.1530326719747279
2026-05-11,0.15703549384867033
2026-05-12,0.15989432589700744
2026-05-13,0.16628356830389127
2026-05-14,0.1728971851647469
2026-05-15,0.17864455264053627
2026-05-18,0.17930355953438082
2026-05-19,0.18455803725934639
2026-05-20,0.1913551014169543
2026-05-21,0.18989021286694746
2026-05-22,0.18965481020315916
2026-05-25,0.19151215023726234
2026-05-26,0.19376982368989937
2026-05-27,0.1944891092720976
2026-05-28,0.19491796118702326
2026-05-29,0.19685529821403544
2026-06-01,0.2029179226155698
2026-06-02,0.20219328895002417
2026-06-03,0.2085955079779637
2026-06-04,0.21158107325932546
2026-06-05,0.21831143010326612
2026-06-08,0.20949932818227604
2026-06-09,0.21301429287006407
2026-06-10,0.21933798590665082
2026-06-11,0.22381888231843833
2026-06-12,0.22534296883587265
2026-06-15,0.22089941897406107
2026-06-16,0.2150318076199202
2026-06-17,0.2131335459633656
2026-06-18,0.21655535820872232
2026-06-19,0.21562138977991743
2026-06-22,0.218761120332087
2026-06-23,0.2233939712793422
2026-06-24,0.22514185812927845
2026-06-25,0.2291263077519661
2026-06-26,0.2330798892254197
2026-06-29,0.23786624050801372
2026-06-30,0.24116245606812992
2026-07-01,0.242563208520693
2026-07-02,0.24665623813692783
2026-07-03,0.24407389893954223
2026-07-06,0.24412289255984476
2026-07-07,0.24246057146472802
2026-07-08,0.24329336264683224
2026-07-09,0.2398171260318843
2026-07-10,0.23560592586903759
