2010,2015,2023-07,draw,picks,target,pool
0.0673,-0.0882,-0.9236,0,BP1 Curncy|CD1 Curncy|GX1 Index|HG1 Comdty|MES1 Index|NV1 Curncy|OE1 Comdty|RS1 Comdty|SB1 Comdty|SF1 Curncy|SM1 Comdty|TP1 Index|US1 Comdty|XB1 Comdty,sub100k_14,strict66
0.3567,0.4130,-0.4097,1,AD1 Curncy|BP1 Curncy|CF1 Index|CT1 Comdty|EC1 Curncy|HO1 Comdty|JY1 Curncy|LH1 Comdty|NQ1 Index|PA1 Comdty|SM1 Index|TY1 Comdty|UXY1 Comdty|W 1 Comdty,sub100k_14,strict66
0.0785,-0.0665,-0.3531,2,AD1 Curncy|C 1 Comdty|EC1 Curncy|ER4 Comdty|JY1 Curncy|KC1 Comdty|MES1 Index|NQ1 Index|PL1 Comdty|SF1 Curncy|SM1 Comdty|TU1 Comdty|XB1 Comdty|Z 1 Index,sub100k_14,strict66
0.4763,0.1908,0.1012,3,DM1 Index|EC1 Curncy|FC1 Comdty|GX1 Index|HO1 Comdty|JY1 Curncy|LH1 Comdty|NQ1 Index|PE1 Curncy|RX1 Comdty|S 1 Comdty|SF1 Curncy|SI1 Comdty|WN1 Comdty,sub100k_14,strict66
0.4172,0.2844,-0.0474,4,AD1 Curncy|BP1 Curncy|CD1 Curncy|DM1 Index|JY1 Curncy|LC1 Comdty|MES1 Index|NQ1 Index|QS1 Comdty|SB1 Comdty|SI1 Comdty|TU1 Comdty|TY1 Comdty|W 1 Comdty,sub100k_14,strict66
0.2046,0.1125,-0.0008,5,AD1 Curncy|BP1 Curncy|CD1 Curncy|DM1 Index|ER4 Comdty|NG1 Comdty|NO1 Index|PE1 Curncy|PL1 Comdty|QC1 Comdty|SFR5 Comdty|SM1 Comdty|TP1 Index|W 1 Comdty,sub100k_14,strict66
0.2649,0.2848,-0.4002,6,BO1 Comdty|CC1 Comdty|CD1 Curncy|CF1 Index|CO1 Comdty|CT1 Comdty|DU1 Comdty|EC1 Curncy|ES1 Index|NQ1 Index|NV1 Curncy|PA1 Comdty|SF1 Curncy|TU1 Comdty,sub100k_14,strict66
0.1346,0.1327,-0.4153,7,BP1 Curncy|CO1 Comdty|DF1 Comdty|EC1 Curncy|ES1 Index|FV1 Comdty|KW1 Comdty|NQ1 Index|NV1 Curncy|PL1 Comdty|QW1 Comdty|SF1 Curncy|TU1 Comdty|VG1 Index,sub100k_14,strict66
-0.1362,-0.2959,-0.4480,8,AD1 Curncy|BP1 Curncy|CT1 Comdty|DU1 Comdty|HO1 Comdty|KW1 Comdty|NV1 Curncy|PL1 Comdty|SF1 Curncy|SM1 Index|TP1 Index|W 1 Comdty|WN1 Comdty|Z 1 Index,sub100k_14,strict66
0.2862,0.0028,-0.1200,9,AD1 Curncy|BO1 Comdty|CD1 Curncy|CL1 Comdty|GX1 Index|KC1 Comdty|NQ1 Index|NV1 Curncy|OAT1 Comdty|PE1 Curncy|QC1 Comdty|RTY1 Index|SI1 Comdty|UB1 Comdty,sub100k_14,strict66
0.2896,0.3106,-0.2766,10,BP1 Curncy|CD1 Curncy|JY1 Curncy|LH1 Comdty|MES1 Index|NO1 Index|PA1 Comdty|PE1 Curncy|QW1 Comdty|RTY1 Index|US1 Comdty|UXY1 Comdty|W 1 Comdty|XB1 Comdty,sub100k_14,strict66
0.2731,0.2977,-0.8700,11,C 1 Comdty|CD1 Curncy|DM1 Index|EC1 Curncy|GX1 Index|JY1 Curncy|NV1 Curncy|PA1 Comdty|RS1 Comdty|SB1 Comdty|SFI5 Comdty|TY1 Comdty|VG1 Index|XB1 Comdty,sub100k_14,strict66
0.7233,0.7128,0.9680,12,BP1 Curncy|CC1 Comdty|CO1 Comdty|EC1 Curncy|ER4 Comdty|ES1 Index|FV1 Comdty|GC1 Comdty|LC1 Comdty|LH1 Comdty|NO1 Index|NV1 Curncy|PE1 Curncy|TP1 Index,sub100k_14,strict66
0.2734,0.1699,-0.4316,13,AD1 Curncy|BP1 Curncy|ES1 Index|FC1 Comdty|GX1 Index|IK1 Comdty|PA1 Comdty|PE1 Curncy|QW1 Comdty|S 1 Comdty|SF1 Curncy|TP1 Index|WN1 Comdty|XB1 Comdty,sub100k_14,strict66
0.4088,0.1516,-0.5891,14,BP1 Curncy|CF1 Index|EC1 Curncy|EO1 Index|FC1 Comdty|IK1 Comdty|KC1 Comdty|PA1 Comdty|PE1 Curncy|QS1 Comdty|RTY1 Index|SB1 Comdty|SF1 Curncy|UB1 Comdty,sub100k_14,strict66
0.2565,0.2528,-0.3216,15,AD1 Curncy|BO1 Comdty|BP1 Curncy|C 1 Comdty|EC1 Curncy|HO1 Comdty|IK1 Comdty|JB1 Comdty|NO1 Index|NV1 Curncy|PA1 Comdty|QC1 Comdty|SM1 Index|Z 1 Index,sub100k_14,strict66
0.2619,0.1071,-0.3223,16,AD1 Curncy|CD1 Curncy|CO1 Comdty|ES1 Index|FC1 Comdty|HG1 Comdty|NV1 Curncy|QC1 Comdty|RTY1 Index|SF1 Curncy|SM1 Comdty|SM1 Index|TY1 Comdty|UXY1 Comdty,sub100k_14,strict66
0.1400,-0.0092,-0.6377,17,AD1 Curncy|BP1 Curncy|CC1 Comdty|CD1 Curncy|MES1 Index|NG1 Comdty|NQ1 Index|NV1 Curncy|OE1 Comdty|PL1 Comdty|QW1 Comdty|RS1 Comdty|SM1 Index|UXY1 Comdty,sub100k_14,strict66
0.1010,-0.1066,-0.2527,18,AD1 Curncy|BO1 Comdty|CD1 Curncy|GX1 Index|JB1 Comdty|PE1 Curncy|QS1 Comdty|SB1 Comdty|SF1 Curncy|SI1 Comdty|SM1 Comdty|TP1 Index|TY1 Comdty|Z 1 Index,sub100k_14,strict66
-0.0658,-0.2826,-0.6657,19,BP1 Curncy|CD1 Curncy|CF1 Index|CL1 Comdty|JB1 Comdty|JY1 Curncy|LC1 Comdty|PE1 Curncy|PL1 Comdty|RX1 Comdty|S 1 Comdty|SM1 Index|W 1 Comdty|Z 1 Index,sub100k_14,strict66
0.2400,-0.0004,-0.5880,20,AD1 Curncy|CD1 Curncy|ER4 Comdty|GX1 Index|NO1 Index|PE1 Curncy|RS1 Comdty|RTY1 Index|S 1 Comdty|SB1 Comdty|SF1 Curncy|SFI5 Comdty|SI1 Comdty|XB1 Comdty,sub100k_14,strict66
0.0728,-0.0793,-0.3892,21,AD1 Curncy|BP1 Curncy|C 1 Comdty|EC1 Curncy|ER4 Comdty|KW1 Comdty|NG1 Comdty|PL1 Comdty|RTY1 Index|SF1 Curncy|TP1 Index|TY1 Comdty|VG1 Index|W 1 Comdty,sub100k_14,strict66
0.2972,0.1147,-0.7224,22,BP1 Curncy|C 1 Comdty|DU1 Comdty|EC1 Curncy|ER4 Comdty|ES1 Index|HG1 Comdty|JY1 Curncy|NG1 Comdty|NO1 Index|RS1 Comdty|SB1 Comdty|SF1 Curncy|SM1 Index,sub100k_14,strict66
0.1675,-0.1098,-0.4270,23,AD1 Curncy|BP1 Curncy|CL1 Comdty|DM1 Index|JY1 Curncy|KW1 Comdty|LC1 Comdty|MES1 Index|OE1 Comdty|SB1 Comdty|SF1 Curncy|SI1 Comdty|TY1 Comdty|Z 1 Index,sub100k_14,strict66
0.4518,0.2268,0.0142,24,AD1 Curncy|BP1 Curncy|CC1 Comdty|EC1 Curncy|FC1 Comdty|HG1 Comdty|JY1 Curncy|NO1 Index|NQ1 Index|OAT1 Comdty|RS1 Comdty|UB1 Comdty|XB1 Comdty|Z 1 Index,sub100k_14,strict66
0.2385,-0.0239,-0.0934,25,AD1 Curncy|CC1 Comdty|EC1 Curncy|EO1 Index|ES1 Index|G 1 Comdty|GX1 Index|HO1 Comdty|JY1 Curncy|OAT1 Comdty|QW1 Comdty|SF1 Curncy|SI1 Comdty|W 1 Comdty,sub100k_14,strict66
0.2273,0.2364,0.3733,26,AD1 Curncy|C 1 Comdty|CF1 Index|CL1 Comdty|EC1 Curncy|EO1 Index|HG1 Comdty|JB1 Comdty|JY1 Curncy|KC1 Comdty|NO1 Index|PE1 Curncy|QC1 Comdty|TY1 Comdty,sub100k_14,strict66
0.3015,0.0821,-0.4083,27,DF1 Comdty|DM1 Index|EC1 Curncy|FC1 Comdty|HG1 Comdty|MES1 Index|NV1 Curncy|OAT1 Comdty|PE1 Curncy|RS1 Comdty|RX1 Comdty|SF1 Curncy|VG1 Index|XB1 Comdty,sub100k_14,strict66
0.2213,-0.0125,-0.3132,28,CD1 Curncy|CT1 Comdty|EC1 Curncy|JY1 Curncy|MES1 Index|NG1 Comdty|NO1 Index|NQ1 Index|NV1 Curncy|OE1 Comdty|PL1 Comdty|S 1 Comdty|UB1 Comdty|W 1 Comdty,sub100k_14,strict66
0.1700,-0.0525,-0.5764,29,AD1 Curncy|BP1 Curncy|CD1 Curncy|CL1 Comdty|EO1 Index|ES1 Index|JY1 Curncy|OE1 Comdty|PL1 Comdty|QC1 Comdty|QW1 Comdty|RS1 Comdty|SM1 Index|UB1 Comdty,sub100k_14,strict66
0.2797,0.2387,-0.4502,30,AD1 Curncy|BP1 Curncy|EC1 Curncy|KW1 Comdty|NG1 Comdty|NO1 Index|NV1 Curncy|OAT1 Comdty|PA1 Comdty|QC1 Comdty|RS1 Comdty|RTY1 Index|US1 Comdty|Z 1 Index,sub100k_14,strict66
0.3822,0.3481,-0.3198,31,AD1 Curncy|CC1 Comdty|DM1 Index|FV1 Comdty|IK1 Comdty|JY1 Curncy|LH1 Comdty|NV1 Curncy|PA1 Comdty|PE1 Curncy|RTY1 Index|SM1 Comdty|VG1 Index|XB1 Comdty,sub100k_14,strict66
0.2349,0.3392,-0.3697,32,BO1 Comdty|CL1 Comdty|DF1 Comdty|ES1 Index|JY1 Curncy|KW1 Comdty|MES1 Index|NV1 Curncy|PA1 Comdty|PE1 Curncy|SF1 Curncy|SFR5 Comdty|SM1 Index|UXY1 Comdty,sub100k_14,strict66
0.1567,-0.0862,-0.1893,33,AD1 Curncy|BP1 Curncy|CC1 Comdty|CF1 Index|FC1 Comdty|LC1 Comdty|NG1 Comdty|NV1 Curncy|RTY1 Index|SF1 Curncy|SFI5 Comdty|SI1 Comdty|SM1 Index|UXY1 Comdty,sub100k_14,strict66
0.1314,0.1206,-0.3806,34,AD1 Curncy|BP1 Curncy|C 1 Comdty|DF1 Comdty|EC1 Curncy|GX1 Index|HG1 Comdty|LC1 Comdty|NQ1 Index|NV1 Curncy|OE1 Comdty|TU1 Comdty|VG1 Index|XB1 Comdty,sub100k_14,strict66
0.2775,0.3194,-0.4355,35,CD1 Curncy|CO1 Comdty|DF1 Comdty|JY1 Curncy|KW1 Comdty|NV1 Curncy|PE1 Curncy|PL1 Comdty|RS1 Comdty|RTY1 Index|SFI5 Comdty|SFR5 Comdty|SM1 Index|TP1 Index,sub100k_14,strict66
0.2615,0.3332,0.4467,36,AD1 Curncy|BP1 Curncy|C 1 Comdty|EC1 Curncy|EO1 Index|GC1 Comdty|GX1 Index|HO1 Comdty|KW1 Comdty|NQ1 Index|QW1 Comdty|SF1 Curncy|SFR5 Comdty|TU1 Comdty,sub100k_14,strict66
0.3599,0.4000,0.7465,37,C 1 Comdty|CL1 Comdty|CT1 Comdty|EC1 Curncy|FV1 Comdty|GC1 Comdty|JY1 Curncy|PE1 Curncy|S 1 Comdty|SF1 Curncy|SFR5 Comdty|TP1 Index|VG1 Index|Z 1 Index,sub100k_14,strict66
0.0505,-0.1517,-0.4077,38,AD1 Curncy|BP1 Curncy|G 1 Comdty|JY1 Curncy|NG1 Comdty|NO1 Index|NV1 Curncy|OAT1 Comdty|PL1 Comdty|QC1 Comdty|QW1 Comdty|VG1 Index|W 1 Comdty|Z 1 Index,sub100k_14,strict66
0.0699,-0.1075,-0.1437,39,AD1 Curncy|BP1 Curncy|CT1 Comdty|DF1 Comdty|DU1 Comdty|EO1 Index|G 1 Comdty|NO1 Index|NV1 Curncy|QS1 Comdty|QW1 Comdty|SF1 Curncy|SI1 Comdty|Z 1 Index,sub100k_14,strict66
0.1287,-0.0246,-0.5630,40,AD1 Curncy|BO1 Comdty|DF1 Comdty|DM1 Index|ER4 Comdty|GX1 Index|HO1 Comdty|JY1 Curncy|NO1 Index|NV1 Curncy|OE1 Comdty|PL1 Comdty|SB1 Comdty|SF1 Curncy,sub100k_14,strict66
0.1827,0.0774,-0.0281,41,BP1 Curncy|DU1 Comdty|G 1 Comdty|GC1 Comdty|GX1 Index|HO1 Comdty|MES1 Index|NV1 Curncy|PE1 Curncy|RS1 Comdty|S 1 Comdty|SF1 Curncy|SM1 Comdty|TP1 Index,sub100k_14,strict66
0.2025,0.1489,-0.4302,42,AD1 Curncy|BP1 Curncy|C 1 Comdty|CD1 Curncy|CF1 Index|GX1 Index|HO1 Comdty|JY1 Curncy|LH1 Comdty|OAT1 Comdty|PL1 Comdty|RS1 Comdty|TP1 Index|US1 Comdty,sub100k_14,strict66
0.5753,0.4012,0.3505,43,CD1 Curncy|CF1 Index|CO1 Comdty|EC1 Curncy|GC1 Comdty|LC1 Comdty|LH1 Comdty|NQ1 Index|OAT1 Comdty|PE1 Curncy|RTY1 Index|SF1 Curncy|TY1 Comdty|W 1 Comdty,sub100k_14,strict66
0.4730,0.4021,-0.5053,44,AD1 Curncy|CO1 Comdty|DM1 Index|EC1 Curncy|EO1 Index|JY1 Curncy|LH1 Comdty|NO1 Index|PA1 Comdty|QW1 Comdty|S 1 Comdty|SF1 Curncy|UB1 Comdty|WN1 Comdty,sub100k_14,strict66
0.5074,0.1948,-0.0142,45,AD1 Curncy|DM1 Index|EC1 Curncy|ER4 Comdty|FC1 Comdty|JY1 Curncy|KW1 Comdty|NO1 Index|PE1 Curncy|QS1 Comdty|QW1 Comdty|RX1 Comdty|SI1 Comdty|TP1 Index,sub100k_14,strict66
0.2385,0.2283,-0.5724,46,AD1 Curncy|CD1 Curncy|CF1 Index|EC1 Curncy|ES1 Index|FV1 Comdty|G 1 Comdty|LC1 Comdty|NG1 Comdty|NQ1 Index|PA1 Comdty|PE1 Curncy|QW1 Comdty|S 1 Comdty,sub100k_14,strict66
0.1793,0.1861,-0.2847,47,BP1 Curncy|CD1 Curncy|DF1 Comdty|EC1 Curncy|ER4 Comdty|ES1 Index|HO1 Comdty|LC1 Comdty|NQ1 Index|PL1 Comdty|QC1 Comdty|SF1 Curncy|SFI5 Comdty|Z 1 Index,sub100k_14,strict66
0.0322,0.0259,-0.4703,48,AD1 Curncy|BO1 Comdty|BP1 Curncy|C 1 Comdty|EC1 Curncy|GX1 Index|HO1 Comdty|NO1 Index|NV1 Curncy|PL1 Comdty|SB1 Comdty|SFR5 Comdty|US1 Comdty|VG1 Index,sub100k_14,strict66
0.5011,0.4756,0.6578,49,BO1 Comdty|BP1 Curncy|CC1 Comdty|CD1 Curncy|CT1 Comdty|EC1 Curncy|GC1 Comdty|MES1 Index|NQ1 Index|QS1 Comdty|SF1 Curncy|SM1 Index|TY1 Comdty|WN1 Comdty,sub100k_14,strict66
0.2731,0.1806,-0.3688,50,AD1 Curncy|EC1 Curncy|FC1 Comdty|KW1 Comdty|LH1 Comdty|NO1 Index|NV1 Curncy|OAT1 Comdty|PA1 Comdty|PE1 Curncy|SM1 Index|US1 Comdty|XB1 Comdty|Z 1 Index,sub100k_14,strict66
0.3997,0.2199,-0.7089,51,CO1 Comdty|DF1 Comdty|EC1 Curncy|GX1 Index|HG1 Comdty|JY1 Curncy|KC1 Comdty|NV1 Curncy|PE1 Curncy|RTY1 Index|SFI5 Comdty|SM1 Comdty|SM1 Index|UB1 Comdty,sub100k_14,strict66
0.3791,0.2400,-0.5713,52,BO1 Comdty|CD1 Curncy|CO1 Comdty|DU1 Comdty|EC1 Curncy|EO1 Index|FC1 Comdty|GX1 Index|NO1 Index|NV1 Curncy|OAT1 Comdty|PA1 Comdty|PE1 Curncy|SB1 Comdty,sub100k_14,strict66
0.3081,0.1338,-0.1044,53,CC1 Comdty|CD1 Curncy|CL1 Comdty|EC1 Curncy|FC1 Comdty|KW1 Comdty|MES1 Index|NQ1 Index|NV1 Curncy|SF1 Curncy|SFI5 Comdty|SI1 Comdty|US1 Comdty|VG1 Index,sub100k_14,strict66
0.2582,0.0936,-0.8649,54,AD1 Curncy|BP1 Curncy|ES1 Index|JY1 Curncy|MES1 Index|NQ1 Index|OE1 Comdty|PE1 Curncy|PL1 Comdty|QW1 Comdty|RS1 Comdty|S 1 Comdty|SFI5 Comdty|XB1 Comdty,sub100k_14,strict66
0.0007,-0.2656,-0.8172,55,AD1 Curncy|BO1 Comdty|C 1 Comdty|CF1 Index|G 1 Comdty|JY1 Curncy|NG1 Comdty|NV1 Curncy|OAT1 Comdty|PE1 Curncy|PL1 Comdty|SM1 Index|W 1 Comdty|Z 1 Index,sub100k_14,strict66
0.3865,0.1904,0.1611,56,AD1 Curncy|BO1 Comdty|BP1 Curncy|C 1 Comdty|CD1 Curncy|ER4 Comdty|FC1 Comdty|G 1 Comdty|GC1 Comdty|MES1 Index|NV1 Curncy|QS1 Comdty|RTY1 Index|Z 1 Index,sub100k_14,strict66
0.1961,0.0254,0.2988,57,BO1 Comdty|BP1 Curncy|C 1 Comdty|EC1 Curncy|EO1 Index|JB1 Comdty|JY1 Curncy|NO1 Index|NV1 Curncy|QC1 Comdty|SI1 Comdty|US1 Comdty|XB1 Comdty|Z 1 Index,sub100k_14,strict66
0.3258,0.2828,0.3211,58,AD1 Curncy|C 1 Comdty|CD1 Curncy|CO1 Comdty|G 1 Comdty|GC1 Comdty|LC1 Comdty|MES1 Index|NV1 Curncy|PE1 Curncy|RTY1 Index|S 1 Comdty|TU1 Comdty|Z 1 Index,sub100k_14,strict66
0.2011,0.1003,-0.2786,59,BO1 Comdty|C 1 Comdty|DM1 Index|EC1 Curncy|EO1 Index|NQ1 Index|NV1 Curncy|OAT1 Comdty|PE1 Curncy|PL1 Comdty|QC1 Comdty|QS1 Comdty|SF1 Curncy|TU1 Comdty,sub100k_14,strict66
0.2426,0.0245,-0.7430,60,AD1 Curncy|BP1 Curncy|ES1 Index|G 1 Comdty|HG1 Comdty|LH1 Comdty|NG1 Comdty|NQ1 Index|OAT1 Comdty|PE1 Curncy|SF1 Curncy|SM1 Comdty|VG1 Index|W 1 Comdty,sub100k_14,strict66
0.2754,0.1378,-0.6762,61,AD1 Curncy|BO1 Comdty|BP1 Curncy|CF1 Index|CO1 Comdty|HG1 Comdty|JY1 Curncy|NO1 Index|NV1 Curncy|QC1 Comdty|QW1 Comdty|RX1 Comdty|SM1 Index|WN1 Comdty,sub100k_14,strict66
0.2817,0.2421,0.5728,62,AD1 Curncy|BP1 Curncy|CC1 Comdty|CD1 Curncy|DU1 Comdty|GC1 Comdty|HO1 Comdty|KC1 Comdty|KW1 Comdty|MES1 Index|NQ1 Index|NV1 Curncy|VG1 Index|WN1 Comdty,sub100k_14,strict66
0.5114,0.4119,0.4038,63,BP1 Curncy|C 1 Comdty|CD1 Curncy|DM1 Index|EC1 Curncy|ES1 Index|FC1 Comdty|GC1 Comdty|LH1 Comdty|RTY1 Index|SF1 Curncy|SFI5 Comdty|SFR5 Comdty|XB1 Comdty,sub100k_14,strict66
0.1829,-0.0051,-0.7383,64,AD1 Curncy|CD1 Curncy|CF1 Index|DU1 Comdty|EC1 Curncy|EO1 Index|HG1 Comdty|JY1 Curncy|KC1 Comdty|QS1 Comdty|RS1 Comdty|RTY1 Index|SM1 Comdty|UB1 Comdty,sub100k_14,strict66
0.2891,0.2905,0.1175,65,AD1 Curncy|CC1 Comdty|CD1 Curncy|G 1 Comdty|GX1 Index|HG1 Comdty|HO1 Comdty|JY1 Curncy|LH1 Comdty|MES1 Index|NO1 Index|NV1 Curncy|OAT1 Comdty|QC1 Comdty,sub100k_14,strict66
0.1247,-0.0321,-0.1426,66,AD1 Curncy|BP1 Curncy|CL1 Comdty|DF1 Comdty|FC1 Comdty|JB1 Comdty|JY1 Curncy|PE1 Curncy|PL1 Comdty|RS1 Comdty|SM1 Index|US1 Comdty|VG1 Index|Z 1 Index,sub100k_14,strict66
0.3623,0.2803,0.5078,67,AD1 Curncy|BO1 Comdty|C 1 Comdty|CL1 Comdty|EC1 Curncy|ES1 Index|GC1 Comdty|JB1 Comdty|PE1 Curncy|RTY1 Index|SB1 Comdty|SF1 Curncy|TP1 Index|TU1 Comdty,sub100k_14,strict66
0.4781,0.2478,0.4087,68,EC1 Curncy|ES1 Index|GC1 Comdty|KW1 Comdty|LH1 Comdty|NG1 Comdty|NO1 Index|NV1 Curncy|PE1 Curncy|RTY1 Index|RX1 Comdty|SF1 Curncy|SM1 Comdty|WN1 Comdty,sub100k_14,strict66
0.2714,0.2714,-0.5835,69,BO1 Comdty|CC1 Comdty|CD1 Curncy|CF1 Index|CL1 Comdty|DM1 Index|EC1 Curncy|LH1 Comdty|NV1 Curncy|OE1 Comdty|PA1 Comdty|PE1 Curncy|TP1 Index|UXY1 Comdty,sub100k_14,strict66
0.5282,0.2778,0.8634,70,AD1 Curncy|BO1 Comdty|BP1 Curncy|CC1 Comdty|DM1 Index|FC1 Comdty|GC1 Comdty|HO1 Comdty|JB1 Comdty|JY1 Curncy|NO1 Index|RTY1 Index|SF1 Curncy|UB1 Comdty,sub100k_14,strict66
0.4887,0.4341,0.4122,71,BO1 Comdty|BP1 Curncy|CT1 Comdty|DM1 Index|EC1 Curncy|GC1 Comdty|GX1 Index|JY1 Curncy|NV1 Curncy|QS1 Comdty|SM1 Comdty|TP1 Index|TY1 Comdty|WN1 Comdty,sub100k_14,strict66
0.3508,0.1063,0.3620,72,CD1 Curncy|CT1 Comdty|EC1 Curncy|GC1 Comdty|HO1 Comdty|JY1 Curncy|KW1 Comdty|NV1 Curncy|OE1 Comdty|RTY1 Index|RX1 Comdty|TP1 Index|W 1 Comdty|Z 1 Index,sub100k_14,strict66
0.5493,0.3422,-0.1369,73,AD1 Curncy|CD1 Curncy|CO1 Comdty|DM1 Index|FC1 Comdty|FV1 Comdty|JY1 Curncy|NQ1 Index|NV1 Curncy|QW1 Comdty|RTY1 Index|SB1 Comdty|SFR5 Comdty|SI1 Comdty,sub100k_14,strict66
0.3590,0.1599,0.4392,74,CD1 Curncy|EC1 Curncy|GC1 Comdty|JY1 Curncy|KC1 Comdty|KW1 Comdty|NG1 Comdty|NV1 Curncy|S 1 Comdty|TP1 Index|UB1 Comdty|VG1 Index|WN1 Comdty|Z 1 Index,sub100k_14,strict66
0.5904,0.3807,0.4695,75,AD1 Curncy|BP1 Curncy|CT1 Comdty|EO1 Index|GC1 Comdty|IK1 Comdty|JY1 Curncy|NQ1 Index|QC1 Comdty|QS1 Comdty|SF1 Curncy|SFI5 Comdty|SM1 Index|W 1 Comdty,sub100k_14,strict66
0.1920,-0.0216,-0.4416,76,BO1 Comdty|C 1 Comdty|CD1 Curncy|G 1 Comdty|HG1 Comdty|JY1 Curncy|KW1 Comdty|NO1 Index|NQ1 Index|NV1 Curncy|QS1 Comdty|RX1 Comdty|SF1 Curncy|Z 1 Index,sub100k_14,strict66
0.4366,0.4028,0.1598,77,AD1 Curncy|CT1 Comdty|DM1 Index|ER4 Comdty|JY1 Curncy|KC1 Comdty|LC1 Comdty|NG1 Comdty|NO1 Index|NV1 Curncy|PA1 Comdty|PE1 Curncy|TP1 Index|WN1 Comdty,sub100k_14,strict66
0.3085,0.1908,-0.4030,78,AD1 Curncy|BP1 Curncy|CD1 Curncy|CO1 Comdty|EO1 Index|KC1 Comdty|KW1 Comdty|PA1 Comdty|QC1 Comdty|SF1 Curncy|SFR5 Comdty|SM1 Index|UB1 Comdty|Z 1 Index,sub100k_14,strict66
0.2871,0.3101,-0.4188,79,BP1 Curncy|CF1 Index|HO1 Comdty|JY1 Curncy|KC1 Comdty|PA1 Comdty|PE1 Curncy|RS1 Comdty|RTY1 Index|SF1 Curncy|SFR5 Comdty|TY1 Comdty|VG1 Index|W 1 Comdty,sub100k_14,strict66
0.2497,0.0816,-0.6737,80,BP1 Curncy|CD1 Curncy|CF1 Index|ES1 Index|G 1 Comdty|HG1 Comdty|JY1 Curncy|KW1 Comdty|LC1 Comdty|NG1 Comdty|NO1 Index|NV1 Curncy|RS1 Comdty|UB1 Comdty,sub100k_14,strict66
0.4906,0.4508,0.5877,81,AD1 Curncy|CD1 Curncy|EC1 Curncy|EO1 Index|ES1 Index|GC1 Comdty|JY1 Curncy|QW1 Comdty|RS1 Comdty|SFR5 Comdty|TP1 Index|TY1 Comdty|W 1 Comdty|XB1 Comdty,sub100k_14,strict66
0.0315,-0.2300,-0.2183,82,AD1 Curncy|CD1 Curncy|CT1 Comdty|DM1 Index|G 1 Comdty|GX1 Index|KC1 Comdty|LC1 Comdty|PE1 Curncy|PL1 Comdty|RX1 Comdty|SF1 Curncy|TP1 Index|XB1 Comdty,sub100k_14,strict66
0.2683,0.1305,-0.1798,83,CD1 Curncy|HG1 Comdty|JY1 Curncy|KC1 Comdty|KW1 Comdty|MES1 Index|NO1 Index|OAT1 Comdty|PE1 Curncy|RS1 Comdty|SF1 Curncy|US1 Comdty|VG1 Index|XB1 Comdty,sub100k_14,strict66
0.3427,0.2720,-0.3854,84,DF1 Comdty|EC1 Curncy|ES1 Index|GX1 Index|HG1 Comdty|HO1 Comdty|JY1 Curncy|KW1 Comdty|MES1 Index|NV1 Curncy|PE1 Curncy|QW1 Comdty|RX1 Comdty|SFR5 Comdty,sub100k_14,strict66
0.4111,0.3904,0.3302,85,BP1 Curncy|C 1 Comdty|CD1 Curncy|GC1 Comdty|HO1 Comdty|IK1 Comdty|JY1 Curncy|MES1 Index|PE1 Curncy|QC1 Comdty|QW1 Comdty|SFI5 Comdty|VG1 Index|Z 1 Index,sub100k_14,strict66
0.4397,0.3240,-0.1673,86,BP1 Curncy|CD1 Curncy|CO1 Comdty|DF1 Comdty|JY1 Curncy|NQ1 Index|NV1 Curncy|QW1 Comdty|SB1 Comdty|SI1 Comdty|SM1 Index|TP1 Index|TY1 Comdty|WN1 Comdty,sub100k_14,strict66
0.2732,0.2603,0.1433,87,BP1 Curncy|CL1 Comdty|DF1 Comdty|EC1 Curncy|G 1 Comdty|GC1 Comdty|GX1 Index|MES1 Index|PE1 Curncy|S 1 Comdty|SB1 Comdty|SF1 Curncy|TY1 Comdty|VG1 Index,sub100k_14,strict66
0.2323,0.0198,0.1615,88,AD1 Curncy|DF1 Comdty|EC1 Curncy|ER4 Comdty|JB1 Comdty|KC1 Comdty|LH1 Comdty|NQ1 Index|PE1 Curncy|SF1 Curncy|SI1 Comdty|VG1 Index|XB1 Comdty|Z 1 Index,sub100k_14,strict66
0.2542,0.0834,-0.4329,89,AD1 Curncy|CD1 Curncy|DM1 Index|ES1 Index|FC1 Comdty|IK1 Comdty|JB1 Comdty|KW1 Comdty|NV1 Curncy|PA1 Comdty|PE1 Curncy|SM1 Comdty|SM1 Index|XB1 Comdty,sub100k_14,strict66
0.3473,0.2986,-0.8346,90,AD1 Curncy|BP1 Curncy|CO1 Comdty|EO1 Index|ES1 Index|HG1 Comdty|JY1 Curncy|NQ1 Index|NV1 Curncy|QW1 Comdty|RS1 Comdty|SM1 Comdty|TU1 Comdty|WN1 Comdty,sub100k_14,strict66
0.2615,0.1147,-0.1423,91,AD1 Curncy|EC1 Curncy|GX1 Index|IK1 Comdty|JY1 Curncy|KW1 Comdty|OAT1 Comdty|PE1 Curncy|PL1 Comdty|QC1 Comdty|QS1 Comdty|TP1 Index|VG1 Index|W 1 Comdty,sub100k_14,strict66
0.0184,-0.0477,-0.5773,92,AD1 Curncy|BP1 Curncy|CF1 Index|FV1 Comdty|HG1 Comdty|HO1 Comdty|KC1 Comdty|LC1 Comdty|OE1 Comdty|PE1 Curncy|QW1 Comdty|SF1 Curncy|SM1 Index|VG1 Index,sub100k_14,strict66
0.1688,0.0394,-0.4002,93,AD1 Curncy|C 1 Comdty|EC1 Curncy|G 1 Comdty|HG1 Comdty|HO1 Comdty|JB1 Comdty|KW1 Comdty|NQ1 Index|PE1 Curncy|RS1 Comdty|RTY1 Index|SF1 Curncy|SM1 Index,sub100k_14,strict66
0.2929,0.0086,0.1690,94,CC1 Comdty|ES1 Index|G 1 Comdty|HO1 Comdty|JY1 Curncy|KW1 Comdty|NV1 Curncy|PE1 Curncy|RS1 Comdty|RX1 Comdty|SF1 Curncy|SI1 Comdty|TP1 Index|VG1 Index,sub100k_14,strict66
0.4592,0.3095,-0.7138,95,AD1 Curncy|CF1 Index|CO1 Comdty|CT1 Comdty|EC1 Curncy|IK1 Comdty|JY1 Curncy|KW1 Comdty|NO1 Index|NV1 Curncy|PA1 Comdty|SB1 Comdty|SM1 Index|UXY1 Comdty,sub100k_14,strict66
0.0043,-0.0992,-0.4298,96,AD1 Curncy|CD1 Curncy|CL1 Comdty|CT1 Comdty|EO1 Index|HG1 Comdty|JB1 Comdty|PE1 Curncy|RTY1 Index|SB1 Comdty|SF1 Curncy|SM1 Comdty|SM1 Index|US1 Comdty,sub100k_14,strict66
0.2794,0.2602,0.8314,97,AD1 Curncy|BP1 Curncy|CC1 Comdty|CL1 Comdty|CT1 Comdty|DU1 Comdty|EC1 Curncy|EO1 Index|GC1 Comdty|JB1 Comdty|MES1 Index|NV1 Curncy|QC1 Comdty|RTY1 Index,sub100k_14,strict66
0.0864,-0.0242,-0.1547,98,C 1 Comdty|CD1 Curncy|EC1 Curncy|GX1 Index|JB1 Comdty|JY1 Curncy|PL1 Comdty|QS1 Comdty|S 1 Comdty|SF1 Curncy|SM1 Comdty|TP1 Index|UXY1 Comdty|Z 1 Index,sub100k_14,strict66
0.0193,-0.1750,-0.6573,99,BP1 Curncy|CD1 Curncy|DF1 Comdty|DM1 Index|EC1 Curncy|EO1 Index|NG1 Comdty|PL1 Comdty|RX1 Comdty|S 1 Comdty|SF1 Curncy|SM1 Index|W 1 Comdty|WN1 Comdty,sub100k_14,strict66
0.3029,0.1324,0.5118,100,CT1 Comdty|DF1 Comdty|DM1 Index|EC1 Curncy|GC1 Comdty|GX1 Index|HO1 Comdty|JB1 Comdty|KC1 Comdty|NV1 Curncy|PE1 Curncy|RX1 Comdty|SF1 Curncy|Z 1 Index,sub100k_14,strict66
0.6543,0.4517,0.9583,101,AD1 Curncy|BP1 Curncy|CT1 Comdty|EC1 Curncy|EO1 Index|FC1 Comdty|GC1 Comdty|JY1 Curncy|QC1 Comdty|QS1 Comdty|SM1 Index|TY1 Comdty|UB1 Comdty|VG1 Index,sub100k_14,strict66
0.3566,0.1754,-0.7239,102,AD1 Curncy|BP1 Curncy|DM1 Index|GX1 Index|IK1 Comdty|JY1 Curncy|LC1 Comdty|NG1 Comdty|NQ1 Index|OAT1 Comdty|PA1 Comdty|QW1 Comdty|SB1 Comdty|SF1 Curncy,sub100k_14,strict66
0.5446,0.3330,0.4637,103,BP1 Curncy|CD1 Curncy|DF1 Comdty|FC1 Comdty|GC1 Comdty|IK1 Comdty|JY1 Curncy|MES1 Index|NG1 Comdty|PE1 Curncy|SB1 Comdty|SM1 Index|TP1 Index|WN1 Comdty,sub100k_14,strict66
0.4970,0.5104,0.3275,104,BP1 Curncy|C 1 Comdty|CD1 Curncy|CO1 Comdty|DM1 Index|GC1 Comdty|GX1 Index|JY1 Curncy|KC1 Comdty|LH1 Comdty|NV1 Curncy|SFI5 Comdty|SFR5 Comdty|Z 1 Index,sub100k_14,strict66
0.2638,0.1120,-0.2998,105,GX1 Index|HG1 Comdty|JB1 Comdty|JY1 Curncy|MES1 Index|NO1 Index|NV1 Curncy|PE1 Curncy|QS1 Comdty|QW1 Comdty|SF1 Curncy|SM1 Comdty|UB1 Comdty|W 1 Comdty,sub100k_14,strict66
0.4818,0.1337,0.0847,106,CD1 Curncy|CF1 Index|EC1 Curncy|G 1 Comdty|JY1 Curncy|KC1 Comdty|NO1 Index|NQ1 Index|PE1 Curncy|QC1 Comdty|QS1 Comdty|RX1 Comdty|SB1 Comdty|SI1 Comdty,sub100k_14,strict66
0.5313,0.3143,-0.1413,107,AD1 Curncy|CD1 Curncy|CO1 Comdty|DM1 Index|EC1 Curncy|ES1 Index|GC1 Comdty|LC1 Comdty|OE1 Comdty|PE1 Curncy|SB1 Comdty|SFI5 Comdty|SM1 Comdty|Z 1 Index,sub100k_14,strict66
0.0307,-0.1097,-1.0276,108,C 1 Comdty|CD1 Curncy|CL1 Comdty|EC1 Curncy|EO1 Index|G 1 Comdty|GX1 Index|JY1 Curncy|NV1 Curncy|PL1 Comdty|RTY1 Index|S 1 Comdty|SB1 Comdty|SFI5 Comdty,sub100k_14,strict66
0.1671,0.0083,-0.4747,109,BO1 Comdty|CL1 Comdty|EC1 Curncy|FC1 Comdty|IK1 Comdty|JY1 Curncy|KW1 Comdty|MES1 Index|NV1 Curncy|PE1 Curncy|PL1 Comdty|SFR5 Comdty|VG1 Index|Z 1 Index,sub100k_14,strict66
0.4266,0.3490,0.7591,110,C 1 Comdty|CD1 Curncy|CF1 Index|FV1 Comdty|GC1 Comdty|JY1 Curncy|NG1 Comdty|NO1 Index|NQ1 Index|NV1 Curncy|QC1 Comdty|SB1 Comdty|SF1 Curncy|TY1 Comdty,sub100k_14,strict66
0.3540,0.3051,0.1818,111,AD1 Curncy|BO1 Comdty|BP1 Curncy|CD1 Curncy|EO1 Index|ER4 Comdty|FV1 Comdty|GC1 Comdty|NO1 Index|QS1 Comdty|RS1 Comdty|SF1 Curncy|SM1 Comdty|VG1 Index,sub100k_14,strict66
-0.0344,-0.0282,-0.3955,112,BP1 Curncy|C 1 Comdty|DF1 Comdty|EC1 Curncy|FV1 Comdty|HO1 Comdty|KW1 Comdty|MES1 Index|PE1 Curncy|PL1 Comdty|SF1 Curncy|SM1 Index|US1 Comdty|Z 1 Index,sub100k_14,strict66
0.4453,0.4734,0.6567,113,BP1 Curncy|CD1 Curncy|CL1 Comdty|DF1 Comdty|EC1 Curncy|EO1 Index|FV1 Comdty|GC1 Comdty|JB1 Comdty|JY1 Curncy|KC1 Comdty|LH1 Comdty|MES1 Index|RTY1 Index,sub100k_14,strict66
0.1366,-0.0623,-0.5989,114,BO1 Comdty|BP1 Curncy|CF1 Index|CT1 Comdty|DF1 Comdty|DM1 Index|EC1 Curncy|HO1 Comdty|NO1 Index|OAT1 Comdty|OE1 Comdty|PE1 Curncy|PL1 Comdty|SF1 Curncy,sub100k_14,strict66
0.0020,-0.2479,-0.5884,115,C 1 Comdty|CF1 Index|CO1 Comdty|JB1 Comdty|JY1 Curncy|KW1 Comdty|MES1 Index|NV1 Curncy|PE1 Curncy|PL1 Comdty|RX1 Comdty|SF1 Curncy|W 1 Comdty|Z 1 Index,sub100k_14,strict66
0.4860,0.1832,-0.0182,116,AD1 Curncy|BP1 Curncy|CO1 Comdty|CT1 Comdty|DM1 Index|EO1 Index|FC1 Comdty|NV1 Curncy|OAT1 Comdty|PE1 Curncy|SI1 Comdty|TP1 Index|TY1 Comdty|W 1 Comdty,sub100k_14,strict66
0.2773,0.1784,0.6163,117,C 1 Comdty|CD1 Curncy|DF1 Comdty|DM1 Index|EO1 Index|GC1 Comdty|JB1 Comdty|NG1 Comdty|NV1 Curncy|PE1 Curncy|SF1 Curncy|SM1 Comdty|TP1 Index|WN1 Comdty,sub100k_14,strict66
0.2309,-0.0807,-0.2350,118,AD1 Curncy|CD1 Curncy|CF1 Index|CT1 Comdty|DM1 Index|DU1 Comdty|EC1 Curncy|FC1 Comdty|QS1 Comdty|SF1 Curncy|SI1 Comdty|SM1 Comdty|SM1 Index|US1 Comdty,sub100k_14,strict66
0.2278,0.1049,0.0680,119,AD1 Curncy|BP1 Curncy|CC1 Comdty|CL1 Comdty|DU1 Comdty|EC1 Curncy|ES1 Index|FC1 Comdty|KC1 Comdty|NQ1 Index|NV1 Curncy|PL1 Comdty|RTY1 Index|SFR5 Comdty,sub100k_14,strict66
0.1328,0.1175,-0.3254,120,AD1 Curncy|BP1 Curncy|CL1 Comdty|CT1 Comdty|DM1 Index|EC1 Curncy|FV1 Comdty|GX1 Index|JY1 Curncy|KC1 Comdty|PL1 Comdty|QW1 Comdty|SFR5 Comdty|VG1 Index,sub100k_14,strict66
0.1434,0.1001,-0.0951,121,CD1 Curncy|CT1 Comdty|DM1 Index|DU1 Comdty|ES1 Index|FV1 Comdty|HO1 Comdty|JY1 Curncy|KC1 Comdty|NV1 Curncy|PE1 Curncy|PL1 Comdty|QW1 Comdty|TP1 Index,sub100k_14,strict66
0.4947,0.2985,0.4263,122,BP1 Curncy|C 1 Comdty|EC1 Curncy|G 1 Comdty|GC1 Comdty|JY1 Curncy|NG1 Comdty|NQ1 Index|QC1 Comdty|SB1 Comdty|SF1 Curncy|SFI5 Comdty|TP1 Index|VG1 Index,sub100k_14,strict66
0.4993,0.3292,0.4283,123,CL1 Comdty|DM1 Index|EC1 Curncy|EO1 Index|FC1 Comdty|JY1 Curncy|LH1 Comdty|MES1 Index|NV1 Curncy|QC1 Comdty|SF1 Curncy|SFR5 Comdty|SI1 Comdty|US1 Comdty,sub100k_14,strict66
0.0789,-0.2839,-0.5250,124,AD1 Curncy|BO1 Comdty|EC1 Curncy|GX1 Index|KC1 Comdty|KW1 Comdty|NV1 Curncy|OAT1 Comdty|PE1 Curncy|RX1 Comdty|SI1 Comdty|VG1 Index|XB1 Comdty|Z 1 Index,sub100k_14,strict66
0.2978,0.0769,-0.3313,125,BP1 Curncy|DM1 Index|EC1 Curncy|FC1 Comdty|FV1 Comdty|JY1 Curncy|KC1 Comdty|NV1 Curncy|PL1 Comdty|QS1 Comdty|S 1 Comdty|SM1 Index|UB1 Comdty|VG1 Index,sub100k_14,strict66
0.4873,0.4111,0.3920,126,AD1 Curncy|BP1 Curncy|CO1 Comdty|CT1 Comdty|DF1 Comdty|EO1 Index|GC1 Comdty|IK1 Comdty|JB1 Comdty|MES1 Index|NV1 Curncy|PE1 Curncy|RS1 Comdty|VG1 Index,sub100k_14,strict66
0.3959,0.1978,0.3390,127,AD1 Curncy|CC1 Comdty|CD1 Curncy|CT1 Comdty|ES1 Index|NO1 Index|NV1 Curncy|PE1 Curncy|QS1 Comdty|RX1 Comdty|SI1 Comdty|SM1 Comdty|TP1 Index|WN1 Comdty,sub100k_14,strict66
0.2943,0.1013,-0.4877,128,BP1 Curncy|CF1 Index|CT1 Comdty|JB1 Comdty|JY1 Curncy|MES1 Index|NG1 Comdty|OAT1 Comdty|PA1 Comdty|PE1 Curncy|RS1 Comdty|SB1 Comdty|SF1 Curncy|VG1 Index,sub100k_14,strict66
0.7168,0.4588,0.8946,129,BP1 Curncy|CC1 Comdty|CD1 Curncy|CO1 Comdty|FC1 Comdty|GC1 Comdty|LC1 Comdty|NQ1 Index|NV1 Curncy|RX1 Comdty|SF1 Curncy|SFR5 Comdty|SM1 Index|TP1 Index,sub100k_14,strict66
0.4041,0.3070,0.1832,130,BP1 Curncy|C 1 Comdty|CD1 Curncy|CL1 Comdty|EC1 Curncy|ES1 Index|GC1 Comdty|IK1 Comdty|KW1 Comdty|LC1 Comdty|MES1 Index|NV1 Curncy|OAT1 Comdty|VG1 Index,sub100k_14,strict66
0.3794,0.2269,0.1084,131,CD1 Curncy|DF1 Comdty|ES1 Index|JY1 Curncy|KW1 Comdty|PE1 Curncy|QS1 Comdty|RS1 Comdty|SF1 Curncy|SI1 Comdty|SM1 Index|TY1 Comdty|US1 Comdty|Z 1 Index,sub100k_14,strict66
0.1329,0.0047,-0.2769,132,CD1 Curncy|DU1 Comdty|EC1 Curncy|EO1 Index|JY1 Curncy|KC1 Comdty|LH1 Comdty|NG1 Comdty|NQ1 Index|PE1 Curncy|PL1 Comdty|SM1 Comdty|UXY1 Comdty|Z 1 Index,sub100k_14,strict66
0.3965,0.4603,0.8015,133,BP1 Curncy|CC1 Comdty|CD1 Curncy|DF1 Comdty|DM1 Index|ES1 Index|FV1 Comdty|GC1 Comdty|HO1 Comdty|KC1 Comdty|PE1 Curncy|RTY1 Index|SF1 Curncy|SFR5 Comdty,sub100k_14,strict66
0.2897,0.5009,-0.0218,134,AD1 Curncy|C 1 Comdty|CD1 Curncy|EC1 Curncy|ES1 Index|HO1 Comdty|NO1 Index|NQ1 Index|PA1 Comdty|PE1 Curncy|QW1 Comdty|SFR5 Comdty|TU1 Comdty|W 1 Comdty,sub100k_14,strict66
0.2225,0.1727,-0.5411,135,AD1 Curncy|BP1 Curncy|C 1 Comdty|CD1 Curncy|ES1 Index|GX1 Index|HG1 Comdty|JB1 Comdty|LC1 Comdty|NG1 Comdty|PE1 Curncy|RS1 Comdty|SFI5 Comdty|Z 1 Index,sub100k_14,strict66
0.0552,-0.0206,-0.6039,136,BP1 Curncy|CD1 Curncy|DM1 Index|EC1 Curncy|LC1 Comdty|OAT1 Comdty|PL1 Comdty|QW1 Comdty|RTY1 Index|S 1 Comdty|SF1 Curncy|SFR5 Comdty|VG1 Index|XB1 Comdty,sub100k_14,strict66
0.3680,0.3090,0.0604,137,BP1 Curncy|CD1 Curncy|FC1 Comdty|FV1 Comdty|JY1 Curncy|NO1 Index|PE1 Curncy|PL1 Comdty|QS1 Comdty|RS1 Comdty|SB1 Comdty|SFR5 Comdty|VG1 Index|Z 1 Index,sub100k_14,strict66
-0.1276,-0.2643,-0.8211,138,CD1 Curncy|CF1 Index|DF1 Comdty|DM1 Index|G 1 Comdty|MES1 Index|NV1 Curncy|PE1 Curncy|PL1 Comdty|QW1 Comdty|SF1 Curncy|UXY1 Comdty|W 1 Comdty|XB1 Comdty,sub100k_14,strict66
0.0864,0.0601,-0.1973,139,C 1 Comdty|CD1 Curncy|DM1 Index|FV1 Comdty|HG1 Comdty|JY1 Curncy|KW1 Comdty|MES1 Index|PE1 Curncy|RTY1 Index|SF1 Curncy|TU1 Comdty|W 1 Comdty|XB1 Comdty,sub100k_14,strict66
0.3107,0.1360,-0.5945,140,AD1 Curncy|CD1 Curncy|CL1 Comdty|CT1 Comdty|PA1 Comdty|PE1 Curncy|RS1 Comdty|RTY1 Index|RX1 Comdty|SB1 Comdty|SF1 Curncy|SM1 Index|TP1 Index|UXY1 Comdty,sub100k_14,strict66
0.5005,0.5732,-0.4415,141,AD1 Curncy|BP1 Curncy|GX1 Index|JY1 Curncy|KW1 Comdty|LH1 Comdty|NQ1 Index|PA1 Comdty|PE1 Curncy|QS1 Comdty|SFI5 Comdty|SM1 Comdty|TP1 Index|UXY1 Comdty,sub100k_14,strict66
0.3352,0.1704,0.1013,142,AD1 Curncy|BP1 Curncy|CD1 Curncy|DU1 Comdty|ES1 Index|HO1 Comdty|LC1 Comdty|LH1 Comdty|NO1 Index|NQ1 Index|PE1 Curncy|SI1 Comdty|W 1 Comdty|WN1 Comdty,sub100k_14,strict66
0.1319,-0.1025,-0.7376,143,BP1 Curncy|CF1 Index|EO1 Index|JY1 Curncy|LC1 Comdty|LH1 Comdty|NV1 Curncy|OAT1 Comdty|PE1 Curncy|PL1 Comdty|RTY1 Index|SB1 Comdty|UB1 Comdty|XB1 Comdty,sub100k_14,strict66
0.3066,0.1773,-0.6311,144,BO1 Comdty|BP1 Curncy|CF1 Index|CO1 Comdty|EC1 Curncy|EO1 Index|JY1 Curncy|PA1 Comdty|QC1 Comdty|SF1 Curncy|UB1 Comdty|VG1 Index|W 1 Comdty|WN1 Comdty,sub100k_14,strict66
0.1088,0.1453,-0.6697,145,CD1 Curncy|CL1 Comdty|DM1 Index|EC1 Curncy|HG1 Comdty|KW1 Comdty|LH1 Comdty|NQ1 Index|NV1 Curncy|S 1 Comdty|SF1 Curncy|SM1 Index|TU1 Comdty|TY1 Comdty,sub100k_14,strict66
0.4928,0.3763,0.6480,146,BP1 Curncy|CL1 Comdty|ER4 Comdty|FC1 Comdty|FV1 Comdty|GC1 Comdty|JY1 Curncy|KC1 Comdty|KW1 Comdty|NV1 Curncy|PE1 Curncy|SM1 Index|TP1 Index|VG1 Index,sub100k_14,strict66
0.3825,0.2412,0.2281,147,AD1 Curncy|CD1 Curncy|CT1 Comdty|FC1 Comdty|JY1 Curncy|NO1 Index|NQ1 Index|PL1 Comdty|QS1 Comdty|SB1 Comdty|SF1 Curncy|TY1 Comdty|US1 Comdty|VG1 Index,sub100k_14,strict66
0.4400,0.1688,-0.1092,148,AD1 Curncy|BP1 Curncy|CT1 Comdty|DM1 Index|ES1 Index|GX1 Index|IK1 Comdty|JY1 Curncy|LC1 Comdty|LH1 Comdty|NG1 Comdty|NV1 Curncy|SI1 Comdty|US1 Comdty,sub100k_14,strict66
0.0936,-0.1933,-0.5113,149,AD1 Curncy|CD1 Curncy|CL1 Comdty|CT1 Comdty|EO1 Index|JY1 Curncy|KC1 Comdty|NV1 Curncy|PL1 Comdty|RTY1 Index|RX1 Comdty|SM1 Index|UXY1 Comdty|W 1 Comdty,sub100k_14,strict66
0.0782,0.0762,-0.2650,150,AD1 Curncy|BP1 Curncy|CD1 Curncy|FV1 Comdty|HG1 Comdty|KC1 Comdty|KW1 Comdty|NV1 Curncy|QC1 Comdty|QS1 Comdty|RTY1 Index|US1 Comdty|VG1 Index|Z 1 Index,sub100k_14,strict66
0.3177,0.2300,0.1818,151,BP1 Curncy|CT1 Comdty|DM1 Index|EO1 Index|GC1 Comdty|JY1 Curncy|KC1 Comdty|MES1 Index|NV1 Curncy|QW1 Comdty|SF1 Curncy|SFI5 Comdty|WN1 Comdty|XB1 Comdty,sub100k_14,strict66
0.2100,0.0698,0.1799,152,AD1 Curncy|BP1 Curncy|C 1 Comdty|DU1 Comdty|FC1 Comdty|FV1 Comdty|LC1 Comdty|NO1 Index|NQ1 Index|PE1 Curncy|PL1 Comdty|QS1 Comdty|SF1 Curncy|SM1 Index,sub100k_14,strict66
0.4554,0.4056,0.8284,153,BP1 Curncy|DF1 Comdty|DM1 Index|GC1 Comdty|JY1 Curncy|NG1 Comdty|NQ1 Index|NV1 Curncy|PE1 Curncy|QC1 Comdty|TP1 Index|TU1 Comdty|TY1 Comdty|W 1 Comdty,sub100k_14,strict66
0.1505,0.1467,-0.4032,154,AD1 Curncy|BO1 Comdty|BP1 Curncy|CC1 Comdty|CD1 Curncy|CF1 Index|EO1 Index|GX1 Index|HO1 Comdty|PE1 Curncy|RS1 Comdty|SFI5 Comdty|SI1 Comdty|UXY1 Comdty,sub100k_14,strict66
0.4171,0.4721,-0.4962,155,AD1 Curncy|BP1 Curncy|C 1 Comdty|CD1 Curncy|DF1 Comdty|EC1 Curncy|EO1 Index|ER4 Comdty|ES1 Index|NG1 Comdty|NQ1 Index|PA1 Comdty|QC1 Comdty|SFI5 Comdty,sub100k_14,strict66
0.3626,0.2392,0.3986,156,AD1 Curncy|BO1 Comdty|CD1 Curncy|CF1 Index|CL1 Comdty|GC1 Comdty|IK1 Comdty|JY1 Curncy|KC1 Comdty|LH1 Comdty|NO1 Index|SF1 Curncy|TY1 Comdty|Z 1 Index,sub100k_14,strict66
0.0527,-0.1395,-0.9179,157,EC1 Curncy|EO1 Index|NV1 Curncy|OE1 Comdty|PA1 Comdty|PE1 Curncy|SB1 Comdty|SF1 Curncy|SM1 Comdty|SM1 Index|UXY1 Comdty|W 1 Comdty|XB1 Comdty|Z 1 Index,sub100k_14,strict66
0.4324,0.3028,-0.0681,158,BP1 Curncy|CD1 Curncy|CF1 Index|EC1 Curncy|ES1 Index|FC1 Comdty|HO1 Comdty|JY1 Curncy|PA1 Comdty|QC1 Comdty|RX1 Comdty|TP1 Index|UB1 Comdty|W 1 Comdty,sub100k_14,strict66
0.4022,0.1558,-0.2675,159,CF1 Index|EC1 Curncy|JY1 Curncy|KC1 Comdty|KW1 Comdty|LH1 Comdty|MES1 Index|NV1 Curncy|OAT1 Comdty|PE1 Curncy|QS1 Comdty|RTY1 Index|SI1 Comdty|TY1 Comdty,sub100k_14,strict66
0.3844,0.4019,0.0324,160,BP1 Curncy|CT1 Comdty|EC1 Curncy|EO1 Index|FV1 Comdty|HG1 Comdty|JY1 Curncy|KC1 Comdty|PE1 Curncy|QS1 Comdty|SM1 Comdty|SM1 Index|TP1 Index|UXY1 Comdty,sub100k_14,strict66
0.2477,0.0290,-0.4279,161,AD1 Curncy|CD1 Curncy|DF1 Comdty|EC1 Curncy|ES1 Index|FC1 Comdty|HG1 Comdty|NG1 Comdty|RTY1 Index|SB1 Comdty|SF1 Curncy|UB1 Comdty|US1 Comdty|VG1 Index,sub100k_14,strict66
0.1026,0.1132,-0.4669,162,AD1 Curncy|DF1 Comdty|EC1 Curncy|GX1 Index|JB1 Comdty|LC1 Comdty|NO1 Index|NV1 Curncy|PE1 Curncy|PL1 Comdty|QS1 Comdty|QW1 Comdty|SFI5 Comdty|Z 1 Index,sub100k_14,strict66
0.2241,-0.0869,-0.3898,163,BP1 Curncy|HO1 Comdty|JY1 Curncy|KC1 Comdty|PE1 Curncy|RTY1 Index|RX1 Comdty|S 1 Comdty|SB1 Comdty|SF1 Curncy|SI1 Comdty|SM1 Index|US1 Comdty|VG1 Index,sub100k_14,strict66
0.6346,0.4421,0.7705,164,CD1 Curncy|FC1 Comdty|GC1 Comdty|GX1 Index|HO1 Comdty|JY1 Curncy|NQ1 Index|NV1 Curncy|PE1 Curncy|QC1 Comdty|QW1 Comdty|RTY1 Index|RX1 Comdty|UXY1 Comdty,sub100k_14,strict66
0.1835,0.0030,0.1194,165,AD1 Curncy|CC1 Comdty|CD1 Curncy|CT1 Comdty|DU1 Comdty|IK1 Comdty|JY1 Curncy|PE1 Curncy|PL1 Comdty|RS1 Comdty|SM1 Index|TP1 Index|VG1 Index|XB1 Comdty,sub100k_14,strict66
0.1728,0.0841,-0.6770,166,BP1 Curncy|DF1 Comdty|EC1 Curncy|EO1 Index|NV1 Curncy|OE1 Comdty|PA1 Comdty|S 1 Comdty|SB1 Comdty|SF1 Curncy|TP1 Index|UXY1 Comdty|VG1 Index|XB1 Comdty,sub100k_14,strict66
0.4551,0.2793,-0.0360,167,AD1 Curncy|CD1 Curncy|CT1 Comdty|DF1 Comdty|DM1 Index|ER4 Comdty|ES1 Index|JY1 Curncy|PE1 Curncy|QS1 Comdty|SB1 Comdty|SI1 Comdty|VG1 Index|WN1 Comdty,sub100k_14,strict66
0.4158,0.3330,0.0586,168,AD1 Curncy|BP1 Curncy|C 1 Comdty|CD1 Curncy|CF1 Index|ER4 Comdty|GC1 Comdty|MES1 Index|NG1 Comdty|NQ1 Index|PE1 Curncy|RS1 Comdty|S 1 Comdty|US1 Comdty,sub100k_14,strict66
0.4038,0.0582,0.3006,169,CD1 Curncy|DM1 Index|EC1 Curncy|FV1 Comdty|JY1 Curncy|KC1 Comdty|NQ1 Index|OAT1 Comdty|QC1 Comdty|SF1 Curncy|SI1 Comdty|TP1 Index|W 1 Comdty|XB1 Comdty,sub100k_14,strict66
0.3920,0.3497,-0.5618,170,AD1 Curncy|CF1 Index|EC1 Curncy|ES1 Index|HO1 Comdty|LH1 Comdty|NV1 Curncy|OAT1 Comdty|PA1 Comdty|PE1 Curncy|QC1 Comdty|RS1 Comdty|RX1 Comdty|VG1 Index,sub100k_14,strict66
0.0301,-0.0798,-0.0282,171,AD1 Curncy|DF1 Comdty|DU1 Comdty|ES1 Index|GX1 Index|JY1 Curncy|KC1 Comdty|LC1 Comdty|NV1 Curncy|PE1 Curncy|PL1 Comdty|US1 Comdty|VG1 Index|XB1 Comdty,sub100k_14,strict66
0.3696,0.0957,-0.3814,172,CD1 Curncy|CL1 Comdty|CT1 Comdty|ER4 Comdty|GX1 Index|IK1 Comdty|JY1 Curncy|NQ1 Index|NV1 Curncy|RS1 Comdty|S 1 Comdty|SF1 Curncy|SI1 Comdty|VG1 Index,sub100k_14,strict66
0.1743,0.1608,-0.6063,173,AD1 Curncy|CD1 Curncy|CL1 Comdty|GX1 Index|NQ1 Index|NV1 Curncy|PA1 Comdty|PE1 Curncy|QC1 Comdty|QW1 Comdty|SB1 Comdty|UB1 Comdty|US1 Comdty|VG1 Index,sub100k_14,strict66
0.2827,0.1593,-0.8855,174,BP1 Curncy|CD1 Curncy|CF1 Index|CO1 Comdty|EC1 Curncy|HG1 Comdty|KW1 Comdty|LH1 Comdty|NQ1 Index|OE1 Comdty|PE1 Curncy|QW1 Comdty|SFR5 Comdty|Z 1 Index,sub100k_14,strict66
0.3012,0.1020,-0.0743,175,BP1 Curncy|EC1 Curncy|ES1 Index|FC1 Comdty|HO1 Comdty|JY1 Curncy|LH1 Comdty|NO1 Index|OE1 Comdty|PL1 Comdty|S 1 Comdty|SF1 Curncy|WN1 Comdty|Z 1 Index,sub100k_14,strict66
0.4100,0.1229,0.7748,176,AD1 Curncy|BP1 Curncy|CD1 Curncy|CF1 Index|FC1 Comdty|GC1 Comdty|GX1 Index|JB1 Comdty|QC1 Comdty|RS1 Comdty|RX1 Comdty|SF1 Curncy|TP1 Index|XB1 Comdty,sub100k_14,strict66
0.2121,0.2950,-0.5306,177,AD1 Curncy|CO1 Comdty|DF1 Comdty|DU1 Comdty|EC1 Curncy|EO1 Index|GX1 Index|JY1 Curncy|KW1 Comdty|MES1 Index|PA1 Comdty|PE1 Curncy|QW1 Comdty|TU1 Comdty,sub100k_14,strict66
0.1989,0.0486,-0.9109,178,CD1 Curncy|CO1 Comdty|EO1 Index|GX1 Index|HG1 Comdty|JY1 Curncy|MES1 Index|NV1 Curncy|OE1 Comdty|RS1 Comdty|S 1 Comdty|SB1 Comdty|SF1 Curncy|TY1 Comdty,sub100k_14,strict66
0.2611,0.0148,-0.1974,179,AD1 Curncy|CD1 Curncy|DM1 Index|EC1 Curncy|ER4 Comdty|FC1 Comdty|KC1 Comdty|NG1 Comdty|PE1 Curncy|PL1 Comdty|RTY1 Index|SFR5 Comdty|SM1 Index|W 1 Comdty,sub100k_14,strict66
0.4463,0.1337,0.3693,180,AD1 Curncy|BP1 Curncy|EC1 Curncy|ES1 Index|GC1 Comdty|JY1 Curncy|OE1 Comdty|QC1 Comdty|RS1 Comdty|RTY1 Index|RX1 Comdty|W 1 Comdty|XB1 Comdty|Z 1 Index,sub100k_14,strict66
0.3362,0.2163,0.0894,181,AD1 Curncy|CC1 Comdty|CD1 Curncy|FC1 Comdty|MES1 Index|NG1 Comdty|NO1 Index|PA1 Comdty|PE1 Curncy|RS1 Comdty|RTY1 Index|SF1 Curncy|UB1 Comdty|US1 Comdty,sub100k_14,strict66
0.4464,0.2658,0.0970,182,BO1 Comdty|CD1 Curncy|CF1 Index|CL1 Comdty|DM1 Index|EC1 Curncy|GC1 Comdty|JY1 Curncy|LH1 Comdty|OE1 Comdty|PE1 Curncy|QW1 Comdty|RX1 Comdty|TP1 Index,sub100k_14,strict66
0.3736,0.1508,-0.1239,183,AD1 Curncy|BP1 Curncy|DM1 Index|EC1 Curncy|FC1 Comdty|JY1 Curncy|KW1 Comdty|LC1 Comdty|MES1 Index|NG1 Comdty|NQ1 Index|PL1 Comdty|UB1 Comdty|UXY1 Comdty,sub100k_14,strict66
0.3811,0.2424,0.0550,184,BP1 Curncy|CD1 Curncy|JY1 Curncy|LH1 Comdty|MES1 Index|NG1 Comdty|NO1 Index|PE1 Curncy|RS1 Comdty|SB1 Comdty|SI1 Comdty|TU1 Comdty|UXY1 Comdty|VG1 Index,sub100k_14,strict66
0.5366,0.3896,0.6041,185,CD1 Curncy|CT1 Comdty|ES1 Index|GC1 Comdty|GX1 Index|IK1 Comdty|JY1 Curncy|LH1 Comdty|NV1 Curncy|OAT1 Comdty|PE1 Curncy|SM1 Comdty|TP1 Index|XB1 Comdty,sub100k_14,strict66
0.4673,0.1899,0.0306,186,BP1 Curncy|CF1 Index|CT1 Comdty|DF1 Comdty|EC1 Curncy|ES1 Index|JY1 Curncy|KC1 Comdty|NQ1 Index|OE1 Comdty|PE1 Curncy|QS1 Comdty|SI1 Comdty|US1 Comdty,sub100k_14,strict66
0.2074,-0.0503,-0.9131,187,C 1 Comdty|CF1 Index|DU1 Comdty|EC1 Curncy|HG1 Comdty|JY1 Curncy|NG1 Comdty|NQ1 Index|OAT1 Comdty|PE1 Curncy|RTY1 Index|SB1 Comdty|SF1 Curncy|SM1 Comdty,sub100k_14,strict66
0.3387,0.1532,0.3106,188,BP1 Curncy|CD1 Curncy|CF1 Index|DU1 Comdty|EC1 Curncy|GC1 Comdty|GX1 Index|KW1 Comdty|LC1 Comdty|QS1 Comdty|S 1 Comdty|SF1 Curncy|TP1 Index|UB1 Comdty,sub100k_14,strict66
0.0273,-0.1308,-0.4445,189,BP1 Curncy|CD1 Curncy|JY1 Curncy|KW1 Comdty|MES1 Index|NG1 Comdty|NO1 Index|OAT1 Comdty|PL1 Comdty|QW1 Comdty|SF1 Curncy|TU1 Comdty|W 1 Comdty|Z 1 Index,sub100k_14,strict66
0.5181,0.5488,0.2204,190,CD1 Curncy|DF1 Comdty|EC1 Curncy|FC1 Comdty|FV1 Comdty|JY1 Curncy|LC1 Comdty|NQ1 Index|PA1 Comdty|QS1 Comdty|SF1 Curncy|SFR5 Comdty|SM1 Index|Z 1 Index,sub100k_14,strict66
0.1557,0.1250,-0.5771,191,BO1 Comdty|BP1 Curncy|CD1 Curncy|CL1 Comdty|GX1 Index|HG1 Comdty|JY1 Curncy|LC1 Comdty|PE1 Curncy|RTY1 Index|SB1 Comdty|SM1 Index|TY1 Comdty|US1 Comdty,sub100k_14,strict66
0.2416,0.0835,-0.5473,192,AD1 Curncy|CT1 Comdty|DM1 Index|GX1 Index|LH1 Comdty|MES1 Index|NV1 Curncy|OAT1 Comdty|PA1 Comdty|PE1 Curncy|RX1 Comdty|SF1 Curncy|W 1 Comdty|XB1 Comdty,sub100k_14,strict66
0.1165,-0.2246,-0.1424,193,AD1 Curncy|CD1 Curncy|CT1 Comdty|DU1 Comdty|EC1 Curncy|EO1 Index|KC1 Comdty|NG1 Comdty|NO1 Index|SB1 Comdty|SF1 Curncy|SI1 Comdty|US1 Comdty|Z 1 Index,sub100k_14,strict66
0.2520,0.1200,-0.0570,194,BO1 Comdty|C 1 Comdty|EC1 Curncy|FC1 Comdty|GX1 Index|HG1 Comdty|HO1 Comdty|NO1 Index|NV1 Curncy|PE1 Curncy|RX1 Comdty|SF1 Curncy|TP1 Index|WN1 Comdty,sub100k_14,strict66
0.2338,0.0505,-0.0437,195,AD1 Curncy|BO1 Comdty|BP1 Curncy|CC1 Comdty|CF1 Index|CL1 Comdty|ES1 Index|JY1 Curncy|PE1 Curncy|QC1 Comdty|SI1 Comdty|UB1 Comdty|US1 Comdty|Z 1 Index,sub100k_14,strict66
0.4233,0.4339,0.7426,196,AD1 Curncy|C 1 Comdty|CD1 Curncy|CL1 Comdty|GC1 Comdty|GX1 Index|LH1 Comdty|NV1 Curncy|OAT1 Comdty|PE1 Curncy|QC1 Comdty|RTY1 Index|SM1 Index|TU1 Comdty,sub100k_14,strict66
0.3399,0.1911,-0.4566,197,AD1 Curncy|CL1 Comdty|DM1 Index|EC1 Curncy|EO1 Index|ER4 Comdty|KC1 Comdty|LH1 Comdty|NO1 Index|NV1 Curncy|PE1 Curncy|SFI5 Comdty|SI1 Comdty|SM1 Comdty,sub100k_14,strict66
0.0392,0.0504,-0.2093,198,AD1 Curncy|BP1 Curncy|CC1 Comdty|CO1 Comdty|DF1 Comdty|FV1 Comdty|MES1 Index|NV1 Curncy|PE1 Curncy|PL1 Comdty|US1 Comdty|VG1 Index|W 1 Comdty|Z 1 Index,sub100k_14,strict66
0.3192,0.0322,-0.0191,199,AD1 Curncy|BP1 Curncy|CT1 Comdty|EC1 Curncy|GC1 Comdty|HO1 Comdty|OAT1 Comdty|RTY1 Index|RX1 Comdty|SF1 Curncy|SM1 Comdty|SM1 Index|VG1 Index|W 1 Comdty,sub100k_14,strict66
0.0672,0.0128,-0.4072,200,AD1 Curncy|CD1 Curncy|CT1 Comdty|DM1 Index|JY1 Curncy|KW1 Comdty|NG1 Comdty|NV1 Curncy|PL1 Comdty|SFI5 Comdty|TP1 Index|UXY1 Comdty|W 1 Comdty|Z 1 Index,sub100k_14,strict66
0.2079,0.1629,-0.7957,201,AD1 Curncy|BO1 Comdty|CO1 Comdty|EC1 Curncy|EO1 Index|ES1 Index|NV1 Curncy|PE1 Curncy|PL1 Comdty|QC1 Comdty|S 1 Comdty|SFI5 Comdty|SM1 Index|US1 Comdty,sub100k_14,strict66
-0.0976,-0.1879,-0.5729,202,AD1 Curncy|C 1 Comdty|CF1 Index|CL1 Comdty|CT1 Comdty|DF1 Comdty|DU1 Comdty|EC1 Curncy|ER4 Comdty|ES1 Index|NV1 Curncy|PL1 Comdty|SF1 Curncy|Z 1 Index,sub100k_14,strict66
0.2295,0.0941,0.1250,203,AD1 Curncy|CF1 Index|DU1 Comdty|GC1 Comdty|KC1 Comdty|KW1 Comdty|LH1 Comdty|NV1 Curncy|PE1 Curncy|RTY1 Index|SF1 Curncy|SFI5 Comdty|TP1 Index|XB1 Comdty,sub100k_14,strict66
0.2784,0.0938,0.2230,204,AD1 Curncy|C 1 Comdty|DM1 Index|JB1 Comdty|NO1 Index|NV1 Curncy|PE1 Curncy|RS1 Comdty|S 1 Comdty|SF1 Curncy|SFR5 Comdty|SI1 Comdty|TP1 Index|XB1 Comdty,sub100k_14,strict66
0.4069,0.2076,-0.7742,205,BP1 Curncy|EC1 Curncy|EO1 Index|ES1 Index|JY1 Curncy|NG1 Comdty|NQ1 Index|PA1 Comdty|RS1 Comdty|RX1 Comdty|SB1 Comdty|SF1 Curncy|SM1 Comdty|US1 Comdty,sub100k_14,strict66
0.0363,0.0631,-0.5726,206,AD1 Curncy|BP1 Curncy|CF1 Index|DF1 Comdty|ES1 Index|HO1 Comdty|KC1 Comdty|NO1 Index|PE1 Curncy|PL1 Comdty|SF1 Curncy|SFI5 Comdty|SM1 Comdty|UXY1 Comdty,sub100k_14,strict66
-0.0325,-0.2508,-0.7814,207,AD1 Curncy|EC1 Curncy|HO1 Comdty|IK1 Comdty|LC1 Comdty|NV1 Curncy|PL1 Comdty|RX1 Comdty|S 1 Comdty|SF1 Curncy|SM1 Index|VG1 Index|W 1 Comdty|Z 1 Index,sub100k_14,strict66
0.2306,0.0893,-0.0258,208,AD1 Curncy|BP1 Curncy|C 1 Comdty|CD1 Curncy|ES1 Index|IK1 Comdty|NG1 Comdty|NO1 Index|NV1 Curncy|PL1 Comdty|QC1 Comdty|TP1 Index|UXY1 Comdty|W 1 Comdty,sub100k_14,strict66
0.2267,0.1569,-0.4958,209,AD1 Curncy|BP1 Curncy|CC1 Comdty|CD1 Curncy|CT1 Comdty|EC1 Curncy|HO1 Comdty|IK1 Comdty|PA1 Comdty|RX1 Comdty|SM1 Index|VG1 Index|W 1 Comdty|Z 1 Index,sub100k_14,strict66
0.5347,0.3548,0.6184,210,CD1 Curncy|CL1 Comdty|EC1 Curncy|EO1 Index|FC1 Comdty|GC1 Comdty|JY1 Curncy|KC1 Comdty|LC1 Comdty|MES1 Index|NQ1 Index|OAT1 Comdty|SF1 Curncy|WN1 Comdty,sub100k_14,strict66
0.0058,-0.0795,-0.9121,211,AD1 Curncy|BO1 Comdty|BP1 Curncy|CD1 Curncy|EO1 Index|FC1 Comdty|GX1 Index|HO1 Comdty|PL1 Comdty|QW1 Comdty|RTY1 Index|SF1 Curncy|SFI5 Comdty|US1 Comdty,sub100k_14,strict66
0.3886,0.1826,-0.1515,212,AD1 Curncy|BP1 Curncy|CD1 Curncy|CF1 Index|EO1 Index|GC1 Comdty|HO1 Comdty|IK1 Comdty|RS1 Comdty|RX1 Comdty|S 1 Comdty|SB1 Comdty|SF1 Curncy|TP1 Index,sub100k_14,strict66
0.2162,0.2466,-0.3632,213,AD1 Curncy|BO1 Comdty|DF1 Comdty|EC1 Curncy|ES1 Index|HG1 Comdty|NG1 Comdty|NV1 Curncy|PE1 Curncy|SB1 Comdty|SFR5 Comdty|TP1 Index|WN1 Comdty|Z 1 Index,sub100k_14,strict66
0.1791,-0.1401,-0.7592,214,AD1 Curncy|BO1 Comdty|BP1 Curncy|CD1 Curncy|ES1 Index|FC1 Comdty|G 1 Comdty|IK1 Comdty|NG1 Comdty|NV1 Curncy|PL1 Comdty|RTY1 Index|SB1 Comdty|VG1 Index,sub100k_14,strict66
0.3383,0.3524,-0.5036,215,C 1 Comdty|EC1 Curncy|ER4 Comdty|GX1 Index|HG1 Comdty|HO1 Comdty|JY1 Curncy|LC1 Comdty|NO1 Index|NV1 Curncy|PE1 Curncy|RS1 Comdty|SFI5 Comdty|SM1 Index,sub100k_14,strict66
0.4944,0.2630,0.3367,216,AD1 Curncy|BP1 Curncy|DM1 Index|G 1 Comdty|GC1 Comdty|IK1 Comdty|JY1 Curncy|LC1 Comdty|NO1 Index|NQ1 Index|QW1 Comdty|SB1 Comdty|SF1 Curncy|XB1 Comdty,sub100k_14,strict66
0.1436,0.1942,-0.4361,217,BO1 Comdty|CD1 Curncy|DF1 Comdty|DM1 Index|EO1 Index|ER4 Comdty|HO1 Comdty|JY1 Curncy|NQ1 Index|NV1 Curncy|PE1 Curncy|PL1 Comdty|SM1 Comdty|TU1 Comdty,sub100k_14,strict66
0.1464,-0.0756,-0.5195,218,AD1 Curncy|CF1 Index|EO1 Index|HO1 Comdty|JY1 Curncy|KC1 Comdty|NV1 Curncy|PL1 Comdty|QC1 Comdty|RX1 Comdty|SB1 Comdty|SF1 Curncy|SFI5 Comdty|TP1 Index,sub100k_14,strict66
0.3602,0.1094,0.1148,219,BO1 Comdty|BP1 Curncy|CD1 Curncy|EO1 Index|FV1 Comdty|JB1 Comdty|JY1 Curncy|KC1 Comdty|LH1 Comdty|MES1 Index|NG1 Comdty|NQ1 Index|SF1 Curncy|SI1 Comdty,sub100k_14,strict66
0.1411,-0.1025,-0.2433,220,AD1 Curncy|BP1 Curncy|CD1 Curncy|CT1 Comdty|EO1 Index|GX1 Index|KW1 Comdty|PE1 Curncy|RS1 Comdty|RX1 Comdty|SI1 Comdty|US1 Comdty|XB1 Comdty|Z 1 Index,sub100k_14,strict66
0.2320,0.0845,0.1112,221,BP1 Curncy|C 1 Comdty|CF1 Index|FC1 Comdty|GX1 Index|JY1 Curncy|KW1 Comdty|MES1 Index|NV1 Curncy|QS1 Comdty|SF1 Curncy|SI1 Comdty|TU1 Comdty|UXY1 Comdty,sub100k_14,strict66
0.3085,-0.0292,-0.6452,222,BP1 Curncy|CO1 Comdty|DM1 Index|FC1 Comdty|MES1 Index|NV1 Curncy|PE1 Curncy|PL1 Comdty|RS1 Comdty|RTY1 Index|RX1 Comdty|SF1 Curncy|UXY1 Comdty|W 1 Comdty,sub100k_14,strict66
0.2488,0.2264,-0.1229,223,AD1 Curncy|BP1 Curncy|C 1 Comdty|CO1 Comdty|DF1 Comdty|EO1 Index|ES1 Index|FV1 Comdty|GX1 Index|HG1 Comdty|JB1 Comdty|PE1 Curncy|SB1 Comdty|SF1 Curncy,sub100k_14,strict66
0.4560,0.3813,0.5645,224,AD1 Curncy|BP1 Curncy|C 1 Comdty|CD1 Curncy|DM1 Index|GC1 Comdty|JY1 Curncy|LH1 Comdty|NG1 Comdty|SB1 Comdty|TP1 Index|TU1 Comdty|WN1 Comdty|Z 1 Index,sub100k_14,strict66
0.4322,0.2349,-0.4508,225,BP1 Curncy|CD1 Curncy|CF1 Index|ES1 Index|FC1 Comdty|IK1 Comdty|JY1 Curncy|LC1 Comdty|NG1 Comdty|NQ1 Index|NV1 Curncy|PA1 Comdty|QW1 Comdty|UB1 Comdty,sub100k_14,strict66
0.2402,0.1409,-0.7890,226,AD1 Curncy|BO1 Comdty|BP1 Curncy|CD1 Curncy|EO1 Index|IK1 Comdty|KW1 Comdty|MES1 Index|PA1 Comdty|QS1 Comdty|RTY1 Index|SF1 Curncy|US1 Comdty|W 1 Comdty,sub100k_14,strict66
0.2223,0.1631,-0.0677,227,CD1 Curncy|CF1 Index|EC1 Curncy|GC1 Comdty|HO1 Comdty|JY1 Curncy|KW1 Comdty|QW1 Comdty|RTY1 Index|SF1 Curncy|SFI5 Comdty|US1 Comdty|VG1 Index|W 1 Comdty,sub100k_14,strict66
0.0740,-0.0380,-0.2867,228,AD1 Curncy|BP1 Curncy|DM1 Index|HO1 Comdty|KW1 Comdty|LC1 Comdty|NV1 Curncy|RTY1 Index|SF1 Curncy|SI1 Comdty|SM1 Comdty|TU1 Comdty|US1 Comdty|VG1 Index,sub100k_14,strict66
0.2385,0.1364,-0.0432,229,CC1 Comdty|CO1 Comdty|DF1 Comdty|EC1 Curncy|GX1 Index|JY1 Curncy|NQ1 Index|NV1 Curncy|PL1 Comdty|S 1 Comdty|SF1 Curncy|TU1 Comdty|UB1 Comdty|VG1 Index,sub100k_14,strict66
0.4395,0.4406,0.5699,230,CD1 Curncy|CT1 Comdty|DF1 Comdty|EC1 Curncy|ES1 Index|GC1 Comdty|JY1 Curncy|MES1 Index|NG1 Comdty|NQ1 Index|NV1 Curncy|SM1 Comdty|TU1 Comdty|UXY1 Comdty,sub100k_14,strict66
0.2286,0.1626,-0.2719,231,AD1 Curncy|C 1 Comdty|CD1 Curncy|DF1 Comdty|EC1 Curncy|LH1 Comdty|NG1 Comdty|NQ1 Index|OAT1 Comdty|PE1 Curncy|PL1 Comdty|RTY1 Index|TU1 Comdty|Z 1 Index,sub100k_14,strict66
0.3604,0.2576,0.1889,232,AD1 Curncy|C 1 Comdty|CD1 Curncy|EC1 Curncy|GX1 Index|JB1 Comdty|JY1 Curncy|LC1 Comdty|MES1 Index|QS1 Comdty|QW1 Comdty|RTY1 Index|SFR5 Comdty|SI1 Comdty,sub100k_14,strict66
0.3678,0.2683,-0.2867,233,AD1 Curncy|CF1 Index|FC1 Comdty|HG1 Comdty|JY1 Curncy|NG1 Comdty|NO1 Index|NQ1 Index|NV1 Curncy|PE1 Curncy|S 1 Comdty|SB1 Comdty|UXY1 Comdty|WN1 Comdty,sub100k_14,strict66
0.1971,-0.0001,0.0299,234,AD1 Curncy|BP1 Curncy|C 1 Comdty|CD1 Curncy|ES1 Index|HG1 Comdty|JB1 Comdty|KC1 Comdty|QC1 Comdty|QS1 Comdty|RTY1 Index|RX1 Comdty|SF1 Curncy|Z 1 Index,sub100k_14,strict66
0.3051,0.1577,-0.4324,235,AD1 Curncy|BP1 Curncy|CD1 Curncy|CO1 Comdty|ES1 Index|FC1 Comdty|MES1 Index|NQ1 Index|NV1 Curncy|PL1 Comdty|S 1 Comdty|US1 Comdty|UXY1 Comdty|W 1 Comdty,sub100k_14,strict66
0.3217,0.0507,-0.1593,236,BP1 Curncy|C 1 Comdty|CD1 Curncy|CT1 Comdty|EO1 Index|ES1 Index|G 1 Comdty|JY1 Curncy|NV1 Curncy|QS1 Comdty|S 1 Comdty|SI1 Comdty|SM1 Index|UB1 Comdty,sub100k_14,strict66
0.3757,0.1666,0.1518,237,AD1 Curncy|CD1 Curncy|DF1 Comdty|EC1 Curncy|ER4 Comdty|JY1 Curncy|KC1 Comdty|KW1 Comdty|RTY1 Index|SFR5 Comdty|SI1 Comdty|SM1 Index|TP1 Index|XB1 Comdty,sub100k_14,strict66
0.1001,0.0624,-0.4110,238,AD1 Curncy|BP1 Curncy|CD1 Curncy|CF1 Index|ES1 Index|FV1 Comdty|KC1 Comdty|NG1 Comdty|NO1 Index|NV1 Curncy|PL1 Comdty|QW1 Comdty|SB1 Comdty|SFR5 Comdty,sub100k_14,strict66
0.4404,0.3591,-0.4174,239,AD1 Curncy|BP1 Curncy|C 1 Comdty|DF1 Comdty|EC1 Curncy|GX1 Index|IK1 Comdty|NO1 Index|PA1 Comdty|PE1 Curncy|QS1 Comdty|RX1 Comdty|SM1 Comdty|TP1 Index,sub100k_14,strict66
0.5158,0.5480,0.8163,240,AD1 Curncy|CF1 Index|EC1 Curncy|GC1 Comdty|HO1 Comdty|JY1 Curncy|NO1 Index|PE1 Curncy|QC1 Comdty|RS1 Comdty|SB1 Comdty|SFR5 Comdty|TP1 Index|TY1 Comdty,sub100k_14,strict66
0.4764,0.4039,0.7547,241,AD1 Curncy|BP1 Curncy|DM1 Index|EC1 Curncy|FV1 Comdty|GC1 Comdty|KW1 Comdty|LC1 Comdty|NG1 Comdty|NQ1 Index|PE1 Curncy|QC1 Comdty|TP1 Index|TY1 Comdty,sub100k_14,strict66
0.2446,0.2947,-0.3037,242,AD1 Curncy|BP1 Curncy|CC1 Comdty|CL1 Comdty|EC1 Curncy|HG1 Comdty|LH1 Comdty|MES1 Index|OAT1 Comdty|PE1 Curncy|QW1 Comdty|RTY1 Index|TP1 Index|WN1 Comdty,sub100k_14,strict66
0.2695,0.2697,0.0002,243,BP1 Curncy|C 1 Comdty|CD1 Curncy|HG1 Comdty|KC1 Comdty|LC1 Comdty|MES1 Index|NO1 Index|NQ1 Index|NV1 Curncy|QS1 Comdty|SF1 Curncy|TU1 Comdty|WN1 Comdty,sub100k_14,strict66
0.3980,0.3217,0.7297,244,AD1 Curncy|CC1 Comdty|CF1 Index|EC1 Curncy|G 1 Comdty|GC1 Comdty|HO1 Comdty|JY1 Curncy|LC1 Comdty|PE1 Curncy|S 1 Comdty|TP1 Index|UB1 Comdty|VG1 Index,sub100k_14,strict66
0.2874,0.1758,-0.2830,245,AD1 Curncy|CC1 Comdty|EC1 Curncy|ES1 Index|G 1 Comdty|JY1 Curncy|NG1 Comdty|NO1 Index|NV1 Curncy|PA1 Comdty|QW1 Comdty|UB1 Comdty|VG1 Index|W 1 Comdty,sub100k_14,strict66
0.3776,0.5098,0.0156,246,AD1 Curncy|CD1 Curncy|CT1 Comdty|DF1 Comdty|EO1 Index|HO1 Comdty|JY1 Curncy|NQ1 Index|PA1 Comdty|PE1 Curncy|QW1 Comdty|TP1 Index|TU1 Comdty|UB1 Comdty,sub100k_14,strict66
0.4047,0.2840,0.7288,247,AD1 Curncy|EC1 Curncy|ES1 Index|GC1 Comdty|JY1 Curncy|LC1 Comdty|NG1 Comdty|QC1 Comdty|RS1 Comdty|SF1 Curncy|TU1 Comdty|VG1 Index|WN1 Comdty|Z 1 Index,sub100k_14,strict66
0.3420,0.3604,0.2488,248,BP1 Curncy|CF1 Index|DF1 Comdty|DM1 Index|GC1 Comdty|HO1 Comdty|JY1 Curncy|LC1 Comdty|NV1 Curncy|OAT1 Comdty|PE1 Curncy|QW1 Comdty|SM1 Index|WN1 Comdty,sub100k_14,strict66
0.2167,0.1841,-0.1889,249,CC1 Comdty|CL1 Comdty|DF1 Comdty|ER4 Comdty|JY1 Curncy|KW1 Comdty|NO1 Index|NV1 Curncy|PA1 Comdty|PE1 Curncy|RX1 Comdty|SF1 Curncy|SM1 Index|Z 1 Index,sub100k_14,strict66
0.3550,0.2419,-0.7508,250,BP1 Curncy|CL1 Comdty|EC1 Curncy|JY1 Curncy|LH1 Comdty|MES1 Index|OE1 Comdty|PA1 Comdty|RS1 Comdty|RTY1 Index|SB1 Comdty|SF1 Curncy|US1 Comdty|VG1 Index,sub100k_14,strict66
0.5994,0.3562,0.4999,251,AD1 Curncy|BP1 Curncy|C 1 Comdty|CD1 Curncy|CT1 Comdty|FC1 Comdty|GC1 Comdty|GX1 Index|MES1 Index|NG1 Comdty|NQ1 Index|NV1 Curncy|RX1 Comdty|SFR5 Comdty,sub100k_14,strict66
0.2887,0.2007,-0.3837,252,CD1 Curncy|EO1 Index|JY1 Curncy|PA1 Comdty|PE1 Curncy|QC1 Comdty|QS1 Comdty|RTY1 Index|RX1 Comdty|SB1 Comdty|SF1 Curncy|SM1 Comdty|US1 Comdty|Z 1 Index,sub100k_14,strict66
0.3896,0.2448,-0.0013,253,C 1 Comdty|CC1 Comdty|CF1 Index|CO1 Comdty|EC1 Curncy|EO1 Index|HG1 Comdty|JY1 Curncy|KC1 Comdty|NV1 Curncy|OE1 Comdty|PE1 Curncy|SFR5 Comdty|TP1 Index,sub100k_14,strict66
0.1002,-0.0844,-0.2380,254,C 1 Comdty|CF1 Index|EC1 Curncy|JB1 Comdty|JY1 Curncy|LC1 Comdty|NV1 Curncy|PL1 Comdty|QS1 Comdty|S 1 Comdty|SF1 Curncy|TP1 Index|UB1 Comdty|Z 1 Index,sub100k_14,strict66
0.1905,-0.0384,-0.3060,255,BP1 Curncy|CD1 Curncy|CO1 Comdty|JB1 Comdty|KC1 Comdty|MES1 Index|NQ1 Index|NV1 Curncy|PL1 Comdty|QC1 Comdty|RX1 Comdty|SB1 Comdty|SF1 Curncy|VG1 Index,sub100k_14,strict66
0.4349,0.3643,0.3757,256,BP1 Curncy|EC1 Curncy|GC1 Comdty|GX1 Index|JB1 Comdty|LH1 Comdty|NV1 Curncy|PE1 Curncy|QS1 Comdty|RTY1 Index|S 1 Comdty|US1 Comdty|VG1 Index|W 1 Comdty,sub100k_14,strict66
0.2668,0.3480,-0.1732,257,AD1 Curncy|C 1 Comdty|DF1 Comdty|EC1 Curncy|MES1 Index|PA1 Comdty|PE1 Curncy|QC1 Comdty|QS1 Comdty|SF1 Curncy|SM1 Index|US1 Comdty|WN1 Comdty|Z 1 Index,sub100k_14,strict66
-0.0829,-0.1997,-0.5304,258,AD1 Curncy|CF1 Index|EC1 Curncy|ES1 Index|NV1 Curncy|PL1 Comdty|QC1 Comdty|SB1 Comdty|SF1 Curncy|SFI5 Comdty|TP1 Index|TU1 Comdty|W 1 Comdty|XB1 Comdty,sub100k_14,strict66
0.3178,0.2340,-0.4000,259,AD1 Curncy|CL1 Comdty|DF1 Comdty|DM1 Index|HG1 Comdty|IK1 Comdty|JY1 Curncy|KW1 Comdty|MES1 Index|NQ1 Index|NV1 Curncy|PE1 Curncy|UXY1 Comdty|W 1 Comdty,sub100k_14,strict66
0.5080,0.3245,0.2566,260,CD1 Curncy|CF1 Index|CL1 Comdty|CT1 Comdty|EC1 Curncy|ER4 Comdty|GC1 Comdty|JY1 Curncy|NO1 Index|NQ1 Index|OE1 Comdty|S 1 Comdty|SB1 Comdty|SF1 Curncy,sub100k_14,strict66
0.2700,0.1032,-0.2788,261,BP1 Curncy|C 1 Comdty|EC1 Curncy|ES1 Index|HO1 Comdty|NQ1 Index|NV1 Curncy|PE1 Curncy|QW1 Comdty|SI1 Comdty|TU1 Comdty|UB1 Comdty|VG1 Index|W 1 Comdty,sub100k_14,strict66
0.2181,0.2294,0.1259,262,BP1 Curncy|CC1 Comdty|CD1 Curncy|CT1 Comdty|EC1 Curncy|NO1 Index|OE1 Comdty|PA1 Comdty|PE1 Curncy|QC1 Comdty|UXY1 Comdty|VG1 Index|XB1 Comdty|Z 1 Index,sub100k_14,strict66
0.0484,-0.0177,-0.3884,263,AD1 Curncy|CC1 Comdty|CD1 Curncy|CT1 Comdty|DM1 Index|OE1 Comdty|PA1 Comdty|PE1 Curncy|QW1 Comdty|SF1 Curncy|SM1 Index|WN1 Comdty|XB1 Comdty|Z 1 Index,sub100k_14,strict66
0.3006,0.0792,0.0371,264,BO1 Comdty|BP1 Curncy|C 1 Comdty|EC1 Curncy|EO1 Index|ER4 Comdty|GC1 Comdty|LC1 Comdty|NG1 Comdty|NV1 Curncy|OE1 Comdty|RTY1 Index|SF1 Curncy|VG1 Index,sub100k_14,strict66
0.2229,0.0843,-0.0996,265,CC1 Comdty|CF1 Index|CL1 Comdty|EC1 Curncy|ER4 Comdty|HG1 Comdty|JY1 Curncy|KC1 Comdty|LC1 Comdty|PE1 Curncy|RTY1 Index|SF1 Curncy|UB1 Comdty|VG1 Index,sub100k_14,strict66
0.4936,0.4516,0.5628,266,BP1 Curncy|CO1 Comdty|EC1 Curncy|EO1 Index|GC1 Comdty|GX1 Index|KW1 Comdty|NV1 Curncy|PE1 Curncy|QC1 Comdty|SB1 Comdty|TP1 Index|UXY1 Comdty|WN1 Comdty,sub100k_14,strict66
0.3856,0.2866,-0.1488,267,CD1 Curncy|CL1 Comdty|EC1 Curncy|GX1 Index|JY1 Curncy|LH1 Comdty|MES1 Index|NO1 Index|NV1 Curncy|RS1 Comdty|SB1 Comdty|SI1 Comdty|TU1 Comdty|US1 Comdty,sub100k_14,strict66
0.3251,0.0805,0.0045,268,AD1 Curncy|BP1 Curncy|CT1 Comdty|DF1 Comdty|DM1 Index|GX1 Index|MES1 Index|PE1 Curncy|QS1 Comdty|RX1 Comdty|SF1 Curncy|SI1 Comdty|W 1 Comdty|WN1 Comdty,sub100k_14,strict66
0.4384,0.4815,-0.6231,269,AD1 Curncy|BP1 Curncy|CF1 Index|ES1 Index|FC1 Comdty|HO1 Comdty|JY1 Curncy|MES1 Index|PA1 Comdty|PE1 Curncy|RS1 Comdty|S 1 Comdty|SFI5 Comdty|US1 Comdty,sub100k_14,strict66
0.3099,0.2249,0.3230,270,C 1 Comdty|CD1 Curncy|CL1 Comdty|HG1 Comdty|JY1 Curncy|KC1 Comdty|NO1 Index|NQ1 Index|PE1 Curncy|QC1 Comdty|SF1 Curncy|TY1 Comdty|UB1 Comdty|VG1 Index,sub100k_14,strict66
-0.0660,-0.1315,-0.5827,271,AD1 Curncy|C 1 Comdty|CF1 Index|DU1 Comdty|EC1 Curncy|JY1 Curncy|LC1 Comdty|MES1 Index|NG1 Comdty|NV1 Curncy|PL1 Comdty|QW1 Comdty|TY1 Comdty|Z 1 Index,sub100k_14,strict66
0.1663,0.2003,-0.2394,272,CD1 Curncy|CT1 Comdty|HG1 Comdty|HO1 Comdty|KC1 Comdty|NO1 Index|NQ1 Index|NV1 Curncy|PE1 Curncy|SF1 Curncy|SFI5 Comdty|SFR5 Comdty|VG1 Index|W 1 Comdty,sub100k_14,strict66
0.2844,0.1942,-0.6020,273,AD1 Curncy|BP1 Curncy|CD1 Curncy|EC1 Curncy|ES1 Index|FC1 Comdty|GX1 Index|HG1 Comdty|MES1 Index|NG1 Comdty|QC1 Comdty|SB1 Comdty|SFI5 Comdty|US1 Comdty,sub100k_14,strict66
0.3072,0.3153,-0.5623,274,AD1 Curncy|BO1 Comdty|BP1 Curncy|CL1 Comdty|CT1 Comdty|ER4 Comdty|ES1 Index|KC1 Comdty|NV1 Curncy|PA1 Comdty|PE1 Curncy|TP1 Index|US1 Comdty|VG1 Index,sub100k_14,strict66
0.4188,0.2796,0.4204,275,AD1 Curncy|BP1 Curncy|C 1 Comdty|DM1 Index|EC1 Curncy|GC1 Comdty|HO1 Comdty|LC1 Comdty|NO1 Index|NV1 Curncy|UB1 Comdty|UXY1 Comdty|W 1 Comdty|Z 1 Index,sub100k_14,strict66
0.4053,0.3604,-0.7553,276,AD1 Curncy|DM1 Index|EC1 Curncy|ES1 Index|KW1 Comdty|LH1 Comdty|MES1 Index|NV1 Curncy|OE1 Comdty|PA1 Comdty|PE1 Curncy|QS1 Comdty|SFI5 Comdty|W 1 Comdty,sub100k_14,strict66
0.1871,0.0478,-0.1721,277,BP1 Curncy|C 1 Comdty|CD1 Curncy|CL1 Comdty|DF1 Comdty|EC1 Curncy|EO1 Index|G 1 Comdty|PE1 Curncy|RTY1 Index|SFR5 Comdty|SI1 Comdty|SM1 Comdty|SM1 Index,sub100k_14,strict66
0.5495,0.5148,0.7853,278,BO1 Comdty|CC1 Comdty|CD1 Curncy|CO1 Comdty|EC1 Curncy|EO1 Index|ES1 Index|FV1 Comdty|GC1 Comdty|JY1 Curncy|LC1 Comdty|MES1 Index|SF1 Curncy|WN1 Comdty,sub100k_14,strict66
0.3934,0.2754,-0.2059,279,AD1 Curncy|BP1 Curncy|CD1 Curncy|CF1 Index|DM1 Index|EC1 Curncy|ER4 Comdty|GC1 Comdty|KC1 Comdty|KW1 Comdty|MES1 Index|NG1 Comdty|S 1 Comdty|SFI5 Comdty,sub100k_14,strict66
0.0267,-0.0364,-0.2151,280,AD1 Curncy|BP1 Curncy|CC1 Comdty|DF1 Comdty|EC1 Curncy|ES1 Index|HO1 Comdty|MES1 Index|PL1 Comdty|SF1 Curncy|TY1 Comdty|UB1 Comdty|W 1 Comdty|Z 1 Index,sub100k_14,strict66
0.3537,0.1789,0.2138,281,BP1 Curncy|C 1 Comdty|CD1 Curncy|CO1 Comdty|ER4 Comdty|G 1 Comdty|GC1 Comdty|KW1 Comdty|NO1 Index|PE1 Curncy|SF1 Curncy|SM1 Index|W 1 Comdty|Z 1 Index,sub100k_14,strict66
0.0222,-0.0802,-0.6366,282,BP1 Curncy|CD1 Curncy|CF1 Index|CT1 Comdty|DU1 Comdty|EC1 Curncy|EO1 Index|ES1 Index|HO1 Comdty|JB1 Comdty|PE1 Curncy|PL1 Comdty|RS1 Comdty|SB1 Comdty,sub100k_14,strict66
0.4162,0.2579,-0.1725,283,CD1 Curncy|CO1 Comdty|CT1 Comdty|EC1 Curncy|HG1 Comdty|JY1 Curncy|KW1 Comdty|NO1 Index|NV1 Curncy|QC1 Comdty|RX1 Comdty|SFI5 Comdty|TP1 Index|VG1 Index,sub100k_14,strict66
0.3554,0.2985,0.4585,284,CC1 Comdty|CD1 Curncy|CF1 Index|EC1 Curncy|KW1 Comdty|LH1 Comdty|PE1 Curncy|QS1 Comdty|SF1 Curncy|SFR5 Comdty|SI1 Comdty|TP1 Index|TY1 Comdty|VG1 Index,sub100k_14,strict66
0.2767,0.0539,-0.3242,285,BP1 Curncy|CD1 Curncy|CF1 Index|DF1 Comdty|ER4 Comdty|FC1 Comdty|HO1 Comdty|MES1 Index|NO1 Index|NV1 Curncy|OAT1 Comdty|QW1 Comdty|SF1 Curncy|SI1 Comdty,sub100k_14,strict66
0.0932,-0.0692,-0.3829,286,AD1 Curncy|BO1 Comdty|CD1 Curncy|DF1 Comdty|EC1 Curncy|EO1 Index|GX1 Index|JB1 Comdty|NG1 Comdty|PE1 Curncy|PL1 Comdty|RS1 Comdty|RTY1 Index|UB1 Comdty,sub100k_14,strict66
0.2144,0.1444,-0.9112,287,BO1 Comdty|CD1 Curncy|CL1 Comdty|G 1 Comdty|JY1 Curncy|KW1 Comdty|NQ1 Index|PA1 Comdty|PE1 Curncy|SB1 Comdty|SF1 Curncy|SFI5 Comdty|VG1 Index|Z 1 Index,sub100k_14,strict66
0.2946,0.2654,0.2830,288,BO1 Comdty|BP1 Curncy|CD1 Curncy|DF1 Comdty|GC1 Comdty|HO1 Comdty|MES1 Index|NO1 Index|OE1 Comdty|PE1 Curncy|QW1 Comdty|SF1 Curncy|SM1 Index|TU1 Comdty,sub100k_14,strict66
0.5291,0.4197,-0.3300,289,AD1 Curncy|CD1 Curncy|CO1 Comdty|DF1 Comdty|EC1 Curncy|ER4 Comdty|ES1 Index|HG1 Comdty|IK1 Comdty|JY1 Curncy|KW1 Comdty|NO1 Index|RS1 Comdty|TP1 Index,sub100k_14,strict66
0.6702,0.5168,0.5556,290,AD1 Curncy|BP1 Curncy|CD1 Curncy|CO1 Comdty|DM1 Index|GC1 Comdty|JY1 Curncy|KC1 Comdty|LH1 Comdty|NO1 Index|SB1 Comdty|SM1 Index|TU1 Comdty|UB1 Comdty,sub100k_14,strict66
0.1949,-0.0116,-0.2182,291,BP1 Curncy|C 1 Comdty|CL1 Comdty|EC1 Curncy|ES1 Index|GX1 Index|JB1 Comdty|KC1 Comdty|LH1 Comdty|MES1 Index|PE1 Curncy|PL1 Comdty|SF1 Curncy|UB1 Comdty,sub100k_14,strict66
-0.0349,0.0641,-0.4611,292,AD1 Curncy|BP1 Curncy|CC1 Comdty|CF1 Index|CL1 Comdty|EC1 Curncy|FV1 Comdty|HG1 Comdty|KC1 Comdty|MES1 Index|NV1 Curncy|SM1 Comdty|UXY1 Comdty|VG1 Index,sub100k_14,strict66
0.2958,0.2646,-0.6248,293,BP1 Curncy|CD1 Curncy|CF1 Index|EC1 Curncy|FC1 Comdty|KW1 Comdty|NG1 Comdty|NQ1 Index|PA1 Comdty|RS1 Comdty|SF1 Curncy|SFI5 Comdty|TP1 Index|UXY1 Comdty,sub100k_14,strict66
0.4089,0.2020,0.1586,294,CD1 Curncy|EC1 Curncy|ES1 Index|G 1 Comdty|GC1 Comdty|GX1 Index|JY1 Curncy|LC1 Comdty|RS1 Comdty|S 1 Comdty|SF1 Curncy|SFI5 Comdty|SM1 Index|XB1 Comdty,sub100k_14,strict66
0.2430,-0.1395,-0.0608,295,BP1 Curncy|C 1 Comdty|CD1 Curncy|DM1 Index|DU1 Comdty|FC1 Comdty|G 1 Comdty|LH1 Comdty|NG1 Comdty|NO1 Index|NV1 Curncy|RTY1 Index|SF1 Curncy|SI1 Comdty,sub100k_14,strict66
0.3935,0.2004,-0.5014,296,BP1 Curncy|CD1 Curncy|DF1 Comdty|DM1 Index|EC1 Curncy|IK1 Comdty|NO1 Index|QS1 Comdty|RS1 Comdty|S 1 Comdty|SF1 Curncy|SFI5 Comdty|SI1 Comdty|VG1 Index,sub100k_14,strict66
-0.0006,0.0274,-0.2071,297,C 1 Comdty|CD1 Curncy|CL1 Comdty|DF1 Comdty|EO1 Index|FV1 Comdty|GX1 Index|HG1 Comdty|JY1 Curncy|KC1 Comdty|NV1 Curncy|SF1 Curncy|WN1 Comdty|Z 1 Index,sub100k_14,strict66
0.3809,0.1383,0.1808,298,BP1 Curncy|GC1 Comdty|JB1 Comdty|JY1 Curncy|MES1 Index|PE1 Curncy|QW1 Comdty|RS1 Comdty|RTY1 Index|SF1 Curncy|SM1 Comdty|SM1 Index|UB1 Comdty|XB1 Comdty,sub100k_14,strict66
0.1050,0.1385,0.3164,299,AD1 Curncy|CC1 Comdty|CD1 Curncy|CT1 Comdty|EC1 Curncy|ES1 Index|HG1 Comdty|HO1 Comdty|JB1 Comdty|QC1 Comdty|SF1 Curncy|US1 Comdty|VG1 Index|Z 1 Index,sub100k_14,strict66
0.0697,-0.0080,-0.6641,300,BP1 Curncy|CD1 Curncy|CF1 Index|DF1 Comdty|DM1 Index|EC1 Curncy|ER4 Comdty|HG1 Comdty|HO1 Comdty|KC1 Comdty|KW1 Comdty|SF1 Curncy|UB1 Comdty|Z 1 Index,sub100k_14,strict66
0.1706,-0.0659,-0.5108,301,AD1 Curncy|CD1 Curncy|CF1 Index|CT1 Comdty|EC1 Curncy|FC1 Comdty|NG1 Comdty|PE1 Curncy|PL1 Comdty|SFI5 Comdty|SM1 Comdty|TP1 Index|UB1 Comdty|Z 1 Index,sub100k_14,strict66
0.5391,0.5141,0.3481,302,BP1 Curncy|CD1 Curncy|DF1 Comdty|EO1 Index|ES1 Index|FC1 Comdty|GC1 Comdty|NV1 Curncy|PE1 Curncy|QS1 Comdty|RTY1 Index|SB1 Comdty|SFI5 Comdty|SFR5 Comdty,sub100k_14,strict66
0.0638,-0.0206,-0.8664,303,CD1 Curncy|EC1 Curncy|ES1 Index|GX1 Index|MES1 Index|NV1 Curncy|OE1 Comdty|PL1 Comdty|QS1 Comdty|QW1 Comdty|RS1 Comdty|S 1 Comdty|SF1 Curncy|TY1 Comdty,sub100k_14,strict66
0.5580,0.4179,0.5737,304,CD1 Curncy|EC1 Curncy|FC1 Comdty|GC1 Comdty|HO1 Comdty|JY1 Curncy|LH1 Comdty|MES1 Index|NV1 Curncy|RTY1 Index|RX1 Comdty|SM1 Comdty|TP1 Index|TU1 Comdty,sub100k_14,strict66
0.0669,0.0253,-0.4189,305,AD1 Curncy|BP1 Curncy|CF1 Index|DU1 Comdty|EC1 Curncy|EO1 Index|FC1 Comdty|FV1 Comdty|LC1 Comdty|PA1 Comdty|PE1 Curncy|W 1 Comdty|XB1 Comdty|Z 1 Index,sub100k_14,strict66
0.1864,0.0723,-0.3337,306,AD1 Curncy|BP1 Curncy|CF1 Index|CL1 Comdty|DF1 Comdty|DM1 Index|EC1 Curncy|EO1 Index|FC1 Comdty|FV1 Comdty|LH1 Comdty|PE1 Curncy|PL1 Comdty|UB1 Comdty,sub100k_14,strict66
0.3514,0.2875,0.3729,307,BP1 Curncy|CL1 Comdty|EC1 Curncy|EO1 Index|GC1 Comdty|JY1 Curncy|LC1 Comdty|RTY1 Index|S 1 Comdty|SF1 Curncy|SM1 Comdty|TP1 Index|US1 Comdty|WN1 Comdty,sub100k_14,strict66
0.3562,0.1902,-0.4195,308,AD1 Curncy|BP1 Curncy|C 1 Comdty|CF1 Index|CO1 Comdty|CT1 Comdty|ER4 Comdty|HG1 Comdty|JB1 Comdty|JY1 Curncy|NQ1 Index|RS1 Comdty|SF1 Curncy|SM1 Index,sub100k_14,strict66
0.2947,0.1162,-0.3566,309,BP1 Curncy|CD1 Curncy|EC1 Curncy|MES1 Index|PL1 Comdty|QC1 Comdty|QS1 Comdty|RS1 Comdty|RTY1 Index|RX1 Comdty|S 1 Comdty|SF1 Curncy|SFR5 Comdty|SM1 Index,sub100k_14,strict66
0.3478,0.3020,-0.3233,310,AD1 Curncy|BP1 Curncy|C 1 Comdty|CD1 Curncy|DF1 Comdty|EO1 Index|ER4 Comdty|HG1 Comdty|NQ1 Index|NV1 Curncy|OAT1 Comdty|QC1 Comdty|QS1 Comdty|SM1 Index,sub100k_14,strict66
0.1859,0.1492,-0.4024,311,AD1 Curncy|CC1 Comdty|CO1 Comdty|EC1 Curncy|FV1 Comdty|HG1 Comdty|NQ1 Index|NV1 Curncy|RS1 Comdty|SF1 Curncy|UXY1 Comdty|VG1 Index|W 1 Comdty|Z 1 Index,sub100k_14,strict66
0.2213,0.1982,-0.6075,312,BP1 Curncy|CD1 Curncy|CT1 Comdty|EC1 Curncy|LH1 Comdty|NO1 Index|PE1 Curncy|PL1 Comdty|QS1 Comdty|RTY1 Index|SFI5 Comdty|SM1 Comdty|US1 Comdty|Z 1 Index,sub100k_14,strict66
0.3331,0.1471,0.4125,313,AD1 Curncy|BP1 Curncy|DU1 Comdty|FC1 Comdty|FV1 Comdty|GC1 Comdty|GX1 Index|KC1 Comdty|MES1 Index|PE1 Curncy|QS1 Comdty|SF1 Curncy|SM1 Comdty|VG1 Index,sub100k_14,strict66
-0.0021,-0.0395,-0.2764,314,BO1 Comdty|EO1 Index|FV1 Comdty|GX1 Index|HO1 Comdty|JB1 Comdty|JY1 Curncy|KW1 Comdty|MES1 Index|NV1 Curncy|PE1 Curncy|PL1 Comdty|S 1 Comdty|SF1 Curncy,sub100k_14,strict66
0.3216,0.3763,-0.4767,315,CD1 Curncy|CF1 Index|CL1 Comdty|EC1 Curncy|ES1 Index|LC1 Comdty|MES1 Index|NV1 Curncy|OAT1 Comdty|PA1 Comdty|PE1 Curncy|QC1 Comdty|RS1 Comdty|TY1 Comdty,sub100k_14,strict66
0.1859,0.0170,-0.6251,316,BO1 Comdty|BP1 Curncy|C 1 Comdty|CL1 Comdty|CT1 Comdty|DU1 Comdty|EC1 Curncy|GX1 Index|HG1 Comdty|JY1 Curncy|NQ1 Index|NV1 Curncy|RTY1 Index|RX1 Comdty,sub100k_14,strict66
-0.1649,-0.2755,-0.8173,317,AD1 Curncy|BP1 Curncy|CD1 Curncy|CF1 Index|EC1 Curncy|GX1 Index|OE1 Comdty|PL1 Comdty|QC1 Comdty|QW1 Comdty|SM1 Comdty|TY1 Comdty|XB1 Comdty|Z 1 Index,sub100k_14,strict66
0.3515,0.1032,0.2689,318,CC1 Comdty|DM1 Index|DU1 Comdty|EC1 Curncy|GC1 Comdty|JY1 Curncy|KW1 Comdty|NG1 Comdty|NQ1 Index|NV1 Curncy|QW1 Comdty|RTY1 Index|RX1 Comdty|SF1 Curncy,sub100k_14,strict66
0.2980,-0.0313,-0.2844,319,BP1 Curncy|EC1 Curncy|ER4 Comdty|GX1 Index|JY1 Curncy|KW1 Comdty|MES1 Index|NG1 Comdty|PE1 Curncy|QC1 Comdty|QW1 Comdty|RTY1 Index|SI1 Comdty|UB1 Comdty,sub100k_14,strict66
0.4036,0.5005,0.0040,320,BP1 Curncy|CC1 Comdty|CD1 Curncy|CT1 Comdty|ES1 Index|JY1 Curncy|PA1 Comdty|PE1 Curncy|QS1 Comdty|RTY1 Index|SM1 Comdty|TY1 Comdty|UXY1 Comdty|Z 1 Index,sub100k_14,strict66
0.5432,0.4764,0.6188,321,AD1 Curncy|BP1 Curncy|CD1 Curncy|CT1 Comdty|GC1 Comdty|JB1 Comdty|JY1 Curncy|LH1 Comdty|NQ1 Index|QS1 Comdty|RTY1 Index|S 1 Comdty|US1 Comdty|Z 1 Index,sub100k_14,strict66
0.4948,0.2999,-0.2415,322,BP1 Curncy|CD1 Curncy|CF1 Index|EC1 Curncy|FC1 Comdty|HO1 Comdty|JY1 Curncy|NQ1 Index|OAT1 Comdty|QW1 Comdty|RS1 Comdty|RTY1 Index|SFR5 Comdty|SI1 Comdty,sub100k_14,strict66
0.2294,-0.1678,-0.0933,323,AD1 Curncy|BP1 Curncy|CD1 Curncy|EO1 Index|FC1 Comdty|KC1 Comdty|LH1 Comdty|NG1 Comdty|OE1 Comdty|RTY1 Index|SF1 Curncy|SI1 Comdty|US1 Comdty|VG1 Index,sub100k_14,strict66
0.1270,-0.0891,-0.5313,324,AD1 Curncy|CD1 Curncy|CF1 Index|CT1 Comdty|ES1 Index|HG1 Comdty|HO1 Comdty|JY1 Curncy|KC1 Comdty|OE1 Comdty|SF1 Curncy|SM1 Index|W 1 Comdty|WN1 Comdty,sub100k_14,strict66
0.2636,0.2459,0.3545,325,BO1 Comdty|BP1 Curncy|CD1 Curncy|CF1 Index|CL1 Comdty|GC1 Comdty|GX1 Index|JB1 Comdty|LC1 Comdty|NO1 Index|PE1 Curncy|QW1 Comdty|SF1 Curncy|UXY1 Comdty,sub100k_14,strict66
0.1253,0.1010,-0.4406,326,BP1 Curncy|CD1 Curncy|CF1 Index|CO1 Comdty|LC1 Comdty|NQ1 Index|PE1 Curncy|PL1 Comdty|S 1 Comdty|SB1 Comdty|SF1 Curncy|SFR5 Comdty|UXY1 Comdty|VG1 Index,sub100k_14,strict66
0.5290,0.3814,-0.0152,327,BP1 Curncy|DF1 Comdty|EC1 Curncy|FC1 Comdty|GX1 Index|JY1 Curncy|LH1 Comdty|MES1 Index|OE1 Comdty|PA1 Comdty|QS1 Comdty|SF1 Curncy|TP1 Index|UB1 Comdty,sub100k_14,strict66
0.4750,0.3539,0.0849,328,AD1 Curncy|BP1 Curncy|CD1 Curncy|CF1 Index|DM1 Index|ER4 Comdty|GC1 Comdty|JY1 Curncy|KW1 Comdty|MES1 Index|NG1 Comdty|QC1 Comdty|RS1 Comdty|SFI5 Comdty,sub100k_14,strict66
0.0354,-0.1945,-0.5148,329,AD1 Curncy|C 1 Comdty|CD1 Curncy|CF1 Index|CT1 Comdty|EC1 Curncy|G 1 Comdty|GX1 Index|LC1 Comdty|NG1 Comdty|OAT1 Comdty|PL1 Comdty|SF1 Curncy|SM1 Index,sub100k_14,strict66
0.1328,0.1082,-0.1726,330,C 1 Comdty|CC1 Comdty|CF1 Index|EC1 Curncy|FV1 Comdty|HG1 Comdty|HO1 Comdty|JY1 Curncy|NO1 Index|NV1 Curncy|OE1 Comdty|S 1 Comdty|SF1 Curncy|SM1 Index,sub100k_14,strict66
0.3334,0.1533,-0.4729,331,BO1 Comdty|BP1 Curncy|CD1 Curncy|EC1 Curncy|G 1 Comdty|HO1 Comdty|JY1 Curncy|LH1 Comdty|NQ1 Index|RTY1 Index|SB1 Comdty|SI1 Comdty|SM1 Index|TU1 Comdty,sub100k_14,strict66
0.2132,0.0852,0.3356,332,AD1 Curncy|CF1 Index|HO1 Comdty|JY1 Curncy|KC1 Comdty|NO1 Index|PE1 Curncy|QC1 Comdty|SB1 Comdty|SF1 Curncy|SI1 Comdty|TU1 Comdty|UXY1 Comdty|VG1 Index,sub100k_14,strict66
0.4148,0.2752,0.3805,333,AD1 Curncy|CD1 Curncy|DF1 Comdty|EC1 Curncy|ER4 Comdty|GC1 Comdty|LH1 Comdty|QS1 Comdty|RX1 Comdty|SF1 Curncy|SM1 Comdty|TP1 Index|VG1 Index|Z 1 Index,sub100k_14,strict66
0.2440,-0.0293,-0.5167,334,AD1 Curncy|BP1 Curncy|DM1 Index|ER4 Comdty|JY1 Curncy|KC1 Comdty|LH1 Comdty|MES1 Index|NG1 Comdty|PL1 Comdty|RTY1 Index|SB1 Comdty|SF1 Curncy|UB1 Comdty,sub100k_14,strict66
0.1538,-0.0047,-0.7168,335,AD1 Curncy|DF1 Comdty|DM1 Index|EC1 Curncy|ES1 Index|G 1 Comdty|HG1 Comdty|JY1 Curncy|S 1 Comdty|SF1 Curncy|SFI5 Comdty|W 1 Comdty|XB1 Comdty|Z 1 Index,sub100k_14,strict66
0.2047,0.2846,-0.1979,336,BO1 Comdty|BP1 Curncy|CC1 Comdty|EC1 Curncy|ES1 Index|GX1 Index|HG1 Comdty|HO1 Comdty|JY1 Curncy|PE1 Curncy|SM1 Comdty|TY1 Comdty|VG1 Index|WN1 Comdty,sub100k_14,strict66
0.2643,-0.0184,-0.4237,337,BO1 Comdty|BP1 Curncy|DM1 Index|EC1 Curncy|LH1 Comdty|NV1 Curncy|OE1 Comdty|PE1 Curncy|SI1 Comdty|SM1 Comdty|TP1 Index|UXY1 Comdty|VG1 Index|XB1 Comdty,sub100k_14,strict66
0.3217,0.1534,-0.2040,338,BP1 Curncy|CD1 Curncy|CT1 Comdty|DM1 Index|EO1 Index|HG1 Comdty|IK1 Comdty|JY1 Curncy|KC1 Comdty|LH1 Comdty|PE1 Curncy|UB1 Comdty|XB1 Comdty|Z 1 Index,sub100k_14,strict66
0.4579,0.2883,0.0521,339,AD1 Curncy|BO1 Comdty|BP1 Curncy|CD1 Curncy|CO1 Comdty|ER4 Comdty|GC1 Comdty|KW1 Comdty|LC1 Comdty|MES1 Index|NV1 Curncy|SM1 Index|UB1 Comdty|VG1 Index,sub100k_14,strict66
0.1706,0.1294,-0.4086,340,AD1 Curncy|CD1 Curncy|DM1 Index|DU1 Comdty|KC1 Comdty|LC1 Comdty|LH1 Comdty|NV1 Curncy|PA1 Comdty|PE1 Curncy|RTY1 Index|SM1 Index|US1 Comdty|XB1 Comdty,sub100k_14,strict66
0.2855,0.0035,-0.0150,341,AD1 Curncy|CD1 Curncy|CT1 Comdty|ES1 Index|NQ1 Index|NV1 Curncy|PE1 Curncy|QC1 Comdty|QW1 Comdty|RX1 Comdty|SI1 Comdty|UB1 Comdty|VG1 Index|XB1 Comdty,sub100k_14,strict66
0.3690,0.2505,0.0054,342,BP1 Curncy|CD1 Curncy|CO1 Comdty|DF1 Comdty|EC1 Curncy|FC1 Comdty|HG1 Comdty|JB1 Comdty|NQ1 Index|SF1 Curncy|TP1 Index|TY1 Comdty|W 1 Comdty|Z 1 Index,sub100k_14,strict66
0.2680,0.0236,-0.0246,343,AD1 Curncy|DM1 Index|EC1 Curncy|EO1 Index|GX1 Index|JB1 Comdty|KW1 Comdty|LH1 Comdty|NG1 Comdty|PE1 Curncy|S 1 Comdty|SF1 Curncy|SI1 Comdty|UXY1 Comdty,sub100k_14,strict66
0.2242,-0.0655,-0.5576,344,BO1 Comdty|EC1 Curncy|IK1 Comdty|NO1 Index|NV1 Curncy|PE1 Curncy|QS1 Comdty|RTY1 Index|S 1 Comdty|SF1 Curncy|SI1 Comdty|SM1 Comdty|UXY1 Comdty|Z 1 Index,sub100k_14,strict66
0.1276,-0.0817,-0.4730,345,BO1 Comdty|CT1 Comdty|EC1 Curncy|EO1 Index|G 1 Comdty|JY1 Curncy|NG1 Comdty|NQ1 Index|PE1 Curncy|PL1 Comdty|SB1 Comdty|SF1 Curncy|US1 Comdty|VG1 Index,sub100k_14,strict66
0.6657,0.4289,0.5531,346,AD1 Curncy|CO1 Comdty|EC1 Curncy|FC1 Comdty|GC1 Comdty|IK1 Comdty|JY1 Curncy|KC1 Comdty|NQ1 Index|NV1 Curncy|SM1 Comdty|TP1 Index|VG1 Index|WN1 Comdty,sub100k_14,strict66
0.4163,0.3707,0.5617,347,AD1 Curncy|BP1 Curncy|CC1 Comdty|EC1 Curncy|ES1 Index|GC1 Comdty|HO1 Comdty|LH1 Comdty|OAT1 Comdty|PE1 Curncy|SM1 Index|W 1 Comdty|WN1 Comdty|Z 1 Index,sub100k_14,strict66
0.1752,0.0838,-0.4792,348,BP1 Curncy|EC1 Curncy|EO1 Index|FC1 Comdty|HO1 Comdty|PA1 Comdty|PE1 Curncy|RX1 Comdty|SB1 Comdty|SF1 Curncy|TY1 Comdty|VG1 Index|W 1 Comdty|Z 1 Index,sub100k_14,strict66
0.1704,0.2379,-1.0246,349,AD1 Curncy|BO1 Comdty|C 1 Comdty|CD1 Curncy|CO1 Comdty|EC1 Curncy|EO1 Index|GX1 Index|KW1 Comdty|MES1 Index|NV1 Curncy|PA1 Comdty|SFI5 Comdty|UXY1 Comdty,sub100k_14,strict66
0.3642,0.2000,-0.5889,350,CD1 Curncy|DM1 Index|EC1 Curncy|HG1 Comdty|JB1 Comdty|JY1 Curncy|NG1 Comdty|NO1 Index|NQ1 Index|OAT1 Comdty|PE1 Curncy|QW1 Comdty|SB1 Comdty|SM1 Comdty,sub100k_14,strict66
0.2541,0.1030,-0.7982,351,AD1 Curncy|C 1 Comdty|CF1 Index|CO1 Comdty|CT1 Comdty|G 1 Comdty|NQ1 Index|NV1 Curncy|OE1 Comdty|PA1 Comdty|PE1 Curncy|RTY1 Index|SF1 Curncy|SM1 Comdty,sub100k_14,strict66
0.5950,0.5383,0.3482,352,BP1 Curncy|CD1 Curncy|DF1 Comdty|DM1 Index|ER4 Comdty|ES1 Index|GC1 Comdty|JY1 Curncy|PE1 Curncy|QS1 Comdty|RS1 Comdty|SB1 Comdty|TY1 Comdty|Z 1 Index,sub100k_14,strict66
0.4999,0.2778,0.5272,353,AD1 Curncy|CC1 Comdty|CF1 Index|EC1 Curncy|G 1 Comdty|GC1 Comdty|JY1 Curncy|MES1 Index|NO1 Index|QS1 Comdty|RS1 Comdty|RX1 Comdty|SF1 Curncy|W 1 Comdty,sub100k_14,strict66
0.0186,-0.1906,-1.0042,354,BP1 Curncy|CD1 Curncy|CL1 Comdty|EC1 Curncy|EO1 Index|ES1 Index|G 1 Comdty|JY1 Curncy|OE1 Comdty|PL1 Comdty|QW1 Comdty|S 1 Comdty|SM1 Index|W 1 Comdty,sub100k_14,strict66
0.2837,0.2130,0.1496,355,AD1 Curncy|BP1 Curncy|CC1 Comdty|EC1 Curncy|GX1 Index|HO1 Comdty|KC1 Comdty|MES1 Index|PE1 Curncy|RS1 Comdty|SI1 Comdty|SM1 Index|TY1 Comdty|UXY1 Comdty,sub100k_14,strict66
0.3536,0.2448,-0.2964,356,AD1 Curncy|CD1 Curncy|CO1 Comdty|FC1 Comdty|HG1 Comdty|NO1 Index|NV1 Curncy|OAT1 Comdty|PE1 Curncy|RS1 Comdty|S 1 Comdty|TP1 Index|VG1 Index|WN1 Comdty,sub100k_14,strict66
0.5629,0.4927,-0.9231,357,BP1 Curncy|CD1 Curncy|CO1 Comdty|DM1 Index|ES1 Index|JY1 Curncy|LH1 Comdty|NQ1 Index|OAT1 Comdty|PA1 Comdty|QW1 Comdty|S 1 Comdty|SF1 Curncy|SFI5 Comdty,sub100k_14,strict66
0.5048,0.3349,0.2712,358,BP1 Curncy|CD1 Curncy|CL1 Comdty|GC1 Comdty|JY1 Curncy|NQ1 Index|QW1 Comdty|S 1 Comdty|SB1 Comdty|SF1 Curncy|SFR5 Comdty|TP1 Index|UB1 Comdty|Z 1 Index,sub100k_14,strict66
0.2879,0.1989,0.5742,359,AD1 Curncy|BP1 Curncy|C 1 Comdty|DF1 Comdty|EO1 Index|GC1 Comdty|JY1 Curncy|LH1 Comdty|MES1 Index|OE1 Comdty|SF1 Curncy|TY1 Comdty|XB1 Comdty|Z 1 Index,sub100k_14,strict66
0.1874,0.1939,-0.9530,360,AD1 Curncy|BP1 Curncy|CD1 Curncy|CF1 Index|CO1 Comdty|DF1 Comdty|DM1 Index|DU1 Comdty|GX1 Index|KC1 Comdty|KW1 Comdty|PA1 Comdty|PE1 Curncy|SFI5 Comdty,sub100k_14,strict66
0.4168,0.2905,-0.9021,361,AD1 Curncy|CD1 Curncy|CO1 Comdty|EC1 Curncy|EO1 Index|ER4 Comdty|GX1 Index|JY1 Curncy|PA1 Comdty|RS1 Comdty|SB1 Comdty|SM1 Index|UXY1 Comdty|W 1 Comdty,sub100k_14,strict66
0.1347,-0.0123,-0.2408,362,BP1 Curncy|C 1 Comdty|CC1 Comdty|CD1 Curncy|DU1 Comdty|EO1 Index|HG1 Comdty|IK1 Comdty|JY1 Curncy|MES1 Index|RS1 Comdty|SF1 Curncy|VG1 Index|XB1 Comdty,sub100k_14,strict66
0.3385,0.1958,-0.2959,363,BP1 Curncy|CL1 Comdty|EC1 Curncy|HG1 Comdty|IK1 Comdty|NO1 Index|NQ1 Index|PE1 Curncy|QC1 Comdty|RTY1 Index|SB1 Comdty|SF1 Curncy|US1 Comdty|W 1 Comdty,sub100k_14,strict66
0.4099,0.3246,0.1876,364,AD1 Curncy|CD1 Curncy|CL1 Comdty|EC1 Curncy|ES1 Index|GX1 Index|LH1 Comdty|NQ1 Index|QC1 Comdty|RS1 Comdty|SF1 Curncy|SI1 Comdty|TU1 Comdty|TY1 Comdty,sub100k_14,strict66
0.3872,0.2183,0.3415,365,AD1 Curncy|DU1 Comdty|EO1 Index|ES1 Index|GC1 Comdty|JY1 Curncy|KC1 Comdty|MES1 Index|NG1 Comdty|NV1 Curncy|PE1 Curncy|RS1 Comdty|SM1 Comdty|WN1 Comdty,sub100k_14,strict66
0.3840,0.3150,0.1071,366,DM1 Index|EC1 Curncy|FC1 Comdty|FV1 Comdty|JB1 Comdty|JY1 Curncy|MES1 Index|NQ1 Index|NV1 Curncy|PA1 Comdty|QC1 Comdty|QW1 Comdty|SF1 Curncy|XB1 Comdty,sub100k_14,strict66
0.2518,0.2552,-1.0323,367,BP1 Curncy|CD1 Curncy|DM1 Index|EC1 Curncy|ER4 Comdty|GX1 Index|HO1 Comdty|KW1 Comdty|MES1 Index|OAT1 Comdty|PA1 Comdty|QW1 Comdty|RS1 Comdty|SF1 Curncy,sub100k_14,strict66
0.2461,0.1478,-0.5733,368,BP1 Curncy|CD1 Curncy|EC1 Curncy|ES1 Index|KW1 Comdty|LH1 Comdty|PA1 Comdty|PE1 Curncy|RTY1 Index|RX1 Comdty|VG1 Index|W 1 Comdty|WN1 Comdty|XB1 Comdty,sub100k_14,strict66
0.3593,0.2371,0.2770,369,AD1 Curncy|BP1 Curncy|CD1 Curncy|CF1 Index|CT1 Comdty|EO1 Index|ER4 Comdty|GC1 Comdty|IK1 Comdty|NV1 Curncy|QC1 Comdty|QW1 Comdty|RTY1 Index|XB1 Comdty,sub100k_14,strict66
0.2734,0.2105,-0.3575,370,BP1 Curncy|C 1 Comdty|CO1 Comdty|EC1 Curncy|FC1 Comdty|FV1 Comdty|HG1 Comdty|MES1 Index|NQ1 Index|NV1 Curncy|QW1 Comdty|SF1 Curncy|UXY1 Comdty|VG1 Index,sub100k_14,strict66
0.2261,0.2015,-0.7422,371,AD1 Curncy|DM1 Index|EC1 Curncy|HG1 Comdty|HO1 Comdty|JY1 Curncy|NV1 Curncy|QW1 Comdty|S 1 Comdty|SB1 Comdty|SM1 Index|TP1 Index|TU1 Comdty|UB1 Comdty,sub100k_14,strict66
0.4495,0.2327,0.6265,372,CF1 Index|DU1 Comdty|EC1 Curncy|FC1 Comdty|GC1 Comdty|HO1 Comdty|JB1 Comdty|JY1 Curncy|LH1 Comdty|NO1 Index|PE1 Curncy|RTY1 Index|SB1 Comdty|SF1 Curncy,sub100k_14,strict66
0.1538,0.0689,0.1959,373,AD1 Curncy|CC1 Comdty|CD1 Curncy|CT1 Comdty|DM1 Index|DU1 Comdty|EC1 Curncy|HG1 Comdty|JB1 Comdty|KC1 Comdty|MES1 Index|QS1 Comdty|SF1 Curncy|SM1 Index,sub100k_14,strict66
0.4980,0.5132,-0.3534,374,CD1 Curncy|CO1 Comdty|DM1 Index|EC1 Curncy|ER4 Comdty|KC1 Comdty|NO1 Index|NV1 Curncy|PA1 Comdty|PE1 Curncy|QC1 Comdty|RS1 Comdty|US1 Comdty|VG1 Index,sub100k_14,strict66
0.1470,0.0518,-0.6408,375,AD1 Curncy|BP1 Curncy|CO1 Comdty|CT1 Comdty|DM1 Index|FV1 Comdty|JY1 Curncy|MES1 Index|PL1 Comdty|QW1 Comdty|SB1 Comdty|SF1 Curncy|US1 Comdty|Z 1 Index,sub100k_14,strict66
0.4221,0.1888,-0.0029,376,AD1 Curncy|BP1 Curncy|DF1 Comdty|DM1 Index|HO1 Comdty|JY1 Curncy|LC1 Comdty|NO1 Index|NV1 Curncy|RX1 Comdty|SB1 Comdty|SFR5 Comdty|SI1 Comdty|SM1 Index,sub100k_14,strict66
0.2526,0.0806,-0.4873,377,CD1 Curncy|DM1 Index|EC1 Curncy|FC1 Comdty|G 1 Comdty|HG1 Comdty|HO1 Comdty|IK1 Comdty|JY1 Curncy|KW1 Comdty|PE1 Curncy|RTY1 Index|S 1 Comdty|Z 1 Index,sub100k_14,strict66
0.3342,0.2701,-0.7615,378,AD1 Curncy|BO1 Comdty|C 1 Comdty|CD1 Curncy|CO1 Comdty|DM1 Index|EC1 Curncy|MES1 Index|NO1 Index|OAT1 Comdty|PA1 Comdty|SF1 Curncy|SM1 Comdty|US1 Comdty,sub100k_14,strict66
0.2165,0.1109,-0.5660,379,AD1 Curncy|CC1 Comdty|CD1 Curncy|CT1 Comdty|DM1 Index|ES1 Index|HG1 Comdty|HO1 Comdty|NV1 Curncy|RX1 Comdty|SB1 Comdty|SF1 Curncy|SFI5 Comdty|VG1 Index,sub100k_14,strict66
0.5276,0.3831,0.9652,380,AD1 Curncy|CT1 Comdty|DU1 Comdty|EC1 Curncy|FC1 Comdty|GC1 Comdty|MES1 Index|NO1 Index|NV1 Curncy|QC1 Comdty|QS1 Comdty|SF1 Curncy|SFR5 Comdty|SM1 Index,sub100k_14,strict66
-0.1237,-0.1605,-0.2429,381,BP1 Curncy|CF1 Index|CL1 Comdty|FV1 Comdty|KC1 Comdty|KW1 Comdty|NV1 Curncy|PE1 Curncy|PL1 Comdty|QC1 Comdty|RTY1 Index|SF1 Curncy|TY1 Comdty|VG1 Index,sub100k_14,strict66
0.2114,0.2463,-0.5725,382,AD1 Curncy|BP1 Curncy|EC1 Curncy|EO1 Index|ES1 Index|HG1 Comdty|LC1 Comdty|LH1 Comdty|MES1 Index|PE1 Curncy|SFI5 Comdty|W 1 Comdty|WN1 Comdty|XB1 Comdty,sub100k_14,strict66
0.3811,0.1890,0.3138,383,BP1 Curncy|CD1 Curncy|DM1 Index|DU1 Comdty|EC1 Curncy|FC1 Comdty|GC1 Comdty|JY1 Curncy|MES1 Index|RTY1 Index|S 1 Comdty|SM1 Comdty|US1 Comdty|XB1 Comdty,sub100k_14,strict66
0.3524,0.2930,-0.7489,384,AD1 Curncy|C 1 Comdty|CL1 Comdty|CT1 Comdty|DM1 Index|EC1 Curncy|EO1 Index|ES1 Index|LH1 Comdty|NV1 Curncy|OE1 Comdty|PA1 Comdty|SF1 Curncy|SFI5 Comdty,sub100k_14,strict66
0.2442,0.0471,-0.5112,385,AD1 Curncy|BP1 Curncy|CT1 Comdty|ES1 Index|HG1 Comdty|JY1 Curncy|NO1 Index|OE1 Comdty|PE1 Curncy|QW1 Comdty|RX1 Comdty|SB1 Comdty|XB1 Comdty|Z 1 Index,sub100k_14,strict66
-0.1046,-0.1954,-0.5200,386,BO1 Comdty|BP1 Curncy|CD1 Curncy|EO1 Index|NV1 Curncy|PL1 Comdty|S 1 Comdty|SF1 Curncy|SM1 Index|TP1 Index|UXY1 Comdty|W 1 Comdty|WN1 Comdty|XB1 Comdty,sub100k_14,strict66
0.0395,-0.0750,-0.6863,387,AD1 Curncy|BP1 Curncy|CF1 Index|DF1 Comdty|HG1 Comdty|HO1 Comdty|KW1 Comdty|NO1 Index|NV1 Curncy|RX1 Comdty|S 1 Comdty|SF1 Curncy|SM1 Index|UB1 Comdty,sub100k_14,strict66
0.5196,0.2332,0.4298,388,BP1 Curncy|CD1 Curncy|DM1 Index|FC1 Comdty|GC1 Comdty|GX1 Index|IK1 Comdty|JY1 Curncy|KC1 Comdty|QS1 Comdty|SF1 Curncy|SM1 Comdty|US1 Comdty|VG1 Index,sub100k_14,strict66
0.3242,0.4067,0.4956,389,AD1 Curncy|BP1 Curncy|CC1 Comdty|DM1 Index|EO1 Index|GC1 Comdty|HO1 Comdty|KW1 Comdty|LH1 Comdty|NQ1 Index|PE1 Curncy|SF1 Curncy|SFI5 Comdty|TU1 Comdty,sub100k_14,strict66
0.4479,0.2987,0.5628,390,AD1 Curncy|CD1 Curncy|CT1 Comdty|EC1 Curncy|ER4 Comdty|GC1 Comdty|IK1 Comdty|JY1 Curncy|LC1 Comdty|NO1 Index|QW1 Comdty|VG1 Index|XB1 Comdty|Z 1 Index,sub100k_14,strict66
0.2903,-0.0539,-0.4208,391,AD1 Curncy|CD1 Curncy|DM1 Index|KC1 Comdty|MES1 Index|NG1 Comdty|NV1 Curncy|OE1 Comdty|PE1 Curncy|RTY1 Index|S 1 Comdty|SB1 Comdty|SFR5 Comdty|SI1 Comdty,sub100k_14,strict66
0.3746,0.3764,-0.3460,392,AD1 Curncy|C 1 Comdty|CD1 Curncy|DF1 Comdty|ER4 Comdty|JY1 Curncy|KC1 Comdty|PA1 Comdty|PE1 Curncy|QS1 Comdty|SFI5 Comdty|SM1 Index|TP1 Index|Z 1 Index,sub100k_14,strict66
0.4124,0.2464,0.1891,393,CD1 Curncy|DM1 Index|EO1 Index|G 1 Comdty|GC1 Comdty|IK1 Comdty|JY1 Curncy|KW1 Comdty|PE1 Curncy|QS1 Comdty|QW1 Comdty|SB1 Comdty|SF1 Curncy|VG1 Index,sub100k_14,strict66
0.0823,-0.0576,-0.0987,394,BO1 Comdty|CD1 Curncy|EC1 Curncy|KC1 Comdty|LC1 Comdty|NO1 Index|OE1 Comdty|PE1 Curncy|PL1 Comdty|QS1 Comdty|SF1 Curncy|TP1 Index|TU1 Comdty|VG1 Index,sub100k_14,strict66
0.1741,0.2414,-0.4266,395,AD1 Curncy|CD1 Curncy|FV1 Comdty|GX1 Index|HO1 Comdty|LH1 Comdty|PA1 Comdty|PE1 Curncy|RS1 Comdty|SF1 Curncy|VG1 Index|W 1 Comdty|WN1 Comdty|Z 1 Index,sub100k_14,strict66
0.2083,0.0932,-0.2720,396,BP1 Curncy|C 1 Comdty|CC1 Comdty|CD1 Curncy|CL1 Comdty|DM1 Index|IK1 Comdty|JY1 Curncy|KW1 Comdty|NQ1 Index|PE1 Curncy|PL1 Comdty|SM1 Index|UXY1 Comdty,sub100k_14,strict66
0.3628,0.4097,-0.2534,397,AD1 Curncy|BO1 Comdty|CC1 Comdty|EO1 Index|ES1 Index|HO1 Comdty|JY1 Curncy|NQ1 Index|NV1 Curncy|PA1 Comdty|PE1 Curncy|RX1 Comdty|S 1 Comdty|TY1 Comdty,sub100k_14,strict66
0.1684,0.0058,-0.6416,398,C 1 Comdty|CD1 Curncy|CF1 Index|CO1 Comdty|DM1 Index|FV1 Comdty|HG1 Comdty|JY1 Curncy|KW1 Comdty|OAT1 Comdty|PE1 Curncy|SF1 Curncy|W 1 Comdty|Z 1 Index,sub100k_14,strict66
0.2439,0.0231,-1.0030,399,BO1 Comdty|BP1 Curncy|CD1 Curncy|ES1 Index|HG1 Comdty|NO1 Index|NV1 Curncy|OAT1 Comdty|OE1 Comdty|QS1 Comdty|QW1 Comdty|RTY1 Index|SB1 Comdty|SF1 Curncy,sub100k_14,strict66
0.1461,0.1014,-0.6753,0,BO1 Comdty|BP1 Curncy|CC1 Comdty|CO1 Comdty|EC1 Curncy|FV1 Comdty|NV1 Curncy|PL1 Comdty|QC1 Index|RS1 Comdty|SF1 Curncy|SFI5 Comdty|TP1 Index|Z 1 Index,sub100k_14,all84
-0.0308,0.0362,-0.8802,1,AD1 Curncy|CD1 Curncy|CF1 Index|EO1 Index|ER4 Comdty|G 1 Comdty|HG1 Comdty|HO1 Comdty|NV1 Curncy|QC1 Comdty|QW1 Comdty|S 1 Comdty|SF1 Curncy|XU1 Index,sub100k_14,all84
0.0884,-0.0581,-0.2630,2,BP1 Curncy|DU1 Comdty|EC1 Curncy|FC1 Comdty|HG1 Comdty|KC1 Comdty|KW1 Comdty|NV1 Curncy|PT1 Index|QC1 Index|SF1 Curncy|SFR5 Comdty|XB1 Comdty|XP1 Index,sub100k_14,all84
0.2625,0.1575,-0.7090,3,AD1 Curncy|CD1 Curncy|ER4 Comdty|HG1 Comdty|HI1 Index|JY1 Curncy|MES1 Index|NG1 Comdty|NO1 Curncy|OAT1 Comdty|QC1 Comdty|RS1 Comdty|S 1 Comdty|XP1 Index,sub100k_14,all84
0.0801,-0.0156,-0.5039,4,BP1 Curncy|CD1 Curncy|DM1 Index|JB1 Comdty|KC1 Comdty|NO1 Curncy|PL1 Comdty|QS1 Comdty|RTY1 Index|S 1 Comdty|SE1 Curncy|SM1 Comdty|TP1 Index|TY1 Comdty,sub100k_14,all84
0.0440,0.0921,-0.7666,5,BO1 Comdty|CL1 Comdty|DU1 Comdty|EC1 Curncy|FV1 Comdty|HI1 Index|MWE1 Comdty|NO1 Curncy|NV1 Curncy|PA1 Comdty|PE1 Curncy|VG1 Index|W 1 Comdty|XP1 Index,sub100k_14,all84
0.3836,0.2784,0.2297,6,BP1 Curncy|C 1 Comdty|CD1 Curncy|EC1 Curncy|ER4 Comdty|GC1 Comdty|JB1 Comdty|JY1 Curncy|QC1 Index|QW1 Comdty|RS1 Comdty|XB1 Comdty|XP1 Index|XU1 Index,sub100k_14,all84
-0.1026,-0.0195,-0.6372,7,AD1 Curncy|CL1 Comdty|DF1 Comdty|GX1 Index|HC1 Index|NV1 Curncy|PE1 Curncy|PL1 Comdty|QW1 Comdty|SE1 Curncy|SFR5 Comdty|SM1 Comdty|TY1 Comdty|Z 1 Index,sub100k_14,all84
0.4843,0.5067,0.5760,8,AD1 Curncy|C 1 Comdty|CL1 Comdty|DF1 Comdty|EC1 Curncy|ER4 Comdty|ES1 Index|GC1 Comdty|IR4 Comdty|KW1 Comdty|NO1 Index|NV1 Curncy|PT1 Index|SE1 Curncy,sub100k_14,all84
0.8139,0.4333,-0.8787,9,CD1 Curncy|CF1 Index|CUA1 Comdty|FC1 Comdty|IK1 Comdty|JGS1 Index|JY1 Curncy|NO1 Curncy|NV1 Curncy|OE1 Comdty|PT1 Index|QC1 Comdty|RS1 Comdty|SCO1 Comdty,sub100k_14,all84
0.2026,0.1209,-0.6293,10,BO1 Comdty|BP1 Curncy|CL1 Comdty|EC1 Curncy|ES1 Index|LC1 Comdty|MES1 Index|NO1 Curncy|PL1 Comdty|QW1 Comdty|SE1 Curncy|TWT1 Index|UB1 Comdty|UXY1 Comdty,sub100k_14,all84
0.5472,0.1271,-0.3197,11,CA1 Comdty|GX1 Index|IK1 Comdty|JY1 Curncy|NG1 Comdty|NV1 Curncy|PE1 Curncy|PT1 Index|RS1 Comdty|RX1 Comdty|SB1 Comdty|SE1 Curncy|SI1 Comdty|XP1 Index,sub100k_14,all84
0.2726,0.1277,-0.4195,12,BO1 Comdty|JB1 Comdty|JGS1 Index|JY1 Curncy|MWE1 Comdty|NO1 Curncy|PE1 Curncy|PT1 Index|QS1 Comdty|QW1 Comdty|SE1 Curncy|SFI5 Comdty|SI1 Comdty|Z 1 Index,sub100k_14,all84
0.3262,0.3325,-0.5956,13,CC1 Comdty|CD1 Curncy|DU1 Comdty|NG1 Comdty|NO1 Curncy|PE1 Curncy|S 1 Comdty|SCO1 Comdty|SE1 Curncy|SM1 Index|TP1 Index|W 1 Comdty|WN1 Comdty|XU1 Index,sub100k_14,all84
0.4254,0.1958,-0.3942,14,CO1 Comdty|DF1 Comdty|HI1 Index|JY1 Curncy|LH1 Comdty|MES1 Index|NO1 Curncy|NQ1 Index|RX1 Comdty|S 1 Comdty|SE1 Curncy|SF1 Curncy|SI1 Comdty|XM1 Comdty,sub100k_14,all84
-0.0477,-0.1099,-0.9484,15,CD1 Curncy|CF1 Index|EC1 Curncy|ER4 Comdty|HO1 Comdty|JGS1 Index|KC1 Comdty|LC1 Comdty|NO1 Curncy|PL1 Comdty|RTY1 Index|S 1 Comdty|SF1 Curncy|XM1 Comdty,sub100k_14,all84
0.6492,0.3095,-0.4477,16,CUA1 Comdty|EC1 Curncy|GC1 Comdty|GX1 Index|HI1 Index|IJ1 Comdty|IK1 Comdty|JGS1 Index|NO1 Curncy|OAT1 Comdty|QW1 Comdty|SB1 Comdty|SE1 Curncy|SF1 Curncy,sub100k_14,all84
0.2444,0.2284,-0.7545,17,BP1 Curncy|CC1 Comdty|CD1 Curncy|CO1 Comdty|DF1 Comdty|G 1 Comdty|HI1 Index|KC1 Comdty|NV1 Curncy|PA1 Comdty|RTY1 Index|SE1 Curncy|SM1 Index|XM1 Comdty,sub100k_14,all84
0.1676,0.2340,-0.5135,18,AD1 Curncy|BP1 Curncy|DF1 Comdty|DM1 Index|EC1 Curncy|FV1 Comdty|KW1 Comdty|LC1 Comdty|NO1 Curncy|PA1 Comdty|QC1 Index|US1 Comdty|VG1 Index|XB1 Comdty,sub100k_14,all84
0.4936,0.5090,-0.7813,19,BP1 Curncy|CC1 Comdty|CF1 Index|CO1 Comdty|DU1 Comdty|EC1 Curncy|MWE1 Comdty|NO1 Curncy|PT1 Index|SCO1 Comdty|SE1 Curncy|TWT1 Index|W 1 Comdty|XM1 Comdty,sub100k_14,all84
0.4222,0.0919,0.2405,20,BO1 Comdty|BP1 Curncy|CD1 Curncy|CT1 Comdty|CUA1 Comdty|GC1 Comdty|NO1 Curncy|OE1 Comdty|QC1 Comdty|QC1 Index|SF1 Curncy|TP1 Index|XM1 Comdty|Z 1 Index,sub100k_14,all84
0.2968,0.2352,-0.2461,21,AD1 Curncy|DF1 Comdty|JY1 Curncy|NG1 Comdty|NV1 Curncy|OE1 Comdty|PA1 Comdty|QC1 Index|RS1 Comdty|SB1 Comdty|SF1 Curncy|TP1 Index|TU1 Comdty|TWT1 Index,sub100k_14,all84
0.2283,0.2051,0.2884,22,BP1 Curncy|CC1 Comdty|CD1 Curncy|DF1 Comdty|EO1 Index|HI1 Index|HO1 Comdty|JB1 Comdty|JGS1 Index|KC1 Comdty|NO1 Curncy|NV1 Curncy|SI1 Comdty|UXY1 Comdty,sub100k_14,all84
-0.0809,-0.2787,-0.8893,23,BO1 Comdty|CN1 Comdty|EC1 Curncy|ER4 Comdty|JY1 Curncy|LC1 Comdty|NV1 Curncy|PL1 Comdty|RTY1 Index|SF1 Curncy|W 1 Comdty|XB1 Comdty|XU1 Index|Z 1 Index,sub100k_14,all84
0.3838,0.3197,0.0467,24,CA1 Comdty|CC1 Comdty|DM1 Index|ES1 Index|G 1 Comdty|HG1 Comdty|JY1 Curncy|KW1 Comdty|PE1 Curncy|QS1 Comdty|RTY1 Index|SE1 Curncy|SF1 Curncy|XM1 Comdty,sub100k_14,all84
0.5793,0.5815,0.1509,25,CT1 Comdty|DM1 Index|EC1 Curncy|FC1 Comdty|JY1 Curncy|NV1 Curncy|PA1 Comdty|QS1 Comdty|SB1 Comdty|SF1 Curncy|SFR5 Comdty|TWT1 Index|VG1 Index|WN1 Comdty,sub100k_14,all84
0.2404,0.0999,-0.1119,26,AD1 Curncy|BP1 Curncy|CD1 Curncy|CF1 Index|CL1 Comdty|KC1 Comdty|KW1 Comdty|MWE1 Comdty|OAT1 Comdty|SE1 Curncy|SFR5 Comdty|SI1 Comdty|TWT1 Index|Z 1 Index,sub100k_14,all84
0.3849,0.1208,-0.4264,27,BP1 Curncy|CO1 Comdty|CT1 Comdty|DM1 Index|EC1 Curncy|FV1 Comdty|GX1 Index|IJ1 Comdty|IK1 Comdty|KC1 Comdty|NO1 Curncy|PE1 Curncy|SI1 Comdty|XP1 Index,sub100k_14,all84
-0.0181,-0.2381,-1.2378,28,AD1 Curncy|CF1 Index|DU1 Comdty|IJ1 Comdty|KW1 Comdty|NO1 Curncy|NV1 Curncy|OAT1 Comdty|PL1 Comdty|QS1 Comdty|RS1 Comdty|SE1 Curncy|SM1 Index|XP1 Index,sub100k_14,all84
0.0259,-0.0132,-0.8551,29,AD1 Curncy|BP1 Curncy|DU1 Comdty|EC1 Curncy|HC1 Index|JY1 Curncy|LC1 Comdty|LH1 Comdty|PL1 Comdty|QW1 Comdty|SFI5 Comdty|VG1 Index|XB1 Comdty|XU1 Index,sub100k_14,all84
0.3750,0.0159,-0.8788,30,CD1 Curncy|CUA1 Comdty|EC1 Curncy|JY1 Curncy|MES1 Index|NQ1 Index|OE1 Comdty|PL1 Comdty|QW1 Comdty|RX1 Comdty|S 1 Comdty|SE1 Curncy|TP1 Index|W 1 Comdty,sub100k_14,all84
0.4396,0.1145,-0.1846,31,AD1 Curncy|CC1 Comdty|CUA1 Comdty|EC1 Curncy|HC1 Index|IK1 Comdty|JY1 Curncy|LC1 Comdty|LH1 Comdty|PL1 Comdty|QC1 Index|RX1 Comdty|SF1 Curncy|Z 1 Index,sub100k_14,all84
0.2422,0.0144,-0.7056,32,CD1 Curncy|GX1 Index|HG1 Comdty|JY1 Curncy|NO1 Curncy|NO1 Index|OE1 Comdty|QS1 Comdty|RS1 Comdty|SE1 Curncy|SM1 Comdty|UB1 Comdty|W 1 Comdty|XP1 Index,sub100k_14,all84
0.1171,0.0114,-0.2688,33,BO1 Comdty|CD1 Curncy|CN1 Comdty|FC1 Comdty|HG1 Comdty|LH1 Comdty|NO1 Curncy|PE1 Curncy|RTY1 Index|SF1 Curncy|TP1 Index|VG1 Index|WN1 Comdty|XB1 Comdty,sub100k_14,all84
0.5073,0.4229,0.3632,34,CA1 Comdty|CF1 Index|GC1 Comdty|HI1 Index|IR4 Comdty|JY1 Curncy|KC1 Comdty|NO1 Curncy|OAT1 Comdty|PE1 Curncy|PT1 Index|SB1 Comdty|SE1 Curncy|XB1 Comdty,sub100k_14,all84
0.2757,0.1591,-0.7704,35,BP1 Curncy|CD1 Curncy|CO1 Comdty|CT1 Comdty|EC1 Curncy|HC1 Index|HG1 Comdty|IJ1 Comdty|IK1 Comdty|JGS1 Index|KC1 Comdty|SE1 Curncy|TY1 Comdty|Z 1 Index,sub100k_14,all84
0.0274,-0.1640,-0.7366,36,AD1 Curncy|CL1 Comdty|CT1 Comdty|NO1 Curncy|NV1 Curncy|OE1 Comdty|PE1 Curncy|PL1 Comdty|QC1 Index|RTY1 Index|SB1 Comdty|SFR5 Comdty|SM1 Comdty|VG1 Index,sub100k_14,all84
0.4580,0.5895,-0.6366,37,BP1 Curncy|CA1 Comdty|CT1 Comdty|EO1 Index|GX1 Index|HC1 Index|HO1 Comdty|NO1 Curncy|SCO1 Comdty|SE1 Curncy|SF1 Curncy|SFR5 Comdty|US1 Comdty|W 1 Comdty,sub100k_14,all84
0.4826,0.2973,0.3781,38,CC1 Comdty|CD1 Curncy|CF1 Index|CUA1 Comdty|DU1 Comdty|GC1 Comdty|JY1 Curncy|NO1 Curncy|PT1 Index|QC1 Index|RS1 Comdty|S 1 Comdty|SE1 Curncy|TU1 Comdty,sub100k_14,all84
0.5254,0.2995,0.1573,39,CA1 Comdty|DM1 Index|ER4 Comdty|JY1 Curncy|LH1 Comdty|NO1 Index|OE1 Comdty|PE1 Curncy|QS1 Comdty|S 1 Comdty|SE1 Curncy|SF1 Curncy|SI1 Comdty|TP1 Index,sub100k_14,all84
0.2441,0.1430,0.0056,40,C 1 Comdty|CN1 Comdty|HO1 Comdty|IJ1 Comdty|JY1 Curncy|MES1 Index|NO1 Curncy|NO1 Index|NV1 Curncy|PE1 Curncy|SI1 Comdty|TWT1 Index|US1 Comdty|W 1 Comdty,sub100k_14,all84
0.6408,0.4653,0.6971,41,BP1 Curncy|CT1 Comdty|EC1 Curncy|FC1 Comdty|GC1 Comdty|IR4 Comdty|JY1 Curncy|LC1 Comdty|MES1 Index|NO1 Index|OE1 Comdty|QS1 Comdty|SE1 Curncy|SM1 Index,sub100k_14,all84
0.6902,0.3345,-1.3118,42,AD1 Curncy|CUA1 Comdty|GX1 Index|KC1 Comdty|NO1 Curncy|NO1 Index|NV1 Curncy|OAT1 Comdty|PE1 Curncy|RS1 Comdty|RX1 Comdty|SB1 Comdty|SCO1 Comdty|XP1 Index,sub100k_14,all84
0.2523,0.4491,-0.2611,43,AD1 Curncy|BP1 Curncy|CC1 Comdty|CD1 Curncy|CL1 Comdty|DF1 Comdty|ER4 Comdty|IR4 Comdty|LH1 Comdty|MES1 Index|NO1 Curncy|PA1 Comdty|PT1 Index|XP1 Index,sub100k_14,all84
0.3313,0.2548,-0.3337,44,BP1 Curncy|CD1 Curncy|ES1 Index|IJ1 Comdty|JB1 Comdty|KC1 Comdty|NO1 Curncy|NO1 Index|PA1 Comdty|QW1 Comdty|RX1 Comdty|SE1 Curncy|TWT1 Index|XB1 Comdty,sub100k_14,all84
0.4319,0.1050,0.3019,45,AD1 Curncy|DM1 Index|FC1 Comdty|G 1 Comdty|GC1 Comdty|KC1 Comdty|NO1 Curncy|NQ1 Index|PE1 Curncy|SF1 Curncy|SM1 Comdty|UB1 Comdty|XB1 Comdty|XU1 Index,sub100k_14,all84
0.1155,0.0827,-0.2948,46,CT1 Comdty|EC1 Curncy|GX1 Index|IR4 Comdty|JGS1 Index|LH1 Comdty|MES1 Index|MWE1 Comdty|NV1 Curncy|PE1 Curncy|PL1 Comdty|SF1 Curncy|US1 Comdty|XB1 Comdty,sub100k_14,all84
0.4606,0.2509,0.0820,47,AD1 Curncy|BP1 Curncy|CL1 Comdty|CT1 Comdty|GC1 Comdty|KW1 Comdty|NQ1 Index|NV1 Curncy|SF1 Curncy|SFI5 Comdty|SM1 Comdty|SM1 Index|TP1 Index|UB1 Comdty,sub100k_14,all84
-0.1142,-0.0402,-0.2090,48,BP1 Curncy|CD1 Curncy|DF1 Comdty|HI1 Index|KW1 Comdty|NO1 Index|PE1 Curncy|PL1 Comdty|SE1 Curncy|TU1 Comdty|UXY1 Comdty|W 1 Comdty|XB1 Comdty|XP1 Index,sub100k_14,all84
0.4540,0.3334,0.1446,49,AD1 Curncy|BP1 Curncy|CA1 Comdty|CD1 Curncy|CF1 Index|HO1 Comdty|JY1 Curncy|MWE1 Comdty|NO1 Index|OAT1 Comdty|RS1 Comdty|SI1 Comdty|TWT1 Index|XM1 Comdty,sub100k_14,all84
0.5519,0.8496,-0.0971,50,CD1 Curncy|EC1 Curncy|HI1 Index|IR4 Comdty|JGS1 Index|LC1 Comdty|PE1 Curncy|QC1 Comdty|QS1 Comdty|S 1 Comdty|SCO1 Comdty|SF1 Curncy|TU1 Comdty|TWT1 Index,sub100k_14,all84
0.3145,0.0737,-0.4474,51,BP1 Curncy|CA1 Comdty|DU1 Comdty|EC1 Curncy|G 1 Comdty|HC1 Index|LH1 Comdty|NO1 Curncy|NQ1 Index|NV1 Curncy|RS1 Comdty|SI1 Comdty|XB1 Comdty|XU1 Index,sub100k_14,all84
0.3474,0.2434,-1.5174,52,BP1 Curncy|CD1 Curncy|CUA1 Comdty|G 1 Comdty|LC1 Comdty|NO1 Curncy|NV1 Curncy|QW1 Comdty|SCO1 Comdty|SM1 Comdty|VG1 Index|WN1 Comdty|XU1 Index|Z 1 Index,sub100k_14,all84
0.3290,-0.0807,-0.8034,53,CT1 Comdty|CUA1 Comdty|ES1 Index|HC1 Index|NO1 Curncy|PE1 Curncy|QW1 Comdty|RX1 Comdty|SE1 Curncy|SF1 Curncy|SI1 Comdty|SM1 Comdty|WN1 Comdty|XU1 Index,sub100k_14,all84
0.0567,0.0233,-0.3858,54,AD1 Curncy|BP1 Curncy|CA1 Comdty|CD1 Curncy|EO1 Index|HO1 Comdty|IK1 Comdty|JY1 Curncy|KC1 Comdty|PL1 Comdty|QW1 Comdty|TU1 Comdty|XP1 Index|Z 1 Index,sub100k_14,all84
0.4093,0.5339,0.6502,55,AD1 Curncy|BP1 Curncy|C 1 Comdty|CD1 Curncy|ES1 Index|GC1 Comdty|HO1 Comdty|IR4 Comdty|LC1 Comdty|PE1 Curncy|SM1 Comdty|TWT1 Index|US1 Comdty|XU1 Index,sub100k_14,all84
0.1668,0.1596,-0.6188,56,CD1 Curncy|CN1 Comdty|EC1 Curncy|JY1 Curncy|KW1 Comdty|NV1 Curncy|OAT1 Comdty|PA1 Comdty|QC1 Comdty|QW1 Comdty|SM1 Index|TP1 Index|XB1 Comdty|XU1 Index,sub100k_14,all84
0.2393,0.1562,-0.7280,57,AD1 Curncy|BP1 Curncy|CA1 Comdty|CF1 Index|G 1 Comdty|KC1 Comdty|MES1 Index|NG1 Comdty|NO1 Curncy|PA1 Comdty|PE1 Curncy|S 1 Comdty|SFI5 Comdty|SM1 Index,sub100k_14,all84
0.2027,0.2489,-0.6635,58,AD1 Curncy|BP1 Curncy|CF1 Index|DF1 Comdty|JB1 Comdty|JY1 Curncy|LH1 Comdty|PL1 Comdty|QS1 Comdty|QW1 Comdty|SE1 Curncy|SFI5 Comdty|VG1 Index|XU1 Index,sub100k_14,all84
0.3071,0.2965,-0.4318,59,BO1 Comdty|BP1 Curncy|DU1 Comdty|ES1 Index|IJ1 Comdty|NO1 Curncy|NQ1 Index|PA1 Comdty|QC1 Comdty|QC1 Index|QS1 Comdty|SE1 Curncy|SF1 Curncy|TU1 Comdty,sub100k_14,all84
0.5090,0.3009,0.0387,60,BP1 Curncy|CD1 Curncy|CUA1 Comdty|ES1 Index|JGS1 Index|LC1 Comdty|PE1 Curncy|QC1 Comdty|RS1 Comdty|SE1 Curncy|SI1 Comdty|TU1 Comdty|TWT1 Index|XM1 Comdty,sub100k_14,all84
0.1098,-0.0334,-0.4534,61,AD1 Curncy|CD1 Curncy|CN1 Comdty|CT1 Comdty|ER4 Comdty|ES1 Index|GX1 Index|HI1 Index|IJ1 Comdty|LC1 Comdty|NG1 Comdty|PL1 Comdty|SE1 Curncy|SF1 Curncy,sub100k_14,all84
0.2553,0.0453,-0.7187,62,C 1 Comdty|CF1 Index|CN1 Comdty|CT1 Comdty|CUA1 Comdty|EC1 Curncy|HG1 Comdty|JY1 Curncy|LH1 Comdty|NV1 Curncy|RTY1 Index|SF1 Curncy|UXY1 Comdty|VG1 Index,sub100k_14,all84
0.4017,0.3587,-1.1212,63,AD1 Curncy|BP1 Curncy|CO1 Comdty|HI1 Index|IJ1 Comdty|IK1 Comdty|IR4 Comdty|JGS1 Index|JY1 Curncy|NO1 Curncy|PA1 Comdty|S 1 Comdty|SM1 Comdty|XP1 Index,sub100k_14,all84
0.2334,0.2758,-0.2120,64,CD1 Curncy|CL1 Comdty|DF1 Comdty|EC1 Curncy|EO1 Index|ES1 Index|G 1 Comdty|HI1 Index|KC1 Comdty|PA1 Comdty|PE1 Curncy|QC1 Comdty|SF1 Curncy|TY1 Comdty,sub100k_14,all84
0.7066,0.6365,0.6010,65,AD1 Curncy|CA1 Comdty|CUA1 Comdty|DF1 Comdty|GC1 Comdty|HC1 Index|JY1 Curncy|LH1 Comdty|NO1 Curncy|NO1 Index|PE1 Curncy|TY1 Comdty|XM1 Comdty|Z 1 Index,sub100k_14,all84
0.4691,0.3104,-0.0265,66,AD1 Curncy|CA1 Comdty|CC1 Comdty|HG1 Comdty|IK1 Comdty|OE1 Comdty|PE1 Curncy|QC1 Index|QS1 Comdty|RS1 Comdty|SE1 Curncy|SF1 Curncy|TP1 Index|XU1 Index,sub100k_14,all84
0.0678,0.1111,-0.6279,67,BO1 Comdty|CD1 Curncy|DM1 Index|GX1 Index|HG1 Comdty|IR4 Comdty|JY1 Curncy|LC1 Comdty|NO1 Curncy|NV1 Curncy|QS1 Comdty|S 1 Comdty|XM1 Comdty|Z 1 Index,sub100k_14,all84
0.0724,-0.1003,-0.6272,68,AD1 Curncy|CF1 Index|JY1 Curncy|NV1 Curncy|OAT1 Comdty|PL1 Comdty|S 1 Comdty|SB1 Comdty|SF1 Curncy|SFR5 Comdty|SM1 Comdty|TP1 Index|VG1 Index|XB1 Comdty,sub100k_14,all84
0.1123,-0.0589,-0.6312,69,C 1 Comdty|CN1 Comdty|DM1 Index|GX1 Index|LH1 Comdty|NO1 Curncy|NO1 Index|NV1 Curncy|PL1 Comdty|QS1 Comdty|RX1 Comdty|SE1 Curncy|SF1 Curncy|SM1 Comdty,sub100k_14,all84
0.2184,0.1031,0.0992,70,BO1 Comdty|CC1 Comdty|CD1 Curncy|CO1 Comdty|EO1 Index|ER4 Comdty|GX1 Index|JB1 Comdty|JY1 Curncy|LC1 Comdty|NO1 Index|NV1 Curncy|PL1 Comdty|SF1 Curncy,sub100k_14,all84
0.4190,0.3300,0.3676,71,BP1 Curncy|CD1 Curncy|CO1 Comdty|FC1 Comdty|FV1 Comdty|GC1 Comdty|KW1 Comdty|NO1 Index|NV1 Curncy|SE1 Curncy|UXY1 Comdty|W 1 Comdty|XU1 Index|Z 1 Index,sub100k_14,all84
0.2942,0.1633,-0.0788,72,BO1 Comdty|BP1 Curncy|GC1 Comdty|HO1 Comdty|IJ1 Comdty|JB1 Comdty|MES1 Index|NO1 Curncy|NO1 Index|NV1 Curncy|OAT1 Comdty|SF1 Curncy|W 1 Comdty|XU1 Index,sub100k_14,all84
0.6861,0.5577,0.7825,73,AD1 Curncy|CA1 Comdty|FC1 Comdty|GC1 Comdty|JB1 Comdty|JGS1 Index|JY1 Curncy|MES1 Index|NO1 Index|PE1 Curncy|QS1 Comdty|SE1 Curncy|SM1 Comdty|US1 Comdty,sub100k_14,all84
0.5854,0.6218,-0.9691,74,AD1 Curncy|EC1 Curncy|EO1 Index|KC1 Comdty|LC1 Comdty|LH1 Comdty|MES1 Index|NV1 Curncy|QS1 Comdty|SCO1 Comdty|SF1 Curncy|SFI5 Comdty|SM1 Index|US1 Comdty,sub100k_14,all84
0.4492,0.3257,-0.0893,75,AD1 Curncy|CA1 Comdty|EC1 Curncy|JGS1 Index|JY1 Curncy|LC1 Comdty|NG1 Comdty|NO1 Index|OE1 Comdty|PA1 Comdty|PE1 Curncy|SB1 Comdty|UXY1 Comdty|VG1 Index,sub100k_14,all84
0.2281,-0.0255,-0.2753,76,BP1 Curncy|CN1 Comdty|IJ1 Comdty|LC1 Comdty|NG1 Comdty|NQ1 Index|NV1 Curncy|PE1 Curncy|PT1 Index|QC1 Index|S 1 Comdty|SF1 Curncy|SI1 Comdty|UXY1 Comdty,sub100k_14,all84
0.4053,0.3927,0.5213,77,AD1 Curncy|ES1 Index|GC1 Comdty|HC1 Index|HI1 Index|HO1 Comdty|IR4 Comdty|MWE1 Comdty|NV1 Curncy|OAT1 Comdty|PE1 Curncy|QC1 Comdty|SF1 Curncy|SM1 Comdty,sub100k_14,all84
0.2788,0.0536,-0.9829,78,AD1 Curncy|BP1 Curncy|CO1 Comdty|DM1 Index|DU1 Comdty|IJ1 Comdty|MES1 Index|MWE1 Comdty|NO1 Curncy|NV1 Curncy|QC1 Index|SB1 Comdty|SFI5 Comdty|SI1 Comdty,sub100k_14,all84
0.2620,0.1264,-0.3700,79,AD1 Curncy|BO1 Comdty|CD1 Curncy|CO1 Comdty|JB1 Comdty|JY1 Curncy|LC1 Comdty|NO1 Index|PE1 Curncy|PL1 Comdty|SFI5 Comdty|SM1 Index|TP1 Index|W 1 Comdty,sub100k_14,all84
0.4816,0.3163,-0.0367,80,BO1 Comdty|CUA1 Comdty|EC1 Curncy|GC1 Comdty|NO1 Index|NV1 Curncy|PE1 Curncy|QW1 Comdty|RTY1 Index|SE1 Curncy|SFR5 Comdty|SM1 Comdty|US1 Comdty|Z 1 Index,sub100k_14,all84
0.6362,0.4699,-1.0079,81,DF1 Comdty|DM1 Index|JY1 Curncy|MES1 Index|NG1 Comdty|NO1 Curncy|OAT1 Comdty|OE1 Comdty|PE1 Curncy|RS1 Comdty|SCO1 Comdty|SE1 Curncy|SM1 Comdty|XU1 Index,sub100k_14,all84
0.5236,0.5312,-0.1380,82,CA1 Comdty|CL1 Comdty|DM1 Index|EC1 Curncy|IJ1 Comdty|JB1 Comdty|NO1 Curncy|PA1 Comdty|PT1 Index|RS1 Comdty|SE1 Curncy|SF1 Curncy|TWT1 Index|UXY1 Comdty,sub100k_14,all84
0.6592,0.4489,0.7673,83,CC1 Comdty|CD1 Curncy|CT1 Comdty|CUA1 Comdty|FV1 Comdty|GC1 Comdty|JY1 Curncy|MWE1 Comdty|NV1 Curncy|OE1 Comdty|PE1 Curncy|QC1 Index|TP1 Index|XU1 Index,sub100k_14,all84
0.4008,0.2900,0.3997,84,BP1 Curncy|ES1 Index|FC1 Comdty|GC1 Comdty|IR4 Comdty|MES1 Index|MWE1 Comdty|NG1 Comdty|NO1 Curncy|NV1 Curncy|PE1 Curncy|SFR5 Comdty|W 1 Comdty|Z 1 Index,sub100k_14,all84
0.4996,0.3677,-0.6679,85,BO1 Comdty|FC1 Comdty|IR4 Comdty|NG1 Comdty|NO1 Curncy|NQ1 Index|NV1 Curncy|PE1 Curncy|RTY1 Index|SB1 Comdty|SCO1 Comdty|SF1 Curncy|TP1 Index|XM1 Comdty,sub100k_14,all84
0.3849,0.4280,-0.6149,86,BP1 Curncy|CA1 Comdty|CL1 Comdty|CN1 Comdty|EC1 Curncy|IJ1 Comdty|JB1 Comdty|LC1 Comdty|NO1 Index|NV1 Curncy|SCO1 Comdty|SF1 Curncy|XP1 Index|Z 1 Index,sub100k_14,all84
0.3638,0.2175,-1.1056,87,C 1 Comdty|DM1 Index|DU1 Comdty|EC1 Curncy|KC1 Comdty|LH1 Comdty|NO1 Curncy|NV1 Curncy|OE1 Comdty|QS1 Comdty|SCO1 Comdty|SF1 Curncy|XP1 Index|Z 1 Index,sub100k_14,all84
0.3451,0.4287,-0.3654,88,AD1 Curncy|BO1 Comdty|BP1 Curncy|C 1 Comdty|CC1 Comdty|CO1 Comdty|ER4 Comdty|HC1 Index|IR4 Comdty|NO1 Curncy|PA1 Comdty|SF1 Curncy|TP1 Index|TWT1 Index,sub100k_14,all84
0.1697,0.2953,-0.0924,89,C 1 Comdty|CF1 Index|DF1 Comdty|FC1 Comdty|FV1 Comdty|HO1 Comdty|NO1 Curncy|PA1 Comdty|PE1 Curncy|QC1 Index|SE1 Curncy|SF1 Curncy|TU1 Comdty|VG1 Index,sub100k_14,all84
0.3365,0.2109,-0.2928,90,BO1 Comdty|BP1 Curncy|CO1 Comdty|EO1 Index|JGS1 Index|KC1 Comdty|NO1 Curncy|PE1 Curncy|SE1 Curncy|SI1 Comdty|SM1 Comdty|TWT1 Index|TY1 Comdty|US1 Comdty,sub100k_14,all84
0.5397,0.7007,-0.7069,91,AD1 Curncy|BP1 Curncy|C 1 Comdty|CT1 Comdty|HI1 Index|PE1 Curncy|QS1 Comdty|RS1 Comdty|SCO1 Comdty|SE1 Curncy|TWT1 Index|WN1 Comdty|XM1 Comdty|XU1 Index,sub100k_14,all84
0.3424,0.2889,-0.0374,92,AD1 Curncy|BP1 Curncy|C 1 Comdty|CD1 Curncy|DU1 Comdty|ER4 Comdty|ES1 Index|FC1 Comdty|HC1 Index|HG1 Comdty|HO1 Comdty|JY1 Curncy|KC1 Comdty|TWT1 Index,sub100k_14,all84
0.1503,0.2176,-1.1217,93,AD1 Curncy|BO1 Comdty|BP1 Curncy|CL1 Comdty|CN1 Comdty|GX1 Index|HI1 Index|IJ1 Comdty|NV1 Curncy|QC1 Comdty|SCO1 Comdty|SF1 Curncy|UXY1 Comdty|Z 1 Index,sub100k_14,all84
0.4384,0.3027,0.2697,94,BP1 Curncy|CD1 Curncy|CL1 Comdty|DU1 Comdty|EO1 Index|GC1 Comdty|HC1 Index|JY1 Curncy|LH1 Comdty|OAT1 Comdty|PT1 Index|S 1 Comdty|SE1 Curncy|W 1 Comdty,sub100k_14,all84
0.2641,0.2670,0.0435,95,AD1 Curncy|BO1 Comdty|BP1 Curncy|C 1 Comdty|DU1 Comdty|GC1 Comdty|IJ1 Comdty|JGS1 Index|NV1 Curncy|PE1 Curncy|QS1 Comdty|TU1 Comdty|XP1 Index|XU1 Index,sub100k_14,all84
0.2351,-0.1336,-0.6632,96,CO1 Comdty|DU1 Comdty|EC1 Curncy|JY1 Curncy|KC1 Comdty|KW1 Comdty|MES1 Index|NO1 Curncy|OAT1 Comdty|SE1 Curncy|SI1 Comdty|SM1 Comdty|VG1 Index|Z 1 Index,sub100k_14,all84
0.1837,0.1854,-0.2385,97,AD1 Curncy|CF1 Index|FV1 Comdty|JY1 Curncy|LC1 Comdty|NG1 Comdty|NO1 Curncy|NQ1 Index|NV1 Curncy|PA1 Comdty|QC1 Comdty|SM1 Index|TU1 Comdty|W 1 Comdty,sub100k_14,all84
0.5275,0.4618,-0.2683,98,AD1 Curncy|C 1 Comdty|CC1 Comdty|CUA1 Comdty|JY1 Curncy|NO1 Curncy|PA1 Comdty|PE1 Curncy|S 1 Comdty|SFR5 Comdty|TP1 Index|US1 Comdty|VG1 Index|Z 1 Index,sub100k_14,all84
0.5230,0.1363,-0.3913,99,CC1 Comdty|CUA1 Comdty|EC1 Curncy|JGS1 Index|JY1 Curncy|MES1 Index|NV1 Curncy|OE1 Comdty|PE1 Curncy|QW1 Comdty|RS1 Comdty|SI1 Comdty|TP1 Index|UXY1 Comdty,sub100k_14,all84
0.5751,0.7338,-0.0225,100,AD1 Curncy|BP1 Curncy|EC1 Curncy|EO1 Index|LC1 Comdty|LH1 Comdty|NO1 Curncy|NO1 Index|OAT1 Comdty|PA1 Comdty|QS1 Comdty|S 1 Comdty|SFR5 Comdty|TWT1 Index,sub100k_14,all84
0.2898,0.0550,-0.2915,101,BO1 Comdty|BP1 Curncy|CD1 Curncy|LC1 Comdty|MWE1 Comdty|NO1 Curncy|PE1 Curncy|QS1 Comdty|RTY1 Index|RX1 Comdty|SI1 Comdty|TP1 Index|US1 Comdty|XU1 Index,sub100k_14,all84
0.2964,0.3300,-0.0937,102,C 1 Comdty|DF1 Comdty|EC1 Curncy|EO1 Index|ER4 Comdty|ES1 Index|HG1 Comdty|KC1 Comdty|NO1 Curncy|NV1 Curncy|PE1 Curncy|PT1 Index|QS1 Comdty|TU1 Comdty,sub100k_14,all84
0.5332,0.2380,-0.0801,103,AD1 Curncy|BP1 Curncy|C 1 Comdty|CUA1 Comdty|EC1 Curncy|GC1 Comdty|HC1 Index|HI1 Index|KW1 Comdty|NV1 Curncy|RX1 Comdty|SM1 Comdty|TP1 Index|UB1 Comdty,sub100k_14,all84
0.5770,0.5577,-0.3440,104,AD1 Curncy|BP1 Curncy|CD1 Curncy|CUA1 Comdty|EC1 Curncy|HC1 Index|LC1 Comdty|MWE1 Comdty|PA1 Comdty|QC1 Index|S 1 Comdty|TWT1 Index|US1 Comdty|UXY1 Comdty,sub100k_14,all84
0.2791,0.1009,0.5433,105,AD1 Curncy|BP1 Curncy|CC1 Comdty|CF1 Index|CN1 Comdty|GC1 Comdty|JGS1 Index|JY1 Curncy|KC1 Comdty|MES1 Index|QC1 Comdty|RX1 Comdty|SF1 Curncy|XB1 Comdty,sub100k_14,all84
0.3119,0.4516,-0.5784,106,AD1 Curncy|BP1 Curncy|CC1 Comdty|CD1 Curncy|CN1 Comdty|CT1 Comdty|HO1 Comdty|KC1 Comdty|SCO1 Comdty|SE1 Curncy|SFR5 Comdty|SM1 Index|VG1 Index|Z 1 Index,sub100k_14,all84
0.2475,0.2572,0.0884,107,CD1 Curncy|DF1 Comdty|G 1 Comdty|JY1 Curncy|NG1 Comdty|NO1 Curncy|NO1 Index|NV1 Curncy|PA1 Comdty|PT1 Index|QC1 Comdty|QC1 Index|TU1 Comdty|W 1 Comdty,sub100k_14,all84
0.5142,0.4747,-0.2813,108,EC1 Curncy|FC1 Comdty|IK1 Comdty|JY1 Curncy|KW1 Comdty|LH1 Comdty|NO1 Curncy|NV1 Curncy|PA1 Comdty|SFI5 Comdty|TP1 Index|TWT1 Index|XB1 Comdty|XP1 Index,sub100k_14,all84
0.3300,0.3124,0.3586,109,C 1 Comdty|CA1 Comdty|CD1 Curncy|CO1 Comdty|DU1 Comdty|EC1 Curncy|EO1 Index|ES1 Index|GC1 Comdty|IR4 Comdty|NV1 Curncy|QW1 Comdty|SF1 Curncy|XP1 Index,sub100k_14,all84
0.0369,-0.0264,-0.0554,110,DF1 Comdty|DU1 Comdty|GX1 Index|IJ1 Comdty|JY1 Curncy|NO1 Index|NV1 Curncy|PE1 Curncy|PL1 Comdty|QC1 Comdty|SE1 Curncy|VG1 Index|XB1 Comdty|XM1 Comdty,sub100k_14,all84
0.2981,-0.0069,-0.8385,111,AD1 Curncy|BO1 Comdty|BP1 Curncy|CO1 Comdty|EC1 Curncy|EO1 Index|JY1 Curncy|LC1 Comdty|OAT1 Comdty|PL1 Comdty|PT1 Index|SB1 Comdty|SM1 Index|UB1 Comdty,sub100k_14,all84
0.4633,0.3992,0.5478,112,BP1 Curncy|DF1 Comdty|DM1 Index|EC1 Curncy|FV1 Comdty|GC1 Comdty|LC1 Comdty|LH1 Comdty|NV1 Curncy|OE1 Comdty|PE1 Curncy|PT1 Index|QC1 Index|XB1 Comdty,sub100k_14,all84
0.5202,0.3466,0.1352,113,AD1 Curncy|C 1 Comdty|CO1 Comdty|EC1 Curncy|ER4 Comdty|G 1 Comdty|GC1 Comdty|GX1 Index|JGS1 Index|KC1 Comdty|LC1 Comdty|NO1 Curncy|QC1 Index|SE1 Curncy,sub100k_14,all84
0.5542,0.6027,-0.6908,114,AD1 Curncy|CF1 Index|CL1 Comdty|DF1 Comdty|IK1 Comdty|JY1 Curncy|NQ1 Index|NV1 Curncy|PE1 Curncy|QC1 Comdty|RTY1 Index|S 1 Comdty|SCO1 Comdty|WN1 Comdty,sub100k_14,all84
0.4102,0.0895,0.2889,115,AD1 Curncy|BP1 Curncy|C 1 Comdty|CUA1 Comdty|DU1 Comdty|GC1 Comdty|GX1 Index|JB1 Comdty|NQ1 Index|NV1 Curncy|S 1 Comdty|SF1 Curncy|TP1 Index|W 1 Comdty,sub100k_14,all84
0.6849,0.6426,-0.5882,116,CC1 Comdty|CD1 Curncy|CUA1 Comdty|DF1 Comdty|EC1 Curncy|ER4 Comdty|JGS1 Index|NO1 Curncy|PA1 Comdty|RTY1 Index|SE1 Curncy|SFI5 Comdty|SM1 Comdty|TWT1 Index,sub100k_14,all84
0.2895,-0.0582,-0.4334,117,C 1 Comdty|CC1 Comdty|CD1 Curncy|CF1 Index|CUA1 Comdty|JY1 Curncy|OAT1 Comdty|PE1 Curncy|PL1 Comdty|PT1 Index|RS1 Comdty|SF1 Curncy|UB1 Comdty|Z 1 Index,sub100k_14,all84
0.3249,0.1252,-0.8614,118,AD1 Curncy|CUA1 Comdty|DF1 Comdty|DU1 Comdty|EC1 Curncy|HG1 Comdty|JGS1 Index|NV1 Curncy|PE1 Curncy|PT1 Index|QC1 Index|SB1 Comdty|SM1 Comdty|UXY1 Comdty,sub100k_14,all84
0.5203,0.1341,-0.2621,119,BO1 Comdty|CA1 Comdty|CUA1 Comdty|EC1 Curncy|ES1 Index|JY1 Curncy|MWE1 Comdty|NV1 Curncy|OAT1 Comdty|PT1 Index|SF1 Curncy|SI1 Comdty|US1 Comdty|XP1 Index,sub100k_14,all84
0.4288,0.4199,-0.8515,120,AD1 Curncy|BO1 Comdty|BP1 Curncy|CC1 Comdty|CF1 Index|CL1 Comdty|DU1 Comdty|IK1 Comdty|JGS1 Index|MES1 Index|PE1 Curncy|QC1 Comdty|SCO1 Comdty|SE1 Curncy,sub100k_14,all84
0.2347,0.2528,-0.6876,121,BP1 Curncy|DF1 Comdty|EC1 Curncy|ES1 Index|GX1 Index|HO1 Comdty|KC1 Comdty|MES1 Index|PA1 Comdty|QW1 Comdty|SE1 Curncy|SF1 Curncy|UB1 Comdty|XM1 Comdty,sub100k_14,all84
0.5978,0.6540,-0.4893,122,AD1 Curncy|BP1 Curncy|FV1 Comdty|JB1 Comdty|LH1 Comdty|QS1 Comdty|SB1 Comdty|SCO1 Comdty|SE1 Curncy|SF1 Curncy|SM1 Comdty|TP1 Index|TWT1 Index|Z 1 Index,sub100k_14,all84
0.2922,0.3598,-0.6251,123,AD1 Curncy|BO1 Comdty|BP1 Curncy|CC1 Comdty|CD1 Curncy|CF1 Index|EC1 Curncy|HO1 Comdty|IK1 Comdty|IR4 Comdty|PA1 Comdty|PT1 Index|RTY1 Index|SB1 Comdty,sub100k_14,all84
0.6021,0.5036,-0.8301,124,AD1 Curncy|C 1 Comdty|CD1 Curncy|CO1 Comdty|G 1 Comdty|HC1 Index|IK1 Comdty|LH1 Comdty|NO1 Curncy|QC1 Comdty|QC1 Index|SCO1 Comdty|SF1 Curncy|XU1 Index,sub100k_14,all84
0.3830,0.2214,0.1698,125,AD1 Curncy|CT1 Comdty|DF1 Comdty|EC1 Curncy|ES1 Index|FC1 Comdty|JB1 Comdty|NG1 Comdty|NO1 Curncy|NO1 Index|PA1 Comdty|PE1 Curncy|RX1 Comdty|Z 1 Index,sub100k_14,all84
0.3228,0.4186,-0.7322,126,BP1 Curncy|G 1 Comdty|HI1 Index|IR4 Comdty|JY1 Curncy|PA1 Comdty|PE1 Curncy|QS1 Comdty|RS1 Comdty|S 1 Comdty|SB1 Comdty|SE1 Curncy|XU1 Index|Z 1 Index,sub100k_14,all84
0.2709,0.1542,0.3232,127,AD1 Curncy|CC1 Comdty|CF1 Index|GC1 Comdty|JY1 Curncy|NO1 Curncy|S 1 Comdty|SB1 Comdty|SE1 Curncy|SM1 Index|TU1 Comdty|UB1 Comdty|XB1 Comdty|XP1 Index,sub100k_14,all84
0.4727,0.2705,-0.1483,128,CUA1 Comdty|GC1 Comdty|JGS1 Index|MWE1 Comdty|NO1 Curncy|NQ1 Index|NV1 Curncy|PE1 Curncy|QW1 Comdty|RS1 Comdty|RTY1 Index|SF1 Curncy|TY1 Comdty|XM1 Comdty,sub100k_14,all84
0.3354,0.4217,0.3478,129,AD1 Curncy|BO1 Comdty|CC1 Comdty|CD1 Curncy|EO1 Index|GC1 Comdty|JGS1 Index|MES1 Index|NO1 Curncy|PE1 Curncy|QS1 Comdty|QW1 Comdty|TU1 Comdty|WN1 Comdty,sub100k_14,all84
-0.1215,-0.2361,-0.5771,130,AD1 Curncy|DM1 Index|DU1 Comdty|EC1 Curncy|EO1 Index|JB1 Comdty|KW1 Comdty|LC1 Comdty|PL1 Comdty|S 1 Comdty|SE1 Curncy|SF1 Curncy|XB1 Comdty|XU1 Index,sub100k_14,all84
0.4396,0.4106,-0.8533,131,C 1 Comdty|CD1 Curncy|CL1 Comdty|ER4 Comdty|GX1 Index|IJ1 Comdty|NO1 Index|PE1 Curncy|SCO1 Comdty|SE1 Curncy|SF1 Curncy|TP1 Index|W 1 Comdty|XM1 Comdty,sub100k_14,all84
0.4647,0.1922,-0.1854,132,CO1 Comdty|DM1 Index|EC1 Curncy|G 1 Comdty|IK1 Comdty|JGS1 Index|JY1 Curncy|LC1 Comdty|LH1 Comdty|NO1 Curncy|NV1 Curncy|QC1 Comdty|SI1 Comdty|Z 1 Index,sub100k_14,all84
0.2949,0.4241,-0.5959,133,AD1 Curncy|CD1 Curncy|CT1 Comdty|DU1 Comdty|HO1 Comdty|PE1 Curncy|RTY1 Index|S 1 Comdty|SCO1 Comdty|SE1 Curncy|SM1 Comdty|TWT1 Index|UXY1 Comdty|Z 1 Index,sub100k_14,all84
0.4746,0.4124,-0.4508,134,CC1 Comdty|CN1 Comdty|ES1 Index|JY1 Curncy|OAT1 Comdty|PE1 Curncy|QC1 Comdty|QC1 Index|QW1 Comdty|RTY1 Index|SCO1 Comdty|SE1 Curncy|SF1 Curncy|XB1 Comdty,sub100k_14,all84
0.4499,0.3571,-0.1945,135,AD1 Curncy|FC1 Comdty|FV1 Comdty|G 1 Comdty|IJ1 Comdty|LH1 Comdty|MES1 Index|NG1 Comdty|NO1 Curncy|NQ1 Index|PA1 Comdty|PE1 Curncy|SE1 Curncy|VG1 Index,sub100k_14,all84
0.4534,0.3505,-0.8668,136,CL1 Comdty|EO1 Index|FC1 Comdty|HI1 Index|IJ1 Comdty|MWE1 Comdty|NO1 Curncy|PE1 Curncy|SCO1 Comdty|SE1 Curncy|SF1 Curncy|UB1 Comdty|US1 Comdty|XP1 Index,sub100k_14,all84
0.2975,0.2633,-0.6856,137,AD1 Curncy|C 1 Comdty|EC1 Curncy|HC1 Index|IK1 Comdty|LH1 Comdty|NG1 Comdty|NO1 Curncy|NV1 Curncy|PA1 Comdty|QW1 Comdty|UXY1 Comdty|VG1 Index|Z 1 Index,sub100k_14,all84
0.3376,0.0195,-0.1095,138,AD1 Curncy|BP1 Curncy|CN1 Comdty|DM1 Index|ER4 Comdty|JGS1 Index|JY1 Curncy|KC1 Comdty|NG1 Comdty|PE1 Curncy|QC1 Comdty|SI1 Comdty|SM1 Comdty|TP1 Index,sub100k_14,all84
0.2119,0.0155,-0.5914,139,BP1 Curncy|CD1 Curncy|GX1 Index|HG1 Comdty|JY1 Curncy|KW1 Comdty|PE1 Curncy|SB1 Comdty|SFR5 Comdty|SM1 Index|UB1 Comdty|W 1 Comdty|XB1 Comdty|XP1 Index,sub100k_14,all84
0.2944,0.1675,0.0761,140,AD1 Curncy|CC1 Comdty|EO1 Index|IR4 Comdty|JY1 Curncy|NG1 Comdty|NO1 Curncy|S 1 Comdty|SB1 Comdty|SE1 Curncy|SI1 Comdty|TWT1 Index|TY1 Comdty|VG1 Index,sub100k_14,all84
0.2216,0.2506,-0.4037,141,AD1 Curncy|CC1 Comdty|EO1 Index|HC1 Index|IK1 Comdty|NG1 Comdty|NO1 Curncy|NO1 Index|NV1 Curncy|PA1 Comdty|PE1 Curncy|QW1 Comdty|S 1 Comdty|TY1 Comdty,sub100k_14,all84
0.0034,-0.1155,-0.3585,142,AD1 Curncy|DF1 Comdty|DU1 Comdty|EC1 Curncy|JY1 Curncy|LH1 Comdty|NG1 Comdty|PL1 Comdty|QC1 Index|SB1 Comdty|SF1 Curncy|TU1 Comdty|XP1 Index|Z 1 Index,sub100k_14,all84
0.5398,0.5949,-0.6335,143,AD1 Curncy|CD1 Curncy|CL1 Comdty|ER4 Comdty|JY1 Curncy|MES1 Index|MWE1 Comdty|NO1 Curncy|QC1 Comdty|QC1 Index|S 1 Comdty|SCO1 Comdty|WN1 Comdty|XU1 Index,sub100k_14,all84
0.1147,0.0546,-0.6206,144,AD1 Curncy|C 1 Comdty|DU1 Comdty|EC1 Curncy|HG1 Comdty|HO1 Comdty|KC1 Comdty|NQ1 Index|PE1 Curncy|SF1 Curncy|SFI5 Comdty|SM1 Comdty|TP1 Index|XP1 Index,sub100k_14,all84
0.4020,0.2887,0.5215,145,BP1 Curncy|CC1 Comdty|CF1 Index|EC1 Curncy|GC1 Comdty|HC1 Index|HO1 Comdty|JB1 Comdty|MWE1 Comdty|NV1 Curncy|SE1 Curncy|SM1 Comdty|TP1 Index|UB1 Comdty,sub100k_14,all84
0.4093,0.3284,0.2695,146,C 1 Comdty|CL1 Comdty|G 1 Comdty|GC1 Comdty|HC1 Index|JY1 Curncy|MES1 Index|NO1 Curncy|NQ1 Index|PE1 Curncy|RS1 Comdty|SE1 Curncy|W 1 Comdty|WN1 Comdty,sub100k_14,all84
0.5623,0.5925,0.0581,147,BP1 Curncy|CA1 Comdty|CO1 Comdty|FC1 Comdty|HC1 Index|JY1 Curncy|MES1 Index|NQ1 Index|NV1 Curncy|PA1 Comdty|RS1 Comdty|SF1 Curncy|SFR5 Comdty|TU1 Comdty,sub100k_14,all84
0.2357,0.1698,-0.3467,148,AD1 Curncy|CC1 Comdty|CD1 Curncy|CF1 Index|DF1 Comdty|DU1 Comdty|EC1 Curncy|ES1 Index|HG1 Comdty|JY1 Curncy|LH1 Comdty|NG1 Comdty|RTY1 Index|UB1 Comdty,sub100k_14,all84
0.1262,-0.0647,-0.1878,149,AD1 Curncy|BP1 Curncy|ES1 Index|FC1 Comdty|G 1 Comdty|HC1 Index|KC1 Comdty|LC1 Comdty|NG1 Comdty|NV1 Curncy|PL1 Comdty|SF1 Curncy|TWT1 Index|XM1 Comdty,sub100k_14,all84
0.1524,0.1166,-0.1518,150,AD1 Curncy|C 1 Comdty|CC1 Comdty|GX1 Index|JY1 Curncy|NG1 Comdty|NV1 Curncy|PL1 Comdty|QC1 Index|RS1 Comdty|SE1 Curncy|TP1 Index|UXY1 Comdty|XM1 Comdty,sub100k_14,all84
0.2833,0.2237,-0.3404,151,AD1 Curncy|CD1 Curncy|DM1 Index|EC1 Curncy|FC1 Comdty|LC1 Comdty|PA1 Comdty|QS1 Comdty|RTY1 Index|SF1 Curncy|US1 Comdty|W 1 Comdty|WN1 Comdty|Z 1 Index,sub100k_14,all84
0.5530,0.4214,0.4739,152,AD1 Curncy|BP1 Curncy|CA1 Comdty|CO1 Comdty|CT1 Comdty|EC1 Curncy|GC1 Comdty|GX1 Index|IK1 Comdty|KW1 Comdty|PE1 Curncy|PT1 Index|TY1 Comdty|Z 1 Index,sub100k_14,all84
0.0851,-0.1363,-0.6944,153,AD1 Curncy|BP1 Curncy|CT1 Comdty|G 1 Comdty|HC1 Index|HO1 Comdty|KC1 Comdty|NV1 Curncy|PL1 Comdty|PT1 Index|RS1 Comdty|RTY1 Index|RX1 Comdty|SE1 Curncy,sub100k_14,all84
0.3364,0.1809,-0.3571,154,BP1 Curncy|CD1 Curncy|DF1 Comdty|FC1 Comdty|GX1 Index|HG1 Comdty|HI1 Index|MWE1 Comdty|NO1 Curncy|NQ1 Index|NV1 Curncy|OE1 Comdty|QS1 Comdty|WN1 Comdty,sub100k_14,all84
0.4490,0.0480,-0.8843,155,BO1 Comdty|CF1 Index|CUA1 Comdty|DF1 Comdty|EC1 Curncy|EO1 Index|IK1 Comdty|JY1 Curncy|MES1 Index|NO1 Curncy|OAT1 Comdty|PE1 Curncy|SI1 Comdty|SM1 Comdty,sub100k_14,all84
0.3949,0.2270,0.1338,156,AD1 Curncy|CD1 Curncy|CF1 Index|DM1 Index|FV1 Comdty|GC1 Comdty|IJ1 Comdty|LC1 Comdty|NG1 Comdty|PE1 Curncy|SB1 Comdty|SE1 Curncy|UB1 Comdty|XP1 Index,sub100k_14,all84
0.2119,0.3324,-0.1437,157,AD1 Curncy|CC1 Comdty|CO1 Comdty|EC1 Curncy|EO1 Index|HC1 Index|HG1 Comdty|LC1 Comdty|NO1 Curncy|PE1 Curncy|QW1 Comdty|SFR5 Comdty|TY1 Comdty|VG1 Index,sub100k_14,all84
0.5365,0.4119,-0.5812,158,BO1 Comdty|BP1 Curncy|EC1 Curncy|FC1 Comdty|JY1 Curncy|LC1 Comdty|NO1 Curncy|NO1 Index|OE1 Comdty|SCO1 Comdty|SM1 Index|TY1 Comdty|VG1 Index|XB1 Comdty,sub100k_14,all84
0.3102,0.0992,-0.3791,159,AD1 Curncy|BP1 Curncy|CN1 Comdty|CT1 Comdty|JGS1 Index|JY1 Curncy|MWE1 Comdty|NG1 Comdty|NO1 Curncy|NQ1 Index|PL1 Comdty|PT1 Index|RS1 Comdty|UB1 Comdty,sub100k_14,all84
0.7578,0.5344,0.0493,160,BO1 Comdty|BP1 Curncy|CUA1 Comdty|EC1 Curncy|GC1 Comdty|GX1 Index|HI1 Index|JB1 Comdty|JY1 Curncy|LH1 Comdty|PE1 Curncy|RS1 Comdty|RTY1 Index|SFI5 Comdty,sub100k_14,all84
0.4969,0.2972,0.7735,161,CC1 Comdty|DM1 Index|EC1 Curncy|ES1 Index|GC1 Comdty|JY1 Curncy|KC1 Comdty|QC1 Comdty|RX1 Comdty|SE1 Curncy|SF1 Curncy|US1 Comdty|XB1 Comdty|XU1 Index,sub100k_14,all84
0.4597,0.3587,-0.2168,162,AD1 Curncy|EC1 Curncy|FC1 Comdty|MWE1 Comdty|NO1 Curncy|OE1 Comdty|PA1 Comdty|PE1 Curncy|QC1 Index|QS1 Comdty|SFR5 Comdty|SM1 Comdty|TP1 Index|XP1 Index,sub100k_14,all84
0.4499,0.3289,-0.6755,163,AD1 Curncy|CD1 Curncy|G 1 Comdty|KC1 Comdty|NO1 Index|NQ1 Index|OAT1 Comdty|QC1 Comdty|QW1 Comdty|SCO1 Comdty|SE1 Curncy|SF1 Curncy|XB1 Comdty|XU1 Index,sub100k_14,all84
0.4433,0.3909,0.1792,164,CA1 Comdty|CL1 Comdty|CT1 Comdty|EC1 Curncy|HG1 Comdty|HI1 Index|JY1 Curncy|NO1 Curncy|NQ1 Index|NV1 Curncy|PT1 Index|QC1 Comdty|RX1 Comdty|TY1 Comdty,sub100k_14,all84
0.2878,0.2678,-1.1507,165,C 1 Comdty|CD1 Curncy|CL1 Comdty|CN1 Comdty|DM1 Index|ER4 Comdty|HC1 Index|MWE1 Comdty|NO1 Curncy|NV1 Curncy|QC1 Index|SCO1 Comdty|SF1 Curncy|W 1 Comdty,sub100k_14,all84
0.0878,-0.0508,-0.8931,166,AD1 Curncy|BO1 Comdty|BP1 Curncy|C 1 Comdty|EO1 Index|HG1 Comdty|PE1 Curncy|QC1 Index|SE1 Curncy|SFI5 Comdty|UB1 Comdty|W 1 Comdty|XB1 Comdty|Z 1 Index,sub100k_14,all84
0.4887,0.3918,-0.2895,167,BP1 Curncy|CC1 Comdty|CD1 Curncy|CUA1 Comdty|EC1 Curncy|ER4 Comdty|KC1 Comdty|LC1 Comdty|PA1 Comdty|RTY1 Index|SF1 Curncy|TU1 Comdty|XP1 Index|Z 1 Index,sub100k_14,all84
-0.0030,-0.0612,-0.8091,168,BO1 Comdty|BP1 Curncy|CD1 Curncy|CN1 Comdty|DF1 Comdty|EO1 Index|ES1 Index|G 1 Comdty|HG1 Comdty|NO1 Curncy|QS1 Comdty|SF1 Curncy|SM1 Comdty|Z 1 Index,sub100k_14,all84
0.3418,0.1680,-0.3192,169,BP1 Curncy|CO1 Comdty|G 1 Comdty|IJ1 Comdty|JY1 Curncy|KW1 Comdty|NO1 Curncy|QC1 Index|S 1 Comdty|SF1 Curncy|SI1 Comdty|TU1 Comdty|TWT1 Index|XU1 Index,sub100k_14,all84
0.2356,-0.1701,-0.2868,170,AD1 Curncy|BP1 Curncy|CF1 Index|CN1 Comdty|CT1 Comdty|FC1 Comdty|KW1 Comdty|NG1 Comdty|NO1 Curncy|PT1 Index|RTY1 Index|RX1 Comdty|SE1 Curncy|SI1 Comdty,sub100k_14,all84
0.4486,0.3575,0.3580,171,BP1 Curncy|CO1 Comdty|EC1 Curncy|GC1 Comdty|IR4 Comdty|JB1 Comdty|JGS1 Index|KC1 Comdty|LC1 Comdty|PE1 Curncy|SE1 Curncy|TP1 Index|W 1 Comdty|Z 1 Index,sub100k_14,all84
0.1394,0.1001,-0.3288,172,AD1 Curncy|C 1 Comdty|CA1 Comdty|DM1 Index|DU1 Comdty|ES1 Index|FV1 Comdty|NO1 Curncy|NV1 Curncy|PL1 Comdty|QS1 Comdty|RS1 Comdty|SF1 Curncy|XU1 Index,sub100k_14,all84
0.4193,0.5733,-0.6453,173,AD1 Curncy|C 1 Comdty|CA1 Comdty|CD1 Curncy|GX1 Index|HO1 Comdty|NV1 Curncy|PT1 Index|QW1 Comdty|RTY1 Index|SCO1 Comdty|SF1 Curncy|SFR5 Comdty|US1 Comdty,sub100k_14,all84
0.4048,0.2976,0.0624,174,AD1 Curncy|BO1 Comdty|CF1 Index|CL1 Comdty|DF1 Comdty|GC1 Comdty|NO1 Curncy|OAT1 Comdty|PT1 Index|QC1 Comdty|RTY1 Index|SE1 Curncy|SF1 Curncy|SFI5 Comdty,sub100k_14,all84
0.3766,0.5084,-1.2744,175,AD1 Curncy|BO1 Comdty|CD1 Curncy|CN1 Comdty|FV1 Comdty|HI1 Index|HO1 Comdty|JY1 Curncy|LH1 Comdty|SB1 Comdty|SCO1 Comdty|SE1 Curncy|SM1 Index|XU1 Index,sub100k_14,all84
0.4423,0.3600,-0.1090,176,BO1 Comdty|C 1 Comdty|CO1 Comdty|GX1 Index|HC1 Index|HG1 Comdty|JB1 Comdty|JY1 Curncy|LH1 Comdty|NQ1 Index|PE1 Curncy|SE1 Curncy|SF1 Curncy|UXY1 Comdty,sub100k_14,all84
0.2013,0.1351,-1.1213,177,CD1 Curncy|CL1 Comdty|EC1 Curncy|ES1 Index|HG1 Comdty|IJ1 Comdty|JY1 Curncy|MES1 Index|NO1 Curncy|OAT1 Comdty|QC1 Index|QW1 Comdty|RS1 Comdty|XM1 Comdty,sub100k_14,all84
-0.0315,-0.1709,-0.8184,178,BO1 Comdty|BP1 Curncy|FV1 Comdty|GX1 Index|HC1 Index|KW1 Comdty|NG1 Comdty|NO1 Curncy|NV1 Curncy|PL1 Comdty|RX1 Comdty|S 1 Comdty|SE1 Curncy|VG1 Index,sub100k_14,all84
0.5356,0.3116,-0.2197,179,BP1 Curncy|CN1 Comdty|CO1 Comdty|EC1 Curncy|EO1 Index|ER4 Comdty|ES1 Index|JY1 Curncy|KC1 Comdty|LH1 Comdty|SB1 Comdty|SE1 Curncy|SI1 Comdty|TWT1 Index,sub100k_14,all84
0.3515,0.3413,0.1755,180,BP1 Curncy|CD1 Curncy|FC1 Comdty|HC1 Index|JB1 Comdty|JY1 Curncy|NG1 Comdty|PA1 Comdty|PT1 Index|QC1 Comdty|QC1 Index|QW1 Comdty|SE1 Curncy|TU1 Comdty,sub100k_14,all84
0.3852,0.0659,-0.9186,181,BO1 Comdty|CUA1 Comdty|EC1 Curncy|ES1 Index|G 1 Comdty|HC1 Index|HG1 Comdty|LC1 Comdty|LH1 Comdty|NO1 Curncy|NV1 Curncy|QC1 Index|RX1 Comdty|SF1 Curncy,sub100k_14,all84
0.2658,-0.0599,-0.3082,182,AD1 Curncy|C 1 Comdty|CD1 Curncy|CUA1 Comdty|ES1 Index|FC1 Comdty|NV1 Curncy|PT1 Index|S 1 Comdty|SE1 Curncy|SI1 Comdty|UXY1 Comdty|XM1 Comdty|Z 1 Index,sub100k_14,all84
0.3390,0.1080,-0.3325,183,CT1 Comdty|ER4 Comdty|GX1 Index|IJ1 Comdty|JY1 Curncy|NO1 Curncy|NV1 Curncy|RS1 Comdty|SE1 Curncy|SFR5 Comdty|SI1 Comdty|SM1 Index|XB1 Comdty|XP1 Index,sub100k_14,all84
0.5229,0.4191,0.4592,184,BO1 Comdty|BP1 Curncy|ES1 Index|GC1 Comdty|HO1 Comdty|NO1 Curncy|NO1 Index|NV1 Curncy|PE1 Curncy|S 1 Comdty|TWT1 Index|UB1 Comdty|UXY1 Comdty|W 1 Comdty,sub100k_14,all84
0.2070,-0.2255,-1.1865,185,AD1 Curncy|BO1 Comdty|CF1 Index|CUA1 Comdty|DU1 Comdty|EC1 Curncy|JY1 Curncy|MES1 Index|PL1 Comdty|RS1 Comdty|RTY1 Index|RX1 Comdty|SB1 Comdty|SF1 Curncy,sub100k_14,all84
0.1363,-0.0666,0.1698,186,BP1 Curncy|CC1 Comdty|CF1 Index|JY1 Curncy|LC1 Comdty|NG1 Comdty|PE1 Curncy|PL1 Comdty|PT1 Index|QC1 Comdty|RX1 Comdty|SF1 Curncy|UXY1 Comdty|VG1 Index,sub100k_14,all84
0.1178,0.2100,-0.4590,187,C 1 Comdty|EC1 Curncy|HG1 Comdty|HO1 Comdty|NV1 Curncy|PE1 Curncy|QC1 Index|SB1 Comdty|SE1 Curncy|SFR5 Comdty|TY1 Comdty|W 1 Comdty|XU1 Index|Z 1 Index,sub100k_14,all84
0.2978,0.1367,0.1662,188,BP1 Curncy|CD1 Curncy|HC1 Index|HO1 Comdty|LC1 Comdty|LH1 Comdty|MES1 Index|NO1 Curncy|PT1 Index|QC1 Comdty|SF1 Curncy|SI1 Comdty|UB1 Comdty|US1 Comdty,sub100k_14,all84
0.0739,0.0283,-0.4880,189,AD1 Curncy|CD1 Curncy|HC1 Index|HG1 Comdty|HO1 Comdty|IR4 Comdty|KC1 Comdty|KW1 Comdty|OE1 Comdty|PE1 Curncy|PT1 Index|RS1 Comdty|SE1 Curncy|Z 1 Index,sub100k_14,all84
0.2241,-0.0354,-0.3640,190,CD1 Curncy|CL1 Comdty|DM1 Index|EC1 Curncy|JB1 Comdty|LH1 Comdty|NV1 Curncy|PT1 Index|QW1 Comdty|RTY1 Index|SF1 Curncy|SI1 Comdty|SM1 Comdty|UB1 Comdty,sub100k_14,all84
0.0953,-0.0736,-0.4160,191,CD1 Curncy|DU1 Comdty|FC1 Comdty|GX1 Index|LH1 Comdty|NO1 Curncy|NO1 Index|NQ1 Index|PE1 Curncy|PL1 Comdty|SE1 Curncy|SM1 Comdty|XB1 Comdty|XM1 Comdty,sub100k_14,all84
0.2257,0.1292,-0.4279,192,CD1 Curncy|DF1 Comdty|HG1 Comdty|KC1 Comdty|NG1 Comdty|NO1 Curncy|NO1 Index|NQ1 Index|NV1 Curncy|OE1 Comdty|PE1 Curncy|RS1 Comdty|WN1 Comdty|XP1 Index,sub100k_14,all84
0.2636,0.2562,-0.1507,193,AD1 Curncy|CC1 Comdty|DU1 Comdty|EC1 Curncy|GX1 Index|KW1 Comdty|MES1 Index|MWE1 Comdty|NO1 Curncy|NO1 Index|PA1 Comdty|PE1 Curncy|QS1 Comdty|RX1 Comdty,sub100k_14,all84
0.4128,0.1275,-0.4806,194,BP1 Curncy|CA1 Comdty|CUA1 Comdty|EC1 Curncy|GX1 Index|JY1 Curncy|KW1 Comdty|OAT1 Comdty|PL1 Comdty|PT1 Index|QW1 Comdty|RTY1 Index|SF1 Curncy|WN1 Comdty,sub100k_14,all84
0.7072,0.6837,0.7405,195,BP1 Curncy|CA1 Comdty|CC1 Comdty|CD1 Curncy|CO1 Comdty|DM1 Index|GC1 Comdty|IJ1 Comdty|NO1 Curncy|PE1 Curncy|PT1 Index|TP1 Index|US1 Comdty|UXY1 Comdty,sub100k_14,all84
0.2963,0.3804,-0.2650,196,DF1 Comdty|HC1 Index|NO1 Curncy|NV1 Curncy|PA1 Comdty|PE1 Curncy|QC1 Comdty|QS1 Comdty|S 1 Comdty|SE1 Curncy|TP1 Index|UB1 Comdty|US1 Comdty|VG1 Index,sub100k_14,all84
0.3117,0.3352,-1.0890,197,AD1 Curncy|CL1 Comdty|DM1 Index|EC1 Curncy|LC1 Comdty|NO1 Curncy|NO1 Index|RS1 Comdty|S 1 Comdty|SCO1 Comdty|SF1 Curncy|TY1 Comdty|XM1 Comdty|XP1 Index,sub100k_14,all84
0.5096,0.6287,-0.9009,198,C 1 Comdty|CD1 Curncy|EO1 Index|FV1 Comdty|LH1 Comdty|NO1 Curncy|NQ1 Index|QS1 Comdty|QW1 Comdty|SCO1 Comdty|SE1 Curncy|SF1 Curncy|US1 Comdty|XU1 Index,sub100k_14,all84
0.4241,0.2110,-1.0470,199,BP1 Curncy|CD1 Curncy|CUA1 Comdty|DF1 Comdty|G 1 Comdty|HG1 Comdty|MES1 Index|OAT1 Comdty|PE1 Curncy|RS1 Comdty|SB1 Comdty|SE1 Curncy|VG1 Index|XU1 Index,sub100k_14,all84
0.0464,-0.1902,-0.4851,200,AD1 Curncy|BO1 Comdty|BP1 Curncy|C 1 Comdty|CF1 Index|HO1 Comdty|NO1 Index|SE1 Curncy|SF1 Curncy|SI1 Comdty|SM1 Comdty|UB1 Comdty|WN1 Comdty|XP1 Index,sub100k_14,all84
0.3402,0.3340,0.2037,201,BO1 Comdty|C 1 Comdty|CD1 Curncy|EC1 Curncy|ES1 Index|HC1 Index|HG1 Comdty|JB1 Comdty|JY1 Curncy|PE1 Curncy|QC1 Comdty|QS1 Comdty|RTY1 Index|TU1 Comdty,sub100k_14,all84
0.2831,0.3116,-1.3316,202,AD1 Curncy|CD1 Curncy|DF1 Comdty|G 1 Comdty|GX1 Index|HC1 Index|HO1 Comdty|MWE1 Comdty|NV1 Curncy|SB1 Comdty|SCO1 Comdty|SE1 Curncy|UXY1 Comdty|XP1 Index,sub100k_14,all84
0.2218,-0.0126,-0.3820,203,AD1 Curncy|CF1 Index|EC1 Curncy|FC1 Comdty|IK1 Comdty|JB1 Comdty|JY1 Curncy|MES1 Index|MWE1 Comdty|NG1 Comdty|PL1 Comdty|QW1 Comdty|SE1 Curncy|XP1 Index,sub100k_14,all84
0.3152,0.2839,-0.6696,204,BP1 Curncy|C 1 Comdty|CD1 Curncy|EO1 Index|ER4 Comdty|IJ1 Comdty|JY1 Curncy|NG1 Comdty|NV1 Curncy|PA1 Comdty|SFR5 Comdty|W 1 Comdty|XU1 Index|Z 1 Index,sub100k_14,all84
0.5454,0.4580,-0.7310,205,CC1 Comdty|CD1 Curncy|CL1 Comdty|CT1 Comdty|DM1 Index|EC1 Curncy|EO1 Index|IJ1 Comdty|JB1 Comdty|JGS1 Index|JY1 Curncy|NV1 Curncy|RX1 Comdty|SCO1 Comdty,sub100k_14,all84
0.6631,0.5787,-0.1626,206,EC1 Curncy|FC1 Comdty|IJ1 Comdty|LH1 Comdty|NO1 Curncy|NO1 Index|NQ1 Index|NV1 Curncy|OAT1 Comdty|PA1 Comdty|QS1 Comdty|SF1 Curncy|SFR5 Comdty|SM1 Index,sub100k_14,all84
0.1169,0.0467,-0.5076,207,AD1 Curncy|BO1 Comdty|CC1 Comdty|DF1 Comdty|IK1 Comdty|JGS1 Index|NO1 Curncy|PL1 Comdty|QC1 Index|QS1 Comdty|SE1 Curncy|SF1 Curncy|VG1 Index|XM1 Comdty,sub100k_14,all84
0.4271,0.1628,-0.2206,208,AD1 Curncy|BP1 Curncy|CC1 Comdty|CUA1 Comdty|DM1 Index|GX1 Index|JY1 Curncy|LC1 Comdty|OE1 Comdty|PL1 Comdty|S 1 Comdty|SE1 Curncy|TP1 Index|UXY1 Comdty,sub100k_14,all84
0.1964,0.0489,-0.7171,209,BO1 Comdty|CD1 Curncy|CL1 Comdty|EC1 Curncy|HI1 Index|IK1 Comdty|KC1 Comdty|NQ1 Index|PE1 Curncy|PL1 Comdty|RS1 Comdty|SF1 Curncy|TWT1 Index|XM1 Comdty,sub100k_14,all84
0.3051,0.2237,-0.1793,210,AD1 Curncy|BO1 Comdty|EC1 Curncy|ES1 Index|GX1 Index|HG1 Comdty|JB1 Comdty|MWE1 Comdty|NO1 Curncy|PE1 Curncy|RS1 Comdty|TP1 Index|UXY1 Comdty|XB1 Comdty,sub100k_14,all84
0.1106,-0.0552,-0.7871,211,CD1 Curncy|CF1 Index|EO1 Index|HO1 Comdty|JY1 Curncy|OAT1 Comdty|QC1 Index|QW1 Comdty|S 1 Comdty|SB1 Comdty|SE1 Curncy|SF1 Curncy|SI1 Comdty|XM1 Comdty,sub100k_14,all84
0.4574,0.5770,-0.8197,212,BO1 Comdty|BP1 Curncy|CD1 Curncy|CL1 Comdty|DM1 Index|HC1 Index|JY1 Curncy|NO1 Curncy|PT1 Index|QC1 Comdty|S 1 Comdty|SCO1 Comdty|TU1 Comdty|US1 Comdty,sub100k_14,all84
0.1073,0.0374,-0.9849,213,BP1 Curncy|CD1 Curncy|DM1 Index|EC1 Curncy|HO1 Comdty|IJ1 Comdty|IK1 Comdty|NO1 Index|PL1 Comdty|QW1 Comdty|SE1 Curncy|SM1 Comdty|US1 Comdty|XP1 Index,sub100k_14,all84
-0.0383,0.0086,-0.5070,214,AD1 Curncy|C 1 Comdty|DF1 Comdty|DU1 Comdty|ER4 Comdty|HO1 Comdty|NO1 Curncy|PE1 Curncy|PL1 Comdty|QC1 Index|QW1 Comdty|SE1 Curncy|TWT1 Index|Z 1 Index,sub100k_14,all84
0.0697,0.0260,-0.5259,215,AD1 Curncy|BP1 Curncy|CC1 Comdty|CO1 Comdty|DM1 Index|DU1 Comdty|EO1 Index|ER4 Comdty|HG1 Comdty|KW1 Comdty|LC1 Comdty|NO1 Curncy|SF1 Curncy|XP1 Index,sub100k_14,all84
0.0355,0.0523,-0.6383,216,AD1 Curncy|BP1 Curncy|CL1 Comdty|DU1 Comdty|HC1 Index|IR4 Comdty|JY1 Curncy|LH1 Comdty|PE1 Curncy|PL1 Comdty|QW1 Comdty|RS1 Comdty|TWT1 Index|XP1 Index,sub100k_14,all84
0.1425,0.1473,0.0080,217,BP1 Curncy|C 1 Comdty|CC1 Comdty|EO1 Index|G 1 Comdty|HG1 Comdty|JY1 Curncy|NO1 Curncy|PE1 Curncy|PT1 Index|S 1 Comdty|TY1 Comdty|VG1 Index|XB1 Comdty,sub100k_14,all84
0.5449,0.2465,-0.4750,218,AD1 Curncy|BO1 Comdty|CA1 Comdty|CUA1 Comdty|HG1 Comdty|IJ1 Comdty|IK1 Comdty|JY1 Curncy|NO1 Index|PE1 Curncy|RTY1 Index|SE1 Curncy|VG1 Index|WN1 Comdty,sub100k_14,all84
0.1668,-0.0649,-0.5532,219,AD1 Curncy|BP1 Curncy|C 1 Comdty|DM1 Index|FC1 Comdty|G 1 Comdty|HG1 Comdty|HI1 Index|IK1 Comdty|KW1 Comdty|PE1 Curncy|SF1 Curncy|XB1 Comdty|XU1 Index,sub100k_14,all84
0.6493,0.4449,0.4894,220,BP1 Curncy|CT1 Comdty|DM1 Index|EC1 Curncy|EO1 Index|ER4 Comdty|FC1 Comdty|GC1 Comdty|NO1 Index|NV1 Curncy|OE1 Comdty|PE1 Curncy|QS1 Comdty|RS1 Comdty,sub100k_14,all84
0.0801,-0.0410,-0.1657,221,BP1 Curncy|CA1 Comdty|CC1 Comdty|CD1 Curncy|CF1 Index|CL1 Comdty|DU1 Comdty|HI1 Index|NO1 Curncy|NV1 Curncy|RTY1 Index|SI1 Comdty|UXY1 Comdty|W 1 Comdty,sub100k_14,all84
0.0246,-0.1388,-0.7474,222,CD1 Curncy|GX1 Index|IJ1 Comdty|NO1 Curncy|PE1 Curncy|QW1 Comdty|SB1 Comdty|SE1 Curncy|SI1 Comdty|SM1 Index|TU1 Comdty|XB1 Comdty|XM1 Comdty|Z 1 Index,sub100k_14,all84
0.5987,0.3393,-0.5182,223,AD1 Curncy|BP1 Curncy|CN1 Comdty|CUA1 Comdty|EC1 Curncy|FC1 Comdty|KC1 Comdty|MES1 Index|NO1 Index|PA1 Comdty|RX1 Comdty|S 1 Comdty|SE1 Curncy|SM1 Index,sub100k_14,all84
0.1843,-0.0683,-0.3221,224,CC1 Comdty|CL1 Comdty|CN1 Comdty|JGS1 Index|JY1 Curncy|MES1 Index|NO1 Curncy|NV1 Curncy|PT1 Index|QW1 Comdty|SF1 Curncy|SI1 Comdty|UB1 Comdty|W 1 Comdty,sub100k_14,all84
0.6555,0.3935,-0.9138,225,BO1 Comdty|CT1 Comdty|CUA1 Comdty|JY1 Curncy|MES1 Index|NO1 Curncy|NO1 Index|OE1 Comdty|QW1 Comdty|RTY1 Index|SCO1 Comdty|SE1 Curncy|SF1 Curncy|TU1 Comdty,sub100k_14,all84
0.5721,0.4152,-1.3702,226,CF1 Index|CO1 Comdty|EC1 Curncy|HC1 Index|IJ1 Comdty|NV1 Curncy|OE1 Comdty|PE1 Curncy|QC1 Comdty|RS1 Comdty|RX1 Comdty|SCO1 Comdty|SE1 Curncy|XU1 Index,sub100k_14,all84
0.3143,0.0734,-0.9594,227,AD1 Curncy|BP1 Curncy|C 1 Comdty|CF1 Index|CUA1 Comdty|GX1 Index|IJ1 Comdty|JB1 Comdty|NV1 Curncy|OAT1 Comdty|PA1 Comdty|S 1 Comdty|SF1 Curncy|Z 1 Index,sub100k_14,all84
0.5742,0.2833,-0.0484,228,BP1 Curncy|DM1 Index|EC1 Curncy|ES1 Index|FC1 Comdty|JGS1 Index|KC1 Comdty|LH1 Comdty|NO1 Curncy|PE1 Curncy|QS1 Comdty|RX1 Comdty|SI1 Comdty|TU1 Comdty,sub100k_14,all84
0.0622,-0.1345,-0.9927,229,AD1 Curncy|CO1 Comdty|EC1 Curncy|ER4 Comdty|G 1 Comdty|IJ1 Comdty|MWE1 Comdty|NO1 Curncy|PL1 Comdty|QC1 Index|S 1 Comdty|SF1 Curncy|XP1 Index|Z 1 Index,sub100k_14,all84
0.1256,-0.1057,-1.0896,230,BO1 Comdty|BP1 Curncy|ER4 Comdty|ES1 Index|IJ1 Comdty|JGS1 Index|NG1 Comdty|NO1 Curncy|NV1 Curncy|PE1 Curncy|PL1 Comdty|RS1 Comdty|UB1 Comdty|Z 1 Index,sub100k_14,all84
0.3785,0.3579,-0.9998,231,CN1 Comdty|CT1 Comdty|DM1 Index|HI1 Index|IJ1 Comdty|LC1 Comdty|NG1 Comdty|NO1 Curncy|NV1 Curncy|PE1 Curncy|RTY1 Index|SCO1 Comdty|SF1 Curncy|SFI5 Comdty,sub100k_14,all84
0.3472,0.0235,-0.9972,232,BO1 Comdty|C 1 Comdty|CO1 Comdty|EC1 Curncy|IK1 Comdty|JY1 Curncy|NQ1 Index|NV1 Curncy|OE1 Comdty|PE1 Curncy|PL1 Comdty|RS1 Comdty|RTY1 Index|XU1 Index,sub100k_14,all84
0.5732,0.4515,-1.1502,233,BP1 Curncy|CA1 Comdty|CD1 Curncy|IJ1 Comdty|MES1 Index|OE1 Comdty|QS1 Comdty|SCO1 Comdty|SE1 Curncy|SF1 Curncy|SM1 Comdty|SM1 Index|UB1 Comdty|XU1 Index,sub100k_14,all84
0.3273,0.0681,-0.6456,234,BO1 Comdty|CD1 Curncy|CUA1 Comdty|HC1 Index|JY1 Curncy|KC1 Comdty|MES1 Index|NV1 Curncy|S 1 Comdty|SE1 Curncy|SFI5 Comdty|SI1 Comdty|TP1 Index|TU1 Comdty,sub100k_14,all84
0.4662,0.1299,-0.5387,235,EC1 Curncy|ER4 Comdty|ES1 Index|IJ1 Comdty|IK1 Comdty|JY1 Curncy|NO1 Curncy|NV1 Curncy|QC1 Index|QS1 Comdty|SI1 Comdty|SM1 Comdty|TP1 Index|W 1 Comdty,sub100k_14,all84
0.2475,-0.0718,-1.0695,236,AD1 Curncy|BP1 Curncy|CD1 Curncy|CF1 Index|CUA1 Comdty|MWE1 Comdty|NO1 Curncy|NO1 Index|OAT1 Comdty|PL1 Comdty|QW1 Comdty|SM1 Comdty|SM1 Index|UB1 Comdty,sub100k_14,all84
0.3035,0.2759,0.1886,237,AD1 Curncy|C 1 Comdty|CC1 Comdty|DM1 Index|FC1 Comdty|GX1 Index|HG1 Comdty|HO1 Comdty|IR4 Comdty|JY1 Curncy|NV1 Curncy|OE1 Comdty|SE1 Curncy|TWT1 Index,sub100k_14,all84
0.0972,0.1492,-0.3986,238,BP1 Curncy|CC1 Comdty|CD1 Curncy|HG1 Comdty|IJ1 Comdty|LC1 Comdty|MES1 Index|PE1 Curncy|SF1 Curncy|SFI5 Comdty|SM1 Index|TY1 Comdty|VG1 Index|XB1 Comdty,sub100k_14,all84
0.0462,-0.0595,-1.0203,239,AD1 Curncy|CF1 Index|CO1 Comdty|HI1 Index|IJ1 Comdty|MWE1 Comdty|NV1 Curncy|PL1 Comdty|QW1 Comdty|SE1 Curncy|SF1 Curncy|SM1 Index|TY1 Comdty|US1 Comdty,sub100k_14,all84
0.2923,0.4114,-0.1366,240,AD1 Curncy|CC1 Comdty|CF1 Index|HO1 Comdty|IR4 Comdty|JB1 Comdty|JY1 Curncy|LH1 Comdty|MES1 Index|PA1 Comdty|PE1 Curncy|QC1 Index|SB1 Comdty|SE1 Curncy,sub100k_14,all84
0.2749,0.1824,-0.6511,241,BP1 Curncy|CD1 Curncy|CT1 Comdty|EC1 Curncy|EO1 Index|LC1 Comdty|NQ1 Index|NV1 Curncy|OAT1 Comdty|PA1 Comdty|RX1 Comdty|SM1 Comdty|XB1 Comdty|XP1 Index,sub100k_14,all84
0.0579,0.0783,-0.4518,242,CC1 Comdty|CD1 Curncy|CT1 Comdty|EC1 Curncy|ES1 Index|HG1 Comdty|JY1 Curncy|NO1 Curncy|RTY1 Index|SFI5 Comdty|SM1 Comdty|TU1 Comdty|XB1 Comdty|XP1 Index,sub100k_14,all84
0.4965,0.3818,-0.2156,243,AD1 Curncy|BP1 Curncy|CC1 Comdty|CUA1 Comdty|DM1 Index|GX1 Index|JB1 Comdty|LC1 Comdty|NV1 Curncy|PA1 Comdty|PE1 Curncy|PT1 Index|SM1 Comdty|US1 Comdty,sub100k_14,all84
0.6147,0.5139,0.0967,244,AD1 Curncy|CC1 Comdty|CUA1 Comdty|ER4 Comdty|G 1 Comdty|JY1 Curncy|MWE1 Comdty|PA1 Comdty|PE1 Curncy|QC1 Comdty|QC1 Index|SE1 Curncy|TWT1 Index|Z 1 Index,sub100k_14,all84
0.3739,0.3667,-0.1677,245,AD1 Curncy|CD1 Curncy|DF1 Comdty|EC1 Curncy|ER4 Comdty|JY1 Curncy|KC1 Comdty|MES1 Index|NG1 Comdty|PA1 Comdty|SB1 Comdty|TWT1 Index|WN1 Comdty|Z 1 Index,sub100k_14,all84
0.2309,-0.0459,-0.4790,246,AD1 Curncy|BP1 Curncy|DF1 Comdty|ES1 Index|KW1 Comdty|MES1 Index|NG1 Comdty|NO1 Curncy|OE1 Comdty|PT1 Index|SE1 Curncy|SI1 Comdty|SM1 Comdty|XM1 Comdty,sub100k_14,all84
0.1807,0.0040,-0.1953,247,AD1 Curncy|BP1 Curncy|CD1 Curncy|ER4 Comdty|HI1 Index|JY1 Curncy|KC1 Comdty|NG1 Comdty|NO1 Index|OE1 Comdty|PL1 Comdty|QC1 Comdty|RS1 Comdty|XP1 Index,sub100k_14,all84
0.4048,0.3694,-0.9993,248,AD1 Curncy|CL1 Comdty|CT1 Comdty|HC1 Index|IJ1 Comdty|IK1 Comdty|JY1 Curncy|MES1 Index|NV1 Curncy|S 1 Comdty|SCO1 Comdty|SF1 Curncy|TY1 Comdty|Z 1 Index,sub100k_14,all84
0.0461,0.0685,-0.0207,249,AD1 Curncy|CC1 Comdty|CL1 Comdty|CT1 Comdty|DU1 Comdty|ES1 Index|FV1 Comdty|HG1 Comdty|NO1 Curncy|SE1 Curncy|SF1 Curncy|TWT1 Index|VG1 Index|W 1 Comdty,sub100k_14,all84
0.1017,-0.0679,-0.2826,250,AD1 Curncy|EC1 Curncy|GX1 Index|HO1 Comdty|JB1 Comdty|KC1 Comdty|KW1 Comdty|MWE1 Comdty|NO1 Curncy|NQ1 Index|PE1 Curncy|PL1 Comdty|UB1 Comdty|VG1 Index,sub100k_14,all84
0.6219,0.4550,-0.1753,251,AD1 Curncy|BP1 Curncy|CC1 Comdty|CUA1 Comdty|DM1 Index|FC1 Comdty|G 1 Comdty|HI1 Index|PA1 Comdty|PE1 Curncy|RS1 Comdty|SF1 Curncy|TWT1 Index|US1 Comdty,sub100k_14,all84
0.3004,0.1181,-0.6043,252,C 1 Comdty|CF1 Index|GX1 Index|JY1 Curncy|NO1 Curncy|PA1 Comdty|RS1 Comdty|RX1 Comdty|SB1 Comdty|SE1 Curncy|SF1 Curncy|TP1 Index|UXY1 Comdty|XB1 Comdty,sub100k_14,all84
0.5836,0.5712,-1.0985,253,BO1 Comdty|CC1 Comdty|ES1 Index|HC1 Index|HI1 Index|NO1 Curncy|NV1 Curncy|OAT1 Comdty|PE1 Curncy|QS1 Comdty|QW1 Comdty|SCO1 Comdty|SE1 Curncy|UB1 Comdty,sub100k_14,all84
0.4116,0.2166,0.0361,254,BO1 Comdty|CD1 Curncy|EO1 Index|GC1 Comdty|IK1 Comdty|JGS1 Index|JY1 Curncy|KC1 Comdty|OAT1 Comdty|PE1 Curncy|RS1 Comdty|SE1 Curncy|XB1 Comdty|XP1 Index,sub100k_14,all84
0.5177,0.5058,0.2813,255,BP1 Curncy|CL1 Comdty|CT1 Comdty|EC1 Curncy|GC1 Comdty|JB1 Comdty|JY1 Curncy|MES1 Index|PT1 Index|QW1 Comdty|S 1 Comdty|SE1 Curncy|SFI5 Comdty|TP1 Index,sub100k_14,all84
0.1942,0.0157,-0.1236,256,CA1 Comdty|CN1 Comdty|EC1 Curncy|JY1 Curncy|NO1 Curncy|NO1 Index|RS1 Comdty|SE1 Curncy|SI1 Comdty|TY1 Comdty|W 1 Comdty|XB1 Comdty|XP1 Index|Z 1 Index,sub100k_14,all84
0.2330,0.3255,0.1453,257,CC1 Comdty|CD1 Curncy|DU1 Comdty|GX1 Index|JB1 Comdty|JGS1 Index|JY1 Curncy|NO1 Curncy|PA1 Comdty|QC1 Comdty|S 1 Comdty|SE1 Curncy|TWT1 Index|XB1 Comdty,sub100k_14,all84
0.2604,0.2589,-0.3114,258,CA1 Comdty|CT1 Comdty|EC1 Curncy|G 1 Comdty|HC1 Index|NG1 Comdty|NO1 Curncy|NV1 Curncy|PA1 Comdty|SE1 Curncy|SFR5 Comdty|SM1 Comdty|VG1 Index|Z 1 Index,sub100k_14,all84
0.5225,0.2259,0.4781,259,AD1 Curncy|BO1 Comdty|BP1 Curncy|CD1 Curncy|CO1 Comdty|FC1 Comdty|GC1 Comdty|JB1 Comdty|LH1 Comdty|NO1 Index|OE1 Comdty|PT1 Index|SF1 Curncy|XP1 Index,sub100k_14,all84
0.1321,0.3171,-0.2055,260,CD1 Curncy|GX1 Index|HG1 Comdty|HO1 Comdty|JY1 Curncy|LC1 Comdty|LH1 Comdty|PE1 Curncy|QC1 Index|S 1 Comdty|SE1 Curncy|TU1 Comdty|UXY1 Comdty|XP1 Index,sub100k_14,all84
0.5537,0.3899,-0.5073,261,CA1 Comdty|CC1 Comdty|CUA1 Comdty|HG1 Comdty|HI1 Index|JY1 Curncy|KW1 Comdty|NO1 Curncy|OAT1 Comdty|PE1 Curncy|SE1 Curncy|SFI5 Comdty|SM1 Index|VG1 Index,sub100k_14,all84
0.4161,0.2624,0.3065,262,BP1 Curncy|FV1 Comdty|GC1 Comdty|IR4 Comdty|JY1 Curncy|KC1 Comdty|KW1 Comdty|NG1 Comdty|NO1 Curncy|NQ1 Index|RTY1 Index|SE1 Curncy|SM1 Index|W 1 Comdty,sub100k_14,all84
0.2447,0.2735,-0.2619,263,CC1 Comdty|CD1 Curncy|HC1 Index|HG1 Comdty|HO1 Comdty|JY1 Curncy|NO1 Curncy|OAT1 Comdty|PE1 Curncy|PT1 Index|RS1 Comdty|S 1 Comdty|TY1 Comdty|XP1 Index,sub100k_14,all84
0.1806,-0.2179,-1.0074,264,AD1 Curncy|BO1 Comdty|CF1 Index|EC1 Curncy|G 1 Comdty|JGS1 Index|NQ1 Index|PE1 Curncy|RX1 Comdty|SB1 Comdty|SE1 Curncy|SI1 Comdty|W 1 Comdty|XB1 Comdty,sub100k_14,all84
0.0902,0.1170,0.2292,265,AD1 Curncy|C 1 Comdty|CC1 Comdty|EC1 Curncy|HO1 Comdty|JB1 Comdty|JY1 Curncy|PL1 Comdty|QC1 Index|SF1 Curncy|SM1 Comdty|TU1 Comdty|TWT1 Index|XU1 Index,sub100k_14,all84
-0.0130,-0.3709,-0.5989,266,AD1 Curncy|BP1 Curncy|CN1 Comdty|JGS1 Index|KW1 Comdty|LC1 Comdty|NG1 Comdty|NV1 Curncy|S 1 Comdty|SF1 Curncy|SI1 Comdty|SM1 Index|UB1 Comdty|Z 1 Index,sub100k_14,all84
0.3750,0.3675,0.3282,267,C 1 Comdty|CC1 Comdty|GX1 Index|JY1 Curncy|LH1 Comdty|NO1 Index|OE1 Comdty|PA1 Comdty|PE1 Curncy|SE1 Curncy|SF1 Curncy|TWT1 Index|US1 Comdty|XB1 Comdty,sub100k_14,all84
0.2794,0.2139,-0.0013,268,C 1 Comdty|CT1 Comdty|EC1 Curncy|FC1 Comdty|HG1 Comdty|HO1 Comdty|JB1 Comdty|JY1 Curncy|MES1 Index|NO1 Curncy|SE1 Curncy|SM1 Index|UXY1 Comdty|XP1 Index,sub100k_14,all84
0.2110,0.1247,-0.5743,269,JGS1 Index|JY1 Curncy|LH1 Comdty|NO1 Curncy|NV1 Curncy|OE1 Comdty|PL1 Comdty|PT1 Index|QS1 Comdty|QW1 Comdty|S 1 Comdty|SF1 Curncy|TWT1 Index|XM1 Comdty,sub100k_14,all84
0.1975,-0.0013,-0.3050,270,AD1 Curncy|C 1 Comdty|CD1 Curncy|CN1 Comdty|CO1 Comdty|CT1 Comdty|EO1 Index|JY1 Curncy|PE1 Curncy|SI1 Comdty|SM1 Comdty|TP1 Index|XM1 Comdty|XP1 Index,sub100k_14,all84
0.5379,0.3773,-0.5893,271,AD1 Curncy|CUA1 Comdty|EC1 Curncy|ES1 Index|JB1 Comdty|JY1 Curncy|KW1 Comdty|NO1 Curncy|PA1 Comdty|S 1 Comdty|TY1 Comdty|W 1 Comdty|XP1 Index|XU1 Index,sub100k_14,all84
0.1650,0.1072,-0.7587,272,AD1 Curncy|BP1 Curncy|CN1 Comdty|DM1 Index|HC1 Index|HG1 Comdty|JY1 Curncy|LH1 Comdty|NG1 Comdty|NO1 Curncy|RTY1 Index|S 1 Comdty|TY1 Comdty|W 1 Comdty,sub100k_14,all84
0.4615,0.4314,-0.2190,273,AD1 Curncy|BP1 Curncy|DF1 Comdty|EC1 Curncy|GX1 Index|HO1 Comdty|IK1 Comdty|LH1 Comdty|MES1 Index|PA1 Comdty|PT1 Index|QC1 Comdty|SF1 Curncy|UB1 Comdty,sub100k_14,all84
0.1882,0.1802,-0.8204,274,BP1 Curncy|CD1 Curncy|CF1 Index|CL1 Comdty|G 1 Comdty|IJ1 Comdty|LC1 Comdty|PA1 Comdty|PE1 Curncy|RS1 Comdty|SE1 Curncy|SFR5 Comdty|VG1 Index|Z 1 Index,sub100k_14,all84
0.5132,0.4934,-1.3094,275,CN1 Comdty|DM1 Index|EC1 Curncy|ES1 Index|HO1 Comdty|IJ1 Comdty|IK1 Comdty|NO1 Curncy|PE1 Curncy|PT1 Index|QW1 Comdty|SB1 Comdty|SCO1 Comdty|SE1 Curncy,sub100k_14,all84
0.2922,0.1273,0.0903,276,BP1 Curncy|DU1 Comdty|G 1 Comdty|GC1 Comdty|JY1 Curncy|KC1 Comdty|LH1 Comdty|NG1 Comdty|NO1 Curncy|NV1 Curncy|RS1 Comdty|VG1 Index|XU1 Index|Z 1 Index,sub100k_14,all84
0.0574,0.1473,-0.4152,277,AD1 Curncy|BO1 Comdty|CC1 Comdty|FV1 Comdty|HG1 Comdty|HI1 Index|MES1 Index|NO1 Curncy|PE1 Curncy|QW1 Comdty|SE1 Curncy|SM1 Index|UXY1 Comdty|XB1 Comdty,sub100k_14,all84
0.2269,0.2438,-0.5562,278,C 1 Comdty|CD1 Curncy|ES1 Index|HG1 Comdty|JY1 Curncy|KC1 Comdty|LH1 Comdty|NO1 Curncy|NQ1 Index|NV1 Curncy|SFI5 Comdty|SFR5 Comdty|XB1 Comdty|XP1 Index,sub100k_14,all84
0.3285,0.3971,-0.9524,279,CD1 Curncy|EC1 Curncy|FV1 Comdty|MES1 Index|NG1 Comdty|NV1 Curncy|QC1 Comdty|QW1 Comdty|RTY1 Index|SCO1 Comdty|SF1 Curncy|SFI5 Comdty|W 1 Comdty|XU1 Index,sub100k_14,all84
0.2462,0.1771,-0.1526,280,AD1 Curncy|CD1 Curncy|CL1 Comdty|ES1 Index|HC1 Index|JB1 Comdty|JY1 Curncy|LC1 Comdty|NQ1 Index|PL1 Comdty|QW1 Comdty|SB1 Comdty|SF1 Curncy|SFR5 Comdty,sub100k_14,all84
0.0617,-0.1589,-0.3365,281,CF1 Index|FV1 Comdty|IJ1 Comdty|KC1 Comdty|KW1 Comdty|NO1 Curncy|NV1 Curncy|PT1 Index|SE1 Curncy|SF1 Curncy|SI1 Comdty|SM1 Index|TY1 Comdty|XB1 Comdty,sub100k_14,all84
0.4992,0.4758,0.3797,282,AD1 Curncy|BO1 Comdty|DF1 Comdty|DM1 Index|EC1 Curncy|ES1 Index|GC1 Comdty|MWE1 Comdty|NO1 Curncy|NV1 Curncy|QC1 Index|QS1 Comdty|TY1 Comdty|US1 Comdty,sub100k_14,all84
0.3483,0.1911,0.1136,283,CO1 Comdty|DM1 Index|FV1 Comdty|HC1 Index|LC1 Comdty|MWE1 Comdty|NO1 Curncy|NV1 Curncy|QC1 Comdty|SE1 Curncy|SF1 Curncy|SI1 Comdty|US1 Comdty|VG1 Index,sub100k_14,all84
0.2654,0.4480,-0.2961,284,C 1 Comdty|CD1 Curncy|CL1 Comdty|DF1 Comdty|ER4 Comdty|MES1 Index|NO1 Curncy|PA1 Comdty|PE1 Curncy|SB1 Comdty|SE1 Curncy|TP1 Index|TU1 Comdty|TWT1 Index,sub100k_14,all84
0.5975,0.3381,-1.3440,285,C 1 Comdty|CD1 Curncy|CUA1 Comdty|EC1 Curncy|MWE1 Comdty|NO1 Curncy|QW1 Comdty|RTY1 Index|RX1 Comdty|SCO1 Comdty|SE1 Curncy|TP1 Index|XM1 Comdty|XU1 Index,sub100k_14,all84
0.4665,0.4011,-0.4314,286,AD1 Curncy|CA1 Comdty|CD1 Curncy|CN1 Comdty|CO1 Comdty|ES1 Index|HC1 Index|KC1 Comdty|NO1 Index|NV1 Curncy|OAT1 Comdty|PA1 Comdty|PE1 Curncy|RS1 Comdty,sub100k_14,all84
0.6821,0.5782,-0.9460,287,CD1 Curncy|CF1 Index|CN1 Comdty|DM1 Index|ER4 Comdty|FC1 Comdty|IJ1 Comdty|JY1 Curncy|KW1 Comdty|NO1 Index|NV1 Curncy|QS1 Comdty|SCO1 Comdty|SE1 Curncy,sub100k_14,all84
0.2781,0.2160,0.1050,288,AD1 Curncy|EC1 Curncy|HI1 Index|KW1 Comdty|LC1 Comdty|MWE1 Comdty|NO1 Curncy|SF1 Curncy|SFI5 Comdty|SFR5 Comdty|SI1 Comdty|TP1 Index|TWT1 Index|XB1 Comdty,sub100k_14,all84
0.4938,0.4333,-0.9204,289,AD1 Curncy|BP1 Curncy|CD1 Curncy|CO1 Comdty|CT1 Comdty|G 1 Comdty|HC1 Index|KW1 Comdty|NO1 Index|NV1 Curncy|PT1 Index|SCO1 Comdty|W 1 Comdty|WN1 Comdty,sub100k_14,all84
0.4518,0.2134,0.4638,290,BP1 Curncy|CA1 Comdty|CD1 Curncy|DM1 Index|EC1 Curncy|GC1 Comdty|GX1 Index|IJ1 Comdty|JB1 Comdty|JY1 Curncy|KC1 Comdty|OE1 Comdty|XB1 Comdty|Z 1 Index,sub100k_14,all84
0.2179,0.0976,-0.0579,291,AD1 Curncy|CT1 Comdty|EO1 Index|JB1 Comdty|JY1 Curncy|NO1 Curncy|PL1 Comdty|PT1 Index|QS1 Comdty|S 1 Comdty|SB1 Comdty|SF1 Curncy|TP1 Index|UXY1 Comdty,sub100k_14,all84
0.1607,-0.0346,0.2022,292,CD1 Curncy|DU1 Comdty|JY1 Curncy|MWE1 Comdty|NO1 Index|PL1 Comdty|QC1 Comdty|SB1 Comdty|SE1 Curncy|SF1 Curncy|TWT1 Index|UB1 Comdty|VG1 Index|XB1 Comdty,sub100k_14,all84
0.2735,0.3477,-0.4260,293,AD1 Curncy|CA1 Comdty|CC1 Comdty|EC1 Curncy|HI1 Index|HO1 Comdty|IJ1 Comdty|NO1 Curncy|OE1 Comdty|PA1 Comdty|QC1 Index|SE1 Curncy|US1 Comdty|XP1 Index,sub100k_14,all84
0.1904,0.1259,-0.1468,294,AD1 Curncy|CL1 Comdty|EC1 Curncy|JY1 Curncy|KC1 Comdty|NV1 Curncy|PL1 Comdty|PT1 Index|SFR5 Comdty|SM1 Comdty|TP1 Index|TWT1 Index|W 1 Comdty|XM1 Comdty,sub100k_14,all84
0.3711,0.1859,0.0500,295,CT1 Comdty|DM1 Index|EC1 Curncy|FC1 Comdty|FV1 Comdty|G 1 Comdty|JY1 Curncy|MWE1 Comdty|NO1 Curncy|NV1 Curncy|PL1 Comdty|QS1 Comdty|RTY1 Index|TP1 Index,sub100k_14,all84
0.0762,0.0726,-0.1823,296,BP1 Curncy|CC1 Comdty|CD1 Curncy|CF1 Index|DF1 Comdty|EC1 Curncy|EO1 Index|ER4 Comdty|IJ1 Comdty|IR4 Comdty|NG1 Comdty|NO1 Index|PL1 Comdty|SF1 Curncy,sub100k_14,all84
0.1080,0.0163,-0.7608,297,CD1 Curncy|ES1 Index|HG1 Comdty|IR4 Comdty|MES1 Index|MWE1 Comdty|NO1 Curncy|NV1 Curncy|OE1 Comdty|PE1 Curncy|SB1 Comdty|W 1 Comdty|XB1 Comdty|XU1 Index,sub100k_14,all84
0.7468,0.6771,0.5340,298,BO1 Comdty|CA1 Comdty|CD1 Curncy|CO1 Comdty|DM1 Index|GC1 Comdty|JGS1 Index|JY1 Curncy|LH1 Comdty|PE1 Curncy|SE1 Curncy|TP1 Index|TU1 Comdty|UB1 Comdty,sub100k_14,all84
0.0902,-0.0606,-0.6906,299,AD1 Curncy|BP1 Curncy|C 1 Comdty|CA1 Comdty|CD1 Curncy|G 1 Comdty|HI1 Index|HO1 Comdty|OAT1 Comdty|PL1 Comdty|QC1 Index|SB1 Comdty|SF1 Curncy|SM1 Index,sub100k_14,all84
0.4294,0.2730,-1.1781,300,AD1 Curncy|BO1 Comdty|CL1 Comdty|GX1 Index|JGS1 Index|JY1 Curncy|KC1 Comdty|LH1 Comdty|NO1 Curncy|OE1 Comdty|SCO1 Comdty|SF1 Curncy|VG1 Index|WN1 Comdty,sub100k_14,all84
0.3887,0.1532,-0.5185,301,BP1 Curncy|CO1 Comdty|EC1 Curncy|IK1 Comdty|JGS1 Index|LC1 Comdty|PE1 Curncy|QC1 Index|RS1 Comdty|SE1 Curncy|SI1 Comdty|W 1 Comdty|WN1 Comdty|XP1 Index,sub100k_14,all84
0.3233,0.1297,-0.9952,302,AD1 Curncy|CO1 Comdty|EC1 Curncy|ES1 Index|JY1 Curncy|NO1 Curncy|OAT1 Comdty|PL1 Comdty|S 1 Comdty|SB1 Comdty|SFI5 Comdty|TP1 Index|VG1 Index|W 1 Comdty,sub100k_14,all84
0.5471,0.4941,-0.2216,303,CA1 Comdty|CC1 Comdty|CD1 Curncy|DU1 Comdty|EC1 Curncy|KW1 Comdty|OE1 Comdty|PE1 Curncy|PT1 Index|QS1 Comdty|SCO1 Comdty|SF1 Curncy|TP1 Index|XP1 Index,sub100k_14,all84
0.4745,0.2638,-0.2116,304,BP1 Curncy|CD1 Curncy|CT1 Comdty|CUA1 Comdty|EC1 Curncy|EO1 Index|FC1 Comdty|FV1 Comdty|LH1 Comdty|NQ1 Index|PL1 Comdty|SF1 Curncy|UXY1 Comdty|XU1 Index,sub100k_14,all84
0.6676,0.6694,-1.0105,305,BP1 Curncy|CA1 Comdty|CF1 Index|CO1 Comdty|DF1 Comdty|HI1 Index|NO1 Curncy|NV1 Curncy|OE1 Comdty|PT1 Index|QW1 Comdty|SCO1 Comdty|SE1 Curncy|SFR5 Comdty,sub100k_14,all84
0.3293,0.2283,-0.2213,306,BO1 Comdty|CA1 Comdty|CD1 Curncy|HC1 Index|KW1 Comdty|NG1 Comdty|NO1 Curncy|PA1 Comdty|RX1 Comdty|SE1 Curncy|SF1 Curncy|TWT1 Index|UXY1 Comdty|VG1 Index,sub100k_14,all84
0.4038,0.4687,-0.8869,307,AD1 Curncy|CO1 Comdty|ES1 Index|GX1 Index|JY1 Curncy|MWE1 Comdty|NV1 Curncy|PA1 Comdty|RS1 Comdty|SE1 Curncy|SFI5 Comdty|SM1 Comdty|TU1 Comdty|XU1 Index,sub100k_14,all84
0.2368,0.2252,-0.7228,308,CD1 Curncy|CF1 Index|KC1 Comdty|MWE1 Comdty|NV1 Curncy|PA1 Comdty|QC1 Index|QS1 Comdty|SE1 Curncy|SF1 Curncy|SM1 Comdty|US1 Comdty|UXY1 Comdty|XU1 Index,sub100k_14,all84
0.3216,0.1916,0.3249,309,AD1 Curncy|CD1 Curncy|CN1 Comdty|EC1 Curncy|JY1 Curncy|LH1 Comdty|NG1 Comdty|QC1 Comdty|QW1 Comdty|SI1 Comdty|TP1 Index|TWT1 Index|TY1 Comdty|VG1 Index,sub100k_14,all84
0.3574,0.2786,-1.2363,310,CF1 Index|DU1 Comdty|HC1 Index|KC1 Comdty|KW1 Comdty|NG1 Comdty|NO1 Curncy|NQ1 Index|NV1 Curncy|PE1 Curncy|RS1 Comdty|SCO1 Comdty|SE1 Curncy|US1 Comdty,sub100k_14,all84
0.2006,0.2547,0.4619,311,AD1 Curncy|BO1 Comdty|BP1 Curncy|C 1 Comdty|CC1 Comdty|CL1 Comdty|FV1 Comdty|GC1 Comdty|NO1 Curncy|NV1 Curncy|SM1 Index|TP1 Index|UXY1 Comdty|XP1 Index,sub100k_14,all84
0.2091,0.1036,0.2553,312,AD1 Curncy|CC1 Comdty|CD1 Curncy|KC1 Comdty|LH1 Comdty|NG1 Comdty|NO1 Curncy|SF1 Curncy|SFI5 Comdty|SI1 Comdty|TP1 Index|TU1 Comdty|TWT1 Index|Z 1 Index,sub100k_14,all84
0.1492,-0.0732,-0.3861,313,AD1 Curncy|EC1 Curncy|HI1 Index|HO1 Comdty|JB1 Comdty|KC1 Comdty|KW1 Comdty|PE1 Curncy|PL1 Comdty|QC1 Index|RS1 Comdty|SF1 Curncy|TP1 Index|UB1 Comdty,sub100k_14,all84
0.2478,0.0561,-0.4809,314,AD1 Curncy|CD1 Curncy|DF1 Comdty|EC1 Curncy|ER4 Comdty|GX1 Index|KC1 Comdty|NG1 Comdty|NQ1 Index|OAT1 Comdty|PE1 Curncy|PL1 Comdty|QC1 Index|SM1 Comdty,sub100k_14,all84
0.9209,0.6068,-0.9676,315,AD1 Curncy|BP1 Curncy|CUA1 Comdty|EC1 Curncy|FC1 Comdty|JGS1 Index|LH1 Comdty|MWE1 Comdty|NO1 Curncy|NQ1 Index|RTY1 Index|RX1 Comdty|SCO1 Comdty|UXY1 Comdty,sub100k_14,all84
0.7526,0.5837,-0.7440,316,CD1 Curncy|CUA1 Comdty|EC1 Curncy|FC1 Comdty|LC1 Comdty|NO1 Curncy|NO1 Index|NQ1 Index|NV1 Curncy|RTY1 Index|SB1 Comdty|SCO1 Comdty|TU1 Comdty|US1 Comdty,sub100k_14,all84
0.3493,0.1732,0.5758,317,CD1 Curncy|CT1 Comdty|FC1 Comdty|GC1 Comdty|IR4 Comdty|LH1 Comdty|NO1 Curncy|NO1 Index|NV1 Curncy|OE1 Comdty|SF1 Curncy|VG1 Index|XB1 Comdty|XU1 Index,sub100k_14,all84
0.4148,-0.0281,-0.1873,318,BP1 Curncy|CA1 Comdty|FC1 Comdty|JGS1 Index|KW1 Comdty|NV1 Curncy|OAT1 Comdty|OE1 Comdty|PE1 Curncy|QS1 Comdty|RTY1 Index|SF1 Curncy|SI1 Comdty|SM1 Index,sub100k_14,all84
0.2688,0.2257,-1.2710,319,C 1 Comdty|CD1 Curncy|CF1 Index|CO1 Comdty|EC1 Curncy|ER4 Comdty|NO1 Curncy|PA1 Comdty|PE1 Curncy|RTY1 Index|SB1 Comdty|SFI5 Comdty|W 1 Comdty|XP1 Index,sub100k_14,all84
0.3698,0.2354,0.0558,320,CT1 Comdty|EC1 Curncy|EO1 Index|HO1 Comdty|JY1 Curncy|LH1 Comdty|MWE1 Comdty|OE1 Comdty|PE1 Curncy|PL1 Comdty|QC1 Index|RTY1 Index|SE1 Curncy|SFR5 Comdty,sub100k_14,all84
0.1730,-0.0265,-1.1261,321,AD1 Curncy|BO1 Comdty|BP1 Curncy|CD1 Curncy|CF1 Index|CN1 Comdty|CUA1 Comdty|DF1 Comdty|HI1 Index|NO1 Curncy|OAT1 Comdty|PL1 Comdty|RS1 Comdty|TWT1 Index,sub100k_14,all84
0.2407,0.3497,0.4798,322,BP1 Curncy|CD1 Curncy|CO1 Comdty|CT1 Comdty|DF1 Comdty|NO1 Index|PL1 Comdty|QC1 Comdty|SE1 Curncy|SF1 Curncy|SFR5 Comdty|TU1 Comdty|TWT1 Index|XP1 Index,sub100k_14,all84
0.2137,0.1129,-0.2227,323,AD1 Curncy|EC1 Curncy|EO1 Index|FC1 Comdty|HC1 Index|HG1 Comdty|IR4 Comdty|KW1 Comdty|LH1 Comdty|NV1 Curncy|SF1 Curncy|TWT1 Index|UB1 Comdty|XB1 Comdty,sub100k_14,all84
0.4119,0.5028,-0.1039,324,CD1 Curncy|CN1 Comdty|ES1 Index|JY1 Curncy|LC1 Comdty|LH1 Comdty|NO1 Index|NV1 Curncy|PA1 Comdty|PE1 Curncy|QS1 Comdty|QW1 Comdty|TP1 Index|WN1 Comdty,sub100k_14,all84
0.4727,0.2763,0.6736,325,BP1 Curncy|CC1 Comdty|EC1 Curncy|GC1 Comdty|HI1 Index|HO1 Comdty|JY1 Curncy|KC1 Comdty|NO1 Index|OAT1 Comdty|S 1 Comdty|SF1 Curncy|UB1 Comdty|Z 1 Index,sub100k_14,all84
0.4266,0.4057,0.5946,326,BP1 Curncy|CA1 Comdty|CC1 Comdty|CF1 Index|CL1 Comdty|ES1 Index|G 1 Comdty|GC1 Comdty|IR4 Comdty|JY1 Curncy|KC1 Comdty|PE1 Curncy|SE1 Curncy|XP1 Index,sub100k_14,all84
0.7016,0.4008,0.4558,327,CD1 Curncy|CUA1 Comdty|DF1 Comdty|GC1 Comdty|IJ1 Comdty|IK1 Comdty|LC1 Comdty|NO1 Curncy|PE1 Curncy|PT1 Index|SF1 Curncy|SM1 Index|TP1 Index|UXY1 Comdty,sub100k_14,all84
0.3294,0.3842,-1.1172,328,BO1 Comdty|CD1 Curncy|EC1 Curncy|IR4 Comdty|LC1 Comdty|NV1 Curncy|PT1 Index|QS1 Comdty|RTY1 Index|S 1 Comdty|SCO1 Comdty|SF1 Curncy|SM1 Index|XM1 Comdty,sub100k_14,all84
0.5089,0.4121,-0.5497,329,CD1 Curncy|CO1 Comdty|EC1 Curncy|ER4 Comdty|HC1 Index|NO1 Index|PA1 Comdty|RS1 Comdty|SB1 Comdty|SE1 Curncy|SF1 Curncy|TWT1 Index|UB1 Comdty|W 1 Comdty,sub100k_14,all84
0.5733,0.3111,-0.3930,330,AD1 Curncy|BO1 Comdty|CF1 Index|CUA1 Comdty|EC1 Curncy|FC1 Comdty|HC1 Index|HG1 Comdty|IR4 Comdty|JY1 Curncy|MWE1 Comdty|PE1 Curncy|RX1 Comdty|TWT1 Index,sub100k_14,all84
0.2508,0.2471,-0.2759,331,BP1 Curncy|CD1 Curncy|CN1 Comdty|ES1 Index|FC1 Comdty|GX1 Index|HG1 Comdty|HO1 Comdty|JY1 Curncy|KW1 Comdty|LH1 Comdty|NV1 Curncy|SFR5 Comdty|VG1 Index,sub100k_14,all84
0.3274,0.0752,0.2155,332,AD1 Curncy|EO1 Index|FC1 Comdty|JY1 Curncy|KW1 Comdty|NG1 Comdty|PE1 Curncy|SE1 Curncy|SI1 Comdty|TWT1 Index|US1 Comdty|W 1 Comdty|WN1 Comdty|XP1 Index,sub100k_14,all84
0.2873,0.1064,0.0823,333,AD1 Curncy|BO1 Comdty|CN1 Comdty|GC1 Comdty|LH1 Comdty|NO1 Curncy|NQ1 Index|NV1 Curncy|OE1 Comdty|SE1 Curncy|TP1 Index|VG1 Index|W 1 Comdty|XB1 Comdty,sub100k_14,all84
0.3753,0.4347,-0.0759,334,AD1 Curncy|CA1 Comdty|CD1 Curncy|FV1 Comdty|GX1 Index|JY1 Curncy|PA1 Comdty|QC1 Comdty|QS1 Comdty|SB1 Comdty|SE1 Curncy|SM1 Index|UXY1 Comdty|Z 1 Index,sub100k_14,all84
0.4703,0.0611,-0.2057,335,BP1 Curncy|CD1 Curncy|CUA1 Comdty|DM1 Index|EO1 Index|IJ1 Comdty|LC1 Comdty|NO1 Curncy|OE1 Comdty|QC1 Comdty|SE1 Curncy|SI1 Comdty|TP1 Index|UB1 Comdty,sub100k_14,all84
0.2953,0.3734,-0.8599,336,AD1 Curncy|BP1 Curncy|EC1 Curncy|EO1 Index|HC1 Index|IK1 Comdty|IR4 Comdty|LH1 Comdty|NV1 Curncy|PA1 Comdty|QS1 Comdty|QW1 Comdty|SM1 Comdty|Z 1 Index,sub100k_14,all84
0.2785,-0.0414,-0.3826,337,AD1 Curncy|BP1 Curncy|C 1 Comdty|CF1 Index|CT1 Comdty|CUA1 Comdty|JY1 Curncy|LC1 Comdty|NO1 Index|OE1 Comdty|PL1 Comdty|SF1 Curncy|TP1 Index|XM1 Comdty,sub100k_14,all84
0.1015,0.0991,-0.3517,338,AD1 Curncy|BP1 Curncy|C 1 Comdty|CL1 Comdty|ER4 Comdty|MWE1 Comdty|NO1 Curncy|PL1 Comdty|SB1 Comdty|SE1 Curncy|TP1 Index|TU1 Comdty|TWT1 Index|Z 1 Index,sub100k_14,all84
0.5000,0.2902,0.2067,339,BP1 Curncy|DU1 Comdty|GC1 Comdty|JGS1 Index|KC1 Comdty|NO1 Curncy|NQ1 Index|NV1 Curncy|QC1 Comdty|QS1 Comdty|QW1 Comdty|RX1 Comdty|SE1 Curncy|SM1 Index,sub100k_14,all84
0.3644,0.3882,-0.0771,340,BP1 Curncy|CD1 Curncy|CT1 Comdty|DU1 Comdty|EO1 Index|ES1 Index|KC1 Comdty|LH1 Comdty|NV1 Curncy|PA1 Comdty|QS1 Comdty|SF1 Curncy|SFR5 Comdty|TP1 Index,sub100k_14,all84
0.2635,0.4994,0.1768,341,AD1 Curncy|BO1 Comdty|CA1 Comdty|DF1 Comdty|HG1 Comdty|HO1 Comdty|JY1 Curncy|NO1 Curncy|NO1 Index|PE1 Curncy|SFR5 Comdty|TU1 Comdty|VG1 Index|XU1 Index,sub100k_14,all84
0.2072,0.0847,0.0678,342,C 1 Comdty|EC1 Curncy|JY1 Curncy|KW1 Comdty|MWE1 Comdty|NO1 Index|NV1 Curncy|OAT1 Comdty|PL1 Comdty|SF1 Curncy|SM1 Index|TWT1 Index|UXY1 Comdty|XB1 Comdty,sub100k_14,all84
0.7139,0.5916,-0.9796,343,CA1 Comdty|CO1 Comdty|EC1 Curncy|HC1 Index|JY1 Curncy|KC1 Comdty|MES1 Index|NV1 Curncy|RX1 Comdty|S 1 Comdty|SCO1 Comdty|SE1 Curncy|SM1 Index|WN1 Comdty,sub100k_14,all84
0.3784,0.1331,-0.4950,344,AD1 Curncy|BP1 Curncy|CC1 Comdty|CUA1 Comdty|EC1 Curncy|HG1 Comdty|IJ1 Comdty|LH1 Comdty|QC1 Index|RTY1 Index|SF1 Curncy|UB1 Comdty|VG1 Index|WN1 Comdty,sub100k_14,all84
0.1811,0.0444,0.0840,345,AD1 Curncy|BP1 Curncy|DU1 Comdty|FC1 Comdty|JGS1 Index|MWE1 Comdty|NG1 Comdty|NV1 Curncy|PE1 Curncy|PL1 Comdty|PT1 Index|QC1 Comdty|TWT1 Index|XM1 Comdty,sub100k_14,all84
0.4513,0.3449,-0.7830,346,BO1 Comdty|CO1 Comdty|DF1 Comdty|EC1 Curncy|IJ1 Comdty|IK1 Comdty|JY1 Curncy|NQ1 Index|PA1 Comdty|SE1 Curncy|SF1 Curncy|VG1 Index|WN1 Comdty|Z 1 Index,sub100k_14,all84
0.8806,0.7788,-0.2102,347,CA1 Comdty|CO1 Comdty|JY1 Curncy|OE1 Comdty|PE1 Curncy|QW1 Comdty|RTY1 Index|SCO1 Comdty|SE1 Curncy|SF1 Curncy|SFR5 Comdty|TP1 Index|TWT1 Index|W 1 Comdty,sub100k_14,all84
0.6545,0.3654,-0.0006,348,BO1 Comdty|BP1 Curncy|CUA1 Comdty|DU1 Comdty|EC1 Curncy|GC1 Comdty|IJ1 Comdty|JGS1 Index|JY1 Curncy|LH1 Comdty|MES1 Index|NO1 Curncy|OE1 Comdty|TWT1 Index,sub100k_14,all84
0.5223,0.5073,-0.8739,349,CC1 Comdty|CD1 Curncy|CO1 Comdty|EC1 Curncy|ER4 Comdty|G 1 Comdty|HC1 Index|KW1 Comdty|MWE1 Comdty|NO1 Curncy|NV1 Curncy|SCO1 Comdty|TP1 Index|VG1 Index,sub100k_14,all84
0.2658,0.0998,-0.4714,350,AD1 Curncy|CA1 Comdty|CD1 Curncy|CUA1 Comdty|EO1 Index|ES1 Index|KW1 Comdty|OE1 Comdty|PE1 Curncy|PL1 Comdty|QW1 Comdty|SE1 Curncy|TU1 Comdty|VG1 Index,sub100k_14,all84
0.5577,0.2453,0.7550,351,DF1 Comdty|FC1 Comdty|GC1 Comdty|JY1 Curncy|KW1 Comdty|NG1 Comdty|NO1 Index|NV1 Curncy|PE1 Curncy|RTY1 Index|RX1 Comdty|SF1 Curncy|SFR5 Comdty|VG1 Index,sub100k_14,all84
0.6169,0.6872,-0.6335,352,CF1 Index|CT1 Comdty|EC1 Curncy|ER4 Comdty|HO1 Comdty|IJ1 Comdty|JY1 Curncy|NV1 Curncy|QC1 Comdty|SCO1 Comdty|SE1 Curncy|TP1 Index|US1 Comdty|XU1 Index,sub100k_14,all84
0.6098,0.4650,1.0462,353,CD1 Curncy|DF1 Comdty|FC1 Comdty|GC1 Comdty|JB1 Comdty|JY1 Curncy|NO1 Index|PE1 Curncy|PT1 Index|QC1 Index|QS1 Comdty|SF1 Curncy|SM1 Comdty|UXY1 Comdty,sub100k_14,all84
0.2955,0.1124,0.0421,354,AD1 Curncy|C 1 Comdty|CA1 Comdty|CD1 Curncy|CL1 Comdty|EO1 Index|ER4 Comdty|G 1 Comdty|LC1 Comdty|PE1 Curncy|PT1 Index|QC1 Index|SE1 Curncy|SI1 Comdty,sub100k_14,all84
0.3199,0.2083,-1.1578,355,CD1 Curncy|G 1 Comdty|JB1 Comdty|JGS1 Index|JY1 Curncy|NO1 Curncy|PE1 Curncy|QW1 Comdty|RTY1 Index|SB1 Comdty|SCO1 Comdty|VG1 Index|W 1 Comdty|XB1 Comdty,sub100k_14,all84
0.1782,0.0980,-0.5597,356,CD1 Curncy|CT1 Comdty|EC1 Curncy|G 1 Comdty|GX1 Index|HG1 Comdty|LH1 Comdty|PE1 Curncy|S 1 Comdty|SE1 Curncy|UB1 Comdty|XB1 Comdty|XP1 Index|XU1 Index,sub100k_14,all84
0.4183,0.4162,-0.0930,357,BO1 Comdty|BP1 Curncy|CO1 Comdty|HG1 Comdty|JY1 Curncy|LC1 Comdty|MES1 Index|MWE1 Comdty|NQ1 Index|PE1 Curncy|SF1 Curncy|SFR5 Comdty|TY1 Comdty|VG1 Index,sub100k_14,all84
-0.0878,-0.1560,-0.7703,358,CD1 Curncy|CL1 Comdty|CT1 Comdty|EC1 Curncy|HC1 Index|MES1 Index|NV1 Curncy|PE1 Curncy|PL1 Comdty|SB1 Comdty|US1 Comdty|VG1 Index|W 1 Comdty|WN1 Comdty,sub100k_14,all84
0.5119,0.4353,-0.2212,359,CD1 Curncy|CO1 Comdty|CT1 Comdty|FC1 Comdty|HI1 Index|JY1 Curncy|OE1 Comdty|PA1 Comdty|PE1 Curncy|SE1 Curncy|SFR5 Comdty|SM1 Comdty|XU1 Index|Z 1 Index,sub100k_14,all84
0.3820,0.2626,0.3084,360,AD1 Curncy|CD1 Curncy|CL1 Comdty|CT1 Comdty|GC1 Comdty|GX1 Index|IK1 Comdty|JY1 Curncy|MWE1 Comdty|NO1 Curncy|QC1 Index|QW1 Comdty|US1 Comdty|Z 1 Index,sub100k_14,all84
0.1744,0.3484,-0.7785,361,BP1 Curncy|CD1 Curncy|EO1 Index|HO1 Comdty|NO1 Index|NV1 Curncy|PA1 Comdty|QC1 Index|RS1 Comdty|SB1 Comdty|SE1 Curncy|SFI5 Comdty|TU1 Comdty|W 1 Comdty,sub100k_14,all84
0.3949,0.4048,-0.3950,362,AD1 Curncy|CC1 Comdty|CO1 Comdty|EC1 Curncy|HI1 Index|MES1 Index|MWE1 Comdty|NQ1 Index|NV1 Curncy|OE1 Comdty|PA1 Comdty|PE1 Curncy|SM1 Comdty|TY1 Comdty,sub100k_14,all84
0.2830,0.3165,-0.0767,363,BP1 Curncy|CC1 Comdty|CD1 Curncy|CO1 Comdty|DU1 Comdty|NO1 Curncy|NO1 Index|PA1 Comdty|PE1 Curncy|QC1 Comdty|QC1 Index|SB1 Comdty|TP1 Index|UXY1 Comdty,sub100k_14,all84
-0.0802,-0.1555,-0.4096,364,BO1 Comdty|CD1 Curncy|CL1 Comdty|IR4 Comdty|LH1 Comdty|NV1 Curncy|PL1 Comdty|QC1 Comdty|SE1 Curncy|SF1 Curncy|SM1 Index|UB1 Comdty|VG1 Index|Z 1 Index,sub100k_14,all84
0.2664,0.2275,-0.0068,365,AD1 Curncy|BP1 Curncy|CC1 Comdty|CD1 Curncy|EC1 Curncy|HC1 Index|HO1 Comdty|NO1 Index|RS1 Comdty|SFR5 Comdty|SI1 Comdty|W 1 Comdty|XM1 Comdty|XU1 Index,sub100k_14,all84
0.0593,-0.2877,-0.4612,366,CF1 Index|CN1 Comdty|DF1 Comdty|HI1 Index|MWE1 Comdty|NG1 Comdty|NV1 Curncy|OE1 Comdty|PE1 Curncy|SE1 Curncy|SF1 Curncy|SI1 Comdty|SM1 Comdty|SM1 Index,sub100k_14,all84
0.1396,0.1022,-0.7542,367,C 1 Comdty|CN1 Comdty|DF1 Comdty|DM1 Index|EC1 Curncy|JY1 Curncy|NV1 Curncy|PA1 Comdty|PE1 Curncy|SM1 Comdty|UB1 Comdty|XB1 Comdty|XP1 Index|Z 1 Index,sub100k_14,all84
0.3293,0.2523,-0.5960,368,C 1 Comdty|CD1 Curncy|EC1 Curncy|IJ1 Comdty|NG1 Comdty|NV1 Curncy|PA1 Comdty|QC1 Index|S 1 Comdty|SE1 Curncy|SFR5 Comdty|SM1 Index|UB1 Comdty|Z 1 Index,sub100k_14,all84
0.1580,0.1508,-0.7044,369,AD1 Curncy|BP1 Curncy|C 1 Comdty|DM1 Index|ER4 Comdty|HG1 Comdty|NG1 Comdty|NO1 Curncy|PE1 Curncy|PT1 Index|QW1 Comdty|S 1 Comdty|TY1 Comdty|VG1 Index,sub100k_14,all84
0.1836,0.2703,-0.4379,370,BP1 Curncy|CF1 Index|CO1 Comdty|DF1 Comdty|HG1 Comdty|MES1 Index|NV1 Curncy|PE1 Curncy|QC1 Comdty|QW1 Comdty|RTY1 Index|SF1 Curncy|SFR5 Comdty|XM1 Comdty,sub100k_14,all84
0.1935,-0.1206,-0.2347,371,CT1 Comdty|EO1 Index|G 1 Comdty|IJ1 Comdty|JY1 Curncy|NO1 Curncy|NV1 Curncy|SB1 Comdty|SF1 Curncy|SI1 Comdty|TP1 Index|UXY1 Comdty|VG1 Index|XB1 Comdty,sub100k_14,all84
0.5334,0.5145,-0.7252,372,CD1 Curncy|IR4 Comdty|JY1 Curncy|LC1 Comdty|LH1 Comdty|NO1 Curncy|NQ1 Index|QC1 Index|RX1 Comdty|S 1 Comdty|SCO1 Comdty|SE1 Curncy|VG1 Index|XB1 Comdty,sub100k_14,all84
0.4613,0.3417,0.2473,373,AD1 Curncy|BP1 Curncy|CD1 Curncy|CO1 Comdty|DF1 Comdty|DM1 Index|ER4 Comdty|JB1 Comdty|MES1 Index|MWE1 Comdty|NO1 Curncy|QC1 Comdty|SI1 Comdty|TP1 Index,sub100k_14,all84
0.5231,0.1341,-0.1489,374,BP1 Curncy|CD1 Curncy|CT1 Comdty|CUA1 Comdty|DM1 Index|EC1 Curncy|ES1 Index|FC1 Comdty|JY1 Curncy|RTY1 Index|SI1 Comdty|SM1 Comdty|UXY1 Comdty|WN1 Comdty,sub100k_14,all84
0.6723,0.8448,-0.4945,375,AD1 Curncy|CC1 Comdty|CT1 Comdty|FV1 Comdty|GX1 Index|JY1 Curncy|MES1 Index|MWE1 Comdty|NO1 Curncy|QS1 Comdty|SCO1 Comdty|SE1 Curncy|SFI5 Comdty|XU1 Index,sub100k_14,all84
0.2283,0.1102,-0.7705,376,AD1 Curncy|CF1 Index|HG1 Comdty|IK1 Comdty|LH1 Comdty|NO1 Curncy|QC1 Index|QS1 Comdty|QW1 Comdty|SE1 Curncy|SF1 Curncy|SM1 Index|UXY1 Comdty|W 1 Comdty,sub100k_14,all84
0.0963,0.2193,-0.1807,377,BP1 Curncy|C 1 Comdty|CA1 Comdty|CD1 Curncy|CF1 Index|CL1 Comdty|HG1 Comdty|IR4 Comdty|JY1 Curncy|KW1 Comdty|NO1 Index|PE1 Curncy|UXY1 Comdty|XP1 Index,sub100k_14,all84
0.7392,0.5179,-0.3994,378,CC1 Comdty|CUA1 Comdty|EC1 Curncy|EO1 Index|G 1 Comdty|JY1 Curncy|LC1 Comdty|NV1 Curncy|RX1 Comdty|SB1 Comdty|SCO1 Comdty|SF1 Curncy|TP1 Index|TWT1 Index,sub100k_14,all84
0.2839,0.2686,-0.5450,379,BO1 Comdty|CC1 Comdty|EC1 Curncy|G 1 Comdty|JGS1 Index|JY1 Curncy|KC1 Comdty|NO1 Curncy|NV1 Curncy|PA1 Comdty|SFR5 Comdty|XB1 Comdty|XU1 Index|Z 1 Index,sub100k_14,all84
-0.0527,-0.0067,-0.3717,380,AD1 Curncy|CD1 Curncy|CL1 Comdty|HG1 Comdty|HI1 Index|IR4 Comdty|KC1 Comdty|MWE1 Comdty|PE1 Curncy|QC1 Index|SF1 Curncy|SM1 Comdty|TU1 Comdty|Z 1 Index,sub100k_14,all84
0.1857,0.1170,-0.0369,381,AD1 Curncy|DM1 Index|EC1 Curncy|HG1 Comdty|MWE1 Comdty|QC1 Comdty|SE1 Curncy|SF1 Curncy|TP1 Index|US1 Comdty|UXY1 Comdty|VG1 Index|W 1 Comdty|XB1 Comdty,sub100k_14,all84
0.4256,0.4338,0.3530,382,BP1 Curncy|C 1 Comdty|CD1 Curncy|CL1 Comdty|EC1 Curncy|EO1 Index|GC1 Comdty|JGS1 Index|JY1 Curncy|LC1 Comdty|QC1 Index|RS1 Comdty|TY1 Comdty|XM1 Comdty,sub100k_14,all84
0.2614,0.2687,-0.2305,383,CT1 Comdty|FC1 Comdty|GX1 Index|HO1 Comdty|JY1 Curncy|NO1 Curncy|NV1 Curncy|PA1 Comdty|PE1 Curncy|SM1 Comdty|TU1 Comdty|UB1 Comdty|VG1 Index|XP1 Index,sub100k_14,all84
0.5571,0.3617,-0.7790,384,AD1 Curncy|BP1 Curncy|CA1 Comdty|CF1 Index|CUA1 Comdty|DF1 Comdty|HG1 Comdty|JY1 Curncy|PE1 Curncy|QW1 Comdty|RX1 Comdty|SFR5 Comdty|SM1 Index|XU1 Index,sub100k_14,all84
0.5646,0.6015,-0.4081,385,CD1 Curncy|CT1 Comdty|DM1 Index|DU1 Comdty|HO1 Comdty|JY1 Curncy|KC1 Comdty|LC1 Comdty|NO1 Curncy|NV1 Curncy|RTY1 Index|SCO1 Comdty|SFR5 Comdty|TP1 Index,sub100k_14,all84
0.4034,0.2813,-1.2291,386,BO1 Comdty|CD1 Curncy|EC1 Curncy|FC1 Comdty|FV1 Comdty|GX1 Index|HI1 Index|IK1 Comdty|MES1 Index|NO1 Curncy|NV1 Curncy|SCO1 Comdty|SM1 Comdty|XB1 Comdty,sub100k_14,all84
0.1379,0.0889,0.0875,387,CA1 Comdty|CD1 Curncy|CT1 Comdty|EC1 Curncy|HG1 Comdty|JB1 Comdty|JGS1 Index|NO1 Curncy|QC1 Comdty|RTY1 Index|SF1 Curncy|US1 Comdty|XB1 Comdty|Z 1 Index,sub100k_14,all84
0.2764,0.2717,-0.6824,388,AD1 Curncy|BO1 Comdty|CD1 Curncy|CL1 Comdty|MWE1 Comdty|NO1 Curncy|NO1 Index|PA1 Comdty|RS1 Comdty|RTY1 Index|SF1 Curncy|SFI5 Comdty|TP1 Index|WN1 Comdty,sub100k_14,all84
0.2363,0.1132,-0.1338,389,AD1 Curncy|BP1 Curncy|DF1 Comdty|G 1 Comdty|GX1 Index|JY1 Curncy|NO1 Index|NV1 Curncy|PA1 Comdty|QC1 Comdty|RX1 Comdty|TP1 Index|W 1 Comdty|XB1 Comdty,sub100k_14,all84
0.5931,0.4420,-1.1427,390,AD1 Curncy|BP1 Curncy|CO1 Comdty|CT1 Comdty|EC1 Curncy|JGS1 Index|LC1 Comdty|NO1 Curncy|OAT1 Comdty|OE1 Comdty|PT1 Index|RTY1 Index|S 1 Comdty|SCO1 Comdty,sub100k_14,all84
0.2116,0.1981,-0.5523,391,AD1 Curncy|BO1 Comdty|ES1 Index|HC1 Index|HO1 Comdty|JY1 Curncy|MWE1 Comdty|NQ1 Index|PE1 Curncy|PL1 Comdty|SB1 Comdty|SE1 Curncy|UXY1 Comdty|XM1 Comdty,sub100k_14,all84
0.0245,-0.0053,-0.3397,392,AD1 Curncy|BP1 Curncy|CO1 Comdty|IR4 Comdty|PE1 Curncy|PL1 Comdty|QC1 Comdty|QC1 Index|SF1 Curncy|SM1 Comdty|TU1 Comdty|VG1 Index|W 1 Comdty|XU1 Index,sub100k_14,all84
0.3888,0.2856,-0.5745,393,CO1 Comdty|EC1 Curncy|ES1 Index|LH1 Comdty|NO1 Curncy|NQ1 Index|NV1 Curncy|PE1 Curncy|PL1 Comdty|QC1 Index|SB1 Comdty|SFR5 Comdty|SM1 Comdty|US1 Comdty,sub100k_14,all84
0.3640,0.3536,0.2861,394,C 1 Comdty|CA1 Comdty|EC1 Curncy|GX1 Index|HO1 Comdty|IJ1 Comdty|NO1 Curncy|NV1 Curncy|PT1 Index|SE1 Curncy|SFR5 Comdty|SI1 Comdty|TP1 Index|TU1 Comdty,sub100k_14,all84
0.6508,0.8131,-0.3690,395,AD1 Curncy|IR4 Comdty|JY1 Curncy|MWE1 Comdty|NO1 Curncy|NQ1 Index|QS1 Comdty|QW1 Comdty|SCO1 Comdty|SE1 Curncy|SM1 Comdty|TP1 Index|TWT1 Index|UXY1 Comdty,sub100k_14,all84
0.0947,0.0397,0.1045,396,C 1 Comdty|CD1 Curncy|CT1 Comdty|EC1 Curncy|JB1 Comdty|JY1 Curncy|NO1 Curncy|PL1 Comdty|QW1 Comdty|TP1 Index|TWT1 Index|VG1 Index|WN1 Comdty|XB1 Comdty,sub100k_14,all84
0.3187,0.2134,0.5083,397,CC1 Comdty|HI1 Index|JY1 Curncy|NO1 Index|NV1 Curncy|PE1 Curncy|RS1 Comdty|SF1 Curncy|SI1 Comdty|SM1 Comdty|TWT1 Index|TY1 Comdty|US1 Comdty|XB1 Comdty,sub100k_14,all84
0.2313,0.0245,-0.5569,398,AD1 Curncy|DM1 Index|GX1 Index|HG1 Comdty|IJ1 Comdty|IK1 Comdty|MWE1 Comdty|NG1 Comdty|NV1 Curncy|QC1 Comdty|SE1 Curncy|SF1 Curncy|SM1 Index|US1 Comdty,sub100k_14,all84
0.3342,0.1592,-0.2366,399,BP1 Curncy|DM1 Index|FC1 Comdty|FV1 Comdty|IJ1 Comdty|JY1 Curncy|NO1 Index|NV1 Curncy|PL1 Comdty|QS1 Comdty|SF1 Curncy|SM1 Comdty|SM1 Index|WN1 Comdty,sub100k_14,all84
0.3523,0.1748,-0.0206,0,AD1 Curncy|CC1 Comdty|CD1 Curncy|CT1 Comdty|EO1 Index|GX1 Index|JY1 Curncy|KW1 Comdty|MES1 Index|NG1 Comdty|PA1 Comdty|PE1 Curncy|QS1 Comdty|RTY1 Index|SB1 Comdty|SF1 Curncy|SI1 Comdty|SM1 Index|TP1 Index|TU1 Comdty|UB1 Comdty|US1 Comdty|UXY1 Comdty|W 1 Comdty,sub250k_24,strict66
0.2065,0.1094,-0.5721,1,CD1 Curncy|CF1 Index|DM1 Index|DU1 Comdty|EC1 Curncy|HG1 Comdty|JY1 Curncy|KC1 Comdty|LC1 Comdty|MES1 Index|NG1 Comdty|PA1 Comdty|PE1 Curncy|QC1 Comdty|RTY1 Index|SB1 Comdty|SF1 Curncy|SFI5 Comdty|SM1 Comdty|SM1 Index|US1 Comdty|UXY1 Comdty|VG1 Index|XB1 Comdty,sub250k_24,strict66
0.2679,0.1569,-0.2635,2,AD1 Curncy|BP1 Curncy|CC1 Comdty|CF1 Index|DF1 Comdty|DM1 Index|EC1 Curncy|ES1 Index|FV1 Comdty|G 1 Comdty|HG1 Comdty|HO1 Comdty|LC1 Comdty|NQ1 Index|NV1 Curncy|OE1 Comdty|QS1 Comdty|S 1 Comdty|SB1 Comdty|SF1 Curncy|SI1 Comdty|SM1 Index|TP1 Index|TY1 Comdty,sub250k_24,strict66
0.2403,0.1730,-0.4148,3,AD1 Curncy|BO1 Comdty|BP1 Curncy|CD1 Curncy|DM1 Index|ES1 Index|FV1 Comdty|G 1 Comdty|HG1 Comdty|HO1 Comdty|JB1 Comdty|JY1 Curncy|KW1 Comdty|MES1 Index|PA1 Comdty|PE1 Curncy|QC1 Comdty|SM1 Comdty|SM1 Index|TP1 Index|UB1 Comdty|VG1 Index|W 1 Comdty|XB1 Comdty,sub250k_24,strict66
0.3648,0.0929,-0.4219,4,AD1 Curncy|CD1 Curncy|CF1 Index|CO1 Comdty|CT1 Comdty|ES1 Index|FC1 Comdty|G 1 Comdty|GX1 Index|HO1 Comdty|IK1 Comdty|JY1 Curncy|LC1 Comdty|NO1 Index|NQ1 Index|NV1 Curncy|PL1 Comdty|QW1 Comdty|SB1 Comdty|SF1 Curncy|SFI5 Comdty|SI1 Comdty|UXY1 Comdty|VG1 Index,sub250k_24,strict66
0.4019,0.2967,0.1331,5,AD1 Curncy|CD1 Curncy|CF1 Index|CL1 Comdty|CT1 Comdty|DM1 Index|EC1 Curncy|ER4 Comdty|ES1 Index|GC1 Comdty|JY1 Curncy|LH1 Comdty|MES1 Index|PL1 Comdty|QC1 Comdty|QS1 Comdty|S 1 Comdty|SF1 Curncy|SM1 Comdty|SM1 Index|TY1 Comdty|UB1 Comdty|WN1 Comdty|Z 1 Index,sub250k_24,strict66
0.2910,0.0222,-0.3453,6,AD1 Curncy|BP1 Curncy|C 1 Comdty|CF1 Index|EO1 Index|FV1 Comdty|GX1 Index|JY1 Curncy|KC1 Comdty|LH1 Comdty|MES1 Index|NG1 Comdty|NQ1 Index|OE1 Comdty|PE1 Curncy|PL1 Comdty|RS1 Comdty|SF1 Curncy|SFI5 Comdty|SI1 Comdty|TP1 Index|UXY1 Comdty|W 1 Comdty|XB1 Comdty,sub250k_24,strict66
0.4098,0.3129,0.0520,7,BO1 Comdty|BP1 Curncy|CF1 Index|CL1 Comdty|CT1 Comdty|DF1 Comdty|DU1 Comdty|EC1 Curncy|ES1 Index|GC1 Comdty|GX1 Index|HG1 Comdty|IK1 Comdty|JY1 Curncy|LC1 Comdty|MES1 Index|NO1 Index|NV1 Curncy|QS1 Comdty|RS1 Comdty|SF1 Curncy|SM1 Index|TU1 Comdty|UXY1 Comdty,sub250k_24,strict66
0.4501,0.2911,0.2471,8,AD1 Curncy|BO1 Comdty|CD1 Curncy|CF1 Index|DM1 Index|EC1 Curncy|FV1 Comdty|GC1 Comdty|JY1 Curncy|KC1 Comdty|KW1 Comdty|LH1 Comdty|NQ1 Index|PE1 Curncy|QS1 Comdty|S 1 Comdty|SI1 Comdty|TP1 Index|UB1 Comdty|US1 Comdty|UXY1 Comdty|VG1 Index|XB1 Comdty|Z 1 Index,sub250k_24,strict66
0.3101,0.2091,-0.5987,9,AD1 Curncy|BO1 Comdty|BP1 Curncy|CD1 Curncy|CF1 Index|CL1 Comdty|DF1 Comdty|EO1 Index|FV1 Comdty|HG1 Comdty|IK1 Comdty|JY1 Curncy|NO1 Index|NQ1 Index|OAT1 Comdty|PA1 Comdty|PE1 Curncy|QC1 Comdty|RTY1 Index|S 1 Comdty|UB1 Comdty|W 1 Comdty|XB1 Comdty|Z 1 Index,sub250k_24,strict66
0.1918,0.0049,0.0861,10,AD1 Curncy|BO1 Comdty|CC1 Comdty|CD1 Curncy|EO1 Index|GC1 Comdty|GX1 Index|JY1 Curncy|LC1 Comdty|MES1 Index|NG1 Comdty|NV1 Curncy|OAT1 Comdty|PL1 Comdty|RX1 Comdty|S 1 Comdty|SF1 Curncy|SM1 Comdty|SM1 Index|TP1 Index|US1 Comdty|WN1 Comdty|XB1 Comdty|Z 1 Index,sub250k_24,strict66
0.3622,0.2101,0.1262,11,AD1 Curncy|BO1 Comdty|BP1 Curncy|CC1 Comdty|CF1 Index|EC1 Curncy|GC1 Comdty|GX1 Index|JB1 Comdty|JY1 Curncy|LC1 Comdty|MES1 Index|NV1 Curncy|OAT1 Comdty|QS1 Comdty|S 1 Comdty|SFI5 Comdty|SI1 Comdty|TP1 Index|TY1 Comdty|VG1 Index|W 1 Comdty|XB1 Comdty|Z 1 Index,sub250k_24,strict66
0.4499,0.4261,0.1910,12,AD1 Curncy|BP1 Curncy|C 1 Comdty|CC1 Comdty|CD1 Curncy|CL1 Comdty|DF1 Comdty|DM1 Index|EC1 Curncy|FV1 Comdty|GX1 Index|JY1 Curncy|LH1 Comdty|MES1 Index|NO1 Index|OE1 Comdty|PA1 Comdty|QC1 Comdty|QS1 Comdty|SI1 Comdty|SM1 Index|TY1 Comdty|UXY1 Comdty|VG1 Index,sub250k_24,strict66
0.2639,0.0521,-0.3922,13,BP1 Curncy|CD1 Curncy|CF1 Index|CO1 Comdty|CT1 Comdty|DF1 Comdty|EC1 Curncy|EO1 Index|ER4 Comdty|FC1 Comdty|HG1 Comdty|KC1 Comdty|KW1 Comdty|NG1 Comdty|NQ1 Index|NV1 Curncy|OE1 Comdty|PE1 Curncy|RTY1 Index|SI1 Comdty|TU1 Comdty|UXY1 Comdty|VG1 Index|Z 1 Index,sub250k_24,strict66
0.1765,0.2128,-0.3644,14,AD1 Curncy|BO1 Comdty|BP1 Curncy|CD1 Curncy|CF1 Index|CT1 Comdty|DU1 Comdty|EO1 Index|JY1 Curncy|LC1 Comdty|MES1 Index|PA1 Comdty|PE1 Curncy|PL1 Comdty|QS1 Comdty|RS1 Comdty|RTY1 Index|SFR5 Comdty|SM1 Comdty|TP1 Index|TU1 Comdty|UXY1 Comdty|VG1 Index|XB1 Comdty,sub250k_24,strict66
0.3184,0.1578,-0.5580,15,BP1 Curncy|CD1 Curncy|DM1 Index|DU1 Comdty|EC1 Curncy|EO1 Index|FC1 Comdty|HO1 Comdty|JY1 Curncy|KC1 Comdty|LH1 Comdty|MES1 Index|NV1 Curncy|PA1 Comdty|RTY1 Index|SB1 Comdty|SFI5 Comdty|SI1 Comdty|SM1 Comdty|SM1 Index|UXY1 Comdty|VG1 Index|WN1 Comdty|XB1 Comdty,sub250k_24,strict66
0.3951,0.2572,0.0229,16,AD1 Curncy|BO1 Comdty|BP1 Curncy|CC1 Comdty|DM1 Index|EC1 Curncy|ER4 Comdty|G 1 Comdty|GC1 Comdty|GX1 Index|HG1 Comdty|JY1 Curncy|KC1 Comdty|LC1 Comdty|MES1 Index|OAT1 Comdty|PE1 Curncy|QS1 Comdty|SM1 Comdty|SM1 Index|US1 Comdty|VG1 Index|XB1 Comdty|Z 1 Index,sub250k_24,strict66
0.5110,0.3759,0.5174,17,BO1 Comdty|CD1 Curncy|CF1 Index|CL1 Comdty|CO1 Comdty|EC1 Curncy|EO1 Index|FC1 Comdty|GC1 Comdty|JY1 Curncy|KC1 Comdty|LH1 Comdty|MES1 Index|NO1 Index|NQ1 Index|PE1 Curncy|PL1 Comdty|QC1 Comdty|RTY1 Index|SF1 Curncy|TU1 Comdty|TY1 Comdty|UB1 Comdty|WN1 Comdty,sub250k_24,strict66
0.4512,0.3384,-0.2682,18,AD1 Curncy|BO1 Comdty|BP1 Curncy|CO1 Comdty|CT1 Comdty|ER4 Comdty|ES1 Index|FC1 Comdty|FV1 Comdty|GX1 Index|HG1 Comdty|HO1 Comdty|JY1 Curncy|KW1 Comdty|LC1 Comdty|MES1 Index|NQ1 Index|NV1 Curncy|PA1 Comdty|RX1 Comdty|SF1 Curncy|SFR5 Comdty|TP1 Index|VG1 Index,sub250k_24,strict66
0.2584,0.1000,-0.5323,19,AD1 Curncy|BO1 Comdty|C 1 Comdty|CD1 Curncy|CO1 Comdty|CT1 Comdty|DF1 Comdty|EC1 Curncy|JB1 Comdty|JY1 Curncy|KW1 Comdty|MES1 Index|NQ1 Index|OE1 Comdty|PA1 Comdty|PL1 Comdty|RTY1 Index|SF1 Curncy|SFI5 Comdty|SM1 Index|TP1 Index|WN1 Comdty|XB1 Comdty|Z 1 Index,sub250k_24,strict66
0.2499,0.1349,-0.1195,20,BP1 Curncy|C 1 Comdty|CD1 Curncy|DF1 Comdty|DM1 Index|ES1 Index|G 1 Comdty|GC1 Comdty|GX1 Index|HG1 Comdty|HO1 Comdty|LH1 Comdty|NV1 Curncy|OAT1 Comdty|OE1 Comdty|PE1 Curncy|RTY1 Index|SB1 Comdty|SF1 Curncy|TP1 Index|TU1 Comdty|W 1 Comdty|XB1 Comdty|Z 1 Index,sub250k_24,strict66
0.2589,0.2560,-0.3894,21,AD1 Curncy|BO1 Comdty|BP1 Curncy|CD1 Curncy|CT1 Comdty|EO1 Index|HO1 Comdty|IK1 Comdty|JY1 Curncy|LH1 Comdty|MES1 Index|NQ1 Index|NV1 Curncy|PA1 Comdty|PL1 Comdty|QC1 Comdty|S 1 Comdty|SM1 Index|TY1 Comdty|US1 Comdty|UXY1 Comdty|VG1 Index|XB1 Comdty|Z 1 Index,sub250k_24,strict66
0.1195,0.0153,-0.6621,22,AD1 Curncy|BP1 Curncy|CD1 Curncy|DF1 Comdty|DM1 Index|G 1 Comdty|HG1 Comdty|HO1 Comdty|KW1 Comdty|LC1 Comdty|MES1 Index|NO1 Index|NV1 Curncy|OE1 Comdty|PA1 Comdty|RS1 Comdty|RX1 Comdty|SF1 Curncy|SM1 Index|TP1 Index|VG1 Index|W 1 Comdty|WN1 Comdty|XB1 Comdty,sub250k_24,strict66
0.3634,0.3272,0.0364,23,AD1 Curncy|BP1 Curncy|C 1 Comdty|DF1 Comdty|DU1 Comdty|EO1 Index|ER4 Comdty|GC1 Comdty|KW1 Comdty|MES1 Index|NO1 Index|NQ1 Index|NV1 Curncy|PA1 Comdty|PE1 Curncy|QS1 Comdty|RS1 Comdty|RTY1 Index|SF1 Curncy|SFR5 Comdty|US1 Comdty|VG1 Index|W 1 Comdty|XB1 Comdty,sub250k_24,strict66
0.3016,0.0951,-0.1119,24,AD1 Curncy|CD1 Curncy|CL1 Comdty|CO1 Comdty|EC1 Curncy|EO1 Index|FV1 Comdty|GX1 Index|HG1 Comdty|IK1 Comdty|JB1 Comdty|LC1 Comdty|NO1 Index|NQ1 Index|NV1 Curncy|QC1 Comdty|RS1 Comdty|S 1 Comdty|SF1 Curncy|SI1 Comdty|TP1 Index|UB1 Comdty|W 1 Comdty|Z 1 Index,sub250k_24,strict66
0.4298,0.3959,0.0838,25,C 1 Comdty|DF1 Comdty|DU1 Comdty|EC1 Curncy|EO1 Index|ER4 Comdty|ES1 Index|FC1 Comdty|GC1 Comdty|HO1 Comdty|JY1 Curncy|NV1 Curncy|PA1 Comdty|PE1 Curncy|QS1 Comdty|RTY1 Index|S 1 Comdty|SB1 Comdty|SF1 Curncy|SFI5 Comdty|SM1 Index|TP1 Index|TU1 Comdty|Z 1 Index,sub250k_24,strict66
0.3010,0.1300,-0.2448,26,C 1 Comdty|CD1 Curncy|CF1 Index|DF1 Comdty|DM1 Index|EC1 Curncy|EO1 Index|ER4 Comdty|GC1 Comdty|GX1 Index|HG1 Comdty|HO1 Comdty|IK1 Comdty|JY1 Curncy|KW1 Comdty|NV1 Curncy|OAT1 Comdty|SB1 Comdty|SF1 Curncy|SM1 Comdty|SM1 Index|UXY1 Comdty|VG1 Index|XB1 Comdty,sub250k_24,strict66
0.2333,0.0612,-0.6496,27,AD1 Curncy|BO1 Comdty|CD1 Curncy|CL1 Comdty|DF1 Comdty|EO1 Index|ES1 Index|G 1 Comdty|IK1 Comdty|JY1 Curncy|KC1 Comdty|MES1 Index|PA1 Comdty|PE1 Curncy|PL1 Comdty|QC1 Comdty|QW1 Comdty|RTY1 Index|SF1 Curncy|SFI5 Comdty|SM1 Index|UB1 Comdty|VG1 Index|XB1 Comdty,sub250k_24,strict66
0.1630,-0.0604,-0.5661,28,BP1 Curncy|C 1 Comdty|CD1 Curncy|CO1 Comdty|CT1 Comdty|DM1 Index|DU1 Comdty|EC1 Curncy|EO1 Index|G 1 Comdty|GX1 Index|NO1 Index|NV1 Curncy|OAT1 Comdty|PE1 Curncy|PL1 Comdty|RS1 Comdty|S 1 Comdty|SI1 Comdty|UXY1 Comdty|VG1 Index|W 1 Comdty|XB1 Comdty|Z 1 Index,sub250k_24,strict66
0.2427,0.1164,-0.2999,29,AD1 Curncy|BP1 Curncy|CF1 Index|CL1 Comdty|DF1 Comdty|DU1 Comdty|EC1 Curncy|EO1 Index|G 1 Comdty|GC1 Comdty|GX1 Index|HG1 Comdty|LH1 Comdty|NG1 Comdty|NQ1 Index|OAT1 Comdty|PE1 Curncy|QW1 Comdty|SB1 Comdty|SF1 Curncy|TP1 Index|TU1 Comdty|VG1 Index|W 1 Comdty,sub250k_24,strict66
0.3133,0.0508,-0.3987,30,AD1 Curncy|CD1 Curncy|DM1 Index|EC1 Curncy|EO1 Index|ER4 Comdty|FC1 Comdty|GX1 Index|HO1 Comdty|JY1 Curncy|NO1 Index|OAT1 Comdty|OE1 Comdty|PE1 Curncy|PL1 Comdty|QC1 Comdty|RTY1 Index|S 1 Comdty|SB1 Comdty|SFI5 Comdty|SI1 Comdty|SM1 Comdty|VG1 Index|XB1 Comdty,sub250k_24,strict66
0.2731,0.0963,-0.3011,31,BP1 Curncy|CC1 Comdty|CD1 Curncy|CL1 Comdty|EC1 Curncy|ER4 Comdty|FC1 Comdty|LC1 Comdty|NG1 Comdty|NO1 Index|NQ1 Index|OAT1 Comdty|PA1 Comdty|PE1 Curncy|PL1 Comdty|QW1 Comdty|RTY1 Index|SF1 Curncy|TP1 Index|TY1 Comdty|UB1 Comdty|VG1 Index|W 1 Comdty|Z 1 Index,sub250k_24,strict66
0.5193,0.4383,0.2925,32,CC1 Comdty|CD1 Curncy|CF1 Index|CL1 Comdty|CT1 Comdty|DM1 Index|EC1 Curncy|G 1 Comdty|GC1 Comdty|IK1 Comdty|JY1 Curncy|LH1 Comdty|NO1 Index|NQ1 Index|PA1 Comdty|PE1 Curncy|QC1 Comdty|SF1 Curncy|SFI5 Comdty|SM1 Comdty|TP1 Index|US1 Comdty|VG1 Index|XB1 Comdty,sub250k_24,strict66
0.5270,0.4337,0.4976,33,AD1 Curncy|BO1 Comdty|BP1 Curncy|CL1 Comdty|CO1 Comdty|DF1 Comdty|EC1 Curncy|EO1 Index|G 1 Comdty|GC1 Comdty|JY1 Curncy|LC1 Comdty|MES1 Index|NO1 Index|NQ1 Index|PE1 Curncy|QC1 Comdty|SB1 Comdty|SFR5 Comdty|SI1 Comdty|TP1 Index|US1 Comdty|VG1 Index|WN1 Comdty,sub250k_24,strict66
0.3082,0.0070,-0.1732,34,CC1 Comdty|CO1 Comdty|EC1 Curncy|EO1 Index|ES1 Index|G 1 Comdty|GX1 Index|HG1 Comdty|JB1 Comdty|JY1 Curncy|KW1 Comdty|MES1 Index|NG1 Comdty|NV1 Curncy|OE1 Comdty|PE1 Curncy|QC1 Comdty|QW1 Comdty|SB1 Comdty|SF1 Curncy|SI1 Comdty|SM1 Index|TP1 Index|UB1 Comdty,sub250k_24,strict66
0.2427,0.0755,-0.6228,35,AD1 Curncy|BO1 Comdty|BP1 Curncy|C 1 Comdty|CD1 Curncy|CF1 Index|CL1 Comdty|DM1 Index|EC1 Curncy|G 1 Comdty|GX1 Index|HG1 Comdty|JY1 Curncy|KC1 Comdty|LC1 Comdty|MES1 Index|NG1 Comdty|NO1 Index|OAT1 Comdty|PL1 Comdty|RTY1 Index|S 1 Comdty|SFR5 Comdty|UXY1 Comdty,sub250k_24,strict66
0.1246,-0.0068,-0.2761,36,AD1 Curncy|CC1 Comdty|CD1 Curncy|DM1 Index|EC1 Curncy|G 1 Comdty|GX1 Index|HG1 Comdty|HO1 Comdty|KW1 Comdty|LC1 Comdty|NO1 Index|PE1 Curncy|PL1 Comdty|RS1 Comdty|RTY1 Index|SF1 Curncy|SM1 Index|TP1 Index|UB1 Comdty|US1 Comdty|W 1 Comdty|WN1 Comdty|XB1 Comdty,sub250k_24,strict66
0.4565,0.2931,0.0370,37,BP1 Curncy|CC1 Comdty|CD1 Curncy|CL1 Comdty|DM1 Index|ES1 Index|GC1 Comdty|IK1 Comdty|JB1 Comdty|KC1 Comdty|LH1 Comdty|MES1 Index|NO1 Index|NQ1 Index|NV1 Curncy|PE1 Curncy|PL1 Comdty|QS1 Comdty|QW1 Comdty|RTY1 Index|SF1 Curncy|SFI5 Comdty|UB1 Comdty|W 1 Comdty,sub250k_24,strict66
0.1349,-0.0941,-0.6792,38,AD1 Curncy|BP1 Curncy|C 1 Comdty|CO1 Comdty|CT1 Comdty|DU1 Comdty|EC1 Curncy|EO1 Index|HG1 Comdty|IK1 Comdty|LC1 Comdty|NQ1 Index|NV1 Curncy|OE1 Comdty|PL1 Comdty|RTY1 Index|S 1 Comdty|SF1 Curncy|SM1 Comdty|SM1 Index|TP1 Index|UXY1 Comdty|VG1 Index|XB1 Comdty,sub250k_24,strict66
0.2150,0.1130,0.1177,39,BP1 Curncy|CC1 Comdty|CD1 Curncy|CF1 Index|CL1 Comdty|DM1 Index|DU1 Comdty|FC1 Comdty|G 1 Comdty|GC1 Comdty|HG1 Comdty|HO1 Comdty|JB1 Comdty|KW1 Comdty|LC1 Comdty|NQ1 Index|NV1 Curncy|PE1 Curncy|QC1 Comdty|RTY1 Index|SF1 Curncy|SFI5 Comdty|SM1 Index|Z 1 Index,sub250k_24,strict66
0.2606,0.0057,-0.1676,40,BP1 Curncy|EC1 Curncy|EO1 Index|ER4 Comdty|FC1 Comdty|G 1 Comdty|GX1 Index|HG1 Comdty|HO1 Comdty|JB1 Comdty|JY1 Curncy|KC1 Comdty|LC1 Comdty|NO1 Index|OE1 Comdty|PE1 Curncy|QS1 Comdty|S 1 Comdty|SF1 Curncy|SI1 Comdty|SM1 Comdty|SM1 Index|VG1 Index|Z 1 Index,sub250k_24,strict66
0.6230,0.5001,-0.2157,41,AD1 Curncy|BP1 Curncy|CD1 Curncy|CF1 Index|CL1 Comdty|ER4 Comdty|ES1 Index|GC1 Comdty|GX1 Index|IK1 Comdty|JY1 Curncy|KC1 Comdty|KW1 Comdty|LH1 Comdty|MES1 Index|NG1 Comdty|NO1 Index|NV1 Curncy|PA1 Comdty|RS1 Comdty|RTY1 Index|S 1 Comdty|SFI5 Comdty|SFR5 Comdty,sub250k_24,strict66
0.1538,0.0157,-0.4125,42,AD1 Curncy|BO1 Comdty|BP1 Curncy|CD1 Curncy|CO1 Comdty|DF1 Comdty|EC1 Curncy|EO1 Index|GX1 Index|HG1 Comdty|KW1 Comdty|NG1 Comdty|NO1 Index|NQ1 Index|OE1 Comdty|PL1 Comdty|QC1 Comdty|SF1 Curncy|SM1 Comdty|TP1 Index|TU1 Comdty|TY1 Comdty|UB1 Comdty|Z 1 Index,sub250k_24,strict66
0.3753,0.3123,0.0545,43,AD1 Curncy|BP1 Curncy|CL1 Comdty|CO1 Comdty|CT1 Comdty|EO1 Index|ES1 Index|FC1 Comdty|FV1 Comdty|HG1 Comdty|JY1 Curncy|LH1 Comdty|MES1 Index|NQ1 Index|PE1 Curncy|PL1 Comdty|QC1 Comdty|RTY1 Index|S 1 Comdty|SF1 Curncy|SM1 Index|TU1 Comdty|UXY1 Comdty|WN1 Comdty,sub250k_24,strict66
0.2564,0.0778,-0.3883,44,AD1 Curncy|C 1 Comdty|CC1 Comdty|CD1 Curncy|CF1 Index|CT1 Comdty|EC1 Curncy|ES1 Index|GX1 Index|IK1 Comdty|JB1 Comdty|LC1 Comdty|NG1 Comdty|NQ1 Index|NV1 Curncy|OE1 Comdty|PA1 Comdty|PE1 Curncy|PL1 Comdty|RS1 Comdty|RX1 Comdty|TP1 Index|XB1 Comdty|Z 1 Index,sub250k_24,strict66
0.3207,0.1113,-0.1721,45,AD1 Curncy|CF1 Index|DM1 Index|DU1 Comdty|ES1 Index|FC1 Comdty|HO1 Comdty|JB1 Comdty|JY1 Curncy|KC1 Comdty|LC1 Comdty|LH1 Comdty|MES1 Index|NV1 Curncy|PA1 Comdty|PE1 Curncy|QS1 Comdty|RX1 Comdty|S 1 Comdty|SF1 Curncy|SI1 Comdty|UXY1 Comdty|VG1 Index|Z 1 Index,sub250k_24,strict66
0.3374,0.1852,0.0160,46,AD1 Curncy|CC1 Comdty|CD1 Curncy|CF1 Index|CO1 Comdty|EC1 Curncy|ES1 Index|FV1 Comdty|G 1 Comdty|HG1 Comdty|HO1 Comdty|KC1 Comdty|KW1 Comdty|MES1 Index|NO1 Index|OAT1 Comdty|PE1 Curncy|QC1 Comdty|RS1 Comdty|SF1 Curncy|SI1 Comdty|SM1 Index|TP1 Index|WN1 Comdty,sub250k_24,strict66
0.1825,0.0382,-0.1953,47,BP1 Curncy|CD1 Curncy|CF1 Index|DF1 Comdty|DM1 Index|EC1 Curncy|EO1 Index|FC1 Comdty|FV1 Comdty|GX1 Index|HG1 Comdty|HO1 Comdty|JB1 Comdty|KC1 Comdty|KW1 Comdty|NV1 Curncy|OE1 Comdty|PE1 Curncy|SI1 Comdty|SM1 Comdty|TP1 Index|UXY1 Comdty|VG1 Index|XB1 Comdty,sub250k_24,strict66
0.2267,-0.0741,-0.4738,48,BP1 Curncy|CD1 Curncy|CF1 Index|CO1 Comdty|DM1 Index|DU1 Comdty|JY1 Curncy|NG1 Comdty|NO1 Index|NV1 Curncy|PL1 Comdty|QC1 Comdty|RS1 Comdty|RTY1 Index|RX1 Comdty|S 1 Comdty|SB1 Comdty|SF1 Curncy|SI1 Comdty|SM1 Comdty|TP1 Index|US1 Comdty|UXY1 Comdty|Z 1 Index,sub250k_24,strict66
0.1590,-0.0674,-0.5594,49,AD1 Curncy|CD1 Curncy|CF1 Index|CO1 Comdty|CT1 Comdty|EC1 Curncy|EO1 Index|FC1 Comdty|FV1 Comdty|HG1 Comdty|JB1 Comdty|KC1 Comdty|MES1 Index|NG1 Comdty|NO1 Index|NV1 Curncy|OAT1 Comdty|PL1 Comdty|QW1 Comdty|RTY1 Index|SF1 Curncy|SM1 Comdty|SM1 Index|WN1 Comdty,sub250k_24,strict66
0.3994,0.2480,0.0304,50,AD1 Curncy|BP1 Curncy|CL1 Comdty|DF1 Comdty|DM1 Index|EC1 Curncy|ES1 Index|GC1 Comdty|GX1 Index|JY1 Curncy|KW1 Comdty|LC1 Comdty|MES1 Index|NQ1 Index|NV1 Curncy|OAT1 Comdty|PL1 Comdty|QC1 Comdty|RX1 Comdty|SFI5 Comdty|W 1 Comdty|WN1 Comdty|XB1 Comdty|Z 1 Index,sub250k_24,strict66
0.4836,0.2739,0.3977,51,AD1 Curncy|BP1 Curncy|CL1 Comdty|CT1 Comdty|DM1 Index|EC1 Curncy|ES1 Index|FV1 Comdty|GC1 Comdty|GX1 Index|LH1 Comdty|NG1 Comdty|NO1 Index|PE1 Curncy|QC1 Comdty|QW1 Comdty|RTY1 Index|SF1 Curncy|SFR5 Comdty|SI1 Comdty|SM1 Index|UB1 Comdty|W 1 Comdty|WN1 Comdty,sub250k_24,strict66
0.2012,-0.0217,-0.8058,52,AD1 Curncy|BO1 Comdty|C 1 Comdty|CC1 Comdty|CD1 Curncy|CF1 Index|CO1 Comdty|EC1 Curncy|ES1 Index|G 1 Comdty|GX1 Index|HG1 Comdty|JY1 Curncy|MES1 Index|NG1 Comdty|OAT1 Comdty|OE1 Comdty|PL1 Comdty|QW1 Comdty|S 1 Comdty|SF1 Curncy|SFI5 Comdty|TP1 Index|VG1 Index,sub250k_24,strict66
0.1592,0.1236,-1.1565,53,AD1 Curncy|BO1 Comdty|BP1 Curncy|C 1 Comdty|CO1 Comdty|DM1 Index|EC1 Curncy|EO1 Index|GX1 Index|HG1 Comdty|HO1 Comdty|MES1 Index|NV1 Curncy|OAT1 Comdty|PA1 Comdty|S 1 Comdty|SF1 Curncy|SFI5 Comdty|SM1 Comdty|TP1 Index|US1 Comdty|W 1 Comdty|WN1 Comdty|Z 1 Index,sub250k_24,strict66
0.2267,0.0222,-0.6686,54,AD1 Curncy|BP1 Curncy|CD1 Curncy|CF1 Index|CO1 Comdty|CT1 Comdty|DM1 Index|EC1 Curncy|ES1 Index|GX1 Index|KW1 Comdty|NG1 Comdty|PL1 Comdty|RS1 Comdty|SB1 Comdty|SF1 Curncy|SFI5 Comdty|SI1 Comdty|TP1 Index|TU1 Comdty|US1 Comdty|UXY1 Comdty|VG1 Index|W 1 Comdty,sub250k_24,strict66
0.6251,0.3082,0.4532,55,CD1 Curncy|CO1 Comdty|EC1 Curncy|EO1 Index|ES1 Index|FC1 Comdty|GC1 Comdty|GX1 Index|JY1 Curncy|KC1 Comdty|LH1 Comdty|NV1 Curncy|OE1 Comdty|PE1 Curncy|QC1 Comdty|QS1 Comdty|RTY1 Index|RX1 Comdty|SFR5 Comdty|SI1 Comdty|SM1 Comdty|SM1 Index|UXY1 Comdty|VG1 Index,sub250k_24,strict66
0.1990,-0.0305,-0.3813,56,BP1 Curncy|CF1 Index|CL1 Comdty|DF1 Comdty|ER4 Comdty|FV1 Comdty|GX1 Index|IK1 Comdty|JY1 Curncy|LC1 Comdty|LH1 Comdty|NG1 Comdty|NO1 Index|NV1 Curncy|PE1 Curncy|PL1 Comdty|SB1 Comdty|SF1 Curncy|SI1 Comdty|SM1 Comdty|SM1 Index|VG1 Index|WN1 Comdty|Z 1 Index,sub250k_24,strict66
0.2851,0.1377,-0.5537,57,AD1 Curncy|BO1 Comdty|BP1 Curncy|CF1 Index|DM1 Index|EC1 Curncy|EO1 Index|FV1 Comdty|HO1 Comdty|IK1 Comdty|JB1 Comdty|JY1 Curncy|LH1 Comdty|MES1 Index|NV1 Curncy|PA1 Comdty|QC1 Comdty|QW1 Comdty|RTY1 Index|SI1 Comdty|UB1 Comdty|VG1 Index|W 1 Comdty|XB1 Comdty,sub250k_24,strict66
0.4670,0.1607,0.4649,58,BP1 Curncy|C 1 Comdty|CD1 Curncy|DM1 Index|EO1 Index|FC1 Comdty|GC1 Comdty|GX1 Index|JB1 Comdty|JY1 Curncy|KC1 Comdty|NG1 Comdty|PE1 Curncy|QS1 Comdty|QW1 Comdty|RTY1 Index|SF1 Curncy|SFR5 Comdty|SI1 Comdty|TP1 Index|TU1 Comdty|UB1 Comdty|VG1 Index|W 1 Comdty,sub250k_24,strict66
0.0880,-0.0611,-0.7617,59,AD1 Curncy|BP1 Curncy|C 1 Comdty|CD1 Curncy|CO1 Comdty|DU1 Comdty|EO1 Index|ER4 Comdty|ES1 Index|G 1 Comdty|GX1 Index|HG1 Comdty|LH1 Comdty|MES1 Index|NV1 Curncy|OAT1 Comdty|PL1 Comdty|QC1 Comdty|RTY1 Index|S 1 Comdty|SB1 Comdty|SF1 Curncy|XB1 Comdty|Z 1 Index,sub250k_24,strict66
0.3481,0.1273,-0.2866,60,AD1 Curncy|C 1 Comdty|CD1 Curncy|DM1 Index|EO1 Index|ER4 Comdty|ES1 Index|FC1 Comdty|HO1 Comdty|JB1 Comdty|KW1 Comdty|MES1 Index|NG1 Comdty|NV1 Curncy|PA1 Comdty|PE1 Curncy|RS1 Comdty|S 1 Comdty|SF1 Curncy|SFR5 Comdty|SI1 Comdty|SM1 Index|UB1 Comdty|VG1 Index,sub250k_24,strict66
0.2474,0.1205,-0.3570,61,AD1 Curncy|BP1 Curncy|C 1 Comdty|CC1 Comdty|CT1 Comdty|EC1 Curncy|ES1 Index|NO1 Index|NV1 Curncy|OAT1 Comdty|PE1 Curncy|PL1 Comdty|QS1 Comdty|QW1 Comdty|SFI5 Comdty|SI1 Comdty|SM1 Comdty|SM1 Index|TP1 Index|TY1 Comdty|US1 Comdty|VG1 Index|XB1 Comdty|Z 1 Index,sub250k_24,strict66
0.4695,0.2373,-0.2350,62,BP1 Curncy|C 1 Comdty|CD1 Curncy|CF1 Index|EC1 Curncy|ES1 Index|FC1 Comdty|GC1 Comdty|GX1 Index|JB1 Comdty|MES1 Index|NG1 Comdty|NQ1 Index|NV1 Curncy|PA1 Comdty|QS1 Comdty|QW1 Comdty|RS1 Comdty|RTY1 Index|RX1 Comdty|SB1 Comdty|SF1 Curncy|UB1 Comdty|US1 Comdty,sub250k_24,strict66
0.3321,0.1977,-0.2092,63,AD1 Curncy|BP1 Curncy|CC1 Comdty|CD1 Curncy|CF1 Index|CT1 Comdty|EO1 Index|ER4 Comdty|ES1 Index|HO1 Comdty|JB1 Comdty|JY1 Curncy|KW1 Comdty|LC1 Comdty|NQ1 Index|OAT1 Comdty|PA1 Comdty|PE1 Curncy|RTY1 Index|SB1 Comdty|SI1 Comdty|US1 Comdty|XB1 Comdty|Z 1 Index,sub250k_24,strict66
0.3739,0.0901,0.2449,64,BP1 Curncy|C 1 Comdty|CD1 Curncy|CF1 Index|DM1 Index|DU1 Comdty|ES1 Index|FC1 Comdty|G 1 Comdty|GC1 Comdty|JY1 Curncy|KC1 Comdty|NG1 Comdty|NV1 Curncy|OE1 Comdty|PE1 Curncy|PL1 Comdty|QC1 Comdty|QS1 Comdty|SB1 Comdty|SM1 Index|TP1 Index|VG1 Index|WN1 Comdty,sub250k_24,strict66
0.4664,0.3071,-0.0472,65,AD1 Curncy|BO1 Comdty|BP1 Curncy|CD1 Curncy|CO1 Comdty|DM1 Index|EO1 Index|FC1 Comdty|G 1 Comdty|GC1 Comdty|HG1 Comdty|JB1 Comdty|JY1 Curncy|LC1 Comdty|LH1 Comdty|QS1 Comdty|RTY1 Index|SF1 Curncy|SFI5 Comdty|SM1 Comdty|SM1 Index|TP1 Index|US1 Comdty|VG1 Index,sub250k_24,strict66
0.0066,-0.1010,-0.7278,66,AD1 Curncy|BO1 Comdty|CD1 Curncy|CF1 Index|CT1 Comdty|DU1 Comdty|EC1 Curncy|GX1 Index|JB1 Comdty|MES1 Index|NQ1 Index|PA1 Comdty|PE1 Curncy|PL1 Comdty|QS1 Comdty|QW1 Comdty|SB1 Comdty|SF1 Curncy|UXY1 Comdty|VG1 Index|W 1 Comdty|WN1 Comdty|XB1 Comdty|Z 1 Index,sub250k_24,strict66
0.3068,0.1515,0.1274,67,CC1 Comdty|CD1 Curncy|CF1 Index|DU1 Comdty|EC1 Curncy|GC1 Comdty|HG1 Comdty|JY1 Curncy|KC1 Comdty|NG1 Comdty|NO1 Index|NQ1 Index|PE1 Curncy|QS1 Comdty|QW1 Comdty|RTY1 Index|RX1 Comdty|S 1 Comdty|SF1 Curncy|TY1 Comdty|US1 Comdty|VG1 Index|W 1 Comdty|Z 1 Index,sub250k_24,strict66
0.4309,0.3068,-0.0144,68,AD1 Curncy|C 1 Comdty|CD1 Curncy|CO1 Comdty|DM1 Index|FV1 Comdty|G 1 Comdty|GC1 Comdty|GX1 Index|HO1 Comdty|JY1 Curncy|KW1 Comdty|LH1 Comdty|NO1 Index|NV1 Curncy|OAT1 Comdty|PE1 Curncy|PL1 Comdty|RS1 Comdty|RTY1 Index|SB1 Comdty|SM1 Index|UXY1 Comdty|VG1 Index,sub250k_24,strict66
0.3365,0.1849,-0.3255,69,BP1 Curncy|C 1 Comdty|CD1 Curncy|DM1 Index|GC1 Comdty|HO1 Comdty|KW1 Comdty|LC1 Comdty|MES1 Index|NG1 Comdty|NQ1 Index|NV1 Curncy|OE1 Comdty|PA1 Comdty|PE1 Curncy|RX1 Comdty|S 1 Comdty|SB1 Comdty|SF1 Curncy|SFI5 Comdty|SM1 Index|TP1 Index|WN1 Comdty|Z 1 Index,sub250k_24,strict66
0.3291,0.2381,0.0448,70,BP1 Curncy|CD1 Curncy|CL1 Comdty|CO1 Comdty|DF1 Comdty|DM1 Index|ER4 Comdty|GC1 Comdty|KC1 Comdty|LH1 Comdty|NQ1 Index|NV1 Curncy|PE1 Curncy|PL1 Comdty|QW1 Comdty|SF1 Curncy|SM1 Index|TP1 Index|TU1 Comdty|UB1 Comdty|VG1 Index|W 1 Comdty|WN1 Comdty|Z 1 Index,sub250k_24,strict66
0.2621,-0.0433,-0.5455,71,AD1 Curncy|BP1 Curncy|CD1 Curncy|CF1 Index|CO1 Comdty|DF1 Comdty|DM1 Index|EC1 Curncy|GX1 Index|JY1 Curncy|KC1 Comdty|LC1 Comdty|OAT1 Comdty|OE1 Comdty|PL1 Comdty|RTY1 Index|RX1 Comdty|SB1 Comdty|SI1 Comdty|SM1 Comdty|SM1 Index|TP1 Index|TU1 Comdty|XB1 Comdty,sub250k_24,strict66
0.4079,0.1501,0.2619,72,AD1 Curncy|BO1 Comdty|BP1 Curncy|CC1 Comdty|CF1 Index|DM1 Index|EC1 Curncy|FC1 Comdty|G 1 Comdty|GC1 Comdty|MES1 Index|NG1 Comdty|NO1 Index|NV1 Curncy|QC1 Comdty|QS1 Comdty|RTY1 Index|RX1 Comdty|S 1 Comdty|SF1 Curncy|SFR5 Comdty|SI1 Comdty|US1 Comdty|VG1 Index,sub250k_24,strict66
0.3514,0.0569,0.0672,73,BP1 Curncy|CD1 Curncy|CF1 Index|CO1 Comdty|CT1 Comdty|EC1 Curncy|ES1 Index|FC1 Comdty|G 1 Comdty|GC1 Comdty|GX1 Index|HO1 Comdty|KW1 Comdty|LC1 Comdty|NO1 Index|OAT1 Comdty|OE1 Comdty|PE1 Curncy|SF1 Curncy|SI1 Comdty|SM1 Comdty|VG1 Index|WN1 Comdty|Z 1 Index,sub250k_24,strict66
0.2368,0.2433,-0.4118,74,AD1 Curncy|CC1 Comdty|CD1 Curncy|CF1 Index|DM1 Index|EC1 Curncy|ER4 Comdty|ES1 Index|HG1 Comdty|HO1 Comdty|JB1 Comdty|MES1 Index|NQ1 Index|PA1 Comdty|PE1 Curncy|QC1 Comdty|RS1 Comdty|S 1 Comdty|SF1 Curncy|SM1 Comdty|TY1 Comdty|UB1 Comdty|XB1 Comdty|Z 1 Index,sub250k_24,strict66
0.2988,0.1044,-0.0726,75,BP1 Curncy|CD1 Curncy|CF1 Index|CT1 Comdty|DM1 Index|EC1 Curncy|FV1 Comdty|GC1 Comdty|HO1 Comdty|IK1 Comdty|LC1 Comdty|NO1 Index|PE1 Curncy|QW1 Comdty|RS1 Comdty|RTY1 Index|RX1 Comdty|SF1 Curncy|SI1 Comdty|SM1 Comdty|US1 Comdty|VG1 Index|XB1 Comdty|Z 1 Index,sub250k_24,strict66
0.5226,0.4731,0.1437,76,BP1 Curncy|CC1 Comdty|CD1 Curncy|CF1 Index|CT1 Comdty|EC1 Curncy|GC1 Comdty|GX1 Index|HG1 Comdty|LH1 Comdty|MES1 Index|NO1 Index|NQ1 Index|OAT1 Comdty|PE1 Curncy|QS1 Comdty|RS1 Comdty|S 1 Comdty|SF1 Curncy|SFI5 Comdty|TP1 Index|TY1 Comdty|UXY1 Comdty|XB1 Comdty,sub250k_24,strict66
0.1646,-0.0068,-0.8516,77,BO1 Comdty|BP1 Curncy|CD1 Curncy|DM1 Index|DU1 Comdty|EO1 Index|ER4 Comdty|ES1 Index|G 1 Comdty|GX1 Index|JY1 Curncy|NG1 Comdty|NQ1 Index|NV1 Curncy|PA1 Comdty|PE1 Curncy|PL1 Comdty|RTY1 Index|S 1 Comdty|SB1 Comdty|SM1 Comdty|W 1 Comdty|WN1 Comdty|XB1 Comdty,sub250k_24,strict66
0.1363,0.0886,-0.4379,78,AD1 Curncy|C 1 Comdty|DF1 Comdty|DU1 Comdty|ER4 Comdty|ES1 Index|FV1 Comdty|GX1 Index|JY1 Curncy|MES1 Index|NG1 Comdty|NV1 Curncy|PA1 Comdty|PE1 Curncy|PL1 Comdty|QC1 Comdty|QW1 Comdty|SF1 Curncy|SFI5 Comdty|SM1 Comdty|TP1 Index|VG1 Index|XB1 Comdty|Z 1 Index,sub250k_24,strict66
0.4531,0.2551,0.2505,79,AD1 Curncy|BO1 Comdty|C 1 Comdty|CC1 Comdty|EC1 Curncy|EO1 Index|ES1 Index|GC1 Comdty|GX1 Index|HO1 Comdty|IK1 Comdty|JY1 Curncy|NO1 Index|NV1 Curncy|OAT1 Comdty|PL1 Comdty|QC1 Comdty|QS1 Comdty|RS1 Comdty|RTY1 Index|SF1 Curncy|SM1 Index|UB1 Comdty|US1 Comdty,sub250k_24,strict66
0.2906,0.1729,0.0789,80,AD1 Curncy|BP1 Curncy|CD1 Curncy|DF1 Comdty|DU1 Comdty|EO1 Index|FC1 Comdty|GC1 Comdty|HG1 Comdty|HO1 Comdty|LC1 Comdty|NO1 Index|NV1 Curncy|OE1 Comdty|PE1 Curncy|QS1 Comdty|RX1 Comdty|S 1 Comdty|SB1 Comdty|SM1 Index|TP1 Index|VG1 Index|WN1 Comdty|Z 1 Index,sub250k_24,strict66
0.5724,0.4571,0.1466,81,AD1 Curncy|BP1 Curncy|CD1 Curncy|CL1 Comdty|CT1 Comdty|DF1 Comdty|EO1 Index|ES1 Index|FC1 Comdty|GC1 Comdty|IK1 Comdty|MES1 Index|NO1 Index|NV1 Curncy|PA1 Comdty|PE1 Curncy|QC1 Comdty|QS1 Comdty|RX1 Comdty|S 1 Comdty|SFI5 Comdty|SM1 Index|UB1 Comdty|VG1 Index,sub250k_24,strict66
0.2585,0.1032,0.1263,82,AD1 Curncy|CF1 Index|CT1 Comdty|DF1 Comdty|EC1 Curncy|ER4 Comdty|G 1 Comdty|GC1 Comdty|GX1 Index|IK1 Comdty|LC1 Comdty|MES1 Index|NV1 Curncy|PE1 Curncy|PL1 Comdty|QC1 Comdty|QS1 Comdty|RTY1 Index|SF1 Curncy|SM1 Index|TY1 Comdty|W 1 Comdty|XB1 Comdty|Z 1 Index,sub250k_24,strict66
0.0660,-0.1377,-0.7902,83,BO1 Comdty|CD1 Curncy|CF1 Index|CL1 Comdty|DU1 Comdty|EO1 Index|ER4 Comdty|G 1 Comdty|HO1 Comdty|JY1 Curncy|KW1 Comdty|NO1 Index|NQ1 Index|NV1 Curncy|PE1 Curncy|PL1 Comdty|RS1 Comdty|SF1 Curncy|SFI5 Comdty|SI1 Comdty|SM1 Comdty|SM1 Index|W 1 Comdty|Z 1 Index,sub250k_24,strict66
0.2345,0.0014,-0.6290,84,BP1 Curncy|C 1 Comdty|CF1 Index|CL1 Comdty|DM1 Index|EC1 Curncy|EO1 Index|ER4 Comdty|FV1 Comdty|G 1 Comdty|GX1 Index|IK1 Comdty|JY1 Curncy|LC1 Comdty|LH1 Comdty|NG1 Comdty|NO1 Index|NV1 Curncy|PE1 Curncy|PL1 Comdty|QW1 Comdty|SB1 Comdty|SI1 Comdty|Z 1 Index,sub250k_24,strict66
0.5327,0.4119,-0.1709,85,AD1 Curncy|BP1 Curncy|C 1 Comdty|CT1 Comdty|DF1 Comdty|DM1 Index|ER4 Comdty|GC1 Comdty|GX1 Index|HG1 Comdty|HO1 Comdty|IK1 Comdty|JY1 Curncy|LH1 Comdty|NG1 Comdty|NQ1 Index|NV1 Curncy|PE1 Curncy|RTY1 Index|SFI5 Comdty|SFR5 Comdty|SM1 Comdty|SM1 Index|Z 1 Index,sub250k_24,strict66
0.2553,0.1323,-0.8713,86,AD1 Curncy|BO1 Comdty|CD1 Curncy|CL1 Comdty|CT1 Comdty|DF1 Comdty|EC1 Curncy|EO1 Index|ER4 Comdty|ES1 Index|G 1 Comdty|GX1 Index|HG1 Comdty|NQ1 Index|NV1 Curncy|OAT1 Comdty|PA1 Comdty|QS1 Comdty|SB1 Comdty|SF1 Curncy|SM1 Index|TP1 Index|W 1 Comdty|WN1 Comdty,sub250k_24,strict66
0.3197,0.2357,-0.3164,87,BP1 Curncy|CF1 Index|DU1 Comdty|EC1 Curncy|ES1 Index|FC1 Comdty|HG1 Comdty|HO1 Comdty|KC1 Comdty|KW1 Comdty|MES1 Index|NO1 Index|NV1 Curncy|OAT1 Comdty|PA1 Comdty|PE1 Curncy|QC1 Comdty|QS1 Comdty|QW1 Comdty|RTY1 Index|SF1 Curncy|TP1 Index|US1 Comdty|WN1 Comdty,sub250k_24,strict66
0.2005,0.0872,-0.2080,88,BP1 Curncy|C 1 Comdty|CC1 Comdty|CD1 Curncy|CL1 Comdty|EC1 Curncy|EO1 Index|ER4 Comdty|ES1 Index|G 1 Comdty|HG1 Comdty|JY1 Curncy|KC1 Comdty|NO1 Index|NQ1 Index|NV1 Curncy|OE1 Comdty|PL1 Comdty|QC1 Comdty|RTY1 Index|SB1 Comdty|TU1 Comdty|VG1 Index|XB1 Comdty,sub250k_24,strict66
0.3834,0.2768,-0.6051,89,AD1 Curncy|BO1 Comdty|BP1 Curncy|CF1 Index|CL1 Comdty|DM1 Index|DU1 Comdty|G 1 Comdty|GC1 Comdty|GX1 Index|HO1 Comdty|JY1 Curncy|LH1 Comdty|NV1 Curncy|PA1 Comdty|PE1 Curncy|RS1 Comdty|RTY1 Index|S 1 Comdty|SB1 Comdty|SFI5 Comdty|SM1 Index|TP1 Index|UB1 Comdty,sub250k_24,strict66
0.3818,0.1301,0.5965,90,BP1 Curncy|CC1 Comdty|CT1 Comdty|EO1 Index|GC1 Comdty|GX1 Index|JY1 Curncy|KW1 Comdty|NG1 Comdty|NO1 Index|NQ1 Index|NV1 Curncy|PE1 Curncy|QC1 Comdty|RX1 Comdty|S 1 Comdty|SF1 Curncy|SI1 Comdty|TU1 Comdty|UB1 Comdty|UXY1 Comdty|VG1 Index|XB1 Comdty|Z 1 Index,sub250k_24,strict66
0.2555,0.1599,-0.1764,91,AD1 Curncy|BP1 Curncy|CD1 Curncy|CF1 Index|CL1 Comdty|DF1 Comdty|DM1 Index|DU1 Comdty|FC1 Comdty|JB1 Comdty|JY1 Curncy|KW1 Comdty|NO1 Index|NV1 Curncy|PA1 Comdty|RTY1 Index|S 1 Comdty|SFR5 Comdty|SI1 Comdty|TP1 Index|TU1 Comdty|W 1 Comdty|XB1 Comdty|Z 1 Index,sub250k_24,strict66
0.3058,0.1822,-0.3507,92,AD1 Curncy|CD1 Curncy|CF1 Index|CO1 Comdty|EC1 Curncy|EO1 Index|FC1 Comdty|GX1 Index|HG1 Comdty|JY1 Curncy|KC1 Comdty|KW1 Comdty|LC1 Comdty|NG1 Comdty|NQ1 Index|PL1 Comdty|RTY1 Index|S 1 Comdty|SF1 Curncy|SFI5 Comdty|SFR5 Comdty|TP1 Index|TY1 Comdty|UXY1 Comdty,sub250k_24,strict66
0.1870,0.0597,-0.6308,93,AD1 Curncy|BO1 Comdty|CD1 Curncy|CF1 Index|CL1 Comdty|CO1 Comdty|DF1 Comdty|DM1 Index|EC1 Curncy|GX1 Index|HG1 Comdty|JB1 Comdty|MES1 Index|NO1 Index|NV1 Curncy|OAT1 Comdty|PE1 Curncy|PL1 Comdty|QC1 Comdty|RS1 Comdty|RX1 Comdty|SB1 Comdty|UXY1 Comdty|Z 1 Index,sub250k_24,strict66
0.3296,0.2095,-0.1810,94,CD1 Curncy|DF1 Comdty|DU1 Comdty|ES1 Index|G 1 Comdty|GC1 Comdty|GX1 Index|HO1 Comdty|JB1 Comdty|JY1 Curncy|NV1 Curncy|PA1 Comdty|PE1 Curncy|QS1 Comdty|RS1 Comdty|RTY1 Index|SB1 Comdty|SF1 Curncy|SFI5 Comdty|SM1 Comdty|SM1 Index|TP1 Index|W 1 Comdty|Z 1 Index,sub250k_24,strict66
0.3363,0.1020,-0.1180,95,BO1 Comdty|BP1 Curncy|C 1 Comdty|EC1 Curncy|ES1 Index|GC1 Comdty|GX1 Index|JY1 Curncy|KC1 Comdty|KW1 Comdty|MES1 Index|NG1 Comdty|OE1 Comdty|PA1 Comdty|PE1 Curncy|RTY1 Index|RX1 Comdty|SF1 Curncy|SM1 Index|TY1 Comdty|W 1 Comdty|WN1 Comdty|XB1 Comdty|Z 1 Index,sub250k_24,strict66
0.1780,0.0060,-0.2837,96,AD1 Curncy|BP1 Curncy|C 1 Comdty|CC1 Comdty|CD1 Curncy|CF1 Index|CL1 Comdty|DM1 Index|DU1 Comdty|EO1 Index|FC1 Comdty|G 1 Comdty|GX1 Index|JY1 Curncy|LC1 Comdty|MES1 Index|OAT1 Comdty|PA1 Comdty|PL1 Comdty|SF1 Curncy|SFR5 Comdty|SM1 Index|W 1 Comdty|XB1 Comdty,sub250k_24,strict66
0.6092,0.5310,-0.0036,97,AD1 Curncy|BP1 Curncy|CO1 Comdty|DM1 Index|ES1 Index|FC1 Comdty|GC1 Comdty|HG1 Comdty|HO1 Comdty|IK1 Comdty|JY1 Curncy|LC1 Comdty|LH1 Comdty|MES1 Index|NO1 Index|NQ1 Index|NV1 Curncy|PE1 Curncy|SB1 Comdty|SFI5 Comdty|SM1 Comdty|TY1 Comdty|VG1 Index|WN1 Comdty,sub250k_24,strict66
0.2683,0.1223,-0.6005,98,AD1 Curncy|BP1 Curncy|CC1 Comdty|CF1 Index|CO1 Comdty|DF1 Comdty|DU1 Comdty|EO1 Index|IK1 Comdty|JY1 Curncy|LC1 Comdty|NQ1 Index|NV1 Curncy|PA1 Comdty|PE1 Curncy|PL1 Comdty|QW1 Comdty|RTY1 Index|SFR5 Comdty|SM1 Comdty|SM1 Index|UB1 Comdty|XB1 Comdty|Z 1 Index,sub250k_24,strict66
0.4617,0.2294,0.1734,99,BP1 Curncy|CD1 Curncy|CL1 Comdty|CT1 Comdty|DM1 Index|EO1 Index|ES1 Index|GC1 Comdty|IK1 Comdty|JY1 Curncy|KC1 Comdty|KW1 Comdty|LC1 Comdty|NG1 Comdty|NQ1 Index|NV1 Curncy|OE1 Comdty|PA1 Comdty|QC1 Comdty|SF1 Curncy|SM1 Index|UB1 Comdty|US1 Comdty|Z 1 Index,sub250k_24,strict66
0.1994,-0.0306,-0.4679,100,AD1 Curncy|BO1 Comdty|C 1 Comdty|CD1 Curncy|CL1 Comdty|DM1 Index|EO1 Index|FC1 Comdty|G 1 Comdty|GX1 Index|HG1 Comdty|JY1 Curncy|MES1 Index|NQ1 Index|NV1 Curncy|OE1 Comdty|QS1 Comdty|QW1 Comdty|SF1 Curncy|SFR5 Comdty|SI1 Comdty|SM1 Comdty|US1 Comdty|Z 1 Index,sub250k_24,strict66
0.3215,0.0867,-0.2001,101,AD1 Curncy|CC1 Comdty|CD1 Curncy|CO1 Comdty|EC1 Curncy|EO1 Index|GX1 Index|HO1 Comdty|JB1 Comdty|JY1 Curncy|KW1 Comdty|LH1 Comdty|NO1 Index|NQ1 Index|PL1 Comdty|RX1 Comdty|S 1 Comdty|SB1 Comdty|SF1 Curncy|SFI5 Comdty|SI1 Comdty|UB1 Comdty|VG1 Index|Z 1 Index,sub250k_24,strict66
0.3027,0.1027,-0.3543,102,AD1 Curncy|BO1 Comdty|C 1 Comdty|CD1 Curncy|CF1 Index|CO1 Comdty|DM1 Index|EC1 Curncy|G 1 Comdty|GX1 Index|JY1 Curncy|NG1 Comdty|NO1 Index|NQ1 Index|NV1 Curncy|PL1 Comdty|QC1 Comdty|RS1 Comdty|RTY1 Index|SB1 Comdty|SI1 Comdty|TU1 Comdty|TY1 Comdty|UXY1 Comdty,sub250k_24,strict66
0.4351,0.0759,0.0828,103,BP1 Curncy|CD1 Curncy|CF1 Index|DF1 Comdty|DU1 Comdty|ES1 Index|FC1 Comdty|GC1 Comdty|HO1 Comdty|JY1 Curncy|KW1 Comdty|NG1 Comdty|NO1 Index|NQ1 Index|OAT1 Comdty|OE1 Comdty|PE1 Curncy|QW1 Comdty|RS1 Comdty|RTY1 Index|RX1 Comdty|SF1 Curncy|SI1 Comdty|VG1 Index,sub250k_24,strict66
0.2593,0.0417,0.1918,104,C 1 Comdty|CC1 Comdty|CD1 Curncy|DU1 Comdty|ER4 Comdty|ES1 Index|FC1 Comdty|GC1 Comdty|GX1 Index|HO1 Comdty|JY1 Curncy|NV1 Curncy|OAT1 Comdty|OE1 Comdty|PE1 Curncy|PL1 Comdty|QW1 Comdty|RS1 Comdty|RTY1 Index|SF1 Curncy|SM1 Index|VG1 Index|XB1 Comdty|Z 1 Index,sub250k_24,strict66
0.1185,0.0259,-0.5870,105,AD1 Curncy|BP1 Curncy|CC1 Comdty|CD1 Curncy|CL1 Comdty|CO1 Comdty|EO1 Index|GX1 Index|HG1 Comdty|JY1 Curncy|KC1 Comdty|KW1 Comdty|LC1 Comdty|MES1 Index|NV1 Curncy|PL1 Comdty|RTY1 Index|RX1 Comdty|SFI5 Comdty|SM1 Comdty|SM1 Index|TU1 Comdty|US1 Comdty|Z 1 Index,sub250k_24,strict66
0.4660,0.2770,0.6306,106,AD1 Curncy|CC1 Comdty|CL1 Comdty|CO1 Comdty|CT1 Comdty|DF1 Comdty|DU1 Comdty|EC1 Curncy|ES1 Index|FC1 Comdty|GC1 Comdty|GX1 Index|JB1 Comdty|JY1 Curncy|KC1 Comdty|NQ1 Index|NV1 Curncy|SF1 Curncy|SFI5 Comdty|SI1 Comdty|SM1 Index|TP1 Index|TU1 Comdty|Z 1 Index,sub250k_24,strict66
0.4038,0.3682,-0.0923,107,BP1 Curncy|CT1 Comdty|DM1 Index|EC1 Curncy|EO1 Index|ER4 Comdty|GC1 Comdty|HO1 Comdty|JY1 Curncy|KC1 Comdty|NQ1 Index|NV1 Curncy|OE1 Comdty|PA1 Comdty|PE1 Curncy|QW1 Comdty|RS1 Comdty|SM1 Comdty|TP1 Index|TU1 Comdty|TY1 Comdty|VG1 Index|XB1 Comdty|Z 1 Index,sub250k_24,strict66
0.3324,0.2418,-0.4452,108,AD1 Curncy|CD1 Curncy|CL1 Comdty|DF1 Comdty|ES1 Index|GX1 Index|IK1 Comdty|JY1 Curncy|KC1 Comdty|LC1 Comdty|MES1 Index|NQ1 Index|NV1 Curncy|OAT1 Comdty|PA1 Comdty|PE1 Curncy|PL1 Comdty|RS1 Comdty|SFR5 Comdty|SM1 Index|TU1 Comdty|W 1 Comdty|XB1 Comdty|Z 1 Index,sub250k_24,strict66
0.2142,0.0669,-0.6549,109,BP1 Curncy|C 1 Comdty|CD1 Curncy|CF1 Index|CL1 Comdty|DF1 Comdty|DM1 Index|EC1 Curncy|ES1 Index|HG1 Comdty|IK1 Comdty|LC1 Comdty|OAT1 Comdty|OE1 Comdty|PE1 Curncy|PL1 Comdty|QS1 Comdty|RS1 Comdty|S 1 Comdty|SF1 Curncy|SM1 Index|TP1 Index|TU1 Comdty|VG1 Index,sub250k_24,strict66
0.1817,0.0356,-0.3462,110,AD1 Curncy|BO1 Comdty|BP1 Curncy|CF1 Index|EO1 Index|FC1 Comdty|FV1 Comdty|GX1 Index|HG1 Comdty|HO1 Comdty|JY1 Curncy|LC1 Comdty|LH1 Comdty|PE1 Curncy|PL1 Comdty|RTY1 Index|SB1 Comdty|SF1 Curncy|SFR5 Comdty|SM1 Index|UB1 Comdty|WN1 Comdty|XB1 Comdty|Z 1 Index,sub250k_24,strict66
0.3215,0.3262,0.0296,111,AD1 Curncy|BO1 Comdty|BP1 Curncy|C 1 Comdty|CC1 Comdty|CD1 Curncy|CF1 Index|DU1 Comdty|ER4 Comdty|GC1 Comdty|GX1 Index|HO1 Comdty|JY1 Curncy|NO1 Index|NQ1 Index|PA1 Comdty|QS1 Comdty|QW1 Comdty|RTY1 Index|S 1 Comdty|SF1 Curncy|TU1 Comdty|US1 Comdty|Z 1 Index,sub250k_24,strict66
0.2169,0.1685,0.0534,112,BP1 Curncy|CC1 Comdty|CD1 Curncy|CF1 Index|CT1 Comdty|EO1 Index|ES1 Index|FV1 Comdty|G 1 Comdty|GX1 Index|HO1 Comdty|JB1 Comdty|KC1 Comdty|KW1 Comdty|MES1 Index|NV1 Curncy|PA1 Comdty|PE1 Curncy|QC1 Comdty|QS1 Comdty|SF1 Curncy|SI1 Comdty|TY1 Comdty|Z 1 Index,sub250k_24,strict66
0.6045,0.5351,0.5730,113,AD1 Curncy|CC1 Comdty|CD1 Curncy|CT1 Comdty|DF1 Comdty|EC1 Curncy|ER4 Comdty|FC1 Comdty|GC1 Comdty|GX1 Index|HO1 Comdty|IK1 Comdty|JY1 Curncy|LC1 Comdty|NG1 Comdty|NO1 Index|NQ1 Index|NV1 Curncy|PA1 Comdty|SM1 Index|TP1 Index|US1 Comdty|VG1 Index|WN1 Comdty,sub250k_24,strict66
0.3533,0.1778,-0.7051,114,AD1 Curncy|BP1 Curncy|CL1 Comdty|DF1 Comdty|DM1 Index|EO1 Index|ES1 Index|GX1 Index|HG1 Comdty|JB1 Comdty|JY1 Curncy|KW1 Comdty|LH1 Comdty|NG1 Comdty|NV1 Curncy|OAT1 Comdty|PA1 Comdty|QW1 Comdty|RS1 Comdty|RTY1 Index|RX1 Comdty|SF1 Curncy|TP1 Index|UXY1 Comdty,sub250k_24,strict66
0.1005,-0.0558,-0.7546,115,AD1 Curncy|BO1 Comdty|BP1 Curncy|C 1 Comdty|CC1 Comdty|CD1 Curncy|CF1 Index|CO1 Comdty|EC1 Curncy|G 1 Comdty|GX1 Index|HG1 Comdty|NG1 Comdty|NQ1 Index|OE1 Comdty|PL1 Comdty|QW1 Comdty|RTY1 Index|S 1 Comdty|SF1 Curncy|SM1 Index|TP1 Index|TY1 Comdty|UXY1 Comdty,sub250k_24,strict66
0.4962,0.3594,-0.1613,116,AD1 Curncy|BO1 Comdty|BP1 Curncy|CF1 Index|CL1 Comdty|CO1 Comdty|DM1 Index|FC1 Comdty|FV1 Comdty|GC1 Comdty|HG1 Comdty|JY1 Curncy|LC1 Comdty|LH1 Comdty|NQ1 Index|NV1 Curncy|OAT1 Comdty|PE1 Curncy|RTY1 Index|SB1 Comdty|SM1 Index|UXY1 Comdty|VG1 Index|WN1 Comdty,sub250k_24,strict66
0.4820,0.3228,-0.1080,117,AD1 Curncy|CD1 Curncy|EC1 Curncy|EO1 Index|ER4 Comdty|ES1 Index|FC1 Comdty|HO1 Comdty|IK1 Comdty|KC1 Comdty|LH1 Comdty|MES1 Index|NQ1 Index|NV1 Curncy|OE1 Comdty|PA1 Comdty|PE1 Curncy|QC1 Comdty|RS1 Comdty|SI1 Comdty|SM1 Index|TP1 Index|TU1 Comdty|XB1 Comdty,sub250k_24,strict66
0.2125,0.0952,-0.0841,118,AD1 Curncy|BP1 Curncy|C 1 Comdty|CC1 Comdty|CD1 Curncy|CF1 Index|CL1 Comdty|DM1 Index|ES1 Index|HG1 Comdty|HO1 Comdty|KC1 Comdty|MES1 Index|NO1 Index|NV1 Curncy|OAT1 Comdty|QC1 Comdty|S 1 Comdty|SF1 Curncy|SI1 Comdty|TY1 Comdty|UB1 Comdty|UXY1 Comdty|VG1 Index,sub250k_24,strict66
0.2689,0.0150,-0.1482,119,AD1 Curncy|CC1 Comdty|CF1 Index|CT1 Comdty|DM1 Index|EC1 Curncy|EO1 Index|ER4 Comdty|FV1 Comdty|HG1 Comdty|KC1 Comdty|NG1 Comdty|NO1 Index|NV1 Curncy|OAT1 Comdty|PE1 Curncy|QC1 Comdty|QS1 Comdty|RTY1 Index|RX1 Comdty|SF1 Curncy|SI1 Comdty|W 1 Comdty|Z 1 Index,sub250k_24,strict66
0.4332,0.4481,0.4207,120,AD1 Curncy|CD1 Curncy|CL1 Comdty|DF1 Comdty|DM1 Index|EO1 Index|GC1 Comdty|GX1 Index|JB1 Comdty|JY1 Curncy|KW1 Comdty|LH1 Comdty|NO1 Index|NV1 Curncy|PA1 Comdty|QC1 Comdty|QS1 Comdty|SF1 Curncy|SM1 Comdty|SM1 Index|TP1 Index|TY1 Comdty|UXY1 Comdty|WN1 Comdty,sub250k_24,strict66
0.5525,0.3932,0.3206,121,AD1 Curncy|CC1 Comdty|CO1 Comdty|DF1 Comdty|DM1 Index|EO1 Index|ER4 Comdty|ES1 Index|G 1 Comdty|GC1 Comdty|JY1 Curncy|LC1 Comdty|NO1 Index|NQ1 Index|NV1 Curncy|PA1 Comdty|PE1 Curncy|SB1 Comdty|SF1 Curncy|TP1 Index|UB1 Comdty|UXY1 Comdty|W 1 Comdty|XB1 Comdty,sub250k_24,strict66
0.4066,0.2172,-0.0296,122,AD1 Curncy|BP1 Curncy|CD1 Curncy|CF1 Index|CT1 Comdty|DM1 Index|EC1 Curncy|ES1 Index|G 1 Comdty|GC1 Comdty|GX1 Index|KC1 Comdty|PE1 Curncy|QS1 Comdty|QW1 Comdty|RS1 Comdty|RTY1 Index|RX1 Comdty|S 1 Comdty|SI1 Comdty|TP1 Index|TY1 Comdty|US1 Comdty|XB1 Comdty,sub250k_24,strict66
0.3464,0.1996,-0.0236,123,BP1 Curncy|CD1 Curncy|CF1 Index|DF1 Comdty|DM1 Index|EC1 Curncy|ER4 Comdty|ES1 Index|FV1 Comdty|GX1 Index|HG1 Comdty|HO1 Comdty|JB1 Comdty|JY1 Curncy|LC1 Comdty|MES1 Index|QC1 Comdty|QS1 Comdty|RS1 Comdty|RX1 Comdty|SF1 Curncy|SI1 Comdty|W 1 Comdty|Z 1 Index,sub250k_24,strict66
0.3420,0.1436,-0.1898,124,BP1 Curncy|C 1 Comdty|CL1 Comdty|DM1 Index|EC1 Curncy|EO1 Index|G 1 Comdty|GC1 Comdty|HG1 Comdty|IK1 Comdty|KC1 Comdty|MES1 Index|NG1 Comdty|NQ1 Index|NV1 Curncy|OAT1 Comdty|PE1 Curncy|QC1 Comdty|RTY1 Index|S 1 Comdty|SF1 Curncy|SM1 Index|TY1 Comdty|W 1 Comdty,sub250k_24,strict66
0.3455,0.1964,0.2269,125,CC1 Comdty|CD1 Curncy|CF1 Index|DU1 Comdty|EC1 Curncy|FC1 Comdty|G 1 Comdty|GX1 Index|JB1 Comdty|JY1 Curncy|LC1 Comdty|MES1 Index|NG1 Comdty|NO1 Index|NQ1 Index|PA1 Comdty|PE1 Curncy|PL1 Comdty|QC1 Comdty|QS1 Comdty|RS1 Comdty|SF1 Curncy|UXY1 Comdty|VG1 Index,sub250k_24,strict66
0.2856,0.1274,-0.5501,126,AD1 Curncy|CC1 Comdty|CD1 Curncy|CF1 Index|CL1 Comdty|CO1 Comdty|EC1 Curncy|G 1 Comdty|GX1 Index|LH1 Comdty|NO1 Index|NQ1 Index|NV1 Curncy|PA1 Comdty|PE1 Curncy|RX1 Comdty|SB1 Comdty|SI1 Comdty|SM1 Comdty|SM1 Index|US1 Comdty|VG1 Index|W 1 Comdty|WN1 Comdty,sub250k_24,strict66
0.2453,0.0641,0.0664,127,AD1 Curncy|BP1 Curncy|CF1 Index|ES1 Index|FC1 Comdty|G 1 Comdty|GC1 Comdty|HG1 Comdty|HO1 Comdty|JB1 Comdty|KC1 Comdty|LC1 Comdty|NG1 Comdty|NV1 Curncy|PE1 Curncy|RTY1 Index|S 1 Comdty|SF1 Curncy|SM1 Index|TP1 Index|TU1 Comdty|VG1 Index|W 1 Comdty|WN1 Comdty,sub250k_24,strict66
0.3818,0.2881,0.0965,128,BO1 Comdty|BP1 Curncy|CD1 Curncy|CF1 Index|CT1 Comdty|FC1 Comdty|FV1 Comdty|GC1 Comdty|HG1 Comdty|JY1 Curncy|NG1 Comdty|NV1 Curncy|PE1 Curncy|RS1 Comdty|RTY1 Index|SB1 Comdty|SFR5 Comdty|SM1 Index|TP1 Index|UXY1 Comdty|VG1 Index|WN1 Comdty|XB1 Comdty|Z 1 Index,sub250k_24,strict66
0.0195,-0.0647,-0.5809,129,AD1 Curncy|BP1 Curncy|C 1 Comdty|CD1 Curncy|CF1 Index|CO1 Comdty|DU1 Comdty|GX1 Index|HG1 Comdty|HO1 Comdty|JB1 Comdty|NO1 Index|PE1 Curncy|PL1 Comdty|QW1 Comdty|RS1 Comdty|SF1 Curncy|SM1 Comdty|SM1 Index|TP1 Index|TY1 Comdty|W 1 Comdty|WN1 Comdty|Z 1 Index,sub250k_24,strict66
0.3614,0.2921,0.0770,130,AD1 Curncy|BO1 Comdty|BP1 Curncy|CL1 Comdty|CO1 Comdty|CT1 Comdty|ER4 Comdty|ES1 Index|FV1 Comdty|GC1 Comdty|HG1 Comdty|JB1 Comdty|JY1 Curncy|LC1 Comdty|MES1 Index|NO1 Index|NV1 Curncy|S 1 Comdty|SF1 Curncy|SM1 Comdty|SM1 Index|TP1 Index|WN1 Comdty|Z 1 Index,sub250k_24,strict66
0.5477,0.4308,0.4305,131,CC1 Comdty|CD1 Curncy|CL1 Comdty|EC1 Curncy|ER4 Comdty|ES1 Index|FC1 Comdty|GC1 Comdty|GX1 Index|HO1 Comdty|JY1 Curncy|KC1 Comdty|MES1 Index|NO1 Index|NQ1 Index|NV1 Curncy|PE1 Curncy|S 1 Comdty|SFI5 Comdty|SI1 Comdty|SM1 Comdty|TP1 Index|TY1 Comdty|WN1 Comdty,sub250k_24,strict66
0.1861,0.1349,-1.1170,132,AD1 Curncy|BP1 Curncy|C 1 Comdty|CD1 Curncy|CF1 Index|CL1 Comdty|DM1 Index|EC1 Curncy|EO1 Index|FV1 Comdty|HG1 Comdty|HO1 Comdty|IK1 Comdty|OAT1 Comdty|PA1 Comdty|PE1 Curncy|QW1 Comdty|RS1 Comdty|RX1 Comdty|S 1 Comdty|SM1 Comdty|TP1 Index|VG1 Index|Z 1 Index,sub250k_24,strict66
0.4952,0.4542,0.0786,133,AD1 Curncy|BP1 Curncy|CD1 Curncy|CO1 Comdty|EO1 Index|GC1 Comdty|GX1 Index|JY1 Curncy|KW1 Comdty|MES1 Index|NG1 Comdty|NO1 Index|PA1 Comdty|PE1 Curncy|QC1 Comdty|RX1 Comdty|S 1 Comdty|SB1 Comdty|SFI5 Comdty|SM1 Comdty|TP1 Index|TU1 Comdty|TY1 Comdty|VG1 Index,sub250k_24,strict66
0.4018,0.2008,0.0488,134,AD1 Curncy|BP1 Curncy|CD1 Curncy|CL1 Comdty|DM1 Index|DU1 Comdty|EC1 Curncy|EO1 Index|ES1 Index|FC1 Comdty|GC1 Comdty|GX1 Index|HO1 Comdty|LC1 Comdty|NO1 Index|OAT1 Comdty|PL1 Comdty|QC1 Comdty|RTY1 Index|S 1 Comdty|SB1 Comdty|SF1 Curncy|SFI5 Comdty|UB1 Comdty,sub250k_24,strict66
0.3456,0.4050,-0.4032,135,AD1 Curncy|BP1 Curncy|C 1 Comdty|CT1 Comdty|DM1 Index|EC1 Curncy|ER4 Comdty|HG1 Comdty|HO1 Comdty|KW1 Comdty|LC1 Comdty|MES1 Index|NQ1 Index|NV1 Curncy|PA1 Comdty|PE1 Curncy|QS1 Comdty|RTY1 Index|SFR5 Comdty|SM1 Comdty|TP1 Index|TY1 Comdty|WN1 Comdty|Z 1 Index,sub250k_24,strict66
0.1451,-0.0444,-0.6066,136,AD1 Curncy|BO1 Comdty|BP1 Curncy|DF1 Comdty|EC1 Curncy|GX1 Index|HO1 Comdty|KC1 Comdty|MES1 Index|NV1 Curncy|OAT1 Comdty|PE1 Curncy|PL1 Comdty|RTY1 Index|RX1 Comdty|SB1 Comdty|SFR5 Comdty|SI1 Comdty|SM1 Comdty|TP1 Index|TU1 Comdty|VG1 Index|XB1 Comdty|Z 1 Index,sub250k_24,strict66
0.3719,0.3139,-0.7360,137,AD1 Curncy|CD1 Curncy|CF1 Index|CO1 Comdty|DM1 Index|EC1 Curncy|EO1 Index|HG1 Comdty|KC1 Comdty|KW1 Comdty|MES1 Index|NO1 Index|NQ1 Index|OAT1 Comdty|PA1 Comdty|PE1 Curncy|QS1 Comdty|RS1 Comdty|SF1 Curncy|SFI5 Comdty|SFR5 Comdty|SM1 Comdty|TU1 Comdty|W 1 Comdty,sub250k_24,strict66
0.3657,0.2252,0.1437,138,BP1 Curncy|CC1 Comdty|CD1 Curncy|CF1 Index|CL1 Comdty|DU1 Comdty|EC1 Curncy|EO1 Index|ER4 Comdty|GC1 Comdty|HG1 Comdty|JB1 Comdty|JY1 Curncy|KC1 Comdty|LC1 Comdty|NQ1 Index|OAT1 Comdty|PE1 Curncy|SB1 Comdty|SM1 Comdty|SM1 Index|TP1 Index|XB1 Comdty|Z 1 Index,sub250k_24,strict66
0.0930,-0.0294,-0.3256,139,AD1 Curncy|BP1 Curncy|C 1 Comdty|CC1 Comdty|CD1 Curncy|CF1 Index|DU1 Comdty|EO1 Index|ES1 Index|HG1 Comdty|HO1 Comdty|IK1 Comdty|KC1 Comdty|LC1 Comdty|NG1 Comdty|NO1 Index|NQ1 Index|PE1 Curncy|PL1 Comdty|SB1 Comdty|SF1 Curncy|TU1 Comdty|US1 Comdty|VG1 Index,sub250k_24,strict66
0.2324,0.1151,-0.0387,140,AD1 Curncy|BO1 Comdty|CC1 Comdty|CD1 Curncy|CL1 Comdty|CT1 Comdty|EC1 Curncy|EO1 Index|ES1 Index|GC1 Comdty|JB1 Comdty|NO1 Index|NV1 Curncy|PL1 Comdty|QW1 Comdty|RS1 Comdty|SF1 Curncy|SFI5 Comdty|TP1 Index|UB1 Comdty|VG1 Index|WN1 Comdty|XB1 Comdty|Z 1 Index,sub250k_24,strict66
0.2379,0.1322,-0.1961,141,AD1 Curncy|BO1 Comdty|C 1 Comdty|CF1 Index|CL1 Comdty|DU1 Comdty|EO1 Index|ES1 Index|FC1 Comdty|G 1 Comdty|GC1 Comdty|HG1 Comdty|HO1 Comdty|JY1 Curncy|NV1 Curncy|PE1 Curncy|QW1 Comdty|RTY1 Index|S 1 Comdty|SF1 Curncy|SFI5 Comdty|TP1 Index|UXY1 Comdty|Z 1 Index,sub250k_24,strict66
0.2963,0.0777,-0.2594,142,BP1 Curncy|CC1 Comdty|CT1 Comdty|EC1 Curncy|EO1 Index|ES1 Index|G 1 Comdty|GX1 Index|HG1 Comdty|KC1 Comdty|LC1 Comdty|NG1 Comdty|NV1 Curncy|PE1 Curncy|QS1 Comdty|RS1 Comdty|RTY1 Index|SF1 Curncy|SFI5 Comdty|SI1 Comdty|TP1 Index|TY1 Comdty|UB1 Comdty|Z 1 Index,sub250k_24,strict66
0.0169,-0.0578,-0.6067,143,AD1 Curncy|BO1 Comdty|BP1 Curncy|C 1 Comdty|CL1 Comdty|FV1 Comdty|GX1 Index|HG1 Comdty|HO1 Comdty|JY1 Curncy|KW1 Comdty|LH1 Comdty|MES1 Index|NO1 Index|NV1 Curncy|OE1 Comdty|PL1 Comdty|RTY1 Index|SB1 Comdty|SF1 Curncy|TU1 Comdty|US1 Comdty|VG1 Index|Z 1 Index,sub250k_24,strict66
0.4301,0.2690,-0.1744,144,CC1 Comdty|CD1 Curncy|CF1 Index|CO1 Comdty|CT1 Comdty|DM1 Index|EC1 Curncy|ES1 Index|IK1 Comdty|JB1 Comdty|KC1 Comdty|LC1 Comdty|NO1 Index|NQ1 Index|NV1 Curncy|OAT1 Comdty|PA1 Comdty|PE1 Curncy|QS1 Comdty|S 1 Comdty|SF1 Curncy|SI1 Comdty|VG1 Index|WN1 Comdty,sub250k_24,strict66
0.3115,0.0408,-0.3961,145,AD1 Curncy|BO1 Comdty|CF1 Index|CT1 Comdty|EC1 Curncy|ES1 Index|GX1 Index|JB1 Comdty|JY1 Curncy|LH1 Comdty|NO1 Index|NQ1 Index|NV1 Curncy|OAT1 Comdty|PL1 Comdty|QS1 Comdty|QW1 Comdty|SF1 Curncy|SI1 Comdty|SM1 Comdty|UB1 Comdty|UXY1 Comdty|VG1 Index|XB1 Comdty,sub250k_24,strict66
0.5251,0.3957,0.3095,146,BP1 Curncy|CL1 Comdty|DF1 Comdty|DM1 Index|ER4 Comdty|GC1 Comdty|IK1 Comdty|JY1 Curncy|KC1 Comdty|LC1 Comdty|MES1 Index|NO1 Index|NV1 Curncy|PA1 Comdty|PE1 Curncy|QC1 Comdty|RS1 Comdty|SF1 Curncy|TP1 Index|UB1 Comdty|UXY1 Comdty|VG1 Index|XB1 Comdty|Z 1 Index,sub250k_24,strict66
0.2264,-0.0078,-0.5465,147,AD1 Curncy|BO1 Comdty|CD1 Curncy|CF1 Index|DM1 Index|DU1 Comdty|EC1 Curncy|FC1 Comdty|G 1 Comdty|HG1 Comdty|HO1 Comdty|LC1 Comdty|MES1 Index|NO1 Index|NV1 Curncy|OAT1 Comdty|QS1 Comdty|RS1 Comdty|SB1 Comdty|SF1 Curncy|SFR5 Comdty|SI1 Comdty|VG1 Index|Z 1 Index,sub250k_24,strict66
0.1585,-0.0572,-0.3367,148,AD1 Curncy|BO1 Comdty|BP1 Curncy|CD1 Curncy|CL1 Comdty|CT1 Comdty|DF1 Comdty|DM1 Index|ES1 Index|G 1 Comdty|LC1 Comdty|NQ1 Index|NV1 Curncy|PL1 Comdty|SF1 Curncy|SI1 Comdty|SM1 Index|TP1 Index|UB1 Comdty|UXY1 Comdty|VG1 Index|W 1 Comdty|WN1 Comdty|XB1 Comdty,sub250k_24,strict66
0.3025,0.2132,-0.2220,149,AD1 Curncy|BP1 Curncy|C 1 Comdty|CD1 Curncy|CF1 Index|CL1 Comdty|EC1 Curncy|EO1 Index|ES1 Index|GC1 Comdty|JB1 Comdty|KC1 Comdty|LH1 Comdty|NG1 Comdty|PA1 Comdty|RTY1 Index|SF1 Curncy|SFI5 Comdty|SM1 Comdty|TY1 Comdty|VG1 Index|W 1 Comdty|WN1 Comdty|Z 1 Index,sub250k_24,strict66
0.3737,0.0663,-0.0960,150,AD1 Curncy|BP1 Curncy|C 1 Comdty|CC1 Comdty|CF1 Index|CL1 Comdty|CO1 Comdty|CT1 Comdty|DM1 Index|EO1 Index|ES1 Index|IK1 Comdty|JY1 Curncy|KC1 Comdty|KW1 Comdty|MES1 Index|NO1 Index|OE1 Comdty|PE1 Curncy|PL1 Comdty|RX1 Comdty|SF1 Curncy|SFR5 Comdty|SI1 Comdty,sub250k_24,strict66
0.3766,0.1621,-0.1602,151,AD1 Curncy|CF1 Index|CO1 Comdty|CT1 Comdty|DF1 Comdty|EC1 Curncy|ER4 Comdty|ES1 Index|FV1 Comdty|IK1 Comdty|JY1 Curncy|LC1 Comdty|MES1 Index|NG1 Comdty|NO1 Index|NQ1 Index|PE1 Curncy|PL1 Comdty|S 1 Comdty|SF1 Curncy|SI1 Comdty|TU1 Comdty|VG1 Index|W 1 Comdty,sub250k_24,strict66
0.3025,0.2912,0.2928,152,AD1 Curncy|BP1 Curncy|C 1 Comdty|CD1 Curncy|CF1 Index|CL1 Comdty|CT1 Comdty|DM1 Index|DU1 Comdty|EC1 Curncy|EO1 Index|G 1 Comdty|GC1 Comdty|HG1 Comdty|LC1 Comdty|LH1 Comdty|NQ1 Index|PE1 Curncy|QC1 Comdty|TP1 Index|TY1 Comdty|UXY1 Comdty|XB1 Comdty|Z 1 Index,sub250k_24,strict66
0.2339,0.0546,-0.6488,153,BP1 Curncy|CD1 Curncy|CF1 Index|DF1 Comdty|DM1 Index|EC1 Curncy|ER4 Comdty|ES1 Index|IK1 Comdty|KW1 Comdty|LC1 Comdty|MES1 Index|NV1 Curncy|PL1 Comdty|QS1 Comdty|QW1 Comdty|SF1 Curncy|SFI5 Comdty|SFR5 Comdty|SI1 Comdty|TP1 Index|W 1 Comdty|XB1 Comdty|Z 1 Index,sub250k_24,strict66
0.3119,0.1116,0.1307,154,AD1 Curncy|BO1 Comdty|BP1 Curncy|C 1 Comdty|CD1 Curncy|CF1 Index|CL1 Comdty|DF1 Comdty|DM1 Index|EC1 Curncy|EO1 Index|FC1 Comdty|GC1 Comdty|JB1 Comdty|MES1 Index|NG1 Comdty|OE1 Comdty|PE1 Curncy|S 1 Comdty|SI1 Comdty|TP1 Index|TY1 Comdty|WN1 Comdty|Z 1 Index,sub250k_24,strict66
0.3320,0.1985,-0.5853,155,BP1 Curncy|C 1 Comdty|CC1 Comdty|CD1 Curncy|CF1 Index|CO1 Comdty|DF1 Comdty|ES1 Index|GX1 Index|HG1 Comdty|IK1 Comdty|JB1 Comdty|JY1 Curncy|NG1 Comdty|NO1 Index|NV1 Curncy|OAT1 Comdty|PE1 Curncy|PL1 Comdty|QW1 Comdty|RTY1 Index|SB1 Comdty|SFI5 Comdty|TP1 Index,sub250k_24,strict66
0.1158,0.1463,-0.6707,156,BP1 Curncy|C 1 Comdty|CD1 Curncy|CL1 Comdty|CT1 Comdty|DM1 Index|DU1 Comdty|GX1 Index|HG1 Comdty|HO1 Comdty|JY1 Curncy|MES1 Index|NO1 Index|NQ1 Index|NV1 Curncy|PE1 Curncy|PL1 Comdty|QW1 Comdty|S 1 Comdty|SB1 Comdty|SFI5 Comdty|TU1 Comdty|US1 Comdty|VG1 Index,sub250k_24,strict66
0.4657,0.4129,0.5580,157,BP1 Curncy|CC1 Comdty|CD1 Curncy|CL1 Comdty|DF1 Comdty|EC1 Curncy|ER4 Comdty|ES1 Index|FV1 Comdty|GC1 Comdty|GX1 Index|JB1 Comdty|KW1 Comdty|LH1 Comdty|NO1 Index|NV1 Curncy|PE1 Curncy|QS1 Comdty|RTY1 Index|SI1 Comdty|SM1 Index|TP1 Index|TY1 Comdty|W 1 Comdty,sub250k_24,strict66
0.2366,-0.0433,0.0329,158,AD1 Curncy|CD1 Curncy|CT1 Comdty|DF1 Comdty|DM1 Index|DU1 Comdty|JY1 Curncy|KC1 Comdty|NO1 Index|NQ1 Index|NV1 Curncy|OE1 Comdty|PL1 Comdty|QC1 Comdty|QS1 Comdty|RX1 Comdty|SB1 Comdty|SF1 Curncy|SI1 Comdty|TP1 Index|US1 Comdty|VG1 Index|XB1 Comdty|Z 1 Index,sub250k_24,strict66
0.3657,0.1295,-0.0970,159,AD1 Curncy|BP1 Curncy|CD1 Curncy|CF1 Index|CL1 Comdty|CT1 Comdty|EC1 Curncy|EO1 Index|ER4 Comdty|GC1 Comdty|GX1 Index|IK1 Comdty|LC1 Comdty|OE1 Comdty|QS1 Comdty|QW1 Comdty|RS1 Comdty|RTY1 Index|SF1 Curncy|SI1 Comdty|SM1 Index|TP1 Index|TY1 Comdty|W 1 Comdty,sub250k_24,strict66
0.2951,0.2686,-0.2997,160,BO1 Comdty|CC1 Comdty|CD1 Curncy|DM1 Index|EC1 Curncy|FV1 Comdty|GX1 Index|HG1 Comdty|HO1 Comdty|JB1 Comdty|LH1 Comdty|NQ1 Index|NV1 Curncy|OAT1 Comdty|PA1 Comdty|PE1 Curncy|QC1 Comdty|RTY1 Index|SB1 Comdty|SF1 Curncy|SM1 Index|TP1 Index|US1 Comdty|XB1 Comdty,sub250k_24,strict66
0.4371,0.1747,-0.2200,161,BP1 Curncy|C 1 Comdty|CD1 Curncy|CF1 Index|CL1 Comdty|CO1 Comdty|EC1 Curncy|ES1 Index|FC1 Comdty|G 1 Comdty|GC1 Comdty|IK1 Comdty|KW1 Comdty|MES1 Index|NQ1 Index|OAT1 Comdty|PE1 Curncy|PL1 Comdty|QC1 Comdty|SB1 Comdty|SF1 Curncy|SFI5 Comdty|SM1 Index|Z 1 Index,sub250k_24,strict66
0.2540,0.0888,0.1255,162,AD1 Curncy|CC1 Comdty|CF1 Index|CO1 Comdty|CT1 Comdty|DF1 Comdty|DM1 Index|DU1 Comdty|GX1 Index|JB1 Comdty|JY1 Curncy|NV1 Curncy|OE1 Comdty|PA1 Comdty|PE1 Curncy|QC1 Comdty|SF1 Curncy|SFR5 Comdty|SI1 Comdty|TP1 Index|VG1 Index|W 1 Comdty|XB1 Comdty|Z 1 Index,sub250k_24,strict66
0.4580,0.2328,0.2203,163,AD1 Curncy|BP1 Curncy|C 1 Comdty|CT1 Comdty|DM1 Index|EO1 Index|ES1 Index|FC1 Comdty|GX1 Index|HG1 Comdty|HO1 Comdty|IK1 Comdty|JY1 Curncy|KC1 Comdty|MES1 Index|OAT1 Comdty|PE1 Curncy|QC1 Comdty|QS1 Comdty|SF1 Curncy|SI1 Comdty|SM1 Index|TU1 Comdty|WN1 Comdty,sub250k_24,strict66
0.1240,-0.0156,-0.7736,164,AD1 Curncy|BP1 Curncy|C 1 Comdty|CD1 Curncy|CL1 Comdty|CT1 Comdty|EO1 Index|ES1 Index|FC1 Comdty|GX1 Index|HG1 Comdty|NQ1 Index|NV1 Curncy|OE1 Comdty|PA1 Comdty|SF1 Curncy|SFI5 Comdty|SM1 Comdty|TU1 Comdty|UB1 Comdty|VG1 Index|W 1 Comdty|XB1 Comdty|Z 1 Index,sub250k_24,strict66
0.3353,0.1696,-0.5056,165,C 1 Comdty|CF1 Index|CL1 Comdty|EC1 Curncy|ES1 Index|GX1 Index|JB1 Comdty|JY1 Curncy|LH1 Comdty|NQ1 Index|NV1 Curncy|OAT1 Comdty|OE1 Comdty|PA1 Comdty|PE1 Curncy|PL1 Comdty|QS1 Comdty|RS1 Comdty|S 1 Comdty|SF1 Curncy|TP1 Index|VG1 Index|W 1 Comdty|WN1 Comdty,sub250k_24,strict66
0.3072,0.2243,-0.3964,166,AD1 Curncy|BP1 Curncy|CD1 Curncy|CT1 Comdty|DM1 Index|EO1 Index|ER4 Comdty|ES1 Index|G 1 Comdty|HO1 Comdty|JY1 Curncy|KW1 Comdty|LC1 Comdty|MES1 Index|OE1 Comdty|PA1 Comdty|PL1 Comdty|QS1 Comdty|RS1 Comdty|SB1 Comdty|SF1 Curncy|SM1 Index|TP1 Index|TU1 Comdty,sub250k_24,strict66
0.3495,0.0312,-0.3719,167,AD1 Curncy|BO1 Comdty|BP1 Curncy|CF1 Index|DM1 Index|GC1 Comdty|HO1 Comdty|IK1 Comdty|JY1 Curncy|KW1 Comdty|MES1 Index|NG1 Comdty|OAT1 Comdty|OE1 Comdty|PE1 Curncy|QW1 Comdty|RS1 Comdty|SB1 Comdty|SF1 Curncy|SI1 Comdty|TP1 Index|TY1 Comdty|VG1 Index|Z 1 Index,sub250k_24,strict66
0.4964,0.2319,-0.3124,168,BO1 Comdty|BP1 Curncy|C 1 Comdty|CF1 Index|CO1 Comdty|DM1 Index|EO1 Index|FC1 Comdty|GC1 Comdty|JB1 Comdty|JY1 Curncy|LH1 Comdty|NG1 Comdty|NQ1 Index|NV1 Curncy|OAT1 Comdty|OE1 Comdty|PA1 Comdty|PE1 Curncy|QW1 Comdty|SF1 Curncy|SFI5 Comdty|VG1 Index|Z 1 Index,sub250k_24,strict66
0.1771,-0.0087,-0.0323,169,AD1 Curncy|BP1 Curncy|CC1 Comdty|CD1 Curncy|DM1 Index|DU1 Comdty|FC1 Comdty|JY1 Curncy|KC1 Comdty|NG1 Comdty|NV1 Curncy|PL1 Comdty|QC1 Comdty|QW1 Comdty|RTY1 Index|SFI5 Comdty|SFR5 Comdty|SI1 Comdty|SM1 Index|TP1 Index|TU1 Comdty|VG1 Index|XB1 Comdty|Z 1 Index,sub250k_24,strict66
0.4494,0.2036,0.1532,170,BO1 Comdty|BP1 Curncy|C 1 Comdty|CC1 Comdty|CF1 Index|CL1 Comdty|CO1 Comdty|DM1 Index|DU1 Comdty|ER4 Comdty|ES1 Index|FC1 Comdty|GC1 Comdty|JY1 Curncy|LC1 Comdty|NQ1 Index|NV1 Curncy|OAT1 Comdty|OE1 Comdty|PE1 Curncy|PL1 Comdty|RTY1 Index|SF1 Curncy|TP1 Index,sub250k_24,strict66
0.2804,0.3391,0.2776,171,AD1 Curncy|BP1 Curncy|CC1 Comdty|CF1 Index|DM1 Index|EC1 Curncy|GC1 Comdty|HO1 Comdty|KC1 Comdty|LH1 Comdty|MES1 Index|NO1 Index|NV1 Curncy|PA1 Comdty|QC1 Comdty|SF1 Curncy|SFR5 Comdty|SM1 Index|TU1 Comdty|TY1 Comdty|US1 Comdty|W 1 Comdty|XB1 Comdty|Z 1 Index,sub250k_24,strict66
0.2011,-0.0647,-0.5881,172,AD1 Curncy|CD1 Curncy|CF1 Index|DF1 Comdty|DM1 Index|EC1 Curncy|EO1 Index|G 1 Comdty|KC1 Comdty|MES1 Index|NG1 Comdty|NO1 Index|NV1 Curncy|PE1 Curncy|PL1 Comdty|S 1 Comdty|SB1 Comdty|SFI5 Comdty|SI1 Comdty|TP1 Index|UB1 Comdty|UXY1 Comdty|W 1 Comdty|XB1 Comdty,sub250k_24,strict66
0.3654,0.2597,-0.7104,173,AD1 Curncy|BO1 Comdty|BP1 Curncy|C 1 Comdty|CD1 Curncy|CF1 Index|CL1 Comdty|CO1 Comdty|DM1 Index|EC1 Curncy|EO1 Index|JB1 Comdty|JY1 Curncy|LH1 Comdty|NQ1 Index|PA1 Comdty|SFI5 Comdty|SI1 Comdty|SM1 Comdty|SM1 Index|UXY1 Comdty|W 1 Comdty|WN1 Comdty|Z 1 Index,sub250k_24,strict66
0.2505,0.0246,0.0068,174,CC1 Comdty|CD1 Curncy|CF1 Index|DM1 Index|EC1 Curncy|G 1 Comdty|GC1 Comdty|JY1 Curncy|KW1 Comdty|LH1 Comdty|MES1 Index|NG1 Comdty|NQ1 Index|NV1 Curncy|OE1 Comdty|PL1 Comdty|SF1 Curncy|SM1 Comdty|SM1 Index|UXY1 Comdty|VG1 Index|W 1 Comdty|WN1 Comdty|XB1 Comdty,sub250k_24,strict66
0.5115,0.2317,-0.0318,175,AD1 Curncy|BP1 Curncy|CC1 Comdty|CT1 Comdty|DM1 Index|EC1 Curncy|ER4 Comdty|ES1 Index|GC1 Comdty|GX1 Index|IK1 Comdty|NG1 Comdty|NV1 Curncy|PE1 Curncy|QS1 Comdty|RS1 Comdty|RX1 Comdty|SB1 Comdty|SI1 Comdty|SM1 Comdty|SM1 Index|TP1 Index|TY1 Comdty|Z 1 Index,sub250k_24,strict66
0.4571,0.1771,0.0426,176,AD1 Curncy|BP1 Curncy|CO1 Comdty|CT1 Comdty|DF1 Comdty|EC1 Curncy|EO1 Index|FC1 Comdty|GC1 Comdty|JY1 Curncy|MES1 Index|NQ1 Index|OE1 Comdty|QW1 Comdty|RTY1 Index|S 1 Comdty|SF1 Curncy|SFI5 Comdty|SI1 Comdty|UB1 Comdty|US1 Comdty|VG1 Index|XB1 Comdty|Z 1 Index,sub250k_24,strict66
0.2190,0.1639,-0.3603,177,AD1 Curncy|CC1 Comdty|DF1 Comdty|DU1 Comdty|EO1 Index|ER4 Comdty|ES1 Index|HO1 Comdty|IK1 Comdty|JY1 Curncy|MES1 Index|NV1 Curncy|PA1 Comdty|PE1 Curncy|PL1 Comdty|QS1 Comdty|S 1 Comdty|SF1 Curncy|SM1 Comdty|SM1 Index|TP1 Index|US1 Comdty|W 1 Comdty|Z 1 Index,sub250k_24,strict66
0.4989,0.3464,0.1745,178,BP1 Curncy|CC1 Comdty|CD1 Curncy|CO1 Comdty|CT1 Comdty|DU1 Comdty|EC1 Curncy|EO1 Index|ES1 Index|FC1 Comdty|FV1 Comdty|GX1 Index|JY1 Curncy|NO1 Index|OE1 Comdty|PA1 Comdty|PE1 Curncy|QS1 Comdty|RTY1 Index|S 1 Comdty|SI1 Comdty|TP1 Index|TY1 Comdty|W 1 Comdty,sub250k_24,strict66
0.1637,0.1799,0.2129,179,AD1 Curncy|BO1 Comdty|BP1 Curncy|C 1 Comdty|CC1 Comdty|CD1 Curncy|DM1 Index|DU1 Comdty|EC1 Curncy|EO1 Index|GC1 Comdty|GX1 Index|HO1 Comdty|KC1 Comdty|LC1 Comdty|MES1 Index|NV1 Curncy|PL1 Comdty|QS1 Comdty|SFR5 Comdty|SM1 Index|TU1 Comdty|UXY1 Comdty|Z 1 Index,sub250k_24,strict66
0.4220,0.2282,-0.3043,180,AD1 Curncy|BO1 Comdty|CD1 Curncy|CF1 Index|CO1 Comdty|DU1 Comdty|ES1 Index|FC1 Comdty|HG1 Comdty|IK1 Comdty|JY1 Curncy|KW1 Comdty|NQ1 Index|NV1 Curncy|PA1 Comdty|QC1 Comdty|QS1 Comdty|SF1 Curncy|SFR5 Comdty|SM1 Index|TP1 Index|US1 Comdty|VG1 Index|W 1 Comdty,sub250k_24,strict66
0.2131,0.0439,-0.3168,181,C 1 Comdty|CD1 Curncy|CF1 Index|DM1 Index|EC1 Curncy|EO1 Index|ER4 Comdty|HO1 Comdty|JY1 Curncy|KC1 Comdty|KW1 Comdty|MES1 Index|NQ1 Index|OE1 Comdty|PE1 Curncy|PL1 Comdty|QS1 Comdty|RS1 Comdty|SF1 Curncy|SI1 Comdty|TU1 Comdty|TY1 Comdty|W 1 Comdty|Z 1 Index,sub250k_24,strict66
0.3750,0.2345,-0.2723,182,AD1 Curncy|BP1 Curncy|C 1 Comdty|CC1 Comdty|CO1 Comdty|DM1 Index|EC1 Curncy|EO1 Index|GX1 Index|LC1 Comdty|OAT1 Comdty|PA1 Comdty|PE1 Curncy|QS1 Comdty|RTY1 Index|SB1 Comdty|SF1 Curncy|SFR5 Comdty|SI1 Comdty|US1 Comdty|UXY1 Comdty|VG1 Index|W 1 Comdty|Z 1 Index,sub250k_24,strict66
0.2843,0.2207,-0.2920,183,BP1 Curncy|CC1 Comdty|DU1 Comdty|EC1 Curncy|GX1 Index|HG1 Comdty|HO1 Comdty|JY1 Curncy|KC1 Comdty|LH1 Comdty|MES1 Index|NQ1 Index|PA1 Comdty|PE1 Curncy|QW1 Comdty|RTY1 Index|RX1 Comdty|SB1 Comdty|SF1 Curncy|TP1 Index|TY1 Comdty|WN1 Comdty|XB1 Comdty|Z 1 Index,sub250k_24,strict66
0.2792,0.1240,-0.4835,184,AD1 Curncy|BO1 Comdty|BP1 Curncy|CT1 Comdty|DM1 Index|FV1 Comdty|JB1 Comdty|KC1 Comdty|KW1 Comdty|LH1 Comdty|MES1 Index|NO1 Index|NQ1 Index|NV1 Curncy|OAT1 Comdty|PA1 Comdty|PE1 Curncy|PL1 Comdty|QS1 Comdty|RTY1 Index|SF1 Curncy|SM1 Index|UB1 Comdty|XB1 Comdty,sub250k_24,strict66
0.1741,0.0463,-0.4440,185,AD1 Curncy|BP1 Curncy|CD1 Curncy|DM1 Index|DU1 Comdty|EC1 Curncy|ER4 Comdty|ES1 Index|FC1 Comdty|HG1 Comdty|KW1 Comdty|MES1 Index|NG1 Comdty|NO1 Index|NV1 Curncy|PL1 Comdty|QC1 Comdty|QW1 Comdty|RTY1 Index|SB1 Comdty|TP1 Index|TU1 Comdty|WN1 Comdty|XB1 Comdty,sub250k_24,strict66
0.3936,0.0460,-0.2011,186,AD1 Curncy|C 1 Comdty|CD1 Curncy|CF1 Index|EC1 Curncy|EO1 Index|ES1 Index|FC1 Comdty|GX1 Index|HO1 Comdty|IK1 Comdty|JY1 Curncy|KC1 Comdty|LH1 Comdty|NG1 Comdty|NQ1 Index|PL1 Comdty|RS1 Comdty|RX1 Comdty|SF1 Curncy|SI1 Comdty|UB1 Comdty|US1 Comdty|VG1 Index,sub250k_24,strict66
0.2196,-0.0626,-0.0969,187,AD1 Curncy|CD1 Curncy|CF1 Index|DU1 Comdty|EC1 Curncy|EO1 Index|FC1 Comdty|GC1 Comdty|GX1 Index|HO1 Comdty|KW1 Comdty|MES1 Index|NG1 Comdty|NO1 Index|NV1 Curncy|OAT1 Comdty|OE1 Comdty|QW1 Comdty|S 1 Comdty|SF1 Curncy|SI1 Comdty|TY1 Comdty|VG1 Index|W 1 Comdty,sub250k_24,strict66
0.2727,-0.0572,0.2077,188,AD1 Curncy|BP1 Curncy|CC1 Comdty|CD1 Curncy|CF1 Index|FC1 Comdty|FV1 Comdty|GC1 Comdty|KC1 Comdty|KW1 Comdty|NG1 Comdty|NV1 Curncy|OAT1 Comdty|RTY1 Index|SB1 Comdty|SF1 Curncy|SI1 Comdty|SM1 Index|TP1 Index|TU1 Comdty|UB1 Comdty|VG1 Index|XB1 Comdty|Z 1 Index,sub250k_24,strict66
0.4155,0.3098,0.4570,189,CD1 Curncy|CL1 Comdty|CO1 Comdty|DU1 Comdty|EC1 Curncy|ES1 Index|FC1 Comdty|GC1 Comdty|HG1 Comdty|JB1 Comdty|JY1 Curncy|KC1 Comdty|NO1 Index|NV1 Curncy|PE1 Curncy|QC1 Comdty|RTY1 Index|SB1 Comdty|SM1 Comdty|TP1 Index|TU1 Comdty|UXY1 Comdty|VG1 Index|Z 1 Index,sub250k_24,strict66
0.4854,0.1445,0.5428,190,AD1 Curncy|BP1 Curncy|C 1 Comdty|CC1 Comdty|CF1 Index|EO1 Index|ES1 Index|FC1 Comdty|GC1 Comdty|IK1 Comdty|JY1 Curncy|KC1 Comdty|PE1 Curncy|QS1 Comdty|RTY1 Index|RX1 Comdty|SF1 Curncy|SI1 Comdty|TP1 Index|US1 Comdty|UXY1 Comdty|VG1 Index|W 1 Comdty|XB1 Comdty,sub250k_24,strict66
0.2495,0.0125,-0.3533,191,AD1 Curncy|BP1 Curncy|C 1 Comdty|CF1 Index|CT1 Comdty|EC1 Curncy|EO1 Index|ER4 Comdty|ES1 Index|G 1 Comdty|GC1 Comdty|LC1 Comdty|NG1 Comdty|NO1 Index|NV1 Curncy|PL1 Comdty|QW1 Comdty|RTY1 Index|SF1 Curncy|SFI5 Comdty|SM1 Comdty|UB1 Comdty|VG1 Index|XB1 Comdty,sub250k_24,strict66
0.2960,0.0154,-0.4457,192,AD1 Curncy|BP1 Curncy|CD1 Curncy|CF1 Index|CO1 Comdty|CT1 Comdty|EO1 Index|ER4 Comdty|HG1 Comdty|IK1 Comdty|JB1 Comdty|NG1 Comdty|PE1 Curncy|QC1 Comdty|RS1 Comdty|RTY1 Index|SB1 Comdty|SF1 Curncy|SI1 Comdty|SM1 Comdty|SM1 Index|TP1 Index|UXY1 Comdty|Z 1 Index,sub250k_24,strict66
0.2243,0.0396,-0.5661,193,AD1 Curncy|BP1 Curncy|CT1 Comdty|DM1 Index|EC1 Curncy|ER4 Comdty|ES1 Index|FC1 Comdty|FV1 Comdty|G 1 Comdty|HG1 Comdty|HO1 Comdty|KW1 Comdty|LC1 Comdty|MES1 Index|NG1 Comdty|NQ1 Index|NV1 Curncy|PL1 Comdty|RTY1 Index|SB1 Comdty|SF1 Curncy|SM1 Index|UXY1 Comdty,sub250k_24,strict66
0.4767,0.3717,0.3168,194,AD1 Curncy|BP1 Curncy|CD1 Curncy|DF1 Comdty|EO1 Index|ER4 Comdty|FV1 Comdty|GC1 Comdty|HO1 Comdty|IK1 Comdty|JB1 Comdty|JY1 Curncy|KC1 Comdty|NG1 Comdty|NO1 Index|NQ1 Index|PA1 Comdty|QC1 Comdty|QW1 Comdty|RTY1 Index|SB1 Comdty|SF1 Curncy|TP1 Index|Z 1 Index,sub250k_24,strict66
0.3909,0.2518,-0.1201,195,BP1 Curncy|CD1 Curncy|CO1 Comdty|CT1 Comdty|EC1 Curncy|G 1 Comdty|GC1 Comdty|KC1 Comdty|LH1 Comdty|MES1 Index|NO1 Index|NQ1 Index|NV1 Curncy|PA1 Comdty|SF1 Curncy|SM1 Comdty|SM1 Index|TY1 Comdty|UB1 Comdty|VG1 Index|W 1 Comdty|WN1 Comdty|XB1 Comdty|Z 1 Index,sub250k_24,strict66
0.4280,0.2185,0.2243,196,BO1 Comdty|BP1 Curncy|CF1 Index|DF1 Comdty|DM1 Index|DU1 Comdty|EC1 Curncy|ER4 Comdty|GC1 Comdty|HO1 Comdty|IK1 Comdty|JB1 Comdty|JY1 Curncy|LH1 Comdty|MES1 Index|NQ1 Index|PE1 Curncy|QC1 Comdty|RS1 Comdty|SF1 Curncy|SI1 Comdty|SM1 Index|VG1 Index|XB1 Comdty,sub250k_24,strict66
0.3909,0.2168,-0.2463,197,BO1 Comdty|BP1 Curncy|CD1 Curncy|EC1 Curncy|EO1 Index|G 1 Comdty|GX1 Index|HO1 Comdty|JB1 Comdty|JY1 Curncy|LC1 Comdty|OAT1 Comdty|PA1 Comdty|PE1 Curncy|QC1 Comdty|QS1 Comdty|RTY1 Index|S 1 Comdty|SB1 Comdty|SI1 Comdty|SM1 Index|TP1 Index|UB1 Comdty|VG1 Index,sub250k_24,strict66
0.1993,-0.0217,-0.8333,198,AD1 Curncy|BO1 Comdty|BP1 Curncy|CF1 Index|CL1 Comdty|CO1 Comdty|DF1 Comdty|DU1 Comdty|EO1 Index|FC1 Comdty|G 1 Comdty|GX1 Index|JY1 Curncy|KW1 Comdty|MES1 Index|NQ1 Index|NV1 Curncy|OE1 Comdty|PA1 Comdty|PE1 Curncy|PL1 Comdty|RX1 Comdty|SB1 Comdty|SM1 Index,sub250k_24,strict66
0.4278,0.2406,0.8656,199,BP1 Curncy|C 1 Comdty|CC1 Comdty|CD1 Curncy|DF1 Comdty|DM1 Index|EO1 Index|ER4 Comdty|FC1 Comdty|GC1 Comdty|GX1 Index|HO1 Comdty|JB1 Comdty|JY1 Curncy|NO1 Index|NQ1 Index|NV1 Curncy|QC1 Comdty|RX1 Comdty|SF1 Curncy|SI1 Comdty|TY1 Comdty|XB1 Comdty|Z 1 Index,sub250k_24,strict66
0.6605,0.5575,0.3370,200,AD1 Curncy|BP1 Curncy|CC1 Comdty|CO1 Comdty|CT1 Comdty|EC1 Curncy|EO1 Index|ER4 Comdty|FV1 Comdty|GC1 Comdty|GX1 Index|JY1 Curncy|MES1 Index|NG1 Comdty|NQ1 Index|PA1 Comdty|PE1 Curncy|QC1 Comdty|RS1 Comdty|RTY1 Index|SFR5 Comdty|SM1 Index|UB1 Comdty|W 1 Comdty,sub250k_24,strict66
0.1764,-0.0562,0.0776,201,AD1 Curncy|C 1 Comdty|CD1 Curncy|CF1 Index|CT1 Comdty|EC1 Curncy|ES1 Index|FC1 Comdty|G 1 Comdty|GC1 Comdty|LC1 Comdty|NG1 Comdty|NV1 Curncy|OE1 Comdty|PL1 Comdty|RTY1 Index|SF1 Curncy|SM1 Comdty|TP1 Index|TU1 Comdty|TY1 Comdty|VG1 Index|XB1 Comdty|Z 1 Index,sub250k_24,strict66
0.3767,0.2020,-0.2665,202,AD1 Curncy|BP1 Curncy|C 1 Comdty|CF1 Index|DU1 Comdty|EC1 Curncy|ES1 Index|HO1 Comdty|JY1 Curncy|NG1 Comdty|NO1 Index|PA1 Comdty|PE1 Curncy|QC1 Comdty|RS1 Comdty|RTY1 Index|SB1 Comdty|SFR5 Comdty|SI1 Comdty|TY1 Comdty|UB1 Comdty|VG1 Index|W 1 Comdty|Z 1 Index,sub250k_24,strict66
0.3069,0.1835,-0.1624,203,AD1 Curncy|BO1 Comdty|BP1 Curncy|CO1 Comdty|DF1 Comdty|EO1 Index|ES1 Index|HG1 Comdty|IK1 Comdty|JY1 Curncy|LH1 Comdty|NO1 Index|PE1 Curncy|PL1 Comdty|QC1 Comdty|SF1 Curncy|SM1 Comdty|TP1 Index|TU1 Comdty|UB1 Comdty|US1 Comdty|VG1 Index|XB1 Comdty|Z 1 Index,sub250k_24,strict66
0.2716,0.3050,-0.2141,204,AD1 Curncy|BO1 Comdty|BP1 Curncy|CC1 Comdty|CF1 Index|DM1 Index|EC1 Curncy|EO1 Index|ER4 Comdty|FC1 Comdty|GX1 Index|HG1 Comdty|JB1 Comdty|NO1 Index|NV1 Curncy|PA1 Comdty|PE1 Curncy|QC1 Comdty|QS1 Comdty|QW1 Comdty|TU1 Comdty|TY1 Comdty|XB1 Comdty|Z 1 Index,sub250k_24,strict66
0.4934,0.4079,-0.2063,205,BO1 Comdty|BP1 Curncy|CC1 Comdty|CO1 Comdty|DF1 Comdty|HO1 Comdty|IK1 Comdty|JY1 Curncy|MES1 Index|NO1 Index|NQ1 Index|NV1 Curncy|PA1 Comdty|PE1 Curncy|QC1 Comdty|RTY1 Index|S 1 Comdty|SF1 Curncy|SFI5 Comdty|SFR5 Comdty|SI1 Comdty|SM1 Index|US1 Comdty|Z 1 Index,sub250k_24,strict66
0.2942,0.0917,0.2948,206,AD1 Curncy|BP1 Curncy|CC1 Comdty|CT1 Comdty|DU1 Comdty|EC1 Curncy|EO1 Index|G 1 Comdty|GC1 Comdty|GX1 Index|KC1 Comdty|LH1 Comdty|NG1 Comdty|NQ1 Index|NV1 Curncy|QS1 Comdty|SF1 Curncy|SI1 Comdty|SM1 Comdty|TP1 Index|TU1 Comdty|UXY1 Comdty|VG1 Index|Z 1 Index,sub250k_24,strict66
0.2929,0.1375,-0.2926,207,AD1 Curncy|C 1 Comdty|CF1 Index|CL1 Comdty|DM1 Index|DU1 Comdty|EC1 Curncy|ES1 Index|GC1 Comdty|GX1 Index|HO1 Comdty|JY1 Curncy|KC1 Comdty|MES1 Index|NV1 Curncy|PE1 Curncy|PL1 Comdty|QW1 Comdty|RX1 Comdty|SB1 Comdty|SFI5 Comdty|SFR5 Comdty|VG1 Index|W 1 Comdty,sub250k_24,strict66
0.3286,0.1086,-0.2922,208,AD1 Curncy|BO1 Comdty|CD1 Curncy|CF1 Index|EC1 Curncy|ES1 Index|HO1 Comdty|JY1 Curncy|KC1 Comdty|LC1 Comdty|NG1 Comdty|NQ1 Index|PE1 Curncy|PL1 Comdty|QC1 Comdty|QW1 Comdty|RTY1 Index|RX1 Comdty|SFI5 Comdty|SFR5 Comdty|SI1 Comdty|TP1 Index|VG1 Index|WN1 Comdty,sub250k_24,strict66
0.4764,0.2821,-0.0049,209,AD1 Curncy|BO1 Comdty|CC1 Comdty|CD1 Curncy|DF1 Comdty|EC1 Curncy|EO1 Index|ER4 Comdty|GC1 Comdty|GX1 Index|MES1 Index|NG1 Comdty|NO1 Index|NQ1 Index|OAT1 Comdty|OE1 Comdty|PA1 Comdty|PE1 Curncy|QS1 Comdty|RTY1 Index|SB1 Comdty|SF1 Curncy|UXY1 Comdty|W 1 Comdty,sub250k_24,strict66
0.4585,0.2762,0.0031,210,AD1 Curncy|BP1 Curncy|CD1 Curncy|CO1 Comdty|CT1 Comdty|EO1 Index|FC1 Comdty|GC1 Comdty|IK1 Comdty|LC1 Comdty|LH1 Comdty|MES1 Index|NO1 Index|NV1 Curncy|OAT1 Comdty|PA1 Comdty|RTY1 Index|SF1 Curncy|SM1 Comdty|UB1 Comdty|VG1 Index|WN1 Comdty|XB1 Comdty|Z 1 Index,sub250k_24,strict66
0.3823,0.3372,-0.4323,211,AD1 Curncy|CC1 Comdty|CL1 Comdty|DM1 Index|EO1 Index|ES1 Index|HG1 Comdty|JY1 Curncy|KW1 Comdty|NG1 Comdty|NO1 Index|NQ1 Index|NV1 Curncy|OAT1 Comdty|PA1 Comdty|PE1 Curncy|QC1 Comdty|RS1 Comdty|SB1 Comdty|SF1 Curncy|SFI5 Comdty|SFR5 Comdty|TU1 Comdty|Z 1 Index,sub250k_24,strict66
0.4018,0.2092,0.1859,212,AD1 Curncy|BP1 Curncy|CC1 Comdty|CL1 Comdty|DF1 Comdty|DU1 Comdty|EC1 Curncy|EO1 Index|ES1 Index|FC1 Comdty|GC1 Comdty|IK1 Comdty|LH1 Comdty|NG1 Comdty|NV1 Curncy|PE1 Curncy|PL1 Comdty|RTY1 Index|SB1 Comdty|SFR5 Comdty|SM1 Index|VG1 Index|WN1 Comdty|Z 1 Index,sub250k_24,strict66
0.3622,0.2474,0.0061,213,AD1 Curncy|CD1 Curncy|CF1 Index|CL1 Comdty|DF1 Comdty|DM1 Index|DU1 Comdty|EO1 Index|ES1 Index|FC1 Comdty|GX1 Index|HO1 Comdty|JY1 Curncy|LC1 Comdty|NQ1 Index|NV1 Curncy|PA1 Comdty|QC1 Comdty|S 1 Comdty|SF1 Curncy|SFR5 Comdty|SI1 Comdty|UB1 Comdty|US1 Comdty,sub250k_24,strict66
0.2301,0.1493,-0.0480,214,AD1 Curncy|BP1 Curncy|C 1 Comdty|CD1 Curncy|CF1 Index|CO1 Comdty|CT1 Comdty|DF1 Comdty|DU1 Comdty|EO1 Index|ER4 Comdty|GC1 Comdty|HG1 Comdty|HO1 Comdty|MES1 Index|NV1 Curncy|OAT1 Comdty|OE1 Comdty|QC1 Comdty|QW1 Comdty|SF1 Curncy|TP1 Index|VG1 Index|Z 1 Index,sub250k_24,strict66
0.2578,0.1644,-0.0123,215,AD1 Curncy|BO1 Comdty|C 1 Comdty|CD1 Curncy|CF1 Index|CL1 Comdty|DF1 Comdty|DU1 Comdty|EC1 Curncy|FV1 Comdty|GC1 Comdty|HG1 Comdty|IK1 Comdty|MES1 Index|NV1 Curncy|OAT1 Comdty|PE1 Curncy|QC1 Comdty|SB1 Comdty|SM1 Index|TP1 Index|VG1 Index|XB1 Comdty|Z 1 Index,sub250k_24,strict66
0.3364,0.2012,0.0835,216,AD1 Curncy|BP1 Curncy|CD1 Curncy|CF1 Index|CL1 Comdty|CT1 Comdty|EO1 Index|FC1 Comdty|GX1 Index|JB1 Comdty|JY1 Curncy|LC1 Comdty|PA1 Comdty|PE1 Curncy|QC1 Comdty|RTY1 Index|SB1 Comdty|SI1 Comdty|TP1 Index|TY1 Comdty|US1 Comdty|UXY1 Comdty|VG1 Index|XB1 Comdty,sub250k_24,strict66
0.2857,0.1570,-0.1215,217,AD1 Curncy|BO1 Comdty|C 1 Comdty|CL1 Comdty|EC1 Curncy|EO1 Index|ER4 Comdty|GC1 Comdty|GX1 Index|JB1 Comdty|JY1 Curncy|PA1 Comdty|PE1 Curncy|QW1 Comdty|SB1 Comdty|SF1 Curncy|SM1 Index|TP1 Index|TU1 Comdty|UB1 Comdty|VG1 Index|W 1 Comdty|XB1 Comdty|Z 1 Index,sub250k_24,strict66
0.3331,0.0246,-0.3475,218,AD1 Curncy|CF1 Index|CO1 Comdty|ER4 Comdty|ES1 Index|JY1 Curncy|KC1 Comdty|LH1 Comdty|NG1 Comdty|NO1 Index|NV1 Curncy|OE1 Comdty|PE1 Curncy|PL1 Comdty|QC1 Comdty|QW1 Comdty|RTY1 Index|SB1 Comdty|SF1 Curncy|SFI5 Comdty|SFR5 Comdty|SI1 Comdty|TP1 Index|Z 1 Index,sub250k_24,strict66
0.1869,0.0403,-0.5058,219,AD1 Curncy|BP1 Curncy|CC1 Comdty|CF1 Index|CO1 Comdty|DF1 Comdty|DM1 Index|EC1 Curncy|GX1 Index|HO1 Comdty|IK1 Comdty|KW1 Comdty|NV1 Curncy|PE1 Curncy|PL1 Comdty|QW1 Comdty|RX1 Comdty|SI1 Comdty|SM1 Comdty|SM1 Index|TP1 Index|TY1 Comdty|WN1 Comdty|Z 1 Index,sub250k_24,strict66
0.3323,0.2554,0.2060,220,AD1 Curncy|BP1 Curncy|CC1 Comdty|CF1 Index|DU1 Comdty|ER4 Comdty|ES1 Index|GC1 Comdty|HG1 Comdty|JY1 Curncy|LC1 Comdty|LH1 Comdty|NO1 Index|NV1 Curncy|OE1 Comdty|PE1 Curncy|QS1 Comdty|S 1 Comdty|SM1 Index|TY1 Comdty|VG1 Index|W 1 Comdty|XB1 Comdty|Z 1 Index,sub250k_24,strict66
0.3421,0.2718,-0.5496,221,AD1 Curncy|BO1 Comdty|BP1 Curncy|CC1 Comdty|CT1 Comdty|DF1 Comdty|EC1 Curncy|EO1 Index|ER4 Comdty|GX1 Index|HG1 Comdty|IK1 Comdty|NG1 Comdty|NO1 Index|NV1 Curncy|PA1 Comdty|QS1 Comdty|RS1 Comdty|RTY1 Index|SF1 Curncy|SM1 Index|US1 Comdty|VG1 Index|WN1 Comdty,sub250k_24,strict66
0.1207,-0.0999,-0.9070,222,AD1 Curncy|BP1 Curncy|CF1 Index|DU1 Comdty|EC1 Curncy|ER4 Comdty|GX1 Index|HG1 Comdty|KC1 Comdty|KW1 Comdty|MES1 Index|NG1 Comdty|NO1 Index|NQ1 Index|NV1 Curncy|PL1 Comdty|QS1 Comdty|RS1 Comdty|RX1 Comdty|SB1 Comdty|SF1 Curncy|SM1 Index|TU1 Comdty|W 1 Comdty,sub250k_24,strict66
0.2305,0.1428,-0.0655,223,AD1 Curncy|BP1 Curncy|CD1 Curncy|CF1 Index|CT1 Comdty|EC1 Curncy|EO1 Index|ES1 Index|FC1 Comdty|GC1 Comdty|HO1 Comdty|NV1 Curncy|PL1 Comdty|QC1 Comdty|S 1 Comdty|SFI5 Comdty|SM1 Comdty|SM1 Index|TU1 Comdty|UB1 Comdty|US1 Comdty|VG1 Index|XB1 Comdty|Z 1 Index,sub250k_24,strict66
0.2347,0.0174,-0.4979,224,CC1 Comdty|CF1 Index|CL1 Comdty|CT1 Comdty|DM1 Index|DU1 Comdty|EC1 Curncy|EO1 Index|G 1 Comdty|HG1 Comdty|HO1 Comdty|IK1 Comdty|JY1 Curncy|NQ1 Index|NV1 Curncy|OAT1 Comdty|PE1 Curncy|QW1 Comdty|S 1 Comdty|SB1 Comdty|SF1 Curncy|SI1 Comdty|TP1 Index|Z 1 Index,sub250k_24,strict66
0.2111,0.2143,-0.1122,225,BP1 Curncy|CD1 Curncy|CL1 Comdty|CT1 Comdty|DF1 Comdty|DU1 Comdty|FC1 Comdty|HG1 Comdty|HO1 Comdty|MES1 Index|NO1 Index|NQ1 Index|NV1 Curncy|OE1 Comdty|PA1 Comdty|PE1 Curncy|QC1 Comdty|SF1 Curncy|SM1 Comdty|SM1 Index|TP1 Index|TU1 Comdty|UXY1 Comdty|Z 1 Index,sub250k_24,strict66
0.4069,0.2479,-0.0284,226,AD1 Curncy|BO1 Comdty|C 1 Comdty|CF1 Index|CO1 Comdty|CT1 Comdty|DU1 Comdty|EC1 Curncy|ER4 Comdty|ES1 Index|FV1 Comdty|GC1 Comdty|GX1 Index|HO1 Comdty|JY1 Curncy|LH1 Comdty|MES1 Index|NQ1 Index|NV1 Curncy|OE1 Comdty|PE1 Curncy|QW1 Comdty|SI1 Comdty|Z 1 Index,sub250k_24,strict66
0.2279,0.0767,0.3783,227,AD1 Curncy|BP1 Curncy|C 1 Comdty|DU1 Comdty|EO1 Index|ES1 Index|FV1 Comdty|GC1 Comdty|HO1 Comdty|JB1 Comdty|JY1 Curncy|KC1 Comdty|LC1 Comdty|LH1 Comdty|NO1 Index|OE1 Comdty|PE1 Curncy|PL1 Comdty|SF1 Curncy|SM1 Comdty|TP1 Index|VG1 Index|XB1 Comdty|Z 1 Index,sub250k_24,strict66
0.4212,0.3637,-0.0530,228,BP1 Curncy|CC1 Comdty|CD1 Curncy|CL1 Comdty|ES1 Index|FC1 Comdty|FV1 Comdty|GX1 Index|HO1 Comdty|JY1 Curncy|LH1 Comdty|MES1 Index|NO1 Index|NQ1 Index|NV1 Curncy|PA1 Comdty|PL1 Comdty|QC1 Comdty|RTY1 Index|RX1 Comdty|SB1 Comdty|SF1 Curncy|SFI5 Comdty|US1 Comdty,sub250k_24,strict66
0.4337,0.2113,-0.2034,229,AD1 Curncy|C 1 Comdty|CO1 Comdty|CT1 Comdty|DF1 Comdty|DM1 Index|EC1 Curncy|ER4 Comdty|ES1 Index|HG1 Comdty|JY1 Curncy|NG1 Comdty|NO1 Index|NQ1 Index|PE1 Curncy|RTY1 Index|SB1 Comdty|SF1 Curncy|SI1 Comdty|SM1 Comdty|TU1 Comdty|TY1 Comdty|UB1 Comdty|VG1 Index,sub250k_24,strict66
0.4666,0.2080,-0.1863,230,AD1 Curncy|BP1 Curncy|DF1 Comdty|DM1 Index|ES1 Index|GC1 Comdty|JY1 Curncy|NG1 Comdty|NO1 Index|NQ1 Index|NV1 Curncy|OAT1 Comdty|PE1 Curncy|PL1 Comdty|QS1 Comdty|QW1 Comdty|RTY1 Index|RX1 Comdty|SB1 Comdty|SFR5 Comdty|SM1 Comdty|UB1 Comdty|W 1 Comdty|Z 1 Index,sub250k_24,strict66
0.4367,0.4340,-0.5278,231,AD1 Curncy|BO1 Comdty|CD1 Curncy|DF1 Comdty|EC1 Curncy|EO1 Index|ES1 Index|G 1 Comdty|HG1 Comdty|HO1 Comdty|JY1 Curncy|KW1 Comdty|LH1 Comdty|NO1 Index|NQ1 Index|PA1 Comdty|PE1 Curncy|QS1 Comdty|RTY1 Index|SB1 Comdty|SFI5 Comdty|SM1 Index|UXY1 Comdty|WN1 Comdty,sub250k_24,strict66
0.4485,0.3396,-0.2930,232,BO1 Comdty|CD1 Curncy|CF1 Index|CO1 Comdty|EC1 Curncy|ES1 Index|G 1 Comdty|GC1 Comdty|GX1 Index|JY1 Curncy|LC1 Comdty|LH1 Comdty|NQ1 Index|NV1 Curncy|PA1 Comdty|QS1 Comdty|QW1 Comdty|RTY1 Index|SF1 Curncy|SM1 Comdty|TY1 Comdty|UB1 Comdty|US1 Comdty|Z 1 Index,sub250k_24,strict66
0.3616,0.1596,0.4109,233,AD1 Curncy|BP1 Curncy|CC1 Comdty|CL1 Comdty|DM1 Index|EO1 Index|FV1 Comdty|G 1 Comdty|GC1 Comdty|JY1 Curncy|LC1 Comdty|MES1 Index|NG1 Comdty|NO1 Index|NV1 Curncy|QC1 Comdty|RTY1 Index|S 1 Comdty|SB1 Comdty|SF1 Curncy|SI1 Comdty|SM1 Index|TU1 Comdty|UB1 Comdty,sub250k_24,strict66
0.4392,0.4019,-0.1584,234,CC1 Comdty|CD1 Curncy|CF1 Index|CL1 Comdty|CO1 Comdty|CT1 Comdty|DM1 Index|EC1 Curncy|ER4 Comdty|ES1 Index|FC1 Comdty|FV1 Comdty|GX1 Index|JY1 Curncy|MES1 Index|NQ1 Index|PA1 Comdty|PE1 Curncy|PL1 Comdty|RS1 Comdty|S 1 Comdty|SF1 Curncy|TU1 Comdty|US1 Comdty,sub250k_24,strict66
0.3677,0.2676,-0.5754,235,AD1 Curncy|BP1 Curncy|CC1 Comdty|CF1 Index|CO1 Comdty|EC1 Curncy|ES1 Index|FC1 Comdty|FV1 Comdty|G 1 Comdty|HO1 Comdty|KC1 Comdty|MES1 Index|NQ1 Index|NV1 Curncy|OAT1 Comdty|PA1 Comdty|PE1 Curncy|PL1 Comdty|RS1 Comdty|RTY1 Index|SFR5 Comdty|SM1 Comdty|Z 1 Index,sub250k_24,strict66
0.3252,0.1144,-0.4274,236,AD1 Curncy|BP1 Curncy|C 1 Comdty|CD1 Curncy|CF1 Index|CL1 Comdty|CT1 Comdty|DM1 Index|EC1 Curncy|ER4 Comdty|ES1 Index|GX1 Index|HG1 Comdty|LC1 Comdty|NG1 Comdty|NO1 Index|NQ1 Index|OE1 Comdty|RS1 Comdty|S 1 Comdty|SF1 Curncy|SFR5 Comdty|SI1 Comdty|UXY1 Comdty,sub250k_24,strict66
0.0986,-0.1326,-0.6778,237,BP1 Curncy|CC1 Comdty|CD1 Curncy|CF1 Index|DU1 Comdty|EC1 Curncy|GX1 Index|IK1 Comdty|JB1 Comdty|KC1 Comdty|MES1 Index|NG1 Comdty|NQ1 Index|OE1 Comdty|PA1 Comdty|PE1 Curncy|PL1 Comdty|QW1 Comdty|RS1 Comdty|SF1 Curncy|SM1 Index|W 1 Comdty|XB1 Comdty|Z 1 Index,sub250k_24,strict66
0.6710,0.5412,0.6428,238,AD1 Curncy|BP1 Curncy|CC1 Comdty|CD1 Curncy|CO1 Comdty|DF1 Comdty|DM1 Index|EC1 Curncy|ES1 Index|GC1 Comdty|GX1 Index|LC1 Comdty|LH1 Comdty|MES1 Index|NQ1 Index|OAT1 Comdty|PE1 Curncy|QC1 Comdty|QS1 Comdty|SI1 Comdty|TP1 Index|UB1 Comdty|US1 Comdty|UXY1 Comdty,sub250k_24,strict66
0.2294,-0.0206,-0.2367,239,AD1 Curncy|BO1 Comdty|BP1 Curncy|CC1 Comdty|CD1 Curncy|EO1 Index|ER4 Comdty|FC1 Comdty|GX1 Index|HG1 Comdty|KC1 Comdty|MES1 Index|NO1 Index|NV1 Curncy|OE1 Comdty|QS1 Comdty|SF1 Curncy|SFI5 Comdty|SFR5 Comdty|SI1 Comdty|SM1 Index|W 1 Comdty|XB1 Comdty|Z 1 Index,sub250k_24,strict66
0.2976,0.1214,-0.2051,240,BO1 Comdty|BP1 Curncy|CF1 Index|CT1 Comdty|DU1 Comdty|FC1 Comdty|G 1 Comdty|GX1 Index|JY1 Curncy|LC1 Comdty|NG1 Comdty|NQ1 Index|NV1 Curncy|PA1 Comdty|PE1 Curncy|PL1 Comdty|QC1 Comdty|QS1 Comdty|SF1 Curncy|SFI5 Comdty|SFR5 Comdty|SM1 Index|TP1 Index|VG1 Index,sub250k_24,strict66
0.4829,0.2155,0.1030,241,AD1 Curncy|BP1 Curncy|CF1 Index|CL1 Comdty|DM1 Index|DU1 Comdty|EC1 Curncy|FC1 Comdty|GC1 Comdty|IK1 Comdty|JB1 Comdty|JY1 Curncy|LC1 Comdty|MES1 Index|NO1 Index|NQ1 Index|PE1 Curncy|QS1 Comdty|QW1 Comdty|RTY1 Index|SB1 Comdty|SI1 Comdty|W 1 Comdty|WN1 Comdty,sub250k_24,strict66
0.2839,0.0792,0.2152,242,BP1 Curncy|C 1 Comdty|CC1 Comdty|CL1 Comdty|DU1 Comdty|EC1 Curncy|EO1 Index|ES1 Index|FC1 Comdty|FV1 Comdty|GX1 Index|HG1 Comdty|HO1 Comdty|JB1 Comdty|JY1 Curncy|KW1 Comdty|MES1 Index|PE1 Curncy|RX1 Comdty|SF1 Curncy|SI1 Comdty|SM1 Index|TP1 Index|W 1 Comdty,sub250k_24,strict66
0.3589,0.2062,-0.3303,243,AD1 Curncy|BO1 Comdty|BP1 Curncy|CD1 Curncy|DM1 Index|EC1 Curncy|FC1 Comdty|FV1 Comdty|GC1 Comdty|HG1 Comdty|KW1 Comdty|MES1 Index|NG1 Comdty|NO1 Index|PE1 Curncy|QW1 Comdty|RTY1 Index|SFI5 Comdty|SM1 Comdty|SM1 Index|UB1 Comdty|VG1 Index|WN1 Comdty|XB1 Comdty,sub250k_24,strict66
0.1277,0.0082,-0.1996,244,AD1 Curncy|BP1 Curncy|C 1 Comdty|CC1 Comdty|CF1 Index|CL1 Comdty|CT1 Comdty|DU1 Comdty|EC1 Curncy|EO1 Index|G 1 Comdty|HO1 Comdty|MES1 Index|NO1 Index|NQ1 Index|NV1 Curncy|PE1 Curncy|PL1 Comdty|QC1 Comdty|QW1 Comdty|RX1 Comdty|SI1 Comdty|US1 Comdty|VG1 Index,sub250k_24,strict66
0.5015,0.2513,0.1238,245,BP1 Curncy|CO1 Comdty|DF1 Comdty|DM1 Index|DU1 Comdty|EC1 Curncy|ES1 Index|FC1 Comdty|GC1 Comdty|GX1 Index|JY1 Curncy|LH1 Comdty|MES1 Index|NG1 Comdty|NQ1 Index|PE1 Curncy|PL1 Comdty|RX1 Comdty|SB1 Comdty|SF1 Curncy|SM1 Comdty|TU1 Comdty|UXY1 Comdty|VG1 Index,sub250k_24,strict66
0.1310,0.0971,-0.2270,246,AD1 Curncy|BO1 Comdty|BP1 Curncy|C 1 Comdty|CC1 Comdty|CD1 Curncy|CF1 Index|DF1 Comdty|DU1 Comdty|EC1 Curncy|ES1 Index|FV1 Comdty|GX1 Index|PA1 Comdty|PL1 Comdty|QC1 Comdty|QS1 Comdty|RTY1 Index|SF1 Curncy|SFR5 Comdty|UB1 Comdty|VG1 Index|XB1 Comdty|Z 1 Index,sub250k_24,strict66
0.2432,0.1670,-0.1979,247,BP1 Curncy|CC1 Comdty|CT1 Comdty|DM1 Index|EO1 Index|FV1 Comdty|GX1 Index|HO1 Comdty|JY1 Curncy|NV1 Curncy|PA1 Comdty|PE1 Curncy|PL1 Comdty|QC1 Comdty|QS1 Comdty|RTY1 Index|RX1 Comdty|SB1 Comdty|SF1 Curncy|SM1 Index|US1 Comdty|UXY1 Comdty|W 1 Comdty|Z 1 Index,sub250k_24,strict66
0.4090,0.2722,-0.0854,248,AD1 Curncy|BP1 Curncy|CF1 Index|CO1 Comdty|DF1 Comdty|DM1 Index|EC1 Curncy|EO1 Index|ER4 Comdty|GC1 Comdty|JY1 Curncy|KW1 Comdty|MES1 Index|NO1 Index|PE1 Curncy|PL1 Comdty|RS1 Comdty|RX1 Comdty|SM1 Comdty|TY1 Comdty|UXY1 Comdty|VG1 Index|W 1 Comdty|XB1 Comdty,sub250k_24,strict66
0.2700,-0.0273,-0.5447,249,AD1 Curncy|BP1 Curncy|CD1 Curncy|CO1 Comdty|CT1 Comdty|DM1 Index|ES1 Index|FC1 Comdty|KC1 Comdty|LC1 Comdty|MES1 Index|NG1 Comdty|NV1 Curncy|OE1 Comdty|PE1 Curncy|PL1 Comdty|QW1 Comdty|RTY1 Index|SFI5 Comdty|SI1 Comdty|SM1 Index|TU1 Comdty|UB1 Comdty|Z 1 Index,sub250k_24,strict66
0.4143,0.3352,0.2233,250,AD1 Curncy|BO1 Comdty|CC1 Comdty|CD1 Curncy|CF1 Index|CO1 Comdty|DM1 Index|DU1 Comdty|EC1 Curncy|ES1 Index|FC1 Comdty|GC1 Comdty|GX1 Index|JB1 Comdty|JY1 Curncy|MES1 Index|PA1 Comdty|PE1 Curncy|S 1 Comdty|SM1 Index|TU1 Comdty|UXY1 Comdty|W 1 Comdty|XB1 Comdty,sub250k_24,strict66
0.2411,0.2129,0.0412,251,BO1 Comdty|BP1 Curncy|CC1 Comdty|CF1 Index|CL1 Comdty|EC1 Curncy|FV1 Comdty|GC1 Comdty|JB1 Comdty|LH1 Comdty|MES1 Index|NO1 Index|NQ1 Index|NV1 Curncy|PE1 Curncy|PL1 Comdty|QW1 Comdty|RTY1 Index|SF1 Curncy|SFR5 Comdty|SM1 Comdty|WN1 Comdty|XB1 Comdty|Z 1 Index,sub250k_24,strict66
0.1382,-0.0522,-0.7037,252,AD1 Curncy|BP1 Curncy|CF1 Index|DU1 Comdty|EC1 Curncy|FC1 Comdty|G 1 Comdty|HO1 Comdty|IK1 Comdty|JY1 Curncy|KC1 Comdty|KW1 Comdty|MES1 Index|NO1 Index|NV1 Curncy|PA1 Comdty|PL1 Comdty|QW1 Comdty|RTY1 Index|SM1 Index|US1 Comdty|VG1 Index|W 1 Comdty|XB1 Comdty,sub250k_24,strict66
0.5288,0.2283,0.3753,253,AD1 Curncy|BP1 Curncy|CF1 Index|EC1 Curncy|FC1 Comdty|GC1 Comdty|HO1 Comdty|IK1 Comdty|JY1 Curncy|KC1 Comdty|LC1 Comdty|LH1 Comdty|NG1 Comdty|NO1 Index|NQ1 Index|NV1 Curncy|OAT1 Comdty|OE1 Comdty|QC1 Comdty|RTY1 Index|SI1 Comdty|TU1 Comdty|VG1 Index|Z 1 Index,sub250k_24,strict66
0.2704,0.0262,-0.5057,254,AD1 Curncy|BP1 Curncy|CC1 Comdty|CF1 Index|DM1 Index|DU1 Comdty|EC1 Curncy|EO1 Index|GX1 Index|HG1 Comdty|HO1 Comdty|JY1 Curncy|KC1 Comdty|NG1 Comdty|NV1 Curncy|OAT1 Comdty|OE1 Comdty|S 1 Comdty|SB1 Comdty|SFR5 Comdty|SI1 Comdty|SM1 Comdty|SM1 Index|TP1 Index,sub250k_24,strict66
0.3919,0.2089,-0.2619,255,AD1 Curncy|C 1 Comdty|CC1 Comdty|CD1 Curncy|CF1 Index|CO1 Comdty|DM1 Index|EC1 Curncy|ES1 Index|FC1 Comdty|GX1 Index|IK1 Comdty|JB1 Comdty|JY1 Curncy|NQ1 Index|PA1 Comdty|PL1 Comdty|QS1 Comdty|QW1 Comdty|RTY1 Index|SF1 Curncy|US1 Comdty|UXY1 Comdty|W 1 Comdty,sub250k_24,strict66
0.3119,0.2241,-0.2680,256,AD1 Curncy|BO1 Comdty|CD1 Curncy|CF1 Index|DM1 Index|EC1 Curncy|FV1 Comdty|GC1 Comdty|GX1 Index|HO1 Comdty|KC1 Comdty|LC1 Comdty|NQ1 Index|OE1 Comdty|PA1 Comdty|PE1 Curncy|QS1 Comdty|QW1 Comdty|RX1 Comdty|S 1 Comdty|SF1 Curncy|SM1 Index|TY1 Comdty|VG1 Index,sub250k_24,strict66
0.4879,0.1601,0.1645,257,AD1 Curncy|CC1 Comdty|CD1 Curncy|CF1 Index|DM1 Index|DU1 Comdty|EC1 Curncy|GC1 Comdty|GX1 Index|IK1 Comdty|JY1 Curncy|KC1 Comdty|NG1 Comdty|NQ1 Index|OE1 Comdty|PE1 Curncy|QC1 Comdty|QS1 Comdty|RTY1 Index|S 1 Comdty|SFI5 Comdty|SI1 Comdty|SM1 Index|W 1 Comdty,sub250k_24,strict66
0.2369,-0.0999,-0.6408,258,AD1 Curncy|C 1 Comdty|CF1 Index|CT1 Comdty|DM1 Index|EC1 Curncy|ER4 Comdty|G 1 Comdty|GX1 Index|HG1 Comdty|JY1 Curncy|LH1 Comdty|MES1 Index|NG1 Comdty|NV1 Curncy|OAT1 Comdty|RTY1 Index|RX1 Comdty|S 1 Comdty|SF1 Curncy|SI1 Comdty|SM1 Index|W 1 Comdty|XB1 Comdty,sub250k_24,strict66
0.3899,0.1492,0.2989,259,AD1 Curncy|CD1 Curncy|FC1 Comdty|FV1 Comdty|GC1 Comdty|JY1 Curncy|KW1 Comdty|LC1 Comdty|NG1 Comdty|NO1 Index|NQ1 Index|OE1 Comdty|PE1 Curncy|PL1 Comdty|QS1 Comdty|QW1 Comdty|RTY1 Index|SF1 Curncy|SM1 Comdty|SM1 Index|TP1 Index|TU1 Comdty|UB1 Comdty|VG1 Index,sub250k_24,strict66
0.3472,0.2928,-0.5677,260,BP1 Curncy|C 1 Comdty|CD1 Curncy|CL1 Comdty|CO1 Comdty|DU1 Comdty|EC1 Curncy|ES1 Index|GX1 Index|HG1 Comdty|IK1 Comdty|JY1 Curncy|MES1 Index|NO1 Index|NV1 Curncy|PA1 Comdty|QC1 Comdty|RTY1 Index|S 1 Comdty|SB1 Comdty|SM1 Comdty|TP1 Index|TU1 Comdty|US1 Comdty,sub250k_24,strict66
0.2470,0.0868,-0.3045,261,AD1 Curncy|BP1 Curncy|C 1 Comdty|CF1 Index|DM1 Index|DU1 Comdty|EC1 Curncy|FC1 Comdty|GC1 Comdty|GX1 Index|HG1 Comdty|KC1 Comdty|NG1 Comdty|NV1 Curncy|PE1 Curncy|QS1 Comdty|S 1 Comdty|SFI5 Comdty|SM1 Index|US1 Comdty|VG1 Index|W 1 Comdty|WN1 Comdty|Z 1 Index,sub250k_24,strict66
0.1241,0.1110,-0.1990,262,BP1 Curncy|CC1 Comdty|CD1 Curncy|CO1 Comdty|EO1 Index|FV1 Comdty|GX1 Index|KW1 Comdty|NQ1 Index|NV1 Curncy|PA1 Comdty|PE1 Curncy|PL1 Comdty|QC1 Comdty|SB1 Comdty|SF1 Curncy|TP1 Index|TY1 Comdty|US1 Comdty|UXY1 Comdty|VG1 Index|W 1 Comdty|XB1 Comdty|Z 1 Index,sub250k_24,strict66
0.2699,0.0669,-0.1256,263,AD1 Curncy|BP1 Curncy|CT1 Comdty|ES1 Index|G 1 Comdty|GX1 Index|HO1 Comdty|JY1 Curncy|LC1 Comdty|MES1 Index|NO1 Index|PE1 Curncy|PL1 Comdty|QC1 Comdty|QS1 Comdty|S 1 Comdty|SF1 Curncy|SFI5 Comdty|SI1 Comdty|UB1 Comdty|US1 Comdty|VG1 Index|W 1 Comdty|Z 1 Index,sub250k_24,strict66
0.3567,0.3138,-0.1227,264,AD1 Curncy|BO1 Comdty|BP1 Curncy|CC1 Comdty|CD1 Curncy|CL1 Comdty|CT1 Comdty|DM1 Index|EO1 Index|ES1 Index|FC1 Comdty|G 1 Comdty|GC1 Comdty|GX1 Index|NV1 Curncy|PA1 Comdty|QS1 Comdty|RTY1 Index|SF1 Curncy|SFI5 Comdty|SM1 Comdty|TU1 Comdty|US1 Comdty|VG1 Index,sub250k_24,strict66
0.3312,0.1685,-0.5854,265,BO1 Comdty|BP1 Curncy|CD1 Curncy|CO1 Comdty|CT1 Comdty|DM1 Index|EO1 Index|ES1 Index|GX1 Index|HG1 Comdty|JY1 Curncy|LC1 Comdty|LH1 Comdty|OAT1 Comdty|OE1 Comdty|PE1 Curncy|PL1 Comdty|QS1 Comdty|SF1 Curncy|SFI5 Comdty|SM1 Comdty|SM1 Index|TP1 Index|TU1 Comdty,sub250k_24,strict66
0.4024,0.1688,0.4715,266,AD1 Curncy|CT1 Comdty|DF1 Comdty|DM1 Index|EC1 Curncy|EO1 Index|ES1 Index|FC1 Comdty|G 1 Comdty|GC1 Comdty|HO1 Comdty|JY1 Curncy|NV1 Curncy|OE1 Comdty|PL1 Comdty|QC1 Comdty|S 1 Comdty|SF1 Curncy|SFR5 Comdty|SM1 Index|TP1 Index|UB1 Comdty|VG1 Index|XB1 Comdty,sub250k_24,strict66
0.2482,0.1101,-0.3314,267,AD1 Curncy|BP1 Curncy|C 1 Comdty|CC1 Comdty|CF1 Index|CO1 Comdty|DF1 Comdty|DU1 Comdty|EC1 Curncy|EO1 Index|ES1 Index|G 1 Comdty|HG1 Comdty|MES1 Index|NG1 Comdty|NQ1 Index|PE1 Curncy|S 1 Comdty|SB1 Comdty|SF1 Curncy|SFR5 Comdty|SI1 Comdty|SM1 Index|TU1 Comdty,sub250k_24,strict66
0.2825,-0.0314,-0.4611,268,AD1 Curncy|BP1 Curncy|CF1 Index|DM1 Index|ES1 Index|FC1 Comdty|HG1 Comdty|IK1 Comdty|KC1 Comdty|NG1 Comdty|NO1 Index|NQ1 Index|NV1 Curncy|PE1 Curncy|PL1 Comdty|QC1 Comdty|RS1 Comdty|RX1 Comdty|SB1 Comdty|SF1 Curncy|TY1 Comdty|UB1 Comdty|VG1 Index|XB1 Comdty,sub250k_24,strict66
0.3103,0.0503,-0.3616,269,AD1 Curncy|CD1 Curncy|DM1 Index|ES1 Index|FC1 Comdty|FV1 Comdty|IK1 Comdty|JY1 Curncy|KC1 Comdty|LH1 Comdty|NG1 Comdty|OE1 Comdty|PA1 Comdty|PE1 Curncy|PL1 Comdty|RS1 Comdty|RTY1 Index|SF1 Curncy|SM1 Index|TY1 Comdty|VG1 Index|W 1 Comdty|XB1 Comdty|Z 1 Index,sub250k_24,strict66
0.3469,0.1246,-0.1465,270,AD1 Curncy|BO1 Comdty|DM1 Index|FC1 Comdty|G 1 Comdty|GC1 Comdty|GX1 Index|HG1 Comdty|JB1 Comdty|JY1 Curncy|KW1 Comdty|LC1 Comdty|MES1 Index|NV1 Curncy|OAT1 Comdty|PE1 Curncy|QS1 Comdty|RTY1 Index|S 1 Comdty|SF1 Curncy|SFI5 Comdty|SM1 Index|XB1 Comdty|Z 1 Index,sub250k_24,strict66
0.4945,0.3477,-0.3944,271,AD1 Curncy|C 1 Comdty|CC1 Comdty|CD1 Curncy|CO1 Comdty|DF1 Comdty|EC1 Curncy|HG1 Comdty|IK1 Comdty|JY1 Curncy|KC1 Comdty|LC1 Comdty|NO1 Index|NQ1 Index|NV1 Curncy|PA1 Comdty|RTY1 Index|SFI5 Comdty|SM1 Index|UB1 Comdty|UXY1 Comdty|VG1 Index|XB1 Comdty|Z 1 Index,sub250k_24,strict66
0.1943,0.0628,-0.3110,272,BP1 Curncy|CD1 Curncy|CF1 Index|CO1 Comdty|DF1 Comdty|DU1 Comdty|ER4 Comdty|GX1 Index|HG1 Comdty|JY1 Curncy|KW1 Comdty|MES1 Index|NG1 Comdty|NO1 Index|NV1 Curncy|QC1 Comdty|QW1 Comdty|RTY1 Index|S 1 Comdty|SF1 Curncy|SFR5 Comdty|SI1 Comdty|WN1 Comdty|Z 1 Index,sub250k_24,strict66
0.4314,0.2737,0.3776,273,AD1 Curncy|CD1 Curncy|CF1 Index|CO1 Comdty|CT1 Comdty|DF1 Comdty|GC1 Comdty|HO1 Comdty|JY1 Curncy|LC1 Comdty|LH1 Comdty|NQ1 Index|NV1 Curncy|OE1 Comdty|RTY1 Index|SF1 Curncy|SI1 Comdty|SM1 Index|TP1 Index|TU1 Comdty|UXY1 Comdty|VG1 Index|W 1 Comdty|WN1 Comdty,sub250k_24,strict66
0.3437,0.2216,0.3734,274,AD1 Curncy|CD1 Curncy|CL1 Comdty|DM1 Index|EC1 Curncy|EO1 Index|FC1 Comdty|GC1 Comdty|GX1 Index|HG1 Comdty|KW1 Comdty|LC1 Comdty|LH1 Comdty|MES1 Index|NO1 Index|OE1 Comdty|PE1 Curncy|QC1 Comdty|SF1 Curncy|UB1 Comdty|US1 Comdty|VG1 Index|WN1 Comdty|XB1 Comdty,sub250k_24,strict66
0.3800,0.2893,-0.5100,275,AD1 Curncy|BP1 Curncy|C 1 Comdty|CD1 Curncy|CO1 Comdty|DM1 Index|EC1 Curncy|EO1 Index|JB1 Comdty|LC1 Comdty|NQ1 Index|NV1 Curncy|PA1 Comdty|QS1 Comdty|QW1 Comdty|RS1 Comdty|RTY1 Index|SI1 Comdty|SM1 Comdty|SM1 Index|TP1 Index|TY1 Comdty|US1 Comdty|WN1 Comdty,sub250k_24,strict66
0.0515,-0.0627,-0.7193,276,AD1 Curncy|BP1 Curncy|CC1 Comdty|CF1 Index|CL1 Comdty|DU1 Comdty|EC1 Curncy|GX1 Index|HO1 Comdty|JB1 Comdty|LC1 Comdty|LH1 Comdty|MES1 Index|NQ1 Index|NV1 Curncy|OE1 Comdty|PA1 Comdty|PL1 Comdty|QW1 Comdty|RX1 Comdty|SB1 Comdty|SF1 Curncy|SM1 Index|Z 1 Index,sub250k_24,strict66
0.4155,0.0972,0.3247,277,AD1 Curncy|BP1 Curncy|CF1 Index|CO1 Comdty|EC1 Curncy|EO1 Index|FC1 Comdty|G 1 Comdty|GC1 Comdty|GX1 Index|JB1 Comdty|LH1 Comdty|MES1 Index|NO1 Index|NV1 Curncy|QC1 Comdty|RX1 Comdty|S 1 Comdty|SF1 Curncy|SI1 Comdty|TP1 Index|UB1 Comdty|W 1 Comdty|XB1 Comdty,sub250k_24,strict66
0.2345,0.1799,-0.6312,278,BO1 Comdty|C 1 Comdty|CD1 Curncy|CO1 Comdty|DM1 Index|EC1 Curncy|EO1 Index|ER4 Comdty|FV1 Comdty|HG1 Comdty|KC1 Comdty|MES1 Index|NQ1 Index|NV1 Curncy|PA1 Comdty|PE1 Curncy|RTY1 Index|SF1 Curncy|SM1 Comdty|TP1 Index|TY1 Comdty|UXY1 Comdty|W 1 Comdty|XB1 Comdty,sub250k_24,strict66
0.1193,0.1391,-0.5545,279,AD1 Curncy|C 1 Comdty|CD1 Curncy|CL1 Comdty|DM1 Index|DU1 Comdty|EC1 Curncy|EO1 Index|ES1 Index|HG1 Comdty|HO1 Comdty|JB1 Comdty|KC1 Comdty|KW1 Comdty|LH1 Comdty|MES1 Index|NQ1 Index|NV1 Curncy|PA1 Comdty|QW1 Comdty|RTY1 Index|SF1 Curncy|TU1 Comdty|TY1 Comdty,sub250k_24,strict66
0.5375,0.3997,0.0527,280,CD1 Curncy|CO1 Comdty|CT1 Comdty|EC1 Curncy|EO1 Index|ER4 Comdty|ES1 Index|GC1 Comdty|HO1 Comdty|JY1 Curncy|KC1 Comdty|KW1 Comdty|NO1 Index|NV1 Curncy|OAT1 Comdty|PA1 Comdty|PE1 Curncy|S 1 Comdty|SFR5 Comdty|SM1 Index|UB1 Comdty|VG1 Index|W 1 Comdty|Z 1 Index,sub250k_24,strict66
0.4620,0.3102,0.2692,281,BP1 Curncy|CD1 Curncy|CF1 Index|CL1 Comdty|DF1 Comdty|ER4 Comdty|FC1 Comdty|GC1 Comdty|HG1 Comdty|IK1 Comdty|JY1 Curncy|NG1 Comdty|NO1 Index|PE1 Curncy|QC1 Comdty|RS1 Comdty|RTY1 Index|SF1 Curncy|SM1 Comdty|TP1 Index|TY1 Comdty|UXY1 Comdty|VG1 Index|Z 1 Index,sub250k_24,strict66
0.5194,0.3443,-0.0586,282,BP1 Curncy|CC1 Comdty|CO1 Comdty|DM1 Index|EC1 Curncy|GC1 Comdty|JY1 Curncy|KW1 Comdty|MES1 Index|NQ1 Index|NV1 Curncy|OE1 Comdty|PA1 Comdty|PE1 Curncy|RS1 Comdty|SB1 Comdty|SM1 Index|TP1 Index|UB1 Comdty|UXY1 Comdty|W 1 Comdty|WN1 Comdty|XB1 Comdty|Z 1 Index,sub250k_24,strict66
0.1607,-0.0043,-0.7413,283,AD1 Curncy|BO1 Comdty|BP1 Curncy|CF1 Index|CO1 Comdty|DF1 Comdty|DM1 Index|EO1 Index|FV1 Comdty|G 1 Comdty|GX1 Index|HG1 Comdty|JY1 Curncy|KW1 Comdty|NG1 Comdty|PE1 Curncy|QW1 Comdty|RTY1 Index|SF1 Curncy|SFI5 Comdty|SI1 Comdty|SM1 Index|TU1 Comdty|W 1 Comdty,sub250k_24,strict66
0.4832,0.3512,0.0730,284,AD1 Curncy|CD1 Curncy|CF1 Index|DU1 Comdty|EO1 Index|ES1 Index|GC1 Comdty|HO1 Comdty|JY1 Curncy|KW1 Comdty|LH1 Comdty|NO1 Index|NQ1 Index|OAT1 Comdty|PA1 Comdty|PE1 Curncy|QS1 Comdty|RS1 Comdty|S 1 Comdty|SF1 Curncy|SM1 Index|UB1 Comdty|US1 Comdty|W 1 Comdty,sub250k_24,strict66
0.3374,0.0896,-0.5925,285,BP1 Curncy|C 1 Comdty|CD1 Curncy|CF1 Index|CL1 Comdty|CT1 Comdty|DM1 Index|EC1 Curncy|ER4 Comdty|FC1 Comdty|KW1 Comdty|MES1 Index|NQ1 Index|OAT1 Comdty|PE1 Curncy|PL1 Comdty|QS1 Comdty|RS1 Comdty|SF1 Curncy|SFI5 Comdty|SI1 Comdty|SM1 Index|US1 Comdty|VG1 Index,sub250k_24,strict66
0.1511,-0.0172,-0.8432,286,AD1 Curncy|BP1 Curncy|CF1 Index|CO1 Comdty|DF1 Comdty|DM1 Index|DU1 Comdty|EC1 Curncy|EO1 Index|ER4 Comdty|ES1 Index|G 1 Comdty|HG1 Comdty|JY1 Curncy|KC1 Comdty|KW1 Comdty|MES1 Index|OE1 Comdty|PE1 Curncy|PL1 Comdty|QW1 Comdty|RTY1 Index|SB1 Comdty|XB1 Comdty,sub250k_24,strict66
0.3495,0.1485,0.4588,287,AD1 Curncy|BP1 Curncy|CC1 Comdty|CD1 Curncy|CT1 Comdty|DF1 Comdty|DM1 Index|EC1 Curncy|GC1 Comdty|GX1 Index|HO1 Comdty|NQ1 Index|NV1 Curncy|OE1 Comdty|QC1 Comdty|RX1 Comdty|SI1 Comdty|SM1 Index|TP1 Index|UB1 Comdty|US1 Comdty|W 1 Comdty|XB1 Comdty|Z 1 Index,sub250k_24,strict66
0.3880,0.2876,0.0695,288,AD1 Curncy|CD1 Curncy|CT1 Comdty|DM1 Index|DU1 Comdty|EC1 Curncy|EO1 Index|ER4 Comdty|G 1 Comdty|GC1 Comdty|HO1 Comdty|LC1 Comdty|MES1 Index|NG1 Comdty|NV1 Curncy|PA1 Comdty|QC1 Comdty|RS1 Comdty|RTY1 Index|S 1 Comdty|SF1 Curncy|SM1 Index|TP1 Index|UB1 Comdty,sub250k_24,strict66
0.3638,0.1490,-0.3571,289,BP1 Curncy|CD1 Curncy|CF1 Index|CL1 Comdty|CO1 Comdty|DF1 Comdty|DM1 Index|EC1 Curncy|EO1 Index|ER4 Comdty|FC1 Comdty|GC1 Comdty|JY1 Curncy|KW1 Comdty|NV1 Curncy|OE1 Comdty|PL1 Comdty|S 1 Comdty|SB1 Comdty|SFI5 Comdty|SM1 Index|UB1 Comdty|VG1 Index|Z 1 Index,sub250k_24,strict66
0.4973,0.3399,-0.1123,290,AD1 Curncy|CD1 Curncy|CO1 Comdty|DF1 Comdty|EC1 Curncy|EO1 Index|ER4 Comdty|ES1 Index|FC1 Comdty|G 1 Comdty|GC1 Comdty|JY1 Curncy|KW1 Comdty|NO1 Index|OE1 Comdty|PA1 Comdty|PE1 Curncy|QW1 Comdty|RTY1 Index|S 1 Comdty|SFI5 Comdty|SM1 Index|XB1 Comdty|Z 1 Index,sub250k_24,strict66
0.1269,0.0045,-0.5438,291,AD1 Curncy|CD1 Curncy|CF1 Index|CO1 Comdty|DU1 Comdty|EO1 Index|ES1 Index|KC1 Comdty|KW1 Comdty|MES1 Index|NV1 Curncy|PA1 Comdty|PE1 Curncy|RTY1 Index|SB1 Comdty|SF1 Curncy|SFR5 Comdty|SI1 Comdty|SM1 Comdty|TY1 Comdty|UXY1 Comdty|W 1 Comdty|XB1 Comdty|Z 1 Index,sub250k_24,strict66
0.4368,0.3863,0.2014,292,AD1 Curncy|CD1 Curncy|DF1 Comdty|DM1 Index|EC1 Curncy|EO1 Index|GC1 Comdty|HO1 Comdty|LH1 Comdty|NG1 Comdty|NO1 Index|PA1 Comdty|PE1 Curncy|RS1 Comdty|RX1 Comdty|S 1 Comdty|SF1 Curncy|SFR5 Comdty|TP1 Index|US1 Comdty|VG1 Index|W 1 Comdty|WN1 Comdty|Z 1 Index,sub250k_24,strict66
0.3947,0.2692,-0.1378,293,AD1 Curncy|BO1 Comdty|BP1 Curncy|C 1 Comdty|CD1 Curncy|CO1 Comdty|DF1 Comdty|DM1 Index|EC1 Curncy|FC1 Comdty|FV1 Comdty|GC1 Comdty|HG1 Comdty|HO1 Comdty|JB1 Comdty|MES1 Index|NO1 Index|NV1 Curncy|RTY1 Index|RX1 Comdty|SFI5 Comdty|SM1 Index|VG1 Index|W 1 Comdty,sub250k_24,strict66
0.3612,0.3043,-0.4519,294,BP1 Curncy|CC1 Comdty|CD1 Curncy|CF1 Index|CT1 Comdty|ER4 Comdty|FV1 Comdty|G 1 Comdty|GX1 Index|HG1 Comdty|JY1 Curncy|LC1 Comdty|NG1 Comdty|NO1 Index|NQ1 Index|NV1 Curncy|PA1 Comdty|PE1 Curncy|QS1 Comdty|QW1 Comdty|RTY1 Index|RX1 Comdty|S 1 Comdty|SM1 Index,sub250k_24,strict66
0.2616,0.1441,-0.6549,295,AD1 Curncy|BP1 Curncy|CO1 Comdty|DU1 Comdty|EC1 Curncy|ES1 Index|G 1 Comdty|HG1 Comdty|KC1 Comdty|LC1 Comdty|LH1 Comdty|MES1 Index|NO1 Index|NV1 Curncy|OE1 Comdty|PA1 Comdty|PE1 Curncy|RTY1 Index|S 1 Comdty|TP1 Index|UXY1 Comdty|W 1 Comdty|XB1 Comdty|Z 1 Index,sub250k_24,strict66
0.3643,0.1552,0.2372,296,BP1 Curncy|CD1 Curncy|CT1 Comdty|DM1 Index|EC1 Curncy|EO1 Index|ER4 Comdty|FC1 Comdty|GC1 Comdty|JB1 Comdty|NQ1 Index|NV1 Curncy|PL1 Comdty|QC1 Comdty|QS1 Comdty|RS1 Comdty|SF1 Curncy|SM1 Index|TU1 Comdty|UB1 Comdty|VG1 Index|W 1 Comdty|XB1 Comdty|Z 1 Index,sub250k_24,strict66
0.5349,0.2921,0.0438,297,AD1 Curncy|BO1 Comdty|BP1 Curncy|CD1 Curncy|CF1 Index|CO1 Comdty|CT1 Comdty|DU1 Comdty|EC1 Curncy|ES1 Index|FC1 Comdty|GC1 Comdty|GX1 Index|JY1 Curncy|LC1 Comdty|MES1 Index|OAT1 Comdty|PL1 Comdty|QS1 Comdty|RS1 Comdty|SFR5 Comdty|SM1 Index|UB1 Comdty|VG1 Index,sub250k_24,strict66
0.1672,0.1524,-0.5559,298,AD1 Curncy|CD1 Curncy|DM1 Index|DU1 Comdty|EC1 Curncy|ER4 Comdty|FV1 Comdty|GX1 Index|HG1 Comdty|KW1 Comdty|MES1 Index|NG1 Comdty|NQ1 Index|NV1 Curncy|PE1 Curncy|PL1 Comdty|QC1 Comdty|QS1 Comdty|QW1 Comdty|RS1 Comdty|S 1 Comdty|TP1 Index|TY1 Comdty|VG1 Index,sub250k_24,strict66
0.3784,0.1688,-0.0535,299,AD1 Curncy|CO1 Comdty|CT1 Comdty|DF1 Comdty|DM1 Index|DU1 Comdty|FC1 Comdty|GX1 Index|HG1 Comdty|HO1 Comdty|JY1 Curncy|LH1 Comdty|MES1 Index|NQ1 Index|NV1 Curncy|OAT1 Comdty|PE1 Curncy|SF1 Curncy|SI1 Comdty|UXY1 Comdty|VG1 Index|W 1 Comdty|WN1 Comdty|Z 1 Index,sub250k_24,strict66
0.3594,0.0894,0.2749,300,AD1 Curncy|CD1 Curncy|CF1 Index|CL1 Comdty|DF1 Comdty|DU1 Comdty|EC1 Curncy|EO1 Index|FC1 Comdty|GC1 Comdty|GX1 Index|IK1 Comdty|KC1 Comdty|NQ1 Index|NV1 Curncy|OE1 Comdty|QC1 Comdty|QS1 Comdty|RTY1 Index|SB1 Comdty|SF1 Curncy|SI1 Comdty|TY1 Comdty|VG1 Index,sub250k_24,strict66
0.1975,-0.0420,-0.3707,301,AD1 Curncy|BP1 Curncy|CC1 Comdty|DM1 Index|DU1 Comdty|EC1 Curncy|G 1 Comdty|HO1 Comdty|JY1 Curncy|MES1 Index|NG1 Comdty|NO1 Index|PE1 Curncy|PL1 Comdty|QW1 Comdty|RS1 Comdty|RX1 Comdty|S 1 Comdty|SI1 Comdty|SM1 Index|TP1 Index|W 1 Comdty|WN1 Comdty|Z 1 Index,sub250k_24,strict66
0.2367,0.0377,-0.3766,302,BO1 Comdty|BP1 Curncy|CD1 Curncy|CF1 Index|DU1 Comdty|EC1 Curncy|G 1 Comdty|GX1 Index|HO1 Comdty|JB1 Comdty|JY1 Curncy|KC1 Comdty|LH1 Comdty|MES1 Index|NO1 Index|NV1 Curncy|PA1 Comdty|QC1 Comdty|RX1 Comdty|SB1 Comdty|SI1 Comdty|SM1 Index|XB1 Comdty|Z 1 Index,sub250k_24,strict66
0.3534,0.1732,-0.2620,303,BP1 Curncy|CF1 Index|EC1 Curncy|ER4 Comdty|ES1 Index|G 1 Comdty|GC1 Comdty|HG1 Comdty|IK1 Comdty|JY1 Curncy|KW1 Comdty|LH1 Comdty|MES1 Index|NG1 Comdty|NO1 Index|PE1 Curncy|QW1 Comdty|RTY1 Index|S 1 Comdty|SF1 Curncy|TY1 Comdty|VG1 Index|W 1 Comdty|XB1 Comdty,sub250k_24,strict66
0.3588,0.1560,-0.0898,304,AD1 Curncy|BP1 Curncy|CD1 Curncy|CF1 Index|CL1 Comdty|DF1 Comdty|DM1 Index|FC1 Comdty|GX1 Index|HG1 Comdty|IK1 Comdty|KC1 Comdty|NO1 Index|NQ1 Index|NV1 Curncy|OAT1 Comdty|QC1 Comdty|QS1 Comdty|S 1 Comdty|SF1 Curncy|SI1 Comdty|SM1 Index|TU1 Comdty|UXY1 Comdty,sub250k_24,strict66
0.2889,-0.0545,-0.5577,305,BO1 Comdty|BP1 Curncy|C 1 Comdty|CD1 Curncy|CO1 Comdty|DM1 Index|EO1 Index|ES1 Index|FC1 Comdty|G 1 Comdty|GX1 Index|LC1 Comdty|NG1 Comdty|NQ1 Index|NV1 Curncy|OAT1 Comdty|PE1 Curncy|PL1 Comdty|RS1 Comdty|SF1 Curncy|SI1 Comdty|SM1 Index|UB1 Comdty|US1 Comdty,sub250k_24,strict66
0.2684,0.0242,-0.4910,306,AD1 Curncy|BO1 Comdty|CC1 Comdty|CD1 Curncy|CO1 Comdty|DM1 Index|EC1 Curncy|EO1 Index|ES1 Index|HG1 Comdty|KW1 Comdty|LH1 Comdty|NG1 Comdty|NO1 Index|NQ1 Index|NV1 Curncy|OE1 Comdty|RX1 Comdty|SB1 Comdty|SF1 Curncy|SI1 Comdty|TY1 Comdty|US1 Comdty|VG1 Index,sub250k_24,strict66
0.5887,0.4572,0.2299,307,AD1 Curncy|BO1 Comdty|BP1 Curncy|CO1 Comdty|EC1 Curncy|ES1 Index|FV1 Comdty|GC1 Comdty|JY1 Curncy|KW1 Comdty|LC1 Comdty|LH1 Comdty|MES1 Index|OAT1 Comdty|PE1 Curncy|QS1 Comdty|RTY1 Index|SFR5 Comdty|SI1 Comdty|SM1 Comdty|SM1 Index|TP1 Index|TU1 Comdty|VG1 Index,sub250k_24,strict66
0.4623,0.2350,-0.2492,308,C 1 Comdty|CD1 Curncy|CL1 Comdty|DM1 Index|EC1 Curncy|FC1 Comdty|G 1 Comdty|JY1 Curncy|NO1 Index|NQ1 Index|NV1 Curncy|OE1 Comdty|PA1 Comdty|QC1 Comdty|QS1 Comdty|RS1 Comdty|RTY1 Index|S 1 Comdty|SF1 Curncy|SFI5 Comdty|SI1 Comdty|SM1 Index|US1 Comdty|VG1 Index,sub250k_24,strict66
0.4097,0.2871,0.2539,309,AD1 Curncy|BP1 Curncy|CO1 Comdty|DF1 Comdty|EC1 Curncy|EO1 Index|ES1 Index|FC1 Comdty|FV1 Comdty|G 1 Comdty|HG1 Comdty|LC1 Comdty|LH1 Comdty|NO1 Index|PE1 Curncy|QC1 Comdty|QS1 Comdty|SF1 Curncy|SI1 Comdty|SM1 Index|TY1 Comdty|US1 Comdty|VG1 Index|Z 1 Index,sub250k_24,strict66
0.2661,0.0877,0.0255,310,BP1 Curncy|CD1 Curncy|CL1 Comdty|CT1 Comdty|EO1 Index|FV1 Comdty|GX1 Index|JB1 Comdty|JY1 Curncy|KC1 Comdty|MES1 Index|NQ1 Index|NV1 Curncy|PE1 Curncy|PL1 Comdty|QC1 Comdty|SB1 Comdty|SI1 Comdty|SM1 Comdty|SM1 Index|TP1 Index|TU1 Comdty|UB1 Comdty|XB1 Comdty,sub250k_24,strict66
-0.0145,-0.1173,-0.7648,311,AD1 Curncy|BO1 Comdty|BP1 Curncy|CF1 Index|DU1 Comdty|EC1 Curncy|FV1 Comdty|GX1 Index|HG1 Comdty|KC1 Comdty|MES1 Index|NG1 Comdty|NQ1 Index|PE1 Curncy|PL1 Comdty|QW1 Comdty|RTY1 Index|S 1 Comdty|SF1 Curncy|SM1 Comdty|TU1 Comdty|VG1 Index|WN1 Comdty|XB1 Comdty,sub250k_24,strict66
0.3670,0.2928,0.1521,312,AD1 Curncy|BO1 Comdty|BP1 Curncy|CC1 Comdty|CF1 Index|CO1 Comdty|DF1 Comdty|DM1 Index|EO1 Index|FV1 Comdty|G 1 Comdty|GC1 Comdty|HG1 Comdty|JY1 Curncy|LC1 Comdty|OE1 Comdty|PE1 Curncy|QS1 Comdty|RTY1 Index|SB1 Comdty|SF1 Curncy|TP1 Index|TU1 Comdty|VG1 Index,sub250k_24,strict66
0.3279,0.2566,-0.1187,313,AD1 Curncy|CF1 Index|CL1 Comdty|DF1 Comdty|EC1 Curncy|EO1 Index|ES1 Index|HG1 Comdty|JY1 Curncy|KC1 Comdty|LC1 Comdty|MES1 Index|NQ1 Index|NV1 Curncy|OAT1 Comdty|PE1 Curncy|PL1 Comdty|QC1 Comdty|SB1 Comdty|SFR5 Comdty|TP1 Index|TY1 Comdty|UXY1 Comdty|XB1 Comdty,sub250k_24,strict66
0.2133,0.0277,-0.6785,314,AD1 Curncy|CD1 Curncy|CO1 Comdty|DF1 Comdty|ES1 Index|G 1 Comdty|HO1 Comdty|MES1 Index|NO1 Index|NV1 Curncy|PA1 Comdty|PE1 Curncy|QW1 Comdty|RTY1 Index|RX1 Comdty|SB1 Comdty|SF1 Curncy|SI1 Comdty|SM1 Comdty|TP1 Index|UB1 Comdty|W 1 Comdty|WN1 Comdty|Z 1 Index,sub250k_24,strict66
0.5157,0.2689,0.2643,315,AD1 Curncy|BP1 Curncy|CC1 Comdty|CD1 Curncy|EC1 Curncy|EO1 Index|FC1 Comdty|GC1 Comdty|GX1 Index|JB1 Comdty|KC1 Comdty|NG1 Comdty|NO1 Index|NQ1 Index|NV1 Curncy|OE1 Comdty|QS1 Comdty|QW1 Comdty|RS1 Comdty|SFI5 Comdty|SI1 Comdty|SM1 Index|TP1 Index|TU1 Comdty,sub250k_24,strict66
0.4088,0.2664,0.0165,316,AD1 Curncy|BO1 Comdty|CC1 Comdty|CF1 Index|DM1 Index|DU1 Comdty|EC1 Curncy|ES1 Index|GC1 Comdty|HG1 Comdty|HO1 Comdty|JY1 Curncy|KW1 Comdty|MES1 Index|NG1 Comdty|NO1 Index|NQ1 Index|PE1 Curncy|QW1 Comdty|RX1 Comdty|S 1 Comdty|SF1 Curncy|SFR5 Comdty|UXY1 Comdty,sub250k_24,strict66
0.2966,0.1740,-0.1771,317,AD1 Curncy|BO1 Comdty|BP1 Curncy|CD1 Curncy|CT1 Comdty|ES1 Index|FV1 Comdty|GC1 Comdty|GX1 Index|HO1 Comdty|MES1 Index|NG1 Comdty|NO1 Index|NV1 Curncy|RS1 Comdty|RTY1 Index|S 1 Comdty|SB1 Comdty|SF1 Curncy|SFI5 Comdty|SI1 Comdty|SM1 Index|TY1 Comdty|US1 Comdty,sub250k_24,strict66
0.3574,0.1861,-0.4900,318,BO1 Comdty|BP1 Curncy|CD1 Curncy|CL1 Comdty|DF1 Comdty|DM1 Index|EC1 Curncy|ES1 Index|FC1 Comdty|HG1 Comdty|HO1 Comdty|IK1 Comdty|JY1 Curncy|MES1 Index|NO1 Index|OE1 Comdty|PE1 Curncy|PL1 Comdty|QW1 Comdty|RS1 Comdty|RX1 Comdty|TP1 Index|VG1 Index|WN1 Comdty,sub250k_24,strict66
0.3331,0.2815,-0.1067,319,BO1 Comdty|BP1 Curncy|CD1 Curncy|EO1 Index|ER4 Comdty|ES1 Index|GX1 Index|HG1 Comdty|JY1 Curncy|LC1 Comdty|NQ1 Index|PE1 Curncy|PL1 Comdty|QC1 Comdty|QS1 Comdty|RS1 Comdty|S 1 Comdty|SF1 Curncy|SFR5 Comdty|TP1 Index|TY1 Comdty|UXY1 Comdty|VG1 Index|XB1 Comdty,sub250k_24,strict66
0.5435,0.2739,0.1708,320,BP1 Curncy|CD1 Curncy|CF1 Index|DM1 Index|EC1 Curncy|FC1 Comdty|GC1 Comdty|GX1 Index|HO1 Comdty|IK1 Comdty|JY1 Curncy|KC1 Comdty|MES1 Index|NO1 Index|PL1 Comdty|QC1 Comdty|QS1 Comdty|QW1 Comdty|SF1 Curncy|SFI5 Comdty|TP1 Index|UB1 Comdty|UXY1 Comdty|W 1 Comdty,sub250k_24,strict66
0.3902,0.2063,0.0891,321,AD1 Curncy|CD1 Curncy|CF1 Index|EC1 Curncy|ES1 Index|FV1 Comdty|GC1 Comdty|GX1 Index|HO1 Comdty|IK1 Comdty|JB1 Comdty|KC1 Comdty|MES1 Index|PE1 Curncy|QC1 Comdty|QS1 Comdty|RS1 Comdty|S 1 Comdty|SF1 Curncy|SFI5 Comdty|SI1 Comdty|SM1 Index|VG1 Index|W 1 Comdty,sub250k_24,strict66
0.5150,0.5003,0.2406,322,BP1 Curncy|CC1 Comdty|CD1 Curncy|CF1 Index|CL1 Comdty|CO1 Comdty|DF1 Comdty|EO1 Index|ER4 Comdty|FV1 Comdty|GC1 Comdty|GX1 Index|IK1 Comdty|LC1 Comdty|NQ1 Index|NV1 Curncy|PA1 Comdty|PE1 Curncy|QC1 Comdty|RS1 Comdty|RTY1 Index|SF1 Curncy|SFR5 Comdty|SM1 Index,sub250k_24,strict66
0.5060,0.3899,0.0350,323,BO1 Comdty|CC1 Comdty|CD1 Curncy|CF1 Index|CO1 Comdty|EC1 Curncy|EO1 Index|ES1 Index|FC1 Comdty|G 1 Comdty|GC1 Comdty|HO1 Comdty|JY1 Curncy|NO1 Index|NV1 Curncy|OE1 Comdty|PA1 Comdty|PE1 Curncy|RS1 Comdty|SFI5 Comdty|TP1 Index|TY1 Comdty|W 1 Comdty|Z 1 Index,sub250k_24,strict66
0.1013,0.1320,-0.5820,324,AD1 Curncy|BP1 Curncy|CD1 Curncy|CF1 Index|CL1 Comdty|DF1 Comdty|EO1 Index|ER4 Comdty|HG1 Comdty|LH1 Comdty|NO1 Index|NV1 Curncy|OE1 Comdty|PA1 Comdty|PE1 Curncy|QC1 Comdty|SM1 Comdty|SM1 Index|TY1 Comdty|VG1 Index|W 1 Comdty|WN1 Comdty|XB1 Comdty|Z 1 Index,sub250k_24,strict66
0.2440,0.2775,-0.2484,325,BP1 Curncy|CC1 Comdty|CD1 Curncy|CF1 Index|CL1 Comdty|DF1 Comdty|DM1 Index|DU1 Comdty|EC1 Curncy|EO1 Index|FV1 Comdty|HG1 Comdty|JY1 Curncy|LC1 Comdty|MES1 Index|PA1 Comdty|QC1 Comdty|RS1 Comdty|RTY1 Index|SF1 Curncy|SM1 Index|US1 Comdty|UXY1 Comdty|XB1 Comdty,sub250k_24,strict66
0.1957,-0.0320,-0.6296,326,AD1 Curncy|BO1 Comdty|BP1 Curncy|CD1 Curncy|CF1 Index|DF1 Comdty|EC1 Curncy|EO1 Index|ER4 Comdty|KC1 Comdty|MES1 Index|NG1 Comdty|NO1 Index|OE1 Comdty|PA1 Comdty|PE1 Curncy|RX1 Comdty|SI1 Comdty|SM1 Comdty|TP1 Index|W 1 Comdty|WN1 Comdty|XB1 Comdty|Z 1 Index,sub250k_24,strict66
0.3238,-0.0447,-0.5284,327,BO1 Comdty|BP1 Curncy|CD1 Curncy|CO1 Comdty|DM1 Index|EC1 Curncy|FC1 Comdty|FV1 Comdty|JY1 Curncy|KC1 Comdty|MES1 Index|OE1 Comdty|PL1 Comdty|QS1 Comdty|RTY1 Index|RX1 Comdty|SB1 Comdty|SF1 Curncy|SI1 Comdty|SM1 Comdty|SM1 Index|TP1 Index|UXY1 Comdty|Z 1 Index,sub250k_24,strict66
0.2115,0.1399,0.3385,328,AD1 Curncy|CC1 Comdty|CD1 Curncy|CF1 Index|EC1 Curncy|ER4 Comdty|FV1 Comdty|GC1 Comdty|GX1 Index|LH1 Comdty|MES1 Index|NG1 Comdty|NO1 Index|PE1 Curncy|PL1 Comdty|QC1 Comdty|SB1 Comdty|SF1 Curncy|TY1 Comdty|US1 Comdty|VG1 Index|W 1 Comdty|XB1 Comdty|Z 1 Index,sub250k_24,strict66
0.4942,0.2573,0.2864,329,AD1 Curncy|BO1 Comdty|CD1 Curncy|CO1 Comdty|CT1 Comdty|EC1 Curncy|EO1 Index|ES1 Index|FC1 Comdty|GC1 Comdty|HO1 Comdty|LC1 Comdty|MES1 Index|NQ1 Index|PE1 Curncy|RTY1 Index|RX1 Comdty|SF1 Curncy|SI1 Comdty|SM1 Comdty|TP1 Index|TU1 Comdty|UB1 Comdty|WN1 Comdty,sub250k_24,strict66
0.3423,-0.0078,-0.3365,330,AD1 Curncy|BP1 Curncy|CD1 Curncy|CF1 Index|CL1 Comdty|DM1 Index|DU1 Comdty|FC1 Comdty|JY1 Curncy|KC1 Comdty|LH1 Comdty|MES1 Index|NG1 Comdty|NO1 Index|PL1 Comdty|RX1 Comdty|S 1 Comdty|SB1 Comdty|SF1 Curncy|SFI5 Comdty|SFR5 Comdty|SI1 Comdty|SM1 Index|TP1 Index,sub250k_24,strict66
0.2724,0.2855,-0.2465,331,C 1 Comdty|CD1 Curncy|EO1 Index|ER4 Comdty|HG1 Comdty|JY1 Curncy|MES1 Index|NV1 Curncy|PA1 Comdty|PE1 Curncy|QC1 Comdty|QS1 Comdty|RTY1 Index|S 1 Comdty|SF1 Curncy|SFR5 Comdty|SM1 Comdty|SM1 Index|TP1 Index|TU1 Comdty|US1 Comdty|VG1 Index|W 1 Comdty|XB1 Comdty,sub250k_24,strict66
0.1518,-0.0914,-0.7642,332,AD1 Curncy|BO1 Comdty|BP1 Curncy|EO1 Index|ES1 Index|JY1 Curncy|LC1 Comdty|NG1 Comdty|NQ1 Index|NV1 Curncy|OAT1 Comdty|OE1 Comdty|PA1 Comdty|PL1 Comdty|QC1 Comdty|QW1 Comdty|RX1 Comdty|SF1 Curncy|SM1 Comdty|SM1 Index|VG1 Index|WN1 Comdty|XB1 Comdty|Z 1 Index,sub250k_24,strict66
0.5862,0.3231,-0.1662,333,AD1 Curncy|C 1 Comdty|CC1 Comdty|CO1 Comdty|EC1 Curncy|ES1 Index|GC1 Comdty|HG1 Comdty|IK1 Comdty|JY1 Curncy|KW1 Comdty|MES1 Index|NG1 Comdty|NV1 Curncy|PE1 Curncy|RTY1 Index|RX1 Comdty|SB1 Comdty|SFI5 Comdty|SM1 Comdty|SM1 Index|TP1 Index|UXY1 Comdty|VG1 Index,sub250k_24,strict66
0.2695,0.1851,-0.7152,334,BP1 Curncy|CD1 Curncy|CF1 Index|DU1 Comdty|EO1 Index|ER4 Comdty|HG1 Comdty|HO1 Comdty|JB1 Comdty|JY1 Curncy|KC1 Comdty|LH1 Comdty|NQ1 Index|NV1 Curncy|OAT1 Comdty|PA1 Comdty|PE1 Curncy|QW1 Comdty|RS1 Comdty|SB1 Comdty|SM1 Index|TP1 Index|XB1 Comdty|Z 1 Index,sub250k_24,strict66
0.1055,-0.0057,-0.5933,335,CD1 Curncy|CF1 Index|CL1 Comdty|DM1 Index|DU1 Comdty|EC1 Curncy|GX1 Index|HG1 Comdty|HO1 Comdty|JY1 Curncy|LC1 Comdty|MES1 Index|NQ1 Index|NV1 Curncy|OE1 Comdty|PE1 Curncy|PL1 Comdty|QC1 Comdty|SB1 Comdty|SM1 Comdty|SM1 Index|US1 Comdty|UXY1 Comdty|W 1 Comdty,sub250k_24,strict66
0.5443,0.4452,0.2348,336,AD1 Curncy|C 1 Comdty|CL1 Comdty|ER4 Comdty|ES1 Index|GC1 Comdty|GX1 Index|HO1 Comdty|IK1 Comdty|JY1 Curncy|KC1 Comdty|LH1 Comdty|MES1 Index|NV1 Curncy|PA1 Comdty|PE1 Curncy|QC1 Comdty|RS1 Comdty|RTY1 Index|RX1 Comdty|SF1 Curncy|TP1 Index|US1 Comdty|VG1 Index,sub250k_24,strict66
0.3436,0.2611,-0.2478,337,BP1 Curncy|C 1 Comdty|CC1 Comdty|CO1 Comdty|EC1 Curncy|EO1 Index|ER4 Comdty|FV1 Comdty|HG1 Comdty|JY1 Curncy|LC1 Comdty|LH1 Comdty|NO1 Index|NQ1 Index|OE1 Comdty|PE1 Curncy|PL1 Comdty|QS1 Comdty|S 1 Comdty|SF1 Curncy|SFI5 Comdty|SM1 Index|VG1 Index|Z 1 Index,sub250k_24,strict66
0.4681,0.3567,0.0767,338,BO1 Comdty|BP1 Curncy|DF1 Comdty|DM1 Index|DU1 Comdty|EC1 Curncy|FV1 Comdty|GC1 Comdty|JB1 Comdty|JY1 Curncy|LH1 Comdty|MES1 Index|NG1 Comdty|NO1 Index|NQ1 Index|NV1 Curncy|PA1 Comdty|QS1 Comdty|SF1 Curncy|SM1 Comdty|SM1 Index|US1 Comdty|VG1 Index|W 1 Comdty,sub250k_24,strict66
0.3734,0.1843,-0.2471,339,BO1 Comdty|CF1 Index|CO1 Comdty|CT1 Comdty|DM1 Index|EC1 Curncy|FC1 Comdty|FV1 Comdty|JY1 Curncy|NO1 Index|NQ1 Index|NV1 Curncy|PE1 Curncy|PL1 Comdty|QS1 Comdty|RS1 Comdty|RTY1 Index|SF1 Curncy|SI1 Comdty|SM1 Comdty|TU1 Comdty|US1 Comdty|WN1 Comdty|Z 1 Index,sub250k_24,strict66
0.4624,0.4806,-0.0482,340,AD1 Curncy|BO1 Comdty|BP1 Curncy|CF1 Index|CL1 Comdty|DM1 Index|EO1 Index|FC1 Comdty|GC1 Comdty|GX1 Index|JY1 Curncy|NO1 Index|NV1 Curncy|PA1 Comdty|PE1 Curncy|QC1 Comdty|QS1 Comdty|S 1 Comdty|SFI5 Comdty|SM1 Comdty|SM1 Index|TU1 Comdty|US1 Comdty|UXY1 Comdty,sub250k_24,strict66
0.4324,0.1754,-0.1820,341,AD1 Curncy|CD1 Curncy|CO1 Comdty|DM1 Index|EC1 Curncy|EO1 Index|FC1 Comdty|LC1 Comdty|LH1 Comdty|NG1 Comdty|NQ1 Index|OAT1 Comdty|PE1 Curncy|PL1 Comdty|QC1 Comdty|RTY1 Index|SF1 Curncy|SFI5 Comdty|SI1 Comdty|SM1 Comdty|TP1 Index|TY1 Comdty|UXY1 Comdty|VG1 Index,sub250k_24,strict66
0.4085,0.3348,0.0892,342,AD1 Curncy|CC1 Comdty|CD1 Curncy|CF1 Index|CL1 Comdty|CO1 Comdty|DF1 Comdty|DM1 Index|DU1 Comdty|EC1 Curncy|ES1 Index|G 1 Comdty|GC1 Comdty|GX1 Index|HG1 Comdty|IK1 Comdty|NV1 Curncy|PE1 Curncy|QC1 Comdty|RS1 Comdty|RTY1 Index|S 1 Comdty|TP1 Index|UXY1 Comdty,sub250k_24,strict66
0.2626,0.1224,-0.2550,343,AD1 Curncy|CD1 Curncy|CT1 Comdty|DM1 Index|EO1 Index|ES1 Index|GX1 Index|HG1 Comdty|HO1 Comdty|IK1 Comdty|JY1 Curncy|OE1 Comdty|PE1 Curncy|PL1 Comdty|QC1 Comdty|QS1 Comdty|RS1 Comdty|S 1 Comdty|SF1 Curncy|SM1 Comdty|TP1 Index|TY1 Comdty|UXY1 Comdty|Z 1 Index,sub250k_24,strict66
0.3639,0.1967,0.2081,344,AD1 Curncy|CC1 Comdty|CD1 Curncy|CF1 Index|DF1 Comdty|DU1 Comdty|FC1 Comdty|GC1 Comdty|GX1 Index|NO1 Index|NQ1 Index|NV1 Curncy|OE1 Comdty|PA1 Comdty|PE1 Curncy|QS1 Comdty|QW1 Comdty|SB1 Comdty|SF1 Curncy|SM1 Index|TP1 Index|UB1 Comdty|UXY1 Comdty|XB1 Comdty,sub250k_24,strict66
0.2612,0.1991,-0.4795,345,CD1 Curncy|CF1 Index|DF1 Comdty|EC1 Curncy|EO1 Index|ER4 Comdty|FC1 Comdty|GX1 Index|HG1 Comdty|HO1 Comdty|JY1 Curncy|LC1 Comdty|NV1 Curncy|OAT1 Comdty|PA1 Comdty|QS1 Comdty|RTY1 Index|S 1 Comdty|SF1 Curncy|TY1 Comdty|VG1 Index|W 1 Comdty|WN1 Comdty|Z 1 Index,sub250k_24,strict66
0.4775,0.3568,-0.1014,346,AD1 Curncy|BO1 Comdty|BP1 Curncy|CF1 Index|CO1 Comdty|DF1 Comdty|DM1 Index|DU1 Comdty|EO1 Index|FC1 Comdty|GC1 Comdty|GX1 Index|JY1 Curncy|LH1 Comdty|NV1 Curncy|OAT1 Comdty|PA1 Comdty|PE1 Curncy|RS1 Comdty|SFR5 Comdty|SM1 Index|US1 Comdty|XB1 Comdty|Z 1 Index,sub250k_24,strict66
0.3477,0.1117,-0.5919,347,AD1 Curncy|BO1 Comdty|BP1 Curncy|CF1 Index|DM1 Index|EC1 Curncy|GX1 Index|HO1 Comdty|IK1 Comdty|JY1 Curncy|KC1 Comdty|LH1 Comdty|NG1 Comdty|NO1 Index|NQ1 Index|NV1 Curncy|OAT1 Comdty|PL1 Comdty|RS1 Comdty|RTY1 Index|SI1 Comdty|TY1 Comdty|W 1 Comdty|WN1 Comdty,sub250k_24,strict66
0.4801,0.4002,0.0368,348,AD1 Curncy|BO1 Comdty|BP1 Curncy|CC1 Comdty|CO1 Comdty|EO1 Index|G 1 Comdty|GC1 Comdty|GX1 Index|JY1 Curncy|LH1 Comdty|NQ1 Index|OE1 Comdty|PA1 Comdty|PE1 Curncy|QS1 Comdty|QW1 Comdty|RTY1 Index|S 1 Comdty|SF1 Curncy|SM1 Index|TP1 Index|TU1 Comdty|US1 Comdty,sub250k_24,strict66
0.5162,0.4332,0.1376,349,BP1 Curncy|CC1 Comdty|CL1 Comdty|CT1 Comdty|DM1 Index|DU1 Comdty|EC1 Curncy|ES1 Index|GC1 Comdty|GX1 Index|HO1 Comdty|JB1 Comdty|JY1 Curncy|KC1 Comdty|NQ1 Index|NV1 Curncy|PA1 Comdty|RS1 Comdty|SF1 Curncy|SFI5 Comdty|SFR5 Comdty|SM1 Comdty|SM1 Index|TP1 Index,sub250k_24,strict66
0.3142,0.1270,-0.3539,350,AD1 Curncy|CL1 Comdty|DM1 Index|DU1 Comdty|EC1 Curncy|ER4 Comdty|HG1 Comdty|IK1 Comdty|JB1 Comdty|JY1 Curncy|LC1 Comdty|MES1 Index|NO1 Index|NQ1 Index|NV1 Curncy|PE1 Curncy|QC1 Comdty|QS1 Comdty|QW1 Comdty|RTY1 Index|SB1 Comdty|SI1 Comdty|SM1 Comdty|Z 1 Index,sub250k_24,strict66
0.4590,0.2473,0.0340,351,BO1 Comdty|CD1 Curncy|CF1 Index|DF1 Comdty|EO1 Index|GC1 Comdty|JY1 Curncy|KC1 Comdty|NG1 Comdty|NO1 Index|NQ1 Index|NV1 Curncy|PE1 Curncy|PL1 Comdty|QW1 Comdty|RS1 Comdty|SF1 Curncy|SFI5 Comdty|SFR5 Comdty|SM1 Index|TP1 Index|UB1 Comdty|UXY1 Comdty|XB1 Comdty,sub250k_24,strict66
0.3141,0.1837,-0.2011,352,AD1 Curncy|CD1 Curncy|DM1 Index|DU1 Comdty|EC1 Curncy|EO1 Index|FC1 Comdty|HG1 Comdty|LC1 Comdty|MES1 Index|NG1 Comdty|NQ1 Index|OE1 Comdty|PA1 Comdty|PE1 Curncy|QC1 Comdty|QS1 Comdty|SF1 Curncy|SFR5 Comdty|SM1 Comdty|TP1 Index|VG1 Index|W 1 Comdty|WN1 Comdty,sub250k_24,strict66
0.1095,-0.1864,-0.5279,353,BP1 Curncy|CD1 Curncy|DM1 Index|DU1 Comdty|EC1 Curncy|ER4 Comdty|FV1 Comdty|KC1 Comdty|KW1 Comdty|LC1 Comdty|MES1 Index|NG1 Comdty|NQ1 Index|OE1 Comdty|PE1 Curncy|PL1 Comdty|QW1 Comdty|RTY1 Index|SF1 Curncy|SI1 Comdty|SM1 Index|TP1 Index|W 1 Comdty|XB1 Comdty,sub250k_24,strict66
0.2976,0.1139,-0.2913,354,AD1 Curncy|CD1 Curncy|CF1 Index|CT1 Comdty|ES1 Index|GX1 Index|JY1 Curncy|KW1 Comdty|MES1 Index|NG1 Comdty|NV1 Curncy|OE1 Comdty|PA1 Comdty|PL1 Comdty|QC1 Comdty|QS1 Comdty|RS1 Comdty|SF1 Curncy|SFR5 Comdty|SM1 Index|TP1 Index|UB1 Comdty|US1 Comdty|W 1 Comdty,sub250k_24,strict66
0.4165,0.3748,0.0481,355,BO1 Comdty|BP1 Curncy|C 1 Comdty|CC1 Comdty|CF1 Index|CO1 Comdty|EC1 Curncy|GX1 Index|JY1 Curncy|MES1 Index|NG1 Comdty|NO1 Index|NV1 Curncy|PA1 Comdty|PE1 Curncy|QC1 Comdty|SFR5 Comdty|SI1 Comdty|SM1 Index|TP1 Index|TU1 Comdty|TY1 Comdty|US1 Comdty|W 1 Comdty,sub250k_24,strict66
0.2279,-0.0522,-0.3411,356,AD1 Curncy|BP1 Curncy|C 1 Comdty|CD1 Curncy|CF1 Index|DU1 Comdty|EO1 Index|ES1 Index|HG1 Comdty|IK1 Comdty|JB1 Comdty|JY1 Curncy|KC1 Comdty|NG1 Comdty|OAT1 Comdty|PL1 Comdty|QC1 Comdty|QS1 Comdty|RS1 Comdty|SF1 Curncy|SM1 Index|TP1 Index|VG1 Index|W 1 Comdty,sub250k_24,strict66
0.5487,0.4601,0.1754,357,BP1 Curncy|C 1 Comdty|CD1 Curncy|CL1 Comdty|CO1 Comdty|CT1 Comdty|DF1 Comdty|DM1 Index|EO1 Index|GC1 Comdty|JY1 Curncy|NO1 Index|NQ1 Index|NV1 Curncy|OAT1 Comdty|PA1 Comdty|PE1 Curncy|QC1 Comdty|RTY1 Index|RX1 Comdty|SM1 Comdty|UB1 Comdty|VG1 Index|WN1 Comdty,sub250k_24,strict66
0.3914,0.2294,-0.3396,358,AD1 Curncy|BP1 Curncy|C 1 Comdty|CF1 Index|CO1 Comdty|DM1 Index|EC1 Curncy|ES1 Index|G 1 Comdty|GC1 Comdty|IK1 Comdty|LH1 Comdty|MES1 Index|NG1 Comdty|NV1 Curncy|PE1 Curncy|PL1 Comdty|QC1 Comdty|S 1 Comdty|SFI5 Comdty|SM1 Comdty|VG1 Index|WN1 Comdty|Z 1 Index,sub250k_24,strict66
0.4109,0.3523,0.0355,359,BP1 Curncy|CL1 Comdty|EO1 Index|FV1 Comdty|G 1 Comdty|GC1 Comdty|JY1 Curncy|KC1 Comdty|MES1 Index|NQ1 Index|NV1 Curncy|OE1 Comdty|PA1 Comdty|PE1 Curncy|QC1 Comdty|QS1 Comdty|QW1 Comdty|RS1 Comdty|RTY1 Index|S 1 Comdty|SF1 Curncy|TP1 Index|TY1 Comdty|Z 1 Index,sub250k_24,strict66
0.3345,0.1256,-0.0225,360,C 1 Comdty|CC1 Comdty|CD1 Curncy|CF1 Index|DM1 Index|EO1 Index|ES1 Index|FC1 Comdty|HG1 Comdty|JY1 Curncy|NO1 Index|NQ1 Index|NV1 Curncy|OE1 Comdty|PE1 Curncy|QS1 Comdty|SF1 Curncy|SFI5 Comdty|SFR5 Comdty|SI1 Comdty|SM1 Comdty|TU1 Comdty|W 1 Comdty|XB1 Comdty,sub250k_24,strict66
0.2042,-0.0308,-0.4330,361,AD1 Curncy|BP1 Curncy|CC1 Comdty|CF1 Index|CO1 Comdty|EC1 Curncy|EO1 Index|HG1 Comdty|HO1 Comdty|IK1 Comdty|KC1 Comdty|KW1 Comdty|MES1 Index|NO1 Index|NQ1 Index|NV1 Curncy|OE1 Comdty|RX1 Comdty|S 1 Comdty|SF1 Curncy|SI1 Comdty|US1 Comdty|W 1 Comdty|Z 1 Index,sub250k_24,strict66
0.4812,0.3897,-0.2097,362,AD1 Curncy|CD1 Curncy|CF1 Index|DM1 Index|EC1 Curncy|GC1 Comdty|GX1 Index|IK1 Comdty|JY1 Curncy|KW1 Comdty|LH1 Comdty|MES1 Index|NQ1 Index|PE1 Curncy|PL1 Comdty|QS1 Comdty|RS1 Comdty|S 1 Comdty|SB1 Comdty|SFI5 Comdty|SFR5 Comdty|SM1 Index|WN1 Comdty|XB1 Comdty,sub250k_24,strict66
0.2136,0.0921,-0.5528,363,AD1 Curncy|C 1 Comdty|CD1 Curncy|CF1 Index|CL1 Comdty|CT1 Comdty|DM1 Index|EC1 Curncy|ER4 Comdty|FV1 Comdty|GX1 Index|KC1 Comdty|LH1 Comdty|NV1 Curncy|PA1 Comdty|RTY1 Index|SB1 Comdty|SF1 Curncy|SI1 Comdty|SM1 Index|US1 Comdty|UXY1 Comdty|VG1 Index|XB1 Comdty,sub250k_24,strict66
0.0986,-0.1028,-0.9751,364,AD1 Curncy|BO1 Comdty|BP1 Curncy|CF1 Index|CL1 Comdty|DF1 Comdty|ES1 Index|G 1 Comdty|GX1 Index|HG1 Comdty|JY1 Curncy|KC1 Comdty|MES1 Index|NG1 Comdty|NV1 Curncy|PL1 Comdty|QW1 Comdty|RTY1 Index|SB1 Comdty|SF1 Curncy|SFI5 Comdty|UB1 Comdty|UXY1 Comdty|Z 1 Index,sub250k_24,strict66
0.3847,0.2731,-0.7259,365,AD1 Curncy|BO1 Comdty|BP1 Curncy|C 1 Comdty|CL1 Comdty|CO1 Comdty|DM1 Index|ES1 Index|HG1 Comdty|JY1 Curncy|NQ1 Index|PA1 Comdty|PE1 Curncy|RS1 Comdty|RTY1 Index|S 1 Comdty|SB1 Comdty|SF1 Curncy|TP1 Index|UB1 Comdty|US1 Comdty|UXY1 Comdty|WN1 Comdty|Z 1 Index,sub250k_24,strict66
0.2355,0.2671,-0.0089,366,AD1 Curncy|CD1 Curncy|CL1 Comdty|DM1 Index|DU1 Comdty|EC1 Curncy|EO1 Index|GC1 Comdty|GX1 Index|HO1 Comdty|JY1 Curncy|KW1 Comdty|NV1 Curncy|PA1 Comdty|QC1 Comdty|QW1 Comdty|SB1 Comdty|TP1 Index|TU1 Comdty|US1 Comdty|UXY1 Comdty|VG1 Index|W 1 Comdty|Z 1 Index,sub250k_24,strict66
0.4010,0.2843,0.2706,367,AD1 Curncy|CC1 Comdty|CD1 Curncy|DM1 Index|EC1 Curncy|ES1 Index|FC1 Comdty|FV1 Comdty|GC1 Comdty|GX1 Index|JY1 Curncy|LH1 Comdty|MES1 Index|OE1 Comdty|PL1 Comdty|QS1 Comdty|RS1 Comdty|S 1 Comdty|SF1 Curncy|SFI5 Comdty|TU1 Comdty|VG1 Index|XB1 Comdty|Z 1 Index,sub250k_24,strict66
0.2912,0.2045,-0.4780,368,AD1 Curncy|BP1 Curncy|C 1 Comdty|CD1 Curncy|CO1 Comdty|CT1 Comdty|DM1 Index|ER4 Comdty|ES1 Index|FC1 Comdty|GX1 Index|HG1 Comdty|HO1 Comdty|JB1 Comdty|NV1 Curncy|PA1 Comdty|RTY1 Index|S 1 Comdty|SB1 Comdty|SF1 Curncy|TP1 Index|TU1 Comdty|UB1 Comdty|VG1 Index,sub250k_24,strict66
0.0399,-0.0323,-0.4933,369,AD1 Curncy|BO1 Comdty|BP1 Curncy|CL1 Comdty|DF1 Comdty|EO1 Index|FV1 Comdty|GX1 Index|HG1 Comdty|HO1 Comdty|KW1 Comdty|NQ1 Index|NV1 Curncy|OE1 Comdty|PE1 Curncy|PL1 Comdty|QC1 Comdty|QW1 Comdty|RTY1 Index|RX1 Comdty|SF1 Curncy|TP1 Index|VG1 Index|WN1 Comdty,sub250k_24,strict66
0.4208,0.3016,0.4486,370,BP1 Curncy|C 1 Comdty|CD1 Curncy|CT1 Comdty|DM1 Index|DU1 Comdty|ES1 Index|FC1 Comdty|GC1 Comdty|GX1 Index|HG1 Comdty|JY1 Curncy|KC1 Comdty|LH1 Comdty|MES1 Index|PE1 Curncy|QS1 Comdty|RTY1 Index|SF1 Curncy|TU1 Comdty|UXY1 Comdty|VG1 Index|WN1 Comdty|XB1 Comdty,sub250k_24,strict66
0.2824,0.1901,-0.3594,371,BO1 Comdty|BP1 Curncy|CC1 Comdty|CD1 Curncy|DM1 Index|ES1 Index|GX1 Index|HO1 Comdty|JY1 Curncy|MES1 Index|NG1 Comdty|NQ1 Index|NV1 Curncy|OE1 Comdty|PA1 Comdty|PL1 Comdty|QC1 Comdty|RS1 Comdty|S 1 Comdty|SF1 Curncy|SFR5 Comdty|UB1 Comdty|US1 Comdty|Z 1 Index,sub250k_24,strict66
0.3878,0.3271,-0.4453,372,BO1 Comdty|BP1 Curncy|C 1 Comdty|CD1 Curncy|CO1 Comdty|DF1 Comdty|DM1 Index|DU1 Comdty|ER4 Comdty|ES1 Index|FC1 Comdty|G 1 Comdty|HG1 Comdty|HO1 Comdty|JY1 Curncy|MES1 Index|NO1 Index|NQ1 Index|NV1 Curncy|PA1 Comdty|S 1 Comdty|SF1 Curncy|SFR5 Comdty|VG1 Index,sub250k_24,strict66
0.4356,0.3058,-0.2171,373,BO1 Comdty|BP1 Curncy|C 1 Comdty|CD1 Curncy|CL1 Comdty|DF1 Comdty|DM1 Index|EO1 Index|ER4 Comdty|FC1 Comdty|FV1 Comdty|GC1 Comdty|NG1 Comdty|NQ1 Index|NV1 Curncy|PA1 Comdty|PE1 Curncy|RTY1 Index|SF1 Curncy|SFI5 Comdty|SM1 Comdty|TP1 Index|UB1 Comdty|Z 1 Index,sub250k_24,strict66
0.2139,0.1559,-0.3208,374,C 1 Comdty|CD1 Curncy|CF1 Index|DM1 Index|DU1 Comdty|EO1 Index|GX1 Index|HG1 Comdty|HO1 Comdty|JY1 Curncy|NG1 Comdty|NO1 Index|NV1 Curncy|PA1 Comdty|PE1 Curncy|QC1 Comdty|RS1 Comdty|RX1 Comdty|S 1 Comdty|SF1 Curncy|TP1 Index|TU1 Comdty|UXY1 Comdty|W 1 Comdty,sub250k_24,strict66
0.2600,0.1276,-0.6305,375,AD1 Curncy|BP1 Curncy|C 1 Comdty|DM1 Index|DU1 Comdty|EO1 Index|ER4 Comdty|HG1 Comdty|JY1 Curncy|KC1 Comdty|KW1 Comdty|MES1 Index|NG1 Comdty|NQ1 Index|NV1 Curncy|PA1 Comdty|QW1 Comdty|S 1 Comdty|SF1 Curncy|SFR5 Comdty|TP1 Index|UB1 Comdty|VG1 Index|XB1 Comdty,sub250k_24,strict66
0.3329,0.1032,-0.1168,376,AD1 Curncy|CC1 Comdty|CL1 Comdty|DM1 Index|GX1 Index|HG1 Comdty|IK1 Comdty|JY1 Curncy|KC1 Comdty|LH1 Comdty|NG1 Comdty|NO1 Index|NV1 Curncy|OAT1 Comdty|OE1 Comdty|PE1 Curncy|PL1 Comdty|QC1 Comdty|RS1 Comdty|RTY1 Index|SF1 Curncy|SM1 Index|TP1 Index|TY1 Comdty,sub250k_24,strict66
0.4433,0.4470,0.2108,377,AD1 Curncy|CD1 Curncy|CT1 Comdty|DF1 Comdty|EC1 Curncy|ES1 Index|FV1 Comdty|GC1 Comdty|GX1 Index|HG1 Comdty|HO1 Comdty|IK1 Comdty|JY1 Curncy|KC1 Comdty|KW1 Comdty|LH1 Comdty|MES1 Index|NV1 Curncy|QS1 Comdty|SFI5 Comdty|TP1 Index|TY1 Comdty|VG1 Index|Z 1 Index,sub250k_24,strict66
0.3324,0.1786,-0.0961,378,AD1 Curncy|BO1 Comdty|CD1 Curncy|CL1 Comdty|DM1 Index|EO1 Index|ER4 Comdty|ES1 Index|GC1 Comdty|HG1 Comdty|IK1 Comdty|LC1 Comdty|MES1 Index|NG1 Comdty|NV1 Curncy|PE1 Curncy|QC1 Comdty|RS1 Comdty|RX1 Comdty|S 1 Comdty|SF1 Curncy|TP1 Index|TY1 Comdty|Z 1 Index,sub250k_24,strict66
0.3333,0.2569,-0.1687,379,CC1 Comdty|CD1 Curncy|CF1 Index|CO1 Comdty|DF1 Comdty|DU1 Comdty|EC1 Curncy|EO1 Index|ER4 Comdty|ES1 Index|HG1 Comdty|HO1 Comdty|IK1 Comdty|JY1 Curncy|KC1 Comdty|KW1 Comdty|NO1 Index|NQ1 Index|NV1 Curncy|PE1 Curncy|PL1 Comdty|SFR5 Comdty|SM1 Comdty|TP1 Index,sub250k_24,strict66
0.4313,0.2827,0.1918,380,AD1 Curncy|CC1 Comdty|CD1 Curncy|CF1 Index|CL1 Comdty|CO1 Comdty|DM1 Index|EO1 Index|FC1 Comdty|G 1 Comdty|GC1 Comdty|JY1 Curncy|LH1 Comdty|NQ1 Index|OAT1 Comdty|PE1 Curncy|PL1 Comdty|QW1 Comdty|RS1 Comdty|SF1 Curncy|SM1 Index|TU1 Comdty|WN1 Comdty|Z 1 Index,sub250k_24,strict66
0.3657,0.3011,-0.0789,381,AD1 Curncy|CC1 Comdty|CD1 Curncy|CO1 Comdty|CT1 Comdty|DF1 Comdty|DM1 Index|ES1 Index|GX1 Index|HG1 Comdty|HO1 Comdty|JY1 Curncy|KC1 Comdty|NQ1 Index|PE1 Curncy|PL1 Comdty|S 1 Comdty|SF1 Curncy|SFI5 Comdty|TP1 Index|UB1 Comdty|US1 Comdty|UXY1 Comdty|VG1 Index,sub250k_24,strict66
0.2979,0.1196,-0.0630,382,CD1 Curncy|CF1 Index|DF1 Comdty|DM1 Index|EC1 Curncy|FC1 Comdty|FV1 Comdty|HO1 Comdty|JY1 Curncy|KC1 Comdty|NG1 Comdty|NQ1 Index|PE1 Curncy|PL1 Comdty|RS1 Comdty|RTY1 Index|SF1 Curncy|SFR5 Comdty|SI1 Comdty|SM1 Comdty|TY1 Comdty|US1 Comdty|VG1 Index|Z 1 Index,sub250k_24,strict66
0.4543,0.2346,0.2695,383,AD1 Curncy|CD1 Curncy|CL1 Comdty|DF1 Comdty|EC1 Curncy|ER4 Comdty|ES1 Index|GC1 Comdty|GX1 Index|KC1 Comdty|LC1 Comdty|LH1 Comdty|MES1 Index|NO1 Index|OE1 Comdty|PE1 Curncy|QS1 Comdty|RTY1 Index|RX1 Comdty|SB1 Comdty|SF1 Curncy|SI1 Comdty|SM1 Index|TY1 Comdty,sub250k_24,strict66
0.1530,0.0476,-0.4705,384,AD1 Curncy|CC1 Comdty|CD1 Curncy|CL1 Comdty|ES1 Index|IK1 Comdty|KC1 Comdty|KW1 Comdty|MES1 Index|NG1 Comdty|NV1 Curncy|PA1 Comdty|PE1 Curncy|PL1 Comdty|RS1 Comdty|SB1 Comdty|SF1 Curncy|SM1 Index|TP1 Index|TY1 Comdty|US1 Comdty|VG1 Index|WN1 Comdty|Z 1 Index,sub250k_24,strict66
0.3391,0.3026,0.0525,385,BO1 Comdty|BP1 Curncy|CC1 Comdty|CD1 Curncy|CF1 Index|CL1 Comdty|ES1 Index|GC1 Comdty|JB1 Comdty|KC1 Comdty|LC1 Comdty|MES1 Index|NV1 Curncy|OAT1 Comdty|PA1 Comdty|PE1 Curncy|QS1 Comdty|S 1 Comdty|SF1 Curncy|SM1 Index|TP1 Index|TY1 Comdty|US1 Comdty|Z 1 Index,sub250k_24,strict66
0.2960,0.1316,-0.3194,386,AD1 Curncy|BP1 Curncy|CC1 Comdty|CL1 Comdty|DF1 Comdty|DM1 Index|DU1 Comdty|EC1 Curncy|EO1 Index|ES1 Index|GX1 Index|HG1 Comdty|JY1 Curncy|LC1 Comdty|LH1 Comdty|NQ1 Index|NV1 Curncy|RX1 Comdty|SFI5 Comdty|SI1 Comdty|SM1 Comdty|UB1 Comdty|XB1 Comdty|Z 1 Index,sub250k_24,strict66
0.3520,0.2943,-0.7626,387,BO1 Comdty|CD1 Curncy|CL1 Comdty|CO1 Comdty|DF1 Comdty|EC1 Curncy|ES1 Index|GX1 Index|JY1 Curncy|LC1 Comdty|MES1 Index|NQ1 Index|NV1 Curncy|PA1 Comdty|PE1 Curncy|PL1 Comdty|RX1 Comdty|SB1 Comdty|SFI5 Comdty|SM1 Comdty|SM1 Index|TP1 Index|TU1 Comdty|US1 Comdty,sub250k_24,strict66
0.4472,0.2085,0.2207,388,BP1 Curncy|CD1 Curncy|CT1 Comdty|GC1 Comdty|GX1 Index|NG1 Comdty|NO1 Index|NQ1 Index|NV1 Curncy|PE1 Curncy|QC1 Comdty|RS1 Comdty|S 1 Comdty|SB1 Comdty|SF1 Curncy|SFI5 Comdty|SI1 Comdty|SM1 Index|TP1 Index|TY1 Comdty|UB1 Comdty|UXY1 Comdty|VG1 Index|XB1 Comdty,sub250k_24,strict66
-0.0097,-0.2173,-0.7193,389,AD1 Curncy|CD1 Curncy|CF1 Index|HG1 Comdty|JB1 Comdty|KC1 Comdty|KW1 Comdty|MES1 Index|NG1 Comdty|NO1 Index|NV1 Curncy|OAT1 Comdty|PE1 Curncy|PL1 Comdty|RS1 Comdty|RTY1 Index|SB1 Comdty|SF1 Curncy|SM1 Comdty|TY1 Comdty|UXY1 Comdty|VG1 Index|XB1 Comdty|Z 1 Index,sub250k_24,strict66
0.4197,0.2892,0.1404,390,AD1 Curncy|BP1 Curncy|CC1 Comdty|CD1 Curncy|CL1 Comdty|DF1 Comdty|DM1 Index|EO1 Index|GX1 Index|JY1 Curncy|NO1 Index|NQ1 Index|OE1 Comdty|PE1 Curncy|PL1 Comdty|QC1 Comdty|QS1 Comdty|RS1 Comdty|SB1 Comdty|SFR5 Comdty|SI1 Comdty|US1 Comdty|UXY1 Comdty|VG1 Index,sub250k_24,strict66
0.1504,0.2395,-0.1707,391,AD1 Curncy|C 1 Comdty|CC1 Comdty|CD1 Curncy|CL1 Comdty|DF1 Comdty|DM1 Index|DU1 Comdty|EC1 Curncy|ES1 Index|FV1 Comdty|GX1 Index|LH1 Comdty|NV1 Curncy|PA1 Comdty|PL1 Comdty|QC1 Comdty|QS1 Comdty|SF1 Curncy|SFI5 Comdty|TP1 Index|TU1 Comdty|VG1 Index|Z 1 Index,sub250k_24,strict66
0.4700,0.3236,0.3877,392,AD1 Curncy|CC1 Comdty|CD1 Curncy|CF1 Index|CL1 Comdty|DM1 Index|EC1 Curncy|ES1 Index|G 1 Comdty|GC1 Comdty|HO1 Comdty|JY1 Curncy|KC1 Comdty|NQ1 Index|PE1 Curncy|QC1 Comdty|RS1 Comdty|S 1 Comdty|SI1 Comdty|SM1 Index|TY1 Comdty|UB1 Comdty|UXY1 Comdty|VG1 Index,sub250k_24,strict66
0.3167,0.2801,-0.3779,393,BO1 Comdty|CL1 Comdty|CO1 Comdty|EC1 Curncy|EO1 Index|ES1 Index|FV1 Comdty|GC1 Comdty|GX1 Index|HG1 Comdty|JY1 Curncy|MES1 Index|NQ1 Index|NV1 Curncy|PE1 Curncy|QW1 Comdty|S 1 Comdty|SF1 Curncy|SFI5 Comdty|SM1 Comdty|US1 Comdty|W 1 Comdty|WN1 Comdty|Z 1 Index,sub250k_24,strict66
0.3599,0.2225,-0.7745,394,BO1 Comdty|BP1 Curncy|CD1 Curncy|CL1 Comdty|CO1 Comdty|EC1 Curncy|EO1 Index|ES1 Index|JB1 Comdty|KC1 Comdty|LH1 Comdty|NQ1 Index|OAT1 Comdty|PA1 Comdty|PE1 Curncy|PL1 Comdty|RTY1 Index|S 1 Comdty|SF1 Curncy|SFI5 Comdty|TP1 Index|UXY1 Comdty|VG1 Index|W 1 Comdty,sub250k_24,strict66
0.4477,0.2918,-0.2396,395,AD1 Curncy|BP1 Curncy|CC1 Comdty|CO1 Comdty|EC1 Curncy|ES1 Index|FC1 Comdty|GX1 Index|HG1 Comdty|HO1 Comdty|IK1 Comdty|JB1 Comdty|JY1 Curncy|MES1 Index|NO1 Index|PA1 Comdty|QW1 Comdty|SF1 Curncy|SM1 Comdty|TP1 Index|UB1 Comdty|US1 Comdty|VG1 Index|W 1 Comdty,sub250k_24,strict66
0.1577,-0.0339,-0.8543,396,BP1 Curncy|CC1 Comdty|CD1 Curncy|CF1 Index|CO1 Comdty|DM1 Index|EC1 Curncy|EO1 Index|FC1 Comdty|HG1 Comdty|HO1 Comdty|NV1 Curncy|OAT1 Comdty|OE1 Comdty|PL1 Comdty|RTY1 Index|S 1 Comdty|SB1 Comdty|SF1 Curncy|SFI5 Comdty|TP1 Index|US1 Comdty|W 1 Comdty|Z 1 Index,sub250k_24,strict66
0.2632,0.0714,-0.6851,397,AD1 Curncy|BP1 Curncy|C 1 Comdty|CD1 Curncy|CF1 Index|CO1 Comdty|EC1 Curncy|ES1 Index|FC1 Comdty|FV1 Comdty|G 1 Comdty|KC1 Comdty|KW1 Comdty|MES1 Index|NG1 Comdty|NO1 Index|NV1 Curncy|PA1 Comdty|PL1 Comdty|RTY1 Index|SM1 Comdty|UB1 Comdty|UXY1 Comdty|Z 1 Index,sub250k_24,strict66
0.4067,0.3187,-0.4485,398,AD1 Curncy|BO1 Comdty|BP1 Curncy|CL1 Comdty|DF1 Comdty|EC1 Curncy|ER4 Comdty|FC1 Comdty|LH1 Comdty|MES1 Index|NG1 Comdty|NO1 Index|NQ1 Index|NV1 Curncy|PA1 Comdty|PE1 Curncy|PL1 Comdty|RS1 Comdty|RTY1 Index|TP1 Index|TY1 Comdty|UB1 Comdty|WN1 Comdty|Z 1 Index,sub250k_24,strict66
0.2742,0.0779,-0.0538,399,BO1 Comdty|BP1 Curncy|CC1 Comdty|CD1 Curncy|CF1 Index|ER4 Comdty|GX1 Index|JY1 Curncy|MES1 Index|NO1 Index|NV1 Curncy|PL1 Comdty|QC1 Comdty|QS1 Comdty|QW1 Comdty|RTY1 Index|SF1 Curncy|SFR5 Comdty|SI1 Comdty|TP1 Index|UB1 Comdty|W 1 Comdty|WN1 Comdty|XB1 Comdty,sub250k_24,strict66
0.5148,0.3331,-0.0968,0,CD1 Curncy|CF1 Index|CO1 Comdty|DU1 Comdty|EC1 Curncy|GC1 Comdty|KC1 Comdty|KW1 Comdty|LC1 Comdty|LH1 Comdty|MES1 Index|NG1 Comdty|NO1 Curncy|NQ1 Index|OE1 Comdty|PA1 Comdty|PE1 Curncy|PT1 Index|RX1 Comdty|S 1 Comdty|SE1 Curncy|TP1 Index|UB1 Comdty|XU1 Index,sub250k_24,all84
0.2076,0.2124,-0.3756,1,AD1 Curncy|C 1 Comdty|CF1 Index|CN1 Comdty|CO1 Comdty|DM1 Index|EO1 Index|HG1 Comdty|HO1 Comdty|JB1 Comdty|LC1 Comdty|LH1 Comdty|NO1 Curncy|NO1 Index|NQ1 Index|NV1 Curncy|PE1 Curncy|QW1 Comdty|S 1 Comdty|SE1 Curncy|SFR5 Comdty|SI1 Comdty|TU1 Comdty|Z 1 Index,sub250k_24,all84
0.1746,0.1005,-0.7779,2,AD1 Curncy|BO1 Comdty|C 1 Comdty|CC1 Comdty|CD1 Curncy|CL1 Comdty|CN1 Comdty|CO1 Comdty|ES1 Index|FV1 Comdty|HG1 Comdty|HI1 Index|JB1 Comdty|JY1 Curncy|NO1 Curncy|NO1 Index|NV1 Curncy|OE1 Comdty|PA1 Comdty|QC1 Index|RTY1 Index|S 1 Comdty|SB1 Comdty|XP1 Index,sub250k_24,all84
0.5508,0.2666,-0.0166,3,AD1 Curncy|BO1 Comdty|CD1 Curncy|CF1 Index|CUA1 Comdty|DU1 Comdty|EC1 Curncy|FC1 Comdty|FV1 Comdty|GC1 Comdty|HC1 Index|HG1 Comdty|IJ1 Comdty|JY1 Curncy|MWE1 Comdty|NG1 Comdty|NO1 Index|QC1 Index|RS1 Comdty|RTY1 Index|SF1 Curncy|SFR5 Comdty|VG1 Index|WN1 Comdty,sub250k_24,all84
0.6078,0.6008,-0.8250,4,AD1 Curncy|C 1 Comdty|CD1 Curncy|CF1 Index|CUA1 Comdty|ES1 Index|G 1 Comdty|HO1 Comdty|JY1 Curncy|LC1 Comdty|NQ1 Index|PA1 Comdty|PE1 Curncy|PT1 Index|QC1 Index|RS1 Comdty|S 1 Comdty|SCO1 Comdty|SE1 Curncy|TU1 Comdty|W 1 Comdty|WN1 Comdty|XM1 Comdty|XU1 Index,sub250k_24,all84
0.2755,0.2455,-0.8468,5,AD1 Curncy|CD1 Curncy|CF1 Index|CN1 Comdty|DU1 Comdty|EO1 Index|FC1 Comdty|GX1 Index|HG1 Comdty|IJ1 Comdty|IR4 Comdty|KW1 Comdty|LH1 Comdty|NO1 Curncy|PE1 Curncy|QC1 Index|QS1 Comdty|QW1 Comdty|RX1 Comdty|SCO1 Comdty|SE1 Curncy|TWT1 Index|VG1 Index|XB1 Comdty,sub250k_24,all84
0.3154,0.2925,-0.4646,6,AD1 Curncy|C 1 Comdty|CL1 Comdty|CT1 Comdty|DF1 Comdty|DM1 Index|G 1 Comdty|GX1 Index|HC1 Index|HG1 Comdty|IJ1 Comdty|IR4 Comdty|JY1 Curncy|KC1 Comdty|NG1 Comdty|NQ1 Index|NV1 Curncy|PA1 Comdty|PE1 Curncy|SF1 Curncy|SFI5 Comdty|TWT1 Index|TY1 Comdty|VG1 Index,sub250k_24,all84
0.1263,0.1029,-0.8587,7,BO1 Comdty|BP1 Curncy|CF1 Index|CT1 Comdty|DM1 Index|EC1 Curncy|EO1 Index|HG1 Comdty|IR4 Comdty|JY1 Curncy|MES1 Index|NO1 Curncy|NV1 Curncy|PL1 Comdty|QS1 Comdty|S 1 Comdty|SB1 Comdty|SFI5 Comdty|TWT1 Index|US1 Comdty|W 1 Comdty|WN1 Comdty|XB1 Comdty|Z 1 Index,sub250k_24,all84
0.4851,0.4537,0.1006,8,AD1 Curncy|BP1 Curncy|CN1 Comdty|CO1 Comdty|CT1 Comdty|DF1 Comdty|EO1 Index|GC1 Comdty|HI1 Index|JB1 Comdty|MWE1 Comdty|NG1 Comdty|NO1 Curncy|NQ1 Index|PA1 Comdty|PE1 Curncy|PT1 Index|S 1 Comdty|SB1 Comdty|SE1 Curncy|TP1 Index|TY1 Comdty|UXY1 Comdty|Z 1 Index,sub250k_24,all84
0.4875,0.2949,-0.5651,9,BO1 Comdty|CD1 Curncy|CN1 Comdty|CO1 Comdty|CUA1 Comdty|DF1 Comdty|EC1 Curncy|ER4 Comdty|HG1 Comdty|HI1 Index|JY1 Curncy|LC1 Comdty|MES1 Index|PL1 Comdty|QC1 Comdty|QW1 Comdty|RTY1 Index|SE1 Curncy|SF1 Curncy|SFR5 Comdty|TP1 Index|UB1 Comdty|XU1 Index|Z 1 Index,sub250k_24,all84
0.3238,0.1225,-0.3714,10,AD1 Curncy|BP1 Curncy|CL1 Comdty|CT1 Comdty|DU1 Comdty|GX1 Index|HG1 Comdty|HI1 Index|IJ1 Comdty|IR4 Comdty|JY1 Curncy|KW1 Comdty|LH1 Comdty|NO1 Curncy|OAT1 Comdty|OE1 Comdty|PT1 Index|QC1 Index|QS1 Comdty|SE1 Curncy|SI1 Comdty|SM1 Index|TWT1 Index|W 1 Comdty,sub250k_24,all84
0.2170,0.1381,-0.4394,11,AD1 Curncy|CC1 Comdty|CT1 Comdty|DM1 Index|EC1 Curncy|ES1 Index|HG1 Comdty|HO1 Comdty|KW1 Comdty|NO1 Curncy|NQ1 Index|PE1 Curncy|PL1 Comdty|PT1 Index|QS1 Comdty|SB1 Comdty|SF1 Curncy|SM1 Comdty|SM1 Index|TU1 Comdty|UB1 Comdty|US1 Comdty|XM1 Comdty|XU1 Index,sub250k_24,all84
0.4378,0.2110,0.0274,12,AD1 Curncy|CD1 Curncy|CN1 Comdty|CO1 Comdty|CT1 Comdty|ES1 Index|FC1 Comdty|GC1 Comdty|HO1 Comdty|IK1 Comdty|JGS1 Index|NO1 Curncy|NO1 Index|NQ1 Index|PE1 Curncy|QW1 Comdty|RTY1 Index|SB1 Comdty|SF1 Curncy|SI1 Comdty|US1 Comdty|VG1 Index|W 1 Comdty|WN1 Comdty,sub250k_24,all84
0.6725,0.5989,-0.0234,13,AD1 Curncy|C 1 Comdty|CD1 Curncy|EC1 Curncy|EO1 Index|ES1 Index|GC1 Comdty|IR4 Comdty|JGS1 Index|LH1 Comdty|NG1 Comdty|NO1 Curncy|NO1 Index|PT1 Index|QC1 Comdty|QS1 Comdty|QW1 Comdty|RS1 Comdty|SCO1 Comdty|SF1 Curncy|SM1 Index|TY1 Comdty|UB1 Comdty|UXY1 Comdty,sub250k_24,all84
0.3371,0.2795,-0.1602,14,AD1 Curncy|BO1 Comdty|BP1 Curncy|CA1 Comdty|CL1 Comdty|EO1 Index|ER4 Comdty|GC1 Comdty|GX1 Index|HC1 Index|HG1 Comdty|KW1 Comdty|LH1 Comdty|NO1 Curncy|NQ1 Index|PE1 Curncy|QS1 Comdty|RX1 Comdty|SF1 Curncy|SM1 Comdty|TP1 Index|TU1 Comdty|VG1 Index|XM1 Comdty,sub250k_24,all84
0.3242,0.1695,0.0306,15,BO1 Comdty|CC1 Comdty|CD1 Curncy|CF1 Index|CN1 Comdty|CO1 Comdty|DM1 Index|EC1 Curncy|FC1 Comdty|GC1 Comdty|HC1 Index|HG1 Comdty|JB1 Comdty|NV1 Curncy|OE1 Comdty|PE1 Curncy|PT1 Index|QC1 Index|QS1 Comdty|S 1 Comdty|SB1 Comdty|SF1 Curncy|TY1 Comdty|Z 1 Index,sub250k_24,all84
0.3606,0.2876,-0.0524,16,CA1 Comdty|CD1 Curncy|CO1 Comdty|DU1 Comdty|EO1 Index|ES1 Index|FV1 Comdty|G 1 Comdty|GC1 Comdty|HC1 Index|HG1 Comdty|HI1 Index|IR4 Comdty|JY1 Curncy|KC1 Comdty|KW1 Comdty|MES1 Index|NO1 Curncy|PE1 Curncy|RS1 Comdty|SE1 Curncy|SM1 Index|W 1 Comdty|XB1 Comdty,sub250k_24,all84
0.5142,0.5051,-0.8532,17,BO1 Comdty|CA1 Comdty|CC1 Comdty|CD1 Curncy|CF1 Index|CO1 Comdty|DM1 Index|EC1 Curncy|IK1 Comdty|MWE1 Comdty|PA1 Comdty|PE1 Curncy|RTY1 Index|SCO1 Comdty|SE1 Curncy|SF1 Curncy|SFI5 Comdty|TWT1 Index|UB1 Comdty|W 1 Comdty|XB1 Comdty|XM1 Comdty|XU1 Index|Z 1 Index,sub250k_24,all84
0.4225,0.3838,0.2350,18,CA1 Comdty|CD1 Curncy|CN1 Comdty|ES1 Index|FV1 Comdty|GC1 Comdty|IJ1 Comdty|JY1 Curncy|LC1 Comdty|LH1 Comdty|MES1 Index|NO1 Curncy|NO1 Index|NV1 Curncy|OE1 Comdty|PL1 Comdty|QS1 Comdty|QW1 Comdty|SE1 Curncy|TP1 Index|TWT1 Index|US1 Comdty|XB1 Comdty|Z 1 Index,sub250k_24,all84
0.4765,0.2576,-0.4469,19,CD1 Curncy|CF1 Index|CL1 Comdty|CN1 Comdty|DF1 Comdty|EC1 Curncy|EO1 Index|ER4 Comdty|ES1 Index|FC1 Comdty|JB1 Comdty|JGS1 Index|KC1 Comdty|LH1 Comdty|MWE1 Comdty|NV1 Curncy|OAT1 Comdty|PE1 Curncy|PT1 Index|RTY1 Index|SCO1 Comdty|SF1 Curncy|SI1 Comdty|XB1 Comdty,sub250k_24,all84
0.3965,0.2775,-0.4346,20,AD1 Curncy|BP1 Curncy|CF1 Index|DM1 Index|DU1 Comdty|HI1 Index|HO1 Comdty|JB1 Comdty|KC1 Comdty|LC1 Comdty|LH1 Comdty|MWE1 Comdty|NV1 Curncy|PE1 Curncy|SCO1 Comdty|SE1 Curncy|SI1 Comdty|SM1 Comdty|TP1 Index|TWT1 Index|UB1 Comdty|US1 Comdty|XB1 Comdty|Z 1 Index,sub250k_24,all84
0.4247,0.4432,-1.0558,21,AD1 Curncy|CD1 Curncy|CL1 Comdty|CO1 Comdty|DM1 Index|DU1 Comdty|EC1 Curncy|G 1 Comdty|HI1 Index|IJ1 Comdty|JGS1 Index|LH1 Comdty|NO1 Index|NV1 Curncy|PA1 Comdty|PE1 Curncy|QC1 Comdty|QC1 Index|RX1 Comdty|SB1 Comdty|SCO1 Comdty|SM1 Comdty|TY1 Comdty|VG1 Index,sub250k_24,all84
0.2910,0.0468,-0.4272,22,AD1 Curncy|CO1 Comdty|CT1 Comdty|DU1 Comdty|EO1 Index|ES1 Index|JY1 Curncy|KC1 Comdty|MES1 Index|NO1 Curncy|NQ1 Index|PE1 Curncy|PL1 Comdty|QS1 Comdty|RS1 Comdty|RTY1 Index|SB1 Comdty|SF1 Curncy|SI1 Comdty|SM1 Index|TY1 Comdty|W 1 Comdty|WN1 Comdty|XM1 Comdty,sub250k_24,all84
0.4311,0.1647,-0.2413,23,AD1 Curncy|BP1 Curncy|CT1 Comdty|CUA1 Comdty|GC1 Comdty|GX1 Index|IJ1 Comdty|JB1 Comdty|JGS1 Index|KC1 Comdty|MWE1 Comdty|NO1 Curncy|NO1 Index|NV1 Curncy|OAT1 Comdty|PE1 Curncy|PL1 Comdty|QS1 Comdty|RTY1 Index|RX1 Comdty|S 1 Comdty|TU1 Comdty|VG1 Index|Z 1 Index,sub250k_24,all84
0.3893,0.2110,-0.7363,24,AD1 Curncy|BO1 Comdty|BP1 Curncy|CUA1 Comdty|DF1 Comdty|EC1 Curncy|HC1 Index|HO1 Comdty|JB1 Comdty|MES1 Index|NO1 Curncy|NO1 Index|NQ1 Index|PA1 Comdty|PL1 Comdty|QC1 Comdty|RTY1 Index|RX1 Comdty|S 1 Comdty|SF1 Curncy|SFI5 Comdty|TY1 Comdty|W 1 Comdty|XP1 Index,sub250k_24,all84
0.3489,0.3385,0.0268,25,AD1 Curncy|BO1 Comdty|BP1 Curncy|CL1 Comdty|CT1 Comdty|DF1 Comdty|DM1 Index|DU1 Comdty|EC1 Curncy|GC1 Comdty|HG1 Comdty|HI1 Index|HO1 Comdty|JB1 Comdty|JY1 Curncy|KC1 Comdty|NQ1 Index|NV1 Curncy|RTY1 Index|SFR5 Comdty|TWT1 Index|W 1 Comdty|XM1 Comdty|XU1 Index,sub250k_24,all84
0.5102,0.5614,-1.0315,26,AD1 Curncy|BO1 Comdty|BP1 Curncy|CF1 Index|CO1 Comdty|EC1 Curncy|ES1 Index|G 1 Comdty|HO1 Comdty|IR4 Comdty|JGS1 Index|JY1 Curncy|KC1 Comdty|LH1 Comdty|NO1 Index|NV1 Curncy|PL1 Comdty|QW1 Comdty|RS1 Comdty|SCO1 Comdty|SFI5 Comdty|SFR5 Comdty|SM1 Index|TWT1 Index,sub250k_24,all84
0.1466,0.0913,-0.7589,27,AD1 Curncy|CL1 Comdty|CN1 Comdty|CO1 Comdty|CT1 Comdty|DM1 Index|EC1 Curncy|EO1 Index|GX1 Index|HG1 Comdty|HI1 Index|IR4 Comdty|JB1 Comdty|MWE1 Comdty|NO1 Curncy|PA1 Comdty|PE1 Curncy|QC1 Index|RS1 Comdty|SF1 Curncy|SM1 Comdty|UXY1 Comdty|W 1 Comdty|XP1 Index,sub250k_24,all84
0.6108,0.3721,-0.6008,28,AD1 Curncy|CUA1 Comdty|EC1 Curncy|G 1 Comdty|HC1 Index|IJ1 Comdty|IK1 Comdty|IR4 Comdty|LH1 Comdty|MES1 Index|NO1 Curncy|NV1 Curncy|PA1 Comdty|PE1 Curncy|PT1 Index|QC1 Comdty|QC1 Index|QS1 Comdty|SB1 Comdty|SI1 Comdty|TWT1 Index|US1 Comdty|W 1 Comdty|XU1 Index,sub250k_24,all84
0.4982,0.5210,-0.8206,29,DF1 Comdty|DM1 Index|EC1 Curncy|EO1 Index|ES1 Index|HI1 Index|JB1 Comdty|JY1 Curncy|KC1 Comdty|NO1 Curncy|NV1 Curncy|OAT1 Comdty|PA1 Comdty|QC1 Comdty|QS1 Comdty|S 1 Comdty|SCO1 Comdty|SE1 Curncy|SM1 Comdty|SM1 Index|US1 Comdty|UXY1 Comdty|XB1 Comdty|XP1 Index,sub250k_24,all84
0.3470,0.1233,-0.1889,30,AD1 Curncy|BP1 Curncy|CL1 Comdty|DF1 Comdty|EC1 Curncy|ES1 Index|GX1 Index|JY1 Curncy|LC1 Comdty|MES1 Index|MWE1 Comdty|NO1 Index|OAT1 Comdty|PL1 Comdty|RS1 Comdty|RTY1 Index|SF1 Curncy|SFR5 Comdty|SI1 Comdty|SM1 Comdty|TU1 Comdty|UB1 Comdty|XB1 Comdty|XP1 Index,sub250k_24,all84
0.5570,0.3067,-0.6671,31,BP1 Curncy|CA1 Comdty|CC1 Comdty|CF1 Index|CUA1 Comdty|DM1 Index|HG1 Comdty|IK1 Comdty|JB1 Comdty|JGS1 Index|JY1 Curncy|LH1 Comdty|NO1 Curncy|NQ1 Index|NV1 Curncy|PA1 Comdty|PT1 Index|QW1 Comdty|RTY1 Index|RX1 Comdty|SF1 Curncy|SM1 Comdty|UXY1 Comdty|XB1 Comdty,sub250k_24,all84
0.4194,0.3061,-0.4143,32,AD1 Curncy|CA1 Comdty|CL1 Comdty|EC1 Curncy|FV1 Comdty|G 1 Comdty|HC1 Index|JGS1 Index|JY1 Curncy|LC1 Comdty|LH1 Comdty|MES1 Index|NO1 Curncy|NO1 Index|NV1 Curncy|OE1 Comdty|PA1 Comdty|QC1 Index|QS1 Comdty|QW1 Comdty|SB1 Comdty|SI1 Comdty|TP1 Index|UXY1 Comdty,sub250k_24,all84
0.4672,0.3824,-0.0790,33,AD1 Curncy|BO1 Comdty|BP1 Curncy|CD1 Curncy|CL1 Comdty|CO1 Comdty|DU1 Comdty|EC1 Curncy|EO1 Index|ES1 Index|GC1 Comdty|JY1 Curncy|KW1 Comdty|LC1 Comdty|OE1 Comdty|PA1 Comdty|RS1 Comdty|RTY1 Index|SM1 Comdty|TP1 Index|TWT1 Index|TY1 Comdty|UXY1 Comdty|Z 1 Index,sub250k_24,all84
0.2885,0.2858,0.1321,34,C 1 Comdty|CC1 Comdty|CD1 Curncy|CL1 Comdty|GC1 Comdty|GX1 Index|IR4 Comdty|JGS1 Index|NO1 Curncy|NV1 Curncy|PA1 Comdty|PT1 Index|QC1 Comdty|RX1 Comdty|SB1 Comdty|SE1 Curncy|SF1 Curncy|SM1 Index|TP1 Index|TU1 Comdty|TY1 Comdty|W 1 Comdty|XB1 Comdty|XU1 Index,sub250k_24,all84
0.6674,0.3998,-0.3699,35,CA1 Comdty|CC1 Comdty|CF1 Index|CL1 Comdty|CUA1 Comdty|DM1 Index|EC1 Curncy|EO1 Index|ES1 Index|JB1 Comdty|JY1 Curncy|KW1 Comdty|NO1 Curncy|RS1 Comdty|RTY1 Index|SCO1 Comdty|SE1 Curncy|SF1 Curncy|SFR5 Comdty|SI1 Comdty|TY1 Comdty|UB1 Comdty|VG1 Index|W 1 Comdty,sub250k_24,all84
0.3307,0.1885,-0.1911,36,BP1 Curncy|CD1 Curncy|CL1 Comdty|EC1 Curncy|ER4 Comdty|FC1 Comdty|HC1 Index|HG1 Comdty|IJ1 Comdty|IR4 Comdty|JY1 Curncy|KC1 Comdty|KW1 Comdty|LC1 Comdty|NO1 Index|PT1 Index|QS1 Comdty|SF1 Curncy|SI1 Comdty|TP1 Index|UXY1 Comdty|XM1 Comdty|XP1 Index|XU1 Index,sub250k_24,all84
0.3864,0.1157,-0.5180,37,AD1 Curncy|BO1 Comdty|C 1 Comdty|CD1 Curncy|CL1 Comdty|CUA1 Comdty|EO1 Index|ES1 Index|GC1 Comdty|GX1 Index|IJ1 Comdty|IK1 Comdty|IR4 Comdty|JY1 Curncy|KW1 Comdty|NV1 Curncy|PE1 Curncy|PL1 Comdty|RX1 Comdty|SFI5 Comdty|VG1 Index|W 1 Comdty|XP1 Index|XU1 Index,sub250k_24,all84
0.4397,0.3190,-0.1917,38,CD1 Curncy|CO1 Comdty|EO1 Index|ER4 Comdty|FC1 Comdty|G 1 Comdty|GC1 Comdty|IJ1 Comdty|LH1 Comdty|NO1 Curncy|NO1 Index|NV1 Curncy|PE1 Curncy|PL1 Comdty|QS1 Comdty|RS1 Comdty|RTY1 Index|S 1 Comdty|SE1 Curncy|SM1 Index|TP1 Index|TY1 Comdty|XM1 Comdty|XP1 Index,sub250k_24,all84
0.6966,0.4857,-0.0491,39,AD1 Curncy|CA1 Comdty|CF1 Index|CL1 Comdty|FC1 Comdty|IK1 Comdty|KC1 Comdty|NG1 Comdty|NO1 Curncy|NQ1 Index|PE1 Curncy|QC1 Comdty|QC1 Index|SCO1 Comdty|SE1 Curncy|SF1 Curncy|SFI5 Comdty|SFR5 Comdty|SI1 Comdty|TP1 Index|TU1 Comdty|TWT1 Index|W 1 Comdty|Z 1 Index,sub250k_24,all84
0.6005,0.6487,-0.3270,40,AD1 Curncy|C 1 Comdty|CN1 Comdty|CO1 Comdty|CT1 Comdty|EO1 Index|ES1 Index|FV1 Comdty|IK1 Comdty|IR4 Comdty|JY1 Curncy|LH1 Comdty|NO1 Curncy|NQ1 Index|NV1 Curncy|PA1 Comdty|PE1 Curncy|PT1 Index|QC1 Comdty|QC1 Index|SCO1 Comdty|TP1 Index|W 1 Comdty|XB1 Comdty,sub250k_24,all84
0.1470,0.0087,-0.3085,41,BO1 Comdty|CL1 Comdty|DM1 Index|FC1 Comdty|GX1 Index|HG1 Comdty|HO1 Comdty|IR4 Comdty|JB1 Comdty|JGS1 Index|JY1 Curncy|LC1 Comdty|MWE1 Comdty|NO1 Curncy|NV1 Curncy|PL1 Comdty|PT1 Index|QC1 Comdty|RTY1 Index|SE1 Curncy|SF1 Curncy|UB1 Comdty|XM1 Comdty|XP1 Index,sub250k_24,all84
0.1281,-0.0833,-0.6888,42,AD1 Curncy|CF1 Index|CL1 Comdty|CN1 Comdty|CT1 Comdty|DF1 Comdty|GX1 Index|JGS1 Index|LC1 Comdty|MES1 Index|MWE1 Comdty|NG1 Comdty|NV1 Curncy|OE1 Comdty|PE1 Curncy|PL1 Comdty|RS1 Comdty|RTY1 Index|SE1 Curncy|SF1 Curncy|SFI5 Comdty|SI1 Comdty|UXY1 Comdty|XU1 Index,sub250k_24,all84
0.3100,0.0506,-1.3372,43,AD1 Curncy|BO1 Comdty|CUA1 Comdty|DM1 Index|EO1 Index|HG1 Comdty|JGS1 Index|KW1 Comdty|NO1 Curncy|NV1 Curncy|OE1 Comdty|PE1 Curncy|QC1 Comdty|RS1 Comdty|RX1 Comdty|SCO1 Comdty|SF1 Curncy|SM1 Comdty|SM1 Index|UB1 Comdty|US1 Comdty|VG1 Index|XB1 Comdty|XU1 Index,sub250k_24,all84
0.3412,0.2872,-0.7956,44,BO1 Comdty|BP1 Curncy|CF1 Index|CO1 Comdty|EC1 Curncy|FV1 Comdty|HI1 Index|IK1 Comdty|KC1 Comdty|KW1 Comdty|NG1 Comdty|NO1 Curncy|NO1 Index|PL1 Comdty|RTY1 Index|S 1 Comdty|SCO1 Comdty|SE1 Curncy|SF1 Curncy|TU1 Comdty|TWT1 Index|TY1 Comdty|W 1 Comdty|XP1 Index,sub250k_24,all84
0.2665,0.0469,-0.7341,45,AD1 Curncy|CO1 Comdty|DU1 Comdty|EC1 Curncy|FC1 Comdty|HC1 Index|IJ1 Comdty|IR4 Comdty|JGS1 Index|KC1 Comdty|MWE1 Comdty|NG1 Comdty|NO1 Curncy|NV1 Curncy|PA1 Comdty|PE1 Curncy|PL1 Comdty|PT1 Index|QC1 Index|RX1 Comdty|SB1 Comdty|UXY1 Comdty|XP1 Index|Z 1 Index,sub250k_24,all84
0.5716,0.5069,-0.6530,46,AD1 Curncy|BO1 Comdty|CA1 Comdty|CF1 Index|CT1 Comdty|CUA1 Comdty|EO1 Index|G 1 Comdty|HI1 Index|HO1 Comdty|IR4 Comdty|JY1 Curncy|MWE1 Comdty|NO1 Curncy|NO1 Index|NQ1 Index|PL1 Comdty|QC1 Index|S 1 Comdty|SCO1 Comdty|SE1 Curncy|SF1 Curncy|SFI5 Comdty|TY1 Comdty,sub250k_24,all84
0.4754,0.1560,-0.0205,47,BP1 Curncy|CA1 Comdty|CT1 Comdty|DM1 Index|GC1 Comdty|IK1 Comdty|LC1 Comdty|NG1 Comdty|NO1 Curncy|NV1 Curncy|RS1 Comdty|RTY1 Index|S 1 Comdty|SE1 Curncy|SF1 Curncy|SFR5 Comdty|SI1 Comdty|SM1 Index|UB1 Comdty|UXY1 Comdty|VG1 Index|XB1 Comdty|XU1 Index|Z 1 Index,sub250k_24,all84
0.3393,0.2105,-0.6177,48,CL1 Comdty|EC1 Curncy|EO1 Index|FC1 Comdty|FV1 Comdty|G 1 Comdty|HG1 Comdty|IJ1 Comdty|JGS1 Index|JY1 Curncy|KW1 Comdty|MWE1 Comdty|NO1 Curncy|NV1 Curncy|OAT1 Comdty|PA1 Comdty|PT1 Index|QC1 Index|QS1 Comdty|RS1 Comdty|SF1 Curncy|SM1 Index|TU1 Comdty|Z 1 Index,sub250k_24,all84
0.5301,0.2892,-0.6681,49,C 1 Comdty|CUA1 Comdty|DM1 Index|DU1 Comdty|EC1 Curncy|EO1 Index|HG1 Comdty|JB1 Comdty|JY1 Curncy|KC1 Comdty|NO1 Curncy|NQ1 Index|NV1 Curncy|OE1 Comdty|PA1 Comdty|PT1 Index|QS1 Comdty|QW1 Comdty|RS1 Comdty|RTY1 Index|SB1 Comdty|SE1 Curncy|TP1 Index|TY1 Comdty,sub250k_24,all84
0.4946,0.3935,-0.0529,50,AD1 Curncy|BP1 Curncy|DU1 Comdty|EC1 Curncy|EO1 Index|ES1 Index|GC1 Comdty|HI1 Index|JB1 Comdty|JGS1 Index|NG1 Comdty|NO1 Index|OAT1 Comdty|PA1 Comdty|PE1 Curncy|QC1 Comdty|QS1 Comdty|S 1 Comdty|SB1 Comdty|SE1 Curncy|SFR5 Comdty|SM1 Comdty|W 1 Comdty|Z 1 Index,sub250k_24,all84
0.3345,0.2318,-0.3295,51,AD1 Curncy|BP1 Curncy|C 1 Comdty|CD1 Curncy|CN1 Comdty|DF1 Comdty|EC1 Curncy|ES1 Index|G 1 Comdty|JB1 Comdty|JGS1 Index|NO1 Index|PA1 Comdty|QC1 Comdty|QS1 Comdty|QW1 Comdty|RX1 Comdty|SB1 Comdty|SE1 Curncy|SI1 Comdty|TWT1 Index|VG1 Index|XB1 Comdty|XU1 Index,sub250k_24,all84
0.2890,0.1455,-0.1679,52,AD1 Curncy|BP1 Curncy|C 1 Comdty|CC1 Comdty|CN1 Comdty|ES1 Index|GX1 Index|JY1 Curncy|NO1 Index|NV1 Curncy|OE1 Comdty|PA1 Comdty|PE1 Curncy|QC1 Comdty|QS1 Comdty|QW1 Comdty|SI1 Comdty|SM1 Comdty|TP1 Index|UB1 Comdty|UXY1 Comdty|VG1 Index|XB1 Comdty|Z 1 Index,sub250k_24,all84
0.7786,0.4714,0.2332,53,BP1 Curncy|CT1 Comdty|CUA1 Comdty|GC1 Comdty|GX1 Index|HI1 Index|IJ1 Comdty|IK1 Comdty|JY1 Curncy|LC1 Comdty|NG1 Comdty|NO1 Curncy|NO1 Index|NQ1 Index|PE1 Curncy|PL1 Comdty|QC1 Comdty|RS1 Comdty|RX1 Comdty|SE1 Curncy|SFR5 Comdty|TP1 Index|UB1 Comdty|VG1 Index,sub250k_24,all84
0.4551,0.2216,-0.5265,54,BP1 Curncy|C 1 Comdty|CC1 Comdty|CL1 Comdty|CT1 Comdty|CUA1 Comdty|ER4 Comdty|FC1 Comdty|GX1 Index|HC1 Index|HG1 Comdty|HI1 Index|JY1 Curncy|LC1 Comdty|MES1 Index|NO1 Curncy|NO1 Index|NV1 Curncy|OE1 Comdty|PL1 Comdty|SE1 Curncy|SFI5 Comdty|UB1 Comdty|XU1 Index,sub250k_24,all84
0.5321,0.4574,0.0283,55,AD1 Curncy|CA1 Comdty|CD1 Curncy|CL1 Comdty|CUA1 Comdty|DU1 Comdty|GC1 Comdty|HI1 Index|JY1 Curncy|KW1 Comdty|LC1 Comdty|NO1 Curncy|NV1 Curncy|PA1 Comdty|PT1 Index|QW1 Comdty|SM1 Index|TWT1 Index|US1 Comdty|UXY1 Comdty|VG1 Index|W 1 Comdty|WN1 Comdty|XU1 Index,sub250k_24,all84
0.3616,0.3013,0.3888,56,AD1 Curncy|BP1 Curncy|CC1 Comdty|CF1 Index|DF1 Comdty|ER4 Comdty|GC1 Comdty|HC1 Index|JY1 Curncy|KW1 Comdty|LC1 Comdty|NO1 Curncy|NV1 Curncy|QS1 Comdty|SI1 Comdty|SM1 Index|TU1 Comdty|TWT1 Index|UXY1 Comdty|VG1 Index|W 1 Comdty|WN1 Comdty|XB1 Comdty|XU1 Index,sub250k_24,all84
0.5305,0.3545,0.2807,57,AD1 Curncy|BO1 Comdty|BP1 Curncy|CD1 Curncy|CF1 Index|CUA1 Comdty|DF1 Comdty|GC1 Comdty|HI1 Index|IK1 Comdty|KW1 Comdty|LH1 Comdty|NG1 Comdty|PE1 Curncy|PL1 Comdty|QC1 Comdty|SF1 Curncy|SFR5 Comdty|TP1 Index|TWT1 Index|US1 Comdty|UXY1 Comdty|VG1 Index|Z 1 Index,sub250k_24,all84
0.2528,0.1481,-0.5005,58,AD1 Curncy|BP1 Curncy|CD1 Curncy|CF1 Index|CN1 Comdty|DF1 Comdty|DU1 Comdty|EO1 Index|HG1 Comdty|IK1 Comdty|JB1 Comdty|JY1 Curncy|KC1 Comdty|LH1 Comdty|MES1 Index|NG1 Comdty|NQ1 Index|PL1 Comdty|QS1 Comdty|QW1 Comdty|SB1 Comdty|SE1 Curncy|TWT1 Index|VG1 Index,sub250k_24,all84
0.2306,0.0941,-0.7116,59,AD1 Curncy|BO1 Comdty|CA1 Comdty|CL1 Comdty|CN1 Comdty|IK1 Comdty|JGS1 Index|KW1 Comdty|MWE1 Comdty|NG1 Comdty|NO1 Curncy|NO1 Index|NV1 Curncy|PA1 Comdty|PE1 Curncy|PL1 Comdty|QC1 Index|RTY1 Index|RX1 Comdty|SE1 Curncy|TWT1 Index|W 1 Comdty|XM1 Comdty|XU1 Index,sub250k_24,all84
0.4605,0.3347,-0.7959,60,BP1 Curncy|CD1 Curncy|CUA1 Comdty|DM1 Index|DU1 Comdty|ES1 Index|HG1 Comdty|JB1 Comdty|LC1 Comdty|LH1 Comdty|NO1 Curncy|NQ1 Index|NV1 Curncy|PA1 Comdty|PE1 Curncy|PT1 Index|S 1 Comdty|SB1 Comdty|SFI5 Comdty|TWT1 Index|US1 Comdty|W 1 Comdty|XB1 Comdty|XU1 Index,sub250k_24,all84
0.3246,0.2572,-0.2640,61,BP1 Curncy|C 1 Comdty|CD1 Curncy|CF1 Index|CT1 Comdty|DF1 Comdty|EO1 Index|HO1 Comdty|IK1 Comdty|JY1 Curncy|KC1 Comdty|NG1 Comdty|NQ1 Index|NV1 Curncy|PA1 Comdty|PE1 Curncy|PL1 Comdty|PT1 Index|S 1 Comdty|TP1 Index|TY1 Comdty|UB1 Comdty|VG1 Index|WN1 Comdty,sub250k_24,all84
0.5503,0.4838,-1.3518,62,AD1 Curncy|BO1 Comdty|CF1 Index|CN1 Comdty|CUA1 Comdty|EC1 Curncy|G 1 Comdty|HI1 Index|JGS1 Index|JY1 Curncy|KW1 Comdty|LH1 Comdty|NO1 Curncy|PA1 Comdty|QC1 Index|QS1 Comdty|QW1 Comdty|SB1 Comdty|SCO1 Comdty|SF1 Curncy|SFI5 Comdty|TWT1 Index|VG1 Index|WN1 Comdty,sub250k_24,all84
0.2777,0.2293,-0.5155,63,BP1 Curncy|CL1 Comdty|CO1 Comdty|EC1 Curncy|ES1 Index|G 1 Comdty|HI1 Index|LC1 Comdty|LH1 Comdty|MWE1 Comdty|NO1 Curncy|PA1 Comdty|PL1 Comdty|PT1 Index|QC1 Index|QW1 Comdty|RTY1 Index|SE1 Curncy|SF1 Curncy|SFR5 Comdty|TU1 Comdty|UXY1 Comdty|W 1 Comdty|Z 1 Index,sub250k_24,all84
0.2036,0.0708,-0.3189,64,AD1 Curncy|BP1 Curncy|CF1 Index|CL1 Comdty|EO1 Index|ER4 Comdty|ES1 Index|G 1 Comdty|GC1 Comdty|GX1 Index|HG1 Comdty|HO1 Comdty|JB1 Comdty|KC1 Comdty|KW1 Comdty|NV1 Curncy|OAT1 Comdty|PE1 Curncy|S 1 Comdty|SB1 Comdty|SF1 Curncy|TP1 Index|VG1 Index|W 1 Comdty,sub250k_24,all84
0.5352,0.2784,-0.2207,65,AD1 Curncy|CA1 Comdty|CC1 Comdty|CT1 Comdty|CUA1 Comdty|DM1 Index|EO1 Index|ES1 Index|FC1 Comdty|G 1 Comdty|NO1 Curncy|PA1 Comdty|PE1 Curncy|PL1 Comdty|RX1 Comdty|SE1 Curncy|SF1 Curncy|SFR5 Comdty|SM1 Comdty|SM1 Index|TP1 Index|UXY1 Comdty|XB1 Comdty|XU1 Index,sub250k_24,all84
0.7182,0.4614,-0.4602,66,AD1 Curncy|BP1 Curncy|CA1 Comdty|CC1 Comdty|CO1 Comdty|CUA1 Comdty|DU1 Comdty|EC1 Curncy|ES1 Index|FC1 Comdty|GX1 Index|KC1 Comdty|MES1 Index|NQ1 Index|NV1 Curncy|SB1 Comdty|SCO1 Comdty|SE1 Curncy|SI1 Comdty|SM1 Index|UXY1 Comdty|WN1 Comdty|XM1 Comdty|Z 1 Index,sub250k_24,all84
0.2856,0.0788,-0.7531,67,AD1 Curncy|BO1 Comdty|CUA1 Comdty|G 1 Comdty|HC1 Index|HG1 Comdty|MWE1 Comdty|NO1 Curncy|NQ1 Index|PE1 Curncy|PL1 Comdty|QC1 Index|QS1 Comdty|QW1 Comdty|S 1 Comdty|SE1 Curncy|SF1 Curncy|TP1 Index|TWT1 Index|US1 Comdty|VG1 Index|W 1 Comdty|WN1 Comdty|XM1 Comdty,sub250k_24,all84
0.3469,0.1908,-0.2997,68,AD1 Curncy|BP1 Curncy|C 1 Comdty|CD1 Curncy|CF1 Index|CUA1 Comdty|DU1 Comdty|ER4 Comdty|GC1 Comdty|GX1 Index|HC1 Index|HI1 Index|IR4 Comdty|LH1 Comdty|MES1 Index|NG1 Comdty|PE1 Curncy|PL1 Comdty|QC1 Comdty|QC1 Index|QW1 Comdty|SB1 Comdty|SF1 Curncy|SFI5 Comdty,sub250k_24,all84
0.4113,0.3148,0.4144,69,AD1 Curncy|CA1 Comdty|CD1 Curncy|DF1 Comdty|ES1 Index|FC1 Comdty|FV1 Comdty|GC1 Comdty|GX1 Index|HC1 Index|HG1 Comdty|HO1 Comdty|JB1 Comdty|JY1 Curncy|KC1 Comdty|MES1 Index|NV1 Curncy|PT1 Index|RX1 Comdty|S 1 Comdty|SF1 Curncy|US1 Comdty|XB1 Comdty|XU1 Index,sub250k_24,all84
0.5383,0.2340,0.0110,70,AD1 Curncy|CF1 Index|CO1 Comdty|CT1 Comdty|DF1 Comdty|EC1 Curncy|GC1 Comdty|HC1 Index|IJ1 Comdty|IK1 Comdty|JY1 Curncy|LH1 Comdty|NO1 Curncy|NV1 Curncy|OE1 Comdty|PT1 Index|QC1 Index|SB1 Comdty|SI1 Comdty|SM1 Index|TP1 Index|UB1 Comdty|WN1 Comdty|XB1 Comdty,sub250k_24,all84
0.1911,0.1855,-0.4323,71,AD1 Curncy|BP1 Curncy|CD1 Curncy|CO1 Comdty|CT1 Comdty|DF1 Comdty|DU1 Comdty|ES1 Index|FV1 Comdty|GX1 Index|HC1 Index|HG1 Comdty|HI1 Index|JY1 Curncy|NV1 Curncy|PL1 Comdty|QC1 Comdty|QS1 Comdty|RS1 Comdty|UXY1 Comdty|VG1 Index|W 1 Comdty|XM1 Comdty|XU1 Index,sub250k_24,all84
0.3551,0.2390,-0.5104,72,AD1 Curncy|BP1 Curncy|CA1 Comdty|CD1 Curncy|CO1 Comdty|DM1 Index|DU1 Comdty|ES1 Index|GX1 Index|HO1 Comdty|IJ1 Comdty|IK1 Comdty|JGS1 Index|KC1 Comdty|LC1 Comdty|MES1 Index|NO1 Curncy|OE1 Comdty|PA1 Comdty|PL1 Comdty|PT1 Index|QC1 Comdty|SE1 Curncy|UB1 Comdty,sub250k_24,all84
0.4973,0.3709,-0.2511,73,AD1 Curncy|BO1 Comdty|C 1 Comdty|CA1 Comdty|CL1 Comdty|CN1 Comdty|CO1 Comdty|DF1 Comdty|EC1 Curncy|ER4 Comdty|GC1 Comdty|JB1 Comdty|JGS1 Index|JY1 Curncy|NO1 Curncy|NQ1 Index|PA1 Comdty|PE1 Curncy|QC1 Index|RTY1 Index|RX1 Comdty|SB1 Comdty|SM1 Index|Z 1 Index,sub250k_24,all84
0.4650,0.3669,-0.2307,74,AD1 Curncy|CF1 Index|EC1 Curncy|ES1 Index|FC1 Comdty|GC1 Comdty|HG1 Comdty|HO1 Comdty|IJ1 Comdty|IR4 Comdty|LH1 Comdty|NO1 Curncy|NQ1 Index|NV1 Curncy|PE1 Curncy|QC1 Index|S 1 Comdty|SB1 Comdty|SFI5 Comdty|TP1 Index|UB1 Comdty|UXY1 Comdty|VG1 Index|XB1 Comdty,sub250k_24,all84
0.2670,0.0711,-0.7591,75,AD1 Curncy|BP1 Curncy|CC1 Comdty|CD1 Curncy|CUA1 Comdty|DU1 Comdty|FV1 Comdty|G 1 Comdty|GX1 Index|HC1 Index|JY1 Curncy|KW1 Comdty|MES1 Index|NG1 Comdty|OE1 Comdty|PA1 Comdty|PL1 Comdty|QW1 Comdty|SE1 Curncy|SM1 Comdty|TP1 Index|W 1 Comdty|XU1 Index|Z 1 Index,sub250k_24,all84
0.3736,0.3337,-0.1391,76,BP1 Curncy|CA1 Comdty|CD1 Curncy|CF1 Index|CN1 Comdty|DF1 Comdty|EC1 Curncy|EO1 Index|G 1 Comdty|GC1 Comdty|HC1 Index|HG1 Comdty|HI1 Index|IR4 Comdty|JGS1 Index|JY1 Curncy|LC1 Comdty|LH1 Comdty|NO1 Curncy|QS1 Comdty|RX1 Comdty|SM1 Comdty|VG1 Index|XB1 Comdty,sub250k_24,all84
0.5620,0.3824,-0.0501,77,AD1 Curncy|CA1 Comdty|CN1 Comdty|CUA1 Comdty|GC1 Comdty|JGS1 Index|KW1 Comdty|LC1 Comdty|NO1 Curncy|NO1 Index|NQ1 Index|NV1 Curncy|OE1 Comdty|PE1 Curncy|PL1 Comdty|QC1 Comdty|QC1 Index|QS1 Comdty|QW1 Comdty|SE1 Curncy|SFI5 Comdty|SFR5 Comdty|TP1 Index|Z 1 Index,sub250k_24,all84
0.2977,0.0636,-0.3015,78,BO1 Comdty|CC1 Comdty|CF1 Index|CT1 Comdty|DU1 Comdty|EC1 Curncy|HG1 Comdty|HI1 Index|HO1 Comdty|IJ1 Comdty|IK1 Comdty|JY1 Curncy|KC1 Comdty|NO1 Curncy|NQ1 Index|NV1 Curncy|OE1 Comdty|QC1 Index|SE1 Curncy|SI1 Comdty|TWT1 Index|UXY1 Comdty|XB1 Comdty|Z 1 Index,sub250k_24,all84
0.4118,0.3535,0.0114,79,AD1 Curncy|BP1 Curncy|C 1 Comdty|CO1 Comdty|CT1 Comdty|EO1 Index|FC1 Comdty|GC1 Comdty|KW1 Comdty|MES1 Index|NO1 Curncy|NO1 Index|NV1 Curncy|PL1 Comdty|PT1 Index|QS1 Comdty|QW1 Comdty|RTY1 Index|SE1 Curncy|SFI5 Comdty|SFR5 Comdty|UXY1 Comdty|WN1 Comdty|XP1 Index,sub250k_24,all84
0.4495,0.3560,-0.6784,80,CA1 Comdty|CF1 Index|CO1 Comdty|DU1 Comdty|EC1 Curncy|GX1 Index|HC1 Index|HI1 Index|IJ1 Comdty|IR4 Comdty|JY1 Curncy|NO1 Curncy|NQ1 Index|PE1 Curncy|QW1 Comdty|SCO1 Comdty|SF1 Curncy|SI1 Comdty|SM1 Comdty|TU1 Comdty|UXY1 Comdty|W 1 Comdty|XB1 Comdty|XU1 Index,sub250k_24,all84
0.7620,0.6146,-0.0386,81,AD1 Curncy|CA1 Comdty|CO1 Comdty|DF1 Comdty|DM1 Index|EC1 Curncy|EO1 Index|FC1 Comdty|FV1 Comdty|G 1 Comdty|GX1 Index|HC1 Index|IJ1 Comdty|IK1 Comdty|JY1 Curncy|NO1 Curncy|NO1 Index|QC1 Comdty|SCO1 Comdty|SE1 Curncy|SFR5 Comdty|SI1 Comdty|XB1 Comdty|XU1 Index,sub250k_24,all84
0.3796,0.2328,-0.3059,82,AD1 Curncy|CD1 Curncy|CN1 Comdty|CO1 Comdty|ES1 Index|HC1 Index|HO1 Comdty|JY1 Curncy|KW1 Comdty|LC1 Comdty|LH1 Comdty|MWE1 Comdty|NO1 Curncy|NO1 Index|NQ1 Index|PA1 Comdty|RTY1 Index|RX1 Comdty|SF1 Curncy|SI1 Comdty|SM1 Comdty|TY1 Comdty|UXY1 Comdty|Z 1 Index,sub250k_24,all84
0.5157,0.2216,-0.0469,83,AD1 Curncy|BO1 Comdty|CF1 Index|CUA1 Comdty|EC1 Curncy|ES1 Index|GC1 Comdty|HO1 Comdty|IK1 Comdty|JB1 Comdty|JY1 Curncy|KC1 Comdty|LH1 Comdty|MES1 Index|NO1 Curncy|PE1 Curncy|QC1 Index|RTY1 Index|SI1 Comdty|SM1 Comdty|TP1 Index|US1 Comdty|W 1 Comdty|WN1 Comdty,sub250k_24,all84
0.5782,0.3856,-0.3000,84,BP1 Curncy|C 1 Comdty|CF1 Index|CUA1 Comdty|EC1 Curncy|FC1 Comdty|FV1 Comdty|HC1 Index|IR4 Comdty|LC1 Comdty|PE1 Curncy|PT1 Index|QC1 Comdty|RTY1 Index|S 1 Comdty|SCO1 Comdty|SE1 Curncy|SF1 Curncy|SI1 Comdty|TP1 Index|TU1 Comdty|XB1 Comdty|XM1 Comdty|XU1 Index,sub250k_24,all84
0.5018,0.4849,0.2362,85,BO1 Comdty|C 1 Comdty|CC1 Comdty|CD1 Curncy|CN1 Comdty|DM1 Index|GC1 Comdty|HO1 Comdty|JY1 Curncy|MWE1 Comdty|NO1 Curncy|NO1 Index|OE1 Comdty|PE1 Curncy|PT1 Index|QC1 Comdty|RTY1 Index|SCO1 Comdty|SE1 Curncy|TU1 Comdty|US1 Comdty|VG1 Index|XB1 Comdty|XP1 Index,sub250k_24,all84
0.5468,0.1552,-0.6155,86,BO1 Comdty|BP1 Curncy|CL1 Comdty|CUA1 Comdty|EC1 Curncy|ER4 Comdty|FC1 Comdty|GC1 Comdty|HC1 Index|HG1 Comdty|IJ1 Comdty|IK1 Comdty|NV1 Curncy|OE1 Comdty|PE1 Curncy|QC1 Index|RS1 Comdty|RTY1 Index|SB1 Comdty|SF1 Curncy|SM1 Index|UB1 Comdty|VG1 Index|XU1 Index,sub250k_24,all84
0.4816,0.3210,-0.5098,87,CD1 Curncy|CL1 Comdty|DF1 Comdty|EO1 Index|ER4 Comdty|HI1 Index|IJ1 Comdty|IK1 Comdty|JGS1 Index|KC1 Comdty|NO1 Index|NQ1 Index|NV1 Curncy|PA1 Comdty|PE1 Curncy|QS1 Comdty|RS1 Comdty|S 1 Comdty|SE1 Curncy|SF1 Curncy|SFR5 Comdty|SI1 Comdty|UB1 Comdty|XP1 Index,sub250k_24,all84
0.4741,0.5198,-0.5784,88,AD1 Curncy|BP1 Curncy|CC1 Comdty|DM1 Index|EC1 Curncy|IJ1 Comdty|JB1 Comdty|JY1 Curncy|LC1 Comdty|MES1 Index|NG1 Comdty|NO1 Index|NV1 Curncy|OE1 Comdty|PA1 Comdty|RTY1 Index|S 1 Comdty|SCO1 Comdty|SFR5 Comdty|SM1 Comdty|TU1 Comdty|XB1 Comdty|XP1 Index|XU1 Index,sub250k_24,all84
0.3277,0.2183,-0.6041,89,AD1 Curncy|CC1 Comdty|DM1 Index|EC1 Curncy|ES1 Index|G 1 Comdty|HC1 Index|HG1 Comdty|JY1 Curncy|NG1 Comdty|NO1 Curncy|NQ1 Index|NV1 Curncy|PA1 Comdty|QC1 Comdty|QS1 Comdty|QW1 Comdty|RX1 Comdty|SB1 Comdty|TY1 Comdty|UXY1 Comdty|VG1 Index|W 1 Comdty|Z 1 Index,sub250k_24,all84
0.1873,-0.0119,-0.3888,90,BP1 Curncy|CD1 Curncy|CF1 Index|CL1 Comdty|CN1 Comdty|DF1 Comdty|EC1 Curncy|ER4 Comdty|G 1 Comdty|GC1 Comdty|HI1 Index|HO1 Comdty|KC1 Comdty|KW1 Comdty|NO1 Curncy|NO1 Index|OE1 Comdty|QC1 Index|SB1 Comdty|SF1 Curncy|SI1 Comdty|SM1 Comdty|XP1 Index|XU1 Index,sub250k_24,all84
0.6304,0.4146,-1.0376,91,AD1 Curncy|CD1 Curncy|CO1 Comdty|CUA1 Comdty|FC1 Comdty|HI1 Index|IK1 Comdty|KC1 Comdty|NO1 Curncy|NO1 Index|OAT1 Comdty|PL1 Comdty|QW1 Comdty|RS1 Comdty|SCO1 Comdty|SE1 Curncy|SF1 Curncy|SFR5 Comdty|SM1 Comdty|SM1 Index|TWT1 Index|XM1 Comdty|XP1 Index|XU1 Index,sub250k_24,all84
0.3182,0.2163,-1.2193,92,CD1 Curncy|G 1 Comdty|HC1 Index|HG1 Comdty|HO1 Comdty|IK1 Comdty|LH1 Comdty|MES1 Index|MWE1 Comdty|NV1 Curncy|PE1 Curncy|QC1 Index|QW1 Comdty|RTY1 Index|RX1 Comdty|SB1 Comdty|SCO1 Comdty|SE1 Curncy|SF1 Curncy|SM1 Comdty|UB1 Comdty|VG1 Index|XB1 Comdty|XU1 Index,sub250k_24,all84
0.2564,0.0115,-0.6233,93,BO1 Comdty|CA1 Comdty|CD1 Curncy|CF1 Index|CO1 Comdty|DU1 Comdty|EC1 Curncy|IK1 Comdty|JY1 Curncy|LC1 Comdty|MES1 Index|NO1 Curncy|NO1 Index|PL1 Comdty|RTY1 Index|RX1 Comdty|S 1 Comdty|SB1 Comdty|SE1 Curncy|SI1 Comdty|SM1 Index|TU1 Comdty|XB1 Comdty|XP1 Index,sub250k_24,all84
0.6747,0.4802,-0.4924,94,AD1 Curncy|BP1 Curncy|C 1 Comdty|CA1 Comdty|CN1 Comdty|CO1 Comdty|CT1 Comdty|CUA1 Comdty|HI1 Index|JGS1 Index|MES1 Index|PE1 Curncy|PT1 Index|QC1 Comdty|QW1 Comdty|RTY1 Index|RX1 Comdty|SCO1 Comdty|SE1 Curncy|SF1 Curncy|SI1 Comdty|TU1 Comdty|UXY1 Comdty|XU1 Index,sub250k_24,all84
0.5037,0.4758,-0.3838,95,AD1 Curncy|CL1 Comdty|DM1 Index|EO1 Index|FV1 Comdty|GC1 Comdty|GX1 Index|IJ1 Comdty|JGS1 Index|JY1 Curncy|KW1 Comdty|LC1 Comdty|NQ1 Index|OAT1 Comdty|PE1 Curncy|S 1 Comdty|SCO1 Comdty|SE1 Curncy|SF1 Curncy|SM1 Comdty|TU1 Comdty|XB1 Comdty|XM1 Comdty|XU1 Index,sub250k_24,all84
0.1303,0.1332,-0.9359,96,AD1 Curncy|BP1 Curncy|CN1 Comdty|CO1 Comdty|DF1 Comdty|DM1 Index|DU1 Comdty|EO1 Index|HG1 Comdty|HO1 Comdty|IJ1 Comdty|JGS1 Index|KC1 Comdty|LC1 Comdty|MES1 Index|NV1 Curncy|PA1 Comdty|PE1 Curncy|SB1 Comdty|SF1 Curncy|SFI5 Comdty|TY1 Comdty|VG1 Index|Z 1 Index,sub250k_24,all84
0.6726,0.4268,0.0363,97,BP1 Curncy|CD1 Curncy|CO1 Comdty|CT1 Comdty|CUA1 Comdty|DF1 Comdty|GC1 Comdty|HC1 Index|JY1 Curncy|KW1 Comdty|LH1 Comdty|NV1 Curncy|PT1 Index|RS1 Comdty|RX1 Comdty|SE1 Curncy|SFR5 Comdty|SI1 Comdty|TP1 Index|UXY1 Comdty|VG1 Index|XM1 Comdty|XP1 Index|XU1 Index,sub250k_24,all84
0.5109,0.5494,-0.7268,98,CD1 Curncy|CF1 Index|EC1 Curncy|ER4 Comdty|FC1 Comdty|GX1 Index|HC1 Index|HG1 Comdty|HI1 Index|HO1 Comdty|JY1 Curncy|LC1 Comdty|LH1 Comdty|MES1 Index|NO1 Index|QS1 Comdty|QW1 Comdty|RS1 Comdty|SCO1 Comdty|SE1 Curncy|SF1 Curncy|US1 Comdty|WN1 Comdty|XM1 Comdty,sub250k_24,all84
0.3724,0.2498,-1.0055,99,AD1 Curncy|BP1 Curncy|C 1 Comdty|CF1 Index|CO1 Comdty|DU1 Comdty|EC1 Curncy|ES1 Index|HG1 Comdty|HI1 Index|IJ1 Comdty|JB1 Comdty|KC1 Comdty|MWE1 Comdty|NG1 Comdty|NO1 Curncy|OE1 Comdty|RS1 Comdty|RTY1 Index|SCO1 Comdty|SE1 Curncy|TP1 Index|WN1 Comdty|Z 1 Index,sub250k_24,all84
0.5867,0.3474,-1.1717,100,AD1 Curncy|BO1 Comdty|BP1 Curncy|CD1 Curncy|CF1 Index|CO1 Comdty|CUA1 Comdty|ES1 Index|HI1 Index|JY1 Curncy|KC1 Comdty|LC1 Comdty|MES1 Index|OAT1 Comdty|QW1 Comdty|RX1 Comdty|S 1 Comdty|SCO1 Comdty|SE1 Curncy|SI1 Comdty|TY1 Comdty|US1 Comdty|XP1 Index|XU1 Index,sub250k_24,all84
0.4001,0.3196,-0.3189,101,CD1 Curncy|DF1 Comdty|DM1 Index|EC1 Curncy|ER4 Comdty|GC1 Comdty|HC1 Index|IJ1 Comdty|IK1 Comdty|JB1 Comdty|MES1 Index|NV1 Curncy|OE1 Comdty|PA1 Comdty|PE1 Curncy|QC1 Comdty|QS1 Comdty|QW1 Comdty|RTY1 Index|SB1 Comdty|SE1 Curncy|XB1 Comdty|XU1 Index|Z 1 Index,sub250k_24,all84
0.5253,0.4117,-0.7111,102,AD1 Curncy|BP1 Curncy|CA1 Comdty|CL1 Comdty|CO1 Comdty|DU1 Comdty|EC1 Curncy|EO1 Index|FC1 Comdty|G 1 Comdty|HI1 Index|IJ1 Comdty|JY1 Curncy|KC1 Comdty|KW1 Comdty|NQ1 Index|OE1 Comdty|PA1 Comdty|QC1 Index|RTY1 Index|SCO1 Comdty|SF1 Curncy|US1 Comdty|XP1 Index,sub250k_24,all84
0.1026,-0.1835,-0.9790,103,BO1 Comdty|CD1 Curncy|CN1 Comdty|CUA1 Comdty|EC1 Curncy|EO1 Index|G 1 Comdty|HC1 Index|HG1 Comdty|HI1 Index|HO1 Comdty|LC1 Comdty|NO1 Curncy|NV1 Curncy|OE1 Comdty|PL1 Comdty|QC1 Comdty|RS1 Comdty|RTY1 Index|SF1 Curncy|UB1 Comdty|VG1 Index|W 1 Comdty|Z 1 Index,sub250k_24,all84
0.5070,0.5629,-0.9005,104,BO1 Comdty|CA1 Comdty|CL1 Comdty|CN1 Comdty|EC1 Curncy|ES1 Index|G 1 Comdty|HI1 Index|IJ1 Comdty|JY1 Curncy|KW1 Comdty|LH1 Comdty|NO1 Curncy|NO1 Index|NQ1 Index|NV1 Curncy|PE1 Curncy|PL1 Comdty|QS1 Comdty|SCO1 Comdty|SFI5 Comdty|SM1 Index|TU1 Comdty|XU1 Index,sub250k_24,all84
0.5784,0.3518,-0.7438,105,AD1 Curncy|C 1 Comdty|CD1 Curncy|CT1 Comdty|CUA1 Comdty|EO1 Index|FC1 Comdty|HG1 Comdty|IK1 Comdty|JGS1 Index|LH1 Comdty|MES1 Index|NO1 Curncy|NO1 Index|RTY1 Index|RX1 Comdty|SCO1 Comdty|SE1 Curncy|SF1 Curncy|SFR5 Comdty|SM1 Comdty|TU1 Comdty|XB1 Comdty|XU1 Index,sub250k_24,all84
0.6286,0.3977,-0.1505,106,AD1 Curncy|BP1 Curncy|CA1 Comdty|CC1 Comdty|CD1 Curncy|CUA1 Comdty|DM1 Index|ES1 Index|FC1 Comdty|HI1 Index|IK1 Comdty|JGS1 Index|PE1 Curncy|PL1 Comdty|QS1 Comdty|QW1 Comdty|S 1 Comdty|SE1 Curncy|SI1 Comdty|SM1 Index|TU1 Comdty|TWT1 Index|UB1 Comdty|US1 Comdty,sub250k_24,all84
0.0979,0.0854,-0.7002,107,CL1 Comdty|CT1 Comdty|DF1 Comdty|DU1 Comdty|EC1 Curncy|ER4 Comdty|GX1 Index|HG1 Comdty|HI1 Index|JY1 Curncy|LC1 Comdty|MES1 Index|NV1 Curncy|PE1 Curncy|PL1 Comdty|QW1 Comdty|SB1 Comdty|SE1 Curncy|SFI5 Comdty|SM1 Index|TY1 Comdty|VG1 Index|XB1 Comdty|Z 1 Index,sub250k_24,all84
0.6101,0.3019,-0.3072,108,CD1 Curncy|CT1 Comdty|CUA1 Comdty|EC1 Curncy|ER4 Comdty|ES1 Index|FC1 Comdty|GX1 Index|HC1 Index|IJ1 Comdty|IR4 Comdty|JY1 Curncy|KC1 Comdty|LC1 Comdty|NV1 Curncy|PA1 Comdty|RX1 Comdty|SF1 Curncy|SFI5 Comdty|SI1 Comdty|TWT1 Index|XB1 Comdty|XU1 Index|Z 1 Index,sub250k_24,all84
0.2342,-0.0751,-0.6478,109,AD1 Curncy|C 1 Comdty|CD1 Curncy|CL1 Comdty|CUA1 Comdty|EO1 Index|FV1 Comdty|G 1 Comdty|HC1 Index|IJ1 Comdty|IK1 Comdty|JY1 Curncy|KC1 Comdty|NO1 Curncy|NV1 Curncy|PL1 Comdty|SI1 Comdty|SM1 Comdty|SM1 Index|TWT1 Index|TY1 Comdty|W 1 Comdty|XP1 Index|Z 1 Index,sub250k_24,all84
0.3901,0.4026,-1.0232,110,AD1 Curncy|BO1 Comdty|C 1 Comdty|CA1 Comdty|CD1 Curncy|CF1 Index|CO1 Comdty|EC1 Curncy|EO1 Index|ER4 Comdty|IR4 Comdty|JGS1 Index|JY1 Curncy|NV1 Curncy|PA1 Comdty|PT1 Index|QC1 Index|QW1 Comdty|SCO1 Comdty|UB1 Comdty|W 1 Comdty|WN1 Comdty|XB1 Comdty|Z 1 Index,sub250k_24,all84
0.3476,0.1948,-0.4566,111,AD1 Curncy|CD1 Curncy|CF1 Index|CT1 Comdty|EC1 Curncy|ER4 Comdty|ES1 Index|HC1 Index|HG1 Comdty|HI1 Index|HO1 Comdty|IJ1 Comdty|IK1 Comdty|JY1 Curncy|LC1 Comdty|MWE1 Comdty|NO1 Curncy|NO1 Index|OAT1 Comdty|S 1 Comdty|SI1 Comdty|US1 Comdty|XB1 Comdty|XU1 Index,sub250k_24,all84
0.5521,0.4342,0.4290,112,CC1 Comdty|CD1 Curncy|CO1 Comdty|CT1 Comdty|EO1 Index|FC1 Comdty|FV1 Comdty|GC1 Comdty|GX1 Index|HC1 Index|IJ1 Comdty|JY1 Curncy|NG1 Comdty|NO1 Curncy|NQ1 Index|OE1 Comdty|PA1 Comdty|SE1 Curncy|SF1 Curncy|TU1 Comdty|TWT1 Index|W 1 Comdty|WN1 Comdty|XP1 Index,sub250k_24,all84
0.4777,0.2123,-0.7567,113,BO1 Comdty|BP1 Curncy|CO1 Comdty|CT1 Comdty|CUA1 Comdty|DF1 Comdty|EC1 Curncy|EO1 Index|ER4 Comdty|HC1 Index|HG1 Comdty|HI1 Index|IR4 Comdty|JGS1 Index|JY1 Curncy|KW1 Comdty|PE1 Curncy|PL1 Comdty|RX1 Comdty|S 1 Comdty|SF1 Curncy|SM1 Index|TP1 Index|UB1 Comdty,sub250k_24,all84
0.7192,0.5517,-0.2083,114,C 1 Comdty|CUA1 Comdty|EC1 Curncy|FC1 Comdty|HI1 Index|IJ1 Comdty|JY1 Curncy|MES1 Index|MWE1 Comdty|NO1 Index|NQ1 Index|NV1 Curncy|PA1 Comdty|PE1 Curncy|PL1 Comdty|QS1 Comdty|SE1 Curncy|SFR5 Comdty|SM1 Comdty|SM1 Index|TP1 Index|TU1 Comdty|UB1 Comdty|US1 Comdty,sub250k_24,all84
0.4700,0.3961,-0.0924,115,CL1 Comdty|CN1 Comdty|DM1 Index|EC1 Curncy|FV1 Comdty|GC1 Comdty|HO1 Comdty|JB1 Comdty|JGS1 Index|JY1 Curncy|LC1 Comdty|MES1 Index|MWE1 Comdty|NO1 Curncy|NO1 Index|PA1 Comdty|PE1 Curncy|RS1 Comdty|SB1 Comdty|SE1 Curncy|SM1 Index|UB1 Comdty|VG1 Index|W 1 Comdty,sub250k_24,all84
-0.0012,0.0172,-1.2018,116,BO1 Comdty|BP1 Curncy|CD1 Curncy|CF1 Index|CL1 Comdty|CN1 Comdty|DF1 Comdty|DU1 Comdty|ES1 Index|HI1 Index|IJ1 Comdty|MES1 Index|NV1 Curncy|PA1 Comdty|PL1 Comdty|QS1 Comdty|QW1 Comdty|RS1 Comdty|SE1 Curncy|SF1 Curncy|SM1 Index|TU1 Comdty|XM1 Comdty|XP1 Index,sub250k_24,all84
0.4357,0.4286,-0.6748,117,BO1 Comdty|BP1 Curncy|C 1 Comdty|CC1 Comdty|CD1 Curncy|CF1 Index|CO1 Comdty|DM1 Index|EC1 Curncy|FV1 Comdty|GX1 Index|HI1 Index|HO1 Comdty|LH1 Comdty|NO1 Curncy|QC1 Index|SCO1 Comdty|SE1 Curncy|SI1 Comdty|SM1 Comdty|SM1 Index|TU1 Comdty|WN1 Comdty|XM1 Comdty,sub250k_24,all84
0.4349,0.2433,-0.1705,118,CL1 Comdty|CUA1 Comdty|DF1 Comdty|EC1 Curncy|HG1 Comdty|HI1 Index|JB1 Comdty|JY1 Curncy|LC1 Comdty|LH1 Comdty|NV1 Curncy|OAT1 Comdty|PE1 Curncy|QC1 Comdty|QC1 Index|SE1 Curncy|SFR5 Comdty|SI1 Comdty|SM1 Index|VG1 Index|W 1 Comdty|XM1 Comdty|XP1 Index|Z 1 Index,sub250k_24,all84
0.4770,0.1861,-0.2430,119,AD1 Curncy|BO1 Comdty|BP1 Curncy|CUA1 Comdty|DM1 Index|EC1 Curncy|GC1 Comdty|HI1 Index|IK1 Comdty|JB1 Comdty|JY1 Curncy|LC1 Comdty|MES1 Index|NO1 Index|OE1 Comdty|PL1 Comdty|QC1 Index|QW1 Comdty|RS1 Comdty|S 1 Comdty|SF1 Curncy|SM1 Index|TU1 Comdty|XB1 Comdty,sub250k_24,all84
0.4731,0.4040,-0.2966,120,AD1 Curncy|C 1 Comdty|CD1 Curncy|CL1 Comdty|CN1 Comdty|CUA1 Comdty|DF1 Comdty|DU1 Comdty|ER4 Comdty|FC1 Comdty|FV1 Comdty|HG1 Comdty|LH1 Comdty|MES1 Index|NO1 Curncy|NQ1 Index|NV1 Curncy|PA1 Comdty|PE1 Curncy|QC1 Comdty|QC1 Index|SM1 Index|TWT1 Index|Z 1 Index,sub250k_24,all84
0.4823,0.3398,-0.4224,121,C 1 Comdty|CF1 Index|DF1 Comdty|EC1 Curncy|EO1 Index|G 1 Comdty|HO1 Comdty|JB1 Comdty|JY1 Curncy|KC1 Comdty|NO1 Curncy|OAT1 Comdty|PE1 Curncy|QC1 Index|QS1 Comdty|RS1 Comdty|S 1 Comdty|SCO1 Comdty|SE1 Curncy|SI1 Comdty|SM1 Index|TP1 Index|WN1 Comdty|XP1 Index,sub250k_24,all84
0.1461,0.2558,-1.1221,122,AD1 Curncy|BP1 Curncy|CF1 Index|HC1 Index|HG1 Comdty|HO1 Comdty|IJ1 Comdty|IR4 Comdty|JGS1 Index|NG1 Comdty|NV1 Curncy|PA1 Comdty|PE1 Curncy|QC1 Comdty|QW1 Comdty|RTY1 Index|SE1 Curncy|SFI5 Comdty|SM1 Comdty|TU1 Comdty|US1 Comdty|W 1 Comdty|XP1 Index|XU1 Index,sub250k_24,all84
0.2112,0.1874,-0.2030,123,BO1 Comdty|C 1 Comdty|CD1 Curncy|CN1 Comdty|ES1 Index|FV1 Comdty|G 1 Comdty|GC1 Comdty|HC1 Index|HG1 Comdty|JGS1 Index|NG1 Comdty|NO1 Curncy|NV1 Curncy|QC1 Comdty|QS1 Comdty|QW1 Comdty|S 1 Comdty|SE1 Curncy|SF1 Curncy|SM1 Index|TWT1 Index|UXY1 Comdty|XU1 Index,sub250k_24,all84
0.5932,0.4639,-0.2939,124,C 1 Comdty|CD1 Curncy|CF1 Index|CL1 Comdty|CUA1 Comdty|GC1 Comdty|GX1 Index|HI1 Index|IR4 Comdty|JGS1 Index|JY1 Curncy|LC1 Comdty|NO1 Curncy|NV1 Curncy|OAT1 Comdty|PA1 Comdty|QC1 Comdty|RS1 Comdty|SB1 Comdty|SE1 Curncy|UB1 Comdty|US1 Comdty|XP1 Index|XU1 Index,sub250k_24,all84
0.3710,0.2602,0.3910,125,AD1 Curncy|C 1 Comdty|CC1 Comdty|CL1 Comdty|CN1 Comdty|DM1 Index|ER4 Comdty|ES1 Index|GC1 Comdty|JY1 Curncy|KW1 Comdty|LC1 Comdty|NO1 Curncy|NO1 Index|NQ1 Index|PL1 Comdty|SE1 Curncy|SF1 Curncy|SFR5 Comdty|TP1 Index|UXY1 Comdty|W 1 Comdty|XB1 Comdty|Z 1 Index,sub250k_24,all84
0.5344,0.4137,-0.1365,126,AD1 Curncy|BP1 Curncy|CUA1 Comdty|EO1 Index|FV1 Comdty|GC1 Comdty|GX1 Index|HG1 Comdty|HO1 Comdty|IK1 Comdty|JY1 Curncy|KC1 Comdty|MES1 Index|MWE1 Comdty|NV1 Curncy|QW1 Comdty|RTY1 Index|S 1 Comdty|SB1 Comdty|SE1 Curncy|SFR5 Comdty|TWT1 Index|VG1 Index|WN1 Comdty,sub250k_24,all84
0.4679,0.4183,-1.5155,127,BP1 Curncy|CD1 Curncy|CF1 Index|CL1 Comdty|CUA1 Comdty|ER4 Comdty|G 1 Comdty|KW1 Comdty|LH1 Comdty|MES1 Index|PA1 Comdty|PE1 Curncy|QC1 Index|QW1 Comdty|RTY1 Index|S 1 Comdty|SCO1 Comdty|SE1 Curncy|SF1 Curncy|SFI5 Comdty|SM1 Comdty|TP1 Index|XM1 Comdty|XU1 Index,sub250k_24,all84
0.4289,0.2747,-0.4326,128,AD1 Curncy|CO1 Comdty|DU1 Comdty|EO1 Index|ES1 Index|IJ1 Comdty|IR4 Comdty|JB1 Comdty|JY1 Curncy|LC1 Comdty|LH1 Comdty|MES1 Index|NO1 Curncy|NV1 Curncy|PA1 Comdty|PT1 Index|QS1 Comdty|RTY1 Index|S 1 Comdty|SE1 Curncy|SI1 Comdty|SM1 Comdty|TP1 Index|UB1 Comdty,sub250k_24,all84
0.1804,0.1215,-0.4544,129,AD1 Curncy|BP1 Curncy|CA1 Comdty|CD1 Curncy|CO1 Comdty|DM1 Index|DU1 Comdty|HG1 Comdty|IR4 Comdty|JB1 Comdty|JGS1 Index|JY1 Curncy|KW1 Comdty|LC1 Comdty|MES1 Index|NO1 Index|OAT1 Comdty|PL1 Comdty|QC1 Index|QS1 Comdty|QW1 Comdty|S 1 Comdty|SF1 Curncy|Z 1 Index,sub250k_24,all84
0.3310,0.1382,0.2143,130,AD1 Curncy|CD1 Curncy|CF1 Index|CN1 Comdty|DF1 Comdty|DU1 Comdty|FC1 Comdty|G 1 Comdty|GC1 Comdty|HO1 Comdty|JY1 Curncy|LH1 Comdty|MES1 Index|NQ1 Index|QW1 Comdty|RTY1 Index|S 1 Comdty|SE1 Curncy|SF1 Curncy|SI1 Comdty|TWT1 Index|UB1 Comdty|VG1 Index|XB1 Comdty,sub250k_24,all84
0.3927,0.2690,-0.2110,131,BP1 Curncy|C 1 Comdty|CA1 Comdty|CD1 Curncy|CN1 Comdty|CO1 Comdty|DM1 Index|EC1 Curncy|G 1 Comdty|GC1 Comdty|HG1 Comdty|HO1 Comdty|JY1 Curncy|LH1 Comdty|NO1 Curncy|QC1 Index|RTY1 Index|RX1 Comdty|SM1 Comdty|SM1 Index|TP1 Index|VG1 Index|W 1 Comdty|XM1 Comdty,sub250k_24,all84
0.2041,0.0687,-0.5193,132,AD1 Curncy|BP1 Curncy|CC1 Comdty|CF1 Index|CL1 Comdty|CN1 Comdty|EC1 Curncy|EO1 Index|FC1 Comdty|GX1 Index|IJ1 Comdty|IK1 Comdty|NO1 Curncy|PA1 Comdty|PL1 Comdty|PT1 Index|QC1 Comdty|QW1 Comdty|SF1 Curncy|SFR5 Comdty|UB1 Comdty|VG1 Index|XB1 Comdty|XU1 Index,sub250k_24,all84
0.2030,0.1321,-1.1558,133,AD1 Curncy|BO1 Comdty|BP1 Curncy|CO1 Comdty|DF1 Comdty|EO1 Index|HC1 Index|HG1 Comdty|JGS1 Index|LC1 Comdty|MES1 Index|NG1 Comdty|NO1 Curncy|NV1 Curncy|OAT1 Comdty|PE1 Curncy|PL1 Comdty|PT1 Index|S 1 Comdty|SB1 Comdty|SFI5 Comdty|SFR5 Comdty|SM1 Index|XM1 Comdty,sub250k_24,all84
0.3296,0.2179,-0.7837,134,AD1 Curncy|BO1 Comdty|CC1 Comdty|CF1 Index|DF1 Comdty|DM1 Index|EC1 Curncy|GX1 Index|HG1 Comdty|IK1 Comdty|JB1 Comdty|JGS1 Index|KW1 Comdty|MWE1 Comdty|NG1 Comdty|NQ1 Index|NV1 Curncy|OE1 Comdty|PA1 Comdty|PE1 Curncy|SE1 Curncy|SFI5 Comdty|VG1 Index|XB1 Comdty,sub250k_24,all84
0.3614,0.1561,-0.4468,135,CC1 Comdty|CD1 Curncy|CO1 Comdty|DM1 Index|EC1 Curncy|EO1 Index|GC1 Comdty|GX1 Index|IK1 Comdty|JGS1 Index|KW1 Comdty|MES1 Index|NV1 Curncy|OAT1 Comdty|PE1 Curncy|PL1 Comdty|RS1 Comdty|RX1 Comdty|S 1 Comdty|SE1 Curncy|SFI5 Comdty|W 1 Comdty|XB1 Comdty|Z 1 Index,sub250k_24,all84
0.4708,0.2783,-0.9080,136,BO1 Comdty|C 1 Comdty|CD1 Curncy|CF1 Index|CO1 Comdty|CUA1 Comdty|ES1 Index|IJ1 Comdty|JB1 Comdty|JY1 Curncy|KC1 Comdty|MES1 Index|NO1 Index|NV1 Curncy|PL1 Comdty|QW1 Comdty|RX1 Comdty|SCO1 Comdty|SE1 Curncy|SF1 Curncy|TU1 Comdty|UXY1 Comdty|VG1 Index|Z 1 Index,sub250k_24,all84
0.2767,0.1007,-0.5262,137,BP1 Curncy|C 1 Comdty|CO1 Comdty|DM1 Index|EC1 Curncy|EO1 Index|HC1 Index|HG1 Comdty|HO1 Comdty|IJ1 Comdty|JGS1 Index|KC1 Comdty|LC1 Comdty|MES1 Index|NV1 Curncy|PE1 Curncy|QW1 Comdty|RTY1 Index|RX1 Comdty|SF1 Curncy|SI1 Comdty|TY1 Comdty|UB1 Comdty|US1 Comdty,sub250k_24,all84
0.4175,0.2510,0.4399,138,AD1 Curncy|BP1 Curncy|CF1 Index|CT1 Comdty|DM1 Index|GC1 Comdty|HO1 Comdty|JB1 Comdty|JY1 Curncy|KW1 Comdty|MWE1 Comdty|NG1 Comdty|NO1 Curncy|NQ1 Index|PE1 Curncy|QC1 Comdty|SB1 Comdty|SI1 Comdty|SM1 Index|TP1 Index|TU1 Comdty|TY1 Comdty|UXY1 Comdty|Z 1 Index,sub250k_24,all84
0.6548,0.3877,-0.1344,139,AD1 Curncy|BO1 Comdty|CD1 Curncy|CL1 Comdty|CUA1 Comdty|EO1 Index|FC1 Comdty|GC1 Comdty|GX1 Index|IK1 Comdty|JY1 Curncy|KW1 Comdty|LH1 Comdty|NO1 Curncy|NQ1 Index|PA1 Comdty|RTY1 Index|SB1 Comdty|SF1 Curncy|TP1 Index|UB1 Comdty|US1 Comdty|WN1 Comdty|XU1 Index,sub250k_24,all84
0.3061,-0.1410,-1.3141,140,AD1 Curncy|BO1 Comdty|CUA1 Comdty|EC1 Curncy|G 1 Comdty|GX1 Index|HC1 Index|IJ1 Comdty|IK1 Comdty|KW1 Comdty|NO1 Curncy|NV1 Curncy|OAT1 Comdty|PL1 Comdty|QS1 Comdty|RS1 Comdty|RTY1 Index|SE1 Curncy|SI1 Comdty|SM1 Comdty|SM1 Index|UB1 Comdty|XP1 Index|XU1 Index,sub250k_24,all84
0.0704,-0.0128,-1.0353,141,AD1 Curncy|BO1 Comdty|CD1 Curncy|CL1 Comdty|CO1 Comdty|DU1 Comdty|G 1 Comdty|HG1 Comdty|KC1 Comdty|MES1 Index|NO1 Curncy|NO1 Index|NV1 Curncy|PA1 Comdty|QC1 Index|SB1 Comdty|SE1 Curncy|SM1 Comdty|TP1 Index|TY1 Comdty|VG1 Index|W 1 Comdty|WN1 Comdty|XP1 Index,sub250k_24,all84
0.6055,0.3758,-0.5346,142,CA1 Comdty|CC1 Comdty|CD1 Curncy|CN1 Comdty|CO1 Comdty|DU1 Comdty|ES1 Index|HI1 Index|JY1 Curncy|LC1 Comdty|NG1 Comdty|NO1 Curncy|NQ1 Index|OE1 Comdty|PE1 Curncy|PT1 Index|QC1 Index|QW1 Comdty|SCO1 Comdty|SE1 Curncy|SFI5 Comdty|SI1 Comdty|SM1 Comdty|SM1 Index,sub250k_24,all84
0.5370,0.2720,0.0112,143,AD1 Curncy|CA1 Comdty|CC1 Comdty|CUA1 Comdty|EC1 Curncy|FC1 Comdty|G 1 Comdty|HC1 Index|HG1 Comdty|HO1 Comdty|IR4 Comdty|JY1 Curncy|KW1 Comdty|LC1 Comdty|MES1 Index|NV1 Curncy|OAT1 Comdty|OE1 Comdty|PE1 Curncy|PT1 Index|RTY1 Index|SI1 Comdty|TWT1 Index|Z 1 Index,sub250k_24,all84
0.5727,0.4093,-0.3920,144,BO1 Comdty|CD1 Curncy|CUA1 Comdty|DF1 Comdty|DM1 Index|EC1 Curncy|FC1 Comdty|HC1 Index|JGS1 Index|LH1 Comdty|MES1 Index|PA1 Comdty|PE1 Curncy|PT1 Index|RS1 Comdty|SE1 Curncy|SF1 Curncy|SI1 Comdty|TU1 Comdty|TY1 Comdty|US1 Comdty|UXY1 Comdty|XB1 Comdty|XP1 Index,sub250k_24,all84
0.4403,0.1869,-0.1838,145,C 1 Comdty|CD1 Curncy|CL1 Comdty|CN1 Comdty|CT1 Comdty|CUA1 Comdty|DU1 Comdty|ES1 Index|FC1 Comdty|HC1 Index|HG1 Comdty|HI1 Index|JY1 Curncy|KC1 Comdty|MES1 Index|NO1 Curncy|PE1 Curncy|PT1 Index|SE1 Curncy|SFR5 Comdty|SI1 Comdty|TU1 Comdty|VG1 Index|W 1 Comdty,sub250k_24,all84
0.3152,0.0477,-0.3784,146,BO1 Comdty|BP1 Curncy|CC1 Comdty|CF1 Index|CUA1 Comdty|EC1 Curncy|GX1 Index|HO1 Comdty|IK1 Comdty|JB1 Comdty|KC1 Comdty|KW1 Comdty|PE1 Curncy|PL1 Comdty|QC1 Index|RS1 Comdty|SE1 Curncy|SF1 Curncy|SFR5 Comdty|SI1 Comdty|TP1 Index|VG1 Index|XM1 Comdty|XP1 Index,sub250k_24,all84
0.2415,0.1711,-0.0191,147,AD1 Curncy|BO1 Comdty|CD1 Curncy|CL1 Comdty|DF1 Comdty|DM1 Index|EC1 Curncy|FV1 Comdty|GC1 Comdty|JB1 Comdty|JGS1 Index|KC1 Comdty|KW1 Comdty|NO1 Curncy|OAT1 Comdty|PL1 Comdty|PT1 Index|QW1 Comdty|SF1 Curncy|SFR5 Comdty|TWT1 Index|VG1 Index|XB1 Comdty|XP1 Index,sub250k_24,all84
0.4772,0.3454,-0.7961,148,AD1 Curncy|CC1 Comdty|CD1 Curncy|CF1 Index|CUA1 Comdty|HG1 Comdty|HI1 Index|HO1 Comdty|KC1 Comdty|LH1 Comdty|NO1 Curncy|NQ1 Index|OE1 Comdty|PE1 Curncy|RTY1 Index|RX1 Comdty|S 1 Comdty|SCO1 Comdty|SF1 Curncy|SM1 Comdty|TP1 Index|TWT1 Index|US1 Comdty|XM1 Comdty,sub250k_24,all84
0.4255,0.4343,0.0052,149,BP1 Curncy|CC1 Comdty|CD1 Curncy|CL1 Comdty|CO1 Comdty|DM1 Index|EC1 Curncy|FV1 Comdty|HC1 Index|MWE1 Comdty|NQ1 Index|PA1 Comdty|PE1 Curncy|QC1 Comdty|QC1 Index|S 1 Comdty|SB1 Comdty|SF1 Curncy|SFR5 Comdty|SI1 Comdty|TP1 Index|TU1 Comdty|WN1 Comdty|XP1 Index,sub250k_24,all84
0.5319,0.3560,-0.4233,150,BP1 Curncy|C 1 Comdty|CA1 Comdty|CD1 Curncy|CF1 Index|CO1 Comdty|CUA1 Comdty|DF1 Comdty|EO1 Index|ES1 Index|G 1 Comdty|GX1 Index|IJ1 Comdty|IR4 Comdty|JY1 Curncy|LH1 Comdty|NV1 Curncy|PA1 Comdty|SF1 Curncy|SI1 Comdty|TU1 Comdty|UB1 Comdty|XP1 Index|XU1 Index,sub250k_24,all84
0.4438,0.4368,-0.7348,151,AD1 Curncy|C 1 Comdty|CD1 Curncy|CF1 Index|CN1 Comdty|CO1 Comdty|CT1 Comdty|DF1 Comdty|DM1 Index|EC1 Curncy|HO1 Comdty|JY1 Curncy|LC1 Comdty|MES1 Index|NQ1 Index|PL1 Comdty|PT1 Index|QC1 Index|RX1 Comdty|SB1 Comdty|SCO1 Comdty|SE1 Curncy|TY1 Comdty|XM1 Comdty,sub250k_24,all84
0.3583,0.2799,-0.3800,152,BP1 Curncy|C 1 Comdty|CC1 Comdty|CT1 Comdty|EO1 Index|G 1 Comdty|GX1 Index|HC1 Index|HI1 Index|HO1 Comdty|JY1 Curncy|KW1 Comdty|LC1 Comdty|NO1 Curncy|OE1 Comdty|PL1 Comdty|QS1 Comdty|RX1 Comdty|SCO1 Comdty|SE1 Curncy|SF1 Curncy|TP1 Index|VG1 Index|WN1 Comdty,sub250k_24,all84
0.4841,0.3560,-0.1407,153,AD1 Curncy|CT1 Comdty|DF1 Comdty|EC1 Curncy|ES1 Index|HC1 Index|HO1 Comdty|JY1 Curncy|KW1 Comdty|LH1 Comdty|NO1 Curncy|PA1 Comdty|QC1 Index|QW1 Comdty|RTY1 Index|RX1 Comdty|SE1 Curncy|SFR5 Comdty|SI1 Comdty|TP1 Index|TWT1 Index|UB1 Comdty|UXY1 Comdty|XB1 Comdty,sub250k_24,all84
0.5365,0.2768,-0.3561,154,BP1 Curncy|CA1 Comdty|CUA1 Comdty|ES1 Index|G 1 Comdty|HC1 Index|HO1 Comdty|JY1 Curncy|KC1 Comdty|KW1 Comdty|PA1 Comdty|PE1 Curncy|PT1 Index|QW1 Comdty|RTY1 Index|RX1 Comdty|SB1 Comdty|SE1 Curncy|SF1 Curncy|SI1 Comdty|TWT1 Index|TY1 Comdty|UB1 Comdty|VG1 Index,sub250k_24,all84
0.5328,0.2426,-0.6784,155,BP1 Curncy|CA1 Comdty|CD1 Curncy|CF1 Index|CT1 Comdty|CUA1 Comdty|EC1 Curncy|ES1 Index|G 1 Comdty|HC1 Index|HG1 Comdty|IJ1 Comdty|IK1 Comdty|JY1 Curncy|LH1 Comdty|NG1 Comdty|NQ1 Index|PL1 Comdty|PT1 Index|SB1 Comdty|SF1 Curncy|TU1 Comdty|WN1 Comdty|XU1 Index,sub250k_24,all84
0.3531,0.2143,0.0110,156,AD1 Curncy|CD1 Curncy|CL1 Comdty|CN1 Comdty|DF1 Comdty|EC1 Curncy|FC1 Comdty|G 1 Comdty|GC1 Comdty|GX1 Index|JGS1 Index|NO1 Curncy|OE1 Comdty|PA1 Comdty|PT1 Index|QC1 Comdty|RS1 Comdty|RX1 Comdty|S 1 Comdty|SF1 Curncy|SM1 Index|TWT1 Index|VG1 Index|XB1 Comdty,sub250k_24,all84
0.6309,0.3308,0.0603,157,AD1 Curncy|BP1 Curncy|DM1 Index|ES1 Index|FC1 Comdty|GC1 Comdty|HC1 Index|HG1 Comdty|JY1 Curncy|LH1 Comdty|OAT1 Comdty|OE1 Comdty|PT1 Index|QC1 Comdty|QS1 Comdty|RS1 Comdty|SE1 Curncy|SF1 Curncy|SFI5 Comdty|SM1 Index|UXY1 Comdty|W 1 Comdty|XB1 Comdty|XP1 Index,sub250k_24,all84
0.1257,-0.0180,-0.9001,158,BP1 Curncy|CD1 Curncy|CF1 Index|CO1 Comdty|DF1 Comdty|EC1 Curncy|ER4 Comdty|G 1 Comdty|HG1 Comdty|IJ1 Comdty|IR4 Comdty|KC1 Comdty|LC1 Comdty|NQ1 Index|NV1 Curncy|OAT1 Comdty|PL1 Comdty|PT1 Index|RS1 Comdty|SF1 Curncy|VG1 Index|XB1 Comdty|XP1 Index|Z 1 Index,sub250k_24,all84
0.3610,0.1940,-0.2542,159,AD1 Curncy|BO1 Comdty|CF1 Index|CN1 Comdty|CO1 Comdty|CT1 Comdty|EO1 Index|ES1 Index|G 1 Comdty|GC1 Comdty|HG1 Comdty|JY1 Curncy|KC1 Comdty|LC1 Comdty|MES1 Index|NG1 Comdty|NV1 Curncy|PE1 Curncy|QC1 Index|RS1 Comdty|RTY1 Index|SF1 Curncy|SFI5 Comdty|UXY1 Comdty,sub250k_24,all84
0.3311,0.4631,-0.0663,160,C 1 Comdty|CD1 Curncy|CL1 Comdty|CT1 Comdty|ES1 Index|FV1 Comdty|GC1 Comdty|HC1 Index|HO1 Comdty|JGS1 Index|LC1 Comdty|LH1 Comdty|MES1 Index|NO1 Index|NV1 Curncy|PA1 Comdty|PE1 Curncy|QW1 Comdty|SE1 Curncy|SF1 Curncy|SFI5 Comdty|TY1 Comdty|VG1 Index|XM1 Comdty,sub250k_24,all84
0.3876,0.2919,-0.2515,161,AD1 Curncy|BP1 Curncy|C 1 Comdty|CA1 Comdty|CL1 Comdty|CT1 Comdty|DM1 Index|HG1 Comdty|LC1 Comdty|MES1 Index|NO1 Curncy|NQ1 Index|OAT1 Comdty|PT1 Index|QS1 Comdty|SB1 Comdty|SE1 Curncy|SF1 Curncy|SFI5 Comdty|SI1 Comdty|TP1 Index|TWT1 Index|WN1 Comdty|XM1 Comdty,sub250k_24,all84
0.5307,0.3620,-0.5687,162,AD1 Curncy|CL1 Comdty|CO1 Comdty|CT1 Comdty|DM1 Index|DU1 Comdty|EO1 Index|ER4 Comdty|ES1 Index|FC1 Comdty|HC1 Index|HI1 Index|IR4 Comdty|JB1 Comdty|JGS1 Index|JY1 Curncy|NO1 Curncy|PE1 Curncy|QW1 Comdty|RS1 Comdty|SCO1 Comdty|SF1 Curncy|SI1 Comdty|SM1 Comdty,sub250k_24,all84
0.3868,0.1440,-0.5787,163,BO1 Comdty|BP1 Curncy|CD1 Curncy|CT1 Comdty|CUA1 Comdty|EO1 Index|FC1 Comdty|GX1 Index|JGS1 Index|JY1 Curncy|LC1 Comdty|NG1 Comdty|NV1 Curncy|PL1 Comdty|SB1 Comdty|SE1 Curncy|SFI5 Comdty|SI1 Comdty|TWT1 Index|TY1 Comdty|UXY1 Comdty|WN1 Comdty|XU1 Index|Z 1 Index,sub250k_24,all84
0.6567,0.5308,-0.2570,164,AD1 Curncy|C 1 Comdty|CN1 Comdty|CUA1 Comdty|ER4 Comdty|G 1 Comdty|GC1 Comdty|HC1 Index|HI1 Index|JY1 Curncy|LC1 Comdty|LH1 Comdty|MES1 Index|NO1 Index|NV1 Curncy|QS1 Comdty|S 1 Comdty|SCO1 Comdty|SE1 Curncy|SF1 Curncy|TY1 Comdty|VG1 Index|W 1 Comdty|XU1 Index,sub250k_24,all84
0.6124,0.7024,-0.2349,165,CD1 Curncy|CO1 Comdty|CT1 Comdty|EC1 Curncy|EO1 Index|HI1 Index|IR4 Comdty|JB1 Comdty|JY1 Curncy|KC1 Comdty|MES1 Index|NG1 Comdty|NO1 Curncy|NQ1 Index|PA1 Comdty|PE1 Curncy|QC1 Comdty|QW1 Comdty|SB1 Comdty|SCO1 Comdty|TP1 Index|TU1 Comdty|TWT1 Index|UB1 Comdty,sub250k_24,all84
0.5423,0.1836,-0.6989,166,AD1 Curncy|BO1 Comdty|CD1 Curncy|CN1 Comdty|CT1 Comdty|CUA1 Comdty|DM1 Index|EO1 Index|ES1 Index|FC1 Comdty|FV1 Comdty|HI1 Index|IJ1 Comdty|JY1 Curncy|KW1 Comdty|NG1 Comdty|NO1 Curncy|PT1 Index|SCO1 Comdty|SF1 Curncy|SI1 Comdty|SM1 Index|WN1 Comdty|XM1 Comdty,sub250k_24,all84
0.4046,0.3411,-0.3552,167,AD1 Curncy|BP1 Curncy|CA1 Comdty|EC1 Curncy|EO1 Index|ES1 Index|HG1 Comdty|HO1 Comdty|JB1 Comdty|KC1 Comdty|KW1 Comdty|MES1 Index|NG1 Comdty|OE1 Comdty|PA1 Comdty|PE1 Curncy|QC1 Index|QW1 Comdty|RX1 Comdty|S 1 Comdty|SE1 Curncy|SFR5 Comdty|TP1 Index|TWT1 Index,sub250k_24,all84
0.3249,0.0909,-0.1589,168,AD1 Curncy|C 1 Comdty|CA1 Comdty|CD1 Curncy|CF1 Index|CL1 Comdty|CN1 Comdty|CUA1 Comdty|DU1 Comdty|FV1 Comdty|GC1 Comdty|IJ1 Comdty|KC1 Comdty|LC1 Comdty|NO1 Curncy|PL1 Comdty|RTY1 Index|SE1 Curncy|SF1 Curncy|SM1 Index|TP1 Index|UB1 Comdty|VG1 Index|XU1 Index,sub250k_24,all84
0.2317,0.1244,-0.2772,169,AD1 Curncy|CC1 Comdty|CD1 Curncy|CL1 Comdty|DF1 Comdty|DM1 Index|EC1 Curncy|EO1 Index|ER4 Comdty|FC1 Comdty|HG1 Comdty|IR4 Comdty|JGS1 Index|KW1 Comdty|MES1 Index|NG1 Comdty|NO1 Curncy|NO1 Index|PE1 Curncy|PL1 Comdty|TP1 Index|UB1 Comdty|UXY1 Comdty|W 1 Comdty,sub250k_24,all84
0.4293,0.3969,-0.0423,170,C 1 Comdty|DF1 Comdty|DU1 Comdty|EC1 Curncy|FC1 Comdty|GC1 Comdty|GX1 Index|HC1 Index|HO1 Comdty|IK1 Comdty|JGS1 Index|LC1 Comdty|NG1 Comdty|NO1 Curncy|NV1 Curncy|PA1 Comdty|PE1 Curncy|QC1 Index|SE1 Curncy|SFR5 Comdty|SM1 Comdty|TU1 Comdty|XP1 Index|XU1 Index,sub250k_24,all84
0.4190,0.3572,-0.4136,171,AD1 Curncy|BP1 Curncy|CL1 Comdty|CO1 Comdty|ES1 Index|FC1 Comdty|GX1 Index|HG1 Comdty|IK1 Comdty|LH1 Comdty|NO1 Index|NV1 Curncy|PA1 Comdty|PE1 Curncy|QC1 Comdty|QW1 Comdty|RX1 Comdty|SE1 Curncy|TU1 Comdty|TWT1 Index|US1 Comdty|W 1 Comdty|XU1 Index|Z 1 Index,sub250k_24,all84
0.3357,0.3309,-0.7635,172,BO1 Comdty|BP1 Curncy|CC1 Comdty|CL1 Comdty|EO1 Index|ES1 Index|FV1 Comdty|HO1 Comdty|JGS1 Index|JY1 Curncy|KC1 Comdty|NO1 Curncy|NO1 Index|NV1 Curncy|OAT1 Comdty|PL1 Comdty|PT1 Index|SB1 Comdty|SCO1 Comdty|SF1 Curncy|SM1 Comdty|TU1 Comdty|VG1 Index|XM1 Comdty,sub250k_24,all84
0.7302,0.5361,-0.0240,173,BO1 Comdty|CC1 Comdty|CL1 Comdty|CN1 Comdty|EC1 Curncy|EO1 Index|FC1 Comdty|GC1 Comdty|HI1 Index|IK1 Comdty|JB1 Comdty|JGS1 Index|JY1 Curncy|LH1 Comdty|NG1 Comdty|NO1 Curncy|PT1 Index|RS1 Comdty|SCO1 Comdty|SE1 Curncy|SF1 Curncy|TP1 Index|UB1 Comdty|XU1 Index,sub250k_24,all84
0.2951,0.2092,-0.3964,174,AD1 Curncy|BP1 Curncy|CA1 Comdty|CF1 Index|EC1 Curncy|HC1 Index|HG1 Comdty|HI1 Index|HO1 Comdty|KC1 Comdty|LC1 Comdty|MWE1 Comdty|NO1 Curncy|NO1 Index|OE1 Comdty|PE1 Curncy|SFI5 Comdty|SFR5 Comdty|SI1 Comdty|SM1 Comdty|TWT1 Index|XB1 Comdty|XM1 Comdty|XU1 Index,sub250k_24,all84
0.4679,0.3622,-0.5259,175,C 1 Comdty|CD1 Curncy|CF1 Index|EC1 Curncy|FV1 Comdty|IR4 Comdty|JB1 Comdty|KW1 Comdty|MES1 Index|NG1 Comdty|NV1 Curncy|PE1 Curncy|QC1 Index|QS1 Comdty|RS1 Comdty|SB1 Comdty|SCO1 Comdty|SE1 Curncy|SFR5 Comdty|SI1 Comdty|SM1 Index|TWT1 Index|W 1 Comdty|XP1 Index,sub250k_24,all84
0.2682,0.1039,-0.3629,176,CC1 Comdty|CD1 Curncy|CN1 Comdty|CT1 Comdty|CUA1 Comdty|DM1 Index|DU1 Comdty|EO1 Index|FC1 Comdty|FV1 Comdty|HG1 Comdty|HI1 Index|HO1 Comdty|KW1 Comdty|MES1 Index|NQ1 Index|NV1 Curncy|PE1 Curncy|PL1 Comdty|RS1 Comdty|SE1 Curncy|SF1 Curncy|TY1 Comdty|XP1 Index,sub250k_24,all84
0.5189,0.2103,-0.3361,177,BO1 Comdty|CA1 Comdty|CD1 Curncy|CO1 Comdty|CT1 Comdty|CUA1 Comdty|DM1 Index|GX1 Index|IJ1 Comdty|IK1 Comdty|JY1 Curncy|NO1 Curncy|PE1 Curncy|PL1 Comdty|SE1 Curncy|SI1 Comdty|TP1 Index|TU1 Comdty|TWT1 Index|UB1 Comdty|VG1 Index|W 1 Comdty|WN1 Comdty|Z 1 Index,sub250k_24,all84
0.4211,0.2601,0.1568,178,CA1 Comdty|CD1 Curncy|CO1 Comdty|DU1 Comdty|EC1 Curncy|EO1 Index|FC1 Comdty|G 1 Comdty|GC1 Comdty|GX1 Index|HI1 Index|IJ1 Comdty|MWE1 Comdty|NV1 Curncy|PE1 Curncy|PL1 Comdty|QS1 Comdty|RTY1 Index|SF1 Curncy|SM1 Comdty|TP1 Index|TWT1 Index|US1 Comdty|XM1 Comdty,sub250k_24,all84
0.8114,0.5749,-0.5003,179,CA1 Comdty|CO1 Comdty|CUA1 Comdty|EC1 Curncy|EO1 Index|FC1 Comdty|IJ1 Comdty|IR4 Comdty|JY1 Curncy|LH1 Comdty|NO1 Index|OE1 Comdty|PE1 Curncy|PL1 Comdty|PT1 Index|QC1 Index|RS1 Comdty|RX1 Comdty|SCO1 Comdty|SE1 Curncy|SF1 Curncy|US1 Comdty|XU1 Index|Z 1 Index,sub250k_24,all84
0.3528,0.2935,-0.1018,180,AD1 Curncy|BO1 Comdty|CD1 Curncy|CL1 Comdty|DF1 Comdty|DU1 Comdty|EC1 Curncy|EO1 Index|ER4 Comdty|ES1 Index|GC1 Comdty|HC1 Index|IJ1 Comdty|JY1 Curncy|LH1 Comdty|NG1 Comdty|PL1 Comdty|S 1 Comdty|SE1 Curncy|SM1 Index|TY1 Comdty|WN1 Comdty|XP1 Index|XU1 Index,sub250k_24,all84
0.4875,0.3082,-0.0336,181,AD1 Curncy|BP1 Curncy|CA1 Comdty|CC1 Comdty|CF1 Index|CL1 Comdty|CN1 Comdty|CT1 Comdty|CUA1 Comdty|DF1 Comdty|EO1 Index|G 1 Comdty|JB1 Comdty|JY1 Curncy|NQ1 Index|NV1 Curncy|OAT1 Comdty|PA1 Comdty|PE1 Curncy|QC1 Comdty|QC1 Index|SI1 Comdty|TP1 Index|Z 1 Index,sub250k_24,all84
0.1860,0.0397,-0.0390,182,AD1 Curncy|BP1 Curncy|C 1 Comdty|CF1 Index|CL1 Comdty|CN1 Comdty|EC1 Curncy|EO1 Index|GC1 Comdty|HC1 Index|JY1 Curncy|LC1 Comdty|NG1 Comdty|NV1 Curncy|OE1 Comdty|PL1 Comdty|PT1 Index|QC1 Comdty|QW1 Comdty|TU1 Comdty|UB1 Comdty|W 1 Comdty|XP1 Index|Z 1 Index,sub250k_24,all84
0.6557,0.5434,-0.6354,183,AD1 Curncy|C 1 Comdty|CA1 Comdty|CC1 Comdty|CO1 Comdty|CUA1 Comdty|DM1 Index|DU1 Comdty|EC1 Curncy|ES1 Index|G 1 Comdty|HG1 Comdty|JY1 Curncy|KC1 Comdty|NV1 Curncy|QW1 Comdty|SCO1 Comdty|SE1 Curncy|SFI5 Comdty|TP1 Index|TWT1 Index|VG1 Index|WN1 Comdty|XP1 Index,sub250k_24,all84
0.0783,-0.0658,-0.4048,184,CC1 Comdty|CD1 Curncy|CL1 Comdty|CN1 Comdty|CT1 Comdty|EC1 Curncy|G 1 Comdty|GX1 Index|HC1 Index|HG1 Comdty|IR4 Comdty|JGS1 Index|KW1 Comdty|NO1 Curncy|PE1 Curncy|QC1 Index|RTY1 Index|SB1 Comdty|SF1 Curncy|SI1 Comdty|SM1 Comdty|TP1 Index|UXY1 Comdty|XB1 Comdty,sub250k_24,all84
0.5182,0.3832,-0.3064,185,BP1 Curncy|C 1 Comdty|CD1 Curncy|CF1 Index|CL1 Comdty|CUA1 Comdty|DF1 Comdty|EC1 Curncy|FC1 Comdty|FV1 Comdty|IR4 Comdty|JY1 Curncy|OE1 Comdty|PA1 Comdty|PE1 Curncy|PL1 Comdty|PT1 Index|QC1 Comdty|QC1 Index|RS1 Comdty|UXY1 Comdty|VG1 Index|XP1 Index|XU1 Index,sub250k_24,all84
0.2453,0.2841,-0.3201,186,CA1 Comdty|CD1 Curncy|CN1 Comdty|CO1 Comdty|CT1 Comdty|DF1 Comdty|EO1 Index|FV1 Comdty|HC1 Index|JY1 Curncy|KC1 Comdty|MES1 Index|NO1 Curncy|NO1 Index|NV1 Curncy|PA1 Comdty|PE1 Curncy|PL1 Comdty|QC1 Index|SB1 Comdty|TU1 Comdty|XB1 Comdty|XM1 Comdty|XU1 Index,sub250k_24,all84
0.5353,0.4156,-0.2218,187,BP1 Curncy|C 1 Comdty|CA1 Comdty|CF1 Index|CN1 Comdty|CT1 Comdty|EO1 Index|GC1 Comdty|IJ1 Comdty|IK1 Comdty|JGS1 Index|JY1 Curncy|NG1 Comdty|NO1 Curncy|PA1 Comdty|PT1 Index|QS1 Comdty|RS1 Comdty|SE1 Curncy|SF1 Curncy|SFI5 Comdty|TWT1 Index|XM1 Comdty|Z 1 Index,sub250k_24,all84
0.5666,0.2705,-0.3408,188,BP1 Curncy|CUA1 Comdty|FC1 Comdty|G 1 Comdty|GC1 Comdty|HG1 Comdty|JGS1 Index|LC1 Comdty|LH1 Comdty|NG1 Comdty|NO1 Curncy|NQ1 Index|PE1 Curncy|QC1 Index|RS1 Comdty|RTY1 Index|S 1 Comdty|SE1 Curncy|SF1 Curncy|SM1 Index|UB1 Comdty|WN1 Comdty|XM1 Comdty|XU1 Index,sub250k_24,all84
0.5334,0.3888,-0.3773,189,AD1 Curncy|BO1 Comdty|BP1 Curncy|CL1 Comdty|CT1 Comdty|CUA1 Comdty|DF1 Comdty|DM1 Index|GC1 Comdty|HG1 Comdty|JGS1 Index|JY1 Curncy|LH1 Comdty|NQ1 Index|NV1 Curncy|QC1 Index|RTY1 Index|SF1 Curncy|SFI5 Comdty|SM1 Comdty|TU1 Comdty|UB1 Comdty|US1 Comdty|XU1 Index,sub250k_24,all84
0.6754,0.6450,-0.1448,190,BP1 Curncy|C 1 Comdty|CA1 Comdty|CL1 Comdty|CO1 Comdty|EC1 Curncy|GC1 Comdty|IK1 Comdty|JGS1 Index|JY1 Curncy|LC1 Comdty|MES1 Index|NV1 Curncy|QC1 Index|SCO1 Comdty|SE1 Curncy|SFR5 Comdty|SM1 Comdty|SM1 Index|TY1 Comdty|US1 Comdty|VG1 Index|W 1 Comdty|Z 1 Index,sub250k_24,all84
0.3631,0.0556,-0.5732,191,BO1 Comdty|CD1 Curncy|CF1 Index|CUA1 Comdty|DU1 Comdty|FC1 Comdty|GX1 Index|HG1 Comdty|HO1 Comdty|JB1 Comdty|JGS1 Index|JY1 Curncy|NO1 Curncy|NO1 Index|PE1 Curncy|RS1 Comdty|S 1 Comdty|SE1 Curncy|SFI5 Comdty|SI1 Comdty|TP1 Index|W 1 Comdty|WN1 Comdty|XP1 Index,sub250k_24,all84
0.3111,0.1703,-0.3961,192,BO1 Comdty|CL1 Comdty|CO1 Comdty|DF1 Comdty|EC1 Curncy|ES1 Index|HC1 Index|HG1 Comdty|JB1 Comdty|JY1 Curncy|LC1 Comdty|NO1 Curncy|NQ1 Index|NV1 Curncy|PL1 Comdty|PT1 Index|S 1 Comdty|SF1 Curncy|SM1 Index|TWT1 Index|UB1 Comdty|US1 Comdty|UXY1 Comdty|W 1 Comdty,sub250k_24,all84
0.5450,0.4467,-0.2162,193,BP1 Curncy|CL1 Comdty|CUA1 Comdty|DF1 Comdty|EO1 Index|ER4 Comdty|G 1 Comdty|GC1 Comdty|HC1 Index|JY1 Curncy|LC1 Comdty|NO1 Curncy|NV1 Curncy|PA1 Comdty|RS1 Comdty|S 1 Comdty|SF1 Curncy|SM1 Index|TU1 Comdty|TWT1 Index|UXY1 Comdty|W 1 Comdty|XP1 Index|XU1 Index,sub250k_24,all84
0.2037,0.0849,-0.9422,194,AD1 Curncy|BO1 Comdty|BP1 Curncy|CL1 Comdty|CO1 Comdty|DF1 Comdty|ER4 Comdty|ES1 Index|HC1 Index|HG1 Comdty|HI1 Index|KC1 Comdty|KW1 Comdty|NO1 Curncy|NV1 Curncy|OAT1 Comdty|OE1 Comdty|PA1 Comdty|PT1 Index|S 1 Comdty|SF1 Curncy|TP1 Index|WN1 Comdty|Z 1 Index,sub250k_24,all84
0.3115,0.3678,-1.3048,195,AD1 Curncy|BO1 Comdty|BP1 Curncy|CD1 Curncy|CF1 Index|DU1 Comdty|EC1 Curncy|HC1 Index|HO1 Comdty|MES1 Index|MWE1 Comdty|PA1 Comdty|PE1 Curncy|PT1 Index|QW1 Comdty|RS1 Comdty|SCO1 Comdty|SM1 Comdty|SM1 Index|UB1 Comdty|US1 Comdty|UXY1 Comdty|XB1 Comdty|XU1 Index,sub250k_24,all84
0.3639,0.2365,-0.2755,196,AD1 Curncy|CC1 Comdty|CF1 Index|EO1 Index|ER4 Comdty|FC1 Comdty|HG1 Comdty|IK1 Comdty|JY1 Curncy|LC1 Comdty|NG1 Comdty|NO1 Curncy|PA1 Comdty|PE1 Curncy|PT1 Index|QS1 Comdty|RTY1 Index|S 1 Comdty|SF1 Curncy|SM1 Comdty|SM1 Index|TU1 Comdty|VG1 Index|WN1 Comdty,sub250k_24,all84
0.4435,0.1429,-0.0126,197,C 1 Comdty|CD1 Curncy|CUA1 Comdty|DM1 Index|EC1 Curncy|EO1 Index|FC1 Comdty|GC1 Comdty|GX1 Index|HO1 Comdty|LC1 Comdty|NO1 Curncy|OAT1 Comdty|QC1 Index|RS1 Comdty|RTY1 Index|RX1 Comdty|S 1 Comdty|SE1 Curncy|SF1 Curncy|SI1 Comdty|TU1 Comdty|TY1 Comdty|Z 1 Index,sub250k_24,all84
0.1323,0.0591,-0.7303,198,BP1 Curncy|C 1 Comdty|CD1 Curncy|DF1 Comdty|FV1 Comdty|JGS1 Index|MES1 Index|MWE1 Comdty|NO1 Curncy|NQ1 Index|OE1 Comdty|PA1 Comdty|PE1 Curncy|PL1 Comdty|PT1 Index|QS1 Comdty|SB1 Comdty|SF1 Curncy|SM1 Comdty|WN1 Comdty|XB1 Comdty|XM1 Comdty|XP1 Index|Z 1 Index,sub250k_24,all84
0.7449,0.6385,-0.0605,199,BP1 Curncy|CA1 Comdty|CL1 Comdty|EC1 Curncy|EO1 Index|FC1 Comdty|FV1 Comdty|GC1 Comdty|IJ1 Comdty|IK1 Comdty|IR4 Comdty|KC1 Comdty|MES1 Index|NO1 Curncy|NO1 Index|PE1 Curncy|QS1 Comdty|RTY1 Index|S 1 Comdty|SCO1 Comdty|SF1 Curncy|TP1 Index|UB1 Comdty|XU1 Index,sub250k_24,all84
0.5931,0.5867,-0.0902,200,AD1 Curncy|C 1 Comdty|CL1 Comdty|CT1 Comdty|EC1 Curncy|G 1 Comdty|GC1 Comdty|HC1 Index|HI1 Index|IJ1 Comdty|MWE1 Comdty|NV1 Curncy|PE1 Curncy|PT1 Index|QS1 Comdty|RTY1 Index|SCO1 Comdty|SE1 Curncy|SFR5 Comdty|SM1 Comdty|TP1 Index|TY1 Comdty|US1 Comdty|XP1 Index,sub250k_24,all84
0.2972,0.2976,-0.6388,201,BO1 Comdty|BP1 Curncy|CC1 Comdty|CT1 Comdty|EC1 Curncy|ER4 Comdty|HI1 Index|HO1 Comdty|IJ1 Comdty|JB1 Comdty|JY1 Curncy|KW1 Comdty|MES1 Index|NO1 Curncy|PA1 Comdty|PE1 Curncy|PL1 Comdty|PT1 Index|QS1 Comdty|SFI5 Comdty|SM1 Index|XM1 Comdty|XP1 Index|XU1 Index,sub250k_24,all84
0.2127,-0.0518,-0.1822,202,CA1 Comdty|CD1 Curncy|DM1 Index|EC1 Curncy|EO1 Index|FV1 Comdty|GX1 Index|IJ1 Comdty|JB1 Comdty|JY1 Curncy|KC1 Comdty|KW1 Comdty|MES1 Index|NG1 Comdty|NV1 Curncy|PL1 Comdty|SF1 Curncy|SI1 Comdty|SM1 Comdty|SM1 Index|TU1 Comdty|UB1 Comdty|VG1 Index|XB1 Comdty,sub250k_24,all84
0.7425,0.5820,0.0055,203,AD1 Curncy|BO1 Comdty|C 1 Comdty|CT1 Comdty|CUA1 Comdty|ES1 Index|GC1 Comdty|KC1 Comdty|LC1 Comdty|NG1 Comdty|NV1 Curncy|OAT1 Comdty|PE1 Curncy|PT1 Index|QC1 Index|SCO1 Comdty|SE1 Curncy|SF1 Curncy|SFR5 Comdty|TP1 Index|TU1 Comdty|UXY1 Comdty|XP1 Index|XU1 Index,sub250k_24,all84
0.1475,0.0160,-0.3541,204,CL1 Comdty|DM1 Index|DU1 Comdty|G 1 Comdty|GC1 Comdty|HI1 Index|IJ1 Comdty|JY1 Curncy|KW1 Comdty|NO1 Curncy|NO1 Index|NV1 Curncy|PL1 Comdty|QS1 Comdty|QW1 Comdty|S 1 Comdty|SE1 Curncy|SF1 Curncy|SM1 Index|US1 Comdty|W 1 Comdty|WN1 Comdty|XP1 Index|Z 1 Index,sub250k_24,all84
0.5923,0.3333,-0.6393,205,AD1 Curncy|BP1 Curncy|CO1 Comdty|CT1 Comdty|EC1 Curncy|ER4 Comdty|ES1 Index|FC1 Comdty|G 1 Comdty|JGS1 Index|JY1 Curncy|KC1 Comdty|KW1 Comdty|PT1 Index|QW1 Comdty|RTY1 Index|SCO1 Comdty|SE1 Curncy|SFI5 Comdty|SI1 Comdty|UXY1 Comdty|VG1 Index|XB1 Comdty|Z 1 Index,sub250k_24,all84
0.3510,0.2431,-0.4049,206,C 1 Comdty|CD1 Curncy|CUA1 Comdty|EO1 Index|GX1 Index|HG1 Comdty|HI1 Index|HO1 Comdty|IK1 Comdty|IR4 Comdty|JB1 Comdty|JY1 Curncy|LC1 Comdty|LH1 Comdty|NV1 Curncy|PE1 Curncy|PL1 Comdty|QC1 Index|QW1 Comdty|SE1 Curncy|SM1 Comdty|TP1 Index|UXY1 Comdty|VG1 Index,sub250k_24,all84
0.3135,0.3017,-0.0803,207,BP1 Curncy|CA1 Comdty|CD1 Curncy|CO1 Comdty|DF1 Comdty|DM1 Index|ES1 Index|FV1 Comdty|GC1 Comdty|GX1 Index|HC1 Index|IJ1 Comdty|LC1 Comdty|MES1 Index|NO1 Curncy|NV1 Curncy|OE1 Comdty|PL1 Comdty|S 1 Comdty|SE1 Curncy|TU1 Comdty|US1 Comdty|XB1 Comdty|Z 1 Index,sub250k_24,all84
0.5587,0.6689,-0.5326,208,C 1 Comdty|CA1 Comdty|CL1 Comdty|EC1 Curncy|HC1 Index|HI1 Index|IR4 Comdty|JGS1 Index|LH1 Comdty|MES1 Index|NO1 Curncy|PA1 Comdty|PE1 Curncy|PT1 Index|QC1 Comdty|QS1 Comdty|RX1 Comdty|SCO1 Comdty|SE1 Curncy|SF1 Curncy|SFI5 Comdty|TP1 Index|US1 Comdty|W 1 Comdty,sub250k_24,all84
0.4806,0.2692,0.1109,209,BP1 Curncy|C 1 Comdty|CA1 Comdty|CF1 Index|CUA1 Comdty|DM1 Index|EO1 Index|HG1 Comdty|JB1 Comdty|JY1 Curncy|KC1 Comdty|KW1 Comdty|MES1 Index|NO1 Curncy|NV1 Curncy|PE1 Curncy|PT1 Index|QC1 Comdty|SI1 Comdty|TU1 Comdty|TWT1 Index|UB1 Comdty|UXY1 Comdty|XB1 Comdty,sub250k_24,all84
0.1845,-0.0496,-0.7305,210,BP1 Curncy|CD1 Curncy|CO1 Comdty|CT1 Comdty|DM1 Index|ES1 Index|G 1 Comdty|HG1 Comdty|JY1 Curncy|KC1 Comdty|KW1 Comdty|NO1 Curncy|OE1 Comdty|PE1 Curncy|PL1 Comdty|PT1 Index|QW1 Comdty|SB1 Comdty|SM1 Index|UB1 Comdty|US1 Comdty|VG1 Index|XB1 Comdty|XP1 Index,sub250k_24,all84
0.2669,0.3113,-0.5156,211,BP1 Curncy|CD1 Curncy|CN1 Comdty|CT1 Comdty|DM1 Index|ES1 Index|HG1 Comdty|HO1 Comdty|KC1 Comdty|KW1 Comdty|MWE1 Comdty|NO1 Curncy|NQ1 Index|NV1 Curncy|PA1 Comdty|PE1 Curncy|QS1 Comdty|RTY1 Index|S 1 Comdty|TWT1 Index|TY1 Comdty|WN1 Comdty|XM1 Comdty|XP1 Index,sub250k_24,all84
0.1198,0.0716,-0.3907,212,CA1 Comdty|CC1 Comdty|CD1 Curncy|CT1 Comdty|EC1 Curncy|ER4 Comdty|HG1 Comdty|HO1 Comdty|IK1 Comdty|JB1 Comdty|NO1 Curncy|NV1 Curncy|PE1 Curncy|PL1 Comdty|QW1 Comdty|RX1 Comdty|S 1 Comdty|SM1 Index|TP1 Index|VG1 Index|XB1 Comdty|XP1 Index|XU1 Index|Z 1 Index,sub250k_24,all84
0.3824,0.1541,-0.6834,213,AD1 Curncy|CA1 Comdty|CF1 Index|DM1 Index|EC1 Curncy|ER4 Comdty|IJ1 Comdty|IR4 Comdty|JY1 Curncy|LH1 Comdty|MES1 Index|NG1 Comdty|PA1 Comdty|PE1 Curncy|PT1 Index|QC1 Index|QW1 Comdty|RS1 Comdty|RX1 Comdty|SF1 Curncy|SI1 Comdty|XB1 Comdty|XM1 Comdty|Z 1 Index,sub250k_24,all84
0.3523,0.2105,-0.9187,214,BO1 Comdty|BP1 Curncy|CL1 Comdty|DU1 Comdty|EC1 Curncy|EO1 Index|ES1 Index|GX1 Index|HO1 Comdty|NO1 Curncy|NQ1 Index|NV1 Curncy|QC1 Comdty|QW1 Comdty|RTY1 Index|S 1 Comdty|SB1 Comdty|SCO1 Comdty|SF1 Curncy|SI1 Comdty|TY1 Comdty|UB1 Comdty|WN1 Comdty|XU1 Index,sub250k_24,all84
0.5915,0.2809,0.1446,215,AD1 Curncy|BP1 Curncy|CA1 Comdty|CD1 Curncy|CUA1 Comdty|DU1 Comdty|EC1 Curncy|GC1 Comdty|JGS1 Index|LC1 Comdty|NG1 Comdty|NO1 Curncy|NO1 Index|NQ1 Index|OE1 Comdty|QC1 Comdty|SB1 Comdty|SI1 Comdty|SM1 Index|TU1 Comdty|TWT1 Index|W 1 Comdty|XM1 Comdty|XP1 Index,sub250k_24,all84
0.1507,-0.0868,-0.3653,216,AD1 Curncy|BO1 Comdty|BP1 Curncy|C 1 Comdty|CC1 Comdty|CF1 Index|DU1 Comdty|EC1 Curncy|EO1 Index|FC1 Comdty|HG1 Comdty|HO1 Comdty|IK1 Comdty|KC1 Comdty|MES1 Index|OE1 Comdty|PE1 Curncy|PL1 Comdty|QS1 Comdty|RX1 Comdty|SF1 Curncy|TP1 Index|XU1 Index|Z 1 Index,sub250k_24,all84
0.3382,0.2080,0.1438,217,BO1 Comdty|DM1 Index|EC1 Curncy|FC1 Comdty|GC1 Comdty|HI1 Index|JY1 Curncy|LC1 Comdty|LH1 Comdty|NO1 Curncy|NV1 Curncy|PL1 Comdty|QC1 Comdty|QS1 Comdty|RTY1 Index|SF1 Curncy|SM1 Index|US1 Comdty|UXY1 Comdty|VG1 Index|WN1 Comdty|XB1 Comdty|XM1 Comdty|Z 1 Index,sub250k_24,all84
0.5422,0.4841,-0.2199,218,BO1 Comdty|DF1 Comdty|DU1 Comdty|EO1 Index|GC1 Comdty|GX1 Index|JY1 Curncy|LC1 Comdty|NG1 Comdty|NO1 Curncy|NQ1 Index|NV1 Curncy|PE1 Curncy|QW1 Comdty|RS1 Comdty|RTY1 Index|SCO1 Comdty|SE1 Curncy|TP1 Index|TU1 Comdty|TY1 Comdty|UB1 Comdty|XB1 Comdty|XP1 Index,sub250k_24,all84
0.4787,0.3456,0.1834,219,BP1 Curncy|CC1 Comdty|CL1 Comdty|CN1 Comdty|CT1 Comdty|ER4 Comdty|ES1 Index|FC1 Comdty|GC1 Comdty|HG1 Comdty|JY1 Curncy|LH1 Comdty|MES1 Index|NG1 Comdty|NO1 Index|NQ1 Index|NV1 Curncy|OAT1 Comdty|PE1 Curncy|QW1 Comdty|SF1 Curncy|US1 Comdty|VG1 Index|XP1 Index,sub250k_24,all84
0.3110,0.1545,-0.5719,220,BP1 Curncy|CD1 Curncy|CL1 Comdty|EC1 Curncy|EO1 Index|FC1 Comdty|G 1 Comdty|GX1 Index|IJ1 Comdty|JGS1 Index|KW1 Comdty|NG1 Comdty|NQ1 Index|PA1 Comdty|PE1 Curncy|PL1 Comdty|PT1 Index|RS1 Comdty|SF1 Curncy|SM1 Comdty|TU1 Comdty|TWT1 Index|UB1 Comdty|WN1 Comdty,sub250k_24,all84
0.4191,0.4279,0.0084,221,AD1 Curncy|BP1 Curncy|C 1 Comdty|CC1 Comdty|CF1 Index|DM1 Index|EC1 Curncy|GC1 Comdty|HC1 Index|IJ1 Comdty|IR4 Comdty|NG1 Comdty|NO1 Index|NQ1 Index|PA1 Comdty|PE1 Curncy|PT1 Index|QS1 Comdty|SF1 Curncy|SFI5 Comdty|SM1 Comdty|TU1 Comdty|UXY1 Comdty|W 1 Comdty,sub250k_24,all84
0.5232,0.3548,0.1580,222,AD1 Curncy|BO1 Comdty|BP1 Curncy|C 1 Comdty|CF1 Index|EO1 Index|GC1 Comdty|JB1 Comdty|JY1 Curncy|KW1 Comdty|NG1 Comdty|NO1 Index|NQ1 Index|PA1 Comdty|PE1 Curncy|QC1 Comdty|RTY1 Index|RX1 Comdty|SE1 Curncy|SFR5 Comdty|SM1 Comdty|UXY1 Comdty|XB1 Comdty|XP1 Index,sub250k_24,all84
0.4860,0.4222,-0.1202,223,AD1 Curncy|CA1 Comdty|CT1 Comdty|DU1 Comdty|HG1 Comdty|HO1 Comdty|IK1 Comdty|JY1 Curncy|NO1 Curncy|NO1 Index|PA1 Comdty|PE1 Curncy|PT1 Index|RS1 Comdty|RX1 Comdty|S 1 Comdty|SE1 Curncy|SFR5 Comdty|SM1 Index|TP1 Index|TWT1 Index|W 1 Comdty|XB1 Comdty|XU1 Index,sub250k_24,all84
0.5381,0.4579,-0.2258,224,BP1 Curncy|DM1 Index|ER4 Comdty|FC1 Comdty|FV1 Comdty|HC1 Index|HO1 Comdty|JY1 Curncy|MWE1 Comdty|NG1 Comdty|NO1 Curncy|NQ1 Index|PE1 Curncy|PL1 Comdty|PT1 Index|QC1 Comdty|SCO1 Comdty|SF1 Curncy|SM1 Comdty|TP1 Index|UXY1 Comdty|W 1 Comdty|WN1 Comdty|Z 1 Index,sub250k_24,all84
0.1387,0.0541,-0.7998,225,BO1 Comdty|CD1 Curncy|CL1 Comdty|CN1 Comdty|CT1 Comdty|EC1 Curncy|EO1 Index|ER4 Comdty|GX1 Index|HG1 Comdty|HI1 Index|HO1 Comdty|IR4 Comdty|MWE1 Comdty|NO1 Curncy|NQ1 Index|NV1 Curncy|RTY1 Index|SB1 Comdty|SE1 Curncy|SI1 Comdty|W 1 Comdty|WN1 Comdty|XU1 Index,sub250k_24,all84
0.8399,0.7136,-0.2147,226,AD1 Curncy|BO1 Comdty|BP1 Curncy|CA1 Comdty|CF1 Index|CUA1 Comdty|DF1 Comdty|EC1 Curncy|ER4 Comdty|GC1 Comdty|HO1 Comdty|IR4 Comdty|JY1 Curncy|LC1 Comdty|MES1 Index|PT1 Index|RTY1 Index|SCO1 Comdty|SE1 Curncy|SFR5 Comdty|SM1 Index|UB1 Comdty|W 1 Comdty|Z 1 Index,sub250k_24,all84
0.3432,0.2418,0.2769,227,AD1 Curncy|CA1 Comdty|CD1 Curncy|CF1 Index|DU1 Comdty|EC1 Curncy|GC1 Comdty|GX1 Index|HC1 Index|JB1 Comdty|KC1 Comdty|KW1 Comdty|MWE1 Comdty|NO1 Index|NV1 Curncy|OAT1 Comdty|PL1 Comdty|QC1 Comdty|QS1 Comdty|SE1 Curncy|SFR5 Comdty|VG1 Index|XB1 Comdty|XU1 Index,sub250k_24,all84
0.1670,-0.0189,-0.0330,228,BO1 Comdty|C 1 Comdty|CA1 Comdty|CC1 Comdty|CD1 Curncy|CF1 Index|CN1 Comdty|DU1 Comdty|EC1 Curncy|G 1 Comdty|HC1 Index|HO1 Comdty|JY1 Curncy|NQ1 Index|OE1 Comdty|PE1 Curncy|PL1 Comdty|PT1 Index|QC1 Comdty|QC1 Index|SE1 Curncy|SI1 Comdty|XB1 Comdty|Z 1 Index,sub250k_24,all84
0.8631,0.6730,0.0547,229,BP1 Curncy|CA1 Comdty|CD1 Curncy|CUA1 Comdty|EC1 Curncy|ER4 Comdty|ES1 Index|FC1 Comdty|GC1 Comdty|HC1 Index|HO1 Comdty|IK1 Comdty|JY1 Curncy|LH1 Comdty|MES1 Index|NV1 Curncy|PA1 Comdty|QW1 Comdty|RX1 Comdty|TWT1 Index|UXY1 Comdty|W 1 Comdty|XP1 Index|XU1 Index,sub250k_24,all84
0.4432,0.5017,-0.6730,230,BP1 Curncy|CF1 Index|CL1 Comdty|EC1 Curncy|ER4 Comdty|FC1 Comdty|G 1 Comdty|GX1 Index|IJ1 Comdty|MES1 Index|MWE1 Comdty|PA1 Comdty|PE1 Curncy|PT1 Index|QC1 Comdty|QC1 Index|QW1 Comdty|SCO1 Comdty|SE1 Curncy|SF1 Curncy|TU1 Comdty|UXY1 Comdty|XB1 Comdty|XU1 Index,sub250k_24,all84
0.4002,0.3745,-1.1413,231,BP1 Curncy|CD1 Curncy|CF1 Index|CN1 Comdty|CT1 Comdty|DF1 Comdty|EC1 Curncy|HC1 Index|HG1 Comdty|HO1 Comdty|IJ1 Comdty|IK1 Comdty|JGS1 Index|JY1 Curncy|NG1 Comdty|PT1 Index|QC1 Index|QW1 Comdty|RS1 Comdty|SCO1 Comdty|SF1 Curncy|US1 Comdty|UXY1 Comdty|XP1 Index,sub250k_24,all84
0.3989,0.1462,-0.0456,232,AD1 Curncy|BP1 Curncy|CN1 Comdty|CO1 Comdty|CUA1 Comdty|DU1 Comdty|GC1 Comdty|IJ1 Comdty|JB1 Comdty|JY1 Curncy|KW1 Comdty|LC1 Comdty|MES1 Index|NO1 Curncy|PL1 Comdty|QC1 Comdty|QC1 Index|QW1 Comdty|SF1 Curncy|SM1 Index|TP1 Index|UXY1 Comdty|XP1 Index|Z 1 Index,sub250k_24,all84
0.6063,0.2751,-0.4822,233,CA1 Comdty|CUA1 Comdty|DF1 Comdty|DU1 Comdty|EC1 Curncy|FC1 Comdty|G 1 Comdty|HC1 Index|JY1 Curncy|MES1 Index|MWE1 Comdty|NO1 Curncy|NV1 Curncy|OE1 Comdty|QS1 Comdty|RTY1 Index|SCO1 Comdty|SF1 Curncy|SI1 Comdty|TU1 Comdty|VG1 Index|W 1 Comdty|XP1 Index|Z 1 Index,sub250k_24,all84
0.0974,-0.0644,-0.7948,234,AD1 Curncy|CC1 Comdty|CL1 Comdty|DF1 Comdty|DM1 Index|GX1 Index|JB1 Comdty|JGS1 Index|NG1 Comdty|NO1 Curncy|NV1 Curncy|OAT1 Comdty|PA1 Comdty|PL1 Comdty|RX1 Comdty|S 1 Comdty|SE1 Curncy|SF1 Curncy|SM1 Comdty|SM1 Index|UXY1 Comdty|W 1 Comdty|XU1 Index|Z 1 Index,sub250k_24,all84
0.5201,0.3388,-0.1825,235,CD1 Curncy|CF1 Index|CUA1 Comdty|DF1 Comdty|FC1 Comdty|GC1 Comdty|GX1 Index|IR4 Comdty|KC1 Comdty|KW1 Comdty|MWE1 Comdty|NO1 Curncy|NQ1 Index|NV1 Curncy|OE1 Comdty|PA1 Comdty|QC1 Index|SE1 Curncy|SF1 Curncy|SFI5 Comdty|TWT1 Index|XB1 Comdty|XM1 Comdty|XU1 Index,sub250k_24,all84
0.3974,0.2435,0.0218,236,CC1 Comdty|CD1 Curncy|CO1 Comdty|EC1 Curncy|ER4 Comdty|FC1 Comdty|GC1 Comdty|HI1 Index|IJ1 Comdty|KW1 Comdty|MES1 Index|NO1 Curncy|NO1 Index|NV1 Curncy|PL1 Comdty|QC1 Index|RTY1 Index|S 1 Comdty|SF1 Curncy|SFI5 Comdty|TP1 Index|TU1 Comdty|UB1 Comdty|XB1 Comdty,sub250k_24,all84
0.5081,0.3762,-0.5840,237,BP1 Curncy|C 1 Comdty|CD1 Curncy|CO1 Comdty|CT1 Comdty|DF1 Comdty|ER4 Comdty|ES1 Index|GX1 Index|HC1 Index|HI1 Index|KW1 Comdty|LC1 Comdty|MES1 Index|NG1 Comdty|NO1 Curncy|NQ1 Index|SCO1 Comdty|SE1 Curncy|SF1 Curncy|SI1 Comdty|TY1 Comdty|US1 Comdty|XM1 Comdty,sub250k_24,all84
0.2333,0.0573,-0.8269,238,BP1 Curncy|C 1 Comdty|CA1 Comdty|CF1 Index|CUA1 Comdty|DU1 Comdty|ES1 Index|FV1 Comdty|GX1 Index|HG1 Comdty|LC1 Comdty|MES1 Index|NG1 Comdty|NO1 Curncy|NV1 Curncy|PL1 Comdty|PT1 Index|RS1 Comdty|S 1 Comdty|SE1 Curncy|SF1 Curncy|SFI5 Comdty|US1 Comdty|Z 1 Index,sub250k_24,all84
0.3588,0.3069,-0.6384,239,AD1 Curncy|CD1 Curncy|CF1 Index|CL1 Comdty|DF1 Comdty|EC1 Curncy|ER4 Comdty|FC1 Comdty|HC1 Index|HG1 Comdty|HO1 Comdty|IJ1 Comdty|JB1 Comdty|JY1 Curncy|OAT1 Comdty|PA1 Comdty|PE1 Curncy|PT1 Index|QC1 Index|QW1 Comdty|SM1 Comdty|SM1 Index|WN1 Comdty|XU1 Index,sub250k_24,all84
0.4117,0.3932,0.6203,240,AD1 Curncy|BP1 Curncy|CA1 Comdty|CC1 Comdty|EO1 Index|GC1 Comdty|GX1 Index|HI1 Index|LC1 Comdty|NG1 Comdty|NO1 Index|NV1 Curncy|PE1 Curncy|PL1 Comdty|PT1 Index|QC1 Comdty|QS1 Comdty|RX1 Comdty|S 1 Comdty|SE1 Curncy|SFR5 Comdty|TU1 Comdty|TY1 Comdty|Z 1 Index,sub250k_24,all84
0.3756,0.1848,-0.9462,241,AD1 Curncy|CD1 Curncy|CF1 Index|CN1 Comdty|CT1 Comdty|CUA1 Comdty|EC1 Curncy|HG1 Comdty|JGS1 Index|KC1 Comdty|LC1 Comdty|MES1 Index|NG1 Comdty|NQ1 Index|NV1 Curncy|OE1 Comdty|PA1 Comdty|PE1 Curncy|QC1 Index|RS1 Comdty|SB1 Comdty|TY1 Comdty|WN1 Comdty|XP1 Index,sub250k_24,all84
0.4127,0.3081,-0.5371,242,BP1 Curncy|CA1 Comdty|CC1 Comdty|CD1 Curncy|EC1 Curncy|FC1 Comdty|FV1 Comdty|GX1 Index|HI1 Index|HO1 Comdty|JGS1 Index|MWE1 Comdty|NG1 Comdty|OAT1 Comdty|PL1 Comdty|RTY1 Index|RX1 Comdty|SCO1 Comdty|SE1 Curncy|SF1 Curncy|SM1 Index|US1 Comdty|VG1 Index|W 1 Comdty,sub250k_24,all84
0.3601,0.3281,-0.9362,243,AD1 Curncy|BP1 Curncy|CC1 Comdty|CD1 Curncy|CF1 Index|CN1 Comdty|CUA1 Comdty|DF1 Comdty|DU1 Comdty|EO1 Index|FV1 Comdty|HG1 Comdty|JY1 Curncy|KW1 Comdty|LC1 Comdty|NG1 Comdty|NV1 Curncy|QC1 Index|RS1 Comdty|RTY1 Index|SCO1 Comdty|UXY1 Comdty|VG1 Index|XU1 Index,sub250k_24,all84
0.5406,0.2904,-0.1364,244,BP1 Curncy|C 1 Comdty|CA1 Comdty|DM1 Index|GC1 Comdty|HC1 Index|JB1 Comdty|JY1 Curncy|KW1 Comdty|LC1 Comdty|MWE1 Comdty|NG1 Comdty|NO1 Curncy|OAT1 Comdty|OE1 Comdty|SCO1 Comdty|SE1 Curncy|SF1 Curncy|SM1 Index|UB1 Comdty|VG1 Index|XB1 Comdty|XP1 Index|Z 1 Index,sub250k_24,all84
0.5467,0.4092,-0.5719,245,BP1 Curncy|CA1 Comdty|CD1 Curncy|CT1 Comdty|CUA1 Comdty|ER4 Comdty|HG1 Comdty|HI1 Index|JGS1 Index|KC1 Comdty|KW1 Comdty|NG1 Comdty|NO1 Curncy|NO1 Index|PA1 Comdty|PE1 Curncy|SF1 Curncy|SFI5 Comdty|SFR5 Comdty|TWT1 Index|US1 Comdty|W 1 Comdty|XU1 Index|Z 1 Index,sub250k_24,all84
0.3820,0.3223,-0.0966,246,AD1 Curncy|CL1 Comdty|DF1 Comdty|DM1 Index|FC1 Comdty|HI1 Index|HO1 Comdty|JGS1 Index|JY1 Curncy|LC1 Comdty|LH1 Comdty|NO1 Curncy|NQ1 Index|PE1 Curncy|PL1 Comdty|PT1 Index|SB1 Comdty|SE1 Curncy|SFR5 Comdty|SI1 Comdty|TU1 Comdty|TY1 Comdty|US1 Comdty|XP1 Index,sub250k_24,all84
0.2674,0.0642,-0.7577,247,BO1 Comdty|BP1 Curncy|CC1 Comdty|CUA1 Comdty|DU1 Comdty|EO1 Index|ES1 Index|FV1 Comdty|HG1 Comdty|HI1 Index|JY1 Curncy|KW1 Comdty|NG1 Comdty|NO1 Curncy|PE1 Curncy|PL1 Comdty|QC1 Comdty|QC1 Index|QW1 Comdty|RX1 Comdty|SE1 Curncy|XM1 Comdty|XU1 Index|Z 1 Index,sub250k_24,all84
0.5043,0.4834,-0.5140,248,CC1 Comdty|CD1 Curncy|CO1 Comdty|EC1 Curncy|HC1 Index|HG1 Comdty|IK1 Comdty|JGS1 Index|KW1 Comdty|LC1 Comdty|NO1 Curncy|NO1 Index|OAT1 Comdty|PA1 Comdty|PE1 Curncy|QC1 Comdty|QC1 Index|QS1 Comdty|RTY1 Index|S 1 Comdty|SE1 Curncy|SFI5 Comdty|SFR5 Comdty|SM1 Index,sub250k_24,all84
0.7334,0.5270,-0.3842,249,AD1 Curncy|BP1 Curncy|C 1 Comdty|CD1 Curncy|CL1 Comdty|CUA1 Comdty|ES1 Index|GC1 Comdty|IK1 Comdty|JB1 Comdty|JY1 Curncy|KC1 Comdty|NQ1 Index|QW1 Comdty|RTY1 Index|SB1 Comdty|SCO1 Comdty|SF1 Curncy|SFI5 Comdty|SM1 Index|TP1 Index|US1 Comdty|W 1 Comdty|XU1 Index,sub250k_24,all84
0.2745,0.2439,-0.7475,250,AD1 Curncy|CC1 Comdty|CF1 Index|CL1 Comdty|DF1 Comdty|ER4 Comdty|ES1 Index|HG1 Comdty|HI1 Index|MWE1 Comdty|NO1 Curncy|NO1 Index|NV1 Curncy|OE1 Comdty|QC1 Comdty|SB1 Comdty|SCO1 Comdty|SE1 Curncy|SF1 Curncy|SFI5 Comdty|UB1 Comdty|VG1 Index|XB1 Comdty|Z 1 Index,sub250k_24,all84
0.4474,0.5180,-0.4835,251,CA1 Comdty|CD1 Curncy|CL1 Comdty|CN1 Comdty|DM1 Index|EC1 Curncy|ER4 Comdty|HC1 Index|JY1 Curncy|KC1 Comdty|KW1 Comdty|MES1 Index|MWE1 Comdty|NO1 Curncy|PA1 Comdty|PT1 Index|QC1 Comdty|SCO1 Comdty|SF1 Curncy|US1 Comdty|VG1 Index|WN1 Comdty|XB1 Comdty|XP1 Index,sub250k_24,all84
0.5123,0.3585,-0.4811,252,BO1 Comdty|BP1 Curncy|CD1 Curncy|CF1 Index|CO1 Comdty|DF1 Comdty|EC1 Curncy|EO1 Index|GC1 Comdty|IK1 Comdty|JGS1 Index|NG1 Comdty|NQ1 Index|PA1 Comdty|RS1 Comdty|S 1 Comdty|SE1 Curncy|SF1 Curncy|SM1 Comdty|TY1 Comdty|UB1 Comdty|UXY1 Comdty|VG1 Index|XU1 Index,sub250k_24,all84
0.6345,0.5031,-0.5247,253,AD1 Curncy|CA1 Comdty|CC1 Comdty|CD1 Curncy|CN1 Comdty|CUA1 Comdty|DF1 Comdty|HC1 Index|HG1 Comdty|IJ1 Comdty|JGS1 Index|JY1 Curncy|KW1 Comdty|MES1 Index|OAT1 Comdty|PE1 Curncy|PT1 Index|QS1 Comdty|SCO1 Comdty|SF1 Curncy|UB1 Comdty|UXY1 Comdty|VG1 Index|Z 1 Index,sub250k_24,all84
0.5278,0.5860,-0.5999,254,BO1 Comdty|BP1 Curncy|CD1 Curncy|CL1 Comdty|EC1 Curncy|EO1 Index|ER4 Comdty|FC1 Comdty|FV1 Comdty|GX1 Index|JB1 Comdty|JGS1 Index|LH1 Comdty|MWE1 Comdty|NG1 Comdty|NO1 Curncy|PA1 Comdty|PE1 Curncy|PT1 Index|QC1 Comdty|QC1 Index|SCO1 Comdty|XM1 Comdty|XU1 Index,sub250k_24,all84
0.2928,0.3522,-0.0568,255,C 1 Comdty|CA1 Comdty|CC1 Comdty|CD1 Curncy|DM1 Index|EC1 Curncy|FV1 Comdty|HG1 Comdty|JGS1 Index|LC1 Comdty|NG1 Comdty|NO1 Index|PE1 Curncy|PL1 Comdty|QS1 Comdty|RS1 Comdty|RTY1 Index|SE1 Curncy|SF1 Curncy|SFI5 Comdty|TU1 Comdty|TWT1 Index|TY1 Comdty|XP1 Index,sub250k_24,all84
0.3092,-0.0037,0.0226,256,AD1 Curncy|BP1 Curncy|CF1 Index|CL1 Comdty|CT1 Comdty|DU1 Comdty|EC1 Curncy|EO1 Index|FC1 Comdty|GC1 Comdty|GX1 Index|JGS1 Index|KW1 Comdty|LH1 Comdty|NV1 Curncy|OE1 Comdty|PT1 Index|QS1 Comdty|RX1 Comdty|S 1 Comdty|SF1 Curncy|SI1 Comdty|UB1 Comdty|Z 1 Index,sub250k_24,all84
0.3180,0.2415,0.1080,257,AD1 Curncy|C 1 Comdty|CUA1 Comdty|DF1 Comdty|DM1 Index|EO1 Index|ES1 Index|FV1 Comdty|GC1 Comdty|GX1 Index|LC1 Comdty|NO1 Curncy|NV1 Curncy|PE1 Curncy|PL1 Comdty|QC1 Comdty|QW1 Comdty|SF1 Curncy|SFI5 Comdty|TP1 Index|TU1 Comdty|US1 Comdty|VG1 Index|XB1 Comdty,sub250k_24,all84
0.2612,0.1690,-0.5188,258,CD1 Curncy|CF1 Index|CL1 Comdty|CO1 Comdty|EO1 Index|FC1 Comdty|G 1 Comdty|HG1 Comdty|IR4 Comdty|JY1 Curncy|LH1 Comdty|NO1 Curncy|NV1 Curncy|PA1 Comdty|PT1 Index|QC1 Comdty|QC1 Index|QW1 Comdty|S 1 Comdty|SF1 Curncy|TP1 Index|UB1 Comdty|XM1 Comdty|Z 1 Index,sub250k_24,all84
0.4207,0.2152,-0.5794,259,BP1 Curncy|CA1 Comdty|CD1 Curncy|CUA1 Comdty|EO1 Index|HC1 Index|HO1 Comdty|IR4 Comdty|JGS1 Index|KC1 Comdty|LH1 Comdty|MWE1 Comdty|NV1 Curncy|PE1 Curncy|PL1 Comdty|PT1 Index|SE1 Curncy|SFI5 Comdty|SI1 Comdty|SM1 Comdty|UB1 Comdty|UXY1 Comdty|XP1 Index|Z 1 Index,sub250k_24,all84
0.3675,0.0657,-0.2239,260,AD1 Curncy|BP1 Curncy|CA1 Comdty|CN1 Comdty|CO1 Comdty|DM1 Index|ES1 Index|FC1 Comdty|IR4 Comdty|JB1 Comdty|JY1 Curncy|KC1 Comdty|KW1 Comdty|NO1 Curncy|NO1 Index|PE1 Curncy|PL1 Comdty|PT1 Index|RTY1 Index|SB1 Comdty|SI1 Comdty|UB1 Comdty|XB1 Comdty|XP1 Index,sub250k_24,all84
0.7604,0.7093,-0.5449,261,CUA1 Comdty|FC1 Comdty|GX1 Index|IJ1 Comdty|JY1 Curncy|NO1 Curncy|NO1 Index|NV1 Curncy|OE1 Comdty|PA1 Comdty|PE1 Curncy|QC1 Comdty|QC1 Index|QS1 Comdty|QW1 Comdty|RS1 Comdty|RTY1 Index|SCO1 Comdty|SE1 Curncy|SM1 Index|TU1 Comdty|TWT1 Index|TY1 Comdty|XM1 Comdty,sub250k_24,all84
0.3142,0.1715,-0.4073,262,C 1 Comdty|CA1 Comdty|CD1 Curncy|CF1 Index|DM1 Index|EC1 Curncy|IR4 Comdty|JB1 Comdty|JGS1 Index|KW1 Comdty|NO1 Curncy|NO1 Index|NV1 Curncy|PA1 Comdty|PE1 Curncy|QC1 Index|QS1 Comdty|RS1 Comdty|RX1 Comdty|SI1 Comdty|TP1 Index|US1 Comdty|W 1 Comdty|XB1 Comdty,sub250k_24,all84
0.7138,0.7257,-0.8425,263,AD1 Curncy|BO1 Comdty|C 1 Comdty|CA1 Comdty|CF1 Index|CUA1 Comdty|DM1 Index|EC1 Curncy|EO1 Index|ER4 Comdty|HO1 Comdty|JY1 Curncy|KC1 Comdty|NO1 Index|NV1 Curncy|PA1 Comdty|PT1 Index|QW1 Comdty|SCO1 Comdty|SF1 Curncy|SFI5 Comdty|SFR5 Comdty|TY1 Comdty|XU1 Index,sub250k_24,all84
0.6163,0.3147,-0.0466,264,BP1 Curncy|CT1 Comdty|CUA1 Comdty|DF1 Comdty|ER4 Comdty|FC1 Comdty|GX1 Index|HG1 Comdty|IJ1 Comdty|JY1 Curncy|NO1 Index|NV1 Curncy|OE1 Comdty|PE1 Curncy|QC1 Comdty|QC1 Index|QS1 Comdty|SE1 Curncy|SFI5 Comdty|SI1 Comdty|SM1 Index|TP1 Index|VG1 Index|WN1 Comdty,sub250k_24,all84
0.0635,0.0995,-0.6318,265,CA1 Comdty|CD1 Curncy|CL1 Comdty|DF1 Comdty|EC1 Curncy|EO1 Index|FV1 Comdty|HC1 Index|HG1 Comdty|HI1 Index|LC1 Comdty|NG1 Comdty|NO1 Curncy|NV1 Curncy|PE1 Curncy|PL1 Comdty|QW1 Comdty|RTY1 Index|RX1 Comdty|SFR5 Comdty|SM1 Comdty|TU1 Comdty|XU1 Index|Z 1 Index,sub250k_24,all84
0.6058,0.5480,0.0796,266,AD1 Curncy|CC1 Comdty|CD1 Curncy|CF1 Index|CO1 Comdty|GC1 Comdty|HI1 Index|HO1 Comdty|MWE1 Comdty|NO1 Index|NQ1 Index|NV1 Curncy|OAT1 Comdty|QC1 Comdty|S 1 Comdty|SCO1 Comdty|SE1 Curncy|SF1 Curncy|SM1 Comdty|TP1 Index|TWT1 Index|UB1 Comdty|WN1 Comdty|XM1 Comdty,sub250k_24,all84
0.4575,0.4994,-0.6414,267,AD1 Curncy|BP1 Curncy|DM1 Index|EC1 Curncy|FC1 Comdty|FV1 Comdty|GX1 Index|HG1 Comdty|HI1 Index|HO1 Comdty|IJ1 Comdty|IR4 Comdty|JB1 Comdty|JGS1 Index|KC1 Comdty|LH1 Comdty|MES1 Index|NO1 Curncy|PT1 Index|QS1 Comdty|S 1 Comdty|SCO1 Comdty|SF1 Curncy|SFR5 Comdty,sub250k_24,all84
0.3486,0.3704,0.2435,268,AD1 Curncy|CA1 Comdty|CC1 Comdty|CD1 Curncy|CF1 Index|DU1 Comdty|ER4 Comdty|GC1 Comdty|HI1 Index|JGS1 Index|KC1 Comdty|NG1 Comdty|NO1 Curncy|NV1 Curncy|PA1 Comdty|PE1 Curncy|QS1 Comdty|S 1 Comdty|TP1 Index|TU1 Comdty|TWT1 Index|TY1 Comdty|W 1 Comdty|Z 1 Index,sub250k_24,all84
0.3099,0.0209,-1.3848,269,BO1 Comdty|C 1 Comdty|CF1 Index|CUA1 Comdty|DM1 Index|EO1 Index|HG1 Comdty|IR4 Comdty|JGS1 Index|JY1 Curncy|MWE1 Comdty|NO1 Curncy|NV1 Curncy|OAT1 Comdty|OE1 Comdty|PA1 Comdty|RX1 Comdty|S 1 Comdty|SB1 Comdty|SE1 Curncy|SF1 Curncy|XB1 Comdty|XP1 Index|XU1 Index,sub250k_24,all84
0.7579,0.6383,0.0698,270,AD1 Curncy|CA1 Comdty|CD1 Curncy|CF1 Index|GC1 Comdty|IJ1 Comdty|IK1 Comdty|IR4 Comdty|JB1 Comdty|JY1 Curncy|LH1 Comdty|NG1 Comdty|NO1 Curncy|NO1 Index|QC1 Comdty|QS1 Comdty|RTY1 Index|RX1 Comdty|SCO1 Comdty|SE1 Curncy|SM1 Comdty|TP1 Index|XP1 Index|XU1 Index,sub250k_24,all84
0.5550,0.4443,-0.3483,271,C 1 Comdty|CD1 Curncy|CO1 Comdty|DM1 Index|DU1 Comdty|EC1 Curncy|EO1 Index|ER4 Comdty|FV1 Comdty|GC1 Comdty|IJ1 Comdty|JY1 Curncy|KC1 Comdty|NV1 Curncy|PE1 Curncy|QW1 Comdty|RX1 Comdty|SB1 Comdty|SCO1 Comdty|TP1 Index|VG1 Index|XB1 Comdty|XU1 Index|Z 1 Index,sub250k_24,all84
0.2531,0.1704,-0.7668,272,AD1 Curncy|BP1 Curncy|CT1 Comdty|HC1 Index|JY1 Curncy|MES1 Index|NG1 Comdty|NV1 Curncy|OAT1 Comdty|OE1 Comdty|PA1 Comdty|PL1 Comdty|QC1 Comdty|QS1 Comdty|QW1 Comdty|RS1 Comdty|SE1 Curncy|SFR5 Comdty|SM1 Comdty|VG1 Index|XM1 Comdty|XP1 Index|XU1 Index|Z 1 Index,sub250k_24,all84
0.3448,0.1987,-0.6965,273,AD1 Curncy|BO1 Comdty|BP1 Curncy|CD1 Curncy|CL1 Comdty|EO1 Index|ES1 Index|GC1 Comdty|GX1 Index|KW1 Comdty|MWE1 Comdty|NO1 Curncy|NV1 Curncy|OAT1 Comdty|OE1 Comdty|QC1 Index|RTY1 Index|RX1 Comdty|S 1 Comdty|SCO1 Comdty|SM1 Comdty|TU1 Comdty|VG1 Index|XB1 Comdty,sub250k_24,all84
0.5769,0.2885,-1.0734,274,C 1 Comdty|CUA1 Comdty|DM1 Index|ES1 Index|HG1 Comdty|JY1 Curncy|KC1 Comdty|KW1 Comdty|NO1 Curncy|NV1 Curncy|OAT1 Comdty|PT1 Index|QS1 Comdty|RS1 Comdty|RX1 Comdty|SCO1 Comdty|SE1 Curncy|SF1 Curncy|TP1 Index|UXY1 Comdty|W 1 Comdty|XM1 Comdty|XP1 Index|XU1 Index,sub250k_24,all84
0.4051,0.3024,-0.0233,275,BP1 Curncy|CA1 Comdty|CC1 Comdty|CD1 Curncy|CL1 Comdty|CO1 Comdty|ES1 Index|FC1 Comdty|HG1 Comdty|IJ1 Comdty|IK1 Comdty|KW1 Comdty|MES1 Index|NO1 Index|NV1 Curncy|PE1 Curncy|QC1 Index|SE1 Curncy|SI1 Comdty|TU1 Comdty|TY1 Comdty|US1 Comdty|VG1 Index|Z 1 Index,sub250k_24,all84
0.2817,0.2860,-1.0768,276,BP1 Curncy|CA1 Comdty|CF1 Index|CL1 Comdty|CO1 Comdty|EC1 Curncy|G 1 Comdty|HG1 Comdty|HI1 Index|JGS1 Index|KW1 Comdty|NO1 Curncy|NO1 Index|QC1 Comdty|QW1 Comdty|SCO1 Comdty|SE1 Curncy|SF1 Curncy|UB1 Comdty|US1 Comdty|W 1 Comdty|XM1 Comdty|XP1 Index|XU1 Index,sub250k_24,all84
0.3397,0.2091,0.1949,277,AD1 Curncy|BP1 Curncy|CA1 Comdty|CC1 Comdty|CF1 Index|CL1 Comdty|CT1 Comdty|DF1 Comdty|DM1 Index|EC1 Curncy|EO1 Index|ER4 Comdty|GC1 Comdty|HO1 Comdty|NV1 Curncy|QC1 Index|RX1 Comdty|S 1 Comdty|SF1 Curncy|SI1 Comdty|SM1 Index|UB1 Comdty|US1 Comdty|XP1 Index,sub250k_24,all84
0.3936,0.2043,-0.7026,278,BO1 Comdty|CD1 Curncy|CL1 Comdty|CN1 Comdty|EC1 Curncy|ER4 Comdty|HC1 Index|HI1 Index|JB1 Comdty|JY1 Curncy|LH1 Comdty|MES1 Index|MWE1 Comdty|NO1 Curncy|NO1 Index|S 1 Comdty|SCO1 Comdty|SF1 Curncy|SI1 Comdty|SM1 Comdty|SM1 Index|UB1 Comdty|VG1 Index|XB1 Comdty,sub250k_24,all84
0.2551,0.0419,-0.6893,279,BO1 Comdty|CN1 Comdty|CO1 Comdty|DU1 Comdty|ES1 Index|FC1 Comdty|G 1 Comdty|HC1 Index|HI1 Index|HO1 Comdty|JY1 Curncy|KW1 Comdty|NO1 Curncy|NQ1 Index|NV1 Curncy|PE1 Curncy|PL1 Comdty|QW1 Comdty|RS1 Comdty|SE1 Curncy|SFR5 Comdty|SI1 Comdty|SM1 Index|XP1 Index,sub250k_24,all84
0.5284,0.3195,-0.2454,280,CA1 Comdty|CC1 Comdty|CD1 Curncy|CL1 Comdty|ER4 Comdty|HC1 Index|IK1 Comdty|JGS1 Index|KC1 Comdty|LC1 Comdty|MWE1 Comdty|NO1 Curncy|NO1 Index|NV1 Curncy|PT1 Index|RTY1 Index|SCO1 Comdty|SE1 Curncy|SF1 Curncy|SI1 Comdty|UB1 Comdty|WN1 Comdty|XB1 Comdty|Z 1 Index,sub250k_24,all84
0.4049,0.0836,-0.7042,281,AD1 Curncy|C 1 Comdty|CD1 Curncy|CF1 Index|CT1 Comdty|CUA1 Comdty|EO1 Index|FV1 Comdty|HI1 Index|KW1 Comdty|MES1 Index|NG1 Comdty|NO1 Curncy|OE1 Comdty|PE1 Curncy|QC1 Comdty|SCO1 Comdty|SF1 Curncy|SI1 Comdty|SM1 Comdty|UB1 Comdty|WN1 Comdty|XP1 Index|XU1 Index,sub250k_24,all84
0.5534,0.3600,-0.7467,282,AD1 Curncy|EC1 Curncy|EO1 Index|ES1 Index|FC1 Comdty|FV1 Comdty|HC1 Index|IJ1 Comdty|MES1 Index|MWE1 Comdty|NO1 Curncy|NQ1 Index|PE1 Curncy|QS1 Comdty|RX1 Comdty|S 1 Comdty|SCO1 Comdty|SE1 Curncy|SFI5 Comdty|SI1 Comdty|W 1 Comdty|XB1 Comdty|XM1 Comdty|Z 1 Index,sub250k_24,all84
0.6344,0.3180,-0.7139,283,BO1 Comdty|BP1 Curncy|CD1 Curncy|CO1 Comdty|CT1 Comdty|CUA1 Comdty|DF1 Comdty|EO1 Index|ER4 Comdty|ES1 Index|FC1 Comdty|G 1 Comdty|GX1 Index|IJ1 Comdty|JY1 Curncy|NO1 Curncy|NO1 Index|NV1 Curncy|OE1 Comdty|SCO1 Comdty|SI1 Comdty|TY1 Comdty|XP1 Index|Z 1 Index,sub250k_24,all84
0.3958,0.2996,-0.2695,284,AD1 Curncy|CD1 Curncy|CN1 Comdty|DF1 Comdty|EO1 Index|HC1 Index|HI1 Index|IJ1 Comdty|JY1 Curncy|KC1 Comdty|LH1 Comdty|NG1 Comdty|NO1 Curncy|NO1 Index|NV1 Curncy|OAT1 Comdty|PA1 Comdty|PT1 Index|QS1 Comdty|S 1 Comdty|SI1 Comdty|TU1 Comdty|WN1 Comdty|Z 1 Index,sub250k_24,all84
0.7804,0.5836,-0.0073,285,AD1 Curncy|CC1 Comdty|CUA1 Comdty|EC1 Curncy|FC1 Comdty|G 1 Comdty|GC1 Comdty|GX1 Index|HI1 Index|IJ1 Comdty|JB1 Comdty|JGS1 Index|JY1 Curncy|MWE1 Comdty|NG1 Comdty|NV1 Curncy|QW1 Comdty|RTY1 Index|SCO1 Comdty|SE1 Curncy|TU1 Comdty|TWT1 Index|WN1 Comdty|XP1 Index,sub250k_24,all84
0.3822,0.2016,-0.0891,286,BO1 Comdty|C 1 Comdty|CD1 Curncy|DF1 Comdty|DM1 Index|EC1 Curncy|FV1 Comdty|GC1 Comdty|HC1 Index|IK1 Comdty|JGS1 Index|KC1 Comdty|MES1 Index|NO1 Curncy|PE1 Curncy|QS1 Comdty|QW1 Comdty|SE1 Curncy|SI1 Comdty|SM1 Index|UB1 Comdty|US1 Comdty|XB1 Comdty|Z 1 Index,sub250k_24,all84
0.4568,0.3426,-0.3188,287,CA1 Comdty|CD1 Curncy|CF1 Index|CL1 Comdty|DF1 Comdty|DU1 Comdty|EC1 Curncy|FC1 Comdty|IJ1 Comdty|MES1 Index|NO1 Curncy|NQ1 Index|NV1 Curncy|QC1 Index|SCO1 Comdty|SF1 Curncy|SFR5 Comdty|SI1 Comdty|TP1 Index|TU1 Comdty|W 1 Comdty|WN1 Comdty|XB1 Comdty|XP1 Index,sub250k_24,all84
0.4197,0.2559,-0.0181,288,BP1 Curncy|CC1 Comdty|CD1 Curncy|CF1 Index|CO1 Comdty|DM1 Index|GC1 Comdty|JB1 Comdty|JGS1 Index|JY1 Curncy|KW1 Comdty|LC1 Comdty|NG1 Comdty|NO1 Curncy|PL1 Comdty|RX1 Comdty|S 1 Comdty|SF1 Curncy|SFI5 Comdty|SFR5 Comdty|SM1 Comdty|TWT1 Index|VG1 Index|XU1 Index,sub250k_24,all84
0.4562,0.4427,-0.3220,289,AD1 Curncy|CF1 Index|DF1 Comdty|EC1 Curncy|ER4 Comdty|ES1 Index|GC1 Comdty|GX1 Index|HO1 Comdty|IJ1 Comdty|KW1 Comdty|NQ1 Index|NV1 Curncy|OAT1 Comdty|PE1 Curncy|S 1 Comdty|SCO1 Comdty|SF1 Curncy|SM1 Comdty|TU1 Comdty|TWT1 Index|TY1 Comdty|XB1 Comdty|Z 1 Index,sub250k_24,all84
0.3217,0.3686,-0.8085,290,AD1 Curncy|BP1 Curncy|CD1 Curncy|DM1 Index|EC1 Curncy|EO1 Index|FC1 Comdty|FV1 Comdty|G 1 Comdty|HO1 Comdty|MES1 Index|NO1 Index|NV1 Curncy|PL1 Comdty|QW1 Comdty|RS1 Comdty|RTY1 Index|S 1 Comdty|SCO1 Comdty|SFI5 Comdty|TU1 Comdty|TWT1 Index|W 1 Comdty|XB1 Comdty,sub250k_24,all84
0.4204,0.2388,-0.0327,291,CC1 Comdty|CD1 Curncy|CF1 Index|CN1 Comdty|CO1 Comdty|CT1 Comdty|CUA1 Comdty|DF1 Comdty|EC1 Curncy|EO1 Index|FC1 Comdty|G 1 Comdty|GC1 Comdty|GX1 Index|HC1 Index|NO1 Curncy|NV1 Curncy|PL1 Comdty|QC1 Index|RTY1 Index|S 1 Comdty|SE1 Curncy|TY1 Comdty|UXY1 Comdty,sub250k_24,all84
0.5968,0.2990,-0.7059,292,BO1 Comdty|BP1 Curncy|C 1 Comdty|CUA1 Comdty|EC1 Curncy|ES1 Index|G 1 Comdty|HO1 Comdty|LC1 Comdty|NO1 Curncy|NO1 Index|NQ1 Index|PT1 Index|SCO1 Comdty|SE1 Curncy|SF1 Curncy|SFI5 Comdty|SI1 Comdty|SM1 Comdty|TWT1 Index|UB1 Comdty|UXY1 Comdty|VG1 Index|W 1 Comdty,sub250k_24,all84
0.3671,0.0785,-0.6237,293,CD1 Curncy|CUA1 Comdty|EO1 Index|FC1 Comdty|GX1 Index|JB1 Comdty|JY1 Curncy|KC1 Comdty|LC1 Comdty|NG1 Comdty|NO1 Curncy|NV1 Curncy|OE1 Comdty|PA1 Comdty|PE1 Curncy|PL1 Comdty|RTY1 Index|S 1 Comdty|SB1 Comdty|UXY1 Comdty|VG1 Index|XM1 Comdty|XP1 Index|XU1 Index,sub250k_24,all84
0.2416,0.0965,-0.6247,294,AD1 Curncy|BP1 Curncy|C 1 Comdty|CL1 Comdty|DM1 Index|DU1 Comdty|GX1 Index|HC1 Index|IR4 Comdty|JY1 Curncy|LC1 Comdty|NG1 Comdty|NV1 Curncy|PA1 Comdty|RS1 Comdty|RTY1 Index|RX1 Comdty|S 1 Comdty|SE1 Curncy|SI1 Comdty|TU1 Comdty|W 1 Comdty|XP1 Index|XU1 Index,sub250k_24,all84
0.3604,0.2939,-0.0435,295,AD1 Curncy|BP1 Curncy|C 1 Comdty|CD1 Curncy|DM1 Index|DU1 Comdty|GC1 Comdty|HG1 Comdty|HO1 Comdty|IJ1 Comdty|MES1 Index|MWE1 Comdty|NO1 Index|NV1 Curncy|OE1 Comdty|PT1 Index|QC1 Index|QS1 Comdty|QW1 Comdty|RX1 Comdty|S 1 Comdty|SE1 Curncy|TWT1 Index|TY1 Comdty,sub250k_24,all84
0.4235,0.1193,-0.6632,296,BO1 Comdty|BP1 Curncy|CD1 Curncy|CUA1 Comdty|DF1 Comdty|DU1 Comdty|GC1 Comdty|HG1 Comdty|HI1 Index|IK1 Comdty|KC1 Comdty|MES1 Index|NG1 Comdty|NO1 Curncy|NV1 Curncy|OE1 Comdty|PT1 Index|QW1 Comdty|RX1 Comdty|SB1 Comdty|SE1 Curncy|VG1 Index|XU1 Index|Z 1 Index,sub250k_24,all84
0.5899,0.5050,-0.1012,297,AD1 Curncy|BP1 Curncy|CA1 Comdty|CF1 Index|CUA1 Comdty|EC1 Curncy|G 1 Comdty|GC1 Comdty|HC1 Index|IR4 Comdty|JY1 Curncy|LH1 Comdty|MES1 Index|NG1 Comdty|PA1 Comdty|PE1 Curncy|QC1 Comdty|QW1 Comdty|S 1 Comdty|SM1 Index|WN1 Comdty|XM1 Comdty|XP1 Index|Z 1 Index,sub250k_24,all84
0.3353,0.0922,-0.5579,298,CD1 Curncy|CO1 Comdty|EC1 Curncy|EO1 Index|GC1 Comdty|HC1 Index|IJ1 Comdty|KC1 Comdty|KW1 Comdty|LH1 Comdty|MWE1 Comdty|NO1 Curncy|NV1 Curncy|OAT1 Comdty|PL1 Comdty|RX1 Comdty|SE1 Curncy|SFI5 Comdty|SM1 Index|UB1 Comdty|VG1 Index|XB1 Comdty|XP1 Index|XU1 Index,sub250k_24,all84
0.5791,0.5532,-0.0289,299,CF1 Index|CO1 Comdty|CT1 Comdty|GX1 Index|IR4 Comdty|JB1 Comdty|JY1 Curncy|LC1 Comdty|LH1 Comdty|MES1 Index|NO1 Curncy|NO1 Index|NV1 Curncy|PE1 Curncy|QC1 Comdty|QS1 Comdty|S 1 Comdty|SCO1 Comdty|SF1 Curncy|SI1 Comdty|TY1 Comdty|UXY1 Comdty|VG1 Index|XU1 Index,sub250k_24,all84
0.3564,0.3191,-0.6468,300,BO1 Comdty|CC1 Comdty|CD1 Curncy|CL1 Comdty|CO1 Comdty|DF1 Comdty|EC1 Curncy|ES1 Index|FV1 Comdty|HC1 Index|IK1 Comdty|KW1 Comdty|MES1 Index|NO1 Curncy|NQ1 Index|PA1 Comdty|PL1 Comdty|RS1 Comdty|RTY1 Index|SE1 Curncy|SF1 Curncy|SFI5 Comdty|TWT1 Index|WN1 Comdty,sub250k_24,all84
0.2312,-0.0174,-0.9572,301,AD1 Curncy|BP1 Curncy|CD1 Curncy|CF1 Index|CT1 Comdty|CUA1 Comdty|DM1 Index|ER4 Comdty|G 1 Comdty|HC1 Index|HO1 Comdty|IR4 Comdty|KW1 Comdty|NQ1 Index|OAT1 Comdty|PL1 Comdty|PT1 Index|QW1 Comdty|S 1 Comdty|SE1 Curncy|SF1 Curncy|SI1 Comdty|SM1 Comdty|XP1 Index,sub250k_24,all84
0.6008,0.4958,-0.3967,302,AD1 Curncy|BO1 Comdty|CA1 Comdty|CF1 Index|CN1 Comdty|CO1 Comdty|CT1 Comdty|CUA1 Comdty|EC1 Curncy|HG1 Comdty|IR4 Comdty|JB1 Comdty|JY1 Curncy|LH1 Comdty|PA1 Comdty|PE1 Curncy|PT1 Index|QC1 Comdty|QC1 Index|SE1 Curncy|UXY1 Comdty|XP1 Index|XU1 Index|Z 1 Index,sub250k_24,all84
0.5453,0.3995,-1.0507,303,AD1 Curncy|BO1 Comdty|CD1 Curncy|CF1 Index|EO1 Index|FC1 Comdty|IK1 Comdty|KC1 Comdty|MES1 Index|NG1 Comdty|NO1 Curncy|NQ1 Index|OE1 Comdty|PA1 Comdty|QS1 Comdty|S 1 Comdty|SCO1 Comdty|SE1 Curncy|SF1 Curncy|SFI5 Comdty|SFR5 Comdty|SM1 Comdty|XP1 Index|XU1 Index,sub250k_24,all84
0.6647,0.4308,-0.4250,304,AD1 Curncy|CC1 Comdty|CD1 Curncy|CL1 Comdty|CUA1 Comdty|EC1 Curncy|EO1 Index|ES1 Index|HC1 Index|IK1 Comdty|JB1 Comdty|JY1 Curncy|LH1 Comdty|MWE1 Comdty|NO1 Curncy|PA1 Comdty|PL1 Comdty|PT1 Index|RS1 Comdty|RX1 Comdty|SB1 Comdty|TWT1 Index|UB1 Comdty|XU1 Index,sub250k_24,all84
0.5072,0.4310,-0.3362,305,CD1 Curncy|CO1 Comdty|DM1 Index|EC1 Curncy|ES1 Index|HG1 Comdty|IK1 Comdty|JGS1 Index|JY1 Curncy|KC1 Comdty|LH1 Comdty|MES1 Index|MWE1 Comdty|NG1 Comdty|NO1 Index|PA1 Comdty|PE1 Curncy|QW1 Comdty|SF1 Curncy|SFR5 Comdty|TU1 Comdty|TWT1 Index|W 1 Comdty|XM1 Comdty,sub250k_24,all84
0.2857,-0.0022,-0.3820,306,C 1 Comdty|CD1 Curncy|DU1 Comdty|EC1 Curncy|FC1 Comdty|GX1 Index|HC1 Index|HG1 Comdty|HO1 Comdty|IK1 Comdty|IR4 Comdty|JY1 Curncy|KC1 Comdty|NG1 Comdty|NO1 Curncy|NV1 Curncy|QC1 Index|S 1 Comdty|SI1 Comdty|SM1 Index|TP1 Index|UB1 Comdty|W 1 Comdty|XU1 Index,sub250k_24,all84
0.4584,0.5257,-0.8767,307,CC1 Comdty|CF1 Index|CN1 Comdty|ER4 Comdty|ES1 Index|HO1 Comdty|IK1 Comdty|JGS1 Index|KW1 Comdty|MWE1 Comdty|NO1 Curncy|NV1 Curncy|PA1 Comdty|PE1 Curncy|PT1 Index|QC1 Index|QS1 Comdty|QW1 Comdty|RS1 Comdty|SCO1 Comdty|SE1 Curncy|SF1 Curncy|TP1 Index|WN1 Comdty,sub250k_24,all84
0.2274,0.1477,-0.5662,308,AD1 Curncy|BO1 Comdty|CC1 Comdty|CF1 Index|CL1 Comdty|DM1 Index|DU1 Comdty|EC1 Curncy|EO1 Index|FC1 Comdty|HI1 Index|JGS1 Index|LC1 Comdty|NO1 Curncy|OE1 Comdty|PA1 Comdty|PE1 Curncy|PL1 Comdty|QS1 Comdty|RS1 Comdty|RX1 Comdty|SE1 Curncy|TP1 Index|TU1 Comdty,sub250k_24,all84
0.4185,0.2660,-0.1093,309,AD1 Curncy|BP1 Curncy|CF1 Index|CT1 Comdty|CUA1 Comdty|DF1 Comdty|EO1 Index|ER4 Comdty|ES1 Index|G 1 Comdty|GC1 Comdty|HO1 Comdty|IJ1 Comdty|IR4 Comdty|JB1 Comdty|NO1 Curncy|NO1 Index|NV1 Curncy|PL1 Comdty|RS1 Comdty|S 1 Comdty|SF1 Curncy|TP1 Index|TWT1 Index,sub250k_24,all84
0.1545,0.1092,-0.8156,310,BO1 Comdty|BP1 Curncy|CL1 Comdty|CT1 Comdty|DU1 Comdty|FV1 Comdty|GX1 Index|HI1 Index|JGS1 Index|KC1 Comdty|NO1 Curncy|NV1 Curncy|OE1 Comdty|PA1 Comdty|PE1 Curncy|PL1 Comdty|QS1 Comdty|S 1 Comdty|SB1 Comdty|SE1 Curncy|SFR5 Comdty|SM1 Index|TP1 Index|XP1 Index,sub250k_24,all84
0.4975,0.4456,-0.6143,311,CL1 Comdty|CT1 Comdty|EC1 Curncy|HG1 Comdty|HI1 Index|IR4 Comdty|JGS1 Index|JY1 Curncy|LH1 Comdty|NO1 Curncy|NO1 Index|OE1 Comdty|PE1 Curncy|PT1 Index|QS1 Comdty|S 1 Comdty|SB1 Comdty|SCO1 Comdty|SF1 Curncy|TWT1 Index|UB1 Comdty|W 1 Comdty|WN1 Comdty|XP1 Index,sub250k_24,all84
0.5183,0.3888,-0.4205,312,AD1 Curncy|CA1 Comdty|CF1 Index|DU1 Comdty|GC1 Comdty|GX1 Index|HC1 Index|HI1 Index|JB1 Comdty|JGS1 Index|JY1 Curncy|KC1 Comdty|MES1 Index|NG1 Comdty|NO1 Curncy|NV1 Curncy|OE1 Comdty|QW1 Comdty|RS1 Comdty|SB1 Comdty|SCO1 Comdty|SE1 Curncy|TY1 Comdty|XB1 Comdty,sub250k_24,all84
0.6237,0.4449,-0.4063,313,BP1 Curncy|CD1 Curncy|CO1 Comdty|CT1 Comdty|DF1 Comdty|DM1 Index|FC1 Comdty|GX1 Index|IJ1 Comdty|IR4 Comdty|JB1 Comdty|JY1 Curncy|NO1 Curncy|NO1 Index|QS1 Comdty|RTY1 Index|SB1 Comdty|SCO1 Comdty|SE1 Curncy|SI1 Comdty|TP1 Index|UB1 Comdty|XM1 Comdty|XP1 Index,sub250k_24,all84
0.3229,0.0469,0.1619,314,AD1 Curncy|CC1 Comdty|DM1 Index|FC1 Comdty|G 1 Comdty|GC1 Comdty|GX1 Index|KW1 Comdty|LH1 Comdty|NG1 Comdty|NO1 Curncy|NO1 Index|NV1 Curncy|PL1 Comdty|RTY1 Index|SB1 Comdty|SE1 Curncy|SF1 Curncy|SM1 Index|TP1 Index|UB1 Comdty|US1 Comdty|UXY1 Comdty|XB1 Comdty,sub250k_24,all84
0.5054,0.5207,0.2661,315,AD1 Curncy|BP1 Curncy|CA1 Comdty|CF1 Index|CN1 Comdty|CO1 Comdty|CT1 Comdty|EO1 Index|FC1 Comdty|FV1 Comdty|GC1 Comdty|HC1 Index|HG1 Comdty|HO1 Comdty|IR4 Comdty|JY1 Curncy|LH1 Comdty|NV1 Curncy|PE1 Curncy|PT1 Index|SB1 Comdty|TP1 Index|TU1 Comdty|XU1 Index,sub250k_24,all84
0.4702,0.4027,-0.7091,316,BP1 Curncy|CA1 Comdty|CUA1 Comdty|DF1 Comdty|DM1 Index|EC1 Curncy|EO1 Index|ER4 Comdty|FV1 Comdty|HG1 Comdty|HI1 Index|KC1 Comdty|MWE1 Comdty|NO1 Curncy|NO1 Index|PA1 Comdty|QW1 Comdty|SE1 Curncy|SF1 Curncy|SFI5 Comdty|VG1 Index|WN1 Comdty|XB1 Comdty|Z 1 Index,sub250k_24,all84
0.3276,0.2619,-0.5774,317,AD1 Curncy|CC1 Comdty|CF1 Index|CUA1 Comdty|DM1 Index|ES1 Index|FV1 Comdty|HG1 Comdty|HI1 Index|KC1 Comdty|KW1 Comdty|LC1 Comdty|NO1 Curncy|NV1 Curncy|OE1 Comdty|PA1 Comdty|PE1 Curncy|S 1 Comdty|SE1 Curncy|TP1 Index|TU1 Comdty|UXY1 Comdty|VG1 Index|XB1 Comdty,sub250k_24,all84
0.6060,0.5295,-0.0989,318,BP1 Curncy|CA1 Comdty|CD1 Curncy|CF1 Index|CO1 Comdty|DU1 Comdty|EC1 Curncy|EO1 Index|ES1 Index|GC1 Comdty|HI1 Index|JB1 Comdty|JY1 Curncy|LH1 Comdty|NQ1 Index|QC1 Comdty|SB1 Comdty|SCO1 Comdty|SF1 Curncy|SFI5 Comdty|W 1 Comdty|XB1 Comdty|XM1 Comdty|XP1 Index,sub250k_24,all84
0.4705,0.3226,-0.1439,319,BP1 Curncy|C 1 Comdty|CA1 Comdty|CD1 Curncy|CF1 Index|CN1 Comdty|DU1 Comdty|EC1 Curncy|HC1 Index|JY1 Curncy|LH1 Comdty|NG1 Comdty|OE1 Comdty|PA1 Comdty|PT1 Index|QC1 Comdty|RS1 Comdty|RTY1 Index|SE1 Curncy|SFI5 Comdty|SI1 Comdty|TP1 Index|TWT1 Index|XB1 Comdty,sub250k_24,all84
0.5054,0.4609,-0.6390,320,BO1 Comdty|BP1 Curncy|CL1 Comdty|CO1 Comdty|ES1 Index|FC1 Comdty|HG1 Comdty|IK1 Comdty|IR4 Comdty|NO1 Curncy|NO1 Index|NV1 Curncy|OE1 Comdty|PE1 Curncy|PT1 Index|QC1 Comdty|QC1 Index|S 1 Comdty|SCO1 Comdty|SE1 Curncy|SM1 Comdty|TP1 Index|WN1 Comdty|XU1 Index,sub250k_24,all84
0.4982,0.3114,0.0702,321,AD1 Curncy|BP1 Curncy|CD1 Curncy|CT1 Comdty|CUA1 Comdty|DF1 Comdty|DM1 Index|FC1 Comdty|FV1 Comdty|GC1 Comdty|GX1 Index|HC1 Index|HI1 Index|LC1 Comdty|NG1 Comdty|NO1 Curncy|PE1 Curncy|PL1 Comdty|RX1 Comdty|SB1 Comdty|TU1 Comdty|TWT1 Index|US1 Comdty|XP1 Index,sub250k_24,all84
0.2629,0.1025,-0.4467,322,BP1 Curncy|CT1 Comdty|DU1 Comdty|EO1 Index|GX1 Index|HI1 Index|IR4 Comdty|JGS1 Index|JY1 Curncy|LC1 Comdty|NG1 Comdty|NO1 Curncy|OAT1 Comdty|PA1 Comdty|PE1 Curncy|QW1 Comdty|RS1 Comdty|SF1 Curncy|SI1 Comdty|SM1 Comdty|SM1 Index|TU1 Comdty|TWT1 Index|XB1 Comdty,sub250k_24,all84
0.4992,0.3205,-0.3895,323,CA1 Comdty|CL1 Comdty|DM1 Index|EC1 Curncy|FC1 Comdty|G 1 Comdty|IJ1 Comdty|JY1 Curncy|NO1 Curncy|NO1 Index|NQ1 Index|NV1 Curncy|PA1 Comdty|PE1 Curncy|PL1 Comdty|QS1 Comdty|RX1 Comdty|SB1 Comdty|SM1 Comdty|SM1 Index|TP1 Index|TWT1 Index|UB1 Comdty|WN1 Comdty,sub250k_24,all84
0.3162,0.2095,-0.1282,324,AD1 Curncy|BP1 Curncy|C 1 Comdty|CT1 Comdty|DF1 Comdty|DM1 Index|EC1 Curncy|ES1 Index|FV1 Comdty|G 1 Comdty|HO1 Comdty|NG1 Comdty|NO1 Index|NQ1 Index|PL1 Comdty|QW1 Comdty|RS1 Comdty|SE1 Curncy|SF1 Curncy|SFR5 Comdty|SI1 Comdty|TP1 Index|TY1 Comdty|XU1 Index,sub250k_24,all84
0.4930,0.3250,-0.7853,325,CC1 Comdty|CUA1 Comdty|DU1 Comdty|EO1 Index|ES1 Index|G 1 Comdty|HG1 Comdty|IR4 Comdty|JGS1 Index|JY1 Curncy|KW1 Comdty|NO1 Curncy|NQ1 Index|NV1 Curncy|PE1 Curncy|PT1 Index|QW1 Comdty|RS1 Comdty|S 1 Comdty|SCO1 Comdty|SF1 Curncy|TWT1 Index|UB1 Comdty|XB1 Comdty,sub250k_24,all84
0.4185,0.2297,-0.0900,326,BO1 Comdty|BP1 Curncy|CA1 Comdty|CC1 Comdty|CO1 Comdty|DM1 Index|ES1 Index|FV1 Comdty|HG1 Comdty|IJ1 Comdty|JY1 Curncy|NV1 Curncy|OAT1 Comdty|PE1 Curncy|QC1 Comdty|QC1 Index|RTY1 Index|RX1 Comdty|SF1 Curncy|SI1 Comdty|TWT1 Index|VG1 Index|XB1 Comdty|XM1 Comdty,sub250k_24,all84
0.2866,0.0768,-0.9312,327,BP1 Curncy|DM1 Index|EC1 Curncy|ES1 Index|GX1 Index|IK1 Comdty|JB1 Comdty|JGS1 Index|MWE1 Comdty|NG1 Comdty|NO1 Curncy|NV1 Curncy|PE1 Curncy|PL1 Comdty|QC1 Index|QS1 Comdty|QW1 Comdty|RS1 Comdty|S 1 Comdty|SFI5 Comdty|SI1 Comdty|W 1 Comdty|WN1 Comdty|XU1 Index,sub250k_24,all84
0.5727,0.3786,-0.6492,328,CC1 Comdty|CT1 Comdty|CUA1 Comdty|EO1 Index|ER4 Comdty|HG1 Comdty|HO1 Comdty|JGS1 Index|JY1 Curncy|KW1 Comdty|NO1 Curncy|NQ1 Index|OAT1 Comdty|PA1 Comdty|PE1 Curncy|QC1 Comdty|QW1 Comdty|RTY1 Index|RX1 Comdty|SE1 Curncy|SF1 Curncy|SFI5 Comdty|SM1 Index|XU1 Index,sub250k_24,all84
0.4339,0.4334,-0.3214,329,AD1 Curncy|CC1 Comdty|CD1 Curncy|CF1 Index|CT1 Comdty|DM1 Index|EO1 Index|ER4 Comdty|FV1 Comdty|GX1 Index|JB1 Comdty|JY1 Curncy|KW1 Comdty|NG1 Comdty|NO1 Curncy|NQ1 Index|PL1 Comdty|QC1 Comdty|QC1 Index|QS1 Comdty|S 1 Comdty|SCO1 Comdty|SE1 Curncy|WN1 Comdty,sub250k_24,all84
0.4162,0.1419,0.0144,330,AD1 Curncy|BP1 Curncy|CL1 Comdty|CUA1 Comdty|DF1 Comdty|DU1 Comdty|G 1 Comdty|GC1 Comdty|HC1 Index|JB1 Comdty|KW1 Comdty|MWE1 Comdty|NO1 Curncy|NO1 Index|NQ1 Index|OAT1 Comdty|PE1 Curncy|PL1 Comdty|QC1 Comdty|RTY1 Index|SF1 Curncy|TP1 Index|W 1 Comdty|XU1 Index,sub250k_24,all84
0.7007,0.5274,-0.5341,331,CUA1 Comdty|DF1 Comdty|EC1 Curncy|GX1 Index|IJ1 Comdty|IR4 Comdty|JB1 Comdty|JY1 Curncy|KC1 Comdty|LH1 Comdty|MES1 Index|NO1 Index|PA1 Comdty|PE1 Curncy|PT1 Index|QC1 Index|RX1 Comdty|SCO1 Comdty|SE1 Curncy|SF1 Curncy|UB1 Comdty|W 1 Comdty|XB1 Comdty|Z 1 Index,sub250k_24,all84
0.6174,0.5817,-0.2572,332,BP1 Curncy|C 1 Comdty|CD1 Curncy|CN1 Comdty|CO1 Comdty|ER4 Comdty|ES1 Index|FC1 Comdty|GX1 Index|HI1 Index|JGS1 Index|JY1 Curncy|KC1 Comdty|MWE1 Comdty|NO1 Index|PE1 Curncy|PL1 Comdty|QS1 Comdty|S 1 Comdty|SCO1 Comdty|SF1 Curncy|TWT1 Index|TY1 Comdty|US1 Comdty,sub250k_24,all84
0.3574,0.1520,-0.8931,333,AD1 Curncy|C 1 Comdty|CL1 Comdty|DM1 Index|EC1 Curncy|ER4 Comdty|HC1 Index|HG1 Comdty|HO1 Comdty|IK1 Comdty|JY1 Curncy|LH1 Comdty|MES1 Index|NO1 Curncy|NO1 Index|NV1 Curncy|OE1 Comdty|QC1 Index|RS1 Comdty|SB1 Comdty|SFI5 Comdty|SI1 Comdty|SM1 Comdty|XU1 Index,sub250k_24,all84
0.5747,0.6184,-0.6348,334,AD1 Curncy|CC1 Comdty|CF1 Index|CL1 Comdty|DF1 Comdty|EC1 Curncy|ES1 Index|GX1 Index|HI1 Index|IK1 Comdty|IR4 Comdty|JY1 Curncy|MWE1 Comdty|NG1 Comdty|NO1 Curncy|NV1 Curncy|OAT1 Comdty|PA1 Comdty|PT1 Index|QC1 Comdty|RS1 Comdty|SCO1 Comdty|SM1 Index|US1 Comdty,sub250k_24,all84
0.1833,0.0639,-0.5145,335,AD1 Curncy|BO1 Comdty|CC1 Comdty|CF1 Index|DU1 Comdty|FV1 Comdty|IJ1 Comdty|IR4 Comdty|JY1 Curncy|LH1 Comdty|NG1 Comdty|NO1 Curncy|NO1 Index|OE1 Comdty|PA1 Comdty|PL1 Comdty|PT1 Index|QC1 Index|QW1 Comdty|RTY1 Index|SE1 Curncy|SF1 Curncy|XB1 Comdty|XU1 Index,sub250k_24,all84
0.2442,0.0803,-0.1971,336,CA1 Comdty|CC1 Comdty|DU1 Comdty|EC1 Curncy|EO1 Index|FV1 Comdty|JGS1 Index|NO1 Curncy|NV1 Curncy|PA1 Comdty|QC1 Comdty|QC1 Index|QS1 Comdty|RTY1 Index|RX1 Comdty|S 1 Comdty|SE1 Curncy|SF1 Curncy|SI1 Comdty|SM1 Index|UB1 Comdty|W 1 Comdty|XB1 Comdty|Z 1 Index,sub250k_24,all84
0.2870,0.2212,-0.0110,337,AD1 Curncy|BP1 Curncy|CA1 Comdty|CF1 Index|DF1 Comdty|DU1 Comdty|GX1 Index|HG1 Comdty|JB1 Comdty|JGS1 Index|MWE1 Comdty|NG1 Comdty|NV1 Curncy|PE1 Curncy|QC1 Comdty|QS1 Comdty|QW1 Comdty|SE1 Curncy|SI1 Comdty|SM1 Index|TWT1 Index|US1 Comdty|WN1 Comdty|XU1 Index,sub250k_24,all84
0.4408,0.4105,0.1284,338,C 1 Comdty|CC1 Comdty|CD1 Curncy|CO1 Comdty|DM1 Index|DU1 Comdty|EC1 Curncy|EO1 Index|G 1 Comdty|GC1 Comdty|HO1 Comdty|JY1 Curncy|LH1 Comdty|MES1 Index|NO1 Curncy|NO1 Index|PA1 Comdty|SB1 Comdty|SF1 Curncy|SFR5 Comdty|SM1 Comdty|US1 Comdty|XU1 Index|Z 1 Index,sub250k_24,all84
0.7617,0.6660,-0.1777,339,AD1 Curncy|BP1 Curncy|C 1 Comdty|CF1 Index|CUA1 Comdty|EC1 Curncy|EO1 Index|FC1 Comdty|GC1 Comdty|GX1 Index|HC1 Index|JGS1 Index|KW1 Comdty|LH1 Comdty|NG1 Comdty|NO1 Curncy|PE1 Curncy|RS1 Comdty|SCO1 Comdty|SFR5 Comdty|TP1 Index|TY1 Comdty|US1 Comdty|UXY1 Comdty,sub250k_24,all84
0.3291,0.1049,-0.5187,340,AD1 Curncy|BP1 Curncy|EO1 Index|ES1 Index|FC1 Comdty|G 1 Comdty|HG1 Comdty|IR4 Comdty|JGS1 Index|KC1 Comdty|LH1 Comdty|NG1 Comdty|NV1 Curncy|PE1 Curncy|QS1 Comdty|RTY1 Index|S 1 Comdty|SB1 Comdty|SF1 Curncy|SFI5 Comdty|SI1 Comdty|SM1 Index|TP1 Index|TU1 Comdty,sub250k_24,all84
0.7569,0.6161,-0.1232,341,BP1 Curncy|C 1 Comdty|CC1 Comdty|CD1 Curncy|DF1 Comdty|EC1 Curncy|EO1 Index|ES1 Index|GC1 Comdty|IJ1 Comdty|IR4 Comdty|JY1 Curncy|NG1 Comdty|NO1 Curncy|OE1 Comdty|PT1 Index|QC1 Index|QS1 Comdty|RS1 Comdty|RTY1 Index|SCO1 Comdty|SFI5 Comdty|TP1 Index|UB1 Comdty,sub250k_24,all84
0.6949,0.5691,-1.0616,342,BO1 Comdty|BP1 Curncy|CF1 Index|CUA1 Comdty|DF1 Comdty|DM1 Index|G 1 Comdty|HC1 Index|IJ1 Comdty|JY1 Curncy|LH1 Comdty|NO1 Curncy|NV1 Curncy|OAT1 Comdty|PL1 Comdty|PT1 Index|QS1 Comdty|RS1 Comdty|SCO1 Comdty|SE1 Curncy|SFR5 Comdty|SM1 Index|TP1 Index|TY1 Comdty,sub250k_24,all84
0.4063,0.2685,-0.0769,343,AD1 Curncy|BO1 Comdty|C 1 Comdty|CA1 Comdty|CD1 Curncy|CL1 Comdty|DF1 Comdty|FV1 Comdty|GC1 Comdty|MES1 Index|NO1 Curncy|NO1 Index|NQ1 Index|NV1 Curncy|OAT1 Comdty|OE1 Comdty|QC1 Index|QS1 Comdty|SB1 Comdty|SE1 Curncy|SI1 Comdty|TP1 Index|XM1 Comdty|XU1 Index,sub250k_24,all84
0.4914,0.5872,-0.8087,344,AD1 Curncy|BO1 Comdty|BP1 Curncy|CA1 Comdty|CN1 Comdty|CO1 Comdty|DM1 Index|EO1 Index|JY1 Curncy|KW1 Comdty|NO1 Curncy|OAT1 Comdty|PA1 Comdty|PE1 Curncy|QC1 Comdty|RTY1 Index|S 1 Comdty|SCO1 Comdty|SFI5 Comdty|SM1 Index|TU1 Comdty|TWT1 Index|XB1 Comdty|Z 1 Index,sub250k_24,all84
0.2971,0.3393,-1.0856,345,BO1 Comdty|BP1 Curncy|CC1 Comdty|CD1 Curncy|CN1 Comdty|CO1 Comdty|DM1 Index|HC1 Index|HG1 Comdty|HO1 Comdty|LH1 Comdty|NO1 Curncy|OE1 Comdty|PE1 Curncy|QC1 Index|S 1 Comdty|SB1 Comdty|SCO1 Comdty|SE1 Curncy|TP1 Index|UXY1 Comdty|XM1 Comdty|XP1 Index|Z 1 Index,sub250k_24,all84
0.6693,0.6651,0.1523,346,AD1 Curncy|CC1 Comdty|CO1 Comdty|CT1 Comdty|EO1 Index|ES1 Index|G 1 Comdty|GC1 Comdty|HC1 Index|IJ1 Comdty|LC1 Comdty|NO1 Curncy|NO1 Index|NV1 Curncy|QC1 Comdty|QC1 Index|QS1 Comdty|SCO1 Comdty|SE1 Curncy|SF1 Curncy|SFI5 Comdty|TP1 Index|TU1 Comdty|US1 Comdty,sub250k_24,all84
0.3080,0.0260,-0.3573,347,BO1 Comdty|BP1 Curncy|CD1 Curncy|CT1 Comdty|CUA1 Comdty|DF1 Comdty|DM1 Index|DU1 Comdty|ES1 Index|GC1 Comdty|GX1 Index|HG1 Comdty|MWE1 Comdty|NO1 Curncy|NV1 Curncy|OE1 Comdty|RS1 Comdty|RTY1 Index|SF1 Curncy|UB1 Comdty|US1 Comdty|XB1 Comdty|XP1 Index|Z 1 Index,sub250k_24,all84
0.2463,0.1682,-1.1742,348,AD1 Curncy|BO1 Comdty|CD1 Curncy|CF1 Index|CL1 Comdty|DU1 Comdty|ES1 Index|GX1 Index|HG1 Comdty|HI1 Index|IJ1 Comdty|LC1 Comdty|OE1 Comdty|PE1 Curncy|PT1 Index|QW1 Comdty|RS1 Comdty|RX1 Comdty|SCO1 Comdty|SE1 Curncy|SF1 Curncy|SFR5 Comdty|XB1 Comdty|XU1 Index,sub250k_24,all84
0.2701,0.0656,-0.8982,349,BO1 Comdty|BP1 Curncy|C 1 Comdty|CD1 Curncy|CF1 Index|IK1 Comdty|LH1 Comdty|NQ1 Index|NV1 Curncy|OE1 Comdty|PA1 Comdty|PE1 Curncy|PL1 Comdty|QC1 Index|QS1 Comdty|RX1 Comdty|SE1 Curncy|SFR5 Comdty|SM1 Comdty|SM1 Index|TP1 Index|W 1 Comdty|XB1 Comdty|Z 1 Index,sub250k_24,all84
0.4167,0.3783,-0.9701,350,AD1 Curncy|BO1 Comdty|CC1 Comdty|CD1 Curncy|CF1 Index|CL1 Comdty|CN1 Comdty|CUA1 Comdty|JGS1 Index|LC1 Comdty|MWE1 Comdty|NO1 Curncy|NV1 Curncy|OAT1 Comdty|PA1 Comdty|QC1 Comdty|QC1 Index|RTY1 Index|SCO1 Comdty|SF1 Curncy|TY1 Comdty|US1 Comdty|XU1 Index|Z 1 Index,sub250k_24,all84
0.4315,0.2633,-0.0856,351,AD1 Curncy|CT1 Comdty|DF1 Comdty|FC1 Comdty|IK1 Comdty|JGS1 Index|JY1 Curncy|MES1 Index|NG1 Comdty|NO1 Curncy|NV1 Curncy|PA1 Comdty|PE1 Curncy|QC1 Comdty|QS1 Comdty|RTY1 Index|SI1 Comdty|TY1 Comdty|US1 Comdty|VG1 Index|W 1 Comdty|WN1 Comdty|XU1 Index|Z 1 Index,sub250k_24,all84
0.4741,0.3846,-0.7495,352,AD1 Curncy|CA1 Comdty|CL1 Comdty|CUA1 Comdty|EO1 Index|ER4 Comdty|HC1 Index|HG1 Comdty|HI1 Index|IK1 Comdty|IR4 Comdty|KW1 Comdty|NO1 Curncy|NO1 Index|NV1 Curncy|PA1 Comdty|PE1 Curncy|QC1 Index|QW1 Comdty|S 1 Comdty|SB1 Comdty|SF1 Curncy|SFR5 Comdty|TWT1 Index,sub250k_24,all84
0.5103,0.1670,0.0122,353,C 1 Comdty|CA1 Comdty|CL1 Comdty|EC1 Curncy|ER4 Comdty|FC1 Comdty|G 1 Comdty|GC1 Comdty|GX1 Index|HC1 Index|IK1 Comdty|JY1 Curncy|LH1 Comdty|NG1 Comdty|NO1 Curncy|NV1 Curncy|OE1 Comdty|QC1 Index|SB1 Comdty|SE1 Curncy|SI1 Comdty|TP1 Index|XP1 Index|Z 1 Index,sub250k_24,all84
0.4395,0.1823,-0.3818,354,AD1 Curncy|BP1 Curncy|CA1 Comdty|CF1 Index|CL1 Comdty|CUA1 Comdty|DM1 Index|FC1 Comdty|IR4 Comdty|JB1 Comdty|JY1 Curncy|LH1 Comdty|NO1 Index|NV1 Curncy|PE1 Curncy|PL1 Comdty|SB1 Comdty|SI1 Comdty|TY1 Comdty|US1 Comdty|VG1 Index|W 1 Comdty|XP1 Index|XU1 Index,sub250k_24,all84
0.4397,0.2192,-0.4147,355,AD1 Curncy|BP1 Curncy|CA1 Comdty|CUA1 Comdty|EO1 Index|G 1 Comdty|HO1 Comdty|JGS1 Index|LC1 Comdty|NO1 Curncy|NO1 Index|OAT1 Comdty|PE1 Curncy|PL1 Comdty|QC1 Comdty|RS1 Comdty|SB1 Comdty|SE1 Curncy|SI1 Comdty|TWT1 Index|UXY1 Comdty|VG1 Index|XM1 Comdty|XP1 Index,sub250k_24,all84
0.4673,0.2720,-0.6449,356,AD1 Curncy|BP1 Curncy|CT1 Comdty|CUA1 Comdty|DM1 Index|DU1 Comdty|EO1 Index|FC1 Comdty|FV1 Comdty|KC1 Comdty|NV1 Curncy|OE1 Comdty|PE1 Curncy|PL1 Comdty|PT1 Index|RS1 Comdty|SCO1 Comdty|SE1 Curncy|SM1 Index|TP1 Index|TU1 Comdty|W 1 Comdty|XB1 Comdty|Z 1 Index,sub250k_24,all84
0.3937,0.5307,-0.7849,357,AD1 Curncy|BP1 Curncy|CN1 Comdty|CT1 Comdty|EC1 Curncy|FV1 Comdty|GX1 Index|HI1 Index|HO1 Comdty|MES1 Index|MWE1 Comdty|NO1 Curncy|NO1 Index|NQ1 Index|PA1 Comdty|PE1 Curncy|S 1 Comdty|SB1 Comdty|SCO1 Comdty|SM1 Comdty|TU1 Comdty|UB1 Comdty|XB1 Comdty|XU1 Index,sub250k_24,all84
0.2890,0.1386,-0.8254,358,AD1 Curncy|CC1 Comdty|CUA1 Comdty|DU1 Comdty|EC1 Curncy|ES1 Index|FV1 Comdty|G 1 Comdty|HC1 Index|HG1 Comdty|HO1 Comdty|IJ1 Comdty|JB1 Comdty|JGS1 Index|NO1 Curncy|NV1 Curncy|PA1 Comdty|QC1 Comdty|SB1 Comdty|SF1 Curncy|SM1 Comdty|VG1 Index|XU1 Index|Z 1 Index,sub250k_24,all84
0.2801,0.2073,-0.6226,359,BO1 Comdty|C 1 Comdty|CD1 Curncy|CN1 Comdty|CO1 Comdty|CT1 Comdty|ER4 Comdty|FC1 Comdty|HC1 Index|HI1 Index|JGS1 Index|LC1 Comdty|NO1 Curncy|NQ1 Index|NV1 Curncy|PA1 Comdty|PE1 Curncy|PL1 Comdty|QC1 Index|QS1 Comdty|SE1 Curncy|TY1 Comdty|UB1 Comdty|Z 1 Index,sub250k_24,all84
0.2795,0.1821,-1.0938,360,BO1 Comdty|CD1 Curncy|CF1 Index|CL1 Comdty|CN1 Comdty|CT1 Comdty|EC1 Curncy|ES1 Index|G 1 Comdty|HI1 Index|HO1 Comdty|JGS1 Index|LH1 Comdty|NO1 Curncy|NQ1 Index|PA1 Comdty|PE1 Curncy|QW1 Comdty|S 1 Comdty|SE1 Curncy|SFI5 Comdty|SI1 Comdty|SM1 Index|UB1 Comdty,sub250k_24,all84
0.2970,0.2137,-0.9053,361,AD1 Curncy|BP1 Curncy|CF1 Index|CL1 Comdty|DM1 Index|DU1 Comdty|HC1 Index|HG1 Comdty|JB1 Comdty|JY1 Curncy|KC1 Comdty|LH1 Comdty|MES1 Index|NQ1 Index|PA1 Comdty|PE1 Curncy|QS1 Comdty|SB1 Comdty|SE1 Curncy|SFI5 Comdty|SM1 Comdty|W 1 Comdty|WN1 Comdty|XP1 Index,sub250k_24,all84
0.7758,0.5280,-0.4214,362,AD1 Curncy|BO1 Comdty|CC1 Comdty|CUA1 Comdty|EC1 Curncy|ES1 Index|FC1 Comdty|HG1 Comdty|HI1 Index|IK1 Comdty|JB1 Comdty|JY1 Curncy|MES1 Index|MWE1 Comdty|NQ1 Index|OE1 Comdty|PE1 Curncy|QS1 Comdty|RTY1 Index|S 1 Comdty|SCO1 Comdty|SF1 Curncy|TU1 Comdty|XU1 Index,sub250k_24,all84
0.6131,0.4910,-0.1453,363,BP1 Curncy|CC1 Comdty|CD1 Curncy|CL1 Comdty|CUA1 Comdty|DU1 Comdty|EC1 Curncy|FV1 Comdty|GC1 Comdty|HC1 Index|IR4 Comdty|JY1 Curncy|LC1 Comdty|MES1 Index|QC1 Index|RTY1 Index|S 1 Comdty|SB1 Comdty|SCO1 Comdty|SF1 Curncy|SM1 Index|W 1 Comdty|WN1 Comdty|Z 1 Index,sub250k_24,all84
0.6004,0.7012,-0.4151,364,CA1 Comdty|EC1 Curncy|FC1 Comdty|FV1 Comdty|GX1 Index|HO1 Comdty|JY1 Curncy|LH1 Comdty|MES1 Index|NO1 Curncy|OE1 Comdty|PA1 Comdty|PE1 Curncy|PT1 Index|QS1 Comdty|RTY1 Index|S 1 Comdty|SCO1 Comdty|SE1 Curncy|SM1 Comdty|TU1 Comdty|US1 Comdty|VG1 Index|XP1 Index,sub250k_24,all84
0.2798,0.1480,-0.3479,365,AD1 Curncy|BO1 Comdty|CA1 Comdty|CC1 Comdty|CF1 Index|CL1 Comdty|DU1 Comdty|EC1 Curncy|EO1 Index|IK1 Comdty|JB1 Comdty|JGS1 Index|KW1 Comdty|NQ1 Index|PA1 Comdty|PE1 Curncy|QS1 Comdty|SE1 Curncy|SF1 Curncy|SI1 Comdty|SM1 Index|TU1 Comdty|W 1 Comdty|XU1 Index,sub250k_24,all84
0.6019,0.3314,-0.8623,366,CC1 Comdty|CUA1 Comdty|HC1 Index|IK1 Comdty|JB1 Comdty|JGS1 Index|JY1 Curncy|KC1 Comdty|KW1 Comdty|NG1 Comdty|NO1 Curncy|NO1 Index|NV1 Curncy|PE1 Curncy|PL1 Comdty|QC1 Index|RTY1 Index|RX1 Comdty|S 1 Comdty|SCO1 Comdty|SE1 Curncy|SFI5 Comdty|W 1 Comdty|XU1 Index,sub250k_24,all84
0.5427,0.4117,-0.0742,367,BP1 Curncy|CT1 Comdty|EC1 Curncy|IR4 Comdty|JY1 Curncy|LH1 Comdty|NG1 Comdty|NO1 Curncy|NQ1 Index|PA1 Comdty|PT1 Index|QC1 Index|RS1 Comdty|RTY1 Index|S 1 Comdty|SE1 Curncy|SFR5 Comdty|SI1 Comdty|TU1 Comdty|TWT1 Index|UB1 Comdty|VG1 Index|W 1 Comdty|XB1 Comdty,sub250k_24,all84
0.4102,0.3632,-0.7374,368,AD1 Curncy|CL1 Comdty|CN1 Comdty|CT1 Comdty|EC1 Curncy|ES1 Index|FV1 Comdty|HG1 Comdty|HI1 Index|IK1 Comdty|JGS1 Index|JY1 Curncy|NG1 Comdty|NO1 Index|PE1 Curncy|QC1 Comdty|RTY1 Index|S 1 Comdty|SCO1 Comdty|SF1 Curncy|SFI5 Comdty|SM1 Comdty|W 1 Comdty|XP1 Index,sub250k_24,all84
0.2194,0.0914,-0.2529,369,BP1 Curncy|CL1 Comdty|DU1 Comdty|EC1 Curncy|ES1 Index|FV1 Comdty|HC1 Index|HG1 Comdty|JB1 Comdty|JY1 Curncy|KW1 Comdty|LC1 Comdty|MES1 Index|NG1 Comdty|NO1 Index|PE1 Curncy|QC1 Comdty|QW1 Comdty|SE1 Curncy|SI1 Comdty|SM1 Index|W 1 Comdty|XM1 Comdty|XP1 Index,sub250k_24,all84
0.3312,0.3964,-0.9853,370,BO1 Comdty|CD1 Curncy|EC1 Curncy|ER4 Comdty|FV1 Comdty|HG1 Comdty|IR4 Comdty|KC1 Comdty|KW1 Comdty|MES1 Index|NG1 Comdty|NO1 Curncy|NQ1 Index|NV1 Curncy|PE1 Curncy|QC1 Index|QS1 Comdty|QW1 Comdty|SCO1 Comdty|SM1 Comdty|TWT1 Index|US1 Comdty|XP1 Index|XU1 Index,sub250k_24,all84
0.6876,0.5951,-0.0569,371,BP1 Curncy|EO1 Index|ER4 Comdty|GC1 Comdty|GX1 Index|HO1 Comdty|JY1 Curncy|KW1 Comdty|NO1 Curncy|NO1 Index|NQ1 Index|NV1 Curncy|PT1 Index|QC1 Comdty|QC1 Index|QS1 Comdty|QW1 Comdty|S 1 Comdty|SB1 Comdty|SCO1 Comdty|SF1 Curncy|SFR5 Comdty|UB1 Comdty|WN1 Comdty,sub250k_24,all84
0.3435,0.1660,-0.3375,372,AD1 Curncy|C 1 Comdty|CF1 Index|CL1 Comdty|EC1 Curncy|IJ1 Comdty|JB1 Comdty|MWE1 Comdty|NG1 Comdty|NV1 Curncy|OE1 Comdty|PA1 Comdty|PE1 Curncy|RS1 Comdty|SE1 Curncy|SFR5 Comdty|SI1 Comdty|SM1 Index|TP1 Index|TWT1 Index|US1 Comdty|VG1 Index|W 1 Comdty|XP1 Index,sub250k_24,all84
0.6542,0.6304,-0.0795,373,CC1 Comdty|CL1 Comdty|CN1 Comdty|DM1 Index|EC1 Curncy|EO1 Index|GC1 Comdty|HO1 Comdty|IJ1 Comdty|JGS1 Index|JY1 Curncy|KC1 Comdty|KW1 Comdty|MWE1 Comdty|NO1 Curncy|NQ1 Index|NV1 Curncy|OAT1 Comdty|PE1 Curncy|PT1 Index|SCO1 Comdty|SFR5 Comdty|SM1 Index|TY1 Comdty,sub250k_24,all84
0.2564,0.1778,0.2642,374,BP1 Curncy|C 1 Comdty|CC1 Comdty|CF1 Index|CL1 Comdty|CT1 Comdty|GC1 Comdty|IR4 Comdty|JGS1 Index|LC1 Comdty|MWE1 Comdty|NG1 Comdty|NV1 Curncy|PE1 Curncy|SE1 Curncy|SF1 Curncy|SFR5 Comdty|SI1 Comdty|SM1 Index|TP1 Index|TY1 Comdty|XM1 Comdty|XU1 Index|Z 1 Index,sub250k_24,all84
0.4241,0.3484,-1.1452,375,AD1 Curncy|CO1 Comdty|CT1 Comdty|DU1 Comdty|EC1 Curncy|ES1 Index|HI1 Index|IR4 Comdty|JY1 Curncy|KW1 Comdty|NG1 Comdty|NQ1 Index|NV1 Curncy|OAT1 Comdty|OE1 Comdty|PA1 Comdty|QW1 Comdty|RS1 Comdty|S 1 Comdty|SCO1 Comdty|SF1 Curncy|SM1 Index|VG1 Index|XU1 Index,sub250k_24,all84
0.4540,0.4475,0.1173,376,AD1 Curncy|BP1 Curncy|CA1 Comdty|CD1 Curncy|DF1 Comdty|EO1 Index|FC1 Comdty|GC1 Comdty|HG1 Comdty|HI1 Index|LH1 Comdty|NG1 Comdty|PE1 Curncy|PT1 Index|QS1 Comdty|RTY1 Index|SF1 Curncy|SFI5 Comdty|SM1 Comdty|TU1 Comdty|TY1 Comdty|VG1 Index|WN1 Comdty|XU1 Index,sub250k_24,all84
0.4424,0.3575,0.1241,377,BP1 Curncy|C 1 Comdty|CA1 Comdty|DM1 Index|EO1 Index|GC1 Comdty|HC1 Index|IJ1 Comdty|IK1 Comdty|IR4 Comdty|MES1 Index|NG1 Comdty|NO1 Curncy|NQ1 Index|PE1 Curncy|PL1 Comdty|QC1 Comdty|QS1 Comdty|QW1 Comdty|SE1 Curncy|SF1 Curncy|TP1 Index|TY1 Comdty|UXY1 Comdty,sub250k_24,all84
0.2914,0.1233,-0.5369,378,BO1 Comdty|BP1 Curncy|CD1 Curncy|CL1 Comdty|CN1 Comdty|CT1 Comdty|EC1 Curncy|ES1 Index|GX1 Index|HC1 Index|HG1 Comdty|HI1 Index|JY1 Curncy|NG1 Comdty|PE1 Curncy|PT1 Index|QC1 Comdty|QW1 Comdty|SFI5 Comdty|SI1 Comdty|UB1 Comdty|UXY1 Comdty|W 1 Comdty|XP1 Index,sub250k_24,all84
0.3781,0.4980,-0.5071,379,BP1 Curncy|C 1 Comdty|CC1 Comdty|CD1 Curncy|CL1 Comdty|DF1 Comdty|DM1 Index|HO1 Comdty|IR4 Comdty|JY1 Curncy|MWE1 Comdty|OAT1 Comdty|PA1 Comdty|PE1 Curncy|SCO1 Comdty|SF1 Curncy|SM1 Index|TWT1 Index|UB1 Comdty|VG1 Index|W 1 Comdty|XM1 Comdty|XP1 Index|XU1 Index,sub250k_24,all84
0.6131,0.4100,0.2762,380,AD1 Curncy|CA1 Comdty|CL1 Comdty|CO1 Comdty|EC1 Curncy|EO1 Index|G 1 Comdty|GC1 Comdty|GX1 Index|JB1 Comdty|JY1 Curncy|LH1 Comdty|MWE1 Comdty|NO1 Curncy|NQ1 Index|RX1 Comdty|SB1 Comdty|SE1 Curncy|SFR5 Comdty|SI1 Comdty|SM1 Index|TWT1 Index|W 1 Comdty|XU1 Index,sub250k_24,all84
0.5930,0.5171,-0.6677,381,AD1 Curncy|C 1 Comdty|CD1 Curncy|CUA1 Comdty|EC1 Curncy|ES1 Index|FC1 Comdty|GX1 Index|IR4 Comdty|KC1 Comdty|KW1 Comdty|NG1 Comdty|NO1 Curncy|NO1 Index|OE1 Comdty|PA1 Comdty|S 1 Comdty|SCO1 Comdty|SE1 Curncy|TU1 Comdty|TWT1 Index|XM1 Comdty|XU1 Index|Z 1 Index,sub250k_24,all84
0.6173,0.3172,-0.5608,382,AD1 Curncy|CA1 Comdty|CUA1 Comdty|DU1 Comdty|EC1 Curncy|EO1 Index|HI1 Index|IJ1 Comdty|IR4 Comdty|KC1 Comdty|NG1 Comdty|NO1 Curncy|NO1 Index|OAT1 Comdty|PT1 Index|S 1 Comdty|SCO1 Comdty|SE1 Curncy|SF1 Curncy|SI1 Comdty|SM1 Comdty|SM1 Index|TWT1 Index|US1 Comdty,sub250k_24,all84
0.4304,0.4560,-0.6520,383,BO1 Comdty|CD1 Curncy|DF1 Comdty|EC1 Curncy|FV1 Comdty|GX1 Index|HC1 Index|JB1 Comdty|JGS1 Index|MWE1 Comdty|NG1 Comdty|PA1 Comdty|PE1 Curncy|QC1 Index|S 1 Comdty|SCO1 Comdty|SE1 Curncy|SF1 Curncy|SM1 Comdty|TP1 Index|UB1 Comdty|UXY1 Comdty|XB1 Comdty|XU1 Index,sub250k_24,all84
0.3684,0.3343,-0.2896,384,BO1 Comdty|BP1 Curncy|EC1 Curncy|ES1 Index|FC1 Comdty|FV1 Comdty|HG1 Comdty|HI1 Index|HO1 Comdty|JY1 Curncy|LH1 Comdty|NG1 Comdty|NO1 Index|PE1 Curncy|QW1 Comdty|SE1 Curncy|SFI5 Comdty|SI1 Comdty|SM1 Comdty|TP1 Index|TU1 Comdty|UXY1 Comdty|VG1 Index|Z 1 Index,sub250k_24,all84
0.1460,0.2097,-0.8812,385,BO1 Comdty|BP1 Curncy|CL1 Comdty|DF1 Comdty|HI1 Index|IR4 Comdty|JGS1 Index|LH1 Comdty|MWE1 Comdty|NQ1 Index|NV1 Curncy|PA1 Comdty|PE1 Curncy|PL1 Comdty|QC1 Index|SE1 Curncy|SF1 Curncy|SFI5 Comdty|TP1 Index|TU1 Comdty|W 1 Comdty|XB1 Comdty|XM1 Comdty|XU1 Index,sub250k_24,all84
0.4206,0.2374,0.2734,386,BO1 Comdty|CC1 Comdty|CD1 Curncy|CO1 Comdty|DM1 Index|GC1 Comdty|HO1 Comdty|JB1 Comdty|JGS1 Index|JY1 Curncy|KC1 Comdty|NO1 Curncy|NO1 Index|PE1 Curncy|RX1 Comdty|S 1 Comdty|SF1 Curncy|SFR5 Comdty|SI1 Comdty|SM1 Comdty|TP1 Index|WN1 Comdty|XP1 Index|XU1 Index,sub250k_24,all84
0.4970,0.1898,-0.8888,387,BO1 Comdty|BP1 Curncy|C 1 Comdty|CD1 Curncy|CF1 Index|CL1 Comdty|DU1 Comdty|EC1 Curncy|FC1 Comdty|G 1 Comdty|GX1 Index|HI1 Index|IK1 Comdty|KC1 Comdty|MES1 Index|NO1 Curncy|NQ1 Index|QC1 Index|QS1 Comdty|RS1 Comdty|RX1 Comdty|SCO1 Comdty|SE1 Curncy|SI1 Comdty,sub250k_24,all84
0.3084,0.1911,-0.1006,388,BO1 Comdty|BP1 Curncy|CA1 Comdty|CD1 Curncy|DU1 Comdty|EC1 Curncy|EO1 Index|ES1 Index|FC1 Comdty|G 1 Comdty|GC1 Comdty|HO1 Comdty|LC1 Comdty|NV1 Curncy|PE1 Curncy|PL1 Comdty|PT1 Index|QS1 Comdty|RTY1 Index|S 1 Comdty|SFI5 Comdty|UXY1 Comdty|XP1 Index|Z 1 Index,sub250k_24,all84
0.4606,0.2529,0.3424,389,BP1 Curncy|CA1 Comdty|CC1 Comdty|CD1 Curncy|CN1 Comdty|CO1 Comdty|EO1 Index|GC1 Comdty|HC1 Index|IR4 Comdty|JGS1 Index|JY1 Curncy|KC1 Comdty|KW1 Comdty|LH1 Comdty|NG1 Comdty|NO1 Curncy|RTY1 Index|RX1 Comdty|SF1 Curncy|SI1 Comdty|TP1 Index|TWT1 Index|XM1 Comdty,sub250k_24,all84
0.2880,0.0763,-0.8039,390,AD1 Curncy|BO1 Comdty|CD1 Curncy|CL1 Comdty|CO1 Comdty|EO1 Index|ES1 Index|FV1 Comdty|JGS1 Index|NO1 Index|NV1 Curncy|OAT1 Comdty|PL1 Comdty|PT1 Index|QC1 Index|RS1 Comdty|S 1 Comdty|SB1 Comdty|SE1 Curncy|SF1 Curncy|SFI5 Comdty|SI1 Comdty|UXY1 Comdty|W 1 Comdty,sub250k_24,all84
0.4964,0.1673,-0.6228,391,CD1 Curncy|CT1 Comdty|CUA1 Comdty|ES1 Index|IJ1 Comdty|IK1 Comdty|JGS1 Index|JY1 Curncy|KC1 Comdty|LH1 Comdty|MES1 Index|NO1 Curncy|OAT1 Comdty|PL1 Comdty|PT1 Index|QC1 Index|QS1 Comdty|QW1 Comdty|SE1 Curncy|SF1 Curncy|SI1 Comdty|SM1 Index|TU1 Comdty|XM1 Comdty,sub250k_24,all84
0.3417,0.2069,-0.4232,392,CA1 Comdty|CD1 Curncy|CL1 Comdty|ER4 Comdty|GC1 Comdty|GX1 Index|HC1 Index|HO1 Comdty|KC1 Comdty|NO1 Index|NV1 Curncy|OE1 Comdty|PA1 Comdty|PE1 Curncy|RX1 Comdty|SB1 Comdty|SE1 Curncy|SF1 Curncy|SFI5 Comdty|SM1 Comdty|SM1 Index|W 1 Comdty|XP1 Index|XU1 Index,sub250k_24,all84
0.5260,0.2881,-0.6321,393,AD1 Curncy|BP1 Curncy|C 1 Comdty|CO1 Comdty|CT1 Comdty|EC1 Curncy|EO1 Index|ES1 Index|GX1 Index|IK1 Comdty|JY1 Curncy|LC1 Comdty|MES1 Index|OE1 Comdty|RS1 Comdty|SCO1 Comdty|SF1 Curncy|SFR5 Comdty|SI1 Comdty|SM1 Comdty|XB1 Comdty|XM1 Comdty|XU1 Index|Z 1 Index,sub250k_24,all84
0.4772,0.2345,-0.6536,394,AD1 Curncy|CT1 Comdty|CUA1 Comdty|ES1 Index|HC1 Index|IR4 Comdty|JY1 Curncy|KC1 Comdty|NO1 Curncy|NV1 Curncy|OAT1 Comdty|PA1 Comdty|PE1 Curncy|QC1 Comdty|RS1 Comdty|SFI5 Comdty|SI1 Comdty|TP1 Index|W 1 Comdty|XB1 Comdty|XM1 Comdty|XP1 Index|XU1 Index|Z 1 Index,sub250k_24,all84
0.2730,0.2631,-0.2769,395,AD1 Curncy|CC1 Comdty|CF1 Index|CN1 Comdty|CO1 Comdty|CT1 Comdty|DU1 Comdty|ES1 Index|JY1 Curncy|KW1 Comdty|NQ1 Index|NV1 Curncy|PA1 Comdty|PE1 Curncy|PL1 Comdty|QC1 Comdty|S 1 Comdty|SE1 Curncy|SFR5 Comdty|SM1 Index|TP1 Index|XB1 Comdty|XM1 Comdty|XU1 Index,sub250k_24,all84
0.2161,-0.0410,-0.9960,396,AD1 Curncy|BO1 Comdty|BP1 Curncy|EC1 Curncy|ES1 Index|IK1 Comdty|NQ1 Index|OE1 Comdty|PL1 Comdty|QS1 Comdty|QW1 Comdty|RS1 Comdty|RTY1 Index|SB1 Comdty|SE1 Curncy|SF1 Curncy|SI1 Comdty|SM1 Comdty|TWT1 Index|TY1 Comdty|XB1 Comdty|XM1 Comdty|XP1 Index|XU1 Index,sub250k_24,all84
0.4416,0.3491,-0.3532,397,AD1 Curncy|C 1 Comdty|CD1 Curncy|EC1 Curncy|FV1 Comdty|HI1 Index|IJ1 Comdty|JB1 Comdty|JGS1 Index|KC1 Comdty|LH1 Comdty|MES1 Index|NG1 Comdty|PA1 Comdty|PE1 Curncy|QS1 Comdty|QW1 Comdty|SE1 Curncy|SI1 Comdty|TWT1 Index|UB1 Comdty|US1 Comdty|XP1 Index|XU1 Index,sub250k_24,all84
0.4736,0.3462,-0.8861,398,AD1 Curncy|BO1 Comdty|CO1 Comdty|EC1 Curncy|ES1 Index|FC1 Comdty|G 1 Comdty|HG1 Comdty|IK1 Comdty|NO1 Index|NV1 Curncy|PE1 Curncy|RS1 Comdty|SCO1 Comdty|SE1 Curncy|SM1 Comdty|SM1 Index|TP1 Index|TWT1 Index|UXY1 Comdty|W 1 Comdty|XB1 Comdty|XM1 Comdty|Z 1 Index,sub250k_24,all84
0.5686,0.3272,-0.8342,399,BO1 Comdty|CD1 Curncy|CF1 Index|CO1 Comdty|CUA1 Comdty|EC1 Curncy|FV1 Comdty|HC1 Index|JGS1 Index|JY1 Curncy|KC1 Comdty|KW1 Comdty|NV1 Curncy|PA1 Comdty|PT1 Index|RS1 Comdty|SE1 Curncy|SFI5 Comdty|SI1 Comdty|TP1 Index|TY1 Comdty|UB1 Comdty|W 1 Comdty|XP1 Index,sub250k_24,all84
0.4136,0.2382,0.2573,0,AD1 Curncy|C 1 Comdty|CC1 Comdty|CD1 Curncy|CF1 Index|CT1 Comdty|DF1 Comdty|DM1 Index|EC1 Curncy|EO1 Index|ER4 Comdty|ES1 Index|FV1 Comdty|GC1 Comdty|GX1 Index|HO1 Comdty|IK1 Comdty|JB1 Comdty|JY1 Curncy|KC1 Comdty|KW1 Comdty|MES1 Index|NQ1 Index|NV1 Curncy|OE1 Comdty|PE1 Curncy|QS1 Comdty|QW1 Comdty|RTY1 Index|RX1 Comdty|S 1 Comdty|SB1 Comdty|SF1 Curncy|SFR5 Comdty|SI1 Comdty|SM1 Index|TU1 Comdty|US1 Comdty|VG1 Index|W 1 Comdty,sub1M_40,strict66
0.3717,0.2591,-0.5061,1,AD1 Curncy|BP1 Curncy|CC1 Comdty|CD1 Curncy|CF1 Index|CL1 Comdty|DM1 Index|EC1 Curncy|EO1 Index|ER4 Comdty|ES1 Index|FC1 Comdty|FV1 Comdty|G 1 Comdty|GX1 Index|HG1 Comdty|IK1 Comdty|JY1 Curncy|LC1 Comdty|LH1 Comdty|MES1 Index|NG1 Comdty|NO1 Index|NQ1 Index|OAT1 Comdty|PA1 Comdty|PE1 Curncy|QC1 Comdty|QW1 Comdty|RS1 Comdty|S 1 Comdty|SB1 Comdty|SF1 Curncy|SM1 Index|TU1 Comdty|TY1 Comdty|UB1 Comdty|W 1 Comdty|WN1 Comdty|Z 1 Index,sub1M_40,strict66
0.5044,0.3365,-0.1136,2,AD1 Curncy|BO1 Comdty|BP1 Curncy|C 1 Comdty|CD1 Curncy|CF1 Index|DF1 Comdty|DM1 Index|EC1 Curncy|EO1 Index|ES1 Index|FV1 Comdty|GC1 Comdty|HG1 Comdty|HO1 Comdty|IK1 Comdty|JB1 Comdty|JY1 Curncy|KC1 Comdty|LC1 Comdty|LH1 Comdty|MES1 Index|NO1 Index|NQ1 Index|NV1 Curncy|OAT1 Comdty|OE1 Comdty|QS1 Comdty|QW1 Comdty|RS1 Comdty|RTY1 Index|RX1 Comdty|SB1 Comdty|SF1 Curncy|SFI5 Comdty|SFR5 Comdty|SM1 Comdty|SM1 Index|TP1 Index|UB1 Comdty,sub1M_40,strict66
0.3397,0.1128,-0.3806,3,AD1 Curncy|C 1 Comdty|CD1 Curncy|CF1 Index|CT1 Comdty|DF1 Comdty|DM1 Index|EC1 Curncy|EO1 Index|ER4 Comdty|ES1 Index|FV1 Comdty|G 1 Comdty|IK1 Comdty|JB1 Comdty|JY1 Curncy|KC1 Comdty|KW1 Comdty|NG1 Comdty|NO1 Index|NQ1 Index|NV1 Curncy|OE1 Comdty|PA1 Comdty|PE1 Curncy|QC1 Comdty|QW1 Comdty|RS1 Comdty|S 1 Comdty|SF1 Curncy|SFI5 Comdty|SI1 Comdty|SM1 Comdty|SM1 Index|TP1 Index|US1 Comdty|UXY1 Comdty|VG1 Index|XB1 Comdty|Z 1 Index,sub1M_40,strict66
0.4648,0.2957,-0.5101,4,AD1 Curncy|BO1 Comdty|BP1 Curncy|C 1 Comdty|CC1 Comdty|CL1 Comdty|CO1 Comdty|DF1 Comdty|DM1 Index|EC1 Curncy|EO1 Index|ER4 Comdty|ES1 Index|GX1 Index|IK1 Comdty|JB1 Comdty|JY1 Curncy|KW1 Comdty|LC1 Comdty|LH1 Comdty|MES1 Index|NO1 Index|NQ1 Index|NV1 Curncy|OAT1 Comdty|PA1 Comdty|PE1 Curncy|QW1 Comdty|RS1 Comdty|SB1 Comdty|SF1 Curncy|SFI5 Comdty|SFR5 Comdty|SI1 Comdty|SM1 Index|UB1 Comdty|US1 Comdty|VG1 Index|WN1 Comdty|Z 1 Index,sub1M_40,strict66
0.4373,0.1769,0.1042,5,AD1 Curncy|BO1 Comdty|BP1 Curncy|CD1 Curncy|CF1 Index|CL1 Comdty|DF1 Comdty|DU1 Comdty|EC1 Curncy|EO1 Index|ES1 Index|FC1 Comdty|GC1 Comdty|GX1 Index|IK1 Comdty|JY1 Curncy|KC1 Comdty|LH1 Comdty|NG1 Comdty|NO1 Index|NQ1 Index|NV1 Curncy|OAT1 Comdty|OE1 Comdty|PL1 Comdty|QC1 Comdty|RS1 Comdty|RTY1 Index|RX1 Comdty|SB1 Comdty|SF1 Curncy|SFR5 Comdty|SM1 Comdty|SM1 Index|TP1 Index|TY1 Comdty|US1 Comdty|UXY1 Comdty|VG1 Index|W 1 Comdty,sub1M_40,strict66
0.3451,0.1938,-0.6669,6,AD1 Curncy|BO1 Comdty|BP1 Curncy|CO1 Comdty|DM1 Index|EC1 Curncy|EO1 Index|FC1 Comdty|GX1 Index|HO1 Comdty|IK1 Comdty|JY1 Curncy|KC1 Comdty|KW1 Comdty|LC1 Comdty|MES1 Index|NQ1 Index|NV1 Curncy|OAT1 Comdty|OE1 Comdty|PA1 Comdty|PE1 Curncy|PL1 Comdty|QC1 Comdty|RS1 Comdty|RTY1 Index|RX1 Comdty|S 1 Comdty|SB1 Comdty|SF1 Curncy|SFI5 Comdty|SFR5 Comdty|SM1 Comdty|SM1 Index|TP1 Index|TU1 Comdty|US1 Comdty|VG1 Index|WN1 Comdty|Z 1 Index,sub1M_40,strict66
0.3621,0.2760,0.1443,7,AD1 Curncy|BO1 Comdty|BP1 Curncy|CC1 Comdty|CF1 Index|CT1 Comdty|DF1 Comdty|DM1 Index|DU1 Comdty|EC1 Curncy|EO1 Index|ER4 Comdty|FV1 Comdty|G 1 Comdty|GC1 Comdty|GX1 Index|HG1 Comdty|HO1 Comdty|IK1 Comdty|JB1 Comdty|JY1 Curncy|KC1 Comdty|KW1 Comdty|LC1 Comdty|LH1 Comdty|MES1 Index|NQ1 Index|NV1 Curncy|OE1 Comdty|PE1 Curncy|QS1 Comdty|QW1 Comdty|S 1 Comdty|SF1 Curncy|SM1 Index|TP1 Index|TU1 Comdty|UB1 Comdty|VG1 Index|Z 1 Index,sub1M_40,strict66
0.4379,0.2114,0.1954,8,AD1 Curncy|BO1 Comdty|BP1 Curncy|CD1 Curncy|CF1 Index|CT1 Comdty|DF1 Comdty|DM1 Index|EO1 Index|ER4 Comdty|ES1 Index|FC1 Comdty|FV1 Comdty|GC1 Comdty|HO1 Comdty|IK1 Comdty|JY1 Curncy|KW1 Comdty|LC1 Comdty|LH1 Comdty|NO1 Index|NQ1 Index|NV1 Curncy|OE1 Comdty|PE1 Curncy|RS1 Comdty|RX1 Comdty|SF1 Curncy|SFI5 Comdty|SFR5 Comdty|SI1 Comdty|SM1 Comdty|SM1 Index|TP1 Index|UXY1 Comdty|VG1 Index|W 1 Comdty|WN1 Comdty|XB1 Comdty|Z 1 Index,sub1M_40,strict66
0.3218,0.1022,-0.4181,9,AD1 Curncy|BO1 Comdty|BP1 Curncy|C 1 Comdty|CC1 Comdty|CD1 Curncy|CF1 Index|CL1 Comdty|CO1 Comdty|DM1 Index|DU1 Comdty|EC1 Curncy|EO1 Index|ER4 Comdty|ES1 Index|FC1 Comdty|HG1 Comdty|JB1 Comdty|JY1 Curncy|LH1 Comdty|NO1 Index|NV1 Curncy|OAT1 Comdty|OE1 Comdty|PE1 Curncy|RS1 Comdty|RTY1 Index|S 1 Comdty|SB1 Comdty|SI1 Comdty|SM1 Comdty|SM1 Index|TP1 Index|TU1 Comdty|UB1 Comdty|UXY1 Comdty|VG1 Index|W 1 Comdty|WN1 Comdty|Z 1 Index,sub1M_40,strict66
0.3099,0.1138,-0.2077,10,AD1 Curncy|BO1 Comdty|BP1 Curncy|CC1 Comdty|CD1 Curncy|CF1 Index|CT1 Comdty|DF1 Comdty|DM1 Index|DU1 Comdty|EC1 Curncy|EO1 Index|ES1 Index|GX1 Index|HO1 Comdty|IK1 Comdty|JB1 Comdty|JY1 Curncy|KC1 Comdty|KW1 Comdty|LC1 Comdty|LH1 Comdty|PE1 Curncy|PL1 Comdty|QS1 Comdty|RS1 Comdty|RTY1 Index|SB1 Comdty|SF1 Curncy|SFI5 Comdty|SFR5 Comdty|SI1 Comdty|SM1 Index|TP1 Index|TY1 Comdty|UB1 Comdty|UXY1 Comdty|VG1 Index|WN1 Comdty|Z 1 Index,sub1M_40,strict66
0.3122,0.2134,-0.5608,11,AD1 Curncy|BP1 Curncy|CC1 Comdty|CD1 Curncy|CF1 Index|CO1 Comdty|CT1 Comdty|DF1 Comdty|DM1 Index|ER4 Comdty|ES1 Index|FV1 Comdty|HO1 Comdty|IK1 Comdty|JB1 Comdty|JY1 Curncy|KC1 Comdty|KW1 Comdty|LH1 Comdty|NO1 Index|NQ1 Index|NV1 Curncy|OE1 Comdty|PA1 Comdty|PE1 Curncy|PL1 Comdty|QW1 Comdty|RS1 Comdty|RTY1 Index|SB1 Comdty|SF1 Curncy|SFI5 Comdty|SM1 Index|TP1 Index|TU1 Comdty|UB1 Comdty|US1 Comdty|VG1 Index|W 1 Comdty|Z 1 Index,sub1M_40,strict66
0.2254,0.0173,-0.6038,12,AD1 Curncy|BO1 Comdty|BP1 Curncy|CD1 Curncy|CO1 Comdty|DM1 Index|DU1 Comdty|EC1 Curncy|ER4 Comdty|ES1 Index|JB1 Comdty|KC1 Comdty|LH1 Comdty|MES1 Index|NO1 Index|NQ1 Index|NV1 Curncy|PE1 Curncy|PL1 Comdty|QC1 Comdty|QW1 Comdty|RS1 Comdty|RTY1 Index|RX1 Comdty|S 1 Comdty|SB1 Comdty|SF1 Curncy|SFI5 Comdty|SI1 Comdty|SM1 Comdty|SM1 Index|TP1 Index|TU1 Comdty|TY1 Comdty|UXY1 Comdty|VG1 Index|W 1 Comdty|WN1 Comdty|XB1 Comdty|Z 1 Index,sub1M_40,strict66
0.3404,0.0781,-0.4268,13,AD1 Curncy|BO1 Comdty|BP1 Curncy|CC1 Comdty|CD1 Curncy|CO1 Comdty|CT1 Comdty|DM1 Index|EC1 Curncy|EO1 Index|ER4 Comdty|ES1 Index|FV1 Comdty|G 1 Comdty|GX1 Index|HG1 Comdty|JY1 Curncy|KC1 Comdty|KW1 Comdty|NG1 Comdty|NO1 Index|OAT1 Comdty|PE1 Curncy|QW1 Comdty|RS1 Comdty|RTY1 Index|RX1 Comdty|S 1 Comdty|SB1 Comdty|SF1 Curncy|SI1 Comdty|SM1 Comdty|SM1 Index|TP1 Index|TU1 Comdty|UB1 Comdty|UXY1 Comdty|VG1 Index|WN1 Comdty|Z 1 Index,sub1M_40,strict66
0.2547,0.0084,-0.2386,14,AD1 Curncy|BO1 Comdty|BP1 Curncy|CC1 Comdty|CD1 Curncy|CF1 Index|DF1 Comdty|DM1 Index|DU1 Comdty|EC1 Curncy|EO1 Index|ES1 Index|FC1 Comdty|G 1 Comdty|GX1 Index|JB1 Comdty|JY1 Curncy|KC1 Comdty|LC1 Comdty|NO1 Index|NQ1 Index|NV1 Curncy|OAT1 Comdty|OE1 Comdty|PE1 Curncy|PL1 Comdty|QC1 Comdty|QS1 Comdty|SB1 Comdty|SFI5 Comdty|SI1 Comdty|SM1 Comdty|SM1 Index|TU1 Comdty|TY1 Comdty|UXY1 Comdty|VG1 Index|W 1 Comdty|XB1 Comdty|Z 1 Index,sub1M_40,strict66
0.3889,0.2151,-0.4829,15,AD1 Curncy|BO1 Comdty|BP1 Curncy|C 1 Comdty|CC1 Comdty|CD1 Curncy|DF1 Comdty|DM1 Index|EC1 Curncy|EO1 Index|ER4 Comdty|ES1 Index|G 1 Comdty|GX1 Index|HO1 Comdty|IK1 Comdty|JY1 Curncy|KC1 Comdty|KW1 Comdty|LH1 Comdty|MES1 Index|NG1 Comdty|NQ1 Index|NV1 Curncy|OE1 Comdty|PA1 Comdty|PE1 Curncy|RS1 Comdty|RTY1 Index|SB1 Comdty|SFI5 Comdty|SI1 Comdty|TP1 Index|TU1 Comdty|TY1 Comdty|UB1 Comdty|UXY1 Comdty|VG1 Index|W 1 Comdty|Z 1 Index,sub1M_40,strict66
0.3153,0.1294,-0.1400,16,AD1 Curncy|BO1 Comdty|BP1 Curncy|CC1 Comdty|CD1 Curncy|CT1 Comdty|DF1 Comdty|DU1 Comdty|EC1 Curncy|EO1 Index|ES1 Index|FC1 Comdty|FV1 Comdty|GX1 Index|HO1 Comdty|IK1 Comdty|JY1 Curncy|KC1 Comdty|LH1 Comdty|MES1 Index|NG1 Comdty|NQ1 Index|NV1 Curncy|PE1 Curncy|PL1 Comdty|QC1 Comdty|RTY1 Index|SB1 Comdty|SFI5 Comdty|SFR5 Comdty|SI1 Comdty|SM1 Index|TP1 Index|TY1 Comdty|US1 Comdty|UXY1 Comdty|VG1 Index|W 1 Comdty|WN1 Comdty|Z 1 Index,sub1M_40,strict66
0.4869,0.3838,-0.4637,17,BP1 Curncy|CD1 Curncy|CF1 Index|DF1 Comdty|DM1 Index|EC1 Curncy|EO1 Index|ER4 Comdty|FC1 Comdty|FV1 Comdty|G 1 Comdty|HG1 Comdty|IK1 Comdty|JY1 Curncy|KC1 Comdty|LC1 Comdty|LH1 Comdty|MES1 Index|NG1 Comdty|NO1 Index|NQ1 Index|NV1 Curncy|OAT1 Comdty|PA1 Comdty|PE1 Curncy|QC1 Comdty|QS1 Comdty|QW1 Comdty|RS1 Comdty|RTY1 Index|S 1 Comdty|SF1 Curncy|SFI5 Comdty|SFR5 Comdty|SM1 Comdty|SM1 Index|TP1 Index|TY1 Comdty|UXY1 Comdty|Z 1 Index,sub1M_40,strict66
0.4740,0.3564,0.0626,18,BP1 Curncy|CD1 Curncy|EC1 Curncy|EO1 Index|ER4 Comdty|ES1 Index|FC1 Comdty|G 1 Comdty|GC1 Comdty|GX1 Index|HG1 Comdty|HO1 Comdty|IK1 Comdty|JB1 Comdty|JY1 Curncy|KC1 Comdty|KW1 Comdty|LC1 Comdty|LH1 Comdty|MES1 Index|NO1 Index|NQ1 Index|NV1 Curncy|OAT1 Comdty|PE1 Curncy|QC1 Comdty|QS1 Comdty|QW1 Comdty|RS1 Comdty|RTY1 Index|SB1 Comdty|SF1 Curncy|SFI5 Comdty|SM1 Comdty|SM1 Index|TU1 Comdty|TY1 Comdty|US1 Comdty|VG1 Index|Z 1 Index,sub1M_40,strict66
0.3959,0.2257,0.2906,19,BO1 Comdty|BP1 Curncy|CC1 Comdty|CD1 Curncy|CL1 Comdty|DF1 Comdty|DM1 Index|DU1 Comdty|EC1 Curncy|ES1 Index|FC1 Comdty|FV1 Comdty|G 1 Comdty|GC1 Comdty|GX1 Index|IK1 Comdty|JY1 Curncy|KW1 Comdty|LC1 Comdty|MES1 Index|NO1 Index|NQ1 Index|NV1 Curncy|PE1 Curncy|QC1 Comdty|RTY1 Index|S 1 Comdty|SB1 Comdty|SF1 Curncy|SFI5 Comdty|SFR5 Comdty|SI1 Comdty|SM1 Comdty|SM1 Index|TU1 Comdty|US1 Comdty|VG1 Index|WN1 Comdty|XB1 Comdty|Z 1 Index,sub1M_40,strict66
0.3336,0.1472,-0.4124,20,AD1 Curncy|BO1 Comdty|BP1 Curncy|CC1 Comdty|CD1 Curncy|CF1 Index|CT1 Comdty|DM1 Index|EC1 Curncy|EO1 Index|ER4 Comdty|ES1 Index|HG1 Comdty|HO1 Comdty|IK1 Comdty|JY1 Curncy|KC1 Comdty|KW1 Comdty|LH1 Comdty|MES1 Index|NG1 Comdty|NO1 Index|NQ1 Index|NV1 Curncy|OAT1 Comdty|PE1 Curncy|QC1 Comdty|QW1 Comdty|RTY1 Index|RX1 Comdty|S 1 Comdty|SB1 Comdty|SI1 Comdty|SM1 Index|TU1 Comdty|TY1 Comdty|UB1 Comdty|US1 Comdty|WN1 Comdty|Z 1 Index,sub1M_40,strict66
0.3179,0.1468,-0.1920,21,AD1 Curncy|BP1 Curncy|CC1 Comdty|CD1 Curncy|CF1 Index|DF1 Comdty|DM1 Index|DU1 Comdty|EC1 Curncy|ES1 Index|FC1 Comdty|FV1 Comdty|JB1 Comdty|KC1 Comdty|KW1 Comdty|LC1 Comdty|LH1 Comdty|MES1 Index|NO1 Index|NQ1 Index|NV1 Curncy|OAT1 Comdty|OE1 Comdty|PA1 Comdty|PE1 Curncy|QC1 Comdty|QS1 Comdty|RTY1 Index|RX1 Comdty|S 1 Comdty|SF1 Curncy|SI1 Comdty|SM1 Index|TU1 Comdty|UXY1 Comdty|VG1 Index|W 1 Comdty|WN1 Comdty|XB1 Comdty|Z 1 Index,sub1M_40,strict66
0.2711,0.1542,-0.0132,22,AD1 Curncy|BO1 Comdty|BP1 Curncy|C 1 Comdty|CC1 Comdty|CD1 Curncy|CF1 Index|CL1 Comdty|DF1 Comdty|DM1 Index|DU1 Comdty|EC1 Curncy|EO1 Index|ER4 Comdty|ES1 Index|G 1 Comdty|GC1 Comdty|HG1 Comdty|JB1 Comdty|LC1 Comdty|MES1 Index|NG1 Comdty|NO1 Index|NV1 Curncy|OE1 Comdty|PE1 Curncy|QC1 Comdty|RS1 Comdty|RTY1 Index|RX1 Comdty|S 1 Comdty|SB1 Comdty|SF1 Curncy|SM1 Index|TP1 Index|TU1 Comdty|TY1 Comdty|UXY1 Comdty|VG1 Index|W 1 Comdty,sub1M_40,strict66
0.4324,0.2604,0.2979,23,AD1 Curncy|BP1 Curncy|CC1 Comdty|CF1 Index|CL1 Comdty|DF1 Comdty|DM1 Index|DU1 Comdty|EC1 Curncy|EO1 Index|ES1 Index|FC1 Comdty|FV1 Comdty|GC1 Comdty|GX1 Index|IK1 Comdty|JB1 Comdty|JY1 Curncy|KC1 Comdty|KW1 Comdty|LC1 Comdty|LH1 Comdty|MES1 Index|NO1 Index|NQ1 Index|NV1 Curncy|PE1 Curncy|RS1 Comdty|SB1 Comdty|SF1 Curncy|SFI5 Comdty|SFR5 Comdty|SI1 Comdty|SM1 Comdty|TY1 Comdty|UXY1 Comdty|VG1 Index|WN1 Comdty|XB1 Comdty|Z 1 Index,sub1M_40,strict66
0.4413,0.2339,-0.2073,24,AD1 Curncy|BO1 Comdty|BP1 Curncy|CD1 Curncy|CF1 Index|CO1 Comdty|DF1 Comdty|DM1 Index|EC1 Curncy|EO1 Index|ER4 Comdty|ES1 Index|FC1 Comdty|G 1 Comdty|GC1 Comdty|GX1 Index|HG1 Comdty|IK1 Comdty|KW1 Comdty|LC1 Comdty|NG1 Comdty|NO1 Index|NQ1 Index|NV1 Curncy|OAT1 Comdty|PE1 Curncy|QC1 Comdty|RS1 Comdty|RTY1 Index|S 1 Comdty|SB1 Comdty|SF1 Curncy|SM1 Comdty|SM1 Index|TU1 Comdty|TY1 Comdty|UB1 Comdty|UXY1 Comdty|WN1 Comdty|Z 1 Index,sub1M_40,strict66
0.4571,0.3655,-0.1708,25,BO1 Comdty|BP1 Curncy|C 1 Comdty|CC1 Comdty|CD1 Curncy|CF1 Index|CT1 Comdty|DF1 Comdty|DM1 Index|EC1 Curncy|EO1 Index|ES1 Index|FV1 Comdty|G 1 Comdty|GX1 Index|HO1 Comdty|IK1 Comdty|JY1 Curncy|LC1 Comdty|MES1 Index|NO1 Index|NQ1 Index|NV1 Curncy|PA1 Comdty|PE1 Curncy|QC1 Comdty|QS1 Comdty|RS1 Comdty|RX1 Comdty|S 1 Comdty|SB1 Comdty|SF1 Curncy|SFI5 Comdty|SFR5 Comdty|SI1 Comdty|SM1 Index|TP1 Index|TU1 Comdty|UXY1 Comdty|WN1 Comdty,sub1M_40,strict66
0.2131,0.0617,-0.4945,26,AD1 Curncy|BP1 Curncy|C 1 Comdty|CD1 Curncy|CF1 Index|CO1 Comdty|CT1 Comdty|DF1 Comdty|DM1 Index|DU1 Comdty|EC1 Curncy|EO1 Index|ES1 Index|FC1 Comdty|FV1 Comdty|GX1 Index|HG1 Comdty|JY1 Curncy|KW1 Comdty|LC1 Comdty|MES1 Index|NV1 Curncy|OAT1 Comdty|OE1 Comdty|PL1 Comdty|QC1 Comdty|RS1 Comdty|SB1 Comdty|SF1 Curncy|SFI5 Comdty|SFR5 Comdty|SM1 Comdty|SM1 Index|TP1 Index|TY1 Comdty|US1 Comdty|VG1 Index|WN1 Comdty|XB1 Comdty|Z 1 Index,sub1M_40,strict66
0.2161,0.1756,-0.6462,27,AD1 Curncy|BO1 Comdty|BP1 Curncy|CD1 Curncy|CF1 Index|CT1 Comdty|DF1 Comdty|DM1 Index|DU1 Comdty|EC1 Curncy|EO1 Index|ES1 Index|FV1 Comdty|HO1 Comdty|IK1 Comdty|JB1 Comdty|KW1 Comdty|LH1 Comdty|MES1 Index|NQ1 Index|NV1 Curncy|OE1 Comdty|PA1 Comdty|PE1 Curncy|PL1 Comdty|QC1 Comdty|QS1 Comdty|RS1 Comdty|RTY1 Index|S 1 Comdty|SF1 Curncy|SFI5 Comdty|SM1 Comdty|SM1 Index|TP1 Index|TY1 Comdty|US1 Comdty|W 1 Comdty|WN1 Comdty|Z 1 Index,sub1M_40,strict66
0.4583,0.3072,-0.3899,28,AD1 Curncy|BO1 Comdty|BP1 Curncy|C 1 Comdty|CC1 Comdty|CD1 Curncy|CF1 Index|CL1 Comdty|CT1 Comdty|DM1 Index|EC1 Curncy|EO1 Index|ER4 Comdty|ES1 Index|G 1 Comdty|GX1 Index|IK1 Comdty|JY1 Curncy|KC1 Comdty|KW1 Comdty|LC1 Comdty|LH1 Comdty|NO1 Index|NQ1 Index|NV1 Curncy|OAT1 Comdty|PA1 Comdty|PE1 Curncy|QC1 Comdty|QS1 Comdty|QW1 Comdty|RTY1 Index|SFI5 Comdty|SFR5 Comdty|SI1 Comdty|SM1 Index|TY1 Comdty|UB1 Comdty|VG1 Index|WN1 Comdty,sub1M_40,strict66
0.5132,0.3497,0.1219,29,AD1 Curncy|BO1 Comdty|BP1 Curncy|C 1 Comdty|CD1 Curncy|CF1 Index|CT1 Comdty|DM1 Index|DU1 Comdty|EC1 Curncy|ES1 Index|FC1 Comdty|FV1 Comdty|G 1 Comdty|GC1 Comdty|GX1 Index|HO1 Comdty|IK1 Comdty|JY1 Curncy|KW1 Comdty|LC1 Comdty|LH1 Comdty|NG1 Comdty|NO1 Index|OAT1 Comdty|PA1 Comdty|PE1 Curncy|QC1 Comdty|RS1 Comdty|RTY1 Index|RX1 Comdty|SF1 Curncy|SFI5 Comdty|SFR5 Comdty|SM1 Index|TP1 Index|US1 Comdty|VG1 Index|W 1 Comdty|Z 1 Index,sub1M_40,strict66
0.2368,0.0941,-0.7467,30,AD1 Curncy|BO1 Comdty|BP1 Curncy|C 1 Comdty|CD1 Curncy|CF1 Index|CL1 Comdty|EC1 Curncy|EO1 Index|ES1 Index|FC1 Comdty|G 1 Comdty|GX1 Index|IK1 Comdty|JB1 Comdty|JY1 Curncy|KW1 Comdty|LC1 Comdty|LH1 Comdty|NO1 Index|NQ1 Index|NV1 Curncy|OAT1 Comdty|PA1 Comdty|PE1 Curncy|PL1 Comdty|RS1 Comdty|RTY1 Index|RX1 Comdty|S 1 Comdty|SB1 Comdty|SM1 Comdty|SM1 Index|TU1 Comdty|TY1 Comdty|US1 Comdty|UXY1 Comdty|VG1 Index|XB1 Comdty|Z 1 Index,sub1M_40,strict66
0.4156,0.2416,0.0630,31,AD1 Curncy|BO1 Comdty|CC1 Comdty|CD1 Curncy|CF1 Index|CT1 Comdty|DF1 Comdty|DM1 Index|DU1 Comdty|EC1 Curncy|EO1 Index|ER4 Comdty|ES1 Index|FC1 Comdty|GC1 Comdty|HG1 Comdty|HO1 Comdty|IK1 Comdty|JY1 Curncy|KC1 Comdty|LC1 Comdty|MES1 Index|NG1 Comdty|NQ1 Index|NV1 Curncy|OAT1 Comdty|PE1 Curncy|RS1 Comdty|RTY1 Index|RX1 Comdty|S 1 Comdty|SF1 Curncy|SM1 Comdty|SM1 Index|TP1 Index|TU1 Comdty|TY1 Comdty|UB1 Comdty|WN1 Comdty|Z 1 Index,sub1M_40,strict66
0.3608,0.2273,0.1196,32,AD1 Curncy|BO1 Comdty|BP1 Curncy|CD1 Curncy|CF1 Index|CL1 Comdty|CT1 Comdty|DF1 Comdty|DM1 Index|DU1 Comdty|EC1 Curncy|ES1 Index|FC1 Comdty|FV1 Comdty|G 1 Comdty|GC1 Comdty|HO1 Comdty|JY1 Curncy|KC1 Comdty|LC1 Comdty|LH1 Comdty|MES1 Index|NO1 Index|NQ1 Index|OAT1 Comdty|OE1 Comdty|PE1 Curncy|PL1 Comdty|QC1 Comdty|QW1 Comdty|RTY1 Index|SF1 Curncy|SFI5 Comdty|SM1 Index|TY1 Comdty|UXY1 Comdty|VG1 Index|W 1 Comdty|WN1 Comdty|Z 1 Index,sub1M_40,strict66
0.1786,0.0339,-0.3110,33,AD1 Curncy|BP1 Curncy|CC1 Comdty|CD1 Curncy|CF1 Index|CL1 Comdty|DF1 Comdty|DU1 Comdty|EC1 Curncy|EO1 Index|ER4 Comdty|ES1 Index|FC1 Comdty|GX1 Index|HG1 Comdty|IK1 Comdty|JB1 Comdty|KC1 Comdty|KW1 Comdty|LC1 Comdty|MES1 Index|NO1 Index|NQ1 Index|NV1 Curncy|OE1 Comdty|PE1 Curncy|PL1 Comdty|QC1 Comdty|QS1 Comdty|RTY1 Index|S 1 Comdty|SB1 Comdty|SF1 Curncy|SFR5 Comdty|SM1 Index|TY1 Comdty|UB1 Comdty|US1 Comdty|VG1 Index|W 1 Comdty,sub1M_40,strict66
0.2906,-0.0297,-0.4974,34,AD1 Curncy|BO1 Comdty|BP1 Curncy|C 1 Comdty|CC1 Comdty|CD1 Curncy|CF1 Index|CO1 Comdty|DF1 Comdty|DM1 Index|EC1 Curncy|EO1 Index|FC1 Comdty|G 1 Comdty|IK1 Comdty|KC1 Comdty|LC1 Comdty|LH1 Comdty|MES1 Index|NG1 Comdty|NO1 Index|NQ1 Index|NV1 Curncy|OAT1 Comdty|OE1 Comdty|PE1 Curncy|PL1 Comdty|RTY1 Index|RX1 Comdty|SB1 Comdty|SF1 Curncy|SFI5 Comdty|SI1 Comdty|SM1 Index|TP1 Index|TY1 Comdty|US1 Comdty|W 1 Comdty|WN1 Comdty|Z 1 Index,sub1M_40,strict66
0.2570,0.1204,-0.6154,35,AD1 Curncy|BO1 Comdty|CC1 Comdty|CD1 Curncy|CF1 Index|CO1 Comdty|DF1 Comdty|EC1 Curncy|EO1 Index|ER4 Comdty|ES1 Index|GX1 Index|JB1 Comdty|JY1 Curncy|KC1 Comdty|KW1 Comdty|MES1 Index|NQ1 Index|NV1 Curncy|OE1 Comdty|PA1 Comdty|PE1 Curncy|PL1 Comdty|QS1 Comdty|QW1 Comdty|RS1 Comdty|RX1 Comdty|SB1 Comdty|SF1 Curncy|SM1 Comdty|SM1 Index|TP1 Index|TU1 Comdty|UB1 Comdty|US1 Comdty|UXY1 Comdty|VG1 Index|W 1 Comdty|WN1 Comdty|Z 1 Index,sub1M_40,strict66
0.1903,0.0067,-0.4832,36,BP1 Curncy|CD1 Curncy|CF1 Index|CT1 Comdty|DF1 Comdty|DM1 Index|DU1 Comdty|EC1 Curncy|ES1 Index|G 1 Comdty|GX1 Index|HG1 Comdty|HO1 Comdty|IK1 Comdty|JY1 Curncy|KC1 Comdty|KW1 Comdty|LC1 Comdty|NO1 Index|NQ1 Index|NV1 Curncy|OAT1 Comdty|OE1 Comdty|PE1 Curncy|PL1 Comdty|QC1 Comdty|RS1 Comdty|RTY1 Index|RX1 Comdty|S 1 Comdty|SB1 Comdty|SF1 Curncy|SM1 Comdty|TP1 Index|TY1 Comdty|UB1 Comdty|UXY1 Comdty|VG1 Index|XB1 Comdty|Z 1 Index,sub1M_40,strict66
0.2201,0.0752,-0.7427,37,AD1 Curncy|BO1 Comdty|BP1 Curncy|CD1 Curncy|CO1 Comdty|DF1 Comdty|DM1 Index|DU1 Comdty|ES1 Index|GX1 Index|HG1 Comdty|JY1 Curncy|KC1 Comdty|LC1 Comdty|LH1 Comdty|MES1 Index|NO1 Index|NQ1 Index|NV1 Curncy|OAT1 Comdty|PE1 Curncy|PL1 Comdty|QW1 Comdty|RS1 Comdty|RTY1 Index|RX1 Comdty|S 1 Comdty|SB1 Comdty|SF1 Curncy|SFI5 Comdty|SM1 Comdty|SM1 Index|TU1 Comdty|TY1 Comdty|UB1 Comdty|US1 Comdty|VG1 Index|WN1 Comdty|XB1 Comdty|Z 1 Index,sub1M_40,strict66
0.3988,0.2808,-0.0771,38,AD1 Curncy|BP1 Curncy|C 1 Comdty|CC1 Comdty|CD1 Curncy|CF1 Index|CL1 Comdty|CT1 Comdty|DF1 Comdty|DM1 Index|EO1 Index|ER4 Comdty|ES1 Index|G 1 Comdty|GC1 Comdty|IK1 Comdty|JY1 Curncy|KW1 Comdty|MES1 Index|NO1 Index|NQ1 Index|NV1 Curncy|OAT1 Comdty|OE1 Comdty|PA1 Comdty|PE1 Curncy|QW1 Comdty|RS1 Comdty|RX1 Comdty|S 1 Comdty|SB1 Comdty|SF1 Curncy|SM1 Index|TP1 Index|TU1 Comdty|TY1 Comdty|UB1 Comdty|VG1 Index|W 1 Comdty|XB1 Comdty,sub1M_40,strict66
0.3574,0.2405,-0.2222,39,AD1 Curncy|BP1 Curncy|C 1 Comdty|CC1 Comdty|CD1 Curncy|CL1 Comdty|CO1 Comdty|CT1 Comdty|DM1 Index|EC1 Curncy|EO1 Index|ES1 Index|FV1 Comdty|GX1 Index|HG1 Comdty|IK1 Comdty|JB1 Comdty|KC1 Comdty|LH1 Comdty|MES1 Index|NO1 Index|NV1 Curncy|OAT1 Comdty|PE1 Curncy|QC1 Comdty|QW1 Comdty|RS1 Comdty|RTY1 Index|S 1 Comdty|SF1 Curncy|SFI5 Comdty|SFR5 Comdty|SI1 Comdty|SM1 Comdty|SM1 Index|TP1 Index|TY1 Comdty|UXY1 Comdty|VG1 Index|WN1 Comdty,sub1M_40,strict66
0.5216,0.2413,0.3289,40,AD1 Curncy|BP1 Curncy|C 1 Comdty|CC1 Comdty|CD1 Curncy|CF1 Index|DF1 Comdty|DM1 Index|DU1 Comdty|EC1 Curncy|ES1 Index|FC1 Comdty|FV1 Comdty|G 1 Comdty|GC1 Comdty|GX1 Index|IK1 Comdty|JY1 Curncy|KC1 Comdty|NG1 Comdty|NO1 Index|NQ1 Index|NV1 Curncy|OAT1 Comdty|PE1 Curncy|QC1 Comdty|QS1 Comdty|QW1 Comdty|RS1 Comdty|RX1 Comdty|S 1 Comdty|SI1 Comdty|SM1 Index|TP1 Index|TU1 Comdty|UB1 Comdty|VG1 Index|W 1 Comdty|WN1 Comdty|Z 1 Index,sub1M_40,strict66
0.1714,0.0863,-0.6378,41,AD1 Curncy|BP1 Curncy|C 1 Comdty|CC1 Comdty|CD1 Curncy|CF1 Index|EC1 Curncy|EO1 Index|ES1 Index|G 1 Comdty|GX1 Index|HG1 Comdty|JB1 Comdty|KC1 Comdty|LC1 Comdty|LH1 Comdty|MES1 Index|NG1 Comdty|NO1 Index|NV1 Curncy|OAT1 Comdty|OE1 Comdty|PA1 Comdty|PE1 Curncy|QC1 Comdty|QW1 Comdty|RTY1 Index|S 1 Comdty|SF1 Curncy|SFI5 Comdty|SM1 Comdty|SM1 Index|TY1 Comdty|US1 Comdty|UXY1 Comdty|VG1 Index|W 1 Comdty|WN1 Comdty|XB1 Comdty|Z 1 Index,sub1M_40,strict66
0.2209,-0.0135,-0.3351,42,AD1 Curncy|BP1 Curncy|CD1 Curncy|CF1 Index|CT1 Comdty|DF1 Comdty|DM1 Index|EC1 Curncy|EO1 Index|FV1 Comdty|G 1 Comdty|GX1 Index|IK1 Comdty|JB1 Comdty|JY1 Curncy|KW1 Comdty|LC1 Comdty|LH1 Comdty|MES1 Index|NG1 Comdty|NO1 Index|NV1 Curncy|OE1 Comdty|PE1 Curncy|PL1 Comdty|QC1 Comdty|QW1 Comdty|RTY1 Index|RX1 Comdty|S 1 Comdty|SB1 Comdty|SI1 Comdty|SM1 Comdty|SM1 Index|TP1 Index|TU1 Comdty|TY1 Comdty|US1 Comdty|VG1 Index|XB1 Comdty,sub1M_40,strict66
0.3226,0.1441,-0.4051,43,AD1 Curncy|BO1 Comdty|BP1 Curncy|CC1 Comdty|CF1 Index|CO1 Comdty|DF1 Comdty|EC1 Curncy|ER4 Comdty|ES1 Index|FV1 Comdty|G 1 Comdty|GX1 Index|HG1 Comdty|IK1 Comdty|JY1 Curncy|KC1 Comdty|LC1 Comdty|LH1 Comdty|MES1 Index|NG1 Comdty|NO1 Index|NQ1 Index|NV1 Curncy|OE1 Comdty|PE1 Curncy|PL1 Comdty|QC1 Comdty|QW1 Comdty|RS1 Comdty|RX1 Comdty|SB1 Comdty|SF1 Curncy|SFR5 Comdty|SM1 Index|TP1 Index|TU1 Comdty|VG1 Index|WN1 Comdty|Z 1 Index,sub1M_40,strict66
0.4105,0.2202,0.2498,44,AD1 Curncy|C 1 Comdty|CD1 Curncy|CT1 Comdty|DF1 Comdty|DM1 Index|DU1 Comdty|EC1 Curncy|EO1 Index|ER4 Comdty|ES1 Index|FC1 Comdty|FV1 Comdty|G 1 Comdty|GC1 Comdty|GX1 Index|HO1 Comdty|JY1 Curncy|LC1 Comdty|LH1 Comdty|MES1 Index|NO1 Index|NQ1 Index|NV1 Curncy|PE1 Curncy|QW1 Comdty|RS1 Comdty|RTY1 Index|RX1 Comdty|SF1 Curncy|SFI5 Comdty|SFR5 Comdty|SI1 Comdty|SM1 Comdty|TU1 Comdty|UB1 Comdty|VG1 Index|W 1 Comdty|XB1 Comdty|Z 1 Index,sub1M_40,strict66
0.3699,0.2658,0.0338,45,AD1 Curncy|BP1 Curncy|C 1 Comdty|CD1 Curncy|CF1 Index|CL1 Comdty|DF1 Comdty|DM1 Index|EO1 Index|ES1 Index|FC1 Comdty|FV1 Comdty|G 1 Comdty|GC1 Comdty|GX1 Index|HG1 Comdty|JB1 Comdty|JY1 Curncy|KC1 Comdty|LH1 Comdty|NO1 Index|NQ1 Index|NV1 Curncy|OAT1 Comdty|PE1 Curncy|QC1 Comdty|QW1 Comdty|RS1 Comdty|RTY1 Index|RX1 Comdty|S 1 Comdty|SF1 Curncy|SFI5 Comdty|SFR5 Comdty|SM1 Comdty|US1 Comdty|VG1 Index|WN1 Comdty|XB1 Comdty|Z 1 Index,sub1M_40,strict66
0.3846,0.2224,0.0256,46,AD1 Curncy|BP1 Curncy|C 1 Comdty|CC1 Comdty|CD1 Curncy|CF1 Index|CL1 Comdty|CO1 Comdty|CT1 Comdty|DF1 Comdty|DM1 Index|DU1 Comdty|EC1 Curncy|EO1 Index|ES1 Index|G 1 Comdty|GC1 Comdty|IK1 Comdty|JB1 Comdty|JY1 Curncy|KC1 Comdty|KW1 Comdty|MES1 Index|NO1 Index|NQ1 Index|NV1 Curncy|OE1 Comdty|PE1 Curncy|PL1 Comdty|QW1 Comdty|RX1 Comdty|S 1 Comdty|SB1 Comdty|SM1 Comdty|SM1 Index|TP1 Index|TY1 Comdty|UB1 Comdty|US1 Comdty|Z 1 Index,sub1M_40,strict66
0.2379,0.0769,-0.3841,47,BO1 Comdty|BP1 Curncy|CC1 Comdty|CD1 Curncy|CF1 Index|CL1 Comdty|CO1 Comdty|DM1 Index|EC1 Curncy|EO1 Index|FC1 Comdty|G 1 Comdty|GX1 Index|HG1 Comdty|IK1 Comdty|JY1 Curncy|KW1 Comdty|LC1 Comdty|LH1 Comdty|NO1 Index|NV1 Curncy|OE1 Comdty|PE1 Curncy|PL1 Comdty|QC1 Comdty|QW1 Comdty|RTY1 Index|S 1 Comdty|SB1 Comdty|SF1 Curncy|SFR5 Comdty|SM1 Index|TP1 Index|TU1 Comdty|UB1 Comdty|US1 Comdty|UXY1 Comdty|VG1 Index|WN1 Comdty|Z 1 Index,sub1M_40,strict66
0.4863,0.2855,0.2940,48,AD1 Curncy|BP1 Curncy|CC1 Comdty|CD1 Curncy|CL1 Comdty|DF1 Comdty|DM1 Index|EC1 Curncy|EO1 Index|ES1 Index|FC1 Comdty|G 1 Comdty|GC1 Comdty|GX1 Index|HO1 Comdty|IK1 Comdty|JB1 Comdty|JY1 Curncy|KW1 Comdty|LC1 Comdty|LH1 Comdty|NQ1 Index|NV1 Curncy|OE1 Comdty|PE1 Curncy|QC1 Comdty|QW1 Comdty|RTY1 Index|RX1 Comdty|SB1 Comdty|SFI5 Comdty|SFR5 Comdty|SI1 Comdty|SM1 Comdty|SM1 Index|TP1 Index|UXY1 Comdty|VG1 Index|WN1 Comdty|Z 1 Index,sub1M_40,strict66
0.2657,0.1195,-0.2272,49,AD1 Curncy|BP1 Curncy|C 1 Comdty|CC1 Comdty|CD1 Curncy|CF1 Index|CO1 Comdty|CT1 Comdty|DU1 Comdty|EO1 Index|ER4 Comdty|ES1 Index|FV1 Comdty|GX1 Index|HG1 Comdty|JY1 Curncy|LC1 Comdty|MES1 Index|NO1 Index|NV1 Curncy|PE1 Curncy|QC1 Comdty|QW1 Comdty|RS1 Comdty|RTY1 Index|RX1 Comdty|S 1 Comdty|SF1 Curncy|SFI5 Comdty|SI1 Comdty|SM1 Comdty|TP1 Index|TU1 Comdty|TY1 Comdty|UB1 Comdty|US1 Comdty|VG1 Index|W 1 Comdty|XB1 Comdty|Z 1 Index,sub1M_40,strict66
0.3829,0.2232,-0.1238,50,AD1 Curncy|BO1 Comdty|BP1 Curncy|C 1 Comdty|CC1 Comdty|CD1 Curncy|CF1 Index|CL1 Comdty|DU1 Comdty|EC1 Curncy|EO1 Index|ER4 Comdty|ES1 Index|FC1 Comdty|GX1 Index|JB1 Comdty|JY1 Curncy|KC1 Comdty|KW1 Comdty|LH1 Comdty|MES1 Index|NG1 Comdty|NO1 Index|NQ1 Index|NV1 Curncy|PA1 Comdty|PE1 Curncy|QC1 Comdty|QW1 Comdty|SFR5 Comdty|SI1 Comdty|SM1 Index|TP1 Index|TU1 Comdty|TY1 Comdty|UB1 Comdty|UXY1 Comdty|W 1 Comdty|WN1 Comdty|Z 1 Index,sub1M_40,strict66
0.2922,0.1217,0.0671,51,AD1 Curncy|BP1 Curncy|CD1 Curncy|CF1 Index|CT1 Comdty|DF1 Comdty|DM1 Index|DU1 Comdty|EO1 Index|ER4 Comdty|ES1 Index|G 1 Comdty|GC1 Comdty|GX1 Index|HO1 Comdty|JY1 Curncy|LC1 Comdty|LH1 Comdty|MES1 Index|NV1 Curncy|OE1 Comdty|PE1 Curncy|QW1 Comdty|RS1 Comdty|RX1 Comdty|S 1 Comdty|SB1 Comdty|SF1 Curncy|SI1 Comdty|SM1 Comdty|SM1 Index|TP1 Index|TY1 Comdty|US1 Comdty|UXY1 Comdty|VG1 Index|W 1 Comdty|WN1 Comdty|XB1 Comdty|Z 1 Index,sub1M_40,strict66
0.5291,0.3272,0.3365,52,AD1 Curncy|BO1 Comdty|BP1 Curncy|C 1 Comdty|CD1 Curncy|CF1 Index|CT1 Comdty|DF1 Comdty|DM1 Index|EC1 Curncy|EO1 Index|ES1 Index|FC1 Comdty|FV1 Comdty|GC1 Comdty|HO1 Comdty|IK1 Comdty|JB1 Comdty|JY1 Curncy|KW1 Comdty|LH1 Comdty|MES1 Index|NO1 Index|NQ1 Index|OAT1 Comdty|OE1 Comdty|PE1 Curncy|QC1 Comdty|QS1 Comdty|QW1 Comdty|SF1 Curncy|SFI5 Comdty|SI1 Comdty|SM1 Comdty|SM1 Index|TP1 Index|US1 Comdty|UXY1 Comdty|VG1 Index|WN1 Comdty,sub1M_40,strict66
0.2331,0.0967,-0.3664,53,AD1 Curncy|BO1 Comdty|C 1 Comdty|CC1 Comdty|CD1 Curncy|CF1 Index|CL1 Comdty|CT1 Comdty|DF1 Comdty|DM1 Index|EC1 Curncy|EO1 Index|FC1 Comdty|G 1 Comdty|GX1 Index|JB1 Comdty|JY1 Curncy|KC1 Comdty|LH1 Comdty|MES1 Index|NO1 Index|NQ1 Index|NV1 Curncy|OAT1 Comdty|PA1 Comdty|PE1 Curncy|PL1 Comdty|RX1 Comdty|S 1 Comdty|SF1 Curncy|SM1 Index|TP1 Index|TY1 Comdty|UB1 Comdty|US1 Comdty|UXY1 Comdty|VG1 Index|W 1 Comdty|WN1 Comdty|XB1 Comdty,sub1M_40,strict66
0.4769,0.2595,0.0276,54,BO1 Comdty|BP1 Curncy|CD1 Curncy|CT1 Comdty|DU1 Comdty|EC1 Curncy|EO1 Index|ES1 Index|FC1 Comdty|FV1 Comdty|G 1 Comdty|GC1 Comdty|HG1 Comdty|IK1 Comdty|JB1 Comdty|JY1 Curncy|KW1 Comdty|LH1 Comdty|MES1 Index|NG1 Comdty|NO1 Index|NQ1 Index|NV1 Curncy|PE1 Curncy|QC1 Comdty|QS1 Comdty|RTY1 Index|RX1 Comdty|S 1 Comdty|SB1 Comdty|SF1 Curncy|SFI5 Comdty|SFR5 Comdty|SM1 Comdty|SM1 Index|TP1 Index|US1 Comdty|VG1 Index|W 1 Comdty|Z 1 Index,sub1M_40,strict66
0.3184,0.2506,-0.1759,55,AD1 Curncy|BP1 Curncy|CD1 Curncy|CF1 Index|CT1 Comdty|DU1 Comdty|EC1 Curncy|EO1 Index|ES1 Index|FC1 Comdty|FV1 Comdty|G 1 Comdty|GC1 Comdty|GX1 Index|HO1 Comdty|LC1 Comdty|MES1 Index|NQ1 Index|NV1 Curncy|OAT1 Comdty|PA1 Comdty|PE1 Curncy|QC1 Comdty|QW1 Comdty|RS1 Comdty|RTY1 Index|S 1 Comdty|SB1 Comdty|SF1 Curncy|SFI5 Comdty|SFR5 Comdty|SM1 Comdty|SM1 Index|TU1 Comdty|UB1 Comdty|VG1 Index|W 1 Comdty|WN1 Comdty|XB1 Comdty|Z 1 Index,sub1M_40,strict66
0.3959,0.1826,-0.1130,56,BO1 Comdty|BP1 Curncy|C 1 Comdty|CD1 Curncy|CF1 Index|CO1 Comdty|DM1 Index|EC1 Curncy|ES1 Index|FV1 Comdty|G 1 Comdty|GC1 Comdty|GX1 Index|IK1 Comdty|JB1 Comdty|JY1 Curncy|KC1 Comdty|KW1 Comdty|LH1 Comdty|NG1 Comdty|NQ1 Index|NV1 Curncy|OAT1 Comdty|PE1 Curncy|PL1 Comdty|QC1 Comdty|QW1 Comdty|RTY1 Index|S 1 Comdty|SB1 Comdty|SF1 Curncy|SFI5 Comdty|SM1 Comdty|SM1 Index|TP1 Index|TU1 Comdty|UXY1 Comdty|VG1 Index|WN1 Comdty|Z 1 Index,sub1M_40,strict66
0.2750,0.1969,-0.6117,57,AD1 Curncy|BO1 Comdty|BP1 Curncy|C 1 Comdty|CC1 Comdty|CD1 Curncy|CF1 Index|CL1 Comdty|DF1 Comdty|DM1 Index|EO1 Index|ER4 Comdty|ES1 Index|FV1 Comdty|G 1 Comdty|GX1 Index|HG1 Comdty|JY1 Curncy|KC1 Comdty|LH1 Comdty|MES1 Index|NG1 Comdty|NO1 Index|NV1 Curncy|OAT1 Comdty|PA1 Comdty|PE1 Curncy|QC1 Comdty|QW1 Comdty|RS1 Comdty|RTY1 Index|RX1 Comdty|SF1 Curncy|SFI5 Comdty|SFR5 Comdty|TU1 Comdty|UB1 Comdty|VG1 Index|W 1 Comdty|Z 1 Index,sub1M_40,strict66
0.3301,0.1170,-0.5148,58,AD1 Curncy|BP1 Curncy|C 1 Comdty|CC1 Comdty|CD1 Curncy|CF1 Index|CO1 Comdty|CT1 Comdty|DU1 Comdty|ER4 Comdty|ES1 Index|FC1 Comdty|G 1 Comdty|GX1 Index|JB1 Comdty|JY1 Curncy|KW1 Comdty|LC1 Comdty|MES1 Index|NG1 Comdty|NO1 Index|NQ1 Index|NV1 Curncy|OAT1 Comdty|PA1 Comdty|PE1 Curncy|PL1 Comdty|QW1 Comdty|RTY1 Index|RX1 Comdty|S 1 Comdty|SF1 Curncy|SFI5 Comdty|SFR5 Comdty|SM1 Comdty|SM1 Index|TP1 Index|UB1 Comdty|VG1 Index|W 1 Comdty,sub1M_40,strict66
0.4447,0.2495,0.2377,59,AD1 Curncy|BO1 Comdty|BP1 Curncy|CC1 Comdty|CF1 Index|CT1 Comdty|DF1 Comdty|DM1 Index|DU1 Comdty|EC1 Curncy|EO1 Index|ER4 Comdty|FV1 Comdty|GC1 Comdty|GX1 Index|IK1 Comdty|JY1 Curncy|KW1 Comdty|MES1 Index|NO1 Index|NQ1 Index|NV1 Curncy|OE1 Comdty|PE1 Curncy|QC1 Comdty|QS1 Comdty|QW1 Comdty|RS1 Comdty|SB1 Comdty|SF1 Curncy|SFI5 Comdty|SFR5 Comdty|SI1 Comdty|SM1 Index|TP1 Index|TY1 Comdty|US1 Comdty|VG1 Index|W 1 Comdty|XB1 Comdty,sub1M_40,strict66
0.3135,0.1695,-0.3314,60,AD1 Curncy|C 1 Comdty|CD1 Curncy|CF1 Index|CT1 Comdty|EC1 Curncy|EO1 Index|ER4 Comdty|ES1 Index|FC1 Comdty|FV1 Comdty|G 1 Comdty|GX1 Index|HG1 Comdty|HO1 Comdty|IK1 Comdty|JY1 Curncy|LC1 Comdty|LH1 Comdty|NO1 Index|NQ1 Index|NV1 Curncy|OAT1 Comdty|PE1 Curncy|PL1 Comdty|QC1 Comdty|QS1 Comdty|RTY1 Index|S 1 Comdty|SB1 Comdty|SF1 Curncy|SFI5 Comdty|SFR5 Comdty|SM1 Comdty|TP1 Index|UXY1 Comdty|VG1 Index|W 1 Comdty|WN1 Comdty|Z 1 Index,sub1M_40,strict66
0.4042,0.1782,0.1800,61,BO1 Comdty|BP1 Curncy|C 1 Comdty|CC1 Comdty|CD1 Curncy|DF1 Comdty|DM1 Index|EC1 Curncy|ES1 Index|FC1 Comdty|G 1 Comdty|GC1 Comdty|IK1 Comdty|JB1 Comdty|JY1 Curncy|LC1 Comdty|MES1 Index|NO1 Index|NQ1 Index|NV1 Curncy|OE1 Comdty|PE1 Curncy|PL1 Comdty|QS1 Comdty|QW1 Comdty|RTY1 Index|RX1 Comdty|S 1 Comdty|SF1 Curncy|SFR5 Comdty|SM1 Comdty|SM1 Index|TP1 Index|UB1 Comdty|US1 Comdty|VG1 Index|W 1 Comdty|WN1 Comdty|XB1 Comdty|Z 1 Index,sub1M_40,strict66
0.3614,0.2861,-0.4162,62,BO1 Comdty|BP1 Curncy|C 1 Comdty|CD1 Curncy|CF1 Index|CL1 Comdty|CO1 Comdty|CT1 Comdty|EC1 Curncy|EO1 Index|ES1 Index|FC1 Comdty|FV1 Comdty|GX1 Index|HG1 Comdty|JB1 Comdty|JY1 Curncy|KW1 Comdty|LH1 Comdty|NO1 Index|NQ1 Index|NV1 Curncy|OE1 Comdty|PA1 Comdty|PE1 Curncy|QC1 Comdty|QW1 Comdty|RTY1 Index|S 1 Comdty|SB1 Comdty|SF1 Curncy|SFR5 Comdty|SM1 Index|TP1 Index|TU1 Comdty|TY1 Comdty|UB1 Comdty|US1 Comdty|VG1 Index|WN1 Comdty,sub1M_40,strict66
0.3889,0.0940,-0.1896,63,AD1 Curncy|BP1 Curncy|C 1 Comdty|CC1 Comdty|DM1 Index|EC1 Curncy|EO1 Index|ER4 Comdty|ES1 Index|FC1 Comdty|GX1 Index|IK1 Comdty|JB1 Comdty|JY1 Curncy|LC1 Comdty|LH1 Comdty|MES1 Index|NG1 Comdty|NO1 Index|NV1 Curncy|OAT1 Comdty|OE1 Comdty|PE1 Curncy|PL1 Comdty|QC1 Comdty|QS1 Comdty|QW1 Comdty|RS1 Comdty|RTY1 Index|RX1 Comdty|S 1 Comdty|SB1 Comdty|SF1 Curncy|SFR5 Comdty|SI1 Comdty|TP1 Index|TY1 Comdty|US1 Comdty|VG1 Index|Z 1 Index,sub1M_40,strict66
0.3973,0.3010,0.2591,64,AD1 Curncy|BO1 Comdty|BP1 Curncy|C 1 Comdty|CD1 Curncy|CF1 Index|CO1 Comdty|CT1 Comdty|DU1 Comdty|EO1 Index|ES1 Index|FC1 Comdty|FV1 Comdty|GC1 Comdty|GX1 Index|HO1 Comdty|JB1 Comdty|JY1 Curncy|LC1 Comdty|LH1 Comdty|NO1 Index|NQ1 Index|NV1 Curncy|OAT1 Comdty|PE1 Curncy|PL1 Comdty|QC1 Comdty|QW1 Comdty|RTY1 Index|S 1 Comdty|SF1 Curncy|SFI5 Comdty|SFR5 Comdty|TP1 Index|TU1 Comdty|UXY1 Comdty|VG1 Index|W 1 Comdty|WN1 Comdty|Z 1 Index,sub1M_40,strict66
0.3221,0.1638,-0.2870,65,AD1 Curncy|BO1 Comdty|BP1 Curncy|C 1 Comdty|CC1 Comdty|CD1 Curncy|CF1 Index|CL1 Comdty|DF1 Comdty|EC1 Curncy|EO1 Index|ER4 Comdty|ES1 Index|FV1 Comdty|IK1 Comdty|JB1 Comdty|JY1 Curncy|KW1 Comdty|LC1 Comdty|LH1 Comdty|MES1 Index|NO1 Index|NQ1 Index|NV1 Curncy|OAT1 Comdty|PE1 Curncy|PL1 Comdty|QC1 Comdty|QS1 Comdty|RTY1 Index|RX1 Comdty|S 1 Comdty|SFI5 Comdty|SI1 Comdty|SM1 Comdty|TP1 Index|TU1 Comdty|UXY1 Comdty|VG1 Index|Z 1 Index,sub1M_40,strict66
0.2605,0.1489,-0.6468,66,AD1 Curncy|BP1 Curncy|C 1 Comdty|CC1 Comdty|CD1 Curncy|CF1 Index|CO1 Comdty|CT1 Comdty|DF1 Comdty|DM1 Index|EC1 Curncy|EO1 Index|ES1 Index|GX1 Index|HG1 Comdty|IK1 Comdty|KC1 Comdty|KW1 Comdty|LC1 Comdty|MES1 Index|NQ1 Index|NV1 Curncy|OAT1 Comdty|OE1 Comdty|PA1 Comdty|PE1 Curncy|SB1 Comdty|SF1 Curncy|SFR5 Comdty|SM1 Comdty|SM1 Index|TU1 Comdty|UB1 Comdty|US1 Comdty|UXY1 Comdty|VG1 Index|W 1 Comdty|WN1 Comdty|XB1 Comdty|Z 1 Index,sub1M_40,strict66
0.4790,0.2254,0.1491,67,AD1 Curncy|BO1 Comdty|BP1 Curncy|CC1 Comdty|CD1 Curncy|CF1 Index|CL1 Comdty|DF1 Comdty|DM1 Index|DU1 Comdty|EC1 Curncy|ES1 Index|G 1 Comdty|GC1 Comdty|GX1 Index|IK1 Comdty|JY1 Curncy|LC1 Comdty|MES1 Index|NO1 Index|NQ1 Index|NV1 Curncy|OAT1 Comdty|OE1 Comdty|QC1 Comdty|QS1 Comdty|QW1 Comdty|RS1 Comdty|RTY1 Index|RX1 Comdty|S 1 Comdty|SB1 Comdty|SF1 Curncy|SI1 Comdty|SM1 Index|TP1 Index|TU1 Comdty|UB1 Comdty|UXY1 Comdty|W 1 Comdty,sub1M_40,strict66
0.3473,0.1591,-0.5701,68,AD1 Curncy|BO1 Comdty|BP1 Curncy|C 1 Comdty|CF1 Index|CO1 Comdty|CT1 Comdty|DF1 Comdty|DM1 Index|EC1 Curncy|EO1 Index|G 1 Comdty|GX1 Index|IK1 Comdty|JB1 Comdty|JY1 Curncy|KW1 Comdty|LC1 Comdty|LH1 Comdty|MES1 Index|NG1 Comdty|NQ1 Index|NV1 Curncy|OE1 Comdty|PA1 Comdty|PE1 Curncy|PL1 Comdty|QC1 Comdty|QW1 Comdty|RS1 Comdty|RTY1 Index|RX1 Comdty|SF1 Curncy|SFR5 Comdty|SM1 Index|TP1 Index|TY1 Comdty|UB1 Comdty|WN1 Comdty|Z 1 Index,sub1M_40,strict66
0.4448,0.2297,0.1375,69,AD1 Curncy|BP1 Curncy|CC1 Comdty|CD1 Curncy|CF1 Index|CL1 Comdty|CT1 Comdty|DF1 Comdty|DM1 Index|EC1 Curncy|EO1 Index|ER4 Comdty|ES1 Index|FC1 Comdty|FV1 Comdty|GC1 Comdty|GX1 Index|JB1 Comdty|LC1 Comdty|LH1 Comdty|MES1 Index|NG1 Comdty|NQ1 Index|NV1 Curncy|OAT1 Comdty|PE1 Curncy|RTY1 Index|RX1 Comdty|S 1 Comdty|SB1 Comdty|SF1 Curncy|SFI5 Comdty|SFR5 Comdty|SI1 Comdty|SM1 Comdty|SM1 Index|TP1 Index|TU1 Comdty|TY1 Comdty|W 1 Comdty,sub1M_40,strict66
0.4536,0.2830,-0.5064,70,AD1 Curncy|BO1 Comdty|C 1 Comdty|CD1 Curncy|CF1 Index|CO1 Comdty|DF1 Comdty|DM1 Index|EC1 Curncy|EO1 Index|ER4 Comdty|ES1 Index|IK1 Comdty|JY1 Curncy|LC1 Comdty|MES1 Index|NO1 Index|NV1 Curncy|OAT1 Comdty|PA1 Comdty|PE1 Curncy|QC1 Comdty|QS1 Comdty|RS1 Comdty|RTY1 Index|RX1 Comdty|S 1 Comdty|SB1 Comdty|SF1 Curncy|SFI5 Comdty|SFR5 Comdty|SI1 Comdty|SM1 Comdty|TP1 Index|TY1 Comdty|US1 Comdty|VG1 Index|W 1 Comdty|WN1 Comdty|Z 1 Index,sub1M_40,strict66
0.4398,0.1993,-0.5115,71,AD1 Curncy|BO1 Comdty|BP1 Curncy|CC1 Comdty|CD1 Curncy|CF1 Index|CL1 Comdty|CO1 Comdty|DM1 Index|EC1 Curncy|EO1 Index|ER4 Comdty|FC1 Comdty|GX1 Index|IK1 Comdty|JB1 Comdty|JY1 Curncy|KC1 Comdty|LH1 Comdty|NO1 Index|PA1 Comdty|PE1 Curncy|RS1 Comdty|RTY1 Index|RX1 Comdty|S 1 Comdty|SB1 Comdty|SF1 Curncy|SFI5 Comdty|SI1 Comdty|SM1 Comdty|SM1 Index|TP1 Index|TY1 Comdty|UB1 Comdty|UXY1 Comdty|VG1 Index|W 1 Comdty|WN1 Comdty|Z 1 Index,sub1M_40,strict66
0.2301,0.0730,-0.6552,72,AD1 Curncy|BO1 Comdty|BP1 Curncy|CC1 Comdty|CF1 Index|DM1 Index|DU1 Comdty|EC1 Curncy|EO1 Index|ES1 Index|HO1 Comdty|IK1 Comdty|JB1 Comdty|JY1 Curncy|KC1 Comdty|KW1 Comdty|MES1 Index|NG1 Comdty|NO1 Index|NQ1 Index|NV1 Curncy|OAT1 Comdty|OE1 Comdty|PA1 Comdty|PE1 Curncy|PL1 Comdty|QC1 Comdty|QW1 Comdty|RS1 Comdty|SB1 Comdty|SF1 Curncy|SFI5 Comdty|SM1 Comdty|SM1 Index|TU1 Comdty|UXY1 Comdty|VG1 Index|W 1 Comdty|WN1 Comdty|Z 1 Index,sub1M_40,strict66
0.3062,0.1772,-0.0245,73,AD1 Curncy|BO1 Comdty|CD1 Curncy|CF1 Index|CL1 Comdty|DF1 Comdty|DU1 Comdty|EC1 Curncy|EO1 Index|ES1 Index|FC1 Comdty|FV1 Comdty|G 1 Comdty|GC1 Comdty|IK1 Comdty|JY1 Curncy|KC1 Comdty|KW1 Comdty|LH1 Comdty|MES1 Index|NO1 Index|NV1 Curncy|PE1 Curncy|PL1 Comdty|QW1 Comdty|RS1 Comdty|RTY1 Index|SB1 Comdty|SF1 Curncy|SFI5 Comdty|SFR5 Comdty|SM1 Comdty|SM1 Index|TP1 Index|TY1 Comdty|US1 Comdty|UXY1 Comdty|VG1 Index|XB1 Comdty|Z 1 Index,sub1M_40,strict66
0.4164,0.1716,0.3279,74,AD1 Curncy|BP1 Curncy|C 1 Comdty|CC1 Comdty|CD1 Curncy|CF1 Index|CT1 Comdty|DF1 Comdty|DM1 Index|DU1 Comdty|EC1 Curncy|EO1 Index|ER4 Comdty|ES1 Index|FC1 Comdty|FV1 Comdty|G 1 Comdty|GC1 Comdty|GX1 Index|JB1 Comdty|JY1 Curncy|KC1 Comdty|LC1 Comdty|MES1 Index|NG1 Comdty|NO1 Index|NQ1 Index|NV1 Curncy|PE1 Curncy|QW1 Comdty|SB1 Comdty|SFR5 Comdty|SI1 Comdty|TY1 Comdty|UB1 Comdty|US1 Comdty|VG1 Index|W 1 Comdty|XB1 Comdty|Z 1 Index,sub1M_40,strict66
0.4545,0.3497,0.1008,75,BO1 Comdty|BP1 Curncy|CC1 Comdty|CD1 Curncy|CL1 Comdty|CT1 Comdty|DM1 Index|DU1 Comdty|EC1 Curncy|EO1 Index|FC1 Comdty|GC1 Comdty|GX1 Index|HO1 Comdty|IK1 Comdty|JB1 Comdty|JY1 Curncy|KC1 Comdty|KW1 Comdty|MES1 Index|NO1 Index|NQ1 Index|NV1 Curncy|OE1 Comdty|PA1 Comdty|PE1 Curncy|QC1 Comdty|QW1 Comdty|RTY1 Index|S 1 Comdty|SB1 Comdty|SF1 Curncy|SFI5 Comdty|SM1 Index|TP1 Index|TY1 Comdty|UB1 Comdty|US1 Comdty|UXY1 Comdty|Z 1 Index,sub1M_40,strict66
0.3125,0.2363,-0.4369,76,AD1 Curncy|BP1 Curncy|C 1 Comdty|CC1 Comdty|CD1 Curncy|CF1 Index|CL1 Comdty|CT1 Comdty|DF1 Comdty|DM1 Index|EC1 Curncy|EO1 Index|ER4 Comdty|G 1 Comdty|IK1 Comdty|JB1 Comdty|JY1 Curncy|KC1 Comdty|KW1 Comdty|MES1 Index|NO1 Index|NQ1 Index|PA1 Comdty|PE1 Curncy|PL1 Comdty|QC1 Comdty|QS1 Comdty|QW1 Comdty|RS1 Comdty|RTY1 Index|RX1 Comdty|S 1 Comdty|SF1 Curncy|SFI5 Comdty|SFR5 Comdty|SM1 Index|TU1 Comdty|VG1 Index|WN1 Comdty|Z 1 Index,sub1M_40,strict66
0.3341,0.1766,0.1190,77,AD1 Curncy|BO1 Comdty|BP1 Curncy|C 1 Comdty|CC1 Comdty|CL1 Comdty|CT1 Comdty|DM1 Index|EC1 Curncy|EO1 Index|ER4 Comdty|ES1 Index|G 1 Comdty|GC1 Comdty|GX1 Index|IK1 Comdty|JY1 Curncy|KW1 Comdty|LC1 Comdty|MES1 Index|NO1 Index|NV1 Curncy|OAT1 Comdty|OE1 Comdty|PE1 Curncy|PL1 Comdty|QC1 Comdty|S 1 Comdty|SF1 Curncy|SFI5 Comdty|SFR5 Comdty|SM1 Comdty|SM1 Index|TP1 Index|TY1 Comdty|US1 Comdty|VG1 Index|W 1 Comdty|XB1 Comdty|Z 1 Index,sub1M_40,strict66
0.4035,0.3064,0.1632,78,AD1 Curncy|CC1 Comdty|CD1 Curncy|CL1 Comdty|CT1 Comdty|DM1 Index|DU1 Comdty|EC1 Curncy|EO1 Index|ES1 Index|FC1 Comdty|FV1 Comdty|G 1 Comdty|GC1 Comdty|GX1 Index|IK1 Comdty|JY1 Curncy|KW1 Comdty|LC1 Comdty|MES1 Index|NO1 Index|NQ1 Index|NV1 Curncy|OE1 Comdty|PA1 Comdty|PE1 Curncy|QW1 Comdty|S 1 Comdty|SB1 Comdty|SF1 Curncy|SFR5 Comdty|SM1 Comdty|TP1 Index|TY1 Comdty|UXY1 Comdty|VG1 Index|W 1 Comdty|WN1 Comdty|XB1 Comdty|Z 1 Index,sub1M_40,strict66
0.4558,0.2723,0.0843,79,AD1 Curncy|BP1 Curncy|C 1 Comdty|CD1 Curncy|CO1 Comdty|CT1 Comdty|DF1 Comdty|DM1 Index|DU1 Comdty|EC1 Curncy|ES1 Index|FV1 Comdty|G 1 Comdty|GC1 Comdty|GX1 Index|IK1 Comdty|JB1 Comdty|JY1 Curncy|KC1 Comdty|KW1 Comdty|LC1 Comdty|MES1 Index|NO1 Index|NQ1 Index|OE1 Comdty|PE1 Curncy|PL1 Comdty|QS1 Comdty|QW1 Comdty|RS1 Comdty|RTY1 Index|S 1 Comdty|SF1 Curncy|SFI5 Comdty|SFR5 Comdty|TP1 Index|UB1 Comdty|VG1 Index|W 1 Comdty|Z 1 Index,sub1M_40,strict66
0.2781,0.1562,-0.4086,80,AD1 Curncy|BO1 Comdty|BP1 Curncy|C 1 Comdty|CD1 Curncy|CF1 Index|CL1 Comdty|CT1 Comdty|DF1 Comdty|DM1 Index|DU1 Comdty|EC1 Curncy|EO1 Index|ES1 Index|FC1 Comdty|FV1 Comdty|JB1 Comdty|JY1 Curncy|KW1 Comdty|LH1 Comdty|NO1 Index|NQ1 Index|OE1 Comdty|PA1 Comdty|PE1 Curncy|PL1 Comdty|QC1 Comdty|RS1 Comdty|RTY1 Index|SB1 Comdty|SF1 Curncy|SFI5 Comdty|SM1 Index|TP1 Index|TU1 Comdty|UB1 Comdty|US1 Comdty|VG1 Index|WN1 Comdty|XB1 Comdty,sub1M_40,strict66
0.2930,0.1059,-0.4633,81,AD1 Curncy|BP1 Curncy|C 1 Comdty|CD1 Curncy|CF1 Index|CL1 Comdty|CO1 Comdty|CT1 Comdty|DU1 Comdty|EC1 Curncy|ES1 Index|FC1 Comdty|GX1 Index|HG1 Comdty|JB1 Comdty|JY1 Curncy|KC1 Comdty|KW1 Comdty|LC1 Comdty|LH1 Comdty|MES1 Index|NO1 Index|NQ1 Index|OAT1 Comdty|OE1 Comdty|PE1 Curncy|PL1 Comdty|QW1 Comdty|RS1 Comdty|RTY1 Index|RX1 Comdty|S 1 Comdty|SF1 Curncy|SFI5 Comdty|SM1 Index|TP1 Index|TU1 Comdty|UXY1 Comdty|VG1 Index|WN1 Comdty,sub1M_40,strict66
0.2890,0.0855,-0.1886,82,AD1 Curncy|BO1 Comdty|CC1 Comdty|CD1 Curncy|CF1 Index|DF1 Comdty|DM1 Index|DU1 Comdty|EC1 Curncy|EO1 Index|ER4 Comdty|FC1 Comdty|GX1 Index|JB1 Comdty|JY1 Curncy|LC1 Comdty|LH1 Comdty|MES1 Index|NQ1 Index|NV1 Curncy|OAT1 Comdty|PE1 Curncy|PL1 Comdty|QC1 Comdty|QS1 Comdty|QW1 Comdty|RTY1 Index|S 1 Comdty|SF1 Curncy|SFI5 Comdty|SFR5 Comdty|SI1 Comdty|SM1 Comdty|TP1 Index|TY1 Comdty|UB1 Comdty|UXY1 Comdty|VG1 Index|XB1 Comdty|Z 1 Index,sub1M_40,strict66
0.4652,0.3307,0.0430,83,AD1 Curncy|BO1 Comdty|BP1 Curncy|C 1 Comdty|CC1 Comdty|CD1 Curncy|CF1 Index|CL1 Comdty|CT1 Comdty|DF1 Comdty|DM1 Index|EC1 Curncy|ER4 Comdty|ES1 Index|FC1 Comdty|GC1 Comdty|HO1 Comdty|IK1 Comdty|JB1 Comdty|JY1 Curncy|MES1 Index|NO1 Index|NQ1 Index|NV1 Curncy|OAT1 Comdty|OE1 Comdty|PE1 Curncy|PL1 Comdty|RS1 Comdty|RTY1 Index|S 1 Comdty|SB1 Comdty|SFI5 Comdty|SFR5 Comdty|SM1 Index|TP1 Index|TY1 Comdty|VG1 Index|W 1 Comdty|WN1 Comdty,sub1M_40,strict66
0.1972,0.0802,-0.6103,84,BO1 Comdty|BP1 Curncy|CC1 Comdty|CD1 Curncy|CF1 Index|CL1 Comdty|CT1 Comdty|DF1 Comdty|DM1 Index|DU1 Comdty|EC1 Curncy|EO1 Index|ER4 Comdty|ES1 Index|FC1 Comdty|FV1 Comdty|G 1 Comdty|GX1 Index|JY1 Curncy|KW1 Comdty|LC1 Comdty|MES1 Index|NQ1 Index|NV1 Curncy|OE1 Comdty|PA1 Comdty|PE1 Curncy|PL1 Comdty|QW1 Comdty|RS1 Comdty|RTY1 Index|RX1 Comdty|SF1 Curncy|SFI5 Comdty|TP1 Index|US1 Comdty|W 1 Comdty|WN1 Comdty|XB1 Comdty|Z 1 Index,sub1M_40,strict66
0.1845,-0.0733,-0.1961,85,AD1 Curncy|BO1 Comdty|BP1 Curncy|C 1 Comdty|CC1 Comdty|CF1 Index|CL1 Comdty|CT1 Comdty|DU1 Comdty|EC1 Curncy|EO1 Index|ES1 Index|G 1 Comdty|GX1 Index|JB1 Comdty|JY1 Curncy|KC1 Comdty|KW1 Comdty|LH1 Comdty|MES1 Index|NG1 Comdty|NO1 Index|NV1 Curncy|PE1 Curncy|PL1 Comdty|QC1 Comdty|QW1 Comdty|RTY1 Index|RX1 Comdty|SF1 Curncy|SFR5 Comdty|SI1 Comdty|SM1 Comdty|TP1 Index|TY1 Comdty|UB1 Comdty|US1 Comdty|UXY1 Comdty|VG1 Index|Z 1 Index,sub1M_40,strict66
0.1874,0.0756,-0.3823,86,AD1 Curncy|BO1 Comdty|BP1 Curncy|C 1 Comdty|CC1 Comdty|CD1 Curncy|CF1 Index|DF1 Comdty|DM1 Index|DU1 Comdty|EC1 Curncy|EO1 Index|ER4 Comdty|ES1 Index|FC1 Comdty|FV1 Comdty|G 1 Comdty|GX1 Index|HG1 Comdty|IK1 Comdty|JY1 Curncy|LC1 Comdty|PE1 Curncy|PL1 Comdty|QS1 Comdty|QW1 Comdty|RS1 Comdty|RTY1 Index|S 1 Comdty|SF1 Curncy|SM1 Comdty|SM1 Index|TP1 Index|TU1 Comdty|TY1 Comdty|UXY1 Comdty|VG1 Index|WN1 Comdty|XB1 Comdty|Z 1 Index,sub1M_40,strict66
0.3155,0.1614,-0.3064,87,BP1 Curncy|C 1 Comdty|CC1 Comdty|CD1 Curncy|CF1 Index|CL1 Comdty|DF1 Comdty|DM1 Index|DU1 Comdty|EC1 Curncy|EO1 Index|ES1 Index|FV1 Comdty|GX1 Index|HG1 Comdty|IK1 Comdty|JY1 Curncy|LH1 Comdty|NQ1 Index|NV1 Curncy|OE1 Comdty|PE1 Curncy|QC1 Comdty|QS1 Comdty|QW1 Comdty|RS1 Comdty|RTY1 Index|RX1 Comdty|S 1 Comdty|SF1 Curncy|SFI5 Comdty|SI1 Comdty|SM1 Comdty|SM1 Index|TP1 Index|TU1 Comdty|US1 Comdty|VG1 Index|W 1 Comdty|WN1 Comdty,sub1M_40,strict66
0.4335,0.2302,-0.4358,88,AD1 Curncy|BP1 Curncy|C 1 Comdty|CD1 Curncy|CF1 Index|CO1 Comdty|CT1 Comdty|DM1 Index|EC1 Curncy|ES1 Index|FC1 Comdty|FV1 Comdty|G 1 Comdty|GX1 Index|JB1 Comdty|JY1 Curncy|KW1 Comdty|LC1 Comdty|LH1 Comdty|MES1 Index|NO1 Index|NQ1 Index|NV1 Curncy|OE1 Comdty|PA1 Comdty|QW1 Comdty|RS1 Comdty|RTY1 Index|S 1 Comdty|SB1 Comdty|SF1 Curncy|SFI5 Comdty|SFR5 Comdty|SI1 Comdty|TP1 Index|UB1 Comdty|US1 Comdty|UXY1 Comdty|XB1 Comdty|Z 1 Index,sub1M_40,strict66
0.6005,0.4697,0.0764,89,AD1 Curncy|C 1 Comdty|CD1 Curncy|CL1 Comdty|CO1 Comdty|DM1 Index|EC1 Curncy|EO1 Index|ER4 Comdty|ES1 Index|FC1 Comdty|GC1 Comdty|GX1 Index|IK1 Comdty|JB1 Comdty|JY1 Curncy|LC1 Comdty|LH1 Comdty|MES1 Index|NO1 Index|NQ1 Index|NV1 Curncy|PA1 Comdty|PE1 Curncy|QC1 Comdty|QW1 Comdty|RS1 Comdty|RTY1 Index|RX1 Comdty|SB1 Comdty|SF1 Curncy|SFI5 Comdty|SFR5 Comdty|SM1 Comdty|SM1 Index|TU1 Comdty|TY1 Comdty|UB1 Comdty|W 1 Comdty|Z 1 Index,sub1M_40,strict66
0.3234,0.2312,-0.5077,90,AD1 Curncy|BO1 Comdty|BP1 Curncy|C 1 Comdty|CC1 Comdty|CD1 Curncy|CF1 Index|DF1 Comdty|DM1 Index|ER4 Comdty|ES1 Index|FV1 Comdty|HG1 Comdty|JY1 Curncy|LC1 Comdty|LH1 Comdty|MES1 Index|NG1 Comdty|NO1 Index|NQ1 Index|NV1 Curncy|OE1 Comdty|PA1 Comdty|PE1 Curncy|QC1 Comdty|RS1 Comdty|RTY1 Index|RX1 Comdty|SB1 Comdty|SF1 Curncy|SFI5 Comdty|SM1 Comdty|TP1 Index|TY1 Comdty|UB1 Comdty|UXY1 Comdty|VG1 Index|WN1 Comdty|XB1 Comdty|Z 1 Index,sub1M_40,strict66
0.3521,0.1460,-0.2471,91,BP1 Curncy|C 1 Comdty|CC1 Comdty|CD1 Curncy|CF1 Index|CO1 Comdty|CT1 Comdty|DM1 Index|DU1 Comdty|EC1 Curncy|EO1 Index|ES1 Index|GX1 Index|JY1 Curncy|KC1 Comdty|KW1 Comdty|LH1 Comdty|MES1 Index|NO1 Index|NQ1 Index|NV1 Curncy|OAT1 Comdty|OE1 Comdty|PE1 Curncy|PL1 Comdty|QS1 Comdty|RS1 Comdty|SB1 Comdty|SF1 Curncy|SFR5 Comdty|SI1 Comdty|SM1 Comdty|SM1 Index|TU1 Comdty|TY1 Comdty|US1 Comdty|UXY1 Comdty|W 1 Comdty|WN1 Comdty|Z 1 Index,sub1M_40,strict66
0.5447,0.2804,0.2468,92,BP1 Curncy|C 1 Comdty|CC1 Comdty|CD1 Curncy|CF1 Index|CL1 Comdty|CT1 Comdty|DM1 Index|EC1 Curncy|EO1 Index|ER4 Comdty|ES1 Index|FC1 Comdty|G 1 Comdty|GC1 Comdty|IK1 Comdty|JY1 Curncy|KC1 Comdty|LC1 Comdty|NO1 Index|NQ1 Index|NV1 Curncy|OE1 Comdty|PE1 Curncy|QS1 Comdty|RS1 Comdty|RTY1 Index|S 1 Comdty|SB1 Comdty|SF1 Curncy|SFI5 Comdty|SFR5 Comdty|SI1 Comdty|SM1 Index|TP1 Index|TU1 Comdty|UB1 Comdty|VG1 Index|W 1 Comdty|WN1 Comdty,sub1M_40,strict66
0.2177,0.1069,-0.6870,93,AD1 Curncy|BP1 Curncy|C 1 Comdty|CD1 Curncy|CF1 Index|CL1 Comdty|CT1 Comdty|EC1 Curncy|EO1 Index|ER4 Comdty|ES1 Index|FC1 Comdty|FV1 Comdty|GX1 Index|LC1 Comdty|MES1 Index|NO1 Index|NQ1 Index|NV1 Curncy|OAT1 Comdty|OE1 Comdty|PA1 Comdty|PE1 Curncy|PL1 Comdty|QC1 Comdty|QW1 Comdty|RS1 Comdty|RX1 Comdty|S 1 Comdty|SB1 Comdty|SF1 Curncy|SFI5 Comdty|SM1 Comdty|SM1 Index|TP1 Index|US1 Comdty|UXY1 Comdty|VG1 Index|WN1 Comdty|XB1 Comdty,sub1M_40,strict66
0.5372,0.4125,-0.0215,94,AD1 Curncy|BO1 Comdty|BP1 Curncy|C 1 Comdty|CD1 Curncy|CL1 Comdty|EC1 Curncy|EO1 Index|ES1 Index|FV1 Comdty|GC1 Comdty|GX1 Index|IK1 Comdty|JY1 Curncy|KC1 Comdty|LC1 Comdty|LH1 Comdty|MES1 Index|NG1 Comdty|NQ1 Index|NV1 Curncy|OAT1 Comdty|OE1 Comdty|PA1 Comdty|PE1 Curncy|QC1 Comdty|RS1 Comdty|RTY1 Index|SB1 Comdty|SFI5 Comdty|SFR5 Comdty|SM1 Comdty|SM1 Index|TP1 Index|TY1 Comdty|UXY1 Comdty|VG1 Index|W 1 Comdty|WN1 Comdty|Z 1 Index,sub1M_40,strict66
0.2339,0.1014,-0.4095,95,AD1 Curncy|BO1 Comdty|BP1 Curncy|C 1 Comdty|CC1 Comdty|CD1 Curncy|CF1 Index|CT1 Comdty|DM1 Index|DU1 Comdty|EC1 Curncy|EO1 Index|ER4 Comdty|ES1 Index|FV1 Comdty|G 1 Comdty|GX1 Index|HG1 Comdty|IK1 Comdty|JB1 Comdty|JY1 Curncy|KC1 Comdty|KW1 Comdty|LC1 Comdty|LH1 Comdty|MES1 Index|NO1 Index|NV1 Curncy|OAT1 Comdty|PE1 Curncy|PL1 Comdty|QS1 Comdty|QW1 Comdty|RTY1 Index|SB1 Comdty|TP1 Index|UXY1 Comdty|VG1 Index|WN1 Comdty|XB1 Comdty,sub1M_40,strict66
0.1397,0.0822,-0.4790,96,AD1 Curncy|BO1 Comdty|BP1 Curncy|C 1 Comdty|CC1 Comdty|CD1 Curncy|CF1 Index|CL1 Comdty|DF1 Comdty|DU1 Comdty|EC1 Curncy|EO1 Index|FV1 Comdty|G 1 Comdty|GX1 Index|HG1 Comdty|HO1 Comdty|IK1 Comdty|JY1 Curncy|KW1 Comdty|LH1 Comdty|MES1 Index|NO1 Index|NV1 Curncy|PE1 Curncy|PL1 Comdty|QC1 Comdty|RS1 Comdty|RTY1 Index|SFI5 Comdty|SM1 Comdty|SM1 Index|TP1 Index|UB1 Comdty|US1 Comdty|UXY1 Comdty|VG1 Index|W 1 Comdty|WN1 Comdty|Z 1 Index,sub1M_40,strict66
0.4677,0.2368,0.1124,97,AD1 Curncy|BO1 Comdty|BP1 Curncy|C 1 Comdty|CC1 Comdty|CD1 Curncy|CF1 Index|CO1 Comdty|CT1 Comdty|EC1 Curncy|ER4 Comdty|GC1 Comdty|GX1 Index|IK1 Comdty|JB1 Comdty|JY1 Curncy|KW1 Comdty|LC1 Comdty|MES1 Index|NO1 Index|NQ1 Index|OAT1 Comdty|PE1 Curncy|QW1 Comdty|RS1 Comdty|RTY1 Index|RX1 Comdty|S 1 Comdty|SB1 Comdty|SF1 Curncy|SFI5 Comdty|SI1 Comdty|SM1 Index|TP1 Index|TU1 Comdty|TY1 Comdty|UXY1 Comdty|VG1 Index|XB1 Comdty|Z 1 Index,sub1M_40,strict66
0.3782,0.2237,-0.2414,98,AD1 Curncy|BO1 Comdty|BP1 Curncy|C 1 Comdty|CC1 Comdty|CD1 Curncy|CF1 Index|CT1 Comdty|DF1 Comdty|DM1 Index|EC1 Curncy|EO1 Index|ES1 Index|FC1 Comdty|FV1 Comdty|HO1 Comdty|IK1 Comdty|JB1 Comdty|JY1 Curncy|KW1 Comdty|LC1 Comdty|NO1 Index|NV1 Curncy|OE1 Comdty|PA1 Comdty|QS1 Comdty|RS1 Comdty|RTY1 Index|RX1 Comdty|S 1 Comdty|SF1 Curncy|SFI5 Comdty|SI1 Comdty|SM1 Index|TP1 Index|TU1 Comdty|TY1 Comdty|UB1 Comdty|VG1 Index|Z 1 Index,sub1M_40,strict66
0.3891,0.2729,0.1491,99,AD1 Curncy|BP1 Curncy|C 1 Comdty|CD1 Curncy|CF1 Index|CT1 Comdty|DF1 Comdty|DM1 Index|EC1 Curncy|ES1 Index|FC1 Comdty|G 1 Comdty|GC1 Comdty|GX1 Index|HG1 Comdty|HO1 Comdty|IK1 Comdty|JB1 Comdty|JY1 Curncy|LC1 Comdty|MES1 Index|NQ1 Index|OE1 Comdty|PE1 Curncy|QC1 Comdty|QW1 Comdty|RS1 Comdty|RTY1 Index|SF1 Curncy|SFI5 Comdty|SFR5 Comdty|SM1 Comdty|SM1 Index|TP1 Index|TU1 Comdty|TY1 Comdty|W 1 Comdty|WN1 Comdty|XB1 Comdty|Z 1 Index,sub1M_40,strict66
0.3584,0.2714,-0.3594,100,AD1 Curncy|BO1 Comdty|BP1 Curncy|C 1 Comdty|CC1 Comdty|CD1 Curncy|CO1 Comdty|DF1 Comdty|DM1 Index|EC1 Curncy|ES1 Index|G 1 Comdty|HG1 Comdty|JB1 Comdty|JY1 Curncy|LC1 Comdty|MES1 Index|NO1 Index|NQ1 Index|PA1 Comdty|PE1 Curncy|QC1 Comdty|RTY1 Index|RX1 Comdty|S 1 Comdty|SB1 Comdty|SF1 Curncy|SFR5 Comdty|SM1 Comdty|SM1 Index|TP1 Index|TU1 Comdty|TY1 Comdty|UB1 Comdty|UXY1 Comdty|VG1 Index|W 1 Comdty|WN1 Comdty|XB1 Comdty|Z 1 Index,sub1M_40,strict66
0.2337,0.0875,-0.2085,101,AD1 Curncy|BP1 Curncy|CC1 Comdty|CF1 Index|CT1 Comdty|DM1 Index|DU1 Comdty|EC1 Curncy|ES1 Index|GX1 Index|HG1 Comdty|JB1 Comdty|JY1 Curncy|KC1 Comdty|KW1 Comdty|LC1 Comdty|MES1 Index|NO1 Index|NQ1 Index|NV1 Curncy|PE1 Curncy|PL1 Comdty|QC1 Comdty|QS1 Comdty|QW1 Comdty|RX1 Comdty|SB1 Comdty|SF1 Curncy|SFR5 Comdty|SM1 Comdty|SM1 Index|TP1 Index|TU1 Comdty|TY1 Comdty|UB1 Comdty|US1 Comdty|VG1 Index|W 1 Comdty|WN1 Comdty|XB1 Comdty,sub1M_40,strict66
0.4675,0.2292,0.0292,102,AD1 Curncy|BP1 Curncy|C 1 Comdty|CC1 Comdty|CD1 Curncy|CF1 Index|DM1 Index|EC1 Curncy|ER4 Comdty|ES1 Index|FC1 Comdty|GC1 Comdty|GX1 Index|HG1 Comdty|IK1 Comdty|JB1 Comdty|JY1 Curncy|KW1 Comdty|LC1 Comdty|NO1 Index|NQ1 Index|NV1 Curncy|OAT1 Comdty|OE1 Comdty|QC1 Comdty|QS1 Comdty|QW1 Comdty|RS1 Comdty|RTY1 Index|RX1 Comdty|S 1 Comdty|SF1 Curncy|SFI5 Comdty|SFR5 Comdty|SM1 Comdty|SM1 Index|UB1 Comdty|VG1 Index|XB1 Comdty|Z 1 Index,sub1M_40,strict66
0.4344,0.2091,-0.0905,103,AD1 Curncy|BO1 Comdty|BP1 Curncy|C 1 Comdty|CD1 Curncy|CF1 Index|CO1 Comdty|DF1 Comdty|DM1 Index|DU1 Comdty|EC1 Curncy|FC1 Comdty|G 1 Comdty|GC1 Comdty|GX1 Index|HG1 Comdty|IK1 Comdty|JB1 Comdty|JY1 Curncy|KC1 Comdty|LC1 Comdty|LH1 Comdty|MES1 Index|NQ1 Index|NV1 Curncy|OAT1 Comdty|QS1 Comdty|QW1 Comdty|RTY1 Index|RX1 Comdty|SF1 Curncy|SM1 Comdty|SM1 Index|TP1 Index|UB1 Comdty|US1 Comdty|VG1 Index|W 1 Comdty|WN1 Comdty|Z 1 Index,sub1M_40,strict66
0.5359,0.4645,0.2085,104,AD1 Curncy|BO1 Comdty|BP1 Curncy|C 1 Comdty|CC1 Comdty|CD1 Curncy|CF1 Index|DF1 Comdty|DM1 Index|ER4 Comdty|ES1 Index|FC1 Comdty|G 1 Comdty|GC1 Comdty|GX1 Index|HO1 Comdty|IK1 Comdty|JB1 Comdty|JY1 Curncy|KW1 Comdty|LC1 Comdty|LH1 Comdty|MES1 Index|NO1 Index|NV1 Curncy|OAT1 Comdty|PA1 Comdty|PE1 Curncy|QC1 Comdty|QS1 Comdty|RS1 Comdty|RTY1 Index|SF1 Curncy|SFI5 Comdty|SM1 Index|TP1 Index|US1 Comdty|UXY1 Comdty|VG1 Index|WN1 Comdty,sub1M_40,strict66
0.2202,0.0033,-0.5673,105,AD1 Curncy|BP1 Curncy|CC1 Comdty|CD1 Curncy|CF1 Index|CO1 Comdty|CT1 Comdty|DF1 Comdty|DM1 Index|EO1 Index|ER4 Comdty|ES1 Index|FC1 Comdty|G 1 Comdty|GX1 Index|HG1 Comdty|JB1 Comdty|JY1 Curncy|LC1 Comdty|LH1 Comdty|MES1 Index|NG1 Comdty|NQ1 Index|NV1 Curncy|OAT1 Comdty|OE1 Comdty|PE1 Curncy|PL1 Comdty|RX1 Comdty|S 1 Comdty|SB1 Comdty|SF1 Curncy|SM1 Comdty|SM1 Index|TU1 Comdty|US1 Comdty|VG1 Index|W 1 Comdty|WN1 Comdty|Z 1 Index,sub1M_40,strict66
0.5097,0.3244,0.2563,106,BP1 Curncy|CC1 Comdty|CD1 Curncy|CF1 Index|CL1 Comdty|DU1 Comdty|EC1 Curncy|EO1 Index|ER4 Comdty|ES1 Index|FC1 Comdty|FV1 Comdty|GC1 Comdty|HO1 Comdty|IK1 Comdty|JY1 Curncy|LH1 Comdty|MES1 Index|NO1 Index|NQ1 Index|NV1 Curncy|PE1 Curncy|QC1 Comdty|QW1 Comdty|RS1 Comdty|RTY1 Index|S 1 Comdty|SB1 Comdty|SF1 Curncy|SFI5 Comdty|SFR5 Comdty|SI1 Comdty|SM1 Comdty|SM1 Index|TP1 Index|UB1 Comdty|UXY1 Comdty|VG1 Index|W 1 Comdty|WN1 Comdty,sub1M_40,strict66
0.3151,0.0872,-0.0432,107,AD1 Curncy|BO1 Comdty|BP1 Curncy|CD1 Curncy|CF1 Index|CT1 Comdty|DM1 Index|DU1 Comdty|EC1 Curncy|EO1 Index|ES1 Index|GC1 Comdty|JB1 Comdty|KC1 Comdty|MES1 Index|NG1 Comdty|NQ1 Index|NV1 Curncy|OAT1 Comdty|PE1 Curncy|QC1 Comdty|QW1 Comdty|RS1 Comdty|S 1 Comdty|SB1 Comdty|SF1 Curncy|SFI5 Comdty|SFR5 Comdty|SI1 Comdty|SM1 Comdty|SM1 Index|TP1 Index|TU1 Comdty|TY1 Comdty|US1 Comdty|VG1 Index|W 1 Comdty|WN1 Comdty|XB1 Comdty|Z 1 Index,sub1M_40,strict66
0.3143,0.1289,-0.4346,108,AD1 Curncy|BO1 Comdty|BP1 Curncy|C 1 Comdty|CD1 Curncy|DF1 Comdty|DM1 Index|EC1 Curncy|EO1 Index|ER4 Comdty|ES1 Index|FC1 Comdty|FV1 Comdty|G 1 Comdty|GX1 Index|HO1 Comdty|JY1 Curncy|KC1 Comdty|KW1 Comdty|MES1 Index|NO1 Index|NQ1 Index|OAT1 Comdty|OE1 Comdty|PA1 Comdty|PE1 Curncy|QW1 Comdty|RX1 Comdty|S 1 Comdty|SB1 Comdty|SF1 Curncy|SI1 Comdty|SM1 Comdty|SM1 Index|TP1 Index|US1 Comdty|UXY1 Comdty|WN1 Comdty|XB1 Comdty|Z 1 Index,sub1M_40,strict66
0.4007,0.0818,0.2997,109,AD1 Curncy|BO1 Comdty|BP1 Curncy|CC1 Comdty|CD1 Curncy|CF1 Index|CT1 Comdty|DM1 Index|DU1 Comdty|EC1 Curncy|ES1 Index|FC1 Comdty|G 1 Comdty|GC1 Comdty|JB1 Comdty|KC1 Comdty|LC1 Comdty|LH1 Comdty|MES1 Index|NG1 Comdty|NO1 Index|NQ1 Index|NV1 Curncy|OE1 Comdty|PE1 Curncy|QC1 Comdty|QW1 Comdty|RX1 Comdty|SB1 Comdty|SF1 Curncy|SFR5 Comdty|SI1 Comdty|SM1 Index|TP1 Index|TU1 Comdty|UB1 Comdty|UXY1 Comdty|VG1 Index|XB1 Comdty|Z 1 Index,sub1M_40,strict66
0.3020,0.1320,0.2720,110,AD1 Curncy|BO1 Comdty|BP1 Curncy|CD1 Curncy|CF1 Index|DF1 Comdty|DU1 Comdty|EO1 Index|FC1 Comdty|FV1 Comdty|G 1 Comdty|GC1 Comdty|GX1 Index|HO1 Comdty|JB1 Comdty|JY1 Curncy|KW1 Comdty|LC1 Comdty|MES1 Index|NO1 Index|NQ1 Index|NV1 Curncy|PE1 Curncy|QC1 Comdty|RS1 Comdty|S 1 Comdty|SF1 Curncy|SFI5 Comdty|SI1 Comdty|SM1 Comdty|SM1 Index|TP1 Index|TY1 Comdty|UB1 Comdty|US1 Comdty|VG1 Index|W 1 Comdty|WN1 Comdty|XB1 Comdty|Z 1 Index,sub1M_40,strict66
0.3296,0.2362,-0.3757,111,AD1 Curncy|BO1 Comdty|BP1 Curncy|CC1 Comdty|CF1 Index|DF1 Comdty|DM1 Index|DU1 Comdty|EC1 Curncy|EO1 Index|ES1 Index|FC1 Comdty|FV1 Comdty|G 1 Comdty|GX1 Index|HG1 Comdty|HO1 Comdty|IK1 Comdty|JY1 Curncy|KC1 Comdty|KW1 Comdty|NO1 Index|NQ1 Index|NV1 Curncy|PA1 Comdty|PE1 Curncy|QC1 Comdty|QS1 Comdty|RTY1 Index|RX1 Comdty|S 1 Comdty|SF1 Curncy|SFR5 Comdty|SM1 Comdty|TY1 Comdty|UB1 Comdty|VG1 Index|W 1 Comdty|WN1 Comdty|Z 1 Index,sub1M_40,strict66
0.4644,0.3723,0.0986,112,AD1 Curncy|BO1 Comdty|BP1 Curncy|CC1 Comdty|CD1 Curncy|DF1 Comdty|EC1 Curncy|EO1 Index|ER4 Comdty|ES1 Index|FC1 Comdty|GC1 Comdty|GX1 Index|HO1 Comdty|JB1 Comdty|JY1 Curncy|KC1 Comdty|MES1 Index|NO1 Index|NQ1 Index|NV1 Curncy|OAT1 Comdty|OE1 Comdty|PA1 Comdty|PE1 Curncy|QC1 Comdty|QW1 Comdty|RS1 Comdty|RTY1 Index|RX1 Comdty|SB1 Comdty|SFI5 Comdty|TP1 Index|TU1 Comdty|TY1 Comdty|UB1 Comdty|VG1 Index|W 1 Comdty|XB1 Comdty|Z 1 Index,sub1M_40,strict66
0.2649,0.0789,-0.3117,113,BO1 Comdty|BP1 Curncy|C 1 Comdty|CD1 Curncy|CF1 Index|CT1 Comdty|DF1 Comdty|DU1 Comdty|EC1 Curncy|EO1 Index|ES1 Index|FV1 Comdty|G 1 Comdty|GX1 Index|HO1 Comdty|IK1 Comdty|JB1 Comdty|JY1 Curncy|KW1 Comdty|LC1 Comdty|MES1 Index|NO1 Index|NQ1 Index|NV1 Curncy|OAT1 Comdty|PE1 Curncy|PL1 Comdty|QS1 Comdty|QW1 Comdty|RS1 Comdty|RX1 Comdty|S 1 Comdty|SF1 Curncy|SFR5 Comdty|SI1 Comdty|SM1 Index|TP1 Index|TU1 Comdty|W 1 Comdty|Z 1 Index,sub1M_40,strict66
0.3551,0.0850,-0.4372,114,AD1 Curncy|BP1 Curncy|C 1 Comdty|CL1 Comdty|DM1 Index|DU1 Comdty|EC1 Curncy|EO1 Index|ES1 Index|FC1 Comdty|FV1 Comdty|GX1 Index|IK1 Comdty|JB1 Comdty|JY1 Curncy|KC1 Comdty|KW1 Comdty|LH1 Comdty|MES1 Index|NG1 Comdty|NO1 Index|NV1 Curncy|OAT1 Comdty|OE1 Comdty|PA1 Comdty|PE1 Curncy|QC1 Comdty|RTY1 Index|S 1 Comdty|SB1 Comdty|SF1 Curncy|SFI5 Comdty|SI1 Comdty|SM1 Comdty|SM1 Index|US1 Comdty|VG1 Index|W 1 Comdty|WN1 Comdty|Z 1 Index,sub1M_40,strict66
0.4752,0.2237,-0.0734,115,BO1 Comdty|BP1 Curncy|CC1 Comdty|CD1 Curncy|DF1 Comdty|EC1 Curncy|ES1 Index|FC1 Comdty|FV1 Comdty|GX1 Index|JB1 Comdty|JY1 Curncy|KW1 Comdty|LC1 Comdty|LH1 Comdty|MES1 Index|NG1 Comdty|NO1 Index|NQ1 Index|NV1 Curncy|OAT1 Comdty|OE1 Comdty|PA1 Comdty|PE1 Curncy|QC1 Comdty|QS1 Comdty|RS1 Comdty|RTY1 Index|RX1 Comdty|SF1 Curncy|SI1 Comdty|SM1 Index|TP1 Index|UB1 Comdty|US1 Comdty|UXY1 Comdty|VG1 Index|W 1 Comdty|WN1 Comdty|Z 1 Index,sub1M_40,strict66
0.3421,0.2345,0.2200,116,AD1 Curncy|BP1 Curncy|C 1 Comdty|CC1 Comdty|CD1 Curncy|CF1 Index|CT1 Comdty|DM1 Index|EC1 Curncy|EO1 Index|GC1 Comdty|GX1 Index|JB1 Comdty|JY1 Curncy|KC1 Comdty|LC1 Comdty|LH1 Comdty|MES1 Index|NV1 Curncy|OE1 Comdty|PE1 Curncy|PL1 Comdty|QS1 Comdty|QW1 Comdty|RTY1 Index|S 1 Comdty|SB1 Comdty|SFR5 Comdty|SM1 Index|TP1 Index|TU1 Comdty|TY1 Comdty|UB1 Comdty|US1 Comdty|UXY1 Comdty|VG1 Index|W 1 Comdty|WN1 Comdty|XB1 Comdty|Z 1 Index,sub1M_40,strict66
0.4277,0.3068,-0.0579,117,AD1 Curncy|BO1 Comdty|BP1 Curncy|CC1 Comdty|CD1 Curncy|CF1 Index|CT1 Comdty|DM1 Index|EC1 Curncy|EO1 Index|FV1 Comdty|G 1 Comdty|GC1 Comdty|GX1 Index|HG1 Comdty|JY1 Curncy|KW1 Comdty|LH1 Comdty|MES1 Index|NG1 Comdty|NO1 Index|NQ1 Index|NV1 Curncy|OAT1 Comdty|OE1 Comdty|PE1 Curncy|QC1 Comdty|QS1 Comdty|QW1 Comdty|RX1 Comdty|SB1 Comdty|SFI5 Comdty|SM1 Comdty|SM1 Index|TP1 Index|TU1 Comdty|TY1 Comdty|US1 Comdty|W 1 Comdty|Z 1 Index,sub1M_40,strict66
0.3609,0.2083,-0.3273,118,AD1 Curncy|BP1 Curncy|CC1 Comdty|CD1 Curncy|DF1 Comdty|DM1 Index|DU1 Comdty|EC1 Curncy|EO1 Index|ES1 Index|FC1 Comdty|FV1 Comdty|G 1 Comdty|GX1 Index|HO1 Comdty|IK1 Comdty|JY1 Curncy|KC1 Comdty|KW1 Comdty|LC1 Comdty|MES1 Index|NO1 Index|NQ1 Index|NV1 Curncy|PA1 Comdty|QS1 Comdty|QW1 Comdty|RTY1 Index|RX1 Comdty|SB1 Comdty|SF1 Curncy|SFI5 Comdty|SI1 Comdty|SM1 Comdty|SM1 Index|TU1 Comdty|TY1 Comdty|UXY1 Comdty|W 1 Comdty|Z 1 Index,sub1M_40,strict66
0.2354,0.0569,-0.4175,119,AD1 Curncy|BO1 Comdty|BP1 Curncy|CC1 Comdty|CD1 Curncy|CF1 Index|CL1 Comdty|CO1 Comdty|CT1 Comdty|DM1 Index|DU1 Comdty|EC1 Curncy|EO1 Index|ES1 Index|FC1 Comdty|FV1 Comdty|GX1 Index|HG1 Comdty|IK1 Comdty|JY1 Curncy|KC1 Comdty|LC1 Comdty|LH1 Comdty|NO1 Index|OE1 Comdty|PE1 Curncy|PL1 Comdty|RTY1 Index|RX1 Comdty|S 1 Comdty|SB1 Comdty|SF1 Curncy|SFR5 Comdty|SM1 Comdty|SM1 Index|TU1 Comdty|US1 Comdty|UXY1 Comdty|VG1 Index|Z 1 Index,sub1M_40,strict66
0.3534,0.0814,-0.4808,120,BP1 Curncy|C 1 Comdty|CC1 Comdty|CD1 Curncy|CF1 Index|CO1 Comdty|CT1 Comdty|DM1 Index|EC1 Curncy|ER4 Comdty|ES1 Index|FV1 Comdty|G 1 Comdty|GX1 Index|HG1 Comdty|JY1 Curncy|LH1 Comdty|MES1 Index|NG1 Comdty|NQ1 Index|NV1 Curncy|OAT1 Comdty|OE1 Comdty|PE1 Curncy|QC1 Comdty|QW1 Comdty|RS1 Comdty|RTY1 Index|RX1 Comdty|SB1 Comdty|SF1 Curncy|SI1 Comdty|SM1 Comdty|SM1 Index|TP1 Index|TY1 Comdty|UB1 Comdty|US1 Comdty|W 1 Comdty|Z 1 Index,sub1M_40,strict66
0.3798,0.1889,0.1234,121,AD1 Curncy|C 1 Comdty|CD1 Curncy|CF1 Index|CL1 Comdty|CT1 Comdty|DF1 Comdty|DM1 Index|EC1 Curncy|EO1 Index|ES1 Index|G 1 Comdty|GC1 Comdty|GX1 Index|IK1 Comdty|JY1 Curncy|KC1 Comdty|KW1 Comdty|LC1 Comdty|LH1 Comdty|MES1 Index|NG1 Comdty|NO1 Index|NV1 Curncy|OAT1 Comdty|OE1 Comdty|PE1 Curncy|PL1 Comdty|RS1 Comdty|S 1 Comdty|SB1 Comdty|SF1 Curncy|SFR5 Comdty|SM1 Index|TP1 Index|TU1 Comdty|TY1 Comdty|UB1 Comdty|US1 Comdty|Z 1 Index,sub1M_40,strict66
0.3307,0.2214,-0.4208,122,BP1 Curncy|CD1 Curncy|CF1 Index|CL1 Comdty|CO1 Comdty|CT1 Comdty|DF1 Comdty|DM1 Index|EC1 Curncy|ER4 Comdty|ES1 Index|FV1 Comdty|GX1 Index|HG1 Comdty|JB1 Comdty|JY1 Curncy|KW1 Comdty|LH1 Comdty|MES1 Index|NQ1 Index|NV1 Curncy|OAT1 Comdty|PE1 Curncy|QW1 Comdty|RS1 Comdty|S 1 Comdty|SB1 Comdty|SF1 Curncy|SFR5 Comdty|SI1 Comdty|SM1 Comdty|SM1 Index|TP1 Index|TU1 Comdty|TY1 Comdty|UXY1 Comdty|VG1 Index|W 1 Comdty|WN1 Comdty|Z 1 Index,sub1M_40,strict66
0.3942,0.2001,-0.1776,123,AD1 Curncy|BP1 Curncy|C 1 Comdty|CC1 Comdty|CD1 Curncy|CO1 Comdty|CT1 Comdty|EC1 Curncy|EO1 Index|ER4 Comdty|ES1 Index|FC1 Comdty|FV1 Comdty|GX1 Index|HG1 Comdty|IK1 Comdty|JY1 Curncy|KW1 Comdty|LC1 Comdty|LH1 Comdty|MES1 Index|NQ1 Index|OAT1 Comdty|PE1 Curncy|PL1 Comdty|QC1 Comdty|QS1 Comdty|RTY1 Index|RX1 Comdty|SB1 Comdty|SF1 Curncy|SM1 Index|TP1 Index|TY1 Comdty|UB1 Comdty|US1 Comdty|UXY1 Comdty|VG1 Index|W 1 Comdty|Z 1 Index,sub1M_40,strict66
0.5403,0.4286,0.0894,124,AD1 Curncy|BO1 Comdty|BP1 Curncy|CC1 Comdty|CD1 Curncy|CF1 Index|CT1 Comdty|DM1 Index|EC1 Curncy|EO1 Index|ES1 Index|FC1 Comdty|G 1 Comdty|GC1 Comdty|GX1 Index|JB1 Comdty|JY1 Curncy|LC1 Comdty|LH1 Comdty|MES1 Index|NG1 Comdty|NV1 Curncy|OAT1 Comdty|PA1 Comdty|PE1 Curncy|QC1 Comdty|QS1 Comdty|QW1 Comdty|RTY1 Index|S 1 Comdty|SB1 Comdty|SFI5 Comdty|SFR5 Comdty|SM1 Index|TY1 Comdty|UB1 Comdty|UXY1 Comdty|VG1 Index|WN1 Comdty|Z 1 Index,sub1M_40,strict66
0.4084,0.1363,0.2547,125,AD1 Curncy|BO1 Comdty|BP1 Curncy|C 1 Comdty|CC1 Comdty|CD1 Curncy|CF1 Index|CT1 Comdty|DM1 Index|DU1 Comdty|EC1 Curncy|EO1 Index|ER4 Comdty|ES1 Index|GC1 Comdty|IK1 Comdty|JY1 Curncy|KW1 Comdty|LC1 Comdty|MES1 Index|NQ1 Index|NV1 Curncy|OE1 Comdty|QC1 Comdty|QS1 Comdty|RX1 Comdty|SB1 Comdty|SF1 Curncy|SI1 Comdty|SM1 Comdty|SM1 Index|TP1 Index|TU1 Comdty|TY1 Comdty|UB1 Comdty|UXY1 Comdty|VG1 Index|W 1 Comdty|XB1 Comdty|Z 1 Index,sub1M_40,strict66
0.5093,0.3607,0.0992,126,AD1 Curncy|BO1 Comdty|BP1 Curncy|C 1 Comdty|CC1 Comdty|CD1 Curncy|CF1 Index|CO1 Comdty|CT1 Comdty|DU1 Comdty|EC1 Curncy|EO1 Index|ER4 Comdty|ES1 Index|FC1 Comdty|GC1 Comdty|IK1 Comdty|JY1 Curncy|LH1 Comdty|NO1 Index|NQ1 Index|NV1 Curncy|OAT1 Comdty|OE1 Comdty|PA1 Comdty|PE1 Curncy|QC1 Comdty|RTY1 Index|RX1 Comdty|S 1 Comdty|SM1 Comdty|SM1 Index|TP1 Index|TY1 Comdty|US1 Comdty|VG1 Index|W 1 Comdty|WN1 Comdty|XB1 Comdty|Z 1 Index,sub1M_40,strict66
0.2837,0.0184,-0.1157,127,AD1 Curncy|BO1 Comdty|BP1 Curncy|C 1 Comdty|CC1 Comdty|CD1 Curncy|CL1 Comdty|DM1 Index|DU1 Comdty|EC1 Curncy|EO1 Index|ES1 Index|FC1 Comdty|G 1 Comdty|GX1 Index|IK1 Comdty|JY1 Curncy|KC1 Comdty|LC1 Comdty|LH1 Comdty|MES1 Index|NG1 Comdty|NO1 Index|NQ1 Index|NV1 Curncy|PL1 Comdty|QC1 Comdty|RX1 Comdty|SB1 Comdty|SF1 Curncy|SFR5 Comdty|SI1 Comdty|SM1 Comdty|TP1 Index|TU1 Comdty|TY1 Comdty|US1 Comdty|VG1 Index|WN1 Comdty|Z 1 Index,sub1M_40,strict66
0.4989,0.2969,-0.2200,128,AD1 Curncy|BO1 Comdty|BP1 Curncy|CC1 Comdty|CT1 Comdty|DF1 Comdty|DM1 Index|EC1 Curncy|EO1 Index|ES1 Index|GX1 Index|IK1 Comdty|JY1 Curncy|KC1 Comdty|KW1 Comdty|LC1 Comdty|NG1 Comdty|NO1 Index|NQ1 Index|NV1 Curncy|OAT1 Comdty|PA1 Comdty|PE1 Curncy|QC1 Comdty|QS1 Comdty|QW1 Comdty|RS1 Comdty|RTY1 Index|RX1 Comdty|SF1 Curncy|SFI5 Comdty|SFR5 Comdty|SI1 Comdty|SM1 Index|TP1 Index|TU1 Comdty|TY1 Comdty|UXY1 Comdty|WN1 Comdty|Z 1 Index,sub1M_40,strict66
0.3154,0.2264,-0.4399,129,AD1 Curncy|BP1 Curncy|CC1 Comdty|CF1 Index|DF1 Comdty|DM1 Index|EC1 Curncy|EO1 Index|ER4 Comdty|G 1 Comdty|HG1 Comdty|IK1 Comdty|JB1 Comdty|JY1 Curncy|KC1 Comdty|KW1 Comdty|LC1 Comdty|LH1 Comdty|MES1 Index|NG1 Comdty|NO1 Index|NQ1 Index|NV1 Curncy|OE1 Comdty|PA1 Comdty|PE1 Curncy|QC1 Comdty|QW1 Comdty|RS1 Comdty|RTY1 Index|S 1 Comdty|SF1 Curncy|SFR5 Comdty|SM1 Index|TU1 Comdty|US1 Comdty|VG1 Index|WN1 Comdty|XB1 Comdty|Z 1 Index,sub1M_40,strict66
0.3588,0.2032,-0.3311,130,BO1 Comdty|BP1 Curncy|C 1 Comdty|CC1 Comdty|CD1 Curncy|CF1 Index|CT1 Comdty|DM1 Index|DU1 Comdty|EC1 Curncy|EO1 Index|ER4 Comdty|G 1 Comdty|GX1 Index|HO1 Comdty|JY1 Curncy|LC1 Comdty|MES1 Index|NO1 Index|NV1 Curncy|OAT1 Comdty|PA1 Comdty|PE1 Curncy|QC1 Comdty|QS1 Comdty|RS1 Comdty|RX1 Comdty|SB1 Comdty|SF1 Curncy|SFI5 Comdty|SFR5 Comdty|SI1 Comdty|SM1 Comdty|SM1 Index|TP1 Index|TU1 Comdty|UB1 Comdty|VG1 Index|W 1 Comdty|Z 1 Index,sub1M_40,strict66
0.4197,0.3254,0.2520,131,AD1 Curncy|BO1 Comdty|BP1 Curncy|C 1 Comdty|CD1 Curncy|CL1 Comdty|DF1 Comdty|EC1 Curncy|EO1 Index|ES1 Index|FC1 Comdty|G 1 Comdty|GC1 Comdty|GX1 Index|IK1 Comdty|JB1 Comdty|JY1 Curncy|LC1 Comdty|LH1 Comdty|MES1 Index|NO1 Index|NQ1 Index|PE1 Curncy|PL1 Comdty|QC1 Comdty|QS1 Comdty|QW1 Comdty|RTY1 Index|S 1 Comdty|SF1 Curncy|SFI5 Comdty|SFR5 Comdty|SM1 Index|TU1 Comdty|TY1 Comdty|US1 Comdty|VG1 Index|W 1 Comdty|WN1 Comdty|Z 1 Index,sub1M_40,strict66
0.3003,0.2176,-0.2513,132,AD1 Curncy|BO1 Comdty|BP1 Curncy|C 1 Comdty|CD1 Curncy|CF1 Index|CO1 Comdty|DM1 Index|DU1 Comdty|EC1 Curncy|EO1 Index|ER4 Comdty|ES1 Index|FV1 Comdty|G 1 Comdty|GC1 Comdty|HG1 Comdty|JB1 Comdty|KC1 Comdty|KW1 Comdty|MES1 Index|NQ1 Index|NV1 Curncy|PE1 Curncy|QS1 Comdty|QW1 Comdty|RS1 Comdty|S 1 Comdty|SB1 Comdty|SF1 Curncy|SM1 Comdty|SM1 Index|TP1 Index|TU1 Comdty|TY1 Comdty|US1 Comdty|UXY1 Comdty|VG1 Index|W 1 Comdty|Z 1 Index,sub1M_40,strict66
0.3507,0.1205,-0.5584,133,AD1 Curncy|BO1 Comdty|BP1 Curncy|CD1 Curncy|CF1 Index|DF1 Comdty|EC1 Curncy|ER4 Comdty|FV1 Comdty|GX1 Index|JY1 Curncy|KC1 Comdty|KW1 Comdty|LC1 Comdty|LH1 Comdty|MES1 Index|NG1 Comdty|NO1 Index|NQ1 Index|NV1 Curncy|OAT1 Comdty|OE1 Comdty|PA1 Comdty|RS1 Comdty|RTY1 Index|RX1 Comdty|S 1 Comdty|SB1 Comdty|SF1 Curncy|SFI5 Comdty|SFR5 Comdty|SI1 Comdty|SM1 Comdty|SM1 Index|TP1 Index|US1 Comdty|VG1 Index|WN1 Comdty|XB1 Comdty|Z 1 Index,sub1M_40,strict66
0.3946,0.2493,-0.4079,134,AD1 Curncy|BP1 Curncy|C 1 Comdty|CC1 Comdty|CD1 Curncy|CL1 Comdty|CO1 Comdty|CT1 Comdty|DM1 Index|DU1 Comdty|EC1 Curncy|ES1 Index|FC1 Comdty|FV1 Comdty|GX1 Index|JB1 Comdty|JY1 Curncy|KW1 Comdty|LC1 Comdty|MES1 Index|NO1 Index|NQ1 Index|NV1 Curncy|OE1 Comdty|PA1 Comdty|PE1 Curncy|QW1 Comdty|RTY1 Index|RX1 Comdty|S 1 Comdty|SB1 Comdty|SFI5 Comdty|SI1 Comdty|SM1 Comdty|TP1 Index|TU1 Comdty|US1 Comdty|VG1 Index|WN1 Comdty|Z 1 Index,sub1M_40,strict66
0.3931,0.2002,0.2959,135,AD1 Curncy|BP1 Curncy|C 1 Comdty|CC1 Comdty|CD1 Curncy|CF1 Index|DF1 Comdty|DM1 Index|DU1 Comdty|EC1 Curncy|EO1 Index|ES1 Index|G 1 Comdty|GC1 Comdty|GX1 Index|HO1 Comdty|IK1 Comdty|JB1 Comdty|JY1 Curncy|KC1 Comdty|LH1 Comdty|NO1 Index|NQ1 Index|OAT1 Comdty|PE1 Curncy|QW1 Comdty|RS1 Comdty|RTY1 Index|RX1 Comdty|S 1 Comdty|SF1 Curncy|SFR5 Comdty|SI1 Comdty|SM1 Comdty|TP1 Index|TU1 Comdty|US1 Comdty|VG1 Index|W 1 Comdty|XB1 Comdty,sub1M_40,strict66
0.2639,-0.0226,-0.2526,136,AD1 Curncy|BP1 Curncy|C 1 Comdty|CD1 Curncy|CF1 Index|CL1 Comdty|CO1 Comdty|CT1 Comdty|DM1 Index|DU1 Comdty|EC1 Curncy|ER4 Comdty|FC1 Comdty|G 1 Comdty|GX1 Index|JB1 Comdty|JY1 Curncy|KC1 Comdty|LC1 Comdty|MES1 Index|NO1 Index|OE1 Comdty|PE1 Curncy|PL1 Comdty|QC1 Comdty|QW1 Comdty|RTY1 Index|SB1 Comdty|SF1 Curncy|SFR5 Comdty|SI1 Comdty|SM1 Comdty|SM1 Index|TP1 Index|UB1 Comdty|US1 Comdty|VG1 Index|W 1 Comdty|WN1 Comdty|Z 1 Index,sub1M_40,strict66
0.3696,0.1665,0.0625,137,AD1 Curncy|BO1 Comdty|BP1 Curncy|C 1 Comdty|CC1 Comdty|CD1 Curncy|CF1 Index|DM1 Index|DU1 Comdty|EC1 Curncy|EO1 Index|ER4 Comdty|ES1 Index|FC1 Comdty|GC1 Comdty|GX1 Index|HO1 Comdty|JB1 Comdty|JY1 Curncy|KC1 Comdty|LC1 Comdty|MES1 Index|NG1 Comdty|NO1 Index|NQ1 Index|OE1 Comdty|PE1 Curncy|PL1 Comdty|QW1 Comdty|RS1 Comdty|RTY1 Index|S 1 Comdty|SF1 Curncy|SFI5 Comdty|SM1 Index|TU1 Comdty|UB1 Comdty|UXY1 Comdty|W 1 Comdty|WN1 Comdty,sub1M_40,strict66
0.3045,0.1709,0.3508,138,AD1 Curncy|BO1 Comdty|BP1 Curncy|CC1 Comdty|CD1 Curncy|CL1 Comdty|CT1 Comdty|DF1 Comdty|DM1 Index|DU1 Comdty|EO1 Index|ES1 Index|G 1 Comdty|GC1 Comdty|GX1 Index|JB1 Comdty|JY1 Curncy|KC1 Comdty|LC1 Comdty|LH1 Comdty|NO1 Index|NV1 Curncy|OAT1 Comdty|PE1 Curncy|PL1 Comdty|QC1 Comdty|QW1 Comdty|RTY1 Index|RX1 Comdty|S 1 Comdty|SF1 Curncy|SFR5 Comdty|SM1 Index|TP1 Index|TY1 Comdty|UB1 Comdty|US1 Comdty|VG1 Index|XB1 Comdty|Z 1 Index,sub1M_40,strict66
0.1903,-0.0252,-0.6814,139,AD1 Curncy|BO1 Comdty|C 1 Comdty|CD1 Curncy|CF1 Index|CL1 Comdty|CT1 Comdty|DM1 Index|DU1 Comdty|EC1 Curncy|EO1 Index|FC1 Comdty|G 1 Comdty|HG1 Comdty|IK1 Comdty|JB1 Comdty|JY1 Curncy|LC1 Comdty|LH1 Comdty|MES1 Index|NG1 Comdty|NO1 Index|NQ1 Index|NV1 Curncy|OAT1 Comdty|PE1 Curncy|PL1 Comdty|QW1 Comdty|RS1 Comdty|RTY1 Index|SF1 Curncy|SFI5 Comdty|SFR5 Comdty|SM1 Comdty|SM1 Index|TU1 Comdty|UXY1 Comdty|VG1 Index|W 1 Comdty|Z 1 Index,sub1M_40,strict66
0.3242,0.2542,-0.4362,140,BO1 Comdty|BP1 Curncy|C 1 Comdty|CC1 Comdty|CD1 Curncy|CF1 Index|DM1 Index|DU1 Comdty|EC1 Curncy|EO1 Index|ER4 Comdty|ES1 Index|FC1 Comdty|HG1 Comdty|HO1 Comdty|IK1 Comdty|JB1 Comdty|JY1 Curncy|KC1 Comdty|LH1 Comdty|MES1 Index|NQ1 Index|NV1 Curncy|PA1 Comdty|PE1 Curncy|QC1 Comdty|RS1 Comdty|RTY1 Index|RX1 Comdty|S 1 Comdty|SB1 Comdty|SF1 Curncy|SFI5 Comdty|TP1 Index|TU1 Comdty|UXY1 Comdty|VG1 Index|WN1 Comdty|XB1 Comdty|Z 1 Index,sub1M_40,strict66
0.2959,0.0778,-0.4554,141,BO1 Comdty|BP1 Curncy|C 1 Comdty|CC1 Comdty|CD1 Curncy|CO1 Comdty|CT1 Comdty|DF1 Comdty|DM1 Index|DU1 Comdty|EC1 Curncy|EO1 Index|ES1 Index|G 1 Comdty|GX1 Index|HG1 Comdty|IK1 Comdty|JB1 Comdty|JY1 Curncy|LC1 Comdty|LH1 Comdty|NG1 Comdty|NO1 Index|NQ1 Index|NV1 Curncy|OAT1 Comdty|OE1 Comdty|PE1 Curncy|PL1 Comdty|QC1 Comdty|QW1 Comdty|RTY1 Index|SF1 Curncy|SFI5 Comdty|SM1 Index|TP1 Index|TU1 Comdty|UB1 Comdty|VG1 Index|W 1 Comdty,sub1M_40,strict66
0.3809,0.2022,-0.5752,142,AD1 Curncy|BO1 Comdty|BP1 Curncy|C 1 Comdty|CC1 Comdty|CF1 Index|CL1 Comdty|CO1 Comdty|DM1 Index|EC1 Curncy|EO1 Index|ES1 Index|FC1 Comdty|GX1 Index|HG1 Comdty|IK1 Comdty|JB1 Comdty|JY1 Curncy|KC1 Comdty|MES1 Index|NQ1 Index|NV1 Curncy|OAT1 Comdty|OE1 Comdty|PA1 Comdty|PE1 Curncy|QC1 Comdty|QW1 Comdty|RS1 Comdty|RX1 Comdty|SF1 Curncy|SM1 Comdty|SM1 Index|TP1 Index|TY1 Comdty|UB1 Comdty|UXY1 Comdty|VG1 Index|W 1 Comdty|WN1 Comdty,sub1M_40,strict66
0.2230,0.1299,-0.5336,143,AD1 Curncy|BO1 Comdty|BP1 Curncy|CD1 Curncy|CF1 Index|CT1 Comdty|DF1 Comdty|DM1 Index|DU1 Comdty|EC1 Curncy|EO1 Index|ES1 Index|FC1 Comdty|FV1 Comdty|HO1 Comdty|KC1 Comdty|MES1 Index|NG1 Comdty|NQ1 Index|NV1 Curncy|OAT1 Comdty|PA1 Comdty|PE1 Curncy|PL1 Comdty|QC1 Comdty|RTY1 Index|RX1 Comdty|S 1 Comdty|SB1 Comdty|SF1 Curncy|SFI5 Comdty|SFR5 Comdty|SM1 Comdty|TP1 Index|TY1 Comdty|UXY1 Comdty|VG1 Index|W 1 Comdty|WN1 Comdty|Z 1 Index,sub1M_40,strict66
0.2757,0.1841,-0.3805,144,BP1 Curncy|C 1 Comdty|CC1 Comdty|CD1 Curncy|CF1 Index|CO1 Comdty|CT1 Comdty|DM1 Index|EC1 Curncy|EO1 Index|ER4 Comdty|ES1 Index|FC1 Comdty|G 1 Comdty|GX1 Index|HO1 Comdty|JB1 Comdty|JY1 Curncy|KW1 Comdty|MES1 Index|NO1 Index|NV1 Curncy|OAT1 Comdty|PA1 Comdty|PE1 Curncy|PL1 Comdty|QC1 Comdty|RTY1 Index|S 1 Comdty|SB1 Comdty|SF1 Curncy|SM1 Comdty|TU1 Comdty|TY1 Comdty|UB1 Comdty|UXY1 Comdty|VG1 Index|W 1 Comdty|WN1 Comdty|Z 1 Index,sub1M_40,strict66
0.1935,0.0512,-0.5199,145,AD1 Curncy|BO1 Comdty|BP1 Curncy|C 1 Comdty|CC1 Comdty|CD1 Curncy|CF1 Index|DF1 Comdty|DM1 Index|DU1 Comdty|EC1 Curncy|EO1 Index|FC1 Comdty|FV1 Comdty|G 1 Comdty|GX1 Index|HO1 Comdty|IK1 Comdty|JB1 Comdty|JY1 Curncy|KC1 Comdty|KW1 Comdty|MES1 Index|NQ1 Index|OE1 Comdty|PA1 Comdty|PE1 Curncy|PL1 Comdty|RS1 Comdty|RTY1 Index|SB1 Comdty|SF1 Curncy|SFI5 Comdty|SM1 Index|TP1 Index|TU1 Comdty|UB1 Comdty|VG1 Index|W 1 Comdty|XB1 Comdty,sub1M_40,strict66
0.3937,0.1982,-0.1936,146,BO1 Comdty|BP1 Curncy|CD1 Curncy|CT1 Comdty|DF1 Comdty|DM1 Index|EC1 Curncy|EO1 Index|ES1 Index|FC1 Comdty|FV1 Comdty|G 1 Comdty|GX1 Index|HG1 Comdty|IK1 Comdty|JB1 Comdty|JY1 Curncy|KC1 Comdty|KW1 Comdty|LH1 Comdty|MES1 Index|NQ1 Index|NV1 Curncy|OAT1 Comdty|PE1 Curncy|QS1 Comdty|RS1 Comdty|RTY1 Index|S 1 Comdty|SF1 Curncy|SFI5 Comdty|SFR5 Comdty|SI1 Comdty|SM1 Index|TP1 Index|TU1 Comdty|TY1 Comdty|VG1 Index|W 1 Comdty|XB1 Comdty,sub1M_40,strict66
0.3006,0.1082,-0.3205,147,BO1 Comdty|BP1 Curncy|C 1 Comdty|CC1 Comdty|CD1 Curncy|CF1 Index|CL1 Comdty|CT1 Comdty|DM1 Index|DU1 Comdty|EC1 Curncy|EO1 Index|ES1 Index|FC1 Comdty|FV1 Comdty|G 1 Comdty|JB1 Comdty|JY1 Curncy|KC1 Comdty|LC1 Comdty|NO1 Index|NQ1 Index|NV1 Curncy|OAT1 Comdty|OE1 Comdty|PA1 Comdty|PE1 Curncy|RS1 Comdty|RTY1 Index|S 1 Comdty|SF1 Curncy|SI1 Comdty|SM1 Comdty|TP1 Index|TU1 Comdty|TY1 Comdty|UB1 Comdty|VG1 Index|XB1 Comdty|Z 1 Index,sub1M_40,strict66
0.3192,0.1964,-0.5183,148,AD1 Curncy|BO1 Comdty|BP1 Curncy|C 1 Comdty|CC1 Comdty|CF1 Index|CT1 Comdty|DF1 Comdty|EC1 Curncy|EO1 Index|ES1 Index|FV1 Comdty|G 1 Comdty|GX1 Index|HO1 Comdty|IK1 Comdty|JY1 Curncy|KC1 Comdty|LC1 Comdty|LH1 Comdty|MES1 Index|NG1 Comdty|NO1 Index|NQ1 Index|NV1 Curncy|OAT1 Comdty|PA1 Comdty|PE1 Curncy|PL1 Comdty|RS1 Comdty|RTY1 Index|RX1 Comdty|SF1 Curncy|SFI5 Comdty|SM1 Comdty|SM1 Index|TY1 Comdty|UB1 Comdty|WN1 Comdty|Z 1 Index,sub1M_40,strict66
0.3432,0.0965,-0.5198,149,AD1 Curncy|BO1 Comdty|BP1 Curncy|CD1 Curncy|CF1 Index|CL1 Comdty|CT1 Comdty|DF1 Comdty|DM1 Index|DU1 Comdty|EC1 Curncy|EO1 Index|ES1 Index|FC1 Comdty|FV1 Comdty|GX1 Index|IK1 Comdty|JB1 Comdty|KW1 Comdty|LH1 Comdty|MES1 Index|NG1 Comdty|NO1 Index|NV1 Curncy|OAT1 Comdty|OE1 Comdty|PA1 Comdty|PE1 Curncy|RS1 Comdty|RTY1 Index|S 1 Comdty|SB1 Comdty|SF1 Curncy|SFR5 Comdty|SI1 Comdty|TP1 Index|UB1 Comdty|US1 Comdty|VG1 Index|W 1 Comdty,sub1M_40,strict66
0.3032,0.0695,-0.4138,150,AD1 Curncy|BP1 Curncy|C 1 Comdty|CC1 Comdty|CD1 Curncy|CF1 Index|CT1 Comdty|DM1 Index|EC1 Curncy|EO1 Index|ES1 Index|HG1 Comdty|IK1 Comdty|JB1 Comdty|JY1 Curncy|KW1 Comdty|LC1 Comdty|MES1 Index|NG1 Comdty|NO1 Index|NQ1 Index|OAT1 Comdty|OE1 Comdty|PE1 Curncy|PL1 Comdty|QC1 Comdty|QS1 Comdty|RS1 Comdty|RTY1 Index|RX1 Comdty|S 1 Comdty|SB1 Comdty|SF1 Curncy|SFR5 Comdty|UB1 Comdty|UXY1 Comdty|VG1 Index|W 1 Comdty|WN1 Comdty|Z 1 Index,sub1M_40,strict66
0.3613,0.1078,-0.5215,151,AD1 Curncy|BP1 Curncy|CF1 Index|DM1 Index|DU1 Comdty|EC1 Curncy|EO1 Index|ER4 Comdty|ES1 Index|FC1 Comdty|FV1 Comdty|HO1 Comdty|IK1 Comdty|JY1 Curncy|KC1 Comdty|KW1 Comdty|LC1 Comdty|MES1 Index|NG1 Comdty|NO1 Index|NV1 Curncy|OAT1 Comdty|OE1 Comdty|PA1 Comdty|PE1 Curncy|QC1 Comdty|QW1 Comdty|RS1 Comdty|RTY1 Index|RX1 Comdty|S 1 Comdty|SF1 Curncy|SFI5 Comdty|SI1 Comdty|SM1 Comdty|SM1 Index|TP1 Index|US1 Comdty|W 1 Comdty|Z 1 Index,sub1M_40,strict66
0.4771,0.2928,-0.0108,152,AD1 Curncy|BP1 Curncy|C 1 Comdty|CD1 Curncy|CF1 Index|CL1 Comdty|CO1 Comdty|CT1 Comdty|DF1 Comdty|DU1 Comdty|EC1 Curncy|EO1 Index|ER4 Comdty|ES1 Index|FC1 Comdty|FV1 Comdty|GC1 Comdty|GX1 Index|HG1 Comdty|JY1 Curncy|KC1 Comdty|LC1 Comdty|LH1 Comdty|MES1 Index|NO1 Index|NQ1 Index|OAT1 Comdty|OE1 Comdty|PE1 Curncy|RS1 Comdty|RX1 Comdty|SB1 Comdty|SF1 Curncy|SFI5 Comdty|SM1 Comdty|SM1 Index|UB1 Comdty|VG1 Index|WN1 Comdty|Z 1 Index,sub1M_40,strict66
0.4415,0.3093,-0.3114,153,AD1 Curncy|BO1 Comdty|BP1 Curncy|CC1 Comdty|CF1 Index|CO1 Comdty|DF1 Comdty|EC1 Curncy|EO1 Index|ER4 Comdty|ES1 Index|FV1 Comdty|JB1 Comdty|JY1 Curncy|KW1 Comdty|LH1 Comdty|MES1 Index|NO1 Index|NQ1 Index|NV1 Curncy|OE1 Comdty|PA1 Comdty|PE1 Curncy|QC1 Comdty|QS1 Comdty|QW1 Comdty|S 1 Comdty|SF1 Curncy|SFI5 Comdty|SFR5 Comdty|SI1 Comdty|SM1 Comdty|SM1 Index|TP1 Index|TY1 Comdty|UB1 Comdty|UXY1 Comdty|VG1 Index|W 1 Comdty|Z 1 Index,sub1M_40,strict66
0.2574,0.1367,-0.1496,154,AD1 Curncy|BO1 Comdty|BP1 Curncy|C 1 Comdty|CC1 Comdty|CD1 Curncy|CF1 Index|CL1 Comdty|CT1 Comdty|DM1 Index|DU1 Comdty|EC1 Curncy|EO1 Index|FV1 Comdty|GC1 Comdty|GX1 Index|HG1 Comdty|JB1 Comdty|KC1 Comdty|LC1 Comdty|MES1 Index|NG1 Comdty|NO1 Index|NV1 Curncy|PE1 Curncy|QW1 Comdty|RS1 Comdty|RTY1 Index|RX1 Comdty|SB1 Comdty|SF1 Curncy|SFI5 Comdty|SM1 Comdty|SM1 Index|TP1 Index|TY1 Comdty|UB1 Comdty|US1 Comdty|UXY1 Comdty|Z 1 Index,sub1M_40,strict66
0.4454,0.2373,0.1980,155,AD1 Curncy|C 1 Comdty|CC1 Comdty|CD1 Curncy|CF1 Index|CT1 Comdty|DM1 Index|EC1 Curncy|EO1 Index|ER4 Comdty|ES1 Index|FC1 Comdty|GC1 Comdty|GX1 Index|JB1 Comdty|JY1 Curncy|KC1 Comdty|LH1 Comdty|MES1 Index|NQ1 Index|NV1 Curncy|OAT1 Comdty|OE1 Comdty|PE1 Curncy|PL1 Comdty|QS1 Comdty|RS1 Comdty|RTY1 Index|S 1 Comdty|SB1 Comdty|SF1 Curncy|SFR5 Comdty|SM1 Comdty|SM1 Index|TY1 Comdty|UB1 Comdty|UXY1 Comdty|VG1 Index|WN1 Comdty|XB1 Comdty,sub1M_40,strict66
0.4445,0.2064,0.3913,156,AD1 Curncy|BO1 Comdty|BP1 Curncy|CC1 Comdty|CD1 Curncy|CL1 Comdty|CT1 Comdty|EC1 Curncy|ER4 Comdty|ES1 Index|G 1 Comdty|GC1 Comdty|GX1 Index|IK1 Comdty|JB1 Comdty|JY1 Curncy|KW1 Comdty|LC1 Comdty|LH1 Comdty|MES1 Index|NO1 Index|NQ1 Index|OE1 Comdty|PE1 Curncy|QC1 Comdty|RS1 Comdty|RTY1 Index|S 1 Comdty|SF1 Curncy|SI1 Comdty|SM1 Index|TP1 Index|UB1 Comdty|US1 Comdty|UXY1 Comdty|VG1 Index|W 1 Comdty|WN1 Comdty|XB1 Comdty|Z 1 Index,sub1M_40,strict66
0.3352,0.2486,-0.5950,157,AD1 Curncy|BO1 Comdty|BP1 Curncy|CD1 Curncy|CO1 Comdty|CT1 Comdty|DF1 Comdty|DM1 Index|DU1 Comdty|EC1 Curncy|EO1 Index|ES1 Index|FV1 Comdty|G 1 Comdty|GX1 Index|HO1 Comdty|IK1 Comdty|JB1 Comdty|JY1 Curncy|LC1 Comdty|LH1 Comdty|MES1 Index|NO1 Index|NQ1 Index|NV1 Curncy|OAT1 Comdty|PA1 Comdty|PL1 Comdty|QW1 Comdty|RS1 Comdty|RTY1 Index|S 1 Comdty|SB1 Comdty|SF1 Curncy|SM1 Index|TP1 Index|TY1 Comdty|UXY1 Comdty|W 1 Comdty|WN1 Comdty,sub1M_40,strict66
0.3255,0.1227,-0.3124,158,AD1 Curncy|BO1 Comdty|BP1 Curncy|CC1 Comdty|CF1 Index|CL1 Comdty|CT1 Comdty|DF1 Comdty|DM1 Index|DU1 Comdty|EC1 Curncy|EO1 Index|ES1 Index|FC1 Comdty|FV1 Comdty|G 1 Comdty|GX1 Index|IK1 Comdty|JY1 Curncy|MES1 Index|NG1 Comdty|NO1 Index|NV1 Curncy|PA1 Comdty|PE1 Curncy|QC1 Comdty|RTY1 Index|S 1 Comdty|SB1 Comdty|SF1 Curncy|SI1 Comdty|SM1 Comdty|SM1 Index|TU1 Comdty|TY1 Comdty|UB1 Comdty|UXY1 Comdty|VG1 Index|W 1 Comdty|WN1 Comdty,sub1M_40,strict66
0.4936,0.1533,-0.0211,159,AD1 Curncy|BO1 Comdty|BP1 Curncy|CT1 Comdty|DF1 Comdty|DM1 Index|EC1 Curncy|EO1 Index|ES1 Index|FC1 Comdty|FV1 Comdty|G 1 Comdty|GC1 Comdty|GX1 Index|IK1 Comdty|JB1 Comdty|JY1 Curncy|LC1 Comdty|LH1 Comdty|MES1 Index|NG1 Comdty|NQ1 Index|NV1 Curncy|OAT1 Comdty|PE1 Curncy|QS1 Comdty|QW1 Comdty|RTY1 Index|RX1 Comdty|SB1 Comdty|SF1 Curncy|SFI5 Comdty|SI1 Comdty|SM1 Comdty|SM1 Index|UB1 Comdty|VG1 Index|W 1 Comdty|WN1 Comdty|Z 1 Index,sub1M_40,strict66
0.3895,0.2218,0.1413,160,AD1 Curncy|BO1 Comdty|CD1 Curncy|CF1 Index|CT1 Comdty|DM1 Index|EC1 Curncy|ES1 Index|FC1 Comdty|FV1 Comdty|G 1 Comdty|GC1 Comdty|GX1 Index|HO1 Comdty|IK1 Comdty|JY1 Curncy|KC1 Comdty|KW1 Comdty|LC1 Comdty|MES1 Index|NG1 Comdty|NO1 Index|NQ1 Index|NV1 Curncy|OE1 Comdty|PE1 Curncy|PL1 Comdty|QC1 Comdty|QW1 Comdty|RS1 Comdty|S 1 Comdty|SF1 Curncy|SFI5 Comdty|SFR5 Comdty|SM1 Index|TP1 Index|TU1 Comdty|US1 Comdty|WN1 Comdty|Z 1 Index,sub1M_40,strict66
0.2450,0.0969,-0.5444,161,AD1 Curncy|BO1 Comdty|CC1 Comdty|CD1 Curncy|CF1 Index|CT1 Comdty|DF1 Comdty|DM1 Index|EC1 Curncy|EO1 Index|ES1 Index|FV1 Comdty|G 1 Comdty|JB1 Comdty|JY1 Curncy|KW1 Comdty|LC1 Comdty|NG1 Comdty|NO1 Index|NQ1 Index|NV1 Curncy|OE1 Comdty|PA1 Comdty|PE1 Curncy|PL1 Comdty|QS1 Comdty|QW1 Comdty|RTY1 Index|RX1 Comdty|S 1 Comdty|SB1 Comdty|SF1 Curncy|SFI5 Comdty|SM1 Comdty|SM1 Index|UB1 Comdty|US1 Comdty|UXY1 Comdty|VG1 Index|Z 1 Index,sub1M_40,strict66
0.3797,0.1591,-0.1970,162,AD1 Curncy|BO1 Comdty|BP1 Curncy|C 1 Comdty|CF1 Index|DF1 Comdty|DU1 Comdty|EC1 Curncy|EO1 Index|ES1 Index|FV1 Comdty|G 1 Comdty|GC1 Comdty|GX1 Index|HG1 Comdty|JB1 Comdty|JY1 Curncy|KC1 Comdty|KW1 Comdty|LH1 Comdty|MES1 Index|NG1 Comdty|NO1 Index|NQ1 Index|NV1 Curncy|OE1 Comdty|PE1 Curncy|QS1 Comdty|RS1 Comdty|RX1 Comdty|SB1 Comdty|SF1 Curncy|SFI5 Comdty|SM1 Comdty|SM1 Index|UB1 Comdty|VG1 Index|W 1 Comdty|WN1 Comdty|Z 1 Index,sub1M_40,strict66
0.5361,0.3675,-0.0924,163,AD1 Curncy|BP1 Curncy|C 1 Comdty|CC1 Comdty|CD1 Curncy|CO1 Comdty|CT1 Comdty|DM1 Index|DU1 Comdty|EC1 Curncy|EO1 Index|ES1 Index|FC1 Comdty|G 1 Comdty|GC1 Comdty|GX1 Index|IK1 Comdty|JY1 Curncy|KW1 Comdty|MES1 Index|NQ1 Index|NV1 Curncy|OAT1 Comdty|PA1 Comdty|QS1 Comdty|QW1 Comdty|RS1 Comdty|RTY1 Index|RX1 Comdty|S 1 Comdty|SB1 Comdty|SF1 Curncy|SFR5 Comdty|SM1 Comdty|SM1 Index|US1 Comdty|UXY1 Comdty|VG1 Index|WN1 Comdty|Z 1 Index,sub1M_40,strict66
0.3697,0.1880,-0.3259,164,AD1 Curncy|BP1 Curncy|CD1 Curncy|CF1 Index|CO1 Comdty|CT1 Comdty|DF1 Comdty|DM1 Index|EC1 Curncy|EO1 Index|ER4 Comdty|ES1 Index|FC1 Comdty|FV1 Comdty|G 1 Comdty|GX1 Index|HG1 Comdty|IK1 Comdty|KW1 Comdty|LC1 Comdty|LH1 Comdty|MES1 Index|NO1 Index|NQ1 Index|NV1 Curncy|OE1 Comdty|PE1 Curncy|QC1 Comdty|QS1 Comdty|RS1 Comdty|SF1 Curncy|SFI5 Comdty|SI1 Comdty|SM1 Comdty|TY1 Comdty|US1 Comdty|VG1 Index|W 1 Comdty|WN1 Comdty|Z 1 Index,sub1M_40,strict66
0.4519,0.3502,-0.0974,165,AD1 Curncy|BO1 Comdty|BP1 Curncy|CC1 Comdty|CD1 Curncy|CF1 Index|CL1 Comdty|DF1 Comdty|DM1 Index|DU1 Comdty|EC1 Curncy|EO1 Index|ES1 Index|FC1 Comdty|FV1 Comdty|G 1 Comdty|GC1 Comdty|GX1 Index|JY1 Curncy|KC1 Comdty|KW1 Comdty|LH1 Comdty|MES1 Index|NQ1 Index|NV1 Curncy|OE1 Comdty|PA1 Comdty|QS1 Comdty|QW1 Comdty|RS1 Comdty|SB1 Comdty|SF1 Curncy|SFI5 Comdty|SFR5 Comdty|SM1 Index|UB1 Comdty|US1 Comdty|UXY1 Comdty|VG1 Index|Z 1 Index,sub1M_40,strict66
0.3099,0.1477,-0.0350,166,AD1 Curncy|BO1 Comdty|BP1 Curncy|CD1 Curncy|CF1 Index|CL1 Comdty|CT1 Comdty|DM1 Index|DU1 Comdty|EC1 Curncy|EO1 Index|ES1 Index|FC1 Comdty|GC1 Comdty|IK1 Comdty|JB1 Comdty|JY1 Curncy|KC1 Comdty|KW1 Comdty|LC1 Comdty|MES1 Index|NO1 Index|NQ1 Index|NV1 Curncy|OAT1 Comdty|OE1 Comdty|PE1 Curncy|PL1 Comdty|QW1 Comdty|RTY1 Index|S 1 Comdty|SFR5 Comdty|SM1 Comdty|TU1 Comdty|TY1 Comdty|US1 Comdty|VG1 Index|W 1 Comdty|XB1 Comdty|Z 1 Index,sub1M_40,strict66
0.2549,0.0307,-0.1418,167,AD1 Curncy|BO1 Comdty|BP1 Curncy|CC1 Comdty|CD1 Curncy|CL1 Comdty|CT1 Comdty|DM1 Index|EC1 Curncy|EO1 Index|FC1 Comdty|FV1 Comdty|GX1 Index|HO1 Comdty|JB1 Comdty|JY1 Curncy|KC1 Comdty|LC1 Comdty|LH1 Comdty|NO1 Index|NQ1 Index|OAT1 Comdty|OE1 Comdty|PE1 Curncy|PL1 Comdty|RTY1 Index|RX1 Comdty|S 1 Comdty|SF1 Curncy|SI1 Comdty|SM1 Comdty|SM1 Index|TP1 Index|TU1 Comdty|US1 Comdty|UXY1 Comdty|VG1 Index|W 1 Comdty|WN1 Comdty|Z 1 Index,sub1M_40,strict66
0.5135,0.3912,0.3403,168,AD1 Curncy|BP1 Curncy|CC1 Comdty|CD1 Curncy|CF1 Index|CO1 Comdty|CT1 Comdty|DF1 Comdty|DM1 Index|DU1 Comdty|EC1 Curncy|EO1 Index|ES1 Index|FC1 Comdty|FV1 Comdty|GC1 Comdty|GX1 Index|IK1 Comdty|JB1 Comdty|JY1 Curncy|KW1 Comdty|LC1 Comdty|NG1 Comdty|NO1 Index|NQ1 Index|OE1 Comdty|PA1 Comdty|PE1 Curncy|QC1 Comdty|QW1 Comdty|S 1 Comdty|SF1 Curncy|TP1 Index|TU1 Comdty|TY1 Comdty|US1 Comdty|UXY1 Comdty|VG1 Index|W 1 Comdty|Z 1 Index,sub1M_40,strict66
0.2442,0.1606,-0.3115,169,AD1 Curncy|BP1 Curncy|C 1 Comdty|CC1 Comdty|CD1 Curncy|CF1 Index|CT1 Comdty|DF1 Comdty|DU1 Comdty|EC1 Curncy|EO1 Index|ES1 Index|FV1 Comdty|GX1 Index|HG1 Comdty|JY1 Curncy|KC1 Comdty|KW1 Comdty|LC1 Comdty|LH1 Comdty|MES1 Index|NO1 Index|NQ1 Index|NV1 Curncy|OAT1 Comdty|OE1 Comdty|PE1 Curncy|PL1 Comdty|QS1 Comdty|QW1 Comdty|S 1 Comdty|SFI5 Comdty|TP1 Index|TY1 Comdty|UB1 Comdty|UXY1 Comdty|VG1 Index|WN1 Comdty|XB1 Comdty|Z 1 Index,sub1M_40,strict66
0.1674,-0.0933,-0.4010,170,AD1 Curncy|BO1 Comdty|BP1 Curncy|C 1 Comdty|CC1 Comdty|CD1 Curncy|CF1 Index|CT1 Comdty|DF1 Comdty|DM1 Index|DU1 Comdty|EC1 Curncy|EO1 Index|FC1 Comdty|G 1 Comdty|GX1 Index|JB1 Comdty|KC1 Comdty|MES1 Index|NQ1 Index|NV1 Curncy|OAT1 Comdty|OE1 Comdty|PE1 Curncy|PL1 Comdty|QS1 Comdty|QW1 Comdty|RX1 Comdty|SF1 Curncy|SFI5 Comdty|SFR5 Comdty|SI1 Comdty|SM1 Comdty|SM1 Index|TP1 Index|TU1 Comdty|VG1 Index|W 1 Comdty|XB1 Comdty|Z 1 Index,sub1M_40,strict66
0.3568,0.3108,0.1242,171,AD1 Curncy|BO1 Comdty|BP1 Curncy|C 1 Comdty|CC1 Comdty|CF1 Index|CL1 Comdty|DM1 Index|DU1 Comdty|EC1 Curncy|EO1 Index|ER4 Comdty|ES1 Index|FV1 Comdty|G 1 Comdty|GC1 Comdty|GX1 Index|JY1 Curncy|KC1 Comdty|LC1 Comdty|LH1 Comdty|NO1 Index|NV1 Curncy|OAT1 Comdty|PA1 Comdty|PE1 Curncy|QC1 Comdty|S 1 Comdty|SF1 Curncy|SM1 Comdty|SM1 Index|TP1 Index|TU1 Comdty|TY1 Comdty|UXY1 Comdty|VG1 Index|W 1 Comdty|WN1 Comdty|XB1 Comdty|Z 1 Index,sub1M_40,strict66
0.0952,-0.1199,-0.8357,172,AD1 Curncy|BO1 Comdty|BP1 Curncy|C 1 Comdty|CD1 Curncy|CF1 Index|CL1 Comdty|CT1 Comdty|DM1 Index|DU1 Comdty|EC1 Curncy|EO1 Index|ER4 Comdty|ES1 Index|FC1 Comdty|G 1 Comdty|GX1 Index|HG1 Comdty|IK1 Comdty|JB1 Comdty|KW1 Comdty|LC1 Comdty|MES1 Index|NG1 Comdty|NV1 Curncy|OAT1 Comdty|PE1 Curncy|PL1 Comdty|QW1 Comdty|RS1 Comdty|RTY1 Index|RX1 Comdty|S 1 Comdty|SB1 Comdty|SF1 Curncy|SFR5 Comdty|TP1 Index|TY1 Comdty|VG1 Index|Z 1 Index,sub1M_40,strict66
0.2910,0.0249,-0.4402,173,AD1 Curncy|BO1 Comdty|BP1 Curncy|C 1 Comdty|CF1 Index|CO1 Comdty|CT1 Comdty|DF1 Comdty|EC1 Curncy|EO1 Index|ES1 Index|FC1 Comdty|G 1 Comdty|GX1 Index|IK1 Comdty|JY1 Curncy|LH1 Comdty|MES1 Index|NQ1 Index|NV1 Curncy|OE1 Comdty|PE1 Curncy|PL1 Comdty|S 1 Comdty|SB1 Comdty|SF1 Curncy|SFI5 Comdty|SFR5 Comdty|SI1 Comdty|SM1 Comdty|SM1 Index|TP1 Index|TU1 Comdty|TY1 Comdty|UB1 Comdty|US1 Comdty|VG1 Index|W 1 Comdty|XB1 Comdty|Z 1 Index,sub1M_40,strict66
0.4519,0.2937,-0.1388,174,AD1 Curncy|BP1 Curncy|CD1 Curncy|CF1 Index|CO1 Comdty|CT1 Comdty|DM1 Index|DU1 Comdty|EC1 Curncy|ES1 Index|FC1 Comdty|GC1 Comdty|JB1 Comdty|KC1 Comdty|LC1 Comdty|LH1 Comdty|MES1 Index|NO1 Index|NQ1 Index|NV1 Curncy|OE1 Comdty|PA1 Comdty|PE1 Curncy|RS1 Comdty|RTY1 Index|RX1 Comdty|S 1 Comdty|SB1 Comdty|SF1 Curncy|SFI5 Comdty|SM1 Comdty|SM1 Index|TP1 Index|TU1 Comdty|TY1 Comdty|UB1 Comdty|W 1 Comdty|WN1 Comdty|XB1 Comdty|Z 1 Index,sub1M_40,strict66
0.2767,0.0987,-0.0786,175,AD1 Curncy|BP1 Curncy|C 1 Comdty|CC1 Comdty|CD1 Curncy|CT1 Comdty|DM1 Index|DU1 Comdty|EC1 Curncy|EO1 Index|ER4 Comdty|ES1 Index|FC1 Comdty|G 1 Comdty|GX1 Index|HG1 Comdty|HO1 Comdty|IK1 Comdty|JY1 Curncy|KW1 Comdty|LC1 Comdty|LH1 Comdty|MES1 Index|NO1 Index|PE1 Curncy|QW1 Comdty|RTY1 Index|SF1 Curncy|SI1 Comdty|SM1 Comdty|SM1 Index|TP1 Index|TU1 Comdty|UB1 Comdty|US1 Comdty|UXY1 Comdty|W 1 Comdty|WN1 Comdty|XB1 Comdty|Z 1 Index,sub1M_40,strict66
0.2399,0.1174,-0.4721,176,AD1 Curncy|BP1 Curncy|C 1 Comdty|CD1 Curncy|DF1 Comdty|DU1 Comdty|EO1 Index|ES1 Index|FC1 Comdty|GX1 Index|HG1 Comdty|HO1 Comdty|IK1 Comdty|JY1 Curncy|KC1 Comdty|KW1 Comdty|MES1 Index|NQ1 Index|NV1 Curncy|OAT1 Comdty|OE1 Comdty|PA1 Comdty|PE1 Curncy|QC1 Comdty|RTY1 Index|RX1 Comdty|S 1 Comdty|SB1 Comdty|SF1 Curncy|SM1 Comdty|SM1 Index|TP1 Index|TU1 Comdty|TY1 Comdty|UB1 Comdty|UXY1 Comdty|VG1 Index|W 1 Comdty|XB1 Comdty|Z 1 Index,sub1M_40,strict66
0.3461,0.1850,0.1398,177,AD1 Curncy|BO1 Comdty|BP1 Curncy|CC1 Comdty|CD1 Curncy|DM1 Index|DU1 Comdty|EO1 Index|ER4 Comdty|ES1 Index|FC1 Comdty|FV1 Comdty|GC1 Comdty|GX1 Index|IK1 Comdty|JY1 Curncy|KC1 Comdty|KW1 Comdty|LC1 Comdty|LH1 Comdty|MES1 Index|NQ1 Index|NV1 Curncy|OE1 Comdty|PE1 Curncy|PL1 Comdty|QS1 Comdty|RTY1 Index|S 1 Comdty|SB1 Comdty|SF1 Curncy|SM1 Comdty|SM1 Index|TU1 Comdty|TY1 Comdty|US1 Comdty|VG1 Index|WN1 Comdty|XB1 Comdty|Z 1 Index,sub1M_40,strict66
0.3624,0.1658,-0.1442,178,AD1 Curncy|BO1 Comdty|BP1 Curncy|C 1 Comdty|CC1 Comdty|CD1 Curncy|CF1 Index|CO1 Comdty|CT1 Comdty|DF1 Comdty|DM1 Index|EO1 Index|ES1 Index|FC1 Comdty|FV1 Comdty|GX1 Index|HG1 Comdty|IK1 Comdty|JY1 Curncy|KC1 Comdty|KW1 Comdty|LH1 Comdty|MES1 Index|NG1 Comdty|NO1 Index|NV1 Curncy|PE1 Curncy|SF1 Curncy|SFI5 Comdty|SI1 Comdty|TP1 Index|TU1 Comdty|TY1 Comdty|UB1 Comdty|US1 Comdty|UXY1 Comdty|VG1 Index|W 1 Comdty|WN1 Comdty|Z 1 Index,sub1M_40,strict66
0.4449,0.3391,0.1029,179,AD1 Curncy|BP1 Curncy|CC1 Comdty|CD1 Curncy|CF1 Index|DM1 Index|EC1 Curncy|ER4 Comdty|FC1 Comdty|G 1 Comdty|GC1 Comdty|GX1 Index|HO1 Comdty|IK1 Comdty|JB1 Comdty|JY1 Curncy|LC1 Comdty|LH1 Comdty|MES1 Index|NO1 Index|NQ1 Index|OE1 Comdty|PA1 Comdty|PE1 Curncy|QC1 Comdty|RS1 Comdty|RTY1 Index|RX1 Comdty|S 1 Comdty|SB1 Comdty|SF1 Curncy|SFI5 Comdty|SM1 Comdty|TP1 Index|TU1 Comdty|TY1 Comdty|VG1 Index|W 1 Comdty|XB1 Comdty|Z 1 Index,sub1M_40,strict66
0.4781,0.3655,0.0932,180,AD1 Curncy|BP1 Curncy|CC1 Comdty|CD1 Curncy|CL1 Comdty|CT1 Comdty|DF1 Comdty|DM1 Index|DU1 Comdty|EC1 Curncy|EO1 Index|ER4 Comdty|ES1 Index|FC1 Comdty|GC1 Comdty|GX1 Index|HG1 Comdty|IK1 Comdty|JY1 Curncy|LC1 Comdty|MES1 Index|NO1 Index|NQ1 Index|NV1 Curncy|OAT1 Comdty|PE1 Curncy|QW1 Comdty|RS1 Comdty|S 1 Comdty|SFI5 Comdty|SFR5 Comdty|SM1 Comdty|TP1 Index|TY1 Comdty|UB1 Comdty|UXY1 Comdty|VG1 Index|W 1 Comdty|XB1 Comdty|Z 1 Index,sub1M_40,strict66
0.4842,0.2022,0.0573,181,AD1 Curncy|BO1 Comdty|BP1 Curncy|CC1 Comdty|CF1 Index|CO1 Comdty|DF1 Comdty|DM1 Index|DU1 Comdty|EC1 Curncy|EO1 Index|ER4 Comdty|ES1 Index|FC1 Comdty|GC1 Comdty|GX1 Index|IK1 Comdty|JY1 Curncy|KW1 Comdty|LH1 Comdty|MES1 Index|NG1 Comdty|NQ1 Index|NV1 Curncy|OE1 Comdty|PE1 Curncy|RTY1 Index|S 1 Comdty|SB1 Comdty|SF1 Curncy|SFR5 Comdty|SI1 Comdty|SM1 Comdty|SM1 Index|TY1 Comdty|US1 Comdty|UXY1 Comdty|VG1 Index|W 1 Comdty|WN1 Comdty,sub1M_40,strict66
0.5344,0.3339,0.1503,182,BO1 Comdty|BP1 Curncy|C 1 Comdty|CC1 Comdty|CD1 Curncy|CF1 Index|DF1 Comdty|DM1 Index|EC1 Curncy|EO1 Index|ER4 Comdty|ES1 Index|FC1 Comdty|G 1 Comdty|GC1 Comdty|IK1 Comdty|JY1 Curncy|LC1 Comdty|MES1 Index|NG1 Comdty|NO1 Index|NV1 Curncy|OAT1 Comdty|OE1 Comdty|PA1 Comdty|PE1 Curncy|QC1 Comdty|QS1 Comdty|QW1 Comdty|RX1 Comdty|SB1 Comdty|SF1 Curncy|SFR5 Comdty|SM1 Index|TP1 Index|UXY1 Comdty|VG1 Index|W 1 Comdty|WN1 Comdty|Z 1 Index,sub1M_40,strict66
0.2304,0.0386,-0.2748,183,AD1 Curncy|BP1 Curncy|C 1 Comdty|CC1 Comdty|CD1 Curncy|CF1 Index|CT1 Comdty|DM1 Index|EC1 Curncy|EO1 Index|ER4 Comdty|FC1 Comdty|G 1 Comdty|GX1 Index|HG1 Comdty|JY1 Curncy|KC1 Comdty|KW1 Comdty|LC1 Comdty|MES1 Index|NO1 Index|NQ1 Index|NV1 Curncy|OAT1 Comdty|OE1 Comdty|PL1 Comdty|QC1 Comdty|QS1 Comdty|RS1 Comdty|RTY1 Index|SF1 Curncy|SM1 Index|TU1 Comdty|TY1 Comdty|UB1 Comdty|US1 Comdty|W 1 Comdty|WN1 Comdty|XB1 Comdty|Z 1 Index,sub1M_40,strict66
0.4433,0.2549,-0.5269,184,AD1 Curncy|BO1 Comdty|BP1 Curncy|CC1 Comdty|CD1 Curncy|CF1 Index|CL1 Comdty|CO1 Comdty|DM1 Index|EC1 Curncy|EO1 Index|ER4 Comdty|ES1 Index|FV1 Comdty|GX1 Index|IK1 Comdty|JB1 Comdty|JY1 Curncy|KC1 Comdty|KW1 Comdty|LC1 Comdty|LH1 Comdty|NO1 Index|NQ1 Index|OE1 Comdty|PA1 Comdty|PE1 Curncy|QW1 Comdty|RS1 Comdty|S 1 Comdty|SF1 Curncy|SFI5 Comdty|SI1 Comdty|SM1 Comdty|SM1 Index|TP1 Index|UB1 Comdty|US1 Comdty|UXY1 Comdty|Z 1 Index,sub1M_40,strict66
0.2974,0.1674,-0.4533,185,AD1 Curncy|BO1 Comdty|BP1 Curncy|C 1 Comdty|CC1 Comdty|CF1 Index|CO1 Comdty|DF1 Comdty|DM1 Index|EC1 Curncy|EO1 Index|G 1 Comdty|GX1 Index|HG1 Comdty|IK1 Comdty|JB1 Comdty|JY1 Curncy|LH1 Comdty|MES1 Index|NO1 Index|NQ1 Index|NV1 Curncy|OE1 Comdty|PE1 Curncy|PL1 Comdty|QS1 Comdty|RS1 Comdty|S 1 Comdty|SB1 Comdty|SF1 Curncy|SFR5 Comdty|SM1 Comdty|SM1 Index|TP1 Index|TU1 Comdty|TY1 Comdty|UXY1 Comdty|W 1 Comdty|WN1 Comdty|Z 1 Index,sub1M_40,strict66
0.1979,0.1045,-0.2789,186,BP1 Curncy|C 1 Comdty|CD1 Curncy|CF1 Index|CT1 Comdty|DF1 Comdty|DM1 Index|DU1 Comdty|EC1 Curncy|EO1 Index|FC1 Comdty|FV1 Comdty|GX1 Index|HG1 Comdty|HO1 Comdty|JB1 Comdty|JY1 Curncy|KC1 Comdty|LC1 Comdty|LH1 Comdty|MES1 Index|NO1 Index|NQ1 Index|NV1 Curncy|OAT1 Comdty|PE1 Curncy|PL1 Comdty|QW1 Comdty|RTY1 Index|SB1 Comdty|SF1 Curncy|SM1 Comdty|TP1 Index|TU1 Comdty|TY1 Comdty|UB1 Comdty|US1 Comdty|UXY1 Comdty|VG1 Index|XB1 Comdty,sub1M_40,strict66
0.3211,0.0873,-0.1321,187,AD1 Curncy|BO1 Comdty|BP1 Curncy|C 1 Comdty|CC1 Comdty|CO1 Comdty|CT1 Comdty|EC1 Curncy|EO1 Index|ER4 Comdty|ES1 Index|FV1 Comdty|G 1 Comdty|GX1 Index|JB1 Comdty|JY1 Curncy|KW1 Comdty|LC1 Comdty|MES1 Index|NO1 Index|NQ1 Index|NV1 Curncy|PE1 Curncy|PL1 Comdty|QC1 Comdty|QW1 Comdty|RS1 Comdty|RX1 Comdty|SB1 Comdty|SF1 Curncy|SFR5 Comdty|SI1 Comdty|SM1 Index|TP1 Index|TY1 Comdty|UB1 Comdty|VG1 Index|WN1 Comdty|XB1 Comdty|Z 1 Index,sub1M_40,strict66
0.3941,0.2101,-0.0854,188,BO1 Comdty|BP1 Curncy|C 1 Comdty|CC1 Comdty|CD1 Curncy|CF1 Index|CO1 Comdty|CT1 Comdty|DM1 Index|DU1 Comdty|EC1 Curncy|EO1 Index|ER4 Comdty|ES1 Index|G 1 Comdty|GC1 Comdty|HG1 Comdty|JB1 Comdty|JY1 Curncy|KC1 Comdty|LC1 Comdty|MES1 Index|NQ1 Index|NV1 Curncy|OAT1 Comdty|PE1 Curncy|S 1 Comdty|SB1 Comdty|SF1 Curncy|SFI5 Comdty|SM1 Comdty|SM1 Index|TP1 Index|UB1 Comdty|UXY1 Comdty|VG1 Index|W 1 Comdty|WN1 Comdty|XB1 Comdty|Z 1 Index,sub1M_40,strict66
0.3723,0.2264,-0.0058,189,AD1 Curncy|BO1 Comdty|CC1 Comdty|CD1 Curncy|CF1 Index|CT1 Comdty|DM1 Index|EC1 Curncy|EO1 Index|ES1 Index|G 1 Comdty|GC1 Comdty|HG1 Comdty|HO1 Comdty|IK1 Comdty|JB1 Comdty|JY1 Curncy|KC1 Comdty|KW1 Comdty|LC1 Comdty|LH1 Comdty|NG1 Comdty|NQ1 Index|NV1 Curncy|OAT1 Comdty|PE1 Curncy|RTY1 Index|S 1 Comdty|SB1 Comdty|SF1 Curncy|SFI5 Comdty|SFR5 Comdty|SM1 Index|TP1 Index|TY1 Comdty|US1 Comdty|VG1 Index|W 1 Comdty|WN1 Comdty|Z 1 Index,sub1M_40,strict66
0.4727,0.3834,0.1653,190,AD1 Curncy|BO1 Comdty|BP1 Curncy|CC1 Comdty|CD1 Curncy|CF1 Index|CT1 Comdty|DF1 Comdty|DU1 Comdty|EC1 Curncy|ES1 Index|FC1 Comdty|GC1 Comdty|GX1 Index|HO1 Comdty|JB1 Comdty|LH1 Comdty|MES1 Index|NG1 Comdty|NO1 Index|NQ1 Index|NV1 Curncy|PA1 Comdty|PE1 Curncy|QC1 Comdty|RTY1 Index|RX1 Comdty|S 1 Comdty|SB1 Comdty|SF1 Curncy|SFI5 Comdty|SFR5 Comdty|SM1 Comdty|SM1 Index|TP1 Index|TY1 Comdty|UB1 Comdty|US1 Comdty|UXY1 Comdty|VG1 Index,sub1M_40,strict66
0.2546,0.0232,-0.3824,191,AD1 Curncy|BP1 Curncy|CC1 Comdty|CD1 Curncy|CF1 Index|CL1 Comdty|CO1 Comdty|CT1 Comdty|DU1 Comdty|EC1 Curncy|ES1 Index|FC1 Comdty|GX1 Index|IK1 Comdty|JB1 Comdty|KC1 Comdty|LH1 Comdty|MES1 Index|NQ1 Index|NV1 Curncy|PE1 Curncy|PL1 Comdty|QW1 Comdty|RTY1 Index|RX1 Comdty|S 1 Comdty|SB1 Comdty|SF1 Curncy|SFR5 Comdty|SI1 Comdty|SM1 Comdty|SM1 Index|TP1 Index|TU1 Comdty|US1 Comdty|UXY1 Comdty|VG1 Index|W 1 Comdty|WN1 Comdty|Z 1 Index,sub1M_40,strict66
0.2201,-0.0519,-0.2516,192,AD1 Curncy|BO1 Comdty|BP1 Curncy|CC1 Comdty|CD1 Curncy|CT1 Comdty|DF1 Comdty|DM1 Index|DU1 Comdty|EC1 Curncy|EO1 Index|ER4 Comdty|ES1 Index|FC1 Comdty|G 1 Comdty|GX1 Index|HG1 Comdty|IK1 Comdty|KC1 Comdty|LC1 Comdty|MES1 Index|NG1 Comdty|NV1 Curncy|OE1 Comdty|PE1 Curncy|QC1 Comdty|RTY1 Index|SB1 Comdty|SF1 Curncy|SFR5 Comdty|SI1 Comdty|SM1 Comdty|SM1 Index|TP1 Index|TY1 Comdty|UB1 Comdty|VG1 Index|WN1 Comdty|XB1 Comdty|Z 1 Index,sub1M_40,strict66
0.3255,0.1162,0.3936,193,AD1 Curncy|BP1 Curncy|C 1 Comdty|CC1 Comdty|CD1 Curncy|CF1 Index|DF1 Comdty|DM1 Index|DU1 Comdty|ER4 Comdty|ES1 Index|FC1 Comdty|FV1 Comdty|G 1 Comdty|GC1 Comdty|GX1 Index|HO1 Comdty|IK1 Comdty|JB1 Comdty|JY1 Curncy|KC1 Comdty|KW1 Comdty|MES1 Index|NV1 Curncy|PE1 Curncy|QC1 Comdty|RTY1 Index|S 1 Comdty|SB1 Comdty|SF1 Curncy|SI1 Comdty|SM1 Index|TP1 Index|TY1 Comdty|UB1 Comdty|US1 Comdty|VG1 Index|W 1 Comdty|XB1 Comdty|Z 1 Index,sub1M_40,strict66
0.2153,0.1209,-0.4223,194,AD1 Curncy|BO1 Comdty|BP1 Curncy|C 1 Comdty|CC1 Comdty|CD1 Curncy|CF1 Index|DF1 Comdty|DM1 Index|EC1 Curncy|EO1 Index|ER4 Comdty|ES1 Index|FC1 Comdty|FV1 Comdty|G 1 Comdty|GX1 Index|HG1 Comdty|HO1 Comdty|LC1 Comdty|LH1 Comdty|MES1 Index|NO1 Index|NQ1 Index|NV1 Curncy|OAT1 Comdty|OE1 Comdty|PE1 Curncy|PL1 Comdty|QC1 Comdty|QS1 Comdty|S 1 Comdty|SF1 Curncy|SFI5 Comdty|SM1 Index|TY1 Comdty|UB1 Comdty|W 1 Comdty|WN1 Comdty|Z 1 Index,sub1M_40,strict66
0.2902,0.0801,-0.4423,195,AD1 Curncy|BP1 Curncy|CD1 Curncy|CF1 Index|DF1 Comdty|DM1 Index|EC1 Curncy|ES1 Index|FV1 Comdty|G 1 Comdty|GX1 Index|IK1 Comdty|JY1 Curncy|KC1 Comdty|KW1 Comdty|MES1 Index|NO1 Index|NQ1 Index|NV1 Curncy|OAT1 Comdty|OE1 Comdty|PE1 Curncy|PL1 Comdty|QC1 Comdty|QS1 Comdty|QW1 Comdty|RS1 Comdty|S 1 Comdty|SB1 Comdty|SFR5 Comdty|SI1 Comdty|SM1 Comdty|SM1 Index|TU1 Comdty|US1 Comdty|UXY1 Comdty|VG1 Index|W 1 Comdty|XB1 Comdty|Z 1 Index,sub1M_40,strict66
0.2359,0.1231,-0.6669,196,BO1 Comdty|BP1 Curncy|CD1 Curncy|CF1 Index|CL1 Comdty|CO1 Comdty|CT1 Comdty|DM1 Index|DU1 Comdty|EC1 Curncy|ES1 Index|FV1 Comdty|G 1 Comdty|GX1 Index|HG1 Comdty|IK1 Comdty|JY1 Curncy|KC1 Comdty|LC1 Comdty|LH1 Comdty|MES1 Index|NO1 Index|NQ1 Index|NV1 Curncy|PE1 Curncy|PL1 Comdty|QW1 Comdty|RS1 Comdty|S 1 Comdty|SF1 Curncy|SFI5 Comdty|SFR5 Comdty|SM1 Comdty|SM1 Index|TP1 Index|TU1 Comdty|UXY1 Comdty|W 1 Comdty|WN1 Comdty|Z 1 Index,sub1M_40,strict66
0.4517,0.2181,0.0406,197,AD1 Curncy|BP1 Curncy|C 1 Comdty|CD1 Curncy|CF1 Index|EC1 Curncy|EO1 Index|ER4 Comdty|FC1 Comdty|FV1 Comdty|G 1 Comdty|GC1 Comdty|HG1 Comdty|IK1 Comdty|JB1 Comdty|JY1 Curncy|KC1 Comdty|KW1 Comdty|LH1 Comdty|MES1 Index|NG1 Comdty|NO1 Index|NQ1 Index|NV1 Curncy|OE1 Comdty|QC1 Comdty|QS1 Comdty|RS1 Comdty|RTY1 Index|RX1 Comdty|S 1 Comdty|SF1 Curncy|SFR5 Comdty|SM1 Comdty|SM1 Index|TP1 Index|VG1 Index|W 1 Comdty|WN1 Comdty|Z 1 Index,sub1M_40,strict66
0.2586,0.1569,-0.3755,198,AD1 Curncy|BO1 Comdty|BP1 Curncy|CC1 Comdty|CD1 Curncy|CT1 Comdty|DM1 Index|DU1 Comdty|ER4 Comdty|ES1 Index|FC1 Comdty|G 1 Comdty|GX1 Index|HG1 Comdty|HO1 Comdty|JY1 Curncy|KC1 Comdty|KW1 Comdty|MES1 Index|NO1 Index|NQ1 Index|NV1 Curncy|OAT1 Comdty|OE1 Comdty|PA1 Comdty|PE1 Curncy|QC1 Comdty|QW1 Comdty|RTY1 Index|SF1 Curncy|SM1 Comdty|TP1 Index|TY1 Comdty|UB1 Comdty|UXY1 Comdty|VG1 Index|W 1 Comdty|WN1 Comdty|XB1 Comdty|Z 1 Index,sub1M_40,strict66
0.3034,0.0830,-0.4224,199,AD1 Curncy|BO1 Comdty|BP1 Curncy|CL1 Comdty|DM1 Index|DU1 Comdty|EC1 Curncy|EO1 Index|ES1 Index|FC1 Comdty|GX1 Index|HG1 Comdty|IK1 Comdty|JB1 Comdty|JY1 Curncy|KC1 Comdty|LC1 Comdty|LH1 Comdty|NO1 Index|NQ1 Index|NV1 Curncy|OE1 Comdty|PE1 Curncy|PL1 Comdty|QC1 Comdty|QS1 Comdty|RS1 Comdty|RTY1 Index|RX1 Comdty|S 1 Comdty|SB1 Comdty|SF1 Curncy|SFI5 Comdty|SFR5 Comdty|TP1 Index|TY1 Comdty|UB1 Comdty|VG1 Index|W 1 Comdty|Z 1 Index,sub1M_40,strict66
0.2840,0.0800,-0.7858,200,AD1 Curncy|BO1 Comdty|BP1 Curncy|C 1 Comdty|CD1 Curncy|CF1 Index|CL1 Comdty|DM1 Index|DU1 Comdty|EC1 Curncy|EO1 Index|ER4 Comdty|ES1 Index|FC1 Comdty|G 1 Comdty|GX1 Index|HG1 Comdty|IK1 Comdty|JB1 Comdty|JY1 Curncy|KC1 Comdty|KW1 Comdty|LC1 Comdty|NG1 Comdty|NO1 Index|NV1 Curncy|OE1 Comdty|PA1 Comdty|RS1 Comdty|RTY1 Index|S 1 Comdty|SF1 Curncy|SFI5 Comdty|SFR5 Comdty|SM1 Comdty|TP1 Index|UB1 Comdty|VG1 Index|W 1 Comdty|Z 1 Index,sub1M_40,strict66
0.4234,0.3460,-0.0985,201,AD1 Curncy|BO1 Comdty|BP1 Curncy|C 1 Comdty|CC1 Comdty|CD1 Curncy|CF1 Index|CL1 Comdty|DU1 Comdty|EC1 Curncy|ES1 Index|FC1 Comdty|G 1 Comdty|GC1 Comdty|GX1 Index|HO1 Comdty|JB1 Comdty|JY1 Curncy|LH1 Comdty|MES1 Index|NO1 Index|NQ1 Index|NV1 Curncy|PA1 Comdty|PE1 Curncy|QW1 Comdty|RTY1 Index|RX1 Comdty|S 1 Comdty|SB1 Comdty|SFI5 Comdty|SM1 Comdty|SM1 Index|TP1 Index|TY1 Comdty|UB1 Comdty|UXY1 Comdty|W 1 Comdty|WN1 Comdty|Z 1 Index,sub1M_40,strict66
0.2932,0.0729,-0.3689,202,AD1 Curncy|BO1 Comdty|BP1 Curncy|CD1 Curncy|CF1 Index|CL1 Comdty|DF1 Comdty|DU1 Comdty|EC1 Curncy|EO1 Index|ES1 Index|FC1 Comdty|GX1 Index|HG1 Comdty|IK1 Comdty|JY1 Curncy|KC1 Comdty|LC1 Comdty|MES1 Index|NO1 Index|NQ1 Index|NV1 Curncy|OE1 Comdty|PE1 Curncy|QC1 Comdty|RS1 Comdty|RTY1 Index|RX1 Comdty|S 1 Comdty|SFI5 Comdty|SI1 Comdty|SM1 Comdty|SM1 Index|TU1 Comdty|TY1 Comdty|UB1 Comdty|UXY1 Comdty|VG1 Index|W 1 Comdty|XB1 Comdty,sub1M_40,strict66
0.4594,0.2781,0.0216,203,AD1 Curncy|BO1 Comdty|BP1 Curncy|CC1 Comdty|CD1 Curncy|CO1 Comdty|DF1 Comdty|DM1 Index|EO1 Index|ES1 Index|FC1 Comdty|FV1 Comdty|GX1 Index|HG1 Comdty|IK1 Comdty|JY1 Curncy|KC1 Comdty|LH1 Comdty|MES1 Index|NO1 Index|NQ1 Index|NV1 Curncy|OAT1 Comdty|PE1 Curncy|QC1 Comdty|QS1 Comdty|QW1 Comdty|RX1 Comdty|SF1 Curncy|SFR5 Comdty|SI1 Comdty|SM1 Comdty|TP1 Index|TU1 Comdty|US1 Comdty|UXY1 Comdty|VG1 Index|W 1 Comdty|WN1 Comdty|Z 1 Index,sub1M_40,strict66
0.5615,0.4135,-0.0700,204,AD1 Curncy|BO1 Comdty|BP1 Curncy|C 1 Comdty|CD1 Curncy|CF1 Index|CL1 Comdty|CO1 Comdty|CT1 Comdty|DM1 Index|EC1 Curncy|EO1 Index|ES1 Index|FC1 Comdty|G 1 Comdty|GC1 Comdty|IK1 Comdty|JY1 Curncy|KC1 Comdty|KW1 Comdty|LC1 Comdty|NO1 Index|NQ1 Index|OAT1 Comdty|OE1 Comdty|PA1 Comdty|PE1 Curncy|QW1 Comdty|RS1 Comdty|S 1 Comdty|SF1 Curncy|SFI5 Comdty|SFR5 Comdty|SM1 Index|TP1 Index|TU1 Comdty|US1 Comdty|UXY1 Comdty|VG1 Index|Z 1 Index,sub1M_40,strict66
0.3164,0.2437,-0.8122,205,AD1 Curncy|BO1 Comdty|BP1 Curncy|CF1 Index|CO1 Comdty|CT1 Comdty|DF1 Comdty|DM1 Index|DU1 Comdty|EC1 Curncy|EO1 Index|ES1 Index|FV1 Comdty|GX1 Index|HG1 Comdty|IK1 Comdty|JY1 Curncy|MES1 Index|NQ1 Index|NV1 Curncy|OE1 Comdty|PA1 Comdty|PE1 Curncy|QC1 Comdty|QS1 Comdty|QW1 Comdty|RS1 Comdty|RTY1 Index|S 1 Comdty|SB1 Comdty|SF1 Curncy|SFI5 Comdty|SM1 Comdty|TU1 Comdty|TY1 Comdty|UXY1 Comdty|VG1 Index|W 1 Comdty|WN1 Comdty|Z 1 Index,sub1M_40,strict66
0.4411,0.4046,-0.3197,206,AD1 Curncy|BP1 Curncy|CC1 Comdty|CD1 Curncy|CF1 Index|CO1 Comdty|DF1 Comdty|DM1 Index|DU1 Comdty|EC1 Curncy|EO1 Index|FC1 Comdty|FV1 Comdty|HG1 Comdty|JY1 Curncy|KC1 Comdty|LC1 Comdty|LH1 Comdty|MES1 Index|NO1 Index|NQ1 Index|NV1 Curncy|OAT1 Comdty|PA1 Comdty|PE1 Curncy|QC1 Comdty|QS1 Comdty|QW1 Comdty|S 1 Comdty|SFI5 Comdty|SFR5 Comdty|SM1 Index|TP1 Index|TU1 Comdty|UB1 Comdty|UXY1 Comdty|VG1 Index|W 1 Comdty|WN1 Comdty|Z 1 Index,sub1M_40,strict66
0.3667,0.2014,0.0620,207,AD1 Curncy|BP1 Curncy|CC1 Comdty|CD1 Curncy|CT1 Comdty|DF1 Comdty|DM1 Index|EO1 Index|ER4 Comdty|FC1 Comdty|GX1 Index|HG1 Comdty|HO1 Comdty|JB1 Comdty|JY1 Curncy|KC1 Comdty|KW1 Comdty|LH1 Comdty|MES1 Index|NO1 Index|NQ1 Index|NV1 Curncy|OAT1 Comdty|OE1 Comdty|PE1 Curncy|QC1 Comdty|QS1 Comdty|RS1 Comdty|RTY1 Index|RX1 Comdty|SF1 Curncy|SI1 Comdty|SM1 Comdty|SM1 Index|TU1 Comdty|TY1 Comdty|US1 Comdty|UXY1 Comdty|VG1 Index|Z 1 Index,sub1M_40,strict66
0.2521,0.0378,-0.5060,208,AD1 Curncy|CC1 Comdty|CD1 Curncy|CF1 Index|CO1 Comdty|DM1 Index|DU1 Comdty|EC1 Curncy|ES1 Index|FC1 Comdty|FV1 Comdty|G 1 Comdty|GX1 Index|HG1 Comdty|HO1 Comdty|IK1 Comdty|JB1 Comdty|JY1 Curncy|KC1 Comdty|KW1 Comdty|LC1 Comdty|MES1 Index|NO1 Index|NQ1 Index|NV1 Curncy|PE1 Curncy|PL1 Comdty|QW1 Comdty|RS1 Comdty|RTY1 Index|RX1 Comdty|SB1 Comdty|SF1 Curncy|SFR5 Comdty|SM1 Comdty|SM1 Index|UB1 Comdty|W 1 Comdty|WN1 Comdty|Z 1 Index,sub1M_40,strict66
0.4100,0.1357,-0.5729,209,AD1 Curncy|BP1 Curncy|CD1 Curncy|CF1 Index|CO1 Comdty|DF1 Comdty|DM1 Index|EC1 Curncy|EO1 Index|ER4 Comdty|ES1 Index|FC1 Comdty|FV1 Comdty|G 1 Comdty|HG1 Comdty|IK1 Comdty|JY1 Curncy|KC1 Comdty|LC1 Comdty|LH1 Comdty|MES1 Index|NG1 Comdty|NV1 Curncy|PE1 Curncy|RS1 Comdty|RTY1 Index|RX1 Comdty|S 1 Comdty|SB1 Comdty|SFI5 Comdty|SI1 Comdty|SM1 Comdty|SM1 Index|TP1 Index|TY1 Comdty|UB1 Comdty|UXY1 Comdty|VG1 Index|W 1 Comdty|Z 1 Index,sub1M_40,strict66
0.3057,0.1950,-0.6021,210,AD1 Curncy|BO1 Comdty|BP1 Curncy|C 1 Comdty|CC1 Comdty|CL1 Comdty|DF1 Comdty|DM1 Index|DU1 Comdty|EC1 Curncy|EO1 Index|ES1 Index|FC1 Comdty|FV1 Comdty|HG1 Comdty|JB1 Comdty|JY1 Curncy|KC1 Comdty|MES1 Index|NG1 Comdty|NQ1 Index|NV1 Curncy|OAT1 Comdty|OE1 Comdty|PA1 Comdty|PE1 Curncy|QW1 Comdty|RS1 Comdty|RTY1 Index|S 1 Comdty|SF1 Curncy|SFI5 Comdty|SM1 Comdty|SM1 Index|TP1 Index|TU1 Comdty|TY1 Comdty|UB1 Comdty|VG1 Index|Z 1 Index,sub1M_40,strict66
0.2033,0.0121,-0.6741,211,AD1 Curncy|BO1 Comdty|C 1 Comdty|CD1 Curncy|CF1 Index|CL1 Comdty|CO1 Comdty|CT1 Comdty|DF1 Comdty|DM1 Index|DU1 Comdty|EC1 Curncy|EO1 Index|ER4 Comdty|G 1 Comdty|HG1 Comdty|IK1 Comdty|JY1 Curncy|KC1 Comdty|LC1 Comdty|LH1 Comdty|MES1 Index|NO1 Index|NQ1 Index|NV1 Curncy|OAT1 Comdty|PE1 Curncy|PL1 Comdty|RS1 Comdty|RTY1 Index|RX1 Comdty|SB1 Comdty|SF1 Curncy|SM1 Index|TU1 Comdty|TY1 Comdty|UB1 Comdty|VG1 Index|W 1 Comdty|Z 1 Index,sub1M_40,strict66
0.3767,0.1422,-0.2528,212,AD1 Curncy|BP1 Curncy|C 1 Comdty|CC1 Comdty|CD1 Curncy|CO1 Comdty|DF1 Comdty|DM1 Index|EO1 Index|ES1 Index|FV1 Comdty|G 1 Comdty|GX1 Index|HG1 Comdty|IK1 Comdty|JB1 Comdty|JY1 Curncy|KW1 Comdty|LC1 Comdty|LH1 Comdty|MES1 Index|NG1 Comdty|NO1 Index|NQ1 Index|NV1 Curncy|OAT1 Comdty|PE1 Curncy|QW1 Comdty|RTY1 Index|S 1 Comdty|SB1 Comdty|SF1 Curncy|SI1 Comdty|TP1 Index|UB1 Comdty|US1 Comdty|UXY1 Comdty|VG1 Index|W 1 Comdty|WN1 Comdty,sub1M_40,strict66
0.3066,0.0519,-0.1993,213,AD1 Curncy|BO1 Comdty|C 1 Comdty|CC1 Comdty|CD1 Curncy|CF1 Index|CO1 Comdty|CT1 Comdty|DU1 Comdty|EC1 Curncy|EO1 Index|ER4 Comdty|ES1 Index|FV1 Comdty|G 1 Comdty|GX1 Index|IK1 Comdty|JB1 Comdty|JY1 Curncy|KW1 Comdty|LH1 Comdty|NO1 Index|NQ1 Index|NV1 Curncy|OE1 Comdty|PE1 Curncy|PL1 Comdty|QC1 Comdty|QS1 Comdty|RTY1 Index|RX1 Comdty|SB1 Comdty|SF1 Curncy|SFR5 Comdty|SI1 Comdty|SM1 Comdty|TP1 Index|VG1 Index|W 1 Comdty|Z 1 Index,sub1M_40,strict66
0.4449,0.3080,-0.3132,214,BP1 Curncy|CC1 Comdty|CD1 Curncy|CF1 Index|CT1 Comdty|DF1 Comdty|DM1 Index|EC1 Curncy|ER4 Comdty|ES1 Index|FC1 Comdty|GX1 Index|HO1 Comdty|IK1 Comdty|JY1 Curncy|KW1 Comdty|MES1 Index|NO1 Index|NQ1 Index|NV1 Curncy|PA1 Comdty|PE1 Curncy|QS1 Comdty|QW1 Comdty|RS1 Comdty|RX1 Comdty|S 1 Comdty|SB1 Comdty|SF1 Curncy|SFR5 Comdty|SI1 Comdty|SM1 Comdty|SM1 Index|TU1 Comdty|UB1 Comdty|US1 Comdty|UXY1 Comdty|VG1 Index|WN1 Comdty|Z 1 Index,sub1M_40,strict66
0.2315,0.1633,-0.2309,215,AD1 Curncy|BO1 Comdty|C 1 Comdty|CC1 Comdty|CD1 Curncy|CF1 Index|CT1 Comdty|DM1 Index|DU1 Comdty|EC1 Curncy|ER4 Comdty|ES1 Index|FC1 Comdty|FV1 Comdty|HG1 Comdty|HO1 Comdty|JY1 Curncy|LC1 Comdty|LH1 Comdty|MES1 Index|NO1 Index|NQ1 Index|NV1 Curncy|OAT1 Comdty|PE1 Curncy|PL1 Comdty|QC1 Comdty|QW1 Comdty|RTY1 Index|SB1 Comdty|SF1 Curncy|SFI5 Comdty|SFR5 Comdty|SM1 Index|TP1 Index|TU1 Comdty|TY1 Comdty|VG1 Index|WN1 Comdty|XB1 Comdty,sub1M_40,strict66
0.3456,0.2476,-0.3902,216,AD1 Curncy|BO1 Comdty|BP1 Curncy|C 1 Comdty|CC1 Comdty|CF1 Index|DU1 Comdty|EC1 Curncy|EO1 Index|FC1 Comdty|FV1 Comdty|GX1 Index|HG1 Comdty|HO1 Comdty|JY1 Curncy|KC1 Comdty|LC1 Comdty|LH1 Comdty|MES1 Index|NG1 Comdty|NO1 Index|NQ1 Index|NV1 Curncy|OAT1 Comdty|OE1 Comdty|PA1 Comdty|PE1 Curncy|RS1 Comdty|RTY1 Index|RX1 Comdty|SF1 Curncy|SFR5 Comdty|SM1 Comdty|SM1 Index|TP1 Index|TU1 Comdty|TY1 Comdty|UXY1 Comdty|VG1 Index|W 1 Comdty,sub1M_40,strict66
0.3523,0.1872,-0.2899,217,AD1 Curncy|BO1 Comdty|BP1 Curncy|C 1 Comdty|CD1 Curncy|CF1 Index|CO1 Comdty|DF1 Comdty|DM1 Index|EC1 Curncy|EO1 Index|ES1 Index|FC1 Comdty|FV1 Comdty|G 1 Comdty|GX1 Index|HO1 Comdty|JB1 Comdty|JY1 Curncy|LC1 Comdty|LH1 Comdty|MES1 Index|NQ1 Index|OAT1 Comdty|PE1 Curncy|PL1 Comdty|RS1 Comdty|S 1 Comdty|SF1 Curncy|SFI5 Comdty|SFR5 Comdty|SI1 Comdty|SM1 Comdty|SM1 Index|TP1 Index|TU1 Comdty|UXY1 Comdty|VG1 Index|W 1 Comdty|WN1 Comdty,sub1M_40,strict66
0.2772,0.1706,-0.5000,218,AD1 Curncy|BO1 Comdty|BP1 Curncy|C 1 Comdty|CD1 Curncy|CF1 Index|CT1 Comdty|DF1 Comdty|DU1 Comdty|EO1 Index|ES1 Index|FC1 Comdty|GX1 Index|HO1 Comdty|IK1 Comdty|JY1 Curncy|KC1 Comdty|MES1 Index|NO1 Index|NQ1 Index|NV1 Curncy|OAT1 Comdty|OE1 Comdty|PA1 Comdty|PE1 Curncy|PL1 Comdty|QS1 Comdty|QW1 Comdty|RS1 Comdty|RTY1 Index|S 1 Comdty|SF1 Curncy|SFR5 Comdty|SM1 Comdty|TU1 Comdty|UB1 Comdty|US1 Comdty|UXY1 Comdty|VG1 Index|Z 1 Index,sub1M_40,strict66
0.3529,0.2658,-0.4414,219,AD1 Curncy|BO1 Comdty|CD1 Curncy|CF1 Index|DF1 Comdty|DM1 Index|DU1 Comdty|EC1 Curncy|ER4 Comdty|ES1 Index|FC1 Comdty|FV1 Comdty|GX1 Index|HG1 Comdty|HO1 Comdty|IK1 Comdty|JB1 Comdty|JY1 Curncy|LC1 Comdty|LH1 Comdty|MES1 Index|NG1 Comdty|NO1 Index|NQ1 Index|NV1 Curncy|OE1 Comdty|PA1 Comdty|PE1 Curncy|QC1 Comdty|QW1 Comdty|RTY1 Index|S 1 Comdty|SB1 Comdty|SF1 Curncy|SFR5 Comdty|SM1 Comdty|SM1 Index|TY1 Comdty|UXY1 Comdty|VG1 Index,sub1M_40,strict66
0.2897,0.0851,-0.1500,220,BO1 Comdty|BP1 Curncy|CC1 Comdty|CD1 Curncy|CF1 Index|CT1 Comdty|DF1 Comdty|DM1 Index|DU1 Comdty|EC1 Curncy|EO1 Index|FC1 Comdty|G 1 Comdty|GX1 Index|HG1 Comdty|IK1 Comdty|JB1 Comdty|JY1 Curncy|KW1 Comdty|LC1 Comdty|MES1 Index|NG1 Comdty|NO1 Index|NQ1 Index|NV1 Curncy|PE1 Curncy|QW1 Comdty|RS1 Comdty|RTY1 Index|S 1 Comdty|SF1 Curncy|SFR5 Comdty|SI1 Comdty|TP1 Index|TU1 Comdty|TY1 Comdty|UXY1 Comdty|VG1 Index|WN1 Comdty|XB1 Comdty,sub1M_40,strict66
0.3893,0.1833,0.1908,221,AD1 Curncy|BO1 Comdty|BP1 Curncy|C 1 Comdty|CF1 Index|CT1 Comdty|DF1 Comdty|DU1 Comdty|EC1 Curncy|EO1 Index|ER4 Comdty|FC1 Comdty|G 1 Comdty|GC1 Comdty|GX1 Index|HO1 Comdty|IK1 Comdty|JY1 Curncy|KC1 Comdty|KW1 Comdty|LC1 Comdty|NO1 Index|NQ1 Index|NV1 Curncy|OAT1 Comdty|PE1 Curncy|PL1 Comdty|QC1 Comdty|QS1 Comdty|RTY1 Index|SF1 Curncy|SM1 Comdty|SM1 Index|TP1 Index|UB1 Comdty|US1 Comdty|UXY1 Comdty|VG1 Index|WN1 Comdty|Z 1 Index,sub1M_40,strict66
0.4053,0.2625,0.3039,222,AD1 Curncy|BP1 Curncy|C 1 Comdty|CC1 Comdty|CL1 Comdty|CT1 Comdty|DF1 Comdty|EC1 Curncy|EO1 Index|ES1 Index|FC1 Comdty|FV1 Comdty|G 1 Comdty|GC1 Comdty|GX1 Index|JB1 Comdty|JY1 Curncy|MES1 Index|NO1 Index|NQ1 Index|NV1 Curncy|OAT1 Comdty|PE1 Curncy|PL1 Comdty|QC1 Comdty|RS1 Comdty|S 1 Comdty|SB1 Comdty|SF1 Curncy|SFI5 Comdty|SFR5 Comdty|SM1 Comdty|SM1 Index|TP1 Index|TY1 Comdty|UB1 Comdty|VG1 Index|WN1 Comdty|XB1 Comdty|Z 1 Index,sub1M_40,strict66
0.3348,0.1041,-0.1900,223,BO1 Comdty|BP1 Curncy|CD1 Curncy|CT1 Comdty|DF1 Comdty|DM1 Index|EC1 Curncy|EO1 Index|ES1 Index|FV1 Comdty|G 1 Comdty|GX1 Index|HG1 Comdty|HO1 Comdty|IK1 Comdty|JB1 Comdty|JY1 Curncy|KC1 Comdty|KW1 Comdty|LC1 Comdty|LH1 Comdty|NG1 Comdty|NO1 Index|NQ1 Index|NV1 Curncy|OAT1 Comdty|PE1 Curncy|QC1 Comdty|QW1 Comdty|RX1 Comdty|SF1 Curncy|SFR5 Comdty|SI1 Comdty|SM1 Comdty|SM1 Index|TP1 Index|UB1 Comdty|VG1 Index|WN1 Comdty|Z 1 Index,sub1M_40,strict66
0.4315,0.3770,0.1155,224,AD1 Curncy|BO1 Comdty|BP1 Curncy|CC1 Comdty|CD1 Curncy|CF1 Index|CL1 Comdty|CT1 Comdty|DM1 Index|EC1 Curncy|ES1 Index|FV1 Comdty|G 1 Comdty|GC1 Comdty|HG1 Comdty|HO1 Comdty|IK1 Comdty|JB1 Comdty|JY1 Curncy|KC1 Comdty|LC1 Comdty|LH1 Comdty|MES1 Index|NO1 Index|NQ1 Index|NV1 Curncy|PE1 Curncy|QC1 Comdty|RTY1 Index|RX1 Comdty|S 1 Comdty|SB1 Comdty|SFI5 Comdty|SM1 Comdty|SM1 Index|TP1 Index|TY1 Comdty|UXY1 Comdty|WN1 Comdty|Z 1 Index,sub1M_40,strict66
0.4751,0.3278,-0.0735,225,AD1 Curncy|BP1 Curncy|C 1 Comdty|CD1 Curncy|CF1 Index|CL1 Comdty|CT1 Comdty|DF1 Comdty|DM1 Index|DU1 Comdty|EC1 Curncy|ER4 Comdty|ES1 Index|FC1 Comdty|FV1 Comdty|GC1 Comdty|GX1 Index|IK1 Comdty|JY1 Curncy|KC1 Comdty|LH1 Comdty|MES1 Index|NQ1 Index|NV1 Curncy|PA1 Comdty|QW1 Comdty|RS1 Comdty|RTY1 Index|RX1 Comdty|SB1 Comdty|SF1 Curncy|SM1 Comdty|SM1 Index|TP1 Index|UB1 Comdty|US1 Comdty|UXY1 Comdty|VG1 Index|WN1 Comdty|XB1 Comdty,sub1M_40,strict66
0.2968,0.1850,-0.4984,226,AD1 Curncy|BO1 Comdty|BP1 Curncy|C 1 Comdty|CD1 Curncy|CF1 Index|DF1 Comdty|DM1 Index|DU1 Comdty|EC1 Curncy|EO1 Index|ER4 Comdty|ES1 Index|FC1 Comdty|IK1 Comdty|KW1 Comdty|LC1 Comdty|MES1 Index|NG1 Comdty|NO1 Index|NQ1 Index|NV1 Curncy|PA1 Comdty|PE1 Curncy|PL1 Comdty|QC1 Comdty|QS1 Comdty|QW1 Comdty|S 1 Comdty|SF1 Curncy|SFI5 Comdty|SFR5 Comdty|SM1 Index|TP1 Index|TU1 Comdty|UB1 Comdty|US1 Comdty|UXY1 Comdty|W 1 Comdty|Z 1 Index,sub1M_40,strict66
0.4419,0.3012,0.1562,227,AD1 Curncy|C 1 Comdty|CC1 Comdty|CD1 Curncy|CF1 Index|CL1 Comdty|CT1 Comdty|DF1 Comdty|DM1 Index|DU1 Comdty|EC1 Curncy|EO1 Index|ER4 Comdty|ES1 Index|FC1 Comdty|GC1 Comdty|GX1 Index|IK1 Comdty|JY1 Curncy|KC1 Comdty|KW1 Comdty|NQ1 Index|NV1 Curncy|OE1 Comdty|PA1 Comdty|PE1 Curncy|QC1 Comdty|SB1 Comdty|SF1 Curncy|SFI5 Comdty|SFR5 Comdty|SM1 Comdty|SM1 Index|TP1 Index|UB1 Comdty|US1 Comdty|VG1 Index|WN1 Comdty|XB1 Comdty|Z 1 Index,sub1M_40,strict66
0.3429,0.1601,-0.4777,228,AD1 Curncy|BP1 Curncy|C 1 Comdty|CD1 Curncy|CF1 Index|CT1 Comdty|DM1 Index|DU1 Comdty|EC1 Curncy|ES1 Index|FC1 Comdty|G 1 Comdty|GX1 Index|IK1 Comdty|JB1 Comdty|JY1 Curncy|LC1 Comdty|LH1 Comdty|MES1 Index|NG1 Comdty|NO1 Index|NQ1 Index|NV1 Curncy|OE1 Comdty|PA1 Comdty|PE1 Curncy|PL1 Comdty|QC1 Comdty|RS1 Comdty|RTY1 Index|S 1 Comdty|SB1 Comdty|SFI5 Comdty|SFR5 Comdty|SM1 Index|US1 Comdty|UXY1 Comdty|W 1 Comdty|XB1 Comdty|Z 1 Index,sub1M_40,strict66
0.4568,0.2921,0.1479,229,AD1 Curncy|CD1 Curncy|CF1 Index|CO1 Comdty|CT1 Comdty|DM1 Index|DU1 Comdty|EC1 Curncy|EO1 Index|ES1 Index|FV1 Comdty|G 1 Comdty|GC1 Comdty|GX1 Index|HO1 Comdty|IK1 Comdty|JY1 Curncy|KC1 Comdty|KW1 Comdty|LH1 Comdty|MES1 Index|NO1 Index|NQ1 Index|NV1 Curncy|OAT1 Comdty|PE1 Curncy|QC1 Comdty|QW1 Comdty|RS1 Comdty|RTY1 Index|S 1 Comdty|SB1 Comdty|SF1 Curncy|SFR5 Comdty|SI1 Comdty|SM1 Comdty|TU1 Comdty|TY1 Comdty|UXY1 Comdty|Z 1 Index,sub1M_40,strict66
0.3931,0.1804,-0.3464,230,AD1 Curncy|BO1 Comdty|BP1 Curncy|CL1 Comdty|DF1 Comdty|DM1 Index|EC1 Curncy|EO1 Index|ER4 Comdty|ES1 Index|FC1 Comdty|G 1 Comdty|GX1 Index|IK1 Comdty|JB1 Comdty|JY1 Curncy|KC1 Comdty|KW1 Comdty|LC1 Comdty|NO1 Index|NQ1 Index|NV1 Curncy|PA1 Comdty|PE1 Curncy|QC1 Comdty|RS1 Comdty|RTY1 Index|SB1 Comdty|SF1 Curncy|SFI5 Comdty|SI1 Comdty|SM1 Index|TP1 Index|TU1 Comdty|TY1 Comdty|UB1 Comdty|US1 Comdty|VG1 Index|W 1 Comdty|XB1 Comdty,sub1M_40,strict66
0.5437,0.4483,0.0756,231,AD1 Curncy|BO1 Comdty|BP1 Curncy|C 1 Comdty|CC1 Comdty|CD1 Curncy|CF1 Index|CO1 Comdty|DF1 Comdty|DU1 Comdty|EC1 Curncy|EO1 Index|ES1 Index|FV1 Comdty|G 1 Comdty|GC1 Comdty|GX1 Index|IK1 Comdty|JY1 Curncy|LC1 Comdty|LH1 Comdty|NO1 Index|NQ1 Index|OE1 Comdty|PA1 Comdty|PE1 Curncy|QS1 Comdty|QW1 Comdty|RS1 Comdty|RTY1 Index|S 1 Comdty|SF1 Curncy|SFR5 Comdty|SM1 Comdty|SM1 Index|TP1 Index|TY1 Comdty|UB1 Comdty|US1 Comdty|VG1 Index,sub1M_40,strict66
0.4934,0.3548,-0.0423,232,AD1 Curncy|BO1 Comdty|BP1 Curncy|CC1 Comdty|CD1 Curncy|CF1 Index|CO1 Comdty|CT1 Comdty|DM1 Index|DU1 Comdty|EC1 Curncy|ES1 Index|FC1 Comdty|G 1 Comdty|GC1 Comdty|GX1 Index|IK1 Comdty|KC1 Comdty|LH1 Comdty|MES1 Index|NO1 Index|NV1 Curncy|OAT1 Comdty|OE1 Comdty|PA1 Comdty|PE1 Curncy|QC1 Comdty|QS1 Comdty|QW1 Comdty|RTY1 Index|S 1 Comdty|SF1 Curncy|SFR5 Comdty|SM1 Comdty|SM1 Index|US1 Comdty|UXY1 Comdty|VG1 Index|WN1 Comdty|Z 1 Index,sub1M_40,strict66
0.2540,0.0752,-0.4522,233,AD1 Curncy|BO1 Comdty|BP1 Curncy|C 1 Comdty|CC1 Comdty|CD1 Curncy|CF1 Index|CO1 Comdty|DM1 Index|DU1 Comdty|EC1 Curncy|EO1 Index|ER4 Comdty|GX1 Index|HO1 Comdty|IK1 Comdty|JY1 Curncy|KC1 Comdty|KW1 Comdty|LC1 Comdty|LH1 Comdty|MES1 Index|NO1 Index|NV1 Curncy|OE1 Comdty|PE1 Curncy|PL1 Comdty|QW1 Comdty|RS1 Comdty|RTY1 Index|RX1 Comdty|SI1 Comdty|SM1 Comdty|SM1 Index|TP1 Index|TU1 Comdty|TY1 Comdty|US1 Comdty|WN1 Comdty|Z 1 Index,sub1M_40,strict66
0.2897,0.2246,-0.5654,234,BP1 Curncy|CD1 Curncy|CL1 Comdty|DF1 Comdty|DM1 Index|DU1 Comdty|EC1 Curncy|EO1 Index|ES1 Index|FV1 Comdty|G 1 Comdty|GX1 Index|IK1 Comdty|JY1 Curncy|KC1 Comdty|LC1 Comdty|LH1 Comdty|MES1 Index|NO1 Index|NV1 Curncy|OAT1 Comdty|PA1 Comdty|PE1 Curncy|PL1 Comdty|QC1 Comdty|QS1 Comdty|QW1 Comdty|RS1 Comdty|RTY1 Index|S 1 Comdty|SF1 Curncy|SFI5 Comdty|SFR5 Comdty|SM1 Comdty|SM1 Index|TU1 Comdty|VG1 Index|W 1 Comdty|WN1 Comdty|Z 1 Index,sub1M_40,strict66
0.3041,0.1896,-0.5286,235,AD1 Curncy|BO1 Comdty|BP1 Curncy|CC1 Comdty|CD1 Curncy|CF1 Index|CL1 Comdty|CT1 Comdty|DF1 Comdty|DM1 Index|DU1 Comdty|ES1 Index|G 1 Comdty|GX1 Index|IK1 Comdty|JB1 Comdty|JY1 Curncy|LH1 Comdty|MES1 Index|NO1 Index|NQ1 Index|NV1 Curncy|PA1 Comdty|PE1 Curncy|QW1 Comdty|RS1 Comdty|RTY1 Index|S 1 Comdty|SB1 Comdty|SF1 Curncy|SFI5 Comdty|SFR5 Comdty|SI1 Comdty|SM1 Comdty|SM1 Index|TU1 Comdty|TY1 Comdty|UXY1 Comdty|VG1 Index|XB1 Comdty,sub1M_40,strict66
0.4084,0.2741,0.1584,236,AD1 Curncy|BO1 Comdty|C 1 Comdty|CD1 Curncy|CF1 Index|CL1 Comdty|CT1 Comdty|EC1 Curncy|EO1 Index|ES1 Index|FV1 Comdty|G 1 Comdty|GC1 Comdty|HG1 Comdty|JB1 Comdty|JY1 Curncy|KC1 Comdty|KW1 Comdty|LC1 Comdty|LH1 Comdty|MES1 Index|NO1 Index|NQ1 Index|NV1 Curncy|OE1 Comdty|PE1 Curncy|QC1 Comdty|QS1 Comdty|RTY1 Index|SB1 Comdty|SF1 Curncy|SFI5 Comdty|SM1 Index|TP1 Index|UB1 Comdty|US1 Comdty|UXY1 Comdty|W 1 Comdty|WN1 Comdty|Z 1 Index,sub1M_40,strict66
0.2545,0.0820,-0.4103,237,AD1 Curncy|C 1 Comdty|CD1 Curncy|CF1 Index|CT1 Comdty|DU1 Comdty|EC1 Curncy|ES1 Index|FC1 Comdty|FV1 Comdty|GX1 Index|HG1 Comdty|HO1 Comdty|JY1 Curncy|KC1 Comdty|KW1 Comdty|MES1 Index|NO1 Index|NQ1 Index|NV1 Curncy|OAT1 Comdty|OE1 Comdty|PE1 Curncy|PL1 Comdty|QC1 Comdty|QS1 Comdty|RS1 Comdty|RTY1 Index|RX1 Comdty|S 1 Comdty|SB1 Comdty|SF1 Curncy|SFI5 Comdty|SM1 Comdty|SM1 Index|TP1 Index|TY1 Comdty|UXY1 Comdty|WN1 Comdty|Z 1 Index,sub1M_40,strict66
0.3992,0.3434,0.3193,238,BP1 Curncy|CC1 Comdty|CD1 Curncy|CF1 Index|CL1 Comdty|CT1 Comdty|DF1 Comdty|DM1 Index|EC1 Curncy|EO1 Index|FC1 Comdty|FV1 Comdty|GC1 Comdty|HO1 Comdty|JY1 Curncy|KC1 Comdty|LH1 Comdty|MES1 Index|NO1 Index|NQ1 Index|NV1 Curncy|PE1 Curncy|PL1 Comdty|QC1 Comdty|QW1 Comdty|RS1 Comdty|RTY1 Index|RX1 Comdty|SF1 Curncy|SFI5 Comdty|SFR5 Comdty|SM1 Comdty|TP1 Index|TU1 Comdty|TY1 Comdty|UB1 Comdty|US1 Comdty|VG1 Index|WN1 Comdty|Z 1 Index,sub1M_40,strict66
0.4556,0.1776,-0.3901,239,BO1 Comdty|BP1 Curncy|CD1 Curncy|CF1 Index|CT1 Comdty|EC1 Curncy|EO1 Index|ER4 Comdty|ES1 Index|FC1 Comdty|GX1 Index|JB1 Comdty|JY1 Curncy|KC1 Comdty|KW1 Comdty|MES1 Index|NG1 Comdty|NQ1 Index|NV1 Curncy|OAT1 Comdty|PA1 Comdty|PE1 Curncy|QC1 Comdty|QS1 Comdty|RS1 Comdty|RTY1 Index|RX1 Comdty|S 1 Comdty|SB1 Comdty|SF1 Curncy|SFI5 Comdty|SI1 Comdty|SM1 Index|TP1 Index|TU1 Comdty|TY1 Comdty|UB1 Comdty|UXY1 Comdty|VG1 Index|W 1 Comdty,sub1M_40,strict66
0.3968,0.2121,-0.2830,240,AD1 Curncy|BO1 Comdty|BP1 Curncy|CD1 Curncy|CL1 Comdty|DF1 Comdty|DM1 Index|EC1 Curncy|ER4 Comdty|ES1 Index|FC1 Comdty|FV1 Comdty|GX1 Index|HG1 Comdty|JB1 Comdty|JY1 Curncy|KC1 Comdty|KW1 Comdty|LH1 Comdty|MES1 Index|NQ1 Index|NV1 Curncy|OAT1 Comdty|PE1 Curncy|QC1 Comdty|QS1 Comdty|QW1 Comdty|RS1 Comdty|RTY1 Index|RX1 Comdty|SFI5 Comdty|SI1 Comdty|SM1 Index|TP1 Index|TU1 Comdty|UB1 Comdty|VG1 Index|W 1 Comdty|WN1 Comdty|Z 1 Index,sub1M_40,strict66
0.3177,0.2443,0.2434,241,AD1 Curncy|BO1 Comdty|BP1 Curncy|CC1 Comdty|CD1 Curncy|CF1 Index|CL1 Comdty|DF1 Comdty|DM1 Index|DU1 Comdty|EC1 Curncy|EO1 Index|ER4 Comdty|FC1 Comdty|FV1 Comdty|G 1 Comdty|GC1 Comdty|GX1 Index|HO1 Comdty|JY1 Curncy|KC1 Comdty|LH1 Comdty|MES1 Index|NQ1 Index|NV1 Curncy|OE1 Comdty|PL1 Comdty|QC1 Comdty|RS1 Comdty|RTY1 Index|S 1 Comdty|SF1 Curncy|SFR5 Comdty|SM1 Index|TP1 Index|TU1 Comdty|TY1 Comdty|UXY1 Comdty|VG1 Index|W 1 Comdty,sub1M_40,strict66
0.2559,0.1297,-0.3251,242,AD1 Curncy|BO1 Comdty|BP1 Curncy|C 1 Comdty|CD1 Curncy|CF1 Index|DM1 Index|EO1 Index|ER4 Comdty|ES1 Index|FC1 Comdty|GX1 Index|HG1 Comdty|HO1 Comdty|JB1 Comdty|JY1 Curncy|KC1 Comdty|LC1 Comdty|LH1 Comdty|NG1 Comdty|NO1 Index|NQ1 Index|NV1 Curncy|OAT1 Comdty|PE1 Curncy|PL1 Comdty|QC1 Comdty|QW1 Comdty|RS1 Comdty|S 1 Comdty|SF1 Curncy|SFR5 Comdty|SM1 Index|TP1 Index|TU1 Comdty|TY1 Comdty|UB1 Comdty|US1 Comdty|WN1 Comdty|Z 1 Index,sub1M_40,strict66
0.4422,0.1784,0.1763,243,BP1 Curncy|C 1 Comdty|CD1 Curncy|CF1 Index|CT1 Comdty|DF1 Comdty|DM1 Index|EC1 Curncy|EO1 Index|ES1 Index|G 1 Comdty|GC1 Comdty|HO1 Comdty|JY1 Curncy|KC1 Comdty|LC1 Comdty|LH1 Comdty|MES1 Index|NG1 Comdty|NO1 Index|NQ1 Index|NV1 Curncy|OAT1 Comdty|OE1 Comdty|PE1 Curncy|QC1 Comdty|RS1 Comdty|RX1 Comdty|SF1 Curncy|SFI5 Comdty|SFR5 Comdty|SI1 Comdty|SM1 Comdty|SM1 Index|UB1 Comdty|US1 Comdty|VG1 Index|W 1 Comdty|WN1 Comdty|Z 1 Index,sub1M_40,strict66
0.3758,0.2387,0.0495,244,AD1 Curncy|BO1 Comdty|C 1 Comdty|CD1 Curncy|CF1 Index|CT1 Comdty|DF1 Comdty|DM1 Index|DU1 Comdty|EC1 Curncy|EO1 Index|ES1 Index|FV1 Comdty|GC1 Comdty|GX1 Index|HO1 Comdty|JY1 Curncy|KC1 Comdty|KW1 Comdty|LH1 Comdty|NO1 Index|NQ1 Index|NV1 Curncy|OAT1 Comdty|OE1 Comdty|PE1 Curncy|PL1 Comdty|QS1 Comdty|QW1 Comdty|RS1 Comdty|SF1 Curncy|SFI5 Comdty|SM1 Index|TP1 Index|TY1 Comdty|UB1 Comdty|US1 Comdty|UXY1 Comdty|W 1 Comdty|Z 1 Index,sub1M_40,strict66
0.3844,0.2798,-0.3070,245,AD1 Curncy|C 1 Comdty|CD1 Curncy|CF1 Index|CO1 Comdty|CT1 Comdty|DF1 Comdty|EC1 Curncy|EO1 Index|ER4 Comdty|ES1 Index|FC1 Comdty|GX1 Index|HG1 Comdty|IK1 Comdty|JB1 Comdty|JY1 Curncy|KW1 Comdty|LC1 Comdty|MES1 Index|NO1 Index|NQ1 Index|NV1 Curncy|PA1 Comdty|PE1 Curncy|QC1 Comdty|QW1 Comdty|RS1 Comdty|SF1 Curncy|SFR5 Comdty|SM1 Index|TY1 Comdty|UB1 Comdty|US1 Comdty|UXY1 Comdty|VG1 Index|W 1 Comdty|WN1 Comdty|XB1 Comdty|Z 1 Index,sub1M_40,strict66
0.4900,0.3437,0.1392,246,BP1 Curncy|CD1 Curncy|CF1 Index|DF1 Comdty|DM1 Index|EC1 Curncy|ER4 Comdty|ES1 Index|FC1 Comdty|FV1 Comdty|GC1 Comdty|HG1 Comdty|JB1 Comdty|JY1 Curncy|KC1 Comdty|LH1 Comdty|MES1 Index|NO1 Index|NQ1 Index|NV1 Curncy|OE1 Comdty|PE1 Curncy|QC1 Comdty|QS1 Comdty|RS1 Comdty|RX1 Comdty|S 1 Comdty|SB1 Comdty|SF1 Curncy|SFI5 Comdty|SFR5 Comdty|SM1 Comdty|SM1 Index|TP1 Index|TU1 Comdty|VG1 Index|W 1 Comdty|WN1 Comdty|XB1 Comdty|Z 1 Index,sub1M_40,strict66
0.3190,0.1587,-0.3339,247,AD1 Curncy|BO1 Comdty|BP1 Curncy|C 1 Comdty|CC1 Comdty|CD1 Curncy|CF1 Index|CO1 Comdty|DM1 Index|DU1 Comdty|EC1 Curncy|EO1 Index|ER4 Comdty|ES1 Index|FC1 Comdty|GX1 Index|HG1 Comdty|JB1 Comdty|LC1 Comdty|LH1 Comdty|MES1 Index|NO1 Index|NQ1 Index|NV1 Curncy|PE1 Curncy|QW1 Comdty|RS1 Comdty|RTY1 Index|S 1 Comdty|SF1 Curncy|SFI5 Comdty|SI1 Comdty|TP1 Index|TU1 Comdty|TY1 Comdty|UB1 Comdty|US1 Comdty|UXY1 Comdty|W 1 Comdty|XB1 Comdty,sub1M_40,strict66
0.5526,0.4129,0.0602,248,AD1 Curncy|BO1 Comdty|CD1 Curncy|CL1 Comdty|CO1 Comdty|CT1 Comdty|EC1 Curncy|EO1 Index|ER4 Comdty|ES1 Index|FC1 Comdty|G 1 Comdty|GC1 Comdty|IK1 Comdty|JY1 Curncy|KW1 Comdty|LC1 Comdty|MES1 Index|NO1 Index|NQ1 Index|NV1 Curncy|OAT1 Comdty|PA1 Comdty|PE1 Curncy|QC1 Comdty|QW1 Comdty|RS1 Comdty|RTY1 Index|RX1 Comdty|SF1 Curncy|SFR5 Comdty|SM1 Comdty|SM1 Index|TP1 Index|TY1 Comdty|US1 Comdty|VG1 Index|W 1 Comdty|WN1 Comdty|Z 1 Index,sub1M_40,strict66
0.5017,0.4530,0.0410,249,AD1 Curncy|BP1 Curncy|C 1 Comdty|CF1 Index|CO1 Comdty|CT1 Comdty|DF1 Comdty|DM1 Index|DU1 Comdty|EC1 Curncy|ES1 Index|FC1 Comdty|FV1 Comdty|GC1 Comdty|GX1 Index|HO1 Comdty|JY1 Curncy|KC1 Comdty|LC1 Comdty|NO1 Index|NQ1 Index|NV1 Curncy|PA1 Comdty|PE1 Curncy|QW1 Comdty|RS1 Comdty|SB1 Comdty|SF1 Curncy|SFI5 Comdty|SFR5 Comdty|SM1 Comdty|SM1 Index|TP1 Index|TU1 Comdty|TY1 Comdty|UB1 Comdty|US1 Comdty|UXY1 Comdty|VG1 Index|Z 1 Index,sub1M_40,strict66
0.3900,0.3277,0.2785,250,AD1 Curncy|BP1 Curncy|CD1 Curncy|CF1 Index|DF1 Comdty|DU1 Comdty|EO1 Index|FC1 Comdty|FV1 Comdty|GC1 Comdty|GX1 Index|HG1 Comdty|HO1 Comdty|JB1 Comdty|JY1 Curncy|KW1 Comdty|LC1 Comdty|LH1 Comdty|MES1 Index|NO1 Index|NQ1 Index|NV1 Curncy|OE1 Comdty|PE1 Curncy|QC1 Comdty|QS1 Comdty|RS1 Comdty|RTY1 Index|S 1 Comdty|SB1 Comdty|SF1 Curncy|SFR5 Comdty|SM1 Comdty|TP1 Index|TU1 Comdty|TY1 Comdty|UB1 Comdty|UXY1 Comdty|VG1 Index|Z 1 Index,sub1M_40,strict66
0.4085,0.2862,0.0663,251,AD1 Curncy|BO1 Comdty|C 1 Comdty|CC1 Comdty|CD1 Curncy|CF1 Index|CO1 Comdty|DF1 Comdty|DM1 Index|DU1 Comdty|EC1 Curncy|ES1 Index|FV1 Comdty|G 1 Comdty|GC1 Comdty|HG1 Comdty|IK1 Comdty|JY1 Curncy|KW1 Comdty|MES1 Index|NO1 Index|NQ1 Index|NV1 Curncy|OE1 Comdty|PE1 Curncy|QC1 Comdty|QS1 Comdty|QW1 Comdty|RS1 Comdty|RTY1 Index|S 1 Comdty|SF1 Curncy|SM1 Index|TU1 Comdty|TY1 Comdty|UB1 Comdty|UXY1 Comdty|VG1 Index|W 1 Comdty|Z 1 Index,sub1M_40,strict66
0.4266,0.2587,0.3468,252,BP1 Curncy|CD1 Curncy|CT1 Comdty|DF1 Comdty|DM1 Index|EC1 Curncy|ES1 Index|FC1 Comdty|FV1 Comdty|G 1 Comdty|GC1 Comdty|GX1 Index|IK1 Comdty|JB1 Comdty|JY1 Curncy|KC1 Comdty|KW1 Comdty|LH1 Comdty|MES1 Index|NO1 Index|NV1 Curncy|OAT1 Comdty|PE1 Curncy|PL1 Comdty|QC1 Comdty|QS1 Comdty|QW1 Comdty|RTY1 Index|S 1 Comdty|SF1 Curncy|SFR5 Comdty|SM1 Index|TP1 Index|TU1 Comdty|TY1 Comdty|UB1 Comdty|VG1 Index|W 1 Comdty|XB1 Comdty|Z 1 Index,sub1M_40,strict66
0.2786,0.1041,-0.2373,253,AD1 Curncy|BO1 Comdty|BP1 Curncy|CC1 Comdty|CD1 Curncy|CF1 Index|CT1 Comdty|DM1 Index|DU1 Comdty|EC1 Curncy|ER4 Comdty|ES1 Index|FC1 Comdty|FV1 Comdty|G 1 Comdty|GX1 Index|HG1 Comdty|HO1 Comdty|JY1 Curncy|LC1 Comdty|LH1 Comdty|NO1 Index|NV1 Curncy|PE1 Curncy|RTY1 Index|RX1 Comdty|S 1 Comdty|SB1 Comdty|SFR5 Comdty|SI1 Comdty|SM1 Comdty|SM1 Index|TP1 Index|UB1 Comdty|UXY1 Comdty|VG1 Index|W 1 Comdty|WN1 Comdty|XB1 Comdty|Z 1 Index,sub1M_40,strict66
0.2678,0.0432,-0.4336,254,AD1 Curncy|BP1 Curncy|C 1 Comdty|CD1 Curncy|CF1 Index|DM1 Index|DU1 Comdty|EC1 Curncy|EO1 Index|ER4 Comdty|FC1 Comdty|G 1 Comdty|GX1 Index|HG1 Comdty|HO1 Comdty|IK1 Comdty|JY1 Curncy|KC1 Comdty|KW1 Comdty|LH1 Comdty|MES1 Index|NO1 Index|NV1 Curncy|QS1 Comdty|QW1 Comdty|RTY1 Index|RX1 Comdty|S 1 Comdty|SB1 Comdty|SF1 Curncy|SFR5 Comdty|SI1 Comdty|SM1 Comdty|SM1 Index|TU1 Comdty|UB1 Comdty|UXY1 Comdty|VG1 Index|W 1 Comdty|Z 1 Index,sub1M_40,strict66
0.3002,0.1252,0.1131,255,AD1 Curncy|BO1 Comdty|BP1 Curncy|CD1 Curncy|CF1 Index|CL1 Comdty|CT1 Comdty|DF1 Comdty|DM1 Index|DU1 Comdty|EO1 Index|ER4 Comdty|ES1 Index|FV1 Comdty|GC1 Comdty|JY1 Curncy|KC1 Comdty|LC1 Comdty|NG1 Comdty|NO1 Index|NQ1 Index|NV1 Curncy|OE1 Comdty|PE1 Curncy|PL1 Comdty|QC1 Comdty|QW1 Comdty|RTY1 Index|RX1 Comdty|SB1 Comdty|SF1 Curncy|SFR5 Comdty|SM1 Comdty|SM1 Index|TP1 Index|TY1 Comdty|US1 Comdty|W 1 Comdty|WN1 Comdty|Z 1 Index,sub1M_40,strict66
0.1899,0.0685,-0.3719,256,AD1 Curncy|BO1 Comdty|BP1 Curncy|CC1 Comdty|CD1 Curncy|CF1 Index|CO1 Comdty|DM1 Index|DU1 Comdty|EC1 Curncy|EO1 Index|ES1 Index|FV1 Comdty|G 1 Comdty|GX1 Index|HG1 Comdty|HO1 Comdty|JB1 Comdty|JY1 Curncy|KC1 Comdty|KW1 Comdty|LC1 Comdty|NO1 Index|NQ1 Index|OE1 Comdty|PE1 Curncy|PL1 Comdty|QC1 Comdty|QW1 Comdty|RS1 Comdty|RX1 Comdty|S 1 Comdty|SF1 Curncy|SFR5 Comdty|SM1 Index|TU1 Comdty|US1 Comdty|VG1 Index|W 1 Comdty|Z 1 Index,sub1M_40,strict66
0.3532,0.2497,-0.4971,257,AD1 Curncy|BO1 Comdty|BP1 Curncy|C 1 Comdty|CC1 Comdty|CD1 Curncy|CF1 Index|CO1 Comdty|CT1 Comdty|DF1 Comdty|DM1 Index|EC1 Curncy|EO1 Index|ER4 Comdty|ES1 Index|FC1 Comdty|G 1 Comdty|HG1 Comdty|HO1 Comdty|JB1 Comdty|JY1 Curncy|KW1 Comdty|MES1 Index|NO1 Index|NQ1 Index|NV1 Curncy|OAT1 Comdty|OE1 Comdty|PA1 Comdty|QC1 Comdty|SB1 Comdty|SF1 Curncy|SFR5 Comdty|SM1 Comdty|SM1 Index|UB1 Comdty|US1 Comdty|VG1 Index|WN1 Comdty|Z 1 Index,sub1M_40,strict66
0.4638,0.3027,0.0719,258,BO1 Comdty|BP1 Curncy|CC1 Comdty|CD1 Curncy|CF1 Index|CL1 Comdty|DU1 Comdty|EC1 Curncy|EO1 Index|ER4 Comdty|ES1 Index|FC1 Comdty|FV1 Comdty|G 1 Comdty|GC1 Comdty|GX1 Index|HG1 Comdty|JB1 Comdty|JY1 Curncy|KC1 Comdty|KW1 Comdty|LC1 Comdty|LH1 Comdty|MES1 Index|NO1 Index|NQ1 Index|NV1 Curncy|OAT1 Comdty|PE1 Curncy|QS1 Comdty|RS1 Comdty|RX1 Comdty|SB1 Comdty|SF1 Curncy|SFI5 Comdty|SM1 Index|TP1 Index|UXY1 Comdty|VG1 Index|W 1 Comdty,sub1M_40,strict66
0.4089,0.1990,0.3519,259,AD1 Curncy|C 1 Comdty|CC1 Comdty|CD1 Curncy|CF1 Index|DF1 Comdty|DM1 Index|DU1 Comdty|EC1 Curncy|GC1 Comdty|GX1 Index|HO1 Comdty|IK1 Comdty|JY1 Curncy|KC1 Comdty|KW1 Comdty|LC1 Comdty|NO1 Index|NQ1 Index|NV1 Curncy|OAT1 Comdty|OE1 Comdty|PE1 Curncy|QC1 Comdty|QS1 Comdty|QW1 Comdty|RTY1 Index|RX1 Comdty|SB1 Comdty|SF1 Curncy|SI1 Comdty|SM1 Comdty|SM1 Index|TP1 Index|TU1 Comdty|TY1 Comdty|US1 Comdty|UXY1 Comdty|VG1 Index|Z 1 Index,sub1M_40,strict66
0.3578,0.2322,-0.3541,260,AD1 Curncy|BP1 Curncy|C 1 Comdty|CC1 Comdty|CF1 Index|CT1 Comdty|DF1 Comdty|DM1 Index|EC1 Curncy|EO1 Index|ES1 Index|FV1 Comdty|HO1 Comdty|JY1 Curncy|LC1 Comdty|NG1 Comdty|NO1 Index|NQ1 Index|NV1 Curncy|OAT1 Comdty|OE1 Comdty|PA1 Comdty|PE1 Curncy|RS1 Comdty|RTY1 Index|S 1 Comdty|SB1 Comdty|SF1 Curncy|SFI5 Comdty|SFR5 Comdty|SI1 Comdty|SM1 Comdty|SM1 Index|TU1 Comdty|TY1 Comdty|UXY1 Comdty|VG1 Index|W 1 Comdty|WN1 Comdty|Z 1 Index,sub1M_40,strict66
0.3210,0.1469,-0.1087,261,BO1 Comdty|BP1 Curncy|C 1 Comdty|CC1 Comdty|CD1 Curncy|CL1 Comdty|DM1 Index|EC1 Curncy|EO1 Index|ER4 Comdty|ES1 Index|FC1 Comdty|FV1 Comdty|HG1 Comdty|JB1 Comdty|JY1 Curncy|KC1 Comdty|LC1 Comdty|LH1 Comdty|NO1 Index|NQ1 Index|NV1 Curncy|OE1 Comdty|PE1 Curncy|QW1 Comdty|RS1 Comdty|RTY1 Index|S 1 Comdty|SF1 Curncy|SI1 Comdty|SM1 Index|TP1 Index|TU1 Comdty|UB1 Comdty|US1 Comdty|UXY1 Comdty|VG1 Index|WN1 Comdty|XB1 Comdty|Z 1 Index,sub1M_40,strict66
0.3173,0.2614,-0.7143,262,AD1 Curncy|BO1 Comdty|BP1 Curncy|CD1 Curncy|CF1 Index|CL1 Comdty|CT1 Comdty|DM1 Index|EC1 Curncy|ER4 Comdty|ES1 Index|FV1 Comdty|GX1 Index|HG1 Comdty|JY1 Curncy|KW1 Comdty|LC1 Comdty|LH1 Comdty|MES1 Index|NO1 Index|NQ1 Index|NV1 Curncy|PA1 Comdty|QC1 Comdty|QS1 Comdty|QW1 Comdty|RTY1 Index|RX1 Comdty|SB1 Comdty|SF1 Curncy|SFI5 Comdty|SFR5 Comdty|SM1 Comdty|SM1 Index|TU1 Comdty|TY1 Comdty|UB1 Comdty|UXY1 Comdty|W 1 Comdty|Z 1 Index,sub1M_40,strict66
0.3888,0.2087,-0.5775,263,BO1 Comdty|BP1 Curncy|C 1 Comdty|CD1 Curncy|CF1 Index|DF1 Comdty|DU1 Comdty|EC1 Curncy|EO1 Index|ES1 Index|FC1 Comdty|G 1 Comdty|HG1 Comdty|HO1 Comdty|IK1 Comdty|JB1 Comdty|JY1 Curncy|KC1 Comdty|LH1 Comdty|MES1 Index|NG1 Comdty|NO1 Index|NQ1 Index|NV1 Curncy|OAT1 Comdty|OE1 Comdty|PA1 Comdty|PE1 Curncy|QC1 Comdty|QW1 Comdty|RS1 Comdty|RTY1 Index|RX1 Comdty|SF1 Curncy|SFI5 Comdty|SM1 Comdty|SM1 Index|TP1 Index|UB1 Comdty|VG1 Index,sub1M_40,strict66
0.2143,0.0706,-0.6546,264,AD1 Curncy|CD1 Curncy|CF1 Index|CT1 Comdty|DF1 Comdty|DM1 Index|EC1 Curncy|ER4 Comdty|ES1 Index|GX1 Index|HG1 Comdty|HO1 Comdty|JB1 Comdty|JY1 Curncy|KC1 Comdty|LH1 Comdty|NG1 Comdty|NQ1 Index|NV1 Curncy|OAT1 Comdty|PE1 Curncy|PL1 Comdty|QW1 Comdty|RS1 Comdty|RTY1 Index|S 1 Comdty|SB1 Comdty|SF1 Curncy|SFI5 Comdty|SFR5 Comdty|SM1 Comdty|SM1 Index|TP1 Index|TU1 Comdty|UB1 Comdty|US1 Comdty|VG1 Index|W 1 Comdty|WN1 Comdty|Z 1 Index,sub1M_40,strict66
0.4022,0.1875,0.1501,265,AD1 Curncy|BP1 Curncy|C 1 Comdty|CD1 Curncy|CF1 Index|CO1 Comdty|CT1 Comdty|DF1 Comdty|DM1 Index|EC1 Curncy|EO1 Index|ER4 Comdty|ES1 Index|FC1 Comdty|FV1 Comdty|GC1 Comdty|JB1 Comdty|JY1 Curncy|KC1 Comdty|KW1 Comdty|LC1 Comdty|MES1 Index|NQ1 Index|NV1 Curncy|OE1 Comdty|PL1 Comdty|QC1 Comdty|RTY1 Index|RX1 Comdty|SF1 Curncy|SFI5 Comdty|SM1 Comdty|TP1 Index|TY1 Comdty|UB1 Comdty|UXY1 Comdty|VG1 Index|W 1 Comdty|XB1 Comdty|Z 1 Index,sub1M_40,strict66
0.2998,0.1451,-0.5579,266,AD1 Curncy|BO1 Comdty|BP1 Curncy|CF1 Index|DF1 Comdty|DM1 Index|DU1 Comdty|EC1 Curncy|EO1 Index|ER4 Comdty|FV1 Comdty|GX1 Index|IK1 Comdty|JY1 Curncy|KC1 Comdty|LC1 Comdty|NG1 Comdty|NQ1 Index|NV1 Curncy|OAT1 Comdty|PA1 Comdty|PE1 Curncy|PL1 Comdty|QC1 Comdty|QS1 Comdty|RS1 Comdty|RTY1 Index|S 1 Comdty|SB1 Comdty|SF1 Curncy|SFR5 Comdty|SM1 Comdty|SM1 Index|TP1 Index|TU1 Comdty|TY1 Comdty|UB1 Comdty|VG1 Index|W 1 Comdty|Z 1 Index,sub1M_40,strict66
0.4758,0.3217,0.1631,267,AD1 Curncy|BO1 Comdty|BP1 Curncy|C 1 Comdty|CC1 Comdty|CF1 Index|DF1 Comdty|DM1 Index|DU1 Comdty|EC1 Curncy|EO1 Index|FC1 Comdty|GC1 Comdty|GX1 Index|IK1 Comdty|JB1 Comdty|JY1 Curncy|LH1 Comdty|MES1 Index|NG1 Comdty|NO1 Index|NQ1 Index|NV1 Curncy|OE1 Comdty|PA1 Comdty|PE1 Curncy|RS1 Comdty|RTY1 Index|S 1 Comdty|SF1 Curncy|SFR5 Comdty|SM1 Comdty|SM1 Index|TP1 Index|TU1 Comdty|US1 Comdty|UXY1 Comdty|W 1 Comdty|WN1 Comdty|XB1 Comdty,sub1M_40,strict66
0.3982,0.3236,0.0537,268,AD1 Curncy|BO1 Comdty|BP1 Curncy|CC1 Comdty|CD1 Curncy|CF1 Index|DM1 Index|EO1 Index|ER4 Comdty|ES1 Index|FC1 Comdty|G 1 Comdty|GC1 Comdty|HO1 Comdty|JB1 Comdty|JY1 Curncy|LH1 Comdty|MES1 Index|NQ1 Index|NV1 Curncy|OAT1 Comdty|PA1 Comdty|PE1 Curncy|QC1 Comdty|QW1 Comdty|RTY1 Index|RX1 Comdty|S 1 Comdty|SB1 Comdty|SF1 Curncy|SFR5 Comdty|SM1 Comdty|SM1 Index|TP1 Index|TU1 Comdty|TY1 Comdty|W 1 Comdty|WN1 Comdty|XB1 Comdty|Z 1 Index,sub1M_40,strict66
0.3726,0.1753,-0.5113,269,AD1 Curncy|BP1 Curncy|CD1 Curncy|CF1 Index|CO1 Comdty|CT1 Comdty|DF1 Comdty|DM1 Index|DU1 Comdty|EC1 Curncy|EO1 Index|ER4 Comdty|ES1 Index|FC1 Comdty|G 1 Comdty|GX1 Index|JY1 Curncy|KC1 Comdty|KW1 Comdty|LC1 Comdty|LH1 Comdty|MES1 Index|NG1 Comdty|NO1 Index|NQ1 Index|NV1 Curncy|OAT1 Comdty|OE1 Comdty|PA1 Comdty|PL1 Comdty|QW1 Comdty|SB1 Comdty|SF1 Curncy|SFR5 Comdty|SM1 Comdty|TP1 Index|TY1 Comdty|UB1 Comdty|UXY1 Comdty|VG1 Index,sub1M_40,strict66
0.2879,0.2063,-0.0265,270,AD1 Curncy|BO1 Comdty|BP1 Curncy|C 1 Comdty|CD1 Curncy|CT1 Comdty|DF1 Comdty|DM1 Index|DU1 Comdty|EC1 Curncy|EO1 Index|ER4 Comdty|ES1 Index|GC1 Comdty|HG1 Comdty|HO1 Comdty|KC1 Comdty|KW1 Comdty|LH1 Comdty|MES1 Index|NO1 Index|NQ1 Index|NV1 Curncy|OAT1 Comdty|OE1 Comdty|PE1 Curncy|QW1 Comdty|RTY1 Index|RX1 Comdty|S 1 Comdty|SF1 Curncy|TP1 Index|TU1 Comdty|TY1 Comdty|UXY1 Comdty|VG1 Index|W 1 Comdty|WN1 Comdty|XB1 Comdty|Z 1 Index,sub1M_40,strict66
0.4732,0.2862,0.1507,271,AD1 Curncy|BO1 Comdty|BP1 Curncy|C 1 Comdty|CC1 Comdty|CF1 Index|DM1 Index|DU1 Comdty|EC1 Curncy|EO1 Index|ES1 Index|G 1 Comdty|GC1 Comdty|GX1 Index|IK1 Comdty|JB1 Comdty|JY1 Curncy|KC1 Comdty|LC1 Comdty|LH1 Comdty|NG1 Comdty|NO1 Index|NQ1 Index|NV1 Curncy|OAT1 Comdty|OE1 Comdty|PA1 Comdty|PE1 Curncy|QC1 Comdty|QW1 Comdty|RS1 Comdty|RTY1 Index|SF1 Curncy|SFR5 Comdty|TP1 Index|TU1 Comdty|UXY1 Comdty|VG1 Index|W 1 Comdty|XB1 Comdty,sub1M_40,strict66
0.5193,0.4106,0.2211,272,AD1 Curncy|CC1 Comdty|CD1 Curncy|CF1 Index|CO1 Comdty|CT1 Comdty|EC1 Curncy|EO1 Index|ER4 Comdty|ES1 Index|FC1 Comdty|FV1 Comdty|GC1 Comdty|GX1 Index|JB1 Comdty|JY1 Curncy|LC1 Comdty|LH1 Comdty|MES1 Index|NO1 Index|NQ1 Index|NV1 Curncy|OAT1 Comdty|OE1 Comdty|PA1 Comdty|PE1 Curncy|QC1 Comdty|QW1 Comdty|RTY1 Index|S 1 Comdty|SB1 Comdty|SF1 Curncy|SFI5 Comdty|TP1 Index|TU1 Comdty|TY1 Comdty|UB1 Comdty|W 1 Comdty|XB1 Comdty|Z 1 Index,sub1M_40,strict66
0.4733,0.2986,0.1434,273,AD1 Curncy|BP1 Curncy|C 1 Comdty|CD1 Curncy|CF1 Index|CO1 Comdty|CT1 Comdty|DF1 Comdty|DU1 Comdty|EC1 Curncy|EO1 Index|FC1 Comdty|FV1 Comdty|GC1 Comdty|GX1 Index|HG1 Comdty|IK1 Comdty|JY1 Curncy|LC1 Comdty|LH1 Comdty|NG1 Comdty|NO1 Index|NQ1 Index|NV1 Curncy|OAT1 Comdty|QC1 Comdty|QW1 Comdty|RTY1 Index|RX1 Comdty|S 1 Comdty|SF1 Curncy|SFR5 Comdty|SM1 Index|TP1 Index|TU1 Comdty|US1 Comdty|VG1 Index|W 1 Comdty|WN1 Comdty|Z 1 Index,sub1M_40,strict66
0.4456,0.2887,0.0227,274,AD1 Curncy|BO1 Comdty|BP1 Curncy|CD1 Curncy|CF1 Index|CO1 Comdty|CT1 Comdty|DF1 Comdty|DM1 Index|EC1 Curncy|ER4 Comdty|ES1 Index|FC1 Comdty|FV1 Comdty|GC1 Comdty|GX1 Index|HO1 Comdty|JB1 Comdty|JY1 Curncy|KC1 Comdty|KW1 Comdty|NO1 Index|NQ1 Index|NV1 Curncy|PE1 Curncy|PL1 Comdty|QW1 Comdty|RTY1 Index|RX1 Comdty|SB1 Comdty|SFR5 Comdty|SM1 Comdty|SM1 Index|TP1 Index|TY1 Comdty|UB1 Comdty|US1 Comdty|UXY1 Comdty|W 1 Comdty|Z 1 Index,sub1M_40,strict66
0.2937,0.0868,-0.5174,275,AD1 Curncy|BO1 Comdty|BP1 Curncy|C 1 Comdty|CD1 Curncy|CF1 Index|CL1 Comdty|DF1 Comdty|DM1 Index|EC1 Curncy|ER4 Comdty|ES1 Index|FV1 Comdty|G 1 Comdty|GX1 Index|IK1 Comdty|JY1 Curncy|KC1 Comdty|KW1 Comdty|LC1 Comdty|MES1 Index|NO1 Index|NQ1 Index|NV1 Curncy|OAT1 Comdty|OE1 Comdty|PE1 Curncy|PL1 Comdty|QS1 Comdty|RS1 Comdty|S 1 Comdty|SB1 Comdty|SFR5 Comdty|SI1 Comdty|TP1 Index|US1 Comdty|VG1 Index|W 1 Comdty|WN1 Comdty|Z 1 Index,sub1M_40,strict66
0.2648,0.0958,-0.2216,276,BP1 Curncy|C 1 Comdty|CC1 Comdty|CD1 Curncy|CF1 Index|DU1 Comdty|EC1 Curncy|EO1 Index|ER4 Comdty|ES1 Index|FC1 Comdty|G 1 Comdty|GX1 Index|HO1 Comdty|JB1 Comdty|JY1 Curncy|KC1 Comdty|KW1 Comdty|LC1 Comdty|MES1 Index|NO1 Index|NV1 Curncy|OE1 Comdty|PA1 Comdty|PE1 Curncy|RS1 Comdty|RTY1 Index|SB1 Comdty|SF1 Curncy|SI1 Comdty|SM1 Comdty|SM1 Index|TP1 Index|TU1 Comdty|US1 Comdty|UXY1 Comdty|VG1 Index|W 1 Comdty|WN1 Comdty|XB1 Comdty,sub1M_40,strict66
0.4191,0.3106,-0.4048,277,AD1 Curncy|BO1 Comdty|BP1 Curncy|C 1 Comdty|CD1 Curncy|CF1 Index|CO1 Comdty|CT1 Comdty|DM1 Index|DU1 Comdty|EC1 Curncy|ES1 Index|FC1 Comdty|FV1 Comdty|GX1 Index|HG1 Comdty|JB1 Comdty|JY1 Curncy|KC1 Comdty|LH1 Comdty|MES1 Index|NO1 Index|NV1 Curncy|OE1 Comdty|PA1 Comdty|PE1 Curncy|QC1 Comdty|QS1 Comdty|QW1 Comdty|RTY1 Index|SB1 Comdty|SFR5 Comdty|SM1 Index|TP1 Index|TY1 Comdty|UB1 Comdty|US1 Comdty|UXY1 Comdty|VG1 Index|W 1 Comdty,sub1M_40,strict66
0.3827,0.2277,0.2582,278,AD1 Curncy|BO1 Comdty|C 1 Comdty|CD1 Curncy|CF1 Index|DF1 Comdty|DM1 Index|DU1 Comdty|EC1 Curncy|EO1 Index|ES1 Index|FC1 Comdty|G 1 Comdty|GC1 Comdty|HO1 Comdty|JB1 Comdty|JY1 Curncy|LH1 Comdty|MES1 Index|NO1 Index|NQ1 Index|NV1 Curncy|OAT1 Comdty|PE1 Curncy|QC1 Comdty|QW1 Comdty|S 1 Comdty|SB1 Comdty|SF1 Curncy|SFI5 Comdty|SFR5 Comdty|SI1 Comdty|SM1 Comdty|TP1 Index|TU1 Comdty|US1 Comdty|UXY1 Comdty|VG1 Index|XB1 Comdty|Z 1 Index,sub1M_40,strict66
0.2580,0.1396,-0.5347,279,AD1 Curncy|BP1 Curncy|C 1 Comdty|CC1 Comdty|CD1 Curncy|CF1 Index|CL1 Comdty|CT1 Comdty|DM1 Index|DU1 Comdty|EO1 Index|ES1 Index|FC1 Comdty|GX1 Index|IK1 Comdty|JB1 Comdty|JY1 Curncy|KC1 Comdty|KW1 Comdty|MES1 Index|NO1 Index|NV1 Curncy|OAT1 Comdty|PA1 Comdty|PE1 Curncy|PL1 Comdty|QS1 Comdty|QW1 Comdty|RS1 Comdty|RTY1 Index|S 1 Comdty|SF1 Curncy|SFI5 Comdty|SM1 Comdty|TP1 Index|TU1 Comdty|TY1 Comdty|UB1 Comdty|WN1 Comdty|Z 1 Index,sub1M_40,strict66
0.4033,0.1164,0.1139,280,AD1 Curncy|BP1 Curncy|C 1 Comdty|DM1 Index|DU1 Comdty|EC1 Curncy|EO1 Index|G 1 Comdty|GC1 Comdty|GX1 Index|IK1 Comdty|JY1 Curncy|KC1 Comdty|KW1 Comdty|LC1 Comdty|NO1 Index|NQ1 Index|NV1 Curncy|OE1 Comdty|PE1 Curncy|QC1 Comdty|QS1 Comdty|QW1 Comdty|RS1 Comdty|RTY1 Index|SB1 Comdty|SF1 Curncy|SFI5 Comdty|SI1 Comdty|SM1 Comdty|SM1 Index|TP1 Index|TY1 Comdty|UB1 Comdty|US1 Comdty|VG1 Index|W 1 Comdty|WN1 Comdty|XB1 Comdty|Z 1 Index,sub1M_40,strict66
0.2986,0.1630,-0.1728,281,AD1 Curncy|BP1 Curncy|CC1 Comdty|CD1 Curncy|CF1 Index|CT1 Comdty|DF1 Comdty|DU1 Comdty|EC1 Curncy|EO1 Index|ES1 Index|FC1 Comdty|GX1 Index|JB1 Comdty|JY1 Curncy|KW1 Comdty|LC1 Comdty|LH1 Comdty|MES1 Index|NG1 Comdty|NO1 Index|OE1 Comdty|PA1 Comdty|PE1 Curncy|PL1 Comdty|QC1 Comdty|QS1 Comdty|RTY1 Index|RX1 Comdty|SB1 Comdty|SF1 Curncy|SFI5 Comdty|SFR5 Comdty|SM1 Index|TU1 Comdty|US1 Comdty|VG1 Index|W 1 Comdty|WN1 Comdty|Z 1 Index,sub1M_40,strict66
0.4995,0.2612,0.0768,282,AD1 Curncy|BO1 Comdty|BP1 Curncy|CD1 Curncy|CO1 Comdty|DF1 Comdty|DM1 Index|EO1 Index|ER4 Comdty|FC1 Comdty|GC1 Comdty|GX1 Index|HO1 Comdty|IK1 Comdty|JY1 Curncy|KC1 Comdty|LC1 Comdty|LH1 Comdty|MES1 Index|NO1 Index|NQ1 Index|NV1 Curncy|OAT1 Comdty|OE1 Comdty|PE1 Curncy|QW1 Comdty|RTY1 Index|S 1 Comdty|SF1 Curncy|SFI5 Comdty|SI1 Comdty|SM1 Comdty|SM1 Index|TP1 Index|TU1 Comdty|UB1 Comdty|UXY1 Comdty|W 1 Comdty|WN1 Comdty|Z 1 Index,sub1M_40,strict66
0.3215,0.1909,-0.4573,283,AD1 Curncy|BO1 Comdty|BP1 Curncy|C 1 Comdty|CC1 Comdty|CD1 Curncy|CL1 Comdty|CT1 Comdty|DM1 Index|DU1 Comdty|EC1 Curncy|ER4 Comdty|ES1 Index|G 1 Comdty|GX1 Index|HO1 Comdty|IK1 Comdty|JB1 Comdty|JY1 Curncy|KW1 Comdty|LH1 Comdty|MES1 Index|NO1 Index|NQ1 Index|NV1 Curncy|OE1 Comdty|PA1 Comdty|PE1 Curncy|QC1 Comdty|QW1 Comdty|RTY1 Index|S 1 Comdty|SB1 Comdty|SI1 Comdty|SM1 Index|UB1 Comdty|US1 Comdty|VG1 Index|WN1 Comdty|Z 1 Index,sub1M_40,strict66
0.3092,0.1596,-0.4574,284,AD1 Curncy|BO1 Comdty|BP1 Curncy|CD1 Curncy|DF1 Comdty|DM1 Index|EO1 Index|ER4 Comdty|ES1 Index|GX1 Index|HO1 Comdty|JY1 Curncy|KW1 Comdty|LC1 Comdty|NO1 Index|NQ1 Index|NV1 Curncy|OAT1 Comdty|OE1 Comdty|PA1 Comdty|PE1 Curncy|QC1 Comdty|QW1 Comdty|RTY1 Index|RX1 Comdty|S 1 Comdty|SB1 Comdty|SF1 Curncy|SFI5 Comdty|SFR5 Comdty|SI1 Comdty|SM1 Comdty|SM1 Index|TP1 Index|TU1 Comdty|UXY1 Comdty|W 1 Comdty|WN1 Comdty|XB1 Comdty|Z 1 Index,sub1M_40,strict66
0.1808,0.0366,-0.2727,285,AD1 Curncy|BO1 Comdty|CD1 Curncy|CF1 Index|CL1 Comdty|CT1 Comdty|DF1 Comdty|EC1 Curncy|EO1 Index|FC1 Comdty|FV1 Comdty|GX1 Index|HG1 Comdty|JB1 Comdty|JY1 Curncy|KC1 Comdty|LC1 Comdty|MES1 Index|NO1 Index|NQ1 Index|NV1 Curncy|OAT1 Comdty|OE1 Comdty|PE1 Curncy|PL1 Comdty|QC1 Comdty|QS1 Comdty|QW1 Comdty|RTY1 Index|RX1 Comdty|SF1 Curncy|SM1 Comdty|TP1 Index|TU1 Comdty|US1 Comdty|UXY1 Comdty|VG1 Index|W 1 Comdty|WN1 Comdty|Z 1 Index,sub1M_40,strict66
0.4916,0.3502,-0.0060,286,AD1 Curncy|CC1 Comdty|CD1 Curncy|CF1 Index|CL1 Comdty|DM1 Index|EC1 Curncy|EO1 Index|ER4 Comdty|ES1 Index|FC1 Comdty|G 1 Comdty|GC1 Comdty|JB1 Comdty|JY1 Curncy|KW1 Comdty|MES1 Index|NO1 Index|NQ1 Index|NV1 Curncy|OAT1 Comdty|OE1 Comdty|PA1 Comdty|PE1 Curncy|QC1 Comdty|QS1 Comdty|QW1 Comdty|RS1 Comdty|RX1 Comdty|S 1 Comdty|SB1 Comdty|SF1 Curncy|SFI5 Comdty|SM1 Comdty|TP1 Index|UXY1 Comdty|VG1 Index|W 1 Comdty|WN1 Comdty|Z 1 Index,sub1M_40,strict66
0.2314,0.1003,-0.2741,287,AD1 Curncy|BO1 Comdty|CC1 Comdty|CD1 Curncy|CT1 Comdty|DM1 Index|DU1 Comdty|EC1 Curncy|EO1 Index|ES1 Index|FV1 Comdty|HG1 Comdty|HO1 Comdty|IK1 Comdty|JB1 Comdty|JY1 Curncy|KC1 Comdty|KW1 Comdty|LH1 Comdty|MES1 Index|NO1 Index|NQ1 Index|NV1 Curncy|OE1 Comdty|PE1 Curncy|PL1 Comdty|QS1 Comdty|S 1 Comdty|SB1 Comdty|SF1 Curncy|SFR5 Comdty|SM1 Comdty|SM1 Index|TP1 Index|TU1 Comdty|UB1 Comdty|UXY1 Comdty|VG1 Index|W 1 Comdty|Z 1 Index,sub1M_40,strict66
0.4000,0.3328,0.0955,288,AD1 Curncy|BP1 Curncy|CC1 Comdty|CF1 Index|CL1 Comdty|CT1 Comdty|DF1 Comdty|DM1 Index|DU1 Comdty|EC1 Curncy|EO1 Index|FC1 Comdty|FV1 Comdty|G 1 Comdty|GC1 Comdty|GX1 Index|JY1 Curncy|LC1 Comdty|LH1 Comdty|MES1 Index|NO1 Index|NV1 Curncy|PA1 Comdty|PE1 Curncy|QW1 Comdty|RS1 Comdty|RX1 Comdty|S 1 Comdty|SF1 Curncy|SFI5 Comdty|SFR5 Comdty|SM1 Index|TP1 Index|TU1 Comdty|UB1 Comdty|UXY1 Comdty|VG1 Index|W 1 Comdty|XB1 Comdty|Z 1 Index,sub1M_40,strict66
0.3578,0.1341,-0.1814,289,AD1 Curncy|CC1 Comdty|CD1 Curncy|CO1 Comdty|CT1 Comdty|DF1 Comdty|DM1 Index|EC1 Curncy|EO1 Index|ER4 Comdty|FC1 Comdty|FV1 Comdty|GX1 Index|HG1 Comdty|IK1 Comdty|JY1 Curncy|KW1 Comdty|MES1 Index|NO1 Index|NQ1 Index|NV1 Curncy|OE1 Comdty|PE1 Curncy|QW1 Comdty|RTY1 Index|RX1 Comdty|S 1 Comdty|SB1 Comdty|SF1 Curncy|SFR5 Comdty|SI1 Comdty|SM1 Comdty|SM1 Index|TP1 Index|TY1 Comdty|UXY1 Comdty|W 1 Comdty|WN1 Comdty|XB1 Comdty|Z 1 Index,sub1M_40,strict66
0.3025,0.1542,-0.5241,290,AD1 Curncy|BO1 Comdty|BP1 Curncy|CD1 Curncy|CF1 Index|CO1 Comdty|CT1 Comdty|DF1 Comdty|DU1 Comdty|EC1 Curncy|EO1 Index|ER4 Comdty|ES1 Index|FC1 Comdty|FV1 Comdty|GX1 Index|HG1 Comdty|JB1 Comdty|JY1 Curncy|KW1 Comdty|LC1 Comdty|MES1 Index|NO1 Index|NQ1 Index|OAT1 Comdty|PE1 Curncy|PL1 Comdty|QS1 Comdty|RS1 Comdty|RTY1 Index|S 1 Comdty|SB1 Comdty|SF1 Curncy|SFI5 Comdty|SFR5 Comdty|SM1 Comdty|TY1 Comdty|UB1 Comdty|VG1 Index|Z 1 Index,sub1M_40,strict66
0.4474,0.2892,0.0913,291,AD1 Curncy|BP1 Curncy|C 1 Comdty|CC1 Comdty|CD1 Curncy|CF1 Index|CT1 Comdty|DF1 Comdty|DU1 Comdty|EC1 Curncy|ER4 Comdty|ES1 Index|GC1 Comdty|GX1 Index|JB1 Comdty|JY1 Curncy|LH1 Comdty|MES1 Index|NG1 Comdty|NO1 Index|NQ1 Index|NV1 Curncy|OAT1 Comdty|OE1 Comdty|PA1 Comdty|QC1 Comdty|QW1 Comdty|RS1 Comdty|RTY1 Index|RX1 Comdty|S 1 Comdty|SF1 Curncy|SFI5 Comdty|TP1 Index|TY1 Comdty|UB1 Comdty|VG1 Index|W 1 Comdty|XB1 Comdty|Z 1 Index,sub1M_40,strict66
0.3900,0.1717,-0.2367,292,AD1 Curncy|BO1 Comdty|BP1 Curncy|C 1 Comdty|CD1 Curncy|CF1 Index|DM1 Index|EC1 Curncy|EO1 Index|ER4 Comdty|ES1 Index|FC1 Comdty|G 1 Comdty|JB1 Comdty|JY1 Curncy|KW1 Comdty|LC1 Comdty|LH1 Comdty|MES1 Index|NG1 Comdty|NQ1 Index|PA1 Comdty|PE1 Curncy|QC1 Comdty|RS1 Comdty|RTY1 Index|RX1 Comdty|S 1 Comdty|SF1 Curncy|SFR5 Comdty|SI1 Comdty|TP1 Index|TU1 Comdty|US1 Comdty|UXY1 Comdty|VG1 Index|W 1 Comdty|WN1 Comdty|XB1 Comdty|Z 1 Index,sub1M_40,strict66
0.4179,0.1928,-0.4370,293,AD1 Curncy|BO1 Comdty|BP1 Curncy|CC1 Comdty|CD1 Curncy|CF1 Index|DM1 Index|EC1 Curncy|EO1 Index|ER4 Comdty|G 1 Comdty|HG1 Comdty|IK1 Comdty|JY1 Curncy|KC1 Comdty|LC1 Comdty|LH1 Comdty|MES1 Index|NG1 Comdty|NO1 Index|NQ1 Index|NV1 Curncy|PE1 Curncy|QC1 Comdty|QS1 Comdty|QW1 Comdty|RS1 Comdty|RTY1 Index|RX1 Comdty|SB1 Comdty|SFI5 Comdty|SI1 Comdty|SM1 Comdty|SM1 Index|TP1 Index|TU1 Comdty|UB1 Comdty|US1 Comdty|UXY1 Comdty|VG1 Index,sub1M_40,strict66
0.5070,0.3836,0.0573,294,AD1 Curncy|BO1 Comdty|BP1 Curncy|C 1 Comdty|CC1 Comdty|CD1 Curncy|CF1 Index|EC1 Curncy|EO1 Index|ER4 Comdty|ES1 Index|FV1 Comdty|GC1 Comdty|JY1 Curncy|KC1 Comdty|LC1 Comdty|MES1 Index|NG1 Comdty|NQ1 Index|NV1 Curncy|PA1 Comdty|QC1 Comdty|QS1 Comdty|RS1 Comdty|RTY1 Index|RX1 Comdty|S 1 Comdty|SB1 Comdty|SF1 Curncy|SFI5 Comdty|SFR5 Comdty|SM1 Index|TP1 Index|TU1 Comdty|UB1 Comdty|UXY1 Comdty|VG1 Index|W 1 Comdty|WN1 Comdty|Z 1 Index,sub1M_40,strict66
0.2927,0.0852,-0.1714,295,AD1 Curncy|BO1 Comdty|BP1 Curncy|CD1 Curncy|CF1 Index|CL1 Comdty|CO1 Comdty|DF1 Comdty|EC1 Curncy|EO1 Index|ES1 Index|FC1 Comdty|G 1 Comdty|GX1 Index|JB1 Comdty|JY1 Curncy|KC1 Comdty|KW1 Comdty|LC1 Comdty|MES1 Index|NO1 Index|OAT1 Comdty|PE1 Curncy|PL1 Comdty|QC1 Comdty|QW1 Comdty|RTY1 Index|S 1 Comdty|SF1 Curncy|SFR5 Comdty|SI1 Comdty|SM1 Comdty|SM1 Index|TP1 Index|TU1 Comdty|TY1 Comdty|UB1 Comdty|US1 Comdty|VG1 Index|WN1 Comdty,sub1M_40,strict66
0.3049,0.1533,-0.1750,296,AD1 Curncy|BP1 Curncy|C 1 Comdty|CC1 Comdty|CD1 Curncy|CF1 Index|CT1 Comdty|DF1 Comdty|DM1 Index|EC1 Curncy|EO1 Index|ES1 Index|FC1 Comdty|FV1 Comdty|HO1 Comdty|JB1 Comdty|JY1 Curncy|LC1 Comdty|LH1 Comdty|MES1 Index|NQ1 Index|NV1 Curncy|OAT1 Comdty|PE1 Curncy|PL1 Comdty|RS1 Comdty|RTY1 Index|RX1 Comdty|SFI5 Comdty|SFR5 Comdty|SI1 Comdty|SM1 Comdty|TP1 Index|TY1 Comdty|US1 Comdty|UXY1 Comdty|VG1 Index|W 1 Comdty|XB1 Comdty|Z 1 Index,sub1M_40,strict66
0.3428,0.2046,0.0420,297,AD1 Curncy|BO1 Comdty|BP1 Curncy|C 1 Comdty|CD1 Curncy|CF1 Index|CT1 Comdty|DF1 Comdty|EC1 Curncy|EO1 Index|FV1 Comdty|G 1 Comdty|GC1 Comdty|GX1 Index|JB1 Comdty|JY1 Curncy|KW1 Comdty|MES1 Index|NG1 Comdty|NO1 Index|NQ1 Index|PE1 Curncy|PL1 Comdty|QC1 Comdty|QS1 Comdty|QW1 Comdty|RS1 Comdty|RTY1 Index|SB1 Comdty|SF1 Curncy|SFI5 Comdty|SM1 Comdty|SM1 Index|TU1 Comdty|TY1 Comdty|UB1 Comdty|UXY1 Comdty|VG1 Index|WN1 Comdty|Z 1 Index,sub1M_40,strict66
0.1576,0.0201,-0.3771,298,AD1 Curncy|BO1 Comdty|CC1 Comdty|CD1 Curncy|CF1 Index|CL1 Comdty|DF1 Comdty|DM1 Index|DU1 Comdty|EC1 Curncy|EO1 Index|FV1 Comdty|GX1 Index|HG1 Comdty|IK1 Comdty|JB1 Comdty|JY1 Curncy|KC1 Comdty|KW1 Comdty|LH1 Comdty|MES1 Index|NO1 Index|NV1 Curncy|OAT1 Comdty|PE1 Curncy|PL1 Comdty|QC1 Comdty|RTY1 Index|S 1 Comdty|SF1 Curncy|SFI5 Comdty|SFR5 Comdty|SM1 Comdty|SM1 Index|TP1 Index|UB1 Comdty|VG1 Index|W 1 Comdty|WN1 Comdty|XB1 Comdty,sub1M_40,strict66
0.2757,0.2606,-0.5657,299,AD1 Curncy|BO1 Comdty|BP1 Curncy|CC1 Comdty|CF1 Index|CL1 Comdty|DF1 Comdty|EC1 Curncy|EO1 Index|ER4 Comdty|FV1 Comdty|GX1 Index|HG1 Comdty|HO1 Comdty|JY1 Curncy|KW1 Comdty|LH1 Comdty|MES1 Index|NO1 Index|NQ1 Index|NV1 Curncy|OAT1 Comdty|OE1 Comdty|PA1 Comdty|PE1 Curncy|QC1 Comdty|QW1 Comdty|RTY1 Index|RX1 Comdty|S 1 Comdty|SB1 Comdty|SF1 Curncy|SFR5 Comdty|SM1 Comdty|SM1 Index|TP1 Index|TY1 Comdty|UXY1 Comdty|WN1 Comdty|Z 1 Index,sub1M_40,strict66
0.4964,0.4120,0.0746,300,AD1 Curncy|BO1 Comdty|BP1 Curncy|CC1 Comdty|CD1 Curncy|CF1 Index|CL1 Comdty|DF1 Comdty|EC1 Curncy|EO1 Index|ER4 Comdty|ES1 Index|FC1 Comdty|GC1 Comdty|GX1 Index|HO1 Comdty|JB1 Comdty|JY1 Curncy|KC1 Comdty|KW1 Comdty|LC1 Comdty|LH1 Comdty|NO1 Index|NQ1 Index|NV1 Curncy|OAT1 Comdty|OE1 Comdty|PA1 Comdty|RTY1 Index|SB1 Comdty|SF1 Curncy|SFI5 Comdty|SFR5 Comdty|SM1 Comdty|SM1 Index|TP1 Index|TY1 Comdty|UXY1 Comdty|VG1 Index|WN1 Comdty,sub1M_40,strict66
0.3356,0.2305,-0.3981,301,AD1 Curncy|BP1 Curncy|CC1 Comdty|CD1 Curncy|CL1 Comdty|CO1 Comdty|CT1 Comdty|DM1 Index|EC1 Curncy|EO1 Index|ER4 Comdty|ES1 Index|FC1 Comdty|GX1 Index|JB1 Comdty|JY1 Curncy|KC1 Comdty|KW1 Comdty|LC1 Comdty|LH1 Comdty|NO1 Index|NQ1 Index|NV1 Curncy|PA1 Comdty|PL1 Comdty|QW1 Comdty|RTY1 Index|RX1 Comdty|S 1 Comdty|SB1 Comdty|SF1 Curncy|SFR5 Comdty|SM1 Index|TU1 Comdty|TY1 Comdty|US1 Comdty|UXY1 Comdty|VG1 Index|WN1 Comdty|Z 1 Index,sub1M_40,strict66
0.5178,0.3048,0.2723,302,AD1 Curncy|C 1 Comdty|CD1 Curncy|CF1 Index|CL1 Comdty|CO1 Comdty|CT1 Comdty|DF1 Comdty|EC1 Curncy|EO1 Index|ER4 Comdty|ES1 Index|FV1 Comdty|GC1 Comdty|IK1 Comdty|JY1 Curncy|KW1 Comdty|LC1 Comdty|MES1 Index|NO1 Index|NQ1 Index|NV1 Curncy|OE1 Comdty|PE1 Curncy|QC1 Comdty|RS1 Comdty|RTY1 Index|RX1 Comdty|S 1 Comdty|SB1 Comdty|SF1 Curncy|SI1 Comdty|SM1 Comdty|SM1 Index|TP1 Index|TU1 Comdty|UB1 Comdty|UXY1 Comdty|VG1 Index|WN1 Comdty,sub1M_40,strict66
0.3904,0.2376,0.2647,303,AD1 Curncy|BP1 Curncy|C 1 Comdty|CC1 Comdty|CF1 Index|CT1 Comdty|DM1 Index|DU1 Comdty|EC1 Curncy|ER4 Comdty|FC1 Comdty|G 1 Comdty|GC1 Comdty|GX1 Index|HO1 Comdty|JB1 Comdty|JY1 Curncy|LC1 Comdty|LH1 Comdty|MES1 Index|NG1 Comdty|NO1 Index|NQ1 Index|NV1 Curncy|PE1 Curncy|PL1 Comdty|QC1 Comdty|QW1 Comdty|RS1 Comdty|RX1 Comdty|S 1 Comdty|SF1 Curncy|SFI5 Comdty|SFR5 Comdty|SM1 Index|TP1 Index|TU1 Comdty|VG1 Index|WN1 Comdty|Z 1 Index,sub1M_40,strict66
0.5612,0.4011,0.2050,304,AD1 Curncy|BP1 Curncy|CC1 Comdty|CT1 Comdty|DF1 Comdty|DM1 Index|EC1 Curncy|EO1 Index|ES1 Index|FC1 Comdty|FV1 Comdty|G 1 Comdty|GC1 Comdty|IK1 Comdty|JB1 Comdty|JY1 Curncy|KW1 Comdty|NG1 Comdty|NO1 Index|NQ1 Index|NV1 Curncy|OE1 Comdty|PA1 Comdty|PE1 Curncy|QC1 Comdty|QS1 Comdty|QW1 Comdty|RS1 Comdty|RTY1 Index|RX1 Comdty|S 1 Comdty|SF1 Curncy|SFI5 Comdty|SFR5 Comdty|SM1 Comdty|SM1 Index|TP1 Index|TU1 Comdty|VG1 Index|Z 1 Index,sub1M_40,strict66
0.2629,0.0507,-0.4411,305,AD1 Curncy|BO1 Comdty|BP1 Curncy|CC1 Comdty|CD1 Curncy|CF1 Index|DM1 Index|DU1 Comdty|EC1 Curncy|EO1 Index|ER4 Comdty|FC1 Comdty|FV1 Comdty|G 1 Comdty|GX1 Index|HG1 Comdty|HO1 Comdty|JY1 Curncy|KC1 Comdty|KW1 Comdty|LC1 Comdty|LH1 Comdty|MES1 Index|NG1 Comdty|NQ1 Index|OAT1 Comdty|OE1 Comdty|PE1 Curncy|QW1 Comdty|RTY1 Index|S 1 Comdty|SF1 Curncy|SFI5 Comdty|SI1 Comdty|SM1 Comdty|SM1 Index|TP1 Index|TY1 Comdty|UXY1 Comdty|VG1 Index,sub1M_40,strict66
0.3231,0.0693,-0.1760,306,AD1 Curncy|BP1 Curncy|C 1 Comdty|CC1 Comdty|CD1 Curncy|CL1 Comdty|DM1 Index|DU1 Comdty|EO1 Index|ER4 Comdty|ES1 Index|FC1 Comdty|G 1 Comdty|GX1 Index|IK1 Comdty|JY1 Curncy|KW1 Comdty|LC1 Comdty|LH1 Comdty|NO1 Index|NQ1 Index|NV1 Curncy|OE1 Comdty|PE1 Curncy|PL1 Comdty|QC1 Comdty|QS1 Comdty|RTY1 Index|S 1 Comdty|SB1 Comdty|SF1 Curncy|SFI5 Comdty|SI1 Comdty|SM1 Index|TP1 Index|TY1 Comdty|UB1 Comdty|US1 Comdty|VG1 Index|W 1 Comdty,sub1M_40,strict66
0.4608,0.2123,0.0373,307,BO1 Comdty|BP1 Curncy|C 1 Comdty|CD1 Curncy|CF1 Index|CL1 Comdty|CO1 Comdty|DM1 Index|DU1 Comdty|EC1 Curncy|EO1 Index|ES1 Index|FC1 Comdty|FV1 Comdty|G 1 Comdty|GC1 Comdty|GX1 Index|JB1 Comdty|JY1 Curncy|KW1 Comdty|LC1 Comdty|MES1 Index|NO1 Index|NQ1 Index|NV1 Curncy|OAT1 Comdty|OE1 Comdty|PE1 Curncy|RS1 Comdty|RTY1 Index|S 1 Comdty|SB1 Comdty|SF1 Curncy|SFR5 Comdty|SI1 Comdty|SM1 Comdty|SM1 Index|UXY1 Comdty|W 1 Comdty|WN1 Comdty,sub1M_40,strict66
0.4321,0.1937,0.1766,308,AD1 Curncy|BP1 Curncy|C 1 Comdty|CC1 Comdty|CD1 Curncy|CF1 Index|CO1 Comdty|CT1 Comdty|DF1 Comdty|EC1 Curncy|EO1 Index|G 1 Comdty|GC1 Comdty|GX1 Index|IK1 Comdty|JY1 Curncy|KC1 Comdty|KW1 Comdty|LC1 Comdty|LH1 Comdty|MES1 Index|NQ1 Index|NV1 Curncy|OAT1 Comdty|OE1 Comdty|QW1 Comdty|RTY1 Index|SB1 Comdty|SF1 Curncy|SFI5 Comdty|SI1 Comdty|SM1 Index|TP1 Index|TU1 Comdty|UB1 Comdty|US1 Comdty|VG1 Index|WN1 Comdty|XB1 Comdty|Z 1 Index,sub1M_40,strict66
0.1857,0.0477,-0.4608,309,AD1 Curncy|BP1 Curncy|C 1 Comdty|CC1 Comdty|CF1 Index|DM1 Index|EC1 Curncy|ER4 Comdty|FC1 Comdty|GX1 Index|HG1 Comdty|HO1 Comdty|IK1 Comdty|JB1 Comdty|JY1 Curncy|KW1 Comdty|LH1 Comdty|MES1 Index|NO1 Index|NQ1 Index|NV1 Curncy|PE1 Curncy|PL1 Comdty|QC1 Comdty|QW1 Comdty|RTY1 Index|RX1 Comdty|SB1 Comdty|SF1 Curncy|SFI5 Comdty|SM1 Comdty|SM1 Index|TU1 Comdty|US1 Comdty|UXY1 Comdty|VG1 Index|W 1 Comdty|WN1 Comdty|XB1 Comdty|Z 1 Index,sub1M_40,strict66
0.4120,0.2922,-0.1166,310,AD1 Curncy|BO1 Comdty|BP1 Curncy|CD1 Curncy|CF1 Index|CT1 Comdty|DF1 Comdty|DM1 Index|EC1 Curncy|EO1 Index|ER4 Comdty|G 1 Comdty|GC1 Comdty|GX1 Index|HO1 Comdty|IK1 Comdty|KC1 Comdty|KW1 Comdty|LC1 Comdty|LH1 Comdty|MES1 Index|NG1 Comdty|NQ1 Index|NV1 Curncy|PA1 Comdty|PE1 Curncy|QC1 Comdty|RTY1 Index|RX1 Comdty|SF1 Curncy|SFI5 Comdty|SM1 Comdty|SM1 Index|TP1 Index|TY1 Comdty|UB1 Comdty|US1 Comdty|UXY1 Comdty|VG1 Index|W 1 Comdty,sub1M_40,strict66
0.3895,0.1173,-0.4613,311,BO1 Comdty|BP1 Curncy|CD1 Curncy|CO1 Comdty|DF1 Comdty|DM1 Index|EC1 Curncy|EO1 Index|ER4 Comdty|FC1 Comdty|GX1 Index|HG1 Comdty|IK1 Comdty|JY1 Curncy|KC1 Comdty|KW1 Comdty|LC1 Comdty|MES1 Index|NG1 Comdty|NO1 Index|NQ1 Index|NV1 Curncy|PE1 Curncy|RS1 Comdty|RTY1 Index|RX1 Comdty|S 1 Comdty|SB1 Comdty|SF1 Curncy|SFI5 Comdty|SI1 Comdty|TP1 Index|TU1 Comdty|TY1 Comdty|UB1 Comdty|US1 Comdty|VG1 Index|W 1 Comdty|WN1 Comdty|Z 1 Index,sub1M_40,strict66
0.3323,0.0561,-0.2656,312,AD1 Curncy|BP1 Curncy|C 1 Comdty|CC1 Comdty|CD1 Curncy|CF1 Index|CO1 Comdty|CT1 Comdty|DM1 Index|DU1 Comdty|EC1 Curncy|EO1 Index|ER4 Comdty|ES1 Index|FC1 Comdty|JB1 Comdty|JY1 Curncy|KC1 Comdty|KW1 Comdty|LC1 Comdty|LH1 Comdty|MES1 Index|NO1 Index|NV1 Curncy|OAT1 Comdty|PL1 Comdty|RS1 Comdty|RTY1 Index|RX1 Comdty|SB1 Comdty|SF1 Curncy|SFI5 Comdty|SI1 Comdty|SM1 Index|TP1 Index|TY1 Comdty|UXY1 Comdty|WN1 Comdty|XB1 Comdty|Z 1 Index,sub1M_40,strict66
0.1350,0.0131,-0.4214,313,BO1 Comdty|BP1 Curncy|CC1 Comdty|CD1 Curncy|CF1 Index|CL1 Comdty|DF1 Comdty|DM1 Index|DU1 Comdty|EC1 Curncy|EO1 Index|ES1 Index|FC1 Comdty|FV1 Comdty|G 1 Comdty|GX1 Index|HG1 Comdty|HO1 Comdty|JB1 Comdty|JY1 Curncy|KC1 Comdty|KW1 Comdty|LC1 Comdty|MES1 Index|NO1 Index|NQ1 Index|NV1 Curncy|OAT1 Comdty|PE1 Curncy|PL1 Comdty|RX1 Comdty|S 1 Comdty|SB1 Comdty|SF1 Curncy|SM1 Index|TY1 Comdty|US1 Comdty|W 1 Comdty|WN1 Comdty|Z 1 Index,sub1M_40,strict66
0.1798,0.0871,-0.4851,314,AD1 Curncy|BP1 Curncy|C 1 Comdty|CD1 Curncy|CF1 Index|DF1 Comdty|EC1 Curncy|EO1 Index|FC1 Comdty|FV1 Comdty|G 1 Comdty|GX1 Index|HO1 Comdty|JY1 Curncy|KC1 Comdty|LH1 Comdty|MES1 Index|NO1 Index|NQ1 Index|NV1 Curncy|OE1 Comdty|PA1 Comdty|PL1 Comdty|QC1 Comdty|QW1 Comdty|RX1 Comdty|S 1 Comdty|SF1 Curncy|SFI5 Comdty|SM1 Comdty|SM1 Index|TP1 Index|TU1 Comdty|TY1 Comdty|UB1 Comdty|UXY1 Comdty|VG1 Index|W 1 Comdty|XB1 Comdty|Z 1 Index,sub1M_40,strict66
0.2774,0.1594,-0.6470,315,BO1 Comdty|BP1 Curncy|CD1 Curncy|CF1 Index|DF1 Comdty|DM1 Index|EC1 Curncy|EO1 Index|FC1 Comdty|FV1 Comdty|G 1 Comdty|GX1 Index|JY1 Curncy|KW1 Comdty|LC1 Comdty|LH1 Comdty|MES1 Index|NO1 Index|NV1 Curncy|OAT1 Comdty|OE1 Comdty|PA1 Comdty|PE1 Curncy|PL1 Comdty|QS1 Comdty|QW1 Comdty|RS1 Comdty|RTY1 Index|S 1 Comdty|SB1 Comdty|SF1 Curncy|SFI5 Comdty|SM1 Index|TP1 Index|TY1 Comdty|UB1 Comdty|US1 Comdty|UXY1 Comdty|XB1 Comdty|Z 1 Index,sub1M_40,strict66
0.3318,0.1493,0.0687,316,AD1 Curncy|BO1 Comdty|CC1 Comdty|CD1 Curncy|CF1 Index|CL1 Comdty|EC1 Curncy|ES1 Index|FC1 Comdty|FV1 Comdty|G 1 Comdty|GC1 Comdty|GX1 Index|JB1 Comdty|JY1 Curncy|KC1 Comdty|KW1 Comdty|LC1 Comdty|MES1 Index|NO1 Index|NV1 Curncy|OAT1 Comdty|PE1 Curncy|PL1 Comdty|QS1 Comdty|QW1 Comdty|RTY1 Index|RX1 Comdty|S 1 Comdty|SB1 Comdty|SF1 Curncy|SFR5 Comdty|SM1 Comdty|SM1 Index|TP1 Index|TY1 Comdty|UB1 Comdty|US1 Comdty|VG1 Index|Z 1 Index,sub1M_40,strict66
0.4024,0.2147,-0.1271,317,BO1 Comdty|BP1 Curncy|CD1 Curncy|DF1 Comdty|DM1 Index|DU1 Comdty|EC1 Curncy|EO1 Index|ER4 Comdty|ES1 Index|FC1 Comdty|G 1 Comdty|GC1 Comdty|GX1 Index|HG1 Comdty|HO1 Comdty|JY1 Curncy|KC1 Comdty|LC1 Comdty|LH1 Comdty|MES1 Index|NO1 Index|NQ1 Index|NV1 Curncy|OAT1 Comdty|OE1 Comdty|PE1 Curncy|RS1 Comdty|RTY1 Index|RX1 Comdty|S 1 Comdty|SB1 Comdty|SF1 Curncy|SFI5 Comdty|SM1 Index|UB1 Comdty|US1 Comdty|W 1 Comdty|XB1 Comdty|Z 1 Index,sub1M_40,strict66
0.3159,0.2019,-0.4646,318,AD1 Curncy|BP1 Curncy|C 1 Comdty|CC1 Comdty|CD1 Curncy|CF1 Index|CL1 Comdty|DF1 Comdty|DM1 Index|EC1 Curncy|EO1 Index|ES1 Index|FV1 Comdty|G 1 Comdty|GX1 Index|HG1 Comdty|IK1 Comdty|JY1 Curncy|KW1 Comdty|LH1 Comdty|MES1 Index|NO1 Index|NV1 Curncy|PE1 Curncy|PL1 Comdty|QC1 Comdty|QS1 Comdty|RS1 Comdty|RTY1 Index|RX1 Comdty|SB1 Comdty|SFI5 Comdty|SFR5 Comdty|SM1 Comdty|SM1 Index|TP1 Index|TY1 Comdty|UB1 Comdty|UXY1 Comdty|W 1 Comdty,sub1M_40,strict66
0.3882,0.0961,-0.3098,319,BP1 Curncy|C 1 Comdty|CD1 Curncy|CF1 Index|CT1 Comdty|DM1 Index|DU1 Comdty|EC1 Curncy|ER4 Comdty|ES1 Index|FC1 Comdty|FV1 Comdty|GX1 Index|HG1 Comdty|JB1 Comdty|JY1 Curncy|KC1 Comdty|KW1 Comdty|LC1 Comdty|LH1 Comdty|MES1 Index|NG1 Comdty|NO1 Index|NQ1 Index|NV1 Curncy|OAT1 Comdty|OE1 Comdty|PE1 Curncy|QS1 Comdty|QW1 Comdty|RS1 Comdty|RX1 Comdty|SB1 Comdty|SF1 Curncy|SI1 Comdty|SM1 Index|TP1 Index|TY1 Comdty|UXY1 Comdty|Z 1 Index,sub1M_40,strict66
0.3749,0.3227,-0.2562,320,AD1 Curncy|BP1 Curncy|C 1 Comdty|CC1 Comdty|CD1 Curncy|CF1 Index|DM1 Index|ER4 Comdty|ES1 Index|FC1 Comdty|G 1 Comdty|GX1 Index|HG1 Comdty|HO1 Comdty|JB1 Comdty|JY1 Curncy|LC1 Comdty|LH1 Comdty|NO1 Index|NQ1 Index|NV1 Curncy|OAT1 Comdty|OE1 Comdty|PA1 Comdty|PE1 Curncy|QC1 Comdty|QS1 Comdty|QW1 Comdty|RS1 Comdty|S 1 Comdty|SF1 Curncy|SFR5 Comdty|SM1 Index|TP1 Index|TY1 Comdty|US1 Comdty|VG1 Index|W 1 Comdty|WN1 Comdty|Z 1 Index,sub1M_40,strict66
0.4104,0.2062,-0.0666,321,AD1 Curncy|BP1 Curncy|C 1 Comdty|CC1 Comdty|CD1 Curncy|CF1 Index|CL1 Comdty|DM1 Index|EC1 Curncy|ES1 Index|FV1 Comdty|G 1 Comdty|GC1 Comdty|HG1 Comdty|JY1 Curncy|KC1 Comdty|KW1 Comdty|NG1 Comdty|NO1 Index|NQ1 Index|OAT1 Comdty|OE1 Comdty|PE1 Curncy|QC1 Comdty|QW1 Comdty|RS1 Comdty|RTY1 Index|RX1 Comdty|S 1 Comdty|SB1 Comdty|SF1 Curncy|SFI5 Comdty|SFR5 Comdty|SM1 Index|TP1 Index|UB1 Comdty|VG1 Index|W 1 Comdty|WN1 Comdty|Z 1 Index,sub1M_40,strict66
0.2203,0.0663,-0.2734,322,AD1 Curncy|BO1 Comdty|BP1 Curncy|C 1 Comdty|CD1 Curncy|CL1 Comdty|DM1 Index|EC1 Curncy|ES1 Index|FC1 Comdty|FV1 Comdty|GX1 Index|HG1 Comdty|IK1 Comdty|JB1 Comdty|JY1 Curncy|KW1 Comdty|LC1 Comdty|LH1 Comdty|NO1 Index|NQ1 Index|OE1 Comdty|PE1 Curncy|PL1 Comdty|QC1 Comdty|RTY1 Index|S 1 Comdty|SF1 Curncy|SFR5 Comdty|SM1 Comdty|SM1 Index|TP1 Index|TY1 Comdty|US1 Comdty|UXY1 Comdty|VG1 Index|W 1 Comdty|WN1 Comdty|XB1 Comdty|Z 1 Index,sub1M_40,strict66
0.3492,0.1675,0.0183,323,AD1 Curncy|BO1 Comdty|BP1 Curncy|C 1 Comdty|CD1 Curncy|CF1 Index|DF1 Comdty|DU1 Comdty|EC1 Curncy|EO1 Index|GC1 Comdty|GX1 Index|HG1 Comdty|IK1 Comdty|JB1 Comdty|JY1 Curncy|KC1 Comdty|KW1 Comdty|MES1 Index|NG1 Comdty|NO1 Index|NQ1 Index|NV1 Curncy|OE1 Comdty|PE1 Curncy|QC1 Comdty|RTY1 Index|RX1 Comdty|S 1 Comdty|SB1 Comdty|SFR5 Comdty|SM1 Comdty|TP1 Index|US1 Comdty|UXY1 Comdty|VG1 Index|W 1 Comdty|WN1 Comdty|XB1 Comdty|Z 1 Index,sub1M_40,strict66
0.4198,0.2321,-0.1939,324,AD1 Curncy|BP1 Curncy|C 1 Comdty|CF1 Index|CL1 Comdty|DF1 Comdty|DM1 Index|EC1 Curncy|EO1 Index|ER4 Comdty|G 1 Comdty|GC1 Comdty|GX1 Index|HG1 Comdty|IK1 Comdty|JY1 Curncy|KC1 Comdty|LH1 Comdty|MES1 Index|NG1 Comdty|NQ1 Index|NV1 Curncy|OE1 Comdty|PE1 Curncy|QC1 Comdty|QW1 Comdty|RS1 Comdty|RTY1 Index|RX1 Comdty|S 1 Comdty|SB1 Comdty|SF1 Curncy|SFI5 Comdty|SFR5 Comdty|SM1 Index|TP1 Index|TY1 Comdty|UXY1 Comdty|W 1 Comdty|Z 1 Index,sub1M_40,strict66
0.2696,0.1414,-0.5377,325,AD1 Curncy|BO1 Comdty|BP1 Curncy|C 1 Comdty|CD1 Curncy|CO1 Comdty|CT1 Comdty|DF1 Comdty|DM1 Index|EC1 Curncy|ER4 Comdty|ES1 Index|GX1 Index|HG1 Comdty|HO1 Comdty|JB1 Comdty|JY1 Curncy|KC1 Comdty|LH1 Comdty|MES1 Index|NO1 Index|NQ1 Index|NV1 Curncy|OE1 Comdty|PL1 Comdty|QW1 Comdty|RS1 Comdty|RTY1 Index|RX1 Comdty|S 1 Comdty|SB1 Comdty|SF1 Curncy|SFR5 Comdty|TP1 Index|TU1 Comdty|UB1 Comdty|US1 Comdty|VG1 Index|WN1 Comdty|Z 1 Index,sub1M_40,strict66
0.3348,0.1374,0.0572,326,AD1 Curncy|C 1 Comdty|CC1 Comdty|CD1 Curncy|CF1 Index|EC1 Curncy|EO1 Index|ES1 Index|FV1 Comdty|GC1 Comdty|GX1 Index|HG1 Comdty|JB1 Comdty|JY1 Curncy|KC1 Comdty|KW1 Comdty|LC1 Comdty|NG1 Comdty|NO1 Index|NQ1 Index|NV1 Curncy|OAT1 Comdty|OE1 Comdty|PE1 Curncy|QC1 Comdty|RTY1 Index|RX1 Comdty|S 1 Comdty|SB1 Comdty|SF1 Curncy|SFI5 Comdty|SFR5 Comdty|SM1 Comdty|SM1 Index|US1 Comdty|VG1 Index|W 1 Comdty|WN1 Comdty|XB1 Comdty|Z 1 Index,sub1M_40,strict66
0.3233,0.1375,-0.2082,327,AD1 Curncy|BP1 Curncy|C 1 Comdty|CC1 Comdty|CD1 Curncy|CT1 Comdty|DF1 Comdty|EC1 Curncy|ES1 Index|FV1 Comdty|GX1 Index|HG1 Comdty|HO1 Comdty|JY1 Curncy|KW1 Comdty|MES1 Index|NG1 Comdty|NO1 Index|NQ1 Index|NV1 Curncy|OAT1 Comdty|QC1 Comdty|RS1 Comdty|RTY1 Index|RX1 Comdty|SB1 Comdty|SF1 Curncy|SFI5 Comdty|SFR5 Comdty|SI1 Comdty|SM1 Comdty|SM1 Index|TP1 Index|TU1 Comdty|TY1 Comdty|UB1 Comdty|VG1 Index|W 1 Comdty|WN1 Comdty|Z 1 Index,sub1M_40,strict66
0.3043,0.1503,-0.4842,328,AD1 Curncy|BP1 Curncy|CD1 Curncy|CF1 Index|CT1 Comdty|DF1 Comdty|EC1 Curncy|EO1 Index|ER4 Comdty|ES1 Index|FC1 Comdty|G 1 Comdty|GX1 Index|HO1 Comdty|JB1 Comdty|JY1 Curncy|KW1 Comdty|LC1 Comdty|MES1 Index|NG1 Comdty|NO1 Index|NQ1 Index|NV1 Curncy|PA1 Comdty|PL1 Comdty|QC1 Comdty|QW1 Comdty|RS1 Comdty|RTY1 Index|RX1 Comdty|SF1 Curncy|SFI5 Comdty|SFR5 Comdty|SM1 Comdty|SM1 Index|UB1 Comdty|US1 Comdty|UXY1 Comdty|W 1 Comdty|Z 1 Index,sub1M_40,strict66
0.3328,0.1468,-0.3171,329,AD1 Curncy|BO1 Comdty|BP1 Curncy|CC1 Comdty|CD1 Curncy|CF1 Index|DF1 Comdty|DU1 Comdty|EC1 Curncy|EO1 Index|ER4 Comdty|G 1 Comdty|GX1 Index|HO1 Comdty|JB1 Comdty|JY1 Curncy|KC1 Comdty|KW1 Comdty|LH1 Comdty|MES1 Index|NG1 Comdty|NQ1 Index|OE1 Comdty|PA1 Comdty|PE1 Curncy|QC1 Comdty|RS1 Comdty|RTY1 Index|SB1 Comdty|SF1 Curncy|SFI5 Comdty|SFR5 Comdty|SI1 Comdty|SM1 Comdty|SM1 Index|TP1 Index|TU1 Comdty|UB1 Comdty|VG1 Index|Z 1 Index,sub1M_40,strict66
0.3415,0.0957,-0.2871,330,AD1 Curncy|BO1 Comdty|BP1 Curncy|CD1 Curncy|DF1 Comdty|DM1 Index|EC1 Curncy|ER4 Comdty|ES1 Index|FC1 Comdty|G 1 Comdty|GC1 Comdty|GX1 Index|KC1 Comdty|KW1 Comdty|MES1 Index|NG1 Comdty|NQ1 Index|NV1 Curncy|OAT1 Comdty|OE1 Comdty|PE1 Curncy|PL1 Comdty|QS1 Comdty|QW1 Comdty|RS1 Comdty|RTY1 Index|RX1 Comdty|S 1 Comdty|SF1 Curncy|SFI5 Comdty|SM1 Comdty|SM1 Index|TP1 Index|TY1 Comdty|UXY1 Comdty|VG1 Index|W 1 Comdty|WN1 Comdty|Z 1 Index,sub1M_40,strict66
0.4334,0.3030,0.1982,331,BP1 Curncy|C 1 Comdty|CD1 Curncy|CL1 Comdty|CT1 Comdty|DM1 Index|DU1 Comdty|EC1 Curncy|EO1 Index|ER4 Comdty|ES1 Index|GC1 Comdty|GX1 Index|IK1 Comdty|JB1 Comdty|JY1 Curncy|KW1 Comdty|LH1 Comdty|MES1 Index|NO1 Index|NV1 Curncy|PE1 Curncy|PL1 Comdty|QC1 Comdty|QS1 Comdty|QW1 Comdty|RS1 Comdty|RTY1 Index|SB1 Comdty|SF1 Curncy|SFR5 Comdty|SM1 Comdty|SM1 Index|TP1 Index|TU1 Comdty|UB1 Comdty|UXY1 Comdty|VG1 Index|W 1 Comdty|WN1 Comdty,sub1M_40,strict66
0.3995,0.2281,-0.1623,332,AD1 Curncy|BP1 Curncy|C 1 Comdty|CC1 Comdty|CD1 Curncy|CT1 Comdty|DF1 Comdty|DM1 Index|EO1 Index|ES1 Index|FV1 Comdty|HG1 Comdty|HO1 Comdty|IK1 Comdty|JY1 Curncy|KW1 Comdty|NO1 Index|NQ1 Index|NV1 Curncy|OAT1 Comdty|PE1 Curncy|QC1 Comdty|QS1 Comdty|QW1 Comdty|RS1 Comdty|RTY1 Index|RX1 Comdty|SB1 Comdty|SF1 Curncy|SFI5 Comdty|SI1 Comdty|SM1 Comdty|SM1 Index|TP1 Index|UB1 Comdty|US1 Comdty|UXY1 Comdty|VG1 Index|WN1 Comdty|Z 1 Index,sub1M_40,strict66
0.4525,0.2717,0.1056,333,AD1 Curncy|BO1 Comdty|BP1 Curncy|C 1 Comdty|CC1 Comdty|CD1 Curncy|CF1 Index|DF1 Comdty|DM1 Index|DU1 Comdty|EC1 Curncy|EO1 Index|ER4 Comdty|G 1 Comdty|GC1 Comdty|GX1 Index|HG1 Comdty|IK1 Comdty|JY1 Curncy|KC1 Comdty|LC1 Comdty|LH1 Comdty|NO1 Index|NQ1 Index|OAT1 Comdty|OE1 Comdty|PE1 Curncy|QS1 Comdty|RS1 Comdty|RTY1 Index|S 1 Comdty|SB1 Comdty|SF1 Curncy|SM1 Index|TP1 Index|UB1 Comdty|US1 Comdty|VG1 Index|WN1 Comdty|XB1 Comdty,sub1M_40,strict66
0.4159,0.3542,0.3320,334,AD1 Curncy|BP1 Curncy|C 1 Comdty|CC1 Comdty|CD1 Curncy|CL1 Comdty|CO1 Comdty|CT1 Comdty|DF1 Comdty|DM1 Index|DU1 Comdty|EC1 Curncy|EO1 Index|ES1 Index|FC1 Comdty|FV1 Comdty|G 1 Comdty|GC1 Comdty|HG1 Comdty|LC1 Comdty|LH1 Comdty|MES1 Index|NO1 Index|NQ1 Index|NV1 Curncy|PE1 Curncy|QC1 Comdty|RX1 Comdty|S 1 Comdty|SF1 Curncy|SM1 Comdty|SM1 Index|TP1 Index|TU1 Comdty|TY1 Comdty|UB1 Comdty|UXY1 Comdty|VG1 Index|WN1 Comdty|Z 1 Index,sub1M_40,strict66
0.2334,0.0637,-0.3704,335,AD1 Curncy|BO1 Comdty|BP1 Curncy|CC1 Comdty|CD1 Curncy|CF1 Index|CT1 Comdty|DM1 Index|DU1 Comdty|EC1 Curncy|ER4 Comdty|ES1 Index|FC1 Comdty|FV1 Comdty|G 1 Comdty|GX1 Index|HG1 Comdty|HO1 Comdty|JY1 Curncy|KW1 Comdty|LC1 Comdty|MES1 Index|NG1 Comdty|NV1 Curncy|OE1 Comdty|PE1 Curncy|RS1 Comdty|RTY1 Index|S 1 Comdty|SFR5 Comdty|SI1 Comdty|SM1 Comdty|SM1 Index|TP1 Index|TY1 Comdty|US1 Comdty|UXY1 Comdty|VG1 Index|W 1 Comdty|Z 1 Index,sub1M_40,strict66
0.2733,0.2471,-0.5518,336,AD1 Curncy|BO1 Comdty|BP1 Curncy|CD1 Curncy|CF1 Index|CL1 Comdty|CT1 Comdty|DF1 Comdty|DU1 Comdty|EC1 Curncy|EO1 Index|FV1 Comdty|G 1 Comdty|HG1 Comdty|HO1 Comdty|IK1 Comdty|JB1 Comdty|JY1 Curncy|KC1 Comdty|LC1 Comdty|LH1 Comdty|MES1 Index|NO1 Index|NQ1 Index|NV1 Curncy|OE1 Comdty|PA1 Comdty|PE1 Curncy|QC1 Comdty|QW1 Comdty|RTY1 Index|S 1 Comdty|SFI5 Comdty|SFR5 Comdty|SM1 Index|TP1 Index|UXY1 Comdty|VG1 Index|W 1 Comdty|Z 1 Index,sub1M_40,strict66
0.1042,-0.0120,-0.5737,337,AD1 Curncy|BO1 Comdty|BP1 Curncy|C 1 Comdty|CD1 Curncy|CF1 Index|CL1 Comdty|CT1 Comdty|DF1 Comdty|DM1 Index|DU1 Comdty|EC1 Curncy|EO1 Index|ES1 Index|FC1 Comdty|FV1 Comdty|G 1 Comdty|GX1 Index|HG1 Comdty|HO1 Comdty|JB1 Comdty|KC1 Comdty|LC1 Comdty|LH1 Comdty|NQ1 Index|NV1 Curncy|OAT1 Comdty|PE1 Curncy|PL1 Comdty|QW1 Comdty|RS1 Comdty|RTY1 Index|RX1 Comdty|SF1 Curncy|SFR5 Comdty|SM1 Index|TU1 Comdty|UB1 Comdty|VG1 Index|Z 1 Index,sub1M_40,strict66
0.2853,0.0991,-0.0497,338,AD1 Curncy|BP1 Curncy|C 1 Comdty|CC1 Comdty|CD1 Curncy|CF1 Index|DF1 Comdty|DM1 Index|DU1 Comdty|EO1 Index|ER4 Comdty|ES1 Index|IK1 Comdty|JB1 Comdty|JY1 Curncy|KC1 Comdty|KW1 Comdty|LC1 Comdty|LH1 Comdty|MES1 Index|NG1 Comdty|NO1 Index|NV1 Curncy|PE1 Curncy|PL1 Comdty|QC1 Comdty|QS1 Comdty|QW1 Comdty|RS1 Comdty|RTY1 Index|SF1 Curncy|SFR5 Comdty|SI1 Comdty|TP1 Index|TU1 Comdty|TY1 Comdty|US1 Comdty|UXY1 Comdty|VG1 Index|Z 1 Index,sub1M_40,strict66
0.2093,0.0839,-0.3639,339,AD1 Curncy|BP1 Curncy|C 1 Comdty|CC1 Comdty|CT1 Comdty|DF1 Comdty|DM1 Index|DU1 Comdty|EC1 Curncy|ER4 Comdty|ES1 Index|FC1 Comdty|G 1 Comdty|GX1 Index|HG1 Comdty|HO1 Comdty|JY1 Curncy|KW1 Comdty|LH1 Comdty|MES1 Index|NO1 Index|NQ1 Index|NV1 Curncy|OAT1 Comdty|OE1 Comdty|PE1 Curncy|PL1 Comdty|QC1 Comdty|QW1 Comdty|RTY1 Index|SF1 Curncy|SFI5 Comdty|SM1 Comdty|SM1 Index|US1 Comdty|UXY1 Comdty|VG1 Index|WN1 Comdty|XB1 Comdty|Z 1 Index,sub1M_40,strict66
0.3080,0.1228,0.1493,340,AD1 Curncy|BO1 Comdty|BP1 Curncy|CC1 Comdty|CD1 Curncy|CF1 Index|CT1 Comdty|DM1 Index|DU1 Comdty|EC1 Curncy|ES1 Index|FV1 Comdty|G 1 Comdty|GC1 Comdty|GX1 Index|IK1 Comdty|JB1 Comdty|JY1 Curncy|KC1 Comdty|LC1 Comdty|MES1 Index|NG1 Comdty|NO1 Index|NV1 Curncy|OE1 Comdty|PE1 Curncy|PL1 Comdty|QC1 Comdty|RS1 Comdty|RTY1 Index|S 1 Comdty|SFR5 Comdty|SM1 Comdty|SM1 Index|TU1 Comdty|UXY1 Comdty|VG1 Index|W 1 Comdty|XB1 Comdty|Z 1 Index,sub1M_40,strict66
0.3674,0.2806,-0.0958,341,AD1 Curncy|BO1 Comdty|BP1 Curncy|CD1 Curncy|CF1 Index|DF1 Comdty|DM1 Index|DU1 Comdty|EO1 Index|ES1 Index|GC1 Comdty|GX1 Index|HO1 Comdty|IK1 Comdty|JB1 Comdty|JY1 Curncy|KC1 Comdty|KW1 Comdty|LH1 Comdty|MES1 Index|NQ1 Index|NV1 Curncy|OAT1 Comdty|OE1 Comdty|PA1 Comdty|PE1 Curncy|QC1 Comdty|QW1 Comdty|S 1 Comdty|SF1 Curncy|SFI5 Comdty|SFR5 Comdty|SM1 Comdty|SM1 Index|TP1 Index|TY1 Comdty|UXY1 Comdty|W 1 Comdty|XB1 Comdty|Z 1 Index,sub1M_40,strict66
0.2650,0.1234,-0.5312,342,AD1 Curncy|BP1 Curncy|CC1 Comdty|CD1 Curncy|CO1 Comdty|DM1 Index|DU1 Comdty|EC1 Curncy|ER4 Comdty|ES1 Index|FC1 Comdty|G 1 Comdty|KC1 Comdty|LC1 Comdty|MES1 Index|NO1 Index|NQ1 Index|NV1 Curncy|OAT1 Comdty|OE1 Comdty|PA1 Comdty|PE1 Curncy|PL1 Comdty|QC1 Comdty|QW1 Comdty|RS1 Comdty|RTY1 Index|SB1 Comdty|SF1 Curncy|SFR5 Comdty|SM1 Comdty|SM1 Index|TP1 Index|TY1 Comdty|US1 Comdty|VG1 Index|W 1 Comdty|WN1 Comdty|XB1 Comdty|Z 1 Index,sub1M_40,strict66
0.2600,0.1141,-0.3734,343,BO1 Comdty|BP1 Curncy|C 1 Comdty|CC1 Comdty|CD1 Curncy|CF1 Index|DF1 Comdty|DM1 Index|EC1 Curncy|EO1 Index|ES1 Index|FV1 Comdty|GX1 Index|HG1 Comdty|IK1 Comdty|JB1 Comdty|JY1 Curncy|KW1 Comdty|LC1 Comdty|LH1 Comdty|NO1 Index|NV1 Curncy|OAT1 Comdty|PE1 Curncy|PL1 Comdty|QC1 Comdty|QS1 Comdty|RS1 Comdty|RTY1 Index|RX1 Comdty|SF1 Curncy|SFI5 Comdty|SFR5 Comdty|SM1 Comdty|SM1 Index|TU1 Comdty|UB1 Comdty|VG1 Index|XB1 Comdty|Z 1 Index,sub1M_40,strict66
0.4833,0.3240,-0.3403,344,AD1 Curncy|BO1 Comdty|BP1 Curncy|CC1 Comdty|CF1 Index|CO1 Comdty|DF1 Comdty|DM1 Index|EC1 Curncy|ER4 Comdty|ES1 Index|FC1 Comdty|GX1 Index|HO1 Comdty|IK1 Comdty|JY1 Curncy|KW1 Comdty|LC1 Comdty|LH1 Comdty|MES1 Index|NO1 Index|NQ1 Index|NV1 Curncy|PA1 Comdty|PE1 Curncy|QC1 Comdty|RTY1 Index|RX1 Comdty|S 1 Comdty|SB1 Comdty|SF1 Curncy|SFI5 Comdty|SI1 Comdty|TP1 Index|TY1 Comdty|UB1 Comdty|US1 Comdty|UXY1 Comdty|WN1 Comdty|Z 1 Index,sub1M_40,strict66
0.2875,0.1436,-0.3638,345,AD1 Curncy|BO1 Comdty|BP1 Curncy|C 1 Comdty|CC1 Comdty|CD1 Curncy|CF1 Index|CL1 Comdty|DF1 Comdty|DM1 Index|DU1 Comdty|EC1 Curncy|EO1 Index|ER4 Comdty|ES1 Index|FC1 Comdty|GX1 Index|JB1 Comdty|JY1 Curncy|LC1 Comdty|LH1 Comdty|MES1 Index|NO1 Index|NV1 Curncy|OAT1 Comdty|OE1 Comdty|PA1 Comdty|PE1 Curncy|QW1 Comdty|RX1 Comdty|S 1 Comdty|SI1 Comdty|TP1 Index|TU1 Comdty|US1 Comdty|UXY1 Comdty|VG1 Index|W 1 Comdty|XB1 Comdty|Z 1 Index,sub1M_40,strict66
0.2788,0.0518,-0.2953,346,AD1 Curncy|BO1 Comdty|BP1 Curncy|CC1 Comdty|CD1 Curncy|CF1 Index|CO1 Comdty|CT1 Comdty|DM1 Index|DU1 Comdty|EC1 Curncy|EO1 Index|FV1 Comdty|G 1 Comdty|HG1 Comdty|IK1 Comdty|JB1 Comdty|KW1 Comdty|LC1 Comdty|MES1 Index|NO1 Index|NQ1 Index|NV1 Curncy|PE1 Curncy|QC1 Comdty|RS1 Comdty|RTY1 Index|RX1 Comdty|S 1 Comdty|SB1 Comdty|SF1 Curncy|SFR5 Comdty|SI1 Comdty|TP1 Index|UB1 Comdty|UXY1 Comdty|VG1 Index|W 1 Comdty|XB1 Comdty|Z 1 Index,sub1M_40,strict66
0.2069,0.0678,-0.3372,347,AD1 Curncy|BO1 Comdty|CC1 Comdty|CD1 Curncy|CF1 Index|CT1 Comdty|DF1 Comdty|EC1 Curncy|EO1 Index|ES1 Index|HG1 Comdty|HO1 Comdty|IK1 Comdty|JB1 Comdty|JY1 Curncy|KC1 Comdty|KW1 Comdty|MES1 Index|NO1 Index|NQ1 Index|NV1 Curncy|OAT1 Comdty|OE1 Comdty|PE1 Curncy|PL1 Comdty|QC1 Comdty|QW1 Comdty|S 1 Comdty|SF1 Curncy|SFI5 Comdty|SFR5 Comdty|SM1 Comdty|SM1 Index|TP1 Index|UB1 Comdty|US1 Comdty|UXY1 Comdty|VG1 Index|XB1 Comdty|Z 1 Index,sub1M_40,strict66
0.3809,0.2174,0.0200,348,AD1 Curncy|BO1 Comdty|BP1 Curncy|C 1 Comdty|CD1 Curncy|CF1 Index|CT1 Comdty|DF1 Comdty|DU1 Comdty|EC1 Curncy|EO1 Index|ES1 Index|FC1 Comdty|FV1 Comdty|G 1 Comdty|GC1 Comdty|HG1 Comdty|IK1 Comdty|JY1 Curncy|LC1 Comdty|LH1 Comdty|MES1 Index|NG1 Comdty|NQ1 Index|OE1 Comdty|PE1 Curncy|QW1 Comdty|RS1 Comdty|RTY1 Index|S 1 Comdty|SF1 Curncy|SM1 Index|TP1 Index|TY1 Comdty|US1 Comdty|UXY1 Comdty|VG1 Index|WN1 Comdty|XB1 Comdty|Z 1 Index,sub1M_40,strict66
0.3673,0.2487,-0.4988,349,AD1 Curncy|BO1 Comdty|BP1 Curncy|CD1 Curncy|CF1 Index|CT1 Comdty|EC1 Curncy|EO1 Index|ER4 Comdty|ES1 Index|FV1 Comdty|G 1 Comdty|GX1 Index|HO1 Comdty|IK1 Comdty|JY1 Curncy|LC1 Comdty|LH1 Comdty|MES1 Index|NO1 Index|NQ1 Index|NV1 Curncy|OAT1 Comdty|PA1 Comdty|PE1 Curncy|QC1 Comdty|QW1 Comdty|RS1 Comdty|RX1 Comdty|S 1 Comdty|SFI5 Comdty|SFR5 Comdty|SI1 Comdty|SM1 Comdty|TP1 Index|US1 Comdty|VG1 Index|W 1 Comdty|XB1 Comdty|Z 1 Index,sub1M_40,strict66
0.3631,0.2378,-0.4620,350,AD1 Curncy|BP1 Curncy|CC1 Comdty|CD1 Curncy|CL1 Comdty|CT1 Comdty|DF1 Comdty|DM1 Index|EC1 Curncy|ER4 Comdty|ES1 Index|G 1 Comdty|HG1 Comdty|IK1 Comdty|JB1 Comdty|JY1 Curncy|KW1 Comdty|LC1 Comdty|LH1 Comdty|MES1 Index|NG1 Comdty|NO1 Index|NQ1 Index|NV1 Curncy|OAT1 Comdty|OE1 Comdty|PA1 Comdty|QC1 Comdty|RS1 Comdty|RTY1 Index|SF1 Curncy|SM1 Comdty|SM1 Index|TP1 Index|US1 Comdty|UXY1 Comdty|VG1 Index|W 1 Comdty|WN1 Comdty|Z 1 Index,sub1M_40,strict66
0.2765,0.0035,-0.1167,351,AD1 Curncy|BP1 Curncy|CC1 Comdty|CD1 Curncy|CT1 Comdty|DU1 Comdty|EC1 Curncy|EO1 Index|G 1 Comdty|GX1 Index|IK1 Comdty|JY1 Curncy|KC1 Comdty|KW1 Comdty|LC1 Comdty|MES1 Index|NO1 Index|NQ1 Index|OAT1 Comdty|OE1 Comdty|PE1 Curncy|PL1 Comdty|QC1 Comdty|QS1 Comdty|QW1 Comdty|RTY1 Index|S 1 Comdty|SF1 Curncy|SFR5 Comdty|SI1 Comdty|SM1 Comdty|SM1 Index|TP1 Index|TU1 Comdty|UB1 Comdty|UXY1 Comdty|VG1 Index|W 1 Comdty|XB1 Comdty|Z 1 Index,sub1M_40,strict66
0.5217,0.3641,0.2448,352,AD1 Curncy|BO1 Comdty|BP1 Curncy|C 1 Comdty|CC1 Comdty|CD1 Curncy|CF1 Index|CO1 Comdty|CT1 Comdty|DF1 Comdty|DU1 Comdty|EO1 Index|ER4 Comdty|ES1 Index|FC1 Comdty|GC1 Comdty|GX1 Index|IK1 Comdty|JY1 Curncy|LC1 Comdty|MES1 Index|NO1 Index|NQ1 Index|NV1 Curncy|OAT1 Comdty|OE1 Comdty|PA1 Comdty|PE1 Curncy|QC1 Comdty|RTY1 Index|SF1 Curncy|SFR5 Comdty|SM1 Comdty|SM1 Index|TP1 Index|TY1 Comdty|UB1 Comdty|W 1 Comdty|WN1 Comdty|XB1 Comdty,sub1M_40,strict66
0.3723,0.1393,-0.4519,353,AD1 Curncy|BO1 Comdty|BP1 Curncy|C 1 Comdty|CD1 Curncy|CF1 Index|CT1 Comdty|DM1 Index|DU1 Comdty|EC1 Curncy|EO1 Index|ER4 Comdty|FC1 Comdty|G 1 Comdty|GX1 Index|HO1 Comdty|JB1 Comdty|JY1 Curncy|KC1 Comdty|LH1 Comdty|MES1 Index|NG1 Comdty|NQ1 Index|NV1 Curncy|OAT1 Comdty|PA1 Comdty|QW1 Comdty|RS1 Comdty|S 1 Comdty|SB1 Comdty|SF1 Curncy|SFR5 Comdty|SI1 Comdty|SM1 Index|TP1 Index|UB1 Comdty|US1 Comdty|UXY1 Comdty|VG1 Index|Z 1 Index,sub1M_40,strict66
0.2315,0.0214,-0.4388,354,AD1 Curncy|BP1 Curncy|C 1 Comdty|CC1 Comdty|CD1 Curncy|CL1 Comdty|CT1 Comdty|DF1 Comdty|DM1 Index|EC1 Curncy|EO1 Index|ER4 Comdty|ES1 Index|FC1 Comdty|G 1 Comdty|GX1 Index|HG1 Comdty|IK1 Comdty|JY1 Curncy|KC1 Comdty|KW1 Comdty|MES1 Index|NO1 Index|OAT1 Comdty|OE1 Comdty|PE1 Curncy|PL1 Comdty|RS1 Comdty|RX1 Comdty|S 1 Comdty|SF1 Curncy|SFI5 Comdty|SM1 Comdty|SM1 Index|TP1 Index|UXY1 Comdty|VG1 Index|WN1 Comdty|XB1 Comdty|Z 1 Index,sub1M_40,strict66
0.3186,0.1832,-0.6233,355,AD1 Curncy|BP1 Curncy|CC1 Comdty|CD1 Curncy|CF1 Index|DF1 Comdty|DM1 Index|DU1 Comdty|EC1 Curncy|EO1 Index|ES1 Index|G 1 Comdty|GX1 Index|HG1 Comdty|HO1 Comdty|IK1 Comdty|JY1 Curncy|KW1 Comdty|LH1 Comdty|NG1 Comdty|NQ1 Index|OAT1 Comdty|OE1 Comdty|PA1 Comdty|PE1 Curncy|QC1 Comdty|QW1 Comdty|RS1 Comdty|RTY1 Index|RX1 Comdty|S 1 Comdty|SB1 Comdty|SF1 Curncy|SM1 Index|TP1 Index|TU1 Comdty|UB1 Comdty|UXY1 Comdty|VG1 Index|W 1 Comdty,sub1M_40,strict66
0.3382,0.2675,-0.4493,356,AD1 Curncy|BP1 Curncy|C 1 Comdty|CD1 Curncy|CT1 Comdty|DM1 Index|DU1 Comdty|EC1 Curncy|EO1 Index|ES1 Index|FC1 Comdty|GX1 Index|HG1 Comdty|HO1 Comdty|IK1 Comdty|JB1 Comdty|JY1 Curncy|KC1 Comdty|LC1 Comdty|MES1 Index|NG1 Comdty|NO1 Index|NQ1 Index|PA1 Comdty|PE1 Curncy|QW1 Comdty|RS1 Comdty|RTY1 Index|S 1 Comdty|SF1 Curncy|SFI5 Comdty|SFR5 Comdty|SM1 Comdty|TU1 Comdty|TY1 Comdty|US1 Comdty|VG1 Index|W 1 Comdty|WN1 Comdty|Z 1 Index,sub1M_40,strict66
0.2910,0.1809,-0.4507,357,AD1 Curncy|BO1 Comdty|BP1 Curncy|CC1 Comdty|CD1 Curncy|CF1 Index|CO1 Comdty|DM1 Index|DU1 Comdty|EC1 Curncy|EO1 Index|ES1 Index|FC1 Comdty|G 1 Comdty|GX1 Index|HO1 Comdty|IK1 Comdty|JY1 Curncy|KC1 Comdty|KW1 Comdty|LC1 Comdty|LH1 Comdty|MES1 Index|NO1 Index|NV1 Curncy|OAT1 Comdty|OE1 Comdty|PA1 Comdty|PL1 Comdty|QC1 Comdty|QW1 Comdty|RS1 Comdty|SF1 Curncy|SFR5 Comdty|SM1 Index|TU1 Comdty|TY1 Comdty|VG1 Index|WN1 Comdty|Z 1 Index,sub1M_40,strict66
0.2267,0.0456,-0.5452,358,AD1 Curncy|BP1 Curncy|C 1 Comdty|CC1 Comdty|CF1 Index|CO1 Comdty|CT1 Comdty|DF1 Comdty|DM1 Index|DU1 Comdty|EC1 Curncy|EO1 Index|ER4 Comdty|ES1 Index|FC1 Comdty|FV1 Comdty|G 1 Comdty|GX1 Index|HG1 Comdty|JY1 Curncy|KC1 Comdty|LC1 Comdty|MES1 Index|NG1 Comdty|NO1 Index|NV1 Curncy|PE1 Curncy|PL1 Comdty|QW1 Comdty|RTY1 Index|RX1 Comdty|S 1 Comdty|SF1 Curncy|SFI5 Comdty|SM1 Comdty|UB1 Comdty|US1 Comdty|VG1 Index|WN1 Comdty|Z 1 Index,sub1M_40,strict66
0.2600,0.0759,-0.5851,359,AD1 Curncy|BP1 Curncy|C 1 Comdty|CC1 Comdty|CD1 Curncy|CF1 Index|CO1 Comdty|CT1 Comdty|DM1 Index|DU1 Comdty|EO1 Index|ER4 Comdty|G 1 Comdty|GX1 Index|IK1 Comdty|JB1 Comdty|JY1 Curncy|KC1 Comdty|KW1 Comdty|LH1 Comdty|MES1 Index|NO1 Index|NQ1 Index|NV1 Curncy|OAT1 Comdty|OE1 Comdty|PA1 Comdty|PE1 Curncy|PL1 Comdty|RS1 Comdty|RTY1 Index|S 1 Comdty|SF1 Curncy|SM1 Comdty|TP1 Index|UB1 Comdty|W 1 Comdty|WN1 Comdty|XB1 Comdty|Z 1 Index,sub1M_40,strict66
0.2773,-0.0214,-0.4543,360,AD1 Curncy|BO1 Comdty|BP1 Curncy|CD1 Curncy|CF1 Index|CL1 Comdty|CT1 Comdty|DF1 Comdty|DM1 Index|EC1 Curncy|EO1 Index|ES1 Index|FC1 Comdty|GX1 Index|IK1 Comdty|JY1 Curncy|KW1 Comdty|LC1 Comdty|LH1 Comdty|NG1 Comdty|NV1 Curncy|OAT1 Comdty|OE1 Comdty|PL1 Comdty|QC1 Comdty|QW1 Comdty|RS1 Comdty|RTY1 Index|RX1 Comdty|SF1 Curncy|SFI5 Comdty|SI1 Comdty|SM1 Index|TP1 Index|TU1 Comdty|US1 Comdty|UXY1 Comdty|VG1 Index|WN1 Comdty|Z 1 Index,sub1M_40,strict66
0.4031,0.1925,0.1440,361,AD1 Curncy|BP1 Curncy|C 1 Comdty|CC1 Comdty|CD1 Curncy|CF1 Index|CT1 Comdty|DU1 Comdty|EC1 Curncy|EO1 Index|ES1 Index|FC1 Comdty|FV1 Comdty|GC1 Comdty|GX1 Index|IK1 Comdty|JY1 Curncy|KC1 Comdty|KW1 Comdty|MES1 Index|NG1 Comdty|NO1 Index|NQ1 Index|NV1 Curncy|OE1 Comdty|PE1 Curncy|PL1 Comdty|RS1 Comdty|RTY1 Index|S 1 Comdty|SFI5 Comdty|SFR5 Comdty|SM1 Comdty|TP1 Index|TU1 Comdty|UB1 Comdty|UXY1 Comdty|W 1 Comdty|XB1 Comdty|Z 1 Index,sub1M_40,strict66
0.2564,0.1740,-0.3845,362,AD1 Curncy|C 1 Comdty|CC1 Comdty|CD1 Curncy|CF1 Index|DM1 Index|DU1 Comdty|EC1 Curncy|EO1 Index|ES1 Index|FC1 Comdty|FV1 Comdty|G 1 Comdty|HG1 Comdty|HO1 Comdty|JB1 Comdty|JY1 Curncy|KC1 Comdty|KW1 Comdty|LH1 Comdty|MES1 Index|NO1 Index|NQ1 Index|NV1 Curncy|OAT1 Comdty|PA1 Comdty|PE1 Curncy|QW1 Comdty|S 1 Comdty|SB1 Comdty|SF1 Curncy|SFR5 Comdty|SM1 Index|UB1 Comdty|UXY1 Comdty|VG1 Index|W 1 Comdty|WN1 Comdty|XB1 Comdty|Z 1 Index,sub1M_40,strict66
0.4325,0.3488,0.2381,363,AD1 Curncy|BP1 Curncy|C 1 Comdty|CC1 Comdty|CD1 Curncy|CF1 Index|CL1 Comdty|CT1 Comdty|DU1 Comdty|EC1 Curncy|ER4 Comdty|ES1 Index|FC1 Comdty|FV1 Comdty|GC1 Comdty|GX1 Index|HG1 Comdty|JB1 Comdty|JY1 Curncy|KW1 Comdty|LH1 Comdty|MES1 Index|NG1 Comdty|NO1 Index|NQ1 Index|PE1 Curncy|QC1 Comdty|RS1 Comdty|RTY1 Index|S 1 Comdty|SF1 Curncy|SFI5 Comdty|SM1 Comdty|SM1 Index|TP1 Index|TU1 Comdty|US1 Comdty|UXY1 Comdty|VG1 Index|WN1 Comdty,sub1M_40,strict66
0.2888,0.2212,-0.1730,364,BP1 Curncy|CC1 Comdty|CD1 Curncy|CF1 Index|CL1 Comdty|CT1 Comdty|DF1 Comdty|DM1 Index|DU1 Comdty|EC1 Curncy|EO1 Index|ES1 Index|FV1 Comdty|JB1 Comdty|JY1 Curncy|KC1 Comdty|LC1 Comdty|LH1 Comdty|NG1 Comdty|NO1 Index|NQ1 Index|NV1 Curncy|PA1 Comdty|PE1 Curncy|PL1 Comdty|QC1 Comdty|RS1 Comdty|RX1 Comdty|S 1 Comdty|SB1 Comdty|SF1 Curncy|SFR5 Comdty|SM1 Index|TP1 Index|TU1 Comdty|TY1 Comdty|UXY1 Comdty|VG1 Index|WN1 Comdty|Z 1 Index,sub1M_40,strict66
0.1989,0.0857,-0.3032,365,AD1 Curncy|BP1 Curncy|CC1 Comdty|CD1 Curncy|CF1 Index|CT1 Comdty|DF1 Comdty|DM1 Index|EC1 Curncy|EO1 Index|ER4 Comdty|FC1 Comdty|FV1 Comdty|GX1 Index|JB1 Comdty|LC1 Comdty|LH1 Comdty|NG1 Comdty|NO1 Index|NV1 Curncy|OE1 Comdty|PA1 Comdty|PE1 Curncy|PL1 Comdty|QC1 Comdty|QW1 Comdty|RTY1 Index|RX1 Comdty|S 1 Comdty|SF1 Curncy|SFR5 Comdty|SM1 Comdty|SM1 Index|TP1 Index|TY1 Comdty|UB1 Comdty|VG1 Index|WN1 Comdty|XB1 Comdty|Z 1 Index,sub1M_40,strict66
0.4129,0.2339,-0.4739,366,AD1 Curncy|BO1 Comdty|BP1 Curncy|CO1 Comdty|CT1 Comdty|DM1 Index|DU1 Comdty|EC1 Curncy|EO1 Index|ES1 Index|FC1 Comdty|FV1 Comdty|G 1 Comdty|GX1 Index|HO1 Comdty|JY1 Curncy|KW1 Comdty|LH1 Comdty|NQ1 Index|NV1 Curncy|OAT1 Comdty|PA1 Comdty|PE1 Curncy|QC1 Comdty|QW1 Comdty|RS1 Comdty|RTY1 Index|SB1 Comdty|SF1 Curncy|SFI5 Comdty|SI1 Comdty|SM1 Index|TP1 Index|TU1 Comdty|UB1 Comdty|US1 Comdty|UXY1 Comdty|VG1 Index|W 1 Comdty|Z 1 Index,sub1M_40,strict66
0.4696,0.2033,0.2853,367,BO1 Comdty|BP1 Curncy|C 1 Comdty|CD1 Curncy|CF1 Index|CO1 Comdty|DU1 Comdty|EC1 Curncy|EO1 Index|ES1 Index|FC1 Comdty|FV1 Comdty|GC1 Comdty|GX1 Index|IK1 Comdty|JB1 Comdty|JY1 Curncy|KC1 Comdty|KW1 Comdty|LC1 Comdty|MES1 Index|NO1 Index|NV1 Curncy|OAT1 Comdty|OE1 Comdty|PE1 Curncy|QC1 Comdty|RS1 Comdty|RTY1 Index|S 1 Comdty|SB1 Comdty|SF1 Curncy|SFR5 Comdty|SI1 Comdty|TP1 Index|US1 Comdty|UXY1 Comdty|VG1 Index|XB1 Comdty|Z 1 Index,sub1M_40,strict66
0.2770,0.0926,-0.1244,368,AD1 Curncy|BP1 Curncy|CC1 Comdty|CD1 Curncy|CF1 Index|CL1 Comdty|DF1 Comdty|DM1 Index|DU1 Comdty|EC1 Curncy|EO1 Index|ER4 Comdty|FC1 Comdty|FV1 Comdty|GX1 Index|JB1 Comdty|JY1 Curncy|KW1 Comdty|LC1 Comdty|LH1 Comdty|NO1 Index|NQ1 Index|OAT1 Comdty|OE1 Comdty|PE1 Curncy|PL1 Comdty|QS1 Comdty|QW1 Comdty|RS1 Comdty|S 1 Comdty|SF1 Curncy|SI1 Comdty|SM1 Index|TP1 Index|TU1 Comdty|US1 Comdty|VG1 Index|W 1 Comdty|WN1 Comdty|Z 1 Index,sub1M_40,strict66
0.3001,0.1832,-0.5498,369,AD1 Curncy|BP1 Curncy|C 1 Comdty|CC1 Comdty|CD1 Curncy|CF1 Index|CO1 Comdty|CT1 Comdty|DM1 Index|EC1 Curncy|EO1 Index|ES1 Index|FV1 Comdty|G 1 Comdty|GX1 Index|IK1 Comdty|JB1 Comdty|JY1 Curncy|KC1 Comdty|KW1 Comdty|LC1 Comdty|LH1 Comdty|MES1 Index|NQ1 Index|NV1 Curncy|OE1 Comdty|PA1 Comdty|PE1 Curncy|PL1 Comdty|RS1 Comdty|RTY1 Index|SB1 Comdty|SFR5 Comdty|SM1 Comdty|SM1 Index|TU1 Comdty|UXY1 Comdty|WN1 Comdty|XB1 Comdty|Z 1 Index,sub1M_40,strict66
0.2530,-0.0543,-0.1944,370,AD1 Curncy|C 1 Comdty|CD1 Curncy|CF1 Index|DF1 Comdty|DU1 Comdty|EC1 Curncy|EO1 Index|ES1 Index|FC1 Comdty|FV1 Comdty|GX1 Index|IK1 Comdty|JY1 Curncy|KW1 Comdty|LC1 Comdty|LH1 Comdty|MES1 Index|NG1 Comdty|NO1 Index|NV1 Curncy|OAT1 Comdty|OE1 Comdty|PE1 Curncy|PL1 Comdty|QC1 Comdty|QW1 Comdty|RTY1 Index|RX1 Comdty|SF1 Curncy|SFR5 Comdty|SI1 Comdty|SM1 Comdty|SM1 Index|TP1 Index|US1 Comdty|VG1 Index|W 1 Comdty|WN1 Comdty|XB1 Comdty,sub1M_40,strict66
0.4523,0.2534,-0.2801,371,AD1 Curncy|BO1 Comdty|C 1 Comdty|CC1 Comdty|CD1 Curncy|CF1 Index|CO1 Comdty|DF1 Comdty|DM1 Index|EC1 Curncy|ER4 Comdty|ES1 Index|GX1 Index|HG1 Comdty|IK1 Comdty|JB1 Comdty|JY1 Curncy|LH1 Comdty|MES1 Index|NO1 Index|NQ1 Index|NV1 Curncy|OAT1 Comdty|OE1 Comdty|PE1 Curncy|QC1 Comdty|QS1 Comdty|QW1 Comdty|RS1 Comdty|SB1 Comdty|SF1 Curncy|SFI5 Comdty|SI1 Comdty|SM1 Comdty|SM1 Index|TP1 Index|US1 Comdty|UXY1 Comdty|VG1 Index|WN1 Comdty,sub1M_40,strict66
0.3349,0.1883,-0.4564,372,AD1 Curncy|BO1 Comdty|BP1 Curncy|CO1 Comdty|DF1 Comdty|DM1 Index|DU1 Comdty|EC1 Curncy|EO1 Index|ES1 Index|FV1 Comdty|G 1 Comdty|GX1 Index|JY1 Curncy|KC1 Comdty|LC1 Comdty|MES1 Index|NO1 Index|NV1 Curncy|OE1 Comdty|PA1 Comdty|PE1 Curncy|QC1 Comdty|QW1 Comdty|RS1 Comdty|RTY1 Index|SB1 Comdty|SF1 Curncy|SFI5 Comdty|SFR5 Comdty|SI1 Comdty|SM1 Comdty|SM1 Index|TP1 Index|TU1 Comdty|TY1 Comdty|US1 Comdty|VG1 Index|W 1 Comdty|XB1 Comdty,sub1M_40,strict66
0.3903,0.1742,-0.0296,373,AD1 Curncy|BO1 Comdty|BP1 Curncy|CC1 Comdty|CD1 Curncy|CF1 Index|CO1 Comdty|EC1 Curncy|EO1 Index|ES1 Index|FC1 Comdty|FV1 Comdty|G 1 Comdty|GC1 Comdty|HO1 Comdty|IK1 Comdty|KC1 Comdty|KW1 Comdty|MES1 Index|NO1 Index|NV1 Curncy|OE1 Comdty|PE1 Curncy|QW1 Comdty|RS1 Comdty|RTY1 Index|S 1 Comdty|SB1 Comdty|SF1 Curncy|SFI5 Comdty|SI1 Comdty|SM1 Index|TP1 Index|TU1 Comdty|TY1 Comdty|UB1 Comdty|VG1 Index|W 1 Comdty|WN1 Comdty|Z 1 Index,sub1M_40,strict66
0.4279,0.2920,0.3087,374,AD1 Curncy|CC1 Comdty|CD1 Curncy|CF1 Index|CO1 Comdty|CT1 Comdty|DF1 Comdty|DU1 Comdty|EC1 Curncy|EO1 Index|ES1 Index|FC1 Comdty|G 1 Comdty|GC1 Comdty|HG1 Comdty|HO1 Comdty|IK1 Comdty|JB1 Comdty|JY1 Curncy|KW1 Comdty|LC1 Comdty|NO1 Index|NQ1 Index|NV1 Curncy|OE1 Comdty|PE1 Curncy|QC1 Comdty|QW1 Comdty|RTY1 Index|RX1 Comdty|S 1 Comdty|SF1 Curncy|SFR5 Comdty|SM1 Comdty|SM1 Index|TP1 Index|TY1 Comdty|VG1 Index|WN1 Comdty|Z 1 Index,sub1M_40,strict66
0.2107,0.0641,-0.6245,375,AD1 Curncy|BO1 Comdty|BP1 Curncy|C 1 Comdty|CD1 Curncy|CF1 Index|CT1 Comdty|DF1 Comdty|DM1 Index|EC1 Curncy|EO1 Index|ER4 Comdty|FC1 Comdty|FV1 Comdty|HG1 Comdty|HO1 Comdty|JY1 Curncy|LH1 Comdty|NO1 Index|NQ1 Index|NV1 Curncy|OAT1 Comdty|PL1 Comdty|QW1 Comdty|RS1 Comdty|RTY1 Index|RX1 Comdty|SF1 Curncy|SFI5 Comdty|SFR5 Comdty|SM1 Comdty|SM1 Index|TP1 Index|UB1 Comdty|US1 Comdty|VG1 Index|W 1 Comdty|WN1 Comdty|XB1 Comdty|Z 1 Index,sub1M_40,strict66
0.3563,0.1873,-0.4171,376,AD1 Curncy|BO1 Comdty|CD1 Curncy|DF1 Comdty|DM1 Index|EC1 Curncy|EO1 Index|ER4 Comdty|ES1 Index|G 1 Comdty|GX1 Index|HO1 Comdty|JY1 Curncy|KC1 Comdty|KW1 Comdty|LC1 Comdty|MES1 Index|NG1 Comdty|NQ1 Index|NV1 Curncy|OAT1 Comdty|PA1 Comdty|PE1 Curncy|QC1 Comdty|QW1 Comdty|RS1 Comdty|RTY1 Index|SF1 Curncy|SFI5 Comdty|SFR5 Comdty|SI1 Comdty|SM1 Comdty|SM1 Index|TP1 Index|TU1 Comdty|TY1 Comdty|UB1 Comdty|US1 Comdty|W 1 Comdty|Z 1 Index,sub1M_40,strict66
0.2413,0.1109,-0.5344,377,AD1 Curncy|C 1 Comdty|CD1 Curncy|CF1 Index|CT1 Comdty|DM1 Index|EC1 Curncy|EO1 Index|G 1 Comdty|GX1 Index|HO1 Comdty|IK1 Comdty|JY1 Curncy|KW1 Comdty|LC1 Comdty|LH1 Comdty|MES1 Index|NG1 Comdty|NV1 Curncy|OAT1 Comdty|OE1 Comdty|PA1 Comdty|PE1 Curncy|PL1 Comdty|QC1 Comdty|RTY1 Index|S 1 Comdty|SB1 Comdty|SF1 Curncy|SFI5 Comdty|SFR5 Comdty|SM1 Comdty|SM1 Index|TP1 Index|TU1 Comdty|UB1 Comdty|US1 Comdty|VG1 Index|W 1 Comdty|Z 1 Index,sub1M_40,strict66
0.4009,0.2125,-0.0971,378,BO1 Comdty|BP1 Curncy|C 1 Comdty|CD1 Curncy|CF1 Index|CL1 Comdty|DM1 Index|EC1 Curncy|ES1 Index|GC1 Comdty|HG1 Comdty|IK1 Comdty|JY1 Curncy|KC1 Comdty|KW1 Comdty|LC1 Comdty|MES1 Index|NG1 Comdty|NO1 Index|NQ1 Index|NV1 Curncy|OE1 Comdty|PE1 Curncy|QC1 Comdty|RS1 Comdty|RX1 Comdty|S 1 Comdty|SF1 Curncy|SFI5 Comdty|SFR5 Comdty|SM1 Comdty|SM1 Index|TP1 Index|TU1 Comdty|TY1 Comdty|UB1 Comdty|VG1 Index|W 1 Comdty|WN1 Comdty|Z 1 Index,sub1M_40,strict66
0.4733,0.2476,0.1196,379,AD1 Curncy|BO1 Comdty|BP1 Curncy|C 1 Comdty|CC1 Comdty|CO1 Comdty|DM1 Index|EC1 Curncy|EO1 Index|ES1 Index|FC1 Comdty|G 1 Comdty|GC1 Comdty|GX1 Index|JY1 Curncy|KW1 Comdty|LC1 Comdty|MES1 Index|NV1 Curncy|OAT1 Comdty|OE1 Comdty|PE1 Curncy|QS1 Comdty|QW1 Comdty|RS1 Comdty|RTY1 Index|SF1 Curncy|SFI5 Comdty|SI1 Comdty|SM1 Comdty|SM1 Index|TP1 Index|TU1 Comdty|TY1 Comdty|US1 Comdty|UXY1 Comdty|VG1 Index|W 1 Comdty|WN1 Comdty|Z 1 Index,sub1M_40,strict66
0.2081,-0.1024,-0.3747,380,AD1 Curncy|BO1 Comdty|BP1 Curncy|CC1 Comdty|CD1 Curncy|CF1 Index|CT1 Comdty|DF1 Comdty|DM1 Index|DU1 Comdty|EC1 Curncy|EO1 Index|ER4 Comdty|ES1 Index|FC1 Comdty|FV1 Comdty|GX1 Index|IK1 Comdty|KC1 Comdty|KW1 Comdty|LC1 Comdty|MES1 Index|NG1 Comdty|NV1 Curncy|OAT1 Comdty|PE1 Curncy|PL1 Comdty|RTY1 Index|RX1 Comdty|S 1 Comdty|SB1 Comdty|SF1 Curncy|SI1 Comdty|SM1 Index|TP1 Index|TY1 Comdty|UB1 Comdty|UXY1 Comdty|VG1 Index|XB1 Comdty,sub1M_40,strict66
0.4148,0.3075,0.1726,381,AD1 Curncy|BO1 Comdty|BP1 Curncy|CC1 Comdty|CD1 Curncy|CT1 Comdty|DF1 Comdty|DM1 Index|DU1 Comdty|EC1 Curncy|ES1 Index|FC1 Comdty|FV1 Comdty|GC1 Comdty|HG1 Comdty|HO1 Comdty|JB1 Comdty|KC1 Comdty|LC1 Comdty|MES1 Index|NO1 Index|NQ1 Index|NV1 Curncy|PE1 Curncy|QS1 Comdty|RS1 Comdty|RTY1 Index|RX1 Comdty|SB1 Comdty|SF1 Curncy|SFI5 Comdty|SM1 Index|TP1 Index|TU1 Comdty|TY1 Comdty|UB1 Comdty|VG1 Index|W 1 Comdty|WN1 Comdty|Z 1 Index,sub1M_40,strict66
0.2230,0.2003,-0.7161,382,AD1 Curncy|BO1 Comdty|BP1 Curncy|CD1 Curncy|CF1 Index|CL1 Comdty|CT1 Comdty|DF1 Comdty|DM1 Index|EC1 Curncy|EO1 Index|FC1 Comdty|FV1 Comdty|G 1 Comdty|GX1 Index|HG1 Comdty|JY1 Curncy|KW1 Comdty|LC1 Comdty|MES1 Index|NQ1 Index|NV1 Curncy|PA1 Comdty|PE1 Curncy|QW1 Comdty|RTY1 Index|RX1 Comdty|S 1 Comdty|SB1 Comdty|SFI5 Comdty|SFR5 Comdty|TP1 Index|TU1 Comdty|TY1 Comdty|US1 Comdty|VG1 Index|W 1 Comdty|WN1 Comdty|XB1 Comdty|Z 1 Index,sub1M_40,strict66
0.3630,0.1568,-0.5343,383,AD1 Curncy|BO1 Comdty|BP1 Curncy|CF1 Index|CO1 Comdty|DF1 Comdty|DM1 Index|EC1 Curncy|EO1 Index|ER4 Comdty|FC1 Comdty|FV1 Comdty|G 1 Comdty|HG1 Comdty|HO1 Comdty|IK1 Comdty|JY1 Curncy|LC1 Comdty|LH1 Comdty|MES1 Index|NO1 Index|NQ1 Index|NV1 Curncy|PE1 Curncy|QW1 Comdty|RTY1 Index|RX1 Comdty|S 1 Comdty|SB1 Comdty|SF1 Curncy|SFI5 Comdty|SI1 Comdty|SM1 Comdty|SM1 Index|TP1 Index|TU1 Comdty|UB1 Comdty|UXY1 Comdty|W 1 Comdty|Z 1 Index,sub1M_40,strict66
0.3780,0.2516,0.0469,384,AD1 Curncy|BO1 Comdty|BP1 Curncy|C 1 Comdty|CC1 Comdty|CD1 Curncy|CF1 Index|CO1 Comdty|CT1 Comdty|DF1 Comdty|DM1 Index|EC1 Curncy|EO1 Index|ES1 Index|FV1 Comdty|GC1 Comdty|JB1 Comdty|JY1 Curncy|MES1 Index|NV1 Curncy|OAT1 Comdty|OE1 Comdty|PE1 Curncy|PL1 Comdty|QC1 Comdty|QW1 Comdty|RS1 Comdty|RTY1 Index|SB1 Comdty|SFI5 Comdty|SM1 Index|TP1 Index|TU1 Comdty|TY1 Comdty|UB1 Comdty|UXY1 Comdty|VG1 Index|W 1 Comdty|XB1 Comdty|Z 1 Index,sub1M_40,strict66
0.3653,0.2790,-0.2888,385,AD1 Curncy|BP1 Curncy|C 1 Comdty|CC1 Comdty|CD1 Curncy|CF1 Index|CL1 Comdty|DF1 Comdty|DM1 Index|DU1 Comdty|EC1 Curncy|EO1 Index|ER4 Comdty|ES1 Index|GX1 Index|HO1 Comdty|JY1 Curncy|LC1 Comdty|NO1 Index|OAT1 Comdty|PA1 Comdty|PE1 Curncy|QC1 Comdty|QW1 Comdty|RS1 Comdty|RTY1 Index|S 1 Comdty|SB1 Comdty|SF1 Curncy|SFI5 Comdty|SFR5 Comdty|SI1 Comdty|SM1 Index|TP1 Index|TU1 Comdty|TY1 Comdty|UB1 Comdty|VG1 Index|W 1 Comdty|WN1 Comdty,sub1M_40,strict66
0.1839,0.1606,-0.4668,386,AD1 Curncy|BP1 Curncy|C 1 Comdty|CD1 Curncy|CF1 Index|CL1 Comdty|CT1 Comdty|DF1 Comdty|DM1 Index|DU1 Comdty|EC1 Curncy|EO1 Index|ES1 Index|FC1 Comdty|FV1 Comdty|G 1 Comdty|GX1 Index|HG1 Comdty|HO1 Comdty|JB1 Comdty|LC1 Comdty|LH1 Comdty|MES1 Index|NO1 Index|NV1 Curncy|OAT1 Comdty|OE1 Comdty|PA1 Comdty|PE1 Curncy|QC1 Comdty|QW1 Comdty|SB1 Comdty|SF1 Curncy|SM1 Index|TP1 Index|TU1 Comdty|US1 Comdty|UXY1 Comdty|W 1 Comdty|Z 1 Index,sub1M_40,strict66
0.2931,0.1078,-0.7034,387,AD1 Curncy|BO1 Comdty|BP1 Curncy|C 1 Comdty|CF1 Index|CO1 Comdty|CT1 Comdty|DF1 Comdty|DM1 Index|EC1 Curncy|EO1 Index|ER4 Comdty|ES1 Index|G 1 Comdty|GX1 Index|HG1 Comdty|HO1 Comdty|IK1 Comdty|JY1 Curncy|KC1 Comdty|LC1 Comdty|LH1 Comdty|MES1 Index|NO1 Index|NV1 Curncy|OE1 Comdty|PE1 Curncy|PL1 Comdty|QW1 Comdty|RTY1 Index|RX1 Comdty|S 1 Comdty|SB1 Comdty|SF1 Curncy|SFI5 Comdty|SFR5 Comdty|SM1 Index|UB1 Comdty|UXY1 Comdty|VG1 Index,sub1M_40,strict66
0.4127,0.1714,-0.4570,388,BP1 Curncy|CC1 Comdty|CD1 Curncy|CF1 Index|CO1 Comdty|DF1 Comdty|DM1 Index|EC1 Curncy|EO1 Index|ER4 Comdty|ES1 Index|FC1 Comdty|HG1 Comdty|IK1 Comdty|JB1 Comdty|JY1 Curncy|KW1 Comdty|LH1 Comdty|MES1 Index|NG1 Comdty|NO1 Index|NQ1 Index|NV1 Curncy|OE1 Comdty|PE1 Curncy|QW1 Comdty|RS1 Comdty|RTY1 Index|S 1 Comdty|SF1 Curncy|SFI5 Comdty|SFR5 Comdty|SI1 Comdty|SM1 Comdty|SM1 Index|TY1 Comdty|US1 Comdty|UXY1 Comdty|W 1 Comdty|Z 1 Index,sub1M_40,strict66
0.4188,0.3223,-0.3168,389,AD1 Curncy|BO1 Comdty|BP1 Curncy|C 1 Comdty|CD1 Curncy|CF1 Index|CT1 Comdty|DF1 Comdty|DM1 Index|EC1 Curncy|EO1 Index|ER4 Comdty|ES1 Index|FV1 Comdty|GX1 Index|JY1 Curncy|LC1 Comdty|LH1 Comdty|NO1 Index|OAT1 Comdty|PA1 Comdty|PE1 Curncy|QS1 Comdty|RS1 Comdty|RTY1 Index|S 1 Comdty|SB1 Comdty|SF1 Curncy|SFI5 Comdty|SFR5 Comdty|SI1 Comdty|SM1 Index|TP1 Index|TU1 Comdty|TY1 Comdty|US1 Comdty|VG1 Index|W 1 Comdty|WN1 Comdty|XB1 Comdty,sub1M_40,strict66
0.4322,0.2970,0.2032,390,AD1 Curncy|BO1 Comdty|BP1 Curncy|CC1 Comdty|CD1 Curncy|CF1 Index|CL1 Comdty|DF1 Comdty|DM1 Index|DU1 Comdty|EC1 Curncy|EO1 Index|ES1 Index|G 1 Comdty|GC1 Comdty|HG1 Comdty|IK1 Comdty|JB1 Comdty|JY1 Curncy|KC1 Comdty|LC1 Comdty|LH1 Comdty|MES1 Index|NO1 Index|NQ1 Index|OAT1 Comdty|PE1 Curncy|QC1 Comdty|QW1 Comdty|RS1 Comdty|RX1 Comdty|SF1 Curncy|SFR5 Comdty|SM1 Comdty|SM1 Index|TP1 Index|TU1 Comdty|UB1 Comdty|VG1 Index|XB1 Comdty,sub1M_40,strict66
0.4497,0.3090,0.2927,391,AD1 Curncy|BO1 Comdty|BP1 Curncy|C 1 Comdty|CC1 Comdty|CD1 Curncy|CF1 Index|CO1 Comdty|CT1 Comdty|DF1 Comdty|DU1 Comdty|EC1 Curncy|EO1 Index|ES1 Index|FC1 Comdty|FV1 Comdty|GC1 Comdty|GX1 Index|HG1 Comdty|IK1 Comdty|JY1 Curncy|KC1 Comdty|NO1 Index|NQ1 Index|NV1 Curncy|OAT1 Comdty|OE1 Comdty|QC1 Comdty|QW1 Comdty|RS1 Comdty|SF1 Curncy|SFR5 Comdty|SM1 Index|TP1 Index|TU1 Comdty|TY1 Comdty|VG1 Index|WN1 Comdty|XB1 Comdty|Z 1 Index,sub1M_40,strict66
0.3742,0.2921,-0.4775,392,AD1 Curncy|BP1 Curncy|C 1 Comdty|CD1 Curncy|CF1 Index|CL1 Comdty|CT1 Comdty|DF1 Comdty|DM1 Index|EO1 Index|ER4 Comdty|ES1 Index|FC1 Comdty|FV1 Comdty|GX1 Index|HG1 Comdty|IK1 Comdty|JY1 Curncy|KC1 Comdty|KW1 Comdty|LH1 Comdty|NO1 Index|NQ1 Index|NV1 Curncy|PA1 Comdty|PE1 Curncy|QS1 Comdty|SB1 Comdty|SF1 Curncy|SFI5 Comdty|SM1 Comdty|SM1 Index|TP1 Index|TU1 Comdty|TY1 Comdty|UB1 Comdty|UXY1 Comdty|VG1 Index|W 1 Comdty|WN1 Comdty,sub1M_40,strict66
0.3228,0.0767,-0.3358,393,AD1 Curncy|BP1 Curncy|C 1 Comdty|CC1 Comdty|CD1 Curncy|CF1 Index|CO1 Comdty|DF1 Comdty|DM1 Index|DU1 Comdty|EC1 Curncy|EO1 Index|FC1 Comdty|JB1 Comdty|JY1 Curncy|KC1 Comdty|LC1 Comdty|NO1 Index|NQ1 Index|NV1 Curncy|OAT1 Comdty|PE1 Curncy|PL1 Comdty|QW1 Comdty|RS1 Comdty|RTY1 Index|RX1 Comdty|SB1 Comdty|SFI5 Comdty|SFR5 Comdty|SI1 Comdty|SM1 Comdty|SM1 Index|TP1 Index|US1 Comdty|UXY1 Comdty|VG1 Index|WN1 Comdty|XB1 Comdty|Z 1 Index,sub1M_40,strict66
0.3290,0.2398,-0.5777,394,AD1 Curncy|BO1 Comdty|BP1 Curncy|C 1 Comdty|CD1 Curncy|CF1 Index|CO1 Comdty|CT1 Comdty|DM1 Index|DU1 Comdty|EC1 Curncy|EO1 Index|ER4 Comdty|ES1 Index|GX1 Index|HG1 Comdty|HO1 Comdty|JB1 Comdty|JY1 Curncy|KC1 Comdty|LC1 Comdty|MES1 Index|NO1 Index|NQ1 Index|NV1 Curncy|PA1 Comdty|QC1 Comdty|RS1 Comdty|RX1 Comdty|S 1 Comdty|SB1 Comdty|SF1 Curncy|SFR5 Comdty|SM1 Index|TU1 Comdty|UB1 Comdty|US1 Comdty|UXY1 Comdty|W 1 Comdty|Z 1 Index,sub1M_40,strict66
0.2616,0.1095,-0.4904,395,AD1 Curncy|BO1 Comdty|BP1 Curncy|C 1 Comdty|CF1 Index|DF1 Comdty|DU1 Comdty|EC1 Curncy|EO1 Index|ES1 Index|G 1 Comdty|HO1 Comdty|IK1 Comdty|JB1 Comdty|JY1 Curncy|KC1 Comdty|KW1 Comdty|LH1 Comdty|MES1 Index|NO1 Index|NQ1 Index|NV1 Curncy|OAT1 Comdty|OE1 Comdty|PA1 Comdty|PE1 Curncy|QC1 Comdty|QW1 Comdty|RTY1 Index|S 1 Comdty|SF1 Curncy|SFI5 Comdty|SI1 Comdty|SM1 Comdty|SM1 Index|TP1 Index|TU1 Comdty|TY1 Comdty|XB1 Comdty|Z 1 Index,sub1M_40,strict66
0.1697,0.0150,-0.5466,396,AD1 Curncy|BO1 Comdty|BP1 Curncy|C 1 Comdty|CC1 Comdty|CD1 Curncy|CO1 Comdty|CT1 Comdty|DM1 Index|DU1 Comdty|EC1 Curncy|EO1 Index|ER4 Comdty|ES1 Index|FC1 Comdty|FV1 Comdty|G 1 Comdty|HG1 Comdty|HO1 Comdty|IK1 Comdty|KC1 Comdty|KW1 Comdty|MES1 Index|NQ1 Index|NV1 Curncy|PE1 Curncy|PL1 Comdty|RTY1 Index|RX1 Comdty|S 1 Comdty|SB1 Comdty|SF1 Curncy|SM1 Index|TP1 Index|TU1 Comdty|US1 Comdty|UXY1 Comdty|VG1 Index|W 1 Comdty|Z 1 Index,sub1M_40,strict66
0.3186,0.1171,-0.4894,397,AD1 Curncy|BP1 Curncy|C 1 Comdty|CC1 Comdty|CD1 Curncy|CF1 Index|CT1 Comdty|DM1 Index|EC1 Curncy|EO1 Index|ER4 Comdty|G 1 Comdty|GX1 Index|JY1 Curncy|KC1 Comdty|KW1 Comdty|LH1 Comdty|MES1 Index|NG1 Comdty|NQ1 Index|NV1 Curncy|OAT1 Comdty|OE1 Comdty|PA1 Comdty|PE1 Curncy|QW1 Comdty|S 1 Comdty|SFI5 Comdty|SFR5 Comdty|SI1 Comdty|SM1 Comdty|SM1 Index|TP1 Index|TY1 Comdty|UB1 Comdty|VG1 Index|W 1 Comdty|WN1 Comdty|XB1 Comdty|Z 1 Index,sub1M_40,strict66
0.3536,0.1859,-0.5638,398,AD1 Curncy|BO1 Comdty|BP1 Curncy|C 1 Comdty|CC1 Comdty|CF1 Index|CL1 Comdty|CO1 Comdty|CT1 Comdty|DF1 Comdty|EC1 Curncy|EO1 Index|ER4 Comdty|ES1 Index|G 1 Comdty|GX1 Index|JY1 Curncy|KC1 Comdty|MES1 Index|NO1 Index|NQ1 Index|NV1 Curncy|OAT1 Comdty|OE1 Comdty|PA1 Comdty|PE1 Curncy|QW1 Comdty|S 1 Comdty|SB1 Comdty|SF1 Curncy|SFI5 Comdty|SI1 Comdty|SM1 Index|TP1 Index|TU1 Comdty|TY1 Comdty|UB1 Comdty|US1 Comdty|W 1 Comdty|Z 1 Index,sub1M_40,strict66
0.4488,0.2791,0.3067,399,AD1 Curncy|C 1 Comdty|CC1 Comdty|CD1 Curncy|CF1 Index|CL1 Comdty|DM1 Index|EC1 Curncy|EO1 Index|ER4 Comdty|FC1 Comdty|FV1 Comdty|G 1 Comdty|GC1 Comdty|GX1 Index|HO1 Comdty|JY1 Curncy|LC1 Comdty|LH1 Comdty|MES1 Index|NO1 Index|NV1 Curncy|OE1 Comdty|PE1 Curncy|QC1 Comdty|QW1 Comdty|RS1 Comdty|RTY1 Index|SB1 Comdty|SF1 Curncy|SFI5 Comdty|SFR5 Comdty|SI1 Comdty|SM1 Comdty|SM1 Index|TP1 Index|UB1 Comdty|US1 Comdty|UXY1 Comdty|VG1 Index,sub1M_40,strict66
0.4131,0.2163,0.3257,0,AD1 Curncy|CA1 Comdty|CC1 Comdty|CF1 Index|DM1 Index|DU1 Comdty|EC1 Curncy|ES1 Index|FC1 Comdty|G 1 Comdty|GC1 Comdty|GX1 Index|IR4 Comdty|JGS1 Index|JY1 Curncy|KW1 Comdty|LC1 Comdty|LH1 Comdty|MWE1 Comdty|NG1 Comdty|NO1 Curncy|NQ1 Index|NV1 Curncy|OE1 Comdty|PL1 Comdty|QC1 Comdty|QW1 Comdty|RX1 Comdty|S 1 Comdty|SE1 Curncy|SF1 Curncy|SFR5 Comdty|TP1 Index|TU1 Comdty|TWT1 Index|UB1 Comdty|US1 Comdty|VG1 Index|XB1 Comdty|XP1 Index,sub1M_40,all84
0.4307,0.2526,0.0120,1,AD1 Curncy|BO1 Comdty|BP1 Curncy|CL1 Comdty|CN1 Comdty|CT1 Comdty|DU1 Comdty|ES1 Index|FC1 Comdty|G 1 Comdty|GC1 Comdty|HC1 Index|HG1 Comdty|IR4 Comdty|JB1 Comdty|JGS1 Index|JY1 Curncy|LC1 Comdty|LH1 Comdty|MWE1 Comdty|NG1 Comdty|NO1 Curncy|NO1 Index|NQ1 Index|OAT1 Comdty|PE1 Curncy|QC1 Comdty|QC1 Index|QW1 Comdty|RS1 Comdty|RTY1 Index|RX1 Comdty|SB1 Comdty|SE1 Curncy|SF1 Curncy|SFR5 Comdty|TP1 Index|TU1 Comdty|XP1 Index|Z 1 Index,sub1M_40,all84
0.5119,0.3133,0.3043,2,AD1 Curncy|BP1 Curncy|CC1 Comdty|CN1 Comdty|CO1 Comdty|DF1 Comdty|DM1 Index|EC1 Curncy|EO1 Index|ER4 Comdty|ES1 Index|FC1 Comdty|GC1 Comdty|JB1 Comdty|JY1 Curncy|KC1 Comdty|LH1 Comdty|MWE1 Comdty|NO1 Curncy|NO1 Index|NV1 Curncy|PT1 Index|QW1 Comdty|RTY1 Index|RX1 Comdty|S 1 Comdty|SB1 Comdty|SE1 Curncy|SI1 Comdty|SM1 Comdty|TP1 Index|TU1 Comdty|TWT1 Index|TY1 Comdty|UB1 Comdty|US1 Comdty|VG1 Index|WN1 Comdty|XB1 Comdty|Z 1 Index,sub1M_40,all84
0.6547,0.4717,-0.8498,3,BP1 Curncy|C 1 Comdty|CC1 Comdty|CUA1 Comdty|EC1 Curncy|ER4 Comdty|ES1 Index|FC1 Comdty|FV1 Comdty|GX1 Index|HC1 Index|HI1 Index|IK1 Comdty|KC1 Comdty|KW1 Comdty|NO1 Curncy|NO1 Index|NQ1 Index|NV1 Curncy|PE1 Curncy|PL1 Comdty|PT1 Index|QC1 Comdty|QS1 Comdty|QW1 Comdty|RS1 Comdty|RX1 Comdty|SB1 Comdty|SCO1 Comdty|SE1 Curncy|SF1 Curncy|SM1 Comdty|TY1 Comdty|UB1 Comdty|US1 Comdty|UXY1 Comdty|VG1 Index|WN1 Comdty|XP1 Index|XU1 Index,sub1M_40,all84
0.3383,0.2401,-0.1079,4,AD1 Curncy|CA1 Comdty|CF1 Index|CL1 Comdty|CN1 Comdty|CT1 Comdty|DF1 Comdty|EC1 Curncy|EO1 Index|ER4 Comdty|GC1 Comdty|HI1 Index|IR4 Comdty|JB1 Comdty|JGS1 Index|JY1 Curncy|KC1 Comdty|KW1 Comdty|LH1 Comdty|MES1 Index|NG1 Comdty|NO1 Curncy|NV1 Curncy|OAT1 Comdty|PE1 Curncy|PL1 Comdty|QC1 Index|RS1 Comdty|S 1 Comdty|SE1 Curncy|SFI5 Comdty|SM1 Comdty|SM1 Index|TP1 Index|TU1 Comdty|UXY1 Comdty|VG1 Index|W 1 Comdty|WN1 Comdty|XP1 Index,sub1M_40,all84
0.3508,0.1917,0.0516,5,AD1 Curncy|BP1 Curncy|C 1 Comdty|CC1 Comdty|CD1 Curncy|CL1 Comdty|CN1 Comdty|DF1 Comdty|DM1 Index|EO1 Index|G 1 Comdty|GC1 Comdty|GX1 Index|IJ1 Comdty|IK1 Comdty|IR4 Comdty|JGS1 Index|KW1 Comdty|LH1 Comdty|MES1 Index|MWE1 Comdty|NO1 Curncy|NQ1 Index|OAT1 Comdty|PE1 Curncy|PT1 Index|QC1 Comdty|SB1 Comdty|SE1 Curncy|SF1 Curncy|SFI5 Comdty|SI1 Comdty|SM1 Comdty|TWT1 Index|UB1 Comdty|VG1 Index|WN1 Comdty|XB1 Comdty|XM1 Comdty|Z 1 Index,sub1M_40,all84
0.4646,0.3929,-0.8583,6,AD1 Curncy|BO1 Comdty|BP1 Curncy|CA1 Comdty|CC1 Comdty|CD1 Curncy|CL1 Comdty|DM1 Index|EC1 Curncy|ER4 Comdty|G 1 Comdty|GX1 Index|HC1 Index|HG1 Comdty|IJ1 Comdty|IR4 Comdty|JB1 Comdty|JGS1 Index|JY1 Curncy|KC1 Comdty|KW1 Comdty|LH1 Comdty|MES1 Index|NG1 Comdty|NQ1 Index|OE1 Comdty|PE1 Curncy|PT1 Index|RS1 Comdty|RX1 Comdty|SB1 Comdty|SCO1 Comdty|SE1 Curncy|SM1 Index|TWT1 Index|UB1 Comdty|UXY1 Comdty|W 1 Comdty|WN1 Comdty|Z 1 Index,sub1M_40,all84
0.4010,0.1329,-0.6386,7,BO1 Comdty|CC1 Comdty|CD1 Curncy|CT1 Comdty|CUA1 Comdty|DF1 Comdty|DU1 Comdty|EC1 Curncy|EO1 Index|ER4 Comdty|FC1 Comdty|G 1 Comdty|GX1 Index|HC1 Index|HG1 Comdty|HI1 Index|IJ1 Comdty|IK1 Comdty|IR4 Comdty|JY1 Curncy|KW1 Comdty|LH1 Comdty|MES1 Index|NQ1 Index|NV1 Curncy|PE1 Curncy|PL1 Comdty|SB1 Comdty|SE1 Curncy|SF1 Curncy|SFI5 Comdty|TWT1 Index|TY1 Comdty|UB1 Comdty|UXY1 Comdty|VG1 Index|W 1 Comdty|XB1 Comdty|XP1 Index|XU1 Index,sub1M_40,all84
0.4811,0.5206,-0.6384,8,AD1 Curncy|BP1 Curncy|C 1 Comdty|CA1 Comdty|CD1 Curncy|CO1 Comdty|DF1 Comdty|DU1 Comdty|ER4 Comdty|FV1 Comdty|GX1 Index|HI1 Index|JY1 Curncy|KC1 Comdty|LC1 Comdty|NO1 Index|NQ1 Index|NV1 Curncy|OAT1 Comdty|PE1 Curncy|PL1 Comdty|PT1 Index|QC1 Index|QW1 Comdty|RS1 Comdty|S 1 Comdty|SB1 Comdty|SCO1 Comdty|SE1 Curncy|SFR5 Comdty|TU1 Comdty|TWT1 Index|US1 Comdty|W 1 Comdty|WN1 Comdty|XB1 Comdty|XM1 Comdty|XP1 Index|XU1 Index|Z 1 Index,sub1M_40,all84
0.3890,-0.0159,-0.6096,9,AD1 Curncy|BO1 Comdty|BP1 Curncy|CC1 Comdty|CF1 Index|CT1 Comdty|CUA1 Comdty|DF1 Comdty|DM1 Index|DU1 Comdty|ER4 Comdty|ES1 Index|FV1 Comdty|IK1 Comdty|JGS1 Index|JY1 Curncy|KC1 Comdty|LC1 Comdty|MES1 Index|MWE1 Comdty|NG1 Comdty|NO1 Curncy|OAT1 Comdty|OE1 Comdty|PE1 Curncy|PL1 Comdty|PT1 Index|QC1 Comdty|RX1 Comdty|SE1 Curncy|SF1 Curncy|SFI5 Comdty|SI1 Comdty|SM1 Comdty|TP1 Index|VG1 Index|W 1 Comdty|XM1 Comdty|XP1 Index|Z 1 Index,sub1M_40,all84
0.1748,0.0397,-0.6609,10,AD1 Curncy|BO1 Comdty|BP1 Curncy|CA1 Comdty|CD1 Curncy|CF1 Index|CL1 Comdty|CN1 Comdty|CT1 Comdty|EC1 Curncy|EO1 Index|ES1 Index|FV1 Comdty|G 1 Comdty|GX1 Index|HC1 Index|HG1 Comdty|IJ1 Comdty|IK1 Comdty|IR4 Comdty|JGS1 Index|KC1 Comdty|LH1 Comdty|NO1 Curncy|OAT1 Comdty|PE1 Curncy|PT1 Index|S 1 Comdty|SB1 Comdty|SE1 Curncy|SI1 Comdty|SM1 Comdty|TP1 Index|TU1 Comdty|TY1 Comdty|W 1 Comdty|WN1 Comdty|XB1 Comdty|XP1 Index|Z 1 Index,sub1M_40,all84
0.3033,0.2641,-0.6037,11,AD1 Curncy|C 1 Comdty|CA1 Comdty|CC1 Comdty|CD1 Curncy|CF1 Index|CL1 Comdty|CN1 Comdty|DM1 Index|ER4 Comdty|FC1 Comdty|FV1 Comdty|HC1 Index|HG1 Comdty|IK1 Comdty|IR4 Comdty|JY1 Curncy|KW1 Comdty|LH1 Comdty|MES1 Index|NO1 Curncy|NO1 Index|OAT1 Comdty|PA1 Comdty|PE1 Curncy|RS1 Comdty|RTY1 Index|S 1 Comdty|SB1 Comdty|SE1 Curncy|SF1 Curncy|SFI5 Comdty|SM1 Index|TWT1 Index|TY1 Comdty|US1 Comdty|W 1 Comdty|XB1 Comdty|XU1 Index|Z 1 Index,sub1M_40,all84
0.4681,0.2147,-0.2992,12,AD1 Curncy|BP1 Curncy|DU1 Comdty|EO1 Index|ER4 Comdty|ES1 Index|FC1 Comdty|FV1 Comdty|HG1 Comdty|HI1 Index|IK1 Comdty|JB1 Comdty|JGS1 Index|JY1 Curncy|KC1 Comdty|KW1 Comdty|LC1 Comdty|LH1 Comdty|MES1 Index|MWE1 Comdty|NG1 Comdty|NO1 Curncy|NO1 Index|NQ1 Index|NV1 Curncy|OAT1 Comdty|OE1 Comdty|PE1 Curncy|PT1 Index|QC1 Comdty|QS1 Comdty|QW1 Comdty|S 1 Comdty|SE1 Curncy|SFR5 Comdty|SI1 Comdty|SM1 Comdty|SM1 Index|WN1 Comdty|XU1 Index,sub1M_40,all84
0.5823,0.4778,0.1727,13,AD1 Curncy|C 1 Comdty|CD1 Curncy|CN1 Comdty|CO1 Comdty|DM1 Index|EC1 Curncy|FC1 Comdty|FV1 Comdty|GC1 Comdty|IK1 Comdty|IR4 Comdty|JB1 Comdty|JGS1 Index|JY1 Curncy|KC1 Comdty|LH1 Comdty|MES1 Index|MWE1 Comdty|NG1 Comdty|NO1 Index|NV1 Curncy|PA1 Comdty|PE1 Curncy|QC1 Comdty|QC1 Index|QW1 Comdty|RTY1 Index|RX1 Comdty|S 1 Comdty|SB1 Comdty|SE1 Curncy|TP1 Index|TU1 Comdty|TWT1 Index|W 1 Comdty|WN1 Comdty|XM1 Comdty|XU1 Index|Z 1 Index,sub1M_40,all84
0.7460,0.4768,0.1789,14,AD1 Curncy|CA1 Comdty|CC1 Comdty|CF1 Index|CO1 Comdty|CUA1 Comdty|DU1 Comdty|EC1 Curncy|ES1 Index|FC1 Comdty|GC1 Comdty|HC1 Index|HG1 Comdty|HI1 Index|IJ1 Comdty|IK1 Comdty|IR4 Comdty|JY1 Curncy|LC1 Comdty|LH1 Comdty|MWE1 Comdty|NO1 Index|NV1 Curncy|OAT1 Comdty|OE1 Comdty|PE1 Curncy|PT1 Index|QC1 Comdty|QC1 Index|RS1 Comdty|RTY1 Index|RX1 Comdty|S 1 Comdty|SE1 Curncy|SF1 Curncy|SM1 Index|TP1 Index|TU1 Comdty|US1 Comdty|WN1 Comdty,sub1M_40,all84
0.4923,0.3581,-0.0573,15,AD1 Curncy|BO1 Comdty|BP1 Curncy|CC1 Comdty|CN1 Comdty|EC1 Curncy|EO1 Index|ER4 Comdty|FC1 Comdty|G 1 Comdty|GC1 Comdty|HC1 Index|HI1 Index|JGS1 Index|JY1 Curncy|LC1 Comdty|LH1 Comdty|NG1 Comdty|NO1 Curncy|NQ1 Index|OAT1 Comdty|OE1 Comdty|PA1 Comdty|PE1 Curncy|QC1 Comdty|QW1 Comdty|RS1 Comdty|RTY1 Index|SB1 Comdty|SE1 Curncy|SFR5 Comdty|SM1 Comdty|TP1 Index|TY1 Comdty|UB1 Comdty|US1 Comdty|VG1 Index|XB1 Comdty|XP1 Index|Z 1 Index,sub1M_40,all84
0.2693,0.1700,-0.3884,16,AD1 Curncy|BO1 Comdty|BP1 Curncy|C 1 Comdty|CC1 Comdty|CD1 Curncy|CF1 Index|CL1 Comdty|DU1 Comdty|EC1 Curncy|EO1 Index|ES1 Index|FV1 Comdty|G 1 Comdty|IJ1 Comdty|IR4 Comdty|JY1 Curncy|KC1 Comdty|LC1 Comdty|LH1 Comdty|NG1 Comdty|NO1 Index|NQ1 Index|OE1 Comdty|PA1 Comdty|PL1 Comdty|QC1 Comdty|QW1 Comdty|RTY1 Index|RX1 Comdty|SE1 Curncy|SF1 Curncy|TP1 Index|TWT1 Index|US1 Comdty|UXY1 Comdty|W 1 Comdty|XM1 Comdty|XP1 Index|XU1 Index,sub1M_40,all84
0.2498,0.0341,-0.6785,17,BP1 Curncy|C 1 Comdty|CC1 Comdty|CD1 Curncy|CF1 Index|CN1 Comdty|CT1 Comdty|DU1 Comdty|EC1 Curncy|ES1 Index|FV1 Comdty|G 1 Comdty|HC1 Index|HG1 Comdty|IJ1 Comdty|IK1 Comdty|JB1 Comdty|JY1 Curncy|KC1 Comdty|LC1 Comdty|LH1 Comdty|NG1 Comdty|NO1 Curncy|NO1 Index|NV1 Curncy|OAT1 Comdty|PL1 Comdty|PT1 Index|QC1 Index|QS1 Comdty|RTY1 Index|RX1 Comdty|S 1 Comdty|SB1 Comdty|SE1 Curncy|SM1 Comdty|SM1 Index|UB1 Comdty|XP1 Index|Z 1 Index,sub1M_40,all84
0.3765,0.2323,-0.4881,18,AD1 Curncy|CA1 Comdty|CD1 Curncy|CO1 Comdty|CT1 Comdty|DF1 Comdty|DU1 Comdty|EC1 Curncy|ER4 Comdty|FC1 Comdty|G 1 Comdty|HI1 Index|IJ1 Comdty|JGS1 Index|JY1 Curncy|KW1 Comdty|MWE1 Comdty|NO1 Index|NV1 Curncy|PA1 Comdty|PE1 Curncy|PL1 Comdty|PT1 Index|QC1 Index|QS1 Comdty|QW1 Comdty|RX1 Comdty|SB1 Comdty|SF1 Curncy|SFI5 Comdty|SM1 Index|TP1 Index|TY1 Comdty|UB1 Comdty|US1 Comdty|UXY1 Comdty|VG1 Index|W 1 Comdty|XU1 Index|Z 1 Index,sub1M_40,all84
0.2701,0.1946,-0.3314,19,AD1 Curncy|BP1 Curncy|CA1 Comdty|CC1 Comdty|CL1 Comdty|DF1 Comdty|DM1 Index|DU1 Comdty|EC1 Curncy|EO1 Index|ES1 Index|FC1 Comdty|G 1 Comdty|GX1 Index|HG1 Comdty|IK1 Comdty|JB1 Comdty|LC1 Comdty|LH1 Comdty|NO1 Curncy|NO1 Index|NV1 Curncy|OAT1 Comdty|PE1 Curncy|PL1 Comdty|QC1 Index|QS1 Comdty|QW1 Comdty|RS1 Comdty|S 1 Comdty|SF1 Curncy|SFI5 Comdty|SM1 Index|TP1 Index|TU1 Comdty|TWT1 Index|TY1 Comdty|US1 Comdty|VG1 Index|W 1 Comdty,sub1M_40,all84
0.3341,0.1211,-0.1102,20,AD1 Curncy|BP1 Curncy|CD1 Curncy|DF1 Comdty|DU1 Comdty|EC1 Curncy|EO1 Index|ES1 Index|FC1 Comdty|G 1 Comdty|GC1 Comdty|GX1 Index|HI1 Index|JGS1 Index|LC1 Comdty|LH1 Comdty|MES1 Index|MWE1 Comdty|NG1 Comdty|NO1 Curncy|NV1 Curncy|OE1 Comdty|QC1 Index|QW1 Comdty|RS1 Comdty|S 1 Comdty|SB1 Comdty|SF1 Curncy|SFI5 Comdty|SFR5 Comdty|SI1 Comdty|SM1 Comdty|TP1 Index|TU1 Comdty|TY1 Comdty|UXY1 Comdty|XB1 Comdty|XM1 Comdty|XU1 Index|Z 1 Index,sub1M_40,all84
0.5481,0.6193,-0.4869,21,AD1 Curncy|BP1 Curncy|CA1 Comdty|CC1 Comdty|CD1 Curncy|CL1 Comdty|DM1 Index|EC1 Curncy|ER4 Comdty|FC1 Comdty|FV1 Comdty|G 1 Comdty|HC1 Index|IJ1 Comdty|JGS1 Index|JY1 Curncy|KW1 Comdty|LC1 Comdty|MES1 Index|NG1 Comdty|NO1 Index|NQ1 Index|NV1 Curncy|PA1 Comdty|PT1 Index|QC1 Comdty|QC1 Index|QW1 Comdty|RX1 Comdty|SCO1 Comdty|SF1 Curncy|SFI5 Comdty|SFR5 Comdty|SM1 Comdty|TU1 Comdty|TWT1 Index|TY1 Comdty|UXY1 Comdty|W 1 Comdty|XU1 Index,sub1M_40,all84
0.3303,0.1653,-0.4631,22,AD1 Curncy|BO1 Comdty|BP1 Curncy|CA1 Comdty|CC1 Comdty|CF1 Index|CO1 Comdty|EO1 Index|FC1 Comdty|FV1 Comdty|HC1 Index|HG1 Comdty|HI1 Index|IK1 Comdty|IR4 Comdty|JGS1 Index|JY1 Curncy|KC1 Comdty|KW1 Comdty|MES1 Index|MWE1 Comdty|NG1 Comdty|NV1 Curncy|OE1 Comdty|PE1 Curncy|PL1 Comdty|QC1 Comdty|QC1 Index|QW1 Comdty|RTY1 Index|SB1 Comdty|SE1 Curncy|SF1 Curncy|SFI5 Comdty|SFR5 Comdty|SM1 Index|TWT1 Index|TY1 Comdty|UB1 Comdty|US1 Comdty,sub1M_40,all84
0.4049,0.1785,-0.3269,23,AD1 Curncy|BP1 Curncy|CA1 Comdty|CC1 Comdty|CF1 Index|CN1 Comdty|CUA1 Comdty|DF1 Comdty|DM1 Index|DU1 Comdty|EC1 Curncy|EO1 Index|ER4 Comdty|FC1 Comdty|FV1 Comdty|GX1 Index|HG1 Comdty|HO1 Comdty|JGS1 Index|KC1 Comdty|LH1 Comdty|MWE1 Comdty|NO1 Curncy|NO1 Index|NV1 Curncy|OAT1 Comdty|OE1 Comdty|PE1 Curncy|QW1 Comdty|RX1 Comdty|SB1 Comdty|SF1 Curncy|SFR5 Comdty|SI1 Comdty|SM1 Comdty|TP1 Index|TU1 Comdty|TWT1 Index|VG1 Index|Z 1 Index,sub1M_40,all84
0.2737,0.0630,-0.1609,24,AD1 Curncy|BP1 Curncy|CA1 Comdty|CC1 Comdty|CN1 Comdty|CO1 Comdty|CT1 Comdty|DF1 Comdty|DM1 Index|DU1 Comdty|ES1 Index|G 1 Comdty|GX1 Index|HC1 Index|IR4 Comdty|JB1 Comdty|JY1 Curncy|KC1 Comdty|KW1 Comdty|MWE1 Comdty|NO1 Curncy|NV1 Curncy|OAT1 Comdty|OE1 Comdty|PE1 Curncy|PL1 Comdty|PT1 Index|QC1 Comdty|QS1 Comdty|QW1 Comdty|S 1 Comdty|SF1 Curncy|SI1 Comdty|SM1 Index|TP1 Index|UXY1 Comdty|VG1 Index|WN1 Comdty|XP1 Index|Z 1 Index,sub1M_40,all84
0.4477,0.3772,-0.0386,25,AD1 Curncy|BP1 Curncy|C 1 Comdty|CA1 Comdty|CC1 Comdty|CL1 Comdty|CT1 Comdty|DF1 Comdty|DU1 Comdty|EC1 Curncy|ER4 Comdty|FC1 Comdty|HC1 Index|HI1 Index|HO1 Comdty|IR4 Comdty|JY1 Curncy|KW1 Comdty|LH1 Comdty|MES1 Index|NO1 Curncy|NO1 Index|NQ1 Index|NV1 Curncy|OE1 Comdty|PA1 Comdty|PT1 Index|QC1 Comdty|RTY1 Index|RX1 Comdty|SE1 Curncy|SFI5 Comdty|SI1 Comdty|TP1 Index|TU1 Comdty|TWT1 Index|TY1 Comdty|UXY1 Comdty|W 1 Comdty|Z 1 Index,sub1M_40,all84
0.1729,-0.0913,-0.6133,26,BO1 Comdty|BP1 Curncy|C 1 Comdty|CD1 Curncy|CF1 Index|CL1 Comdty|CN1 Comdty|CT1 Comdty|DF1 Comdty|DU1 Comdty|EC1 Curncy|EO1 Index|ER4 Comdty|ES1 Index|G 1 Comdty|GX1 Index|JGS1 Index|JY1 Curncy|KC1 Comdty|LH1 Comdty|NG1 Comdty|NV1 Curncy|OAT1 Comdty|PL1 Comdty|QC1 Index|RS1 Comdty|SB1 Comdty|SE1 Curncy|SF1 Curncy|SFR5 Comdty|SI1 Comdty|SM1 Comdty|TWT1 Index|TY1 Comdty|UB1 Comdty|VG1 Index|W 1 Comdty|XM1 Comdty|XP1 Index|Z 1 Index,sub1M_40,all84
0.2950,0.2884,-0.8349,27,AD1 Curncy|BO1 Comdty|BP1 Curncy|C 1 Comdty|CA1 Comdty|CC1 Comdty|CD1 Curncy|CF1 Index|DF1 Comdty|DM1 Index|EC1 Curncy|ES1 Index|FV1 Comdty|G 1 Comdty|GX1 Index|HI1 Index|IJ1 Comdty|IR4 Comdty|JB1 Comdty|KC1 Comdty|NO1 Curncy|OE1 Comdty|PE1 Curncy|PL1 Comdty|QS1 Comdty|QW1 Comdty|RTY1 Index|RX1 Comdty|SB1 Comdty|SCO1 Comdty|SF1 Curncy|SM1 Comdty|TP1 Index|TU1 Comdty|TY1 Comdty|US1 Comdty|VG1 Index|XB1 Comdty|XU1 Index|Z 1 Index,sub1M_40,all84
0.4180,0.2572,-0.0781,28,BO1 Comdty|BP1 Curncy|C 1 Comdty|CA1 Comdty|CD1 Curncy|CF1 Index|CO1 Comdty|DU1 Comdty|EC1 Curncy|EO1 Index|FC1 Comdty|G 1 Comdty|GC1 Comdty|HC1 Index|HI1 Index|IJ1 Comdty|JY1 Curncy|LC1 Comdty|LH1 Comdty|MES1 Index|NO1 Curncy|NO1 Index|NQ1 Index|NV1 Curncy|PL1 Comdty|QW1 Comdty|RX1 Comdty|SF1 Curncy|SFI5 Comdty|SFR5 Comdty|SM1 Comdty|TP1 Index|TU1 Comdty|TWT1 Index|UB1 Comdty|US1 Comdty|W 1 Comdty|XB1 Comdty|XM1 Comdty|XP1 Index,sub1M_40,all84
0.4227,0.2515,-1.0155,29,AD1 Curncy|BO1 Comdty|BP1 Curncy|CD1 Curncy|CF1 Index|CN1 Comdty|CT1 Comdty|CUA1 Comdty|DF1 Comdty|DU1 Comdty|EC1 Curncy|EO1 Index|ES1 Index|FV1 Comdty|G 1 Comdty|HC1 Index|HG1 Comdty|IK1 Comdty|JB1 Comdty|JGS1 Index|KW1 Comdty|LH1 Comdty|MES1 Index|NG1 Comdty|NV1 Curncy|PE1 Curncy|QC1 Comdty|RTY1 Index|RX1 Comdty|S 1 Comdty|SB1 Comdty|SCO1 Comdty|SF1 Curncy|SM1 Comdty|TP1 Index|TU1 Comdty|TWT1 Index|TY1 Comdty|W 1 Comdty|Z 1 Index,sub1M_40,all84
0.5782,0.5916,-0.6425,30,AD1 Curncy|BP1 Curncy|CA1 Comdty|CN1 Comdty|CT1 Comdty|DF1 Comdty|EC1 Curncy|EO1 Index|FC1 Comdty|G 1 Comdty|HO1 Comdty|IJ1 Comdty|IK1 Comdty|JB1 Comdty|JGS1 Index|JY1 Curncy|KW1 Comdty|LC1 Comdty|LH1 Comdty|MES1 Index|NG1 Comdty|NO1 Curncy|NQ1 Index|OAT1 Comdty|OE1 Comdty|PA1 Comdty|PE1 Curncy|QC1 Comdty|QC1 Index|RTY1 Index|SCO1 Comdty|SE1 Curncy|SFI5 Comdty|TP1 Index|US1 Comdty|VG1 Index|W 1 Comdty|XM1 Comdty|XU1 Index|Z 1 Index,sub1M_40,all84
0.5466,0.2654,-0.5047,31,AD1 Curncy|BO1 Comdty|CA1 Comdty|CC1 Comdty|CD1 Curncy|CT1 Comdty|CUA1 Comdty|DM1 Index|ES1 Index|FC1 Comdty|FV1 Comdty|HC1 Index|IR4 Comdty|JGS1 Index|JY1 Curncy|KW1 Comdty|NG1 Comdty|NO1 Curncy|NQ1 Index|NV1 Curncy|OAT1 Comdty|PA1 Comdty|PT1 Index|QW1 Comdty|RS1 Comdty|SE1 Curncy|SF1 Curncy|SFI5 Comdty|SI1 Comdty|SM1 Comdty|SM1 Index|TU1 Comdty|TWT1 Index|TY1 Comdty|UB1 Comdty|VG1 Index|W 1 Comdty|WN1 Comdty|XM1 Comdty|XP1 Index,sub1M_40,all84
0.8135,0.7542,-0.7568,32,BP1 Curncy|CF1 Index|CN1 Comdty|CUA1 Comdty|DF1 Comdty|DM1 Index|EC1 Curncy|ER4 Comdty|ES1 Index|FC1 Comdty|FV1 Comdty|JB1 Comdty|JGS1 Index|JY1 Curncy|KW1 Comdty|LC1 Comdty|LH1 Comdty|MWE1 Comdty|NO1 Curncy|NO1 Index|NQ1 Index|NV1 Curncy|OAT1 Comdty|PA1 Comdty|PE1 Curncy|QS1 Comdty|QW1 Comdty|RS1 Comdty|SB1 Comdty|SCO1 Comdty|SF1 Curncy|SFR5 Comdty|SM1 Index|TP1 Index|TU1 Comdty|TWT1 Index|UB1 Comdty|UXY1 Comdty|W 1 Comdty|XP1 Index,sub1M_40,all84
0.4712,0.2011,-0.3595,33,BP1 Curncy|C 1 Comdty|CA1 Comdty|CL1 Comdty|CN1 Comdty|CT1 Comdty|CUA1 Comdty|DU1 Comdty|EC1 Curncy|EO1 Index|ES1 Index|FC1 Comdty|FV1 Comdty|HC1 Index|HG1 Comdty|IJ1 Comdty|IK1 Comdty|IR4 Comdty|LC1 Comdty|MWE1 Comdty|NO1 Curncy|NQ1 Index|NV1 Curncy|PE1 Curncy|PT1 Index|QC1 Comdty|QC1 Index|S 1 Comdty|SE1 Curncy|SF1 Curncy|SFI5 Comdty|SFR5 Comdty|SI1 Comdty|SM1 Index|TP1 Index|TU1 Comdty|UB1 Comdty|VG1 Index|W 1 Comdty|XU1 Index,sub1M_40,all84
0.3689,0.4452,-0.9460,34,BO1 Comdty|BP1 Curncy|CA1 Comdty|CD1 Curncy|CN1 Comdty|CT1 Comdty|EC1 Curncy|ES1 Index|FC1 Comdty|G 1 Comdty|GX1 Index|HO1 Comdty|IR4 Comdty|KW1 Comdty|MES1 Index|MWE1 Comdty|NG1 Comdty|NO1 Curncy|NO1 Index|NQ1 Index|NV1 Curncy|OAT1 Comdty|PA1 Comdty|PE1 Curncy|QW1 Comdty|SB1 Comdty|SCO1 Comdty|SE1 Curncy|SM1 Comdty|SM1 Index|TU1 Comdty|TY1 Comdty|US1 Comdty|UXY1 Comdty|VG1 Index|W 1 Comdty|XM1 Comdty|XP1 Index|XU1 Index|Z 1 Index,sub1M_40,all84
0.4256,0.2742,-0.1559,35,BP1 Curncy|C 1 Comdty|CC1 Comdty|CD1 Curncy|CF1 Index|CN1 Comdty|CO1 Comdty|CT1 Comdty|EC1 Curncy|ER4 Comdty|ES1 Index|FV1 Comdty|G 1 Comdty|GC1 Comdty|GX1 Index|HO1 Comdty|IJ1 Comdty|JY1 Curncy|KW1 Comdty|LC1 Comdty|LH1 Comdty|MES1 Index|NO1 Curncy|NQ1 Index|NV1 Curncy|OAT1 Comdty|OE1 Comdty|PL1 Comdty|PT1 Index|QC1 Index|QW1 Comdty|RS1 Comdty|SB1 Comdty|SF1 Curncy|SFI5 Comdty|SM1 Index|TWT1 Index|UB1 Comdty|XM1 Comdty|XP1 Index,sub1M_40,all84
0.4634,0.2681,0.0983,36,BP1 Curncy|CC1 Comdty|CD1 Curncy|CL1 Comdty|CN1 Comdty|CT1 Comdty|DF1 Comdty|DM1 Index|EC1 Curncy|FC1 Comdty|G 1 Comdty|GC1 Comdty|IJ1 Comdty|IK1 Comdty|IR4 Comdty|JB1 Comdty|JY1 Curncy|MES1 Index|MWE1 Comdty|NG1 Comdty|NO1 Curncy|NQ1 Index|NV1 Curncy|OAT1 Comdty|PT1 Index|QC1 Index|QW1 Comdty|S 1 Comdty|SB1 Comdty|SE1 Curncy|SI1 Comdty|SM1 Comdty|TP1 Index|TU1 Comdty|TWT1 Index|TY1 Comdty|WN1 Comdty|XP1 Index|XU1 Index|Z 1 Index,sub1M_40,all84
0.6277,0.3338,-0.1605,37,AD1 Curncy|BP1 Curncy|CD1 Curncy|CF1 Index|CT1 Comdty|CUA1 Comdty|DF1 Comdty|EO1 Index|ER4 Comdty|FC1 Comdty|FV1 Comdty|GC1 Comdty|GX1 Index|IK1 Comdty|JGS1 Index|KC1 Comdty|LH1 Comdty|MES1 Index|MWE1 Comdty|NO1 Curncy|NV1 Curncy|OE1 Comdty|PE1 Curncy|QC1 Index|QS1 Comdty|QW1 Comdty|RS1 Comdty|RTY1 Index|RX1 Comdty|SB1 Comdty|SE1 Curncy|SFI5 Comdty|SFR5 Comdty|SI1 Comdty|SM1 Index|TP1 Index|TWT1 Index|TY1 Comdty|W 1 Comdty|XM1 Comdty,sub1M_40,all84
0.4264,0.2848,-0.7356,38,AD1 Curncy|BP1 Curncy|C 1 Comdty|CA1 Comdty|CC1 Comdty|CD1 Curncy|CF1 Index|CL1 Comdty|CN1 Comdty|CT1 Comdty|EC1 Curncy|EO1 Index|ES1 Index|G 1 Comdty|HC1 Index|IK1 Comdty|IR4 Comdty|JGS1 Index|JY1 Curncy|KW1 Comdty|LC1 Comdty|MES1 Index|MWE1 Comdty|NO1 Curncy|NV1 Curncy|OE1 Comdty|QS1 Comdty|SB1 Comdty|SCO1 Comdty|SI1 Comdty|SM1 Comdty|US1 Comdty|UXY1 Comdty|VG1 Index|W 1 Comdty|WN1 Comdty|XM1 Comdty|XP1 Index|XU1 Index|Z 1 Index,sub1M_40,all84
0.6345,0.4330,0.2112,39,BP1 Curncy|C 1 Comdty|CA1 Comdty|CC1 Comdty|CO1 Comdty|CT1 Comdty|CUA1 Comdty|DF1 Comdty|DM1 Index|EC1 Curncy|EO1 Index|ER4 Comdty|G 1 Comdty|GC1 Comdty|GX1 Index|HC1 Index|IR4 Comdty|JB1 Comdty|JY1 Curncy|LC1 Comdty|MES1 Index|NO1 Index|NV1 Curncy|PE1 Curncy|QC1 Comdty|QW1 Comdty|SB1 Comdty|SE1 Curncy|SF1 Curncy|SFI5 Comdty|SFR5 Comdty|SI1 Comdty|SM1 Comdty|SM1 Index|TP1 Index|TU1 Comdty|US1 Comdty|VG1 Index|XM1 Comdty|XU1 Index,sub1M_40,all84
0.3145,0.2919,-0.6013,40,AD1 Curncy|BP1 Curncy|CC1 Comdty|CF1 Index|CN1 Comdty|CT1 Comdty|EC1 Curncy|FV1 Comdty|GX1 Index|HC1 Index|HG1 Comdty|JB1 Comdty|JGS1 Index|JY1 Curncy|KW1 Comdty|LC1 Comdty|LH1 Comdty|MES1 Index|NQ1 Index|NV1 Curncy|OE1 Comdty|PA1 Comdty|PE1 Curncy|QC1 Index|QS1 Comdty|QW1 Comdty|RS1 Comdty|RTY1 Index|S 1 Comdty|SE1 Curncy|SFR5 Comdty|SM1 Comdty|TP1 Index|TU1 Comdty|UB1 Comdty|UXY1 Comdty|W 1 Comdty|XB1 Comdty|XM1 Comdty|Z 1 Index,sub1M_40,all84
0.3273,0.2170,-0.5479,41,AD1 Curncy|BO1 Comdty|BP1 Curncy|CA1 Comdty|CC1 Comdty|CD1 Curncy|CN1 Comdty|CT1 Comdty|EO1 Index|ER4 Comdty|FC1 Comdty|G 1 Comdty|GX1 Index|HC1 Index|HI1 Index|HO1 Comdty|IK1 Comdty|JGS1 Index|JY1 Curncy|LC1 Comdty|LH1 Comdty|NG1 Comdty|NO1 Curncy|NO1 Index|OE1 Comdty|PA1 Comdty|PE1 Curncy|PL1 Comdty|QC1 Index|RS1 Comdty|RTY1 Index|RX1 Comdty|SB1 Comdty|SE1 Curncy|SFI5 Comdty|SM1 Comdty|SM1 Index|TY1 Comdty|US1 Comdty|Z 1 Index,sub1M_40,all84
0.7961,0.5881,-0.3152,42,AD1 Curncy|BO1 Comdty|CA1 Comdty|CD1 Curncy|CF1 Index|CN1 Comdty|CUA1 Comdty|DF1 Comdty|DM1 Index|EC1 Curncy|EO1 Index|ER4 Comdty|FC1 Comdty|GC1 Comdty|HC1 Index|HO1 Comdty|IK1 Comdty|JB1 Comdty|JGS1 Index|JY1 Curncy|LC1 Comdty|LH1 Comdty|MWE1 Comdty|NO1 Curncy|OAT1 Comdty|PT1 Index|RS1 Comdty|RTY1 Index|SB1 Comdty|SCO1 Comdty|SE1 Curncy|SF1 Curncy|SM1 Comdty|SM1 Index|TP1 Index|UB1 Comdty|US1 Comdty|UXY1 Comdty|VG1 Index|XM1 Comdty,sub1M_40,all84
0.5121,0.4053,-0.1162,43,BO1 Comdty|BP1 Curncy|C 1 Comdty|CD1 Curncy|CN1 Comdty|DF1 Comdty|EC1 Curncy|ES1 Index|FC1 Comdty|G 1 Comdty|GC1 Comdty|HC1 Index|HI1 Index|IR4 Comdty|KW1 Comdty|LC1 Comdty|LH1 Comdty|MES1 Index|NG1 Comdty|NO1 Curncy|NO1 Index|NQ1 Index|NV1 Curncy|OAT1 Comdty|OE1 Comdty|PA1 Comdty|PT1 Index|QC1 Index|QS1 Comdty|QW1 Comdty|SB1 Comdty|SE1 Curncy|SF1 Curncy|SFI5 Comdty|SM1 Comdty|SM1 Index|TWT1 Index|TY1 Comdty|US1 Comdty|WN1 Comdty,sub1M_40,all84
0.3936,0.0598,-0.7893,44,AD1 Curncy|BP1 Curncy|C 1 Comdty|CA1 Comdty|CD1 Curncy|CF1 Index|CO1 Comdty|CT1 Comdty|CUA1 Comdty|DF1 Comdty|DM1 Index|DU1 Comdty|EC1 Curncy|ES1 Index|G 1 Comdty|HC1 Index|IJ1 Comdty|IK1 Comdty|IR4 Comdty|JGS1 Index|NO1 Curncy|NO1 Index|NV1 Curncy|OAT1 Comdty|OE1 Comdty|PL1 Comdty|QC1 Comdty|RS1 Comdty|SB1 Comdty|SF1 Curncy|SFR5 Comdty|SI1 Comdty|SM1 Comdty|SM1 Index|TU1 Comdty|US1 Comdty|VG1 Index|W 1 Comdty|XU1 Index|Z 1 Index,sub1M_40,all84
0.4291,0.2340,0.1057,45,AD1 Curncy|BO1 Comdty|C 1 Comdty|CC1 Comdty|CD1 Curncy|CF1 Index|CL1 Comdty|CN1 Comdty|DF1 Comdty|FC1 Comdty|G 1 Comdty|GC1 Comdty|HI1 Index|IJ1 Comdty|JGS1 Index|JY1 Curncy|LH1 Comdty|MWE1 Comdty|NO1 Curncy|NV1 Curncy|OAT1 Comdty|OE1 Comdty|PE1 Curncy|PT1 Index|QS1 Comdty|QW1 Comdty|RS1 Comdty|SF1 Curncy|SFI5 Comdty|SI1 Comdty|SM1 Index|TP1 Index|TU1 Comdty|TWT1 Index|UB1 Comdty|UXY1 Comdty|WN1 Comdty|XP1 Index|XU1 Index|Z 1 Index,sub1M_40,all84
0.3444,0.2149,-0.6607,46,AD1 Curncy|BO1 Comdty|BP1 Curncy|CC1 Comdty|CF1 Index|CL1 Comdty|DM1 Index|DU1 Comdty|FC1 Comdty|G 1 Comdty|HG1 Comdty|HI1 Index|IK1 Comdty|JGS1 Index|JY1 Curncy|KC1 Comdty|KW1 Comdty|LC1 Comdty|MES1 Index|NO1 Curncy|NQ1 Index|OAT1 Comdty|OE1 Comdty|PA1 Comdty|PE1 Curncy|QC1 Comdty|QS1 Comdty|QW1 Comdty|RX1 Comdty|SB1 Comdty|SE1 Curncy|SF1 Curncy|SM1 Comdty|SM1 Index|TP1 Index|TWT1 Index|US1 Comdty|WN1 Comdty|XM1 Comdty|XU1 Index,sub1M_40,all84
0.6462,0.6429,-0.1749,47,AD1 Curncy|CA1 Comdty|CD1 Curncy|CL1 Comdty|CT1 Comdty|DM1 Index|DU1 Comdty|EC1 Curncy|EO1 Index|ES1 Index|FV1 Comdty|G 1 Comdty|GC1 Comdty|HC1 Index|HO1 Comdty|IJ1 Comdty|IK1 Comdty|JB1 Comdty|JGS1 Index|JY1 Curncy|KW1 Comdty|LH1 Comdty|MES1 Index|NO1 Curncy|NO1 Index|OE1 Comdty|PE1 Curncy|QC1 Comdty|QC1 Index|QW1 Comdty|RS1 Comdty|S 1 Comdty|SB1 Comdty|SCO1 Comdty|SE1 Curncy|SFI5 Comdty|SFR5 Comdty|TY1 Comdty|VG1 Index|XU1 Index,sub1M_40,all84
0.4596,0.5799,-0.9396,48,AD1 Curncy|BO1 Comdty|BP1 Curncy|CD1 Curncy|CF1 Index|CO1 Comdty|CT1 Comdty|DM1 Index|DU1 Comdty|ER4 Comdty|ES1 Index|FV1 Comdty|G 1 Comdty|IJ1 Comdty|JB1 Comdty|JGS1 Index|KW1 Comdty|LC1 Comdty|MES1 Index|NO1 Curncy|NO1 Index|NV1 Curncy|OE1 Comdty|PA1 Comdty|PE1 Curncy|PT1 Index|QC1 Comdty|QS1 Comdty|QW1 Comdty|RS1 Comdty|S 1 Comdty|SB1 Comdty|SCO1 Comdty|SE1 Curncy|SFR5 Comdty|TU1 Comdty|TWT1 Index|TY1 Comdty|VG1 Index|XU1 Index,sub1M_40,all84
0.5715,0.4236,-0.9245,49,AD1 Curncy|BO1 Comdty|BP1 Curncy|C 1 Comdty|CC1 Comdty|CD1 Curncy|CO1 Comdty|CUA1 Comdty|DF1 Comdty|DM1 Index|EC1 Curncy|G 1 Comdty|HC1 Index|IK1 Comdty|JB1 Comdty|JGS1 Index|KW1 Comdty|LC1 Comdty|MES1 Index|NO1 Index|NV1 Curncy|OAT1 Comdty|PE1 Curncy|PL1 Comdty|PT1 Index|QW1 Comdty|RS1 Comdty|RTY1 Index|RX1 Comdty|S 1 Comdty|SCO1 Comdty|SF1 Curncy|SFR5 Comdty|SM1 Comdty|TU1 Comdty|TWT1 Index|UXY1 Comdty|WN1 Comdty|XP1 Index|Z 1 Index,sub1M_40,all84
0.3269,0.1724,-0.6296,50,AD1 Curncy|BP1 Curncy|CL1 Comdty|CN1 Comdty|CT1 Comdty|DF1 Comdty|EC1 Curncy|EO1 Index|FC1 Comdty|GX1 Index|HC1 Index|HG1 Comdty|IJ1 Comdty|IK1 Comdty|JB1 Comdty|JY1 Curncy|LC1 Comdty|LH1 Comdty|MES1 Index|NO1 Curncy|NQ1 Index|NV1 Curncy|OAT1 Comdty|QS1 Comdty|QW1 Comdty|RTY1 Index|RX1 Comdty|S 1 Comdty|SB1 Comdty|SE1 Curncy|SFI5 Comdty|SI1 Comdty|SM1 Comdty|TWT1 Index|TY1 Comdty|US1 Comdty|WN1 Comdty|XP1 Index|XU1 Index|Z 1 Index,sub1M_40,all84
0.3620,0.3282,-0.0202,51,AD1 Curncy|BP1 Curncy|CA1 Comdty|CC1 Comdty|CL1 Comdty|DF1 Comdty|DM1 Index|DU1 Comdty|EC1 Curncy|ER4 Comdty|GC1 Comdty|GX1 Index|HC1 Index|HG1 Comdty|HI1 Index|IJ1 Comdty|IK1 Comdty|IR4 Comdty|JGS1 Index|KW1 Comdty|LH1 Comdty|MES1 Index|MWE1 Comdty|NO1 Curncy|NO1 Index|NV1 Curncy|OE1 Comdty|PE1 Curncy|PT1 Index|QC1 Comdty|QC1 Index|QW1 Comdty|RX1 Comdty|SE1 Curncy|TY1 Comdty|US1 Comdty|VG1 Index|W 1 Comdty|XB1 Comdty|XM1 Comdty,sub1M_40,all84
0.2928,0.3157,-0.4318,52,AD1 Curncy|C 1 Comdty|CA1 Comdty|CC1 Comdty|CD1 Curncy|CN1 Comdty|CT1 Comdty|EC1 Curncy|ER4 Comdty|ES1 Index|FV1 Comdty|HG1 Comdty|HO1 Comdty|IJ1 Comdty|IR4 Comdty|JGS1 Index|LC1 Comdty|MES1 Index|MWE1 Comdty|NG1 Comdty|NO1 Curncy|NO1 Index|NV1 Curncy|PA1 Comdty|PE1 Curncy|PT1 Index|QC1 Comdty|QC1 Index|RTY1 Index|SB1 Comdty|SF1 Curncy|SFI5 Comdty|SM1 Comdty|TP1 Index|TU1 Comdty|UB1 Comdty|UXY1 Comdty|XM1 Comdty|XU1 Index|Z 1 Index,sub1M_40,all84
0.5059,0.3075,0.2778,53,AD1 Curncy|BO1 Comdty|C 1 Comdty|CA1 Comdty|CC1 Comdty|CD1 Curncy|CO1 Comdty|CT1 Comdty|DF1 Comdty|DM1 Index|EC1 Curncy|EO1 Index|ER4 Comdty|ES1 Index|FC1 Comdty|G 1 Comdty|GC1 Comdty|IR4 Comdty|JB1 Comdty|JY1 Curncy|KW1 Comdty|MES1 Index|NO1 Curncy|NQ1 Index|OAT1 Comdty|PL1 Comdty|PT1 Index|QC1 Comdty|QC1 Index|QS1 Comdty|RX1 Comdty|SB1 Comdty|SE1 Curncy|SF1 Curncy|SFR5 Comdty|UB1 Comdty|UXY1 Comdty|VG1 Index|XP1 Index|Z 1 Index,sub1M_40,all84
0.4769,0.2105,0.0589,54,AD1 Curncy|BO1 Comdty|CA1 Comdty|CC1 Comdty|CN1 Comdty|CT1 Comdty|CUA1 Comdty|DF1 Comdty|DU1 Comdty|ES1 Index|G 1 Comdty|GC1 Comdty|GX1 Index|HI1 Index|HO1 Comdty|JY1 Curncy|KC1 Comdty|LC1 Comdty|MES1 Index|NO1 Curncy|NO1 Index|NV1 Curncy|OE1 Comdty|PE1 Curncy|QW1 Comdty|RS1 Comdty|RTY1 Index|RX1 Comdty|SE1 Curncy|SF1 Curncy|SFI5 Comdty|SFR5 Comdty|SI1 Comdty|SM1 Comdty|TWT1 Index|UXY1 Comdty|VG1 Index|WN1 Comdty|XP1 Index|Z 1 Index,sub1M_40,all84
0.3793,0.1887,-0.3789,55,AD1 Curncy|BO1 Comdty|BP1 Curncy|CO1 Comdty|DM1 Index|DU1 Comdty|EC1 Curncy|FV1 Comdty|G 1 Comdty|GC1 Comdty|HC1 Index|HI1 Index|IJ1 Comdty|KC1 Comdty|LH1 Comdty|MES1 Index|MWE1 Comdty|NG1 Comdty|NO1 Curncy|NO1 Index|NQ1 Index|NV1 Curncy|PE1 Curncy|PL1 Comdty|RS1 Comdty|RX1 Comdty|S 1 Comdty|SB1 Comdty|SE1 Curncy|SFR5 Comdty|SM1 Comdty|UB1 Comdty|US1 Comdty|UXY1 Comdty|VG1 Index|W 1 Comdty|XM1 Comdty|XP1 Index|XU1 Index|Z 1 Index,sub1M_40,all84
0.5784,0.2624,-0.8174,56,AD1 Curncy|BP1 Curncy|C 1 Comdty|CUA1 Comdty|DF1 Comdty|DM1 Index|DU1 Comdty|ES1 Index|FC1 Comdty|FV1 Comdty|GX1 Index|JB1 Comdty|JGS1 Index|JY1 Curncy|KW1 Comdty|LH1 Comdty|MWE1 Comdty|NG1 Comdty|NO1 Curncy|NO1 Index|NV1 Curncy|OE1 Comdty|PE1 Curncy|QC1 Index|QW1 Comdty|RS1 Comdty|S 1 Comdty|SB1 Comdty|SCO1 Comdty|SF1 Curncy|SFI5 Comdty|SI1 Comdty|SM1 Index|TY1 Comdty|US1 Comdty|VG1 Index|WN1 Comdty|XM1 Comdty|XU1 Index|Z 1 Index,sub1M_40,all84
0.4890,0.3273,-0.6260,57,BP1 Curncy|CA1 Comdty|CC1 Comdty|CD1 Curncy|CF1 Index|CN1 Comdty|CO1 Comdty|CUA1 Comdty|DF1 Comdty|DM1 Index|DU1 Comdty|EC1 Curncy|EO1 Index|ES1 Index|FC1 Comdty|G 1 Comdty|IJ1 Comdty|IR4 Comdty|JGS1 Index|KC1 Comdty|LC1 Comdty|LH1 Comdty|MES1 Index|NO1 Curncy|NV1 Curncy|PA1 Comdty|PL1 Comdty|PT1 Index|RX1 Comdty|S 1 Comdty|SE1 Curncy|SF1 Curncy|SM1 Comdty|TWT1 Index|TY1 Comdty|UB1 Comdty|UXY1 Comdty|WN1 Comdty|XP1 Index|Z 1 Index,sub1M_40,all84
0.3988,0.1879,-0.4309,58,AD1 Curncy|BO1 Comdty|BP1 Curncy|CL1 Comdty|CN1 Comdty|CT1 Comdty|DM1 Index|EC1 Curncy|EO1 Index|FC1 Comdty|GX1 Index|HG1 Comdty|HI1 Index|IJ1 Comdty|IK1 Comdty|IR4 Comdty|JGS1 Index|JY1 Curncy|KC1 Comdty|LC1 Comdty|LH1 Comdty|MWE1 Comdty|NG1 Comdty|NO1 Curncy|NO1 Index|NQ1 Index|NV1 Curncy|OAT1 Comdty|PE1 Curncy|QC1 Comdty|RS1 Comdty|SFI5 Comdty|SI1 Comdty|TWT1 Index|UB1 Comdty|UXY1 Comdty|WN1 Comdty|XM1 Comdty|XP1 Index|Z 1 Index,sub1M_40,all84
0.2663,0.1136,-0.3569,59,AD1 Curncy|C 1 Comdty|CA1 Comdty|CD1 Curncy|CL1 Comdty|CT1 Comdty|DF1 Comdty|DM1 Index|EC1 Curncy|EO1 Index|FV1 Comdty|IJ1 Comdty|IR4 Comdty|JB1 Comdty|JGS1 Index|JY1 Curncy|KC1 Comdty|MES1 Index|NO1 Curncy|NQ1 Index|OE1 Comdty|PL1 Comdty|QC1 Comdty|QC1 Index|QS1 Comdty|QW1 Comdty|RX1 Comdty|S 1 Comdty|SE1 Curncy|SF1 Curncy|SFI5 Comdty|SI1 Comdty|SM1 Comdty|SM1 Index|TP1 Index|TU1 Comdty|US1 Comdty|UXY1 Comdty|XU1 Index|Z 1 Index,sub1M_40,all84
0.3274,0.2570,-0.2506,60,AD1 Curncy|BP1 Curncy|CA1 Comdty|CC1 Comdty|CO1 Comdty|DU1 Comdty|FC1 Comdty|G 1 Comdty|GX1 Index|HG1 Comdty|HI1 Index|HO1 Comdty|IR4 Comdty|JB1 Comdty|JGS1 Index|JY1 Curncy|LH1 Comdty|MES1 Index|NO1 Curncy|NV1 Curncy|PE1 Curncy|QC1 Comdty|QC1 Index|QW1 Comdty|RS1 Comdty|S 1 Comdty|SE1 Curncy|SFI5 Comdty|SFR5 Comdty|SI1 Comdty|SM1 Comdty|TU1 Comdty|TWT1 Index|TY1 Comdty|UB1 Comdty|VG1 Index|W 1 Comdty|XP1 Index|XU1 Index|Z 1 Index,sub1M_40,all84
0.4995,0.3899,-0.1463,61,AD1 Curncy|BO1 Comdty|BP1 Curncy|CC1 Comdty|CD1 Curncy|CF1 Index|CN1 Comdty|CT1 Comdty|DM1 Index|EC1 Curncy|EO1 Index|ES1 Index|FC1 Comdty|FV1 Comdty|G 1 Comdty|GC1 Comdty|IJ1 Comdty|JGS1 Index|LH1 Comdty|MWE1 Comdty|NG1 Comdty|NO1 Curncy|PA1 Comdty|PE1 Curncy|QC1 Index|QS1 Comdty|QW1 Comdty|RS1 Comdty|RX1 Comdty|SF1 Curncy|SFI5 Comdty|SM1 Comdty|SM1 Index|TWT1 Index|TY1 Comdty|UB1 Comdty|US1 Comdty|UXY1 Comdty|VG1 Index|XU1 Index,sub1M_40,all84
0.9227,0.7508,0.0272,62,AD1 Curncy|BO1 Comdty|BP1 Curncy|CA1 Comdty|CC1 Comdty|CD1 Curncy|CF1 Index|CO1 Comdty|CUA1 Comdty|DF1 Comdty|DM1 Index|EO1 Index|ES1 Index|FC1 Comdty|FV1 Comdty|GC1 Comdty|HC1 Index|HI1 Index|IK1 Comdty|JB1 Comdty|JY1 Curncy|LC1 Comdty|MWE1 Comdty|NO1 Curncy|NO1 Index|NV1 Curncy|OE1 Comdty|PE1 Curncy|PT1 Index|QC1 Comdty|QC1 Index|RTY1 Index|SCO1 Comdty|SFI5 Comdty|SFR5 Comdty|SM1 Comdty|TU1 Comdty|UB1 Comdty|W 1 Comdty|WN1 Comdty,sub1M_40,all84
0.5465,0.5438,-0.7941,63,AD1 Curncy|BP1 Curncy|C 1 Comdty|CF1 Index|CO1 Comdty|CT1 Comdty|EO1 Index|ER4 Comdty|FC1 Comdty|FV1 Comdty|GX1 Index|HI1 Index|IJ1 Comdty|IK1 Comdty|IR4 Comdty|KW1 Comdty|LC1 Comdty|LH1 Comdty|MES1 Index|NG1 Comdty|NO1 Curncy|NQ1 Index|NV1 Curncy|OAT1 Comdty|OE1 Comdty|PA1 Comdty|PE1 Curncy|PT1 Index|QC1 Comdty|QW1 Comdty|S 1 Comdty|SCO1 Comdty|SE1 Curncy|SF1 Curncy|SM1 Index|TU1 Comdty|TWT1 Index|UB1 Comdty|UXY1 Comdty|XU1 Index,sub1M_40,all84
0.4657,0.5451,-0.9748,64,AD1 Curncy|BP1 Curncy|C 1 Comdty|CC1 Comdty|CD1 Curncy|CN1 Comdty|CO1 Comdty|DF1 Comdty|EC1 Curncy|EO1 Index|ER4 Comdty|ES1 Index|FC1 Comdty|FV1 Comdty|GX1 Index|HC1 Index|HO1 Comdty|IJ1 Comdty|IR4 Comdty|JGS1 Index|JY1 Curncy|KC1 Comdty|KW1 Comdty|MES1 Index|NV1 Curncy|OE1 Comdty|PA1 Comdty|RX1 Comdty|SB1 Comdty|SCO1 Comdty|SE1 Curncy|SFI5 Comdty|SFR5 Comdty|SM1 Comdty|TWT1 Index|VG1 Index|W 1 Comdty|XM1 Comdty|XP1 Index|XU1 Index,sub1M_40,all84
0.4944,0.4582,-0.4786,65,AD1 Curncy|BO1 Comdty|BP1 Curncy|C 1 Comdty|CA1 Comdty|CD1 Curncy|CF1 Index|CL1 Comdty|CN1 Comdty|CT1 Comdty|EO1 Index|ER4 Comdty|ES1 Index|FC1 Comdty|G 1 Comdty|HI1 Index|IK1 Comdty|JY1 Curncy|KC1 Comdty|MWE1 Comdty|NQ1 Index|NV1 Curncy|OAT1 Comdty|PL1 Comdty|QC1 Comdty|QS1 Comdty|S 1 Comdty|SCO1 Comdty|SE1 Curncy|SF1 Curncy|SFR5 Comdty|TP1 Index|TU1 Comdty|TWT1 Index|US1 Comdty|W 1 Comdty|WN1 Comdty|XP1 Index|XU1 Index|Z 1 Index,sub1M_40,all84
0.4549,0.1823,0.1134,66,AD1 Curncy|BO1 Comdty|BP1 Curncy|CC1 Comdty|CD1 Curncy|CN1 Comdty|CT1 Comdty|DM1 Index|EC1 Curncy|EO1 Index|ES1 Index|GC1 Comdty|HC1 Index|IJ1 Comdty|IK1 Comdty|IR4 Comdty|JB1 Comdty|JGS1 Index|JY1 Curncy|KC1 Comdty|MES1 Index|MWE1 Comdty|NG1 Comdty|NO1 Curncy|NO1 Index|OAT1 Comdty|PE1 Curncy|RX1 Comdty|S 1 Comdty|SB1 Comdty|SFR5 Comdty|SI1 Comdty|SM1 Comdty|TP1 Index|US1 Comdty|UXY1 Comdty|VG1 Index|W 1 Comdty|XB1 Comdty|XP1 Index,sub1M_40,all84
0.3399,0.2209,-0.1129,67,BP1 Curncy|C 1 Comdty|CT1 Comdty|DF1 Comdty|EC1 Curncy|EO1 Index|ER4 Comdty|FV1 Comdty|GC1 Comdty|GX1 Index|HG1 Comdty|HI1 Index|IJ1 Comdty|IK1 Comdty|KW1 Comdty|MES1 Index|MWE1 Comdty|NO1 Curncy|NV1 Curncy|OAT1 Comdty|OE1 Comdty|PE1 Curncy|QC1 Comdty|QC1 Index|QS1 Comdty|RS1 Comdty|RTY1 Index|RX1 Comdty|SB1 Comdty|SE1 Curncy|SF1 Curncy|SM1 Comdty|TU1 Comdty|TWT1 Index|VG1 Index|WN1 Comdty|XB1 Comdty|XM1 Comdty|XP1 Index|Z 1 Index,sub1M_40,all84
0.6584,0.5369,-0.6099,68,AD1 Curncy|BO1 Comdty|CA1 Comdty|CC1 Comdty|CD1 Curncy|CL1 Comdty|CN1 Comdty|CT1 Comdty|CUA1 Comdty|DM1 Index|EO1 Index|ES1 Index|FC1 Comdty|FV1 Comdty|HI1 Index|IR4 Comdty|JGS1 Index|JY1 Curncy|KW1 Comdty|LC1 Comdty|LH1 Comdty|MWE1 Comdty|NO1 Curncy|NQ1 Index|OAT1 Comdty|OE1 Comdty|PE1 Curncy|PL1 Comdty|QC1 Index|QW1 Comdty|SCO1 Comdty|SE1 Curncy|SF1 Curncy|SFI5 Comdty|TP1 Index|TWT1 Index|TY1 Comdty|UB1 Comdty|UXY1 Comdty|XP1 Index,sub1M_40,all84
0.5341,0.4410,-0.5283,69,AD1 Curncy|BP1 Curncy|C 1 Comdty|CA1 Comdty|CF1 Index|CL1 Comdty|CT1 Comdty|DF1 Comdty|DM1 Index|EC1 Curncy|EO1 Index|ER4 Comdty|G 1 Comdty|HI1 Index|HO1 Comdty|IR4 Comdty|MWE1 Comdty|NO1 Curncy|NQ1 Index|NV1 Curncy|OAT1 Comdty|PE1 Curncy|PT1 Index|QC1 Comdty|QW1 Comdty|RX1 Comdty|SB1 Comdty|SCO1 Comdty|SE1 Curncy|SFR5 Comdty|SI1 Comdty|SM1 Comdty|SM1 Index|TP1 Index|TWT1 Index|TY1 Comdty|UXY1 Comdty|W 1 Comdty|WN1 Comdty|Z 1 Index,sub1M_40,all84
0.2159,-0.0261,-0.5554,70,AD1 Curncy|BO1 Comdty|CA1 Comdty|CD1 Curncy|CF1 Index|CL1 Comdty|CN1 Comdty|DM1 Index|DU1 Comdty|EC1 Curncy|FC1 Comdty|HI1 Index|IJ1 Comdty|IK1 Comdty|IR4 Comdty|JGS1 Index|JY1 Curncy|KW1 Comdty|LC1 Comdty|MWE1 Comdty|NO1 Curncy|NO1 Index|NQ1 Index|NV1 Curncy|OAT1 Comdty|OE1 Comdty|PL1 Comdty|PT1 Index|QC1 Comdty|QW1 Comdty|SB1 Comdty|SF1 Curncy|SFR5 Comdty|SI1 Comdty|US1 Comdty|WN1 Comdty|XB1 Comdty|XP1 Index|XU1 Index|Z 1 Index,sub1M_40,all84
0.5525,0.2684,0.0317,71,BO1 Comdty|BP1 Curncy|CC1 Comdty|CD1 Curncy|CL1 Comdty|CN1 Comdty|CT1 Comdty|CUA1 Comdty|DF1 Comdty|DM1 Index|DU1 Comdty|EO1 Index|ER4 Comdty|ES1 Index|G 1 Comdty|GC1 Comdty|GX1 Index|IJ1 Comdty|IR4 Comdty|JGS1 Index|JY1 Curncy|LC1 Comdty|MWE1 Comdty|NO1 Index|NQ1 Index|NV1 Curncy|OAT1 Comdty|PE1 Curncy|PT1 Index|QW1 Comdty|RTY1 Index|SB1 Comdty|SE1 Curncy|SF1 Curncy|SFR5 Comdty|SI1 Comdty|SM1 Index|TU1 Comdty|UB1 Comdty|W 1 Comdty,sub1M_40,all84
0.4272,0.3645,-0.6628,72,AD1 Curncy|BP1 Curncy|CA1 Comdty|CD1 Curncy|CL1 Comdty|CN1 Comdty|CT1 Comdty|CUA1 Comdty|DF1 Comdty|EO1 Index|ES1 Index|FV1 Comdty|GX1 Index|HC1 Index|HG1 Comdty|HI1 Index|IR4 Comdty|JB1 Comdty|JGS1 Index|KC1 Comdty|KW1 Comdty|LH1 Comdty|MWE1 Comdty|NV1 Curncy|OAT1 Comdty|PA1 Comdty|PE1 Curncy|QW1 Comdty|SB1 Comdty|SE1 Curncy|SF1 Curncy|SFR5 Comdty|SM1 Comdty|TP1 Index|TWT1 Index|TY1 Comdty|UXY1 Comdty|WN1 Comdty|XP1 Index|Z 1 Index,sub1M_40,all84
0.1085,0.1258,-0.5798,73,AD1 Curncy|BP1 Curncy|CC1 Comdty|CF1 Index|CL1 Comdty|CN1 Comdty|DF1 Comdty|DM1 Index|EC1 Curncy|EO1 Index|ES1 Index|FV1 Comdty|HC1 Index|HO1 Comdty|IJ1 Comdty|IR4 Comdty|JB1 Comdty|KC1 Comdty|KW1 Comdty|LC1 Comdty|MES1 Index|NO1 Curncy|NV1 Curncy|OAT1 Comdty|PA1 Comdty|PE1 Curncy|PL1 Comdty|QC1 Comdty|QC1 Index|S 1 Comdty|SB1 Comdty|SF1 Curncy|SFR5 Comdty|SM1 Index|TP1 Index|TU1 Comdty|US1 Comdty|VG1 Index|W 1 Comdty|WN1 Comdty,sub1M_40,all84
0.7569,0.6229,-0.0461,74,AD1 Curncy|BO1 Comdty|BP1 Curncy|C 1 Comdty|CA1 Comdty|CD1 Curncy|CN1 Comdty|CO1 Comdty|CT1 Comdty|DM1 Index|EC1 Curncy|ER4 Comdty|ES1 Index|FV1 Comdty|GC1 Comdty|HI1 Index|IK1 Comdty|JY1 Curncy|LC1 Comdty|MWE1 Comdty|NQ1 Index|NV1 Curncy|OAT1 Comdty|QC1 Comdty|QC1 Index|QW1 Comdty|RTY1 Index|RX1 Comdty|SCO1 Comdty|SF1 Curncy|SFI5 Comdty|SFR5 Comdty|SM1 Comdty|SM1 Index|TP1 Index|TWT1 Index|VG1 Index|W 1 Comdty|WN1 Comdty|XB1 Comdty,sub1M_40,all84
0.6898,0.5659,-0.2910,75,AD1 Curncy|BO1 Comdty|BP1 Curncy|C 1 Comdty|CA1 Comdty|CD1 Curncy|CN1 Comdty|CT1 Comdty|CUA1 Comdty|DF1 Comdty|DM1 Index|ES1 Index|G 1 Comdty|GC1 Comdty|HC1 Index|JGS1 Index|JY1 Curncy|KC1 Comdty|KW1 Comdty|MWE1 Comdty|NO1 Curncy|NQ1 Index|PT1 Index|QW1 Comdty|SCO1 Comdty|SE1 Curncy|SF1 Curncy|SFI5 Comdty|SFR5 Comdty|SM1 Comdty|SM1 Index|TP1 Index|TY1 Comdty|US1 Comdty|UXY1 Comdty|VG1 Index|WN1 Comdty|XB1 Comdty|XM1 Comdty|XU1 Index,sub1M_40,all84
0.4373,0.1103,-0.4573,76,AD1 Curncy|BO1 Comdty|BP1 Curncy|CA1 Comdty|CN1 Comdty|CT1 Comdty|CUA1 Comdty|DF1 Comdty|DM1 Index|DU1 Comdty|EC1 Curncy|FC1 Comdty|G 1 Comdty|GX1 Index|IK1 Comdty|IR4 Comdty|JGS1 Index|JY1 Curncy|KW1 Comdty|LC1 Comdty|NO1 Index|NQ1 Index|OAT1 Comdty|PE1 Curncy|PL1 Comdty|RS1 Comdty|S 1 Comdty|SB1 Comdty|SE1 Curncy|SF1 Curncy|SFR5 Comdty|SI1 Comdty|SM1 Index|TWT1 Index|TY1 Comdty|VG1 Index|WN1 Comdty|XB1 Comdty|XP1 Index|XU1 Index,sub1M_40,all84
0.6522,0.3348,0.0894,77,AD1 Curncy|BO1 Comdty|C 1 Comdty|CA1 Comdty|CC1 Comdty|CUA1 Comdty|DM1 Index|EC1 Curncy|ER4 Comdty|FC1 Comdty|FV1 Comdty|GC1 Comdty|HC1 Index|HI1 Index|IK1 Comdty|IR4 Comdty|JGS1 Index|JY1 Curncy|KC1 Comdty|KW1 Comdty|MWE1 Comdty|NO1 Curncy|NV1 Curncy|OE1 Comdty|PE1 Curncy|PT1 Index|QS1 Comdty|QW1 Comdty|RS1 Comdty|SF1 Curncy|SFR5 Comdty|SI1 Comdty|SM1 Index|TP1 Index|TY1 Comdty|UB1 Comdty|VG1 Index|XM1 Comdty|XP1 Index|XU1 Index,sub1M_40,all84
0.4916,0.3742,-1.0214,78,AD1 Curncy|CC1 Comdty|CD1 Curncy|CF1 Index|CL1 Comdty|CN1 Comdty|CUA1 Comdty|EC1 Curncy|FC1 Comdty|G 1 Comdty|HC1 Index|JGS1 Index|LC1 Comdty|MES1 Index|MWE1 Comdty|NQ1 Index|NV1 Curncy|PE1 Curncy|PL1 Comdty|PT1 Index|QW1 Comdty|RS1 Comdty|RX1 Comdty|S 1 Comdty|SB1 Comdty|SCO1 Comdty|SE1 Curncy|SF1 Curncy|SFI5 Comdty|SM1 Comdty|TP1 Index|TU1 Comdty|TWT1 Index|TY1 Comdty|US1 Comdty|UXY1 Comdty|W 1 Comdty|WN1 Comdty|XP1 Index|XU1 Index,sub1M_40,all84
0.2695,0.3406,-0.9860,79,AD1 Curncy|BP1 Curncy|C 1 Comdty|CA1 Comdty|CD1 Curncy|CF1 Index|CL1 Comdty|CN1 Comdty|CT1 Comdty|EC1 Curncy|EO1 Index|FV1 Comdty|G 1 Comdty|HI1 Index|JGS1 Index|KC1 Comdty|KW1 Comdty|LC1 Comdty|MES1 Index|NQ1 Index|NV1 Curncy|OE1 Comdty|PA1 Comdty|PE1 Curncy|QC1 Comdty|QC1 Index|QW1 Comdty|RTY1 Index|SCO1 Comdty|SF1 Curncy|SFI5 Comdty|SFR5 Comdty|SM1 Comdty|TY1 Comdty|VG1 Index|W 1 Comdty|WN1 Comdty|XB1 Comdty|XM1 Comdty|XP1 Index,sub1M_40,all84
0.4715,0.3412,0.1524,80,C 1 Comdty|CD1 Curncy|CT1 Comdty|DF1 Comdty|DM1 Index|EC1 Curncy|ER4 Comdty|ES1 Index|FC1 Comdty|FV1 Comdty|GC1 Comdty|GX1 Index|HG1 Comdty|HI1 Index|HO1 Comdty|IR4 Comdty|JB1 Comdty|JGS1 Index|JY1 Curncy|LC1 Comdty|MWE1 Comdty|NO1 Curncy|NO1 Index|NQ1 Index|OAT1 Comdty|OE1 Comdty|PE1 Curncy|PT1 Index|QW1 Comdty|SB1 Comdty|SE1 Curncy|SF1 Curncy|SFI5 Comdty|SM1 Comdty|TWT1 Index|UB1 Comdty|UXY1 Comdty|VG1 Index|W 1 Comdty|XB1 Comdty,sub1M_40,all84
0.1281,0.0955,-0.5339,81,BP1 Curncy|C 1 Comdty|CA1 Comdty|CC1 Comdty|CD1 Curncy|CF1 Index|CN1 Comdty|DF1 Comdty|DM1 Index|DU1 Comdty|EO1 Index|G 1 Comdty|GX1 Index|HC1 Index|HG1 Comdty|HI1 Index|HO1 Comdty|JGS1 Index|JY1 Curncy|KW1 Comdty|LC1 Comdty|LH1 Comdty|MWE1 Comdty|NO1 Curncy|NO1 Index|NQ1 Index|NV1 Curncy|OE1 Comdty|PL1 Comdty|QC1 Index|RS1 Comdty|SE1 Curncy|SF1 Curncy|SFI5 Comdty|SFR5 Comdty|SM1 Comdty|TU1 Comdty|UXY1 Comdty|XB1 Comdty|XM1 Comdty,sub1M_40,all84
0.1783,0.0802,-0.3994,82,AD1 Curncy|BO1 Comdty|BP1 Curncy|C 1 Comdty|CA1 Comdty|CC1 Comdty|CD1 Curncy|CL1 Comdty|DU1 Comdty|EC1 Curncy|ES1 Index|G 1 Comdty|HG1 Comdty|IR4 Comdty|JB1 Comdty|JGS1 Index|JY1 Curncy|LC1 Comdty|LH1 Comdty|MES1 Index|MWE1 Comdty|NG1 Comdty|NO1 Curncy|NO1 Index|NQ1 Index|OE1 Comdty|PL1 Comdty|QC1 Comdty|QC1 Index|QW1 Comdty|RTY1 Index|SF1 Curncy|SFR5 Comdty|SM1 Comdty|SM1 Index|TU1 Comdty|US1 Comdty|WN1 Comdty|XU1 Index|Z 1 Index,sub1M_40,all84
0.6236,0.3862,-1.2548,83,AD1 Curncy|BO1 Comdty|BP1 Curncy|C 1 Comdty|CA1 Comdty|CF1 Index|CN1 Comdty|CO1 Comdty|CT1 Comdty|CUA1 Comdty|DF1 Comdty|DU1 Comdty|EC1 Curncy|ES1 Index|G 1 Comdty|HG1 Comdty|HI1 Index|IK1 Comdty|IR4 Comdty|JGS1 Index|JY1 Curncy|KC1 Comdty|MWE1 Comdty|NO1 Curncy|NO1 Index|NQ1 Index|OAT1 Comdty|OE1 Comdty|PE1 Curncy|RS1 Comdty|SB1 Comdty|SCO1 Comdty|SF1 Curncy|SFI5 Comdty|SM1 Index|VG1 Index|W 1 Comdty|XM1 Comdty|XP1 Index|XU1 Index,sub1M_40,all84
0.6629,0.4269,-0.6857,84,AD1 Curncy|BO1 Comdty|CC1 Comdty|CD1 Curncy|CO1 Comdty|DM1 Index|EC1 Curncy|ES1 Index|HC1 Index|IJ1 Comdty|IK1 Comdty|IR4 Comdty|JB1 Comdty|JY1 Curncy|KW1 Comdty|LC1 Comdty|LH1 Comdty|MES1 Index|NG1 Comdty|NO1 Index|NQ1 Index|NV1 Curncy|OE1 Comdty|QW1 Comdty|RS1 Comdty|RX1 Comdty|S 1 Comdty|SB1 Comdty|SCO1 Comdty|SE1 Curncy|SF1 Curncy|SFI5 Comdty|SFR5 Comdty|SI1 Comdty|SM1 Index|TP1 Index|TWT1 Index|WN1 Comdty|XM1 Comdty|XU1 Index,sub1M_40,all84
0.6830,0.4172,-0.5686,85,AD1 Curncy|BO1 Comdty|C 1 Comdty|CD1 Curncy|CO1 Comdty|CUA1 Comdty|DF1 Comdty|DM1 Index|EC1 Curncy|EO1 Index|FC1 Comdty|FV1 Comdty|GX1 Index|HI1 Index|IR4 Comdty|JGS1 Index|KC1 Comdty|KW1 Comdty|LC1 Comdty|MWE1 Comdty|NO1 Curncy|NO1 Index|NQ1 Index|NV1 Curncy|OE1 Comdty|PE1 Curncy|PT1 Index|RX1 Comdty|S 1 Comdty|SCO1 Comdty|SF1 Curncy|SFR5 Comdty|SI1 Comdty|SM1 Comdty|TP1 Index|TWT1 Index|UB1 Comdty|US1 Comdty|WN1 Comdty|XM1 Comdty,sub1M_40,all84
0.4852,0.4334,-0.6650,86,BP1 Curncy|CC1 Comdty|CD1 Curncy|CN1 Comdty|DU1 Comdty|EC1 Curncy|ER4 Comdty|ES1 Index|FC1 Comdty|G 1 Comdty|HO1 Comdty|JY1 Curncy|KC1 Comdty|KW1 Comdty|LC1 Comdty|MES1 Index|MWE1 Comdty|NO1 Curncy|NO1 Index|OAT1 Comdty|OE1 Comdty|PE1 Curncy|PL1 Comdty|PT1 Index|QC1 Comdty|QC1 Index|QS1 Comdty|QW1 Comdty|RS1 Comdty|RTY1 Index|SB1 Comdty|SCO1 Comdty|SE1 Curncy|SFI5 Comdty|TP1 Index|US1 Comdty|XM1 Comdty|XP1 Index|XU1 Index|Z 1 Index,sub1M_40,all84
0.2544,0.2085,-0.7327,87,AD1 Curncy|BO1 Comdty|BP1 Curncy|C 1 Comdty|CA1 Comdty|CD1 Curncy|CT1 Comdty|DU1 Comdty|EC1 Curncy|EO1 Index|ES1 Index|G 1 Comdty|GX1 Index|HC1 Index|HI1 Index|IR4 Comdty|JB1 Comdty|KC1 Comdty|NG1 Comdty|NO1 Curncy|PL1 Comdty|PT1 Index|QC1 Index|QW1 Comdty|S 1 Comdty|SB1 Comdty|SCO1 Comdty|SE1 Curncy|SF1 Curncy|SFR5 Comdty|SM1 Comdty|TP1 Index|TU1 Comdty|TY1 Comdty|US1 Comdty|UXY1 Comdty|VG1 Index|W 1 Comdty|XB1 Comdty|Z 1 Index,sub1M_40,all84
0.4744,0.3775,-0.8165,88,AD1 Curncy|BO1 Comdty|C 1 Comdty|CA1 Comdty|CD1 Curncy|CL1 Comdty|DM1 Index|ER4 Comdty|GX1 Index|HI1 Index|HO1 Comdty|IJ1 Comdty|IR4 Comdty|JGS1 Index|LC1 Comdty|LH1 Comdty|MES1 Index|NO1 Curncy|NQ1 Index|NV1 Curncy|OAT1 Comdty|OE1 Comdty|PE1 Curncy|PT1 Index|RS1 Comdty|RTY1 Index|SB1 Comdty|SCO1 Comdty|SE1 Curncy|SF1 Curncy|SFI5 Comdty|SI1 Comdty|SM1 Comdty|TU1 Comdty|TWT1 Index|TY1 Comdty|US1 Comdty|VG1 Index|W 1 Comdty|WN1 Comdty,sub1M_40,all84
0.6983,0.4307,-1.0091,89,AD1 Curncy|BO1 Comdty|BP1 Curncy|CT1 Comdty|CUA1 Comdty|DF1 Comdty|DU1 Comdty|EC1 Curncy|EO1 Index|ES1 Index|HG1 Comdty|IJ1 Comdty|IK1 Comdty|JB1 Comdty|JGS1 Index|JY1 Curncy|KC1 Comdty|LH1 Comdty|MES1 Index|NO1 Curncy|NQ1 Index|OAT1 Comdty|OE1 Comdty|QS1 Comdty|RS1 Comdty|RTY1 Index|RX1 Comdty|S 1 Comdty|SCO1 Comdty|SE1 Curncy|SF1 Curncy|SM1 Comdty|SM1 Index|TP1 Index|TWT1 Index|UB1 Comdty|UXY1 Comdty|W 1 Comdty|WN1 Comdty|XU1 Index,sub1M_40,all84
0.5156,0.3909,-0.8313,90,AD1 Curncy|C 1 Comdty|CC1 Comdty|CF1 Index|CL1 Comdty|CN1 Comdty|CUA1 Comdty|DF1 Comdty|DM1 Index|EC1 Curncy|ER4 Comdty|FC1 Comdty|FV1 Comdty|G 1 Comdty|HI1 Index|JB1 Comdty|JY1 Curncy|LH1 Comdty|MES1 Index|NO1 Curncy|NV1 Curncy|PL1 Comdty|QC1 Comdty|QC1 Index|QW1 Comdty|S 1 Comdty|SB1 Comdty|SCO1 Comdty|SE1 Curncy|SF1 Curncy|SFI5 Comdty|SM1 Index|TU1 Comdty|TWT1 Index|UB1 Comdty|VG1 Index|W 1 Comdty|WN1 Comdty|XP1 Index|XU1 Index,sub1M_40,all84
0.3883,0.2088,-0.4639,91,AD1 Curncy|BO1 Comdty|BP1 Curncy|C 1 Comdty|CC1 Comdty|CD1 Curncy|CN1 Comdty|CO1 Comdty|CT1 Comdty|EO1 Index|ER4 Comdty|FC1 Comdty|G 1 Comdty|GX1 Index|HC1 Index|HO1 Comdty|IK1 Comdty|JGS1 Index|LC1 Comdty|MWE1 Comdty|NO1 Curncy|NO1 Index|NQ1 Index|NV1 Curncy|OAT1 Comdty|PA1 Comdty|PT1 Index|RTY1 Index|SB1 Comdty|SE1 Curncy|SF1 Curncy|SI1 Comdty|SM1 Comdty|TWT1 Index|UB1 Comdty|US1 Comdty|UXY1 Comdty|VG1 Index|W 1 Comdty|WN1 Comdty,sub1M_40,all84
0.4145,0.1351,-0.4036,92,AD1 Curncy|BP1 Curncy|C 1 Comdty|CA1 Comdty|CN1 Comdty|CO1 Comdty|CT1 Comdty|DF1 Comdty|DM1 Index|EC1 Curncy|ER4 Comdty|ES1 Index|FC1 Comdty|HG1 Comdty|IK1 Comdty|JB1 Comdty|JY1 Curncy|LC1 Comdty|LH1 Comdty|NG1 Comdty|NO1 Curncy|NO1 Index|NQ1 Index|OE1 Comdty|PE1 Curncy|QW1 Comdty|RTY1 Index|S 1 Comdty|SF1 Curncy|SFI5 Comdty|SI1 Comdty|SM1 Comdty|SM1 Index|TP1 Index|UB1 Comdty|US1 Comdty|VG1 Index|XM1 Comdty|XP1 Index|Z 1 Index,sub1M_40,all84
0.5344,0.6543,-0.5564,93,AD1 Curncy|BO1 Comdty|BP1 Curncy|C 1 Comdty|CA1 Comdty|CD1 Curncy|CF1 Index|CL1 Comdty|CT1 Comdty|EC1 Curncy|EO1 Index|FC1 Comdty|G 1 Comdty|HI1 Index|HO1 Comdty|KC1 Comdty|LC1 Comdty|NO1 Curncy|NO1 Index|NQ1 Index|PA1 Comdty|PE1 Curncy|PT1 Index|QC1 Comdty|RTY1 Index|RX1 Comdty|SB1 Comdty|SCO1 Comdty|SE1 Curncy|SFI5 Comdty|SFR5 Comdty|SM1 Comdty|TP1 Index|TU1 Comdty|TWT1 Index|TY1 Comdty|UB1 Comdty|UXY1 Comdty|WN1 Comdty|XU1 Index,sub1M_40,all84
0.4953,0.4412,0.2539,94,AD1 Curncy|C 1 Comdty|CA1 Comdty|CC1 Comdty|CD1 Curncy|CF1 Index|CL1 Comdty|CN1 Comdty|CO1 Comdty|CT1 Comdty|DM1 Index|DU1 Comdty|EC1 Curncy|EO1 Index|FV1 Comdty|GC1 Comdty|IJ1 Comdty|JB1 Comdty|JGS1 Index|JY1 Curncy|KC1 Comdty|KW1 Comdty|LC1 Comdty|NO1 Curncy|NO1 Index|NQ1 Index|PA1 Comdty|PE1 Curncy|PT1 Index|S 1 Comdty|SF1 Curncy|TP1 Index|TWT1 Index|TY1 Comdty|UB1 Comdty|UXY1 Comdty|W 1 Comdty|WN1 Comdty|XM1 Comdty|Z 1 Index,sub1M_40,all84
0.3714,0.3136,-0.2622,95,AD1 Curncy|BP1 Curncy|C 1 Comdty|CC1 Comdty|CD1 Curncy|EC1 Curncy|EO1 Index|ER4 Comdty|ES1 Index|GX1 Index|HC1 Index|HO1 Comdty|IJ1 Comdty|IK1 Comdty|IR4 Comdty|JB1 Comdty|JGS1 Index|JY1 Curncy|KC1 Comdty|LH1 Comdty|NQ1 Index|OE1 Comdty|PA1 Comdty|PE1 Curncy|PL1 Comdty|QC1 Comdty|QC1 Index|QS1 Comdty|QW1 Comdty|RX1 Comdty|S 1 Comdty|SB1 Comdty|SF1 Curncy|SFR5 Comdty|TP1 Index|TWT1 Index|TY1 Comdty|W 1 Comdty|WN1 Comdty|XP1 Index,sub1M_40,all84
0.4370,0.3664,-0.4967,96,AD1 Curncy|BP1 Curncy|CA1 Comdty|CD1 Curncy|CL1 Comdty|CN1 Comdty|CO1 Comdty|CT1 Comdty|DM1 Index|EC1 Curncy|EO1 Index|ES1 Index|FC1 Comdty|G 1 Comdty|HI1 Index|IR4 Comdty|JY1 Curncy|LH1 Comdty|MES1 Index|MWE1 Comdty|NO1 Curncy|NO1 Index|NQ1 Index|PA1 Comdty|PE1 Curncy|PL1 Comdty|QC1 Comdty|QC1 Index|RS1 Comdty|RX1 Comdty|S 1 Comdty|SFI5 Comdty|SM1 Comdty|TP1 Index|US1 Comdty|UXY1 Comdty|W 1 Comdty|WN1 Comdty|XM1 Comdty|XU1 Index,sub1M_40,all84
0.4793,0.4376,0.0881,97,AD1 Curncy|BP1 Curncy|CA1 Comdty|CD1 Curncy|CL1 Comdty|CN1 Comdty|CT1 Comdty|DF1 Comdty|DM1 Index|EC1 Curncy|EO1 Index|FC1 Comdty|FV1 Comdty|G 1 Comdty|GC1 Comdty|GX1 Index|HC1 Index|HG1 Comdty|HI1 Index|IR4 Comdty|JGS1 Index|JY1 Curncy|KC1 Comdty|LH1 Comdty|NQ1 Index|NV1 Curncy|OE1 Comdty|PE1 Curncy|QC1 Comdty|QC1 Index|QS1 Comdty|QW1 Comdty|RS1 Comdty|RX1 Comdty|S 1 Comdty|SM1 Index|TY1 Comdty|US1 Comdty|XM1 Comdty|XU1 Index,sub1M_40,all84
0.5202,0.2334,-0.6656,98,BP1 Curncy|CD1 Curncy|CF1 Index|CT1 Comdty|CUA1 Comdty|DF1 Comdty|DM1 Index|ER4 Comdty|ES1 Index|FC1 Comdty|FV1 Comdty|HC1 Index|HI1 Index|JB1 Comdty|JGS1 Index|JY1 Curncy|LC1 Comdty|MES1 Index|MWE1 Comdty|NG1 Comdty|NO1 Curncy|NO1 Index|NV1 Curncy|OAT1 Comdty|OE1 Comdty|PA1 Comdty|PE1 Curncy|QW1 Comdty|RTY1 Index|RX1 Comdty|S 1 Comdty|SB1 Comdty|SE1 Curncy|SI1 Comdty|SM1 Comdty|TU1 Comdty|TY1 Comdty|VG1 Index|W 1 Comdty|XM1 Comdty,sub1M_40,all84
0.3077,0.1646,-0.5767,99,AD1 Curncy|BO1 Comdty|BP1 Curncy|CD1 Curncy|CF1 Index|DF1 Comdty|DM1 Index|DU1 Comdty|EC1 Curncy|EO1 Index|FC1 Comdty|FV1 Comdty|GX1 Index|HC1 Index|HG1 Comdty|IJ1 Comdty|IR4 Comdty|JGS1 Index|JY1 Curncy|KC1 Comdty|LH1 Comdty|MES1 Index|MWE1 Comdty|NG1 Comdty|NO1 Curncy|OAT1 Comdty|OE1 Comdty|PL1 Comdty|QC1 Comdty|QS1 Comdty|RS1 Comdty|RX1 Comdty|S 1 Comdty|SE1 Curncy|TWT1 Index|UB1 Comdty|US1 Comdty|VG1 Index|WN1 Comdty|XU1 Index,sub1M_40,all84
0.5280,0.2788,-0.4980,100,AD1 Curncy|BP1 Curncy|C 1 Comdty|CA1 Comdty|CN1 Comdty|CO1 Comdty|CT1 Comdty|CUA1 Comdty|DF1 Comdty|EC1 Curncy|EO1 Index|ES1 Index|IR4 Comdty|JB1 Comdty|KC1 Comdty|LC1 Comdty|NO1 Curncy|NO1 Index|NQ1 Index|NV1 Curncy|OE1 Comdty|PA1 Comdty|PE1 Curncy|PT1 Index|QW1 Comdty|RTY1 Index|RX1 Comdty|SB1 Comdty|SF1 Curncy|SFR5 Comdty|SI1 Comdty|SM1 Comdty|TP1 Index|TU1 Comdty|TWT1 Index|UB1 Comdty|VG1 Index|W 1 Comdty|XM1 Comdty|XP1 Index,sub1M_40,all84
0.3643,0.3431,-0.6279,101,BP1 Curncy|C 1 Comdty|CD1 Curncy|CF1 Index|CT1 Comdty|DU1 Comdty|EC1 Curncy|EO1 Index|ER4 Comdty|G 1 Comdty|GX1 Index|HI1 Index|HO1 Comdty|IJ1 Comdty|JGS1 Index|JY1 Curncy|KC1 Comdty|KW1 Comdty|LC1 Comdty|MES1 Index|NO1 Index|NQ1 Index|NV1 Curncy|PE1 Curncy|PL1 Comdty|QC1 Comdty|S 1 Comdty|SB1 Comdty|SCO1 Comdty|SF1 Curncy|SFR5 Comdty|SM1 Index|TP1 Index|TU1 Comdty|UB1 Comdty|US1 Comdty|UXY1 Comdty|W 1 Comdty|XB1 Comdty|XM1 Comdty,sub1M_40,all84
0.5114,0.3088,-0.6853,102,AD1 Curncy|BO1 Comdty|BP1 Curncy|CC1 Comdty|CD1 Curncy|CN1 Comdty|CO1 Comdty|CT1 Comdty|EC1 Curncy|EO1 Index|ES1 Index|FC1 Comdty|HC1 Index|HI1 Index|IR4 Comdty|KC1 Comdty|LC1 Comdty|MES1 Index|NG1 Comdty|PE1 Curncy|QW1 Comdty|RS1 Comdty|RTY1 Index|RX1 Comdty|S 1 Comdty|SCO1 Comdty|SE1 Curncy|SF1 Curncy|SFR5 Comdty|SI1 Comdty|SM1 Comdty|SM1 Index|TU1 Comdty|UB1 Comdty|US1 Comdty|VG1 Index|WN1 Comdty|XM1 Comdty|XP1 Index|XU1 Index,sub1M_40,all84
0.1418,0.0257,-0.6235,103,AD1 Curncy|BO1 Comdty|CA1 Comdty|CD1 Curncy|CN1 Comdty|DU1 Comdty|EC1 Curncy|ER4 Comdty|ES1 Index|G 1 Comdty|HC1 Index|HG1 Comdty|HO1 Comdty|IJ1 Comdty|IR4 Comdty|KC1 Comdty|LC1 Comdty|MWE1 Comdty|NG1 Comdty|NO1 Curncy|NO1 Index|OE1 Comdty|PE1 Curncy|PL1 Comdty|QC1 Comdty|QC1 Index|QW1 Comdty|RS1 Comdty|RTY1 Index|SE1 Curncy|SF1 Curncy|SFI5 Comdty|SM1 Index|TP1 Index|TWT1 Index|US1 Comdty|W 1 Comdty|XM1 Comdty|XU1 Index|Z 1 Index,sub1M_40,all84
0.2603,0.0825,-0.5788,104,BO1 Comdty|BP1 Curncy|CA1 Comdty|CC1 Comdty|CD1 Curncy|CF1 Index|CN1 Comdty|DM1 Index|EC1 Curncy|EO1 Index|ER4 Comdty|ES1 Index|FC1 Comdty|G 1 Comdty|GX1 Index|HC1 Index|HO1 Comdty|IR4 Comdty|JB1 Comdty|KC1 Comdty|KW1 Comdty|LC1 Comdty|NG1 Comdty|NO1 Curncy|NV1 Curncy|OAT1 Comdty|PA1 Comdty|PE1 Curncy|QC1 Index|S 1 Comdty|SB1 Comdty|SF1 Curncy|SFR5 Comdty|SI1 Comdty|SM1 Comdty|UB1 Comdty|VG1 Index|XM1 Comdty|XP1 Index|XU1 Index,sub1M_40,all84
0.4042,0.3189,-0.0831,105,BO1 Comdty|BP1 Curncy|C 1 Comdty|CD1 Curncy|CF1 Index|CL1 Comdty|DF1 Comdty|DM1 Index|EC1 Curncy|ER4 Comdty|GC1 Comdty|HG1 Comdty|HI1 Index|HO1 Comdty|IJ1 Comdty|IK1 Comdty|JY1 Curncy|KC1 Comdty|MWE1 Comdty|NO1 Curncy|NO1 Index|NV1 Curncy|OAT1 Comdty|OE1 Comdty|PE1 Curncy|QC1 Comdty|QC1 Index|QW1 Comdty|RS1 Comdty|SB1 Comdty|SM1 Index|TWT1 Index|TY1 Comdty|UB1 Comdty|US1 Comdty|UXY1 Comdty|VG1 Index|WN1 Comdty|XP1 Index|Z 1 Index,sub1M_40,all84
0.5721,0.4994,-0.3861,106,AD1 Curncy|BO1 Comdty|BP1 Curncy|C 1 Comdty|CC1 Comdty|CF1 Index|CT1 Comdty|DF1 Comdty|DM1 Index|EC1 Curncy|G 1 Comdty|GX1 Index|HC1 Index|IK1 Comdty|IR4 Comdty|JB1 Comdty|JY1 Curncy|KW1 Comdty|LC1 Comdty|LH1 Comdty|NO1 Index|NV1 Curncy|PE1 Curncy|PT1 Index|QC1 Index|QS1 Comdty|QW1 Comdty|RTY1 Index|SCO1 Comdty|SE1 Curncy|SFI5 Comdty|SFR5 Comdty|SI1 Comdty|TU1 Comdty|TWT1 Index|TY1 Comdty|W 1 Comdty|XB1 Comdty|XM1 Comdty|XU1 Index,sub1M_40,all84
0.6965,0.5650,-0.0373,107,AD1 Curncy|BO1 Comdty|BP1 Curncy|CA1 Comdty|CC1 Comdty|CD1 Curncy|CF1 Index|CT1 Comdty|DM1 Index|EC1 Curncy|EO1 Index|ER4 Comdty|ES1 Index|GC1 Comdty|IR4 Comdty|JB1 Comdty|JY1 Curncy|KW1 Comdty|LH1 Comdty|MWE1 Comdty|NG1 Comdty|NO1 Curncy|NO1 Index|OE1 Comdty|PT1 Index|QC1 Comdty|QS1 Comdty|RTY1 Index|RX1 Comdty|S 1 Comdty|SCO1 Comdty|SE1 Curncy|SFI5 Comdty|TP1 Index|TY1 Comdty|UB1 Comdty|W 1 Comdty|XM1 Comdty|XP1 Index|Z 1 Index,sub1M_40,all84
0.3528,0.2615,-0.5898,108,BP1 Curncy|CC1 Comdty|CF1 Index|CT1 Comdty|DF1 Comdty|DM1 Index|EC1 Curncy|ER4 Comdty|ES1 Index|FV1 Comdty|GX1 Index|HG1 Comdty|IJ1 Comdty|IK1 Comdty|IR4 Comdty|JB1 Comdty|JGS1 Index|JY1 Curncy|KC1 Comdty|LC1 Comdty|MES1 Index|MWE1 Comdty|NG1 Comdty|NO1 Curncy|NQ1 Index|NV1 Curncy|OAT1 Comdty|OE1 Comdty|PA1 Comdty|PE1 Curncy|QW1 Comdty|S 1 Comdty|SF1 Curncy|SM1 Comdty|SM1 Index|TWT1 Index|TY1 Comdty|WN1 Comdty|XB1 Comdty|XU1 Index,sub1M_40,all84
0.2583,0.2183,-0.5601,109,BO1 Comdty|CA1 Comdty|CD1 Curncy|CL1 Comdty|CT1 Comdty|DF1 Comdty|DU1 Comdty|EC1 Curncy|EO1 Index|ER4 Comdty|ES1 Index|FV1 Comdty|GX1 Index|HG1 Comdty|JY1 Curncy|KC1 Comdty|KW1 Comdty|LC1 Comdty|LH1 Comdty|MWE1 Comdty|NO1 Curncy|NO1 Index|NQ1 Index|NV1 Curncy|PA1 Comdty|PE1 Curncy|RX1 Comdty|SF1 Curncy|SFI5 Comdty|SFR5 Comdty|SM1 Comdty|SM1 Index|TU1 Comdty|UB1 Comdty|VG1 Index|XB1 Comdty|XM1 Comdty|XP1 Index|XU1 Index|Z 1 Index,sub1M_40,all84
0.4137,0.1259,-0.4567,110,AD1 Curncy|BP1 Curncy|C 1 Comdty|CA1 Comdty|CC1 Comdty|CD1 Curncy|CN1 Comdty|CUA1 Comdty|DU1 Comdty|EO1 Index|FC1 Comdty|FV1 Comdty|GX1 Index|HG1 Comdty|IJ1 Comdty|JB1 Comdty|JY1 Curncy|KW1 Comdty|LH1 Comdty|MES1 Index|NG1 Comdty|NO1 Curncy|NV1 Curncy|OAT1 Comdty|PE1 Curncy|PT1 Index|QW1 Comdty|RS1 Comdty|RTY1 Index|SB1 Comdty|SI1 Comdty|SM1 Index|TU1 Comdty|TWT1 Index|US1 Comdty|UXY1 Comdty|WN1 Comdty|XP1 Index|XU1 Index|Z 1 Index,sub1M_40,all84
0.3636,0.1898,0.0901,111,AD1 Curncy|BO1 Comdty|BP1 Curncy|C 1 Comdty|CC1 Comdty|CD1 Curncy|CN1 Comdty|CT1 Comdty|DF1 Comdty|DM1 Index|DU1 Comdty|EC1 Curncy|ER4 Comdty|ES1 Index|G 1 Comdty|GC1 Comdty|HC1 Index|IK1 Comdty|JB1 Comdty|KC1 Comdty|LC1 Comdty|MES1 Index|NO1 Curncy|NO1 Index|NQ1 Index|NV1 Curncy|OAT1 Comdty|PL1 Comdty|PT1 Index|QC1 Comdty|QS1 Comdty|RS1 Comdty|RTY1 Index|RX1 Comdty|S 1 Comdty|SF1 Curncy|SFR5 Comdty|XB1 Comdty|XU1 Index|Z 1 Index,sub1M_40,all84
0.3303,0.2194,-0.3643,112,BP1 Curncy|CC1 Comdty|CL1 Comdty|CT1 Comdty|EO1 Index|ER4 Comdty|ES1 Index|FV1 Comdty|G 1 Comdty|HI1 Index|IJ1 Comdty|IK1 Comdty|IR4 Comdty|JY1 Curncy|KC1 Comdty|KW1 Comdty|LH1 Comdty|MES1 Index|NO1 Curncy|NO1 Index|NQ1 Index|NV1 Curncy|OE1 Comdty|PA1 Comdty|PE1 Curncy|PL1 Comdty|QC1 Comdty|QW1 Comdty|RTY1 Index|SB1 Comdty|SE1 Curncy|SF1 Curncy|SFR5 Comdty|SM1 Index|TP1 Index|TWT1 Index|UB1 Comdty|UXY1 Comdty|W 1 Comdty|XB1 Comdty,sub1M_40,all84
0.4505,0.3930,-0.0565,113,AD1 Curncy|BO1 Comdty|C 1 Comdty|CC1 Comdty|CF1 Index|EC1 Curncy|FV1 Comdty|GC1 Comdty|GX1 Index|HC1 Index|HG1 Comdty|HI1 Index|IJ1 Comdty|IK1 Comdty|IR4 Comdty|JGS1 Index|JY1 Curncy|LH1 Comdty|MWE1 Comdty|NO1 Curncy|NV1 Curncy|PE1 Curncy|PT1 Index|QC1 Index|QS1 Comdty|QW1 Comdty|RX1 Comdty|SB1 Comdty|SE1 Curncy|SFI5 Comdty|SM1 Comdty|TP1 Index|TU1 Comdty|TWT1 Index|US1 Comdty|UXY1 Comdty|W 1 Comdty|WN1 Comdty|XB1 Comdty|XU1 Index,sub1M_40,all84
0.2491,0.1022,-0.4466,114,AD1 Curncy|BO1 Comdty|C 1 Comdty|CA1 Comdty|CD1 Curncy|CO1 Comdty|DF1 Comdty|DU1 Comdty|EC1 Curncy|EO1 Index|FC1 Comdty|HI1 Index|IR4 Comdty|JB1 Comdty|JY1 Curncy|KW1 Comdty|LC1 Comdty|MES1 Index|NO1 Curncy|NO1 Index|NQ1 Index|NV1 Curncy|OAT1 Comdty|PL1 Comdty|QC1 Index|QW1 Comdty|RS1 Comdty|S 1 Comdty|SE1 Curncy|SFR5 Comdty|SI1 Comdty|SM1 Index|TY1 Comdty|UXY1 Comdty|VG1 Index|WN1 Comdty|XB1 Comdty|XM1 Comdty|XU1 Index|Z 1 Index,sub1M_40,all84
0.6199,0.3543,-0.4599,115,BP1 Curncy|CA1 Comdty|CF1 Index|CN1 Comdty|CO1 Comdty|CT1 Comdty|CUA1 Comdty|DF1 Comdty|EC1 Curncy|ER4 Comdty|FC1 Comdty|FV1 Comdty|GX1 Index|IK1 Comdty|IR4 Comdty|JY1 Curncy|MES1 Index|MWE1 Comdty|NV1 Curncy|OE1 Comdty|PA1 Comdty|PE1 Curncy|PT1 Index|QC1 Comdty|QW1 Comdty|RTY1 Index|RX1 Comdty|S 1 Comdty|SB1 Comdty|SE1 Curncy|SF1 Curncy|SFR5 Comdty|SI1 Comdty|SM1 Index|TWT1 Index|UXY1 Comdty|VG1 Index|W 1 Comdty|XU1 Index|Z 1 Index,sub1M_40,all84
0.6023,0.5418,-0.0902,116,BO1 Comdty|BP1 Curncy|CA1 Comdty|CC1 Comdty|CD1 Curncy|CF1 Index|CL1 Comdty|CT1 Comdty|EC1 Curncy|EO1 Index|ES1 Index|FC1 Comdty|FV1 Comdty|G 1 Comdty|GC1 Comdty|GX1 Index|HO1 Comdty|IR4 Comdty|JY1 Curncy|KW1 Comdty|MWE1 Comdty|NO1 Curncy|NQ1 Index|NV1 Curncy|OAT1 Comdty|OE1 Comdty|PT1 Index|QC1 Index|QW1 Comdty|RX1 Comdty|SCO1 Comdty|SE1 Curncy|SFR5 Comdty|SM1 Comdty|TP1 Index|TU1 Comdty|TY1 Comdty|VG1 Index|W 1 Comdty|Z 1 Index,sub1M_40,all84
0.6038,0.3871,-0.7922,117,AD1 Curncy|C 1 Comdty|CA1 Comdty|CC1 Comdty|CF1 Index|CT1 Comdty|CUA1 Comdty|DM1 Index|DU1 Comdty|EC1 Curncy|EO1 Index|ES1 Index|FV1 Comdty|G 1 Comdty|GX1 Index|HI1 Index|IK1 Comdty|JY1 Curncy|KW1 Comdty|LC1 Comdty|LH1 Comdty|MWE1 Comdty|NG1 Comdty|NO1 Curncy|NV1 Curncy|OAT1 Comdty|PL1 Comdty|RX1 Comdty|SB1 Comdty|SCO1 Comdty|SE1 Curncy|SF1 Curncy|SFI5 Comdty|TP1 Index|TWT1 Index|US1 Comdty|UXY1 Comdty|W 1 Comdty|XP1 Index|XU1 Index,sub1M_40,all84
0.4037,0.2465,-0.3144,118,AD1 Curncy|BP1 Curncy|C 1 Comdty|CC1 Comdty|CF1 Index|CL1 Comdty|DF1 Comdty|DM1 Index|EC1 Curncy|ES1 Index|FC1 Comdty|GX1 Index|HG1 Comdty|HI1 Index|IK1 Comdty|IR4 Comdty|LH1 Comdty|NO1 Curncy|NO1 Index|NQ1 Index|NV1 Curncy|OE1 Comdty|PE1 Curncy|PT1 Index|QC1 Comdty|QS1 Comdty|RS1 Comdty|RX1 Comdty|S 1 Comdty|SB1 Comdty|SE1 Curncy|SI1 Comdty|SM1 Comdty|SM1 Index|TU1 Comdty|TY1 Comdty|UB1 Comdty|US1 Comdty|UXY1 Comdty|XU1 Index,sub1M_40,all84
0.6113,0.3812,-0.0093,119,AD1 Curncy|BP1 Curncy|CA1 Comdty|CC1 Comdty|CD1 Curncy|CT1 Comdty|CUA1 Comdty|DU1 Comdty|EO1 Index|ER4 Comdty|FC1 Comdty|GC1 Comdty|GX1 Index|HC1 Index|HG1 Comdty|HI1 Index|IJ1 Comdty|JY1 Curncy|KC1 Comdty|MES1 Index|MWE1 Comdty|NO1 Curncy|NV1 Curncy|OAT1 Comdty|PE1 Curncy|QC1 Comdty|QS1 Comdty|RX1 Comdty|SFI5 Comdty|SM1 Comdty|SM1 Index|TP1 Index|TU1 Comdty|UXY1 Comdty|W 1 Comdty|WN1 Comdty|XM1 Comdty|XP1 Index|XU1 Index|Z 1 Index,sub1M_40,all84
0.2437,0.2267,-0.6601,120,AD1 Curncy|BP1 Curncy|CA1 Comdty|CC1 Comdty|CF1 Index|CL1 Comdty|CN1 Comdty|DF1 Comdty|DM1 Index|DU1 Comdty|EC1 Curncy|ES1 Index|FV1 Comdty|GX1 Index|HG1 Comdty|HI1 Index|IJ1 Comdty|IK1 Comdty|IR4 Comdty|JB1 Comdty|JGS1 Index|KC1 Comdty|NO1 Curncy|NV1 Curncy|OE1 Comdty|PA1 Comdty|PT1 Index|QC1 Comdty|QS1 Comdty|RS1 Comdty|S 1 Comdty|SE1 Curncy|SF1 Curncy|SM1 Comdty|TWT1 Index|VG1 Index|W 1 Comdty|WN1 Comdty|XM1 Comdty|Z 1 Index,sub1M_40,all84
0.5665,0.3514,-0.0212,121,AD1 Curncy|C 1 Comdty|CC1 Comdty|CD1 Curncy|CN1 Comdty|CT1 Comdty|CUA1 Comdty|DF1 Comdty|EC1 Curncy|ER4 Comdty|FC1 Comdty|GC1 Comdty|HG1 Comdty|HO1 Comdty|IJ1 Comdty|JGS1 Index|MES1 Index|MWE1 Comdty|NO1 Curncy|NO1 Index|OAT1 Comdty|OE1 Comdty|PE1 Curncy|PT1 Index|QC1 Index|RS1 Comdty|RTY1 Index|RX1 Comdty|S 1 Comdty|SB1 Comdty|SE1 Curncy|SF1 Curncy|SFI5 Comdty|TP1 Index|TWT1 Index|TY1 Comdty|US1 Comdty|UXY1 Comdty|VG1 Index|XP1 Index,sub1M_40,all84
0.7088,0.5270,-0.3047,122,AD1 Curncy|BO1 Comdty|BP1 Curncy|CA1 Comdty|CD1 Curncy|CO1 Comdty|DF1 Comdty|DM1 Index|EC1 Curncy|EO1 Index|FC1 Comdty|G 1 Comdty|GX1 Index|HC1 Index|HI1 Index|IJ1 Comdty|IK1 Comdty|JB1 Comdty|JY1 Curncy|LC1 Comdty|LH1 Comdty|MES1 Index|NQ1 Index|OE1 Comdty|PE1 Curncy|QC1 Comdty|QC1 Index|QS1 Comdty|SB1 Comdty|SCO1 Comdty|SF1 Curncy|SFR5 Comdty|SI1 Comdty|SM1 Index|TY1 Comdty|US1 Comdty|UXY1 Comdty|VG1 Index|W 1 Comdty|XM1 Comdty,sub1M_40,all84
0.6242,0.4295,-0.3043,123,BO1 Comdty|BP1 Curncy|CD1 Curncy|CN1 Comdty|CT1 Comdty|CUA1 Comdty|DM1 Index|EC1 Curncy|EO1 Index|ER4 Comdty|ES1 Index|FC1 Comdty|FV1 Comdty|HC1 Index|HI1 Index|IR4 Comdty|JB1 Comdty|KC1 Comdty|KW1 Comdty|LC1 Comdty|LH1 Comdty|MWE1 Comdty|NO1 Index|NQ1 Index|NV1 Curncy|OE1 Comdty|PA1 Comdty|PE1 Curncy|QC1 Comdty|QS1 Comdty|QW1 Comdty|SE1 Curncy|SF1 Curncy|SFR5 Comdty|SI1 Comdty|TP1 Index|TU1 Comdty|US1 Comdty|XP1 Index|XU1 Index,sub1M_40,all84
0.4661,0.3522,0.3731,124,AD1 Curncy|BP1 Curncy|CA1 Comdty|CC1 Comdty|CL1 Comdty|CO1 Comdty|CT1 Comdty|DU1 Comdty|EO1 Index|ER4 Comdty|ES1 Index|FV1 Comdty|GC1 Comdty|GX1 Index|HC1 Index|IR4 Comdty|JGS1 Index|JY1 Curncy|KC1 Comdty|KW1 Comdty|LC1 Comdty|LH1 Comdty|MES1 Index|NO1 Curncy|NO1 Index|PE1 Curncy|PL1 Comdty|QC1 Comdty|RX1 Comdty|SB1 Comdty|SE1 Curncy|SF1 Curncy|TP1 Index|TWT1 Index|UB1 Comdty|UXY1 Comdty|W 1 Comdty|WN1 Comdty|XM1 Comdty|Z 1 Index,sub1M_40,all84
0.4173,0.2663,-0.5456,125,AD1 Curncy|BO1 Comdty|BP1 Curncy|C 1 Comdty|CA1 Comdty|CC1 Comdty|CD1 Curncy|CN1 Comdty|CUA1 Comdty|DU1 Comdty|EO1 Index|HI1 Index|IK1 Comdty|JY1 Curncy|KC1 Comdty|KW1 Comdty|LC1 Comdty|MWE1 Comdty|NV1 Curncy|OE1 Comdty|PA1 Comdty|PE1 Curncy|PL1 Comdty|PT1 Index|QW1 Comdty|RS1 Comdty|SE1 Curncy|SFR5 Comdty|SM1 Index|TP1 Index|TU1 Comdty|TWT1 Index|UB1 Comdty|US1 Comdty|VG1 Index|XB1 Comdty|XM1 Comdty|XP1 Index|XU1 Index|Z 1 Index,sub1M_40,all84
0.4825,0.3688,-0.4985,126,AD1 Curncy|BO1 Comdty|C 1 Comdty|CA1 Comdty|CD1 Curncy|CL1 Comdty|CN1 Comdty|DF1 Comdty|DM1 Index|EC1 Curncy|FC1 Comdty|G 1 Comdty|GX1 Index|HI1 Index|IK1 Comdty|IR4 Comdty|JB1 Comdty|JGS1 Index|KW1 Comdty|LC1 Comdty|LH1 Comdty|NQ1 Index|NV1 Curncy|PE1 Curncy|PT1 Index|QC1 Comdty|QC1 Index|RS1 Comdty|SCO1 Comdty|SE1 Curncy|SF1 Curncy|SFI5 Comdty|SI1 Comdty|TU1 Comdty|UXY1 Comdty|VG1 Index|WN1 Comdty|XB1 Comdty|XU1 Index|Z 1 Index,sub1M_40,all84
0.3363,0.1913,-0.5300,127,AD1 Curncy|BO1 Comdty|CD1 Curncy|CN1 Comdty|DM1 Index|EC1 Curncy|EO1 Index|ER4 Comdty|FV1 Comdty|HC1 Index|IJ1 Comdty|IR4 Comdty|JGS1 Index|JY1 Curncy|KC1 Comdty|KW1 Comdty|LC1 Comdty|LH1 Comdty|NO1 Index|PA1 Comdty|PE1 Curncy|PT1 Index|QC1 Comdty|QS1 Comdty|QW1 Comdty|RX1 Comdty|SB1 Comdty|SE1 Curncy|SF1 Curncy|SFI5 Comdty|SI1 Comdty|TY1 Comdty|UB1 Comdty|VG1 Index|W 1 Comdty|WN1 Comdty|XB1 Comdty|XP1 Index|XU1 Index|Z 1 Index,sub1M_40,all84
0.3431,0.1968,-0.5556,128,AD1 Curncy|CC1 Comdty|CD1 Curncy|CF1 Index|CL1 Comdty|CO1 Comdty|DF1 Comdty|DM1 Index|DU1 Comdty|EO1 Index|ES1 Index|FC1 Comdty|FV1 Comdty|GX1 Index|IJ1 Comdty|IK1 Comdty|IR4 Comdty|JGS1 Index|LH1 Comdty|MWE1 Comdty|NO1 Curncy|NO1 Index|NV1 Curncy|OAT1 Comdty|OE1 Comdty|PA1 Comdty|PE1 Curncy|QC1 Comdty|QC1 Index|S 1 Comdty|SB1 Comdty|SE1 Curncy|SF1 Curncy|SI1 Comdty|SM1 Comdty|TU1 Comdty|UB1 Comdty|VG1 Index|XM1 Comdty|XU1 Index,sub1M_40,all84
0.7753,0.6336,-0.1897,129,BO1 Comdty|BP1 Curncy|CA1 Comdty|CC1 Comdty|CD1 Curncy|CF1 Index|CN1 Comdty|CO1 Comdty|DF1 Comdty|DM1 Index|EC1 Curncy|EO1 Index|FC1 Comdty|FV1 Comdty|GC1 Comdty|IJ1 Comdty|IK1 Comdty|JY1 Curncy|MES1 Index|NO1 Curncy|NO1 Index|OE1 Comdty|PE1 Curncy|PT1 Index|QC1 Comdty|QS1 Comdty|RS1 Comdty|RTY1 Index|RX1 Comdty|SCO1 Comdty|SE1 Curncy|SFI5 Comdty|SFR5 Comdty|SM1 Comdty|UB1 Comdty|W 1 Comdty|WN1 Comdty|XP1 Index|XU1 Index|Z 1 Index,sub1M_40,all84
0.3243,0.2415,-0.4827,130,AD1 Curncy|BP1 Curncy|C 1 Comdty|CA1 Comdty|CL1 Comdty|CN1 Comdty|CO1 Comdty|DM1 Index|DU1 Comdty|EO1 Index|ER4 Comdty|ES1 Index|FC1 Comdty|GX1 Index|IJ1 Comdty|JY1 Curncy|KC1 Comdty|LC1 Comdty|MWE1 Comdty|NO1 Curncy|OE1 Comdty|PA1 Comdty|PE1 Curncy|PL1 Comdty|PT1 Index|QC1 Index|QW1 Comdty|SB1 Comdty|SE1 Curncy|SF1 Curncy|SFR5 Comdty|SM1 Comdty|TU1 Comdty|TWT1 Index|TY1 Comdty|US1 Comdty|UXY1 Comdty|VG1 Index|XP1 Index|XU1 Index,sub1M_40,all84
0.5456,0.4002,-1.0321,131,AD1 Curncy|BO1 Comdty|CD1 Curncy|CF1 Index|CN1 Comdty|CO1 Comdty|CT1 Comdty|CUA1 Comdty|DF1 Comdty|DM1 Index|EC1 Curncy|EO1 Index|ER4 Comdty|ES1 Index|FC1 Comdty|HG1 Comdty|IR4 Comdty|JB1 Comdty|JGS1 Index|KW1 Comdty|LH1 Comdty|NO1 Curncy|NQ1 Index|NV1 Curncy|OE1 Comdty|PE1 Curncy|QC1 Comdty|QW1 Comdty|RTY1 Index|RX1 Comdty|S 1 Comdty|SCO1 Comdty|SE1 Curncy|TU1 Comdty|TWT1 Index|US1 Comdty|VG1 Index|W 1 Comdty|WN1 Comdty|XP1 Index,sub1M_40,all84
0.3766,0.4103,-0.7200,132,AD1 Curncy|BO1 Comdty|BP1 Curncy|C 1 Comdty|CA1 Comdty|CC1 Comdty|CD1 Curncy|CN1 Comdty|DF1 Comdty|EC1 Curncy|ER4 Comdty|FC1 Comdty|FV1 Comdty|HC1 Index|HG1 Comdty|HI1 Index|HO1 Comdty|IR4 Comdty|JGS1 Index|KC1 Comdty|MWE1 Comdty|NG1 Comdty|NO1 Curncy|NO1 Index|NQ1 Index|OAT1 Comdty|QW1 Comdty|RTY1 Index|SCO1 Comdty|SE1 Curncy|SF1 Curncy|SM1 Comdty|TWT1 Index|TY1 Comdty|UB1 Comdty|US1 Comdty|UXY1 Comdty|VG1 Index|XU1 Index|Z 1 Index,sub1M_40,all84
0.4826,0.4343,-0.2529,133,BP1 Curncy|CA1 Comdty|CD1 Curncy|CL1 Comdty|CO1 Comdty|CT1 Comdty|DF1 Comdty|DM1 Index|EC1 Curncy|ER4 Comdty|ES1 Index|G 1 Comdty|GC1 Comdty|HC1 Index|IJ1 Comdty|IK1 Comdty|IR4 Comdty|JGS1 Index|LH1 Comdty|MWE1 Comdty|NO1 Curncy|NQ1 Index|NV1 Curncy|OE1 Comdty|PA1 Comdty|PE1 Curncy|QC1 Index|QW1 Comdty|RS1 Comdty|SF1 Curncy|SM1 Comdty|SM1 Index|TU1 Comdty|TWT1 Index|US1 Comdty|UXY1 Comdty|VG1 Index|W 1 Comdty|XM1 Comdty|Z 1 Index,sub1M_40,all84
0.3267,0.2432,-0.9400,134,AD1 Curncy|BO1 Comdty|CC1 Comdty|CD1 Curncy|CF1 Index|CN1 Comdty|CO1 Comdty|CT1 Comdty|EC1 Curncy|EO1 Index|ER4 Comdty|G 1 Comdty|GX1 Index|HC1 Index|HG1 Comdty|HI1 Index|IJ1 Comdty|JGS1 Index|JY1 Curncy|KC1 Comdty|KW1 Comdty|MWE1 Comdty|NV1 Curncy|OAT1 Comdty|PA1 Comdty|PT1 Index|QS1 Comdty|QW1 Comdty|S 1 Comdty|SE1 Curncy|SF1 Curncy|SFI5 Comdty|SM1 Comdty|TWT1 Index|UB1 Comdty|US1 Comdty|VG1 Index|WN1 Comdty|XM1 Comdty|XU1 Index,sub1M_40,all84
0.3349,0.2393,-0.6162,135,AD1 Curncy|BO1 Comdty|C 1 Comdty|CA1 Comdty|CD1 Curncy|CF1 Index|CN1 Comdty|CO1 Comdty|DF1 Comdty|EO1 Index|ER4 Comdty|ES1 Index|G 1 Comdty|HG1 Comdty|JB1 Comdty|KC1 Comdty|KW1 Comdty|MWE1 Comdty|NO1 Curncy|NQ1 Index|NV1 Curncy|PA1 Comdty|PE1 Curncy|PT1 Index|QC1 Comdty|QC1 Index|RS1 Comdty|RTY1 Index|RX1 Comdty|SB1 Comdty|SE1 Curncy|SF1 Curncy|SFI5 Comdty|SFR5 Comdty|TWT1 Index|UB1 Comdty|UXY1 Comdty|VG1 Index|XB1 Comdty|XU1 Index,sub1M_40,all84
0.4941,0.3639,-0.7735,136,BP1 Curncy|C 1 Comdty|CD1 Curncy|CN1 Comdty|CT1 Comdty|CUA1 Comdty|DU1 Comdty|EO1 Index|ES1 Index|FC1 Comdty|G 1 Comdty|HC1 Index|HO1 Comdty|JB1 Comdty|JY1 Curncy|KC1 Comdty|KW1 Comdty|LC1 Comdty|LH1 Comdty|MES1 Index|NO1 Curncy|NQ1 Index|NV1 Curncy|PE1 Curncy|PL1 Comdty|PT1 Index|QW1 Comdty|S 1 Comdty|SCO1 Comdty|SF1 Curncy|SM1 Comdty|SM1 Index|TU1 Comdty|TWT1 Index|UB1 Comdty|UXY1 Comdty|WN1 Comdty|XM1 Comdty|XP1 Index|Z 1 Index,sub1M_40,all84
0.2295,-0.0213,-0.3410,137,AD1 Curncy|BO1 Comdty|BP1 Curncy|C 1 Comdty|CC1 Comdty|CD1 Curncy|CN1 Comdty|CT1 Comdty|DF1 Comdty|EC1 Curncy|EO1 Index|ER4 Comdty|FC1 Comdty|GX1 Index|HC1 Index|IK1 Comdty|IR4 Comdty|JGS1 Index|KC1 Comdty|LC1 Comdty|LH1 Comdty|NG1 Comdty|NO1 Index|NV1 Curncy|OE1 Comdty|PE1 Curncy|PL1 Comdty|QC1 Index|RTY1 Index|SE1 Curncy|SI1 Comdty|SM1 Index|UB1 Comdty|US1 Comdty|UXY1 Comdty|VG1 Index|W 1 Comdty|WN1 Comdty|XB1 Comdty|XU1 Index,sub1M_40,all84
0.8030,0.6149,-0.2270,138,AD1 Curncy|BP1 Curncy|CC1 Comdty|CL1 Comdty|CN1 Comdty|CT1 Comdty|CUA1 Comdty|DF1 Comdty|EC1 Curncy|GC1 Comdty|GX1 Index|IJ1 Comdty|IK1 Comdty|IR4 Comdty|JGS1 Index|JY1 Curncy|KC1 Comdty|LC1 Comdty|MES1 Index|MWE1 Comdty|NO1 Curncy|NV1 Curncy|OE1 Comdty|PT1 Index|QC1 Index|RS1 Comdty|RX1 Comdty|S 1 Comdty|SCO1 Comdty|SE1 Curncy|SFR5 Comdty|SM1 Index|TP1 Index|TWT1 Index|UB1 Comdty|UXY1 Comdty|VG1 Index|W 1 Comdty|XM1 Comdty|XU1 Index,sub1M_40,all84
0.8947,0.6452,-0.0358,139,AD1 Curncy|BP1 Curncy|CA1 Comdty|CC1 Comdty|CN1 Comdty|CO1 Comdty|CUA1 Comdty|DF1 Comdty|DM1 Index|DU1 Comdty|EC1 Curncy|ER4 Comdty|FC1 Comdty|FV1 Comdty|GC1 Comdty|IJ1 Comdty|IK1 Comdty|JB1 Comdty|JY1 Curncy|KC1 Comdty|NQ1 Index|NV1 Curncy|OAT1 Comdty|QC1 Comdty|QC1 Index|QW1 Comdty|RS1 Comdty|RTY1 Index|RX1 Comdty|SCO1 Comdty|SE1 Curncy|SF1 Curncy|SM1 Index|TP1 Index|TWT1 Index|VG1 Index|W 1 Comdty|WN1 Comdty|XP1 Index|XU1 Index,sub1M_40,all84
0.4200,0.3901,-0.8591,140,BO1 Comdty|BP1 Curncy|CD1 Curncy|CN1 Comdty|ES1 Index|GX1 Index|HC1 Index|HI1 Index|HO1 Comdty|IJ1 Comdty|IK1 Comdty|JY1 Curncy|KC1 Comdty|KW1 Comdty|LC1 Comdty|MWE1 Comdty|NG1 Comdty|NO1 Index|NQ1 Index|NV1 Curncy|PE1 Curncy|PL1 Comdty|QC1 Comdty|QW1 Comdty|SB1 Comdty|SCO1 Comdty|SE1 Curncy|SF1 Curncy|SFI5 Comdty|SFR5 Comdty|SM1 Comdty|SM1 Index|TP1 Index|TY1 Comdty|UB1 Comdty|US1 Comdty|WN1 Comdty|XM1 Comdty|XP1 Index|XU1 Index,sub1M_40,all84
0.3541,0.0906,-0.6579,141,BO1 Comdty|BP1 Curncy|C 1 Comdty|CA1 Comdty|CC1 Comdty|CD1 Curncy|CF1 Index|CL1 Comdty|CT1 Comdty|CUA1 Comdty|DU1 Comdty|ES1 Index|G 1 Comdty|HC1 Index|HG1 Comdty|HI1 Index|IJ1 Comdty|IK1 Comdty|JY1 Curncy|KC1 Comdty|KW1 Comdty|MWE1 Comdty|NQ1 Index|NV1 Curncy|OE1 Comdty|PE1 Curncy|PL1 Comdty|RS1 Comdty|RTY1 Index|SE1 Curncy|SF1 Curncy|SFI5 Comdty|TP1 Index|TU1 Comdty|TWT1 Index|TY1 Comdty|UB1 Comdty|WN1 Comdty|XP1 Index|Z 1 Index,sub1M_40,all84
0.6827,0.4764,-0.8314,142,AD1 Curncy|BO1 Comdty|BP1 Curncy|CA1 Comdty|CT1 Comdty|CUA1 Comdty|DM1 Index|EC1 Curncy|EO1 Index|ER4 Comdty|ES1 Index|GX1 Index|HC1 Index|IJ1 Comdty|IK1 Comdty|IR4 Comdty|JGS1 Index|JY1 Curncy|KC1 Comdty|KW1 Comdty|NO1 Index|NQ1 Index|NV1 Curncy|OE1 Comdty|PE1 Curncy|PL1 Comdty|PT1 Index|QC1 Comdty|QS1 Comdty|RS1 Comdty|RX1 Comdty|SB1 Comdty|SCO1 Comdty|SF1 Curncy|SM1 Comdty|TU1 Comdty|UB1 Comdty|US1 Comdty|WN1 Comdty|Z 1 Index,sub1M_40,all84
0.6234,0.2976,0.2661,143,AD1 Curncy|BP1 Curncy|CA1 Comdty|CC1 Comdty|CD1 Curncy|CN1 Comdty|CT1 Comdty|CUA1 Comdty|DF1 Comdty|DU1 Comdty|EO1 Index|ES1 Index|FC1 Comdty|G 1 Comdty|GC1 Comdty|IJ1 Comdty|IK1 Comdty|JY1 Curncy|KC1 Comdty|NG1 Comdty|NO1 Curncy|NO1 Index|NQ1 Index|OE1 Comdty|PE1 Curncy|PT1 Index|QC1 Comdty|QW1 Comdty|RTY1 Index|SB1 Comdty|SE1 Curncy|SI1 Comdty|TP1 Index|TU1 Comdty|TY1 Comdty|US1 Comdty|VG1 Index|WN1 Comdty|XP1 Index|XU1 Index,sub1M_40,all84
0.2559,0.0703,-0.3449,144,AD1 Curncy|BP1 Curncy|CA1 Comdty|CD1 Curncy|CN1 Comdty|CT1 Comdty|DM1 Index|EC1 Curncy|EO1 Index|FV1 Comdty|HC1 Index|IK1 Comdty|JB1 Comdty|KC1 Comdty|KW1 Comdty|MES1 Index|MWE1 Comdty|NO1 Curncy|NO1 Index|OAT1 Comdty|PE1 Curncy|PL1 Comdty|PT1 Index|QS1 Comdty|RS1 Comdty|S 1 Comdty|SB1 Comdty|SF1 Curncy|SFR5 Comdty|SI1 Comdty|SM1 Comdty|TU1 Comdty|TWT1 Index|TY1 Comdty|UB1 Comdty|W 1 Comdty|XB1 Comdty|XP1 Index|XU1 Index|Z 1 Index,sub1M_40,all84
0.5375,0.4600,-0.0136,145,AD1 Curncy|BP1 Curncy|CA1 Comdty|CF1 Index|CO1 Comdty|DF1 Comdty|DU1 Comdty|EC1 Curncy|EO1 Index|ER4 Comdty|ES1 Index|FC1 Comdty|GC1 Comdty|IJ1 Comdty|IR4 Comdty|JGS1 Index|JY1 Curncy|KW1 Comdty|LH1 Comdty|NO1 Curncy|NO1 Index|NQ1 Index|OE1 Comdty|PA1 Comdty|PE1 Curncy|PT1 Index|QC1 Comdty|QW1 Comdty|RS1 Comdty|S 1 Comdty|SF1 Curncy|SFI5 Comdty|SM1 Index|TP1 Index|TU1 Comdty|US1 Comdty|UXY1 Comdty|XB1 Comdty|XM1 Comdty|XP1 Index,sub1M_40,all84
0.1958,0.1024,-0.7781,146,AD1 Curncy|BO1 Comdty|BP1 Curncy|CC1 Comdty|CF1 Index|CL1 Comdty|DF1 Comdty|DM1 Index|DU1 Comdty|EO1 Index|FV1 Comdty|G 1 Comdty|HI1 Index|IK1 Comdty|JGS1 Index|JY1 Curncy|KC1 Comdty|LH1 Comdty|MWE1 Comdty|NV1 Curncy|OAT1 Comdty|PA1 Comdty|PE1 Curncy|PL1 Comdty|QC1 Index|QW1 Comdty|RS1 Comdty|RTY1 Index|SB1 Comdty|SE1 Curncy|SF1 Curncy|SFR5 Comdty|TP1 Index|US1 Comdty|VG1 Index|W 1 Comdty|WN1 Comdty|XB1 Comdty|XM1 Comdty|XU1 Index,sub1M_40,all84
0.5000,0.2619,0.0240,147,BO1 Comdty|BP1 Curncy|C 1 Comdty|CA1 Comdty|CC1 Comdty|CD1 Curncy|CF1 Index|CN1 Comdty|CUA1 Comdty|DU1 Comdty|EC1 Curncy|ER4 Comdty|FC1 Comdty|GC1 Comdty|HI1 Index|HO1 Comdty|KW1 Comdty|LC1 Comdty|MES1 Index|NO1 Index|NQ1 Index|NV1 Curncy|OE1 Comdty|PE1 Curncy|PT1 Index|QC1 Index|RS1 Comdty|S 1 Comdty|SB1 Comdty|SE1 Curncy|SF1 Curncy|SFI5 Comdty|SI1 Comdty|TWT1 Index|TY1 Comdty|US1 Comdty|UXY1 Comdty|VG1 Index|XM1 Comdty|XP1 Index,sub1M_40,all84
0.3882,0.2434,-0.2608,148,AD1 Curncy|BP1 Curncy|CA1 Comdty|CT1 Comdty|DF1 Comdty|DM1 Index|EC1 Curncy|EO1 Index|ER4 Comdty|FC1 Comdty|FV1 Comdty|HC1 Index|IJ1 Comdty|IR4 Comdty|JB1 Comdty|JY1 Curncy|KC1 Comdty|NO1 Index|NQ1 Index|NV1 Curncy|OAT1 Comdty|PE1 Curncy|PL1 Comdty|PT1 Index|QS1 Comdty|QW1 Comdty|S 1 Comdty|SB1 Comdty|SE1 Curncy|SI1 Comdty|SM1 Comdty|TP1 Index|TU1 Comdty|TWT1 Index|US1 Comdty|WN1 Comdty|XB1 Comdty|XM1 Comdty|XU1 Index|Z 1 Index,sub1M_40,all84
0.6282,0.3632,-0.6156,149,AD1 Curncy|BP1 Curncy|C 1 Comdty|CD1 Curncy|CO1 Comdty|CT1 Comdty|CUA1 Comdty|DM1 Index|EC1 Curncy|EO1 Index|FC1 Comdty|FV1 Comdty|G 1 Comdty|HC1 Index|HI1 Index|IK1 Comdty|IR4 Comdty|JGS1 Index|JY1 Curncy|KC1 Comdty|KW1 Comdty|MES1 Index|MWE1 Comdty|NO1 Curncy|NQ1 Index|NV1 Curncy|OAT1 Comdty|OE1 Comdty|PA1 Comdty|QC1 Comdty|QC1 Index|QW1 Comdty|SB1 Comdty|SFI5 Comdty|SI1 Comdty|TWT1 Index|TY1 Comdty|UXY1 Comdty|W 1 Comdty|Z 1 Index,sub1M_40,all84
0.2331,0.0965,-0.5147,150,AD1 Curncy|BO1 Comdty|BP1 Curncy|CF1 Index|CT1 Comdty|DU1 Comdty|EO1 Index|ES1 Index|FC1 Comdty|FV1 Comdty|GX1 Index|HG1 Comdty|IR4 Comdty|JGS1 Index|JY1 Curncy|KC1 Comdty|KW1 Comdty|LH1 Comdty|MWE1 Comdty|NO1 Curncy|NQ1 Index|OAT1 Comdty|OE1 Comdty|PE1 Curncy|PL1 Comdty|QS1 Comdty|QW1 Comdty|RS1 Comdty|SE1 Curncy|SF1 Curncy|SFR5 Comdty|SM1 Comdty|SM1 Index|TP1 Index|TU1 Comdty|UXY1 Comdty|VG1 Index|XB1 Comdty|XM1 Comdty|XU1 Index,sub1M_40,all84
0.2494,0.1351,-0.6530,151,AD1 Curncy|BP1 Curncy|C 1 Comdty|CA1 Comdty|CD1 Curncy|CN1 Comdty|CT1 Comdty|DF1 Comdty|DU1 Comdty|EC1 Curncy|HC1 Index|HI1 Index|HO1 Comdty|IJ1 Comdty|IK1 Comdty|IR4 Comdty|KW1 Comdty|MES1 Index|NO1 Curncy|NO1 Index|NQ1 Index|NV1 Curncy|PL1 Comdty|QS1 Comdty|QW1 Comdty|RS1 Comdty|RX1 Comdty|S 1 Comdty|SB1 Comdty|SE1 Curncy|SFI5 Comdty|SI1 Comdty|SM1 Index|TU1 Comdty|TWT1 Index|UB1 Comdty|VG1 Index|WN1 Comdty|XP1 Index|XU1 Index,sub1M_40,all84
0.2033,0.0303,-0.8589,152,AD1 Curncy|BO1 Comdty|BP1 Curncy|CD1 Curncy|CN1 Comdty|CT1 Comdty|DM1 Index|EC1 Curncy|EO1 Index|ES1 Index|G 1 Comdty|HG1 Comdty|IR4 Comdty|JGS1 Index|JY1 Curncy|KC1 Comdty|KW1 Comdty|MES1 Index|MWE1 Comdty|NG1 Comdty|OAT1 Comdty|OE1 Comdty|PE1 Curncy|PL1 Comdty|QC1 Index|QS1 Comdty|QW1 Comdty|S 1 Comdty|SB1 Comdty|SE1 Curncy|SFI5 Comdty|SM1 Comdty|TP1 Index|UB1 Comdty|UXY1 Comdty|VG1 Index|W 1 Comdty|WN1 Comdty|XP1 Index|Z 1 Index,sub1M_40,all84
0.4748,0.4245,-0.8389,153,AD1 Curncy|BP1 Curncy|C 1 Comdty|CA1 Comdty|CF1 Index|DF1 Comdty|EC1 Curncy|ER4 Comdty|FC1 Comdty|G 1 Comdty|HC1 Index|HG1 Comdty|JGS1 Index|JY1 Curncy|KC1 Comdty|MWE1 Comdty|NG1 Comdty|NO1 Index|NQ1 Index|OAT1 Comdty|PE1 Curncy|QW1 Comdty|RS1 Comdty|S 1 Comdty|SCO1 Comdty|SE1 Curncy|SF1 Curncy|SFI5 Comdty|SM1 Index|TP1 Index|TY1 Comdty|US1 Comdty|UXY1 Comdty|W 1 Comdty|WN1 Comdty|XB1 Comdty|XM1 Comdty|XP1 Index|XU1 Index|Z 1 Index,sub1M_40,all84
0.5092,0.2428,0.0517,154,AD1 Curncy|BP1 Curncy|C 1 Comdty|CA1 Comdty|CD1 Curncy|CF1 Index|CN1 Comdty|CO1 Comdty|DF1 Comdty|DM1 Index|EC1 Curncy|EO1 Index|FC1 Comdty|GC1 Comdty|IK1 Comdty|IR4 Comdty|JB1 Comdty|KC1 Comdty|LC1 Comdty|MES1 Index|MWE1 Comdty|NG1 Comdty|NQ1 Index|NV1 Curncy|OAT1 Comdty|PE1 Curncy|QC1 Comdty|QC1 Index|RS1 Comdty|RTY1 Index|RX1 Comdty|SE1 Curncy|SFI5 Comdty|SI1 Comdty|SM1 Index|TY1 Comdty|UXY1 Comdty|VG1 Index|W 1 Comdty|Z 1 Index,sub1M_40,all84
0.2819,0.1053,-0.4205,155,BO1 Comdty|CD1 Curncy|CT1 Comdty|EC1 Curncy|FV1 Comdty|G 1 Comdty|GX1 Index|HO1 Comdty|IK1 Comdty|JGS1 Index|JY1 Curncy|KW1 Comdty|LH1 Comdty|MES1 Index|NO1 Curncy|NO1 Index|NQ1 Index|NV1 Curncy|PL1 Comdty|PT1 Index|QC1 Comdty|QS1 Comdty|QW1 Comdty|S 1 Comdty|SB1 Comdty|SE1 Curncy|SF1 Curncy|SFI5 Comdty|SFR5 Comdty|SI1 Comdty|SM1 Comdty|SM1 Index|TP1 Index|TU1 Comdty|UB1 Comdty|US1 Comdty|W 1 Comdty|WN1 Comdty|XP1 Index|Z 1 Index,sub1M_40,all84
0.5844,0.4698,-0.0732,156,AD1 Curncy|BO1 Comdty|C 1 Comdty|CA1 Comdty|CD1 Curncy|CF1 Index|CT1 Comdty|CUA1 Comdty|DF1 Comdty|DM1 Index|ER4 Comdty|ES1 Index|FC1 Comdty|FV1 Comdty|GC1 Comdty|GX1 Index|HC1 Index|HG1 Comdty|HO1 Comdty|IK1 Comdty|IR4 Comdty|JGS1 Index|JY1 Curncy|KC1 Comdty|LH1 Comdty|NO1 Curncy|NV1 Curncy|PE1 Curncy|RS1 Comdty|RTY1 Index|SB1 Comdty|SE1 Curncy|SFI5 Comdty|SFR5 Comdty|TU1 Comdty|TWT1 Index|UXY1 Comdty|VG1 Index|XM1 Comdty|Z 1 Index,sub1M_40,all84
0.6009,0.5104,-0.3660,157,AD1 Curncy|BO1 Comdty|BP1 Curncy|C 1 Comdty|CA1 Comdty|CD1 Curncy|CN1 Comdty|CO1 Comdty|CT1 Comdty|DM1 Index|DU1 Comdty|EC1 Curncy|ES1 Index|FV1 Comdty|GC1 Comdty|GX1 Index|HC1 Index|HI1 Index|HO1 Comdty|IJ1 Comdty|IR4 Comdty|KC1 Comdty|LC1 Comdty|MES1 Index|NO1 Curncy|NQ1 Index|OAT1 Comdty|OE1 Comdty|QC1 Comdty|QC1 Index|RS1 Comdty|RTY1 Index|SCO1 Comdty|SE1 Curncy|SF1 Curncy|SFI5 Comdty|US1 Comdty|W 1 Comdty|WN1 Comdty|Z 1 Index,sub1M_40,all84
0.4498,0.1860,-0.3970,158,AD1 Curncy|BO1 Comdty|BP1 Curncy|C 1 Comdty|CA1 Comdty|CC1 Comdty|CF1 Index|CO1 Comdty|DF1 Comdty|DM1 Index|EC1 Curncy|EO1 Index|ES1 Index|FC1 Comdty|FV1 Comdty|HC1 Index|HG1 Comdty|IJ1 Comdty|IK1 Comdty|IR4 Comdty|JGS1 Index|JY1 Curncy|NG1 Comdty|NV1 Curncy|OAT1 Comdty|OE1 Comdty|PE1 Curncy|QC1 Comdty|RTY1 Index|RX1 Comdty|SB1 Comdty|SF1 Curncy|SFI5 Comdty|SFR5 Comdty|SI1 Comdty|TWT1 Index|US1 Comdty|VG1 Index|W 1 Comdty|XU1 Index,sub1M_40,all84
0.3669,0.1762,-0.4331,159,BO1 Comdty|BP1 Curncy|CC1 Comdty|CF1 Index|CL1 Comdty|CN1 Comdty|CO1 Comdty|DF1 Comdty|EC1 Curncy|ES1 Index|FC1 Comdty|GX1 Index|HC1 Index|HG1 Comdty|IJ1 Comdty|IR4 Comdty|JY1 Curncy|KW1 Comdty|LH1 Comdty|MWE1 Comdty|NO1 Curncy|NO1 Index|OAT1 Comdty|OE1 Comdty|PE1 Curncy|QC1 Index|QW1 Comdty|SB1 Comdty|SE1 Curncy|SF1 Curncy|SFI5 Comdty|SFR5 Comdty|SI1 Comdty|TP1 Index|TWT1 Index|UB1 Comdty|UXY1 Comdty|XM1 Comdty|XP1 Index|Z 1 Index,sub1M_40,all84
0.4039,0.2664,-0.5753,160,BO1 Comdty|BP1 Curncy|C 1 Comdty|CC1 Comdty|CD1 Curncy|CF1 Index|CN1 Comdty|CO1 Comdty|CT1 Comdty|DF1 Comdty|DU1 Comdty|EC1 Curncy|ER4 Comdty|HC1 Index|IR4 Comdty|JB1 Comdty|JGS1 Index|JY1 Curncy|KC1 Comdty|NO1 Index|NV1 Curncy|OAT1 Comdty|OE1 Comdty|PA1 Comdty|PE1 Curncy|QC1 Index|QS1 Comdty|QW1 Comdty|RTY1 Index|SB1 Comdty|SE1 Curncy|SFI5 Comdty|SFR5 Comdty|SI1 Comdty|SM1 Comdty|SM1 Index|TWT1 Index|VG1 Index|W 1 Comdty|XU1 Index,sub1M_40,all84
0.4996,0.2521,-0.3837,161,AD1 Curncy|BO1 Comdty|BP1 Curncy|C 1 Comdty|CA1 Comdty|CN1 Comdty|CT1 Comdty|CUA1 Comdty|DM1 Index|DU1 Comdty|EC1 Curncy|EO1 Index|FC1 Comdty|G 1 Comdty|GC1 Comdty|HO1 Comdty|JB1 Comdty|JGS1 Index|JY1 Curncy|KC1 Comdty|LH1 Comdty|MES1 Index|NO1 Curncy|NQ1 Index|NV1 Curncy|OAT1 Comdty|PL1 Comdty|QC1 Index|QW1 Comdty|RS1 Comdty|RTY1 Index|SB1 Comdty|SE1 Curncy|SFI5 Comdty|SM1 Index|UXY1 Comdty|WN1 Comdty|XM1 Comdty|XP1 Index|Z 1 Index,sub1M_40,all84
0.7113,0.6149,-0.8925,162,AD1 Curncy|BP1 Curncy|CD1 Curncy|CN1 Comdty|CO1 Comdty|CT1 Comdty|CUA1 Comdty|DF1 Comdty|DM1 Index|DU1 Comdty|EO1 Index|ES1 Index|FC1 Comdty|FV1 Comdty|G 1 Comdty|IJ1 Comdty|JB1 Comdty|JGS1 Index|JY1 Curncy|KC1 Comdty|NO1 Curncy|NO1 Index|NQ1 Index|PA1 Comdty|PE1 Curncy|PT1 Index|QC1 Comdty|QW1 Comdty|RTY1 Index|SB1 Comdty|SCO1 Comdty|SF1 Curncy|SFI5 Comdty|SFR5 Comdty|SM1 Comdty|W 1 Comdty|WN1 Comdty|XM1 Comdty|XU1 Index|Z 1 Index,sub1M_40,all84
0.4368,0.2955,-0.1150,163,AD1 Curncy|BO1 Comdty|BP1 Curncy|C 1 Comdty|CD1 Curncy|CF1 Index|CL1 Comdty|CO1 Comdty|CT1 Comdty|DM1 Index|EC1 Curncy|ER4 Comdty|ES1 Index|FC1 Comdty|FV1 Comdty|GC1 Comdty|IR4 Comdty|JB1 Comdty|JGS1 Index|MWE1 Comdty|NO1 Index|NQ1 Index|NV1 Curncy|PL1 Comdty|QC1 Comdty|RS1 Comdty|RTY1 Index|RX1 Comdty|SB1 Comdty|SE1 Curncy|SF1 Curncy|SFI5 Comdty|SFR5 Comdty|SM1 Comdty|SM1 Index|US1 Comdty|UXY1 Comdty|VG1 Index|W 1 Comdty|XU1 Index,sub1M_40,all84
0.4428,0.2581,-0.1330,164,AD1 Curncy|BO1 Comdty|BP1 Curncy|CA1 Comdty|CF1 Index|CT1 Comdty|DM1 Index|ER4 Comdty|FC1 Comdty|FV1 Comdty|GC1 Comdty|GX1 Index|HO1 Comdty|IJ1 Comdty|JB1 Comdty|JGS1 Index|JY1 Curncy|KW1 Comdty|MES1 Index|NO1 Curncy|NQ1 Index|NV1 Curncy|OAT1 Comdty|OE1 Comdty|QS1 Comdty|QW1 Comdty|S 1 Comdty|SB1 Comdty|SE1 Curncy|SF1 Curncy|SFI5 Comdty|SFR5 Comdty|SI1 Comdty|SM1 Comdty|TP1 Index|TWT1 Index|US1 Comdty|XM1 Comdty|XU1 Index|Z 1 Index,sub1M_40,all84
0.3314,0.0951,-0.2139,165,AD1 Curncy|BP1 Curncy|C 1 Comdty|CA1 Comdty|CC1 Comdty|CD1 Curncy|CF1 Index|CN1 Comdty|CT1 Comdty|CUA1 Comdty|DM1 Index|DU1 Comdty|ES1 Index|G 1 Comdty|GX1 Index|HC1 Index|HO1 Comdty|JY1 Curncy|KC1 Comdty|KW1 Comdty|LC1 Comdty|LH1 Comdty|MWE1 Comdty|NO1 Curncy|OAT1 Comdty|PE1 Curncy|PL1 Comdty|PT1 Index|RTY1 Index|S 1 Comdty|SF1 Curncy|SI1 Comdty|TU1 Comdty|TWT1 Index|TY1 Comdty|UB1 Comdty|US1 Comdty|VG1 Index|WN1 Comdty|Z 1 Index,sub1M_40,all84
0.4601,0.3778,0.1479,166,AD1 Curncy|BP1 Curncy|CA1 Comdty|CD1 Curncy|CL1 Comdty|EO1 Index|ER4 Comdty|FC1 Comdty|G 1 Comdty|GC1 Comdty|HG1 Comdty|HI1 Index|IJ1 Comdty|JY1 Curncy|LC1 Comdty|LH1 Comdty|MES1 Index|NO1 Index|PE1 Curncy|PT1 Index|QC1 Index|QW1 Comdty|RS1 Comdty|RX1 Comdty|S 1 Comdty|SB1 Comdty|SE1 Curncy|SF1 Curncy|SFR5 Comdty|TP1 Index|TU1 Comdty|TWT1 Index|TY1 Comdty|UB1 Comdty|US1 Comdty|UXY1 Comdty|W 1 Comdty|XB1 Comdty|XU1 Index|Z 1 Index,sub1M_40,all84
0.2600,0.0385,-0.3891,167,BO1 Comdty|BP1 Curncy|CD1 Curncy|CF1 Index|CN1 Comdty|CO1 Comdty|CT1 Comdty|DF1 Comdty|EC1 Curncy|EO1 Index|G 1 Comdty|GX1 Index|HI1 Index|JY1 Curncy|KC1 Comdty|KW1 Comdty|LH1 Comdty|MWE1 Comdty|NG1 Comdty|NV1 Curncy|PE1 Curncy|PL1 Comdty|PT1 Index|QW1 Comdty|RS1 Comdty|RTY1 Index|SB1 Comdty|SF1 Curncy|SFR5 Comdty|SI1 Comdty|SM1 Index|TU1 Comdty|TWT1 Index|TY1 Comdty|UB1 Comdty|UXY1 Comdty|VG1 Index|WN1 Comdty|XM1 Comdty|Z 1 Index,sub1M_40,all84
0.2494,0.2537,-0.6772,168,AD1 Curncy|BO1 Comdty|BP1 Curncy|CA1 Comdty|CT1 Comdty|DM1 Index|DU1 Comdty|EC1 Curncy|EO1 Index|FV1 Comdty|G 1 Comdty|HG1 Comdty|HI1 Index|HO1 Comdty|IJ1 Comdty|JGS1 Index|JY1 Curncy|LH1 Comdty|MES1 Index|NO1 Curncy|NV1 Curncy|OE1 Comdty|PA1 Comdty|PE1 Curncy|PT1 Index|QC1 Comdty|RS1 Comdty|RX1 Comdty|S 1 Comdty|SFR5 Comdty|SM1 Comdty|TP1 Index|TU1 Comdty|W 1 Comdty|WN1 Comdty|XB1 Comdty|XM1 Comdty|XP1 Index|XU1 Index|Z 1 Index,sub1M_40,all84
0.2780,0.1798,-0.3138,169,BO1 Comdty|BP1 Curncy|C 1 Comdty|CA1 Comdty|DM1 Index|DU1 Comdty|EC1 Curncy|EO1 Index|ES1 Index|FV1 Comdty|GC1 Comdty|GX1 Index|HG1 Comdty|HO1 Comdty|IJ1 Comdty|IK1 Comdty|IR4 Comdty|KW1 Comdty|MES1 Index|MWE1 Comdty|NO1 Curncy|NQ1 Index|NV1 Curncy|OAT1 Comdty|PE1 Curncy|PT1 Index|RS1 Comdty|RTY1 Index|RX1 Comdty|S 1 Comdty|SE1 Curncy|SF1 Curncy|SM1 Comdty|TY1 Comdty|W 1 Comdty|WN1 Comdty|XB1 Comdty|XM1 Comdty|XP1 Index|XU1 Index,sub1M_40,all84
0.4553,0.3961,0.2071,170,AD1 Curncy|BO1 Comdty|C 1 Comdty|CC1 Comdty|CD1 Curncy|CL1 Comdty|CN1 Comdty|CT1 Comdty|DF1 Comdty|DM1 Index|EC1 Curncy|EO1 Index|ES1 Index|FV1 Comdty|GC1 Comdty|IK1 Comdty|JGS1 Index|JY1 Curncy|NO1 Curncy|NO1 Index|NQ1 Index|PE1 Curncy|PL1 Comdty|PT1 Index|QC1 Comdty|QS1 Comdty|QW1 Comdty|RS1 Comdty|RTY1 Index|SE1 Curncy|SFR5 Comdty|SM1 Comdty|TU1 Comdty|TWT1 Index|TY1 Comdty|UB1 Comdty|W 1 Comdty|WN1 Comdty|XM1 Comdty|Z 1 Index,sub1M_40,all84
0.3047,0.2062,-0.1632,171,AD1 Curncy|C 1 Comdty|CA1 Comdty|CC1 Comdty|CF1 Index|CN1 Comdty|CT1 Comdty|DU1 Comdty|EC1 Curncy|ES1 Index|G 1 Comdty|GX1 Index|HC1 Index|HG1 Comdty|HI1 Index|HO1 Comdty|IJ1 Comdty|IK1 Comdty|JB1 Comdty|JGS1 Index|JY1 Curncy|LC1 Comdty|MES1 Index|MWE1 Comdty|NO1 Curncy|NV1 Curncy|PE1 Curncy|QC1 Comdty|QC1 Index|RS1 Comdty|SE1 Curncy|SFI5 Comdty|SFR5 Comdty|SI1 Comdty|SM1 Comdty|SM1 Index|TWT1 Index|TY1 Comdty|US1 Comdty|XB1 Comdty,sub1M_40,all84
0.5874,0.3679,-0.5112,172,AD1 Curncy|BP1 Curncy|CD1 Curncy|CF1 Index|CN1 Comdty|DU1 Comdty|ES1 Index|FC1 Comdty|FV1 Comdty|HC1 Index|IJ1 Comdty|IR4 Comdty|JB1 Comdty|JY1 Curncy|LH1 Comdty|MWE1 Comdty|NG1 Comdty|NQ1 Index|NV1 Curncy|PT1 Index|QC1 Comdty|QS1 Comdty|QW1 Comdty|RS1 Comdty|SB1 Comdty|SCO1 Comdty|SE1 Curncy|SF1 Curncy|SFR5 Comdty|SI1 Comdty|SM1 Comdty|TP1 Index|TWT1 Index|UB1 Comdty|VG1 Index|W 1 Comdty|WN1 Comdty|XM1 Comdty|XU1 Index|Z 1 Index,sub1M_40,all84
0.5118,0.3765,-0.7243,173,BO1 Comdty|BP1 Curncy|CC1 Comdty|CO1 Comdty|DF1 Comdty|DM1 Index|EC1 Curncy|ER4 Comdty|ES1 Index|G 1 Comdty|HC1 Index|IJ1 Comdty|IK1 Comdty|IR4 Comdty|JB1 Comdty|JGS1 Index|JY1 Curncy|KC1 Comdty|KW1 Comdty|MWE1 Comdty|NO1 Curncy|NO1 Index|NQ1 Index|OE1 Comdty|PE1 Curncy|PL1 Comdty|QC1 Comdty|RS1 Comdty|RTY1 Index|RX1 Comdty|SB1 Comdty|SCO1 Comdty|SE1 Curncy|SF1 Curncy|SM1 Index|TP1 Index|TU1 Comdty|UB1 Comdty|XB1 Comdty|Z 1 Index,sub1M_40,all84
0.5740,0.6782,-0.5449,174,BO1 Comdty|BP1 Curncy|CC1 Comdty|CD1 Curncy|CL1 Comdty|CN1 Comdty|DF1 Comdty|EC1 Curncy|EO1 Index|ER4 Comdty|ES1 Index|FC1 Comdty|HC1 Index|JB1 Comdty|JGS1 Index|JY1 Curncy|LC1 Comdty|MWE1 Comdty|NO1 Curncy|NO1 Index|OAT1 Comdty|PA1 Comdty|PE1 Curncy|QC1 Comdty|QC1 Index|QS1 Comdty|QW1 Comdty|S 1 Comdty|SCO1 Comdty|SE1 Curncy|SFI5 Comdty|SM1 Index|TP1 Index|TWT1 Index|TY1 Comdty|UB1 Comdty|US1 Comdty|W 1 Comdty|WN1 Comdty|Z 1 Index,sub1M_40,all84
0.5253,0.3168,-0.1069,175,BO1 Comdty|CC1 Comdty|CD1 Curncy|CF1 Index|CT1 Comdty|CUA1 Comdty|DM1 Index|EC1 Curncy|ER4 Comdty|ES1 Index|FC1 Comdty|FV1 Comdty|G 1 Comdty|GC1 Comdty|HC1 Index|IJ1 Comdty|IR4 Comdty|JY1 Curncy|KW1 Comdty|LH1 Comdty|MWE1 Comdty|NO1 Curncy|NO1 Index|NQ1 Index|NV1 Curncy|OAT1 Comdty|PE1 Curncy|PL1 Comdty|QW1 Comdty|SE1 Curncy|SFI5 Comdty|TP1 Index|TU1 Comdty|TY1 Comdty|US1 Comdty|VG1 Index|W 1 Comdty|XB1 Comdty|XU1 Index|Z 1 Index,sub1M_40,all84
0.8690,0.6166,-0.1882,176,BP1 Curncy|CD1 Curncy|CF1 Index|CN1 Comdty|CO1 Comdty|CUA1 Comdty|DF1 Comdty|DU1 Comdty|EC1 Curncy|ER4 Comdty|ES1 Index|FC1 Comdty|FV1 Comdty|GC1 Comdty|GX1 Index|IJ1 Comdty|JY1 Curncy|KW1 Comdty|LC1 Comdty|LH1 Comdty|MWE1 Comdty|NO1 Index|OAT1 Comdty|OE1 Comdty|PE1 Curncy|QC1 Index|QW1 Comdty|RTY1 Index|RX1 Comdty|SB1 Comdty|SCO1 Comdty|SE1 Curncy|SF1 Curncy|SFR5 Comdty|SM1 Comdty|SM1 Index|TP1 Index|TWT1 Index|UB1 Comdty|XP1 Index,sub1M_40,all84
0.3874,0.1653,-0.2157,177,AD1 Curncy|BP1 Curncy|CD1 Curncy|CN1 Comdty|EC1 Curncy|EO1 Index|ER4 Comdty|ES1 Index|FC1 Comdty|FV1 Comdty|GX1 Index|IR4 Comdty|JGS1 Index|JY1 Curncy|KW1 Comdty|LC1 Comdty|LH1 Comdty|MES1 Index|MWE1 Comdty|NG1 Comdty|NO1 Curncy|NQ1 Index|OE1 Comdty|PE1 Curncy|PL1 Comdty|QC1 Comdty|QS1 Comdty|RX1 Comdty|S 1 Comdty|SB1 Comdty|SFR5 Comdty|SI1 Comdty|SM1 Comdty|TP1 Index|TWT1 Index|TY1 Comdty|US1 Comdty|VG1 Index|W 1 Comdty|XP1 Index,sub1M_40,all84
0.3628,0.2605,-0.3792,178,AD1 Curncy|BP1 Curncy|C 1 Comdty|CA1 Comdty|CC1 Comdty|CD1 Curncy|CN1 Comdty|CO1 Comdty|EC1 Curncy|ER4 Comdty|FV1 Comdty|GX1 Index|HG1 Comdty|IK1 Comdty|JB1 Comdty|JGS1 Index|JY1 Curncy|KC1 Comdty|LC1 Comdty|LH1 Comdty|MWE1 Comdty|NQ1 Index|PE1 Curncy|PL1 Comdty|PT1 Index|QC1 Index|QW1 Comdty|RS1 Comdty|RX1 Comdty|SB1 Comdty|SE1 Curncy|SFI5 Comdty|TP1 Index|TWT1 Index|TY1 Comdty|US1 Comdty|VG1 Index|XB1 Comdty|XP1 Index|Z 1 Index,sub1M_40,all84
0.4482,0.2296,0.3269,179,AD1 Curncy|BP1 Curncy|CA1 Comdty|CC1 Comdty|CD1 Curncy|CN1 Comdty|DF1 Comdty|DM1 Index|FC1 Comdty|GC1 Comdty|GX1 Index|HC1 Index|HI1 Index|IJ1 Comdty|IR4 Comdty|JGS1 Index|JY1 Curncy|KW1 Comdty|LH1 Comdty|NG1 Comdty|NO1 Index|OE1 Comdty|PE1 Curncy|QC1 Comdty|QW1 Comdty|RTY1 Index|SB1 Comdty|SE1 Curncy|SF1 Curncy|SI1 Comdty|SM1 Index|TP1 Index|TU1 Comdty|TY1 Comdty|UB1 Comdty|UXY1 Comdty|WN1 Comdty|XB1 Comdty|XM1 Comdty|XU1 Index,sub1M_40,all84
0.4447,0.4101,0.0855,180,BP1 Curncy|CA1 Comdty|CC1 Comdty|CD1 Curncy|CF1 Index|CL1 Comdty|CN1 Comdty|DF1 Comdty|DM1 Index|EC1 Curncy|ER4 Comdty|ES1 Index|FC1 Comdty|GC1 Comdty|JY1 Curncy|KW1 Comdty|LH1 Comdty|MES1 Index|MWE1 Comdty|NO1 Curncy|NV1 Curncy|OE1 Comdty|PE1 Curncy|PL1 Comdty|PT1 Index|QS1 Comdty|RS1 Comdty|S 1 Comdty|SB1 Comdty|SFI5 Comdty|SFR5 Comdty|TU1 Comdty|TWT1 Index|TY1 Comdty|VG1 Index|WN1 Comdty|XM1 Comdty|XP1 Index|XU1 Index|Z 1 Index,sub1M_40,all84
0.5184,0.3883,-0.9744,181,AD1 Curncy|BP1 Curncy|CA1 Comdty|CC1 Comdty|CD1 Curncy|CF1 Index|CN1 Comdty|CUA1 Comdty|DF1 Comdty|DM1 Index|FC1 Comdty|GX1 Index|HI1 Index|IJ1 Comdty|IK1 Comdty|IR4 Comdty|JGS1 Index|JY1 Curncy|KC1 Comdty|KW1 Comdty|LC1 Comdty|NO1 Curncy|NO1 Index|NV1 Curncy|OAT1 Comdty|PL1 Comdty|QC1 Index|QW1 Comdty|RTY1 Index|SCO1 Comdty|SF1 Curncy|SFI5 Comdty|SFR5 Comdty|SM1 Comdty|SM1 Index|TY1 Comdty|WN1 Comdty|XB1 Comdty|XM1 Comdty|XU1 Index,sub1M_40,all84
0.5295,0.4705,-0.0029,182,BP1 Curncy|CA1 Comdty|CD1 Curncy|CL1 Comdty|DF1 Comdty|EO1 Index|ER4 Comdty|ES1 Index|FC1 Comdty|FV1 Comdty|GC1 Comdty|HC1 Index|HI1 Index|HO1 Comdty|IK1 Comdty|IR4 Comdty|JGS1 Index|JY1 Curncy|LH1 Comdty|NQ1 Index|NV1 Curncy|OE1 Comdty|PA1 Comdty|PE1 Curncy|QC1 Comdty|QC1 Index|QW1 Comdty|RTY1 Index|RX1 Comdty|S 1 Comdty|SB1 Comdty|SE1 Curncy|SF1 Curncy|SFI5 Comdty|SM1 Comdty|TP1 Index|TY1 Comdty|UB1 Comdty|W 1 Comdty|XP1 Index,sub1M_40,all84
0.6022,0.4013,-0.3361,183,AD1 Curncy|CA1 Comdty|CF1 Index|CL1 Comdty|DU1 Comdty|EC1 Curncy|GX1 Index|JY1 Curncy|KC1 Comdty|LC1 Comdty|LH1 Comdty|MES1 Index|MWE1 Comdty|NG1 Comdty|NO1 Curncy|NO1 Index|NV1 Curncy|OAT1 Comdty|PE1 Curncy|PT1 Index|QC1 Comdty|QC1 Index|RS1 Comdty|RTY1 Index|RX1 Comdty|SB1 Comdty|SCO1 Comdty|SE1 Curncy|SFR5 Comdty|SI1 Comdty|SM1 Comdty|SM1 Index|TU1 Comdty|TWT1 Index|TY1 Comdty|US1 Comdty|UXY1 Comdty|W 1 Comdty|WN1 Comdty|XP1 Index,sub1M_40,all84
0.3309,0.2939,-1.0011,184,AD1 Curncy|BO1 Comdty|BP1 Curncy|CA1 Comdty|CF1 Index|CT1 Comdty|DF1 Comdty|DM1 Index|DU1 Comdty|EO1 Index|ER4 Comdty|FC1 Comdty|FV1 Comdty|G 1 Comdty|GX1 Index|HC1 Index|HI1 Index|HO1 Comdty|IJ1 Comdty|IK1 Comdty|JB1 Comdty|JGS1 Index|KW1 Comdty|LC1 Comdty|NO1 Curncy|NV1 Curncy|PE1 Curncy|PL1 Comdty|QS1 Comdty|RTY1 Index|RX1 Comdty|S 1 Comdty|SB1 Comdty|SCO1 Comdty|SE1 Curncy|SF1 Curncy|SM1 Index|TY1 Comdty|US1 Comdty|XP1 Index,sub1M_40,all84
0.2878,0.1705,-0.4825,185,AD1 Curncy|C 1 Comdty|CA1 Comdty|CD1 Curncy|CN1 Comdty|CO1 Comdty|DU1 Comdty|EC1 Curncy|FV1 Comdty|G 1 Comdty|HC1 Index|HG1 Comdty|HI1 Index|HO1 Comdty|IJ1 Comdty|JGS1 Index|JY1 Curncy|KC1 Comdty|KW1 Comdty|LC1 Comdty|LH1 Comdty|MES1 Index|NO1 Curncy|NQ1 Index|OAT1 Comdty|PE1 Curncy|PL1 Comdty|PT1 Index|QC1 Comdty|QC1 Index|RS1 Comdty|SB1 Comdty|SF1 Curncy|SFR5 Comdty|SM1 Index|TY1 Comdty|UB1 Comdty|VG1 Index|WN1 Comdty|XU1 Index,sub1M_40,all84
0.4741,0.4852,-0.8730,186,AD1 Curncy|BP1 Curncy|C 1 Comdty|CA1 Comdty|CD1 Curncy|CT1 Comdty|DF1 Comdty|DM1 Index|EC1 Curncy|ER4 Comdty|ES1 Index|G 1 Comdty|HG1 Comdty|HI1 Index|HO1 Comdty|IJ1 Comdty|IK1 Comdty|IR4 Comdty|JGS1 Index|KW1 Comdty|LH1 Comdty|NQ1 Index|NV1 Curncy|OE1 Comdty|PE1 Curncy|PT1 Index|QS1 Comdty|QW1 Comdty|RX1 Comdty|SCO1 Comdty|SF1 Curncy|SFI5 Comdty|SM1 Comdty|TP1 Index|TU1 Comdty|TWT1 Index|UXY1 Comdty|W 1 Comdty|XP1 Index|XU1 Index,sub1M_40,all84
0.3059,0.1261,-0.2842,187,AD1 Curncy|BO1 Comdty|C 1 Comdty|CA1 Comdty|CT1 Comdty|DM1 Index|DU1 Comdty|EC1 Curncy|FC1 Comdty|FV1 Comdty|JB1 Comdty|JGS1 Index|KC1 Comdty|KW1 Comdty|LH1 Comdty|MES1 Index|MWE1 Comdty|NG1 Comdty|NO1 Curncy|NO1 Index|NV1 Curncy|OE1 Comdty|PA1 Comdty|PE1 Curncy|QC1 Index|RTY1 Index|S 1 Comdty|SE1 Curncy|SF1 Curncy|SI1 Comdty|SM1 Index|TU1 Comdty|TWT1 Index|US1 Comdty|UXY1 Comdty|WN1 Comdty|XB1 Comdty|XM1 Comdty|XU1 Index|Z 1 Index,sub1M_40,all84
0.2221,0.0206,-0.4825,188,BO1 Comdty|BP1 Curncy|CF1 Index|DF1 Comdty|EC1 Curncy|FV1 Comdty|GX1 Index|HI1 Index|JB1 Comdty|JGS1 Index|LC1 Comdty|LH1 Comdty|MWE1 Comdty|NO1 Curncy|NV1 Curncy|OE1 Comdty|PE1 Curncy|PL1 Comdty|PT1 Index|QC1 Comdty|QS1 Comdty|RX1 Comdty|S 1 Comdty|SB1 Comdty|SE1 Curncy|SF1 Curncy|SFI5 Comdty|SI1 Comdty|SM1 Comdty|TP1 Index|TU1 Comdty|TWT1 Index|UB1 Comdty|UXY1 Comdty|VG1 Index|W 1 Comdty|XB1 Comdty|XM1 Comdty|XU1 Index|Z 1 Index,sub1M_40,all84
0.5621,0.4978,0.0363,189,AD1 Curncy|BO1 Comdty|CF1 Index|CL1 Comdty|CN1 Comdty|CT1 Comdty|DF1 Comdty|EC1 Curncy|EO1 Index|ER4 Comdty|ES1 Index|FC1 Comdty|GC1 Comdty|IJ1 Comdty|IK1 Comdty|JY1 Curncy|LC1 Comdty|MES1 Index|NO1 Curncy|NO1 Index|NV1 Curncy|PA1 Comdty|PE1 Curncy|PT1 Index|QC1 Comdty|QC1 Index|RS1 Comdty|S 1 Comdty|SB1 Comdty|SE1 Curncy|SFI5 Comdty|SFR5 Comdty|SM1 Index|TP1 Index|TWT1 Index|TY1 Comdty|UB1 Comdty|US1 Comdty|UXY1 Comdty|XB1 Comdty,sub1M_40,all84
0.7106,0.5358,-0.7450,190,BO1 Comdty|BP1 Curncy|C 1 Comdty|CD1 Curncy|CF1 Index|CN1 Comdty|CO1 Comdty|CT1 Comdty|CUA1 Comdty|DF1 Comdty|EC1 Curncy|ER4 Comdty|ES1 Index|FC1 Comdty|GX1 Index|HG1 Comdty|JB1 Comdty|JGS1 Index|JY1 Curncy|KC1 Comdty|KW1 Comdty|MES1 Index|NV1 Curncy|OAT1 Comdty|OE1 Comdty|PE1 Curncy|PT1 Index|QC1 Comdty|SB1 Comdty|SCO1 Comdty|SE1 Curncy|SFR5 Comdty|SM1 Index|TP1 Index|TWT1 Index|TY1 Comdty|US1 Comdty|UXY1 Comdty|W 1 Comdty|XP1 Index,sub1M_40,all84
0.4659,0.3227,-0.0546,191,AD1 Curncy|BO1 Comdty|BP1 Curncy|CA1 Comdty|CD1 Curncy|CF1 Index|CL1 Comdty|CO1 Comdty|CT1 Comdty|DF1 Comdty|DM1 Index|EC1 Curncy|EO1 Index|ER4 Comdty|FV1 Comdty|G 1 Comdty|GC1 Comdty|JGS1 Index|JY1 Curncy|KC1 Comdty|MES1 Index|NO1 Curncy|NQ1 Index|NV1 Curncy|OE1 Comdty|QC1 Comdty|QW1 Comdty|RTY1 Index|RX1 Comdty|S 1 Comdty|SB1 Comdty|SFI5 Comdty|SFR5 Comdty|SI1 Comdty|SM1 Comdty|SM1 Index|TP1 Index|TU1 Comdty|TY1 Comdty|VG1 Index,sub1M_40,all84
0.4346,0.4214,-0.9497,192,AD1 Curncy|BO1 Comdty|BP1 Curncy|C 1 Comdty|CF1 Index|CN1 Comdty|CO1 Comdty|DF1 Comdty|DM1 Index|EC1 Curncy|ES1 Index|FC1 Comdty|GX1 Index|HG1 Comdty|IJ1 Comdty|IR4 Comdty|JB1 Comdty|JGS1 Index|KC1 Comdty|LC1 Comdty|MES1 Index|NO1 Curncy|OAT1 Comdty|PE1 Curncy|QS1 Comdty|RS1 Comdty|RTY1 Index|SB1 Comdty|SCO1 Comdty|SE1 Curncy|SF1 Curncy|SM1 Comdty|TU1 Comdty|TWT1 Index|US1 Comdty|UXY1 Comdty|WN1 Comdty|XM1 Comdty|XP1 Index|XU1 Index,sub1M_40,all84
0.4365,0.3126,-0.4598,193,BO1 Comdty|BP1 Curncy|CA1 Comdty|CC1 Comdty|CD1 Curncy|CN1 Comdty|CO1 Comdty|DF1 Comdty|EC1 Curncy|EO1 Index|ER4 Comdty|ES1 Index|FC1 Comdty|G 1 Comdty|HC1 Index|HO1 Comdty|IK1 Comdty|JB1 Comdty|JGS1 Index|JY1 Curncy|KC1 Comdty|KW1 Comdty|MES1 Index|NO1 Curncy|NO1 Index|NV1 Curncy|OAT1 Comdty|PA1 Comdty|PE1 Curncy|QC1 Index|QW1 Comdty|S 1 Comdty|SFI5 Comdty|SI1 Comdty|SM1 Comdty|TU1 Comdty|TWT1 Index|UB1 Comdty|VG1 Index|Z 1 Index,sub1M_40,all84
0.4237,0.2278,0.2453,194,BO1 Comdty|BP1 Curncy|CC1 Comdty|CD1 Curncy|CF1 Index|DF1 Comdty|DM1 Index|FV1 Comdty|G 1 Comdty|GC1 Comdty|GX1 Index|HC1 Index|HI1 Index|IK1 Comdty|JB1 Comdty|JGS1 Index|JY1 Curncy|KC1 Comdty|KW1 Comdty|LC1 Comdty|NO1 Curncy|NO1 Index|NQ1 Index|NV1 Curncy|PE1 Curncy|QC1 Comdty|QS1 Comdty|QW1 Comdty|RS1 Comdty|RTY1 Index|RX1 Comdty|SB1 Comdty|SF1 Curncy|SI1 Comdty|TU1 Comdty|TY1 Comdty|UB1 Comdty|WN1 Comdty|XB1 Comdty|XP1 Index,sub1M_40,all84
0.4227,0.2909,-1.0777,195,BP1 Curncy|CC1 Comdty|CD1 Curncy|CF1 Index|CN1 Comdty|CT1 Comdty|CUA1 Comdty|DF1 Comdty|DM1 Index|ER4 Comdty|G 1 Comdty|HC1 Index|HG1 Comdty|HI1 Index|IR4 Comdty|JY1 Curncy|KC1 Comdty|KW1 Comdty|MES1 Index|NG1 Comdty|NO1 Curncy|NQ1 Index|NV1 Curncy|PE1 Curncy|QC1 Comdty|QC1 Index|QW1 Comdty|RX1 Comdty|S 1 Comdty|SB1 Comdty|SCO1 Comdty|SF1 Curncy|SFR5 Comdty|SM1 Comdty|TY1 Comdty|UXY1 Comdty|VG1 Index|XM1 Comdty|XP1 Index|Z 1 Index,sub1M_40,all84
0.7211,0.3896,-0.9839,196,AD1 Curncy|BO1 Comdty|CD1 Curncy|CF1 Index|CO1 Comdty|CT1 Comdty|CUA1 Comdty|DU1 Comdty|EC1 Curncy|ER4 Comdty|G 1 Comdty|HC1 Index|IK1 Comdty|IR4 Comdty|JGS1 Index|JY1 Curncy|KW1 Comdty|LC1 Comdty|LH1 Comdty|MES1 Index|MWE1 Comdty|NO1 Curncy|NO1 Index|NQ1 Index|NV1 Curncy|OAT1 Comdty|QC1 Comdty|RS1 Comdty|RTY1 Index|SB1 Comdty|SCO1 Comdty|SE1 Curncy|SFI5 Comdty|SI1 Comdty|TP1 Index|UB1 Comdty|UXY1 Comdty|W 1 Comdty|XP1 Index|Z 1 Index,sub1M_40,all84
0.2071,0.1781,-0.5407,197,AD1 Curncy|BP1 Curncy|C 1 Comdty|CA1 Comdty|CD1 Curncy|CN1 Comdty|CT1 Comdty|DF1 Comdty|DM1 Index|DU1 Comdty|EC1 Curncy|EO1 Index|FV1 Comdty|HC1 Index|HG1 Comdty|IR4 Comdty|JB1 Comdty|JGS1 Index|JY1 Curncy|KW1 Comdty|MWE1 Comdty|NG1 Comdty|NQ1 Index|NV1 Curncy|PL1 Comdty|QC1 Comdty|QC1 Index|QS1 Comdty|S 1 Comdty|SB1 Comdty|SE1 Curncy|SFI5 Comdty|SM1 Index|TU1 Comdty|US1 Comdty|UXY1 Comdty|VG1 Index|W 1 Comdty|XP1 Index|XU1 Index,sub1M_40,all84
0.5603,0.2309,-0.7725,198,AD1 Curncy|BO1 Comdty|BP1 Curncy|C 1 Comdty|CF1 Index|CN1 Comdty|CUA1 Comdty|DF1 Comdty|EC1 Curncy|ER4 Comdty|FC1 Comdty|FV1 Comdty|HO1 Comdty|IJ1 Comdty|IK1 Comdty|JB1 Comdty|JY1 Curncy|KC1 Comdty|KW1 Comdty|LC1 Comdty|NO1 Curncy|NO1 Index|OAT1 Comdty|OE1 Comdty|PE1 Curncy|PT1 Index|QC1 Index|RTY1 Index|S 1 Comdty|SCO1 Comdty|SF1 Curncy|SI1 Comdty|SM1 Comdty|SM1 Index|TP1 Index|UB1 Comdty|VG1 Index|XM1 Comdty|XP1 Index|XU1 Index,sub1M_40,all84
0.3609,0.3142,-0.6806,199,AD1 Curncy|BP1 Curncy|CA1 Comdty|CF1 Index|CN1 Comdty|CO1 Comdty|DF1 Comdty|DU1 Comdty|EC1 Curncy|EO1 Index|ES1 Index|FV1 Comdty|HC1 Index|HG1 Comdty|IJ1 Comdty|JGS1 Index|JY1 Curncy|KC1 Comdty|KW1 Comdty|MES1 Index|MWE1 Comdty|NO1 Index|NQ1 Index|NV1 Curncy|OE1 Comdty|PA1 Comdty|PE1 Curncy|QC1 Comdty|QS1 Comdty|QW1 Comdty|RS1 Comdty|RX1 Comdty|S 1 Comdty|SF1 Curncy|SFI5 Comdty|SFR5 Comdty|TU1 Comdty|XM1 Comdty|XP1 Index|Z 1 Index,sub1M_40,all84
0.4650,0.2567,-0.8257,200,AD1 Curncy|BO1 Comdty|BP1 Curncy|C 1 Comdty|CD1 Curncy|CUA1 Comdty|DF1 Comdty|DM1 Index|DU1 Comdty|EO1 Index|GX1 Index|HO1 Comdty|IJ1 Comdty|IR4 Comdty|JB1 Comdty|KC1 Comdty|KW1 Comdty|LC1 Comdty|MES1 Index|NV1 Curncy|OAT1 Comdty|PE1 Curncy|QC1 Index|QW1 Comdty|RS1 Comdty|RTY1 Index|S 1 Comdty|SCO1 Comdty|SE1 Curncy|SF1 Curncy|SFI5 Comdty|SI1 Comdty|TP1 Index|TWT1 Index|UB1 Comdty|UXY1 Comdty|VG1 Index|WN1 Comdty|XM1 Comdty|XP1 Index,sub1M_40,all84
0.5504,0.4356,-0.0907,201,AD1 Curncy|BP1 Curncy|C 1 Comdty|CA1 Comdty|CC1 Comdty|CD1 Curncy|CF1 Index|CN1 Comdty|CT1 Comdty|CUA1 Comdty|DM1 Index|DU1 Comdty|EC1 Curncy|EO1 Index|FC1 Comdty|G 1 Comdty|GC1 Comdty|HC1 Index|HG1 Comdty|HO1 Comdty|IR4 Comdty|JGS1 Index|MES1 Index|MWE1 Comdty|NQ1 Index|NV1 Curncy|OE1 Comdty|PE1 Curncy|PT1 Index|QW1 Comdty|RS1 Comdty|S 1 Comdty|SB1 Comdty|SE1 Curncy|SFI5 Comdty|SFR5 Comdty|TWT1 Index|TY1 Comdty|UXY1 Comdty|VG1 Index,sub1M_40,all84
0.4606,0.2296,-0.4556,202,AD1 Curncy|BO1 Comdty|C 1 Comdty|CA1 Comdty|CC1 Comdty|CD1 Curncy|CF1 Index|CN1 Comdty|CT1 Comdty|EC1 Curncy|EO1 Index|ES1 Index|FC1 Comdty|FV1 Comdty|HC1 Index|IK1 Comdty|IR4 Comdty|JB1 Comdty|KW1 Comdty|LH1 Comdty|MES1 Index|NG1 Comdty|NO1 Curncy|NO1 Index|PE1 Curncy|PT1 Index|QW1 Comdty|RX1 Comdty|SCO1 Comdty|SE1 Curncy|SF1 Curncy|SI1 Comdty|SM1 Comdty|TP1 Index|US1 Comdty|UXY1 Comdty|VG1 Index|XB1 Comdty|XM1 Comdty|Z 1 Index,sub1M_40,all84
0.4485,0.1443,0.0304,203,AD1 Curncy|C 1 Comdty|CD1 Curncy|CF1 Index|CO1 Comdty|CT1 Comdty|DU1 Comdty|ES1 Index|FC1 Comdty|G 1 Comdty|GC1 Comdty|GX1 Index|HI1 Index|IJ1 Comdty|IK1 Comdty|JGS1 Index|JY1 Curncy|KC1 Comdty|LC1 Comdty|LH1 Comdty|NO1 Curncy|NO1 Index|NQ1 Index|NV1 Curncy|OE1 Comdty|QC1 Index|RS1 Comdty|RTY1 Index|RX1 Comdty|SE1 Curncy|SF1 Curncy|SFR5 Comdty|SI1 Comdty|SM1 Comdty|TY1 Comdty|W 1 Comdty|WN1 Comdty|XB1 Comdty|XM1 Comdty|Z 1 Index,sub1M_40,all84
0.6162,0.4858,-0.2331,204,AD1 Curncy|BP1 Curncy|C 1 Comdty|CA1 Comdty|CD1 Curncy|CF1 Index|CUA1 Comdty|DF1 Comdty|DM1 Index|G 1 Comdty|GC1 Comdty|HI1 Index|IJ1 Comdty|IR4 Comdty|JY1 Curncy|KC1 Comdty|KW1 Comdty|NO1 Curncy|OAT1 Comdty|PA1 Comdty|PE1 Curncy|PT1 Index|QS1 Comdty|QW1 Comdty|RS1 Comdty|SB1 Comdty|SF1 Curncy|SFI5 Comdty|SM1 Index|TP1 Index|TU1 Comdty|TWT1 Index|US1 Comdty|UXY1 Comdty|W 1 Comdty|WN1 Comdty|XM1 Comdty|XP1 Index|XU1 Index|Z 1 Index,sub1M_40,all84
0.6570,0.4782,-1.0241,205,AD1 Curncy|BO1 Comdty|BP1 Curncy|CA1 Comdty|CT1 Comdty|CUA1 Comdty|DM1 Index|DU1 Comdty|EC1 Curncy|EO1 Index|FV1 Comdty|G 1 Comdty|HG1 Comdty|JGS1 Index|JY1 Curncy|KW1 Comdty|LH1 Comdty|MWE1 Comdty|NO1 Index|NQ1 Index|NV1 Curncy|OAT1 Comdty|QC1 Index|QS1 Comdty|QW1 Comdty|RS1 Comdty|RTY1 Index|RX1 Comdty|S 1 Comdty|SB1 Comdty|SCO1 Comdty|SE1 Curncy|SF1 Curncy|SFR5 Comdty|TP1 Index|TY1 Comdty|UB1 Comdty|XM1 Comdty|XU1 Index|Z 1 Index,sub1M_40,all84
0.4401,0.2700,-0.1032,206,AD1 Curncy|BP1 Curncy|CD1 Curncy|CF1 Index|CO1 Comdty|CT1 Comdty|DM1 Index|EC1 Curncy|EO1 Index|ES1 Index|FV1 Comdty|G 1 Comdty|GC1 Comdty|GX1 Index|HC1 Index|HO1 Comdty|IJ1 Comdty|IR4 Comdty|JY1 Curncy|KC1 Comdty|KW1 Comdty|LC1 Comdty|LH1 Comdty|MWE1 Comdty|NQ1 Index|OAT1 Comdty|OE1 Comdty|RS1 Comdty|S 1 Comdty|SB1 Comdty|SE1 Curncy|SF1 Curncy|SFI5 Comdty|SI1 Comdty|TU1 Comdty|US1 Comdty|VG1 Index|XM1 Comdty|XU1 Index|Z 1 Index,sub1M_40,all84
0.5647,0.4215,-0.4829,207,AD1 Curncy|BO1 Comdty|BP1 Curncy|CA1 Comdty|CC1 Comdty|CUA1 Comdty|DF1 Comdty|EC1 Curncy|ES1 Index|GX1 Index|HG1 Comdty|HI1 Index|HO1 Comdty|IK1 Comdty|JB1 Comdty|JY1 Curncy|LC1 Comdty|MES1 Index|NO1 Curncy|NO1 Index|OAT1 Comdty|OE1 Comdty|PA1 Comdty|PT1 Index|QC1 Comdty|QC1 Index|QW1 Comdty|RS1 Comdty|SE1 Curncy|SF1 Curncy|SFI5 Comdty|SM1 Comdty|TP1 Index|TU1 Comdty|TWT1 Index|TY1 Comdty|UB1 Comdty|W 1 Comdty|XM1 Comdty|Z 1 Index,sub1M_40,all84
0.4526,0.3499,-0.0809,208,AD1 Curncy|CA1 Comdty|CD1 Curncy|EC1 Curncy|ER4 Comdty|G 1 Comdty|GC1 Comdty|GX1 Index|HC1 Index|HG1 Comdty|HO1 Comdty|IK1 Comdty|JY1 Curncy|KC1 Comdty|KW1 Comdty|LH1 Comdty|MES1 Index|NO1 Curncy|NO1 Index|NQ1 Index|NV1 Curncy|OAT1 Comdty|OE1 Comdty|QC1 Comdty|QC1 Index|QW1 Comdty|RS1 Comdty|SB1 Comdty|SE1 Curncy|SFI5 Comdty|SFR5 Comdty|SM1 Comdty|TWT1 Index|US1 Comdty|UXY1 Comdty|VG1 Index|W 1 Comdty|XB1 Comdty|XP1 Index|XU1 Index,sub1M_40,all84
0.3527,0.1639,-0.0292,209,AD1 Curncy|BP1 Curncy|CA1 Comdty|CL1 Comdty|DF1 Comdty|DM1 Index|DU1 Comdty|FC1 Comdty|FV1 Comdty|G 1 Comdty|GC1 Comdty|GX1 Index|IJ1 Comdty|IK1 Comdty|JGS1 Index|JY1 Curncy|LC1 Comdty|MES1 Index|NG1 Comdty|NO1 Curncy|PE1 Curncy|PL1 Comdty|PT1 Index|QC1 Index|QW1 Comdty|RS1 Comdty|RX1 Comdty|S 1 Comdty|SE1 Curncy|SF1 Curncy|SM1 Comdty|TU1 Comdty|TWT1 Index|TY1 Comdty|UB1 Comdty|VG1 Index|W 1 Comdty|WN1 Comdty|XP1 Index|Z 1 Index,sub1M_40,all84
0.4911,0.3504,0.1913,210,AD1 Curncy|BO1 Comdty|BP1 Curncy|CD1 Curncy|CL1 Comdty|DM1 Index|DU1 Comdty|EC1 Curncy|ES1 Index|FV1 Comdty|GC1 Comdty|GX1 Index|IR4 Comdty|JY1 Curncy|KC1 Comdty|KW1 Comdty|LC1 Comdty|MWE1 Comdty|NO1 Index|NV1 Curncy|OAT1 Comdty|PE1 Curncy|PT1 Index|QC1 Comdty|QC1 Index|QS1 Comdty|QW1 Comdty|RTY1 Index|RX1 Comdty|S 1 Comdty|SB1 Comdty|SFI5 Comdty|SFR5 Comdty|SI1 Comdty|SM1 Comdty|TU1 Comdty|TWT1 Index|VG1 Index|WN1 Comdty|XP1 Index,sub1M_40,all84
0.7475,0.6648,-0.2869,211,BO1 Comdty|BP1 Curncy|C 1 Comdty|CA1 Comdty|CD1 Curncy|CF1 Index|CL1 Comdty|CN1 Comdty|CT1 Comdty|EO1 Index|ES1 Index|G 1 Comdty|GC1 Comdty|HI1 Index|JGS1 Index|JY1 Curncy|KC1 Comdty|LC1 Comdty|LH1 Comdty|MWE1 Comdty|NO1 Curncy|NO1 Index|NQ1 Index|NV1 Curncy|OAT1 Comdty|PE1 Curncy|PT1 Index|QS1 Comdty|RS1 Comdty|RTY1 Index|RX1 Comdty|SB1 Comdty|SCO1 Comdty|SE1 Curncy|SFI5 Comdty|SFR5 Comdty|SM1 Index|US1 Comdty|UXY1 Comdty|XM1 Comdty,sub1M_40,all84
0.5103,0.3033,-0.7242,212,AD1 Curncy|BO1 Comdty|C 1 Comdty|CA1 Comdty|CD1 Curncy|CF1 Index|CL1 Comdty|CO1 Comdty|DM1 Index|EC1 Curncy|EO1 Index|FV1 Comdty|HC1 Index|HI1 Index|IJ1 Comdty|JB1 Comdty|JY1 Curncy|KC1 Comdty|KW1 Comdty|LC1 Comdty|LH1 Comdty|MES1 Index|NV1 Curncy|OE1 Comdty|QC1 Index|RS1 Comdty|RX1 Comdty|SB1 Comdty|SCO1 Comdty|SE1 Curncy|SF1 Curncy|SFR5 Comdty|SI1 Comdty|SM1 Index|UB1 Comdty|US1 Comdty|UXY1 Comdty|VG1 Index|XM1 Comdty|XP1 Index,sub1M_40,all84
0.7617,0.7697,-0.4615,213,AD1 Curncy|CA1 Comdty|CC1 Comdty|CD1 Curncy|CF1 Index|CN1 Comdty|CUA1 Comdty|DF1 Comdty|EC1 Curncy|EO1 Index|ER4 Comdty|ES1 Index|FC1 Comdty|FV1 Comdty|G 1 Comdty|HC1 Index|HO1 Comdty|IR4 Comdty|JY1 Curncy|KC1 Comdty|KW1 Comdty|LH1 Comdty|MES1 Index|NO1 Curncy|NO1 Index|OE1 Comdty|PA1 Comdty|PE1 Curncy|PT1 Index|QC1 Comdty|QW1 Comdty|RS1 Comdty|SCO1 Comdty|SF1 Curncy|SFR5 Comdty|TP1 Index|US1 Comdty|VG1 Index|XM1 Comdty|XU1 Index,sub1M_40,all84
0.5107,0.2728,-0.1430,214,AD1 Curncy|BO1 Comdty|C 1 Comdty|CA1 Comdty|CC1 Comdty|CF1 Index|CT1 Comdty|CUA1 Comdty|DF1 Comdty|EC1 Curncy|ER4 Comdty|ES1 Index|FV1 Comdty|G 1 Comdty|GC1 Comdty|HC1 Index|HG1 Comdty|HI1 Index|IJ1 Comdty|IR4 Comdty|JB1 Comdty|LH1 Comdty|MWE1 Comdty|NG1 Comdty|NO1 Curncy|NV1 Curncy|OE1 Comdty|PE1 Curncy|PT1 Index|RS1 Comdty|RTY1 Index|SE1 Curncy|SF1 Curncy|TP1 Index|UB1 Comdty|US1 Comdty|VG1 Index|XM1 Comdty|XP1 Index|Z 1 Index,sub1M_40,all84
0.3850,0.1938,-0.4801,215,BP1 Curncy|CF1 Index|CT1 Comdty|EC1 Curncy|EO1 Index|ER4 Comdty|ES1 Index|G 1 Comdty|HO1 Comdty|IJ1 Comdty|IK1 Comdty|JY1 Curncy|LH1 Comdty|MES1 Index|MWE1 Comdty|NG1 Comdty|NO1 Index|NV1 Curncy|OAT1 Comdty|OE1 Comdty|PA1 Comdty|PE1 Curncy|QC1 Comdty|QC1 Index|QW1 Comdty|RS1 Comdty|RX1 Comdty|S 1 Comdty|SB1 Comdty|SE1 Curncy|SF1 Curncy|SI1 Comdty|SM1 Comdty|TP1 Index|TU1 Comdty|TY1 Comdty|US1 Comdty|VG1 Index|XP1 Index|Z 1 Index,sub1M_40,all84
0.5178,0.5010,-1.3519,216,AD1 Curncy|BO1 Comdty|BP1 Curncy|CD1 Curncy|CL1 Comdty|CN1 Comdty|CUA1 Comdty|DF1 Comdty|EO1 Index|ER4 Comdty|IJ1 Comdty|IR4 Comdty|JGS1 Index|KC1 Comdty|LH1 Comdty|MES1 Index|MWE1 Comdty|NO1 Curncy|NV1 Curncy|PA1 Comdty|QC1 Index|QW1 Comdty|RS1 Comdty|RTY1 Index|S 1 Comdty|SCO1 Comdty|SE1 Curncy|SF1 Curncy|SFI5 Comdty|SFR5 Comdty|SM1 Comdty|TP1 Index|TU1 Comdty|TY1 Comdty|UB1 Comdty|UXY1 Comdty|VG1 Index|XP1 Index|XU1 Index|Z 1 Index,sub1M_40,all84
0.2292,0.2539,-0.5058,217,BO1 Comdty|BP1 Curncy|CC1 Comdty|CD1 Curncy|CL1 Comdty|CT1 Comdty|DF1 Comdty|DM1 Index|DU1 Comdty|EC1 Curncy|EO1 Index|ER4 Comdty|G 1 Comdty|GX1 Index|HC1 Index|HO1 Comdty|IJ1 Comdty|IR4 Comdty|JB1 Comdty|JGS1 Index|JY1 Curncy|KW1 Comdty|NO1 Curncy|NQ1 Index|NV1 Curncy|PA1 Comdty|PE1 Curncy|PL1 Comdty|QC1 Comdty|QC1 Index|RTY1 Index|RX1 Comdty|S 1 Comdty|SFR5 Comdty|SM1 Comdty|TU1 Comdty|TWT1 Index|US1 Comdty|W 1 Comdty|XU1 Index,sub1M_40,all84
0.3572,0.1848,-0.2201,218,AD1 Curncy|C 1 Comdty|CA1 Comdty|CD1 Curncy|CF1 Index|CO1 Comdty|DF1 Comdty|DM1 Index|EO1 Index|ES1 Index|FV1 Comdty|G 1 Comdty|GX1 Index|HC1 Index|HG1 Comdty|HI1 Index|JB1 Comdty|JY1 Curncy|KW1 Comdty|LC1 Comdty|LH1 Comdty|NG1 Comdty|NO1 Curncy|NO1 Index|OAT1 Comdty|PE1 Curncy|QC1 Comdty|QW1 Comdty|RX1 Comdty|S 1 Comdty|SB1 Comdty|SE1 Curncy|SF1 Curncy|SFR5 Comdty|SI1 Comdty|TU1 Comdty|US1 Comdty|VG1 Index|WN1 Comdty|XU1 Index,sub1M_40,all84
0.4389,0.2993,-0.3495,219,BO1 Comdty|BP1 Curncy|C 1 Comdty|CC1 Comdty|CD1 Curncy|CF1 Index|CT1 Comdty|DF1 Comdty|DU1 Comdty|EO1 Index|ER4 Comdty|FC1 Comdty|G 1 Comdty|HC1 Index|HO1 Comdty|IK1 Comdty|JGS1 Index|JY1 Curncy|KW1 Comdty|LH1 Comdty|MES1 Index|NO1 Curncy|NO1 Index|NV1 Curncy|OAT1 Comdty|PA1 Comdty|QS1 Comdty|QW1 Comdty|RS1 Comdty|SE1 Curncy|SF1 Curncy|SFI5 Comdty|SFR5 Comdty|SI1 Comdty|SM1 Index|TWT1 Index|TY1 Comdty|UB1 Comdty|VG1 Index|XU1 Index,sub1M_40,all84
0.4294,0.2269,0.0346,220,BO1 Comdty|BP1 Curncy|C 1 Comdty|CD1 Curncy|CL1 Comdty|CN1 Comdty|CO1 Comdty|DF1 Comdty|DM1 Index|DU1 Comdty|EC1 Curncy|EO1 Index|ER4 Comdty|G 1 Comdty|GC1 Comdty|GX1 Index|HI1 Index|IK1 Comdty|JB1 Comdty|JY1 Curncy|KC1 Comdty|LH1 Comdty|MWE1 Comdty|NQ1 Index|PE1 Curncy|QW1 Comdty|RTY1 Index|S 1 Comdty|SB1 Comdty|SE1 Curncy|SF1 Curncy|SI1 Comdty|TP1 Index|TY1 Comdty|UB1 Comdty|VG1 Index|W 1 Comdty|WN1 Comdty|XU1 Index|Z 1 Index,sub1M_40,all84
0.3833,0.1059,-0.8968,221,AD1 Curncy|BO1 Comdty|CC1 Comdty|CD1 Curncy|CF1 Index|CN1 Comdty|CT1 Comdty|CUA1 Comdty|DM1 Index|EC1 Curncy|ER4 Comdty|ES1 Index|FC1 Comdty|GX1 Index|HG1 Comdty|HO1 Comdty|IK1 Comdty|JGS1 Index|JY1 Curncy|KW1 Comdty|LH1 Comdty|NQ1 Index|NV1 Curncy|OAT1 Comdty|OE1 Comdty|PE1 Curncy|PL1 Comdty|RS1 Comdty|RTY1 Index|RX1 Comdty|S 1 Comdty|SB1 Comdty|SE1 Curncy|SM1 Comdty|TP1 Index|TY1 Comdty|UB1 Comdty|XM1 Comdty|XP1 Index|Z 1 Index,sub1M_40,all84
0.3968,0.4336,-0.6584,222,AD1 Curncy|BP1 Curncy|C 1 Comdty|CA1 Comdty|CD1 Curncy|CF1 Index|CN1 Comdty|CT1 Comdty|DF1 Comdty|DM1 Index|EC1 Curncy|EO1 Index|ER4 Comdty|ES1 Index|FV1 Comdty|HC1 Index|HG1 Comdty|HI1 Index|HO1 Comdty|JB1 Comdty|JY1 Curncy|KW1 Comdty|LH1 Comdty|OAT1 Comdty|PE1 Curncy|QC1 Comdty|RS1 Comdty|RTY1 Index|S 1 Comdty|SCO1 Comdty|SF1 Curncy|SFI5 Comdty|SFR5 Comdty|SM1 Index|TU1 Comdty|UB1 Comdty|VG1 Index|W 1 Comdty|XB1 Comdty|Z 1 Index,sub1M_40,all84
0.8116,0.6862,-0.1861,223,AD1 Curncy|BP1 Curncy|C 1 Comdty|CC1 Comdty|CUA1 Comdty|DF1 Comdty|DU1 Comdty|ER4 Comdty|GC1 Comdty|GX1 Index|HC1 Index|HO1 Comdty|JGS1 Index|JY1 Curncy|KC1 Comdty|LC1 Comdty|MWE1 Comdty|NO1 Curncy|NQ1 Index|NV1 Curncy|OE1 Comdty|PE1 Curncy|PT1 Index|QC1 Index|QW1 Comdty|RTY1 Index|S 1 Comdty|SB1 Comdty|SCO1 Comdty|SE1 Curncy|SFI5 Comdty|SFR5 Comdty|TP1 Index|TWT1 Index|TY1 Comdty|UB1 Comdty|UXY1 Comdty|W 1 Comdty|XM1 Comdty|XU1 Index,sub1M_40,all84
0.5099,0.4930,-0.7926,224,CA1 Comdty|CC1 Comdty|CD1 Curncy|CF1 Index|CO1 Comdty|DM1 Index|DU1 Comdty|EC1 Curncy|EO1 Index|FC1 Comdty|HC1 Index|HI1 Index|IR4 Comdty|JB1 Comdty|JGS1 Index|KW1 Comdty|LC1 Comdty|LH1 Comdty|NG1 Comdty|NO1 Curncy|NQ1 Index|NV1 Curncy|OAT1 Comdty|OE1 Comdty|PA1 Comdty|PE1 Curncy|PT1 Index|QC1 Index|RS1 Comdty|RX1 Comdty|S 1 Comdty|SB1 Comdty|SCO1 Comdty|SE1 Curncy|SF1 Curncy|SFR5 Comdty|SM1 Index|TU1 Comdty|US1 Comdty|W 1 Comdty,sub1M_40,all84
0.4049,0.4425,-0.8525,225,AD1 Curncy|CC1 Comdty|CD1 Curncy|CF1 Index|CL1 Comdty|CT1 Comdty|DM1 Index|EC1 Curncy|ER4 Comdty|G 1 Comdty|GX1 Index|HI1 Index|HO1 Comdty|IJ1 Comdty|IK1 Comdty|IR4 Comdty|JB1 Comdty|JGS1 Index|LC1 Comdty|LH1 Comdty|MWE1 Comdty|NO1 Curncy|NO1 Index|NQ1 Index|NV1 Curncy|PE1 Curncy|PL1 Comdty|PT1 Index|QC1 Comdty|S 1 Comdty|SB1 Comdty|SCO1 Comdty|SE1 Curncy|SFI5 Comdty|SM1 Comdty|SM1 Index|TU1 Comdty|TY1 Comdty|UB1 Comdty|VG1 Index,sub1M_40,all84
0.2298,0.2278,-0.9070,226,AD1 Curncy|BO1 Comdty|BP1 Curncy|CC1 Comdty|CD1 Curncy|CF1 Index|CL1 Comdty|CT1 Comdty|DU1 Comdty|ER4 Comdty|G 1 Comdty|GX1 Index|HG1 Comdty|JB1 Comdty|JGS1 Index|KW1 Comdty|LH1 Comdty|NO1 Curncy|NQ1 Index|OE1 Comdty|PE1 Curncy|QC1 Comdty|QC1 Index|QS1 Comdty|RS1 Comdty|RTY1 Index|S 1 Comdty|SCO1 Comdty|SE1 Curncy|SF1 Curncy|SM1 Comdty|TP1 Index|TY1 Comdty|US1 Comdty|VG1 Index|W 1 Comdty|WN1 Comdty|XM1 Comdty|XP1 Index|Z 1 Index,sub1M_40,all84
0.4037,0.1114,-1.0529,227,AD1 Curncy|BO1 Comdty|BP1 Curncy|C 1 Comdty|CC1 Comdty|CD1 Curncy|CF1 Index|CO1 Comdty|CUA1 Comdty|DU1 Comdty|EC1 Curncy|FV1 Comdty|HG1 Comdty|HI1 Index|IK1 Comdty|JB1 Comdty|KW1 Comdty|MWE1 Comdty|NO1 Curncy|NO1 Index|NV1 Curncy|OAT1 Comdty|OE1 Comdty|PA1 Comdty|PT1 Index|QC1 Index|RS1 Comdty|RTY1 Index|RX1 Comdty|S 1 Comdty|SB1 Comdty|SF1 Curncy|SM1 Comdty|SM1 Index|TP1 Index|UB1 Comdty|W 1 Comdty|WN1 Comdty|XP1 Index|Z 1 Index,sub1M_40,all84
0.3697,0.2547,0.1954,228,BP1 Curncy|C 1 Comdty|CA1 Comdty|CC1 Comdty|CD1 Curncy|CF1 Index|CN1 Comdty|DF1 Comdty|EC1 Curncy|EO1 Index|G 1 Comdty|GC1 Comdty|GX1 Index|HC1 Index|HO1 Comdty|IJ1 Comdty|IR4 Comdty|JB1 Comdty|JY1 Curncy|MES1 Index|MWE1 Comdty|NO1 Curncy|OE1 Comdty|PE1 Curncy|QS1 Comdty|QW1 Comdty|RTY1 Index|RX1 Comdty|S 1 Comdty|SE1 Curncy|SI1 Comdty|SM1 Comdty|SM1 Index|TP1 Index|TU1 Comdty|TWT1 Index|W 1 Comdty|WN1 Comdty|XM1 Comdty|Z 1 Index,sub1M_40,all84
0.8661,0.6616,-0.0263,229,AD1 Curncy|BO1 Comdty|C 1 Comdty|CC1 Comdty|CD1 Curncy|CF1 Index|CUA1 Comdty|DM1 Index|EC1 Curncy|ER4 Comdty|ES1 Index|FC1 Comdty|GC1 Comdty|GX1 Index|HC1 Index|HI1 Index|IK1 Comdty|JB1 Comdty|JY1 Curncy|KC1 Comdty|KW1 Comdty|NO1 Index|NQ1 Index|NV1 Curncy|OAT1 Comdty|PE1 Curncy|QC1 Comdty|QW1 Comdty|RS1 Comdty|SCO1 Comdty|SE1 Curncy|SFR5 Comdty|SM1 Comdty|TWT1 Index|UB1 Comdty|US1 Comdty|UXY1 Comdty|WN1 Comdty|XB1 Comdty|XU1 Index,sub1M_40,all84
0.4462,0.3128,-0.1668,230,C 1 Comdty|CD1 Curncy|CF1 Index|CL1 Comdty|CN1 Comdty|DM1 Index|EC1 Curncy|ES1 Index|FC1 Comdty|GC1 Comdty|GX1 Index|HI1 Index|IJ1 Comdty|IK1 Comdty|IR4 Comdty|JY1 Curncy|KC1 Comdty|KW1 Comdty|MWE1 Comdty|NO1 Curncy|NV1 Curncy|OAT1 Comdty|OE1 Comdty|PA1 Comdty|PT1 Index|QW1 Comdty|RS1 Comdty|S 1 Comdty|SB1 Comdty|SE1 Curncy|SF1 Curncy|TP1 Index|TWT1 Index|TY1 Comdty|UB1 Comdty|UXY1 Comdty|WN1 Comdty|XB1 Comdty|XU1 Index|Z 1 Index,sub1M_40,all84
0.5363,0.2759,-0.2989,231,AD1 Curncy|BO1 Comdty|BP1 Curncy|C 1 Comdty|CL1 Comdty|CUA1 Comdty|DU1 Comdty|EC1 Curncy|EO1 Index|ES1 Index|FC1 Comdty|GC1 Comdty|GX1 Index|HI1 Index|IJ1 Comdty|IK1 Comdty|IR4 Comdty|JY1 Curncy|KC1 Comdty|LH1 Comdty|MES1 Index|MWE1 Comdty|NV1 Curncy|OE1 Comdty|PE1 Curncy|PL1 Comdty|QC1 Index|QW1 Comdty|RX1 Comdty|S 1 Comdty|SB1 Comdty|SE1 Curncy|SFI5 Comdty|TU1 Comdty|TWT1 Index|UB1 Comdty|WN1 Comdty|XP1 Index|XU1 Index|Z 1 Index,sub1M_40,all84
0.4150,0.4451,-0.8191,232,AD1 Curncy|BO1 Comdty|BP1 Curncy|C 1 Comdty|CA1 Comdty|CD1 Curncy|CF1 Index|CN1 Comdty|CO1 Comdty|CT1 Comdty|DF1 Comdty|DM1 Index|EO1 Index|FV1 Comdty|GX1 Index|HG1 Comdty|HI1 Index|HO1 Comdty|IJ1 Comdty|IK1 Comdty|JB1 Comdty|JY1 Curncy|KC1 Comdty|LC1 Comdty|LH1 Comdty|NO1 Index|NV1 Curncy|PE1 Curncy|RX1 Comdty|S 1 Comdty|SCO1 Comdty|SE1 Curncy|UB1 Comdty|UXY1 Comdty|VG1 Index|WN1 Comdty|XM1 Comdty|XP1 Index|XU1 Index|Z 1 Index,sub1M_40,all84
0.2854,0.1286,-0.7135,233,AD1 Curncy|BO1 Comdty|BP1 Curncy|C 1 Comdty|CF1 Index|DF1 Comdty|DM1 Index|DU1 Comdty|EC1 Curncy|ES1 Index|JB1 Comdty|KC1 Comdty|MES1 Index|MWE1 Comdty|NO1 Curncy|NQ1 Index|NV1 Curncy|OAT1 Comdty|PA1 Comdty|PE1 Curncy|QC1 Index|QS1 Comdty|QW1 Comdty|RS1 Comdty|RTY1 Index|RX1 Comdty|S 1 Comdty|SB1 Comdty|SF1 Curncy|SFI5 Comdty|SFR5 Comdty|SI1 Comdty|SM1 Index|TP1 Index|TU1 Comdty|TY1 Comdty|US1 Comdty|W 1 Comdty|XB1 Comdty|Z 1 Index,sub1M_40,all84
0.2306,0.2435,-0.2879,234,AD1 Curncy|C 1 Comdty|CA1 Comdty|CC1 Comdty|CD1 Curncy|CF1 Index|CL1 Comdty|CT1 Comdty|EC1 Curncy|FV1 Comdty|G 1 Comdty|GX1 Index|HC1 Index|HI1 Index|IR4 Comdty|JB1 Comdty|JGS1 Index|JY1 Curncy|KW1 Comdty|MES1 Index|MWE1 Comdty|NG1 Comdty|NO1 Curncy|OE1 Comdty|PA1 Comdty|PE1 Curncy|PL1 Comdty|QC1 Comdty|QC1 Index|QW1 Comdty|S 1 Comdty|SE1 Curncy|SFI5 Comdty|TP1 Index|TU1 Comdty|TWT1 Index|TY1 Comdty|W 1 Comdty|WN1 Comdty|XP1 Index,sub1M_40,all84
0.5196,0.3652,-0.6191,235,AD1 Curncy|CC1 Comdty|CD1 Curncy|CF1 Index|CO1 Comdty|CUA1 Comdty|DU1 Comdty|EC1 Curncy|EO1 Index|HC1 Index|IJ1 Comdty|IR4 Comdty|JY1 Curncy|KC1 Comdty|KW1 Comdty|LH1 Comdty|MES1 Index|NO1 Curncy|NO1 Index|NQ1 Index|NV1 Curncy|PA1 Comdty|PE1 Curncy|PL1 Comdty|QC1 Comdty|QC1 Index|QW1 Comdty|RX1 Comdty|SB1 Comdty|SFR5 Comdty|SM1 Comdty|SM1 Index|TU1 Comdty|TWT1 Index|UB1 Comdty|US1 Comdty|W 1 Comdty|WN1 Comdty|XM1 Comdty|XU1 Index,sub1M_40,all84
0.4552,0.3782,-0.0497,236,BO1 Comdty|BP1 Curncy|C 1 Comdty|CA1 Comdty|CC1 Comdty|CD1 Curncy|CF1 Index|CO1 Comdty|DU1 Comdty|EC1 Curncy|ER4 Comdty|FV1 Comdty|GC1 Comdty|HC1 Index|HG1 Comdty|HI1 Index|IK1 Comdty|JB1 Comdty|JY1 Curncy|LH1 Comdty|MES1 Index|NV1 Curncy|OE1 Comdty|PE1 Curncy|QC1 Comdty|QC1 Index|QW1 Comdty|RS1 Comdty|S 1 Comdty|SB1 Comdty|SE1 Curncy|SFI5 Comdty|SM1 Index|TWT1 Index|UB1 Comdty|VG1 Index|XB1 Comdty|XM1 Comdty|XU1 Index|Z 1 Index,sub1M_40,all84
0.3019,0.1999,-0.4498,237,AD1 Curncy|BP1 Curncy|CD1 Curncy|CF1 Index|CN1 Comdty|CT1 Comdty|ES1 Index|FC1 Comdty|G 1 Comdty|GX1 Index|HC1 Index|HO1 Comdty|JY1 Curncy|KW1 Comdty|LC1 Comdty|MWE1 Comdty|NO1 Curncy|NO1 Index|NQ1 Index|OAT1 Comdty|OE1 Comdty|PA1 Comdty|PE1 Curncy|PL1 Comdty|PT1 Index|QC1 Comdty|QC1 Index|QS1 Comdty|QW1 Comdty|RX1 Comdty|S 1 Comdty|SB1 Comdty|SE1 Curncy|SFR5 Comdty|SM1 Index|TY1 Comdty|VG1 Index|W 1 Comdty|WN1 Comdty|XM1 Comdty,sub1M_40,all84
0.4277,0.2561,-0.6748,238,AD1 Curncy|BO1 Comdty|BP1 Curncy|C 1 Comdty|CC1 Comdty|CD1 Curncy|CL1 Comdty|CN1 Comdty|DM1 Index|DU1 Comdty|EC1 Curncy|EO1 Index|ES1 Index|GX1 Index|HC1 Index|HO1 Comdty|IK1 Comdty|JB1 Comdty|KW1 Comdty|LC1 Comdty|LH1 Comdty|OAT1 Comdty|OE1 Comdty|PE1 Curncy|QC1 Comdty|QW1 Comdty|RS1 Comdty|RTY1 Index|S 1 Comdty|SCO1 Comdty|SE1 Curncy|SF1 Curncy|SFR5 Comdty|SI1 Comdty|SM1 Index|UB1 Comdty|UXY1 Comdty|XP1 Index|XU1 Index|Z 1 Index,sub1M_40,all84
0.3362,0.2156,-0.0343,239,BO1 Comdty|BP1 Curncy|CC1 Comdty|CF1 Index|CL1 Comdty|CN1 Comdty|CT1 Comdty|DU1 Comdty|EC1 Curncy|EO1 Index|ER4 Comdty|ES1 Index|G 1 Comdty|GC1 Comdty|GX1 Index|HO1 Comdty|IK1 Comdty|JGS1 Index|JY1 Curncy|KC1 Comdty|KW1 Comdty|LC1 Comdty|LH1 Comdty|MWE1 Comdty|NO1 Curncy|NQ1 Index|PE1 Curncy|PL1 Comdty|QC1 Comdty|RTY1 Index|SE1 Curncy|SF1 Curncy|SFI5 Comdty|SM1 Comdty|SM1 Index|US1 Comdty|UXY1 Comdty|VG1 Index|WN1 Comdty|XU1 Index,sub1M_40,all84
0.3322,0.2245,-0.4485,240,BP1 Curncy|C 1 Comdty|CA1 Comdty|CC1 Comdty|DM1 Index|EO1 Index|ES1 Index|GX1 Index|HC1 Index|HI1 Index|IK1 Comdty|IR4 Comdty|JY1 Curncy|KC1 Comdty|KW1 Comdty|LC1 Comdty|LH1 Comdty|NG1 Comdty|NO1 Curncy|NV1 Curncy|OE1 Comdty|PA1 Comdty|PE1 Curncy|PL1 Comdty|QS1 Comdty|QW1 Comdty|RS1 Comdty|SB1 Comdty|SE1 Curncy|SF1 Curncy|SFR5 Comdty|SM1 Index|TP1 Index|TY1 Comdty|UB1 Comdty|US1 Comdty|VG1 Index|WN1 Comdty|XM1 Comdty|XP1 Index,sub1M_40,all84
0.5297,0.3060,-0.1915,241,AD1 Curncy|BO1 Comdty|BP1 Curncy|C 1 Comdty|CC1 Comdty|CUA1 Comdty|DM1 Index|EC1 Curncy|EO1 Index|ER4 Comdty|ES1 Index|FC1 Comdty|G 1 Comdty|GC1 Comdty|GX1 Index|HC1 Index|HG1 Comdty|HI1 Index|IR4 Comdty|KC1 Comdty|MES1 Index|MWE1 Comdty|NO1 Curncy|NO1 Index|NV1 Curncy|PE1 Curncy|QS1 Comdty|RTY1 Index|RX1 Comdty|S 1 Comdty|SB1 Comdty|SF1 Curncy|SFI5 Comdty|SFR5 Comdty|SM1 Comdty|TU1 Comdty|TY1 Comdty|W 1 Comdty|WN1 Comdty|Z 1 Index,sub1M_40,all84
0.2782,0.2896,-0.9507,242,BP1 Curncy|C 1 Comdty|CC1 Comdty|CD1 Curncy|CF1 Index|CN1 Comdty|EO1 Index|FV1 Comdty|G 1 Comdty|HC1 Index|HG1 Comdty|HO1 Comdty|JB1 Comdty|KC1 Comdty|LC1 Comdty|LH1 Comdty|MES1 Index|MWE1 Comdty|NO1 Curncy|NV1 Curncy|OE1 Comdty|PE1 Curncy|PT1 Index|QC1 Index|QS1 Comdty|QW1 Comdty|RS1 Comdty|RX1 Comdty|SB1 Comdty|SCO1 Comdty|SE1 Curncy|SF1 Curncy|SFI5 Comdty|SM1 Comdty|SM1 Index|TU1 Comdty|US1 Comdty|VG1 Index|XP1 Index|Z 1 Index,sub1M_40,all84
0.5758,0.3567,0.0566,243,AD1 Curncy|BO1 Comdty|BP1 Curncy|CA1 Comdty|CD1 Curncy|CL1 Comdty|CT1 Comdty|EC1 Curncy|EO1 Index|ER4 Comdty|FC1 Comdty|GC1 Comdty|HI1 Index|IJ1 Comdty|IK1 Comdty|IR4 Comdty|JY1 Curncy|LH1 Comdty|MWE1 Comdty|NO1 Curncy|NQ1 Index|OE1 Comdty|PE1 Curncy|PT1 Index|QC1 Index|QS1 Comdty|RTY1 Index|RX1 Comdty|S 1 Comdty|SFI5 Comdty|SFR5 Comdty|SI1 Comdty|SM1 Comdty|SM1 Index|TP1 Index|TY1 Comdty|W 1 Comdty|WN1 Comdty|XP1 Index|XU1 Index,sub1M_40,all84
0.4367,0.1331,-0.7037,244,AD1 Curncy|BO1 Comdty|BP1 Curncy|CN1 Comdty|CT1 Comdty|CUA1 Comdty|DU1 Comdty|EC1 Curncy|ER4 Comdty|FV1 Comdty|GX1 Index|IJ1 Comdty|IK1 Comdty|JB1 Comdty|JGS1 Index|JY1 Curncy|LC1 Comdty|LH1 Comdty|MES1 Index|NO1 Curncy|NO1 Index|PA1 Comdty|PE1 Curncy|QC1 Comdty|QC1 Index|QW1 Comdty|RTY1 Index|RX1 Comdty|SB1 Comdty|SF1 Curncy|SFR5 Comdty|SI1 Comdty|SM1 Comdty|TP1 Index|US1 Comdty|VG1 Index|W 1 Comdty|XB1 Comdty|XU1 Index|Z 1 Index,sub1M_40,all84
0.4807,0.3993,-0.0453,245,AD1 Curncy|BP1 Curncy|C 1 Comdty|CA1 Comdty|CD1 Curncy|CF1 Index|CN1 Comdty|CO1 Comdty|CT1 Comdty|ER4 Comdty|ES1 Index|GC1 Comdty|HC1 Index|HG1 Comdty|HI1 Index|HO1 Comdty|IJ1 Comdty|IK1 Comdty|JB1 Comdty|JY1 Curncy|KW1 Comdty|LH1 Comdty|MES1 Index|NO1 Curncy|NO1 Index|NQ1 Index|OAT1 Comdty|PE1 Curncy|QC1 Comdty|RTY1 Index|S 1 Comdty|SB1 Comdty|SE1 Curncy|SFR5 Comdty|TU1 Comdty|UB1 Comdty|VG1 Index|W 1 Comdty|XM1 Comdty|XP1 Index,sub1M_40,all84
0.3577,0.2531,-0.0934,246,AD1 Curncy|BO1 Comdty|BP1 Curncy|CD1 Curncy|CN1 Comdty|DM1 Index|EO1 Index|ER4 Comdty|FC1 Comdty|FV1 Comdty|G 1 Comdty|GC1 Comdty|GX1 Index|HC1 Index|HO1 Comdty|JB1 Comdty|KC1 Comdty|KW1 Comdty|LC1 Comdty|MWE1 Comdty|NQ1 Index|NV1 Curncy|OE1 Comdty|PA1 Comdty|PE1 Curncy|QC1 Comdty|QC1 Index|RTY1 Index|RX1 Comdty|S 1 Comdty|SB1 Comdty|SE1 Curncy|SF1 Curncy|SFI5 Comdty|SM1 Index|TP1 Index|TWT1 Index|W 1 Comdty|XB1 Comdty|XM1 Comdty,sub1M_40,all84
0.3349,0.3312,-0.0717,247,BP1 Curncy|CA1 Comdty|CD1 Curncy|CL1 Comdty|EC1 Curncy|EO1 Index|FV1 Comdty|GC1 Comdty|HC1 Index|HG1 Comdty|HI1 Index|HO1 Comdty|IJ1 Comdty|JGS1 Index|KC1 Comdty|MES1 Index|MWE1 Comdty|NO1 Curncy|NV1 Curncy|PE1 Curncy|PT1 Index|QC1 Comdty|RS1 Comdty|RTY1 Index|RX1 Comdty|S 1 Comdty|SB1 Comdty|SE1 Curncy|SFR5 Comdty|SM1 Comdty|TU1 Comdty|TWT1 Index|TY1 Comdty|UB1 Comdty|US1 Comdty|UXY1 Comdty|VG1 Index|W 1 Comdty|XM1 Comdty|Z 1 Index,sub1M_40,all84
0.6442,0.6414,0.0411,248,BP1 Curncy|CC1 Comdty|CD1 Curncy|CN1 Comdty|CO1 Comdty|CT1 Comdty|DF1 Comdty|EC1 Curncy|EO1 Index|ER4 Comdty|GC1 Comdty|GX1 Index|HI1 Index|HO1 Comdty|IJ1 Comdty|IR4 Comdty|JB1 Comdty|JY1 Curncy|LC1 Comdty|LH1 Comdty|MES1 Index|NO1 Curncy|NV1 Curncy|PT1 Index|QC1 Comdty|RS1 Comdty|RX1 Comdty|SCO1 Comdty|SF1 Curncy|SFR5 Comdty|SM1 Comdty|TP1 Index|TWT1 Index|US1 Comdty|W 1 Comdty|WN1 Comdty|XM1 Comdty|XP1 Index|XU1 Index|Z 1 Index,sub1M_40,all84
0.3384,0.0592,-0.6389,249,AD1 Curncy|BP1 Curncy|C 1 Comdty|CA1 Comdty|CD1 Curncy|CF1 Index|CN1 Comdty|CUA1 Comdty|EC1 Curncy|G 1 Comdty|GX1 Index|HC1 Index|HG1 Comdty|IJ1 Comdty|IR4 Comdty|LH1 Comdty|MES1 Index|MWE1 Comdty|NG1 Comdty|NO1 Index|NV1 Curncy|OAT1 Comdty|PE1 Curncy|QW1 Comdty|RS1 Comdty|RTY1 Index|RX1 Comdty|S 1 Comdty|SF1 Curncy|SI1 Comdty|SM1 Comdty|TP1 Index|TU1 Comdty|TWT1 Index|TY1 Comdty|UXY1 Comdty|W 1 Comdty|WN1 Comdty|XU1 Index|Z 1 Index,sub1M_40,all84
0.6509,0.5700,-0.6476,250,AD1 Curncy|BP1 Curncy|C 1 Comdty|CC1 Comdty|CD1 Curncy|CL1 Comdty|CT1 Comdty|CUA1 Comdty|EO1 Index|FC1 Comdty|FV1 Comdty|G 1 Comdty|HC1 Index|IJ1 Comdty|IR4 Comdty|JB1 Comdty|JGS1 Index|JY1 Curncy|KC1 Comdty|NQ1 Index|NV1 Curncy|OE1 Comdty|PA1 Comdty|PE1 Curncy|PT1 Index|QC1 Comdty|QC1 Index|QW1 Comdty|RS1 Comdty|RTY1 Index|SCO1 Comdty|SF1 Curncy|SFI5 Comdty|SFR5 Comdty|TWT1 Index|TY1 Comdty|UB1 Comdty|VG1 Index|W 1 Comdty|Z 1 Index,sub1M_40,all84
0.5090,0.2613,-0.4116,251,BP1 Curncy|CA1 Comdty|CD1 Curncy|CN1 Comdty|CUA1 Comdty|DM1 Index|EC1 Curncy|EO1 Index|FC1 Comdty|G 1 Comdty|GX1 Index|HI1 Index|IK1 Comdty|IR4 Comdty|JY1 Curncy|KW1 Comdty|LH1 Comdty|MWE1 Comdty|NQ1 Index|NV1 Curncy|PA1 Comdty|PE1 Curncy|QC1 Comdty|QC1 Index|QW1 Comdty|RTY1 Index|S 1 Comdty|SB1 Comdty|SF1 Curncy|SI1 Comdty|SM1 Index|TU1 Comdty|TWT1 Index|TY1 Comdty|UB1 Comdty|W 1 Comdty|WN1 Comdty|XB1 Comdty|XM1 Comdty|XU1 Index,sub1M_40,all84
0.3406,0.1434,-0.2874,252,BP1 Curncy|CA1 Comdty|CC1 Comdty|CD1 Curncy|CF1 Index|DF1 Comdty|DU1 Comdty|ES1 Index|FV1 Comdty|G 1 Comdty|HC1 Index|HG1 Comdty|IJ1 Comdty|JY1 Curncy|LH1 Comdty|MES1 Index|NG1 Comdty|NO1 Curncy|NO1 Index|NQ1 Index|NV1 Curncy|OAT1 Comdty|PE1 Curncy|QC1 Comdty|QC1 Index|QS1 Comdty|QW1 Comdty|SB1 Comdty|SF1 Curncy|SFI5 Comdty|SI1 Comdty|SM1 Comdty|TP1 Index|UB1 Comdty|US1 Comdty|UXY1 Comdty|VG1 Index|W 1 Comdty|WN1 Comdty|Z 1 Index,sub1M_40,all84
0.2965,0.2200,-0.6202,253,AD1 Curncy|BO1 Comdty|BP1 Curncy|C 1 Comdty|CD1 Curncy|CO1 Comdty|DF1 Comdty|DM1 Index|DU1 Comdty|EC1 Curncy|EO1 Index|ER4 Comdty|G 1 Comdty|HO1 Comdty|IJ1 Comdty|IK1 Comdty|JB1 Comdty|JGS1 Index|JY1 Curncy|KC1 Comdty|KW1 Comdty|LC1 Comdty|LH1 Comdty|MES1 Index|NQ1 Index|NV1 Curncy|OAT1 Comdty|PA1 Comdty|PL1 Comdty|QC1 Comdty|SF1 Curncy|SM1 Comdty|SM1 Index|TP1 Index|TU1 Comdty|TY1 Comdty|UXY1 Comdty|VG1 Index|XP1 Index|XU1 Index,sub1M_40,all84
0.4943,0.3758,-0.2117,254,BP1 Curncy|C 1 Comdty|CA1 Comdty|CD1 Curncy|CF1 Index|CN1 Comdty|EO1 Index|ER4 Comdty|GC1 Comdty|IJ1 Comdty|IK1 Comdty|JB1 Comdty|JGS1 Index|JY1 Curncy|KW1 Comdty|LH1 Comdty|MES1 Index|MWE1 Comdty|NG1 Comdty|NO1 Curncy|NO1 Index|NV1 Curncy|OE1 Comdty|PA1 Comdty|PE1 Curncy|QC1 Comdty|QC1 Index|QS1 Comdty|QW1 Comdty|RTY1 Index|SB1 Comdty|SE1 Curncy|SFI5 Comdty|SM1 Comdty|UB1 Comdty|US1 Comdty|VG1 Index|XM1 Comdty|XP1 Index|XU1 Index,sub1M_40,all84
0.6285,0.3792,-0.0516,255,BP1 Curncy|C 1 Comdty|CA1 Comdty|CD1 Curncy|CF1 Index|CN1 Comdty|CO1 Comdty|CUA1 Comdty|EC1 Curncy|EO1 Index|FC1 Comdty|GC1 Comdty|GX1 Index|HC1 Index|HG1 Comdty|HI1 Index|IK1 Comdty|IR4 Comdty|KC1 Comdty|LH1 Comdty|MWE1 Comdty|NV1 Curncy|OAT1 Comdty|OE1 Comdty|PE1 Curncy|PT1 Index|QC1 Comdty|RTY1 Index|S 1 Comdty|SB1 Comdty|SE1 Curncy|SF1 Curncy|SM1 Comdty|SM1 Index|TWT1 Index|TY1 Comdty|UB1 Comdty|UXY1 Comdty|WN1 Comdty|XP1 Index,sub1M_40,all84
0.6751,0.5385,-0.0335,256,AD1 Curncy|C 1 Comdty|CC1 Comdty|CD1 Curncy|CO1 Comdty|CT1 Comdty|DF1 Comdty|DU1 Comdty|EC1 Curncy|EO1 Index|ES1 Index|FV1 Comdty|G 1 Comdty|GC1 Comdty|HC1 Index|JGS1 Index|JY1 Curncy|KC1 Comdty|KW1 Comdty|NO1 Curncy|NQ1 Index|OAT1 Comdty|PE1 Curncy|PT1 Index|QC1 Comdty|QC1 Index|QS1 Comdty|RX1 Comdty|SB1 Comdty|SCO1 Comdty|SF1 Curncy|SM1 Comdty|SM1 Index|TY1 Comdty|UB1 Comdty|W 1 Comdty|WN1 Comdty|XM1 Comdty|XP1 Index|XU1 Index,sub1M_40,all84
0.5269,0.3720,-0.1058,257,BO1 Comdty|BP1 Curncy|CC1 Comdty|CD1 Curncy|CF1 Index|CUA1 Comdty|DF1 Comdty|DU1 Comdty|EC1 Curncy|EO1 Index|G 1 Comdty|GC1 Comdty|GX1 Index|HG1 Comdty|HI1 Index|IK1 Comdty|IR4 Comdty|JY1 Curncy|LC1 Comdty|MES1 Index|MWE1 Comdty|NO1 Curncy|NV1 Curncy|PE1 Curncy|QC1 Comdty|QC1 Index|QS1 Comdty|RS1 Comdty|S 1 Comdty|SB1 Comdty|SFI5 Comdty|SM1 Index|TP1 Index|TU1 Comdty|TY1 Comdty|W 1 Comdty|WN1 Comdty|XM1 Comdty|XP1 Index|Z 1 Index,sub1M_40,all84
0.4563,0.4370,0.2360,258,AD1 Curncy|BP1 Curncy|CA1 Comdty|CF1 Index|CN1 Comdty|CT1 Comdty|DU1 Comdty|EC1 Curncy|EO1 Index|ER4 Comdty|ES1 Index|FC1 Comdty|GC1 Comdty|GX1 Index|HG1 Comdty|HI1 Index|HO1 Comdty|IJ1 Comdty|JB1 Comdty|JY1 Curncy|KW1 Comdty|LH1 Comdty|MES1 Index|NO1 Index|NV1 Curncy|PE1 Curncy|QC1 Comdty|QS1 Comdty|RS1 Comdty|S 1 Comdty|SB1 Comdty|SF1 Curncy|TU1 Comdty|TWT1 Index|TY1 Comdty|UXY1 Comdty|WN1 Comdty|XM1 Comdty|XP1 Index|XU1 Index,sub1M_40,all84
0.3360,0.2582,-0.7672,259,AD1 Curncy|BP1 Curncy|CA1 Comdty|CC1 Comdty|CF1 Index|CN1 Comdty|CO1 Comdty|DM1 Index|DU1 Comdty|EO1 Index|ER4 Comdty|HG1 Comdty|HI1 Index|IK1 Comdty|IR4 Comdty|JGS1 Index|JY1 Curncy|KC1 Comdty|KW1 Comdty|LH1 Comdty|MES1 Index|MWE1 Comdty|NV1 Curncy|OE1 Comdty|PA1 Comdty|PE1 Curncy|QS1 Comdty|QW1 Comdty|RS1 Comdty|RTY1 Index|S 1 Comdty|SB1 Comdty|SE1 Curncy|SF1 Curncy|TP1 Index|TU1 Comdty|UB1 Comdty|US1 Comdty|XP1 Index|Z 1 Index,sub1M_40,all84
0.4217,0.3133,0.1128,260,AD1 Curncy|BP1 Curncy|CC1 Comdty|CD1 Curncy|CF1 Index|CT1 Comdty|DF1 Comdty|DM1 Index|EC1 Curncy|ER4 Comdty|ES1 Index|FC1 Comdty|GC1 Comdty|HG1 Comdty|HI1 Index|HO1 Comdty|IJ1 Comdty|JB1 Comdty|JY1 Curncy|KC1 Comdty|NG1 Comdty|NO1 Index|NQ1 Index|PE1 Curncy|QC1 Comdty|QW1 Comdty|RTY1 Index|SF1 Curncy|SFI5 Comdty|SM1 Comdty|SM1 Index|TU1 Comdty|TY1 Comdty|UB1 Comdty|US1 Comdty|VG1 Index|W 1 Comdty|WN1 Comdty|XM1 Comdty|XP1 Index,sub1M_40,all84
0.4482,0.4218,-0.3201,261,AD1 Curncy|BO1 Comdty|BP1 Curncy|C 1 Comdty|CC1 Comdty|CD1 Curncy|CO1 Comdty|CT1 Comdty|DF1 Comdty|DU1 Comdty|EC1 Curncy|EO1 Index|GX1 Index|HC1 Index|HG1 Comdty|HI1 Index|JY1 Curncy|KC1 Comdty|KW1 Comdty|LC1 Comdty|MES1 Index|MWE1 Comdty|NG1 Comdty|NQ1 Index|OAT1 Comdty|OE1 Comdty|PA1 Comdty|PE1 Curncy|QC1 Comdty|RX1 Comdty|SE1 Curncy|SFI5 Comdty|SFR5 Comdty|TP1 Index|TU1 Comdty|TWT1 Index|TY1 Comdty|WN1 Comdty|XU1 Index|Z 1 Index,sub1M_40,all84
0.6149,0.6125,-0.2108,262,AD1 Curncy|BO1 Comdty|BP1 Curncy|C 1 Comdty|CA1 Comdty|CD1 Curncy|CN1 Comdty|CO1 Comdty|DF1 Comdty|DM1 Index|EC1 Curncy|EO1 Index|GC1 Comdty|HC1 Index|HI1 Index|HO1 Comdty|JB1 Comdty|LC1 Comdty|LH1 Comdty|MES1 Index|NO1 Curncy|NO1 Index|OE1 Comdty|PE1 Curncy|QC1 Comdty|QW1 Comdty|RTY1 Index|RX1 Comdty|SB1 Comdty|SCO1 Comdty|SE1 Curncy|SM1 Comdty|TU1 Comdty|TWT1 Index|TY1 Comdty|UB1 Comdty|US1 Comdty|VG1 Index|XM1 Comdty|XU1 Index,sub1M_40,all84
0.3209,0.1843,-0.1813,263,AD1 Curncy|BO1 Comdty|CA1 Comdty|CC1 Comdty|CD1 Curncy|CF1 Index|CL1 Comdty|CT1 Comdty|DF1 Comdty|DM1 Index|EC1 Curncy|ER4 Comdty|FC1 Comdty|G 1 Comdty|HC1 Index|HG1 Comdty|HO1 Comdty|IK1 Comdty|IR4 Comdty|KW1 Comdty|LC1 Comdty|MES1 Index|NO1 Curncy|NO1 Index|NQ1 Index|PE1 Curncy|PT1 Index|SB1 Comdty|SE1 Curncy|SF1 Curncy|SFR5 Comdty|SI1 Comdty|SM1 Comdty|TP1 Index|TWT1 Index|UB1 Comdty|UXY1 Comdty|WN1 Comdty|XM1 Comdty|XP1 Index,sub1M_40,all84
0.5154,0.3557,-0.6232,264,BP1 Curncy|CC1 Comdty|CD1 Curncy|CF1 Index|CL1 Comdty|CN1 Comdty|CO1 Comdty|CT1 Comdty|DU1 Comdty|EC1 Curncy|ER4 Comdty|FV1 Comdty|GX1 Index|HC1 Index|HI1 Index|IJ1 Comdty|IK1 Comdty|JB1 Comdty|JY1 Curncy|KW1 Comdty|LH1 Comdty|NO1 Curncy|QC1 Comdty|QC1 Index|QW1 Comdty|RTY1 Index|S 1 Comdty|SB1 Comdty|SCO1 Comdty|SE1 Curncy|SF1 Curncy|SFR5 Comdty|SI1 Comdty|SM1 Comdty|SM1 Index|TP1 Index|TY1 Comdty|UB1 Comdty|XU1 Index|Z 1 Index,sub1M_40,all84
0.1809,0.0998,-0.3130,265,AD1 Curncy|CC1 Comdty|CF1 Index|CN1 Comdty|DF1 Comdty|EC1 Curncy|ER4 Comdty|G 1 Comdty|GX1 Index|HC1 Index|HG1 Comdty|HO1 Comdty|IR4 Comdty|KC1 Comdty|KW1 Comdty|LC1 Comdty|LH1 Comdty|MES1 Index|MWE1 Comdty|NO1 Curncy|NV1 Curncy|OE1 Comdty|PE1 Curncy|PT1 Index|QS1 Comdty|QW1 Comdty|S 1 Comdty|SE1 Curncy|SF1 Curncy|SI1 Comdty|SM1 Comdty|SM1 Index|TP1 Index|TWT1 Index|TY1 Comdty|US1 Comdty|UXY1 Comdty|XM1 Comdty|XP1 Index|Z 1 Index,sub1M_40,all84
0.2194,0.0738,-0.1585,266,AD1 Curncy|BP1 Curncy|C 1 Comdty|CC1 Comdty|CF1 Index|CL1 Comdty|DU1 Comdty|EC1 Curncy|EO1 Index|FC1 Comdty|FV1 Comdty|GX1 Index|HC1 Index|HG1 Comdty|HI1 Index|HO1 Comdty|IR4 Comdty|JY1 Curncy|KW1 Comdty|LC1 Comdty|LH1 Comdty|MES1 Index|MWE1 Comdty|NQ1 Index|NV1 Curncy|OE1 Comdty|PE1 Curncy|QC1 Comdty|QC1 Index|QW1 Comdty|RX1 Comdty|SF1 Curncy|SFR5 Comdty|SI1 Comdty|UB1 Comdty|US1 Comdty|W 1 Comdty|XM1 Comdty|XP1 Index|Z 1 Index,sub1M_40,all84
0.6631,0.4478,-0.6893,267,AD1 Curncy|BO1 Comdty|BP1 Curncy|CA1 Comdty|CN1 Comdty|CUA1 Comdty|DM1 Index|EC1 Curncy|EO1 Index|ER4 Comdty|ES1 Index|FV1 Comdty|GX1 Index|HI1 Index|IJ1 Comdty|IK1 Comdty|JB1 Comdty|JY1 Curncy|KC1 Comdty|KW1 Comdty|LC1 Comdty|MES1 Index|MWE1 Comdty|NO1 Index|NQ1 Index|NV1 Curncy|PE1 Curncy|QC1 Index|S 1 Comdty|SCO1 Comdty|SE1 Curncy|SFI5 Comdty|SFR5 Comdty|SI1 Comdty|SM1 Comdty|TU1 Comdty|TY1 Comdty|W 1 Comdty|XB1 Comdty|Z 1 Index,sub1M_40,all84
0.5049,0.3790,-0.7385,268,AD1 Curncy|BO1 Comdty|BP1 Curncy|CA1 Comdty|CC1 Comdty|CF1 Index|CN1 Comdty|CT1 Comdty|CUA1 Comdty|DM1 Index|DU1 Comdty|EO1 Index|ER4 Comdty|ES1 Index|FV1 Comdty|GX1 Index|HC1 Index|HI1 Index|JB1 Comdty|JY1 Curncy|LC1 Comdty|LH1 Comdty|MWE1 Comdty|NO1 Curncy|NV1 Curncy|OAT1 Comdty|PL1 Comdty|PT1 Index|QC1 Comdty|QC1 Index|RS1 Comdty|SCO1 Comdty|SE1 Curncy|SF1 Curncy|SM1 Comdty|TU1 Comdty|UXY1 Comdty|XB1 Comdty|XM1 Comdty|Z 1 Index,sub1M_40,all84
0.4311,0.4211,-0.7475,269,BP1 Curncy|C 1 Comdty|CL1 Comdty|DF1 Comdty|DM1 Index|EC1 Curncy|ES1 Index|FV1 Comdty|GX1 Index|IR4 Comdty|JB1 Comdty|JY1 Curncy|KC1 Comdty|KW1 Comdty|LH1 Comdty|NO1 Curncy|NQ1 Index|NV1 Curncy|OAT1 Comdty|OE1 Comdty|PE1 Curncy|PL1 Comdty|QC1 Comdty|QC1 Index|QS1 Comdty|QW1 Comdty|RS1 Comdty|RX1 Comdty|SCO1 Comdty|SF1 Curncy|SFI5 Comdty|SM1 Comdty|TP1 Index|TU1 Comdty|TWT1 Index|VG1 Index|W 1 Comdty|XM1 Comdty|XU1 Index|Z 1 Index,sub1M_40,all84
0.2097,0.1224,-0.7519,270,BO1 Comdty|CD1 Curncy|CF1 Index|DF1 Comdty|EC1 Curncy|EO1 Index|ER4 Comdty|FV1 Comdty|GX1 Index|HG1 Comdty|HI1 Index|IJ1 Comdty|IR4 Comdty|JB1 Comdty|JY1 Curncy|KC1 Comdty|KW1 Comdty|MES1 Index|NG1 Comdty|NO1 Curncy|NO1 Index|NQ1 Index|NV1 Curncy|PE1 Curncy|PL1 Comdty|QS1 Comdty|QW1 Comdty|RS1 Comdty|S 1 Comdty|SB1 Comdty|SF1 Curncy|SFI5 Comdty|SM1 Comdty|TWT1 Index|UB1 Comdty|UXY1 Comdty|WN1 Comdty|XM1 Comdty|XP1 Index|XU1 Index,sub1M_40,all84
0.7060,0.4361,-0.4286,271,AD1 Curncy|BP1 Curncy|C 1 Comdty|CA1 Comdty|CC1 Comdty|CD1 Curncy|CF1 Index|CUA1 Comdty|DM1 Index|DU1 Comdty|EC1 Curncy|EO1 Index|ES1 Index|FC1 Comdty|FV1 Comdty|HC1 Index|IK1 Comdty|JGS1 Index|JY1 Curncy|KC1 Comdty|KW1 Comdty|MWE1 Comdty|OAT1 Comdty|PE1 Curncy|PT1 Index|QC1 Comdty|QC1 Index|S 1 Comdty|SCO1 Comdty|SE1 Curncy|SFI5 Comdty|SFR5 Comdty|SI1 Comdty|TP1 Index|US1 Comdty|UXY1 Comdty|W 1 Comdty|XB1 Comdty|XM1 Comdty|Z 1 Index,sub1M_40,all84
0.5371,0.4368,-0.6705,272,AD1 Curncy|CA1 Comdty|CL1 Comdty|CUA1 Comdty|DF1 Comdty|DM1 Index|EC1 Curncy|EO1 Index|FC1 Comdty|FV1 Comdty|G 1 Comdty|HC1 Index|HG1 Comdty|HI1 Index|IJ1 Comdty|IK1 Comdty|IR4 Comdty|JB1 Comdty|LC1 Comdty|LH1 Comdty|MES1 Index|NO1 Curncy|NV1 Curncy|PA1 Comdty|PE1 Curncy|PT1 Index|QC1 Index|QW1 Comdty|RS1 Comdty|SB1 Comdty|SE1 Curncy|SF1 Curncy|SFR5 Comdty|SM1 Comdty|TP1 Index|TU1 Comdty|TWT1 Index|WN1 Comdty|XM1 Comdty|XU1 Index,sub1M_40,all84
0.4671,0.5471,-0.7817,273,AD1 Curncy|C 1 Comdty|CD1 Curncy|CT1 Comdty|DM1 Index|EC1 Curncy|EO1 Index|ER4 Comdty|ES1 Index|FC1 Comdty|FV1 Comdty|GX1 Index|HI1 Index|HO1 Comdty|IR4 Comdty|JB1 Comdty|JGS1 Index|KW1 Comdty|LH1 Comdty|MES1 Index|NG1 Comdty|NO1 Curncy|NQ1 Index|PA1 Comdty|PE1 Curncy|PT1 Index|QW1 Comdty|RS1 Comdty|S 1 Comdty|SB1 Comdty|SCO1 Comdty|SE1 Curncy|SF1 Curncy|SM1 Comdty|TU1 Comdty|UB1 Comdty|US1 Comdty|UXY1 Comdty|WN1 Comdty|XU1 Index,sub1M_40,all84
0.2693,0.0289,-0.3895,274,AD1 Curncy|BO1 Comdty|BP1 Curncy|C 1 Comdty|CD1 Curncy|CF1 Index|CO1 Comdty|DU1 Comdty|EC1 Curncy|ES1 Index|FC1 Comdty|FV1 Comdty|G 1 Comdty|GX1 Index|HI1 Index|IJ1 Comdty|JB1 Comdty|JY1 Curncy|KC1 Comdty|KW1 Comdty|LC1 Comdty|MWE1 Comdty|NO1 Curncy|NQ1 Index|OE1 Comdty|PL1 Comdty|PT1 Index|QW1 Comdty|S 1 Comdty|SF1 Curncy|SFR5 Comdty|SI1 Comdty|SM1 Index|TWT1 Index|US1 Comdty|UXY1 Comdty|VG1 Index|XB1 Comdty|XM1 Comdty|XU1 Index,sub1M_40,all84
0.2551,0.0536,-0.2196,275,AD1 Curncy|BO1 Comdty|BP1 Curncy|C 1 Comdty|CA1 Comdty|CC1 Comdty|CF1 Index|CT1 Comdty|DM1 Index|DU1 Comdty|EC1 Curncy|ER4 Comdty|G 1 Comdty|HG1 Comdty|JB1 Comdty|JY1 Curncy|KC1 Comdty|MES1 Index|NG1 Comdty|NO1 Curncy|PE1 Curncy|PT1 Index|QC1 Comdty|RS1 Comdty|RTY1 Index|SF1 Curncy|SFI5 Comdty|SI1 Comdty|SM1 Comdty|TP1 Index|TWT1 Index|TY1 Comdty|US1 Comdty|UXY1 Comdty|VG1 Index|W 1 Comdty|XB1 Comdty|XM1 Comdty|XU1 Index|Z 1 Index,sub1M_40,all84
0.5251,0.3758,-0.1263,276,BP1 Curncy|CA1 Comdty|CF1 Index|CT1 Comdty|DM1 Index|EC1 Curncy|EO1 Index|FC1 Comdty|GC1 Comdty|IJ1 Comdty|IR4 Comdty|JGS1 Index|JY1 Curncy|KW1 Comdty|LC1 Comdty|LH1 Comdty|NG1 Comdty|NO1 Curncy|NQ1 Index|OAT1 Comdty|PA1 Comdty|PE1 Curncy|QC1 Index|RS1 Comdty|RX1 Comdty|S 1 Comdty|SB1 Comdty|SE1 Curncy|SF1 Curncy|SFI5 Comdty|SFR5 Comdty|TY1 Comdty|UB1 Comdty|US1 Comdty|VG1 Index|WN1 Comdty|XB1 Comdty|XP1 Index|XU1 Index|Z 1 Index,sub1M_40,all84
0.4581,0.3045,-0.1947,277,AD1 Curncy|BO1 Comdty|BP1 Curncy|CA1 Comdty|CD1 Curncy|CF1 Index|CL1 Comdty|CO1 Comdty|CT1 Comdty|DF1 Comdty|EC1 Curncy|ER4 Comdty|ES1 Index|FC1 Comdty|G 1 Comdty|GC1 Comdty|IJ1 Comdty|IK1 Comdty|JGS1 Index|KW1 Comdty|LC1 Comdty|NO1 Curncy|NO1 Index|NQ1 Index|NV1 Curncy|OAT1 Comdty|OE1 Comdty|PE1 Curncy|PL1 Comdty|PT1 Index|QC1 Index|QW1 Comdty|SFR5 Comdty|SM1 Comdty|SM1 Index|TY1 Comdty|US1 Comdty|UXY1 Comdty|XU1 Index|Z 1 Index,sub1M_40,all84
0.4829,0.1847,-0.9331,278,BO1 Comdty|BP1 Curncy|C 1 Comdty|CA1 Comdty|CD1 Curncy|CF1 Index|CN1 Comdty|CUA1 Comdty|DM1 Index|EC1 Curncy|ES1 Index|G 1 Comdty|IJ1 Comdty|IK1 Comdty|IR4 Comdty|JGS1 Index|JY1 Curncy|KC1 Comdty|LH1 Comdty|MES1 Index|NG1 Comdty|NO1 Curncy|NO1 Index|NQ1 Index|OE1 Comdty|PA1 Comdty|PE1 Curncy|PL1 Comdty|RS1 Comdty|SB1 Comdty|SF1 Curncy|SFI5 Comdty|SM1 Comdty|SM1 Index|TU1 Comdty|UB1 Comdty|UXY1 Comdty|W 1 Comdty|XP1 Index|Z 1 Index,sub1M_40,all84
0.3643,0.1299,-0.3281,279,AD1 Curncy|BP1 Curncy|CC1 Comdty|CD1 Curncy|CO1 Comdty|CT1 Comdty|DF1 Comdty|DM1 Index|EC1 Curncy|ES1 Index|FC1 Comdty|FV1 Comdty|G 1 Comdty|HC1 Index|HG1 Comdty|HI1 Index|IK1 Comdty|IR4 Comdty|JB1 Comdty|JGS1 Index|JY1 Curncy|KC1 Comdty|LH1 Comdty|NO1 Curncy|NQ1 Index|OAT1 Comdty|QC1 Index|QW1 Comdty|RX1 Comdty|SB1 Comdty|SF1 Curncy|SI1 Comdty|SM1 Comdty|TP1 Index|US1 Comdty|W 1 Comdty|WN1 Comdty|XB1 Comdty|XP1 Index|Z 1 Index,sub1M_40,all84
0.3338,0.3473,-0.5751,280,AD1 Curncy|BP1 Curncy|C 1 Comdty|CF1 Index|CT1 Comdty|DF1 Comdty|DU1 Comdty|EC1 Curncy|EO1 Index|ER4 Comdty|FC1 Comdty|FV1 Comdty|GX1 Index|HC1 Index|HO1 Comdty|IJ1 Comdty|JB1 Comdty|JY1 Curncy|KW1 Comdty|LC1 Comdty|NV1 Curncy|PE1 Curncy|PL1 Comdty|QC1 Index|RTY1 Index|S 1 Comdty|SCO1 Comdty|SE1 Curncy|SFR5 Comdty|SM1 Comdty|TP1 Index|TU1 Comdty|TWT1 Index|UB1 Comdty|VG1 Index|W 1 Comdty|WN1 Comdty|XB1 Comdty|XM1 Comdty|Z 1 Index,sub1M_40,all84
0.3366,0.2350,0.0047,281,AD1 Curncy|BP1 Curncy|C 1 Comdty|CC1 Comdty|CD1 Curncy|CF1 Index|CT1 Comdty|DF1 Comdty|ER4 Comdty|ES1 Index|FV1 Comdty|G 1 Comdty|GC1 Comdty|GX1 Index|HO1 Comdty|IJ1 Comdty|IK1 Comdty|IR4 Comdty|KW1 Comdty|MES1 Index|MWE1 Comdty|NO1 Curncy|OAT1 Comdty|PE1 Curncy|PL1 Comdty|PT1 Index|QC1 Index|QS1 Comdty|SB1 Comdty|SE1 Curncy|SF1 Curncy|SM1 Comdty|SM1 Index|TU1 Comdty|TWT1 Index|UB1 Comdty|UXY1 Comdty|W 1 Comdty|XU1 Index|Z 1 Index,sub1M_40,all84
0.2702,0.1593,-0.2746,282,AD1 Curncy|BO1 Comdty|BP1 Curncy|CA1 Comdty|CD1 Curncy|CT1 Comdty|FV1 Comdty|G 1 Comdty|GX1 Index|HG1 Comdty|IJ1 Comdty|IR4 Comdty|JGS1 Index|JY1 Curncy|KC1 Comdty|LC1 Comdty|MWE1 Comdty|NG1 Comdty|NO1 Index|NQ1 Index|PE1 Curncy|PL1 Comdty|QC1 Comdty|QC1 Index|RS1 Comdty|RX1 Comdty|SE1 Curncy|SF1 Curncy|SFI5 Comdty|SFR5 Comdty|SM1 Comdty|SM1 Index|TP1 Index|TU1 Comdty|TWT1 Index|TY1 Comdty|US1 Comdty|XB1 Comdty|XP1 Index|Z 1 Index,sub1M_40,all84
0.2781,0.2088,0.2774,283,BP1 Curncy|C 1 Comdty|CC1 Comdty|CT1 Comdty|DF1 Comdty|DM1 Index|DU1 Comdty|EC1 Curncy|FV1 Comdty|GC1 Comdty|GX1 Index|HO1 Comdty|IR4 Comdty|KC1 Comdty|LC1 Comdty|MES1 Index|NO1 Curncy|NV1 Curncy|PE1 Curncy|PT1 Index|QC1 Comdty|RS1 Comdty|RTY1 Index|SB1 Comdty|SE1 Curncy|SF1 Curncy|SFR5 Comdty|SI1 Comdty|SM1 Comdty|TU1 Comdty|TWT1 Index|US1 Comdty|UXY1 Comdty|VG1 Index|WN1 Comdty|XB1 Comdty|XM1 Comdty|XP1 Index|XU1 Index|Z 1 Index,sub1M_40,all84
0.2283,0.1933,-0.4746,284,AD1 Curncy|BO1 Comdty|BP1 Curncy|C 1 Comdty|CA1 Comdty|CC1 Comdty|CF1 Index|CL1 Comdty|CN1 Comdty|DU1 Comdty|EC1 Curncy|EO1 Index|ER4 Comdty|GX1 Index|HC1 Index|HI1 Index|JY1 Curncy|LH1 Comdty|MES1 Index|NG1 Comdty|NO1 Curncy|NO1 Index|OE1 Comdty|PA1 Comdty|PL1 Comdty|QC1 Comdty|QW1 Comdty|RS1 Comdty|S 1 Comdty|SB1 Comdty|SE1 Curncy|SF1 Curncy|SM1 Index|TU1 Comdty|TWT1 Index|TY1 Comdty|US1 Comdty|UXY1 Comdty|XM1 Comdty|Z 1 Index,sub1M_40,all84
0.4947,0.4776,-0.6734,285,AD1 Curncy|BP1 Curncy|CA1 Comdty|CN1 Comdty|DF1 Comdty|ER4 Comdty|ES1 Index|FV1 Comdty|HC1 Index|HG1 Comdty|IJ1 Comdty|IR4 Comdty|JGS1 Index|JY1 Curncy|KC1 Comdty|KW1 Comdty|LC1 Comdty|NG1 Comdty|NO1 Curncy|NO1 Index|NV1 Curncy|OE1 Comdty|PT1 Index|QC1 Comdty|QS1 Comdty|RS1 Comdty|RTY1 Index|S 1 Comdty|SB1 Comdty|SCO1 Comdty|SE1 Curncy|SF1 Curncy|SFR5 Comdty|TWT1 Index|TY1 Comdty|UB1 Comdty|US1 Comdty|VG1 Index|XU1 Index|Z 1 Index,sub1M_40,all84
0.5450,0.4254,-0.1889,286,AD1 Curncy|BO1 Comdty|BP1 Curncy|CC1 Comdty|CF1 Index|CT1 Comdty|DF1 Comdty|DM1 Index|EC1 Curncy|EO1 Index|FC1 Comdty|GC1 Comdty|HO1 Comdty|IK1 Comdty|IR4 Comdty|JB1 Comdty|JGS1 Index|KC1 Comdty|KW1 Comdty|LC1 Comdty|NO1 Curncy|NQ1 Index|NV1 Curncy|OAT1 Comdty|OE1 Comdty|PE1 Curncy|PT1 Index|QC1 Comdty|RTY1 Index|RX1 Comdty|SB1 Comdty|SCO1 Comdty|SE1 Curncy|SM1 Index|TY1 Comdty|UXY1 Comdty|WN1 Comdty|XB1 Comdty|XP1 Index|Z 1 Index,sub1M_40,all84
0.3476,0.1654,-0.4525,287,AD1 Curncy|BO1 Comdty|BP1 Curncy|CA1 Comdty|CD1 Curncy|CF1 Index|CL1 Comdty|DF1 Comdty|DM1 Index|EC1 Curncy|EO1 Index|FC1 Comdty|G 1 Comdty|GX1 Index|HG1 Comdty|HI1 Index|IJ1 Comdty|LC1 Comdty|LH1 Comdty|MES1 Index|MWE1 Comdty|NO1 Curncy|NQ1 Index|OAT1 Comdty|PT1 Index|QS1 Comdty|RS1 Comdty|RTY1 Index|RX1 Comdty|SE1 Curncy|SF1 Curncy|SFR5 Comdty|SI1 Comdty|SM1 Comdty|TU1 Comdty|UB1 Comdty|US1 Comdty|UXY1 Comdty|WN1 Comdty|XP1 Index,sub1M_40,all84
0.4424,0.2384,-0.7191,288,BO1 Comdty|BP1 Curncy|CF1 Index|CO1 Comdty|EC1 Curncy|ER4 Comdty|ES1 Index|FV1 Comdty|GX1 Index|HC1 Index|IJ1 Comdty|IK1 Comdty|JY1 Curncy|KC1 Comdty|KW1 Comdty|LH1 Comdty|MWE1 Comdty|NG1 Comdty|NO1 Curncy|NQ1 Index|NV1 Curncy|OAT1 Comdty|PA1 Comdty|PE1 Curncy|QC1 Index|QW1 Comdty|RTY1 Index|S 1 Comdty|SB1 Comdty|SE1 Curncy|SI1 Comdty|SM1 Index|TP1 Index|TU1 Comdty|TY1 Comdty|US1 Comdty|VG1 Index|W 1 Comdty|WN1 Comdty|XM1 Comdty,sub1M_40,all84
0.4336,0.3632,-0.3006,289,BP1 Curncy|CA1 Comdty|CD1 Curncy|CT1 Comdty|DF1 Comdty|DU1 Comdty|EC1 Curncy|EO1 Index|ES1 Index|FC1 Comdty|HG1 Comdty|HI1 Index|JGS1 Index|JY1 Curncy|KC1 Comdty|LH1 Comdty|MES1 Index|MWE1 Comdty|NQ1 Index|NV1 Curncy|OAT1 Comdty|OE1 Comdty|PA1 Comdty|PE1 Curncy|PT1 Index|QS1 Comdty|QW1 Comdty|RS1 Comdty|SF1 Curncy|SFR5 Comdty|SM1 Index|TP1 Index|TU1 Comdty|TY1 Comdty|UXY1 Comdty|W 1 Comdty|WN1 Comdty|XB1 Comdty|XM1 Comdty|XP1 Index,sub1M_40,all84
0.4082,0.3380,-0.7990,290,AD1 Curncy|BO1 Comdty|BP1 Curncy|CC1 Comdty|CD1 Curncy|CO1 Comdty|DF1 Comdty|DU1 Comdty|FC1 Comdty|FV1 Comdty|HG1 Comdty|IR4 Comdty|JGS1 Index|JY1 Curncy|KC1 Comdty|KW1 Comdty|LC1 Comdty|MES1 Index|NO1 Curncy|NQ1 Index|NV1 Curncy|OAT1 Comdty|PT1 Index|QC1 Index|RS1 Comdty|RTY1 Index|RX1 Comdty|SB1 Comdty|SCO1 Comdty|SF1 Curncy|SFI5 Comdty|TWT1 Index|TY1 Comdty|UXY1 Comdty|VG1 Index|W 1 Comdty|WN1 Comdty|XB1 Comdty|XP1 Index|Z 1 Index,sub1M_40,all84
0.4516,0.5319,-1.0213,291,BP1 Curncy|C 1 Comdty|CC1 Comdty|CF1 Index|DF1 Comdty|DU1 Comdty|EC1 Curncy|ER4 Comdty|FV1 Comdty|G 1 Comdty|GX1 Index|HC1 Index|HI1 Index|HO1 Comdty|JGS1 Index|JY1 Curncy|KW1 Comdty|LH1 Comdty|NO1 Curncy|NV1 Curncy|OAT1 Comdty|OE1 Comdty|PA1 Comdty|PE1 Curncy|QS1 Comdty|QW1 Comdty|RS1 Comdty|RTY1 Index|S 1 Comdty|SB1 Comdty|SCO1 Comdty|SE1 Curncy|SFR5 Comdty|TP1 Index|UB1 Comdty|VG1 Index|W 1 Comdty|WN1 Comdty|XP1 Index|XU1 Index,sub1M_40,all84
0.4478,0.2697,-0.0172,292,AD1 Curncy|BO1 Comdty|BP1 Curncy|C 1 Comdty|CC1 Comdty|CD1 Curncy|CT1 Comdty|CUA1 Comdty|DM1 Index|FC1 Comdty|FV1 Comdty|GC1 Comdty|GX1 Index|HO1 Comdty|JB1 Comdty|LC1 Comdty|NO1 Index|NV1 Curncy|OAT1 Comdty|PE1 Curncy|PL1 Comdty|PT1 Index|QC1 Index|QW1 Comdty|RS1 Comdty|RTY1 Index|RX1 Comdty|S 1 Comdty|SE1 Curncy|SF1 Curncy|SFI5 Comdty|SFR5 Comdty|SM1 Comdty|SM1 Index|TU1 Comdty|TWT1 Index|UXY1 Comdty|VG1 Index|XM1 Comdty|XP1 Index,sub1M_40,all84
0.3678,0.2994,-0.4374,293,AD1 Curncy|BO1 Comdty|CC1 Comdty|CD1 Curncy|CL1 Comdty|CN1 Comdty|CO1 Comdty|CT1 Comdty|DU1 Comdty|EC1 Curncy|ER4 Comdty|ES1 Index|G 1 Comdty|HG1 Comdty|IJ1 Comdty|IK1 Comdty|JGS1 Index|JY1 Curncy|KC1 Comdty|KW1 Comdty|LC1 Comdty|MES1 Index|NO1 Curncy|NO1 Index|OE1 Comdty|PA1 Comdty|PE1 Curncy|PT1 Index|QC1 Comdty|QC1 Index|QW1 Comdty|RTY1 Index|SF1 Curncy|SFR5 Comdty|TP1 Index|TU1 Comdty|TWT1 Index|TY1 Comdty|W 1 Comdty|XU1 Index,sub1M_40,all84
0.2560,0.1737,-0.6009,294,AD1 Curncy|C 1 Comdty|CC1 Comdty|CD1 Curncy|CF1 Index|CL1 Comdty|CN1 Comdty|CT1 Comdty|DM1 Index|ER4 Comdty|FC1 Comdty|GX1 Index|HG1 Comdty|IJ1 Comdty|JGS1 Index|LH1 Comdty|NO1 Curncy|NO1 Index|NQ1 Index|NV1 Curncy|OAT1 Comdty|OE1 Comdty|PA1 Comdty|PE1 Curncy|QC1 Comdty|RS1 Comdty|RTY1 Index|RX1 Comdty|SB1 Comdty|SE1 Curncy|SF1 Curncy|SFR5 Comdty|TP1 Index|TU1 Comdty|TWT1 Index|UXY1 Comdty|W 1 Comdty|XB1 Comdty|XM1 Comdty|Z 1 Index,sub1M_40,all84
0.2149,0.0461,-0.4044,295,AD1 Curncy|BO1 Comdty|CA1 Comdty|CC1 Comdty|CD1 Curncy|CF1 Index|EO1 Index|ER4 Comdty|ES1 Index|FC1 Comdty|G 1 Comdty|GX1 Index|HG1 Comdty|IK1 Comdty|IR4 Comdty|JB1 Comdty|JY1 Curncy|KC1 Comdty|LH1 Comdty|MES1 Index|MWE1 Comdty|NG1 Comdty|NO1 Curncy|NV1 Curncy|OE1 Comdty|PE1 Curncy|PL1 Comdty|QC1 Comdty|QS1 Comdty|QW1 Comdty|SF1 Curncy|SFI5 Comdty|SM1 Comdty|TP1 Index|TY1 Comdty|VG1 Index|WN1 Comdty|XP1 Index|XU1 Index|Z 1 Index,sub1M_40,all84
0.2850,0.1553,0.0545,296,BO1 Comdty|C 1 Comdty|CC1 Comdty|CD1 Curncy|CF1 Index|CL1 Comdty|CT1 Comdty|DF1 Comdty|DM1 Index|DU1 Comdty|EC1 Curncy|EO1 Index|GC1 Comdty|HO1 Comdty|IJ1 Comdty|JB1 Comdty|JGS1 Index|JY1 Curncy|KC1 Comdty|KW1 Comdty|NO1 Curncy|OAT1 Comdty|OE1 Comdty|PE1 Curncy|PL1 Comdty|PT1 Index|SB1 Comdty|SE1 Curncy|SF1 Curncy|SM1 Index|TU1 Comdty|TWT1 Index|UB1 Comdty|US1 Comdty|UXY1 Comdty|VG1 Index|W 1 Comdty|WN1 Comdty|XP1 Index|XU1 Index,sub1M_40,all84
0.4586,0.3599,-0.7867,297,AD1 Curncy|BP1 Curncy|C 1 Comdty|CN1 Comdty|CO1 Comdty|CT1 Comdty|DM1 Index|FV1 Comdty|G 1 Comdty|GX1 Index|HI1 Index|IR4 Comdty|JGS1 Index|JY1 Curncy|KC1 Comdty|LC1 Comdty|MWE1 Comdty|NG1 Comdty|NO1 Curncy|NO1 Index|NQ1 Index|NV1 Curncy|OE1 Comdty|PE1 Curncy|PL1 Comdty|QC1 Comdty|QW1 Comdty|RS1 Comdty|SB1 Comdty|SCO1 Comdty|SF1 Curncy|SM1 Comdty|SM1 Index|TP1 Index|UB1 Comdty|US1 Comdty|UXY1 Comdty|WN1 Comdty|XP1 Index|XU1 Index,sub1M_40,all84
0.2964,0.2175,-0.4651,298,BO1 Comdty|BP1 Curncy|C 1 Comdty|CD1 Curncy|CT1 Comdty|EC1 Curncy|EO1 Index|ER4 Comdty|ES1 Index|FV1 Comdty|G 1 Comdty|GX1 Index|HG1 Comdty|HI1 Index|IJ1 Comdty|IR4 Comdty|JY1 Curncy|LH1 Comdty|MWE1 Comdty|NO1 Curncy|NO1 Index|NQ1 Index|NV1 Curncy|OAT1 Comdty|PL1 Comdty|QC1 Comdty|QS1 Comdty|QW1 Comdty|RTY1 Index|S 1 Comdty|SE1 Curncy|SFR5 Comdty|SM1 Index|TU1 Comdty|TWT1 Index|TY1 Comdty|UB1 Comdty|W 1 Comdty|XB1 Comdty|XP1 Index,sub1M_40,all84
0.3847,0.1448,-0.7343,299,AD1 Curncy|BP1 Curncy|C 1 Comdty|CD1 Curncy|CUA1 Comdty|DF1 Comdty|DU1 Comdty|EC1 Curncy|EO1 Index|FC1 Comdty|FV1 Comdty|G 1 Comdty|GX1 Index|HC1 Index|JB1 Comdty|KC1 Comdty|KW1 Comdty|LC1 Comdty|NG1 Comdty|NO1 Curncy|NV1 Curncy|OAT1 Comdty|OE1 Comdty|PA1 Comdty|PL1 Comdty|PT1 Index|QC1 Index|QW1 Comdty|RS1 Comdty|RTY1 Index|SB1 Comdty|SE1 Curncy|SFR5 Comdty|SM1 Index|TP1 Index|TY1 Comdty|W 1 Comdty|WN1 Comdty|XP1 Index|Z 1 Index,sub1M_40,all84
0.3455,0.2500,-0.6199,300,AD1 Curncy|BO1 Comdty|BP1 Curncy|CA1 Comdty|CC1 Comdty|CD1 Curncy|CF1 Index|CO1 Comdty|CT1 Comdty|DF1 Comdty|DU1 Comdty|EC1 Curncy|ES1 Index|FV1 Comdty|G 1 Comdty|HI1 Index|IJ1 Comdty|JGS1 Index|KW1 Comdty|LH1 Comdty|MES1 Index|NO1 Curncy|NO1 Index|NV1 Curncy|OE1 Comdty|PA1 Comdty|PT1 Index|RS1 Comdty|RTY1 Index|S 1 Comdty|SE1 Curncy|SFR5 Comdty|SI1 Comdty|TY1 Comdty|UB1 Comdty|US1 Comdty|XB1 Comdty|XM1 Comdty|XU1 Index|Z 1 Index,sub1M_40,all84
0.4396,0.2279,-0.7067,301,BP1 Curncy|CA1 Comdty|CD1 Curncy|CN1 Comdty|CO1 Comdty|CUA1 Comdty|DF1 Comdty|DM1 Index|EC1 Curncy|FV1 Comdty|G 1 Comdty|HC1 Index|HG1 Comdty|IJ1 Comdty|JY1 Curncy|KC1 Comdty|LC1 Comdty|LH1 Comdty|NV1 Curncy|OE1 Comdty|PL1 Comdty|PT1 Index|QW1 Comdty|RTY1 Index|RX1 Comdty|S 1 Comdty|SE1 Curncy|SF1 Curncy|SFR5 Comdty|SM1 Comdty|SM1 Index|TP1 Index|TU1 Comdty|TWT1 Index|US1 Comdty|UXY1 Comdty|VG1 Index|W 1 Comdty|XP1 Index|XU1 Index,sub1M_40,all84
0.5213,0.4714,-0.6369,302,BO1 Comdty|C 1 Comdty|CA1 Comdty|CC1 Comdty|DF1 Comdty|EC1 Curncy|ER4 Comdty|ES1 Index|G 1 Comdty|GX1 Index|HI1 Index|HO1 Comdty|IJ1 Comdty|IK1 Comdty|JGS1 Index|JY1 Curncy|LH1 Comdty|MES1 Index|NO1 Curncy|NO1 Index|NV1 Curncy|OAT1 Comdty|OE1 Comdty|PE1 Curncy|PL1 Comdty|QC1 Index|QS1 Comdty|RS1 Comdty|RTY1 Index|S 1 Comdty|SCO1 Comdty|SE1 Curncy|SF1 Curncy|TP1 Index|TU1 Comdty|UB1 Comdty|UXY1 Comdty|W 1 Comdty|WN1 Comdty|Z 1 Index,sub1M_40,all84
0.3042,0.0839,-0.6896,303,AD1 Curncy|BO1 Comdty|BP1 Curncy|C 1 Comdty|CA1 Comdty|CC1 Comdty|CF1 Index|CL1 Comdty|DU1 Comdty|EC1 Curncy|ES1 Index|G 1 Comdty|HI1 Index|IJ1 Comdty|IK1 Comdty|JB1 Comdty|JGS1 Index|LC1 Comdty|LH1 Comdty|MWE1 Comdty|NG1 Comdty|NV1 Curncy|OE1 Comdty|PA1 Comdty|PE1 Curncy|PT1 Index|QC1 Index|QW1 Comdty|RTY1 Index|S 1 Comdty|SE1 Curncy|SF1 Curncy|SFI5 Comdty|SI1 Comdty|SM1 Index|UB1 Comdty|US1 Comdty|VG1 Index|XM1 Comdty|XP1 Index,sub1M_40,all84
0.3769,0.2661,-0.4539,304,AD1 Curncy|BO1 Comdty|C 1 Comdty|CC1 Comdty|CD1 Curncy|CF1 Index|DU1 Comdty|EC1 Curncy|GX1 Index|HC1 Index|HI1 Index|IJ1 Comdty|IR4 Comdty|JY1 Curncy|LC1 Comdty|LH1 Comdty|MES1 Index|MWE1 Comdty|NG1 Comdty|NO1 Index|NV1 Curncy|OAT1 Comdty|PA1 Comdty|PE1 Curncy|QC1 Comdty|QC1 Index|QS1 Comdty|QW1 Comdty|RTY1 Index|SB1 Comdty|SE1 Curncy|SFI5 Comdty|SI1 Comdty|TU1 Comdty|TY1 Comdty|UB1 Comdty|WN1 Comdty|XM1 Comdty|XU1 Index|Z 1 Index,sub1M_40,all84
0.4364,0.3979,-0.6175,305,AD1 Curncy|BO1 Comdty|C 1 Comdty|CA1 Comdty|CD1 Curncy|CN1 Comdty|CO1 Comdty|DU1 Comdty|EC1 Curncy|ER4 Comdty|ES1 Index|HG1 Comdty|HO1 Comdty|IK1 Comdty|IR4 Comdty|KC1 Comdty|LC1 Comdty|LH1 Comdty|MES1 Index|MWE1 Comdty|NO1 Index|NV1 Curncy|OE1 Comdty|PE1 Curncy|PT1 Index|QC1 Comdty|RTY1 Index|RX1 Comdty|SB1 Comdty|SCO1 Comdty|SE1 Curncy|SF1 Curncy|SM1 Index|TP1 Index|TU1 Comdty|TWT1 Index|W 1 Comdty|WN1 Comdty|XP1 Index|Z 1 Index,sub1M_40,all84
0.4892,0.1955,-0.1617,306,AD1 Curncy|BP1 Curncy|CC1 Comdty|CD1 Curncy|CT1 Comdty|CUA1 Comdty|DM1 Index|ER4 Comdty|FC1 Comdty|FV1 Comdty|G 1 Comdty|GC1 Comdty|GX1 Index|HC1 Index|IK1 Comdty|JY1 Curncy|KW1 Comdty|LC1 Comdty|NG1 Comdty|NQ1 Index|NV1 Curncy|OAT1 Comdty|PL1 Comdty|PT1 Index|QC1 Comdty|QW1 Comdty|RTY1 Index|S 1 Comdty|SE1 Curncy|SF1 Curncy|SFI5 Comdty|SM1 Comdty|SM1 Index|US1 Comdty|VG1 Index|W 1 Comdty|WN1 Comdty|XM1 Comdty|XP1 Index|XU1 Index,sub1M_40,all84
0.6362,0.3617,-0.7580,307,BP1 Curncy|CD1 Curncy|CUA1 Comdty|DF1 Comdty|DU1 Comdty|EC1 Curncy|ER4 Comdty|G 1 Comdty|HC1 Index|HI1 Index|IR4 Comdty|JY1 Curncy|KC1 Comdty|KW1 Comdty|MES1 Index|NG1 Comdty|NO1 Curncy|NO1 Index|NV1 Curncy|PT1 Index|QC1 Comdty|QW1 Comdty|RS1 Comdty|RTY1 Index|S 1 Comdty|SB1 Comdty|SCO1 Comdty|SE1 Curncy|SFR5 Comdty|SI1 Comdty|SM1 Comdty|TP1 Index|TWT1 Index|TY1 Comdty|UB1 Comdty|UXY1 Comdty|W 1 Comdty|XM1 Comdty|XU1 Index|Z 1 Index,sub1M_40,all84
0.2567,0.1543,-0.6948,308,AD1 Curncy|CD1 Curncy|CF1 Index|CL1 Comdty|CT1 Comdty|DF1 Comdty|EO1 Index|FV1 Comdty|G 1 Comdty|HC1 Index|HI1 Index|IJ1 Comdty|IR4 Comdty|JGS1 Index|JY1 Curncy|KC1 Comdty|KW1 Comdty|MWE1 Comdty|NO1 Curncy|PA1 Comdty|PE1 Curncy|QW1 Comdty|RS1 Comdty|RTY1 Index|RX1 Comdty|S 1 Comdty|SB1 Comdty|SE1 Curncy|SF1 Curncy|SFI5 Comdty|SFR5 Comdty|SI1 Comdty|SM1 Index|TP1 Index|TY1 Comdty|US1 Comdty|UXY1 Comdty|XB1 Comdty|XP1 Index|XU1 Index,sub1M_40,all84
0.4058,0.2817,-0.7075,309,AD1 Curncy|BP1 Curncy|C 1 Comdty|CA1 Comdty|CF1 Index|CL1 Comdty|CUA1 Comdty|DF1 Comdty|DM1 Index|DU1 Comdty|EC1 Curncy|ER4 Comdty|ES1 Index|FV1 Comdty|G 1 Comdty|GX1 Index|HG1 Comdty|IK1 Comdty|JY1 Curncy|KW1 Comdty|LC1 Comdty|MES1 Index|PA1 Comdty|PE1 Curncy|QC1 Comdty|QC1 Index|QW1 Comdty|RX1 Comdty|S 1 Comdty|SE1 Curncy|SF1 Curncy|SM1 Comdty|TU1 Comdty|TWT1 Index|TY1 Comdty|VG1 Index|W 1 Comdty|XM1 Comdty|XP1 Index|Z 1 Index,sub1M_40,all84
0.6503,0.5981,-0.2310,310,BP1 Curncy|CC1 Comdty|CD1 Curncy|CN1 Comdty|DF1 Comdty|DU1 Comdty|EC1 Curncy|ES1 Index|GC1 Comdty|GX1 Index|IJ1 Comdty|JB1 Comdty|JGS1 Index|LC1 Comdty|LH1 Comdty|MES1 Index|MWE1 Comdty|NG1 Comdty|NO1 Curncy|NO1 Index|NQ1 Index|NV1 Curncy|OE1 Comdty|PE1 Curncy|QS1 Comdty|QW1 Comdty|RS1 Comdty|RTY1 Index|S 1 Comdty|SCO1 Comdty|SE1 Curncy|SFR5 Comdty|SM1 Comdty|TU1 Comdty|TWT1 Index|UB1 Comdty|US1 Comdty|XM1 Comdty|XU1 Index|Z 1 Index,sub1M_40,all84
0.5318,0.5063,-0.8728,311,AD1 Curncy|CD1 Curncy|CF1 Index|CN1 Comdty|CO1 Comdty|EO1 Index|FC1 Comdty|FV1 Comdty|GX1 Index|IJ1 Comdty|IR4 Comdty|JB1 Comdty|JGS1 Index|JY1 Curncy|KC1 Comdty|LC1 Comdty|MES1 Index|MWE1 Comdty|NG1 Comdty|NO1 Curncy|NO1 Index|NQ1 Index|NV1 Curncy|OAT1 Comdty|PA1 Comdty|PE1 Curncy|PT1 Index|QW1 Comdty|RS1 Comdty|S 1 Comdty|SCO1 Comdty|SF1 Curncy|SFI5 Comdty|SFR5 Comdty|SM1 Comdty|SM1 Index|TU1 Comdty|UB1 Comdty|W 1 Comdty|XU1 Index,sub1M_40,all84
0.5553,0.6560,-0.5186,312,BP1 Curncy|C 1 Comdty|CA1 Comdty|CD1 Curncy|CN1 Comdty|DF1 Comdty|DM1 Index|EC1 Curncy|EO1 Index|ES1 Index|GX1 Index|HO1 Comdty|IK1 Comdty|IR4 Comdty|JB1 Comdty|JY1 Curncy|KC1 Comdty|KW1 Comdty|LC1 Comdty|LH1 Comdty|MES1 Index|NG1 Comdty|NQ1 Index|NV1 Curncy|PA1 Comdty|PE1 Curncy|PT1 Index|QC1 Comdty|RX1 Comdty|S 1 Comdty|SCO1 Comdty|SE1 Curncy|SFI5 Comdty|SFR5 Comdty|TP1 Index|TU1 Comdty|VG1 Index|W 1 Comdty|XM1 Comdty|Z 1 Index,sub1M_40,all84
0.4855,0.4473,-0.7515,313,AD1 Curncy|BP1 Curncy|CA1 Comdty|CC1 Comdty|CN1 Comdty|CT1 Comdty|DM1 Index|EC1 Curncy|EO1 Index|ES1 Index|FC1 Comdty|G 1 Comdty|GX1 Index|HG1 Comdty|HI1 Index|HO1 Comdty|IK1 Comdty|JGS1 Index|KW1 Comdty|LH1 Comdty|MES1 Index|MWE1 Comdty|NO1 Curncy|NQ1 Index|OAT1 Comdty|PE1 Curncy|PT1 Index|QC1 Index|RS1 Comdty|RX1 Comdty|SB1 Comdty|SCO1 Comdty|SE1 Curncy|SF1 Curncy|SFI5 Comdty|SFR5 Comdty|SM1 Comdty|TY1 Comdty|WN1 Comdty|XB1 Comdty,sub1M_40,all84
0.6138,0.3398,0.3539,314,AD1 Curncy|BP1 Curncy|C 1 Comdty|CC1 Comdty|CL1 Comdty|CN1 Comdty|CT1 Comdty|CUA1 Comdty|DF1 Comdty|DM1 Index|DU1 Comdty|EC1 Curncy|ES1 Index|FC1 Comdty|FV1 Comdty|GC1 Comdty|HI1 Index|JB1 Comdty|JGS1 Index|JY1 Curncy|KW1 Comdty|MWE1 Comdty|NO1 Index|NV1 Curncy|OE1 Comdty|PE1 Curncy|QC1 Comdty|QC1 Index|RS1 Comdty|S 1 Comdty|SF1 Curncy|SFR5 Comdty|SI1 Comdty|SM1 Index|TP1 Index|TU1 Comdty|UB1 Comdty|UXY1 Comdty|XP1 Index|XU1 Index,sub1M_40,all84
0.4312,0.3133,0.1096,315,BO1 Comdty|BP1 Curncy|CC1 Comdty|CF1 Index|DF1 Comdty|DM1 Index|EC1 Curncy|ER4 Comdty|ES1 Index|FC1 Comdty|FV1 Comdty|G 1 Comdty|GC1 Comdty|HO1 Comdty|IJ1 Comdty|JY1 Curncy|KW1 Comdty|LC1 Comdty|NO1 Curncy|NO1 Index|NQ1 Index|NV1 Curncy|OE1 Comdty|PE1 Curncy|PL1 Comdty|QC1 Comdty|QC1 Index|QS1 Comdty|S 1 Comdty|SE1 Curncy|SFI5 Comdty|TWT1 Index|UB1 Comdty|US1 Comdty|UXY1 Comdty|VG1 Index|W 1 Comdty|WN1 Comdty|XP1 Index|Z 1 Index,sub1M_40,all84
0.4834,0.3372,-0.2073,316,BO1 Comdty|BP1 Curncy|C 1 Comdty|CA1 Comdty|CC1 Comdty|CF1 Index|CL1 Comdty|CO1 Comdty|DU1 Comdty|EC1 Curncy|ES1 Index|FV1 Comdty|IR4 Comdty|JB1 Comdty|JY1 Curncy|KC1 Comdty|LH1 Comdty|MES1 Index|MWE1 Comdty|NQ1 Index|NV1 Curncy|OE1 Comdty|PA1 Comdty|PE1 Curncy|PT1 Index|QC1 Comdty|QC1 Index|RTY1 Index|RX1 Comdty|SB1 Comdty|SE1 Curncy|SF1 Curncy|SFR5 Comdty|SI1 Comdty|SM1 Comdty|SM1 Index|TWT1 Index|TY1 Comdty|WN1 Comdty|XU1 Index,sub1M_40,all84
0.4458,0.2318,-0.1195,317,BP1 Curncy|C 1 Comdty|CF1 Index|CN1 Comdty|DF1 Comdty|DM1 Index|EC1 Curncy|FC1 Comdty|G 1 Comdty|GC1 Comdty|HC1 Index|HG1 Comdty|HI1 Index|IJ1 Comdty|IK1 Comdty|IR4 Comdty|JY1 Curncy|LC1 Comdty|LH1 Comdty|MWE1 Comdty|NG1 Comdty|NO1 Curncy|NV1 Curncy|OE1 Comdty|QC1 Comdty|QC1 Index|QS1 Comdty|RX1 Comdty|SB1 Comdty|SE1 Curncy|SF1 Curncy|SFR5 Comdty|TP1 Index|UB1 Comdty|US1 Comdty|VG1 Index|W 1 Comdty|XP1 Index|XU1 Index|Z 1 Index,sub1M_40,all84
0.4897,0.2154,-0.1952,318,AD1 Curncy|C 1 Comdty|CA1 Comdty|CC1 Comdty|CD1 Curncy|CF1 Index|CUA1 Comdty|DF1 Comdty|EC1 Curncy|ER4 Comdty|FC1 Comdty|G 1 Comdty|GX1 Index|IR4 Comdty|JY1 Curncy|KW1 Comdty|NO1 Index|NQ1 Index|PE1 Curncy|PL1 Comdty|PT1 Index|QS1 Comdty|RS1 Comdty|S 1 Comdty|SB1 Comdty|SE1 Curncy|SF1 Curncy|SFI5 Comdty|SI1 Comdty|SM1 Comdty|SM1 Index|TP1 Index|TU1 Comdty|TWT1 Index|TY1 Comdty|UB1 Comdty|US1 Comdty|VG1 Index|WN1 Comdty|Z 1 Index,sub1M_40,all84
0.6503,0.3942,-0.7724,319,AD1 Curncy|BP1 Curncy|C 1 Comdty|CUA1 Comdty|DM1 Index|EC1 Curncy|ER4 Comdty|FC1 Comdty|FV1 Comdty|G 1 Comdty|GX1 Index|HI1 Index|HO1 Comdty|JY1 Curncy|KW1 Comdty|LC1 Comdty|LH1 Comdty|MES1 Index|NO1 Index|NV1 Curncy|OAT1 Comdty|PE1 Curncy|QC1 Index|QW1 Comdty|RS1 Comdty|RTY1 Index|RX1 Comdty|S 1 Comdty|SB1 Comdty|SCO1 Comdty|SF1 Curncy|SFI5 Comdty|SFR5 Comdty|SI1 Comdty|TP1 Index|UXY1 Comdty|VG1 Index|W 1 Comdty|XM1 Comdty|XP1 Index,sub1M_40,all84
0.2503,0.2731,-0.8644,320,AD1 Curncy|BP1 Curncy|CA1 Comdty|CC1 Comdty|CD1 Curncy|CF1 Index|CL1 Comdty|DU1 Comdty|EC1 Curncy|ES1 Index|GX1 Index|HC1 Index|HG1 Comdty|IK1 Comdty|IR4 Comdty|JB1 Comdty|JGS1 Index|KC1 Comdty|KW1 Comdty|LC1 Comdty|MWE1 Comdty|NO1 Curncy|NO1 Index|NV1 Curncy|QC1 Comdty|QW1 Comdty|RX1 Comdty|SB1 Comdty|SCO1 Comdty|SE1 Curncy|SFR5 Comdty|SM1 Index|TY1 Comdty|VG1 Index|W 1 Comdty|WN1 Comdty|XB1 Comdty|XM1 Comdty|XU1 Index|Z 1 Index,sub1M_40,all84
0.4191,0.2850,-0.6223,321,AD1 Curncy|BO1 Comdty|BP1 Curncy|CD1 Curncy|CN1 Comdty|DM1 Index|DU1 Comdty|EC1 Curncy|ER4 Comdty|ES1 Index|FC1 Comdty|GX1 Index|HC1 Index|HG1 Comdty|IJ1 Comdty|JB1 Comdty|JY1 Curncy|KC1 Comdty|LH1 Comdty|NG1 Comdty|NO1 Index|NQ1 Index|PA1 Comdty|QC1 Index|QS1 Comdty|QW1 Comdty|RS1 Comdty|SB1 Comdty|SE1 Curncy|SF1 Curncy|SFR5 Comdty|SM1 Comdty|TP1 Index|TU1 Comdty|TY1 Comdty|UB1 Comdty|VG1 Index|W 1 Comdty|XM1 Comdty|XP1 Index,sub1M_40,all84
0.4478,0.3953,-0.8409,322,AD1 Curncy|BO1 Comdty|BP1 Curncy|C 1 Comdty|CA1 Comdty|CD1 Curncy|DU1 Comdty|EC1 Curncy|ES1 Index|FC1 Comdty|FV1 Comdty|GX1 Index|HG1 Comdty|HI1 Index|IK1 Comdty|JGS1 Index|LH1 Comdty|MES1 Index|MWE1 Comdty|NG1 Comdty|NO1 Curncy|NO1 Index|NQ1 Index|NV1 Curncy|OE1 Comdty|QC1 Comdty|QW1 Comdty|RS1 Comdty|RX1 Comdty|SCO1 Comdty|SE1 Curncy|SFR5 Comdty|TWT1 Index|TY1 Comdty|US1 Comdty|VG1 Index|W 1 Comdty|XB1 Comdty|XM1 Comdty|XU1 Index,sub1M_40,all84
0.4705,0.3250,0.1429,323,BO1 Comdty|BP1 Curncy|C 1 Comdty|CD1 Curncy|CF1 Index|CN1 Comdty|CT1 Comdty|DF1 Comdty|DU1 Comdty|EC1 Curncy|ER4 Comdty|ES1 Index|G 1 Comdty|GC1 Comdty|HC1 Index|HI1 Index|HO1 Comdty|JB1 Comdty|JY1 Curncy|LC1 Comdty|LH1 Comdty|MWE1 Comdty|NO1 Curncy|NQ1 Index|PE1 Curncy|QC1 Index|QS1 Comdty|QW1 Comdty|RS1 Comdty|RX1 Comdty|SE1 Curncy|SFR5 Comdty|SI1 Comdty|SM1 Comdty|SM1 Index|TP1 Index|TWT1 Index|US1 Comdty|XM1 Comdty|Z 1 Index,sub1M_40,all84
0.3899,0.2601,-0.3839,324,AD1 Curncy|BP1 Curncy|C 1 Comdty|CA1 Comdty|CD1 Curncy|CT1 Comdty|DU1 Comdty|ER4 Comdty|FC1 Comdty|HI1 Index|HO1 Comdty|IR4 Comdty|JB1 Comdty|JY1 Curncy|KC1 Comdty|LC1 Comdty|MES1 Index|NO1 Curncy|OAT1 Comdty|OE1 Comdty|PA1 Comdty|PE1 Curncy|PT1 Index|QC1 Index|QS1 Comdty|QW1 Comdty|RTY1 Index|S 1 Comdty|SB1 Comdty|SE1 Curncy|SFI5 Comdty|SI1 Comdty|SM1 Index|TP1 Index|TWT1 Index|VG1 Index|W 1 Comdty|WN1 Comdty|XM1 Comdty|XU1 Index,sub1M_40,all84
0.3947,0.3618,-0.8474,325,AD1 Curncy|BO1 Comdty|BP1 Curncy|CA1 Comdty|CD1 Curncy|CL1 Comdty|DM1 Index|EC1 Curncy|ER4 Comdty|FC1 Comdty|FV1 Comdty|HC1 Index|HG1 Comdty|HI1 Index|IJ1 Comdty|IR4 Comdty|JB1 Comdty|KC1 Comdty|LC1 Comdty|MES1 Index|NQ1 Index|NV1 Curncy|OE1 Comdty|PE1 Curncy|QC1 Index|QS1 Comdty|RS1 Comdty|RX1 Comdty|S 1 Comdty|SB1 Comdty|SCO1 Comdty|SF1 Curncy|SM1 Index|TU1 Comdty|TWT1 Index|TY1 Comdty|UB1 Comdty|VG1 Index|W 1 Comdty|XP1 Index,sub1M_40,all84
0.6644,0.5680,-0.3011,326,AD1 Curncy|BP1 Curncy|C 1 Comdty|CA1 Comdty|CC1 Comdty|CF1 Index|CL1 Comdty|CN1 Comdty|CUA1 Comdty|DM1 Index|EC1 Curncy|ES1 Index|GC1 Comdty|HI1 Index|IJ1 Comdty|IR4 Comdty|JGS1 Index|JY1 Curncy|LC1 Comdty|NO1 Curncy|NQ1 Index|NV1 Curncy|OAT1 Comdty|PA1 Comdty|PE1 Curncy|QC1 Comdty|QW1 Comdty|RS1 Comdty|RX1 Comdty|S 1 Comdty|SFI5 Comdty|SM1 Comdty|SM1 Index|TWT1 Index|US1 Comdty|UXY1 Comdty|WN1 Comdty|XM1 Comdty|XU1 Index|Z 1 Index,sub1M_40,all84
0.5432,0.3499,-0.4810,327,BP1 Curncy|C 1 Comdty|CC1 Comdty|CD1 Curncy|CF1 Index|CN1 Comdty|CT1 Comdty|DF1 Comdty|DM1 Index|DU1 Comdty|EC1 Curncy|ER4 Comdty|ES1 Index|G 1 Comdty|GX1 Index|IK1 Comdty|JB1 Comdty|KC1 Comdty|KW1 Comdty|LH1 Comdty|NG1 Comdty|NO1 Curncy|NO1 Index|NQ1 Index|NV1 Curncy|PT1 Index|QS1 Comdty|QW1 Comdty|S 1 Comdty|SB1 Comdty|SCO1 Comdty|SE1 Curncy|SF1 Curncy|SFR5 Comdty|SI1 Comdty|TP1 Index|TWT1 Index|US1 Comdty|WN1 Comdty|Z 1 Index,sub1M_40,all84
0.4541,0.3282,-0.3073,328,BO1 Comdty|CD1 Curncy|CT1 Comdty|DF1 Comdty|EC1 Curncy|FC1 Comdty|FV1 Comdty|HC1 Index|HG1 Comdty|HI1 Index|IK1 Comdty|IR4 Comdty|JY1 Curncy|KC1 Comdty|KW1 Comdty|LH1 Comdty|MES1 Index|NG1 Comdty|NO1 Index|NQ1 Index|NV1 Curncy|OAT1 Comdty|OE1 Comdty|PA1 Comdty|PE1 Curncy|PT1 Index|QC1 Comdty|QC1 Index|RS1 Comdty|RTY1 Index|S 1 Comdty|SE1 Curncy|SF1 Curncy|SFR5 Comdty|TP1 Index|UB1 Comdty|US1 Comdty|XB1 Comdty|XM1 Comdty|XP1 Index,sub1M_40,all84
0.4547,0.3255,-0.9620,329,AD1 Curncy|BO1 Comdty|BP1 Curncy|C 1 Comdty|CD1 Curncy|CO1 Comdty|EO1 Index|ER4 Comdty|FC1 Comdty|HG1 Comdty|HI1 Index|IK1 Comdty|JY1 Curncy|LC1 Comdty|MWE1 Comdty|NO1 Curncy|NO1 Index|NQ1 Index|NV1 Curncy|OAT1 Comdty|OE1 Comdty|QC1 Comdty|QC1 Index|QW1 Comdty|RTY1 Index|RX1 Comdty|S 1 Comdty|SB1 Comdty|SCO1 Comdty|SE1 Curncy|SM1 Comdty|SM1 Index|TWT1 Index|UB1 Comdty|UXY1 Comdty|VG1 Index|WN1 Comdty|XB1 Comdty|XM1 Comdty|Z 1 Index,sub1M_40,all84
0.5395,0.2548,-0.1120,330,AD1 Curncy|BP1 Curncy|C 1 Comdty|CA1 Comdty|CC1 Comdty|CD1 Curncy|CF1 Index|CT1 Comdty|CUA1 Comdty|DF1 Comdty|EC1 Curncy|ER4 Comdty|ES1 Index|FC1 Comdty|G 1 Comdty|GC1 Comdty|GX1 Index|HG1 Comdty|IJ1 Comdty|IK1 Comdty|JB1 Comdty|JY1 Curncy|NO1 Curncy|NQ1 Index|OAT1 Comdty|QC1 Index|RS1 Comdty|RTY1 Index|RX1 Comdty|SB1 Comdty|SE1 Curncy|SM1 Index|TY1 Comdty|US1 Comdty|VG1 Index|W 1 Comdty|WN1 Comdty|XB1 Comdty|XP1 Index|Z 1 Index,sub1M_40,all84
0.6443,0.4668,-0.1937,331,AD1 Curncy|BP1 Curncy|CC1 Comdty|CD1 Curncy|CF1 Index|CN1 Comdty|CT1 Comdty|CUA1 Comdty|DF1 Comdty|DM1 Index|ES1 Index|G 1 Comdty|GC1 Comdty|HC1 Index|IJ1 Comdty|IK1 Comdty|JGS1 Index|JY1 Curncy|KC1 Comdty|LC1 Comdty|NO1 Curncy|PE1 Curncy|PT1 Index|QC1 Comdty|QW1 Comdty|RS1 Comdty|RTY1 Index|RX1 Comdty|S 1 Comdty|SCO1 Comdty|SF1 Curncy|TP1 Index|TU1 Comdty|TY1 Comdty|UB1 Comdty|US1 Comdty|VG1 Index|XB1 Comdty|XM1 Comdty|Z 1 Index,sub1M_40,all84
0.5770,0.4358,-0.5360,332,AD1 Curncy|BO1 Comdty|BP1 Curncy|C 1 Comdty|CA1 Comdty|CD1 Curncy|CF1 Index|CL1 Comdty|CN1 Comdty|CO1 Comdty|DF1 Comdty|EC1 Curncy|EO1 Index|ER4 Comdty|HC1 Index|IJ1 Comdty|IK1 Comdty|IR4 Comdty|JY1 Curncy|KW1 Comdty|LC1 Comdty|LH1 Comdty|MWE1 Comdty|NO1 Index|PE1 Curncy|PT1 Index|QC1 Index|RTY1 Index|RX1 Comdty|SCO1 Comdty|SE1 Curncy|SI1 Comdty|SM1 Comdty|TWT1 Index|TY1 Comdty|UB1 Comdty|US1 Comdty|WN1 Comdty|XP1 Index|Z 1 Index,sub1M_40,all84
0.3974,0.2332,-0.0367,333,AD1 Curncy|BP1 Curncy|CA1 Comdty|CD1 Curncy|CN1 Comdty|CT1 Comdty|DF1 Comdty|EC1 Curncy|EO1 Index|ER4 Comdty|FC1 Comdty|GX1 Index|HG1 Comdty|HO1 Comdty|JB1 Comdty|JGS1 Index|JY1 Curncy|LH1 Comdty|NO1 Index|NQ1 Index|OE1 Comdty|QC1 Comdty|QC1 Index|QS1 Comdty|RS1 Comdty|RX1 Comdty|S 1 Comdty|SE1 Curncy|SF1 Curncy|SFR5 Comdty|SI1 Comdty|SM1 Comdty|SM1 Index|TP1 Index|TY1 Comdty|VG1 Index|W 1 Comdty|WN1 Comdty|XM1 Comdty|XP1 Index,sub1M_40,all84
0.4471,0.3083,-0.4236,334,AD1 Curncy|BO1 Comdty|BP1 Curncy|CC1 Comdty|CF1 Index|CO1 Comdty|CT1 Comdty|EC1 Curncy|EO1 Index|FC1 Comdty|FV1 Comdty|G 1 Comdty|HI1 Index|JGS1 Index|JY1 Curncy|LC1 Comdty|LH1 Comdty|MES1 Index|MWE1 Comdty|NO1 Index|OAT1 Comdty|OE1 Comdty|PA1 Comdty|PE1 Curncy|PL1 Comdty|PT1 Index|QS1 Comdty|RS1 Comdty|RTY1 Index|RX1 Comdty|SB1 Comdty|SE1 Curncy|SF1 Curncy|SFR5 Comdty|TP1 Index|TU1 Comdty|US1 Comdty|W 1 Comdty|XM1 Comdty|XU1 Index,sub1M_40,all84
-0.0008,-0.1354,-0.9627,335,AD1 Curncy|CC1 Comdty|CD1 Curncy|CF1 Index|CL1 Comdty|CN1 Comdty|CT1 Comdty|DU1 Comdty|EC1 Curncy|EO1 Index|ER4 Comdty|G 1 Comdty|GX1 Index|HC1 Index|HG1 Comdty|IJ1 Comdty|JGS1 Index|KC1 Comdty|MES1 Index|MWE1 Comdty|NV1 Curncy|OAT1 Comdty|PE1 Curncy|PL1 Comdty|PT1 Index|QW1 Comdty|RS1 Comdty|RTY1 Index|SB1 Comdty|SE1 Curncy|SF1 Curncy|SFI5 Comdty|SM1 Comdty|TU1 Comdty|UB1 Comdty|UXY1 Comdty|W 1 Comdty|XB1 Comdty|XP1 Index|Z 1 Index,sub1M_40,all84
0.5722,0.4093,-0.0243,336,AD1 Curncy|C 1 Comdty|CA1 Comdty|CUA1 Comdty|DM1 Index|DU1 Comdty|ER4 Comdty|ES1 Index|FC1 Comdty|GC1 Comdty|GX1 Index|HC1 Index|HG1 Comdty|HI1 Index|HO1 Comdty|JY1 Curncy|KC1 Comdty|KW1 Comdty|LC1 Comdty|LH1 Comdty|MES1 Index|MWE1 Comdty|NO1 Curncy|NQ1 Index|NV1 Curncy|OE1 Comdty|PE1 Curncy|QW1 Comdty|S 1 Comdty|SE1 Curncy|SF1 Curncy|SFI5 Comdty|TU1 Comdty|TWT1 Index|TY1 Comdty|UB1 Comdty|US1 Comdty|WN1 Comdty|XU1 Index|Z 1 Index,sub1M_40,all84
0.3435,0.1408,-0.2454,337,AD1 Curncy|BO1 Comdty|BP1 Curncy|C 1 Comdty|CA1 Comdty|CF1 Index|CN1 Comdty|CO1 Comdty|DM1 Index|DU1 Comdty|EO1 Index|ER4 Comdty|FC1 Comdty|GC1 Comdty|HI1 Index|IJ1 Comdty|JY1 Curncy|KC1 Comdty|LC1 Comdty|MES1 Index|NO1 Curncy|NO1 Index|NV1 Curncy|OE1 Comdty|PE1 Curncy|PL1 Comdty|RS1 Comdty|RX1 Comdty|SB1 Comdty|SE1 Curncy|SM1 Index|TP1 Index|TU1 Comdty|TY1 Comdty|UB1 Comdty|W 1 Comdty|XB1 Comdty|XM1 Comdty|XP1 Index|Z 1 Index,sub1M_40,all84
0.4203,0.3759,-0.4047,338,BO1 Comdty|C 1 Comdty|CD1 Curncy|CF1 Index|CL1 Comdty|CN1 Comdty|CT1 Comdty|DF1 Comdty|DU1 Comdty|EC1 Curncy|EO1 Index|ES1 Index|FC1 Comdty|HC1 Index|HG1 Comdty|JB1 Comdty|JY1 Curncy|LC1 Comdty|LH1 Comdty|NG1 Comdty|NO1 Curncy|NO1 Index|NQ1 Index|NV1 Curncy|OAT1 Comdty|PA1 Comdty|PE1 Curncy|PT1 Index|RS1 Comdty|RTY1 Index|S 1 Comdty|SE1 Curncy|SFR5 Comdty|SM1 Comdty|TU1 Comdty|TWT1 Index|UB1 Comdty|US1 Comdty|UXY1 Comdty|XU1 Index,sub1M_40,all84
0.3858,0.2901,-0.5161,339,AD1 Curncy|BO1 Comdty|BP1 Curncy|CA1 Comdty|CN1 Comdty|DF1 Comdty|DM1 Index|DU1 Comdty|EC1 Curncy|ER4 Comdty|ES1 Index|FC1 Comdty|FV1 Comdty|HG1 Comdty|HI1 Index|HO1 Comdty|JGS1 Index|JY1 Curncy|KC1 Comdty|KW1 Comdty|MES1 Index|NG1 Comdty|NO1 Curncy|NO1 Index|PA1 Comdty|PE1 Curncy|PT1 Index|QC1 Comdty|QC1 Index|RX1 Comdty|S 1 Comdty|SB1 Comdty|SF1 Curncy|SFI5 Comdty|UB1 Comdty|US1 Comdty|UXY1 Comdty|VG1 Index|W 1 Comdty|XU1 Index,sub1M_40,all84
0.3362,0.2520,-0.0203,340,AD1 Curncy|BO1 Comdty|BP1 Curncy|CN1 Comdty|CT1 Comdty|EC1 Curncy|ER4 Comdty|FV1 Comdty|GC1 Comdty|HC1 Index|HI1 Index|IR4 Comdty|JB1 Comdty|KC1 Comdty|KW1 Comdty|LH1 Comdty|NO1 Curncy|NQ1 Index|NV1 Curncy|OAT1 Comdty|PE1 Curncy|PL1 Comdty|PT1 Index|QC1 Comdty|QC1 Index|QS1 Comdty|QW1 Comdty|S 1 Comdty|SB1 Comdty|SF1 Curncy|SFI5 Comdty|SM1 Index|TP1 Index|TU1 Comdty|TWT1 Index|TY1 Comdty|VG1 Index|W 1 Comdty|XB1 Comdty|XP1 Index,sub1M_40,all84
0.4664,0.3804,-0.7884,341,CD1 Curncy|CF1 Index|CL1 Comdty|CT1 Comdty|CUA1 Comdty|DM1 Index|EC1 Curncy|EO1 Index|ES1 Index|FC1 Comdty|G 1 Comdty|GX1 Index|HG1 Comdty|HI1 Index|IJ1 Comdty|IR4 Comdty|JY1 Curncy|KW1 Comdty|LH1 Comdty|MWE1 Comdty|NO1 Curncy|NV1 Curncy|PA1 Comdty|PE1 Curncy|QC1 Comdty|QW1 Comdty|RS1 Comdty|S 1 Comdty|SE1 Curncy|SFI5 Comdty|SM1 Index|TU1 Comdty|TWT1 Index|TY1 Comdty|US1 Comdty|UXY1 Comdty|WN1 Comdty|XM1 Comdty|XP1 Index|Z 1 Index,sub1M_40,all84
0.5202,0.1278,-0.5207,342,BP1 Curncy|C 1 Comdty|CA1 Comdty|CC1 Comdty|CD1 Curncy|CN1 Comdty|CO1 Comdty|CT1 Comdty|CUA1 Comdty|DM1 Index|DU1 Comdty|EC1 Curncy|EO1 Index|FC1 Comdty|GX1 Index|HI1 Index|IK1 Comdty|IR4 Comdty|JY1 Curncy|LH1 Comdty|MES1 Index|NO1 Curncy|OAT1 Comdty|OE1 Comdty|PE1 Curncy|PL1 Comdty|PT1 Index|RS1 Comdty|RTY1 Index|RX1 Comdty|S 1 Comdty|SB1 Comdty|SF1 Curncy|SI1 Comdty|SM1 Comdty|SM1 Index|TP1 Index|UB1 Comdty|UXY1 Comdty|XU1 Index,sub1M_40,all84
0.4393,0.2905,-0.4716,343,BP1 Curncy|CA1 Comdty|CC1 Comdty|CD1 Curncy|CF1 Index|CN1 Comdty|CUA1 Comdty|DM1 Index|EC1 Curncy|EO1 Index|ER4 Comdty|FC1 Comdty|GX1 Index|HG1 Comdty|IK1 Comdty|KC1 Comdty|KW1 Comdty|LC1 Comdty|NQ1 Index|NV1 Curncy|PA1 Comdty|PE1 Curncy|QC1 Comdty|S 1 Comdty|SE1 Curncy|SF1 Curncy|SM1 Comdty|SM1 Index|TP1 Index|TU1 Comdty|TWT1 Index|TY1 Comdty|UB1 Comdty|US1 Comdty|UXY1 Comdty|W 1 Comdty|WN1 Comdty|XB1 Comdty|XP1 Index|Z 1 Index,sub1M_40,all84
0.5316,0.4425,-0.7172,344,AD1 Curncy|BO1 Comdty|BP1 Curncy|C 1 Comdty|CC1 Comdty|CD1 Curncy|CN1 Comdty|CUA1 Comdty|DF1 Comdty|DM1 Index|FC1 Comdty|FV1 Comdty|HI1 Index|HO1 Comdty|IJ1 Comdty|IK1 Comdty|JB1 Comdty|JY1 Curncy|KC1 Comdty|KW1 Comdty|NO1 Curncy|NQ1 Index|NV1 Curncy|PL1 Comdty|SB1 Comdty|SCO1 Comdty|SF1 Curncy|SFI5 Comdty|SFR5 Comdty|SM1 Index|TP1 Index|TU1 Comdty|TWT1 Index|TY1 Comdty|UXY1 Comdty|VG1 Index|W 1 Comdty|XP1 Index|XU1 Index|Z 1 Index,sub1M_40,all84
0.4270,0.2698,-0.4535,345,AD1 Curncy|C 1 Comdty|CL1 Comdty|CT1 Comdty|DF1 Comdty|DM1 Index|DU1 Comdty|EC1 Curncy|EO1 Index|ES1 Index|FC1 Comdty|FV1 Comdty|G 1 Comdty|HC1 Index|HI1 Index|JGS1 Index|JY1 Curncy|KW1 Comdty|LH1 Comdty|MWE1 Comdty|NG1 Comdty|NO1 Curncy|NO1 Index|NQ1 Index|NV1 Curncy|OAT1 Comdty|PA1 Comdty|PE1 Curncy|RS1 Comdty|RTY1 Index|S 1 Comdty|SE1 Curncy|SFI5 Comdty|SI1 Comdty|TY1 Comdty|US1 Comdty|W 1 Comdty|WN1 Comdty|XM1 Comdty|XP1 Index,sub1M_40,all84
0.1572,-0.0989,-0.3588,346,AD1 Curncy|BP1 Curncy|C 1 Comdty|CC1 Comdty|CD1 Curncy|CF1 Index|CT1 Comdty|DM1 Index|DU1 Comdty|EO1 Index|ES1 Index|G 1 Comdty|GX1 Index|IJ1 Comdty|JB1 Comdty|JGS1 Index|JY1 Curncy|KC1 Comdty|KW1 Comdty|NG1 Comdty|NO1 Curncy|NO1 Index|OAT1 Comdty|PE1 Curncy|PL1 Comdty|QC1 Comdty|RS1 Comdty|S 1 Comdty|SF1 Curncy|SI1 Comdty|SM1 Comdty|SM1 Index|TY1 Comdty|US1 Comdty|UXY1 Comdty|WN1 Comdty|XB1 Comdty|XM1 Comdty|XP1 Index|XU1 Index,sub1M_40,all84
0.3625,0.1832,-0.6324,347,AD1 Curncy|BO1 Comdty|BP1 Curncy|C 1 Comdty|CD1 Curncy|CF1 Index|CN1 Comdty|CO1 Comdty|DM1 Index|EC1 Curncy|FC1 Comdty|IK1 Comdty|IR4 Comdty|JB1 Comdty|JY1 Curncy|KW1 Comdty|LC1 Comdty|LH1 Comdty|NO1 Curncy|NO1 Index|NV1 Curncy|PA1 Comdty|PT1 Index|QC1 Comdty|QC1 Index|RS1 Comdty|RTY1 Index|RX1 Comdty|SB1 Comdty|SFI5 Comdty|SI1 Comdty|SM1 Comdty|TP1 Index|TU1 Comdty|US1 Comdty|VG1 Index|WN1 Comdty|XB1 Comdty|XP1 Index|Z 1 Index,sub1M_40,all84
0.5135,0.4960,-0.5219,348,AD1 Curncy|BO1 Comdty|BP1 Curncy|CA1 Comdty|CC1 Comdty|CO1 Comdty|CT1 Comdty|DF1 Comdty|DU1 Comdty|EO1 Index|ER4 Comdty|ES1 Index|GX1 Index|HC1 Index|HO1 Comdty|IK1 Comdty|IR4 Comdty|JGS1 Index|JY1 Curncy|KC1 Comdty|LH1 Comdty|NO1 Curncy|NO1 Index|OAT1 Comdty|OE1 Comdty|PE1 Curncy|PL1 Comdty|PT1 Index|QC1 Comdty|QC1 Index|QW1 Comdty|SB1 Comdty|SCO1 Comdty|SE1 Curncy|SF1 Curncy|SFR5 Comdty|SM1 Index|TU1 Comdty|VG1 Index|XM1 Comdty,sub1M_40,all84
0.7243,0.6172,-0.9460,349,BO1 Comdty|C 1 Comdty|CC1 Comdty|CD1 Curncy|CF1 Index|CO1 Comdty|CT1 Comdty|CUA1 Comdty|DM1 Index|EC1 Curncy|ER4 Comdty|ES1 Index|FV1 Comdty|HC1 Index|IK1 Comdty|JB1 Comdty|JY1 Curncy|KW1 Comdty|LH1 Comdty|MES1 Index|MWE1 Comdty|NO1 Curncy|NV1 Curncy|OE1 Comdty|PA1 Comdty|PT1 Index|RS1 Comdty|RTY1 Index|S 1 Comdty|SCO1 Comdty|SE1 Curncy|SF1 Curncy|SM1 Index|TP1 Index|TU1 Comdty|TY1 Comdty|UB1 Comdty|US1 Comdty|W 1 Comdty|XU1 Index,sub1M_40,all84
0.6477,0.4487,-0.4076,350,AD1 Curncy|BP1 Curncy|C 1 Comdty|CA1 Comdty|CF1 Index|CN1 Comdty|CUA1 Comdty|DF1 Comdty|EC1 Curncy|EO1 Index|GC1 Comdty|GX1 Index|HI1 Index|IK1 Comdty|JB1 Comdty|KC1 Comdty|KW1 Comdty|LH1 Comdty|NV1 Curncy|PE1 Curncy|PT1 Index|QC1 Index|QW1 Comdty|RS1 Comdty|RX1 Comdty|SB1 Comdty|SCO1 Comdty|SE1 Curncy|SF1 Curncy|SFI5 Comdty|SM1 Index|TP1 Index|TY1 Comdty|UB1 Comdty|US1 Comdty|UXY1 Comdty|VG1 Index|W 1 Comdty|XB1 Comdty|XP1 Index,sub1M_40,all84
0.4136,0.2621,0.2361,351,AD1 Curncy|C 1 Comdty|CA1 Comdty|CC1 Comdty|CD1 Curncy|CT1 Comdty|EC1 Curncy|FV1 Comdty|G 1 Comdty|GC1 Comdty|HC1 Index|IJ1 Comdty|JB1 Comdty|JY1 Curncy|LC1 Comdty|LH1 Comdty|NG1 Comdty|NO1 Index|OAT1 Comdty|PE1 Curncy|PL1 Comdty|PT1 Index|QC1 Index|QW1 Comdty|RS1 Comdty|RX1 Comdty|SB1 Comdty|SE1 Curncy|SF1 Curncy|SFI5 Comdty|SM1 Index|TP1 Index|TU1 Comdty|TWT1 Index|US1 Comdty|XB1 Comdty|XM1 Comdty|XP1 Index|XU1 Index|Z 1 Index,sub1M_40,all84
0.5525,0.6367,-0.8400,352,BO1 Comdty|BP1 Curncy|C 1 Comdty|CA1 Comdty|CC1 Comdty|CD1 Curncy|CF1 Index|CL1 Comdty|CT1 Comdty|DF1 Comdty|DM1 Index|EC1 Curncy|EO1 Index|HC1 Index|IJ1 Comdty|IK1 Comdty|JY1 Curncy|LC1 Comdty|MES1 Index|NO1 Curncy|PA1 Comdty|PE1 Curncy|PT1 Index|QC1 Index|QS1 Comdty|RS1 Comdty|RTY1 Index|SCO1 Comdty|SE1 Curncy|SFI5 Comdty|SFR5 Comdty|SM1 Index|TY1 Comdty|UB1 Comdty|US1 Comdty|UXY1 Comdty|W 1 Comdty|WN1 Comdty|XM1 Comdty|XP1 Index,sub1M_40,all84
0.3508,0.2966,-0.5258,353,AD1 Curncy|BO1 Comdty|BP1 Curncy|CC1 Comdty|CD1 Curncy|CF1 Index|CL1 Comdty|CN1 Comdty|DF1 Comdty|DM1 Index|EC1 Curncy|ES1 Index|FC1 Comdty|FV1 Comdty|G 1 Comdty|GX1 Index|JY1 Curncy|LC1 Comdty|NQ1 Index|NV1 Curncy|OAT1 Comdty|OE1 Comdty|PA1 Comdty|PL1 Comdty|PT1 Index|QC1 Comdty|QC1 Index|QS1 Comdty|QW1 Comdty|RS1 Comdty|RTY1 Index|S 1 Comdty|SE1 Curncy|SFR5 Comdty|TWT1 Index|TY1 Comdty|UB1 Comdty|W 1 Comdty|XM1 Comdty|XU1 Index,sub1M_40,all84
0.5420,0.5443,-0.6552,354,AD1 Curncy|BO1 Comdty|BP1 Curncy|CA1 Comdty|CN1 Comdty|CT1 Comdty|DF1 Comdty|DM1 Index|EC1 Curncy|ES1 Index|FC1 Comdty|JY1 Curncy|KC1 Comdty|LH1 Comdty|MES1 Index|MWE1 Comdty|NO1 Index|NV1 Curncy|OAT1 Comdty|OE1 Comdty|PA1 Comdty|QC1 Index|QS1 Comdty|RS1 Comdty|RX1 Comdty|SCO1 Comdty|SE1 Curncy|SF1 Curncy|SM1 Index|TU1 Comdty|TWT1 Index|TY1 Comdty|UB1 Comdty|VG1 Index|W 1 Comdty|WN1 Comdty|XB1 Comdty|XM1 Comdty|XU1 Index|Z 1 Index,sub1M_40,all84
0.5457,0.4276,-0.5544,355,AD1 Curncy|BP1 Curncy|CD1 Curncy|CF1 Index|DF1 Comdty|EC1 Curncy|ES1 Index|FC1 Comdty|FV1 Comdty|HI1 Index|IJ1 Comdty|IK1 Comdty|JB1 Comdty|JY1 Curncy|KC1 Comdty|LH1 Comdty|MWE1 Comdty|NG1 Comdty|NO1 Index|NQ1 Index|NV1 Curncy|OAT1 Comdty|OE1 Comdty|PE1 Curncy|PL1 Comdty|PT1 Index|QC1 Comdty|RS1 Comdty|RTY1 Index|SB1 Comdty|SCO1 Comdty|SFR5 Comdty|TP1 Index|TY1 Comdty|UXY1 Comdty|VG1 Index|W 1 Comdty|XB1 Comdty|XM1 Comdty|XP1 Index,sub1M_40,all84
0.4621,0.5713,-0.5311,356,CA1 Comdty|CC1 Comdty|CD1 Curncy|CN1 Comdty|DF1 Comdty|DU1 Comdty|EO1 Index|ER4 Comdty|GX1 Index|HI1 Index|HO1 Comdty|IJ1 Comdty|IK1 Comdty|IR4 Comdty|JB1 Comdty|JY1 Curncy|KW1 Comdty|LH1 Comdty|MES1 Index|NO1 Curncy|NQ1 Index|NV1 Curncy|OE1 Comdty|PA1 Comdty|PE1 Curncy|PT1 Index|QC1 Index|QW1 Comdty|RS1 Comdty|S 1 Comdty|SCO1 Comdty|SE1 Curncy|SF1 Curncy|SFR5 Comdty|TP1 Index|TWT1 Index|VG1 Index|W 1 Comdty|WN1 Comdty|XB1 Comdty,sub1M_40,all84
0.4943,0.2460,0.0571,357,AD1 Curncy|BO1 Comdty|BP1 Curncy|CC1 Comdty|CD1 Curncy|CUA1 Comdty|DF1 Comdty|DM1 Index|DU1 Comdty|ES1 Index|FV1 Comdty|GC1 Comdty|GX1 Index|HI1 Index|IJ1 Comdty|JB1 Comdty|JGS1 Index|JY1 Curncy|LC1 Comdty|LH1 Comdty|NV1 Curncy|OAT1 Comdty|OE1 Comdty|PE1 Curncy|QC1 Index|QW1 Comdty|RTY1 Index|S 1 Comdty|SE1 Curncy|SFR5 Comdty|SI1 Comdty|SM1 Comdty|TWT1 Index|US1 Comdty|UXY1 Comdty|VG1 Index|W 1 Comdty|WN1 Comdty|XB1 Comdty|XP1 Index,sub1M_40,all84
0.1758,0.0996,-0.5809,358,AD1 Curncy|BP1 Curncy|CN1 Comdty|CT1 Comdty|DM1 Index|EC1 Curncy|ER4 Comdty|G 1 Comdty|GX1 Index|HC1 Index|HG1 Comdty|HI1 Index|IJ1 Comdty|IR4 Comdty|JGS1 Index|LC1 Comdty|LH1 Comdty|NG1 Comdty|NO1 Curncy|PE1 Curncy|PL1 Comdty|QC1 Comdty|RS1 Comdty|RTY1 Index|S 1 Comdty|SB1 Comdty|SE1 Curncy|SF1 Curncy|SFR5 Comdty|SM1 Comdty|SM1 Index|TP1 Index|TU1 Comdty|TWT1 Index|TY1 Comdty|US1 Comdty|UXY1 Comdty|VG1 Index|W 1 Comdty|XB1 Comdty,sub1M_40,all84
0.2335,0.1429,-0.4355,359,AD1 Curncy|BO1 Comdty|CC1 Comdty|CD1 Curncy|CT1 Comdty|EC1 Curncy|EO1 Index|ER4 Comdty|ES1 Index|FV1 Comdty|G 1 Comdty|GX1 Index|HG1 Comdty|IJ1 Comdty|IR4 Comdty|JGS1 Index|JY1 Curncy|KC1 Comdty|MWE1 Comdty|NQ1 Index|NV1 Curncy|OAT1 Comdty|PE1 Curncy|PL1 Comdty|QC1 Comdty|QC1 Index|QS1 Comdty|QW1 Comdty|S 1 Comdty|SB1 Comdty|SF1 Curncy|SFI5 Comdty|TU1 Comdty|TWT1 Index|TY1 Comdty|UB1 Comdty|XB1 Comdty|XP1 Index|XU1 Index|Z 1 Index,sub1M_40,all84
0.8546,0.7106,-0.2079,360,AD1 Curncy|BP1 Curncy|CA1 Comdty|CD1 Curncy|CL1 Comdty|CT1 Comdty|CUA1 Comdty|EC1 Curncy|EO1 Index|ES1 Index|GC1 Comdty|HC1 Index|IJ1 Comdty|IK1 Comdty|JY1 Curncy|KC1 Comdty|KW1 Comdty|LH1 Comdty|NO1 Curncy|NO1 Index|NQ1 Index|OAT1 Comdty|OE1 Comdty|QC1 Comdty|QW1 Comdty|RTY1 Index|SCO1 Comdty|SE1 Curncy|SFI5 Comdty|SFR5 Comdty|SM1 Comdty|SM1 Index|TU1 Comdty|TWT1 Index|TY1 Comdty|VG1 Index|W 1 Comdty|WN1 Comdty|XM1 Comdty|XU1 Index,sub1M_40,all84
0.2034,0.0206,-0.7296,361,AD1 Curncy|BP1 Curncy|C 1 Comdty|CA1 Comdty|CC1 Comdty|CD1 Curncy|CF1 Index|CT1 Comdty|DF1 Comdty|DU1 Comdty|EC1 Curncy|EO1 Index|FV1 Comdty|GX1 Index|HG1 Comdty|IJ1 Comdty|IK1 Comdty|JY1 Curncy|LH1 Comdty|NG1 Comdty|NQ1 Index|NV1 Curncy|OAT1 Comdty|OE1 Comdty|PL1 Comdty|QW1 Comdty|RS1 Comdty|RTY1 Index|SB1 Comdty|SF1 Curncy|SFI5 Comdty|TWT1 Index|UB1 Comdty|UXY1 Comdty|VG1 Index|XB1 Comdty|XM1 Comdty|XP1 Index|XU1 Index|Z 1 Index,sub1M_40,all84
0.3769,0.3626,-0.1113,362,AD1 Curncy|BP1 Curncy|C 1 Comdty|CC1 Comdty|CD1 Curncy|CF1 Index|CN1 Comdty|CT1 Comdty|DU1 Comdty|EO1 Index|FV1 Comdty|GC1 Comdty|HC1 Index|HO1 Comdty|IR4 Comdty|JY1 Curncy|KC1 Comdty|KW1 Comdty|LH1 Comdty|NO1 Curncy|OAT1 Comdty|PA1 Comdty|QC1 Index|QS1 Comdty|QW1 Comdty|RS1 Comdty|RX1 Comdty|SB1 Comdty|SE1 Curncy|SF1 Curncy|SFI5 Comdty|SM1 Comdty|SM1 Index|TP1 Index|TU1 Comdty|TWT1 Index|UXY1 Comdty|XP1 Index|XU1 Index|Z 1 Index,sub1M_40,all84
0.4399,0.4678,0.0766,363,BP1 Curncy|C 1 Comdty|CA1 Comdty|CC1 Comdty|CD1 Curncy|DF1 Comdty|DM1 Index|DU1 Comdty|EC1 Curncy|ES1 Index|FV1 Comdty|GC1 Comdty|HI1 Index|IJ1 Comdty|IR4 Comdty|JB1 Comdty|JGS1 Index|KW1 Comdty|LC1 Comdty|NG1 Comdty|NO1 Index|NV1 Curncy|PA1 Comdty|PE1 Curncy|QS1 Comdty|S 1 Comdty|SB1 Comdty|SE1 Curncy|SF1 Curncy|SFI5 Comdty|SFR5 Comdty|SM1 Comdty|SM1 Index|TP1 Index|TU1 Comdty|TY1 Comdty|UXY1 Comdty|XP1 Index|XU1 Index|Z 1 Index,sub1M_40,all84
0.5637,0.4010,-0.3146,364,BP1 Curncy|CA1 Comdty|CC1 Comdty|CD1 Curncy|CUA1 Comdty|EC1 Curncy|EO1 Index|FC1 Comdty|FV1 Comdty|HI1 Index|IJ1 Comdty|JY1 Curncy|KC1 Comdty|KW1 Comdty|NQ1 Index|NV1 Curncy|PA1 Comdty|PL1 Comdty|PT1 Index|QC1 Comdty|QC1 Index|QS1 Comdty|QW1 Comdty|RTY1 Index|RX1 Comdty|SE1 Curncy|SF1 Curncy|SFI5 Comdty|SFR5 Comdty|SM1 Comdty|SM1 Index|TU1 Comdty|TWT1 Index|TY1 Comdty|UB1 Comdty|UXY1 Comdty|W 1 Comdty|WN1 Comdty|XP1 Index|Z 1 Index,sub1M_40,all84
0.6030,0.2308,-0.0504,365,BO1 Comdty|BP1 Curncy|CC1 Comdty|CD1 Curncy|CF1 Index|CT1 Comdty|CUA1 Comdty|DM1 Index|ER4 Comdty|G 1 Comdty|GC1 Comdty|GX1 Index|HC1 Index|IJ1 Comdty|IK1 Comdty|JGS1 Index|JY1 Curncy|KW1 Comdty|LC1 Comdty|LH1 Comdty|MES1 Index|MWE1 Comdty|NG1 Comdty|NO1 Index|NQ1 Index|NV1 Curncy|OAT1 Comdty|OE1 Comdty|PE1 Curncy|SE1 Curncy|SF1 Curncy|SFR5 Comdty|SI1 Comdty|SM1 Comdty|SM1 Index|TP1 Index|TY1 Comdty|UB1 Comdty|W 1 Comdty|XM1 Comdty,sub1M_40,all84
0.5906,0.4304,-0.7077,366,AD1 Curncy|BP1 Curncy|C 1 Comdty|CC1 Comdty|CD1 Curncy|CF1 Index|CO1 Comdty|DF1 Comdty|ES1 Index|FV1 Comdty|HI1 Index|IJ1 Comdty|IK1 Comdty|KC1 Comdty|LC1 Comdty|MES1 Index|NO1 Curncy|NO1 Index|OAT1 Comdty|PE1 Curncy|PT1 Index|QC1 Index|QS1 Comdty|QW1 Comdty|RS1 Comdty|RTY1 Index|RX1 Comdty|S 1 Comdty|SCO1 Comdty|SE1 Curncy|SF1 Curncy|SFI5 Comdty|SFR5 Comdty|SI1 Comdty|SM1 Comdty|UXY1 Comdty|VG1 Index|WN1 Comdty|XM1 Comdty|Z 1 Index,sub1M_40,all84
0.3597,0.2027,-0.5985,367,AD1 Curncy|BO1 Comdty|BP1 Curncy|CA1 Comdty|CD1 Curncy|CF1 Index|CN1 Comdty|CT1 Comdty|DM1 Index|GX1 Index|HC1 Index|HI1 Index|IK1 Comdty|IR4 Comdty|JY1 Curncy|KC1 Comdty|KW1 Comdty|LH1 Comdty|NO1 Curncy|NO1 Index|NQ1 Index|OE1 Comdty|PA1 Comdty|PE1 Curncy|QS1 Comdty|QW1 Comdty|RS1 Comdty|RTY1 Index|S 1 Comdty|SF1 Curncy|SFI5 Comdty|SFR5 Comdty|SI1 Comdty|SM1 Comdty|SM1 Index|TU1 Comdty|UB1 Comdty|US1 Comdty|XB1 Comdty|Z 1 Index,sub1M_40,all84
0.4198,0.3005,-0.5088,368,CA1 Comdty|CC1 Comdty|CF1 Index|CN1 Comdty|CO1 Comdty|EC1 Curncy|ER4 Comdty|ES1 Index|FC1 Comdty|GX1 Index|HC1 Index|HG1 Comdty|IR4 Comdty|JB1 Comdty|JY1 Curncy|KC1 Comdty|KW1 Comdty|LH1 Comdty|MWE1 Comdty|NO1 Curncy|NV1 Curncy|OE1 Comdty|PA1 Comdty|PE1 Curncy|QC1 Index|QS1 Comdty|RS1 Comdty|RTY1 Index|RX1 Comdty|SB1 Comdty|SE1 Curncy|SF1 Curncy|SM1 Index|TWT1 Index|TY1 Comdty|W 1 Comdty|WN1 Comdty|XM1 Comdty|XP1 Index|XU1 Index,sub1M_40,all84
0.4003,0.3181,-0.4295,369,BO1 Comdty|CD1 Curncy|CF1 Index|DM1 Index|EC1 Curncy|HC1 Index|HI1 Index|HO1 Comdty|JY1 Curncy|KW1 Comdty|LC1 Comdty|LH1 Comdty|MES1 Index|MWE1 Comdty|NO1 Curncy|NQ1 Index|NV1 Curncy|OAT1 Comdty|PA1 Comdty|PE1 Curncy|QC1 Comdty|QS1 Comdty|QW1 Comdty|RS1 Comdty|RTY1 Index|RX1 Comdty|S 1 Comdty|SF1 Curncy|SFR5 Comdty|SI1 Comdty|SM1 Comdty|SM1 Index|TU1 Comdty|TWT1 Index|TY1 Comdty|UB1 Comdty|US1 Comdty|WN1 Comdty|XM1 Comdty|XP1 Index,sub1M_40,all84
0.4504,0.3795,0.0248,370,BO1 Comdty|C 1 Comdty|CA1 Comdty|CC1 Comdty|CD1 Curncy|CT1 Comdty|EC1 Curncy|ES1 Index|FV1 Comdty|GC1 Comdty|GX1 Index|HC1 Index|HI1 Index|HO1 Comdty|IK1 Comdty|JGS1 Index|JY1 Curncy|LC1 Comdty|NG1 Comdty|NO1 Curncy|NQ1 Index|NV1 Curncy|OE1 Comdty|PA1 Comdty|QC1 Comdty|RX1 Comdty|S 1 Comdty|SE1 Curncy|SF1 Curncy|SFI5 Comdty|SM1 Comdty|SM1 Index|TY1 Comdty|US1 Comdty|UXY1 Comdty|W 1 Comdty|WN1 Comdty|XP1 Index|XU1 Index|Z 1 Index,sub1M_40,all84
0.5440,0.4439,-0.5358,371,AD1 Curncy|BP1 Curncy|CL1 Comdty|CT1 Comdty|DF1 Comdty|DM1 Index|DU1 Comdty|EC1 Curncy|EO1 Index|ER4 Comdty|ES1 Index|FV1 Comdty|HC1 Index|IR4 Comdty|JB1 Comdty|JGS1 Index|KC1 Comdty|LC1 Comdty|LH1 Comdty|NQ1 Index|NV1 Curncy|PE1 Curncy|QC1 Comdty|QS1 Comdty|QW1 Comdty|RS1 Comdty|S 1 Comdty|SCO1 Comdty|SE1 Curncy|SF1 Curncy|SFI5 Comdty|SFR5 Comdty|SI1 Comdty|SM1 Comdty|SM1 Index|TP1 Index|UB1 Comdty|VG1 Index|WN1 Comdty|Z 1 Index,sub1M_40,all84
0.4735,0.3642,-0.1566,372,AD1 Curncy|BO1 Comdty|BP1 Curncy|CD1 Curncy|CN1 Comdty|CO1 Comdty|CT1 Comdty|DF1 Comdty|DM1 Index|ES1 Index|FV1 Comdty|G 1 Comdty|GC1 Comdty|HG1 Comdty|IK1 Comdty|IR4 Comdty|JGS1 Index|JY1 Curncy|KC1 Comdty|KW1 Comdty|LC1 Comdty|LH1 Comdty|MWE1 Comdty|NG1 Comdty|NO1 Curncy|NQ1 Index|NV1 Curncy|OAT1 Comdty|PT1 Index|RTY1 Index|S 1 Comdty|SB1 Comdty|SE1 Curncy|TU1 Comdty|TWT1 Index|TY1 Comdty|UXY1 Comdty|XP1 Index|XU1 Index|Z 1 Index,sub1M_40,all84
0.6268,0.5397,-0.3162,373,AD1 Curncy|BP1 Curncy|CD1 Curncy|CN1 Comdty|CO1 Comdty|CT1 Comdty|DF1 Comdty|DM1 Index|EC1 Curncy|EO1 Index|FV1 Comdty|GC1 Comdty|HC1 Index|IJ1 Comdty|IR4 Comdty|JB1 Comdty|JGS1 Index|JY1 Curncy|KW1 Comdty|MES1 Index|MWE1 Comdty|NO1 Index|NQ1 Index|NV1 Curncy|OAT1 Comdty|QC1 Comdty|QW1 Comdty|RS1 Comdty|RX1 Comdty|SB1 Comdty|SCO1 Comdty|SF1 Curncy|SFI5 Comdty|SM1 Comdty|SM1 Index|TP1 Index|US1 Comdty|XB1 Comdty|XM1 Comdty|Z 1 Index,sub1M_40,all84
0.1685,0.0581,-1.0505,374,AD1 Curncy|BO1 Comdty|BP1 Curncy|C 1 Comdty|CF1 Index|CL1 Comdty|CN1 Comdty|DF1 Comdty|DM1 Index|DU1 Comdty|EO1 Index|ER4 Comdty|G 1 Comdty|GX1 Index|HG1 Comdty|HI1 Index|IJ1 Comdty|JB1 Comdty|JGS1 Index|KC1 Comdty|KW1 Comdty|LH1 Comdty|MES1 Index|NO1 Curncy|NO1 Index|NV1 Curncy|OAT1 Comdty|OE1 Comdty|PA1 Comdty|PE1 Curncy|QC1 Index|QS1 Comdty|QW1 Comdty|RS1 Comdty|RX1 Comdty|SE1 Curncy|SF1 Curncy|SM1 Comdty|SM1 Index|UXY1 Comdty,sub1M_40,all84
0.3052,0.2732,-0.6018,375,BO1 Comdty|BP1 Curncy|C 1 Comdty|CA1 Comdty|CC1 Comdty|CD1 Curncy|CF1 Index|CO1 Comdty|DM1 Index|EC1 Curncy|ES1 Index|HC1 Index|HI1 Index|IR4 Comdty|JGS1 Index|KC1 Comdty|KW1 Comdty|LC1 Comdty|MES1 Index|MWE1 Comdty|NO1 Curncy|OAT1 Comdty|OE1 Comdty|PA1 Comdty|PE1 Curncy|PL1 Comdty|QC1 Index|QS1 Comdty|S 1 Comdty|SE1 Curncy|SF1 Curncy|SFI5 Comdty|SM1 Index|TU1 Comdty|TWT1 Index|TY1 Comdty|US1 Comdty|UXY1 Comdty|W 1 Comdty|WN1 Comdty,sub1M_40,all84
0.4908,0.4563,-0.8337,376,BP1 Curncy|C 1 Comdty|CA1 Comdty|CC1 Comdty|CD1 Curncy|CN1 Comdty|CO1 Comdty|DF1 Comdty|DU1 Comdty|EC1 Curncy|ES1 Index|GX1 Index|HG1 Comdty|HI1 Index|IK1 Comdty|JGS1 Index|JY1 Curncy|KC1 Comdty|KW1 Comdty|LC1 Comdty|MES1 Index|MWE1 Comdty|NO1 Curncy|NQ1 Index|OE1 Comdty|PE1 Curncy|RS1 Comdty|SCO1 Comdty|SE1 Curncy|SFI5 Comdty|SM1 Comdty|SM1 Index|TU1 Comdty|UB1 Comdty|UXY1 Comdty|VG1 Index|WN1 Comdty|XB1 Comdty|XP1 Index|XU1 Index,sub1M_40,all84
0.3656,0.3421,-0.7078,377,BO1 Comdty|BP1 Curncy|C 1 Comdty|CA1 Comdty|CD1 Curncy|CL1 Comdty|DM1 Index|EC1 Curncy|ER4 Comdty|FC1 Comdty|HI1 Index|HO1 Comdty|IK1 Comdty|IR4 Comdty|JB1 Comdty|JGS1 Index|JY1 Curncy|KC1 Comdty|LH1 Comdty|MES1 Index|MWE1 Comdty|NO1 Curncy|NQ1 Index|NV1 Curncy|OAT1 Comdty|PA1 Comdty|PL1 Comdty|PT1 Index|QW1 Comdty|SB1 Comdty|SE1 Curncy|SFI5 Comdty|SM1 Comdty|TWT1 Index|TY1 Comdty|US1 Comdty|UXY1 Comdty|VG1 Index|XP1 Index|XU1 Index,sub1M_40,all84
0.2384,0.0642,-0.5799,378,AD1 Curncy|CA1 Comdty|CD1 Curncy|CF1 Index|CT1 Comdty|DF1 Comdty|EC1 Curncy|EO1 Index|ES1 Index|FV1 Comdty|G 1 Comdty|HC1 Index|HG1 Comdty|HI1 Index|IJ1 Comdty|IK1 Comdty|IR4 Comdty|JGS1 Index|JY1 Curncy|KC1 Comdty|LC1 Comdty|LH1 Comdty|MWE1 Comdty|NG1 Comdty|NO1 Curncy|NO1 Index|NV1 Curncy|OAT1 Comdty|PL1 Comdty|QC1 Index|RTY1 Index|RX1 Comdty|SB1 Comdty|SF1 Curncy|SFR5 Comdty|SM1 Comdty|SM1 Index|TU1 Comdty|TY1 Comdty|XB1 Comdty,sub1M_40,all84
0.5702,0.3858,-0.5558,379,AD1 Curncy|BO1 Comdty|CC1 Comdty|CD1 Curncy|CF1 Index|CL1 Comdty|CT1 Comdty|EC1 Curncy|EO1 Index|ES1 Index|FC1 Comdty|HI1 Index|IJ1 Comdty|IK1 Comdty|IR4 Comdty|JGS1 Index|LC1 Comdty|LH1 Comdty|NO1 Curncy|NQ1 Index|NV1 Curncy|OE1 Comdty|QC1 Comdty|QC1 Index|QS1 Comdty|RX1 Comdty|SCO1 Comdty|SE1 Curncy|SF1 Curncy|SFI5 Comdty|SFR5 Comdty|SI1 Comdty|SM1 Comdty|TWT1 Index|US1 Comdty|UXY1 Comdty|VG1 Index|W 1 Comdty|WN1 Comdty|XP1 Index,sub1M_40,all84
0.3245,0.1969,-0.0208,380,BO1 Comdty|BP1 Curncy|CF1 Index|CL1 Comdty|DF1 Comdty|EC1 Curncy|EO1 Index|ES1 Index|FV1 Comdty|GC1 Comdty|HO1 Comdty|IK1 Comdty|JB1 Comdty|KC1 Comdty|KW1 Comdty|LC1 Comdty|LH1 Comdty|MES1 Index|NO1 Curncy|NV1 Curncy|PE1 Curncy|PT1 Index|QW1 Comdty|RS1 Comdty|RX1 Comdty|S 1 Comdty|SE1 Curncy|SF1 Curncy|SI1 Comdty|SM1 Comdty|SM1 Index|TP1 Index|TU1 Comdty|TWT1 Index|TY1 Comdty|UB1 Comdty|VG1 Index|WN1 Comdty|XM1 Comdty|Z 1 Index,sub1M_40,all84
0.2947,0.1417,-0.5315,381,CC1 Comdty|CD1 Curncy|CF1 Index|CL1 Comdty|CN1 Comdty|CT1 Comdty|EC1 Curncy|HC1 Index|HI1 Index|HO1 Comdty|IK1 Comdty|IR4 Comdty|JGS1 Index|JY1 Curncy|KC1 Comdty|KW1 Comdty|LC1 Comdty|MES1 Index|MWE1 Comdty|NO1 Curncy|OAT1 Comdty|OE1 Comdty|PA1 Comdty|PE1 Curncy|QC1 Comdty|QC1 Index|RS1 Comdty|RTY1 Index|RX1 Comdty|SB1 Comdty|SE1 Curncy|SF1 Curncy|SI1 Comdty|SM1 Comdty|TY1 Comdty|UXY1 Comdty|WN1 Comdty|XP1 Index|XU1 Index|Z 1 Index,sub1M_40,all84
0.5459,0.1954,-0.7118,382,AD1 Curncy|BP1 Curncy|C 1 Comdty|CA1 Comdty|CC1 Comdty|CD1 Curncy|CF1 Index|CN1 Comdty|CUA1 Comdty|EO1 Index|FC1 Comdty|FV1 Comdty|GX1 Index|IJ1 Comdty|IK1 Comdty|IR4 Comdty|JGS1 Index|JY1 Curncy|MWE1 Comdty|NG1 Comdty|NO1 Curncy|NQ1 Index|NV1 Curncy|OAT1 Comdty|OE1 Comdty|PA1 Comdty|PT1 Index|RS1 Comdty|RTY1 Index|RX1 Comdty|S 1 Comdty|SB1 Comdty|SE1 Curncy|SI1 Comdty|UB1 Comdty|UXY1 Comdty|W 1 Comdty|XP1 Index|XU1 Index|Z 1 Index,sub1M_40,all84
0.3309,0.2473,-0.4819,383,AD1 Curncy|BO1 Comdty|BP1 Curncy|CA1 Comdty|CD1 Curncy|CL1 Comdty|DF1 Comdty|DM1 Index|DU1 Comdty|EC1 Curncy|ES1 Index|FC1 Comdty|G 1 Comdty|GX1 Index|IJ1 Comdty|JY1 Curncy|KC1 Comdty|LC1 Comdty|LH1 Comdty|NO1 Index|NV1 Curncy|OAT1 Comdty|PA1 Comdty|PE1 Curncy|PL1 Comdty|PT1 Index|QC1 Index|QS1 Comdty|RTY1 Index|S 1 Comdty|SFR5 Comdty|SM1 Index|TU1 Comdty|TY1 Comdty|UB1 Comdty|VG1 Index|W 1 Comdty|WN1 Comdty|XM1 Comdty|XP1 Index,sub1M_40,all84
0.3291,0.1877,-0.5168,384,AD1 Curncy|BO1 Comdty|C 1 Comdty|CC1 Comdty|CD1 Curncy|DM1 Index|DU1 Comdty|EC1 Curncy|EO1 Index|ER4 Comdty|G 1 Comdty|GX1 Index|HC1 Index|HG1 Comdty|HI1 Index|IK1 Comdty|IR4 Comdty|JB1 Comdty|JGS1 Index|JY1 Curncy|KC1 Comdty|LC1 Comdty|MES1 Index|NG1 Comdty|NO1 Curncy|OE1 Comdty|PA1 Comdty|PE1 Curncy|PT1 Index|QC1 Comdty|QC1 Index|QS1 Comdty|QW1 Comdty|RS1 Comdty|SB1 Comdty|SF1 Curncy|SFR5 Comdty|UB1 Comdty|W 1 Comdty|Z 1 Index,sub1M_40,all84
0.7859,0.5392,-0.3217,385,AD1 Curncy|BP1 Curncy|CA1 Comdty|CD1 Curncy|CF1 Index|CUA1 Comdty|EC1 Curncy|ER4 Comdty|FC1 Comdty|FV1 Comdty|GC1 Comdty|GX1 Index|HC1 Index|IJ1 Comdty|IK1 Comdty|JB1 Comdty|JGS1 Index|KC1 Comdty|KW1 Comdty|LH1 Comdty|MWE1 Comdty|NG1 Comdty|NO1 Index|NV1 Curncy|OAT1 Comdty|OE1 Comdty|PE1 Curncy|PT1 Index|RS1 Comdty|RTY1 Index|S 1 Comdty|SCO1 Comdty|SE1 Curncy|TP1 Index|TY1 Comdty|US1 Comdty|W 1 Comdty|WN1 Comdty|XP1 Index|Z 1 Index,sub1M_40,all84
0.3903,0.2675,-0.6243,386,AD1 Curncy|BP1 Curncy|DF1 Comdty|DM1 Index|EC1 Curncy|EO1 Index|ER4 Comdty|GX1 Index|HC1 Index|HI1 Index|IJ1 Comdty|IK1 Comdty|IR4 Comdty|JY1 Curncy|KC1 Comdty|KW1 Comdty|LC1 Comdty|LH1 Comdty|MES1 Index|NG1 Comdty|NO1 Index|NQ1 Index|OAT1 Comdty|PA1 Comdty|PE1 Curncy|PL1 Comdty|QS1 Comdty|RTY1 Index|RX1 Comdty|S 1 Comdty|SB1 Comdty|SE1 Curncy|SF1 Curncy|SFI5 Comdty|SM1 Comdty|TU1 Comdty|TY1 Comdty|W 1 Comdty|WN1 Comdty|XP1 Index,sub1M_40,all84
0.2286,0.0771,-0.7156,387,AD1 Curncy|BO1 Comdty|BP1 Curncy|CC1 Comdty|CD1 Curncy|CF1 Index|CO1 Comdty|DM1 Index|EO1 Index|ES1 Index|FC1 Comdty|FV1 Comdty|G 1 Comdty|HC1 Index|HG1 Comdty|HI1 Index|IJ1 Comdty|IK1 Comdty|KC1 Comdty|KW1 Comdty|LC1 Comdty|LH1 Comdty|MES1 Index|MWE1 Comdty|NO1 Curncy|PE1 Curncy|PL1 Comdty|PT1 Index|QS1 Comdty|RTY1 Index|RX1 Comdty|SE1 Curncy|SF1 Curncy|SFI5 Comdty|SM1 Comdty|TU1 Comdty|TY1 Comdty|UXY1 Comdty|XM1 Comdty|XP1 Index,sub1M_40,all84
0.2398,0.1722,-0.9857,388,AD1 Curncy|BP1 Curncy|C 1 Comdty|CF1 Index|CT1 Comdty|DF1 Comdty|EC1 Curncy|EO1 Index|ES1 Index|G 1 Comdty|GX1 Index|HG1 Comdty|IK1 Comdty|IR4 Comdty|JGS1 Index|KC1 Comdty|KW1 Comdty|LH1 Comdty|MWE1 Comdty|NO1 Curncy|NV1 Curncy|PA1 Comdty|QC1 Index|QS1 Comdty|QW1 Comdty|RS1 Comdty|RX1 Comdty|SE1 Curncy|SF1 Curncy|SFI5 Comdty|SM1 Comdty|SM1 Index|TP1 Index|TY1 Comdty|US1 Comdty|WN1 Comdty|XB1 Comdty|XM1 Comdty|XP1 Index|XU1 Index,sub1M_40,all84
0.5445,0.4163,-0.6325,389,AD1 Curncy|BP1 Curncy|CA1 Comdty|CC1 Comdty|CD1 Curncy|CF1 Index|CO1 Comdty|CUA1 Comdty|DF1 Comdty|DU1 Comdty|EO1 Index|FC1 Comdty|FV1 Comdty|G 1 Comdty|HC1 Index|HG1 Comdty|IJ1 Comdty|IR4 Comdty|KC1 Comdty|MWE1 Comdty|NO1 Curncy|NQ1 Index|NV1 Curncy|PA1 Comdty|PE1 Curncy|PT1 Index|QW1 Comdty|RS1 Comdty|RTY1 Index|SB1 Comdty|SF1 Curncy|SFR5 Comdty|TP1 Index|TU1 Comdty|TWT1 Index|TY1 Comdty|UB1 Comdty|XM1 Comdty|XP1 Index|XU1 Index,sub1M_40,all84
0.2562,0.1647,-1.2560,390,BO1 Comdty|BP1 Curncy|C 1 Comdty|CD1 Curncy|CL1 Comdty|CN1 Comdty|CT1 Comdty|DU1 Comdty|EC1 Curncy|ER4 Comdty|ES1 Index|G 1 Comdty|HC1 Index|HG1 Comdty|HI1 Index|JB1 Comdty|JGS1 Index|KC1 Comdty|KW1 Comdty|LC1 Comdty|NG1 Comdty|NO1 Curncy|OAT1 Comdty|OE1 Comdty|PE1 Curncy|PT1 Index|QW1 Comdty|RS1 Comdty|SB1 Comdty|SCO1 Comdty|SE1 Curncy|SF1 Curncy|SFI5 Comdty|SM1 Index|TWT1 Index|US1 Comdty|VG1 Index|W 1 Comdty|XP1 Index|XU1 Index,sub1M_40,all84
0.3593,0.3261,-0.2737,391,BO1 Comdty|BP1 Curncy|C 1 Comdty|CA1 Comdty|CD1 Curncy|DU1 Comdty|EO1 Index|ES1 Index|FC1 Comdty|GX1 Index|HG1 Comdty|HI1 Index|HO1 Comdty|IR4 Comdty|JB1 Comdty|JY1 Curncy|KC1 Comdty|LH1 Comdty|MWE1 Comdty|NG1 Comdty|NO1 Curncy|NO1 Index|NV1 Curncy|OE1 Comdty|PA1 Comdty|PE1 Curncy|PT1 Index|QC1 Index|RTY1 Index|SB1 Comdty|SE1 Curncy|SFR5 Comdty|SM1 Comdty|TU1 Comdty|TWT1 Index|TY1 Comdty|UXY1 Comdty|W 1 Comdty|WN1 Comdty|Z 1 Index,sub1M_40,all84
0.4736,0.3136,0.1540,392,AD1 Curncy|BO1 Comdty|CA1 Comdty|CD1 Curncy|CF1 Index|CO1 Comdty|ER4 Comdty|ES1 Index|FC1 Comdty|G 1 Comdty|GC1 Comdty|JB1 Comdty|JGS1 Index|JY1 Curncy|LC1 Comdty|LH1 Comdty|MES1 Index|MWE1 Comdty|NO1 Index|NV1 Curncy|OAT1 Comdty|PE1 Curncy|PL1 Comdty|QC1 Comdty|QC1 Index|QW1 Comdty|RS1 Comdty|RTY1 Index|RX1 Comdty|SE1 Curncy|SF1 Curncy|TWT1 Index|TY1 Comdty|UXY1 Comdty|VG1 Index|W 1 Comdty|WN1 Comdty|XB1 Comdty|XM1 Comdty|XU1 Index,sub1M_40,all84
0.4092,0.2825,0.0339,393,AD1 Curncy|BO1 Comdty|C 1 Comdty|CC1 Comdty|CD1 Curncy|CF1 Index|CN1 Comdty|CO1 Comdty|DF1 Comdty|DM1 Index|EO1 Index|FC1 Comdty|GC1 Comdty|HG1 Comdty|IK1 Comdty|IR4 Comdty|JB1 Comdty|JY1 Curncy|KC1 Comdty|KW1 Comdty|LC1 Comdty|NQ1 Index|NV1 Curncy|OE1 Comdty|PE1 Curncy|QC1 Index|RS1 Comdty|RTY1 Index|SB1 Comdty|SE1 Curncy|SF1 Curncy|SFI5 Comdty|SM1 Index|TU1 Comdty|TWT1 Index|US1 Comdty|WN1 Comdty|XB1 Comdty|XP1 Index|XU1 Index,sub1M_40,all84
0.4013,0.4621,-0.6524,394,BP1 Curncy|C 1 Comdty|CA1 Comdty|CD1 Curncy|CN1 Comdty|CT1 Comdty|DF1 Comdty|DU1 Comdty|EO1 Index|ER4 Comdty|ES1 Index|FV1 Comdty|G 1 Comdty|GX1 Index|HC1 Index|JGS1 Index|KC1 Comdty|LC1 Comdty|MWE1 Comdty|NO1 Curncy|NO1 Index|NV1 Curncy|OAT1 Comdty|OE1 Comdty|PA1 Comdty|PE1 Curncy|PT1 Index|QC1 Comdty|QC1 Index|QS1 Comdty|QW1 Comdty|S 1 Comdty|SCO1 Comdty|SE1 Curncy|SF1 Curncy|SFR5 Comdty|UB1 Comdty|VG1 Index|XB1 Comdty|Z 1 Index,sub1M_40,all84
0.4706,0.3100,0.0738,395,AD1 Curncy|BO1 Comdty|BP1 Curncy|CC1 Comdty|CD1 Curncy|CO1 Comdty|DF1 Comdty|EC1 Curncy|ER4 Comdty|ES1 Index|FV1 Comdty|G 1 Comdty|GC1 Comdty|GX1 Index|JB1 Comdty|JGS1 Index|JY1 Curncy|KC1 Comdty|LC1 Comdty|MES1 Index|MWE1 Comdty|NO1 Index|NQ1 Index|OE1 Comdty|PE1 Curncy|PL1 Comdty|PT1 Index|QW1 Comdty|RS1 Comdty|RTY1 Index|RX1 Comdty|SE1 Curncy|SFR5 Comdty|SM1 Comdty|TU1 Comdty|UB1 Comdty|W 1 Comdty|XB1 Comdty|XP1 Index|XU1 Index,sub1M_40,all84
0.4915,0.4753,-0.7326,396,AD1 Curncy|BP1 Curncy|CA1 Comdty|CN1 Comdty|CT1 Comdty|DF1 Comdty|DM1 Index|EO1 Index|ER4 Comdty|ES1 Index|FC1 Comdty|HG1 Comdty|HI1 Index|IR4 Comdty|JGS1 Index|KW1 Comdty|MES1 Index|NG1 Comdty|NO1 Curncy|NV1 Curncy|OAT1 Comdty|PE1 Curncy|PT1 Index|QC1 Comdty|QS1 Comdty|RS1 Comdty|S 1 Comdty|SB1 Comdty|SCO1 Comdty|SE1 Curncy|SF1 Curncy|SFI5 Comdty|SM1 Comdty|TP1 Index|TWT1 Index|UB1 Comdty|UXY1 Comdty|WN1 Comdty|XM1 Comdty|Z 1 Index,sub1M_40,all84
0.7256,0.5349,-0.1534,397,BP1 Curncy|CC1 Comdty|CD1 Curncy|CN1 Comdty|CT1 Comdty|CUA1 Comdty|DF1 Comdty|DM1 Index|EC1 Curncy|FC1 Comdty|FV1 Comdty|G 1 Comdty|GC1 Comdty|GX1 Index|HI1 Index|IJ1 Comdty|JY1 Curncy|LC1 Comdty|LH1 Comdty|MES1 Index|NO1 Curncy|NV1 Curncy|OAT1 Comdty|OE1 Comdty|PT1 Index|QC1 Index|QW1 Comdty|RS1 Comdty|SB1 Comdty|SCO1 Comdty|SF1 Curncy|SFR5 Comdty|SM1 Index|TP1 Index|TY1 Comdty|UB1 Comdty|US1 Comdty|VG1 Index|XB1 Comdty|Z 1 Index,sub1M_40,all84
0.3914,0.1641,-0.3928,398,AD1 Curncy|BO1 Comdty|CA1 Comdty|CD1 Curncy|CF1 Index|CT1 Comdty|DM1 Index|EC1 Curncy|EO1 Index|ER4 Comdty|FC1 Comdty|G 1 Comdty|GX1 Index|HG1 Comdty|HI1 Index|HO1 Comdty|IJ1 Comdty|IK1 Comdty|JB1 Comdty|LC1 Comdty|MES1 Index|NO1 Curncy|NO1 Index|NQ1 Index|NV1 Curncy|OAT1 Comdty|PT1 Index|QC1 Comdty|QS1 Comdty|QW1 Comdty|RS1 Comdty|RTY1 Index|RX1 Comdty|SB1 Comdty|SE1 Curncy|SF1 Curncy|SFR5 Comdty|SI1 Comdty|UB1 Comdty|US1 Comdty,sub1M_40,all84
0.6878,0.4985,-0.7621,399,AD1 Curncy|C 1 Comdty|CA1 Comdty|CD1 Curncy|CUA1 Comdty|DF1 Comdty|DU1 Comdty|EC1 Curncy|EO1 Index|ES1 Index|FV1 Comdty|G 1 Comdty|HG1 Comdty|HI1 Index|IK1 Comdty|IR4 Comdty|JGS1 Index|JY1 Curncy|KC1 Comdty|LC1 Comdty|NO1 Curncy|NO1 Index|QC1 Comdty|QC1 Index|QS1 Comdty|QW1 Comdty|RS1 Comdty|RTY1 Index|RX1 Comdty|SB1 Comdty|SCO1 Comdty|SE1 Curncy|SF1 Curncy|SFI5 Comdty|SM1 Index|TWT1 Index|UB1 Comdty|UXY1 Comdty|VG1 Index|W 1 Comdty,sub1M_40,all84
0.5070,0.4000,0.2334,0,BP1 Curncy|CC1 Comdty|CF1 Index|CO1 Comdty|CT1 Comdty|DM1 Index|GC1 Comdty|GX1 Index|JY1 Curncy|NG1 Comdty|NQ1 Index|NV1 Curncy|PA1 Comdty|PE1 Curncy|RX1 Comdty|SFR5 Comdty|TU1 Comdty|TY1 Comdty|UB1 Comdty|W 1 Comdty,ops20,strict66
0.5433,0.4433,0.0717,1,BP1 Curncy|CD1 Curncy|DF1 Comdty|EC1 Curncy|EO1 Index|ER4 Comdty|ES1 Index|FV1 Comdty|JY1 Curncy|KW1 Comdty|OAT1 Comdty|PA1 Comdty|QC1 Comdty|QS1 Comdty|RTY1 Index|SFI5 Comdty|SI1 Comdty|TP1 Index|UXY1 Comdty|XB1 Comdty,ops20,strict66
0.1425,0.0798,-0.9841,2,AD1 Curncy|BP1 Curncy|CL1 Comdty|CT1 Comdty|EC1 Curncy|EO1 Index|FV1 Comdty|G 1 Comdty|HG1 Comdty|HO1 Comdty|KC1 Comdty|NV1 Curncy|PA1 Comdty|RTY1 Index|SFI5 Comdty|SM1 Comdty|SM1 Index|UB1 Comdty|UXY1 Comdty|VG1 Index,ops20,strict66
0.1946,0.0551,-0.4853,3,CD1 Curncy|CL1 Comdty|DM1 Index|G 1 Comdty|KW1 Comdty|LC1 Comdty|LH1 Comdty|MES1 Index|NG1 Comdty|NV1 Curncy|PA1 Comdty|PE1 Curncy|SF1 Curncy|SFI5 Comdty|SFR5 Comdty|SI1 Comdty|UB1 Comdty|US1 Comdty|VG1 Index|Z 1 Index,ops20,strict66
0.6448,0.3237,-0.0547,4,AD1 Curncy|CL1 Comdty|EC1 Curncy|EO1 Index|ER4 Comdty|ES1 Index|FC1 Comdty|G 1 Comdty|JB1 Comdty|JY1 Curncy|LC1 Comdty|NG1 Comdty|NQ1 Index|OAT1 Comdty|PA1 Comdty|RS1 Comdty|SF1 Curncy|SFI5 Comdty|SI1 Comdty|TP1 Index,ops20,strict66
0.3270,0.1130,0.1063,5,CD1 Curncy|CL1 Comdty|CT1 Comdty|DM1 Index|FV1 Comdty|GC1 Comdty|HG1 Comdty|IK1 Comdty|KC1 Comdty|NG1 Comdty|NQ1 Index|NV1 Curncy|OE1 Comdty|PE1 Curncy|RTY1 Index|SF1 Curncy|TP1 Index|TU1 Comdty|UXY1 Comdty|W 1 Comdty,ops20,strict66
0.3021,0.1716,-0.8088,6,AD1 Curncy|BP1 Curncy|CD1 Curncy|CF1 Index|HG1 Comdty|HO1 Comdty|IK1 Comdty|JY1 Curncy|KC1 Comdty|KW1 Comdty|MES1 Index|PA1 Comdty|QS1 Comdty|RS1 Comdty|RX1 Comdty|SFI5 Comdty|TY1 Comdty|UB1 Comdty|VG1 Index|Z 1 Index,ops20,strict66
0.2925,0.1286,-0.1631,7,BP1 Curncy|CF1 Index|CT1 Comdty|DU1 Comdty|EC1 Curncy|EO1 Index|G 1 Comdty|PA1 Comdty|PE1 Curncy|QC1 Comdty|QS1 Comdty|RS1 Comdty|RTY1 Index|SF1 Curncy|SI1 Comdty|TY1 Comdty|UB1 Comdty|UXY1 Comdty|VG1 Index|XB1 Comdty,ops20,strict66
0.5384,0.3688,0.4796,8,AD1 Curncy|C 1 Comdty|CL1 Comdty|EC1 Curncy|EO1 Index|ES1 Index|FV1 Comdty|GC1 Comdty|JY1 Curncy|KW1 Comdty|LH1 Comdty|MES1 Index|NG1 Comdty|NO1 Index|OE1 Comdty|PE1 Curncy|RX1 Comdty|SI1 Comdty|TU1 Comdty|WN1 Comdty,ops20,strict66
0.3769,0.2003,0.2409,9,CC1 Comdty|CL1 Comdty|EC1 Curncy|G 1 Comdty|GC1 Comdty|IK1 Comdty|KW1 Comdty|LH1 Comdty|NG1 Comdty|NO1 Index|NQ1 Index|NV1 Curncy|PE1 Curncy|PL1 Comdty|SF1 Curncy|SFI5 Comdty|TP1 Index|UB1 Comdty|US1 Comdty|Z 1 Index,ops20,strict66
0.4627,0.3554,-0.3053,10,AD1 Curncy|BP1 Curncy|CD1 Curncy|CL1 Comdty|DM1 Index|ER4 Comdty|GC1 Comdty|HG1 Comdty|JB1 Comdty|JY1 Curncy|KW1 Comdty|NQ1 Index|OAT1 Comdty|QS1 Comdty|RS1 Comdty|RTY1 Index|S 1 Comdty|SFI5 Comdty|TY1 Comdty|VG1 Index,ops20,strict66
0.2539,0.0903,-0.3315,11,CD1 Curncy|CL1 Comdty|EO1 Index|ER4 Comdty|GX1 Index|JY1 Curncy|LC1 Comdty|LH1 Comdty|NG1 Comdty|OAT1 Comdty|PA1 Comdty|PE1 Curncy|PL1 Comdty|RTY1 Index|SB1 Comdty|SF1 Curncy|TU1 Comdty|UB1 Comdty|VG1 Index|WN1 Comdty,ops20,strict66
0.2363,0.2112,-0.5156,12,BP1 Curncy|CD1 Curncy|CF1 Index|DF1 Comdty|DU1 Comdty|EC1 Curncy|HO1 Comdty|KW1 Comdty|LH1 Comdty|OAT1 Comdty|PA1 Comdty|PE1 Curncy|RTY1 Index|SFI5 Comdty|SFR5 Comdty|SI1 Comdty|SM1 Index|TU1 Comdty|VG1 Index|XB1 Comdty,ops20,strict66
0.1523,0.0915,-0.8106,13,AD1 Curncy|CF1 Index|CL1 Comdty|CO1 Comdty|DU1 Comdty|EC1 Curncy|EO1 Index|ES1 Index|HG1 Comdty|IK1 Comdty|JB1 Comdty|KW1 Comdty|NV1 Curncy|PA1 Comdty|PE1 Curncy|S 1 Comdty|SFR5 Comdty|TY1 Comdty|W 1 Comdty|Z 1 Index,ops20,strict66
0.5703,0.4183,0.3139,14,BP1 Curncy|DU1 Comdty|EC1 Curncy|FC1 Comdty|FV1 Comdty|G 1 Comdty|GC1 Comdty|GX1 Index|HO1 Comdty|JY1 Curncy|LH1 Comdty|MES1 Index|NG1 Comdty|NO1 Index|NV1 Curncy|PA1 Comdty|TP1 Index|UB1 Comdty|US1 Comdty|W 1 Comdty,ops20,strict66
0.2850,0.1891,-0.3438,15,BO1 Comdty|BP1 Curncy|CC1 Comdty|DM1 Index|DU1 Comdty|EC1 Curncy|EO1 Index|ER4 Comdty|HO1 Comdty|JY1 Curncy|KW1 Comdty|PA1 Comdty|PL1 Comdty|QS1 Comdty|SF1 Curncy|SFI5 Comdty|SM1 Index|TP1 Index|UB1 Comdty|WN1 Comdty,ops20,strict66
0.4505,0.4233,-0.0647,16,AD1 Curncy|CD1 Curncy|CL1 Comdty|CT1 Comdty|GX1 Index|HG1 Comdty|JY1 Curncy|LH1 Comdty|NO1 Index|NQ1 Index|OE1 Comdty|PA1 Comdty|PE1 Curncy|RTY1 Index|S 1 Comdty|SFR5 Comdty|TU1 Comdty|UB1 Comdty|UXY1 Comdty|XB1 Comdty,ops20,strict66
0.1981,0.0436,-0.2163,17,AD1 Curncy|BO1 Comdty|BP1 Curncy|CF1 Index|DF1 Comdty|EO1 Index|GC1 Comdty|JB1 Comdty|LC1 Comdty|NQ1 Index|NV1 Curncy|OE1 Comdty|PL1 Comdty|QS1 Comdty|SF1 Curncy|SFI5 Comdty|UB1 Comdty|UXY1 Comdty|XB1 Comdty|Z 1 Index,ops20,strict66
0.2068,0.0197,-0.8372,18,BP1 Curncy|CD1 Curncy|CF1 Index|CO1 Comdty|DU1 Comdty|HG1 Comdty|HO1 Comdty|LH1 Comdty|NQ1 Index|NV1 Curncy|OAT1 Comdty|SF1 Curncy|SFI5 Comdty|SFR5 Comdty|SI1 Comdty|SM1 Comdty|SM1 Index|VG1 Index|W 1 Comdty|WN1 Comdty,ops20,strict66
0.3848,0.1379,-0.0017,19,AD1 Curncy|CD1 Curncy|CO1 Comdty|DF1 Comdty|DU1 Comdty|EC1 Curncy|EO1 Index|ES1 Index|FC1 Comdty|FV1 Comdty|G 1 Comdty|HG1 Comdty|KC1 Comdty|NG1 Comdty|PE1 Curncy|RTY1 Index|SFR5 Comdty|SI1 Comdty|SM1 Index|WN1 Comdty,ops20,strict66
0.3783,0.4411,0.2150,20,BP1 Curncy|C 1 Comdty|CD1 Curncy|FV1 Comdty|GC1 Comdty|GX1 Index|MES1 Index|NG1 Comdty|NO1 Index|NQ1 Index|NV1 Curncy|PA1 Comdty|QC1 Comdty|QS1 Comdty|QW1 Comdty|SF1 Curncy|SFI5 Comdty|SFR5 Comdty|TU1 Comdty|US1 Comdty,ops20,strict66
0.2142,-0.0983,-0.1086,21,CC1 Comdty|DM1 Index|DU1 Comdty|EC1 Curncy|G 1 Comdty|JB1 Comdty|KC1 Comdty|LC1 Comdty|NG1 Comdty|NQ1 Index|NV1 Curncy|OAT1 Comdty|PE1 Curncy|PL1 Comdty|QS1 Comdty|SF1 Curncy|SFI5 Comdty|SI1 Comdty|SM1 Index|VG1 Index,ops20,strict66
0.3994,0.2593,0.2410,22,AD1 Curncy|CD1 Curncy|CF1 Index|CL1 Comdty|DF1 Comdty|EO1 Index|FC1 Comdty|FV1 Comdty|GC1 Comdty|HG1 Comdty|IK1 Comdty|JY1 Curncy|LC1 Comdty|NG1 Comdty|NV1 Curncy|RX1 Comdty|SFR5 Comdty|TP1 Index|US1 Comdty|Z 1 Index,ops20,strict66
0.3822,0.2519,-0.2152,23,AD1 Curncy|C 1 Comdty|DM1 Index|DU1 Comdty|GC1 Comdty|HG1 Comdty|HO1 Comdty|JY1 Curncy|NO1 Index|NV1 Curncy|OAT1 Comdty|PE1 Curncy|QS1 Comdty|QW1 Comdty|RX1 Comdty|SB1 Comdty|SFI5 Comdty|TP1 Index|UB1 Comdty|Z 1 Index,ops20,strict66
0.2481,0.1301,-0.5213,24,BP1 Curncy|C 1 Comdty|CD1 Curncy|CF1 Index|CL1 Comdty|GX1 Index|HO1 Comdty|IK1 Comdty|JY1 Curncy|NO1 Index|OAT1 Comdty|PE1 Curncy|PL1 Comdty|QW1 Comdty|RS1 Comdty|RTY1 Index|SI1 Comdty|TU1 Comdty|US1 Comdty|WN1 Comdty,ops20,strict66
0.2368,-0.0935,-0.5849,25,DM1 Index|EC1 Curncy|G 1 Comdty|IK1 Comdty|LH1 Comdty|NG1 Comdty|NO1 Index|NV1 Curncy|OE1 Comdty|PE1 Curncy|PL1 Comdty|QS1 Comdty|QW1 Comdty|SF1 Curncy|SI1 Comdty|SM1 Index|UB1 Comdty|US1 Comdty|VG1 Index|W 1 Comdty,ops20,strict66
0.1383,-0.0215,-0.5250,26,AD1 Curncy|BO1 Comdty|DF1 Comdty|G 1 Comdty|HG1 Comdty|NQ1 Index|NV1 Curncy|OE1 Comdty|PE1 Curncy|PL1 Comdty|QS1 Comdty|RTY1 Index|SB1 Comdty|SF1 Curncy|SFR5 Comdty|TP1 Index|UXY1 Comdty|WN1 Comdty|XB1 Comdty|Z 1 Index,ops20,strict66
0.2965,0.2182,-0.4081,27,BP1 Curncy|C 1 Comdty|CD1 Curncy|CO1 Comdty|EC1 Curncy|FV1 Comdty|HO1 Comdty|KC1 Comdty|LC1 Comdty|MES1 Index|NO1 Index|NQ1 Index|NV1 Curncy|OAT1 Comdty|OE1 Comdty|PA1 Comdty|PL1 Comdty|RTY1 Index|RX1 Comdty|TU1 Comdty,ops20,strict66
0.3180,0.1681,-0.4879,28,AD1 Curncy|BO1 Comdty|BP1 Curncy|CL1 Comdty|EO1 Index|ER4 Comdty|G 1 Comdty|GC1 Comdty|GX1 Index|JY1 Curncy|KC1 Comdty|PA1 Comdty|PE1 Curncy|QW1 Comdty|RTY1 Index|SFI5 Comdty|SM1 Index|UB1 Comdty|WN1 Comdty|XB1 Comdty,ops20,strict66
0.4493,0.3353,-0.1966,29,AD1 Curncy|CF1 Index|CO1 Comdty|DF1 Comdty|EC1 Curncy|EO1 Index|GC1 Comdty|IK1 Comdty|MES1 Index|NQ1 Index|NV1 Curncy|QS1 Comdty|RS1 Comdty|S 1 Comdty|SF1 Curncy|SFI5 Comdty|SI1 Comdty|TU1 Comdty|US1 Comdty|UXY1 Comdty,ops20,strict66
0.2414,0.1691,-0.4644,30,BP1 Curncy|C 1 Comdty|DF1 Comdty|DM1 Index|EC1 Curncy|ER4 Comdty|FV1 Comdty|G 1 Comdty|HG1 Comdty|HO1 Comdty|NV1 Curncy|PE1 Curncy|QS1 Comdty|QW1 Comdty|RTY1 Index|RX1 Comdty|SI1 Comdty|SM1 Index|VG1 Index|WN1 Comdty,ops20,strict66
0.0835,-0.0793,-0.5182,31,AD1 Curncy|BO1 Comdty|CL1 Comdty|DF1 Comdty|DU1 Comdty|EO1 Index|ER4 Comdty|FV1 Comdty|HG1 Comdty|JY1 Curncy|NO1 Index|OE1 Comdty|PE1 Curncy|PL1 Comdty|RTY1 Index|SB1 Comdty|SF1 Curncy|UB1 Comdty|VG1 Index|XB1 Comdty,ops20,strict66
0.1882,0.0675,-0.6115,32,BP1 Curncy|C 1 Comdty|CF1 Index|EO1 Index|FV1 Comdty|GC1 Comdty|HO1 Comdty|IK1 Comdty|MES1 Index|NV1 Curncy|OAT1 Comdty|OE1 Comdty|PA1 Comdty|PE1 Curncy|QW1 Comdty|RTY1 Index|SF1 Curncy|SFI5 Comdty|W 1 Comdty|XB1 Comdty,ops20,strict66
0.2259,-0.0151,-0.8086,33,BP1 Curncy|CD1 Curncy|CF1 Index|CT1 Comdty|DU1 Comdty|EC1 Curncy|ES1 Index|GX1 Index|OAT1 Comdty|OE1 Comdty|PE1 Curncy|PL1 Comdty|QS1 Comdty|QW1 Comdty|RS1 Comdty|SFI5 Comdty|SI1 Comdty|SM1 Index|WN1 Comdty|XB1 Comdty,ops20,strict66
0.0488,-0.0397,-0.3543,34,C 1 Comdty|CD1 Curncy|EO1 Index|FV1 Comdty|HG1 Comdty|MES1 Index|NG1 Comdty|NO1 Index|NV1 Curncy|PE1 Curncy|PL1 Comdty|QS1 Comdty|RX1 Comdty|S 1 Comdty|SF1 Curncy|TY1 Comdty|US1 Comdty|UXY1 Comdty|VG1 Index|W 1 Comdty,ops20,strict66
0.5615,0.3595,0.6146,35,CC1 Comdty|CD1 Curncy|EC1 Curncy|EO1 Index|ES1 Index|FC1 Comdty|GC1 Comdty|GX1 Index|JY1 Curncy|MES1 Index|OAT1 Comdty|OE1 Comdty|PE1 Curncy|PL1 Comdty|QS1 Comdty|RX1 Comdty|S 1 Comdty|SFR5 Comdty|UXY1 Comdty|XB1 Comdty,ops20,strict66
0.2221,0.1938,-0.5364,36,BP1 Curncy|CF1 Index|CO1 Comdty|CT1 Comdty|DF1 Comdty|DU1 Comdty|HG1 Comdty|JY1 Curncy|MES1 Index|NQ1 Index|NV1 Curncy|OE1 Comdty|PA1 Comdty|SF1 Curncy|SFR5 Comdty|SM1 Comdty|TU1 Comdty|TY1 Comdty|XB1 Comdty|Z 1 Index,ops20,strict66
0.3035,0.1524,0.0964,37,DM1 Index|EO1 Index|ER4 Comdty|FV1 Comdty|GC1 Comdty|GX1 Index|HG1 Comdty|HO1 Comdty|JB1 Comdty|JY1 Curncy|KC1 Comdty|LC1 Comdty|NG1 Comdty|NV1 Curncy|PE1 Curncy|RTY1 Index|SB1 Comdty|SF1 Curncy|TU1 Comdty|WN1 Comdty,ops20,strict66
0.3559,0.2621,-0.2648,38,AD1 Curncy|CD1 Curncy|CF1 Index|EC1 Curncy|ER4 Comdty|ES1 Index|FV1 Comdty|HG1 Comdty|KC1 Comdty|NG1 Comdty|NO1 Index|OE1 Comdty|PA1 Comdty|QC1 Comdty|QS1 Comdty|RS1 Comdty|SF1 Curncy|TY1 Comdty|UXY1 Comdty|VG1 Index,ops20,strict66
0.1066,-0.0449,-0.6518,39,AD1 Curncy|CD1 Curncy|CT1 Comdty|EO1 Index|ES1 Index|FV1 Comdty|HG1 Comdty|HO1 Comdty|NG1 Comdty|NQ1 Index|OAT1 Comdty|PE1 Curncy|PL1 Comdty|SB1 Comdty|SF1 Curncy|SFI5 Comdty|US1 Comdty|W 1 Comdty|WN1 Comdty|Z 1 Index,ops20,strict66
0.4314,0.3103,0.0439,40,AD1 Curncy|CD1 Curncy|EC1 Curncy|ER4 Comdty|FC1 Comdty|GC1 Comdty|GX1 Index|LC1 Comdty|NG1 Comdty|NQ1 Index|NV1 Curncy|PL1 Comdty|QS1 Comdty|S 1 Comdty|SFI5 Comdty|SFR5 Comdty|SM1 Index|TY1 Comdty|UXY1 Comdty|VG1 Index,ops20,strict66
0.0703,-0.1267,-0.7757,41,C 1 Comdty|CD1 Curncy|CF1 Index|CO1 Comdty|EC1 Curncy|ES1 Index|HG1 Comdty|IK1 Comdty|JB1 Comdty|LC1 Comdty|NV1 Curncy|OAT1 Comdty|OE1 Comdty|PL1 Comdty|QS1 Comdty|QW1 Comdty|SF1 Curncy|SM1 Index|WN1 Comdty|Z 1 Index,ops20,strict66
0.2820,0.0624,-0.3856,42,AD1 Curncy|CF1 Index|CL1 Comdty|DU1 Comdty|EC1 Curncy|GC1 Comdty|GX1 Index|KC1 Comdty|KW1 Comdty|NG1 Comdty|NQ1 Index|NV1 Curncy|OAT1 Comdty|OE1 Comdty|PA1 Comdty|RS1 Comdty|SF1 Curncy|SM1 Index|TU1 Comdty|WN1 Comdty,ops20,strict66
0.4560,0.2440,0.0122,43,AD1 Curncy|CT1 Comdty|DM1 Index|EC1 Curncy|ER4 Comdty|G 1 Comdty|GC1 Comdty|GX1 Index|JY1 Curncy|KC1 Comdty|NG1 Comdty|NQ1 Index|NV1 Curncy|OAT1 Comdty|PL1 Comdty|QS1 Comdty|S 1 Comdty|SFR5 Comdty|WN1 Comdty|Z 1 Index,ops20,strict66
0.1382,-0.0278,-0.6640,44,CD1 Curncy|CF1 Index|CL1 Comdty|CT1 Comdty|EC1 Curncy|ER4 Comdty|ES1 Index|FV1 Comdty|G 1 Comdty|HO1 Comdty|MES1 Index|NV1 Curncy|PL1 Comdty|SB1 Comdty|SF1 Curncy|SFI5 Comdty|SI1 Comdty|TP1 Index|TY1 Comdty|W 1 Comdty,ops20,strict66
0.5342,0.3823,0.0178,45,BO1 Comdty|CL1 Comdty|DU1 Comdty|ER4 Comdty|ES1 Index|FC1 Comdty|GC1 Comdty|JY1 Curncy|MES1 Index|NQ1 Index|NV1 Curncy|OE1 Comdty|PA1 Comdty|PE1 Curncy|QS1 Comdty|QW1 Comdty|SF1 Curncy|SFI5 Comdty|TP1 Index|WN1 Comdty,ops20,strict66
0.4186,0.2895,0.2936,46,AD1 Curncy|BP1 Curncy|CL1 Comdty|DF1 Comdty|EO1 Index|FV1 Comdty|G 1 Comdty|GC1 Comdty|GX1 Index|HO1 Comdty|IK1 Comdty|JY1 Curncy|KC1 Comdty|NO1 Index|OE1 Comdty|PE1 Curncy|PL1 Comdty|RS1 Comdty|TP1 Index|UB1 Comdty,ops20,strict66
0.3430,0.0019,-0.2695,47,BP1 Curncy|CF1 Index|CL1 Comdty|EC1 Curncy|EO1 Index|FC1 Comdty|FV1 Comdty|IK1 Comdty|JY1 Curncy|KC1 Comdty|KW1 Comdty|OAT1 Comdty|PA1 Comdty|SF1 Curncy|SFR5 Comdty|SI1 Comdty|SM1 Index|UB1 Comdty|XB1 Comdty|Z 1 Index,ops20,strict66
0.5507,0.3884,-0.2750,48,BP1 Curncy|CD1 Curncy|CF1 Index|CO1 Comdty|DF1 Comdty|DM1 Index|EC1 Curncy|EO1 Index|ER4 Comdty|FC1 Comdty|GC1 Comdty|IK1 Comdty|MES1 Index|NV1 Curncy|OAT1 Comdty|PA1 Comdty|QS1 Comdty|SB1 Comdty|UB1 Comdty|WN1 Comdty,ops20,strict66
0.3135,0.2810,-0.5551,49,AD1 Curncy|BO1 Comdty|BP1 Curncy|CO1 Comdty|DF1 Comdty|DU1 Comdty|EC1 Curncy|EO1 Index|ES1 Index|HO1 Comdty|JY1 Curncy|MES1 Index|OE1 Comdty|PA1 Comdty|QW1 Comdty|SFR5 Comdty|SI1 Comdty|TU1 Comdty|TY1 Comdty|VG1 Index,ops20,strict66
0.1320,-0.0493,-0.1396,50,BP1 Curncy|CF1 Index|DM1 Index|DU1 Comdty|EC1 Curncy|EO1 Index|GX1 Index|HO1 Comdty|LC1 Comdty|LH1 Comdty|NV1 Curncy|OE1 Comdty|PL1 Comdty|QC1 Comdty|RX1 Comdty|SF1 Curncy|SI1 Comdty|TY1 Comdty|UB1 Comdty|XB1 Comdty,ops20,strict66
0.4299,0.2209,-0.3470,51,AD1 Curncy|BP1 Curncy|C 1 Comdty|CF1 Index|CO1 Comdty|ES1 Index|IK1 Comdty|KC1 Comdty|LH1 Comdty|NO1 Index|NQ1 Index|NV1 Curncy|OE1 Comdty|PE1 Curncy|PL1 Comdty|QS1 Comdty|SFI5 Comdty|SI1 Comdty|US1 Comdty|WN1 Comdty,ops20,strict66
0.2295,-0.0005,-0.4915,52,AD1 Curncy|C 1 Comdty|CO1 Comdty|DM1 Index|DU1 Comdty|EC1 Curncy|FV1 Comdty|JY1 Curncy|MES1 Index|NQ1 Index|PL1 Comdty|S 1 Comdty|SF1 Curncy|SFI5 Comdty|SI1 Comdty|SM1 Comdty|UB1 Comdty|VG1 Index|WN1 Comdty|XB1 Comdty,ops20,strict66
0.4034,0.2131,-0.0176,53,AD1 Curncy|CD1 Curncy|CL1 Comdty|DM1 Index|EC1 Curncy|ES1 Index|FV1 Comdty|GC1 Comdty|IK1 Comdty|KW1 Comdty|NV1 Curncy|PL1 Comdty|QC1 Comdty|RS1 Comdty|RTY1 Index|RX1 Comdty|SFR5 Comdty|SM1 Index|UB1 Comdty|XB1 Comdty,ops20,strict66
0.3500,0.1797,-0.3392,54,AD1 Curncy|BP1 Curncy|CF1 Index|CL1 Comdty|DM1 Index|EC1 Curncy|ES1 Index|FV1 Comdty|G 1 Comdty|HO1 Comdty|JB1 Comdty|NO1 Index|PA1 Comdty|QC1 Comdty|RS1 Comdty|RX1 Comdty|SF1 Curncy|SI1 Comdty|UXY1 Comdty|W 1 Comdty,ops20,strict66
0.4184,0.3955,0.1580,55,AD1 Curncy|CD1 Curncy|CL1 Comdty|DU1 Comdty|ER4 Comdty|G 1 Comdty|HG1 Comdty|IK1 Comdty|JB1 Comdty|JY1 Curncy|LC1 Comdty|LH1 Comdty|MES1 Index|NO1 Index|PA1 Comdty|PE1 Curncy|QC1 Comdty|QS1 Comdty|SM1 Index|VG1 Index,ops20,strict66
0.4600,0.3174,-0.3863,56,BP1 Curncy|EC1 Curncy|ES1 Index|FC1 Comdty|GX1 Index|HG1 Comdty|HO1 Comdty|IK1 Comdty|JB1 Comdty|LC1 Comdty|MES1 Index|NV1 Curncy|OE1 Comdty|PA1 Comdty|PE1 Curncy|QS1 Comdty|RTY1 Index|SB1 Comdty|SFR5 Comdty|UXY1 Comdty,ops20,strict66
0.1249,-0.0634,-0.6517,57,AD1 Curncy|BO1 Comdty|CL1 Comdty|DM1 Index|DU1 Comdty|EO1 Index|GX1 Index|HO1 Comdty|IK1 Comdty|JB1 Comdty|JY1 Curncy|OE1 Comdty|PA1 Comdty|PE1 Curncy|QW1 Comdty|SF1 Curncy|SI1 Comdty|TU1 Comdty|VG1 Index|W 1 Comdty,ops20,strict66
0.2290,0.0193,-0.0551,58,AD1 Curncy|BO1 Comdty|CD1 Curncy|CL1 Comdty|DM1 Index|ER4 Comdty|FC1 Comdty|FV1 Comdty|HG1 Comdty|HO1 Comdty|JB1 Comdty|KC1 Comdty|PE1 Curncy|RTY1 Index|SF1 Curncy|SFR5 Comdty|SI1 Comdty|TP1 Index|US1 Comdty|Z 1 Index,ops20,strict66
0.6173,0.3660,0.1631,59,CD1 Curncy|CO1 Comdty|DM1 Index|EC1 Curncy|ES1 Index|G 1 Comdty|GC1 Comdty|IK1 Comdty|JY1 Curncy|KC1 Comdty|MES1 Index|NQ1 Index|NV1 Curncy|OAT1 Comdty|OE1 Comdty|PL1 Comdty|QC1 Comdty|QS1 Comdty|SB1 Comdty|UXY1 Comdty,ops20,strict66
0.2098,0.0195,-0.1829,60,BP1 Curncy|C 1 Comdty|CD1 Curncy|CO1 Comdty|DM1 Index|ES1 Index|HO1 Comdty|JB1 Comdty|KC1 Comdty|LC1 Comdty|MES1 Index|NV1 Curncy|OAT1 Comdty|PL1 Comdty|RTY1 Index|SF1 Curncy|SI1 Comdty|TU1 Comdty|TY1 Comdty|UB1 Comdty,ops20,strict66
0.2641,0.1317,-0.6256,61,BP1 Curncy|C 1 Comdty|EC1 Curncy|EO1 Index|ER4 Comdty|G 1 Comdty|GX1 Index|HO1 Comdty|MES1 Index|NV1 Curncy|OE1 Comdty|PA1 Comdty|QS1 Comdty|QW1 Comdty|RS1 Comdty|SF1 Curncy|SI1 Comdty|TP1 Index|TY1 Comdty|UB1 Comdty,ops20,strict66
0.1182,-0.0289,-0.5653,62,AD1 Curncy|BP1 Curncy|CF1 Index|CO1 Comdty|CT1 Comdty|EO1 Index|ER4 Comdty|G 1 Comdty|HO1 Comdty|LC1 Comdty|NV1 Curncy|PL1 Comdty|QW1 Comdty|SF1 Curncy|SFI5 Comdty|SFR5 Comdty|SI1 Comdty|TP1 Index|UXY1 Comdty|Z 1 Index,ops20,strict66
0.3700,0.2208,-0.2398,63,AD1 Curncy|CL1 Comdty|DM1 Index|DU1 Comdty|EC1 Curncy|EO1 Index|ER4 Comdty|ES1 Index|FC1 Comdty|KC1 Comdty|LH1 Comdty|NV1 Curncy|PA1 Comdty|PE1 Curncy|PL1 Comdty|TP1 Index|UB1 Comdty|UXY1 Comdty|WN1 Comdty|XB1 Comdty,ops20,strict66
0.2142,0.0829,-0.4164,64,AD1 Curncy|BO1 Comdty|CL1 Comdty|FV1 Comdty|G 1 Comdty|GX1 Index|HO1 Comdty|IK1 Comdty|JY1 Curncy|NO1 Index|NQ1 Index|PE1 Curncy|PL1 Comdty|QW1 Comdty|S 1 Comdty|SF1 Curncy|SFR5 Comdty|SI1 Comdty|SM1 Index|TU1 Comdty,ops20,strict66
0.0503,-0.1844,-0.6860,65,BO1 Comdty|CD1 Curncy|GX1 Index|HG1 Comdty|IK1 Comdty|JB1 Comdty|JY1 Curncy|LC1 Comdty|NG1 Comdty|OE1 Comdty|PE1 Curncy|PL1 Comdty|QW1 Comdty|RTY1 Index|SF1 Curncy|SFI5 Comdty|US1 Comdty|VG1 Index|XB1 Comdty|Z 1 Index,ops20,strict66
0.4222,0.4494,-0.2026,66,BP1 Curncy|CC1 Comdty|DF1 Comdty|EC1 Curncy|ES1 Index|GX1 Index|HG1 Comdty|HO1 Comdty|IK1 Comdty|JY1 Curncy|MES1 Index|NG1 Comdty|NV1 Curncy|PA1 Comdty|RX1 Comdty|S 1 Comdty|TP1 Index|TU1 Comdty|UXY1 Comdty|WN1 Comdty,ops20,strict66
0.5036,0.2420,0.7594,67,BP1 Curncy|DM1 Index|FC1 Comdty|FV1 Comdty|GC1 Comdty|GX1 Index|JB1 Comdty|JY1 Curncy|KC1 Comdty|NQ1 Index|NV1 Curncy|OE1 Comdty|PL1 Comdty|QC1 Comdty|QS1 Comdty|SF1 Curncy|TP1 Index|TY1 Comdty|WN1 Comdty|XB1 Comdty,ops20,strict66
0.3956,0.3293,-0.2300,68,AD1 Curncy|BP1 Curncy|CT1 Comdty|DM1 Index|EC1 Curncy|FV1 Comdty|GC1 Comdty|HO1 Comdty|JY1 Curncy|MES1 Index|OAT1 Comdty|PL1 Comdty|QW1 Comdty|RS1 Comdty|RTY1 Index|SFI5 Comdty|SM1 Index|TU1 Comdty|WN1 Comdty|XB1 Comdty,ops20,strict66
0.4759,0.3620,0.7533,69,C 1 Comdty|CC1 Comdty|CD1 Curncy|CT1 Comdty|EC1 Curncy|ER4 Comdty|ES1 Index|G 1 Comdty|GC1 Comdty|HG1 Comdty|HO1 Comdty|JB1 Comdty|JY1 Curncy|MES1 Index|OE1 Comdty|QS1 Comdty|SF1 Curncy|SM1 Index|TP1 Index|WN1 Comdty,ops20,strict66
0.3365,0.1898,-0.1344,70,AD1 Curncy|BP1 Curncy|EC1 Curncy|ER4 Comdty|GC1 Comdty|HG1 Comdty|IK1 Comdty|MES1 Index|NG1 Comdty|NQ1 Index|NV1 Curncy|OE1 Comdty|QC1 Comdty|S 1 Comdty|SM1 Index|TU1 Comdty|VG1 Index|W 1 Comdty|WN1 Comdty|XB1 Comdty,ops20,strict66
0.3525,0.2722,-0.2770,71,BP1 Curncy|EC1 Curncy|ER4 Comdty|IK1 Comdty|JB1 Comdty|KC1 Comdty|LC1 Comdty|LH1 Comdty|MES1 Index|NG1 Comdty|NV1 Curncy|PA1 Comdty|PE1 Curncy|PL1 Comdty|QS1 Comdty|TP1 Index|TY1 Comdty|US1 Comdty|VG1 Index|Z 1 Index,ops20,strict66
0.3696,0.2857,-0.0983,72,AD1 Curncy|BP1 Curncy|CO1 Comdty|CT1 Comdty|DM1 Index|EO1 Index|ER4 Comdty|ES1 Index|GC1 Comdty|JB1 Comdty|LC1 Comdty|NV1 Curncy|OAT1 Comdty|OE1 Comdty|PA1 Comdty|QS1 Comdty|QW1 Comdty|SF1 Curncy|TY1 Comdty|Z 1 Index,ops20,strict66
0.2643,0.2940,-0.6109,73,BO1 Comdty|BP1 Curncy|CC1 Comdty|CD1 Curncy|CL1 Comdty|CO1 Comdty|DM1 Index|EC1 Curncy|ER4 Comdty|FV1 Comdty|G 1 Comdty|MES1 Index|NO1 Index|NQ1 Index|NV1 Curncy|PA1 Comdty|PL1 Comdty|SM1 Comdty|TY1 Comdty|WN1 Comdty,ops20,strict66
0.1282,0.0493,-0.1295,74,BO1 Comdty|CD1 Curncy|CO1 Comdty|CT1 Comdty|DU1 Comdty|EO1 Index|G 1 Comdty|HG1 Comdty|MES1 Index|NV1 Curncy|PE1 Curncy|PL1 Comdty|QC1 Comdty|QS1 Comdty|RTY1 Index|RX1 Comdty|SF1 Curncy|TP1 Index|TU1 Comdty|TY1 Comdty,ops20,strict66
0.3552,0.2003,-0.3018,75,BP1 Curncy|C 1 Comdty|CD1 Curncy|CO1 Comdty|DU1 Comdty|EC1 Curncy|FC1 Comdty|FV1 Comdty|KW1 Comdty|MES1 Index|NQ1 Index|PA1 Comdty|PE1 Curncy|SFI5 Comdty|SI1 Comdty|SM1 Index|UXY1 Comdty|VG1 Index|WN1 Comdty|XB1 Comdty,ops20,strict66
0.4334,0.3500,0.1688,76,BO1 Comdty|CL1 Comdty|DF1 Comdty|EC1 Curncy|ES1 Index|GC1 Comdty|HG1 Comdty|HO1 Comdty|IK1 Comdty|MES1 Index|NO1 Index|NV1 Curncy|OE1 Comdty|PE1 Curncy|QC1 Comdty|RTY1 Index|SF1 Curncy|SFI5 Comdty|US1 Comdty|UXY1 Comdty,ops20,strict66
0.4299,0.1845,-0.4489,77,BP1 Curncy|CL1 Comdty|DM1 Index|EO1 Index|ER4 Comdty|FC1 Comdty|JB1 Comdty|JY1 Curncy|NQ1 Index|NV1 Curncy|PA1 Comdty|S 1 Comdty|SB1 Comdty|SF1 Curncy|SFI5 Comdty|SI1 Comdty|SM1 Index|UXY1 Comdty|WN1 Comdty|XB1 Comdty,ops20,strict66
0.2331,0.0739,-0.4909,78,BP1 Curncy|CF1 Index|DU1 Comdty|EC1 Curncy|HO1 Comdty|JY1 Curncy|KC1 Comdty|LH1 Comdty|NG1 Comdty|OE1 Comdty|PA1 Comdty|PL1 Comdty|QW1 Comdty|RTY1 Index|SF1 Curncy|SM1 Index|TP1 Index|TY1 Comdty|US1 Comdty|WN1 Comdty,ops20,strict66
0.4239,0.4551,-0.1204,79,BP1 Curncy|C 1 Comdty|CD1 Curncy|CO1 Comdty|DM1 Index|GC1 Comdty|HO1 Comdty|LH1 Comdty|NQ1 Index|NV1 Curncy|OE1 Comdty|PA1 Comdty|PE1 Curncy|QW1 Comdty|RTY1 Index|SFR5 Comdty|TU1 Comdty|UXY1 Comdty|WN1 Comdty|Z 1 Index,ops20,strict66
0.4205,0.0433,-0.2844,80,BP1 Curncy|ES1 Index|FC1 Comdty|GX1 Index|IK1 Comdty|JB1 Comdty|LH1 Comdty|NG1 Comdty|NV1 Curncy|OE1 Comdty|PA1 Comdty|PE1 Curncy|RS1 Comdty|RX1 Comdty|SF1 Curncy|SI1 Comdty|SM1 Index|UB1 Comdty|VG1 Index|XB1 Comdty,ops20,strict66
0.1730,0.0191,-0.5159,81,AD1 Curncy|CD1 Curncy|CF1 Index|DU1 Comdty|EO1 Index|ER4 Comdty|HO1 Comdty|IK1 Comdty|JY1 Curncy|LH1 Comdty|NQ1 Index|NV1 Curncy|PL1 Comdty|QW1 Comdty|SI1 Comdty|SM1 Index|TY1 Comdty|US1 Comdty|W 1 Comdty|XB1 Comdty,ops20,strict66
0.3284,0.0447,-0.4259,82,AD1 Curncy|ES1 Index|FV1 Comdty|GX1 Index|HG1 Comdty|IK1 Comdty|JY1 Curncy|KC1 Comdty|MES1 Index|NG1 Comdty|NV1 Curncy|QW1 Comdty|RS1 Comdty|RX1 Comdty|SF1 Curncy|SFR5 Comdty|SI1 Comdty|SM1 Index|TY1 Comdty|XB1 Comdty,ops20,strict66
0.3842,0.2400,0.1747,83,CD1 Curncy|CO1 Comdty|DU1 Comdty|EC1 Curncy|FV1 Comdty|GC1 Comdty|GX1 Index|HO1 Comdty|JY1 Curncy|KC1 Comdty|LH1 Comdty|PL1 Comdty|QW1 Comdty|RTY1 Index|RX1 Comdty|SF1 Curncy|SFR5 Comdty|SM1 Index|TP1 Index|US1 Comdty,ops20,strict66
0.1949,-0.0113,0.3022,84,C 1 Comdty|CC1 Comdty|CF1 Index|DU1 Comdty|EC1 Curncy|JY1 Curncy|KC1 Comdty|NG1 Comdty|NQ1 Index|PE1 Curncy|PL1 Comdty|SF1 Curncy|SI1 Comdty|TP1 Index|TU1 Comdty|TY1 Comdty|UXY1 Comdty|WN1 Comdty|XB1 Comdty|Z 1 Index,ops20,strict66
0.2536,0.1422,-0.2180,85,BP1 Curncy|C 1 Comdty|CC1 Comdty|CF1 Index|CL1 Comdty|CO1 Comdty|EC1 Curncy|EO1 Index|FV1 Comdty|JB1 Comdty|LH1 Comdty|NV1 Curncy|PE1 Curncy|PL1 Comdty|RTY1 Index|RX1 Comdty|SFI5 Comdty|SI1 Comdty|SM1 Index|TY1 Comdty,ops20,strict66
0.3243,0.0192,-0.5517,86,BO1 Comdty|BP1 Curncy|EC1 Curncy|ER4 Comdty|ES1 Index|G 1 Comdty|GX1 Index|IK1 Comdty|JY1 Curncy|KW1 Comdty|MES1 Index|NG1 Comdty|OE1 Comdty|PE1 Curncy|PL1 Comdty|QS1 Comdty|SI1 Comdty|TP1 Index|UXY1 Comdty|W 1 Comdty,ops20,strict66
0.3475,0.3076,-0.3158,87,BP1 Curncy|CD1 Curncy|DM1 Index|EC1 Curncy|ER4 Comdty|ES1 Index|FV1 Comdty|HG1 Comdty|HO1 Comdty|JB1 Comdty|LH1 Comdty|MES1 Index|NV1 Curncy|PL1 Comdty|QC1 Comdty|QS1 Comdty|RX1 Comdty|SFI5 Comdty|TP1 Index|W 1 Comdty,ops20,strict66
0.1943,0.0926,-0.0822,88,BP1 Curncy|CD1 Curncy|DM1 Index|DU1 Comdty|EC1 Curncy|EO1 Index|GC1 Comdty|HG1 Comdty|HO1 Comdty|IK1 Comdty|JB1 Comdty|LC1 Comdty|NQ1 Index|S 1 Comdty|SF1 Curncy|TY1 Comdty|W 1 Comdty|WN1 Comdty|XB1 Comdty|Z 1 Index,ops20,strict66
0.5861,0.3368,0.4069,89,AD1 Curncy|CD1 Curncy|CO1 Comdty|ER4 Comdty|FC1 Comdty|GC1 Comdty|JB1 Comdty|JY1 Curncy|KW1 Comdty|LH1 Comdty|MES1 Index|NQ1 Index|OAT1 Comdty|PE1 Curncy|QS1 Comdty|RX1 Comdty|SI1 Comdty|TU1 Comdty|VG1 Index|Z 1 Index,ops20,strict66
0.1187,-0.0532,-0.8033,90,BP1 Curncy|CO1 Comdty|CT1 Comdty|DM1 Index|DU1 Comdty|EC1 Curncy|ER4 Comdty|G 1 Comdty|GX1 Index|HO1 Comdty|NV1 Curncy|OAT1 Comdty|PE1 Curncy|PL1 Comdty|S 1 Comdty|SI1 Comdty|SM1 Comdty|UB1 Comdty|VG1 Index|Z 1 Index,ops20,strict66
0.3011,0.2405,0.3140,91,AD1 Curncy|CO1 Comdty|DU1 Comdty|EC1 Curncy|ES1 Index|GC1 Comdty|GX1 Index|HO1 Comdty|KC1 Comdty|KW1 Comdty|NQ1 Index|NV1 Curncy|PE1 Curncy|PL1 Comdty|QC1 Comdty|TU1 Comdty|TY1 Comdty|US1 Comdty|UXY1 Comdty|VG1 Index,ops20,strict66
0.3976,0.1970,0.2954,92,AD1 Curncy|CC1 Comdty|CF1 Index|CO1 Comdty|DF1 Comdty|DM1 Index|DU1 Comdty|EC1 Curncy|GC1 Comdty|JB1 Comdty|JY1 Curncy|KW1 Comdty|MES1 Index|NG1 Comdty|NQ1 Index|OE1 Comdty|SF1 Curncy|SFI5 Comdty|SI1 Comdty|TU1 Comdty,ops20,strict66
0.4557,0.2250,0.1261,93,BP1 Curncy|C 1 Comdty|CD1 Curncy|CF1 Index|ER4 Comdty|FC1 Comdty|GC1 Comdty|HO1 Comdty|IK1 Comdty|KC1 Comdty|NQ1 Index|NV1 Curncy|PE1 Curncy|PL1 Comdty|QS1 Comdty|RTY1 Index|SFR5 Comdty|UB1 Comdty|UXY1 Comdty|VG1 Index,ops20,strict66
0.3583,0.2792,0.0213,94,AD1 Curncy|ER4 Comdty|ES1 Index|FV1 Comdty|GX1 Index|HG1 Comdty|HO1 Comdty|IK1 Comdty|JY1 Curncy|LH1 Comdty|NV1 Curncy|PE1 Curncy|QC1 Comdty|S 1 Comdty|SI1 Comdty|SM1 Index|UXY1 Comdty|WN1 Comdty|XB1 Comdty|Z 1 Index,ops20,strict66
0.1340,-0.1089,-0.3142,95,AD1 Curncy|CF1 Index|DM1 Index|DU1 Comdty|EC1 Curncy|ES1 Index|GC1 Comdty|JB1 Comdty|KW1 Comdty|NG1 Comdty|NV1 Curncy|OE1 Comdty|PE1 Curncy|QW1 Comdty|SI1 Comdty|TY1 Comdty|W 1 Comdty|WN1 Comdty|XB1 Comdty|Z 1 Index,ops20,strict66
0.3093,-0.0504,-0.3256,96,BP1 Curncy|C 1 Comdty|CO1 Comdty|DU1 Comdty|ES1 Index|FC1 Comdty|HG1 Comdty|IK1 Comdty|JY1 Curncy|MES1 Index|NG1 Comdty|OE1 Comdty|PE1 Curncy|RX1 Comdty|S 1 Comdty|SF1 Curncy|SI1 Comdty|TY1 Comdty|VG1 Index|Z 1 Index,ops20,strict66
0.3586,0.0737,0.0985,97,AD1 Curncy|BP1 Curncy|C 1 Comdty|DU1 Comdty|EC1 Curncy|GC1 Comdty|GX1 Index|JB1 Comdty|NQ1 Index|QS1 Comdty|RS1 Comdty|RX1 Comdty|S 1 Comdty|SF1 Curncy|SFR5 Comdty|SI1 Comdty|TP1 Index|UB1 Comdty|XB1 Comdty|Z 1 Index,ops20,strict66
0.4093,0.2563,0.3973,98,CC1 Comdty|CO1 Comdty|CT1 Comdty|EC1 Curncy|EO1 Index|ES1 Index|G 1 Comdty|GC1 Comdty|JB1 Comdty|MES1 Index|NV1 Curncy|OAT1 Comdty|PE1 Curncy|PL1 Comdty|SB1 Comdty|SF1 Curncy|SFR5 Comdty|TP1 Index|UXY1 Comdty|XB1 Comdty,ops20,strict66
0.5177,0.2879,0.3300,99,BO1 Comdty|CD1 Curncy|CO1 Comdty|DF1 Comdty|DM1 Index|EC1 Curncy|EO1 Index|ES1 Index|GC1 Comdty|JB1 Comdty|JY1 Curncy|LC1 Comdty|NG1 Comdty|RTY1 Index|RX1 Comdty|SF1 Curncy|SFR5 Comdty|SI1 Comdty|TU1 Comdty|UXY1 Comdty,ops20,strict66
0.5253,0.5052,0.3307,100,AD1 Curncy|C 1 Comdty|CC1 Comdty|CD1 Curncy|CO1 Comdty|DM1 Index|ES1 Index|GC1 Comdty|IK1 Comdty|JB1 Comdty|LH1 Comdty|MES1 Index|NG1 Comdty|NV1 Curncy|OAT1 Comdty|PA1 Comdty|PE1 Curncy|TU1 Comdty|TY1 Comdty|VG1 Index,ops20,strict66
0.2108,-0.0413,-0.6055,101,AD1 Curncy|BO1 Comdty|BP1 Curncy|CF1 Index|FC1 Comdty|GX1 Index|HG1 Comdty|NG1 Comdty|NV1 Curncy|PL1 Comdty|QS1 Comdty|RS1 Comdty|RX1 Comdty|SF1 Curncy|SFR5 Comdty|SM1 Index|TP1 Index|TU1 Comdty|TY1 Comdty|UB1 Comdty,ops20,strict66
0.1513,-0.0455,-1.0012,102,BP1 Curncy|CF1 Index|CO1 Comdty|ER4 Comdty|ES1 Index|FV1 Comdty|NV1 Curncy|PE1 Curncy|PL1 Comdty|RS1 Comdty|SB1 Comdty|SF1 Curncy|SFI5 Comdty|SFR5 Comdty|SI1 Comdty|SM1 Comdty|SM1 Index|UXY1 Comdty|XB1 Comdty|Z 1 Index,ops20,strict66
0.6555,0.4565,0.1911,103,BO1 Comdty|CO1 Comdty|DM1 Index|EC1 Curncy|ER4 Comdty|ES1 Index|FC1 Comdty|GC1 Comdty|HG1 Comdty|HO1 Comdty|JY1 Curncy|KC1 Comdty|NV1 Curncy|OAT1 Comdty|PE1 Curncy|RTY1 Index|SFR5 Comdty|TP1 Index|UXY1 Comdty|WN1 Comdty,ops20,strict66
0.4239,0.2028,0.1880,104,BP1 Curncy|CD1 Curncy|CO1 Comdty|DU1 Comdty|EC1 Curncy|ER4 Comdty|FC1 Comdty|GC1 Comdty|GX1 Index|MES1 Index|NG1 Comdty|PA1 Comdty|QC1 Comdty|SF1 Curncy|SM1 Index|TY1 Comdty|UB1 Comdty|UXY1 Comdty|W 1 Comdty|Z 1 Index,ops20,strict66
0.4123,0.1665,0.3130,105,AD1 Curncy|C 1 Comdty|CO1 Comdty|ES1 Index|FV1 Comdty|GC1 Comdty|JB1 Comdty|JY1 Curncy|NO1 Index|NV1 Curncy|QS1 Comdty|RTY1 Index|RX1 Comdty|SF1 Curncy|SFR5 Comdty|SI1 Comdty|SM1 Comdty|US1 Comdty|VG1 Index|W 1 Comdty,ops20,strict66
0.3088,0.1351,-0.5027,106,BP1 Curncy|CF1 Index|CO1 Comdty|FV1 Comdty|G 1 Comdty|GC1 Comdty|GX1 Index|HG1 Comdty|JY1 Curncy|KW1 Comdty|NG1 Comdty|NQ1 Index|PE1 Curncy|SB1 Comdty|SF1 Curncy|SFI5 Comdty|SM1 Comdty|US1 Comdty|UXY1 Comdty|Z 1 Index,ops20,strict66
0.2128,0.0168,-0.5992,107,CD1 Curncy|CF1 Index|CO1 Comdty|DU1 Comdty|EC1 Curncy|ES1 Index|G 1 Comdty|GC1 Comdty|HG1 Comdty|KW1 Comdty|NG1 Comdty|NV1 Curncy|PE1 Curncy|SB1 Comdty|SM1 Comdty|SM1 Index|TY1 Comdty|UB1 Comdty|UXY1 Comdty|Z 1 Index,ops20,strict66
0.0451,-0.0594,-0.3206,108,AD1 Curncy|BP1 Curncy|CD1 Curncy|CL1 Comdty|DF1 Comdty|DU1 Comdty|EC1 Curncy|EO1 Index|GX1 Index|HG1 Comdty|JB1 Comdty|KC1 Comdty|LC1 Comdty|OAT1 Comdty|PL1 Comdty|RX1 Comdty|SM1 Index|US1 Comdty|VG1 Index|XB1 Comdty,ops20,strict66
0.2992,0.2448,-0.0697,109,BP1 Curncy|CC1 Comdty|CD1 Curncy|CF1 Index|CO1 Comdty|EO1 Index|G 1 Comdty|GC1 Comdty|HG1 Comdty|HO1 Comdty|JB1 Comdty|JY1 Curncy|KW1 Comdty|MES1 Index|NV1 Curncy|SFI5 Comdty|SM1 Comdty|UB1 Comdty|UXY1 Comdty|VG1 Index,ops20,strict66
0.3290,0.2125,-0.2417,110,AD1 Curncy|CL1 Comdty|EO1 Index|ER4 Comdty|FC1 Comdty|FV1 Comdty|GX1 Index|HO1 Comdty|JB1 Comdty|JY1 Curncy|LH1 Comdty|NV1 Curncy|OAT1 Comdty|OE1 Comdty|PA1 Comdty|PE1 Curncy|PL1 Comdty|S 1 Comdty|SM1 Index|VG1 Index,ops20,strict66
0.2266,0.0070,-0.4038,111,CC1 Comdty|CD1 Curncy|CF1 Index|EC1 Curncy|G 1 Comdty|JB1 Comdty|JY1 Curncy|NQ1 Index|NV1 Curncy|OAT1 Comdty|PL1 Comdty|QS1 Comdty|RTY1 Index|SB1 Comdty|SFR5 Comdty|SI1 Comdty|SM1 Comdty|TU1 Comdty|XB1 Comdty|Z 1 Index,ops20,strict66
0.3355,0.1733,-0.1617,112,BO1 Comdty|CD1 Curncy|ER4 Comdty|ES1 Index|FV1 Comdty|HG1 Comdty|HO1 Comdty|JY1 Curncy|KC1 Comdty|LH1 Comdty|NO1 Index|NQ1 Index|OAT1 Comdty|PE1 Curncy|PL1 Comdty|SF1 Curncy|UB1 Comdty|UXY1 Comdty|XB1 Comdty|Z 1 Index,ops20,strict66
0.3354,0.1860,-0.1346,113,AD1 Curncy|C 1 Comdty|CD1 Curncy|CF1 Index|CT1 Comdty|ES1 Index|GC1 Comdty|HG1 Comdty|IK1 Comdty|MES1 Index|NG1 Comdty|PE1 Curncy|QS1 Comdty|QW1 Comdty|RTY1 Index|RX1 Comdty|SF1 Curncy|SFI5 Comdty|TY1 Comdty|WN1 Comdty,ops20,strict66
0.4282,0.2404,-0.0040,114,BP1 Curncy|CL1 Comdty|CT1 Comdty|DF1 Comdty|ES1 Index|GX1 Index|IK1 Comdty|JB1 Comdty|JY1 Curncy|NG1 Comdty|NO1 Index|NV1 Curncy|PA1 Comdty|PE1 Curncy|RX1 Comdty|SI1 Comdty|TP1 Index|TY1 Comdty|US1 Comdty|W 1 Comdty,ops20,strict66
0.2458,0.0642,-0.4359,115,CD1 Curncy|CL1 Comdty|DM1 Index|DU1 Comdty|FV1 Comdty|GX1 Index|HO1 Comdty|JB1 Comdty|JY1 Curncy|KW1 Comdty|NQ1 Index|NV1 Curncy|PE1 Curncy|PL1 Comdty|RS1 Comdty|RX1 Comdty|SFR5 Comdty|SI1 Comdty|SM1 Comdty|SM1 Index,ops20,strict66
0.3613,0.1372,0.2998,116,AD1 Curncy|BP1 Curncy|CC1 Comdty|CO1 Comdty|ES1 Index|FV1 Comdty|GC1 Comdty|HO1 Comdty|KC1 Comdty|NQ1 Index|NV1 Curncy|OAT1 Comdty|OE1 Comdty|SF1 Curncy|SFR5 Comdty|SI1 Comdty|SM1 Index|TU1 Comdty|W 1 Comdty|Z 1 Index,ops20,strict66
0.5307,0.5386,-0.1173,117,BP1 Curncy|C 1 Comdty|CL1 Comdty|DM1 Index|EC1 Curncy|ER4 Comdty|FV1 Comdty|GC1 Comdty|LH1 Comdty|NO1 Index|NV1 Curncy|PA1 Comdty|PE1 Curncy|QS1 Comdty|QW1 Comdty|RX1 Comdty|SFI5 Comdty|SM1 Index|TP1 Index|TY1 Comdty,ops20,strict66
0.3184,0.1423,0.3173,118,AD1 Curncy|BP1 Curncy|CC1 Comdty|CF1 Index|CL1 Comdty|DF1 Comdty|DU1 Comdty|EC1 Curncy|FC1 Comdty|FV1 Comdty|GX1 Index|NG1 Comdty|NO1 Index|OAT1 Comdty|PE1 Curncy|PL1 Comdty|SFR5 Comdty|SI1 Comdty|TP1 Index|WN1 Comdty,ops20,strict66
0.3003,0.3357,-0.2871,119,AD1 Curncy|CD1 Curncy|CF1 Index|CL1 Comdty|CT1 Comdty|DF1 Comdty|EC1 Curncy|G 1 Comdty|HG1 Comdty|JB1 Comdty|MES1 Index|NO1 Index|NQ1 Index|OAT1 Comdty|PA1 Comdty|PE1 Curncy|S 1 Comdty|SFR5 Comdty|WN1 Comdty|XB1 Comdty,ops20,strict66
0.2049,0.0662,0.0223,120,AD1 Curncy|BP1 Curncy|CD1 Curncy|CF1 Index|DU1 Comdty|ER4 Comdty|GC1 Comdty|GX1 Index|NG1 Comdty|OAT1 Comdty|PL1 Comdty|QC1 Comdty|QS1 Comdty|S 1 Comdty|SF1 Curncy|SM1 Comdty|SM1 Index|TP1 Index|TU1 Comdty|UXY1 Comdty,ops20,strict66
0.2973,0.1148,-0.2893,121,AD1 Curncy|BP1 Curncy|CC1 Comdty|CO1 Comdty|EC1 Curncy|EO1 Index|ES1 Index|JY1 Curncy|OE1 Comdty|PL1 Comdty|QW1 Comdty|RX1 Comdty|S 1 Comdty|SFI5 Comdty|SI1 Comdty|TP1 Index|US1 Comdty|VG1 Index|WN1 Comdty|XB1 Comdty,ops20,strict66
0.2091,0.0530,-0.7287,122,AD1 Curncy|CD1 Curncy|CF1 Index|CL1 Comdty|CO1 Comdty|CT1 Comdty|EC1 Curncy|HG1 Comdty|IK1 Comdty|KW1 Comdty|MES1 Index|NO1 Index|NV1 Curncy|OE1 Comdty|PL1 Comdty|RS1 Comdty|SFI5 Comdty|TP1 Index|TU1 Comdty|UB1 Comdty,ops20,strict66
0.4225,0.1694,-0.4951,123,AD1 Curncy|CD1 Curncy|DM1 Index|EC1 Curncy|EO1 Index|GX1 Index|JY1 Curncy|NG1 Comdty|OAT1 Comdty|OE1 Comdty|PA1 Comdty|QC1 Comdty|RS1 Comdty|RX1 Comdty|SB1 Comdty|SFI5 Comdty|SI1 Comdty|TU1 Comdty|VG1 Index|XB1 Comdty,ops20,strict66
0.3322,0.1747,0.1813,124,AD1 Curncy|BO1 Comdty|CC1 Comdty|CO1 Comdty|DM1 Index|EC1 Curncy|ES1 Index|GC1 Comdty|JB1 Comdty|KW1 Comdty|NV1 Curncy|OE1 Comdty|PE1 Curncy|RTY1 Index|SI1 Comdty|TU1 Comdty|US1 Comdty|VG1 Index|WN1 Comdty|XB1 Comdty,ops20,strict66
0.4624,0.2982,0.1216,125,AD1 Curncy|BP1 Curncy|CD1 Curncy|FV1 Comdty|G 1 Comdty|GC1 Comdty|JY1 Curncy|KC1 Comdty|LH1 Comdty|NQ1 Index|OE1 Comdty|PL1 Comdty|QS1 Comdty|S 1 Comdty|SFI5 Comdty|SM1 Index|TP1 Index|UB1 Comdty|VG1 Index|XB1 Comdty,ops20,strict66
0.2288,0.0341,-0.6423,126,BO1 Comdty|BP1 Curncy|C 1 Comdty|DU1 Comdty|EC1 Curncy|GX1 Index|HG1 Comdty|HO1 Comdty|IK1 Comdty|MES1 Index|NG1 Comdty|NQ1 Index|PE1 Curncy|S 1 Comdty|SF1 Curncy|SFI5 Comdty|SFR5 Comdty|SI1 Comdty|SM1 Index|TU1 Comdty,ops20,strict66
0.3856,0.1261,0.0276,127,AD1 Curncy|CO1 Comdty|DU1 Comdty|EC1 Curncy|EO1 Index|FV1 Comdty|GC1 Comdty|GX1 Index|JB1 Comdty|KC1 Comdty|KW1 Comdty|NG1 Comdty|NQ1 Index|PE1 Curncy|RS1 Comdty|SF1 Curncy|SFI5 Comdty|SI1 Comdty|SM1 Index|TY1 Comdty,ops20,strict66
0.3681,0.3909,0.0360,128,AD1 Curncy|BP1 Curncy|CC1 Comdty|DF1 Comdty|DM1 Index|EC1 Curncy|EO1 Index|HG1 Comdty|JB1 Comdty|JY1 Curncy|NQ1 Index|PL1 Comdty|QS1 Comdty|RS1 Comdty|TU1 Comdty|TY1 Comdty|US1 Comdty|UXY1 Comdty|VG1 Index|XB1 Comdty,ops20,strict66
0.3497,0.1359,-0.2072,129,AD1 Curncy|BP1 Curncy|CF1 Index|FC1 Comdty|FV1 Comdty|GX1 Index|HO1 Comdty|IK1 Comdty|JY1 Curncy|MES1 Index|OAT1 Comdty|PA1 Comdty|QC1 Comdty|SB1 Comdty|SF1 Curncy|SFI5 Comdty|SI1 Comdty|VG1 Index|WN1 Comdty|XB1 Comdty,ops20,strict66
0.1918,0.0694,-0.5429,130,AD1 Curncy|CD1 Curncy|CL1 Comdty|G 1 Comdty|GC1 Comdty|HO1 Comdty|IK1 Comdty|NQ1 Index|NV1 Curncy|PL1 Comdty|QW1 Comdty|RTY1 Index|S 1 Comdty|SB1 Comdty|SF1 Curncy|SFI5 Comdty|TP1 Index|TU1 Comdty|UB1 Comdty|Z 1 Index,ops20,strict66
0.4348,0.2931,0.2064,131,AD1 Curncy|BO1 Comdty|BP1 Curncy|CT1 Comdty|DU1 Comdty|ER4 Comdty|ES1 Index|GC1 Comdty|HG1 Comdty|IK1 Comdty|MES1 Index|PE1 Curncy|QC1 Comdty|QS1 Comdty|SF1 Curncy|SFI5 Comdty|SM1 Index|TP1 Index|US1 Comdty|XB1 Comdty,ops20,strict66
0.3191,0.1776,0.1935,132,AD1 Curncy|C 1 Comdty|CF1 Index|DU1 Comdty|GC1 Comdty|GX1 Index|HO1 Comdty|JY1 Curncy|KW1 Comdty|LH1 Comdty|NO1 Index|OE1 Comdty|PE1 Curncy|PL1 Comdty|QS1 Comdty|RTY1 Index|SF1 Curncy|SFI5 Comdty|UXY1 Comdty|WN1 Comdty,ops20,strict66
0.3454,0.1286,-0.3013,133,BP1 Curncy|C 1 Comdty|CD1 Curncy|EC1 Curncy|EO1 Index|HG1 Comdty|HO1 Comdty|JY1 Curncy|NG1 Comdty|NO1 Index|RTY1 Index|RX1 Comdty|SFI5 Comdty|SFR5 Comdty|SI1 Comdty|SM1 Comdty|TP1 Index|UB1 Comdty|W 1 Comdty|WN1 Comdty,ops20,strict66
0.3510,0.1054,0.2320,134,AD1 Curncy|CD1 Curncy|CT1 Comdty|DM1 Index|DU1 Comdty|ES1 Index|GC1 Comdty|GX1 Index|HO1 Comdty|IK1 Comdty|JB1 Comdty|KW1 Comdty|OAT1 Comdty|PE1 Curncy|QS1 Comdty|SF1 Curncy|SFR5 Comdty|SI1 Comdty|SM1 Index|W 1 Comdty,ops20,strict66
0.3755,0.1190,-0.4663,135,AD1 Curncy|BO1 Comdty|CO1 Comdty|EC1 Curncy|ER4 Comdty|ES1 Index|FV1 Comdty|GC1 Comdty|HO1 Comdty|IK1 Comdty|MES1 Index|NO1 Index|NV1 Curncy|OE1 Comdty|QW1 Comdty|RTY1 Index|RX1 Comdty|SB1 Comdty|SF1 Curncy|SI1 Comdty,ops20,strict66
0.3203,0.2317,-0.0074,136,AD1 Curncy|BO1 Comdty|CF1 Index|EC1 Curncy|FC1 Comdty|GC1 Comdty|GX1 Index|HO1 Comdty|LC1 Comdty|MES1 Index|NV1 Curncy|PA1 Comdty|SF1 Curncy|SFR5 Comdty|TP1 Index|TY1 Comdty|UB1 Comdty|US1 Comdty|UXY1 Comdty|XB1 Comdty,ops20,strict66
0.3533,0.1226,0.2650,137,AD1 Curncy|DF1 Comdty|DU1 Comdty|G 1 Comdty|GX1 Index|JB1 Comdty|JY1 Curncy|LH1 Comdty|NG1 Comdty|NV1 Curncy|OE1 Comdty|PA1 Comdty|QC1 Comdty|QS1 Comdty|SF1 Curncy|SI1 Comdty|SM1 Index|TP1 Index|UB1 Comdty|VG1 Index,ops20,strict66
0.3985,0.2661,-0.2715,138,AD1 Curncy|CD1 Curncy|CO1 Comdty|DM1 Index|EO1 Index|G 1 Comdty|GC1 Comdty|JB1 Comdty|KW1 Comdty|NQ1 Index|NV1 Curncy|OAT1 Comdty|PA1 Comdty|QS1 Comdty|S 1 Comdty|SB1 Comdty|SF1 Curncy|TP1 Index|TY1 Comdty|UB1 Comdty,ops20,strict66
0.4570,0.2902,0.4145,139,C 1 Comdty|CL1 Comdty|CO1 Comdty|CT1 Comdty|EC1 Curncy|ER4 Comdty|ES1 Index|GC1 Comdty|HG1 Comdty|JB1 Comdty|JY1 Curncy|PE1 Curncy|SF1 Curncy|TP1 Index|UB1 Comdty|UXY1 Comdty|VG1 Index|W 1 Comdty|WN1 Comdty|Z 1 Index,ops20,strict66
0.2915,0.0474,-0.0240,140,BO1 Comdty|CD1 Curncy|CL1 Comdty|DU1 Comdty|EO1 Index|ER4 Comdty|ES1 Index|GC1 Comdty|GX1 Index|HO1 Comdty|JB1 Comdty|JY1 Curncy|NO1 Index|NV1 Curncy|OE1 Comdty|RS1 Comdty|SF1 Curncy|SI1 Comdty|SM1 Comdty|UB1 Comdty,ops20,strict66
0.1635,0.0717,0.1506,141,BO1 Comdty|BP1 Curncy|CC1 Comdty|CD1 Curncy|CF1 Index|DM1 Index|EC1 Curncy|FV1 Comdty|GC1 Comdty|NG1 Comdty|OE1 Comdty|PE1 Curncy|PL1 Comdty|QC1 Comdty|RX1 Comdty|SM1 Index|TU1 Comdty|TY1 Comdty|XB1 Comdty|Z 1 Index,ops20,strict66
0.4860,0.3718,0.4994,142,CC1 Comdty|CD1 Curncy|CO1 Comdty|EC1 Curncy|ER4 Comdty|G 1 Comdty|GX1 Index|HG1 Comdty|JB1 Comdty|JY1 Curncy|LH1 Comdty|NG1 Comdty|NO1 Index|PE1 Curncy|QC1 Comdty|RTY1 Index|SI1 Comdty|TP1 Index|TY1 Comdty|WN1 Comdty,ops20,strict66
0.2549,0.1661,-0.1324,143,C 1 Comdty|CD1 Curncy|EC1 Curncy|EO1 Index|ER4 Comdty|G 1 Comdty|GC1 Comdty|GX1 Index|MES1 Index|NV1 Curncy|OE1 Comdty|PE1 Curncy|PL1 Comdty|QS1 Comdty|RS1 Comdty|SM1 Comdty|TP1 Index|TU1 Comdty|UXY1 Comdty|XB1 Comdty,ops20,strict66
0.3423,0.0494,0.0319,144,AD1 Curncy|CD1 Curncy|CL1 Comdty|CT1 Comdty|DM1 Index|FC1 Comdty|GX1 Index|HG1 Comdty|IK1 Comdty|JY1 Curncy|KC1 Comdty|NG1 Comdty|NO1 Index|PE1 Curncy|PL1 Comdty|RX1 Comdty|TY1 Comdty|UB1 Comdty|UXY1 Comdty|Z 1 Index,ops20,strict66
0.5106,0.3777,0.1732,145,AD1 Curncy|BP1 Curncy|DM1 Index|DU1 Comdty|EC1 Curncy|ES1 Index|FV1 Comdty|GC1 Comdty|GX1 Index|LC1 Comdty|LH1 Comdty|NG1 Comdty|NV1 Curncy|OAT1 Comdty|QS1 Comdty|QW1 Comdty|SFR5 Comdty|SI1 Comdty|TP1 Index|TU1 Comdty,ops20,strict66
0.3604,0.1956,-0.1474,146,AD1 Curncy|CD1 Curncy|CO1 Comdty|DM1 Index|ER4 Comdty|GC1 Comdty|MES1 Index|NQ1 Index|NV1 Curncy|OAT1 Comdty|PL1 Comdty|QC1 Comdty|RS1 Comdty|SB1 Comdty|SF1 Curncy|TU1 Comdty|UB1 Comdty|WN1 Comdty|XB1 Comdty|Z 1 Index,ops20,strict66
0.2762,0.1098,-0.3937,147,AD1 Curncy|BP1 Curncy|C 1 Comdty|CD1 Curncy|DM1 Index|ER4 Comdty|FV1 Comdty|GC1 Comdty|HG1 Comdty|HO1 Comdty|LH1 Comdty|NG1 Comdty|NV1 Curncy|OAT1 Comdty|OE1 Comdty|RTY1 Index|RX1 Comdty|SM1 Index|W 1 Comdty|Z 1 Index,ops20,strict66
0.3606,0.2630,-0.6048,148,BO1 Comdty|BP1 Curncy|C 1 Comdty|CF1 Index|DM1 Index|HO1 Comdty|IK1 Comdty|JB1 Comdty|JY1 Curncy|LH1 Comdty|MES1 Index|NG1 Comdty|NQ1 Index|NV1 Curncy|PA1 Comdty|PE1 Curncy|PL1 Comdty|UB1 Comdty|US1 Comdty|WN1 Comdty,ops20,strict66
0.4701,0.3098,-0.0466,149,BP1 Curncy|C 1 Comdty|CC1 Comdty|CD1 Curncy|CL1 Comdty|CO1 Comdty|EC1 Curncy|FC1 Comdty|GX1 Index|HG1 Comdty|IK1 Comdty|JY1 Curncy|OAT1 Comdty|OE1 Comdty|PA1 Comdty|SM1 Index|TP1 Index|US1 Comdty|VG1 Index|WN1 Comdty,ops20,strict66
0.2137,0.0865,-0.2928,150,AD1 Curncy|CF1 Index|CL1 Comdty|CT1 Comdty|DF1 Comdty|HG1 Comdty|JY1 Curncy|LC1 Comdty|NG1 Comdty|NV1 Curncy|OE1 Comdty|PA1 Comdty|RX1 Comdty|SF1 Curncy|SFR5 Comdty|SM1 Index|TP1 Index|TY1 Comdty|UB1 Comdty|Z 1 Index,ops20,strict66
0.5864,0.3853,0.3062,151,AD1 Curncy|BP1 Curncy|CD1 Curncy|CL1 Comdty|CO1 Comdty|ER4 Comdty|ES1 Index|FC1 Comdty|GC1 Comdty|KW1 Comdty|LH1 Comdty|NO1 Index|NQ1 Index|NV1 Curncy|OAT1 Comdty|OE1 Comdty|PL1 Comdty|RX1 Comdty|TP1 Index|TU1 Comdty,ops20,strict66
0.4815,0.2323,0.0945,152,BP1 Curncy|DF1 Comdty|FC1 Comdty|G 1 Comdty|GC1 Comdty|LH1 Comdty|MES1 Index|NG1 Comdty|NV1 Curncy|OAT1 Comdty|OE1 Comdty|PA1 Comdty|PE1 Curncy|QS1 Comdty|RTY1 Index|RX1 Comdty|SF1 Curncy|TP1 Index|UB1 Comdty|Z 1 Index,ops20,strict66
0.3540,0.2023,-0.3838,153,AD1 Curncy|C 1 Comdty|CD1 Curncy|CL1 Comdty|DM1 Index|ER4 Comdty|FV1 Comdty|IK1 Comdty|JB1 Comdty|NO1 Index|NV1 Curncy|OAT1 Comdty|PA1 Comdty|PE1 Curncy|QS1 Comdty|RS1 Comdty|SI1 Comdty|TP1 Index|VG1 Index|W 1 Comdty,ops20,strict66
0.2836,0.0618,-0.2987,154,CD1 Curncy|CF1 Index|CT1 Comdty|DU1 Comdty|EC1 Curncy|FV1 Comdty|HG1 Comdty|HO1 Comdty|IK1 Comdty|JY1 Curncy|KW1 Comdty|OAT1 Comdty|QS1 Comdty|RTY1 Index|SB1 Comdty|SF1 Curncy|SI1 Comdty|SM1 Index|TP1 Index|TU1 Comdty,ops20,strict66
0.4485,0.1568,-0.0996,155,BO1 Comdty|BP1 Curncy|CD1 Curncy|DM1 Index|EO1 Index|FC1 Comdty|GC1 Comdty|IK1 Comdty|JB1 Comdty|MES1 Index|NG1 Comdty|NQ1 Index|NV1 Curncy|PE1 Curncy|QW1 Comdty|RX1 Comdty|SFR5 Comdty|SI1 Comdty|US1 Comdty|XB1 Comdty,ops20,strict66
0.3394,0.1842,-0.2763,156,AD1 Curncy|BP1 Curncy|C 1 Comdty|CL1 Comdty|CT1 Comdty|FV1 Comdty|G 1 Comdty|HO1 Comdty|IK1 Comdty|JB1 Comdty|LH1 Comdty|MES1 Index|NQ1 Index|OE1 Comdty|PA1 Comdty|PE1 Curncy|RTY1 Index|SF1 Curncy|SI1 Comdty|SM1 Index,ops20,strict66
0.3915,0.2392,0.2988,157,CD1 Curncy|CL1 Comdty|DF1 Comdty|DM1 Index|DU1 Comdty|G 1 Comdty|GC1 Comdty|GX1 Index|JY1 Curncy|KW1 Comdty|LC1 Comdty|NG1 Comdty|NO1 Index|OAT1 Comdty|PA1 Comdty|PE1 Curncy|RTY1 Index|SF1 Curncy|UB1 Comdty|US1 Comdty,ops20,strict66
0.4799,0.3215,-0.0685,158,BP1 Curncy|CC1 Comdty|CD1 Curncy|CO1 Comdty|EO1 Index|HG1 Comdty|JY1 Curncy|NQ1 Index|OAT1 Comdty|PE1 Curncy|PL1 Comdty|QC1 Comdty|RS1 Comdty|RTY1 Index|RX1 Comdty|SFI5 Comdty|TP1 Index|UB1 Comdty|UXY1 Comdty|XB1 Comdty,ops20,strict66
0.1629,0.0319,-0.9225,159,AD1 Curncy|BO1 Comdty|BP1 Curncy|CD1 Curncy|CF1 Index|CL1 Comdty|EO1 Index|G 1 Comdty|GC1 Comdty|HG1 Comdty|HO1 Comdty|IK1 Comdty|KW1 Comdty|MES1 Index|NV1 Curncy|OAT1 Comdty|QW1 Comdty|RTY1 Index|RX1 Comdty|SFI5 Comdty,ops20,strict66
0.2113,0.0909,-0.0550,160,BP1 Curncy|CL1 Comdty|EC1 Curncy|EO1 Index|G 1 Comdty|HO1 Comdty|JB1 Comdty|JY1 Curncy|LC1 Comdty|NO1 Index|PL1 Comdty|S 1 Comdty|SF1 Curncy|SFI5 Comdty|SI1 Comdty|SM1 Index|TP1 Index|TU1 Comdty|TY1 Comdty|W 1 Comdty,ops20,strict66
0.2546,0.0774,-0.0886,161,AD1 Curncy|BP1 Curncy|CD1 Curncy|CL1 Comdty|ES1 Index|FC1 Comdty|FV1 Comdty|G 1 Comdty|GX1 Index|HG1 Comdty|JB1 Comdty|LC1 Comdty|LH1 Comdty|OAT1 Comdty|OE1 Comdty|PL1 Comdty|QS1 Comdty|SF1 Curncy|TP1 Index|VG1 Index,ops20,strict66
0.4878,0.2844,0.2079,162,CO1 Comdty|DU1 Comdty|ES1 Index|GC1 Comdty|JY1 Curncy|LC1 Comdty|LH1 Comdty|NO1 Index|NV1 Curncy|OE1 Comdty|PA1 Comdty|PE1 Curncy|RX1 Comdty|SB1 Comdty|SF1 Curncy|SM1 Index|UB1 Comdty|US1 Comdty|VG1 Index|XB1 Comdty,ops20,strict66
0.3131,0.1815,-0.1656,163,AD1 Curncy|BP1 Curncy|CD1 Curncy|EC1 Curncy|FV1 Comdty|GC1 Comdty|JB1 Comdty|NO1 Index|NQ1 Index|OE1 Comdty|QS1 Comdty|QW1 Comdty|S 1 Comdty|SB1 Comdty|SI1 Comdty|US1 Comdty|VG1 Index|WN1 Comdty|XB1 Comdty|Z 1 Index,ops20,strict66
0.3745,0.2888,-0.4259,164,AD1 Curncy|BP1 Curncy|CT1 Comdty|DF1 Comdty|DM1 Index|DU1 Comdty|EC1 Curncy|ER4 Comdty|ES1 Index|G 1 Comdty|NG1 Comdty|NQ1 Index|PA1 Comdty|PE1 Curncy|PL1 Comdty|RS1 Comdty|SFR5 Comdty|UB1 Comdty|XB1 Comdty|Z 1 Index,ops20,strict66
0.1989,0.1177,-0.5914,165,BP1 Curncy|CD1 Curncy|CF1 Index|CL1 Comdty|DF1 Comdty|EC1 Curncy|ER4 Comdty|HG1 Comdty|KC1 Comdty|LH1 Comdty|NQ1 Index|NV1 Curncy|OE1 Comdty|RTY1 Index|SFI5 Comdty|SI1 Comdty|TY1 Comdty|VG1 Index|WN1 Comdty|XB1 Comdty,ops20,strict66
0.2219,0.1106,-0.3198,166,CC1 Comdty|CD1 Curncy|EO1 Index|ER4 Comdty|FV1 Comdty|G 1 Comdty|GX1 Index|MES1 Index|NV1 Curncy|OAT1 Comdty|PA1 Comdty|PE1 Curncy|QS1 Comdty|QW1 Comdty|SB1 Comdty|SF1 Curncy|SFR5 Comdty|SI1 Comdty|SM1 Index|XB1 Comdty,ops20,strict66
0.2966,0.1796,-0.7719,167,BO1 Comdty|BP1 Curncy|CF1 Index|CO1 Comdty|DF1 Comdty|DU1 Comdty|EC1 Curncy|ES1 Index|FV1 Comdty|HG1 Comdty|JY1 Curncy|MES1 Index|PA1 Comdty|QW1 Comdty|RTY1 Index|RX1 Comdty|SF1 Curncy|UB1 Comdty|UXY1 Comdty|XB1 Comdty,ops20,strict66
0.1024,0.0805,-0.4458,168,BO1 Comdty|C 1 Comdty|CD1 Curncy|CF1 Index|CT1 Comdty|DM1 Index|EO1 Index|HO1 Comdty|MES1 Index|NV1 Curncy|OE1 Comdty|PA1 Comdty|PE1 Curncy|PL1 Comdty|QS1 Comdty|SF1 Curncy|SFR5 Comdty|TU1 Comdty|UB1 Comdty|WN1 Comdty,ops20,strict66
0.3893,0.3683,0.5714,169,AD1 Curncy|CC1 Comdty|CF1 Index|CT1 Comdty|EC1 Curncy|ER4 Comdty|FV1 Comdty|GC1 Comdty|JB1 Comdty|LC1 Comdty|NO1 Index|PA1 Comdty|PE1 Curncy|QS1 Comdty|RTY1 Index|SF1 Curncy|US1 Comdty|VG1 Index|WN1 Comdty|XB1 Comdty,ops20,strict66
0.5829,0.4334,0.2430,170,AD1 Curncy|BO1 Comdty|BP1 Curncy|CF1 Index|CL1 Comdty|CO1 Comdty|DM1 Index|ES1 Index|GC1 Comdty|JY1 Curncy|LH1 Comdty|MES1 Index|OE1 Comdty|PE1 Curncy|QC1 Comdty|SFR5 Comdty|SI1 Comdty|TY1 Comdty|UB1 Comdty|UXY1 Comdty,ops20,strict66
0.2730,0.0340,-0.6286,171,AD1 Curncy|BP1 Curncy|DM1 Index|ER4 Comdty|G 1 Comdty|HG1 Comdty|HO1 Comdty|IK1 Comdty|JB1 Comdty|JY1 Curncy|NO1 Index|QW1 Comdty|RS1 Comdty|RTY1 Index|S 1 Comdty|SF1 Curncy|SI1 Comdty|SM1 Index|UB1 Comdty|XB1 Comdty,ops20,strict66
0.4162,0.3189,-0.2561,172,BP1 Curncy|CC1 Comdty|CF1 Index|CL1 Comdty|CT1 Comdty|DU1 Comdty|EC1 Curncy|GX1 Index|HG1 Comdty|IK1 Comdty|JY1 Curncy|KW1 Comdty|NG1 Comdty|NO1 Index|NQ1 Index|OAT1 Comdty|PA1 Comdty|PE1 Curncy|UB1 Comdty|US1 Comdty,ops20,strict66
0.1813,0.1289,-0.2055,173,AD1 Curncy|CD1 Curncy|CO1 Comdty|CT1 Comdty|DF1 Comdty|ER4 Comdty|HG1 Comdty|LC1 Comdty|MES1 Index|NQ1 Index|NV1 Curncy|PL1 Comdty|SF1 Curncy|SM1 Index|TU1 Comdty|UB1 Comdty|UXY1 Comdty|VG1 Index|WN1 Comdty|XB1 Comdty,ops20,strict66
0.4101,0.1861,0.5142,174,C 1 Comdty|CD1 Curncy|CL1 Comdty|DM1 Index|G 1 Comdty|GC1 Comdty|JY1 Curncy|MES1 Index|NG1 Comdty|PE1 Curncy|QC1 Comdty|RTY1 Index|RX1 Comdty|SB1 Comdty|SF1 Curncy|SI1 Comdty|TP1 Index|TU1 Comdty|TY1 Comdty|WN1 Comdty,ops20,strict66
0.2089,0.0522,-0.2085,175,AD1 Curncy|BO1 Comdty|BP1 Curncy|CC1 Comdty|CO1 Comdty|DU1 Comdty|EC1 Curncy|G 1 Comdty|HG1 Comdty|JB1 Comdty|JY1 Curncy|MES1 Index|SI1 Comdty|SM1 Comdty|TP1 Index|TU1 Comdty|UB1 Comdty|VG1 Index|XB1 Comdty|Z 1 Index,ops20,strict66
0.1712,0.1938,-0.1898,176,AD1 Curncy|BP1 Curncy|CC1 Comdty|CD1 Curncy|CL1 Comdty|DM1 Index|EO1 Index|ER4 Comdty|HO1 Comdty|NQ1 Index|PA1 Comdty|PE1 Curncy|PL1 Comdty|QC1 Comdty|RX1 Comdty|US1 Comdty|UXY1 Comdty|VG1 Index|W 1 Comdty|WN1 Comdty,ops20,strict66
0.2749,0.2071,-0.2243,177,AD1 Curncy|BP1 Curncy|C 1 Comdty|CF1 Index|CO1 Comdty|GC1 Comdty|JY1 Curncy|KW1 Comdty|MES1 Index|NG1 Comdty|NV1 Curncy|PL1 Comdty|RTY1 Index|S 1 Comdty|SFI5 Comdty|SFR5 Comdty|SM1 Index|TY1 Comdty|UXY1 Comdty|WN1 Comdty,ops20,strict66
0.1720,-0.0244,-0.5859,178,AD1 Curncy|BP1 Curncy|CF1 Index|CT1 Comdty|DU1 Comdty|HG1 Comdty|HO1 Comdty|IK1 Comdty|NO1 Index|NQ1 Index|NV1 Curncy|OE1 Comdty|PE1 Curncy|QW1 Comdty|RTY1 Index|RX1 Comdty|SI1 Comdty|TU1 Comdty|W 1 Comdty|XB1 Comdty,ops20,strict66
0.4171,0.1733,-0.6944,179,BP1 Curncy|CD1 Curncy|CO1 Comdty|DU1 Comdty|EC1 Curncy|GX1 Index|IK1 Comdty|JY1 Curncy|MES1 Index|NO1 Index|OAT1 Comdty|PA1 Comdty|QS1 Comdty|QW1 Comdty|RX1 Comdty|SB1 Comdty|SFR5 Comdty|SI1 Comdty|W 1 Comdty|Z 1 Index,ops20,strict66
0.2676,0.1819,-0.7119,180,AD1 Curncy|BP1 Curncy|CL1 Comdty|CO1 Comdty|IK1 Comdty|LC1 Comdty|MES1 Index|NV1 Curncy|OAT1 Comdty|PA1 Comdty|PE1 Curncy|PL1 Comdty|RS1 Comdty|RTY1 Index|TP1 Index|TU1 Comdty|TY1 Comdty|UXY1 Comdty|VG1 Index|W 1 Comdty,ops20,strict66
0.1670,-0.0697,-0.7927,181,AD1 Curncy|BO1 Comdty|DM1 Index|EO1 Index|G 1 Comdty|IK1 Comdty|JB1 Comdty|JY1 Curncy|NG1 Comdty|OAT1 Comdty|PA1 Comdty|PE1 Curncy|PL1 Comdty|QS1 Comdty|QW1 Comdty|RTY1 Index|SF1 Curncy|VG1 Index|W 1 Comdty|WN1 Comdty,ops20,strict66
0.3036,0.1425,-0.5565,182,BO1 Comdty|BP1 Curncy|CD1 Curncy|CF1 Index|DM1 Index|ES1 Index|G 1 Comdty|GC1 Comdty|JB1 Comdty|JY1 Curncy|NV1 Curncy|OAT1 Comdty|PL1 Comdty|QS1 Comdty|RTY1 Index|S 1 Comdty|SB1 Comdty|SFI5 Comdty|TY1 Comdty|XB1 Comdty,ops20,strict66
0.3940,0.1621,-0.3176,183,BP1 Curncy|DM1 Index|EC1 Curncy|G 1 Comdty|GC1 Comdty|GX1 Index|JY1 Curncy|KC1 Comdty|LH1 Comdty|NG1 Comdty|NV1 Curncy|OAT1 Comdty|PL1 Comdty|QS1 Comdty|QW1 Comdty|RX1 Comdty|SFI5 Comdty|SM1 Index|US1 Comdty|Z 1 Index,ops20,strict66
0.4602,0.4268,0.5110,184,AD1 Curncy|C 1 Comdty|CC1 Comdty|CD1 Curncy|CL1 Comdty|DM1 Index|EC1 Curncy|ES1 Index|G 1 Comdty|GC1 Comdty|LC1 Comdty|NO1 Index|NV1 Curncy|OE1 Comdty|PA1 Comdty|RX1 Comdty|SFR5 Comdty|TP1 Index|TY1 Comdty|XB1 Comdty,ops20,strict66
0.2577,0.0609,-0.5964,185,CD1 Curncy|CL1 Comdty|CO1 Comdty|EC1 Curncy|EO1 Index|ES1 Index|G 1 Comdty|HG1 Comdty|JB1 Comdty|KC1 Comdty|NO1 Index|NV1 Curncy|RS1 Comdty|RTY1 Index|SB1 Comdty|SF1 Curncy|SFI5 Comdty|SI1 Comdty|TU1 Comdty|US1 Comdty,ops20,strict66
0.0734,-0.1031,-0.3945,186,CC1 Comdty|CD1 Curncy|CL1 Comdty|DM1 Index|EO1 Index|G 1 Comdty|HO1 Comdty|IK1 Comdty|JY1 Curncy|NV1 Curncy|PL1 Comdty|QW1 Comdty|RX1 Comdty|SF1 Curncy|SI1 Comdty|SM1 Comdty|SM1 Index|TU1 Comdty|WN1 Comdty|Z 1 Index,ops20,strict66
0.1876,0.0153,-0.2457,187,AD1 Curncy|BP1 Curncy|C 1 Comdty|CD1 Curncy|DU1 Comdty|FV1 Comdty|IK1 Comdty|MES1 Index|NG1 Comdty|NQ1 Index|PE1 Curncy|PL1 Comdty|QC1 Comdty|RS1 Comdty|SI1 Comdty|TU1 Comdty|VG1 Index|WN1 Comdty|XB1 Comdty|Z 1 Index,ops20,strict66
0.4235,0.2762,0.1528,188,BO1 Comdty|CD1 Curncy|CT1 Comdty|EC1 Curncy|EO1 Index|FV1 Comdty|GC1 Comdty|KC1 Comdty|MES1 Index|NG1 Comdty|OAT1 Comdty|OE1 Comdty|PA1 Comdty|PE1 Curncy|QS1 Comdty|SF1 Curncy|SM1 Index|TP1 Index|TY1 Comdty|WN1 Comdty,ops20,strict66
0.3521,0.3266,0.0604,189,AD1 Curncy|BP1 Curncy|CC1 Comdty|CD1 Curncy|CO1 Comdty|CT1 Comdty|DM1 Index|EO1 Index|G 1 Comdty|GC1 Comdty|HG1 Comdty|HO1 Comdty|NV1 Curncy|RS1 Comdty|RX1 Comdty|SFR5 Comdty|SM1 Index|TU1 Comdty|UXY1 Comdty|VG1 Index,ops20,strict66
0.2848,0.1503,-0.5313,190,AD1 Curncy|CD1 Curncy|CF1 Index|CL1 Comdty|CO1 Comdty|DU1 Comdty|EC1 Curncy|FC1 Comdty|FV1 Comdty|KC1 Comdty|NO1 Index|NQ1 Index|NV1 Curncy|OAT1 Comdty|PA1 Comdty|PL1 Comdty|S 1 Comdty|SFR5 Comdty|WN1 Comdty|Z 1 Index,ops20,strict66
0.3744,0.3008,0.4319,191,CC1 Comdty|CD1 Curncy|CL1 Comdty|DM1 Index|DU1 Comdty|FV1 Comdty|G 1 Comdty|GC1 Comdty|HO1 Comdty|JY1 Curncy|NO1 Index|NQ1 Index|NV1 Curncy|OE1 Comdty|PE1 Curncy|PL1 Comdty|QC1 Comdty|RTY1 Index|SB1 Comdty|SFI5 Comdty,ops20,strict66
0.0740,-0.1270,-0.8553,192,AD1 Curncy|BP1 Curncy|CD1 Curncy|CF1 Index|CL1 Comdty|CO1 Comdty|CT1 Comdty|DM1 Index|HG1 Comdty|JB1 Comdty|KC1 Comdty|MES1 Index|OAT1 Comdty|OE1 Comdty|PL1 Comdty|RS1 Comdty|SF1 Curncy|SFI5 Comdty|WN1 Comdty|Z 1 Index,ops20,strict66
0.2254,0.1008,-0.0195,193,AD1 Curncy|C 1 Comdty|CD1 Curncy|CL1 Comdty|CO1 Comdty|DF1 Comdty|EO1 Index|G 1 Comdty|GC1 Comdty|NO1 Index|NV1 Curncy|PL1 Comdty|RTY1 Index|RX1 Comdty|SF1 Curncy|SFI5 Comdty|SM1 Index|TY1 Comdty|UXY1 Comdty|W 1 Comdty,ops20,strict66
0.2513,0.2114,-0.7577,194,AD1 Curncy|BO1 Comdty|CD1 Curncy|CF1 Index|CO1 Comdty|EC1 Curncy|ES1 Index|FV1 Comdty|LC1 Comdty|LH1 Comdty|PA1 Comdty|PE1 Curncy|PL1 Comdty|RX1 Comdty|SFI5 Comdty|SFR5 Comdty|SM1 Index|TU1 Comdty|XB1 Comdty|Z 1 Index,ops20,strict66
0.2159,0.0775,-0.6028,195,BP1 Curncy|EC1 Curncy|EO1 Index|ES1 Index|JB1 Comdty|KW1 Comdty|MES1 Index|NG1 Comdty|NV1 Curncy|OE1 Comdty|PA1 Comdty|PL1 Comdty|RS1 Comdty|RX1 Comdty|S 1 Comdty|SF1 Curncy|SFR5 Comdty|TP1 Index|TU1 Comdty|XB1 Comdty,ops20,strict66
0.3639,0.3446,-0.0792,196,AD1 Curncy|BP1 Curncy|CC1 Comdty|CL1 Comdty|ES1 Index|KW1 Comdty|LH1 Comdty|NO1 Index|PA1 Comdty|PE1 Curncy|PL1 Comdty|QS1 Comdty|RTY1 Index|SF1 Curncy|SFI5 Comdty|TP1 Index|TY1 Comdty|UB1 Comdty|US1 Comdty|WN1 Comdty,ops20,strict66
0.2496,0.2534,0.1740,197,AD1 Curncy|BP1 Curncy|CF1 Index|FV1 Comdty|G 1 Comdty|GC1 Comdty|GX1 Index|HG1 Comdty|HO1 Comdty|JB1 Comdty|LH1 Comdty|NO1 Index|NV1 Curncy|QC1 Comdty|QS1 Comdty|SF1 Curncy|SM1 Comdty|SM1 Index|TU1 Comdty|UXY1 Comdty,ops20,strict66
0.2947,0.1191,0.1648,198,BP1 Curncy|CC1 Comdty|CD1 Curncy|DF1 Comdty|DM1 Index|ER4 Comdty|FV1 Comdty|G 1 Comdty|GC1 Comdty|IK1 Comdty|NG1 Comdty|NO1 Index|NQ1 Index|NV1 Curncy|PL1 Comdty|RX1 Comdty|SF1 Curncy|SM1 Comdty|SM1 Index|XB1 Comdty,ops20,strict66
0.5073,0.5211,-0.0654,199,BP1 Curncy|DU1 Comdty|EC1 Curncy|ER4 Comdty|G 1 Comdty|GC1 Comdty|HO1 Comdty|LH1 Comdty|MES1 Index|NG1 Comdty|NO1 Index|NQ1 Index|NV1 Curncy|PA1 Comdty|PE1 Curncy|RS1 Comdty|S 1 Comdty|SFR5 Comdty|TU1 Comdty|Z 1 Index,ops20,strict66
0.2030,0.0122,-0.3357,200,AD1 Curncy|BP1 Curncy|CD1 Curncy|DU1 Comdty|EO1 Index|FV1 Comdty|HO1 Comdty|JY1 Curncy|KC1 Comdty|NG1 Comdty|OE1 Comdty|PA1 Comdty|SB1 Comdty|SI1 Comdty|TP1 Index|TU1 Comdty|TY1 Comdty|VG1 Index|W 1 Comdty|Z 1 Index,ops20,strict66
0.2285,0.1209,-0.3275,201,BP1 Curncy|CD1 Curncy|DF1 Comdty|HO1 Comdty|IK1 Comdty|JY1 Curncy|NO1 Index|NV1 Curncy|PL1 Comdty|RTY1 Index|S 1 Comdty|SB1 Comdty|SI1 Comdty|SM1 Index|TU1 Comdty|TY1 Comdty|UB1 Comdty|US1 Comdty|VG1 Index|XB1 Comdty,ops20,strict66
0.3276,0.1068,-0.5343,202,AD1 Curncy|BO1 Comdty|BP1 Curncy|CO1 Comdty|DM1 Index|EO1 Index|FC1 Comdty|FV1 Comdty|G 1 Comdty|HO1 Comdty|NQ1 Index|OE1 Comdty|PA1 Comdty|PE1 Curncy|RX1 Comdty|S 1 Comdty|SF1 Curncy|SI1 Comdty|SM1 Index|TY1 Comdty,ops20,strict66
0.2887,0.2319,-0.2630,203,AD1 Curncy|BP1 Curncy|C 1 Comdty|CC1 Comdty|CD1 Curncy|CF1 Index|CL1 Comdty|DM1 Index|DU1 Comdty|EC1 Curncy|EO1 Index|ER4 Comdty|LH1 Comdty|NG1 Comdty|PA1 Comdty|SI1 Comdty|SM1 Index|US1 Comdty|UXY1 Comdty|WN1 Comdty,ops20,strict66
0.5124,0.3685,-0.5397,204,CL1 Comdty|DM1 Index|DU1 Comdty|EC1 Curncy|FC1 Comdty|HG1 Comdty|JY1 Curncy|LH1 Comdty|MES1 Index|NG1 Comdty|NQ1 Index|NV1 Curncy|OAT1 Comdty|PA1 Comdty|PE1 Curncy|SB1 Comdty|SFI5 Comdty|TY1 Comdty|US1 Comdty|VG1 Index,ops20,strict66
0.1965,0.0401,-0.0469,205,AD1 Curncy|BP1 Curncy|C 1 Comdty|CO1 Comdty|CT1 Comdty|DU1 Comdty|ER4 Comdty|ES1 Index|FV1 Comdty|GX1 Index|HG1 Comdty|HO1 Comdty|JB1 Comdty|NV1 Curncy|OAT1 Comdty|QC1 Comdty|RTY1 Index|SF1 Curncy|SI1 Comdty|Z 1 Index,ops20,strict66
0.2907,0.1053,-0.2380,206,AD1 Curncy|CD1 Curncy|EC1 Curncy|EO1 Index|FV1 Comdty|HO1 Comdty|IK1 Comdty|KW1 Comdty|MES1 Index|NQ1 Index|OAT1 Comdty|PE1 Curncy|PL1 Comdty|QC1 Comdty|SB1 Comdty|SFR5 Comdty|SI1 Comdty|UB1 Comdty|VG1 Index|XB1 Comdty,ops20,strict66
0.4575,0.1856,-0.3316,207,AD1 Curncy|BP1 Curncy|CD1 Curncy|DM1 Index|FC1 Comdty|G 1 Comdty|GX1 Index|IK1 Comdty|LH1 Comdty|NG1 Comdty|NV1 Curncy|PA1 Comdty|QS1 Comdty|SFR5 Comdty|SI1 Comdty|TP1 Index|UB1 Comdty|W 1 Comdty|WN1 Comdty|Z 1 Index,ops20,strict66
0.0834,-0.2151,-0.4854,208,BP1 Curncy|CF1 Index|DU1 Comdty|ES1 Index|FV1 Comdty|JB1 Comdty|JY1 Curncy|LC1 Comdty|NG1 Comdty|NO1 Index|NV1 Curncy|PL1 Comdty|QW1 Comdty|SB1 Comdty|SF1 Curncy|SI1 Comdty|UB1 Comdty|US1 Comdty|XB1 Comdty|Z 1 Index,ops20,strict66
0.3893,0.1086,-0.4477,209,AD1 Curncy|CO1 Comdty|DF1 Comdty|EO1 Index|HG1 Comdty|IK1 Comdty|JY1 Curncy|NG1 Comdty|NO1 Index|NQ1 Index|OAT1 Comdty|PE1 Curncy|PL1 Comdty|RX1 Comdty|SB1 Comdty|SF1 Curncy|SFR5 Comdty|SM1 Index|TY1 Comdty|W 1 Comdty,ops20,strict66
0.5131,0.2657,0.3224,210,AD1 Curncy|BP1 Curncy|C 1 Comdty|CD1 Curncy|CO1 Comdty|ES1 Index|G 1 Comdty|GC1 Comdty|JY1 Curncy|LH1 Comdty|NG1 Comdty|NO1 Index|OAT1 Comdty|SI1 Comdty|TU1 Comdty|UB1 Comdty|UXY1 Comdty|VG1 Index|W 1 Comdty|Z 1 Index,ops20,strict66
0.4040,0.2145,-0.2539,211,BP1 Curncy|CD1 Curncy|CL1 Comdty|EC1 Curncy|FC1 Comdty|FV1 Comdty|GC1 Comdty|HO1 Comdty|NO1 Index|NQ1 Index|NV1 Curncy|OAT1 Comdty|PL1 Comdty|RX1 Comdty|SB1 Comdty|SFI5 Comdty|SM1 Comdty|TP1 Index|US1 Comdty|Z 1 Index,ops20,strict66
0.2876,0.3094,-0.1864,212,AD1 Curncy|BP1 Curncy|CL1 Comdty|DF1 Comdty|DM1 Index|DU1 Comdty|ER4 Comdty|FV1 Comdty|GC1 Comdty|JY1 Curncy|KW1 Comdty|PA1 Comdty|PE1 Curncy|QW1 Comdty|SFI5 Comdty|TP1 Index|VG1 Index|WN1 Comdty|XB1 Comdty|Z 1 Index,ops20,strict66
0.3966,0.3479,-0.2152,213,AD1 Curncy|CF1 Index|CO1 Comdty|DF1 Comdty|DU1 Comdty|EC1 Curncy|ES1 Index|GX1 Index|HG1 Comdty|JB1 Comdty|JY1 Curncy|OE1 Comdty|PA1 Comdty|PE1 Curncy|QC1 Comdty|QS1 Comdty|RTY1 Index|SFR5 Comdty|SM1 Comdty|TY1 Comdty,ops20,strict66
0.2375,0.1574,-0.2080,214,AD1 Curncy|CT1 Comdty|ER4 Comdty|G 1 Comdty|HG1 Comdty|HO1 Comdty|JY1 Curncy|LC1 Comdty|MES1 Index|NO1 Index|NQ1 Index|NV1 Curncy|OE1 Comdty|PE1 Curncy|PL1 Comdty|SM1 Comdty|TU1 Comdty|UB1 Comdty|VG1 Index|XB1 Comdty,ops20,strict66
0.2416,0.1519,-0.8056,215,BO1 Comdty|BP1 Curncy|C 1 Comdty|CD1 Curncy|EC1 Curncy|ER4 Comdty|GX1 Index|HG1 Comdty|HO1 Comdty|JY1 Curncy|MES1 Index|OE1 Comdty|PA1 Comdty|QS1 Comdty|QW1 Comdty|RX1 Comdty|UB1 Comdty|UXY1 Comdty|VG1 Index|Z 1 Index,ops20,strict66
0.3160,0.1671,-0.4093,216,BO1 Comdty|BP1 Curncy|C 1 Comdty|CF1 Index|CL1 Comdty|EC1 Curncy|ER4 Comdty|JB1 Comdty|KC1 Comdty|NG1 Comdty|NQ1 Index|NV1 Curncy|PA1 Comdty|PE1 Curncy|SI1 Comdty|SM1 Index|TP1 Index|TU1 Comdty|TY1 Comdty|WN1 Comdty,ops20,strict66
0.3393,0.2902,-0.3837,217,AD1 Curncy|BO1 Comdty|CD1 Curncy|CO1 Comdty|CT1 Comdty|EC1 Curncy|ES1 Index|JB1 Comdty|NQ1 Index|PA1 Comdty|PL1 Comdty|QS1 Comdty|S 1 Comdty|SF1 Curncy|SFI5 Comdty|SFR5 Comdty|TP1 Index|TU1 Comdty|UB1 Comdty|Z 1 Index,ops20,strict66
0.3925,0.2373,-0.0532,218,BP1 Curncy|DU1 Comdty|EC1 Curncy|FV1 Comdty|G 1 Comdty|GC1 Comdty|GX1 Index|HO1 Comdty|LH1 Comdty|NQ1 Index|NV1 Curncy|QS1 Comdty|RS1 Comdty|SB1 Comdty|SF1 Curncy|SI1 Comdty|TP1 Index|TY1 Comdty|US1 Comdty|Z 1 Index,ops20,strict66
0.3532,0.1615,-0.4703,219,CD1 Curncy|DU1 Comdty|EC1 Curncy|EO1 Index|ES1 Index|HG1 Comdty|IK1 Comdty|JY1 Curncy|LC1 Comdty|NG1 Comdty|NO1 Index|OAT1 Comdty|OE1 Comdty|PA1 Comdty|QW1 Comdty|SF1 Curncy|SFR5 Comdty|SM1 Comdty|TP1 Index|XB1 Comdty,ops20,strict66
0.3994,0.3336,0.0252,220,AD1 Curncy|BP1 Curncy|C 1 Comdty|DF1 Comdty|DM1 Index|EC1 Curncy|ES1 Index|GC1 Comdty|GX1 Index|HG1 Comdty|KW1 Comdty|NG1 Comdty|OE1 Comdty|PE1 Curncy|SFI5 Comdty|TP1 Index|TU1 Comdty|UXY1 Comdty|WN1 Comdty|XB1 Comdty,ops20,strict66
0.1806,0.0689,-0.5888,221,BO1 Comdty|CL1 Comdty|CT1 Comdty|DU1 Comdty|EC1 Curncy|ES1 Index|MES1 Index|NV1 Curncy|OAT1 Comdty|PA1 Comdty|PE1 Curncy|PL1 Comdty|RS1 Comdty|RX1 Comdty|SF1 Curncy|TP1 Index|TU1 Comdty|UXY1 Comdty|VG1 Index|XB1 Comdty,ops20,strict66
0.3091,0.1352,0.1095,222,CD1 Curncy|CO1 Comdty|EO1 Index|FC1 Comdty|FV1 Comdty|GC1 Comdty|HO1 Comdty|LC1 Comdty|NQ1 Index|NV1 Curncy|OE1 Comdty|PE1 Curncy|PL1 Comdty|QW1 Comdty|RX1 Comdty|SF1 Curncy|SM1 Index|UXY1 Comdty|VG1 Index|WN1 Comdty,ops20,strict66
0.4788,0.3194,-0.1517,223,CD1 Curncy|CO1 Comdty|DF1 Comdty|ES1 Index|FC1 Comdty|GX1 Index|NV1 Curncy|OAT1 Comdty|PA1 Comdty|PE1 Curncy|QS1 Comdty|SB1 Comdty|SF1 Curncy|SFI5 Comdty|SFR5 Comdty|SI1 Comdty|TP1 Index|UXY1 Comdty|VG1 Index|WN1 Comdty,ops20,strict66
0.1689,-0.0560,-0.9162,224,BO1 Comdty|BP1 Curncy|CD1 Curncy|DM1 Index|DU1 Comdty|EC1 Curncy|FV1 Comdty|HG1 Comdty|HO1 Comdty|IK1 Comdty|NG1 Comdty|NO1 Index|PE1 Curncy|PL1 Comdty|RTY1 Index|SB1 Comdty|SM1 Index|UB1 Comdty|UXY1 Comdty|W 1 Comdty,ops20,strict66
0.4831,0.3253,-0.0333,225,AD1 Curncy|CL1 Comdty|CO1 Comdty|DF1 Comdty|EC1 Curncy|ER4 Comdty|ES1 Index|GC1 Comdty|HG1 Comdty|IK1 Comdty|KW1 Comdty|NO1 Index|NQ1 Index|OAT1 Comdty|PE1 Curncy|QW1 Comdty|SF1 Curncy|UB1 Comdty|UXY1 Comdty|Z 1 Index,ops20,strict66
0.3606,0.2745,-0.2674,226,AD1 Curncy|BP1 Curncy|CL1 Comdty|DF1 Comdty|DM1 Index|ES1 Index|FV1 Comdty|IK1 Comdty|KC1 Comdty|LC1 Comdty|NQ1 Index|NV1 Curncy|PA1 Comdty|QS1 Comdty|SF1 Curncy|SFI5 Comdty|SI1 Comdty|US1 Comdty|WN1 Comdty|Z 1 Index,ops20,strict66
0.3004,0.2682,-0.6803,227,BP1 Curncy|CF1 Index|DF1 Comdty|DU1 Comdty|GX1 Index|HG1 Comdty|JY1 Curncy|NG1 Comdty|NQ1 Index|NV1 Curncy|OE1 Comdty|PA1 Comdty|PE1 Curncy|QS1 Comdty|RS1 Comdty|SFR5 Comdty|SM1 Comdty|TU1 Comdty|US1 Comdty|Z 1 Index,ops20,strict66
0.2074,-0.0727,-0.9990,228,AD1 Curncy|C 1 Comdty|CF1 Index|CL1 Comdty|DM1 Index|ER4 Comdty|JY1 Curncy|NV1 Curncy|PA1 Comdty|RTY1 Index|RX1 Comdty|SB1 Comdty|SF1 Curncy|SFI5 Comdty|SI1 Comdty|SM1 Comdty|SM1 Index|UB1 Comdty|US1 Comdty|XB1 Comdty,ops20,strict66
0.3716,0.0507,-0.4201,229,AD1 Curncy|EC1 Curncy|EO1 Index|GX1 Index|IK1 Comdty|JB1 Comdty|JY1 Curncy|NG1 Comdty|OAT1 Comdty|PA1 Comdty|QC1 Comdty|QS1 Comdty|SB1 Comdty|SF1 Curncy|SFI5 Comdty|SI1 Comdty|SM1 Comdty|UB1 Comdty|VG1 Index|Z 1 Index,ops20,strict66
0.4656,0.2874,0.1391,230,CD1 Curncy|CO1 Comdty|DM1 Index|DU1 Comdty|EC1 Curncy|GC1 Comdty|JB1 Comdty|LH1 Comdty|NQ1 Index|NV1 Curncy|RS1 Comdty|RTY1 Index|SF1 Curncy|SFR5 Comdty|SI1 Comdty|TP1 Index|TU1 Comdty|US1 Comdty|W 1 Comdty|XB1 Comdty,ops20,strict66
0.3268,0.2136,-0.6210,231,CD1 Curncy|CF1 Index|ER4 Comdty|GX1 Index|HO1 Comdty|JY1 Curncy|KC1 Comdty|MES1 Index|OAT1 Comdty|PA1 Comdty|PE1 Curncy|PL1 Comdty|QS1 Comdty|RS1 Comdty|S 1 Comdty|SF1 Curncy|SFI5 Comdty|SFR5 Comdty|UXY1 Comdty|Z 1 Index,ops20,strict66
0.5364,0.4372,0.3313,232,BP1 Curncy|CC1 Comdty|CD1 Curncy|DU1 Comdty|GC1 Comdty|GX1 Index|HG1 Comdty|HO1 Comdty|IK1 Comdty|JY1 Curncy|LC1 Comdty|NQ1 Index|PE1 Curncy|QS1 Comdty|QW1 Comdty|RTY1 Index|RX1 Comdty|SFI5 Comdty|TP1 Index|UXY1 Comdty,ops20,strict66
0.2034,0.1166,-0.6672,233,BP1 Curncy|CD1 Curncy|CL1 Comdty|DF1 Comdty|DM1 Index|EO1 Index|ES1 Index|FV1 Comdty|G 1 Comdty|HG1 Comdty|JY1 Curncy|NG1 Comdty|PA1 Comdty|SB1 Comdty|SF1 Curncy|US1 Comdty|UXY1 Comdty|VG1 Index|W 1 Comdty|WN1 Comdty,ops20,strict66
0.4427,0.3899,-0.1650,234,BO1 Comdty|BP1 Curncy|EC1 Curncy|ER4 Comdty|ES1 Index|FV1 Comdty|GC1 Comdty|HO1 Comdty|JY1 Curncy|KC1 Comdty|MES1 Index|NQ1 Index|NV1 Curncy|PA1 Comdty|SFR5 Comdty|SM1 Comdty|SM1 Index|TU1 Comdty|WN1 Comdty|XB1 Comdty,ops20,strict66
0.1992,0.0713,-0.1666,235,AD1 Curncy|CF1 Index|CT1 Comdty|ER4 Comdty|FV1 Comdty|G 1 Comdty|GC1 Comdty|GX1 Index|HO1 Comdty|JY1 Curncy|NG1 Comdty|NV1 Curncy|OE1 Comdty|PE1 Curncy|PL1 Comdty|RTY1 Index|S 1 Comdty|SM1 Comdty|SM1 Index|TU1 Comdty,ops20,strict66
0.2620,0.0949,0.0029,236,BP1 Curncy|C 1 Comdty|CD1 Curncy|CO1 Comdty|DF1 Comdty|DM1 Index|DU1 Comdty|FC1 Comdty|GX1 Index|HG1 Comdty|JB1 Comdty|JY1 Curncy|OAT1 Comdty|PL1 Comdty|QS1 Comdty|SF1 Curncy|SM1 Index|TU1 Comdty|UXY1 Comdty|VG1 Index,ops20,strict66
0.3034,0.1419,-0.0545,237,AD1 Curncy|BP1 Curncy|C 1 Comdty|CC1 Comdty|CD1 Curncy|CF1 Index|DU1 Comdty|EO1 Index|ER4 Comdty|ES1 Index|FC1 Comdty|FV1 Comdty|HG1 Comdty|HO1 Comdty|JY1 Curncy|NG1 Comdty|SFI5 Comdty|SI1 Comdty|SM1 Index|UXY1 Comdty,ops20,strict66
0.3552,0.3251,-0.2222,238,AD1 Curncy|BP1 Curncy|CC1 Comdty|CO1 Comdty|CT1 Comdty|DM1 Index|DU1 Comdty|EC1 Curncy|GC1 Comdty|GX1 Index|HO1 Comdty|NV1 Curncy|OE1 Comdty|PA1 Comdty|RTY1 Index|SFI5 Comdty|SM1 Comdty|SM1 Index|TY1 Comdty|UXY1 Comdty,ops20,strict66
0.3940,0.1176,-0.0771,239,AD1 Curncy|CO1 Comdty|GC1 Comdty|GX1 Index|HG1 Comdty|JY1 Curncy|KC1 Comdty|NG1 Comdty|NO1 Index|NV1 Curncy|OAT1 Comdty|OE1 Comdty|RS1 Comdty|RTY1 Index|SF1 Curncy|SM1 Index|TU1 Comdty|TY1 Comdty|US1 Comdty|W 1 Comdty,ops20,strict66
0.4111,0.2847,0.3463,240,BP1 Curncy|CD1 Curncy|CL1 Comdty|DU1 Comdty|EC1 Curncy|EO1 Index|FV1 Comdty|GC1 Comdty|HO1 Comdty|JY1 Curncy|KW1 Comdty|LH1 Comdty|NO1 Index|NQ1 Index|OE1 Comdty|SI1 Comdty|TU1 Comdty|UB1 Comdty|W 1 Comdty|Z 1 Index,ops20,strict66
0.4092,0.2580,-0.0560,241,CF1 Index|CL1 Comdty|EC1 Curncy|ES1 Index|GC1 Comdty|HG1 Comdty|HO1 Comdty|KC1 Comdty|LH1 Comdty|NO1 Index|NV1 Curncy|OE1 Comdty|PE1 Curncy|RX1 Comdty|SF1 Curncy|SFI5 Comdty|SM1 Comdty|TP1 Index|UXY1 Comdty|WN1 Comdty,ops20,strict66
0.3107,0.2184,-0.4159,242,AD1 Curncy|BP1 Curncy|EC1 Curncy|ER4 Comdty|ES1 Index|HG1 Comdty|KC1 Comdty|LH1 Comdty|NO1 Index|NV1 Curncy|PL1 Comdty|QS1 Comdty|SM1 Comdty|SM1 Index|TP1 Index|TU1 Comdty|UB1 Comdty|US1 Comdty|WN1 Comdty|XB1 Comdty,ops20,strict66
0.6136,0.5705,0.3609,243,BP1 Curncy|CO1 Comdty|DM1 Index|EC1 Curncy|G 1 Comdty|GC1 Comdty|GX1 Index|LC1 Comdty|LH1 Comdty|NQ1 Index|PA1 Comdty|PE1 Curncy|QC1 Comdty|QS1 Comdty|RTY1 Index|SF1 Curncy|SFR5 Comdty|TY1 Comdty|US1 Comdty|WN1 Comdty,ops20,strict66
0.2460,0.1625,-0.3098,244,AD1 Curncy|BP1 Curncy|CD1 Curncy|CF1 Index|DU1 Comdty|G 1 Comdty|GC1 Comdty|HG1 Comdty|JB1 Comdty|LC1 Comdty|MES1 Index|NQ1 Index|PE1 Curncy|QS1 Comdty|RS1 Comdty|SFI5 Comdty|TU1 Comdty|W 1 Comdty|XB1 Comdty|Z 1 Index,ops20,strict66
0.3086,-0.0208,-0.5902,245,AD1 Curncy|BP1 Curncy|CF1 Index|CO1 Comdty|EC1 Curncy|EO1 Index|FC1 Comdty|HG1 Comdty|IK1 Comdty|KW1 Comdty|NQ1 Index|NV1 Curncy|OE1 Comdty|SFR5 Comdty|SI1 Comdty|SM1 Comdty|SM1 Index|UB1 Comdty|US1 Comdty|XB1 Comdty,ops20,strict66
0.4509,0.4313,-0.0756,246,AD1 Curncy|BP1 Curncy|CF1 Index|DF1 Comdty|ER4 Comdty|ES1 Index|FV1 Comdty|GC1 Comdty|JY1 Curncy|KC1 Comdty|MES1 Index|NV1 Curncy|OE1 Comdty|PA1 Comdty|QS1 Comdty|S 1 Comdty|SFI5 Comdty|TP1 Index|TY1 Comdty|XB1 Comdty,ops20,strict66
0.1709,-0.0658,-0.5004,247,AD1 Curncy|BP1 Curncy|DM1 Index|EO1 Index|HG1 Comdty|HO1 Comdty|IK1 Comdty|KW1 Comdty|LC1 Comdty|MES1 Index|NG1 Comdty|NO1 Index|NV1 Curncy|OE1 Comdty|SF1 Curncy|SI1 Comdty|SM1 Comdty|UB1 Comdty|US1 Comdty|UXY1 Comdty,ops20,strict66
0.2788,0.1269,-1.0158,248,AD1 Curncy|EC1 Curncy|EO1 Index|ES1 Index|G 1 Comdty|HG1 Comdty|JY1 Curncy|NG1 Comdty|OAT1 Comdty|PA1 Comdty|QS1 Comdty|QW1 Comdty|SB1 Comdty|SF1 Curncy|SFI5 Comdty|SFR5 Comdty|SM1 Comdty|SM1 Index|TY1 Comdty|Z 1 Index,ops20,strict66
0.4808,0.4004,0.0735,249,BO1 Comdty|CD1 Curncy|CL1 Comdty|ER4 Comdty|ES1 Index|GC1 Comdty|HG1 Comdty|IK1 Comdty|JY1 Curncy|LH1 Comdty|MES1 Index|NO1 Index|NV1 Curncy|QS1 Comdty|SB1 Comdty|SF1 Curncy|SFR5 Comdty|TP1 Index|TU1 Comdty|UXY1 Comdty,ops20,strict66
0.4173,0.2593,-0.3974,250,C 1 Comdty|CD1 Curncy|CL1 Comdty|CO1 Comdty|DM1 Index|DU1 Comdty|EC1 Curncy|GX1 Index|LH1 Comdty|NO1 Index|NQ1 Index|NV1 Curncy|OE1 Comdty|PA1 Comdty|RS1 Comdty|RX1 Comdty|SF1 Curncy|SI1 Comdty|TY1 Comdty|US1 Comdty,ops20,strict66
0.4390,0.3270,-0.0582,251,AD1 Curncy|CD1 Curncy|CL1 Comdty|CT1 Comdty|DU1 Comdty|EC1 Curncy|EO1 Index|FC1 Comdty|FV1 Comdty|GC1 Comdty|GX1 Index|HO1 Comdty|IK1 Comdty|NQ1 Index|NV1 Curncy|PA1 Comdty|SFI5 Comdty|SM1 Comdty|UB1 Comdty|VG1 Index,ops20,strict66
0.1792,-0.0479,-0.3829,252,AD1 Curncy|BP1 Curncy|CF1 Index|CO1 Comdty|DU1 Comdty|FC1 Comdty|GX1 Index|HG1 Comdty|IK1 Comdty|JB1 Comdty|KW1 Comdty|MES1 Index|NG1 Comdty|NO1 Index|PE1 Curncy|PL1 Comdty|S 1 Comdty|SF1 Curncy|TU1 Comdty|WN1 Comdty,ops20,strict66
0.4082,0.2964,-0.2179,253,AD1 Curncy|BO1 Comdty|BP1 Curncy|DF1 Comdty|DU1 Comdty|EC1 Curncy|EO1 Index|ES1 Index|GC1 Comdty|HO1 Comdty|JY1 Curncy|PA1 Comdty|RTY1 Index|RX1 Comdty|SB1 Comdty|SFR5 Comdty|UB1 Comdty|US1 Comdty|VG1 Index|XB1 Comdty,ops20,strict66
0.2780,0.2330,-0.1083,254,AD1 Curncy|BO1 Comdty|CL1 Comdty|CT1 Comdty|DU1 Comdty|EC1 Curncy|ER4 Comdty|GX1 Index|JY1 Curncy|MES1 Index|NO1 Index|OAT1 Comdty|PA1 Comdty|PE1 Curncy|PL1 Comdty|QC1 Comdty|US1 Comdty|VG1 Index|WN1 Comdty|XB1 Comdty,ops20,strict66
0.2132,0.0691,-0.7901,255,AD1 Curncy|BO1 Comdty|CO1 Comdty|FV1 Comdty|G 1 Comdty|HG1 Comdty|JY1 Curncy|MES1 Index|NQ1 Index|NV1 Curncy|OAT1 Comdty|PE1 Curncy|PL1 Comdty|QS1 Comdty|QW1 Comdty|TP1 Index|UB1 Comdty|US1 Comdty|W 1 Comdty|Z 1 Index,ops20,strict66
0.5041,0.3798,0.0239,256,BP1 Curncy|CO1 Comdty|CT1 Comdty|EC1 Curncy|ER4 Comdty|G 1 Comdty|GC1 Comdty|JY1 Curncy|LC1 Comdty|MES1 Index|NO1 Index|NV1 Curncy|PL1 Comdty|QS1 Comdty|RS1 Comdty|RTY1 Index|SFI5 Comdty|US1 Comdty|UXY1 Comdty|Z 1 Index,ops20,strict66
0.1853,-0.0065,-0.1379,257,AD1 Curncy|CF1 Index|CT1 Comdty|DM1 Index|ER4 Comdty|HO1 Comdty|NQ1 Index|NV1 Curncy|OE1 Comdty|PE1 Curncy|PL1 Comdty|QC1 Comdty|RX1 Comdty|SF1 Curncy|SI1 Comdty|SM1 Comdty|TP1 Index|TU1 Comdty|WN1 Comdty|XB1 Comdty,ops20,strict66
0.1313,0.0645,-0.8005,258,BO1 Comdty|BP1 Curncy|CD1 Curncy|CF1 Index|DF1 Comdty|EO1 Index|ER4 Comdty|ES1 Index|FV1 Comdty|HO1 Comdty|JB1 Comdty|NG1 Comdty|NV1 Curncy|PA1 Comdty|PL1 Comdty|RS1 Comdty|RX1 Comdty|SF1 Curncy|SFR5 Comdty|Z 1 Index,ops20,strict66
0.2798,0.0628,-0.3596,259,AD1 Curncy|BP1 Curncy|CO1 Comdty|EC1 Curncy|EO1 Index|FV1 Comdty|G 1 Comdty|GX1 Index|JB1 Comdty|KC1 Comdty|LH1 Comdty|NV1 Curncy|OAT1 Comdty|PL1 Comdty|QS1 Comdty|RTY1 Index|SI1 Comdty|TP1 Index|W 1 Comdty|WN1 Comdty,ops20,strict66
0.2996,0.1650,-0.3779,260,AD1 Curncy|BP1 Curncy|C 1 Comdty|CL1 Comdty|DU1 Comdty|EC1 Curncy|FV1 Comdty|GX1 Index|LC1 Comdty|NG1 Comdty|NO1 Index|NQ1 Index|OAT1 Comdty|PA1 Comdty|PE1 Curncy|SI1 Comdty|SM1 Comdty|US1 Comdty|UXY1 Comdty|Z 1 Index,ops20,strict66
0.3234,0.1488,0.1012,261,BO1 Comdty|BP1 Curncy|CC1 Comdty|CD1 Curncy|CF1 Index|CL1 Comdty|EO1 Index|G 1 Comdty|GC1 Comdty|GX1 Index|JB1 Comdty|JY1 Curncy|NQ1 Index|NV1 Curncy|OE1 Comdty|SB1 Comdty|SFR5 Comdty|SI1 Comdty|US1 Comdty|XB1 Comdty,ops20,strict66
0.2150,0.0711,-0.3666,262,AD1 Curncy|C 1 Comdty|CD1 Curncy|CF1 Index|DF1 Comdty|EC1 Curncy|ES1 Index|FV1 Comdty|JB1 Comdty|NG1 Comdty|NO1 Index|OAT1 Comdty|PE1 Curncy|PL1 Comdty|QW1 Comdty|SFI5 Comdty|SI1 Comdty|SM1 Index|WN1 Comdty|XB1 Comdty,ops20,strict66
0.2081,0.2423,-0.3382,263,BP1 Curncy|C 1 Comdty|CD1 Curncy|CF1 Index|CL1 Comdty|DF1 Comdty|HG1 Comdty|HO1 Comdty|JB1 Comdty|JY1 Curncy|MES1 Index|NQ1 Index|PE1 Curncy|PL1 Comdty|QW1 Comdty|SFR5 Comdty|SM1 Index|TY1 Comdty|UB1 Comdty|WN1 Comdty,ops20,strict66
0.3625,0.2893,-0.3634,264,CL1 Comdty|CT1 Comdty|DU1 Comdty|EC1 Curncy|FC1 Comdty|GX1 Index|HG1 Comdty|HO1 Comdty|JB1 Comdty|JY1 Curncy|MES1 Index|NQ1 Index|NV1 Curncy|OAT1 Comdty|PA1 Comdty|PE1 Curncy|QW1 Comdty|SFI5 Comdty|WN1 Comdty|Z 1 Index,ops20,strict66
0.2564,0.2305,-0.4136,265,CC1 Comdty|CD1 Curncy|CF1 Index|DU1 Comdty|EC1 Curncy|FV1 Comdty|HG1 Comdty|HO1 Comdty|JB1 Comdty|JY1 Curncy|NO1 Index|NQ1 Index|NV1 Curncy|OAT1 Comdty|PA1 Comdty|SB1 Comdty|SM1 Comdty|US1 Comdty|VG1 Index|XB1 Comdty,ops20,strict66
0.0866,-0.1934,-0.2656,266,AD1 Curncy|DF1 Comdty|DM1 Index|DU1 Comdty|G 1 Comdty|GC1 Comdty|JB1 Comdty|NG1 Comdty|NV1 Curncy|OAT1 Comdty|OE1 Comdty|PE1 Curncy|QW1 Comdty|RTY1 Index|SF1 Curncy|SI1 Comdty|SM1 Comdty|VG1 Index|XB1 Comdty|Z 1 Index,ops20,strict66
0.3215,0.0506,-0.2669,267,BP1 Curncy|FC1 Comdty|FV1 Comdty|HG1 Comdty|IK1 Comdty|NG1 Comdty|NO1 Index|NQ1 Index|NV1 Curncy|PE1 Curncy|PL1 Comdty|RS1 Comdty|SF1 Curncy|TP1 Index|TY1 Comdty|UB1 Comdty|VG1 Index|W 1 Comdty|WN1 Comdty|XB1 Comdty,ops20,strict66
0.4446,0.2562,0.0040,268,AD1 Curncy|BP1 Curncy|CF1 Index|CO1 Comdty|ES1 Index|FC1 Comdty|GC1 Comdty|JY1 Curncy|LC1 Comdty|PL1 Comdty|QS1 Comdty|QW1 Comdty|RTY1 Index|RX1 Comdty|SF1 Curncy|SFI5 Comdty|TY1 Comdty|US1 Comdty|UXY1 Comdty|VG1 Index,ops20,strict66
0.5053,0.1917,-0.0950,269,BP1 Curncy|CF1 Index|CO1 Comdty|CT1 Comdty|DM1 Index|GC1 Comdty|IK1 Comdty|JY1 Curncy|NQ1 Index|NV1 Curncy|OE1 Comdty|PE1 Curncy|RS1 Comdty|SI1 Comdty|SM1 Index|UB1 Comdty|US1 Comdty|W 1 Comdty|WN1 Comdty|XB1 Comdty,ops20,strict66
0.2275,0.1253,-0.2165,270,AD1 Curncy|C 1 Comdty|CD1 Curncy|DM1 Index|DU1 Comdty|EC1 Curncy|G 1 Comdty|GC1 Comdty|GX1 Index|OE1 Comdty|PA1 Comdty|PE1 Curncy|QS1 Comdty|QW1 Comdty|TP1 Index|US1 Comdty|UXY1 Comdty|W 1 Comdty|XB1 Comdty|Z 1 Index,ops20,strict66
0.2805,0.1973,-0.8982,271,AD1 Curncy|CD1 Curncy|EC1 Curncy|EO1 Index|ER4 Comdty|ES1 Index|FV1 Comdty|G 1 Comdty|HG1 Comdty|NQ1 Index|PA1 Comdty|QS1 Comdty|QW1 Comdty|RS1 Comdty|RTY1 Index|SF1 Curncy|SFI5 Comdty|TY1 Comdty|W 1 Comdty|XB1 Comdty,ops20,strict66
0.3417,0.1917,-0.2821,272,BP1 Curncy|C 1 Comdty|DU1 Comdty|EC1 Curncy|EO1 Index|ES1 Index|GX1 Index|HO1 Comdty|JY1 Curncy|LH1 Comdty|NG1 Comdty|NV1 Curncy|OAT1 Comdty|PL1 Comdty|S 1 Comdty|SFI5 Comdty|SI1 Comdty|TP1 Index|TU1 Comdty|WN1 Comdty,ops20,strict66
0.3503,0.2864,0.5707,273,BP1 Curncy|CC1 Comdty|CF1 Index|DF1 Comdty|DM1 Index|DU1 Comdty|FV1 Comdty|GC1 Comdty|JY1 Curncy|LH1 Comdty|NO1 Index|NV1 Curncy|PL1 Comdty|QS1 Comdty|RX1 Comdty|SF1 Curncy|SM1 Index|TY1 Comdty|UXY1 Comdty|XB1 Comdty,ops20,strict66
0.3521,0.2940,-0.1198,274,CD1 Curncy|ES1 Index|FV1 Comdty|HO1 Comdty|JY1 Curncy|KW1 Comdty|LH1 Comdty|MES1 Index|NQ1 Index|NV1 Curncy|OE1 Comdty|PA1 Comdty|RTY1 Index|S 1 Comdty|SF1 Curncy|SFR5 Comdty|SI1 Comdty|TU1 Comdty|UXY1 Comdty|XB1 Comdty,ops20,strict66
0.1553,-0.0733,-0.5723,275,CD1 Curncy|CL1 Comdty|EC1 Curncy|EO1 Index|ER4 Comdty|HG1 Comdty|JB1 Comdty|KW1 Comdty|LH1 Comdty|MES1 Index|NG1 Comdty|NV1 Curncy|RX1 Comdty|SB1 Comdty|SF1 Curncy|SI1 Comdty|TP1 Index|TU1 Comdty|UB1 Comdty|Z 1 Index,ops20,strict66
0.5041,0.2378,-0.0341,276,CC1 Comdty|CF1 Index|CT1 Comdty|EC1 Curncy|ES1 Index|HG1 Comdty|IK1 Comdty|JY1 Curncy|NQ1 Index|NV1 Curncy|OAT1 Comdty|OE1 Comdty|QS1 Comdty|RS1 Comdty|SF1 Curncy|SFI5 Comdty|SI1 Comdty|TP1 Index|TY1 Comdty|XB1 Comdty,ops20,strict66
0.3570,0.1108,-0.0656,277,AD1 Curncy|BP1 Curncy|CF1 Index|DU1 Comdty|FC1 Comdty|G 1 Comdty|GC1 Comdty|HO1 Comdty|JB1 Comdty|JY1 Curncy|OAT1 Comdty|PA1 Comdty|PE1 Curncy|RTY1 Index|SM1 Comdty|TP1 Index|UB1 Comdty|VG1 Index|W 1 Comdty|XB1 Comdty,ops20,strict66
0.1420,0.1761,-0.2324,278,AD1 Curncy|BP1 Curncy|CC1 Comdty|CL1 Comdty|DM1 Index|DU1 Comdty|ES1 Index|FV1 Comdty|G 1 Comdty|HG1 Comdty|KW1 Comdty|LC1 Comdty|MES1 Index|PA1 Comdty|PE1 Curncy|SF1 Curncy|SFR5 Comdty|US1 Comdty|VG1 Index|XB1 Comdty,ops20,strict66
0.3201,-0.0066,-0.1744,279,BO1 Comdty|BP1 Curncy|CO1 Comdty|CT1 Comdty|EO1 Index|FC1 Comdty|FV1 Comdty|IK1 Comdty|MES1 Index|NO1 Index|NV1 Curncy|OE1 Comdty|PE1 Curncy|PL1 Comdty|RTY1 Index|RX1 Comdty|SF1 Curncy|SFR5 Comdty|SI1 Comdty|XB1 Comdty,ops20,strict66
0.3356,0.2079,-0.5800,280,AD1 Curncy|BO1 Comdty|BP1 Curncy|DF1 Comdty|DM1 Index|DU1 Comdty|ER4 Comdty|FV1 Comdty|JY1 Curncy|MES1 Index|NQ1 Index|OAT1 Comdty|PE1 Curncy|PL1 Comdty|QS1 Comdty|QW1 Comdty|SFI5 Comdty|SI1 Comdty|TP1 Index|XB1 Comdty,ops20,strict66
0.3745,0.2412,-0.3193,281,BP1 Curncy|CD1 Curncy|CF1 Index|CO1 Comdty|ER4 Comdty|FV1 Comdty|HO1 Comdty|JY1 Curncy|KC1 Comdty|LC1 Comdty|LH1 Comdty|NV1 Curncy|OAT1 Comdty|PA1 Comdty|SFR5 Comdty|SI1 Comdty|SM1 Index|UXY1 Comdty|VG1 Index|Z 1 Index,ops20,strict66
0.3673,0.2628,-0.1025,282,AD1 Curncy|BO1 Comdty|CD1 Curncy|CT1 Comdty|EC1 Curncy|EO1 Index|FV1 Comdty|GC1 Comdty|IK1 Comdty|NG1 Comdty|NQ1 Index|NV1 Curncy|OE1 Comdty|PA1 Comdty|SM1 Comdty|TP1 Index|TY1 Comdty|US1 Comdty|VG1 Index|XB1 Comdty,ops20,strict66
0.3655,0.0861,-0.0114,283,CD1 Curncy|DM1 Index|EC1 Curncy|FC1 Comdty|GX1 Index|HO1 Comdty|JB1 Comdty|JY1 Curncy|LC1 Comdty|NG1 Comdty|OAT1 Comdty|PL1 Comdty|RS1 Comdty|SF1 Curncy|SFR5 Comdty|SI1 Comdty|SM1 Index|US1 Comdty|VG1 Index|WN1 Comdty,ops20,strict66
0.3000,0.1837,-0.0908,284,AD1 Curncy|BP1 Curncy|DF1 Comdty|DU1 Comdty|EC1 Curncy|EO1 Index|ES1 Index|FV1 Comdty|G 1 Comdty|GC1 Comdty|GX1 Index|JB1 Comdty|PE1 Curncy|QS1 Comdty|QW1 Comdty|SFI5 Comdty|SI1 Comdty|SM1 Comdty|SM1 Index|XB1 Comdty,ops20,strict66
0.3322,0.0953,-0.4126,285,BP1 Curncy|EC1 Curncy|EO1 Index|FC1 Comdty|FV1 Comdty|G 1 Comdty|JY1 Curncy|OE1 Comdty|PA1 Comdty|QS1 Comdty|RTY1 Index|S 1 Comdty|SF1 Curncy|SFI5 Comdty|SFR5 Comdty|SI1 Comdty|SM1 Comdty|VG1 Index|XB1 Comdty|Z 1 Index,ops20,strict66
0.4450,0.3161,0.2806,286,BO1 Comdty|CD1 Curncy|CL1 Comdty|DF1 Comdty|DM1 Index|DU1 Comdty|EC1 Curncy|ER4 Comdty|ES1 Index|G 1 Comdty|GC1 Comdty|HO1 Comdty|JB1 Comdty|JY1 Curncy|NO1 Index|PE1 Curncy|S 1 Comdty|SI1 Comdty|TP1 Index|UB1 Comdty,ops20,strict66
0.4065,0.3711,0.1605,287,AD1 Curncy|BP1 Curncy|CD1 Curncy|DU1 Comdty|EC1 Curncy|FV1 Comdty|G 1 Comdty|GC1 Comdty|LC1 Comdty|MES1 Index|NG1 Comdty|NQ1 Index|PA1 Comdty|QC1 Comdty|RS1 Comdty|RTY1 Index|TU1 Comdty|VG1 Index|WN1 Comdty|XB1 Comdty,ops20,strict66
0.3539,0.2202,-0.3426,288,AD1 Curncy|CD1 Curncy|CF1 Index|CO1 Comdty|DF1 Comdty|EC1 Curncy|ES1 Index|FV1 Comdty|HG1 Comdty|JB1 Comdty|NG1 Comdty|NO1 Index|OAT1 Comdty|PA1 Comdty|QC1 Comdty|RX1 Comdty|SB1 Comdty|SF1 Curncy|SM1 Index|WN1 Comdty,ops20,strict66
0.2089,0.0459,-0.6363,289,CD1 Curncy|CF1 Index|EO1 Index|FV1 Comdty|HO1 Comdty|IK1 Comdty|KC1 Comdty|LC1 Comdty|MES1 Index|NQ1 Index|NV1 Curncy|OAT1 Comdty|PA1 Comdty|PE1 Curncy|PL1 Comdty|QS1 Comdty|RX1 Comdty|SB1 Comdty|SF1 Curncy|UB1 Comdty,ops20,strict66
0.1641,0.0722,-0.4056,290,C 1 Comdty|CL1 Comdty|DU1 Comdty|EC1 Curncy|FV1 Comdty|HG1 Comdty|JY1 Curncy|LC1 Comdty|MES1 Index|NQ1 Index|PE1 Curncy|PL1 Comdty|QS1 Comdty|QW1 Comdty|SF1 Curncy|SFI5 Comdty|UB1 Comdty|VG1 Index|WN1 Comdty|Z 1 Index,ops20,strict66
0.4897,0.1741,-0.2320,291,CD1 Curncy|CL1 Comdty|ER4 Comdty|FC1 Comdty|GX1 Index|IK1 Comdty|JY1 Curncy|LH1 Comdty|NO1 Index|NV1 Curncy|OE1 Comdty|PA1 Comdty|PE1 Curncy|RTY1 Index|RX1 Comdty|SB1 Comdty|SI1 Comdty|SM1 Index|UXY1 Comdty|XB1 Comdty,ops20,strict66
0.2420,0.1807,0.0171,292,BP1 Curncy|CC1 Comdty|CF1 Index|CL1 Comdty|CO1 Comdty|DF1 Comdty|DU1 Comdty|FV1 Comdty|G 1 Comdty|GX1 Index|HG1 Comdty|JY1 Curncy|LH1 Comdty|NQ1 Index|NV1 Curncy|SF1 Curncy|SI1 Comdty|UXY1 Comdty|WN1 Comdty|Z 1 Index,ops20,strict66
0.2600,0.1712,-0.8269,293,BP1 Curncy|CL1 Comdty|DM1 Index|DU1 Comdty|EC1 Curncy|EO1 Index|HG1 Comdty|JB1 Comdty|JY1 Curncy|KW1 Comdty|PA1 Comdty|QS1 Comdty|RS1 Comdty|RTY1 Index|S 1 Comdty|SF1 Curncy|SFI5 Comdty|TU1 Comdty|UB1 Comdty|Z 1 Index,ops20,strict66
0.2807,0.1112,-0.8787,294,AD1 Curncy|CF1 Index|CO1 Comdty|DM1 Index|EC1 Curncy|HG1 Comdty|IK1 Comdty|JB1 Comdty|MES1 Index|NQ1 Index|NV1 Curncy|PE1 Curncy|PL1 Comdty|QC1 Comdty|RS1 Comdty|RX1 Comdty|SFI5 Comdty|SM1 Comdty|WN1 Comdty|XB1 Comdty,ops20,strict66
0.2438,0.1624,-0.5499,295,CD1 Curncy|CO1 Comdty|GX1 Index|JY1 Curncy|MES1 Index|NV1 Curncy|PA1 Comdty|QW1 Comdty|RS1 Comdty|RX1 Comdty|S 1 Comdty|SF1 Curncy|SFR5 Comdty|SI1 Comdty|TU1 Comdty|TY1 Comdty|VG1 Index|WN1 Comdty|XB1 Comdty|Z 1 Index,ops20,strict66
0.2671,0.2244,-0.7035,296,BP1 Curncy|CL1 Comdty|DU1 Comdty|EC1 Curncy|ER4 Comdty|FV1 Comdty|GX1 Index|HG1 Comdty|JY1 Curncy|LC1 Comdty|NO1 Index|NV1 Curncy|PA1 Comdty|RS1 Comdty|RTY1 Index|SFI5 Comdty|TY1 Comdty|W 1 Comdty|XB1 Comdty|Z 1 Index,ops20,strict66
0.3703,0.1989,-0.1614,297,BO1 Comdty|BP1 Curncy|C 1 Comdty|CO1 Comdty|DU1 Comdty|EC1 Curncy|FV1 Comdty|G 1 Comdty|GC1 Comdty|GX1 Index|LC1 Comdty|MES1 Index|NG1 Comdty|NQ1 Index|NV1 Curncy|PE1 Curncy|RTY1 Index|SFI5 Comdty|SI1 Comdty|TU1 Comdty,ops20,strict66
0.3602,0.2690,0.2147,298,BP1 Curncy|CC1 Comdty|DF1 Comdty|DU1 Comdty|EC1 Curncy|EO1 Index|ES1 Index|G 1 Comdty|JY1 Curncy|LH1 Comdty|NG1 Comdty|NO1 Index|PE1 Curncy|PL1 Comdty|QS1 Comdty|SFI5 Comdty|SI1 Comdty|TU1 Comdty|TY1 Comdty|Z 1 Index,ops20,strict66
0.2086,0.0998,-0.2430,299,BP1 Curncy|CL1 Comdty|CT1 Comdty|DU1 Comdty|FV1 Comdty|HG1 Comdty|HO1 Comdty|JY1 Curncy|LC1 Comdty|NQ1 Index|PE1 Curncy|PL1 Comdty|RTY1 Index|RX1 Comdty|SF1 Curncy|SFI5 Comdty|SFR5 Comdty|SM1 Comdty|TP1 Index|Z 1 Index,ops20,strict66
0.2618,0.0130,-0.1278,300,BP1 Curncy|C 1 Comdty|CD1 Curncy|DM1 Index|DU1 Comdty|ER4 Comdty|FC1 Comdty|GC1 Comdty|GX1 Index|HG1 Comdty|IK1 Comdty|NV1 Curncy|OE1 Comdty|QS1 Comdty|SF1 Curncy|SFR5 Comdty|SM1 Comdty|SM1 Index|VG1 Index|XB1 Comdty,ops20,strict66
0.3231,0.0663,0.1938,301,BO1 Comdty|BP1 Curncy|CD1 Curncy|DU1 Comdty|EC1 Curncy|ES1 Index|GC1 Comdty|GX1 Index|JB1 Comdty|NG1 Comdty|NQ1 Index|QC1 Comdty|SF1 Curncy|SFR5 Comdty|SI1 Comdty|SM1 Comdty|TU1 Comdty|UB1 Comdty|VG1 Index|XB1 Comdty,ops20,strict66
0.2906,0.1272,-0.4117,302,AD1 Curncy|BO1 Comdty|BP1 Curncy|C 1 Comdty|CF1 Index|CL1 Comdty|DF1 Comdty|DM1 Index|EO1 Index|GC1 Comdty|IK1 Comdty|JY1 Curncy|MES1 Index|NG1 Comdty|NV1 Curncy|OE1 Comdty|PL1 Comdty|SFI5 Comdty|UB1 Comdty|US1 Comdty,ops20,strict66
0.3804,0.1797,-0.0703,303,BP1 Curncy|CD1 Curncy|CL1 Comdty|EC1 Curncy|EO1 Index|FV1 Comdty|G 1 Comdty|GC1 Comdty|HG1 Comdty|IK1 Comdty|JB1 Comdty|LC1 Comdty|NO1 Index|NQ1 Index|RS1 Comdty|RTY1 Index|RX1 Comdty|SF1 Curncy|W 1 Comdty|XB1 Comdty,ops20,strict66
0.5694,0.4950,-0.2808,304,BP1 Curncy|CO1 Comdty|EC1 Curncy|EO1 Index|ER4 Comdty|FC1 Comdty|HG1 Comdty|LC1 Comdty|LH1 Comdty|MES1 Index|NG1 Comdty|NQ1 Index|PA1 Comdty|PE1 Curncy|RTY1 Index|SF1 Curncy|SFI5 Comdty|SFR5 Comdty|TY1 Comdty|US1 Comdty,ops20,strict66
0.3664,0.2860,0.1471,305,AD1 Curncy|CF1 Index|DF1 Comdty|GC1 Comdty|GX1 Index|IK1 Comdty|JY1 Curncy|LH1 Comdty|NG1 Comdty|NV1 Curncy|PL1 Comdty|QS1 Comdty|QW1 Comdty|RTY1 Index|SF1 Curncy|SFR5 Comdty|TP1 Index|TY1 Comdty|US1 Comdty|UXY1 Comdty,ops20,strict66
0.4441,0.2117,0.0004,306,AD1 Curncy|BO1 Comdty|BP1 Curncy|CL1 Comdty|FC1 Comdty|GC1 Comdty|HG1 Comdty|JY1 Curncy|MES1 Index|NQ1 Index|RS1 Comdty|RX1 Comdty|SF1 Curncy|SM1 Index|TU1 Comdty|TY1 Comdty|UB1 Comdty|UXY1 Comdty|VG1 Index|XB1 Comdty,ops20,strict66
0.4370,0.2079,0.2951,307,BP1 Curncy|C 1 Comdty|CO1 Comdty|CT1 Comdty|DU1 Comdty|ES1 Index|FV1 Comdty|GC1 Comdty|HG1 Comdty|JY1 Curncy|OE1 Comdty|PE1 Curncy|RTY1 Index|SF1 Curncy|SFR5 Comdty|SM1 Index|TP1 Index|UB1 Comdty|W 1 Comdty|XB1 Comdty,ops20,strict66
0.3026,0.0903,-0.4339,308,C 1 Comdty|CF1 Index|CL1 Comdty|EO1 Index|G 1 Comdty|IK1 Comdty|JY1 Curncy|MES1 Index|NO1 Index|NV1 Curncy|OAT1 Comdty|PA1 Comdty|PE1 Curncy|QS1 Comdty|SB1 Comdty|SF1 Curncy|SI1 Comdty|TY1 Comdty|UXY1 Comdty|W 1 Comdty,ops20,strict66
0.5324,0.3973,0.3485,309,BP1 Curncy|CC1 Comdty|CD1 Curncy|DU1 Comdty|FV1 Comdty|GC1 Comdty|GX1 Index|HG1 Comdty|JY1 Curncy|MES1 Index|NQ1 Index|OAT1 Comdty|QS1 Comdty|RS1 Comdty|SB1 Comdty|SF1 Curncy|TP1 Index|TY1 Comdty|UB1 Comdty|XB1 Comdty,ops20,strict66
0.4717,0.2863,0.7405,310,CC1 Comdty|CD1 Curncy|CF1 Index|DM1 Index|FC1 Comdty|GC1 Comdty|LH1 Comdty|NO1 Index|NV1 Curncy|PE1 Curncy|QS1 Comdty|RX1 Comdty|SF1 Curncy|SFR5 Comdty|SI1 Comdty|TY1 Comdty|UXY1 Comdty|VG1 Index|WN1 Comdty|XB1 Comdty,ops20,strict66
0.3275,0.2129,-0.5543,311,CD1 Curncy|DU1 Comdty|ER4 Comdty|G 1 Comdty|HG1 Comdty|JY1 Curncy|NG1 Comdty|NO1 Index|NQ1 Index|PA1 Comdty|PE1 Curncy|QS1 Comdty|QW1 Comdty|RS1 Comdty|S 1 Comdty|SF1 Curncy|SFR5 Comdty|UB1 Comdty|VG1 Index|Z 1 Index,ops20,strict66
0.4545,0.2787,-0.2021,312,BP1 Curncy|CF1 Index|CO1 Comdty|DM1 Index|DU1 Comdty|EC1 Curncy|ER4 Comdty|ES1 Index|G 1 Comdty|GC1 Comdty|LC1 Comdty|PE1 Curncy|QS1 Comdty|QW1 Comdty|RS1 Comdty|SF1 Curncy|SFI5 Comdty|SI1 Comdty|TP1 Index|TY1 Comdty,ops20,strict66
0.3643,0.0715,-0.7453,313,AD1 Curncy|BO1 Comdty|BP1 Curncy|CF1 Index|DM1 Index|DU1 Comdty|EC1 Curncy|GC1 Comdty|HO1 Comdty|IK1 Comdty|MES1 Index|NG1 Comdty|NV1 Curncy|OAT1 Comdty|RS1 Comdty|RTY1 Index|SFI5 Comdty|SI1 Comdty|SM1 Comdty|UB1 Comdty,ops20,strict66
0.4778,0.2160,0.1003,314,AD1 Curncy|CD1 Curncy|CO1 Comdty|CT1 Comdty|EC1 Curncy|FC1 Comdty|GX1 Index|JB1 Comdty|JY1 Curncy|MES1 Index|NO1 Index|OAT1 Comdty|PL1 Comdty|QS1 Comdty|S 1 Comdty|SI1 Comdty|SM1 Index|TY1 Comdty|UB1 Comdty|UXY1 Comdty,ops20,strict66
0.1618,-0.0134,-0.8543,315,AD1 Curncy|CF1 Index|CL1 Comdty|DU1 Comdty|EC1 Curncy|ES1 Index|GX1 Index|JB1 Comdty|KC1 Comdty|NQ1 Index|NV1 Curncy|OE1 Comdty|PA1 Comdty|PL1 Comdty|QS1 Comdty|RS1 Comdty|SF1 Curncy|SFI5 Comdty|TU1 Comdty|W 1 Comdty,ops20,strict66
0.4784,0.3662,0.4036,316,BP1 Curncy|CD1 Curncy|CT1 Comdty|ER4 Comdty|FV1 Comdty|GC1 Comdty|HO1 Comdty|JB1 Comdty|KC1 Comdty|LH1 Comdty|MES1 Index|NO1 Index|NQ1 Index|PE1 Curncy|PL1 Comdty|QS1 Comdty|RTY1 Index|SF1 Curncy|UB1 Comdty|UXY1 Comdty,ops20,strict66
0.4199,0.4480,0.3138,317,AD1 Curncy|CT1 Comdty|EC1 Curncy|ER4 Comdty|ES1 Index|FV1 Comdty|GC1 Comdty|GX1 Index|MES1 Index|NG1 Comdty|NO1 Index|NV1 Curncy|PA1 Comdty|PE1 Curncy|QC1 Comdty|QW1 Comdty|TY1 Comdty|US1 Comdty|UXY1 Comdty|XB1 Comdty,ops20,strict66
0.3087,0.0317,-0.3093,318,C 1 Comdty|CD1 Curncy|CL1 Comdty|DF1 Comdty|GX1 Index|HG1 Comdty|IK1 Comdty|JY1 Curncy|NG1 Comdty|NV1 Curncy|OAT1 Comdty|OE1 Comdty|PE1 Curncy|RTY1 Index|SI1 Comdty|SM1 Comdty|SM1 Index|TP1 Index|UB1 Comdty|UXY1 Comdty,ops20,strict66
0.2748,0.1336,-0.6872,319,BO1 Comdty|BP1 Curncy|CD1 Curncy|EC1 Curncy|EO1 Index|ER4 Comdty|FC1 Comdty|HG1 Comdty|NO1 Index|OE1 Comdty|PA1 Comdty|QS1 Comdty|QW1 Comdty|RTY1 Index|SF1 Curncy|SFI5 Comdty|TU1 Comdty|UB1 Comdty|VG1 Index|XB1 Comdty,ops20,strict66
0.5954,0.3504,0.5650,320,CD1 Curncy|DU1 Comdty|EC1 Curncy|ES1 Index|FC1 Comdty|FV1 Comdty|GC1 Comdty|HO1 Comdty|MES1 Index|NO1 Index|NV1 Curncy|OE1 Comdty|PE1 Curncy|QC1 Comdty|QS1 Comdty|RS1 Comdty|SI1 Comdty|SM1 Index|UB1 Comdty|WN1 Comdty,ops20,strict66
0.5328,0.2643,0.2922,321,BP1 Curncy|CD1 Curncy|CO1 Comdty|ER4 Comdty|ES1 Index|FC1 Comdty|GC1 Comdty|GX1 Index|JY1 Curncy|KW1 Comdty|LC1 Comdty|NV1 Curncy|OAT1 Comdty|PL1 Comdty|RTY1 Index|RX1 Comdty|SFR5 Comdty|TP1 Index|UB1 Comdty|XB1 Comdty,ops20,strict66
0.2262,0.1247,0.0962,322,AD1 Curncy|BO1 Comdty|CD1 Curncy|CT1 Comdty|DU1 Comdty|EC1 Curncy|ER4 Comdty|G 1 Comdty|GC1 Comdty|HG1 Comdty|HO1 Comdty|LC1 Comdty|QS1 Comdty|RTY1 Index|SF1 Curncy|SFR5 Comdty|TP1 Index|UXY1 Comdty|VG1 Index|Z 1 Index,ops20,strict66
0.2942,0.1616,0.2507,323,AD1 Curncy|BO1 Comdty|BP1 Curncy|CD1 Curncy|CL1 Comdty|CT1 Comdty|ER4 Comdty|G 1 Comdty|GC1 Comdty|JB1 Comdty|MES1 Index|NG1 Comdty|OAT1 Comdty|PE1 Curncy|PL1 Comdty|QC1 Comdty|SFR5 Comdty|SM1 Index|TP1 Index|Z 1 Index,ops20,strict66
0.1172,-0.0059,-0.5343,324,AD1 Curncy|BP1 Curncy|CC1 Comdty|CD1 Curncy|CF1 Index|CO1 Comdty|FV1 Comdty|GX1 Index|JB1 Comdty|NV1 Curncy|OE1 Comdty|PA1 Comdty|RTY1 Index|SB1 Comdty|SI1 Comdty|TU1 Comdty|TY1 Comdty|W 1 Comdty|XB1 Comdty|Z 1 Index,ops20,strict66
0.2927,0.1475,-1.1712,325,BO1 Comdty|BP1 Curncy|CD1 Curncy|CF1 Index|CO1 Comdty|DM1 Index|EC1 Curncy|GX1 Index|HG1 Comdty|IK1 Comdty|OAT1 Comdty|PE1 Curncy|PL1 Comdty|QS1 Comdty|RS1 Comdty|SFI5 Comdty|SM1 Comdty|TP1 Index|TY1 Comdty|UXY1 Comdty,ops20,strict66
0.4674,0.2945,0.1498,326,AD1 Curncy|CD1 Curncy|CF1 Index|CO1 Comdty|CT1 Comdty|ER4 Comdty|FV1 Comdty|GC1 Comdty|JB1 Comdty|JY1 Curncy|KC1 Comdty|MES1 Index|NG1 Comdty|NO1 Index|NV1 Curncy|PA1 Comdty|RX1 Comdty|SM1 Index|US1 Comdty|W 1 Comdty,ops20,strict66
0.3638,0.3876,-0.0857,327,AD1 Curncy|BO1 Comdty|CD1 Curncy|CL1 Comdty|CT1 Comdty|DM1 Index|EO1 Index|FV1 Comdty|GC1 Comdty|GX1 Index|JY1 Curncy|NG1 Comdty|NQ1 Index|NV1 Curncy|PA1 Comdty|QW1 Comdty|SFR5 Comdty|TU1 Comdty|TY1 Comdty|US1 Comdty,ops20,strict66
0.2919,0.1716,-0.0088,328,CD1 Curncy|CL1 Comdty|EC1 Curncy|G 1 Comdty|IK1 Comdty|JY1 Curncy|LC1 Comdty|MES1 Index|NO1 Index|PA1 Comdty|PL1 Comdty|QC1 Comdty|QS1 Comdty|SF1 Curncy|SM1 Index|TU1 Comdty|UB1 Comdty|W 1 Comdty|WN1 Comdty|Z 1 Index,ops20,strict66
0.1267,-0.0512,-0.9740,329,AD1 Curncy|BO1 Comdty|CO1 Comdty|DM1 Index|EC1 Curncy|ER4 Comdty|HG1 Comdty|NQ1 Index|OAT1 Comdty|OE1 Comdty|PE1 Curncy|PL1 Comdty|S 1 Comdty|SF1 Curncy|SFR5 Comdty|SM1 Comdty|SM1 Index|TU1 Comdty|XB1 Comdty|Z 1 Index,ops20,strict66
0.2198,0.0303,-0.4190,330,AD1 Curncy|CD1 Curncy|CL1 Comdty|CO1 Comdty|DF1 Comdty|DM1 Index|DU1 Comdty|EC1 Curncy|FV1 Comdty|NO1 Index|OE1 Comdty|PE1 Curncy|PL1 Comdty|RX1 Comdty|SB1 Comdty|SI1 Comdty|SM1 Comdty|SM1 Index|TP1 Index|TY1 Comdty,ops20,strict66
0.4982,0.2707,-0.2453,331,BP1 Curncy|C 1 Comdty|DM1 Index|EC1 Curncy|ES1 Index|GC1 Comdty|GX1 Index|IK1 Comdty|JB1 Comdty|NG1 Comdty|NV1 Curncy|PE1 Curncy|PL1 Comdty|QS1 Comdty|RS1 Comdty|SB1 Comdty|SFR5 Comdty|SM1 Index|UB1 Comdty|US1 Comdty,ops20,strict66
0.4035,0.4680,0.0621,332,AD1 Curncy|CC1 Comdty|CL1 Comdty|CO1 Comdty|FV1 Comdty|G 1 Comdty|HG1 Comdty|JY1 Curncy|LC1 Comdty|MES1 Index|NQ1 Index|NV1 Curncy|PA1 Comdty|PE1 Curncy|QC1 Comdty|RTY1 Index|SFI5 Comdty|TP1 Index|TU1 Comdty|UXY1 Comdty,ops20,strict66
0.2956,0.2033,-0.3147,333,BO1 Comdty|BP1 Curncy|CD1 Curncy|CF1 Index|CL1 Comdty|DU1 Comdty|ES1 Index|FV1 Comdty|GC1 Comdty|HO1 Comdty|JY1 Curncy|KC1 Comdty|MES1 Index|PA1 Comdty|PE1 Curncy|RX1 Comdty|SM1 Comdty|UB1 Comdty|WN1 Comdty|Z 1 Index,ops20,strict66
0.1179,0.0102,-1.2706,334,AD1 Curncy|BO1 Comdty|CF1 Index|CO1 Comdty|EC1 Curncy|FV1 Comdty|HG1 Comdty|HO1 Comdty|NQ1 Index|NV1 Curncy|PE1 Curncy|PL1 Comdty|QW1 Comdty|RX1 Comdty|SB1 Comdty|SFI5 Comdty|SM1 Index|TY1 Comdty|UB1 Comdty|VG1 Index,ops20,strict66
0.4119,0.3113,-0.2054,335,AD1 Curncy|CF1 Index|CL1 Comdty|DU1 Comdty|EC1 Curncy|FC1 Comdty|HO1 Comdty|JY1 Curncy|LH1 Comdty|NQ1 Index|NV1 Curncy|PA1 Comdty|S 1 Comdty|SI1 Comdty|TP1 Index|TY1 Comdty|US1 Comdty|UXY1 Comdty|WN1 Comdty|Z 1 Index,ops20,strict66
0.4312,0.2272,-0.1305,336,AD1 Curncy|BP1 Curncy|C 1 Comdty|CO1 Comdty|EO1 Index|ES1 Index|HG1 Comdty|IK1 Comdty|JY1 Curncy|KC1 Comdty|PE1 Curncy|PL1 Comdty|QS1 Comdty|SFR5 Comdty|SM1 Index|TP1 Index|TY1 Comdty|UB1 Comdty|UXY1 Comdty|W 1 Comdty,ops20,strict66
0.3663,0.2217,-0.3027,337,BP1 Curncy|CD1 Curncy|DM1 Index|DU1 Comdty|FC1 Comdty|HO1 Comdty|IK1 Comdty|JB1 Comdty|JY1 Curncy|LH1 Comdty|MES1 Index|NG1 Comdty|NV1 Curncy|PA1 Comdty|PL1 Comdty|QW1 Comdty|RX1 Comdty|SM1 Index|TP1 Index|TU1 Comdty,ops20,strict66
0.3346,0.2330,0.1243,338,BP1 Curncy|CD1 Curncy|CL1 Comdty|DF1 Comdty|FV1 Comdty|HO1 Comdty|JY1 Curncy|NO1 Index|NV1 Curncy|OE1 Comdty|PL1 Comdty|QC1 Comdty|RS1 Comdty|SFI5 Comdty|SI1 Comdty|SM1 Index|TP1 Index|UB1 Comdty|US1 Comdty|VG1 Index,ops20,strict66
0.3145,0.0517,-0.4270,339,BO1 Comdty|C 1 Comdty|CO1 Comdty|DU1 Comdty|FV1 Comdty|HG1 Comdty|HO1 Comdty|IK1 Comdty|JY1 Curncy|NQ1 Index|NV1 Curncy|OAT1 Comdty|PE1 Curncy|RTY1 Index|SF1 Curncy|SI1 Comdty|SM1 Comdty|SM1 Index|TP1 Index|UXY1 Comdty,ops20,strict66
0.4933,0.3532,0.6054,340,CO1 Comdty|CT1 Comdty|DF1 Comdty|DU1 Comdty|EC1 Curncy|ES1 Index|FV1 Comdty|GC1 Comdty|HG1 Comdty|IK1 Comdty|JY1 Curncy|NQ1 Index|PE1 Curncy|QC1 Comdty|SF1 Curncy|UB1 Comdty|US1 Comdty|VG1 Index|XB1 Comdty|Z 1 Index,ops20,strict66
0.4484,0.4578,0.0440,341,DU1 Comdty|EC1 Curncy|G 1 Comdty|GC1 Comdty|GX1 Index|HO1 Comdty|JY1 Curncy|LH1 Comdty|MES1 Index|NO1 Index|NV1 Curncy|PA1 Comdty|PE1 Curncy|QS1 Comdty|QW1 Comdty|SB1 Comdty|SFR5 Comdty|TP1 Index|US1 Comdty|WN1 Comdty,ops20,strict66
0.2879,0.1064,-0.3929,342,BP1 Curncy|C 1 Comdty|CD1 Curncy|CF1 Index|FV1 Comdty|G 1 Comdty|HO1 Comdty|IK1 Comdty|JY1 Curncy|KC1 Comdty|NV1 Curncy|OAT1 Comdty|PA1 Comdty|QS1 Comdty|RTY1 Index|SI1 Comdty|TP1 Index|VG1 Index|W 1 Comdty|WN1 Comdty,ops20,strict66
0.1887,-0.0217,-0.6727,343,AD1 Curncy|C 1 Comdty|CF1 Index|DU1 Comdty|ES1 Index|FV1 Comdty|GX1 Index|HG1 Comdty|JY1 Curncy|KC1 Comdty|NG1 Comdty|NQ1 Index|NV1 Curncy|OAT1 Comdty|PL1 Comdty|QS1 Comdty|S 1 Comdty|SF1 Curncy|SFI5 Comdty|WN1 Comdty,ops20,strict66
0.5842,0.3835,0.2504,344,AD1 Curncy|CD1 Curncy|CL1 Comdty|CT1 Comdty|DU1 Comdty|EC1 Curncy|ES1 Index|FC1 Comdty|G 1 Comdty|GC1 Comdty|JY1 Curncy|NG1 Comdty|NQ1 Index|PA1 Comdty|RTY1 Index|SB1 Comdty|SFR5 Comdty|US1 Comdty|WN1 Comdty|Z 1 Index,ops20,strict66
0.3458,0.1457,-0.2526,345,AD1 Curncy|BO1 Comdty|BP1 Curncy|ES1 Index|FC1 Comdty|GC1 Comdty|GX1 Index|HO1 Comdty|IK1 Comdty|JB1 Comdty|NV1 Curncy|PA1 Comdty|PE1 Curncy|RX1 Comdty|SFI5 Comdty|SM1 Index|VG1 Index|W 1 Comdty|WN1 Comdty|XB1 Comdty,ops20,strict66
0.2353,0.1034,-0.0195,346,CC1 Comdty|CD1 Curncy|CF1 Index|EO1 Index|G 1 Comdty|GC1 Comdty|HG1 Comdty|IK1 Comdty|JB1 Comdty|KW1 Comdty|NQ1 Index|NV1 Curncy|PE1 Curncy|QS1 Comdty|QW1 Comdty|RTY1 Index|RX1 Comdty|SF1 Curncy|WN1 Comdty|XB1 Comdty,ops20,strict66
0.3400,0.2468,-0.2629,347,AD1 Curncy|CF1 Index|CO1 Comdty|DF1 Comdty|EC1 Curncy|GC1 Comdty|HG1 Comdty|HO1 Comdty|NO1 Index|NV1 Curncy|PE1 Curncy|RTY1 Index|RX1 Comdty|SFI5 Comdty|SFR5 Comdty|SM1 Comdty|UB1 Comdty|US1 Comdty|VG1 Index|W 1 Comdty,ops20,strict66
0.4541,0.2520,0.3723,348,AD1 Curncy|BP1 Curncy|CT1 Comdty|EO1 Index|GC1 Comdty|IK1 Comdty|JY1 Curncy|KW1 Comdty|LC1 Comdty|NG1 Comdty|NO1 Index|NQ1 Index|NV1 Curncy|OE1 Comdty|PL1 Comdty|SFR5 Comdty|TY1 Comdty|UB1 Comdty|VG1 Index|XB1 Comdty,ops20,strict66
0.4499,0.3133,-0.4302,349,ER4 Comdty|HO1 Comdty|IK1 Comdty|JY1 Curncy|LC1 Comdty|MES1 Index|NQ1 Index|NV1 Curncy|OAT1 Comdty|PA1 Comdty|PE1 Curncy|PL1 Comdty|QS1 Comdty|RS1 Comdty|RTY1 Index|SF1 Curncy|SFI5 Comdty|TP1 Index|TY1 Comdty|W 1 Comdty,ops20,strict66
0.2975,0.1706,-0.5544,350,BO1 Comdty|BP1 Curncy|CL1 Comdty|DM1 Index|DU1 Comdty|EC1 Curncy|ER4 Comdty|ES1 Index|GC1 Comdty|HG1 Comdty|HO1 Comdty|JB1 Comdty|KW1 Comdty|MES1 Index|NV1 Curncy|OAT1 Comdty|OE1 Comdty|PE1 Curncy|RS1 Comdty|SM1 Index,ops20,strict66
0.4561,0.2777,0.2805,351,BO1 Comdty|BP1 Curncy|CD1 Curncy|CL1 Comdty|DU1 Comdty|EO1 Index|ER4 Comdty|GC1 Comdty|IK1 Comdty|LC1 Comdty|MES1 Index|NQ1 Index|PE1 Curncy|QC1 Comdty|QS1 Comdty|SF1 Curncy|SFI5 Comdty|SI1 Comdty|TP1 Index|UXY1 Comdty,ops20,strict66
0.3488,0.1536,-0.9018,352,BO1 Comdty|BP1 Curncy|CD1 Curncy|CF1 Index|CL1 Comdty|CO1 Comdty|DU1 Comdty|EO1 Index|GX1 Index|IK1 Comdty|JY1 Curncy|NQ1 Index|PA1 Comdty|PE1 Curncy|QW1 Comdty|RS1 Comdty|RX1 Comdty|SI1 Comdty|TU1 Comdty|UB1 Comdty,ops20,strict66
0.5370,0.2161,0.0718,353,BO1 Comdty|BP1 Curncy|CO1 Comdty|EC1 Curncy|FC1 Comdty|GC1 Comdty|HO1 Comdty|MES1 Index|NO1 Index|NQ1 Index|OAT1 Comdty|OE1 Comdty|PE1 Curncy|SF1 Curncy|SI1 Comdty|SM1 Comdty|TP1 Index|UB1 Comdty|US1 Comdty|UXY1 Comdty,ops20,strict66
0.2827,0.2887,0.1236,354,AD1 Curncy|CC1 Comdty|CL1 Comdty|DF1 Comdty|EO1 Index|G 1 Comdty|HG1 Comdty|JY1 Curncy|NG1 Comdty|NO1 Index|PA1 Comdty|PE1 Curncy|SF1 Curncy|SFR5 Comdty|SM1 Index|TP1 Index|TY1 Comdty|UXY1 Comdty|W 1 Comdty|WN1 Comdty,ops20,strict66
0.3789,0.2133,-0.2122,355,AD1 Curncy|CC1 Comdty|CD1 Curncy|G 1 Comdty|GC1 Comdty|IK1 Comdty|MES1 Index|NG1 Comdty|NQ1 Index|NV1 Curncy|OAT1 Comdty|PE1 Curncy|PL1 Comdty|QS1 Comdty|QW1 Comdty|SB1 Comdty|SFI5 Comdty|SM1 Index|UXY1 Comdty|VG1 Index,ops20,strict66
0.2480,0.0600,-0.3537,356,BO1 Comdty|CC1 Comdty|CD1 Curncy|EC1 Curncy|EO1 Index|GX1 Index|HG1 Comdty|IK1 Comdty|JY1 Curncy|NO1 Index|NV1 Curncy|OE1 Comdty|PL1 Comdty|QS1 Comdty|SM1 Comdty|SM1 Index|UB1 Comdty|UXY1 Comdty|WN1 Comdty|XB1 Comdty,ops20,strict66
0.3179,0.1590,0.2733,357,BP1 Curncy|C 1 Comdty|CC1 Comdty|CD1 Curncy|CL1 Comdty|EO1 Index|ES1 Index|GC1 Comdty|IK1 Comdty|JB1 Comdty|NG1 Comdty|NV1 Curncy|OAT1 Comdty|PE1 Curncy|SI1 Comdty|SM1 Comdty|TP1 Index|TU1 Comdty|US1 Comdty|Z 1 Index,ops20,strict66
0.4471,0.3944,-0.2546,358,BP1 Curncy|CD1 Curncy|CO1 Comdty|DF1 Comdty|EC1 Curncy|ER4 Comdty|G 1 Comdty|GC1 Comdty|JB1 Comdty|LH1 Comdty|MES1 Index|NQ1 Index|NV1 Curncy|OE1 Comdty|PA1 Comdty|RTY1 Index|SM1 Comdty|US1 Comdty|VG1 Index|XB1 Comdty,ops20,strict66
0.2028,0.0113,-0.4596,359,AD1 Curncy|C 1 Comdty|CD1 Curncy|CT1 Comdty|DU1 Comdty|FV1 Comdty|G 1 Comdty|HG1 Comdty|HO1 Comdty|IK1 Comdty|JY1 Curncy|NG1 Comdty|NQ1 Index|PE1 Curncy|PL1 Comdty|RTY1 Index|SB1 Comdty|SM1 Index|UXY1 Comdty|Z 1 Index,ops20,strict66
0.4804,0.3997,-0.0832,360,AD1 Curncy|CD1 Curncy|CF1 Index|CO1 Comdty|DM1 Index|ER4 Comdty|G 1 Comdty|GC1 Comdty|HO1 Comdty|JY1 Curncy|KW1 Comdty|MES1 Index|NQ1 Index|NV1 Curncy|PA1 Comdty|QC1 Comdty|RX1 Comdty|SB1 Comdty|TU1 Comdty|UB1 Comdty,ops20,strict66
0.4242,0.4354,-0.1388,361,AD1 Curncy|BP1 Curncy|CL1 Comdty|DF1 Comdty|DM1 Index|ES1 Index|GX1 Index|HG1 Comdty|JB1 Comdty|JY1 Curncy|KC1 Comdty|LC1 Comdty|NG1 Comdty|NO1 Index|NV1 Curncy|PA1 Comdty|SFI5 Comdty|SFR5 Comdty|TU1 Comdty|US1 Comdty,ops20,strict66
0.4815,0.2619,0.2237,362,CD1 Curncy|DU1 Comdty|EC1 Curncy|EO1 Index|ER4 Comdty|GC1 Comdty|GX1 Index|JY1 Curncy|LC1 Comdty|LH1 Comdty|NQ1 Index|QS1 Comdty|RX1 Comdty|SB1 Comdty|SF1 Curncy|SFI5 Comdty|SI1 Comdty|SM1 Index|TU1 Comdty|XB1 Comdty,ops20,strict66
0.2299,0.1443,-0.3663,363,BP1 Curncy|CD1 Curncy|CL1 Comdty|DU1 Comdty|JB1 Comdty|JY1 Curncy|KW1 Comdty|LC1 Comdty|MES1 Index|PA1 Comdty|PL1 Comdty|QS1 Comdty|RS1 Comdty|RTY1 Index|SF1 Curncy|SFR5 Comdty|SM1 Index|US1 Comdty|UXY1 Comdty|Z 1 Index,ops20,strict66
0.3055,0.1086,0.2798,364,BP1 Curncy|C 1 Comdty|CD1 Curncy|CT1 Comdty|G 1 Comdty|GC1 Comdty|HO1 Comdty|JB1 Comdty|NQ1 Index|OE1 Comdty|PE1 Curncy|QS1 Comdty|RTY1 Index|SF1 Curncy|SFR5 Comdty|SI1 Comdty|SM1 Comdty|TP1 Index|TY1 Comdty|Z 1 Index,ops20,strict66
0.3543,0.1067,-0.4589,365,AD1 Curncy|CD1 Curncy|CF1 Index|CL1 Comdty|CO1 Comdty|ER4 Comdty|ES1 Index|FC1 Comdty|G 1 Comdty|GX1 Index|IK1 Comdty|JY1 Curncy|KC1 Comdty|KW1 Comdty|NV1 Curncy|PA1 Comdty|PL1 Comdty|SFR5 Comdty|UB1 Comdty|VG1 Index,ops20,strict66
0.4686,0.4126,-0.0195,366,BP1 Curncy|CD1 Curncy|DF1 Comdty|ER4 Comdty|FC1 Comdty|HG1 Comdty|HO1 Comdty|IK1 Comdty|JY1 Curncy|LC1 Comdty|MES1 Index|NO1 Index|NV1 Curncy|OAT1 Comdty|OE1 Comdty|PA1 Comdty|QS1 Comdty|SFR5 Comdty|TP1 Index|Z 1 Index,ops20,strict66
0.4897,0.3539,-0.6635,367,AD1 Curncy|BP1 Curncy|CF1 Index|CL1 Comdty|CO1 Comdty|DM1 Index|EO1 Index|ES1 Index|JY1 Curncy|LC1 Comdty|PA1 Comdty|PE1 Curncy|RS1 Comdty|SFI5 Comdty|SFR5 Comdty|SI1 Comdty|SM1 Comdty|UB1 Comdty|UXY1 Comdty|WN1 Comdty,ops20,strict66
0.4027,0.2587,0.2248,368,AD1 Curncy|BP1 Curncy|C 1 Comdty|CO1 Comdty|DU1 Comdty|EO1 Index|ER4 Comdty|FC1 Comdty|G 1 Comdty|GC1 Comdty|HO1 Comdty|LC1 Comdty|NO1 Index|PA1 Comdty|PE1 Curncy|RTY1 Index|RX1 Comdty|SF1 Curncy|US1 Comdty|VG1 Index,ops20,strict66
0.1936,-0.0428,-0.4600,369,CD1 Curncy|CO1 Comdty|DU1 Comdty|EO1 Index|ER4 Comdty|FC1 Comdty|GX1 Index|HG1 Comdty|NV1 Curncy|OE1 Comdty|PE1 Curncy|QW1 Comdty|RS1 Comdty|RTY1 Index|SF1 Curncy|SFR5 Comdty|SI1 Comdty|WN1 Comdty|XB1 Comdty|Z 1 Index,ops20,strict66
0.1978,0.0033,-0.5228,370,CF1 Index|CO1 Comdty|DU1 Comdty|EC1 Curncy|ES1 Index|JY1 Curncy|KC1 Comdty|LC1 Comdty|NV1 Curncy|PA1 Comdty|PL1 Comdty|RTY1 Index|RX1 Comdty|SB1 Comdty|SF1 Curncy|TU1 Comdty|TY1 Comdty|US1 Comdty|VG1 Index|XB1 Comdty,ops20,strict66
0.2702,0.2091,-0.6423,371,BP1 Curncy|CD1 Curncy|CL1 Comdty|CO1 Comdty|DM1 Index|G 1 Comdty|GX1 Index|HG1 Comdty|JY1 Curncy|LC1 Comdty|NO1 Index|OAT1 Comdty|PE1 Curncy|PL1 Comdty|RS1 Comdty|S 1 Comdty|SFI5 Comdty|TU1 Comdty|TY1 Comdty|Z 1 Index,ops20,strict66
0.2357,0.2511,-0.3150,372,AD1 Curncy|C 1 Comdty|DF1 Comdty|DU1 Comdty|EC1 Curncy|EO1 Index|FV1 Comdty|G 1 Comdty|GX1 Index|HG1 Comdty|MES1 Index|NQ1 Index|PA1 Comdty|PE1 Curncy|QS1 Comdty|S 1 Comdty|SF1 Curncy|SFR5 Comdty|UXY1 Comdty|XB1 Comdty,ops20,strict66
0.1797,0.0706,-0.5564,373,BO1 Comdty|BP1 Curncy|C 1 Comdty|CD1 Curncy|CF1 Index|EC1 Curncy|GX1 Index|HO1 Comdty|KC1 Comdty|NG1 Comdty|NV1 Curncy|OAT1 Comdty|PA1 Comdty|SFR5 Comdty|SI1 Comdty|SM1 Index|TU1 Comdty|TY1 Comdty|US1 Comdty|Z 1 Index,ops20,strict66
0.2406,0.0739,-0.3746,374,BO1 Comdty|BP1 Curncy|CD1 Curncy|DU1 Comdty|EO1 Index|G 1 Comdty|HG1 Comdty|JB1 Comdty|LC1 Comdty|NQ1 Index|PE1 Curncy|QS1 Comdty|RS1 Comdty|SF1 Curncy|SFI5 Comdty|SI1 Comdty|TP1 Index|VG1 Index|WN1 Comdty|XB1 Comdty,ops20,strict66
0.3390,0.2356,-0.1408,375,CD1 Curncy|CF1 Index|CL1 Comdty|CT1 Comdty|DM1 Index|EC1 Curncy|FC1 Comdty|FV1 Comdty|JY1 Curncy|OE1 Comdty|PA1 Comdty|PE1 Curncy|PL1 Comdty|RTY1 Index|S 1 Comdty|SFR5 Comdty|US1 Comdty|UXY1 Comdty|VG1 Index|XB1 Comdty,ops20,strict66
0.3164,0.0547,-0.4536,376,BO1 Comdty|EC1 Curncy|ES1 Index|G 1 Comdty|GC1 Comdty|HG1 Comdty|IK1 Comdty|NQ1 Index|NV1 Curncy|PE1 Curncy|QS1 Comdty|QW1 Comdty|RX1 Comdty|SF1 Curncy|SM1 Index|UB1 Comdty|VG1 Index|W 1 Comdty|WN1 Comdty|XB1 Comdty,ops20,strict66
0.2008,-0.0478,-0.5699,377,AD1 Curncy|CL1 Comdty|CO1 Comdty|DU1 Comdty|GX1 Index|HG1 Comdty|IK1 Comdty|JB1 Comdty|NQ1 Index|NV1 Curncy|PE1 Curncy|QW1 Comdty|RS1 Comdty|SF1 Curncy|SI1 Comdty|TP1 Index|UB1 Comdty|W 1 Comdty|WN1 Comdty|Z 1 Index,ops20,strict66
0.1018,-0.0771,-0.5370,378,BP1 Curncy|CC1 Comdty|CF1 Index|DU1 Comdty|FV1 Comdty|G 1 Comdty|HG1 Comdty|HO1 Comdty|JY1 Curncy|NV1 Curncy|RTY1 Index|RX1 Comdty|S 1 Comdty|SB1 Comdty|SF1 Curncy|SFI5 Comdty|SI1 Comdty|SM1 Index|VG1 Index|XB1 Comdty,ops20,strict66
0.4149,0.2442,0.2213,379,CD1 Curncy|CL1 Comdty|CT1 Comdty|EO1 Index|G 1 Comdty|GC1 Comdty|JB1 Comdty|JY1 Curncy|NQ1 Index|NV1 Curncy|QS1 Comdty|QW1 Comdty|RTY1 Index|SB1 Comdty|SF1 Curncy|SFR5 Comdty|SI1 Comdty|TP1 Index|TU1 Comdty|UB1 Comdty,ops20,strict66
0.3793,0.2750,0.2987,380,AD1 Curncy|CF1 Index|CL1 Comdty|DF1 Comdty|EC1 Curncy|G 1 Comdty|GC1 Comdty|GX1 Index|JB1 Comdty|KW1 Comdty|LH1 Comdty|NV1 Curncy|PE1 Curncy|QS1 Comdty|SI1 Comdty|SM1 Index|TP1 Index|TY1 Comdty|UB1 Comdty|UXY1 Comdty,ops20,strict66
0.2491,0.1420,-0.4261,381,C 1 Comdty|DU1 Comdty|EO1 Index|HG1 Comdty|HO1 Comdty|JY1 Curncy|NO1 Index|NQ1 Index|NV1 Curncy|PA1 Comdty|PE1 Curncy|RTY1 Index|RX1 Comdty|S 1 Comdty|SF1 Curncy|SFI5 Comdty|UXY1 Comdty|W 1 Comdty|WN1 Comdty|XB1 Comdty,ops20,strict66
0.2526,0.1258,-0.0148,382,BP1 Curncy|CC1 Comdty|CD1 Curncy|ES1 Index|HO1 Comdty|LC1 Comdty|PE1 Curncy|PL1 Comdty|QS1 Comdty|RS1 Comdty|RTY1 Index|SF1 Curncy|SI1 Comdty|SM1 Index|TY1 Comdty|UB1 Comdty|US1 Comdty|UXY1 Comdty|WN1 Comdty|Z 1 Index,ops20,strict66
0.2826,0.0438,-0.0453,383,AD1 Curncy|CT1 Comdty|DU1 Comdty|EC1 Curncy|EO1 Index|FC1 Comdty|FV1 Comdty|HO1 Comdty|JY1 Curncy|NG1 Comdty|NV1 Curncy|PL1 Comdty|QW1 Comdty|RTY1 Index|RX1 Comdty|SI1 Comdty|TP1 Index|TU1 Comdty|UXY1 Comdty|VG1 Index,ops20,strict66
0.4806,0.3349,-0.1188,384,AD1 Curncy|BP1 Curncy|CD1 Curncy|CO1 Comdty|CT1 Comdty|EC1 Curncy|EO1 Index|FV1 Comdty|IK1 Comdty|LC1 Comdty|MES1 Index|NG1 Comdty|PA1 Comdty|QC1 Comdty|RX1 Comdty|SFI5 Comdty|SI1 Comdty|TP1 Index|UXY1 Comdty|Z 1 Index,ops20,strict66
0.4787,0.2930,-0.2785,385,CD1 Curncy|CL1 Comdty|DM1 Index|EC1 Curncy|EO1 Index|ER4 Comdty|FC1 Comdty|G 1 Comdty|JY1 Curncy|LC1 Comdty|NQ1 Index|NV1 Curncy|PA1 Comdty|RX1 Comdty|S 1 Comdty|SFI5 Comdty|SFR5 Comdty|SI1 Comdty|VG1 Index|XB1 Comdty,ops20,strict66
0.4474,0.2369,-0.5014,386,AD1 Curncy|CD1 Curncy|DM1 Index|EC1 Curncy|EO1 Index|FC1 Comdty|FV1 Comdty|G 1 Comdty|HO1 Comdty|IK1 Comdty|NG1 Comdty|NQ1 Index|NV1 Curncy|PA1 Comdty|RX1 Comdty|S 1 Comdty|SFI5 Comdty|SI1 Comdty|SM1 Comdty|TP1 Index,ops20,strict66
0.4123,0.2649,-0.5117,387,AD1 Curncy|BO1 Comdty|CO1 Comdty|HG1 Comdty|HO1 Comdty|JB1 Comdty|JY1 Curncy|MES1 Index|NQ1 Index|OAT1 Comdty|PE1 Curncy|QW1 Comdty|RS1 Comdty|SF1 Curncy|SFI5 Comdty|SI1 Comdty|SM1 Index|TP1 Index|TY1 Comdty|UXY1 Comdty,ops20,strict66
0.1358,0.0472,-0.3073,388,BP1 Curncy|CL1 Comdty|DF1 Comdty|DU1 Comdty|GC1 Comdty|GX1 Index|HO1 Comdty|NO1 Index|NV1 Curncy|PE1 Curncy|PL1 Comdty|RTY1 Index|SB1 Comdty|SF1 Curncy|SFI5 Comdty|SM1 Comdty|TY1 Comdty|UB1 Comdty|WN1 Comdty|Z 1 Index,ops20,strict66
0.5573,0.5098,-0.1047,389,AD1 Curncy|CO1 Comdty|DM1 Index|ES1 Index|FV1 Comdty|GX1 Index|HG1 Comdty|JY1 Curncy|LH1 Comdty|NG1 Comdty|NO1 Index|PA1 Comdty|PE1 Curncy|QC1 Comdty|S 1 Comdty|SF1 Curncy|SFI5 Comdty|SFR5 Comdty|TY1 Comdty|UB1 Comdty,ops20,strict66
0.3625,0.2122,-0.3976,390,CL1 Comdty|DF1 Comdty|DM1 Index|ER4 Comdty|G 1 Comdty|GX1 Index|IK1 Comdty|JB1 Comdty|JY1 Curncy|NO1 Index|NV1 Curncy|PA1 Comdty|PE1 Curncy|QS1 Comdty|RTY1 Index|S 1 Comdty|SB1 Comdty|SF1 Curncy|SI1 Comdty|TY1 Comdty,ops20,strict66
0.3355,0.1012,-0.7746,391,AD1 Curncy|BO1 Comdty|BP1 Curncy|CF1 Index|CO1 Comdty|EC1 Curncy|ES1 Index|G 1 Comdty|HG1 Comdty|JB1 Comdty|JY1 Curncy|KW1 Comdty|LH1 Comdty|NG1 Comdty|NQ1 Index|PL1 Comdty|RTY1 Index|RX1 Comdty|UB1 Comdty|WN1 Comdty,ops20,strict66
0.4923,0.4162,0.7133,392,AD1 Curncy|CC1 Comdty|CD1 Curncy|CL1 Comdty|CO1 Comdty|CT1 Comdty|FV1 Comdty|GC1 Comdty|GX1 Index|IK1 Comdty|LC1 Comdty|MES1 Index|NQ1 Index|NV1 Curncy|OE1 Comdty|PE1 Curncy|SI1 Comdty|TP1 Index|TU1 Comdty|TY1 Comdty,ops20,strict66
0.2401,-0.0879,-0.7922,393,CF1 Index|CL1 Comdty|DU1 Comdty|EC1 Curncy|EO1 Index|IK1 Comdty|JY1 Curncy|KW1 Comdty|MES1 Index|NG1 Comdty|OE1 Comdty|PA1 Comdty|PE1 Curncy|RTY1 Index|RX1 Comdty|S 1 Comdty|SB1 Comdty|SF1 Curncy|SI1 Comdty|UB1 Comdty,ops20,strict66
0.3985,0.2307,0.2618,394,AD1 Curncy|BO1 Comdty|CD1 Curncy|CO1 Comdty|ER4 Comdty|G 1 Comdty|GC1 Comdty|GX1 Index|JY1 Curncy|KC1 Comdty|LC1 Comdty|PE1 Curncy|QS1 Comdty|RTY1 Index|SI1 Comdty|TP1 Index|TU1 Comdty|US1 Comdty|WN1 Comdty|Z 1 Index,ops20,strict66
0.5391,0.2954,-0.1429,395,BO1 Comdty|BP1 Curncy|CO1 Comdty|DM1 Index|EO1 Index|G 1 Comdty|GC1 Comdty|JY1 Curncy|LC1 Comdty|NO1 Index|NQ1 Index|OAT1 Comdty|OE1 Comdty|PA1 Comdty|PE1 Curncy|RX1 Comdty|SB1 Comdty|SF1 Curncy|UXY1 Comdty|XB1 Comdty,ops20,strict66
0.0905,-0.1446,-0.6197,396,BO1 Comdty|CD1 Curncy|CF1 Index|CL1 Comdty|CT1 Comdty|EC1 Curncy|G 1 Comdty|HG1 Comdty|IK1 Comdty|JY1 Curncy|NG1 Comdty|NO1 Index|OAT1 Comdty|PL1 Comdty|SF1 Curncy|SM1 Index|TU1 Comdty|US1 Comdty|W 1 Comdty|Z 1 Index,ops20,strict66
0.1807,0.0148,-0.6503,397,BO1 Comdty|CD1 Curncy|CF1 Index|EC1 Curncy|GC1 Comdty|GX1 Index|HO1 Comdty|MES1 Index|NV1 Curncy|OAT1 Comdty|PA1 Comdty|RTY1 Index|RX1 Comdty|SF1 Curncy|SM1 Comdty|TU1 Comdty|UB1 Comdty|UXY1 Comdty|W 1 Comdty|XB1 Comdty,ops20,strict66
0.3328,0.2426,-0.6529,398,AD1 Curncy|BP1 Curncy|CL1 Comdty|DU1 Comdty|EC1 Curncy|G 1 Comdty|GX1 Index|JY1 Curncy|LH1 Comdty|MES1 Index|NG1 Comdty|NQ1 Index|OAT1 Comdty|PA1 Comdty|PL1 Comdty|QW1 Comdty|SM1 Comdty|TP1 Index|TU1 Comdty|WN1 Comdty,ops20,strict66
0.4932,0.3558,-0.0030,399,BP1 Curncy|CC1 Comdty|CO1 Comdty|CT1 Comdty|DM1 Index|EC1 Curncy|EO1 Index|FV1 Comdty|GC1 Comdty|NG1 Comdty|NV1 Curncy|OAT1 Comdty|PA1 Comdty|RS1 Comdty|RX1 Comdty|SF1 Curncy|SFR5 Comdty|SM1 Index|UXY1 Comdty|Z 1 Index,ops20,strict66
0.2426,0.0073,-1.3499,0,BO1 Comdty|BP1 Curncy|CD1 Curncy|CN1 Comdty|CUA1 Comdty|DM1 Index|DU1 Comdty|HC1 Index|HG1 Comdty|JGS1 Index|NO1 Curncy|OAT1 Comdty|OE1 Comdty|PA1 Comdty|QC1 Comdty|SF1 Curncy|SFI5 Comdty|SM1 Comdty|XB1 Comdty|XP1 Index,ops20,all84
0.4081,0.3176,-1.3093,1,BP1 Curncy|CN1 Comdty|CO1 Comdty|CUA1 Comdty|DF1 Comdty|DU1 Comdty|EC1 Curncy|FV1 Comdty|G 1 Comdty|HG1 Comdty|HI1 Index|NV1 Curncy|QC1 Index|RS1 Comdty|RTY1 Index|SCO1 Comdty|SF1 Curncy|SFR5 Comdty|SM1 Comdty|VG1 Index,ops20,all84
0.3091,0.2065,-0.6347,2,AD1 Curncy|CA1 Comdty|CD1 Curncy|CF1 Index|CL1 Comdty|EC1 Curncy|FV1 Comdty|HG1 Comdty|IK1 Comdty|KC1 Comdty|KW1 Comdty|NO1 Curncy|NQ1 Index|OAT1 Comdty|PA1 Comdty|RX1 Comdty|TP1 Index|WN1 Comdty|XB1 Comdty|XU1 Index,ops20,all84
0.6962,0.4690,-0.5668,3,AD1 Curncy|BP1 Curncy|CD1 Curncy|CUA1 Comdty|ES1 Index|FC1 Comdty|IK1 Comdty|IR4 Comdty|OAT1 Comdty|OE1 Comdty|PL1 Comdty|PT1 Index|QS1 Comdty|RS1 Comdty|SB1 Comdty|SCO1 Comdty|SF1 Curncy|TWT1 Index|US1 Comdty|VG1 Index,ops20,all84
0.2870,-0.0127,-1.0581,4,BP1 Curncy|CN1 Comdty|CUA1 Comdty|GX1 Index|HC1 Index|HG1 Comdty|IJ1 Comdty|IK1 Comdty|JGS1 Index|NG1 Comdty|NO1 Curncy|PL1 Comdty|QC1 Comdty|SE1 Curncy|SF1 Curncy|SFI5 Comdty|SFR5 Comdty|SM1 Comdty|UB1 Comdty|Z 1 Index,ops20,all84
0.5630,0.5209,0.4997,5,AD1 Curncy|BP1 Curncy|CC1 Comdty|CO1 Comdty|EC1 Curncy|ES1 Index|FV1 Comdty|GC1 Comdty|HG1 Comdty|JB1 Comdty|JGS1 Index|MWE1 Comdty|NG1 Comdty|NO1 Index|NV1 Curncy|OE1 Comdty|QC1 Comdty|SFI5 Comdty|TWT1 Index|UXY1 Comdty,ops20,all84
0.3099,0.2405,-0.8880,6,AD1 Curncy|CC1 Comdty|CUA1 Comdty|DM1 Index|EO1 Index|ER4 Comdty|FV1 Comdty|HO1 Comdty|NO1 Curncy|NV1 Curncy|OE1 Comdty|PL1 Comdty|QW1 Comdty|RX1 Comdty|S 1 Comdty|SCO1 Comdty|SF1 Curncy|TP1 Index|TY1 Comdty|XP1 Index,ops20,all84
0.2981,0.1661,-1.3839,7,BO1 Comdty|BP1 Curncy|CF1 Index|CUA1 Comdty|DF1 Comdty|FV1 Comdty|HG1 Comdty|IK1 Comdty|JB1 Comdty|JGS1 Index|NO1 Curncy|NV1 Curncy|SCO1 Comdty|SF1 Curncy|US1 Comdty|UXY1 Comdty|VG1 Index|W 1 Comdty|XB1 Comdty|XU1 Index,ops20,all84
0.2489,0.1149,-0.5749,8,CD1 Curncy|CL1 Comdty|EO1 Index|FC1 Comdty|HI1 Index|IJ1 Comdty|JB1 Comdty|LH1 Comdty|NG1 Comdty|NO1 Curncy|PA1 Comdty|PL1 Comdty|SE1 Curncy|SF1 Curncy|UB1 Comdty|US1 Comdty|WN1 Comdty|XM1 Comdty|XP1 Index|XU1 Index,ops20,all84
0.4624,0.3034,0.1092,9,BP1 Curncy|CC1 Comdty|CF1 Index|CL1 Comdty|CT1 Comdty|FV1 Comdty|GC1 Comdty|IJ1 Comdty|JY1 Curncy|MES1 Index|NO1 Curncy|OAT1 Comdty|QC1 Index|QS1 Comdty|RX1 Comdty|SE1 Curncy|SI1 Comdty|SM1 Index|TY1 Comdty|XM1 Comdty,ops20,all84
0.2715,0.0389,-0.8211,10,AD1 Curncy|CC1 Comdty|CD1 Curncy|CUA1 Comdty|DM1 Index|ER4 Comdty|HG1 Comdty|HO1 Comdty|IK1 Comdty|JB1 Comdty|NQ1 Index|NV1 Curncy|PL1 Comdty|QC1 Index|QW1 Comdty|RX1 Comdty|SF1 Curncy|SFI5 Comdty|W 1 Comdty|XU1 Index,ops20,all84
0.4227,0.2505,-0.4043,11,CD1 Curncy|CF1 Index|CUA1 Comdty|DF1 Comdty|DM1 Index|EO1 Index|FC1 Comdty|HC1 Index|HG1 Comdty|HO1 Comdty|JB1 Comdty|KW1 Comdty|NV1 Curncy|OAT1 Comdty|PE1 Curncy|SE1 Curncy|SFI5 Comdty|SFR5 Comdty|SI1 Comdty|TU1 Comdty,ops20,all84
0.3891,0.2704,0.0381,12,AD1 Curncy|BP1 Curncy|DU1 Comdty|FV1 Comdty|GC1 Comdty|HG1 Comdty|JB1 Comdty|JY1 Curncy|MES1 Index|MWE1 Comdty|NG1 Comdty|PE1 Curncy|PT1 Index|QS1 Comdty|RTY1 Index|S 1 Comdty|SM1 Comdty|SM1 Index|UXY1 Comdty|XM1 Comdty,ops20,all84
0.4536,0.1187,-0.5420,13,AD1 Curncy|BO1 Comdty|BP1 Curncy|CUA1 Comdty|EC1 Curncy|HO1 Comdty|KC1 Comdty|MES1 Index|MWE1 Comdty|NO1 Index|OE1 Comdty|PA1 Comdty|RX1 Comdty|SF1 Curncy|SI1 Comdty|SM1 Index|TP1 Index|UB1 Comdty|UXY1 Comdty|XM1 Comdty,ops20,all84
0.1807,-0.0245,-0.5267,14,AD1 Curncy|DF1 Comdty|DM1 Index|G 1 Comdty|GX1 Index|HG1 Comdty|IK1 Comdty|JB1 Comdty|KC1 Comdty|NG1 Comdty|NQ1 Index|NV1 Curncy|OE1 Comdty|PE1 Curncy|PL1 Comdty|QW1 Comdty|SF1 Curncy|SFI5 Comdty|TP1 Index|XB1 Comdty,ops20,all84
0.3663,0.1921,-0.2645,15,AD1 Curncy|BP1 Curncy|CN1 Comdty|CT1 Comdty|CUA1 Comdty|EC1 Curncy|EO1 Index|FV1 Comdty|GC1 Comdty|HC1 Index|JB1 Comdty|KW1 Comdty|OAT1 Comdty|PA1 Comdty|QC1 Index|QW1 Comdty|SF1 Curncy|UB1 Comdty|VG1 Index|XB1 Comdty,ops20,all84
0.6820,0.5747,-0.9371,16,BP1 Curncy|CUA1 Comdty|DF1 Comdty|EC1 Curncy|ER4 Comdty|FV1 Comdty|HG1 Comdty|HI1 Index|IJ1 Comdty|IK1 Comdty|NG1 Comdty|NO1 Curncy|NQ1 Index|NV1 Curncy|SCO1 Comdty|TP1 Index|TU1 Comdty|TWT1 Index|UB1 Comdty|W 1 Comdty,ops20,all84
0.6133,0.5773,-0.7946,17,CT1 Comdty|CUA1 Comdty|DM1 Index|EC1 Curncy|EO1 Index|FV1 Comdty|JY1 Curncy|KW1 Comdty|MES1 Index|NO1 Curncy|NQ1 Index|NV1 Curncy|PA1 Comdty|QW1 Comdty|RX1 Comdty|SCO1 Comdty|SFR5 Comdty|TU1 Comdty|UB1 Comdty|XB1 Comdty,ops20,all84
0.1877,0.1232,-0.8522,18,AD1 Curncy|C 1 Comdty|CD1 Curncy|CF1 Index|CL1 Comdty|CN1 Comdty|EO1 Index|GX1 Index|HG1 Comdty|HI1 Index|IK1 Comdty|LH1 Comdty|NO1 Curncy|OAT1 Comdty|PA1 Comdty|PE1 Curncy|QS1 Comdty|RX1 Comdty|S 1 Comdty|UB1 Comdty,ops20,all84
0.5874,0.2909,0.2345,19,AD1 Curncy|CUA1 Comdty|DF1 Comdty|DU1 Comdty|G 1 Comdty|GC1 Comdty|GX1 Index|JB1 Comdty|JY1 Curncy|KC1 Comdty|MES1 Index|NQ1 Index|PL1 Comdty|QS1 Comdty|RS1 Comdty|RX1 Comdty|SE1 Curncy|SF1 Curncy|TP1 Index|UB1 Comdty,ops20,all84
0.3943,0.0929,0.1035,20,AD1 Curncy|BP1 Curncy|CD1 Curncy|CO1 Comdty|DF1 Comdty|DU1 Comdty|ES1 Index|FC1 Comdty|JGS1 Index|NG1 Comdty|OE1 Comdty|PE1 Curncy|PL1 Comdty|QC1 Comdty|RX1 Comdty|SFR5 Comdty|SI1 Comdty|SM1 Index|UXY1 Comdty|VG1 Index,ops20,all84
0.4605,0.2969,-0.3225,21,BP1 Curncy|CA1 Comdty|CO1 Comdty|EC1 Curncy|ES1 Index|GX1 Index|HG1 Comdty|LH1 Comdty|NG1 Comdty|NQ1 Index|RX1 Comdty|SE1 Curncy|SF1 Curncy|SFR5 Comdty|SI1 Comdty|SM1 Comdty|TU1 Comdty|US1 Comdty|XM1 Comdty|Z 1 Index,ops20,all84
0.6047,0.4595,0.4100,22,AD1 Curncy|CA1 Comdty|CD1 Curncy|CO1 Comdty|DM1 Index|ES1 Index|FC1 Comdty|FV1 Comdty|G 1 Comdty|GC1 Comdty|HC1 Index|HG1 Comdty|HO1 Comdty|NV1 Curncy|OE1 Comdty|QC1 Comdty|SE1 Curncy|SFI5 Comdty|TP1 Index|UB1 Comdty,ops20,all84
0.5450,0.4313,-0.6538,23,BO1 Comdty|CD1 Curncy|CL1 Comdty|CN1 Comdty|EO1 Index|GC1 Comdty|JGS1 Index|JY1 Curncy|KC1 Comdty|NG1 Comdty|NO1 Curncy|NQ1 Index|PE1 Curncy|RX1 Comdty|SB1 Comdty|SCO1 Comdty|SFI5 Comdty|WN1 Comdty|XM1 Comdty|XU1 Index,ops20,all84
0.7629,0.5950,-0.2162,24,AD1 Curncy|BP1 Curncy|CN1 Comdty|CUA1 Comdty|DM1 Index|DU1 Comdty|EC1 Curncy|G 1 Comdty|GC1 Comdty|JB1 Comdty|JY1 Curncy|KW1 Comdty|LH1 Comdty|NG1 Comdty|RS1 Comdty|SCO1 Comdty|TWT1 Index|VG1 Index|WN1 Comdty|XU1 Index,ops20,all84
0.3697,0.2676,-0.9410,25,BP1 Curncy|CD1 Curncy|DM1 Index|EC1 Curncy|ER4 Comdty|HG1 Comdty|HI1 Index|IJ1 Comdty|IK1 Comdty|LC1 Comdty|NG1 Comdty|PA1 Comdty|PE1 Curncy|QS1 Comdty|SFI5 Comdty|SM1 Index|UXY1 Comdty|W 1 Comdty|WN1 Comdty|Z 1 Index,ops20,all84
0.5254,0.5619,-0.4035,26,CA1 Comdty|CF1 Index|CT1 Comdty|G 1 Comdty|HI1 Index|IR4 Comdty|JY1 Curncy|NG1 Comdty|NV1 Curncy|PA1 Comdty|PE1 Curncy|QS1 Comdty|RX1 Comdty|SCO1 Comdty|SE1 Curncy|TP1 Index|TY1 Comdty|UB1 Comdty|W 1 Comdty|XP1 Index,ops20,all84
0.6823,0.5345,-0.5653,27,BO1 Comdty|C 1 Comdty|CN1 Comdty|CUA1 Comdty|EC1 Curncy|FC1 Comdty|IK1 Comdty|IR4 Comdty|JY1 Curncy|NV1 Curncy|OE1 Comdty|PA1 Comdty|QS1 Comdty|RTY1 Index|SCO1 Comdty|SF1 Curncy|TU1 Comdty|TWT1 Index|XP1 Index|XU1 Index,ops20,all84
0.4484,0.5000,-0.6257,28,CN1 Comdty|GX1 Index|HC1 Index|HO1 Comdty|JB1 Comdty|JY1 Curncy|MWE1 Comdty|NQ1 Index|PA1 Comdty|PE1 Curncy|PT1 Index|QW1 Comdty|S 1 Comdty|SCO1 Comdty|SE1 Curncy|SF1 Curncy|UB1 Comdty|UXY1 Comdty|XB1 Comdty|XM1 Comdty,ops20,all84
0.4620,0.4664,-0.8133,29,BP1 Curncy|CA1 Comdty|CD1 Curncy|CO1 Comdty|DU1 Comdty|HC1 Index|HG1 Comdty|HI1 Index|JGS1 Index|KW1 Comdty|LH1 Comdty|NG1 Comdty|NV1 Curncy|OE1 Comdty|PE1 Curncy|PT1 Index|SCO1 Comdty|SFR5 Comdty|TY1 Comdty|UB1 Comdty,ops20,all84
0.0277,-0.0658,-0.5548,30,CD1 Curncy|EC1 Curncy|EO1 Index|GX1 Index|HC1 Index|HG1 Comdty|HO1 Comdty|KW1 Comdty|LC1 Comdty|OAT1 Comdty|PE1 Curncy|PL1 Comdty|QS1 Comdty|RX1 Comdty|SF1 Curncy|TU1 Comdty|UXY1 Comdty|W 1 Comdty|XM1 Comdty|XP1 Index,ops20,all84
0.3333,0.0848,0.1164,31,CL1 Comdty|CT1 Comdty|DF1 Comdty|DU1 Comdty|EC1 Curncy|FV1 Comdty|GC1 Comdty|HC1 Index|JGS1 Index|KW1 Comdty|MES1 Index|NG1 Comdty|NV1 Curncy|OAT1 Comdty|OE1 Comdty|PE1 Curncy|SF1 Curncy|SI1 Comdty|TP1 Index|UB1 Comdty,ops20,all84
0.6580,0.4814,-1.1298,32,BP1 Curncy|CD1 Curncy|CO1 Comdty|CT1 Comdty|CUA1 Comdty|DM1 Index|EC1 Curncy|IJ1 Comdty|IK1 Comdty|JGS1 Index|JY1 Curncy|KW1 Comdty|MES1 Index|PL1 Comdty|SCO1 Comdty|SFI5 Comdty|SM1 Index|TY1 Comdty|UB1 Comdty|XM1 Comdty,ops20,all84
0.1618,0.1098,-0.9689,33,BP1 Curncy|C 1 Comdty|CD1 Curncy|CF1 Index|CL1 Comdty|DM1 Index|FV1 Comdty|HO1 Comdty|IJ1 Comdty|JB1 Comdty|JY1 Curncy|PA1 Comdty|PL1 Comdty|QC1 Index|RX1 Comdty|SE1 Curncy|SFI5 Comdty|SM1 Comdty|VG1 Index|XM1 Comdty,ops20,all84
0.4110,0.1974,0.3580,34,AD1 Curncy|CD1 Curncy|CO1 Comdty|ES1 Index|G 1 Comdty|GC1 Comdty|GX1 Index|JY1 Curncy|KC1 Comdty|KW1 Comdty|MWE1 Comdty|PE1 Curncy|RTY1 Index|SFR5 Comdty|SI1 Comdty|UB1 Comdty|US1 Comdty|WN1 Comdty|XB1 Comdty|XP1 Index,ops20,all84
0.4622,0.1973,-0.8712,35,CC1 Comdty|CF1 Index|CN1 Comdty|CUA1 Comdty|DU1 Comdty|EC1 Curncy|HO1 Comdty|IJ1 Comdty|IK1 Comdty|MES1 Index|NO1 Curncy|SCO1 Comdty|SE1 Curncy|SF1 Curncy|SFI5 Comdty|SI1 Comdty|SM1 Comdty|SM1 Index|TWT1 Index|XM1 Comdty,ops20,all84
0.5936,0.3487,-0.0197,36,AD1 Curncy|BP1 Curncy|CC1 Comdty|CL1 Comdty|CUA1 Comdty|DM1 Index|EC1 Curncy|ES1 Index|FC1 Comdty|G 1 Comdty|GC1 Comdty|IR4 Comdty|JGS1 Index|NV1 Curncy|OE1 Comdty|PL1 Comdty|SB1 Comdty|SFI5 Comdty|SFR5 Comdty|VG1 Index,ops20,all84
0.2335,-0.0745,-0.4655,37,CD1 Curncy|CF1 Index|CN1 Comdty|CO1 Comdty|CT1 Comdty|DU1 Comdty|FC1 Comdty|HG1 Comdty|JB1 Comdty|JY1 Curncy|MES1 Index|NG1 Comdty|NV1 Curncy|PL1 Comdty|PT1 Index|RX1 Comdty|SB1 Comdty|SE1 Curncy|UB1 Comdty|Z 1 Index,ops20,all84
0.1086,0.0043,-0.1643,38,AD1 Curncy|BO1 Comdty|CA1 Comdty|CF1 Index|CL1 Comdty|CT1 Comdty|DU1 Comdty|GC1 Comdty|GX1 Index|HC1 Index|HO1 Comdty|IR4 Comdty|NO1 Curncy|NV1 Curncy|OE1 Comdty|PL1 Comdty|RX1 Comdty|SF1 Curncy|SFR5 Comdty|VG1 Index,ops20,all84
0.2502,0.0336,-0.8528,39,BP1 Curncy|CT1 Comdty|EO1 Index|ER4 Comdty|HI1 Index|KW1 Comdty|NG1 Comdty|NV1 Curncy|OAT1 Comdty|PA1 Comdty|QS1 Comdty|QW1 Comdty|RTY1 Index|RX1 Comdty|SE1 Curncy|SF1 Curncy|SFI5 Comdty|SI1 Comdty|VG1 Index|WN1 Comdty,ops20,all84
0.4039,0.0917,0.1208,40,AD1 Curncy|CC1 Comdty|CF1 Index|CL1 Comdty|CUA1 Comdty|EC1 Curncy|FV1 Comdty|G 1 Comdty|GC1 Comdty|JB1 Comdty|JY1 Curncy|NO1 Curncy|QC1 Comdty|QC1 Index|RTY1 Index|RX1 Comdty|SI1 Comdty|SM1 Comdty|UB1 Comdty|XP1 Index,ops20,all84
0.2229,-0.0312,-0.8639,41,CF1 Index|CL1 Comdty|DU1 Comdty|EC1 Curncy|ER4 Comdty|ES1 Index|FV1 Comdty|HC1 Index|IJ1 Comdty|JB1 Comdty|JY1 Curncy|NG1 Comdty|NV1 Curncy|PE1 Curncy|PL1 Comdty|RS1 Comdty|SB1 Comdty|SI1 Comdty|UXY1 Comdty|Z 1 Index,ops20,all84
0.6276,0.4061,0.6612,42,C 1 Comdty|CC1 Comdty|EC1 Curncy|EO1 Index|ER4 Comdty|FV1 Comdty|GC1 Comdty|HC1 Index|IK1 Comdty|JB1 Comdty|JY1 Curncy|LC1 Comdty|NG1 Comdty|NO1 Curncy|NQ1 Index|PE1 Curncy|PT1 Index|QS1 Comdty|SI1 Comdty|UB1 Comdty,ops20,all84
0.4771,0.3868,0.4684,43,AD1 Curncy|CC1 Comdty|CUA1 Comdty|GC1 Comdty|HG1 Comdty|HI1 Index|HO1 Comdty|IK1 Comdty|JB1 Comdty|KW1 Comdty|NO1 Index|NV1 Curncy|OAT1 Comdty|QC1 Comdty|SE1 Curncy|SF1 Curncy|TWT1 Index|TY1 Comdty|WN1 Comdty|XU1 Index,ops20,all84
0.2900,0.0846,-0.9138,44,BO1 Comdty|BP1 Curncy|CD1 Curncy|CO1 Comdty|DF1 Comdty|DM1 Index|HG1 Comdty|HI1 Index|IJ1 Comdty|JB1 Comdty|NO1 Curncy|NQ1 Index|NV1 Curncy|OE1 Comdty|RTY1 Index|RX1 Comdty|SFI5 Comdty|SI1 Comdty|UB1 Comdty|XB1 Comdty,ops20,all84
0.2692,0.1176,-0.1730,45,AD1 Curncy|CT1 Comdty|DM1 Index|DU1 Comdty|ER4 Comdty|ES1 Index|HG1 Comdty|HO1 Comdty|IJ1 Comdty|LC1 Comdty|NO1 Curncy|NV1 Curncy|QS1 Comdty|SF1 Curncy|SI1 Comdty|TP1 Index|TY1 Comdty|UB1 Comdty|UXY1 Comdty|VG1 Index,ops20,all84
0.4883,0.5099,-0.7423,46,BP1 Curncy|C 1 Comdty|CD1 Curncy|FV1 Comdty|G 1 Comdty|HC1 Index|MES1 Index|NG1 Comdty|NO1 Index|OAT1 Comdty|PA1 Comdty|PT1 Index|QS1 Comdty|RS1 Comdty|SB1 Comdty|SCO1 Comdty|SE1 Curncy|SF1 Curncy|TY1 Comdty|WN1 Comdty,ops20,all84
0.3628,0.0905,-0.5306,47,CD1 Curncy|CO1 Comdty|DU1 Comdty|ES1 Index|FC1 Comdty|HG1 Comdty|HI1 Index|IJ1 Comdty|NO1 Curncy|NQ1 Index|OAT1 Comdty|OE1 Comdty|PE1 Curncy|PL1 Comdty|QC1 Index|RS1 Comdty|SF1 Curncy|SFR5 Comdty|UXY1 Comdty|XB1 Comdty,ops20,all84
0.3986,0.1651,-0.7164,48,AD1 Curncy|BO1 Comdty|CA1 Comdty|CD1 Curncy|CN1 Comdty|CUA1 Comdty|ER4 Comdty|HC1 Index|IJ1 Comdty|MES1 Index|NO1 Curncy|NQ1 Index|NV1 Curncy|PL1 Comdty|QC1 Index|QS1 Comdty|SI1 Comdty|UB1 Comdty|UXY1 Comdty|WN1 Comdty,ops20,all84
0.3895,0.2350,-0.7316,49,BP1 Curncy|CO1 Comdty|EO1 Index|ER4 Comdty|HO1 Comdty|IR4 Comdty|KW1 Comdty|NO1 Curncy|NO1 Index|NV1 Curncy|RS1 Comdty|RX1 Comdty|SCO1 Comdty|SF1 Curncy|SI1 Comdty|SM1 Index|TU1 Comdty|VG1 Index|W 1 Comdty|WN1 Comdty,ops20,all84
0.2435,0.1200,-0.4891,50,AD1 Curncy|CL1 Comdty|CT1 Comdty|DU1 Comdty|EC1 Curncy|ES1 Index|HG1 Comdty|HI1 Index|JGS1 Index|KC1 Comdty|NO1 Index|OE1 Comdty|PA1 Comdty|PE1 Curncy|SF1 Curncy|SFI5 Comdty|SFR5 Comdty|W 1 Comdty|XB1 Comdty|XM1 Comdty,ops20,all84
0.3397,0.3875,-0.5364,51,AD1 Curncy|CD1 Curncy|CO1 Comdty|CT1 Comdty|DF1 Comdty|EC1 Curncy|HG1 Comdty|HO1 Comdty|IR4 Comdty|JB1 Comdty|JGS1 Index|MES1 Index|NO1 Curncy|OAT1 Comdty|PA1 Comdty|PT1 Index|RS1 Comdty|RTY1 Index|WN1 Comdty|XM1 Comdty,ops20,all84
0.1946,0.0872,-0.7912,52,BO1 Comdty|CF1 Index|CN1 Comdty|CO1 Comdty|EC1 Curncy|ES1 Index|G 1 Comdty|IR4 Comdty|KW1 Comdty|NG1 Comdty|NO1 Curncy|PA1 Comdty|PL1 Comdty|QC1 Index|S 1 Comdty|SE1 Curncy|SF1 Curncy|SFR5 Comdty|TP1 Index|US1 Comdty,ops20,all84
0.1773,0.0245,-0.4087,53,CA1 Comdty|ER4 Comdty|ES1 Index|G 1 Comdty|HG1 Comdty|JY1 Curncy|NV1 Curncy|PE1 Curncy|PL1 Comdty|QC1 Index|QS1 Comdty|RTY1 Index|RX1 Comdty|S 1 Comdty|SF1 Curncy|TU1 Comdty|W 1 Comdty|XB1 Comdty|XM1 Comdty|Z 1 Index,ops20,all84
0.4322,0.4311,-0.1279,54,CC1 Comdty|CD1 Curncy|CN1 Comdty|CT1 Comdty|DU1 Comdty|EC1 Curncy|HC1 Index|HG1 Comdty|JB1 Comdty|JGS1 Index|JY1 Curncy|NO1 Curncy|PA1 Comdty|QS1 Comdty|RS1 Comdty|SFR5 Comdty|TP1 Index|UB1 Comdty|XB1 Comdty|XU1 Index,ops20,all84
0.3991,0.3209,-1.4409,55,AD1 Curncy|CN1 Comdty|CUA1 Comdty|DF1 Comdty|EC1 Curncy|G 1 Comdty|KW1 Comdty|NG1 Comdty|NO1 Curncy|OAT1 Comdty|PA1 Comdty|QC1 Index|QW1 Comdty|RTY1 Index|SCO1 Comdty|SE1 Curncy|US1 Comdty|XM1 Comdty|XP1 Index|XU1 Index,ops20,all84
0.2982,0.2626,-0.0675,56,AD1 Curncy|BP1 Curncy|CA1 Comdty|CC1 Comdty|CL1 Comdty|EC1 Curncy|G 1 Comdty|GX1 Index|HO1 Comdty|IR4 Comdty|JGS1 Index|KC1 Comdty|NO1 Curncy|OE1 Comdty|PA1 Comdty|PT1 Index|SI1 Comdty|TU1 Comdty|VG1 Index|XM1 Comdty,ops20,all84
0.6254,0.3857,0.0837,57,BO1 Comdty|CA1 Comdty|CD1 Curncy|CL1 Comdty|CUA1 Comdty|DU1 Comdty|G 1 Comdty|GC1 Comdty|HG1 Comdty|HI1 Index|JY1 Curncy|LH1 Comdty|NO1 Index|NQ1 Index|OE1 Comdty|PE1 Curncy|QC1 Index|RX1 Comdty|SF1 Curncy|XM1 Comdty,ops20,all84
0.1707,-0.1548,-0.4488,58,CL1 Comdty|CN1 Comdty|DU1 Comdty|FC1 Comdty|GX1 Index|JGS1 Index|JY1 Curncy|LH1 Comdty|NG1 Comdty|NV1 Curncy|OAT1 Comdty|PL1 Comdty|RX1 Comdty|S 1 Comdty|SE1 Curncy|SF1 Curncy|SI1 Comdty|US1 Comdty|XP1 Index|Z 1 Index,ops20,all84
0.2237,0.2564,-1.8130,59,BO1 Comdty|BP1 Curncy|CD1 Curncy|CF1 Index|CL1 Comdty|CO1 Comdty|EO1 Index|ER4 Comdty|G 1 Comdty|NV1 Curncy|PA1 Comdty|S 1 Comdty|SB1 Comdty|SCO1 Comdty|SE1 Curncy|SFI5 Comdty|SM1 Index|TY1 Comdty|WN1 Comdty|XP1 Index,ops20,all84
0.2819,0.2853,-0.6176,60,AD1 Curncy|CA1 Comdty|CL1 Comdty|CN1 Comdty|IR4 Comdty|JB1 Comdty|NV1 Curncy|PE1 Curncy|PL1 Comdty|PT1 Index|QC1 Index|S 1 Comdty|SB1 Comdty|SCO1 Comdty|SF1 Curncy|UB1 Comdty|UXY1 Comdty|VG1 Index|XB1 Comdty|XU1 Index,ops20,all84
0.3675,0.2016,0.4432,61,BP1 Curncy|C 1 Comdty|CC1 Comdty|G 1 Comdty|GC1 Comdty|HO1 Comdty|IK1 Comdty|KC1 Comdty|NO1 Index|NV1 Curncy|OAT1 Comdty|QS1 Comdty|SE1 Curncy|SF1 Curncy|SFR5 Comdty|SI1 Comdty|TP1 Index|VG1 Index|XM1 Comdty|XU1 Index,ops20,all84
0.3685,0.3826,0.5469,62,BP1 Curncy|CC1 Comdty|CL1 Comdty|CT1 Comdty|EC1 Curncy|FV1 Comdty|GC1 Comdty|GX1 Index|LH1 Comdty|NO1 Curncy|OE1 Comdty|PE1 Curncy|PL1 Comdty|QC1 Index|SM1 Index|TU1 Comdty|TWT1 Index|WN1 Comdty|XB1 Comdty|XM1 Comdty,ops20,all84
0.1390,0.0155,-0.9219,63,AD1 Curncy|BO1 Comdty|CD1 Curncy|CO1 Comdty|ER4 Comdty|G 1 Comdty|HG1 Comdty|HO1 Comdty|IJ1 Comdty|LC1 Comdty|NO1 Index|PL1 Comdty|RTY1 Index|SE1 Curncy|SF1 Curncy|SFI5 Comdty|SFR5 Comdty|SM1 Index|US1 Comdty|XP1 Index,ops20,all84
0.5982,0.2099,0.1278,64,CA1 Comdty|CD1 Curncy|CUA1 Comdty|ER4 Comdty|FC1 Comdty|HG1 Comdty|JY1 Curncy|NG1 Comdty|QC1 Comdty|QC1 Index|RX1 Comdty|SE1 Curncy|SF1 Curncy|SFR5 Comdty|SI1 Comdty|SM1 Index|UXY1 Comdty|VG1 Index|XM1 Comdty|XP1 Index,ops20,all84
0.1746,-0.0494,-0.3841,65,BO1 Comdty|CC1 Comdty|CD1 Curncy|CL1 Comdty|JGS1 Index|JY1 Curncy|NG1 Comdty|NO1 Curncy|NV1 Curncy|OAT1 Comdty|OE1 Comdty|PL1 Comdty|QC1 Index|RX1 Comdty|S 1 Comdty|SFR5 Comdty|SI1 Comdty|TP1 Index|TY1 Comdty|XP1 Index,ops20,all84
0.4542,0.1508,-0.7185,66,BO1 Comdty|BP1 Curncy|CUA1 Comdty|EC1 Curncy|FC1 Comdty|GX1 Index|NV1 Curncy|PA1 Comdty|PT1 Index|RTY1 Index|RX1 Comdty|S 1 Comdty|SE1 Curncy|SFI5 Comdty|SFR5 Comdty|SI1 Comdty|TY1 Comdty|UB1 Comdty|XB1 Comdty|Z 1 Index,ops20,all84
0.6008,0.4986,-0.0998,67,BO1 Comdty|BP1 Curncy|CO1 Comdty|EC1 Curncy|GC1 Comdty|HC1 Index|HO1 Comdty|IK1 Comdty|JY1 Curncy|NV1 Curncy|OE1 Comdty|QC1 Comdty|SCO1 Comdty|TWT1 Index|TY1 Comdty|UB1 Comdty|VG1 Index|W 1 Comdty|XM1 Comdty|XP1 Index,ops20,all84
0.2626,0.2428,0.1123,68,CC1 Comdty|CF1 Index|CL1 Comdty|EC1 Curncy|KW1 Comdty|MWE1 Comdty|NG1 Comdty|NO1 Index|NV1 Curncy|PE1 Curncy|PL1 Comdty|RTY1 Index|SE1 Curncy|SFI5 Comdty|SFR5 Comdty|SI1 Comdty|TU1 Comdty|TWT1 Index|US1 Comdty|UXY1 Comdty,ops20,all84
0.7461,0.5527,-0.1057,69,AD1 Curncy|CD1 Curncy|CL1 Comdty|CT1 Comdty|CUA1 Comdty|DM1 Index|FV1 Comdty|G 1 Comdty|GC1 Comdty|IJ1 Comdty|JB1 Comdty|JGS1 Index|JY1 Curncy|MWE1 Comdty|NO1 Index|OE1 Comdty|PE1 Curncy|SCO1 Comdty|SM1 Index|XM1 Comdty,ops20,all84
0.4748,0.4448,-0.2829,70,CA1 Comdty|CD1 Curncy|DM1 Index|EC1 Curncy|ER4 Comdty|ES1 Index|G 1 Comdty|GC1 Comdty|GX1 Index|HO1 Comdty|JB1 Comdty|MES1 Index|NG1 Comdty|NO1 Curncy|PA1 Comdty|QW1 Comdty|S 1 Comdty|SE1 Curncy|SFI5 Comdty|UB1 Comdty,ops20,all84
0.2698,0.3561,-1.2140,71,AD1 Curncy|CF1 Index|DU1 Comdty|EC1 Curncy|EO1 Index|ER4 Comdty|G 1 Comdty|HO1 Comdty|IJ1 Comdty|LC1 Comdty|NO1 Curncy|PA1 Comdty|QS1 Comdty|SCO1 Comdty|SE1 Curncy|TU1 Comdty|US1 Comdty|W 1 Comdty|XP1 Index|XU1 Index,ops20,all84
0.2859,0.3335,-0.5923,72,BP1 Curncy|CA1 Comdty|CD1 Curncy|CO1 Comdty|DF1 Comdty|EO1 Index|ER4 Comdty|ES1 Index|MES1 Index|NO1 Curncy|NV1 Curncy|OAT1 Comdty|OE1 Comdty|PA1 Comdty|PL1 Comdty|S 1 Comdty|TU1 Comdty|UXY1 Comdty|XB1 Comdty|XU1 Index,ops20,all84
0.2397,0.1701,-0.4690,73,AD1 Curncy|DM1 Index|G 1 Comdty|HC1 Index|HO1 Comdty|IR4 Comdty|JGS1 Index|JY1 Curncy|LC1 Comdty|MWE1 Comdty|NG1 Comdty|PA1 Comdty|PL1 Comdty|QW1 Comdty|SE1 Curncy|SF1 Curncy|SFR5 Comdty|UB1 Comdty|UXY1 Comdty|XP1 Index,ops20,all84
0.4619,0.1591,-0.2537,74,BP1 Curncy|C 1 Comdty|CD1 Curncy|CN1 Comdty|CO1 Comdty|DM1 Index|ER4 Comdty|FC1 Comdty|FV1 Comdty|IR4 Comdty|JY1 Curncy|KC1 Comdty|NG1 Comdty|NQ1 Index|OAT1 Comdty|PL1 Comdty|QC1 Index|SE1 Curncy|SI1 Comdty|XU1 Index,ops20,all84
0.1148,-0.0582,-0.5835,75,AD1 Curncy|BP1 Curncy|CN1 Comdty|EC1 Curncy|FC1 Comdty|FV1 Comdty|G 1 Comdty|HC1 Index|IR4 Comdty|LC1 Comdty|MES1 Index|NO1 Curncy|PL1 Comdty|QS1 Comdty|QW1 Comdty|RX1 Comdty|SI1 Comdty|VG1 Index|XB1 Comdty|XP1 Index,ops20,all84
0.2583,0.1251,-1.4256,76,CD1 Curncy|CF1 Index|CL1 Comdty|CUA1 Comdty|DF1 Comdty|EC1 Curncy|ER4 Comdty|ES1 Index|G 1 Comdty|HI1 Index|NO1 Curncy|NV1 Curncy|OE1 Comdty|PA1 Comdty|PL1 Comdty|QW1 Comdty|SFI5 Comdty|TY1 Comdty|W 1 Comdty|XU1 Index,ops20,all84
0.4512,0.3463,0.0686,77,BP1 Curncy|CL1 Comdty|DM1 Index|FV1 Comdty|GC1 Comdty|JY1 Curncy|KC1 Comdty|NV1 Curncy|PA1 Comdty|PT1 Index|QS1 Comdty|RTY1 Index|SF1 Curncy|SM1 Comdty|TU1 Comdty|TWT1 Index|UB1 Comdty|US1 Comdty|W 1 Comdty|XM1 Comdty,ops20,all84
0.4833,0.3329,0.0954,78,BO1 Comdty|CA1 Comdty|CO1 Comdty|DU1 Comdty|EC1 Curncy|ES1 Index|G 1 Comdty|GC1 Comdty|JB1 Comdty|LH1 Comdty|NO1 Curncy|NO1 Index|NV1 Curncy|OAT1 Comdty|PE1 Curncy|PL1 Comdty|PT1 Index|TP1 Index|XB1 Comdty|XM1 Comdty,ops20,all84
0.6465,0.5949,0.2993,79,CC1 Comdty|CD1 Curncy|CN1 Comdty|CUA1 Comdty|EC1 Curncy|FV1 Comdty|GC1 Comdty|IK1 Comdty|JB1 Comdty|JGS1 Index|MES1 Index|NO1 Index|NV1 Curncy|PA1 Comdty|PE1 Curncy|QC1 Comdty|QS1 Comdty|QW1 Comdty|SFR5 Comdty|SM1 Index,ops20,all84
0.2395,0.0555,-0.4672,80,BP1 Curncy|CC1 Comdty|CF1 Index|CL1 Comdty|DU1 Comdty|EC1 Curncy|G 1 Comdty|HC1 Index|IJ1 Comdty|JB1 Comdty|JY1 Curncy|MES1 Index|OAT1 Comdty|PL1 Comdty|QS1 Comdty|RTY1 Index|S 1 Comdty|SE1 Curncy|SI1 Comdty|WN1 Comdty,ops20,all84
0.3456,0.5338,-0.0538,81,BP1 Curncy|CC1 Comdty|CF1 Index|CL1 Comdty|CN1 Comdty|DF1 Comdty|DM1 Index|EO1 Index|FV1 Comdty|GC1 Comdty|HO1 Comdty|IR4 Comdty|JGS1 Index|NV1 Curncy|PA1 Comdty|PE1 Curncy|RS1 Comdty|SE1 Curncy|SFR5 Comdty|UXY1 Comdty,ops20,all84
0.6383,0.6952,-0.3579,82,BP1 Curncy|CF1 Index|DU1 Comdty|EC1 Curncy|FC1 Comdty|HO1 Comdty|JGS1 Index|JY1 Curncy|KC1 Comdty|MWE1 Comdty|NO1 Index|PA1 Comdty|PE1 Curncy|SCO1 Comdty|SFI5 Comdty|SFR5 Comdty|US1 Comdty|UXY1 Comdty|XB1 Comdty|XU1 Index,ops20,all84
0.1980,0.2196,-0.8864,83,BP1 Curncy|CF1 Index|DM1 Index|EO1 Index|ER4 Comdty|FV1 Comdty|HG1 Comdty|HO1 Comdty|IK1 Comdty|IR4 Comdty|KC1 Comdty|KW1 Comdty|NO1 Curncy|NV1 Curncy|PA1 Comdty|PT1 Index|QS1 Comdty|S 1 Comdty|SE1 Curncy|WN1 Comdty,ops20,all84
0.3885,0.3441,-0.6814,84,AD1 Curncy|BP1 Curncy|CC1 Comdty|DM1 Index|FC1 Comdty|IR4 Comdty|JGS1 Index|NG1 Comdty|NO1 Curncy|NV1 Curncy|PL1 Comdty|PT1 Index|QC1 Index|SB1 Comdty|SCO1 Comdty|SFI5 Comdty|TY1 Comdty|US1 Comdty|XB1 Comdty|XM1 Comdty,ops20,all84
0.4361,0.2905,-0.2062,85,AD1 Curncy|BP1 Curncy|CA1 Comdty|CN1 Comdty|EC1 Curncy|ES1 Index|G 1 Comdty|HO1 Comdty|IR4 Comdty|JY1 Curncy|KW1 Comdty|MES1 Index|NG1 Comdty|NO1 Index|PA1 Comdty|QC1 Index|RX1 Comdty|SI1 Comdty|SM1 Comdty|WN1 Comdty,ops20,all84
0.6214,0.5326,-1.0548,86,CO1 Comdty|EC1 Curncy|ES1 Index|HI1 Index|JB1 Comdty|JY1 Curncy|LH1 Comdty|MES1 Index|NG1 Comdty|NO1 Curncy|NV1 Curncy|OAT1 Comdty|OE1 Comdty|PA1 Comdty|RS1 Comdty|RX1 Comdty|S 1 Comdty|SCO1 Comdty|UB1 Comdty|XP1 Index,ops20,all84
0.1906,0.2122,-1.1387,87,AD1 Curncy|BO1 Comdty|BP1 Curncy|C 1 Comdty|DM1 Index|HG1 Comdty|HO1 Comdty|IK1 Comdty|IR4 Comdty|JGS1 Index|JY1 Curncy|NG1 Comdty|NO1 Curncy|S 1 Comdty|SCO1 Comdty|TU1 Comdty|VG1 Index|WN1 Comdty|XM1 Comdty|Z 1 Index,ops20,all84
0.5673,0.5199,-0.3638,88,BP1 Curncy|CD1 Curncy|CF1 Index|FV1 Comdty|GC1 Comdty|KC1 Comdty|NG1 Comdty|NO1 Index|NQ1 Index|NV1 Curncy|OE1 Comdty|PE1 Curncy|QW1 Comdty|RS1 Comdty|SCO1 Comdty|SFI5 Comdty|TP1 Index|TY1 Comdty|US1 Comdty|XB1 Comdty,ops20,all84
0.0105,-0.1174,-1.0814,89,AD1 Curncy|BO1 Comdty|CD1 Curncy|CL1 Comdty|CN1 Comdty|G 1 Comdty|HC1 Index|HG1 Comdty|IR4 Comdty|JGS1 Index|MWE1 Comdty|NV1 Curncy|OE1 Comdty|QS1 Comdty|QW1 Comdty|SE1 Curncy|SFI5 Comdty|SI1 Comdty|SM1 Index|Z 1 Index,ops20,all84
0.5154,0.4787,-0.8232,90,AD1 Curncy|CA1 Comdty|CO1 Comdty|DU1 Comdty|EO1 Index|ER4 Comdty|HG1 Comdty|HI1 Index|IJ1 Comdty|JB1 Comdty|JGS1 Index|JY1 Curncy|NO1 Curncy|OAT1 Comdty|PE1 Curncy|QS1 Comdty|SCO1 Comdty|SM1 Comdty|SM1 Index|US1 Comdty,ops20,all84
0.2246,0.0959,-0.2002,91,AD1 Curncy|BP1 Curncy|CL1 Comdty|DU1 Comdty|EO1 Index|GC1 Comdty|HI1 Index|HO1 Comdty|KC1 Comdty|MWE1 Comdty|NO1 Curncy|OE1 Comdty|QW1 Comdty|SE1 Curncy|SFI5 Comdty|SI1 Comdty|TWT1 Index|WN1 Comdty|XM1 Comdty|Z 1 Index,ops20,all84
0.4537,0.1793,-0.6106,92,BP1 Curncy|CD1 Curncy|DU1 Comdty|FC1 Comdty|G 1 Comdty|HC1 Index|JGS1 Index|JY1 Curncy|NV1 Curncy|PA1 Comdty|PT1 Index|QS1 Comdty|RX1 Comdty|SB1 Comdty|SFI5 Comdty|SFR5 Comdty|SI1 Comdty|SM1 Comdty|XB1 Comdty|XU1 Index,ops20,all84
0.3314,0.3003,-0.1444,93,BP1 Curncy|CF1 Index|CL1 Comdty|CO1 Comdty|CT1 Comdty|GC1 Comdty|GX1 Index|HC1 Index|HG1 Comdty|IK1 Comdty|IR4 Comdty|LC1 Comdty|LH1 Comdty|NV1 Curncy|PE1 Curncy|SF1 Curncy|SFI5 Comdty|US1 Comdty|UXY1 Comdty|XP1 Index,ops20,all84
0.3728,0.3641,-0.2137,94,AD1 Curncy|BP1 Curncy|CD1 Curncy|CL1 Comdty|DF1 Comdty|DU1 Comdty|ER4 Comdty|FC1 Comdty|HG1 Comdty|IJ1 Comdty|IR4 Comdty|NG1 Comdty|NO1 Index|OE1 Comdty|PA1 Comdty|PE1 Curncy|TWT1 Index|VG1 Index|WN1 Comdty|XU1 Index,ops20,all84
0.2566,0.2174,-0.9331,95,BO1 Comdty|BP1 Curncy|CD1 Curncy|CN1 Comdty|CO1 Comdty|DU1 Comdty|EO1 Index|HO1 Comdty|NO1 Curncy|NV1 Curncy|PL1 Comdty|PT1 Index|QC1 Comdty|QC1 Index|RS1 Comdty|RX1 Comdty|SCO1 Comdty|TY1 Comdty|UB1 Comdty|VG1 Index,ops20,all84
0.3265,0.2817,-0.1478,96,AD1 Curncy|BP1 Curncy|CL1 Comdty|DU1 Comdty|ES1 Index|G 1 Comdty|GC1 Comdty|HO1 Comdty|KW1 Comdty|LH1 Comdty|MES1 Index|NO1 Curncy|NO1 Index|PA1 Comdty|SF1 Curncy|SFI5 Comdty|TP1 Index|TY1 Comdty|W 1 Comdty|XM1 Comdty,ops20,all84
0.4913,0.3653,-0.2222,97,BP1 Curncy|FV1 Comdty|HO1 Comdty|IK1 Comdty|JY1 Curncy|LH1 Comdty|NG1 Comdty|NQ1 Index|NV1 Curncy|OAT1 Comdty|PA1 Comdty|PE1 Curncy|QC1 Comdty|QC1 Index|RX1 Comdty|S 1 Comdty|SI1 Comdty|US1 Comdty|XU1 Index|Z 1 Index,ops20,all84
0.3877,0.2160,-0.4298,98,C 1 Comdty|CO1 Comdty|EC1 Curncy|G 1 Comdty|HG1 Comdty|LH1 Comdty|MES1 Index|MWE1 Comdty|NO1 Curncy|NQ1 Index|NV1 Curncy|OE1 Comdty|SE1 Curncy|SFI5 Comdty|SI1 Comdty|SM1 Index|TWT1 Index|UB1 Comdty|XB1 Comdty|XM1 Comdty,ops20,all84
0.2384,0.0929,-1.2678,99,AD1 Curncy|BO1 Comdty|CD1 Curncy|CL1 Comdty|CO1 Comdty|DM1 Index|FC1 Comdty|FV1 Comdty|G 1 Comdty|HI1 Index|IR4 Comdty|NV1 Curncy|OE1 Comdty|PL1 Comdty|SCO1 Comdty|SE1 Curncy|SM1 Comdty|SM1 Index|UB1 Comdty|VG1 Index,ops20,all84
0.4664,0.3773,-0.8637,100,AD1 Curncy|CN1 Comdty|CO1 Comdty|CT1 Comdty|DM1 Index|DU1 Comdty|EO1 Index|G 1 Comdty|HG1 Comdty|IK1 Comdty|JY1 Curncy|MES1 Index|NG1 Comdty|NQ1 Index|PE1 Curncy|QW1 Comdty|RS1 Comdty|SCO1 Comdty|SF1 Curncy|TU1 Comdty,ops20,all84
0.2206,0.1386,-0.1201,101,AD1 Curncy|CL1 Comdty|CN1 Comdty|DM1 Index|DU1 Comdty|EO1 Index|GC1 Comdty|HG1 Comdty|KC1 Comdty|MES1 Index|MWE1 Comdty|NO1 Curncy|QS1 Comdty|SE1 Curncy|SF1 Curncy|SFR5 Comdty|TY1 Comdty|US1 Comdty|W 1 Comdty|XU1 Index,ops20,all84
0.3858,0.2426,-0.5994,102,BP1 Curncy|CD1 Curncy|CO1 Comdty|DU1 Comdty|EC1 Curncy|FC1 Comdty|IR4 Comdty|JB1 Comdty|JGS1 Index|MWE1 Comdty|PL1 Comdty|SB1 Comdty|SCO1 Comdty|SF1 Curncy|SFR5 Comdty|TP1 Index|UB1 Comdty|XB1 Comdty|XP1 Index|Z 1 Index,ops20,all84
0.5136,0.2737,-0.5191,103,BO1 Comdty|CUA1 Comdty|FV1 Comdty|GX1 Index|HG1 Comdty|HI1 Index|IK1 Comdty|JB1 Comdty|JY1 Curncy|KC1 Comdty|LC1 Comdty|NO1 Curncy|OAT1 Comdty|PE1 Curncy|PL1 Comdty|QS1 Comdty|SE1 Curncy|SFR5 Comdty|SM1 Index|XU1 Index,ops20,all84
0.4319,0.1691,-0.3223,104,AD1 Curncy|BP1 Curncy|CA1 Comdty|CD1 Curncy|CO1 Comdty|EC1 Curncy|ES1 Index|FV1 Comdty|HG1 Comdty|IK1 Comdty|JGS1 Index|KC1 Comdty|OE1 Comdty|SB1 Comdty|SI1 Comdty|TP1 Index|UB1 Comdty|UXY1 Comdty|XB1 Comdty|Z 1 Index,ops20,all84
0.4838,0.2803,-1.4494,105,AD1 Curncy|BO1 Comdty|CO1 Comdty|CUA1 Comdty|DU1 Comdty|EC1 Curncy|FV1 Comdty|HG1 Comdty|IR4 Comdty|NO1 Curncy|RTY1 Index|RX1 Comdty|SB1 Comdty|SCO1 Comdty|SE1 Curncy|SM1 Index|TWT1 Index|US1 Comdty|W 1 Comdty|XU1 Index,ops20,all84
0.3460,0.3282,-0.4914,106,BP1 Curncy|CD1 Curncy|CT1 Comdty|DM1 Index|EC1 Curncy|EO1 Index|ES1 Index|KW1 Comdty|NO1 Curncy|PA1 Comdty|PL1 Comdty|PT1 Index|QS1 Comdty|RS1 Comdty|RX1 Comdty|SFI5 Comdty|SFR5 Comdty|TU1 Comdty|UXY1 Comdty|XB1 Comdty,ops20,all84
0.2410,0.1959,-0.3157,107,AD1 Curncy|CD1 Curncy|CL1 Comdty|EO1 Index|IJ1 Comdty|JB1 Comdty|JY1 Curncy|NG1 Comdty|NO1 Curncy|NO1 Index|PA1 Comdty|PL1 Comdty|QC1 Comdty|S 1 Comdty|SFI5 Comdty|TU1 Comdty|UB1 Comdty|US1 Comdty|VG1 Index|XP1 Index,ops20,all84
0.4730,0.1170,-0.2102,108,CT1 Comdty|CUA1 Comdty|EC1 Curncy|FC1 Comdty|FV1 Comdty|GC1 Comdty|HI1 Index|NO1 Curncy|OE1 Comdty|PE1 Curncy|PL1 Comdty|QC1 Index|QS1 Comdty|RTY1 Index|RX1 Comdty|SF1 Curncy|SFI5 Comdty|SM1 Comdty|VG1 Index|XM1 Comdty,ops20,all84
0.5205,0.3569,0.2358,109,AD1 Curncy|CN1 Comdty|CT1 Comdty|EC1 Curncy|FC1 Comdty|FV1 Comdty|G 1 Comdty|GC1 Comdty|IJ1 Comdty|JGS1 Index|NO1 Curncy|NQ1 Index|PE1 Curncy|PL1 Comdty|QC1 Index|QS1 Comdty|SFR5 Comdty|TP1 Index|UXY1 Comdty|XB1 Comdty,ops20,all84
0.4335,0.4435,-0.1905,110,CD1 Curncy|CF1 Index|CN1 Comdty|CO1 Comdty|CT1 Comdty|GX1 Index|JB1 Comdty|JY1 Curncy|LH1 Comdty|NG1 Comdty|NV1 Curncy|PE1 Curncy|PL1 Comdty|QC1 Comdty|RTY1 Index|SCO1 Comdty|SFR5 Comdty|TY1 Comdty|VG1 Index|XM1 Comdty,ops20,all84
0.2796,0.1239,-1.1921,111,AD1 Curncy|CL1 Comdty|DM1 Index|FC1 Comdty|HC1 Index|IK1 Comdty|JGS1 Index|NO1 Curncy|NV1 Curncy|PA1 Comdty|PL1 Comdty|QW1 Comdty|RS1 Comdty|SE1 Curncy|SFI5 Comdty|SFR5 Comdty|SM1 Index|UB1 Comdty|XB1 Comdty|XM1 Comdty,ops20,all84
0.3477,0.3511,0.1721,112,AD1 Curncy|CA1 Comdty|CF1 Index|CN1 Comdty|ER4 Comdty|GC1 Comdty|HI1 Index|HO1 Comdty|NO1 Curncy|NQ1 Index|PE1 Curncy|PL1 Comdty|QC1 Comdty|QS1 Comdty|SB1 Comdty|SF1 Curncy|SFR5 Comdty|TU1 Comdty|US1 Comdty|XU1 Index,ops20,all84
0.3967,0.4895,0.2945,113,AD1 Curncy|CN1 Comdty|CT1 Comdty|DF1 Comdty|FV1 Comdty|GX1 Index|MWE1 Comdty|NO1 Index|NV1 Curncy|PA1 Comdty|PE1 Curncy|PL1 Comdty|PT1 Index|QS1 Comdty|SE1 Curncy|SFR5 Comdty|TWT1 Index|US1 Comdty|WN1 Comdty|XB1 Comdty,ops20,all84
0.4272,0.2604,-0.4144,114,BP1 Curncy|CD1 Curncy|DM1 Index|ER4 Comdty|ES1 Index|HC1 Index|HO1 Comdty|IK1 Comdty|KC1 Comdty|LC1 Comdty|NO1 Index|PE1 Curncy|PL1 Comdty|QS1 Comdty|RS1 Comdty|SE1 Curncy|SFI5 Comdty|SI1 Comdty|UB1 Comdty|XM1 Comdty,ops20,all84
0.4934,0.4076,-0.3486,115,AD1 Curncy|BP1 Curncy|CD1 Curncy|CN1 Comdty|CO1 Comdty|DF1 Comdty|FV1 Comdty|G 1 Comdty|HC1 Index|JB1 Comdty|JGS1 Index|JY1 Curncy|KW1 Comdty|MWE1 Comdty|QC1 Index|SCO1 Comdty|SFR5 Comdty|SI1 Comdty|SM1 Index|XB1 Comdty,ops20,all84
0.4491,0.4466,-0.9508,116,BP1 Curncy|CL1 Comdty|CO1 Comdty|DF1 Comdty|EC1 Curncy|ER4 Comdty|FV1 Comdty|GX1 Index|JGS1 Index|LC1 Comdty|NO1 Curncy|OAT1 Comdty|PA1 Comdty|PE1 Curncy|QC1 Index|RX1 Comdty|SB1 Comdty|SCO1 Comdty|UB1 Comdty|VG1 Index,ops20,all84
0.6377,0.4058,0.2344,117,CA1 Comdty|CUA1 Comdty|FC1 Comdty|FV1 Comdty|GC1 Comdty|HO1 Comdty|JY1 Curncy|KW1 Comdty|MES1 Index|NO1 Curncy|NO1 Index|OE1 Comdty|PE1 Curncy|PL1 Comdty|QC1 Index|RX1 Comdty|SE1 Curncy|TU1 Comdty|XM1 Comdty|XP1 Index,ops20,all84
0.4817,0.4944,-0.0903,118,C 1 Comdty|CD1 Curncy|DF1 Comdty|EC1 Curncy|G 1 Comdty|GC1 Comdty|HC1 Index|HO1 Comdty|KW1 Comdty|NG1 Comdty|NV1 Curncy|RTY1 Index|SCO1 Comdty|SE1 Curncy|TU1 Comdty|TWT1 Index|UB1 Comdty|UXY1 Comdty|WN1 Comdty|XU1 Index,ops20,all84
0.4942,0.5182,0.6746,119,AD1 Curncy|CC1 Comdty|CL1 Comdty|ER4 Comdty|G 1 Comdty|GC1 Comdty|HI1 Index|JY1 Curncy|NQ1 Index|NV1 Curncy|PE1 Curncy|PL1 Comdty|QC1 Comdty|QS1 Comdty|S 1 Comdty|SFR5 Comdty|SM1 Index|TWT1 Index|TY1 Comdty|WN1 Comdty,ops20,all84
0.4444,0.3494,0.1408,120,AD1 Curncy|CD1 Curncy|CF1 Index|CT1 Comdty|ES1 Index|FV1 Comdty|GC1 Comdty|HO1 Comdty|MWE1 Comdty|NQ1 Index|PE1 Curncy|PL1 Comdty|QS1 Comdty|RS1 Comdty|RTY1 Index|SF1 Curncy|SFI5 Comdty|SFR5 Comdty|TY1 Comdty|UB1 Comdty,ops20,all84
0.3980,0.2459,-0.2328,121,BP1 Curncy|CD1 Curncy|CO1 Comdty|FC1 Comdty|FV1 Comdty|HC1 Index|HG1 Comdty|IK1 Comdty|KC1 Comdty|NG1 Comdty|NO1 Curncy|NO1 Index|PA1 Comdty|S 1 Comdty|SF1 Curncy|TWT1 Index|TY1 Comdty|UB1 Comdty|UXY1 Comdty|Z 1 Index,ops20,all84
0.5182,0.1881,0.0581,122,C 1 Comdty|CC1 Comdty|CO1 Comdty|CUA1 Comdty|EC1 Curncy|GX1 Index|HG1 Comdty|IJ1 Comdty|IK1 Comdty|JB1 Comdty|JY1 Curncy|NO1 Index|SE1 Curncy|SF1 Curncy|SFR5 Comdty|SI1 Comdty|TU1 Comdty|UB1 Comdty|VG1 Index|XP1 Index,ops20,all84
0.3667,0.1928,0.0083,123,CL1 Comdty|EC1 Curncy|GC1 Comdty|HI1 Index|JGS1 Index|JY1 Curncy|KC1 Comdty|NG1 Comdty|NO1 Curncy|NO1 Index|OE1 Comdty|PE1 Curncy|PL1 Comdty|S 1 Comdty|SM1 Comdty|TP1 Index|TY1 Comdty|UB1 Comdty|US1 Comdty|XM1 Comdty,ops20,all84
0.3908,0.3014,-0.3598,124,AD1 Curncy|BO1 Comdty|CN1 Comdty|CO1 Comdty|EO1 Index|ER4 Comdty|ES1 Index|JY1 Curncy|PE1 Curncy|PL1 Comdty|QC1 Comdty|QS1 Comdty|QW1 Comdty|SE1 Curncy|SFI5 Comdty|SI1 Comdty|TU1 Comdty|TWT1 Index|UB1 Comdty|XU1 Index,ops20,all84
0.1699,0.0583,-0.2200,125,AD1 Curncy|CL1 Comdty|DF1 Comdty|DU1 Comdty|G 1 Comdty|HG1 Comdty|HI1 Index|JY1 Curncy|NO1 Curncy|NO1 Index|NV1 Curncy|OAT1 Comdty|QC1 Comdty|RTY1 Index|SFR5 Comdty|SI1 Comdty|SM1 Comdty|US1 Comdty|XB1 Comdty|XP1 Index,ops20,all84
0.3323,0.2321,0.1881,126,AD1 Curncy|CD1 Curncy|CL1 Comdty|G 1 Comdty|GC1 Comdty|HG1 Comdty|HI1 Index|IK1 Comdty|JB1 Comdty|LC1 Comdty|NV1 Curncy|QC1 Comdty|QC1 Index|QS1 Comdty|SB1 Comdty|SF1 Curncy|TP1 Index|UB1 Comdty|US1 Comdty|XU1 Index,ops20,all84
0.1405,0.0702,-0.3044,127,CD1 Curncy|CL1 Comdty|ES1 Index|FV1 Comdty|HG1 Comdty|HO1 Comdty|IR4 Comdty|JY1 Curncy|KW1 Comdty|LC1 Comdty|PE1 Curncy|PL1 Comdty|QC1 Index|RS1 Comdty|RTY1 Index|RX1 Comdty|SF1 Curncy|TU1 Comdty|TY1 Comdty|XP1 Index,ops20,all84
0.1438,0.0382,-0.2556,128,BP1 Curncy|CC1 Comdty|CF1 Index|ER4 Comdty|HG1 Comdty|HO1 Comdty|IK1 Comdty|JGS1 Index|KC1 Comdty|NV1 Curncy|PE1 Curncy|QC1 Index|QW1 Comdty|SF1 Curncy|SFR5 Comdty|SI1 Comdty|TY1 Comdty|UXY1 Comdty|XB1 Comdty|Z 1 Index,ops20,all84
0.4661,0.5020,-0.3971,129,C 1 Comdty|CF1 Index|CO1 Comdty|DM1 Index|ER4 Comdty|HI1 Index|HO1 Comdty|JB1 Comdty|JY1 Curncy|NO1 Curncy|OAT1 Comdty|PE1 Curncy|PL1 Comdty|QC1 Comdty|SCO1 Comdty|SF1 Curncy|SFI5 Comdty|SM1 Comdty|TU1 Comdty|TWT1 Index,ops20,all84
0.1910,0.2134,-0.7650,130,AD1 Curncy|BP1 Curncy|CD1 Curncy|CF1 Index|DF1 Comdty|DU1 Comdty|ER4 Comdty|HG1 Comdty|HO1 Comdty|IJ1 Comdty|OAT1 Comdty|PA1 Comdty|QC1 Comdty|RTY1 Index|RX1 Comdty|SE1 Curncy|US1 Comdty|VG1 Index|XB1 Comdty|XU1 Index,ops20,all84
0.6766,0.6241,-0.3262,131,BP1 Curncy|CD1 Curncy|CL1 Comdty|EC1 Curncy|EO1 Index|ES1 Index|GC1 Comdty|IK1 Comdty|IR4 Comdty|JB1 Comdty|KC1 Comdty|LH1 Comdty|NO1 Curncy|NO1 Index|OAT1 Comdty|QC1 Index|QS1 Comdty|SB1 Comdty|SCO1 Comdty|SFI5 Comdty,ops20,all84
0.6229,0.4017,-0.8858,132,BP1 Curncy|CD1 Curncy|CUA1 Comdty|EC1 Curncy|GC1 Comdty|IJ1 Comdty|JGS1 Index|OE1 Comdty|PE1 Curncy|S 1 Comdty|SB1 Comdty|SCO1 Comdty|SFI5 Comdty|SM1 Index|TP1 Index|TY1 Comdty|UB1 Comdty|VG1 Index|XB1 Comdty|XM1 Comdty,ops20,all84
0.2183,0.2189,-0.4510,133,CA1 Comdty|DF1 Comdty|DU1 Comdty|EC1 Curncy|HG1 Comdty|HO1 Comdty|IR4 Comdty|NO1 Curncy|NO1 Index|NQ1 Index|NV1 Curncy|PL1 Comdty|S 1 Comdty|SF1 Curncy|SFI5 Comdty|SM1 Index|UB1 Comdty|WN1 Comdty|XB1 Comdty|XU1 Index,ops20,all84
0.4391,0.1120,-0.0774,134,AD1 Curncy|BP1 Curncy|CA1 Comdty|CC1 Comdty|CN1 Comdty|CT1 Comdty|CUA1 Comdty|ES1 Index|HI1 Index|NG1 Comdty|OE1 Comdty|PE1 Curncy|PL1 Comdty|RX1 Comdty|SF1 Curncy|SFI5 Comdty|SI1 Comdty|SM1 Index|TP1 Index|WN1 Comdty,ops20,all84
0.5342,0.2600,0.4268,135,CA1 Comdty|CL1 Comdty|CN1 Comdty|CUA1 Comdty|FC1 Comdty|G 1 Comdty|GC1 Comdty|HG1 Comdty|JB1 Comdty|JY1 Curncy|NO1 Curncy|NO1 Index|OAT1 Comdty|QC1 Comdty|SE1 Curncy|SF1 Curncy|VG1 Index|WN1 Comdty|XP1 Index|Z 1 Index,ops20,all84
0.3649,0.2041,-0.2873,136,C 1 Comdty|CO1 Comdty|EC1 Curncy|ES1 Index|JB1 Comdty|JY1 Curncy|LC1 Comdty|NO1 Curncy|NO1 Index|NV1 Curncy|PA1 Comdty|QW1 Comdty|RTY1 Index|RX1 Comdty|SI1 Comdty|US1 Comdty|UXY1 Comdty|VG1 Index|WN1 Comdty|XB1 Comdty,ops20,all84
0.5363,0.3736,-0.2768,137,CA1 Comdty|CUA1 Comdty|EC1 Curncy|EO1 Index|FV1 Comdty|HC1 Index|HI1 Index|LH1 Comdty|NO1 Index|NV1 Curncy|OE1 Comdty|PA1 Comdty|PE1 Curncy|SF1 Curncy|SI1 Comdty|SM1 Comdty|US1 Comdty|WN1 Comdty|XB1 Comdty|XM1 Comdty,ops20,all84
0.6235,0.5485,0.3533,138,CC1 Comdty|CD1 Curncy|CL1 Comdty|CO1 Comdty|EO1 Index|ER4 Comdty|FC1 Comdty|GC1 Comdty|HC1 Index|JY1 Curncy|OE1 Comdty|SCO1 Comdty|SE1 Curncy|SF1 Curncy|SM1 Comdty|TP1 Index|TU1 Comdty|TY1 Comdty|US1 Comdty|XP1 Index,ops20,all84
0.3854,0.1553,-0.2367,139,AD1 Curncy|CUA1 Comdty|DF1 Comdty|ER4 Comdty|GC1 Comdty|HG1 Comdty|MWE1 Comdty|NO1 Curncy|OAT1 Comdty|PT1 Index|QC1 Index|RTY1 Index|RX1 Comdty|S 1 Comdty|SE1 Curncy|SF1 Curncy|US1 Comdty|VG1 Index|XB1 Comdty|XM1 Comdty,ops20,all84
0.3424,0.2880,-0.3634,140,CD1 Curncy|DF1 Comdty|ES1 Index|GC1 Comdty|GX1 Index|IJ1 Comdty|IK1 Comdty|IR4 Comdty|NG1 Comdty|NO1 Curncy|OAT1 Comdty|PA1 Comdty|QW1 Comdty|SE1 Curncy|SF1 Curncy|SFR5 Comdty|VG1 Index|XB1 Comdty|XM1 Comdty|XU1 Index,ops20,all84
0.3612,0.3984,-0.3862,141,AD1 Curncy|CA1 Comdty|CD1 Curncy|CF1 Index|ER4 Comdty|FV1 Comdty|HG1 Comdty|LH1 Comdty|MES1 Index|NG1 Comdty|NO1 Index|PA1 Comdty|PE1 Curncy|QC1 Index|QW1 Comdty|SE1 Curncy|SFR5 Comdty|UB1 Comdty|XB1 Comdty|XM1 Comdty,ops20,all84
0.4484,0.0926,-0.3768,142,CUA1 Comdty|EC1 Curncy|ES1 Index|HG1 Comdty|JB1 Comdty|KC1 Comdty|NO1 Curncy|PT1 Index|QC1 Comdty|RX1 Comdty|SB1 Comdty|SE1 Curncy|SF1 Curncy|SFI5 Comdty|SI1 Comdty|US1 Comdty|UXY1 Comdty|VG1 Index|XB1 Comdty|XU1 Index,ops20,all84
0.3783,0.2785,-0.7389,143,BP1 Curncy|CA1 Comdty|CO1 Comdty|ES1 Index|GX1 Index|JB1 Comdty|KW1 Comdty|NO1 Curncy|OE1 Comdty|PE1 Curncy|PL1 Comdty|QC1 Index|RX1 Comdty|SCO1 Comdty|SF1 Curncy|SM1 Comdty|US1 Comdty|UXY1 Comdty|XB1 Comdty|XU1 Index,ops20,all84
0.6525,0.4810,-0.2316,144,BP1 Curncy|CA1 Comdty|CD1 Curncy|CN1 Comdty|FV1 Comdty|GX1 Index|IJ1 Comdty|JB1 Comdty|JY1 Curncy|KC1 Comdty|NG1 Comdty|NO1 Curncy|NO1 Index|OE1 Comdty|QS1 Comdty|SCO1 Comdty|SFR5 Comdty|SI1 Comdty|VG1 Index|XU1 Index,ops20,all84
0.6143,0.4044,0.2656,145,CA1 Comdty|CD1 Curncy|CF1 Index|CN1 Comdty|CUA1 Comdty|DM1 Index|ER4 Comdty|GC1 Comdty|GX1 Index|JB1 Comdty|JY1 Curncy|LH1 Comdty|MWE1 Comdty|NO1 Index|OAT1 Comdty|PE1 Curncy|PL1 Comdty|SF1 Curncy|SFI5 Comdty|XB1 Comdty,ops20,all84
0.1432,0.0742,-0.9893,146,AD1 Curncy|CF1 Index|CN1 Comdty|CO1 Comdty|EC1 Curncy|G 1 Comdty|IR4 Comdty|MWE1 Comdty|NO1 Curncy|OE1 Comdty|PA1 Comdty|PE1 Curncy|PL1 Comdty|QS1 Comdty|RTY1 Index|S 1 Comdty|SM1 Comdty|UXY1 Comdty|XP1 Index|XU1 Index,ops20,all84
0.2961,0.1364,0.0453,147,AD1 Curncy|CA1 Comdty|CD1 Curncy|DU1 Comdty|ES1 Index|G 1 Comdty|GC1 Comdty|GX1 Index|LC1 Comdty|NG1 Comdty|NV1 Curncy|PE1 Curncy|PL1 Comdty|PT1 Index|RTY1 Index|RX1 Comdty|SFI5 Comdty|SM1 Comdty|TU1 Comdty|XB1 Comdty,ops20,all84
0.5845,0.5091,-0.0840,148,CA1 Comdty|CN1 Comdty|CUA1 Comdty|EC1 Curncy|GX1 Index|HG1 Comdty|HO1 Comdty|IK1 Comdty|IR4 Comdty|JY1 Curncy|LH1 Comdty|OAT1 Comdty|PE1 Curncy|PL1 Comdty|SE1 Curncy|SM1 Comdty|TP1 Index|TWT1 Index|VG1 Index|WN1 Comdty,ops20,all84
0.3285,0.2378,0.0781,149,BP1 Curncy|CA1 Comdty|CD1 Curncy|CN1 Comdty|DM1 Index|DU1 Comdty|G 1 Comdty|GC1 Comdty|IJ1 Comdty|KW1 Comdty|MES1 Index|NG1 Comdty|NO1 Index|NV1 Curncy|PL1 Comdty|QS1 Comdty|SF1 Curncy|SFI5 Comdty|TU1 Comdty|TWT1 Index,ops20,all84
0.3967,0.2334,-0.5144,150,AD1 Curncy|CC1 Comdty|CN1 Comdty|CUA1 Comdty|DU1 Comdty|EC1 Curncy|G 1 Comdty|GC1 Comdty|IJ1 Comdty|IR4 Comdty|NO1 Curncy|PA1 Comdty|PE1 Curncy|RS1 Comdty|SFI5 Comdty|SM1 Index|XB1 Comdty|XP1 Index|XU1 Index|Z 1 Index,ops20,all84
0.3339,0.3687,-1.2448,151,AD1 Curncy|BP1 Curncy|CL1 Comdty|ER4 Comdty|FV1 Comdty|HG1 Comdty|HI1 Index|JGS1 Index|LH1 Comdty|PE1 Curncy|QS1 Comdty|RX1 Comdty|SB1 Comdty|SCO1 Comdty|SE1 Curncy|SM1 Comdty|UXY1 Comdty|VG1 Index|XM1 Comdty|Z 1 Index,ops20,all84
0.4327,0.3718,-0.9711,152,BP1 Curncy|CD1 Curncy|CL1 Comdty|CN1 Comdty|CT1 Comdty|CUA1 Comdty|HG1 Comdty|JGS1 Index|LC1 Comdty|NQ1 Index|NV1 Curncy|RX1 Comdty|S 1 Comdty|SCO1 Comdty|SE1 Curncy|TP1 Index|TY1 Comdty|US1 Comdty|VG1 Index|XM1 Comdty,ops20,all84
0.3135,0.1872,-0.2917,153,CD1 Curncy|EC1 Curncy|G 1 Comdty|GC1 Comdty|HI1 Index|IJ1 Comdty|JGS1 Index|MWE1 Comdty|NG1 Comdty|OE1 Comdty|PE1 Curncy|PL1 Comdty|QC1 Index|QW1 Comdty|SE1 Curncy|TP1 Index|TU1 Comdty|US1 Comdty|XB1 Comdty|XM1 Comdty,ops20,all84
0.2954,0.1868,-0.1760,154,C 1 Comdty|CA1 Comdty|CD1 Curncy|CL1 Comdty|DM1 Index|EC1 Curncy|FV1 Comdty|IK1 Comdty|NO1 Curncy|NO1 Index|OE1 Comdty|PA1 Comdty|PL1 Comdty|RTY1 Index|RX1 Comdty|SF1 Curncy|TWT1 Index|US1 Comdty|W 1 Comdty|XB1 Comdty,ops20,all84
0.5414,0.3242,-0.2877,155,AD1 Curncy|CUA1 Comdty|DU1 Comdty|FC1 Comdty|GX1 Index|HG1 Comdty|HI1 Index|IJ1 Comdty|JB1 Comdty|NV1 Curncy|PT1 Index|QC1 Comdty|RX1 Comdty|SCO1 Comdty|SE1 Curncy|SF1 Curncy|TWT1 Index|US1 Comdty|XB1 Comdty|XM1 Comdty,ops20,all84
0.4214,0.2639,-1.4562,156,BO1 Comdty|BP1 Curncy|CF1 Index|CL1 Comdty|CUA1 Comdty|EC1 Curncy|EO1 Index|ER4 Comdty|HG1 Comdty|IJ1 Comdty|NO1 Curncy|OE1 Comdty|SCO1 Comdty|SE1 Curncy|SFI5 Comdty|SFR5 Comdty|TWT1 Index|UXY1 Comdty|W 1 Comdty|Z 1 Index,ops20,all84
0.3951,0.3173,-0.1729,157,AD1 Curncy|CN1 Comdty|DM1 Index|EC1 Curncy|HI1 Index|IJ1 Comdty|IK1 Comdty|JB1 Comdty|JY1 Curncy|KW1 Comdty|NG1 Comdty|NO1 Index|PA1 Comdty|PE1 Curncy|PL1 Comdty|QC1 Comdty|QS1 Comdty|TU1 Comdty|UXY1 Comdty|VG1 Index,ops20,all84
0.3072,0.2811,-0.2762,158,BP1 Curncy|CL1 Comdty|CT1 Comdty|EC1 Curncy|G 1 Comdty|HC1 Index|LH1 Comdty|MES1 Index|MWE1 Comdty|NV1 Curncy|PA1 Comdty|SF1 Curncy|SI1 Comdty|TU1 Comdty|TWT1 Index|TY1 Comdty|WN1 Comdty|XB1 Comdty|XM1 Comdty|XU1 Index,ops20,all84
0.4513,0.1769,-0.1028,159,CC1 Comdty|CN1 Comdty|CUA1 Comdty|EC1 Curncy|GC1 Comdty|HC1 Index|IK1 Comdty|IR4 Comdty|KC1 Comdty|NO1 Curncy|NO1 Index|NV1 Curncy|OE1 Comdty|PL1 Comdty|SB1 Comdty|SF1 Curncy|SFI5 Comdty|TP1 Index|XB1 Comdty|XU1 Index,ops20,all84
0.0909,-0.0104,-0.3108,160,BP1 Curncy|CN1 Comdty|FV1 Comdty|G 1 Comdty|GC1 Comdty|HO1 Comdty|IR4 Comdty|KW1 Comdty|MWE1 Comdty|NG1 Comdty|NO1 Curncy|NQ1 Index|PL1 Comdty|SE1 Curncy|SF1 Curncy|SM1 Comdty|UXY1 Comdty|XP1 Index|XU1 Index|Z 1 Index,ops20,all84
0.1197,-0.0985,-1.0525,161,BO1 Comdty|BP1 Curncy|CD1 Curncy|CF1 Index|EC1 Curncy|G 1 Comdty|HC1 Index|NG1 Comdty|PE1 Curncy|PL1 Comdty|QS1 Comdty|QW1 Comdty|RX1 Comdty|SFR5 Comdty|SI1 Comdty|SM1 Comdty|UB1 Comdty|UXY1 Comdty|VG1 Index|XU1 Index,ops20,all84
0.3186,0.1135,0.3270,162,AD1 Curncy|DF1 Comdty|EC1 Curncy|ES1 Index|FV1 Comdty|GC1 Comdty|GX1 Index|HO1 Comdty|LC1 Comdty|NG1 Comdty|NO1 Curncy|NO1 Index|OE1 Comdty|SF1 Curncy|SFR5 Comdty|SI1 Comdty|UXY1 Comdty|W 1 Comdty|WN1 Comdty|Z 1 Index,ops20,all84
0.4226,0.1492,-0.5448,163,AD1 Curncy|BP1 Curncy|CF1 Index|CO1 Comdty|DM1 Index|EC1 Curncy|FV1 Comdty|GC1 Comdty|GX1 Index|IJ1 Comdty|KC1 Comdty|OAT1 Comdty|OE1 Comdty|QS1 Comdty|RX1 Comdty|S 1 Comdty|SE1 Curncy|SFI5 Comdty|SI1 Comdty|XP1 Index,ops20,all84
0.3732,0.2559,-0.3058,164,AD1 Curncy|BP1 Curncy|CA1 Comdty|CUA1 Comdty|DU1 Comdty|GX1 Index|HC1 Index|HO1 Comdty|IR4 Comdty|MES1 Index|NV1 Curncy|OE1 Comdty|PA1 Comdty|PE1 Curncy|PL1 Comdty|PT1 Index|QC1 Comdty|RX1 Comdty|W 1 Comdty|XM1 Comdty,ops20,all84
0.3930,0.3194,-0.5790,165,BP1 Curncy|CO1 Comdty|CT1 Comdty|EC1 Curncy|ES1 Index|JB1 Comdty|NO1 Curncy|PL1 Comdty|PT1 Index|QC1 Comdty|RTY1 Index|SB1 Comdty|SCO1 Comdty|SF1 Curncy|SFI5 Comdty|US1 Comdty|WN1 Comdty|XB1 Comdty|XM1 Comdty|Z 1 Index,ops20,all84
0.4428,0.2190,0.3193,166,DU1 Comdty|GC1 Comdty|HI1 Index|HO1 Comdty|JGS1 Index|JY1 Curncy|KC1 Comdty|MWE1 Comdty|PE1 Curncy|QC1 Index|RS1 Comdty|SE1 Curncy|SF1 Curncy|SFR5 Comdty|SI1 Comdty|TU1 Comdty|UB1 Comdty|WN1 Comdty|XB1 Comdty|XP1 Index,ops20,all84
0.3507,0.3070,-0.1940,167,AD1 Curncy|C 1 Comdty|CA1 Comdty|EC1 Curncy|GX1 Index|HG1 Comdty|HO1 Comdty|IK1 Comdty|IR4 Comdty|LH1 Comdty|OE1 Comdty|PE1 Curncy|PL1 Comdty|PT1 Index|RX1 Comdty|SE1 Curncy|SFI5 Comdty|TWT1 Index|XB1 Comdty|XP1 Index,ops20,all84
0.7037,0.6084,-0.3833,168,CO1 Comdty|G 1 Comdty|GC1 Comdty|HI1 Index|HO1 Comdty|IJ1 Comdty|IK1 Comdty|IR4 Comdty|JY1 Curncy|LH1 Comdty|MES1 Index|NO1 Curncy|PT1 Index|RS1 Comdty|RTY1 Index|SCO1 Comdty|SE1 Curncy|SF1 Curncy|US1 Comdty|UXY1 Comdty,ops20,all84
0.5960,0.4543,-0.8111,169,CD1 Curncy|CUA1 Comdty|DU1 Comdty|EC1 Curncy|ES1 Index|IK1 Comdty|MES1 Index|NV1 Curncy|OAT1 Comdty|PL1 Comdty|QC1 Comdty|RS1 Comdty|SB1 Comdty|SCO1 Comdty|SE1 Curncy|SFI5 Comdty|TWT1 Index|TY1 Comdty|VG1 Index|XB1 Comdty,ops20,all84
0.4208,0.2113,-0.7560,170,AD1 Curncy|BP1 Curncy|CL1 Comdty|CN1 Comdty|EO1 Index|ER4 Comdty|FC1 Comdty|HC1 Index|KW1 Comdty|LH1 Comdty|MES1 Index|NG1 Comdty|NV1 Curncy|OE1 Comdty|SCO1 Comdty|SE1 Curncy|SI1 Comdty|TY1 Comdty|UXY1 Comdty|XU1 Index,ops20,all84
0.4468,0.1585,-0.6711,171,BP1 Curncy|CUA1 Comdty|EC1 Curncy|FC1 Comdty|FV1 Comdty|GX1 Index|HC1 Index|LC1 Comdty|NG1 Comdty|NQ1 Index|NV1 Curncy|OAT1 Comdty|PA1 Comdty|PL1 Comdty|SB1 Comdty|SF1 Curncy|UB1 Comdty|UXY1 Comdty|WN1 Comdty|XP1 Index,ops20,all84
0.3581,0.1962,-0.9321,172,AD1 Curncy|BO1 Comdty|C 1 Comdty|CUA1 Comdty|DU1 Comdty|EC1 Curncy|ES1 Index|IR4 Comdty|JB1 Comdty|NV1 Curncy|PA1 Comdty|PL1 Comdty|QS1 Comdty|SB1 Comdty|SE1 Curncy|SFI5 Comdty|TP1 Index|VG1 Index|WN1 Comdty|XU1 Index,ops20,all84
0.3221,0.2351,-0.9437,173,AD1 Curncy|BP1 Curncy|CA1 Comdty|CO1 Comdty|EC1 Curncy|EO1 Index|G 1 Comdty|HG1 Comdty|HI1 Index|KW1 Comdty|OAT1 Comdty|PA1 Comdty|QS1 Comdty|RX1 Comdty|SB1 Comdty|SE1 Curncy|SFI5 Comdty|US1 Comdty|VG1 Index|Z 1 Index,ops20,all84
0.0238,-0.0018,-0.8144,174,AD1 Curncy|CC1 Comdty|CL1 Comdty|CO1 Comdty|HG1 Comdty|HI1 Index|IJ1 Comdty|IR4 Comdty|JGS1 Index|NO1 Curncy|NV1 Curncy|PL1 Comdty|SF1 Curncy|SFI5 Comdty|SFR5 Comdty|SM1 Index|US1 Comdty|VG1 Index|W 1 Comdty|WN1 Comdty,ops20,all84
0.3071,0.3072,-0.6547,175,AD1 Curncy|BP1 Curncy|CO1 Comdty|DM1 Index|DU1 Comdty|EC1 Curncy|FV1 Comdty|G 1 Comdty|HO1 Comdty|LC1 Comdty|PL1 Comdty|RTY1 Index|S 1 Comdty|SCO1 Comdty|SF1 Curncy|SM1 Index|TU1 Comdty|TWT1 Index|UXY1 Comdty|W 1 Comdty,ops20,all84
0.4259,0.2010,-0.6260,176,C 1 Comdty|CD1 Curncy|CUA1 Comdty|DF1 Comdty|DM1 Index|ES1 Index|IK1 Comdty|NO1 Curncy|NQ1 Index|OE1 Comdty|PA1 Comdty|PL1 Comdty|QS1 Comdty|SE1 Curncy|SF1 Curncy|TY1 Comdty|UB1 Comdty|W 1 Comdty|WN1 Comdty|XU1 Index,ops20,all84
0.7740,0.7328,0.1126,177,CO1 Comdty|DF1 Comdty|DM1 Index|DU1 Comdty|ER4 Comdty|G 1 Comdty|GC1 Comdty|HC1 Index|IK1 Comdty|JY1 Curncy|KW1 Comdty|LH1 Comdty|NG1 Comdty|NV1 Curncy|PE1 Curncy|SCO1 Comdty|SE1 Curncy|TP1 Index|TWT1 Index|US1 Comdty,ops20,all84
0.3500,0.2182,-0.2188,178,BP1 Curncy|CC1 Comdty|CD1 Curncy|CO1 Comdty|ER4 Comdty|HG1 Comdty|JGS1 Index|JY1 Curncy|MES1 Index|NG1 Comdty|S 1 Comdty|SB1 Comdty|SF1 Curncy|SI1 Comdty|TWT1 Index|TY1 Comdty|UB1 Comdty|US1 Comdty|WN1 Comdty|XP1 Index,ops20,all84
0.3598,0.1508,-0.8232,179,BP1 Curncy|CN1 Comdty|CUA1 Comdty|G 1 Comdty|HG1 Comdty|HO1 Comdty|JY1 Curncy|KC1 Comdty|NO1 Curncy|NV1 Curncy|PL1 Comdty|QC1 Index|RX1 Comdty|S 1 Comdty|SB1 Comdty|TP1 Index|TWT1 Index|UXY1 Comdty|XM1 Comdty|XU1 Index,ops20,all84
0.4369,0.3480,-0.4358,180,AD1 Curncy|C 1 Comdty|CA1 Comdty|CD1 Curncy|CF1 Index|CN1 Comdty|CO1 Comdty|G 1 Comdty|GC1 Comdty|HC1 Index|HO1 Comdty|IK1 Comdty|MES1 Index|OE1 Comdty|RS1 Comdty|SCO1 Comdty|SE1 Curncy|SF1 Curncy|TY1 Comdty|XP1 Index,ops20,all84
0.9884,0.7447,0.1929,181,CUA1 Comdty|EC1 Curncy|FC1 Comdty|FV1 Comdty|GC1 Comdty|HC1 Index|HI1 Index|IK1 Comdty|JY1 Curncy|KW1 Comdty|OE1 Comdty|PE1 Curncy|QC1 Comdty|QS1 Comdty|RTY1 Index|SCO1 Comdty|SE1 Curncy|SFI5 Comdty|SFR5 Comdty|VG1 Index,ops20,all84
0.5776,0.5803,0.3513,182,BP1 Curncy|CA1 Comdty|CC1 Comdty|CD1 Curncy|CL1 Comdty|CO1 Comdty|ES1 Index|FC1 Comdty|HI1 Index|NV1 Curncy|PA1 Comdty|SF1 Curncy|SFI5 Comdty|SFR5 Comdty|SI1 Comdty|TWT1 Index|US1 Comdty|UXY1 Comdty|WN1 Comdty|XP1 Index,ops20,all84
0.5276,0.1785,-0.1592,183,AD1 Curncy|CD1 Curncy|CUA1 Comdty|DM1 Index|DU1 Comdty|GC1 Comdty|IK1 Comdty|JY1 Curncy|MWE1 Comdty|NG1 Comdty|NQ1 Index|QC1 Index|QW1 Comdty|S 1 Comdty|SF1 Curncy|SFI5 Comdty|SI1 Comdty|TU1 Comdty|UXY1 Comdty|XP1 Index,ops20,all84
0.4076,0.1903,-0.4067,184,AD1 Curncy|CF1 Index|CUA1 Comdty|G 1 Comdty|GC1 Comdty|HG1 Comdty|JB1 Comdty|JY1 Curncy|KW1 Comdty|MES1 Index|NG1 Comdty|NO1 Curncy|QC1 Index|S 1 Comdty|SE1 Curncy|SFI5 Comdty|SM1 Index|TU1 Comdty|US1 Comdty|W 1 Comdty,ops20,all84
0.3719,0.2124,0.0754,185,AD1 Curncy|CD1 Curncy|CL1 Comdty|CO1 Comdty|ES1 Index|FC1 Comdty|FV1 Comdty|GC1 Comdty|KW1 Comdty|PL1 Comdty|QC1 Index|QW1 Comdty|RX1 Comdty|SE1 Curncy|SF1 Curncy|SFI5 Comdty|TP1 Index|TU1 Comdty|UXY1 Comdty|VG1 Index,ops20,all84
0.3487,0.2999,-0.0298,186,DF1 Comdty|EC1 Curncy|EO1 Index|ER4 Comdty|GC1 Comdty|GX1 Index|HO1 Comdty|IR4 Comdty|KW1 Comdty|NG1 Comdty|OAT1 Comdty|PA1 Comdty|PE1 Curncy|PT1 Index|SE1 Curncy|SF1 Curncy|SM1 Comdty|SM1 Index|TY1 Comdty|UXY1 Comdty,ops20,all84
0.5341,0.3446,0.0764,187,CD1 Curncy|CUA1 Comdty|DM1 Index|ER4 Comdty|FV1 Comdty|G 1 Comdty|GC1 Comdty|GX1 Index|JY1 Curncy|KC1 Comdty|NQ1 Index|PE1 Curncy|PL1 Comdty|S 1 Comdty|SE1 Curncy|SFI5 Comdty|TU1 Comdty|TWT1 Index|W 1 Comdty|XB1 Comdty,ops20,all84
0.6604,0.6782,0.0840,188,BP1 Curncy|C 1 Comdty|GC1 Comdty|HC1 Index|IR4 Comdty|JGS1 Index|JY1 Curncy|NO1 Index|NV1 Curncy|QS1 Comdty|RS1 Comdty|SB1 Comdty|SCO1 Comdty|SF1 Curncy|SFR5 Comdty|TWT1 Index|TY1 Comdty|US1 Comdty|UXY1 Comdty|XB1 Comdty,ops20,all84
0.5575,0.3707,-0.2509,189,CA1 Comdty|CL1 Comdty|CUA1 Comdty|DU1 Comdty|EC1 Curncy|FC1 Comdty|HG1 Comdty|KW1 Comdty|MES1 Index|NO1 Curncy|NO1 Index|PA1 Comdty|SE1 Curncy|SF1 Curncy|SFR5 Comdty|TY1 Comdty|UB1 Comdty|UXY1 Comdty|VG1 Index|XP1 Index,ops20,all84
0.3514,0.0936,-0.0270,190,BO1 Comdty|DF1 Comdty|DM1 Index|EC1 Curncy|EO1 Index|FC1 Comdty|FV1 Comdty|G 1 Comdty|IR4 Comdty|JY1 Curncy|OE1 Comdty|PE1 Curncy|PL1 Comdty|PT1 Index|QS1 Comdty|SF1 Curncy|SI1 Comdty|US1 Comdty|XB1 Comdty|XU1 Index,ops20,all84
0.1795,-0.0025,-0.3507,191,C 1 Comdty|CN1 Comdty|EC1 Curncy|HC1 Index|HG1 Comdty|HO1 Comdty|JGS1 Index|JY1 Curncy|KC1 Comdty|KW1 Comdty|NV1 Curncy|OE1 Comdty|QS1 Comdty|SF1 Curncy|SFR5 Comdty|SI1 Comdty|SM1 Index|TU1 Comdty|US1 Comdty|XP1 Index,ops20,all84
0.4160,0.4143,-0.4556,192,AD1 Curncy|C 1 Comdty|CC1 Comdty|EC1 Curncy|ER4 Comdty|GX1 Index|HI1 Index|HO1 Comdty|JY1 Curncy|NG1 Comdty|NO1 Curncy|PL1 Comdty|QC1 Index|RS1 Comdty|RX1 Comdty|SCO1 Comdty|TY1 Comdty|US1 Comdty|UXY1 Comdty|VG1 Index,ops20,all84
0.3443,0.2730,-0.9007,193,AD1 Curncy|BP1 Curncy|CO1 Comdty|G 1 Comdty|IK1 Comdty|JB1 Comdty|LC1 Comdty|NG1 Comdty|NO1 Curncy|NV1 Curncy|PL1 Comdty|QC1 Index|S 1 Comdty|SB1 Comdty|SCO1 Comdty|SM1 Index|TWT1 Index|US1 Comdty|VG1 Index|XM1 Comdty,ops20,all84
0.4313,0.3640,-0.3883,194,BO1 Comdty|C 1 Comdty|CC1 Comdty|CUA1 Comdty|DM1 Index|EC1 Curncy|ER4 Comdty|GX1 Index|HG1 Comdty|IR4 Comdty|NG1 Comdty|NO1 Index|NV1 Curncy|PA1 Comdty|SE1 Curncy|SF1 Curncy|SFI5 Comdty|TWT1 Index|TY1 Comdty|WN1 Comdty,ops20,all84
0.3278,0.1767,-0.7988,195,BO1 Comdty|BP1 Curncy|CO1 Comdty|DU1 Comdty|ER4 Comdty|ES1 Index|FV1 Comdty|HG1 Comdty|LH1 Comdty|MES1 Index|NG1 Comdty|NQ1 Index|PE1 Curncy|PL1 Comdty|RS1 Comdty|SE1 Curncy|SF1 Curncy|UB1 Comdty|WN1 Comdty|XP1 Index,ops20,all84
0.2741,0.0797,-0.6290,196,AD1 Curncy|CD1 Curncy|CF1 Index|CL1 Comdty|DM1 Index|EC1 Curncy|FC1 Comdty|IR4 Comdty|JB1 Comdty|NV1 Curncy|OAT1 Comdty|PA1 Comdty|RTY1 Index|S 1 Comdty|SB1 Comdty|SI1 Comdty|TP1 Index|TY1 Comdty|US1 Comdty|XB1 Comdty,ops20,all84
0.3506,0.1429,-0.2793,197,BP1 Curncy|CD1 Curncy|CT1 Comdty|DM1 Index|EC1 Curncy|EO1 Index|HG1 Comdty|JY1 Curncy|KC1 Comdty|LC1 Comdty|NG1 Comdty|QS1 Comdty|RX1 Comdty|SFI5 Comdty|SI1 Comdty|TU1 Comdty|TY1 Comdty|UB1 Comdty|VG1 Index|XP1 Index,ops20,all84
0.3568,0.1472,-0.1777,198,AD1 Curncy|BP1 Curncy|CC1 Comdty|CD1 Curncy|CO1 Comdty|CT1 Comdty|CUA1 Comdty|DU1 Comdty|GX1 Index|HC1 Index|HG1 Comdty|IR4 Comdty|JB1 Comdty|JY1 Curncy|KC1 Comdty|OAT1 Comdty|PL1 Comdty|QC1 Index|US1 Comdty|XP1 Index,ops20,all84
0.3694,0.2458,-0.8500,199,AD1 Curncy|CD1 Curncy|CF1 Index|CO1 Comdty|CUA1 Comdty|EO1 Index|ER4 Comdty|HC1 Index|HG1 Comdty|KW1 Comdty|NO1 Curncy|OE1 Comdty|PA1 Comdty|PT1 Index|QC1 Comdty|QW1 Comdty|SE1 Curncy|TY1 Comdty|UB1 Comdty|WN1 Comdty,ops20,all84
0.3513,0.2586,-0.2670,200,AD1 Curncy|CD1 Curncy|CN1 Comdty|CO1 Comdty|DF1 Comdty|GC1 Comdty|HG1 Comdty|IK1 Comdty|JGS1 Index|KW1 Comdty|PE1 Curncy|PT1 Index|RX1 Comdty|SB1 Comdty|SE1 Curncy|UXY1 Comdty|VG1 Index|XB1 Comdty|XM1 Comdty|XU1 Index,ops20,all84
0.2340,0.0263,-0.6745,201,AD1 Curncy|ES1 Index|FC1 Comdty|G 1 Comdty|HC1 Index|HO1 Comdty|JGS1 Index|NO1 Curncy|OE1 Comdty|PA1 Comdty|PL1 Comdty|PT1 Index|QS1 Comdty|SE1 Curncy|SF1 Curncy|SM1 Comdty|TY1 Comdty|UXY1 Comdty|W 1 Comdty|XM1 Comdty,ops20,all84
0.4621,0.2809,-0.3177,202,AD1 Curncy|CD1 Curncy|CN1 Comdty|CUA1 Comdty|EO1 Index|GC1 Comdty|HC1 Index|HO1 Comdty|IK1 Comdty|LC1 Comdty|MES1 Index|MWE1 Comdty|NO1 Curncy|OAT1 Comdty|PT1 Index|QW1 Comdty|SE1 Curncy|SFI5 Comdty|SI1 Comdty|XM1 Comdty,ops20,all84
0.4258,0.2944,-0.2036,203,AD1 Curncy|BO1 Comdty|BP1 Curncy|EO1 Index|ES1 Index|GC1 Comdty|HG1 Comdty|HO1 Comdty|IJ1 Comdty|IK1 Comdty|JY1 Curncy|NO1 Index|QS1 Comdty|QW1 Comdty|RTY1 Index|SF1 Curncy|TY1 Comdty|UB1 Comdty|US1 Comdty|UXY1 Comdty,ops20,all84
0.3678,0.2729,-0.2051,204,CL1 Comdty|CN1 Comdty|CT1 Comdty|DU1 Comdty|EC1 Curncy|GC1 Comdty|HG1 Comdty|HO1 Comdty|IJ1 Comdty|JGS1 Index|NO1 Curncy|NQ1 Index|NV1 Curncy|OAT1 Comdty|OE1 Comdty|SE1 Curncy|TP1 Index|TU1 Comdty|TWT1 Index|W 1 Comdty,ops20,all84
0.4999,0.5494,-0.8764,205,BP1 Curncy|CD1 Curncy|DU1 Comdty|ER4 Comdty|HO1 Comdty|IK1 Comdty|JB1 Comdty|LH1 Comdty|NO1 Curncy|NO1 Index|NQ1 Index|PA1 Comdty|QS1 Comdty|QW1 Comdty|SB1 Comdty|SCO1 Comdty|SF1 Curncy|SFR5 Comdty|SM1 Index|XU1 Index,ops20,all84
0.3858,0.2094,0.3122,206,AD1 Curncy|CC1 Comdty|CD1 Curncy|DM1 Index|G 1 Comdty|GC1 Comdty|HO1 Comdty|IR4 Comdty|JGS1 Index|KC1 Comdty|MWE1 Comdty|NG1 Comdty|NV1 Curncy|RTY1 Index|RX1 Comdty|SE1 Curncy|SI1 Comdty|TP1 Index|TU1 Comdty|XM1 Comdty,ops20,all84
0.4592,0.1404,0.1276,207,AD1 Curncy|CUA1 Comdty|EC1 Curncy|EO1 Index|FC1 Comdty|FV1 Comdty|GC1 Comdty|GX1 Index|IK1 Comdty|MWE1 Comdty|NG1 Comdty|NV1 Curncy|PL1 Comdty|PT1 Index|SF1 Curncy|SFR5 Comdty|TU1 Comdty|W 1 Comdty|XM1 Comdty|Z 1 Index,ops20,all84
0.3950,0.4044,0.0607,208,CC1 Comdty|CD1 Curncy|CL1 Comdty|CN1 Comdty|DF1 Comdty|ER4 Comdty|ES1 Index|FC1 Comdty|HI1 Index|HO1 Comdty|MES1 Index|NO1 Curncy|NV1 Curncy|PA1 Comdty|RX1 Comdty|SE1 Curncy|SI1 Comdty|TU1 Comdty|TWT1 Index|XM1 Comdty,ops20,all84
0.5692,0.4194,0.1303,209,AD1 Curncy|CA1 Comdty|DF1 Comdty|EC1 Curncy|ER4 Comdty|FC1 Comdty|HI1 Index|IR4 Comdty|JY1 Curncy|MES1 Index|NV1 Curncy|PA1 Comdty|QS1 Comdty|RX1 Comdty|SI1 Comdty|SM1 Index|TP1 Index|TU1 Comdty|UB1 Comdty|XB1 Comdty,ops20,all84
0.3656,0.4759,-0.8999,210,CD1 Curncy|CN1 Comdty|CO1 Comdty|DU1 Comdty|ES1 Index|HO1 Comdty|IJ1 Comdty|KW1 Comdty|NO1 Curncy|NV1 Curncy|OAT1 Comdty|PA1 Comdty|PE1 Curncy|QC1 Comdty|QC1 Index|SCO1 Comdty|SFR5 Comdty|VG1 Index|XM1 Comdty|XU1 Index,ops20,all84
0.3252,0.3194,-0.7635,211,AD1 Curncy|CD1 Curncy|CL1 Comdty|DM1 Index|ER4 Comdty|HC1 Index|HG1 Comdty|HI1 Index|IR4 Comdty|JY1 Curncy|KC1 Comdty|MES1 Index|NO1 Curncy|QC1 Comdty|QW1 Comdty|RX1 Comdty|SCO1 Comdty|UB1 Comdty|WN1 Comdty|XB1 Comdty,ops20,all84
0.5817,0.4846,-0.2350,212,BP1 Curncy|C 1 Comdty|CA1 Comdty|CO1 Comdty|DU1 Comdty|ES1 Index|G 1 Comdty|GC1 Comdty|JB1 Comdty|KW1 Comdty|NG1 Comdty|NO1 Curncy|NV1 Curncy|PE1 Curncy|RTY1 Index|SCO1 Comdty|SFR5 Comdty|SM1 Index|UXY1 Comdty|XU1 Index,ops20,all84
0.6508,0.5578,-0.6695,213,CD1 Curncy|CN1 Comdty|CUA1 Comdty|ER4 Comdty|FC1 Comdty|HI1 Index|LH1 Comdty|NO1 Curncy|NV1 Curncy|PA1 Comdty|QC1 Index|RX1 Comdty|S 1 Comdty|SCO1 Comdty|SF1 Curncy|SFR5 Comdty|SM1 Index|TP1 Index|TU1 Comdty|XB1 Comdty,ops20,all84
0.2544,0.2108,-0.6421,214,CD1 Curncy|CO1 Comdty|DF1 Comdty|EC1 Curncy|FV1 Comdty|G 1 Comdty|HC1 Index|IR4 Comdty|JY1 Curncy|MWE1 Comdty|NO1 Curncy|OAT1 Comdty|PA1 Comdty|PL1 Comdty|QC1 Index|QS1 Comdty|SM1 Comdty|WN1 Comdty|XP1 Index|Z 1 Index,ops20,all84
0.3305,0.2704,-0.0268,215,BP1 Curncy|CF1 Index|DF1 Comdty|DM1 Index|GC1 Comdty|HO1 Comdty|JB1 Comdty|MWE1 Comdty|NO1 Curncy|NV1 Curncy|OAT1 Comdty|PE1 Curncy|RS1 Comdty|SFI5 Comdty|SI1 Comdty|TP1 Index|TU1 Comdty|WN1 Comdty|XB1 Comdty|Z 1 Index,ops20,all84
0.3799,0.2043,-0.3504,216,BP1 Curncy|CA1 Comdty|CD1 Curncy|CL1 Comdty|ER4 Comdty|JB1 Comdty|JY1 Curncy|KC1 Comdty|NG1 Comdty|PA1 Comdty|PL1 Comdty|QC1 Index|RS1 Comdty|RTY1 Index|RX1 Comdty|SE1 Curncy|TU1 Comdty|UB1 Comdty|VG1 Index|Z 1 Index,ops20,all84
0.4542,0.3763,-0.2529,217,BP1 Curncy|CA1 Comdty|CN1 Comdty|CUA1 Comdty|DU1 Comdty|HC1 Index|HO1 Comdty|IR4 Comdty|JY1 Curncy|MES1 Index|PA1 Comdty|PL1 Comdty|QC1 Comdty|S 1 Comdty|SE1 Curncy|SF1 Curncy|UB1 Comdty|VG1 Index|WN1 Comdty|XU1 Index,ops20,all84
0.2830,0.1178,-0.8869,218,AD1 Curncy|CN1 Comdty|CO1 Comdty|DM1 Index|HG1 Comdty|HI1 Index|IR4 Comdty|KC1 Comdty|LH1 Comdty|NG1 Comdty|NV1 Curncy|OAT1 Comdty|PE1 Curncy|SB1 Comdty|SE1 Curncy|SFI5 Comdty|SI1 Comdty|UXY1 Comdty|XU1 Index|Z 1 Index,ops20,all84
0.2595,-0.0437,-0.1530,219,BP1 Curncy|CD1 Curncy|ES1 Index|G 1 Comdty|GC1 Comdty|HI1 Index|JB1 Comdty|KC1 Comdty|NG1 Comdty|NO1 Curncy|OAT1 Comdty|QC1 Index|RS1 Comdty|SF1 Curncy|SI1 Comdty|TU1 Comdty|VG1 Index|W 1 Comdty|XB1 Comdty|XM1 Comdty,ops20,all84
0.4278,0.2682,-0.1495,220,AD1 Curncy|CA1 Comdty|CD1 Curncy|CO1 Comdty|HC1 Index|JB1 Comdty|JGS1 Index|KC1 Comdty|PA1 Comdty|PE1 Curncy|QS1 Comdty|RTY1 Index|SB1 Comdty|SF1 Curncy|SI1 Comdty|TWT1 Index|UB1 Comdty|UXY1 Comdty|WN1 Comdty|XM1 Comdty,ops20,all84
0.2241,0.1080,0.0129,221,AD1 Curncy|CC1 Comdty|CL1 Comdty|CN1 Comdty|DM1 Index|EC1 Curncy|G 1 Comdty|GC1 Comdty|HO1 Comdty|JB1 Comdty|NO1 Curncy|NO1 Index|PE1 Curncy|PL1 Comdty|QC1 Index|RS1 Comdty|RX1 Comdty|TY1 Comdty|W 1 Comdty|Z 1 Index,ops20,all84
0.2094,0.3092,-0.7465,222,CD1 Curncy|CL1 Comdty|DF1 Comdty|ER4 Comdty|G 1 Comdty|HO1 Comdty|JY1 Curncy|KC1 Comdty|NO1 Curncy|NV1 Curncy|PL1 Comdty|S 1 Comdty|SCO1 Comdty|TP1 Index|TU1 Comdty|US1 Comdty|VG1 Index|XM1 Comdty|XU1 Index|Z 1 Index,ops20,all84
0.6579,0.3454,-0.0536,223,AD1 Curncy|BP1 Curncy|CF1 Index|CT1 Comdty|CUA1 Comdty|DF1 Comdty|GC1 Comdty|IK1 Comdty|JB1 Comdty|NG1 Comdty|NO1 Curncy|NQ1 Index|OE1 Comdty|PT1 Index|SB1 Comdty|SE1 Curncy|SFI5 Comdty|SI1 Comdty|TWT1 Index|WN1 Comdty,ops20,all84
0.3313,0.2017,-0.8699,224,CD1 Curncy|CF1 Index|CL1 Comdty|DM1 Index|DU1 Comdty|IJ1 Comdty|IR4 Comdty|JY1 Curncy|KW1 Comdty|NV1 Curncy|OE1 Comdty|PE1 Curncy|RTY1 Index|S 1 Comdty|SCO1 Comdty|SFI5 Comdty|SI1 Comdty|TP1 Index|TU1 Comdty|XB1 Comdty,ops20,all84
0.4250,0.6655,-0.1381,225,BP1 Curncy|CA1 Comdty|CL1 Comdty|CN1 Comdty|EC1 Curncy|EO1 Index|GX1 Index|HG1 Comdty|HO1 Comdty|IR4 Comdty|JB1 Comdty|LH1 Comdty|NV1 Curncy|QC1 Comdty|SCO1 Comdty|SE1 Curncy|TWT1 Index|UXY1 Comdty|VG1 Index|XM1 Comdty,ops20,all84
0.7039,0.5428,0.0304,226,CD1 Curncy|CO1 Comdty|CUA1 Comdty|DU1 Comdty|FV1 Comdty|GC1 Comdty|HI1 Index|LC1 Comdty|LH1 Comdty|MES1 Index|NO1 Curncy|NO1 Index|OAT1 Comdty|PA1 Comdty|SE1 Curncy|SF1 Curncy|SFI5 Comdty|TWT1 Index|UB1 Comdty|W 1 Comdty,ops20,all84
0.5811,0.6690,-0.9248,227,BO1 Comdty|BP1 Curncy|CL1 Comdty|CO1 Comdty|DM1 Index|EC1 Curncy|ER4 Comdty|HC1 Index|IR4 Comdty|JB1 Comdty|LC1 Comdty|MWE1 Comdty|NQ1 Index|OAT1 Comdty|PA1 Comdty|PE1 Curncy|SCO1 Comdty|SE1 Curncy|WN1 Comdty|XU1 Index,ops20,all84
0.4231,0.1928,-0.5610,228,BP1 Curncy|HO1 Comdty|JGS1 Index|KW1 Comdty|NG1 Comdty|NQ1 Index|NV1 Curncy|OE1 Comdty|PA1 Comdty|PE1 Curncy|PT1 Index|QC1 Comdty|RX1 Comdty|SB1 Comdty|SE1 Curncy|SFI5 Comdty|SI1 Comdty|TP1 Index|UB1 Comdty|XM1 Comdty,ops20,all84
0.3251,0.2075,-0.5991,229,AD1 Curncy|BP1 Curncy|C 1 Comdty|CF1 Index|CO1 Comdty|DM1 Index|GC1 Comdty|JB1 Comdty|NQ1 Index|NV1 Curncy|OAT1 Comdty|PA1 Comdty|QW1 Comdty|RTY1 Index|S 1 Comdty|SF1 Curncy|SFI5 Comdty|UB1 Comdty|US1 Comdty|XB1 Comdty,ops20,all84
0.4448,0.3709,-0.3570,230,BP1 Curncy|CL1 Comdty|DM1 Index|EC1 Curncy|ER4 Comdty|GC1 Comdty|HC1 Index|HG1 Comdty|IJ1 Comdty|KW1 Comdty|NQ1 Index|OAT1 Comdty|PE1 Curncy|QS1 Comdty|S 1 Comdty|SF1 Curncy|SFR5 Comdty|SM1 Index|TU1 Comdty|US1 Comdty,ops20,all84
0.3039,0.1430,-0.7809,231,BP1 Curncy|CF1 Index|EC1 Curncy|ER4 Comdty|FV1 Comdty|HC1 Index|LH1 Comdty|NG1 Comdty|NO1 Index|OE1 Comdty|PA1 Comdty|PE1 Curncy|PL1 Comdty|RS1 Comdty|RX1 Comdty|SF1 Curncy|SM1 Comdty|UB1 Comdty|XB1 Comdty|XU1 Index,ops20,all84
0.7230,0.4864,-0.1117,232,BP1 Curncy|CL1 Comdty|CUA1 Comdty|G 1 Comdty|JB1 Comdty|JY1 Curncy|LH1 Comdty|MWE1 Comdty|NV1 Curncy|OE1 Comdty|PE1 Curncy|QC1 Comdty|QC1 Index|SCO1 Comdty|SI1 Comdty|TWT1 Index|UB1 Comdty|UXY1 Comdty|XP1 Index|XU1 Index,ops20,all84
0.5191,0.2476,-0.6075,233,AD1 Curncy|C 1 Comdty|CD1 Curncy|CF1 Index|CUA1 Comdty|DU1 Comdty|HI1 Index|IJ1 Comdty|IK1 Comdty|MWE1 Comdty|NG1 Comdty|NO1 Curncy|PE1 Curncy|SCO1 Comdty|SI1 Comdty|TP1 Index|TU1 Comdty|TY1 Comdty|VG1 Index|WN1 Comdty,ops20,all84
0.6720,0.3697,-0.3148,234,CA1 Comdty|CD1 Curncy|CL1 Comdty|CN1 Comdty|CUA1 Comdty|FC1 Comdty|G 1 Comdty|HG1 Comdty|IK1 Comdty|JGS1 Index|JY1 Curncy|NO1 Curncy|NO1 Index|PA1 Comdty|PT1 Index|RTY1 Index|SB1 Comdty|SF1 Curncy|TU1 Comdty|UB1 Comdty,ops20,all84
0.5469,0.4050,-0.2901,235,C 1 Comdty|CF1 Index|CT1 Comdty|ES1 Index|G 1 Comdty|HO1 Comdty|IK1 Comdty|JB1 Comdty|JY1 Curncy|KC1 Comdty|NO1 Curncy|NV1 Curncy|QS1 Comdty|SCO1 Comdty|SE1 Curncy|SFI5 Comdty|SI1 Comdty|SM1 Index|TU1 Comdty|TWT1 Index,ops20,all84
0.4205,0.4242,-0.3281,236,BP1 Curncy|CA1 Comdty|CD1 Curncy|CT1 Comdty|DM1 Index|DU1 Comdty|ES1 Index|FV1 Comdty|G 1 Comdty|HO1 Comdty|NG1 Comdty|NV1 Curncy|OE1 Comdty|PA1 Comdty|QC1 Comdty|RTY1 Index|SCO1 Comdty|SF1 Curncy|SM1 Index|UB1 Comdty,ops20,all84
0.5090,0.2146,-0.1201,237,CO1 Comdty|CUA1 Comdty|DU1 Comdty|EC1 Curncy|EO1 Index|GC1 Comdty|HI1 Index|IK1 Comdty|JB1 Comdty|JY1 Curncy|KW1 Comdty|LC1 Comdty|QW1 Comdty|RTY1 Index|SE1 Curncy|SF1 Curncy|SI1 Comdty|TY1 Comdty|WN1 Comdty|XU1 Index,ops20,all84
0.6051,0.4401,-0.2551,238,AD1 Curncy|CL1 Comdty|CN1 Comdty|CT1 Comdty|G 1 Comdty|JGS1 Index|JY1 Curncy|NQ1 Index|OAT1 Comdty|PE1 Curncy|PT1 Index|QC1 Comdty|QS1 Comdty|QW1 Comdty|SCO1 Comdty|SF1 Curncy|SI1 Comdty|SM1 Index|TY1 Comdty|XM1 Comdty,ops20,all84
0.5612,0.3639,0.1049,239,BP1 Curncy|CA1 Comdty|CD1 Curncy|CF1 Index|CO1 Comdty|G 1 Comdty|GC1 Comdty|HC1 Index|IJ1 Comdty|JY1 Curncy|MES1 Index|NG1 Comdty|OAT1 Comdty|PE1 Curncy|SI1 Comdty|SM1 Comdty|TWT1 Index|UB1 Comdty|US1 Comdty|WN1 Comdty,ops20,all84
0.2270,0.1717,-0.4566,240,BO1 Comdty|BP1 Curncy|CF1 Index|CT1 Comdty|EC1 Curncy|ER4 Comdty|GX1 Index|HG1 Comdty|HO1 Comdty|JY1 Curncy|NO1 Index|PE1 Curncy|QW1 Comdty|SI1 Comdty|TY1 Comdty|US1 Comdty|UXY1 Comdty|XB1 Comdty|XM1 Comdty|XP1 Index,ops20,all84
0.3802,0.4298,-1.1896,241,AD1 Curncy|CN1 Comdty|EO1 Index|GX1 Index|HO1 Comdty|IJ1 Comdty|IR4 Comdty|NG1 Comdty|NO1 Curncy|NV1 Curncy|OAT1 Comdty|PA1 Comdty|PE1 Curncy|RS1 Comdty|SB1 Comdty|SCO1 Comdty|TP1 Index|TY1 Comdty|WN1 Comdty|XU1 Index,ops20,all84
0.3406,0.2244,-0.2176,242,AD1 Curncy|DF1 Comdty|FC1 Comdty|FV1 Comdty|G 1 Comdty|HC1 Index|HG1 Comdty|HO1 Comdty|IK1 Comdty|JY1 Curncy|KW1 Comdty|MES1 Index|NG1 Comdty|NO1 Index|NV1 Curncy|PA1 Comdty|SF1 Curncy|SM1 Index|US1 Comdty|WN1 Comdty,ops20,all84
0.4163,0.4235,0.0550,243,AD1 Curncy|BP1 Curncy|CT1 Comdty|FV1 Comdty|GC1 Comdty|GX1 Index|HO1 Comdty|IR4 Comdty|LH1 Comdty|NG1 Comdty|NO1 Curncy|NQ1 Index|PA1 Comdty|RS1 Comdty|RTY1 Index|SF1 Curncy|SFR5 Comdty|TU1 Comdty|WN1 Comdty|Z 1 Index,ops20,all84
0.4497,0.4996,-0.0464,244,AD1 Curncy|CD1 Curncy|CT1 Comdty|DF1 Comdty|GC1 Comdty|HO1 Comdty|IR4 Comdty|JGS1 Index|NG1 Comdty|NO1 Curncy|NO1 Index|PE1 Curncy|SB1 Comdty|SCO1 Comdty|TY1 Comdty|US1 Comdty|UXY1 Comdty|VG1 Index|XM1 Comdty|Z 1 Index,ops20,all84
0.4252,0.2276,-0.2296,245,BP1 Curncy|CD1 Curncy|CO1 Comdty|CUA1 Comdty|DU1 Comdty|HC1 Index|HI1 Index|KW1 Comdty|LC1 Comdty|NV1 Curncy|OAT1 Comdty|OE1 Comdty|PA1 Comdty|PT1 Index|QC1 Comdty|SF1 Curncy|SI1 Comdty|TU1 Comdty|VG1 Index|XM1 Comdty,ops20,all84
0.3134,0.3753,-0.6627,246,DM1 Index|DU1 Comdty|EC1 Curncy|HG1 Comdty|HI1 Index|HO1 Comdty|JB1 Comdty|NO1 Curncy|NO1 Index|NV1 Curncy|OAT1 Comdty|PE1 Curncy|QC1 Comdty|QC1 Index|QW1 Comdty|S 1 Comdty|SCO1 Comdty|UB1 Comdty|WN1 Comdty|XB1 Comdty,ops20,all84
0.1809,0.0316,-0.3176,247,AD1 Curncy|BP1 Curncy|CF1 Index|DU1 Comdty|FC1 Comdty|GC1 Comdty|HI1 Index|HO1 Comdty|IR4 Comdty|JB1 Comdty|LH1 Comdty|NV1 Curncy|OAT1 Comdty|PL1 Comdty|QS1 Comdty|SE1 Curncy|W 1 Comdty|XM1 Comdty|XP1 Index|Z 1 Index,ops20,all84
0.3934,0.3537,-0.2268,248,AD1 Curncy|BP1 Curncy|CD1 Curncy|DM1 Index|EO1 Index|FV1 Comdty|GC1 Comdty|HO1 Comdty|NG1 Comdty|NV1 Curncy|QC1 Comdty|RX1 Comdty|SCO1 Comdty|SFR5 Comdty|SM1 Comdty|SM1 Index|TU1 Comdty|UXY1 Comdty|W 1 Comdty|XP1 Index,ops20,all84
0.5283,0.5401,-0.8027,249,BO1 Comdty|BP1 Curncy|CA1 Comdty|HI1 Index|HO1 Comdty|IJ1 Comdty|IR4 Comdty|JGS1 Index|JY1 Curncy|NO1 Curncy|OE1 Comdty|PE1 Curncy|PL1 Comdty|QS1 Comdty|RTY1 Index|SCO1 Comdty|SFR5 Comdty|SM1 Index|TY1 Comdty|UB1 Comdty,ops20,all84
0.1276,0.1272,-0.9534,250,AD1 Curncy|CN1 Comdty|ER4 Comdty|HO1 Comdty|IR4 Comdty|KW1 Comdty|NO1 Curncy|PE1 Curncy|PL1 Comdty|RS1 Comdty|RX1 Comdty|SCO1 Comdty|SE1 Curncy|TWT1 Index|US1 Comdty|VG1 Index|W 1 Comdty|XB1 Comdty|XP1 Index|Z 1 Index,ops20,all84
0.4546,0.4183,-0.9719,251,BO1 Comdty|BP1 Curncy|CL1 Comdty|CUA1 Comdty|DF1 Comdty|EO1 Index|HG1 Comdty|MWE1 Comdty|NO1 Curncy|NQ1 Index|SCO1 Comdty|SE1 Curncy|SF1 Curncy|SFR5 Comdty|TU1 Comdty|UB1 Comdty|US1 Comdty|XM1 Comdty|XU1 Index|Z 1 Index,ops20,all84
0.3486,0.3426,-0.4888,252,CL1 Comdty|EC1 Curncy|ER4 Comdty|GX1 Index|HI1 Index|JY1 Curncy|KW1 Comdty|LC1 Comdty|NG1 Comdty|NV1 Curncy|PA1 Comdty|PE1 Curncy|PL1 Comdty|RS1 Comdty|RTY1 Index|SFI5 Comdty|TU1 Comdty|TWT1 Index|US1 Comdty|XM1 Comdty,ops20,all84
0.2403,0.1870,-0.8367,253,BP1 Curncy|CL1 Comdty|HG1 Comdty|HI1 Index|IK1 Comdty|IR4 Comdty|JY1 Curncy|KC1 Comdty|LH1 Comdty|NO1 Curncy|OE1 Comdty|PA1 Comdty|S 1 Comdty|SE1 Curncy|SM1 Index|TY1 Comdty|VG1 Index|XB1 Comdty|XM1 Comdty|XP1 Index,ops20,all84
0.2936,0.1560,-0.7599,254,EC1 Curncy|ES1 Index|FV1 Comdty|G 1 Comdty|JY1 Curncy|KW1 Comdty|MWE1 Comdty|NV1 Curncy|OAT1 Comdty|PL1 Comdty|QS1 Comdty|RX1 Comdty|SB1 Comdty|SCO1 Comdty|SF1 Curncy|TY1 Comdty|VG1 Index|XB1 Comdty|XP1 Index|Z 1 Index,ops20,all84
0.5173,0.3833,-0.2491,255,BP1 Curncy|CL1 Comdty|DM1 Index|ER4 Comdty|FC1 Comdty|G 1 Comdty|HI1 Index|HO1 Comdty|JB1 Comdty|JGS1 Index|JY1 Curncy|KC1 Comdty|LH1 Comdty|NV1 Curncy|PA1 Comdty|SE1 Curncy|SFR5 Comdty|SI1 Comdty|TU1 Comdty|XU1 Index,ops20,all84
0.2979,0.1173,0.1258,256,AD1 Curncy|CD1 Curncy|DU1 Comdty|EO1 Index|ER4 Comdty|GC1 Comdty|HC1 Index|HO1 Comdty|JGS1 Index|JY1 Curncy|MWE1 Comdty|NQ1 Index|RX1 Comdty|S 1 Comdty|SF1 Curncy|SI1 Comdty|TU1 Comdty|W 1 Comdty|XB1 Comdty|XM1 Comdty,ops20,all84
0.5163,0.4975,-0.1548,257,C 1 Comdty|CUA1 Comdty|DF1 Comdty|EC1 Curncy|EO1 Index|ER4 Comdty|FV1 Comdty|GC1 Comdty|HC1 Index|HO1 Comdty|MES1 Index|NV1 Curncy|PA1 Comdty|PE1 Curncy|SE1 Curncy|SM1 Comdty|TY1 Comdty|UB1 Comdty|US1 Comdty|Z 1 Index,ops20,all84
0.4232,0.3455,-0.9294,258,AD1 Curncy|CF1 Index|CT1 Comdty|CUA1 Comdty|EC1 Curncy|FV1 Comdty|HG1 Comdty|HO1 Comdty|IJ1 Comdty|IR4 Comdty|KW1 Comdty|NO1 Curncy|NO1 Index|OAT1 Comdty|PE1 Curncy|SCO1 Comdty|SM1 Index|UXY1 Comdty|WN1 Comdty|XP1 Index,ops20,all84
0.4398,0.2347,-0.3997,259,AD1 Curncy|BO1 Comdty|CL1 Comdty|CO1 Comdty|DU1 Comdty|EO1 Index|FV1 Comdty|G 1 Comdty|GX1 Index|IJ1 Comdty|IK1 Comdty|JY1 Curncy|KC1 Comdty|NO1 Index|PA1 Comdty|PE1 Curncy|PT1 Index|SE1 Curncy|SFR5 Comdty|SI1 Comdty,ops20,all84
0.1929,-0.0225,-0.6283,260,AD1 Curncy|C 1 Comdty|CO1 Comdty|DM1 Index|ER4 Comdty|G 1 Comdty|HG1 Comdty|JY1 Curncy|KC1 Comdty|KW1 Comdty|MES1 Index|NO1 Curncy|NV1 Curncy|OE1 Comdty|PL1 Comdty|QS1 Comdty|SM1 Index|TP1 Index|UB1 Comdty|XM1 Comdty,ops20,all84
0.6662,0.6843,0.0470,261,AD1 Curncy|CA1 Comdty|CO1 Comdty|DF1 Comdty|ER4 Comdty|GX1 Index|HO1 Comdty|JY1 Curncy|LH1 Comdty|NO1 Curncy|PT1 Index|SCO1 Comdty|SF1 Curncy|SFI5 Comdty|SI1 Comdty|TU1 Comdty|TWT1 Index|US1 Comdty|XM1 Comdty|Z 1 Index,ops20,all84
0.6106,0.4383,-0.3038,262,BP1 Curncy|CL1 Comdty|CT1 Comdty|CUA1 Comdty|DF1 Comdty|ES1 Index|JGS1 Index|LC1 Comdty|OE1 Comdty|PE1 Curncy|SCO1 Comdty|SE1 Curncy|SF1 Curncy|SFR5 Comdty|SI1 Comdty|SM1 Index|TU1 Comdty|UXY1 Comdty|VG1 Index|XM1 Comdty,ops20,all84
0.4217,0.2071,-0.4392,263,CC1 Comdty|CD1 Curncy|CF1 Index|CUA1 Comdty|EO1 Index|ES1 Index|HG1 Comdty|HO1 Comdty|IK1 Comdty|IR4 Comdty|JY1 Curncy|LC1 Comdty|NO1 Curncy|OE1 Comdty|SB1 Comdty|SE1 Curncy|SI1 Comdty|US1 Comdty|XM1 Comdty|XU1 Index,ops20,all84
0.5540,0.4827,-0.8405,264,AD1 Curncy|CO1 Comdty|CUA1 Comdty|DM1 Index|EC1 Curncy|ER4 Comdty|JGS1 Index|NV1 Curncy|PE1 Curncy|PL1 Comdty|PT1 Index|QC1 Comdty|S 1 Comdty|SB1 Comdty|SCO1 Comdty|TU1 Comdty|TY1 Comdty|US1 Comdty|WN1 Comdty|Z 1 Index,ops20,all84
0.3501,0.3065,-0.3420,265,AD1 Curncy|CC1 Comdty|CF1 Index|CL1 Comdty|DM1 Index|DU1 Comdty|ER4 Comdty|FC1 Comdty|G 1 Comdty|HG1 Comdty|HO1 Comdty|PE1 Curncy|SB1 Comdty|SCO1 Comdty|SE1 Curncy|SF1 Curncy|TP1 Index|TU1 Comdty|UB1 Comdty|VG1 Index,ops20,all84
0.3762,0.3061,-0.0598,266,BP1 Curncy|CA1 Comdty|CL1 Comdty|EC1 Curncy|ER4 Comdty|FC1 Comdty|FV1 Comdty|HO1 Comdty|JGS1 Index|MWE1 Comdty|NO1 Curncy|NO1 Index|PA1 Comdty|PL1 Comdty|QC1 Index|SF1 Curncy|TU1 Comdty|UB1 Comdty|UXY1 Comdty|Z 1 Index,ops20,all84
0.4220,0.4421,-0.0405,267,AD1 Curncy|CD1 Curncy|CL1 Comdty|FV1 Comdty|HG1 Comdty|JB1 Comdty|JY1 Curncy|LC1 Comdty|NG1 Comdty|NO1 Curncy|NO1 Index|OE1 Comdty|PT1 Index|QC1 Comdty|SCO1 Comdty|SM1 Comdty|TWT1 Index|TY1 Comdty|UB1 Comdty|XU1 Index,ops20,all84
0.3614,0.3077,-0.2938,268,CC1 Comdty|CO1 Comdty|EC1 Curncy|EO1 Index|HI1 Index|HO1 Comdty|JY1 Curncy|NO1 Curncy|NQ1 Index|OE1 Comdty|PA1 Comdty|PE1 Curncy|QW1 Comdty|SB1 Comdty|SFR5 Comdty|SI1 Comdty|TU1 Comdty|VG1 Index|WN1 Comdty|XM1 Comdty,ops20,all84
0.3685,0.4028,-1.1727,269,BO1 Comdty|C 1 Comdty|CD1 Curncy|CO1 Comdty|EC1 Curncy|EO1 Index|JB1 Comdty|NO1 Index|NV1 Curncy|OAT1 Comdty|PA1 Comdty|QS1 Comdty|RX1 Comdty|SCO1 Comdty|SE1 Curncy|SFI5 Comdty|SM1 Comdty|TU1 Comdty|XP1 Index|XU1 Index,ops20,all84
0.7196,0.5588,0.0140,270,AD1 Curncy|CD1 Curncy|CT1 Comdty|CUA1 Comdty|EO1 Index|ER4 Comdty|ES1 Index|GC1 Comdty|IK1 Comdty|LH1 Comdty|OE1 Comdty|PE1 Curncy|S 1 Comdty|SCO1 Comdty|SF1 Curncy|TWT1 Index|TY1 Comdty|UB1 Comdty|XB1 Comdty|XU1 Index,ops20,all84
0.7148,0.6616,0.0259,271,AD1 Curncy|CC1 Comdty|CD1 Curncy|DF1 Comdty|FV1 Comdty|G 1 Comdty|IK1 Comdty|JGS1 Index|JY1 Curncy|NG1 Comdty|QS1 Comdty|RS1 Comdty|RTY1 Index|SCO1 Comdty|SE1 Curncy|SFR5 Comdty|SI1 Comdty|TU1 Comdty|TWT1 Index|XU1 Index,ops20,all84
0.0625,-0.0824,-0.8968,272,CD1 Curncy|CL1 Comdty|CN1 Comdty|ER4 Comdty|IJ1 Comdty|IK1 Comdty|JGS1 Index|MES1 Index|NO1 Curncy|NO1 Index|PE1 Curncy|PL1 Comdty|QW1 Comdty|SF1 Curncy|SFR5 Comdty|SI1 Comdty|SM1 Comdty|TU1 Comdty|XB1 Comdty|XP1 Index,ops20,all84
0.6220,0.4646,-0.5868,273,CD1 Curncy|CO1 Comdty|CT1 Comdty|DU1 Comdty|ER4 Comdty|HI1 Index|IR4 Comdty|JY1 Curncy|MES1 Index|MWE1 Comdty|NO1 Curncy|NQ1 Index|NV1 Curncy|OAT1 Comdty|PT1 Index|QS1 Comdty|SB1 Comdty|SCO1 Comdty|SI1 Comdty|XM1 Comdty,ops20,all84
0.4853,0.3389,-0.5853,274,AD1 Curncy|CA1 Comdty|CUA1 Comdty|DU1 Comdty|EC1 Curncy|ES1 Index|IJ1 Comdty|IK1 Comdty|KW1 Comdty|MES1 Index|NO1 Curncy|NV1 Curncy|PA1 Comdty|PL1 Comdty|QS1 Comdty|TP1 Index|TY1 Comdty|UXY1 Comdty|VG1 Index|XM1 Comdty,ops20,all84
0.5806,0.3849,-0.7961,275,AD1 Curncy|BP1 Curncy|CO1 Comdty|DM1 Index|DU1 Comdty|EC1 Curncy|ES1 Index|FC1 Comdty|IK1 Comdty|NQ1 Index|NV1 Curncy|QW1 Comdty|S 1 Comdty|SCO1 Comdty|SFI5 Comdty|SI1 Comdty|TY1 Comdty|UXY1 Comdty|VG1 Index|XB1 Comdty,ops20,all84
0.4087,0.3140,-0.4114,276,AD1 Curncy|BP1 Curncy|CL1 Comdty|EC1 Curncy|FV1 Comdty|IK1 Comdty|JGS1 Index|MES1 Index|OAT1 Comdty|PA1 Comdty|QC1 Comdty|RTY1 Index|S 1 Comdty|SE1 Curncy|SFI5 Comdty|SI1 Comdty|TWT1 Index|UXY1 Comdty|W 1 Comdty|XB1 Comdty,ops20,all84
0.5443,0.4225,-0.5009,277,AD1 Curncy|CA1 Comdty|CD1 Curncy|CL1 Comdty|CN1 Comdty|EC1 Curncy|ER4 Comdty|FC1 Comdty|G 1 Comdty|HC1 Index|HG1 Comdty|IR4 Comdty|JY1 Curncy|KC1 Comdty|QS1 Comdty|RTY1 Index|RX1 Comdty|SCO1 Comdty|SM1 Index|XU1 Index,ops20,all84
0.7986,0.5777,-0.2123,278,BP1 Curncy|CA1 Comdty|CUA1 Comdty|ES1 Index|HC1 Index|HO1 Comdty|IK1 Comdty|JB1 Comdty|JY1 Curncy|KC1 Comdty|OE1 Comdty|QW1 Comdty|SCO1 Comdty|SE1 Curncy|SF1 Curncy|SFR5 Comdty|SI1 Comdty|TWT1 Index|US1 Comdty|Z 1 Index,ops20,all84
0.4653,0.2188,-0.6646,279,AD1 Curncy|BO1 Comdty|BP1 Curncy|CN1 Comdty|CO1 Comdty|CUA1 Comdty|FV1 Comdty|GX1 Index|JY1 Curncy|KW1 Comdty|LH1 Comdty|NV1 Curncy|OAT1 Comdty|OE1 Comdty|PA1 Comdty|PT1 Index|SI1 Comdty|SM1 Index|VG1 Index|WN1 Comdty,ops20,all84
0.4524,0.1976,-0.3766,280,CD1 Curncy|CUA1 Comdty|DM1 Index|EC1 Curncy|GC1 Comdty|IR4 Comdty|KC1 Comdty|MWE1 Comdty|NG1 Comdty|OAT1 Comdty|PA1 Comdty|QW1 Comdty|RTY1 Index|SE1 Curncy|SF1 Curncy|SM1 Index|UB1 Comdty|US1 Comdty|XM1 Comdty|Z 1 Index,ops20,all84
0.1673,0.0648,-0.2286,281,BP1 Curncy|CC1 Comdty|DM1 Index|DU1 Comdty|ER4 Comdty|HG1 Comdty|HO1 Comdty|JY1 Curncy|NO1 Curncy|OAT1 Comdty|PL1 Comdty|PT1 Index|QS1 Comdty|S 1 Comdty|SF1 Curncy|TP1 Index|W 1 Comdty|WN1 Comdty|XM1 Comdty|Z 1 Index,ops20,all84
0.4661,0.4310,-1.3324,282,BP1 Curncy|ER4 Comdty|ES1 Index|IJ1 Comdty|LH1 Comdty|NO1 Curncy|NV1 Curncy|OAT1 Comdty|PA1 Comdty|PT1 Index|QS1 Comdty|QW1 Comdty|RTY1 Index|RX1 Comdty|SCO1 Comdty|SF1 Curncy|US1 Comdty|XB1 Comdty|XM1 Comdty|XU1 Index,ops20,all84
0.1295,-0.0096,-0.2579,283,BP1 Curncy|CO1 Comdty|EO1 Index|G 1 Comdty|HG1 Comdty|IR4 Comdty|KW1 Comdty|MES1 Index|NG1 Comdty|NO1 Curncy|NV1 Curncy|PT1 Index|QC1 Comdty|SF1 Curncy|SFR5 Comdty|SI1 Comdty|TU1 Comdty|W 1 Comdty|WN1 Comdty|Z 1 Index,ops20,all84
0.1849,0.1751,-0.7065,284,CD1 Curncy|CL1 Comdty|DM1 Index|ES1 Index|FV1 Comdty|IR4 Comdty|KC1 Comdty|LC1 Comdty|NO1 Curncy|NV1 Curncy|PA1 Comdty|PL1 Comdty|QS1 Comdty|RS1 Comdty|SE1 Curncy|TY1 Comdty|UB1 Comdty|VG1 Index|XM1 Comdty|XP1 Index,ops20,all84
0.3327,0.2607,-0.1751,285,BP1 Curncy|CC1 Comdty|DF1 Comdty|GC1 Comdty|HG1 Comdty|HO1 Comdty|IK1 Comdty|NO1 Curncy|NV1 Curncy|OE1 Comdty|QC1 Index|QS1 Comdty|QW1 Comdty|SF1 Curncy|SFI5 Comdty|SM1 Index|UXY1 Comdty|WN1 Comdty|XP1 Index|XU1 Index,ops20,all84
0.3866,0.1923,0.0754,286,C 1 Comdty|CO1 Comdty|ER4 Comdty|FV1 Comdty|G 1 Comdty|GC1 Comdty|JGS1 Index|JY1 Curncy|KW1 Comdty|LC1 Comdty|NQ1 Index|OAT1 Comdty|PE1 Curncy|PL1 Comdty|RTY1 Index|SE1 Curncy|SF1 Curncy|UXY1 Comdty|XB1 Comdty|Z 1 Index,ops20,all84
0.1652,0.1698,-0.3049,287,BP1 Curncy|CD1 Curncy|CF1 Index|CL1 Comdty|CN1 Comdty|CT1 Comdty|DM1 Index|EO1 Index|HG1 Comdty|HO1 Comdty|IR4 Comdty|JY1 Curncy|LC1 Comdty|NO1 Curncy|PT1 Index|S 1 Comdty|SI1 Comdty|TU1 Comdty|TY1 Comdty|XM1 Comdty,ops20,all84
0.4371,0.3853,-0.0354,288,AD1 Curncy|CD1 Curncy|EC1 Curncy|FC1 Comdty|GC1 Comdty|GX1 Index|HC1 Index|HO1 Comdty|IJ1 Comdty|IR4 Comdty|JB1 Comdty|MES1 Index|OAT1 Comdty|PA1 Comdty|QS1 Comdty|S 1 Comdty|SF1 Curncy|SFI5 Comdty|TP1 Index|TU1 Comdty,ops20,all84
0.3906,0.2996,-1.2019,289,AD1 Curncy|CL1 Comdty|DM1 Index|GX1 Index|IJ1 Comdty|IK1 Comdty|JY1 Curncy|KW1 Comdty|NV1 Curncy|PL1 Comdty|QS1 Comdty|RS1 Comdty|SCO1 Comdty|SE1 Curncy|SM1 Index|TU1 Comdty|UB1 Comdty|US1 Comdty|UXY1 Comdty|XP1 Index,ops20,all84
0.4251,0.3484,-0.6400,290,CF1 Index|CO1 Comdty|EC1 Curncy|FV1 Comdty|G 1 Comdty|HG1 Comdty|HO1 Comdty|IK1 Comdty|IR4 Comdty|JB1 Comdty|KC1 Comdty|LH1 Comdty|NV1 Curncy|PA1 Comdty|PE1 Curncy|PT1 Index|QC1 Index|RS1 Comdty|SE1 Curncy|SM1 Index,ops20,all84
0.3499,0.2508,-0.7010,291,BP1 Curncy|CD1 Curncy|CO1 Comdty|CT1 Comdty|DU1 Comdty|EC1 Curncy|ES1 Index|G 1 Comdty|HC1 Index|LC1 Comdty|PL1 Comdty|QC1 Index|RX1 Comdty|SCO1 Comdty|SF1 Curncy|SM1 Comdty|TP1 Index|UXY1 Comdty|XB1 Comdty|XM1 Comdty,ops20,all84
0.4292,0.4667,-0.9760,292,CT1 Comdty|EC1 Curncy|EO1 Index|ER4 Comdty|ES1 Index|HO1 Comdty|JY1 Curncy|KW1 Comdty|NG1 Comdty|NO1 Curncy|PA1 Comdty|SB1 Comdty|SCO1 Comdty|SE1 Curncy|SFI5 Comdty|US1 Comdty|UXY1 Comdty|VG1 Index|XM1 Comdty|XP1 Index,ops20,all84
0.5135,0.1845,-0.8457,293,AD1 Curncy|CF1 Index|CUA1 Comdty|EC1 Curncy|G 1 Comdty|IK1 Comdty|JGS1 Index|LC1 Comdty|NG1 Comdty|NO1 Curncy|OE1 Comdty|PA1 Comdty|PT1 Index|RS1 Comdty|S 1 Comdty|SE1 Curncy|SI1 Comdty|SM1 Index|UB1 Comdty|WN1 Comdty,ops20,all84
0.2978,0.2792,-0.7378,294,BP1 Curncy|CD1 Curncy|CO1 Comdty|CT1 Comdty|ER4 Comdty|GX1 Index|JB1 Comdty|JGS1 Index|LC1 Comdty|NV1 Curncy|PL1 Comdty|RX1 Comdty|SCO1 Comdty|SF1 Curncy|SM1 Comdty|TP1 Index|TU1 Comdty|UXY1 Comdty|XB1 Comdty|XU1 Index,ops20,all84
0.6823,0.6827,-0.2249,295,BP1 Curncy|CO1 Comdty|EC1 Curncy|ES1 Index|FC1 Comdty|FV1 Comdty|G 1 Comdty|NO1 Index|OAT1 Comdty|OE1 Comdty|PA1 Comdty|PE1 Curncy|QC1 Comdty|QC1 Index|QS1 Comdty|SCO1 Comdty|SE1 Curncy|TU1 Comdty|W 1 Comdty|XU1 Index,ops20,all84
0.4145,0.2607,0.0515,296,AD1 Curncy|CC1 Comdty|CD1 Curncy|CO1 Comdty|DU1 Comdty|G 1 Comdty|GX1 Index|HC1 Index|JB1 Comdty|JY1 Curncy|LH1 Comdty|MWE1 Comdty|NG1 Comdty|PA1 Comdty|PE1 Curncy|QC1 Index|SFI5 Comdty|SI1 Comdty|SM1 Index|XM1 Comdty,ops20,all84
0.7204,0.6305,0.2438,297,CD1 Curncy|CO1 Comdty|CT1 Comdty|EC1 Curncy|ES1 Index|GC1 Comdty|GX1 Index|IK1 Comdty|JB1 Comdty|KW1 Comdty|MES1 Index|NO1 Index|QC1 Comdty|QS1 Comdty|SCO1 Comdty|SE1 Curncy|SF1 Curncy|SFI5 Comdty|US1 Comdty|UXY1 Comdty,ops20,all84
0.2502,0.0412,-1.2476,298,AD1 Curncy|BO1 Comdty|CD1 Curncy|CO1 Comdty|ER4 Comdty|FC1 Comdty|HG1 Comdty|MES1 Index|NO1 Curncy|OE1 Comdty|RS1 Comdty|RTY1 Index|RX1 Comdty|SCO1 Comdty|SF1 Curncy|SFI5 Comdty|VG1 Index|XB1 Comdty|XM1 Comdty|Z 1 Index,ops20,all84
0.6190,0.7470,0.1762,299,CA1 Comdty|CO1 Comdty|DF1 Comdty|EC1 Curncy|FV1 Comdty|GX1 Index|HC1 Index|HG1 Comdty|HO1 Comdty|IR4 Comdty|JY1 Curncy|LH1 Comdty|NO1 Curncy|NO1 Index|PA1 Comdty|SE1 Curncy|TWT1 Index|TY1 Comdty|UB1 Comdty|UXY1 Comdty,ops20,all84
0.4420,0.4985,0.3292,300,AD1 Curncy|CA1 Comdty|CD1 Curncy|GC1 Comdty|HG1 Comdty|HO1 Comdty|IR4 Comdty|JB1 Comdty|JGS1 Index|KC1 Comdty|NO1 Curncy|NO1 Index|QS1 Comdty|S 1 Comdty|SE1 Curncy|SFR5 Comdty|TWT1 Index|TY1 Comdty|UB1 Comdty|XU1 Index,ops20,all84
0.3505,0.2744,-0.2359,301,BP1 Curncy|CC1 Comdty|CD1 Curncy|DU1 Comdty|EO1 Index|IK1 Comdty|JGS1 Index|JY1 Curncy|LC1 Comdty|NO1 Curncy|PA1 Comdty|QS1 Comdty|RS1 Comdty|SI1 Comdty|TY1 Comdty|WN1 Comdty|XB1 Comdty|XM1 Comdty|XU1 Index|Z 1 Index,ops20,all84
0.2921,0.0976,0.1291,302,AD1 Curncy|BP1 Curncy|DU1 Comdty|ES1 Index|FC1 Comdty|FV1 Comdty|GC1 Comdty|IJ1 Comdty|LC1 Comdty|OE1 Comdty|PL1 Comdty|QC1 Index|QS1 Comdty|SE1 Curncy|SF1 Curncy|TU1 Comdty|VG1 Index|WN1 Comdty|XB1 Comdty|XP1 Index,ops20,all84
0.6735,0.6340,-0.2872,303,CD1 Curncy|CO1 Comdty|CT1 Comdty|EC1 Curncy|ES1 Index|FC1 Comdty|G 1 Comdty|JGS1 Index|JY1 Curncy|NO1 Index|NV1 Curncy|PL1 Comdty|PT1 Index|QS1 Comdty|S 1 Comdty|SCO1 Comdty|SFI5 Comdty|SFR5 Comdty|UXY1 Comdty|XM1 Comdty,ops20,all84
0.4717,0.6834,-0.0974,304,AD1 Curncy|CC1 Comdty|CD1 Curncy|CL1 Comdty|DU1 Comdty|EC1 Curncy|HO1 Comdty|JB1 Comdty|KW1 Comdty|LH1 Comdty|NO1 Index|NV1 Curncy|PA1 Comdty|PT1 Index|QC1 Index|SCO1 Comdty|SFI5 Comdty|TWT1 Index|TY1 Comdty|UXY1 Comdty,ops20,all84
0.2955,0.1784,-0.8959,305,AD1 Curncy|CD1 Curncy|CN1 Comdty|ER4 Comdty|IJ1 Comdty|IR4 Comdty|JGS1 Index|JY1 Curncy|KW1 Comdty|NG1 Comdty|NO1 Index|PL1 Comdty|RTY1 Index|SB1 Comdty|SCO1 Comdty|SF1 Curncy|SFI5 Comdty|UXY1 Comdty|VG1 Index|XB1 Comdty,ops20,all84
0.3727,0.3103,-0.9402,306,BP1 Curncy|CF1 Index|DM1 Index|DU1 Comdty|EC1 Curncy|LH1 Comdty|NG1 Comdty|PA1 Comdty|QC1 Comdty|QW1 Comdty|RX1 Comdty|SCO1 Comdty|SE1 Curncy|SF1 Curncy|SFI5 Comdty|SM1 Index|UB1 Comdty|VG1 Index|WN1 Comdty|XB1 Comdty,ops20,all84
0.2665,0.0175,-0.8624,307,CD1 Curncy|CF1 Index|CUA1 Comdty|EC1 Curncy|ES1 Index|HG1 Comdty|JB1 Comdty|JY1 Curncy|NO1 Curncy|PL1 Comdty|QW1 Comdty|RX1 Comdty|SM1 Comdty|SM1 Index|TWT1 Index|TY1 Comdty|US1 Comdty|UXY1 Comdty|W 1 Comdty|XB1 Comdty,ops20,all84
0.4410,0.4283,0.7702,308,BP1 Curncy|CC1 Comdty|CD1 Curncy|CL1 Comdty|CN1 Comdty|G 1 Comdty|GC1 Comdty|HC1 Index|HI1 Index|IK1 Comdty|IR4 Comdty|JY1 Curncy|KC1 Comdty|LC1 Comdty|NO1 Index|PE1 Curncy|PL1 Comdty|QS1 Comdty|TWT1 Index|UXY1 Comdty,ops20,all84
0.3355,0.2002,-0.8875,309,CA1 Comdty|CL1 Comdty|CO1 Comdty|DU1 Comdty|EC1 Curncy|EO1 Index|HC1 Index|HG1 Comdty|JY1 Curncy|NV1 Curncy|OAT1 Comdty|PA1 Comdty|QC1 Index|RS1 Comdty|RX1 Comdty|SB1 Comdty|SF1 Curncy|WN1 Comdty|XM1 Comdty|XP1 Index,ops20,all84
0.4040,0.2744,-0.9285,310,AD1 Curncy|C 1 Comdty|CUA1 Comdty|DM1 Index|ER4 Comdty|IR4 Comdty|JGS1 Index|MWE1 Comdty|NO1 Curncy|PL1 Comdty|QS1 Comdty|RX1 Comdty|S 1 Comdty|SCO1 Comdty|SE1 Curncy|SF1 Curncy|TU1 Comdty|US1 Comdty|VG1 Index|XP1 Index,ops20,all84
0.4837,0.4386,0.2740,311,AD1 Curncy|BP1 Curncy|CC1 Comdty|CT1 Comdty|G 1 Comdty|GC1 Comdty|HO1 Comdty|JB1 Comdty|JGS1 Index|NO1 Curncy|NO1 Index|S 1 Comdty|SCO1 Comdty|SF1 Curncy|SM1 Index|TWT1 Index|UB1 Comdty|US1 Comdty|UXY1 Comdty|XB1 Comdty,ops20,all84
0.4402,0.4649,-0.4539,312,CC1 Comdty|CL1 Comdty|CO1 Comdty|DF1 Comdty|DM1 Index|EC1 Curncy|G 1 Comdty|IJ1 Comdty|JY1 Curncy|NO1 Curncy|NO1 Index|PL1 Comdty|SCO1 Comdty|SF1 Curncy|SFI5 Comdty|SFR5 Comdty|US1 Comdty|VG1 Index|XM1 Comdty|Z 1 Index,ops20,all84
0.4805,0.3278,-0.8499,313,BP1 Curncy|CL1 Comdty|CUA1 Comdty|ER4 Comdty|G 1 Comdty|HI1 Index|IJ1 Comdty|IK1 Comdty|KW1 Comdty|PE1 Curncy|PL1 Comdty|SCO1 Comdty|SE1 Curncy|SF1 Curncy|TP1 Index|TU1 Comdty|TWT1 Index|US1 Comdty|W 1 Comdty|XP1 Index,ops20,all84
0.2724,0.1316,0.5800,314,CA1 Comdty|CC1 Comdty|CD1 Curncy|DU1 Comdty|EO1 Index|GC1 Comdty|GX1 Index|JB1 Comdty|LH1 Comdty|NG1 Comdty|NO1 Curncy|SE1 Curncy|SF1 Curncy|SI1 Comdty|SM1 Index|TY1 Comdty|US1 Comdty|WN1 Comdty|XB1 Comdty|Z 1 Index,ops20,all84
0.7537,0.6571,-0.7692,315,AD1 Curncy|BP1 Curncy|CF1 Index|CUA1 Comdty|EC1 Curncy|FC1 Comdty|HC1 Index|HO1 Comdty|IK1 Comdty|MWE1 Comdty|NV1 Curncy|OE1 Comdty|PA1 Comdty|QC1 Index|RS1 Comdty|RX1 Comdty|SCO1 Comdty|TU1 Comdty|TWT1 Index|UXY1 Comdty,ops20,all84
0.6292,0.3328,-0.5328,316,CC1 Comdty|CL1 Comdty|CUA1 Comdty|EO1 Index|IK1 Comdty|JY1 Curncy|LH1 Comdty|NO1 Curncy|NO1 Index|OE1 Comdty|RX1 Comdty|SCO1 Comdty|SE1 Curncy|SF1 Curncy|SFI5 Comdty|SI1 Comdty|SM1 Comdty|US1 Comdty|XP1 Index|XU1 Index,ops20,all84
0.3076,0.2418,0.0316,317,CA1 Comdty|CN1 Comdty|DU1 Comdty|HG1 Comdty|IK1 Comdty|JB1 Comdty|MWE1 Comdty|NO1 Curncy|NO1 Index|NQ1 Index|PE1 Curncy|PL1 Comdty|QS1 Comdty|S 1 Comdty|SE1 Curncy|SF1 Curncy|TWT1 Index|US1 Comdty|XB1 Comdty|XP1 Index,ops20,all84
0.5065,0.4264,0.0251,318,CD1 Curncy|CO1 Comdty|DF1 Comdty|DM1 Index|FV1 Comdty|GC1 Comdty|HC1 Index|HO1 Comdty|IJ1 Comdty|IR4 Comdty|MES1 Index|NQ1 Index|OAT1 Comdty|PE1 Curncy|SB1 Comdty|SE1 Curncy|SF1 Curncy|SFR5 Comdty|SI1 Comdty|TY1 Comdty,ops20,all84
0.3525,0.1831,-0.6716,319,AD1 Curncy|CL1 Comdty|CN1 Comdty|CO1 Comdty|DM1 Index|EC1 Curncy|LH1 Comdty|NO1 Curncy|NQ1 Index|OE1 Comdty|PA1 Comdty|PT1 Index|QC1 Index|S 1 Comdty|SF1 Curncy|SI1 Comdty|US1 Comdty|W 1 Comdty|WN1 Comdty|XM1 Comdty,ops20,all84
0.2353,0.0339,-0.5089,320,BO1 Comdty|BP1 Curncy|CC1 Comdty|CL1 Comdty|DM1 Index|FC1 Comdty|GX1 Index|IK1 Comdty|NV1 Curncy|OAT1 Comdty|OE1 Comdty|PA1 Comdty|PE1 Curncy|PL1 Comdty|SF1 Curncy|SFR5 Comdty|UB1 Comdty|XB1 Comdty|XU1 Index|Z 1 Index,ops20,all84
0.5478,0.4925,0.0984,321,AD1 Curncy|BP1 Curncy|CA1 Comdty|CL1 Comdty|DU1 Comdty|EC1 Curncy|GC1 Comdty|HG1 Comdty|HO1 Comdty|IK1 Comdty|IR4 Comdty|JB1 Comdty|NO1 Index|OE1 Comdty|PE1 Curncy|PT1 Index|RS1 Comdty|SB1 Comdty|TWT1 Index|XU1 Index,ops20,all84
0.4626,0.2426,-0.7096,322,C 1 Comdty|CD1 Curncy|CF1 Index|CT1 Comdty|DF1 Comdty|EC1 Curncy|ER4 Comdty|ES1 Index|FV1 Comdty|IK1 Comdty|JGS1 Index|NG1 Comdty|NV1 Curncy|OE1 Comdty|SCO1 Comdty|SE1 Curncy|SI1 Comdty|SM1 Index|XB1 Comdty|XM1 Comdty,ops20,all84
0.5174,0.2693,-0.2643,323,BP1 Curncy|CA1 Comdty|CN1 Comdty|EC1 Curncy|FC1 Comdty|HI1 Index|IK1 Comdty|JGS1 Index|KC1 Comdty|NG1 Comdty|NQ1 Index|NV1 Curncy|PA1 Comdty|QS1 Comdty|SF1 Curncy|SI1 Comdty|US1 Comdty|UXY1 Comdty|XM1 Comdty|XP1 Index,ops20,all84
0.3526,0.2249,-1.4662,324,BO1 Comdty|BP1 Curncy|CN1 Comdty|CUA1 Comdty|EC1 Curncy|GX1 Index|HC1 Index|HG1 Comdty|NG1 Comdty|NQ1 Index|RS1 Comdty|SCO1 Comdty|SE1 Curncy|SF1 Curncy|SM1 Comdty|TU1 Comdty|US1 Comdty|UXY1 Comdty|XM1 Comdty|Z 1 Index,ops20,all84
0.3985,0.3220,0.1700,325,AD1 Curncy|CC1 Comdty|CL1 Comdty|CO1 Comdty|DM1 Index|HG1 Comdty|HI1 Index|JB1 Comdty|JY1 Curncy|NO1 Curncy|OAT1 Comdty|OE1 Comdty|PE1 Curncy|QC1 Comdty|QC1 Index|S 1 Comdty|SI1 Comdty|TU1 Comdty|TWT1 Index|UXY1 Comdty,ops20,all84
0.3995,0.1980,0.1297,326,AD1 Curncy|C 1 Comdty|CUA1 Comdty|FV1 Comdty|GC1 Comdty|HO1 Comdty|JB1 Comdty|JGS1 Index|JY1 Curncy|KC1 Comdty|KW1 Comdty|NO1 Curncy|NO1 Index|NV1 Curncy|RTY1 Index|SI1 Comdty|TY1 Comdty|UXY1 Comdty|WN1 Comdty|XU1 Index,ops20,all84
0.4989,0.2804,-1.3465,327,AD1 Curncy|CF1 Index|CO1 Comdty|CUA1 Comdty|ER4 Comdty|HG1 Comdty|IR4 Comdty|JGS1 Index|JY1 Curncy|KW1 Comdty|MES1 Index|OAT1 Comdty|SB1 Comdty|SCO1 Comdty|SE1 Curncy|SF1 Curncy|SM1 Index|US1 Comdty|W 1 Comdty|WN1 Comdty,ops20,all84
0.3638,0.3215,-0.2418,328,BO1 Comdty|BP1 Curncy|CC1 Comdty|CD1 Curncy|CL1 Comdty|CN1 Comdty|DM1 Index|EC1 Curncy|ER4 Comdty|GC1 Comdty|GX1 Index|HC1 Index|IR4 Comdty|KW1 Comdty|SCO1 Comdty|SF1 Curncy|UB1 Comdty|UXY1 Comdty|XB1 Comdty|Z 1 Index,ops20,all84
0.1906,0.1044,-0.9119,329,AD1 Curncy|BP1 Curncy|CD1 Curncy|CL1 Comdty|CN1 Comdty|CUA1 Comdty|DF1 Comdty|DM1 Index|DU1 Comdty|EC1 Curncy|GX1 Index|PL1 Comdty|QW1 Comdty|SFI5 Comdty|SFR5 Comdty|SI1 Comdty|SM1 Comdty|TU1 Comdty|VG1 Index|XU1 Index,ops20,all84
0.4988,0.4039,-0.4642,330,AD1 Curncy|CN1 Comdty|DF1 Comdty|ES1 Index|FV1 Comdty|LH1 Comdty|NG1 Comdty|PE1 Curncy|QC1 Index|RS1 Comdty|SCO1 Comdty|SE1 Curncy|SF1 Curncy|SFI5 Comdty|SI1 Comdty|SM1 Index|TY1 Comdty|UXY1 Comdty|VG1 Index|XB1 Comdty,ops20,all84
0.6694,0.4801,-0.5476,331,CF1 Index|CN1 Comdty|CO1 Comdty|CUA1 Comdty|DU1 Comdty|HC1 Index|JY1 Curncy|LC1 Comdty|LH1 Comdty|NO1 Curncy|NO1 Index|NV1 Curncy|SCO1 Comdty|SE1 Curncy|SI1 Comdty|TU1 Comdty|TWT1 Index|UB1 Comdty|W 1 Comdty|XM1 Comdty,ops20,all84
0.6845,0.5775,-0.0547,332,BO1 Comdty|CD1 Curncy|CUA1 Comdty|EO1 Index|ER4 Comdty|ES1 Index|GC1 Comdty|HC1 Index|IR4 Comdty|JY1 Curncy|KW1 Comdty|LC1 Comdty|NO1 Curncy|PA1 Comdty|PT1 Index|QS1 Comdty|SE1 Curncy|SFI5 Comdty|TU1 Comdty|UB1 Comdty,ops20,all84
0.7603,0.6570,0.0449,333,AD1 Curncy|CO1 Comdty|DM1 Index|ER4 Comdty|ES1 Index|FV1 Comdty|GC1 Comdty|HO1 Comdty|JB1 Comdty|JY1 Curncy|KC1 Comdty|KW1 Comdty|NO1 Index|NV1 Curncy|OAT1 Comdty|RS1 Comdty|SCO1 Comdty|SE1 Curncy|TP1 Index|US1 Comdty,ops20,all84
0.7490,0.7134,0.3182,334,CC1 Comdty|CL1 Comdty|CN1 Comdty|CO1 Comdty|DF1 Comdty|EC1 Curncy|ER4 Comdty|FC1 Comdty|GC1 Comdty|IK1 Comdty|JGS1 Index|NO1 Curncy|NV1 Curncy|PT1 Index|SCO1 Comdty|SE1 Curncy|TWT1 Index|UXY1 Comdty|VG1 Index|WN1 Comdty,ops20,all84
0.4683,0.3867,-0.9828,335,AD1 Curncy|CD1 Curncy|CF1 Index|CN1 Comdty|CO1 Comdty|EC1 Curncy|ER4 Comdty|FC1 Comdty|G 1 Comdty|IR4 Comdty|JGS1 Index|JY1 Curncy|KC1 Comdty|PL1 Comdty|PT1 Index|QS1 Comdty|QW1 Comdty|SCO1 Comdty|SFI5 Comdty|XU1 Index,ops20,all84
0.5083,0.2393,-0.8437,336,AD1 Curncy|BP1 Curncy|C 1 Comdty|CUA1 Comdty|ER4 Comdty|ES1 Index|IJ1 Comdty|IK1 Comdty|JY1 Curncy|NV1 Curncy|OE1 Comdty|PA1 Comdty|QC1 Index|QS1 Comdty|S 1 Comdty|SFR5 Comdty|SI1 Comdty|XM1 Comdty|XU1 Index|Z 1 Index,ops20,all84
0.5639,0.3583,0.0854,337,AD1 Curncy|CO1 Comdty|CT1 Comdty|FC1 Comdty|IR4 Comdty|MWE1 Comdty|NO1 Index|NQ1 Index|NV1 Curncy|OE1 Comdty|PA1 Comdty|PT1 Index|QS1 Comdty|RTY1 Index|SE1 Curncy|SF1 Curncy|SFI5 Comdty|SI1 Comdty|TU1 Comdty|US1 Comdty,ops20,all84
0.3300,0.1660,-0.2505,338,AD1 Curncy|BP1 Curncy|CD1 Curncy|CO1 Comdty|EC1 Curncy|JGS1 Index|KC1 Comdty|KW1 Comdty|NQ1 Index|OE1 Comdty|PL1 Comdty|QC1 Comdty|QS1 Comdty|SFI5 Comdty|SFR5 Comdty|SI1 Comdty|TY1 Comdty|VG1 Index|WN1 Comdty|XP1 Index,ops20,all84
0.3861,0.2541,0.0618,339,CD1 Curncy|CL1 Comdty|FV1 Comdty|KW1 Comdty|NQ1 Index|OAT1 Comdty|PA1 Comdty|PE1 Curncy|QC1 Comdty|QS1 Comdty|SE1 Curncy|SF1 Curncy|SFR5 Comdty|SI1 Comdty|SM1 Index|TWT1 Index|UB1 Comdty|W 1 Comdty|WN1 Comdty|Z 1 Index,ops20,all84
0.3105,0.2235,-0.2481,340,CC1 Comdty|CD1 Curncy|CL1 Comdty|EC1 Curncy|EO1 Index|ER4 Comdty|HI1 Index|JB1 Comdty|MES1 Index|NO1 Curncy|NO1 Index|PA1 Comdty|QS1 Comdty|QW1 Comdty|RX1 Comdty|SB1 Comdty|SF1 Curncy|SFR5 Comdty|SI1 Comdty|UXY1 Comdty,ops20,all84
0.4390,0.3413,-0.4265,341,AD1 Curncy|BP1 Curncy|C 1 Comdty|CF1 Index|CL1 Comdty|EC1 Curncy|ER4 Comdty|FC1 Comdty|HG1 Comdty|JY1 Curncy|LC1 Comdty|OAT1 Comdty|RX1 Comdty|SCO1 Comdty|SM1 Index|TWT1 Index|TY1 Comdty|UB1 Comdty|XB1 Comdty|Z 1 Index,ops20,all84
0.4605,0.2916,-0.1708,342,C 1 Comdty|CD1 Curncy|CL1 Comdty|CN1 Comdty|CUA1 Comdty|DM1 Index|EO1 Index|GC1 Comdty|IK1 Comdty|LC1 Comdty|NO1 Curncy|OE1 Comdty|PA1 Comdty|QC1 Index|SB1 Comdty|SE1 Curncy|SF1 Curncy|SFR5 Comdty|TU1 Comdty|VG1 Index,ops20,all84
0.3462,0.2351,-0.2860,343,CD1 Curncy|FC1 Comdty|G 1 Comdty|HC1 Index|HG1 Comdty|IR4 Comdty|JB1 Comdty|LH1 Comdty|MES1 Index|NG1 Comdty|NO1 Curncy|NO1 Index|PA1 Comdty|QS1 Comdty|SE1 Curncy|SF1 Curncy|TU1 Comdty|UXY1 Comdty|W 1 Comdty|XU1 Index,ops20,all84
0.3251,0.4305,-0.2572,344,DF1 Comdty|DU1 Comdty|ER4 Comdty|ES1 Index|HG1 Comdty|HO1 Comdty|JY1 Curncy|NO1 Curncy|PE1 Curncy|QC1 Comdty|QW1 Comdty|SCO1 Comdty|SF1 Curncy|SM1 Index|TP1 Index|TU1 Comdty|UXY1 Comdty|XB1 Comdty|XM1 Comdty|Z 1 Index,ops20,all84
0.4693,0.4188,-0.0559,345,BO1 Comdty|CD1 Curncy|EO1 Index|FC1 Comdty|FV1 Comdty|GC1 Comdty|HO1 Comdty|JY1 Curncy|MES1 Index|NO1 Curncy|PA1 Comdty|QC1 Index|QS1 Comdty|RTY1 Index|SB1 Comdty|SE1 Curncy|SFR5 Comdty|TY1 Comdty|WN1 Comdty|XM1 Comdty,ops20,all84
0.3340,0.2897,-0.0854,346,AD1 Curncy|CC1 Comdty|CO1 Comdty|CT1 Comdty|EO1 Index|ER4 Comdty|HG1 Comdty|IR4 Comdty|JGS1 Index|MWE1 Comdty|NG1 Comdty|NO1 Curncy|OAT1 Comdty|PL1 Comdty|SE1 Curncy|SF1 Curncy|SFI5 Comdty|SFR5 Comdty|TP1 Index|TWT1 Index,ops20,all84
0.3944,0.4011,-0.5877,347,CD1 Curncy|CO1 Comdty|DF1 Comdty|JB1 Comdty|JGS1 Index|LC1 Comdty|NO1 Index|NV1 Curncy|PL1 Comdty|QS1 Comdty|RS1 Comdty|RTY1 Index|SCO1 Comdty|SE1 Curncy|SF1 Curncy|SFR5 Comdty|UB1 Comdty|WN1 Comdty|XM1 Comdty|Z 1 Index,ops20,all84
0.1585,0.1694,-0.7505,348,AD1 Curncy|BO1 Comdty|BP1 Curncy|CF1 Index|FV1 Comdty|HG1 Comdty|HO1 Comdty|IK1 Comdty|NV1 Curncy|PA1 Comdty|QC1 Comdty|SE1 Curncy|SM1 Comdty|SM1 Index|TU1 Comdty|TWT1 Index|UB1 Comdty|US1 Comdty|VG1 Index|XB1 Comdty,ops20,all84
0.3940,0.2132,-0.3206,349,CD1 Curncy|CO1 Comdty|DU1 Comdty|EC1 Curncy|HC1 Index|HI1 Index|KC1 Comdty|MWE1 Comdty|NO1 Curncy|NV1 Curncy|OAT1 Comdty|OE1 Comdty|PA1 Comdty|PT1 Index|QS1 Comdty|SI1 Comdty|TWT1 Index|TY1 Comdty|W 1 Comdty|WN1 Comdty,ops20,all84
0.5865,0.4356,-0.6526,350,BO1 Comdty|DU1 Comdty|EC1 Curncy|ER4 Comdty|FC1 Comdty|HG1 Comdty|HI1 Index|IK1 Comdty|NG1 Comdty|NO1 Curncy|NO1 Index|NV1 Curncy|OAT1 Comdty|QS1 Comdty|RX1 Comdty|SB1 Comdty|SCO1 Comdty|SE1 Curncy|TP1 Index|TWT1 Index,ops20,all84
0.5915,0.4984,-1.0262,351,AD1 Curncy|CA1 Comdty|CUA1 Comdty|EC1 Curncy|HI1 Index|JB1 Comdty|NO1 Curncy|NQ1 Index|PE1 Curncy|PL1 Comdty|QS1 Comdty|QW1 Comdty|SCO1 Comdty|SFI5 Comdty|SM1 Comdty|SM1 Index|UB1 Comdty|US1 Comdty|VG1 Index|WN1 Comdty,ops20,all84
0.7613,0.7069,0.1477,352,BP1 Curncy|C 1 Comdty|CUA1 Comdty|EC1 Curncy|EO1 Index|ER4 Comdty|FV1 Comdty|GC1 Comdty|HO1 Comdty|JB1 Comdty|JY1 Curncy|LH1 Comdty|MES1 Index|NV1 Curncy|QC1 Comdty|RTY1 Index|SCO1 Comdty|SFI5 Comdty|VG1 Index|WN1 Comdty,ops20,all84
0.3230,0.0984,-0.5127,353,CL1 Comdty|CO1 Comdty|CT1 Comdty|EC1 Curncy|FV1 Comdty|G 1 Comdty|HG1 Comdty|IJ1 Comdty|JY1 Curncy|MWE1 Comdty|NO1 Curncy|OAT1 Comdty|OE1 Comdty|PL1 Comdty|RTY1 Index|SE1 Curncy|SM1 Index|TP1 Index|UB1 Comdty|VG1 Index,ops20,all84
0.5969,0.4172,-0.4160,354,BP1 Curncy|CC1 Comdty|CO1 Comdty|DM1 Index|DU1 Comdty|EC1 Curncy|FV1 Comdty|KC1 Comdty|LH1 Comdty|NO1 Curncy|OAT1 Comdty|OE1 Comdty|PT1 Index|RTY1 Index|SCO1 Comdty|SE1 Curncy|SFR5 Comdty|SI1 Comdty|XB1 Comdty|XU1 Index,ops20,all84
0.3794,0.1193,-0.7458,355,AD1 Curncy|CD1 Curncy|CUA1 Comdty|DU1 Comdty|EC1 Curncy|EO1 Index|FC1 Comdty|OAT1 Comdty|PA1 Comdty|PL1 Comdty|RTY1 Index|SB1 Comdty|SE1 Curncy|SFI5 Comdty|SFR5 Comdty|SM1 Index|TU1 Comdty|VG1 Index|W 1 Comdty|XB1 Comdty,ops20,all84
0.0624,-0.2306,-1.1213,356,AD1 Curncy|CD1 Curncy|CN1 Comdty|CUA1 Comdty|FV1 Comdty|G 1 Comdty|HC1 Index|HG1 Comdty|IJ1 Comdty|JB1 Comdty|MES1 Index|NG1 Comdty|NO1 Curncy|PL1 Comdty|QC1 Index|S 1 Comdty|SF1 Curncy|SM1 Comdty|UB1 Comdty|XP1 Index,ops20,all84
0.2047,0.0292,-0.0511,357,BP1 Curncy|C 1 Comdty|CL1 Comdty|DU1 Comdty|EO1 Index|JGS1 Index|JY1 Curncy|KC1 Comdty|MWE1 Comdty|NO1 Index|NV1 Curncy|OAT1 Comdty|PL1 Comdty|QS1 Comdty|SF1 Curncy|SI1 Comdty|TU1 Comdty|TY1 Comdty|UXY1 Comdty|XP1 Index,ops20,all84
0.6130,0.4304,-0.2023,358,BP1 Curncy|CF1 Index|CO1 Comdty|DM1 Index|GC1 Comdty|IR4 Comdty|KC1 Comdty|LC1 Comdty|MWE1 Comdty|NO1 Curncy|OE1 Comdty|PE1 Curncy|QS1 Comdty|RTY1 Index|SCO1 Comdty|SF1 Curncy|SFR5 Comdty|SM1 Index|UB1 Comdty|WN1 Comdty,ops20,all84
0.2616,0.1558,-0.1651,359,BP1 Curncy|CL1 Comdty|DU1 Comdty|FV1 Comdty|GC1 Comdty|HG1 Comdty|HO1 Comdty|IK1 Comdty|LC1 Comdty|MWE1 Comdty|NO1 Curncy|NQ1 Index|PE1 Curncy|QC1 Index|RX1 Comdty|S 1 Comdty|SF1 Curncy|SFI5 Comdty|VG1 Index|Z 1 Index,ops20,all84
0.3782,0.1046,-0.1643,360,BP1 Curncy|CT1 Comdty|DM1 Index|EO1 Index|FC1 Comdty|JB1 Comdty|NG1 Comdty|OAT1 Comdty|OE1 Comdty|PA1 Comdty|PE1 Curncy|QS1 Comdty|QW1 Comdty|SE1 Curncy|SF1 Curncy|SFR5 Comdty|SI1 Comdty|SM1 Index|TU1 Comdty|VG1 Index,ops20,all84
0.8859,0.7287,0.1102,361,CD1 Curncy|CUA1 Comdty|EC1 Curncy|G 1 Comdty|GC1 Comdty|HC1 Index|HO1 Comdty|IR4 Comdty|JY1 Curncy|QC1 Comdty|RS1 Comdty|RX1 Comdty|SB1 Comdty|SCO1 Comdty|SE1 Curncy|SFR5 Comdty|TP1 Index|TWT1 Index|UB1 Comdty|XP1 Index,ops20,all84
0.4617,0.4740,0.3517,362,BP1 Curncy|CC1 Comdty|CO1 Comdty|GC1 Comdty|HG1 Comdty|HI1 Index|JB1 Comdty|JGS1 Index|MES1 Index|MWE1 Comdty|NO1 Curncy|NV1 Curncy|QC1 Comdty|QC1 Index|QS1 Comdty|SE1 Curncy|SFR5 Comdty|TU1 Comdty|TY1 Comdty|UB1 Comdty,ops20,all84
0.2530,-0.0294,-0.0957,363,BP1 Curncy|CT1 Comdty|DM1 Index|DU1 Comdty|FC1 Comdty|HI1 Index|JB1 Comdty|KC1 Comdty|NO1 Curncy|PE1 Curncy|PL1 Comdty|QC1 Index|QS1 Comdty|SF1 Curncy|SFI5 Comdty|SI1 Comdty|TP1 Index|TY1 Comdty|XB1 Comdty|XM1 Comdty,ops20,all84
0.1483,0.1625,0.0542,364,CD1 Curncy|CL1 Comdty|DF1 Comdty|DU1 Comdty|IK1 Comdty|KW1 Comdty|MES1 Index|NG1 Comdty|NV1 Curncy|PA1 Comdty|PE1 Curncy|PL1 Comdty|PT1 Index|QC1 Comdty|SF1 Curncy|SFR5 Comdty|TP1 Index|TU1 Comdty|TY1 Comdty|VG1 Index,ops20,all84
0.3928,0.3470,0.0713,365,AD1 Curncy|C 1 Comdty|EC1 Curncy|FV1 Comdty|GC1 Comdty|HI1 Index|IR4 Comdty|JY1 Curncy|LH1 Comdty|MES1 Index|NV1 Curncy|PL1 Comdty|QS1 Comdty|RS1 Comdty|TP1 Index|UB1 Comdty|UXY1 Comdty|XB1 Comdty|XM1 Comdty|Z 1 Index,ops20,all84
0.3521,0.2367,-0.3291,366,BP1 Curncy|CL1 Comdty|CO1 Comdty|FC1 Comdty|FV1 Comdty|HI1 Index|JB1 Comdty|LH1 Comdty|MWE1 Comdty|NO1 Curncy|OE1 Comdty|PA1 Comdty|PE1 Curncy|PL1 Comdty|RTY1 Index|SE1 Curncy|SFR5 Comdty|TY1 Comdty|VG1 Index|Z 1 Index,ops20,all84
0.4886,0.2186,-0.9532,367,BO1 Comdty|BP1 Curncy|CUA1 Comdty|EC1 Curncy|EO1 Index|ER4 Comdty|HG1 Comdty|JY1 Curncy|KC1 Comdty|MES1 Index|NG1 Comdty|OE1 Comdty|PA1 Comdty|RX1 Comdty|SF1 Curncy|SFR5 Comdty|SM1 Comdty|TY1 Comdty|XP1 Index|XU1 Index,ops20,all84
0.2563,0.1132,-0.2246,368,C 1 Comdty|CD1 Curncy|CT1 Comdty|ES1 Index|HO1 Comdty|IR4 Comdty|NQ1 Index|PA1 Comdty|PE1 Curncy|QC1 Index|RX1 Comdty|SB1 Comdty|SE1 Curncy|SF1 Curncy|SI1 Comdty|TY1 Comdty|UB1 Comdty|WN1 Comdty|XB1 Comdty|XP1 Index,ops20,all84
0.4897,0.5443,0.1656,369,AD1 Curncy|CC1 Comdty|DU1 Comdty|FV1 Comdty|HG1 Comdty|HO1 Comdty|JY1 Curncy|LH1 Comdty|MWE1 Comdty|NO1 Curncy|NO1 Index|OAT1 Comdty|PA1 Comdty|PT1 Index|QS1 Comdty|SE1 Curncy|TP1 Index|TU1 Comdty|UXY1 Comdty|XU1 Index,ops20,all84
0.2629,0.1274,0.0210,370,BO1 Comdty|CD1 Curncy|CF1 Index|CL1 Comdty|DF1 Comdty|ER4 Comdty|GC1 Comdty|GX1 Index|HO1 Comdty|JY1 Curncy|KC1 Comdty|NQ1 Index|NV1 Curncy|OAT1 Comdty|OE1 Comdty|PL1 Comdty|PT1 Index|SF1 Curncy|US1 Comdty|XM1 Comdty,ops20,all84
0.5868,0.5883,0.0899,371,AD1 Curncy|CL1 Comdty|CO1 Comdty|FV1 Comdty|GC1 Comdty|JB1 Comdty|JY1 Curncy|NV1 Curncy|OAT1 Comdty|QC1 Comdty|QW1 Comdty|RS1 Comdty|SCO1 Comdty|SF1 Curncy|SM1 Index|TP1 Index|TU1 Comdty|UXY1 Comdty|VG1 Index|XU1 Index,ops20,all84
0.6265,0.5741,-0.3213,372,CA1 Comdty|CN1 Comdty|CO1 Comdty|EC1 Curncy|ES1 Index|GC1 Comdty|HC1 Index|IK1 Comdty|IR4 Comdty|JB1 Comdty|KC1 Comdty|NG1 Comdty|NO1 Curncy|PE1 Curncy|QW1 Comdty|SCO1 Comdty|SE1 Curncy|WN1 Comdty|XU1 Index|Z 1 Index,ops20,all84
0.3745,0.2307,-0.7443,373,CL1 Comdty|CN1 Comdty|CT1 Comdty|EC1 Curncy|HI1 Index|IR4 Comdty|NO1 Curncy|OE1 Comdty|PT1 Index|QS1 Comdty|QW1 Comdty|SCO1 Comdty|SE1 Curncy|SF1 Curncy|SI1 Comdty|SM1 Comdty|SM1 Index|TP1 Index|TY1 Comdty|WN1 Comdty,ops20,all84
0.8191,0.6821,-0.4257,374,CD1 Curncy|CUA1 Comdty|EC1 Curncy|FC1 Comdty|G 1 Comdty|HC1 Index|HI1 Index|JY1 Curncy|NO1 Index|OE1 Comdty|PA1 Comdty|PE1 Curncy|QS1 Comdty|SB1 Comdty|SCO1 Comdty|TP1 Index|TU1 Comdty|TY1 Comdty|UB1 Comdty|W 1 Comdty,ops20,all84
0.3665,0.4149,-0.0182,375,BP1 Curncy|C 1 Comdty|CD1 Curncy|CF1 Index|CO1 Comdty|DF1 Comdty|EC1 Curncy|FV1 Comdty|G 1 Comdty|GC1 Comdty|HC1 Index|HG1 Comdty|HO1 Comdty|OAT1 Comdty|PE1 Curncy|QW1 Comdty|SFR5 Comdty|SM1 Index|TP1 Index|TY1 Comdty,ops20,all84
0.4091,0.2775,-0.0222,376,CC1 Comdty|CO1 Comdty|EC1 Curncy|ER4 Comdty|LH1 Comdty|MES1 Index|NO1 Curncy|OE1 Comdty|PA1 Comdty|PE1 Curncy|PT1 Index|QC1 Index|SF1 Curncy|SI1 Comdty|TWT1 Index|UXY1 Comdty|W 1 Comdty|WN1 Comdty|XB1 Comdty|XM1 Comdty,ops20,all84
0.3166,0.1349,-0.0607,377,AD1 Curncy|CD1 Curncy|CN1 Comdty|CO1 Comdty|EC1 Curncy|ES1 Index|FC1 Comdty|FV1 Comdty|HG1 Comdty|IK1 Comdty|KC1 Comdty|NO1 Index|NV1 Curncy|PL1 Comdty|QC1 Comdty|QC1 Index|QS1 Comdty|US1 Comdty|XM1 Comdty|Z 1 Index,ops20,all84
0.2101,0.1008,-0.4694,378,CD1 Curncy|CL1 Comdty|ER4 Comdty|G 1 Comdty|GC1 Comdty|IJ1 Comdty|NO1 Curncy|NQ1 Index|OE1 Comdty|PL1 Comdty|PT1 Index|QS1 Comdty|QW1 Comdty|S 1 Comdty|SE1 Curncy|SF1 Curncy|SM1 Index|TU1 Comdty|UXY1 Comdty|Z 1 Index,ops20,all84
0.3773,0.1971,-0.8332,379,AD1 Curncy|CO1 Comdty|CUA1 Comdty|HG1 Comdty|IR4 Comdty|JY1 Curncy|LC1 Comdty|MES1 Index|NO1 Curncy|OAT1 Comdty|PE1 Curncy|PL1 Comdty|PT1 Index|RS1 Comdty|RTY1 Index|S 1 Comdty|SFI5 Comdty|WN1 Comdty|XM1 Comdty|Z 1 Index,ops20,all84
0.3667,0.2747,-0.0870,380,BP1 Curncy|CA1 Comdty|CC1 Comdty|CD1 Curncy|CF1 Index|CO1 Comdty|G 1 Comdty|IR4 Comdty|MWE1 Comdty|NO1 Index|OAT1 Comdty|PA1 Comdty|PE1 Curncy|RX1 Comdty|SE1 Curncy|SFI5 Comdty|SI1 Comdty|VG1 Index|XB1 Comdty|Z 1 Index,ops20,all84
0.2342,-0.0082,-0.9189,381,AD1 Curncy|CF1 Index|HC1 Index|HG1 Comdty|JY1 Curncy|MWE1 Comdty|NG1 Comdty|NO1 Curncy|OAT1 Comdty|OE1 Comdty|PA1 Comdty|QS1 Comdty|RX1 Comdty|SF1 Curncy|SM1 Comdty|SM1 Index|UXY1 Comdty|W 1 Comdty|XM1 Comdty|XU1 Index,ops20,all84
0.4333,0.2841,-0.7369,382,CD1 Curncy|CUA1 Comdty|DU1 Comdty|HG1 Comdty|JY1 Curncy|KC1 Comdty|NO1 Curncy|NV1 Curncy|OAT1 Comdty|OE1 Comdty|QC1 Comdty|QC1 Index|QS1 Comdty|QW1 Comdty|SCO1 Comdty|TU1 Comdty|UXY1 Comdty|VG1 Index|XP1 Index|Z 1 Index,ops20,all84
0.5101,0.5243,-0.3042,383,BP1 Curncy|CO1 Comdty|DM1 Index|DU1 Comdty|G 1 Comdty|HG1 Comdty|IR4 Comdty|JGS1 Index|JY1 Curncy|KW1 Comdty|LC1 Comdty|NO1 Index|OE1 Comdty|QC1 Comdty|QS1 Comdty|SCO1 Comdty|SE1 Curncy|SF1 Curncy|TU1 Comdty|XU1 Index,ops20,all84
0.3265,0.3126,0.0441,384,BP1 Curncy|CF1 Index|CN1 Comdty|CO1 Comdty|DM1 Index|EC1 Curncy|GC1 Comdty|HO1 Comdty|IR4 Comdty|MWE1 Comdty|NO1 Curncy|NO1 Index|PE1 Curncy|PL1 Comdty|QC1 Comdty|RTY1 Index|SM1 Comdty|TU1 Comdty|UXY1 Comdty|XM1 Comdty,ops20,all84
0.4018,0.2466,-0.3437,385,AD1 Curncy|EC1 Curncy|ES1 Index|HG1 Comdty|HO1 Comdty|JY1 Curncy|LC1 Comdty|OAT1 Comdty|PE1 Curncy|QS1 Comdty|RTY1 Index|SB1 Comdty|SFI5 Comdty|SI1 Comdty|TP1 Index|TU1 Comdty|US1 Comdty|UXY1 Comdty|W 1 Comdty|XP1 Index,ops20,all84
0.2919,0.1431,-0.5847,386,BP1 Curncy|DM1 Index|DU1 Comdty|ER4 Comdty|GX1 Index|HC1 Index|IJ1 Comdty|KW1 Comdty|NG1 Comdty|NO1 Curncy|PE1 Curncy|PL1 Comdty|QS1 Comdty|RS1 Comdty|SE1 Curncy|SI1 Comdty|TWT1 Index|TY1 Comdty|US1 Comdty|UXY1 Comdty,ops20,all84
0.5184,0.4174,-0.1486,387,AD1 Curncy|BP1 Curncy|CF1 Index|CUA1 Comdty|DF1 Comdty|EC1 Curncy|HO1 Comdty|IR4 Comdty|KC1 Comdty|LH1 Comdty|OE1 Comdty|PA1 Comdty|SF1 Curncy|SI1 Comdty|TP1 Index|TU1 Comdty|TWT1 Index|US1 Comdty|UXY1 Comdty|XU1 Index,ops20,all84
0.2329,0.1109,-0.1327,388,CC1 Comdty|CD1 Curncy|CO1 Comdty|DF1 Comdty|G 1 Comdty|HI1 Index|JGS1 Index|PE1 Curncy|PL1 Comdty|QS1 Comdty|SE1 Curncy|SF1 Curncy|SI1 Comdty|SM1 Index|TU1 Comdty|UB1 Comdty|US1 Comdty|W 1 Comdty|XM1 Comdty|XU1 Index,ops20,all84
0.7813,0.7039,0.0192,389,BO1 Comdty|C 1 Comdty|CA1 Comdty|CD1 Curncy|CN1 Comdty|CUA1 Comdty|EC1 Curncy|GC1 Comdty|HI1 Index|HO1 Comdty|IK1 Comdty|JB1 Comdty|NO1 Curncy|NO1 Index|NQ1 Index|PE1 Curncy|SCO1 Comdty|SFR5 Comdty|US1 Comdty|VG1 Index,ops20,all84
0.4781,0.5018,-0.7088,390,CD1 Curncy|ER4 Comdty|HO1 Comdty|IJ1 Comdty|JGS1 Index|LH1 Comdty|NG1 Comdty|NO1 Index|OE1 Comdty|PA1 Comdty|PE1 Curncy|QC1 Index|RX1 Comdty|SCO1 Comdty|SE1 Curncy|SF1 Curncy|SM1 Comdty|TU1 Comdty|TY1 Comdty|VG1 Index,ops20,all84
0.5423,0.4889,-1.0193,391,BP1 Curncy|CF1 Index|CL1 Comdty|CUA1 Comdty|EC1 Curncy|JGS1 Index|KW1 Comdty|OAT1 Comdty|OE1 Comdty|PA1 Comdty|PE1 Curncy|QC1 Comdty|RTY1 Index|SCO1 Comdty|SE1 Curncy|SFR5 Comdty|SM1 Comdty|TU1 Comdty|UB1 Comdty|VG1 Index,ops20,all84
0.2788,0.1436,-0.5881,392,C 1 Comdty|CD1 Curncy|CF1 Index|CL1 Comdty|DF1 Comdty|DU1 Comdty|EC1 Curncy|IK1 Comdty|JB1 Comdty|JGS1 Index|JY1 Curncy|KW1 Comdty|NG1 Comdty|OAT1 Comdty|PA1 Comdty|PL1 Comdty|PT1 Index|SE1 Curncy|UB1 Comdty|XP1 Index,ops20,all84
0.3504,0.3327,0.0522,393,AD1 Curncy|CD1 Curncy|CF1 Index|CT1 Comdty|G 1 Comdty|GC1 Comdty|HC1 Index|IR4 Comdty|JB1 Comdty|LH1 Comdty|MES1 Index|MWE1 Comdty|NO1 Curncy|NO1 Index|PA1 Comdty|QS1 Comdty|SF1 Curncy|SFI5 Comdty|WN1 Comdty|XB1 Comdty,ops20,all84
0.5778,0.4339,-0.6091,394,CD1 Curncy|CL1 Comdty|CN1 Comdty|CUA1 Comdty|EC1 Curncy|ER4 Comdty|FC1 Comdty|HC1 Index|IJ1 Comdty|IR4 Comdty|JGS1 Index|LH1 Comdty|NO1 Curncy|PA1 Comdty|PL1 Comdty|QC1 Index|SE1 Curncy|SFR5 Comdty|TY1 Comdty|VG1 Index,ops20,all84
0.8570,0.7563,-0.3652,395,CA1 Comdty|CD1 Curncy|CO1 Comdty|CUA1 Comdty|FV1 Comdty|GC1 Comdty|HC1 Index|IR4 Comdty|NO1 Curncy|NQ1 Index|OAT1 Comdty|OE1 Comdty|PE1 Curncy|QW1 Comdty|RS1 Comdty|SCO1 Comdty|SE1 Curncy|TP1 Index|TY1 Comdty|XP1 Index,ops20,all84
0.5316,0.4147,-0.2224,396,BP1 Curncy|CF1 Index|CO1 Comdty|DU1 Comdty|GC1 Comdty|HI1 Index|JY1 Curncy|KC1 Comdty|LH1 Comdty|NG1 Comdty|NV1 Curncy|PA1 Comdty|PE1 Curncy|RS1 Comdty|RTY1 Index|SFI5 Comdty|TU1 Comdty|UB1 Comdty|UXY1 Comdty|XP1 Index,ops20,all84
0.3839,0.4193,0.1593,397,BP1 Curncy|C 1 Comdty|CD1 Curncy|CN1 Comdty|CO1 Comdty|EC1 Curncy|EO1 Index|ES1 Index|GC1 Comdty|GX1 Index|HO1 Comdty|IR4 Comdty|JB1 Comdty|NO1 Curncy|PA1 Comdty|QC1 Comdty|SFI5 Comdty|TP1 Index|TU1 Comdty|W 1 Comdty,ops20,all84
0.4452,0.1927,-1.0293,398,AD1 Curncy|CL1 Comdty|CUA1 Comdty|DM1 Index|HG1 Comdty|IK1 Comdty|JY1 Curncy|KC1 Comdty|MES1 Index|NV1 Curncy|OE1 Comdty|PT1 Index|QC1 Index|SCO1 Comdty|SF1 Curncy|SFI5 Comdty|SM1 Comdty|TU1 Comdty|W 1 Comdty|XM1 Comdty,ops20,all84
0.4767,0.4063,0.1117,399,CA1 Comdty|CD1 Curncy|CN1 Comdty|DU1 Comdty|EC1 Curncy|ER4 Comdty|GC1 Comdty|JY1 Curncy|KW1 Comdty|MES1 Index|NG1 Comdty|PA1 Comdty|PE1 Curncy|PT1 Index|QC1 Index|QS1 Comdty|S 1 Comdty|UB1 Comdty|XM1 Comdty|Z 1 Index,ops20,all84
